frame,face_id,timestamp,confidence,success,gaze_0_x,gaze_0_y,gaze_0_z,gaze_1_x,gaze_1_y,gaze_1_z,gaze_angle_x,gaze_angle_y,eye_lmk_x_0,eye_lmk_x_1,eye_lmk_x_2,eye_lmk_x_3,eye_lmk_x_4,eye_lmk_x_5,eye_lmk_x_6,eye_lmk_x_7,eye_lmk_x_8,eye_lmk_x_9,eye_lmk_x_10,eye_lmk_x_11,eye_lmk_x_12,eye_lmk_x_13,eye_lmk_x_14,eye_lmk_x_15,eye_lmk_x_16,eye_lmk_x_17,eye_lmk_x_18,eye_lmk_x_19,eye_lmk_x_20,eye_lmk_x_21,eye_lmk_x_22,eye_lmk_x_23,eye_lmk_x_24,eye_lmk_x_25,eye_lmk_x_26,eye_lmk_x_27,eye_lmk_x_28,eye_lmk_x_29,eye_lmk_x_30,eye_lmk_x_31,eye_lmk_x_32,eye_lmk_x_33,eye_lmk_x_34,eye_lmk_x_35,eye_lmk_x_36,eye_lmk_x_37,eye_lmk_x_38,eye_lmk_x_39,eye_lmk_x_40,eye_lmk_x_41,eye_lmk_x_42,eye_lmk_x_43,eye_lmk_x_44,eye_lmk_x_45,eye_lmk_x_46,eye_lmk_x_47,eye_lmk_x_48,eye_lmk_x_49,eye_lmk_x_50,eye_lmk_x_51,eye_lmk_x_52,eye_lmk_x_53,eye_lmk_x_54,eye_lmk_x_55,eye_lmk_y_0,eye_lmk_y_1,eye_lmk_y_2,eye_lmk_y_3,eye_lmk_y_4,eye_lmk_y_5,eye_lmk_y_6,eye_lmk_y_7,eye_lmk_y_8,eye_lmk_y_9,eye_lmk_y_10,eye_lmk_y_11,eye_lmk_y_12,eye_lmk_y_13,eye_lmk_y_14,eye_lmk_y_15,eye_lmk_y_16,eye_lmk_y_17,eye_lmk_y_18,eye_lmk_y_19,eye_lmk_y_20,eye_lmk_y_21,eye_lmk_y_22,eye_lmk_y_23,eye_lmk_y_24,eye_lmk_y_25,eye_lmk_y_26,eye_lmk_y_27,eye_lmk_y_28,eye_lmk_y_29,eye_lmk_y_30,eye_lmk_y_31,eye_lmk_y_32,eye_lmk_y_33,eye_lmk_y_34,eye_lmk_y_35,eye_lmk_y_36,eye_lmk_y_37,eye_lmk_y_38,eye_lmk_y_39,eye_lmk_y_40,eye_lmk_y_41,eye_lmk_y_42,eye_lmk_y_43,eye_lmk_y_44,eye_lmk_y_45,eye_lmk_y_46,eye_lmk_y_47,eye_lmk_y_48,eye_lmk_y_49,eye_lmk_y_50,eye_lmk_y_51,eye_lmk_y_52,eye_lmk_y_53,eye_lmk_y_54,eye_lmk_y_55,eye_lmk_X_0,eye_lmk_X_1,eye_lmk_X_2,eye_lmk_X_3,eye_lmk_X_4,eye_lmk_X_5,eye_lmk_X_6,eye_lmk_X_7,eye_lmk_X_8,eye_lmk_X_9,eye_lmk_X_10,eye_lmk_X_11,eye_lmk_X_12,eye_lmk_X_13,eye_lmk_X_14,eye_lmk_X_15,eye_lmk_X_16,eye_lmk_X_17,eye_lmk_X_18,eye_lmk_X_19,eye_lmk_X_20,eye_lmk_X_21,eye_lmk_X_22,eye_lmk_X_23,eye_lmk_X_24,eye_lmk_X_25,eye_lmk_X_26,eye_lmk_X_27,eye_lmk_X_28,eye_lmk_X_29,eye_lmk_X_30,eye_lmk_X_31,eye_lmk_X_32,eye_lmk_X_33,eye_lmk_X_34,eye_lmk_X_35,eye_lmk_X_36,eye_lmk_X_37,eye_lmk_X_38,eye_lmk_X_39,eye_lmk_X_40,eye_lmk_X_41,eye_lmk_X_42,eye_lmk_X_43,eye_lmk_X_44,eye_lmk_X_45,eye_lmk_X_46,eye_lmk_X_47,eye_lmk_X_48,eye_lmk_X_49,eye_lmk_X_50,eye_lmk_X_51,eye_lmk_X_52,eye_lmk_X_53,eye_lmk_X_54,eye_lmk_X_55,eye_lmk_Y_0,eye_lmk_Y_1,eye_lmk_Y_2,eye_lmk_Y_3,eye_lmk_Y_4,eye_lmk_Y_5,eye_lmk_Y_6,eye_lmk_Y_7,eye_lmk_Y_8,eye_lmk_Y_9,eye_lmk_Y_10,eye_lmk_Y_11,eye_lmk_Y_12,eye_lmk_Y_13,eye_lmk_Y_14,eye_lmk_Y_15,eye_lmk_Y_16,eye_lmk_Y_17,eye_lmk_Y_18,eye_lmk_Y_19,eye_lmk_Y_20,eye_lmk_Y_21,eye_lmk_Y_22,eye_lmk_Y_23,eye_lmk_Y_24,eye_lmk_Y_25,eye_lmk_Y_26,eye_lmk_Y_27,eye_lmk_Y_28,eye_lmk_Y_29,eye_lmk_Y_30,eye_lmk_Y_31,eye_lmk_Y_32,eye_lmk_Y_33,eye_lmk_Y_34,eye_lmk_Y_35,eye_lmk_Y_36,eye_lmk_Y_37,eye_lmk_Y_38,eye_lmk_Y_39,eye_lmk_Y_40,eye_lmk_Y_41,eye_lmk_Y_42,eye_lmk_Y_43,eye_lmk_Y_44,eye_lmk_Y_45,eye_lmk_Y_46,eye_lmk_Y_47,eye_lmk_Y_48,eye_lmk_Y_49,eye_lmk_Y_50,eye_lmk_Y_51,eye_lmk_Y_52,eye_lmk_Y_53,eye_lmk_Y_54,eye_lmk_Y_55,eye_lmk_Z_0,eye_lmk_Z_1,eye_lmk_Z_2,eye_lmk_Z_3,eye_lmk_Z_4,eye_lmk_Z_5,eye_lmk_Z_6,eye_lmk_Z_7,eye_lmk_Z_8,eye_lmk_Z_9,eye_lmk_Z_10,eye_lmk_Z_11,eye_lmk_Z_12,eye_lmk_Z_13,eye_lmk_Z_14,eye_lmk_Z_15,eye_lmk_Z_16,eye_lmk_Z_17,eye_lmk_Z_18,eye_lmk_Z_19,eye_lmk_Z_20,eye_lmk_Z_21,eye_lmk_Z_22,eye_lmk_Z_23,eye_lmk_Z_24,eye_lmk_Z_25,eye_lmk_Z_26,eye_lmk_Z_27,eye_lmk_Z_28,eye_lmk_Z_29,eye_lmk_Z_30,eye_lmk_Z_31,eye_lmk_Z_32,eye_lmk_Z_33,eye_lmk_Z_34,eye_lmk_Z_35,eye_lmk_Z_36,eye_lmk_Z_37,eye_lmk_Z_38,eye_lmk_Z_39,eye_lmk_Z_40,eye_lmk_Z_41,eye_lmk_Z_42,eye_lmk_Z_43,eye_lmk_Z_44,eye_lmk_Z_45,eye_lmk_Z_46,eye_lmk_Z_47,eye_lmk_Z_48,eye_lmk_Z_49,eye_lmk_Z_50,eye_lmk_Z_51,eye_lmk_Z_52,eye_lmk_Z_53,eye_lmk_Z_54,eye_lmk_Z_55,pose_Tx,pose_Ty,pose_Tz,pose_Rx,pose_Ry,pose_Rz,x_0,x_1,x_2,x_3,x_4,x_5,x_6,x_7,x_8,x_9,x_10,x_11,x_12,x_13,x_14,x_15,x_16,x_17,x_18,x_19,x_20,x_21,x_22,x_23,x_24,x_25,x_26,x_27,x_28,x_29,x_30,x_31,x_32,x_33,x_34,x_35,x_36,x_37,x_38,x_39,x_40,x_41,x_42,x_43,x_44,x_45,x_46,x_47,x_48,x_49,x_50,x_51,x_52,x_53,x_54,x_55,x_56,x_57,x_58,x_59,x_60,x_61,x_62,x_63,x_64,x_65,x_66,x_67,y_0,y_1,y_2,y_3,y_4,y_5,y_6,y_7,y_8,y_9,y_10,y_11,y_12,y_13,y_14,y_15,y_16,y_17,y_18,y_19,y_20,y_21,y_22,y_23,y_24,y_25,y_26,y_27,y_28,y_29,y_30,y_31,y_32,y_33,y_34,y_35,y_36,y_37,y_38,y_39,y_40,y_41,y_42,y_43,y_44,y_45,y_46,y_47,y_48,y_49,y_50,y_51,y_52,y_53,y_54,y_55,y_56,y_57,y_58,y_59,y_60,y_61,y_62,y_63,y_64,y_65,y_66,y_67,AU01_r,AU02_r,AU04_r,AU05_r,AU06_r,AU07_r,AU09_r,AU10_r,AU12_r,AU14_r,AU15_r,AU17_r,AU20_r,AU23_r,AU25_r,AU26_r,AU45_r,AU01_c,AU02_c,AU04_c,AU05_c,AU06_c,AU07_c,AU09_c,AU10_c,AU12_c,AU14_c,AU15_c,AU17_c,AU20_c,AU23_c,AU25_c,AU26_c,AU28_c,AU45_c
1,0,0.000,0.00,0,0.000000,0.000000,0.000000,0.000000,0.000000,0.000000,0.000,0.000,0.0,0.0,0.0,0.0,0.0,0.0,0.0,0.0,0.0,0.0,0.0,0.0,0.0,0.0,0.0,0.0,0.0,0.0,0.0,0.0,0.0,0.0,0.0,0.0,0.0,0.0,0.0,0.0,0.0,0.0,0.0,0.0,0.0,0.0,0.0,0.0,0.0,0.0,0.0,0.0,0.0,0.0,0.0,0.0,0.0,0.0,0.0,0.0,0.0,0.0,0.0,0.0,0.0,0.0,0.0,0.0,0.0,0.0,0.0,0.0,0.0,0.0,0.0,0.0,0.0,0.0,0.0,0.0,0.0,0.0,0.0,0.0,0.0,0.0,0.0,0.0,0.0,0.0,0.0,0.0,0.0,0.0,0.0,0.0,0.0,0.0,0.0,0.0,0.0,0.0,0.0,0.0,0.0,0.0,0.0,0.0,0.0,0.0,0.0,0.0,0.0,0.0,0.0,0.0,0.0,0.0,0.0,0.0,0.0,0.0,0.0,0.0,-640.0,-640.4,-640.5,-640.2,-639.6,-639.4,-639.1,-639.4,-643.1,-641.2,-639.4,-638.5,-638.7,-639.7,-640.8,-639.6,-638.5,-638.4,-639.4,-641.1,-640.2,-640.1,-640.1,-640.3,-640.5,-640.7,-640.6,-640.5,-639.6,-640.2,-640.5,-640.4,-640.0,-639.4,-639.1,-639.4,-640.8,-639.7,-638.7,-638.5,-639.4,-641.2,-643.1,-641.1,-639.4,-638.4,-638.5,-639.6,-640.1,-640.1,-640.2,-640.5,-640.6,-640.7,-640.5,-640.3,-360.0,-360.2,-360.3,-360.1,-359.8,-359.6,-359.5,-359.7,-361.8,-360.7,-359.7,-359.1,-359.3,-359.8,-360.4,-359.8,-359.2,-359.1,-359.6,-360.6,-360.1,-360.1,-360.1,-360.2,-360.3,-360.4,-360.4,-360.3,-359.8,-360.1,-360.3,-360.2,-360.0,-359.7,-359.5,-359.6,-360.4,-359.8,-359.3,-359.1,-359.7,-360.7,-361.8,-360.6,-359.6,-359.1,-359.2,-359.8,-360.1,-360.1,-360.1,-360.3,-360.4,-360.4,-360.3,-360.2,874.9,875.5,875.6,875.2,874.5,874.1,873.8,874.2,879.3,876.6,874.2,872.9,873.3,874.6,876.1,874.4,873.0,872.8,874.1,876.5,875.3,875.1,875.2,875.4,875.7,875.9,875.9,875.6,874.5,875.2,875.6,875.5,874.9,874.2,873.8,874.1,876.1,874.6,873.3,872.9,874.2,876.6,879.3,876.5,874.1,872.8,873.0,874.4,875.2,875.1,875.3,875.6,875.9,875.9,875.7,875.4,-33396508.0,-18785536.0,45659288.0,-0.401,0.463,0.001,0.0,0.0,0.0,0.0,0.0,0.0,0.0,0.0,0.0,0.0,0.0,0.0,0.0,0.0,0.0,0.0,0.0,0.0,0.0,0.0,0.0,0.0,0.0,0.0,0.0,0.0,0.0,0.0,0.0,0.0,0.0,0.0,0.0,0.0,0.0,0.0,0.0,0.0,0.0,0.0,0.0,0.0,0.0,0.0,0.0,0.0,0.0,0.0,0.0,0.0,0.0,0.0,0.0,0.0,0.0,0.0,0.0,0.0,0.0,0.0,0.0,0.0,0.0,0.0,0.0,0.0,0.0,0.0,0.0,0.0,0.0,0.0,0.0,0.0,0.0,0.0,0.0,0.0,0.0,0.0,0.0,0.0,0.0,0.0,0.0,0.0,0.0,0.0,0.0,0.0,0.0,0.0,0.0,0.0,0.0,0.0,0.0,0.0,0.0,0.0,0.0,0.0,0.0,0.0,0.0,0.0,0.0,0.0,0.0,0.0,0.0,0.0,0.0,0.0,0.0,0.0,0.0,0.0,0.0,0.0,0.0,0.0,0.0,0.0,0.0,0.0,0.0,0.0,0.0,0.0,0.0,0.0,0.0,0.0,0.0,0.0,0.00,0.00,0.00,0.00,0.00,0.00,0.00,0.00,0.00,0.00,0.00,0.00,0.00,0.00,0.00,0.00,0.00,0.00,0.00,0.00,0.00,0.00,0.00,0.00,0.00,0.00,0.00,0.00,0.00,0.00,0.00,0.00,0.00,0.00,0.00
2,0,0.033,0.00,0,0.000000,0.000000,0.000000,0.000000,0.000000,0.000000,0.000,0.000,0.0,0.0,0.0,0.0,0.0,0.0,0.0,0.0,0.0,0.0,0.0,0.0,0.0,0.0,0.0,0.0,0.0,0.0,0.0,0.0,0.0,0.0,0.0,0.0,0.0,0.0,0.0,0.0,0.0,0.0,0.0,0.0,0.0,0.0,0.0,0.0,0.0,0.0,0.0,0.0,0.0,0.0,0.0,0.0,0.0,0.0,0.0,0.0,0.0,0.0,0.0,0.0,0.0,0.0,0.0,0.0,0.0,0.0,0.0,0.0,0.0,0.0,0.0,0.0,0.0,0.0,0.0,0.0,0.0,0.0,0.0,0.0,0.0,0.0,0.0,0.0,0.0,0.0,0.0,0.0,0.0,0.0,0.0,0.0,0.0,0.0,0.0,0.0,0.0,0.0,0.0,0.0,0.0,0.0,0.0,0.0,0.0,0.0,0.0,0.0,0.0,0.0,0.0,0.0,0.0,0.0,0.0,0.0,0.0,0.0,0.0,0.0,-640.0,-640.4,-640.5,-640.2,-639.6,-639.4,-639.1,-639.4,-643.1,-641.2,-639.4,-638.5,-638.7,-639.7,-640.8,-639.6,-638.5,-638.4,-639.4,-641.1,-640.2,-640.1,-640.1,-640.3,-640.5,-640.7,-640.6,-640.5,-639.6,-640.2,-640.5,-640.4,-640.0,-639.4,-639.1,-639.4,-640.8,-639.7,-638.7,-638.5,-639.4,-641.2,-643.1,-641.1,-639.4,-638.4,-638.5,-639.6,-640.1,-640.1,-640.2,-640.5,-640.6,-640.7,-640.5,-640.3,-360.0,-360.2,-360.3,-360.1,-359.8,-359.6,-359.5,-359.7,-361.8,-360.7,-359.7,-359.1,-359.3,-359.8,-360.4,-359.8,-359.2,-359.1,-359.6,-360.6,-360.1,-360.1,-360.1,-360.2,-360.3,-360.4,-360.4,-360.3,-359.8,-360.1,-360.3,-360.2,-360.0,-359.7,-359.5,-359.6,-360.4,-359.8,-359.3,-359.1,-359.7,-360.7,-361.8,-360.6,-359.6,-359.1,-359.2,-359.8,-360.1,-360.1,-360.1,-360.3,-360.4,-360.4,-360.3,-360.2,874.9,875.5,875.6,875.2,874.5,874.1,873.8,874.2,879.3,876.6,874.2,872.9,873.3,874.6,876.1,874.4,873.0,872.8,874.1,876.5,875.3,875.1,875.2,875.4,875.7,875.9,875.9,875.6,874.5,875.2,875.6,875.5,874.9,874.2,873.8,874.1,876.1,874.6,873.3,872.9,874.2,876.6,879.3,876.5,874.1,872.8,873.0,874.4,875.2,875.1,875.3,875.6,875.9,875.9,875.7,875.4,-33396508.0,-18785536.0,45659288.0,-0.401,0.463,0.001,0.0,0.0,0.0,0.0,0.0,0.0,0.0,0.0,0.0,0.0,0.0,0.0,0.0,0.0,0.0,0.0,0.0,0.0,0.0,0.0,0.0,0.0,0.0,0.0,0.0,0.0,0.0,0.0,0.0,0.0,0.0,0.0,0.0,0.0,0.0,0.0,0.0,0.0,0.0,0.0,0.0,0.0,0.0,0.0,0.0,0.0,0.0,0.0,0.0,0.0,0.0,0.0,0.0,0.0,0.0,0.0,0.0,0.0,0.0,0.0,0.0,0.0,0.0,0.0,0.0,0.0,0.0,0.0,0.0,0.0,0.0,0.0,0.0,0.0,0.0,0.0,0.0,0.0,0.0,0.0,0.0,0.0,0.0,0.0,0.0,0.0,0.0,0.0,0.0,0.0,0.0,0.0,0.0,0.0,0.0,0.0,0.0,0.0,0.0,0.0,0.0,0.0,0.0,0.0,0.0,0.0,0.0,0.0,0.0,0.0,0.0,0.0,0.0,0.0,0.0,0.0,0.0,0.0,0.0,0.0,0.0,0.0,0.0,0.0,0.0,0.0,0.0,0.0,0.0,0.0,0.0,0.0,0.0,0.0,0.0,0.0,0.00,0.00,0.00,0.00,0.00,0.00,0.00,0.00,0.00,0.00,0.00,0.00,0.00,0.00,0.00,0.00,0.00,0.00,0.00,0.00,0.00,0.00,0.00,0.00,0.00,0.00,0.00,0.00,0.00,0.00,0.00,0.00,0.00,0.00,0.00
3,0,0.067,0.00,0,0.000000,0.000000,0.000000,0.000000,0.000000,0.000000,0.000,0.000,0.0,0.0,0.0,0.0,0.0,0.0,0.0,0.0,0.0,0.0,0.0,0.0,0.0,0.0,0.0,0.0,0.0,0.0,0.0,0.0,0.0,0.0,0.0,0.0,0.0,0.0,0.0,0.0,0.0,0.0,0.0,0.0,0.0,0.0,0.0,0.0,0.0,0.0,0.0,0.0,0.0,0.0,0.0,0.0,0.0,0.0,0.0,0.0,0.0,0.0,0.0,0.0,0.0,0.0,0.0,0.0,0.0,0.0,0.0,0.0,0.0,0.0,0.0,0.0,0.0,0.0,0.0,0.0,0.0,0.0,0.0,0.0,0.0,0.0,0.0,0.0,0.0,0.0,0.0,0.0,0.0,0.0,0.0,0.0,0.0,0.0,0.0,0.0,0.0,0.0,0.0,0.0,0.0,0.0,0.0,0.0,0.0,0.0,0.0,0.0,0.0,0.0,0.0,0.0,0.0,0.0,0.0,0.0,0.0,0.0,0.0,0.0,-640.0,-640.4,-640.5,-640.2,-639.6,-639.4,-639.1,-639.4,-643.1,-641.2,-639.4,-638.5,-638.7,-639.7,-640.8,-639.6,-638.5,-638.4,-639.4,-641.1,-640.2,-640.1,-640.1,-640.3,-640.5,-640.7,-640.6,-640.5,-639.6,-640.2,-640.5,-640.4,-640.0,-639.4,-639.1,-639.4,-640.8,-639.7,-638.7,-638.5,-639.4,-641.2,-643.1,-641.1,-639.4,-638.4,-638.5,-639.6,-640.1,-640.1,-640.2,-640.5,-640.6,-640.7,-640.5,-640.3,-360.0,-360.2,-360.3,-360.1,-359.8,-359.6,-359.5,-359.7,-361.8,-360.7,-359.7,-359.1,-359.3,-359.8,-360.4,-359.8,-359.2,-359.1,-359.6,-360.6,-360.1,-360.1,-360.1,-360.2,-360.3,-360.4,-360.4,-360.3,-359.8,-360.1,-360.3,-360.2,-360.0,-359.7,-359.5,-359.6,-360.4,-359.8,-359.3,-359.1,-359.7,-360.7,-361.8,-360.6,-359.6,-359.1,-359.2,-359.8,-360.1,-360.1,-360.1,-360.3,-360.4,-360.4,-360.3,-360.2,874.9,875.5,875.6,875.2,874.5,874.1,873.8,874.2,879.3,876.6,874.2,872.9,873.3,874.6,876.1,874.4,873.0,872.8,874.1,876.5,875.3,875.1,875.2,875.4,875.7,875.9,875.9,875.6,874.5,875.2,875.6,875.5,874.9,874.2,873.8,874.1,876.1,874.6,873.3,872.9,874.2,876.6,879.3,876.5,874.1,872.8,873.0,874.4,875.2,875.1,875.3,875.6,875.9,875.9,875.7,875.4,-33396508.0,-18785536.0,45659288.0,-0.401,0.463,0.001,0.0,0.0,0.0,0.0,0.0,0.0,0.0,0.0,0.0,0.0,0.0,0.0,0.0,0.0,0.0,0.0,0.0,0.0,0.0,0.0,0.0,0.0,0.0,0.0,0.0,0.0,0.0,0.0,0.0,0.0,0.0,0.0,0.0,0.0,0.0,0.0,0.0,0.0,0.0,0.0,0.0,0.0,0.0,0.0,0.0,0.0,0.0,0.0,0.0,0.0,0.0,0.0,0.0,0.0,0.0,0.0,0.0,0.0,0.0,0.0,0.0,0.0,0.0,0.0,0.0,0.0,0.0,0.0,0.0,0.0,0.0,0.0,0.0,0.0,0.0,0.0,0.0,0.0,0.0,0.0,0.0,0.0,0.0,0.0,0.0,0.0,0.0,0.0,0.0,0.0,0.0,0.0,0.0,0.0,0.0,0.0,0.0,0.0,0.0,0.0,0.0,0.0,0.0,0.0,0.0,0.0,0.0,0.0,0.0,0.0,0.0,0.0,0.0,0.0,0.0,0.0,0.0,0.0,0.0,0.0,0.0,0.0,0.0,0.0,0.0,0.0,0.0,0.0,0.0,0.0,0.0,0.0,0.0,0.0,0.0,0.0,0.00,0.00,0.00,0.00,0.00,0.00,0.00,0.00,0.00,0.00,0.00,0.00,0.00,0.00,0.00,0.00,0.00,0.00,0.00,0.00,0.00,0.00,0.00,0.00,0.00,0.00,0.00,0.00,0.00,0.00,0.00,0.00,0.00,0.00,0.00
4,0,0.100,0.00,0,0.000000,0.000000,0.000000,0.000000,0.000000,0.000000,0.000,0.000,0.0,0.0,0.0,0.0,0.0,0.0,0.0,0.0,0.0,0.0,0.0,0.0,0.0,0.0,0.0,0.0,0.0,0.0,0.0,0.0,0.0,0.0,0.0,0.0,0.0,0.0,0.0,0.0,0.0,0.0,0.0,0.0,0.0,0.0,0.0,0.0,0.0,0.0,0.0,0.0,0.0,0.0,0.0,0.0,0.0,0.0,0.0,0.0,0.0,0.0,0.0,0.0,0.0,0.0,0.0,0.0,0.0,0.0,0.0,0.0,0.0,0.0,0.0,0.0,0.0,0.0,0.0,0.0,0.0,0.0,0.0,0.0,0.0,0.0,0.0,0.0,0.0,0.0,0.0,0.0,0.0,0.0,0.0,0.0,0.0,0.0,0.0,0.0,0.0,0.0,0.0,0.0,0.0,0.0,0.0,0.0,0.0,0.0,0.0,0.0,0.0,0.0,0.0,0.0,0.0,0.0,0.0,0.0,0.0,0.0,0.0,0.0,-640.0,-640.4,-640.5,-640.2,-639.6,-639.4,-639.1,-639.4,-643.1,-641.2,-639.4,-638.5,-638.7,-639.7,-640.8,-639.6,-638.5,-638.4,-639.4,-641.1,-640.2,-640.1,-640.1,-640.3,-640.5,-640.7,-640.6,-640.5,-639.6,-640.2,-640.5,-640.4,-640.0,-639.4,-639.1,-639.4,-640.8,-639.7,-638.7,-638.5,-639.4,-641.2,-643.1,-641.1,-639.4,-638.4,-638.5,-639.6,-640.1,-640.1,-640.2,-640.5,-640.6,-640.7,-640.5,-640.3,-360.0,-360.2,-360.3,-360.1,-359.8,-359.6,-359.5,-359.7,-361.8,-360.7,-359.7,-359.1,-359.3,-359.8,-360.4,-359.8,-359.2,-359.1,-359.6,-360.6,-360.1,-360.1,-360.1,-360.2,-360.3,-360.4,-360.4,-360.3,-359.8,-360.1,-360.3,-360.2,-360.0,-359.7,-359.5,-359.6,-360.4,-359.8,-359.3,-359.1,-359.7,-360.7,-361.8,-360.6,-359.6,-359.1,-359.2,-359.8,-360.1,-360.1,-360.1,-360.3,-360.4,-360.4,-360.3,-360.2,874.9,875.5,875.6,875.2,874.5,874.1,873.8,874.2,879.3,876.6,874.2,872.9,873.3,874.6,876.1,874.4,873.0,872.8,874.1,876.5,875.3,875.1,875.2,875.4,875.7,875.9,875.9,875.6,874.5,875.2,875.6,875.5,874.9,874.2,873.8,874.1,876.1,874.6,873.3,872.9,874.2,876.6,879.3,876.5,874.1,872.8,873.0,874.4,875.2,875.1,875.3,875.6,875.9,875.9,875.7,875.4,-33396508.0,-18785536.0,45659288.0,-0.401,0.463,0.001,0.0,0.0,0.0,0.0,0.0,0.0,0.0,0.0,0.0,0.0,0.0,0.0,0.0,0.0,0.0,0.0,0.0,0.0,0.0,0.0,0.0,0.0,0.0,0.0,0.0,0.0,0.0,0.0,0.0,0.0,0.0,0.0,0.0,0.0,0.0,0.0,0.0,0.0,0.0,0.0,0.0,0.0,0.0,0.0,0.0,0.0,0.0,0.0,0.0,0.0,0.0,0.0,0.0,0.0,0.0,0.0,0.0,0.0,0.0,0.0,0.0,0.0,0.0,0.0,0.0,0.0,0.0,0.0,0.0,0.0,0.0,0.0,0.0,0.0,0.0,0.0,0.0,0.0,0.0,0.0,0.0,0.0,0.0,0.0,0.0,0.0,0.0,0.0,0.0,0.0,0.0,0.0,0.0,0.0,0.0,0.0,0.0,0.0,0.0,0.0,0.0,0.0,0.0,0.0,0.0,0.0,0.0,0.0,0.0,0.0,0.0,0.0,0.0,0.0,0.0,0.0,0.0,0.0,0.0,0.0,0.0,0.0,0.0,0.0,0.0,0.0,0.0,0.0,0.0,0.0,0.0,0.0,0.0,0.0,0.0,0.0,0.00,0.00,0.00,0.00,0.00,0.00,0.00,0.00,0.00,0.00,0.00,0.00,0.00,0.00,0.00,0.00,0.00,0.00,0.00,0.00,0.00,0.00,0.00,0.00,0.00,0.00,0.00,0.00,0.00,0.00,0.00,0.00,0.00,0.00,0.00
5,0,0.133,0.00,0,0.000000,0.000000,0.000000,0.000000,0.000000,0.000000,0.000,0.000,0.0,0.0,0.0,0.0,0.0,0.0,0.0,0.0,0.0,0.0,0.0,0.0,0.0,0.0,0.0,0.0,0.0,0.0,0.0,0.0,0.0,0.0,0.0,0.0,0.0,0.0,0.0,0.0,0.0,0.0,0.0,0.0,0.0,0.0,0.0,0.0,0.0,0.0,0.0,0.0,0.0,0.0,0.0,0.0,0.0,0.0,0.0,0.0,0.0,0.0,0.0,0.0,0.0,0.0,0.0,0.0,0.0,0.0,0.0,0.0,0.0,0.0,0.0,0.0,0.0,0.0,0.0,0.0,0.0,0.0,0.0,0.0,0.0,0.0,0.0,0.0,0.0,0.0,0.0,0.0,0.0,0.0,0.0,0.0,0.0,0.0,0.0,0.0,0.0,0.0,0.0,0.0,0.0,0.0,0.0,0.0,0.0,0.0,0.0,0.0,0.0,0.0,0.0,0.0,0.0,0.0,0.0,0.0,0.0,0.0,0.0,0.0,-640.0,-640.4,-640.5,-640.2,-639.6,-639.4,-639.1,-639.4,-643.1,-641.2,-639.4,-638.5,-638.7,-639.7,-640.8,-639.6,-638.5,-638.4,-639.4,-641.1,-640.2,-640.1,-640.1,-640.3,-640.5,-640.7,-640.6,-640.5,-639.6,-640.2,-640.5,-640.4,-640.0,-639.4,-639.1,-639.4,-640.8,-639.7,-638.7,-638.5,-639.4,-641.2,-643.1,-641.1,-639.4,-638.4,-638.5,-639.6,-640.1,-640.1,-640.2,-640.5,-640.6,-640.7,-640.5,-640.3,-360.0,-360.2,-360.3,-360.1,-359.8,-359.6,-359.5,-359.7,-361.8,-360.7,-359.7,-359.1,-359.3,-359.8,-360.4,-359.8,-359.2,-359.1,-359.6,-360.6,-360.1,-360.1,-360.1,-360.2,-360.3,-360.4,-360.4,-360.3,-359.8,-360.1,-360.3,-360.2,-360.0,-359.7,-359.5,-359.6,-360.4,-359.8,-359.3,-359.1,-359.7,-360.7,-361.8,-360.6,-359.6,-359.1,-359.2,-359.8,-360.1,-360.1,-360.1,-360.3,-360.4,-360.4,-360.3,-360.2,874.9,875.5,875.6,875.2,874.5,874.1,873.8,874.2,879.3,876.6,874.2,872.9,873.3,874.6,876.1,874.4,873.0,872.8,874.1,876.5,875.3,875.1,875.2,875.4,875.7,875.9,875.9,875.6,874.5,875.2,875.6,875.5,874.9,874.2,873.8,874.1,876.1,874.6,873.3,872.9,874.2,876.6,879.3,876.5,874.1,872.8,873.0,874.4,875.2,875.1,875.3,875.6,875.9,875.9,875.7,875.4,-33396508.0,-18785536.0,45659288.0,-0.401,0.463,0.001,0.0,0.0,0.0,0.0,0.0,0.0,0.0,0.0,0.0,0.0,0.0,0.0,0.0,0.0,0.0,0.0,0.0,0.0,0.0,0.0,0.0,0.0,0.0,0.0,0.0,0.0,0.0,0.0,0.0,0.0,0.0,0.0,0.0,0.0,0.0,0.0,0.0,0.0,0.0,0.0,0.0,0.0,0.0,0.0,0.0,0.0,0.0,0.0,0.0,0.0,0.0,0.0,0.0,0.0,0.0,0.0,0.0,0.0,0.0,0.0,0.0,0.0,0.0,0.0,0.0,0.0,0.0,0.0,0.0,0.0,0.0,0.0,0.0,0.0,0.0,0.0,0.0,0.0,0.0,0.0,0.0,0.0,0.0,0.0,0.0,0.0,0.0,0.0,0.0,0.0,0.0,0.0,0.0,0.0,0.0,0.0,0.0,0.0,0.0,0.0,0.0,0.0,0.0,0.0,0.0,0.0,0.0,0.0,0.0,0.0,0.0,0.0,0.0,0.0,0.0,0.0,0.0,0.0,0.0,0.0,0.0,0.0,0.0,0.0,0.0,0.0,0.0,0.0,0.0,0.0,0.0,0.0,0.0,0.0,0.0,0.0,0.00,0.00,0.00,0.00,0.00,0.00,0.00,0.00,0.00,0.00,0.00,0.00,0.00,0.00,0.00,0.00,0.00,0.00,0.00,0.00,0.00,0.00,0.00,0.00,0.00,0.00,0.00,0.00,0.00,0.00,0.00,0.00,0.00,0.00,0.00
6,0,0.167,0.00,0,0.000000,0.000000,0.000000,0.000000,0.000000,0.000000,0.000,0.000,0.0,0.0,0.0,0.0,0.0,0.0,0.0,0.0,0.0,0.0,0.0,0.0,0.0,0.0,0.0,0.0,0.0,0.0,0.0,0.0,0.0,0.0,0.0,0.0,0.0,0.0,0.0,0.0,0.0,0.0,0.0,0.0,0.0,0.0,0.0,0.0,0.0,0.0,0.0,0.0,0.0,0.0,0.0,0.0,0.0,0.0,0.0,0.0,0.0,0.0,0.0,0.0,0.0,0.0,0.0,0.0,0.0,0.0,0.0,0.0,0.0,0.0,0.0,0.0,0.0,0.0,0.0,0.0,0.0,0.0,0.0,0.0,0.0,0.0,0.0,0.0,0.0,0.0,0.0,0.0,0.0,0.0,0.0,0.0,0.0,0.0,0.0,0.0,0.0,0.0,0.0,0.0,0.0,0.0,0.0,0.0,0.0,0.0,0.0,0.0,0.0,0.0,0.0,0.0,0.0,0.0,0.0,0.0,0.0,0.0,0.0,0.0,-640.0,-640.4,-640.5,-640.2,-639.6,-639.4,-639.1,-639.4,-643.1,-641.2,-639.4,-638.5,-638.7,-639.7,-640.8,-639.6,-638.5,-638.4,-639.4,-641.1,-640.2,-640.1,-640.1,-640.3,-640.5,-640.7,-640.6,-640.5,-639.6,-640.2,-640.5,-640.4,-640.0,-639.4,-639.1,-639.4,-640.8,-639.7,-638.7,-638.5,-639.4,-641.2,-643.1,-641.1,-639.4,-638.4,-638.5,-639.6,-640.1,-640.1,-640.2,-640.5,-640.6,-640.7,-640.5,-640.3,-360.0,-360.2,-360.3,-360.1,-359.8,-359.6,-359.5,-359.7,-361.8,-360.7,-359.7,-359.1,-359.3,-359.8,-360.4,-359.8,-359.2,-359.1,-359.6,-360.6,-360.1,-360.1,-360.1,-360.2,-360.3,-360.4,-360.4,-360.3,-359.8,-360.1,-360.3,-360.2,-360.0,-359.7,-359.5,-359.6,-360.4,-359.8,-359.3,-359.1,-359.7,-360.7,-361.8,-360.6,-359.6,-359.1,-359.2,-359.8,-360.1,-360.1,-360.1,-360.3,-360.4,-360.4,-360.3,-360.2,874.9,875.5,875.6,875.2,874.5,874.1,873.8,874.2,879.3,876.6,874.2,872.9,873.3,874.6,876.1,874.4,873.0,872.8,874.1,876.5,875.3,875.1,875.2,875.4,875.7,875.9,875.9,875.6,874.5,875.2,875.6,875.5,874.9,874.2,873.8,874.1,876.1,874.6,873.3,872.9,874.2,876.6,879.3,876.5,874.1,872.8,873.0,874.4,875.2,875.1,875.3,875.6,875.9,875.9,875.7,875.4,-33396508.0,-18785536.0,45659288.0,-0.401,0.463,0.001,0.0,0.0,0.0,0.0,0.0,0.0,0.0,0.0,0.0,0.0,0.0,0.0,0.0,0.0,0.0,0.0,0.0,0.0,0.0,0.0,0.0,0.0,0.0,0.0,0.0,0.0,0.0,0.0,0.0,0.0,0.0,0.0,0.0,0.0,0.0,0.0,0.0,0.0,0.0,0.0,0.0,0.0,0.0,0.0,0.0,0.0,0.0,0.0,0.0,0.0,0.0,0.0,0.0,0.0,0.0,0.0,0.0,0.0,0.0,0.0,0.0,0.0,0.0,0.0,0.0,0.0,0.0,0.0,0.0,0.0,0.0,0.0,0.0,0.0,0.0,0.0,0.0,0.0,0.0,0.0,0.0,0.0,0.0,0.0,0.0,0.0,0.0,0.0,0.0,0.0,0.0,0.0,0.0,0.0,0.0,0.0,0.0,0.0,0.0,0.0,0.0,0.0,0.0,0.0,0.0,0.0,0.0,0.0,0.0,0.0,0.0,0.0,0.0,0.0,0.0,0.0,0.0,0.0,0.0,0.0,0.0,0.0,0.0,0.0,0.0,0.0,0.0,0.0,0.0,0.0,0.0,0.0,0.0,0.0,0.0,0.0,0.00,0.00,0.00,0.00,0.00,0.00,0.00,0.00,0.00,0.00,0.00,0.00,0.00,0.00,0.00,0.00,0.00,0.00,0.00,0.00,0.00,0.00,0.00,0.00,0.00,0.00,0.00,0.00,0.00,0.00,0.00,0.00,0.00,0.00,0.00
7,0,0.200,0.00,0,0.000000,0.000000,0.000000,0.000000,0.000000,0.000000,0.000,0.000,0.0,0.0,0.0,0.0,0.0,0.0,0.0,0.0,0.0,0.0,0.0,0.0,0.0,0.0,0.0,0.0,0.0,0.0,0.0,0.0,0.0,0.0,0.0,0.0,0.0,0.0,0.0,0.0,0.0,0.0,0.0,0.0,0.0,0.0,0.0,0.0,0.0,0.0,0.0,0.0,0.0,0.0,0.0,0.0,0.0,0.0,0.0,0.0,0.0,0.0,0.0,0.0,0.0,0.0,0.0,0.0,0.0,0.0,0.0,0.0,0.0,0.0,0.0,0.0,0.0,0.0,0.0,0.0,0.0,0.0,0.0,0.0,0.0,0.0,0.0,0.0,0.0,0.0,0.0,0.0,0.0,0.0,0.0,0.0,0.0,0.0,0.0,0.0,0.0,0.0,0.0,0.0,0.0,0.0,0.0,0.0,0.0,0.0,0.0,0.0,0.0,0.0,0.0,0.0,0.0,0.0,0.0,0.0,0.0,0.0,0.0,0.0,-640.0,-640.4,-640.5,-640.2,-639.6,-639.4,-639.1,-639.4,-643.1,-641.2,-639.4,-638.5,-638.7,-639.7,-640.8,-639.6,-638.5,-638.4,-639.4,-641.1,-640.2,-640.1,-640.1,-640.3,-640.5,-640.7,-640.6,-640.5,-639.6,-640.2,-640.5,-640.4,-640.0,-639.4,-639.1,-639.4,-640.8,-639.7,-638.7,-638.5,-639.4,-641.2,-643.1,-641.1,-639.4,-638.4,-638.5,-639.6,-640.1,-640.1,-640.2,-640.5,-640.6,-640.7,-640.5,-640.3,-360.0,-360.2,-360.3,-360.1,-359.8,-359.6,-359.5,-359.7,-361.8,-360.7,-359.7,-359.1,-359.3,-359.8,-360.4,-359.8,-359.2,-359.1,-359.6,-360.6,-360.1,-360.1,-360.1,-360.2,-360.3,-360.4,-360.4,-360.3,-359.8,-360.1,-360.3,-360.2,-360.0,-359.7,-359.5,-359.6,-360.4,-359.8,-359.3,-359.1,-359.7,-360.7,-361.8,-360.6,-359.6,-359.1,-359.2,-359.8,-360.1,-360.1,-360.1,-360.3,-360.4,-360.4,-360.3,-360.2,874.9,875.5,875.6,875.2,874.5,874.1,873.8,874.2,879.3,876.6,874.2,872.9,873.3,874.6,876.1,874.4,873.0,872.8,874.1,876.5,875.3,875.1,875.2,875.4,875.7,875.9,875.9,875.6,874.5,875.2,875.6,875.5,874.9,874.2,873.8,874.1,876.1,874.6,873.3,872.9,874.2,876.6,879.3,876.5,874.1,872.8,873.0,874.4,875.2,875.1,875.3,875.6,875.9,875.9,875.7,875.4,-33396508.0,-18785536.0,45659288.0,-0.401,0.463,0.001,0.0,0.0,0.0,0.0,0.0,0.0,0.0,0.0,0.0,0.0,0.0,0.0,0.0,0.0,0.0,0.0,0.0,0.0,0.0,0.0,0.0,0.0,0.0,0.0,0.0,0.0,0.0,0.0,0.0,0.0,0.0,0.0,0.0,0.0,0.0,0.0,0.0,0.0,0.0,0.0,0.0,0.0,0.0,0.0,0.0,0.0,0.0,0.0,0.0,0.0,0.0,0.0,0.0,0.0,0.0,0.0,0.0,0.0,0.0,0.0,0.0,0.0,0.0,0.0,0.0,0.0,0.0,0.0,0.0,0.0,0.0,0.0,0.0,0.0,0.0,0.0,0.0,0.0,0.0,0.0,0.0,0.0,0.0,0.0,0.0,0.0,0.0,0.0,0.0,0.0,0.0,0.0,0.0,0.0,0.0,0.0,0.0,0.0,0.0,0.0,0.0,0.0,0.0,0.0,0.0,0.0,0.0,0.0,0.0,0.0,0.0,0.0,0.0,0.0,0.0,0.0,0.0,0.0,0.0,0.0,0.0,0.0,0.0,0.0,0.0,0.0,0.0,0.0,0.0,0.0,0.0,0.0,0.0,0.0,0.0,0.0,0.00,0.00,0.00,0.00,0.00,0.00,0.00,0.00,0.00,0.00,0.00,0.00,0.00,0.00,0.00,0.00,0.00,0.00,0.00,0.00,0.00,0.00,0.00,0.00,0.00,0.00,0.00,0.00,0.00,0.00,0.00,0.00,0.00,0.00,0.00
8,0,0.233,0.00,0,0.000000,0.000000,0.000000,0.000000,0.000000,0.000000,0.000,0.000,0.0,0.0,0.0,0.0,0.0,0.0,0.0,0.0,0.0,0.0,0.0,0.0,0.0,0.0,0.0,0.0,0.0,0.0,0.0,0.0,0.0,0.0,0.0,0.0,0.0,0.0,0.0,0.0,0.0,0.0,0.0,0.0,0.0,0.0,0.0,0.0,0.0,0.0,0.0,0.0,0.0,0.0,0.0,0.0,0.0,0.0,0.0,0.0,0.0,0.0,0.0,0.0,0.0,0.0,0.0,0.0,0.0,0.0,0.0,0.0,0.0,0.0,0.0,0.0,0.0,0.0,0.0,0.0,0.0,0.0,0.0,0.0,0.0,0.0,0.0,0.0,0.0,0.0,0.0,0.0,0.0,0.0,0.0,0.0,0.0,0.0,0.0,0.0,0.0,0.0,0.0,0.0,0.0,0.0,0.0,0.0,0.0,0.0,0.0,0.0,0.0,0.0,0.0,0.0,0.0,0.0,0.0,0.0,0.0,0.0,0.0,0.0,-640.0,-640.4,-640.5,-640.2,-639.6,-639.4,-639.1,-639.4,-643.1,-641.2,-639.4,-638.5,-638.7,-639.7,-640.8,-639.6,-638.5,-638.4,-639.4,-641.1,-640.2,-640.1,-640.1,-640.3,-640.5,-640.7,-640.6,-640.5,-639.6,-640.2,-640.5,-640.4,-640.0,-639.4,-639.1,-639.4,-640.8,-639.7,-638.7,-638.5,-639.4,-641.2,-643.1,-641.1,-639.4,-638.4,-638.5,-639.6,-640.1,-640.1,-640.2,-640.5,-640.6,-640.7,-640.5,-640.3,-360.0,-360.2,-360.3,-360.1,-359.8,-359.6,-359.5,-359.7,-361.8,-360.7,-359.7,-359.1,-359.3,-359.8,-360.4,-359.8,-359.2,-359.1,-359.6,-360.6,-360.1,-360.1,-360.1,-360.2,-360.3,-360.4,-360.4,-360.3,-359.8,-360.1,-360.3,-360.2,-360.0,-359.7,-359.5,-359.6,-360.4,-359.8,-359.3,-359.1,-359.7,-360.7,-361.8,-360.6,-359.6,-359.1,-359.2,-359.8,-360.1,-360.1,-360.1,-360.3,-360.4,-360.4,-360.3,-360.2,874.9,875.5,875.6,875.2,874.5,874.1,873.8,874.2,879.3,876.6,874.2,872.9,873.3,874.6,876.1,874.4,873.0,872.8,874.1,876.5,875.3,875.1,875.2,875.4,875.7,875.9,875.9,875.6,874.5,875.2,875.6,875.5,874.9,874.2,873.8,874.1,876.1,874.6,873.3,872.9,874.2,876.6,879.3,876.5,874.1,872.8,873.0,874.4,875.2,875.1,875.3,875.6,875.9,875.9,875.7,875.4,-33396508.0,-18785536.0,45659288.0,-0.401,0.463,0.001,0.0,0.0,0.0,0.0,0.0,0.0,0.0,0.0,0.0,0.0,0.0,0.0,0.0,0.0,0.0,0.0,0.0,0.0,0.0,0.0,0.0,0.0,0.0,0.0,0.0,0.0,0.0,0.0,0.0,0.0,0.0,0.0,0.0,0.0,0.0,0.0,0.0,0.0,0.0,0.0,0.0,0.0,0.0,0.0,0.0,0.0,0.0,0.0,0.0,0.0,0.0,0.0,0.0,0.0,0.0,0.0,0.0,0.0,0.0,0.0,0.0,0.0,0.0,0.0,0.0,0.0,0.0,0.0,0.0,0.0,0.0,0.0,0.0,0.0,0.0,0.0,0.0,0.0,0.0,0.0,0.0,0.0,0.0,0.0,0.0,0.0,0.0,0.0,0.0,0.0,0.0,0.0,0.0,0.0,0.0,0.0,0.0,0.0,0.0,0.0,0.0,0.0,0.0,0.0,0.0,0.0,0.0,0.0,0.0,0.0,0.0,0.0,0.0,0.0,0.0,0.0,0.0,0.0,0.0,0.0,0.0,0.0,0.0,0.0,0.0,0.0,0.0,0.0,0.0,0.0,0.0,0.0,0.0,0.0,0.0,0.0,0.00,0.00,0.00,0.00,0.00,0.00,0.00,0.00,0.00,0.00,0.00,0.00,0.00,0.00,0.00,0.00,0.00,0.00,0.00,0.00,0.00,0.00,0.00,0.00,0.00,0.00,0.00,0.00,0.00,0.00,0.00,0.00,0.00,0.00,0.00
9,0,0.267,0.00,0,0.000000,0.000000,0.000000,0.000000,0.000000,0.000000,0.000,0.000,0.0,0.0,0.0,0.0,0.0,0.0,0.0,0.0,0.0,0.0,0.0,0.0,0.0,0.0,0.0,0.0,0.0,0.0,0.0,0.0,0.0,0.0,0.0,0.0,0.0,0.0,0.0,0.0,0.0,0.0,0.0,0.0,0.0,0.0,0.0,0.0,0.0,0.0,0.0,0.0,0.0,0.0,0.0,0.0,0.0,0.0,0.0,0.0,0.0,0.0,0.0,0.0,0.0,0.0,0.0,0.0,0.0,0.0,0.0,0.0,0.0,0.0,0.0,0.0,0.0,0.0,0.0,0.0,0.0,0.0,0.0,0.0,0.0,0.0,0.0,0.0,0.0,0.0,0.0,0.0,0.0,0.0,0.0,0.0,0.0,0.0,0.0,0.0,0.0,0.0,0.0,0.0,0.0,0.0,0.0,0.0,0.0,0.0,0.0,0.0,0.0,0.0,0.0,0.0,0.0,0.0,0.0,0.0,0.0,0.0,0.0,0.0,-640.0,-640.4,-640.5,-640.2,-639.6,-639.4,-639.1,-639.4,-643.1,-641.2,-639.4,-638.5,-638.7,-639.7,-640.8,-639.6,-638.5,-638.4,-639.4,-641.1,-640.2,-640.1,-640.1,-640.3,-640.5,-640.7,-640.6,-640.5,-639.6,-640.2,-640.5,-640.4,-640.0,-639.4,-639.1,-639.4,-640.8,-639.7,-638.7,-638.5,-639.4,-641.2,-643.1,-641.1,-639.4,-638.4,-638.5,-639.6,-640.1,-640.1,-640.2,-640.5,-640.6,-640.7,-640.5,-640.3,-360.0,-360.2,-360.3,-360.1,-359.8,-359.6,-359.5,-359.7,-361.8,-360.7,-359.7,-359.1,-359.3,-359.8,-360.4,-359.8,-359.2,-359.1,-359.6,-360.6,-360.1,-360.1,-360.1,-360.2,-360.3,-360.4,-360.4,-360.3,-359.8,-360.1,-360.3,-360.2,-360.0,-359.7,-359.5,-359.6,-360.4,-359.8,-359.3,-359.1,-359.7,-360.7,-361.8,-360.6,-359.6,-359.1,-359.2,-359.8,-360.1,-360.1,-360.1,-360.3,-360.4,-360.4,-360.3,-360.2,874.9,875.5,875.6,875.2,874.5,874.1,873.8,874.2,879.3,876.6,874.2,872.9,873.3,874.6,876.1,874.4,873.0,872.8,874.1,876.5,875.3,875.1,875.2,875.4,875.7,875.9,875.9,875.6,874.5,875.2,875.6,875.5,874.9,874.2,873.8,874.1,876.1,874.6,873.3,872.9,874.2,876.6,879.3,876.5,874.1,872.8,873.0,874.4,875.2,875.1,875.3,875.6,875.9,875.9,875.7,875.4,-33396508.0,-18785536.0,45659288.0,-0.401,0.463,0.001,0.0,0.0,0.0,0.0,0.0,0.0,0.0,0.0,0.0,0.0,0.0,0.0,0.0,0.0,0.0,0.0,0.0,0.0,0.0,0.0,0.0,0.0,0.0,0.0,0.0,0.0,0.0,0.0,0.0,0.0,0.0,0.0,0.0,0.0,0.0,0.0,0.0,0.0,0.0,0.0,0.0,0.0,0.0,0.0,0.0,0.0,0.0,0.0,0.0,0.0,0.0,0.0,0.0,0.0,0.0,0.0,0.0,0.0,0.0,0.0,0.0,0.0,0.0,0.0,0.0,0.0,0.0,0.0,0.0,0.0,0.0,0.0,0.0,0.0,0.0,0.0,0.0,0.0,0.0,0.0,0.0,0.0,0.0,0.0,0.0,0.0,0.0,0.0,0.0,0.0,0.0,0.0,0.0,0.0,0.0,0.0,0.0,0.0,0.0,0.0,0.0,0.0,0.0,0.0,0.0,0.0,0.0,0.0,0.0,0.0,0.0,0.0,0.0,0.0,0.0,0.0,0.0,0.0,0.0,0.0,0.0,0.0,0.0,0.0,0.0,0.0,0.0,0.0,0.0,0.0,0.0,0.0,0.0,0.0,0.0,0.0,0.00,0.00,0.00,0.00,0.00,0.00,0.00,0.00,0.00,0.00,0.00,0.00,0.00,0.00,0.00,0.00,0.00,0.00,0.00,0.00,0.00,0.00,0.00,0.00,0.00,0.00,0.00,0.00,0.00,0.00,0.00,0.00,0.00,0.00,0.00
10,0,0.300,0.00,0,0.000000,0.000000,0.000000,0.000000,0.000000,0.000000,0.000,0.000,0.0,0.0,0.0,0.0,0.0,0.0,0.0,0.0,0.0,0.0,0.0,0.0,0.0,0.0,0.0,0.0,0.0,0.0,0.0,0.0,0.0,0.0,0.0,0.0,0.0,0.0,0.0,0.0,0.0,0.0,0.0,0.0,0.0,0.0,0.0,0.0,0.0,0.0,0.0,0.0,0.0,0.0,0.0,0.0,0.0,0.0,0.0,0.0,0.0,0.0,0.0,0.0,0.0,0.0,0.0,0.0,0.0,0.0,0.0,0.0,0.0,0.0,0.0,0.0,0.0,0.0,0.0,0.0,0.0,0.0,0.0,0.0,0.0,0.0,0.0,0.0,0.0,0.0,0.0,0.0,0.0,0.0,0.0,0.0,0.0,0.0,0.0,0.0,0.0,0.0,0.0,0.0,0.0,0.0,0.0,0.0,0.0,0.0,0.0,0.0,0.0,0.0,0.0,0.0,0.0,0.0,0.0,0.0,0.0,0.0,0.0,0.0,-640.0,-640.4,-640.5,-640.2,-639.6,-639.4,-639.1,-639.4,-643.1,-641.2,-639.4,-638.5,-638.7,-639.7,-640.8,-639.6,-638.5,-638.4,-639.4,-641.1,-640.2,-640.1,-640.1,-640.3,-640.5,-640.7,-640.6,-640.5,-639.6,-640.2,-640.5,-640.4,-640.0,-639.4,-639.1,-639.4,-640.8,-639.7,-638.7,-638.5,-639.4,-641.2,-643.1,-641.1,-639.4,-638.4,-638.5,-639.6,-640.1,-640.1,-640.2,-640.5,-640.6,-640.7,-640.5,-640.3,-360.0,-360.2,-360.3,-360.1,-359.8,-359.6,-359.5,-359.7,-361.8,-360.7,-359.7,-359.1,-359.3,-359.8,-360.4,-359.8,-359.2,-359.1,-359.6,-360.6,-360.1,-360.1,-360.1,-360.2,-360.3,-360.4,-360.4,-360.3,-359.8,-360.1,-360.3,-360.2,-360.0,-359.7,-359.5,-359.6,-360.4,-359.8,-359.3,-359.1,-359.7,-360.7,-361.8,-360.6,-359.6,-359.1,-359.2,-359.8,-360.1,-360.1,-360.1,-360.3,-360.4,-360.4,-360.3,-360.2,874.9,875.5,875.6,875.2,874.5,874.1,873.8,874.2,879.3,876.6,874.2,872.9,873.3,874.6,876.1,874.4,873.0,872.8,874.1,876.5,875.3,875.1,875.2,875.4,875.7,875.9,875.9,875.6,874.5,875.2,875.6,875.5,874.9,874.2,873.8,874.1,876.1,874.6,873.3,872.9,874.2,876.6,879.3,876.5,874.1,872.8,873.0,874.4,875.2,875.1,875.3,875.6,875.9,875.9,875.7,875.4,-33396508.0,-18785536.0,45659288.0,-0.401,0.463,0.001,0.0,0.0,0.0,0.0,0.0,0.0,0.0,0.0,0.0,0.0,0.0,0.0,0.0,0.0,0.0,0.0,0.0,0.0,0.0,0.0,0.0,0.0,0.0,0.0,0.0,0.0,0.0,0.0,0.0,0.0,0.0,0.0,0.0,0.0,0.0,0.0,0.0,0.0,0.0,0.0,0.0,0.0,0.0,0.0,0.0,0.0,0.0,0.0,0.0,0.0,0.0,0.0,0.0,0.0,0.0,0.0,0.0,0.0,0.0,0.0,0.0,0.0,0.0,0.0,0.0,0.0,0.0,0.0,0.0,0.0,0.0,0.0,0.0,0.0,0.0,0.0,0.0,0.0,0.0,0.0,0.0,0.0,0.0,0.0,0.0,0.0,0.0,0.0,0.0,0.0,0.0,0.0,0.0,0.0,0.0,0.0,0.0,0.0,0.0,0.0,0.0,0.0,0.0,0.0,0.0,0.0,0.0,0.0,0.0,0.0,0.0,0.0,0.0,0.0,0.0,0.0,0.0,0.0,0.0,0.0,0.0,0.0,0.0,0.0,0.0,0.0,0.0,0.0,0.0,0.0,0.0,0.0,0.0,0.0,0.0,0.0,0.00,0.00,0.00,0.00,0.00,0.00,0.00,0.00,0.00,0.00,0.00,0.00,0.00,0.00,0.00,0.00,0.00,0.00,0.00,0.00,0.00,0.00,0.00,0.00,0.00,0.00,0.00,0.00,0.00,0.00,0.00,0.00,0.00,0.00,0.00
11,0,0.333,0.00,0,0.000000,0.000000,0.000000,0.000000,0.000000,0.000000,0.000,0.000,0.0,0.0,0.0,0.0,0.0,0.0,0.0,0.0,0.0,0.0,0.0,0.0,0.0,0.0,0.0,0.0,0.0,0.0,0.0,0.0,0.0,0.0,0.0,0.0,0.0,0.0,0.0,0.0,0.0,0.0,0.0,0.0,0.0,0.0,0.0,0.0,0.0,0.0,0.0,0.0,0.0,0.0,0.0,0.0,0.0,0.0,0.0,0.0,0.0,0.0,0.0,0.0,0.0,0.0,0.0,0.0,0.0,0.0,0.0,0.0,0.0,0.0,0.0,0.0,0.0,0.0,0.0,0.0,0.0,0.0,0.0,0.0,0.0,0.0,0.0,0.0,0.0,0.0,0.0,0.0,0.0,0.0,0.0,0.0,0.0,0.0,0.0,0.0,0.0,0.0,0.0,0.0,0.0,0.0,0.0,0.0,0.0,0.0,0.0,0.0,0.0,0.0,0.0,0.0,0.0,0.0,0.0,0.0,0.0,0.0,0.0,0.0,-640.0,-640.4,-640.5,-640.2,-639.6,-639.4,-639.1,-639.4,-643.1,-641.2,-639.4,-638.5,-638.7,-639.7,-640.8,-639.6,-638.5,-638.4,-639.4,-641.1,-640.2,-640.1,-640.1,-640.3,-640.5,-640.7,-640.6,-640.5,-639.6,-640.2,-640.5,-640.4,-640.0,-639.4,-639.1,-639.4,-640.8,-639.7,-638.7,-638.5,-639.4,-641.2,-643.1,-641.1,-639.4,-638.4,-638.5,-639.6,-640.1,-640.1,-640.2,-640.5,-640.6,-640.7,-640.5,-640.3,-360.0,-360.2,-360.3,-360.1,-359.8,-359.6,-359.5,-359.7,-361.8,-360.7,-359.7,-359.1,-359.3,-359.8,-360.4,-359.8,-359.2,-359.1,-359.6,-360.6,-360.1,-360.1,-360.1,-360.2,-360.3,-360.4,-360.4,-360.3,-359.8,-360.1,-360.3,-360.2,-360.0,-359.7,-359.5,-359.6,-360.4,-359.8,-359.3,-359.1,-359.7,-360.7,-361.8,-360.6,-359.6,-359.1,-359.2,-359.8,-360.1,-360.1,-360.1,-360.3,-360.4,-360.4,-360.3,-360.2,874.9,875.5,875.6,875.2,874.5,874.1,873.8,874.2,879.3,876.6,874.2,872.9,873.3,874.6,876.1,874.4,873.0,872.8,874.1,876.5,875.3,875.1,875.2,875.4,875.7,875.9,875.9,875.6,874.5,875.2,875.6,875.5,874.9,874.2,873.8,874.1,876.1,874.6,873.3,872.9,874.2,876.6,879.3,876.5,874.1,872.8,873.0,874.4,875.2,875.1,875.3,875.6,875.9,875.9,875.7,875.4,-33396508.0,-18785536.0,45659288.0,-0.401,0.463,0.001,0.0,0.0,0.0,0.0,0.0,0.0,0.0,0.0,0.0,0.0,0.0,0.0,0.0,0.0,0.0,0.0,0.0,0.0,0.0,0.0,0.0,0.0,0.0,0.0,0.0,0.0,0.0,0.0,0.0,0.0,0.0,0.0,0.0,0.0,0.0,0.0,0.0,0.0,0.0,0.0,0.0,0.0,0.0,0.0,0.0,0.0,0.0,0.0,0.0,0.0,0.0,0.0,0.0,0.0,0.0,0.0,0.0,0.0,0.0,0.0,0.0,0.0,0.0,0.0,0.0,0.0,0.0,0.0,0.0,0.0,0.0,0.0,0.0,0.0,0.0,0.0,0.0,0.0,0.0,0.0,0.0,0.0,0.0,0.0,0.0,0.0,0.0,0.0,0.0,0.0,0.0,0.0,0.0,0.0,0.0,0.0,0.0,0.0,0.0,0.0,0.0,0.0,0.0,0.0,0.0,0.0,0.0,0.0,0.0,0.0,0.0,0.0,0.0,0.0,0.0,0.0,0.0,0.0,0.0,0.0,0.0,0.0,0.0,0.0,0.0,0.0,0.0,0.0,0.0,0.0,0.0,0.0,0.0,0.0,0.0,0.0,0.00,0.00,0.00,0.00,0.00,0.00,0.00,0.00,0.00,0.00,0.00,0.00,0.00,0.00,0.00,0.00,0.00,0.00,0.00,0.00,0.00,0.00,0.00,0.00,0.00,0.00,0.00,0.00,0.00,0.00,0.00,0.00,0.00,0.00,0.00
12,0,0.367,0.00,0,0.000000,0.000000,0.000000,0.000000,0.000000,0.000000,0.000,0.000,0.0,0.0,0.0,0.0,0.0,0.0,0.0,0.0,0.0,0.0,0.0,0.0,0.0,0.0,0.0,0.0,0.0,0.0,0.0,0.0,0.0,0.0,0.0,0.0,0.0,0.0,0.0,0.0,0.0,0.0,0.0,0.0,0.0,0.0,0.0,0.0,0.0,0.0,0.0,0.0,0.0,0.0,0.0,0.0,0.0,0.0,0.0,0.0,0.0,0.0,0.0,0.0,0.0,0.0,0.0,0.0,0.0,0.0,0.0,0.0,0.0,0.0,0.0,0.0,0.0,0.0,0.0,0.0,0.0,0.0,0.0,0.0,0.0,0.0,0.0,0.0,0.0,0.0,0.0,0.0,0.0,0.0,0.0,0.0,0.0,0.0,0.0,0.0,0.0,0.0,0.0,0.0,0.0,0.0,0.0,0.0,0.0,0.0,0.0,0.0,0.0,0.0,0.0,0.0,0.0,0.0,0.0,0.0,0.0,0.0,0.0,0.0,-640.0,-640.4,-640.5,-640.2,-639.6,-639.4,-639.1,-639.4,-643.1,-641.2,-639.4,-638.5,-638.7,-639.7,-640.8,-639.6,-638.5,-638.4,-639.4,-641.1,-640.2,-640.1,-640.1,-640.3,-640.5,-640.7,-640.6,-640.5,-639.6,-640.2,-640.5,-640.4,-640.0,-639.4,-639.1,-639.4,-640.8,-639.7,-638.7,-638.5,-639.4,-641.2,-643.1,-641.1,-639.4,-638.4,-638.5,-639.6,-640.1,-640.1,-640.2,-640.5,-640.6,-640.7,-640.5,-640.3,-360.0,-360.2,-360.3,-360.1,-359.8,-359.6,-359.5,-359.7,-361.8,-360.7,-359.7,-359.1,-359.3,-359.8,-360.4,-359.8,-359.2,-359.1,-359.6,-360.6,-360.1,-360.1,-360.1,-360.2,-360.3,-360.4,-360.4,-360.3,-359.8,-360.1,-360.3,-360.2,-360.0,-359.7,-359.5,-359.6,-360.4,-359.8,-359.3,-359.1,-359.7,-360.7,-361.8,-360.6,-359.6,-359.1,-359.2,-359.8,-360.1,-360.1,-360.1,-360.3,-360.4,-360.4,-360.3,-360.2,874.9,875.5,875.6,875.2,874.5,874.1,873.8,874.2,879.3,876.6,874.2,872.9,873.3,874.6,876.1,874.4,873.0,872.8,874.1,876.5,875.3,875.1,875.2,875.4,875.7,875.9,875.9,875.6,874.5,875.2,875.6,875.5,874.9,874.2,873.8,874.1,876.1,874.6,873.3,872.9,874.2,876.6,879.3,876.5,874.1,872.8,873.0,874.4,875.2,875.1,875.3,875.6,875.9,875.9,875.7,875.4,-33396508.0,-18785536.0,45659288.0,-0.401,0.463,0.001,0.0,0.0,0.0,0.0,0.0,0.0,0.0,0.0,0.0,0.0,0.0,0.0,0.0,0.0,0.0,0.0,0.0,0.0,0.0,0.0,0.0,0.0,0.0,0.0,0.0,0.0,0.0,0.0,0.0,0.0,0.0,0.0,0.0,0.0,0.0,0.0,0.0,0.0,0.0,0.0,0.0,0.0,0.0,0.0,0.0,0.0,0.0,0.0,0.0,0.0,0.0,0.0,0.0,0.0,0.0,0.0,0.0,0.0,0.0,0.0,0.0,0.0,0.0,0.0,0.0,0.0,0.0,0.0,0.0,0.0,0.0,0.0,0.0,0.0,0.0,0.0,0.0,0.0,0.0,0.0,0.0,0.0,0.0,0.0,0.0,0.0,0.0,0.0,0.0,0.0,0.0,0.0,0.0,0.0,0.0,0.0,0.0,0.0,0.0,0.0,0.0,0.0,0.0,0.0,0.0,0.0,0.0,0.0,0.0,0.0,0.0,0.0,0.0,0.0,0.0,0.0,0.0,0.0,0.0,0.0,0.0,0.0,0.0,0.0,0.0,0.0,0.0,0.0,0.0,0.0,0.0,0.0,0.0,0.0,0.0,0.0,0.00,0.00,0.00,0.00,0.00,0.00,0.00,0.00,0.00,0.00,0.00,0.00,0.00,0.00,0.00,0.00,0.00,0.00,0.00,0.00,0.00,0.00,0.00,0.00,0.00,0.00,0.00,0.00,0.00,0.00,0.00,0.00,0.00,0.00,0.00
13,0,0.400,0.00,0,0.000000,0.000000,0.000000,0.000000,0.000000,0.000000,0.000,0.000,0.0,0.0,0.0,0.0,0.0,0.0,0.0,0.0,0.0,0.0,0.0,0.0,0.0,0.0,0.0,0.0,0.0,0.0,0.0,0.0,0.0,0.0,0.0,0.0,0.0,0.0,0.0,0.0,0.0,0.0,0.0,0.0,0.0,0.0,0.0,0.0,0.0,0.0,0.0,0.0,0.0,0.0,0.0,0.0,0.0,0.0,0.0,0.0,0.0,0.0,0.0,0.0,0.0,0.0,0.0,0.0,0.0,0.0,0.0,0.0,0.0,0.0,0.0,0.0,0.0,0.0,0.0,0.0,0.0,0.0,0.0,0.0,0.0,0.0,0.0,0.0,0.0,0.0,0.0,0.0,0.0,0.0,0.0,0.0,0.0,0.0,0.0,0.0,0.0,0.0,0.0,0.0,0.0,0.0,0.0,0.0,0.0,0.0,0.0,0.0,0.0,0.0,0.0,0.0,0.0,0.0,0.0,0.0,0.0,0.0,0.0,0.0,-640.0,-640.4,-640.5,-640.2,-639.6,-639.4,-639.1,-639.4,-643.1,-641.2,-639.4,-638.5,-638.7,-639.7,-640.8,-639.6,-638.5,-638.4,-639.4,-641.1,-640.2,-640.1,-640.1,-640.3,-640.5,-640.7,-640.6,-640.5,-639.6,-640.2,-640.5,-640.4,-640.0,-639.4,-639.1,-639.4,-640.8,-639.7,-638.7,-638.5,-639.4,-641.2,-643.1,-641.1,-639.4,-638.4,-638.5,-639.6,-640.1,-640.1,-640.2,-640.5,-640.6,-640.7,-640.5,-640.3,-360.0,-360.2,-360.3,-360.1,-359.8,-359.6,-359.5,-359.7,-361.8,-360.7,-359.7,-359.1,-359.3,-359.8,-360.4,-359.8,-359.2,-359.1,-359.6,-360.6,-360.1,-360.1,-360.1,-360.2,-360.3,-360.4,-360.4,-360.3,-359.8,-360.1,-360.3,-360.2,-360.0,-359.7,-359.5,-359.6,-360.4,-359.8,-359.3,-359.1,-359.7,-360.7,-361.8,-360.6,-359.6,-359.1,-359.2,-359.8,-360.1,-360.1,-360.1,-360.3,-360.4,-360.4,-360.3,-360.2,874.9,875.5,875.6,875.2,874.5,874.1,873.8,874.2,879.3,876.6,874.2,872.9,873.3,874.6,876.1,874.4,873.0,872.8,874.1,876.5,875.3,875.1,875.2,875.4,875.7,875.9,875.9,875.6,874.5,875.2,875.6,875.5,874.9,874.2,873.8,874.1,876.1,874.6,873.3,872.9,874.2,876.6,879.3,876.5,874.1,872.8,873.0,874.4,875.2,875.1,875.3,875.6,875.9,875.9,875.7,875.4,-33396508.0,-18785536.0,45659288.0,-0.401,0.463,0.001,0.0,0.0,0.0,0.0,0.0,0.0,0.0,0.0,0.0,0.0,0.0,0.0,0.0,0.0,0.0,0.0,0.0,0.0,0.0,0.0,0.0,0.0,0.0,0.0,0.0,0.0,0.0,0.0,0.0,0.0,0.0,0.0,0.0,0.0,0.0,0.0,0.0,0.0,0.0,0.0,0.0,0.0,0.0,0.0,0.0,0.0,0.0,0.0,0.0,0.0,0.0,0.0,0.0,0.0,0.0,0.0,0.0,0.0,0.0,0.0,0.0,0.0,0.0,0.0,0.0,0.0,0.0,0.0,0.0,0.0,0.0,0.0,0.0,0.0,0.0,0.0,0.0,0.0,0.0,0.0,0.0,0.0,0.0,0.0,0.0,0.0,0.0,0.0,0.0,0.0,0.0,0.0,0.0,0.0,0.0,0.0,0.0,0.0,0.0,0.0,0.0,0.0,0.0,0.0,0.0,0.0,0.0,0.0,0.0,0.0,0.0,0.0,0.0,0.0,0.0,0.0,0.0,0.0,0.0,0.0,0.0,0.0,0.0,0.0,0.0,0.0,0.0,0.0,0.0,0.0,0.0,0.0,0.0,0.0,0.0,0.0,0.00,0.00,0.00,0.00,0.00,0.00,0.00,0.00,0.00,0.00,0.00,0.00,0.00,0.00,0.00,0.00,0.00,0.00,0.00,0.00,0.00,0.00,0.00,0.00,0.00,0.00,0.00,0.00,0.00,0.00,0.00,0.00,0.00,0.00,0.00
14,0,0.433,0.00,0,0.000000,0.000000,0.000000,0.000000,0.000000,0.000000,0.000,0.000,0.0,0.0,0.0,0.0,0.0,0.0,0.0,0.0,0.0,0.0,0.0,0.0,0.0,0.0,0.0,0.0,0.0,0.0,0.0,0.0,0.0,0.0,0.0,0.0,0.0,0.0,0.0,0.0,0.0,0.0,0.0,0.0,0.0,0.0,0.0,0.0,0.0,0.0,0.0,0.0,0.0,0.0,0.0,0.0,0.0,0.0,0.0,0.0,0.0,0.0,0.0,0.0,0.0,0.0,0.0,0.0,0.0,0.0,0.0,0.0,0.0,0.0,0.0,0.0,0.0,0.0,0.0,0.0,0.0,0.0,0.0,0.0,0.0,0.0,0.0,0.0,0.0,0.0,0.0,0.0,0.0,0.0,0.0,0.0,0.0,0.0,0.0,0.0,0.0,0.0,0.0,0.0,0.0,0.0,0.0,0.0,0.0,0.0,0.0,0.0,0.0,0.0,0.0,0.0,0.0,0.0,0.0,0.0,0.0,0.0,0.0,0.0,-640.0,-640.4,-640.5,-640.2,-639.6,-639.4,-639.1,-639.4,-643.1,-641.2,-639.4,-638.5,-638.7,-639.7,-640.8,-639.6,-638.5,-638.4,-639.4,-641.1,-640.2,-640.1,-640.1,-640.3,-640.5,-640.7,-640.6,-640.5,-639.6,-640.2,-640.5,-640.4,-640.0,-639.4,-639.1,-639.4,-640.8,-639.7,-638.7,-638.5,-639.4,-641.2,-643.1,-641.1,-639.4,-638.4,-638.5,-639.6,-640.1,-640.1,-640.2,-640.5,-640.6,-640.7,-640.5,-640.3,-360.0,-360.2,-360.3,-360.1,-359.8,-359.6,-359.5,-359.7,-361.8,-360.7,-359.7,-359.1,-359.3,-359.8,-360.4,-359.8,-359.2,-359.1,-359.6,-360.6,-360.1,-360.1,-360.1,-360.2,-360.3,-360.4,-360.4,-360.3,-359.8,-360.1,-360.3,-360.2,-360.0,-359.7,-359.5,-359.6,-360.4,-359.8,-359.3,-359.1,-359.7,-360.7,-361.8,-360.6,-359.6,-359.1,-359.2,-359.8,-360.1,-360.1,-360.1,-360.3,-360.4,-360.4,-360.3,-360.2,874.9,875.5,875.6,875.2,874.5,874.1,873.8,874.2,879.3,876.6,874.2,872.9,873.3,874.6,876.1,874.4,873.0,872.8,874.1,876.5,875.3,875.1,875.2,875.4,875.7,875.9,875.9,875.6,874.5,875.2,875.6,875.5,874.9,874.2,873.8,874.1,876.1,874.6,873.3,872.9,874.2,876.6,879.3,876.5,874.1,872.8,873.0,874.4,875.2,875.1,875.3,875.6,875.9,875.9,875.7,875.4,-33396508.0,-18785536.0,45659288.0,-0.401,0.463,0.001,0.0,0.0,0.0,0.0,0.0,0.0,0.0,0.0,0.0,0.0,0.0,0.0,0.0,0.0,0.0,0.0,0.0,0.0,0.0,0.0,0.0,0.0,0.0,0.0,0.0,0.0,0.0,0.0,0.0,0.0,0.0,0.0,0.0,0.0,0.0,0.0,0.0,0.0,0.0,0.0,0.0,0.0,0.0,0.0,0.0,0.0,0.0,0.0,0.0,0.0,0.0,0.0,0.0,0.0,0.0,0.0,0.0,0.0,0.0,0.0,0.0,0.0,0.0,0.0,0.0,0.0,0.0,0.0,0.0,0.0,0.0,0.0,0.0,0.0,0.0,0.0,0.0,0.0,0.0,0.0,0.0,0.0,0.0,0.0,0.0,0.0,0.0,0.0,0.0,0.0,0.0,0.0,0.0,0.0,0.0,0.0,0.0,0.0,0.0,0.0,0.0,0.0,0.0,0.0,0.0,0.0,0.0,0.0,0.0,0.0,0.0,0.0,0.0,0.0,0.0,0.0,0.0,0.0,0.0,0.0,0.0,0.0,0.0,0.0,0.0,0.0,0.0,0.0,0.0,0.0,0.0,0.0,0.0,0.0,0.0,0.0,0.00,0.00,0.00,0.00,0.00,0.00,0.00,0.00,0.00,0.00,0.00,0.00,0.00,0.00,0.00,0.00,0.00,0.00,0.00,0.00,0.00,0.00,0.00,0.00,0.00,0.00,0.00,0.00,0.00,0.00,0.00,0.00,0.00,0.00,0.00
15,0,0.467,0.00,0,0.000000,0.000000,0.000000,0.000000,0.000000,0.000000,0.000,0.000,0.0,0.0,0.0,0.0,0.0,0.0,0.0,0.0,0.0,0.0,0.0,0.0,0.0,0.0,0.0,0.0,0.0,0.0,0.0,0.0,0.0,0.0,0.0,0.0,0.0,0.0,0.0,0.0,0.0,0.0,0.0,0.0,0.0,0.0,0.0,0.0,0.0,0.0,0.0,0.0,0.0,0.0,0.0,0.0,0.0,0.0,0.0,0.0,0.0,0.0,0.0,0.0,0.0,0.0,0.0,0.0,0.0,0.0,0.0,0.0,0.0,0.0,0.0,0.0,0.0,0.0,0.0,0.0,0.0,0.0,0.0,0.0,0.0,0.0,0.0,0.0,0.0,0.0,0.0,0.0,0.0,0.0,0.0,0.0,0.0,0.0,0.0,0.0,0.0,0.0,0.0,0.0,0.0,0.0,0.0,0.0,0.0,0.0,0.0,0.0,0.0,0.0,0.0,0.0,0.0,0.0,0.0,0.0,0.0,0.0,0.0,0.0,-640.0,-640.4,-640.5,-640.2,-639.6,-639.4,-639.1,-639.4,-643.1,-641.2,-639.4,-638.5,-638.7,-639.7,-640.8,-639.6,-638.5,-638.4,-639.4,-641.1,-640.2,-640.1,-640.1,-640.3,-640.5,-640.7,-640.6,-640.5,-639.6,-640.2,-640.5,-640.4,-640.0,-639.4,-639.1,-639.4,-640.8,-639.7,-638.7,-638.5,-639.4,-641.2,-643.1,-641.1,-639.4,-638.4,-638.5,-639.6,-640.1,-640.1,-640.2,-640.5,-640.6,-640.7,-640.5,-640.3,-360.0,-360.2,-360.3,-360.1,-359.8,-359.6,-359.5,-359.7,-361.8,-360.7,-359.7,-359.1,-359.3,-359.8,-360.4,-359.8,-359.2,-359.1,-359.6,-360.6,-360.1,-360.1,-360.1,-360.2,-360.3,-360.4,-360.4,-360.3,-359.8,-360.1,-360.3,-360.2,-360.0,-359.7,-359.5,-359.6,-360.4,-359.8,-359.3,-359.1,-359.7,-360.7,-361.8,-360.6,-359.6,-359.1,-359.2,-359.8,-360.1,-360.1,-360.1,-360.3,-360.4,-360.4,-360.3,-360.2,874.9,875.5,875.6,875.2,874.5,874.1,873.8,874.2,879.3,876.6,874.2,872.9,873.3,874.6,876.1,874.4,873.0,872.8,874.1,876.5,875.3,875.1,875.2,875.4,875.7,875.9,875.9,875.6,874.5,875.2,875.6,875.5,874.9,874.2,873.8,874.1,876.1,874.6,873.3,872.9,874.2,876.6,879.3,876.5,874.1,872.8,873.0,874.4,875.2,875.1,875.3,875.6,875.9,875.9,875.7,875.4,-33396508.0,-18785536.0,45659288.0,-0.401,0.463,0.001,0.0,0.0,0.0,0.0,0.0,0.0,0.0,0.0,0.0,0.0,0.0,0.0,0.0,0.0,0.0,0.0,0.0,0.0,0.0,0.0,0.0,0.0,0.0,0.0,0.0,0.0,0.0,0.0,0.0,0.0,0.0,0.0,0.0,0.0,0.0,0.0,0.0,0.0,0.0,0.0,0.0,0.0,0.0,0.0,0.0,0.0,0.0,0.0,0.0,0.0,0.0,0.0,0.0,0.0,0.0,0.0,0.0,0.0,0.0,0.0,0.0,0.0,0.0,0.0,0.0,0.0,0.0,0.0,0.0,0.0,0.0,0.0,0.0,0.0,0.0,0.0,0.0,0.0,0.0,0.0,0.0,0.0,0.0,0.0,0.0,0.0,0.0,0.0,0.0,0.0,0.0,0.0,0.0,0.0,0.0,0.0,0.0,0.0,0.0,0.0,0.0,0.0,0.0,0.0,0.0,0.0,0.0,0.0,0.0,0.0,0.0,0.0,0.0,0.0,0.0,0.0,0.0,0.0,0.0,0.0,0.0,0.0,0.0,0.0,0.0,0.0,0.0,0.0,0.0,0.0,0.0,0.0,0.0,0.0,0.0,0.0,0.00,0.00,0.00,0.00,0.00,0.00,0.00,0.00,0.00,0.00,0.00,0.00,0.00,0.00,0.00,0.00,0.00,0.00,0.00,0.00,0.00,0.00,0.00,0.00,0.00,0.00,0.00,0.00,0.00,0.00,0.00,0.00,0.00,0.00,0.00
16,0,0.500,0.00,0,0.000000,0.000000,0.000000,0.000000,0.000000,0.000000,0.000,0.000,0.0,0.0,0.0,0.0,0.0,0.0,0.0,0.0,0.0,0.0,0.0,0.0,0.0,0.0,0.0,0.0,0.0,0.0,0.0,0.0,0.0,0.0,0.0,0.0,0.0,0.0,0.0,0.0,0.0,0.0,0.0,0.0,0.0,0.0,0.0,0.0,0.0,0.0,0.0,0.0,0.0,0.0,0.0,0.0,0.0,0.0,0.0,0.0,0.0,0.0,0.0,0.0,0.0,0.0,0.0,0.0,0.0,0.0,0.0,0.0,0.0,0.0,0.0,0.0,0.0,0.0,0.0,0.0,0.0,0.0,0.0,0.0,0.0,0.0,0.0,0.0,0.0,0.0,0.0,0.0,0.0,0.0,0.0,0.0,0.0,0.0,0.0,0.0,0.0,0.0,0.0,0.0,0.0,0.0,0.0,0.0,0.0,0.0,0.0,0.0,0.0,0.0,0.0,0.0,0.0,0.0,0.0,0.0,0.0,0.0,0.0,0.0,-640.0,-640.4,-640.5,-640.2,-639.6,-639.4,-639.1,-639.4,-643.1,-641.2,-639.4,-638.5,-638.7,-639.7,-640.8,-639.6,-638.5,-638.4,-639.4,-641.1,-640.2,-640.1,-640.1,-640.3,-640.5,-640.7,-640.6,-640.5,-639.6,-640.2,-640.5,-640.4,-640.0,-639.4,-639.1,-639.4,-640.8,-639.7,-638.7,-638.5,-639.4,-641.2,-643.1,-641.1,-639.4,-638.4,-638.5,-639.6,-640.1,-640.1,-640.2,-640.5,-640.6,-640.7,-640.5,-640.3,-360.0,-360.2,-360.3,-360.1,-359.8,-359.6,-359.5,-359.7,-361.8,-360.7,-359.7,-359.1,-359.3,-359.8,-360.4,-359.8,-359.2,-359.1,-359.6,-360.6,-360.1,-360.1,-360.1,-360.2,-360.3,-360.4,-360.4,-360.3,-359.8,-360.1,-360.3,-360.2,-360.0,-359.7,-359.5,-359.6,-360.4,-359.8,-359.3,-359.1,-359.7,-360.7,-361.8,-360.6,-359.6,-359.1,-359.2,-359.8,-360.1,-360.1,-360.1,-360.3,-360.4,-360.4,-360.3,-360.2,874.9,875.5,875.6,875.2,874.5,874.1,873.8,874.2,879.3,876.6,874.2,872.9,873.3,874.6,876.1,874.4,873.0,872.8,874.1,876.5,875.3,875.1,875.2,875.4,875.7,875.9,875.9,875.6,874.5,875.2,875.6,875.5,874.9,874.2,873.8,874.1,876.1,874.6,873.3,872.9,874.2,876.6,879.3,876.5,874.1,872.8,873.0,874.4,875.2,875.1,875.3,875.6,875.9,875.9,875.7,875.4,-33396508.0,-18785536.0,45659288.0,-0.401,0.463,0.001,0.0,0.0,0.0,0.0,0.0,0.0,0.0,0.0,0.0,0.0,0.0,0.0,0.0,0.0,0.0,0.0,0.0,0.0,0.0,0.0,0.0,0.0,0.0,0.0,0.0,0.0,0.0,0.0,0.0,0.0,0.0,0.0,0.0,0.0,0.0,0.0,0.0,0.0,0.0,0.0,0.0,0.0,0.0,0.0,0.0,0.0,0.0,0.0,0.0,0.0,0.0,0.0,0.0,0.0,0.0,0.0,0.0,0.0,0.0,0.0,0.0,0.0,0.0,0.0,0.0,0.0,0.0,0.0,0.0,0.0,0.0,0.0,0.0,0.0,0.0,0.0,0.0,0.0,0.0,0.0,0.0,0.0,0.0,0.0,0.0,0.0,0.0,0.0,0.0,0.0,0.0,0.0,0.0,0.0,0.0,0.0,0.0,0.0,0.0,0.0,0.0,0.0,0.0,0.0,0.0,0.0,0.0,0.0,0.0,0.0,0.0,0.0,0.0,0.0,0.0,0.0,0.0,0.0,0.0,0.0,0.0,0.0,0.0,0.0,0.0,0.0,0.0,0.0,0.0,0.0,0.0,0.0,0.0,0.0,0.0,0.0,0.00,0.00,0.00,0.00,0.00,0.00,0.00,0.00,0.00,0.00,0.00,0.00,0.00,0.00,0.00,0.00,0.00,0.00,0.00,0.00,0.00,0.00,0.00,0.00,0.00,0.00,0.00,0.00,0.00,0.00,0.00,0.00,0.00,0.00,0.00
17,0,0.533,0.00,0,0.000000,0.000000,0.000000,0.000000,0.000000,0.000000,0.000,0.000,0.0,0.0,0.0,0.0,0.0,0.0,0.0,0.0,0.0,0.0,0.0,0.0,0.0,0.0,0.0,0.0,0.0,0.0,0.0,0.0,0.0,0.0,0.0,0.0,0.0,0.0,0.0,0.0,0.0,0.0,0.0,0.0,0.0,0.0,0.0,0.0,0.0,0.0,0.0,0.0,0.0,0.0,0.0,0.0,0.0,0.0,0.0,0.0,0.0,0.0,0.0,0.0,0.0,0.0,0.0,0.0,0.0,0.0,0.0,0.0,0.0,0.0,0.0,0.0,0.0,0.0,0.0,0.0,0.0,0.0,0.0,0.0,0.0,0.0,0.0,0.0,0.0,0.0,0.0,0.0,0.0,0.0,0.0,0.0,0.0,0.0,0.0,0.0,0.0,0.0,0.0,0.0,0.0,0.0,0.0,0.0,0.0,0.0,0.0,0.0,0.0,0.0,0.0,0.0,0.0,0.0,0.0,0.0,0.0,0.0,0.0,0.0,-640.0,-640.4,-640.5,-640.2,-639.6,-639.4,-639.1,-639.4,-643.1,-641.2,-639.4,-638.5,-638.7,-639.7,-640.8,-639.6,-638.5,-638.4,-639.4,-641.1,-640.2,-640.1,-640.1,-640.3,-640.5,-640.7,-640.6,-640.5,-639.6,-640.2,-640.5,-640.4,-640.0,-639.4,-639.1,-639.4,-640.8,-639.7,-638.7,-638.5,-639.4,-641.2,-643.1,-641.1,-639.4,-638.4,-638.5,-639.6,-640.1,-640.1,-640.2,-640.5,-640.6,-640.7,-640.5,-640.3,-360.0,-360.2,-360.3,-360.1,-359.8,-359.6,-359.5,-359.7,-361.8,-360.7,-359.7,-359.1,-359.3,-359.8,-360.4,-359.8,-359.2,-359.1,-359.6,-360.6,-360.1,-360.1,-360.1,-360.2,-360.3,-360.4,-360.4,-360.3,-359.8,-360.1,-360.3,-360.2,-360.0,-359.7,-359.5,-359.6,-360.4,-359.8,-359.3,-359.1,-359.7,-360.7,-361.8,-360.6,-359.6,-359.1,-359.2,-359.8,-360.1,-360.1,-360.1,-360.3,-360.4,-360.4,-360.3,-360.2,874.9,875.5,875.6,875.2,874.5,874.1,873.8,874.2,879.3,876.6,874.2,872.9,873.3,874.6,876.1,874.4,873.0,872.8,874.1,876.5,875.3,875.1,875.2,875.4,875.7,875.9,875.9,875.6,874.5,875.2,875.6,875.5,874.9,874.2,873.8,874.1,876.1,874.6,873.3,872.9,874.2,876.6,879.3,876.5,874.1,872.8,873.0,874.4,875.2,875.1,875.3,875.6,875.9,875.9,875.7,875.4,-33396508.0,-18785536.0,45659288.0,-0.401,0.463,0.001,0.0,0.0,0.0,0.0,0.0,0.0,0.0,0.0,0.0,0.0,0.0,0.0,0.0,0.0,0.0,0.0,0.0,0.0,0.0,0.0,0.0,0.0,0.0,0.0,0.0,0.0,0.0,0.0,0.0,0.0,0.0,0.0,0.0,0.0,0.0,0.0,0.0,0.0,0.0,0.0,0.0,0.0,0.0,0.0,0.0,0.0,0.0,0.0,0.0,0.0,0.0,0.0,0.0,0.0,0.0,0.0,0.0,0.0,0.0,0.0,0.0,0.0,0.0,0.0,0.0,0.0,0.0,0.0,0.0,0.0,0.0,0.0,0.0,0.0,0.0,0.0,0.0,0.0,0.0,0.0,0.0,0.0,0.0,0.0,0.0,0.0,0.0,0.0,0.0,0.0,0.0,0.0,0.0,0.0,0.0,0.0,0.0,0.0,0.0,0.0,0.0,0.0,0.0,0.0,0.0,0.0,0.0,0.0,0.0,0.0,0.0,0.0,0.0,0.0,0.0,0.0,0.0,0.0,0.0,0.0,0.0,0.0,0.0,0.0,0.0,0.0,0.0,0.0,0.0,0.0,0.0,0.0,0.0,0.0,0.0,0.0,0.00,0.00,0.00,0.00,0.00,0.00,0.00,0.00,0.00,0.00,0.00,0.00,0.00,0.00,0.00,0.00,0.00,0.00,0.00,0.00,0.00,0.00,0.00,0.00,0.00,0.00,0.00,0.00,0.00,0.00,0.00,0.00,0.00,0.00,0.00
18,0,0.567,0.00,0,0.000000,0.000000,0.000000,0.000000,0.000000,0.000000,0.000,0.000,0.0,0.0,0.0,0.0,0.0,0.0,0.0,0.0,0.0,0.0,0.0,0.0,0.0,0.0,0.0,0.0,0.0,0.0,0.0,0.0,0.0,0.0,0.0,0.0,0.0,0.0,0.0,0.0,0.0,0.0,0.0,0.0,0.0,0.0,0.0,0.0,0.0,0.0,0.0,0.0,0.0,0.0,0.0,0.0,0.0,0.0,0.0,0.0,0.0,0.0,0.0,0.0,0.0,0.0,0.0,0.0,0.0,0.0,0.0,0.0,0.0,0.0,0.0,0.0,0.0,0.0,0.0,0.0,0.0,0.0,0.0,0.0,0.0,0.0,0.0,0.0,0.0,0.0,0.0,0.0,0.0,0.0,0.0,0.0,0.0,0.0,0.0,0.0,0.0,0.0,0.0,0.0,0.0,0.0,0.0,0.0,0.0,0.0,0.0,0.0,0.0,0.0,0.0,0.0,0.0,0.0,0.0,0.0,0.0,0.0,0.0,0.0,-640.0,-640.4,-640.5,-640.2,-639.6,-639.4,-639.1,-639.4,-643.1,-641.2,-639.4,-638.5,-638.7,-639.7,-640.8,-639.6,-638.5,-638.4,-639.4,-641.1,-640.2,-640.1,-640.1,-640.3,-640.5,-640.7,-640.6,-640.5,-639.6,-640.2,-640.5,-640.4,-640.0,-639.4,-639.1,-639.4,-640.8,-639.7,-638.7,-638.5,-639.4,-641.2,-643.1,-641.1,-639.4,-638.4,-638.5,-639.6,-640.1,-640.1,-640.2,-640.5,-640.6,-640.7,-640.5,-640.3,-360.0,-360.2,-360.3,-360.1,-359.8,-359.6,-359.5,-359.7,-361.8,-360.7,-359.7,-359.1,-359.3,-359.8,-360.4,-359.8,-359.2,-359.1,-359.6,-360.6,-360.1,-360.1,-360.1,-360.2,-360.3,-360.4,-360.4,-360.3,-359.8,-360.1,-360.3,-360.2,-360.0,-359.7,-359.5,-359.6,-360.4,-359.8,-359.3,-359.1,-359.7,-360.7,-361.8,-360.6,-359.6,-359.1,-359.2,-359.8,-360.1,-360.1,-360.1,-360.3,-360.4,-360.4,-360.3,-360.2,874.9,875.5,875.6,875.2,874.5,874.1,873.8,874.2,879.3,876.6,874.2,872.9,873.3,874.6,876.1,874.4,873.0,872.8,874.1,876.5,875.3,875.1,875.2,875.4,875.7,875.9,875.9,875.6,874.5,875.2,875.6,875.5,874.9,874.2,873.8,874.1,876.1,874.6,873.3,872.9,874.2,876.6,879.3,876.5,874.1,872.8,873.0,874.4,875.2,875.1,875.3,875.6,875.9,875.9,875.7,875.4,-33396508.0,-18785536.0,45659288.0,-0.401,0.463,0.001,0.0,0.0,0.0,0.0,0.0,0.0,0.0,0.0,0.0,0.0,0.0,0.0,0.0,0.0,0.0,0.0,0.0,0.0,0.0,0.0,0.0,0.0,0.0,0.0,0.0,0.0,0.0,0.0,0.0,0.0,0.0,0.0,0.0,0.0,0.0,0.0,0.0,0.0,0.0,0.0,0.0,0.0,0.0,0.0,0.0,0.0,0.0,0.0,0.0,0.0,0.0,0.0,0.0,0.0,0.0,0.0,0.0,0.0,0.0,0.0,0.0,0.0,0.0,0.0,0.0,0.0,0.0,0.0,0.0,0.0,0.0,0.0,0.0,0.0,0.0,0.0,0.0,0.0,0.0,0.0,0.0,0.0,0.0,0.0,0.0,0.0,0.0,0.0,0.0,0.0,0.0,0.0,0.0,0.0,0.0,0.0,0.0,0.0,0.0,0.0,0.0,0.0,0.0,0.0,0.0,0.0,0.0,0.0,0.0,0.0,0.0,0.0,0.0,0.0,0.0,0.0,0.0,0.0,0.0,0.0,0.0,0.0,0.0,0.0,0.0,0.0,0.0,0.0,0.0,0.0,0.0,0.0,0.0,0.0,0.0,0.0,0.00,0.00,0.00,0.00,0.00,0.00,0.00,0.00,0.00,0.00,0.00,0.00,0.00,0.00,0.00,0.00,0.00,0.00,0.00,0.00,0.00,0.00,0.00,0.00,0.00,0.00,0.00,0.00,0.00,0.00,0.00,0.00,0.00,0.00,0.00
19,0,0.600,0.00,0,0.000000,0.000000,0.000000,0.000000,0.000000,0.000000,0.000,0.000,0.0,0.0,0.0,0.0,0.0,0.0,0.0,0.0,0.0,0.0,0.0,0.0,0.0,0.0,0.0,0.0,0.0,0.0,0.0,0.0,0.0,0.0,0.0,0.0,0.0,0.0,0.0,0.0,0.0,0.0,0.0,0.0,0.0,0.0,0.0,0.0,0.0,0.0,0.0,0.0,0.0,0.0,0.0,0.0,0.0,0.0,0.0,0.0,0.0,0.0,0.0,0.0,0.0,0.0,0.0,0.0,0.0,0.0,0.0,0.0,0.0,0.0,0.0,0.0,0.0,0.0,0.0,0.0,0.0,0.0,0.0,0.0,0.0,0.0,0.0,0.0,0.0,0.0,0.0,0.0,0.0,0.0,0.0,0.0,0.0,0.0,0.0,0.0,0.0,0.0,0.0,0.0,0.0,0.0,0.0,0.0,0.0,0.0,0.0,0.0,0.0,0.0,0.0,0.0,0.0,0.0,0.0,0.0,0.0,0.0,0.0,0.0,-640.0,-640.4,-640.5,-640.2,-639.6,-639.4,-639.1,-639.4,-643.1,-641.2,-639.4,-638.5,-638.7,-639.7,-640.8,-639.6,-638.5,-638.4,-639.4,-641.1,-640.2,-640.1,-640.1,-640.3,-640.5,-640.7,-640.6,-640.5,-639.6,-640.2,-640.5,-640.4,-640.0,-639.4,-639.1,-639.4,-640.8,-639.7,-638.7,-638.5,-639.4,-641.2,-643.1,-641.1,-639.4,-638.4,-638.5,-639.6,-640.1,-640.1,-640.2,-640.5,-640.6,-640.7,-640.5,-640.3,-360.0,-360.2,-360.3,-360.1,-359.8,-359.6,-359.5,-359.7,-361.8,-360.7,-359.7,-359.1,-359.3,-359.8,-360.4,-359.8,-359.2,-359.1,-359.6,-360.6,-360.1,-360.1,-360.1,-360.2,-360.3,-360.4,-360.4,-360.3,-359.8,-360.1,-360.3,-360.2,-360.0,-359.7,-359.5,-359.6,-360.4,-359.8,-359.3,-359.1,-359.7,-360.7,-361.8,-360.6,-359.6,-359.1,-359.2,-359.8,-360.1,-360.1,-360.1,-360.3,-360.4,-360.4,-360.3,-360.2,874.9,875.5,875.6,875.2,874.5,874.1,873.8,874.2,879.3,876.6,874.2,872.9,873.3,874.6,876.1,874.4,873.0,872.8,874.1,876.5,875.3,875.1,875.2,875.4,875.7,875.9,875.9,875.6,874.5,875.2,875.6,875.5,874.9,874.2,873.8,874.1,876.1,874.6,873.3,872.9,874.2,876.6,879.3,876.5,874.1,872.8,873.0,874.4,875.2,875.1,875.3,875.6,875.9,875.9,875.7,875.4,-33396508.0,-18785536.0,45659288.0,-0.401,0.463,0.001,0.0,0.0,0.0,0.0,0.0,0.0,0.0,0.0,0.0,0.0,0.0,0.0,0.0,0.0,0.0,0.0,0.0,0.0,0.0,0.0,0.0,0.0,0.0,0.0,0.0,0.0,0.0,0.0,0.0,0.0,0.0,0.0,0.0,0.0,0.0,0.0,0.0,0.0,0.0,0.0,0.0,0.0,0.0,0.0,0.0,0.0,0.0,0.0,0.0,0.0,0.0,0.0,0.0,0.0,0.0,0.0,0.0,0.0,0.0,0.0,0.0,0.0,0.0,0.0,0.0,0.0,0.0,0.0,0.0,0.0,0.0,0.0,0.0,0.0,0.0,0.0,0.0,0.0,0.0,0.0,0.0,0.0,0.0,0.0,0.0,0.0,0.0,0.0,0.0,0.0,0.0,0.0,0.0,0.0,0.0,0.0,0.0,0.0,0.0,0.0,0.0,0.0,0.0,0.0,0.0,0.0,0.0,0.0,0.0,0.0,0.0,0.0,0.0,0.0,0.0,0.0,0.0,0.0,0.0,0.0,0.0,0.0,0.0,0.0,0.0,0.0,0.0,0.0,0.0,0.0,0.0,0.0,0.0,0.0,0.0,0.0,0.00,0.00,0.00,0.00,0.00,0.00,0.00,0.00,0.00,0.00,0.00,0.00,0.00,0.00,0.00,0.00,0.00,0.00,0.00,0.00,0.00,0.00,0.00,0.00,0.00,0.00,0.00,0.00,0.00,0.00,0.00,0.00,0.00,0.00,0.00
20,0,0.633,0.00,0,0.000000,0.000000,0.000000,0.000000,0.000000,0.000000,0.000,0.000,0.0,0.0,0.0,0.0,0.0,0.0,0.0,0.0,0.0,0.0,0.0,0.0,0.0,0.0,0.0,0.0,0.0,0.0,0.0,0.0,0.0,0.0,0.0,0.0,0.0,0.0,0.0,0.0,0.0,0.0,0.0,0.0,0.0,0.0,0.0,0.0,0.0,0.0,0.0,0.0,0.0,0.0,0.0,0.0,0.0,0.0,0.0,0.0,0.0,0.0,0.0,0.0,0.0,0.0,0.0,0.0,0.0,0.0,0.0,0.0,0.0,0.0,0.0,0.0,0.0,0.0,0.0,0.0,0.0,0.0,0.0,0.0,0.0,0.0,0.0,0.0,0.0,0.0,0.0,0.0,0.0,0.0,0.0,0.0,0.0,0.0,0.0,0.0,0.0,0.0,0.0,0.0,0.0,0.0,0.0,0.0,0.0,0.0,0.0,0.0,0.0,0.0,0.0,0.0,0.0,0.0,0.0,0.0,0.0,0.0,0.0,0.0,-640.0,-640.4,-640.5,-640.2,-639.6,-639.4,-639.1,-639.4,-643.1,-641.2,-639.4,-638.5,-638.7,-639.7,-640.8,-639.6,-638.5,-638.4,-639.4,-641.1,-640.2,-640.1,-640.1,-640.3,-640.5,-640.7,-640.6,-640.5,-639.6,-640.2,-640.5,-640.4,-640.0,-639.4,-639.1,-639.4,-640.8,-639.7,-638.7,-638.5,-639.4,-641.2,-643.1,-641.1,-639.4,-638.4,-638.5,-639.6,-640.1,-640.1,-640.2,-640.5,-640.6,-640.7,-640.5,-640.3,-360.0,-360.2,-360.3,-360.1,-359.8,-359.6,-359.5,-359.7,-361.8,-360.7,-359.7,-359.1,-359.3,-359.8,-360.4,-359.8,-359.2,-359.1,-359.6,-360.6,-360.1,-360.1,-360.1,-360.2,-360.3,-360.4,-360.4,-360.3,-359.8,-360.1,-360.3,-360.2,-360.0,-359.7,-359.5,-359.6,-360.4,-359.8,-359.3,-359.1,-359.7,-360.7,-361.8,-360.6,-359.6,-359.1,-359.2,-359.8,-360.1,-360.1,-360.1,-360.3,-360.4,-360.4,-360.3,-360.2,874.9,875.5,875.6,875.2,874.5,874.1,873.8,874.2,879.3,876.6,874.2,872.9,873.3,874.6,876.1,874.4,873.0,872.8,874.1,876.5,875.3,875.1,875.2,875.4,875.7,875.9,875.9,875.6,874.5,875.2,875.6,875.5,874.9,874.2,873.8,874.1,876.1,874.6,873.3,872.9,874.2,876.6,879.3,876.5,874.1,872.8,873.0,874.4,875.2,875.1,875.3,875.6,875.9,875.9,875.7,875.4,-33396508.0,-18785536.0,45659288.0,-0.401,0.463,0.001,0.0,0.0,0.0,0.0,0.0,0.0,0.0,0.0,0.0,0.0,0.0,0.0,0.0,0.0,0.0,0.0,0.0,0.0,0.0,0.0,0.0,0.0,0.0,0.0,0.0,0.0,0.0,0.0,0.0,0.0,0.0,0.0,0.0,0.0,0.0,0.0,0.0,0.0,0.0,0.0,0.0,0.0,0.0,0.0,0.0,0.0,0.0,0.0,0.0,0.0,0.0,0.0,0.0,0.0,0.0,0.0,0.0,0.0,0.0,0.0,0.0,0.0,0.0,0.0,0.0,0.0,0.0,0.0,0.0,0.0,0.0,0.0,0.0,0.0,0.0,0.0,0.0,0.0,0.0,0.0,0.0,0.0,0.0,0.0,0.0,0.0,0.0,0.0,0.0,0.0,0.0,0.0,0.0,0.0,0.0,0.0,0.0,0.0,0.0,0.0,0.0,0.0,0.0,0.0,0.0,0.0,0.0,0.0,0.0,0.0,0.0,0.0,0.0,0.0,0.0,0.0,0.0,0.0,0.0,0.0,0.0,0.0,0.0,0.0,0.0,0.0,0.0,0.0,0.0,0.0,0.0,0.0,0.0,0.0,0.0,0.0,0.00,0.00,0.00,0.00,0.00,0.00,0.00,0.00,0.00,0.00,0.00,0.00,0.00,0.00,0.00,0.00,0.00,0.00,0.00,0.00,0.00,0.00,0.00,0.00,0.00,0.00,0.00,0.00,0.00,0.00,0.00,0.00,0.00,0.00,0.00
21,0,0.667,0.00,0,0.000000,0.000000,0.000000,0.000000,0.000000,0.000000,0.000,0.000,0.0,0.0,0.0,0.0,0.0,0.0,0.0,0.0,0.0,0.0,0.0,0.0,0.0,0.0,0.0,0.0,0.0,0.0,0.0,0.0,0.0,0.0,0.0,0.0,0.0,0.0,0.0,0.0,0.0,0.0,0.0,0.0,0.0,0.0,0.0,0.0,0.0,0.0,0.0,0.0,0.0,0.0,0.0,0.0,0.0,0.0,0.0,0.0,0.0,0.0,0.0,0.0,0.0,0.0,0.0,0.0,0.0,0.0,0.0,0.0,0.0,0.0,0.0,0.0,0.0,0.0,0.0,0.0,0.0,0.0,0.0,0.0,0.0,0.0,0.0,0.0,0.0,0.0,0.0,0.0,0.0,0.0,0.0,0.0,0.0,0.0,0.0,0.0,0.0,0.0,0.0,0.0,0.0,0.0,0.0,0.0,0.0,0.0,0.0,0.0,0.0,0.0,0.0,0.0,0.0,0.0,0.0,0.0,0.0,0.0,0.0,0.0,-640.0,-640.4,-640.5,-640.2,-639.6,-639.4,-639.1,-639.4,-643.1,-641.2,-639.4,-638.5,-638.7,-639.7,-640.8,-639.6,-638.5,-638.4,-639.4,-641.1,-640.2,-640.1,-640.1,-640.3,-640.5,-640.7,-640.6,-640.5,-639.6,-640.2,-640.5,-640.4,-640.0,-639.4,-639.1,-639.4,-640.8,-639.7,-638.7,-638.5,-639.4,-641.2,-643.1,-641.1,-639.4,-638.4,-638.5,-639.6,-640.1,-640.1,-640.2,-640.5,-640.6,-640.7,-640.5,-640.3,-360.0,-360.2,-360.3,-360.1,-359.8,-359.6,-359.5,-359.7,-361.8,-360.7,-359.7,-359.1,-359.3,-359.8,-360.4,-359.8,-359.2,-359.1,-359.6,-360.6,-360.1,-360.1,-360.1,-360.2,-360.3,-360.4,-360.4,-360.3,-359.8,-360.1,-360.3,-360.2,-360.0,-359.7,-359.5,-359.6,-360.4,-359.8,-359.3,-359.1,-359.7,-360.7,-361.8,-360.6,-359.6,-359.1,-359.2,-359.8,-360.1,-360.1,-360.1,-360.3,-360.4,-360.4,-360.3,-360.2,874.9,875.5,875.6,875.2,874.5,874.1,873.8,874.2,879.3,876.6,874.2,872.9,873.3,874.6,876.1,874.4,873.0,872.8,874.1,876.5,875.3,875.1,875.2,875.4,875.7,875.9,875.9,875.6,874.5,875.2,875.6,875.5,874.9,874.2,873.8,874.1,876.1,874.6,873.3,872.9,874.2,876.6,879.3,876.5,874.1,872.8,873.0,874.4,875.2,875.1,875.3,875.6,875.9,875.9,875.7,875.4,-33396508.0,-18785536.0,45659288.0,-0.401,0.463,0.001,0.0,0.0,0.0,0.0,0.0,0.0,0.0,0.0,0.0,0.0,0.0,0.0,0.0,0.0,0.0,0.0,0.0,0.0,0.0,0.0,0.0,0.0,0.0,0.0,0.0,0.0,0.0,0.0,0.0,0.0,0.0,0.0,0.0,0.0,0.0,0.0,0.0,0.0,0.0,0.0,0.0,0.0,0.0,0.0,0.0,0.0,0.0,0.0,0.0,0.0,0.0,0.0,0.0,0.0,0.0,0.0,0.0,0.0,0.0,0.0,0.0,0.0,0.0,0.0,0.0,0.0,0.0,0.0,0.0,0.0,0.0,0.0,0.0,0.0,0.0,0.0,0.0,0.0,0.0,0.0,0.0,0.0,0.0,0.0,0.0,0.0,0.0,0.0,0.0,0.0,0.0,0.0,0.0,0.0,0.0,0.0,0.0,0.0,0.0,0.0,0.0,0.0,0.0,0.0,0.0,0.0,0.0,0.0,0.0,0.0,0.0,0.0,0.0,0.0,0.0,0.0,0.0,0.0,0.0,0.0,0.0,0.0,0.0,0.0,0.0,0.0,0.0,0.0,0.0,0.0,0.0,0.0,0.0,0.0,0.0,0.0,0.00,0.00,0.00,0.00,0.00,0.00,0.00,0.00,0.00,0.00,0.00,0.00,0.00,0.00,0.00,0.00,0.00,0.00,0.00,0.00,0.00,0.00,0.00,0.00,0.00,0.00,0.00,0.00,0.00,0.00,0.00,0.00,0.00,0.00,0.00
22,0,0.700,0.00,0,0.000000,0.000000,0.000000,0.000000,0.000000,0.000000,0.000,0.000,0.0,0.0,0.0,0.0,0.0,0.0,0.0,0.0,0.0,0.0,0.0,0.0,0.0,0.0,0.0,0.0,0.0,0.0,0.0,0.0,0.0,0.0,0.0,0.0,0.0,0.0,0.0,0.0,0.0,0.0,0.0,0.0,0.0,0.0,0.0,0.0,0.0,0.0,0.0,0.0,0.0,0.0,0.0,0.0,0.0,0.0,0.0,0.0,0.0,0.0,0.0,0.0,0.0,0.0,0.0,0.0,0.0,0.0,0.0,0.0,0.0,0.0,0.0,0.0,0.0,0.0,0.0,0.0,0.0,0.0,0.0,0.0,0.0,0.0,0.0,0.0,0.0,0.0,0.0,0.0,0.0,0.0,0.0,0.0,0.0,0.0,0.0,0.0,0.0,0.0,0.0,0.0,0.0,0.0,0.0,0.0,0.0,0.0,0.0,0.0,0.0,0.0,0.0,0.0,0.0,0.0,0.0,0.0,0.0,0.0,0.0,0.0,-640.0,-640.4,-640.5,-640.2,-639.6,-639.4,-639.1,-639.4,-643.1,-641.2,-639.4,-638.5,-638.7,-639.7,-640.8,-639.6,-638.5,-638.4,-639.4,-641.1,-640.2,-640.1,-640.1,-640.3,-640.5,-640.7,-640.6,-640.5,-639.6,-640.2,-640.5,-640.4,-640.0,-639.4,-639.1,-639.4,-640.8,-639.7,-638.7,-638.5,-639.4,-641.2,-643.1,-641.1,-639.4,-638.4,-638.5,-639.6,-640.1,-640.1,-640.2,-640.5,-640.6,-640.7,-640.5,-640.3,-360.0,-360.2,-360.3,-360.1,-359.8,-359.6,-359.5,-359.7,-361.8,-360.7,-359.7,-359.1,-359.3,-359.8,-360.4,-359.8,-359.2,-359.1,-359.6,-360.6,-360.1,-360.1,-360.1,-360.2,-360.3,-360.4,-360.4,-360.3,-359.8,-360.1,-360.3,-360.2,-360.0,-359.7,-359.5,-359.6,-360.4,-359.8,-359.3,-359.1,-359.7,-360.7,-361.8,-360.6,-359.6,-359.1,-359.2,-359.8,-360.1,-360.1,-360.1,-360.3,-360.4,-360.4,-360.3,-360.2,874.9,875.5,875.6,875.2,874.5,874.1,873.8,874.2,879.3,876.6,874.2,872.9,873.3,874.6,876.1,874.4,873.0,872.8,874.1,876.5,875.3,875.1,875.2,875.4,875.7,875.9,875.9,875.6,874.5,875.2,875.6,875.5,874.9,874.2,873.8,874.1,876.1,874.6,873.3,872.9,874.2,876.6,879.3,876.5,874.1,872.8,873.0,874.4,875.2,875.1,875.3,875.6,875.9,875.9,875.7,875.4,-33396508.0,-18785536.0,45659288.0,-0.401,0.463,0.001,0.0,0.0,0.0,0.0,0.0,0.0,0.0,0.0,0.0,0.0,0.0,0.0,0.0,0.0,0.0,0.0,0.0,0.0,0.0,0.0,0.0,0.0,0.0,0.0,0.0,0.0,0.0,0.0,0.0,0.0,0.0,0.0,0.0,0.0,0.0,0.0,0.0,0.0,0.0,0.0,0.0,0.0,0.0,0.0,0.0,0.0,0.0,0.0,0.0,0.0,0.0,0.0,0.0,0.0,0.0,0.0,0.0,0.0,0.0,0.0,0.0,0.0,0.0,0.0,0.0,0.0,0.0,0.0,0.0,0.0,0.0,0.0,0.0,0.0,0.0,0.0,0.0,0.0,0.0,0.0,0.0,0.0,0.0,0.0,0.0,0.0,0.0,0.0,0.0,0.0,0.0,0.0,0.0,0.0,0.0,0.0,0.0,0.0,0.0,0.0,0.0,0.0,0.0,0.0,0.0,0.0,0.0,0.0,0.0,0.0,0.0,0.0,0.0,0.0,0.0,0.0,0.0,0.0,0.0,0.0,0.0,0.0,0.0,0.0,0.0,0.0,0.0,0.0,0.0,0.0,0.0,0.0,0.0,0.0,0.0,0.0,0.00,0.00,0.00,0.00,0.00,0.00,0.00,0.00,0.00,0.00,0.00,0.00,0.00,0.00,0.00,0.00,0.00,0.00,0.00,0.00,0.00,0.00,0.00,0.00,0.00,0.00,0.00,0.00,0.00,0.00,0.00,0.00,0.00,0.00,0.00
23,0,0.733,0.00,0,0.000000,0.000000,0.000000,0.000000,0.000000,0.000000,0.000,0.000,0.0,0.0,0.0,0.0,0.0,0.0,0.0,0.0,0.0,0.0,0.0,0.0,0.0,0.0,0.0,0.0,0.0,0.0,0.0,0.0,0.0,0.0,0.0,0.0,0.0,0.0,0.0,0.0,0.0,0.0,0.0,0.0,0.0,0.0,0.0,0.0,0.0,0.0,0.0,0.0,0.0,0.0,0.0,0.0,0.0,0.0,0.0,0.0,0.0,0.0,0.0,0.0,0.0,0.0,0.0,0.0,0.0,0.0,0.0,0.0,0.0,0.0,0.0,0.0,0.0,0.0,0.0,0.0,0.0,0.0,0.0,0.0,0.0,0.0,0.0,0.0,0.0,0.0,0.0,0.0,0.0,0.0,0.0,0.0,0.0,0.0,0.0,0.0,0.0,0.0,0.0,0.0,0.0,0.0,0.0,0.0,0.0,0.0,0.0,0.0,0.0,0.0,0.0,0.0,0.0,0.0,0.0,0.0,0.0,0.0,0.0,0.0,-640.0,-640.4,-640.5,-640.2,-639.6,-639.4,-639.1,-639.4,-643.1,-641.2,-639.4,-638.5,-638.7,-639.7,-640.8,-639.6,-638.5,-638.4,-639.4,-641.1,-640.2,-640.1,-640.1,-640.3,-640.5,-640.7,-640.6,-640.5,-639.6,-640.2,-640.5,-640.4,-640.0,-639.4,-639.1,-639.4,-640.8,-639.7,-638.7,-638.5,-639.4,-641.2,-643.1,-641.1,-639.4,-638.4,-638.5,-639.6,-640.1,-640.1,-640.2,-640.5,-640.6,-640.7,-640.5,-640.3,-360.0,-360.2,-360.3,-360.1,-359.8,-359.6,-359.5,-359.7,-361.8,-360.7,-359.7,-359.1,-359.3,-359.8,-360.4,-359.8,-359.2,-359.1,-359.6,-360.6,-360.1,-360.1,-360.1,-360.2,-360.3,-360.4,-360.4,-360.3,-359.8,-360.1,-360.3,-360.2,-360.0,-359.7,-359.5,-359.6,-360.4,-359.8,-359.3,-359.1,-359.7,-360.7,-361.8,-360.6,-359.6,-359.1,-359.2,-359.8,-360.1,-360.1,-360.1,-360.3,-360.4,-360.4,-360.3,-360.2,874.9,875.5,875.6,875.2,874.5,874.1,873.8,874.2,879.3,876.6,874.2,872.9,873.3,874.6,876.1,874.4,873.0,872.8,874.1,876.5,875.3,875.1,875.2,875.4,875.7,875.9,875.9,875.6,874.5,875.2,875.6,875.5,874.9,874.2,873.8,874.1,876.1,874.6,873.3,872.9,874.2,876.6,879.3,876.5,874.1,872.8,873.0,874.4,875.2,875.1,875.3,875.6,875.9,875.9,875.7,875.4,-33396508.0,-18785536.0,45659288.0,-0.401,0.463,0.001,0.0,0.0,0.0,0.0,0.0,0.0,0.0,0.0,0.0,0.0,0.0,0.0,0.0,0.0,0.0,0.0,0.0,0.0,0.0,0.0,0.0,0.0,0.0,0.0,0.0,0.0,0.0,0.0,0.0,0.0,0.0,0.0,0.0,0.0,0.0,0.0,0.0,0.0,0.0,0.0,0.0,0.0,0.0,0.0,0.0,0.0,0.0,0.0,0.0,0.0,0.0,0.0,0.0,0.0,0.0,0.0,0.0,0.0,0.0,0.0,0.0,0.0,0.0,0.0,0.0,0.0,0.0,0.0,0.0,0.0,0.0,0.0,0.0,0.0,0.0,0.0,0.0,0.0,0.0,0.0,0.0,0.0,0.0,0.0,0.0,0.0,0.0,0.0,0.0,0.0,0.0,0.0,0.0,0.0,0.0,0.0,0.0,0.0,0.0,0.0,0.0,0.0,0.0,0.0,0.0,0.0,0.0,0.0,0.0,0.0,0.0,0.0,0.0,0.0,0.0,0.0,0.0,0.0,0.0,0.0,0.0,0.0,0.0,0.0,0.0,0.0,0.0,0.0,0.0,0.0,0.0,0.0,0.0,0.0,0.0,0.0,0.00,0.00,0.00,0.00,0.00,0.00,0.00,0.00,0.00,0.00,0.00,0.00,0.00,0.00,0.00,0.00,0.00,0.00,0.00,0.00,0.00,0.00,0.00,0.00,0.00,0.00,0.00,0.00,0.00,0.00,0.00,0.00,0.00,0.00,0.00
24,0,0.767,0.00,0,0.000000,0.000000,0.000000,0.000000,0.000000,0.000000,0.000,0.000,0.0,0.0,0.0,0.0,0.0,0.0,0.0,0.0,0.0,0.0,0.0,0.0,0.0,0.0,0.0,0.0,0.0,0.0,0.0,0.0,0.0,0.0,0.0,0.0,0.0,0.0,0.0,0.0,0.0,0.0,0.0,0.0,0.0,0.0,0.0,0.0,0.0,0.0,0.0,0.0,0.0,0.0,0.0,0.0,0.0,0.0,0.0,0.0,0.0,0.0,0.0,0.0,0.0,0.0,0.0,0.0,0.0,0.0,0.0,0.0,0.0,0.0,0.0,0.0,0.0,0.0,0.0,0.0,0.0,0.0,0.0,0.0,0.0,0.0,0.0,0.0,0.0,0.0,0.0,0.0,0.0,0.0,0.0,0.0,0.0,0.0,0.0,0.0,0.0,0.0,0.0,0.0,0.0,0.0,0.0,0.0,0.0,0.0,0.0,0.0,0.0,0.0,0.0,0.0,0.0,0.0,0.0,0.0,0.0,0.0,0.0,0.0,-640.0,-640.4,-640.5,-640.2,-639.6,-639.4,-639.1,-639.4,-643.1,-641.2,-639.4,-638.5,-638.7,-639.7,-640.8,-639.6,-638.5,-638.4,-639.4,-641.1,-640.2,-640.1,-640.1,-640.3,-640.5,-640.7,-640.6,-640.5,-639.6,-640.2,-640.5,-640.4,-640.0,-639.4,-639.1,-639.4,-640.8,-639.7,-638.7,-638.5,-639.4,-641.2,-643.1,-641.1,-639.4,-638.4,-638.5,-639.6,-640.1,-640.1,-640.2,-640.5,-640.6,-640.7,-640.5,-640.3,-360.0,-360.2,-360.3,-360.1,-359.8,-359.6,-359.5,-359.7,-361.8,-360.7,-359.7,-359.1,-359.3,-359.8,-360.4,-359.8,-359.2,-359.1,-359.6,-360.6,-360.1,-360.1,-360.1,-360.2,-360.3,-360.4,-360.4,-360.3,-359.8,-360.1,-360.3,-360.2,-360.0,-359.7,-359.5,-359.6,-360.4,-359.8,-359.3,-359.1,-359.7,-360.7,-361.8,-360.6,-359.6,-359.1,-359.2,-359.8,-360.1,-360.1,-360.1,-360.3,-360.4,-360.4,-360.3,-360.2,874.9,875.5,875.6,875.2,874.5,874.1,873.8,874.2,879.3,876.6,874.2,872.9,873.3,874.6,876.1,874.4,873.0,872.8,874.1,876.5,875.3,875.1,875.2,875.4,875.7,875.9,875.9,875.6,874.5,875.2,875.6,875.5,874.9,874.2,873.8,874.1,876.1,874.6,873.3,872.9,874.2,876.6,879.3,876.5,874.1,872.8,873.0,874.4,875.2,875.1,875.3,875.6,875.9,875.9,875.7,875.4,-33396508.0,-18785536.0,45659288.0,-0.401,0.463,0.001,0.0,0.0,0.0,0.0,0.0,0.0,0.0,0.0,0.0,0.0,0.0,0.0,0.0,0.0,0.0,0.0,0.0,0.0,0.0,0.0,0.0,0.0,0.0,0.0,0.0,0.0,0.0,0.0,0.0,0.0,0.0,0.0,0.0,0.0,0.0,0.0,0.0,0.0,0.0,0.0,0.0,0.0,0.0,0.0,0.0,0.0,0.0,0.0,0.0,0.0,0.0,0.0,0.0,0.0,0.0,0.0,0.0,0.0,0.0,0.0,0.0,0.0,0.0,0.0,0.0,0.0,0.0,0.0,0.0,0.0,0.0,0.0,0.0,0.0,0.0,0.0,0.0,0.0,0.0,0.0,0.0,0.0,0.0,0.0,0.0,0.0,0.0,0.0,0.0,0.0,0.0,0.0,0.0,0.0,0.0,0.0,0.0,0.0,0.0,0.0,0.0,0.0,0.0,0.0,0.0,0.0,0.0,0.0,0.0,0.0,0.0,0.0,0.0,0.0,0.0,0.0,0.0,0.0,0.0,0.0,0.0,0.0,0.0,0.0,0.0,0.0,0.0,0.0,0.0,0.0,0.0,0.0,0.0,0.0,0.0,0.0,0.00,0.00,0.00,0.00,0.00,0.00,0.00,0.00,0.00,0.00,0.00,0.00,0.00,0.00,0.00,0.00,0.00,0.00,0.00,0.00,0.00,0.00,0.00,0.00,0.00,0.00,0.00,0.00,0.00,0.00,0.00,0.00,0.00,0.00,0.00
25,0,0.800,0.03,1,-0.521876,-0.263466,-0.811314,-0.467464,-0.186395,-0.864138,-0.533,-0.262,727.9,731.4,738.3,744.5,746.4,743.6,736.0,729.8,723.4,725.6,730.0,737.0,745.2,752.1,757.3,750.9,742.7,735.3,729.4,725.2,734.6,737.5,740.7,742.3,741.4,738.5,735.3,733.7,814.5,816.9,824.9,833.9,838.6,836.2,828.1,818.6,805.9,810.9,817.8,825.7,833.4,840.8,847.0,842.1,835.0,826.9,818.9,811.4,823.1,827.2,830.9,832.0,829.8,825.7,822.0,820.9,566.1,558.5,554.4,556.2,562.9,571.2,574.6,572.8,573.1,567.2,562.9,560.3,561.4,564.8,569.3,573.0,574.6,575.9,576.3,575.7,569.1,569.9,568.0,564.4,561.3,560.5,562.4,565.9,551.4,543.1,539.0,541.4,548.8,557.1,561.2,559.7,556.7,551.5,547.3,545.1,545.2,547.3,550.4,553.8,555.9,557.2,558.1,558.6,554.8,555.9,554.0,550.3,546.8,545.8,547.7,551.4,46.1,48.1,51.5,54.4,55.1,53.5,49.8,46.9,44.2,45.1,47.1,50.4,54.5,57.9,60.6,57.2,53.0,49.4,46.6,44.8,49.4,50.8,52.3,53.2,52.9,51.6,50.0,49.0,91.1,92.7,97.2,101.8,103.9,102.2,97.8,92.9,86.9,89.3,92.8,96.9,101.0,105.4,109.1,105.8,101.5,97.0,92.9,89.4,95.6,97.8,99.8,100.6,99.6,97.5,95.4,94.7,108.2,104.4,101.9,102.2,105.1,109.2,111.3,111.0,113.0,109.2,106.1,104.1,104.3,105.9,108.2,109.9,110.7,111.8,112.7,113.4,109.2,109.3,108.2,106.4,105.1,104.9,106.1,107.8,99.9,96.0,94.1,95.3,98.8,102.7,104.6,103.9,103.1,100.1,97.7,96.6,96.8,98.3,100.3,101.4,101.9,102.4,102.9,103.6,101.8,102.3,101.4,99.7,98.0,97.5,98.4,100.2,459.2,460.1,458.7,455.9,453.2,452.3,453.8,456.6,464.1,461.0,457.7,454.7,453.0,452.3,452.2,451.3,451.5,453.1,455.9,459.8,457.0,455.7,455.0,455.4,456.6,458.0,458.6,458.2,456.8,458.8,459.9,459.6,457.9,455.9,454.8,455.2,458.5,457.4,456.7,456.4,457.2,459.1,461.0,457.9,455.3,454.1,454.7,456.4,457.1,457.0,457.5,458.4,459.2,459.3,458.8,457.9,85.7,160.7,512.6,-0.286,0.711,-0.080,728.5,728.4,733.1,741.2,749.7,761.0,770.8,779.2,798.6,828.6,862.5,892.3,916.8,932.6,938.6,939.0,939.1,712.1,717.2,728.5,739.7,750.9,783.0,807.0,832.9,858.7,881.1,763.5,756.5,748.7,741.7,742.2,748.1,757.2,772.3,786.5,725.2,731.9,743.4,755.0,742.3,730.6,807.0,818.8,833.0,847.8,833.5,819.5,750.1,749.2,757.1,766.2,779.1,803.7,832.7,807.3,784.9,771.0,761.3,753.7,753.0,759.9,768.7,782.5,825.6,782.3,769.2,760.5,593.6,622.8,653.8,684.5,713.8,739.8,761.1,775.1,775.8,767.7,749.3,726.0,699.3,668.9,635.4,600.7,565.6,558.5,546.6,542.5,542.4,545.9,537.9,527.3,522.5,526.1,538.1,558.9,580.2,601.7,623.8,644.2,647.4,649.4,644.7,639.6,573.6,562.5,560.5,569.6,572.8,575.7,559.9,545.9,544.5,551.9,557.3,559.0,694.1,683.9,677.5,679.1,674.1,676.5,681.3,697.7,706.1,709.5,709.6,705.7,694.0,687.9,687.5,684.2,683.2,689.6,693.0,692.9,0.00,0.00,0.00,0.00,0.00,0.00,0.00,0.00,0.00,0.00,0.00,0.00,0.00,0.00,0.00,0.00,0.00,0.00,0.00,0.00,0.00,0.00,0.00,0.00,0.00,0.00,0.00,0.00,0.00,0.00,0.00,0.00,0.00,0.00,0.00
26,0,0.833,0.03,0,0.000000,0.000000,0.000000,0.000000,0.000000,0.000000,0.000,0.000,727.6,731.1,738.0,744.1,745.9,743.1,735.6,729.5,723.2,725.4,729.8,736.7,744.9,751.8,756.9,750.5,742.4,735.1,729.2,725.0,734.2,737.1,740.3,742.0,741.1,738.2,735.0,733.3,814.3,816.8,824.9,833.9,838.5,836.0,827.9,818.4,805.4,809.9,816.5,824.6,832.9,840.6,847.0,841.9,834.7,826.6,818.3,810.9,822.9,827.1,830.8,831.9,829.8,825.7,822.0,820.8,566.3,558.7,554.5,556.4,563.0,571.3,574.8,573.0,573.1,567.2,562.8,560.2,561.3,564.9,569.5,573.1,574.6,575.9,576.3,575.8,569.3,570.1,568.2,564.6,561.4,560.6,562.5,566.1,551.5,543.1,538.9,541.3,548.8,557.2,561.4,559.9,557.0,551.7,547.4,545.1,545.1,547.1,550.5,553.9,555.9,557.3,558.2,558.8,554.9,556.0,554.1,550.3,546.8,545.7,547.6,551.5,46.1,48.0,51.4,54.3,55.0,53.4,49.7,46.8,44.2,45.1,47.1,50.4,54.4,57.9,60.5,57.1,52.9,49.3,46.5,44.8,49.3,50.7,52.3,53.2,52.8,51.5,49.9,49.0,90.1,91.8,96.2,100.8,102.8,101.1,96.7,91.9,85.9,88.0,91.2,95.3,99.7,104.1,107.8,104.5,100.3,95.8,91.8,88.3,94.6,96.7,98.7,99.5,98.6,96.5,94.5,93.7,108.5,104.7,102.2,102.5,105.4,109.4,111.6,111.4,113.2,109.4,106.3,104.2,104.4,106.1,108.4,110.1,110.9,112.0,112.9,113.6,109.5,109.6,108.5,106.7,105.3,105.2,106.3,108.1,99.0,95.1,93.1,94.2,97.8,101.7,103.6,103.0,102.3,99.3,96.9,95.5,95.7,97.1,99.2,100.3,100.9,101.4,102.0,102.7,100.8,101.3,100.4,98.6,97.0,96.5,97.4,99.2,460.1,461.0,459.5,456.6,454.0,453.1,454.6,457.5,464.9,461.8,458.6,455.6,453.8,453.1,452.9,452.1,452.3,453.9,456.8,460.6,457.9,456.5,455.9,456.2,457.5,458.8,459.5,459.1,452.3,454.2,455.2,454.7,453.0,451.2,450.2,450.8,454.4,453.2,452.2,451.7,452.2,453.9,455.7,452.8,450.5,449.4,450.2,452.1,452.6,452.3,452.8,453.6,454.4,454.6,454.2,453.3,83.8,160.2,502.7,-0.311,0.769,-0.108,731.6,730.4,735.1,745.7,757.6,769.8,778.0,783.6,800.1,829.8,862.8,893.5,918.6,935.6,941.2,940.6,939.8,716.1,719.8,732.0,743.6,754.1,772.4,794.0,821.6,852.2,879.6,758.5,750.0,740.7,732.5,734.0,739.6,749.8,768.1,785.6,728.9,735.2,745.8,757.0,744.4,733.5,803.9,816.6,830.3,844.7,830.3,816.5,751.4,748.3,755.2,764.6,779.1,804.9,837.2,809.9,786.3,771.1,760.8,753.9,753.8,757.8,766.7,782.0,830.0,783.7,769.0,759.9,607.6,638.6,671.7,703.4,733.4,758.3,777.9,789.5,787.8,778.6,759.4,735.0,706.2,672.7,636.0,599.0,562.4,563.6,549.8,547.5,549.2,555.9,546.8,531.1,522.0,522.4,534.6,561.5,583.5,605.9,629.1,648.5,652.3,654.2,647.3,640.7,577.9,567.1,564.9,572.7,575.6,578.8,560.3,545.9,543.6,549.4,555.0,557.4,698.7,688.3,681.5,682.3,676.3,676.4,679.0,697.4,707.9,712.7,713.9,711.4,698.9,690.7,689.7,685.4,681.7,692.3,696.9,697.7,0.00,0.00,0.00,0.00,0.00,0.00,0.00,0.00,0.00,0.00,0.00,0.00,0.00,0.00,0.00,0.00,0.00,0.00,0.00,0.00,0.00,0.00,0.00,0.00,0.00,0.00,0.00,0.00,0.00,0.00,0.00,0.00,0.00,0.00,0.00
27,0,0.867,0.03,0,0.000000,0.000000,0.000000,0.000000,0.000000,0.000000,0.000,0.000,734.2,738.8,746.5,752.6,753.8,749.9,741.6,735.4,729.8,730.6,733.4,738.6,745.9,753.0,758.9,751.3,742.8,735.9,731.3,729.1,741.7,744.1,747.0,748.6,748.2,745.8,742.9,741.2,811.5,813.2,820.7,829.7,834.8,833.1,825.6,816.2,803.5,807.4,813.5,821.7,830.4,838.4,844.9,840.1,833.0,824.9,816.4,808.9,820.5,824.3,827.5,828.2,826.0,822.2,819.0,818.3,580.9,572.8,568.5,570.5,577.6,586.5,590.1,588.1,588.0,580.8,575.1,571.6,572.1,575.2,579.6,581.0,581.2,582.5,584.5,586.7,583.4,584.2,582.5,579.5,576.8,576.1,577.7,580.8,553.2,544.2,539.0,540.7,548.3,557.3,562.4,561.5,557.8,553.1,549.0,545.9,545.0,545.6,547.8,551.4,554.2,556.3,558.0,559.1,555.3,556.0,553.8,550.0,546.8,546.0,548.2,552.1,46.8,49.2,52.8,55.4,55.6,53.5,49.7,47.0,45.5,45.6,46.6,48.7,52.0,55.2,57.9,54.2,50.3,47.2,45.3,44.7,50.2,51.2,52.5,53.4,53.3,52.3,50.9,50.1,89.8,90.8,94.8,99.4,101.9,100.9,96.9,92.1,86.1,87.8,90.7,94.8,99.5,104.1,108.0,104.9,100.7,96.3,92.0,88.5,94.6,96.5,98.2,98.7,97.6,95.6,93.9,93.5,109.7,105.9,103.4,103.6,106.3,110.4,112.6,112.4,115.5,111.0,107.2,104.5,104.0,105.1,106.9,107.7,108.2,109.5,111.4,113.6,110.2,110.3,109.3,108.0,106.9,106.9,107.8,109.2,101.1,96.6,93.9,94.7,98.5,103.1,105.7,105.4,104.2,101.3,98.8,97.0,96.7,97.3,98.9,100.3,101.3,102.3,103.3,104.3,102.3,102.7,101.5,99.6,98.0,97.6,98.8,100.7,434.4,435.4,433.9,430.6,427.6,426.4,428.1,431.4,443.2,439.8,436.0,432.2,429.1,427.2,425.9,426.2,427.8,430.7,434.3,438.6,431.6,430.4,429.9,430.3,431.4,432.6,433.2,432.8,458.1,458.8,459.0,458.6,457.8,457.1,456.9,457.5,460.8,459.0,457.5,456.6,457.1,458.9,461.1,458.6,456.5,455.7,456.5,458.6,458.5,458.3,458.4,458.7,459.1,459.2,459.1,458.8,83.2,160.3,495.6,-0.394,0.768,-0.102,731.2,730.8,737.0,749.3,762.2,774.2,780.6,785.4,802.1,832.7,867.0,899.2,924.4,941.0,944.7,941.1,936.9,714.7,719.9,735.3,749.8,762.7,765.9,786.3,816.7,852.0,882.9,758.6,749.9,740.9,732.8,733.1,738.7,749.1,768.9,787.7,728.0,734.8,745.6,757.2,744.3,733.0,803.5,816.8,830.3,844.4,830.2,816.5,751.4,747.4,754.9,765.2,781.2,807.7,841.5,812.8,788.5,772.1,760.9,754.1,753.8,757.2,766.5,783.5,833.8,786.1,770.0,760.2,613.3,647.0,684.2,719.1,750.8,774.5,791.4,799.6,795.8,786.7,768.0,744.0,714.5,679.5,640.1,600.0,560.9,573.1,555.8,552.9,555.3,565.0,556.1,535.1,523.1,522.3,537.1,564.7,585.1,605.8,627.8,651.0,653.7,654.5,647.4,640.5,586.3,575.1,572.3,578.5,581.8,585.7,562.1,547.2,544.3,548.9,554.5,557.6,706.5,691.7,682.8,682.9,676.1,676.3,680.0,698.8,709.7,715.3,717.5,716.8,705.6,692.2,690.1,685.2,682.7,694.5,700.0,701.8,1.04,0.00,0.53,0.00,0.24,0.17,0.00,0.00,0.00,0.00,0.00,0.46,0.56,0.90,0.07,1.67,0.00,0.00,0.00,0.00,0.00,0.00,0.00,0.00,0.00,0.00,0.00,0.00,0.00,0.00,0.00,0.00,0.00,0.00,0.00
28,0,0.900,0.03,0,0.000000,0.000000,0.000000,0.000000,0.000000,0.000000,0.000,0.000,660.5,662.2,669.4,677.9,682.6,681.6,673.7,665.3,651.2,655.4,661.5,669.3,677.8,684.7,690.0,685.6,678.4,670.5,663.1,656.5,668.7,672.7,676.1,676.9,674.6,670.7,667.3,666.5,789.8,792.3,801.1,811.1,816.5,813.9,805.1,794.7,782.5,786.2,792.5,801.5,811.6,821.4,829.8,823.3,814.7,805.4,796.2,788.4,799.8,804.5,808.6,809.8,807.3,802.6,798.5,797.3,547.2,539.1,534.4,535.9,542.8,551.5,555.6,554.1,553.2,547.8,543.5,540.3,539.6,541.0,544.0,547.8,550.1,552.4,553.9,554.5,549.8,550.5,548.3,544.5,541.3,540.6,542.8,546.6,516.0,505.6,499.9,502.3,511.3,521.6,527.3,525.9,521.6,515.2,510.1,506.5,505.8,507.1,510.4,515.4,519.0,521.7,523.2,523.8,519.3,520.3,517.7,512.8,508.6,507.6,510.2,515.1,11.1,12.0,16.0,20.5,23.0,22.4,18.1,13.6,6.1,8.4,11.6,15.8,20.4,24.2,27.1,24.6,20.7,16.4,12.5,8.9,15.5,17.7,19.5,20.0,18.8,16.6,14.8,14.3,67.0,68.2,72.1,76.3,78.4,77.2,73.4,69.0,64.2,65.5,68.0,71.7,76.2,80.8,84.9,81.6,77.4,73.3,69.5,66.4,71.4,73.4,75.2,75.8,74.7,72.8,71.0,70.4,101.2,97.1,94.7,95.4,98.8,103.2,105.2,104.5,105.2,101.8,99.1,97.2,96.9,97.9,99.8,101.4,102.2,103.3,104.4,105.3,102.6,102.9,101.8,99.9,98.3,98.0,99.1,101.0,69.8,65.2,62.6,63.4,67.2,71.8,74.4,74.0,72.8,69.6,66.9,65.1,64.8,65.5,67.3,69.1,70.5,71.6,72.6,73.3,71.2,71.6,70.3,68.2,66.4,66.0,67.3,69.4,472.9,474.4,475.0,474.4,472.9,471.5,470.8,471.4,476.4,474.3,472.6,471.8,472.2,473.3,474.5,472.2,470.4,470.0,471.2,473.5,473.0,472.7,473.0,473.7,474.4,474.7,474.4,473.7,391.4,391.8,391.3,390.1,389.0,388.6,389.1,390.5,394.0,392.1,390.1,388.7,388.6,389.8,391.5,389.4,387.9,387.7,389.1,391.6,391.0,390.5,390.3,390.5,391.0,391.5,391.8,391.6,69.0,135.8,440.1,-0.517,0.886,-0.105,729.1,730.9,742.4,758.6,767.9,776.6,776.3,780.7,799.4,833.4,869.9,899.2,923.3,940.9,943.8,936.4,932.9,719.5,712.8,724.8,739.4,751.1,747.1,766.9,801.8,841.5,877.6,738.0,726.2,713.3,701.8,714.4,717.2,726.1,748.6,770.2,726.1,733.4,743.0,752.3,742.7,732.5,788.8,800.1,813.1,826.8,814.2,801.0,751.5,740.6,746.1,753.8,766.0,786.4,810.9,791.9,779.9,767.3,758.9,752.4,750.5,748.3,754.9,768.2,802.9,773.4,761.1,754.0,611.9,653.2,695.8,733.6,765.8,790.8,807.5,811.5,803.5,793.9,776.5,748.5,712.6,671.3,622.9,570.5,519.2,582.0,550.4,537.3,533.2,537.3,527.5,499.8,484.3,484.1,505.6,529.8,553.0,576.5,601.9,634.7,636.1,634.9,626.6,618.4,572.5,558.1,551.5,553.5,560.7,568.7,524.9,508.2,504.3,508.4,515.9,519.9,716.9,696.4,684.6,683.9,675.9,677.1,682.0,698.2,708.7,715.3,718.8,720.8,712.2,693.0,689.8,684.1,684.6,691.9,698.2,700.6,1.04,0.00,0.53,0.00,0.24,0.17,0.00,0.00,0.00,0.00,0.00,0.46,0.56,0.90,0.07,1.67,0.00,0.00,0.00,0.00,0.00,0.00,0.00,0.00,0.00,0.00,0.00,0.00,0.00,0.00,0.00,0.00,0.00,0.00,0.00
29,0,0.933,0.03,0,0.000000,0.000000,0.000000,0.000000,0.000000,0.000000,0.000,0.000,738.8,740.9,746.0,751.2,753.4,752.0,746.2,741.0,736.0,736.3,737.9,742.0,748.1,753.1,757.2,752.5,746.9,741.9,738.5,736.7,744.5,746.9,749.4,750.4,749.4,746.9,744.5,743.5,793.8,795.2,802.7,812.0,817.6,816.2,808.7,799.0,786.3,789.6,795.3,803.2,811.7,819.7,826.6,821.9,815.0,807.2,799.1,791.8,803.1,807.2,810.5,811.1,808.6,804.6,801.3,800.7,560.0,554.6,549.6,547.8,550.4,556.2,560.9,562.6,570.3,563.1,556.1,550.7,548.6,549.6,553.0,555.5,558.1,561.3,564.8,568.3,559.6,558.7,556.4,553.8,552.5,553.4,555.7,558.3,513.6,505.1,499.7,500.6,507.2,515.7,521.1,521.2,520.7,514.4,509.2,505.6,504.7,505.7,508.6,512.6,515.5,518.0,520.0,521.7,515.5,515.9,513.5,509.9,507.0,506.6,508.9,512.6,62.9,64.5,67.8,70.7,71.6,70.3,66.7,63.8,61.5,61.6,62.5,64.9,68.5,71.4,73.5,70.5,67.1,64.2,62.3,61.5,66.2,67.5,69.1,69.9,69.5,68.1,66.5,65.7,78.5,79.6,83.7,88.3,90.8,89.6,85.6,80.8,74.9,76.5,79.3,83.2,87.6,91.9,95.7,92.8,88.8,84.6,80.7,77.4,83.3,85.3,87.1,87.5,86.5,84.5,82.7,82.2,127.2,124.4,121.2,119.5,120.2,123.1,126.2,127.9,134.7,130.1,125.3,121.4,119.5,119.6,121.1,122.6,124.3,126.7,129.5,132.5,126.3,125.5,124.0,122.7,122.3,123.1,124.7,126.0,78.4,74.5,71.9,72.2,75.2,79.2,81.7,81.9,82.3,79.0,76.1,74.2,73.8,74.5,76.2,77.8,78.9,80.0,81.2,82.4,79.4,79.5,78.4,76.7,75.4,75.2,76.4,78.1,556.6,559.4,559.4,556.4,552.3,549.3,549.6,552.5,560.3,560.3,558.8,557.0,554.5,552.0,549.1,548.7,549.2,550.7,553.3,556.7,553.9,552.5,552.5,553.8,555.7,557.1,557.2,555.9,446.8,449.0,450.0,449.2,447.1,444.9,444.0,444.8,448.4,447.5,446.6,445.9,446.2,447.5,448.8,446.2,443.9,442.9,443.8,445.9,446.7,446.4,446.8,447.8,448.7,449.0,448.6,447.7,68.5,135.1,437.1,-0.520,0.946,-0.089,738.0,738.4,747.3,761.9,769.1,776.5,774.1,778.6,796.7,829.9,866.9,897.3,922.5,940.5,943.6,936.1,933.8,724.5,715.1,724.9,738.8,749.7,747.2,766.2,800.2,840.0,875.9,737.4,725.3,711.8,699.6,712.5,715.8,725.0,747.8,769.7,732.4,739.7,748.9,757.2,748.1,738.5,788.3,798.3,811.5,824.9,812.6,799.4,754.5,741.0,745.3,752.1,762.5,783.2,809.6,789.1,776.8,765.7,758.4,753.0,753.1,747.8,753.4,764.8,801.2,770.5,759.6,753.5,618.0,659.0,700.5,737.2,768.6,793.3,810.0,814.2,806.0,795.5,777.3,749.5,713.6,671.9,622.6,569.6,518.0,579.7,547.6,534.7,532.2,538.0,527.1,498.4,481.8,481.5,503.4,530.3,553.2,576.5,601.7,633.9,635.9,635.0,626.5,618.3,569.8,555.7,549.3,551.7,558.7,566.2,524.1,507.9,504.2,508.4,515.9,519.7,716.6,696.1,683.9,683.6,676.1,677.3,682.8,699.6,710.0,715.9,719.2,721.0,711.9,693.0,690.1,685.0,685.2,692.9,698.4,700.5,2.05,0.00,1.09,0.00,0.53,0.54,0.00,0.00,0.00,0.00,0.00,0.99,0.98,1.64,0.07,3.33,0.00,0.00,0.00,0.00,0.00,0.00,0.00,0.00,0.00,0.00,0.00,0.00,0.00,0.00,0.00,0.00,0.00,0.00,0.00
30,0,0.967,0.03,0,0.000000,0.000000,0.000000,0.000000,0.000000,0.000000,0.000,0.000,660.9,662.5,669.6,678.0,682.8,681.9,674.1,665.7,651.4,655.6,661.7,669.5,677.9,684.8,690.0,685.7,678.6,670.7,663.3,656.6,669.1,673.0,676.3,677.0,674.8,670.9,667.6,666.9,789.5,792.2,801.2,811.2,816.5,813.8,804.8,794.3,782.4,786.0,792.3,801.4,811.4,821.0,829.4,822.9,814.3,805.0,795.9,788.1,799.6,804.3,808.5,809.7,807.3,802.6,798.4,797.2,547.4,539.2,534.5,536.0,542.9,551.7,555.8,554.3,553.2,548.0,544.1,541.0,540.2,541.4,544.0,547.9,550.2,552.5,554.0,554.5,549.9,550.6,548.4,544.6,541.4,540.7,542.9,546.7,516.1,505.8,500.0,502.2,511.0,521.3,527.0,525.9,521.9,515.4,510.1,506.5,505.8,507.3,510.8,515.5,518.8,521.4,523.0,523.9,519.3,520.3,517.6,512.9,508.8,507.8,510.5,515.3,11.4,12.3,16.2,20.8,23.4,22.8,18.6,14.0,6.2,8.5,11.8,16.1,20.7,24.4,27.4,24.9,21.0,16.7,12.7,9.1,15.9,18.0,19.8,20.2,19.0,16.9,15.1,14.7,66.8,68.2,72.1,76.4,78.4,77.0,73.1,68.7,64.0,65.4,67.9,71.7,76.1,80.6,84.6,81.3,77.1,73.0,69.2,66.1,71.2,73.2,75.0,75.7,74.7,72.8,70.9,70.3,102.2,98.0,95.5,96.3,99.8,104.3,106.4,105.7,106.2,102.9,100.3,98.4,98.1,99.0,100.8,102.4,103.3,104.4,105.5,106.3,103.6,104.0,102.8,100.9,99.3,98.9,100.1,102.0,69.8,65.3,62.7,63.4,67.1,71.5,74.1,73.9,72.8,69.6,66.9,65.1,64.8,65.6,67.4,69.1,70.3,71.4,72.3,73.2,71.1,71.4,70.2,68.2,66.5,66.1,67.4,69.4,477.2,478.5,479.1,478.6,477.4,476.3,475.6,476.0,480.9,478.7,476.9,476.0,476.5,477.8,479.2,477.0,475.1,474.7,475.9,478.2,477.5,477.3,477.6,478.2,478.7,478.9,478.7,478.1,391.1,392.0,391.7,390.3,388.7,387.7,388.1,389.7,393.5,391.8,390.1,388.7,388.5,389.5,390.8,388.7,387.1,386.9,388.3,390.8,390.5,389.8,389.7,390.1,390.9,391.5,391.6,391.2,67.9,133.4,430.2,-0.560,1.009,-0.055,749.2,748.7,756.0,769.2,773.8,779.2,774.3,774.6,792.0,825.4,864.9,895.4,920.7,939.5,943.3,936.9,934.9,728.5,721.9,731.1,741.9,750.0,749.8,768.6,800.7,837.7,872.0,740.3,727.1,712.7,699.7,714.3,715.8,724.6,746.3,767.6,737.5,744.0,752.5,760.7,750.7,741.6,790.0,799.5,811.6,825.0,812.2,799.7,755.0,741.1,745.3,751.6,763.3,784.1,810.0,788.8,775.5,763.3,756.2,751.5,752.9,746.8,752.1,764.7,803.1,770.9,758.9,752.9,627.7,667.8,708.8,745.5,776.4,801.2,818.1,822.4,813.9,802.3,782.2,751.5,713.3,670.0,620.3,568.3,517.9,569.0,540.8,531.0,529.0,534.4,523.0,496.2,480.9,479.4,497.0,528.7,552.4,576.5,602.3,635.2,637.3,636.8,628.3,620.1,569.3,554.5,548.2,551.2,558.0,565.4,524.0,507.7,503.9,508.6,515.7,519.4,718.0,696.8,684.9,684.1,676.2,676.8,682.2,701.3,712.8,719.3,722.6,723.8,713.9,693.6,690.4,684.7,685.0,695.9,702.0,704.4,1.01,0.00,0.56,0.00,0.29,0.37,0.00,0.00,0.00,0.00,0.00,0.53,0.43,0.74,0.00,1.67,0.00,0.00,0.00,0.00,0.00,0.00,0.00,0.00,0.00,0.00,0.00,0.00,0.00,0.00,0.00,0.00,0.00,0.00,0.00
31,0,1.000,0.03,0,0.000000,0.000000,0.000000,0.000000,0.000000,0.000000,0.000,0.000,746.1,748.5,753.2,757.4,758.6,756.6,751.4,747.3,743.5,744.3,746.4,750.5,755.7,759.5,762.1,757.7,752.2,747.6,744.6,743.3,750.8,752.6,754.6,755.7,755.1,753.3,751.3,750.3,794.4,796.9,804.1,811.5,815.0,812.4,805.3,797.5,789.3,791.9,796.7,803.3,811.0,818.7,825.3,819.7,812.2,804.7,798.0,792.8,802.2,805.5,808.7,809.9,808.3,805.0,801.8,800.7,556.6,552.4,548.7,547.7,549.9,554.4,557.8,558.8,566.9,559.9,553.4,548.2,546.9,548.3,551.7,553.7,555.6,558.5,561.6,564.9,556.4,556.0,554.4,552.6,551.6,552.1,553.7,555.4,514.4,507.0,502.3,502.8,508.4,515.7,520.5,520.8,520.8,514.5,509.2,505.5,504.8,506.4,509.8,513.0,515.2,517.3,519.4,521.3,516.1,516.3,514.2,510.9,508.4,508.2,510.3,513.6,76.7,78.8,82.2,84.8,85.1,83.3,79.7,77.1,75.4,76.0,77.4,80.2,83.6,85.9,87.3,84.0,80.2,77.1,75.3,74.7,79.8,80.9,82.3,83.2,83.1,82.0,80.5,79.6,85.8,87.6,91.6,95.3,96.6,94.7,90.8,87.0,83.3,84.6,87.1,90.5,94.5,98.8,102.4,98.8,94.5,90.4,87.1,84.7,89.8,91.5,93.2,94.0,93.5,91.8,90.0,89.2,142.1,139.7,137.0,135.6,136.3,138.9,141.4,142.8,150.7,145.7,140.8,136.6,135.0,135.4,137.0,138.3,139.8,142.3,145.2,148.3,141.4,140.8,139.6,138.6,138.3,138.9,140.0,141.1,85.8,82.1,79.4,79.3,81.9,85.6,88.2,88.8,89.7,86.1,82.9,80.6,80.1,81.0,82.8,84.2,85.1,86.3,87.8,89.4,86.4,86.4,85.2,83.6,82.4,82.4,83.6,85.3,632.6,635.3,635.0,632.1,628.1,625.2,625.7,628.7,637.1,638.0,637.1,635.1,632.0,629.0,625.5,624.7,625.5,627.2,629.9,633.3,629.9,628.7,628.6,629.7,631.4,632.7,632.8,631.6,486.3,488.4,488.3,486.0,482.9,480.7,480.8,483.3,488.3,487.6,486.3,484.9,483.9,483.7,483.6,481.4,480.0,480.2,482.1,485.1,484.6,483.5,483.5,484.4,485.8,486.9,486.9,486.0,67.6,132.9,428.6,-0.554,1.058,-0.039,753.0,752.2,759.5,772.7,776.5,780.5,774.2,773.7,789.6,822.8,861.9,893.8,920.6,939.7,942.7,936.1,934.8,731.6,724.4,732.7,742.7,749.5,754.2,772.9,802.3,835.6,867.5,740.4,727.0,712.3,698.9,713.5,715.0,723.9,745.3,766.5,741.1,747.3,755.1,762.6,752.9,744.9,790.8,798.9,810.6,823.3,810.8,798.9,756.6,740.6,744.2,750.0,761.2,783.0,809.7,788.5,774.3,762.3,755.6,751.7,754.5,746.1,751.1,763.1,802.7,769.2,757.7,752.0,626.9,666.9,707.8,744.3,775.1,800.1,817.3,823.0,815.2,803.3,782.4,752.0,713.9,670.2,620.0,568.4,518.5,563.7,538.3,530.6,530.1,535.3,522.0,497.1,482.2,480.1,495.5,529.7,553.3,577.4,603.0,634.7,637.2,637.0,628.0,619.4,567.0,553.3,547.3,550.0,556.4,563.1,523.3,508.4,505.0,509.0,515.5,518.9,717.8,696.2,684.2,683.3,675.5,676.2,682.6,701.3,712.9,719.4,722.7,723.9,714.1,693.6,690.3,684.6,685.4,695.6,701.7,704.0,2.27,0.00,1.30,0.00,0.55,0.55,0.00,0.00,0.00,0.00,0.00,0.80,0.55,0.74,0.58,3.33,0.00,1.00,0.00,1.00,0.00,0.00,0.00,0.00,0.00,0.00,0.00,0.00,0.00,1.00,0.00,1.00,1.00,1.00,1.00
32,0,1.033,0.03,0,0.000000,0.000000,0.000000,0.000000,0.000000,0.000000,0.000,0.000,660.9,662.5,669.7,678.1,682.9,682.0,674.2,665.8,651.5,655.7,661.8,669.7,678.1,685.0,690.2,685.8,678.7,670.8,663.4,656.7,669.2,673.1,676.4,677.1,674.9,671.0,667.7,667.0,789.5,792.1,801.1,811.2,816.5,813.8,804.8,794.3,782.4,786.1,792.4,801.5,811.5,821.0,829.3,823.0,814.4,805.1,796.0,788.1,799.6,804.3,808.5,809.7,807.3,802.6,798.4,797.2,547.5,539.2,534.4,535.9,542.8,551.6,555.9,554.4,553.1,548.0,544.1,540.9,540.2,541.4,544.1,547.9,550.2,552.5,553.9,554.4,549.9,550.6,548.3,544.5,541.3,540.7,542.9,546.7,516.1,505.8,500.0,502.2,511.0,521.3,527.1,525.9,521.9,515.3,510.1,506.5,505.8,507.3,510.8,515.4,518.7,521.3,522.9,523.8,519.4,520.4,517.7,512.9,508.8,507.8,510.5,515.3,11.4,12.3,16.2,20.8,23.4,22.8,18.6,14.0,6.3,8.6,11.8,16.1,20.7,24.5,27.4,24.9,21.0,16.7,12.7,9.1,15.9,18.0,19.8,20.2,19.0,16.9,15.1,14.7,66.9,68.2,72.2,76.5,78.5,77.1,73.2,68.8,64.1,65.5,68.0,71.8,76.2,80.7,84.6,81.4,77.3,73.1,69.3,66.2,71.3,73.3,75.1,75.7,74.8,72.8,71.0,70.3,102.0,97.7,95.2,96.0,99.5,104.0,106.2,105.5,105.9,102.6,100.0,98.2,97.9,98.8,100.5,102.1,103.0,104.1,105.2,106.0,103.3,103.7,102.5,100.6,98.9,98.6,99.8,101.7,69.8,65.4,62.7,63.5,67.1,71.5,74.2,74.0,72.9,69.6,67.0,65.1,64.8,65.6,67.4,69.1,70.3,71.4,72.4,73.2,71.2,71.5,70.3,68.2,66.5,66.2,67.4,69.5,476.0,477.2,477.8,477.3,476.1,475.1,474.3,474.8,479.8,477.5,475.6,474.8,475.2,476.4,477.8,475.7,473.9,473.5,474.7,477.0,476.3,476.1,476.3,476.9,477.4,477.7,477.4,476.8,391.4,392.4,392.1,390.7,389.1,388.1,388.4,390.1,393.8,392.2,390.5,389.1,388.9,389.9,391.2,389.1,387.6,387.3,388.7,391.2,390.9,390.2,390.1,390.5,391.3,391.9,392.1,391.6,62.5,129.2,411.7,-0.552,1.028,-0.077,740.2,742.6,752.7,765.1,769.4,775.3,773.3,771.2,786.5,819.0,860.4,893.5,919.9,937.7,939.7,938.3,940.0,717.4,710.1,716.1,724.4,732.3,755.2,777.5,804.8,833.6,861.2,734.8,723.7,711.7,700.6,714.9,716.2,724.0,742.7,759.9,723.7,729.5,739.3,748.2,737.7,728.2,787.8,796.9,809.8,824.1,810.1,797.7,747.9,731.4,734.5,741.5,754.8,780.8,809.4,793.2,775.0,761.6,753.1,747.5,748.6,739.0,745.4,758.7,804.4,768.8,756.1,748.9,624.2,664.9,705.3,742.2,775.3,803.1,823.7,831.3,824.5,811.3,788.4,754.7,713.9,667.7,616.7,564.9,514.4,579.1,551.0,537.3,528.9,526.6,514.4,493.7,481.7,477.9,488.6,530.6,553.9,577.2,602.2,639.5,639.5,638.2,628.3,619.3,577.1,560.6,553.0,556.0,563.7,571.9,526.1,508.9,504.3,508.2,516.3,521.1,729.6,700.3,682.7,680.4,669.9,672.2,684.7,716.6,736.2,745.9,751.0,748.8,725.4,696.2,691.2,683.3,688.7,712.2,721.4,725.4,1.26,0.00,0.74,0.00,0.25,0.18,0.00,0.00,0.00,0.00,0.00,0.27,0.12,0.00,0.58,1.67,0.00,0.00,0.00,0.00,0.00,0.00,0.00,0.00,0.00,0.00,0.00,0.00,0.00,0.00,0.00,0.00,0.00,0.00,0.00
33,0,1.067,0.03,0,0.000000,0.000000,0.000000,0.000000,0.000000,0.000000,0.000,0.000,739.0,740.7,745.7,751.2,753.9,752.9,747.2,741.7,735.2,735.6,737.6,741.9,748.0,753.1,757.3,753.0,747.4,742.4,738.7,736.4,745.1,747.4,749.6,750.3,749.2,746.8,744.6,743.9,793.6,796.1,803.8,812.2,816.5,814.0,806.3,797.6,787.8,790.5,795.6,802.9,811.4,819.8,826.8,821.2,813.4,805.4,798.1,792.1,802.4,806.1,809.5,810.6,808.8,805.0,801.6,800.6,561.0,555.9,551.5,550.2,552.8,558.2,562.4,563.6,570.6,564.1,557.8,552.9,551.0,551.9,554.8,557.1,559.4,562.3,565.6,568.9,560.6,560.1,558.1,555.9,554.8,555.3,557.3,559.5,513.9,506.0,500.8,501.3,507.2,515.0,520.2,520.7,521.8,515.0,509.2,505.2,504.2,505.7,509.0,512.6,515.1,517.6,519.9,522.2,515.6,515.8,513.5,510.0,507.4,507.2,509.5,513.0,67.6,69.1,72.6,76.0,77.4,76.3,72.4,69.0,65.4,65.7,66.9,69.7,73.6,76.8,79.3,76.3,72.6,69.3,67.1,65.9,71.5,73.0,74.5,75.1,74.5,73.0,71.5,70.9,78.8,80.4,84.4,88.4,89.9,88.2,84.3,80.2,76.0,77.3,79.7,83.2,87.4,91.7,95.4,92.0,87.8,83.7,80.3,77.7,83.0,84.7,86.5,87.2,86.5,84.8,83.0,82.3,137.3,134.5,131.5,130.0,131.0,133.9,136.7,138.2,144.7,140.2,135.6,131.9,130.2,130.3,131.8,133.2,134.7,137.0,139.8,142.7,136.5,135.9,134.6,133.4,133.0,133.6,134.9,136.1,78.9,75.2,72.6,72.5,75.0,78.6,81.2,81.8,83.2,79.6,76.4,74.2,73.6,74.3,76.1,77.5,78.5,79.7,81.2,82.8,79.5,79.4,78.3,76.7,75.6,75.6,76.8,78.4,597.5,600.5,600.8,598.3,594.4,591.3,591.1,593.6,601.4,601.2,599.8,598.2,596.3,594.2,591.9,591.0,591.1,592.3,594.7,597.9,595.4,594.3,594.4,595.7,597.4,598.5,598.4,597.1,448.5,450.9,451.1,449.1,446.0,443.7,443.4,445.5,450.0,449.3,448.2,447.0,446.3,446.5,446.6,444.3,442.7,442.5,444.2,447.0,447.1,446.2,446.3,447.4,448.7,449.6,449.5,448.5,61.5,127.2,403.5,-0.582,1.083,-0.030,743.4,743.7,752.8,767.0,771.3,773.5,767.0,768.0,785.7,821.7,860.5,894.6,921.2,939.5,938.1,935.2,936.4,725.0,714.5,720.4,732.5,745.7,757.5,775.0,803.5,834.5,860.6,736.1,724.1,711.2,698.6,709.9,715.1,725.1,746.4,766.0,731.8,738.8,748.8,757.5,748.4,739.2,790.0,797.4,811.2,824.4,811.8,799.0,747.5,722.6,725.6,734.2,748.9,778.3,810.8,797.9,778.1,762.4,752.0,745.7,749.4,732.4,739.8,754.1,804.9,769.6,755.3,746.3,626.6,667.1,707.5,745.0,778.6,807.2,829.0,838.1,830.7,815.0,788.1,754.9,715.2,670.8,618.8,566.8,516.9,573.9,543.0,529.4,526.1,532.9,523.4,494.7,478.9,476.6,492.7,533.7,554.4,575.2,597.9,636.9,637.7,636.7,627.1,618.2,571.8,556.6,550.4,554.0,560.4,566.7,524.8,508.4,504.5,508.2,515.4,519.7,733.6,697.6,677.6,675.4,664.6,668.4,688.2,725.0,748.1,758.3,763.4,758.8,728.3,695.2,689.6,681.8,691.5,721.8,731.1,734.9,2.93,0.44,1.19,0.00,0.40,0.40,0.00,0.00,0.00,0.24,0.00,0.27,0.81,0.00,1.64,2.81,0.00,1.00,0.00,1.00,0.00,0.00,0.00,0.00,0.00,0.00,0.00,0.00,0.00,1.00,0.00,1.00,1.00,1.00,1.00
34,0,1.100,0.03,0,0.000000,0.000000,0.000000,0.000000,0.000000,0.000000,0.000,0.000,660.6,662.2,669.2,677.7,682.6,681.7,673.9,665.4,651.5,655.6,661.6,669.4,677.9,684.8,690.0,685.6,678.5,670.6,663.3,656.7,668.9,672.8,676.0,676.8,674.5,670.6,667.4,666.6,789.2,791.7,800.6,810.9,816.4,813.9,804.9,794.2,781.9,785.6,792.1,801.4,811.4,820.7,828.4,822.6,814.5,805.4,796.1,788.0,799.3,804.1,808.2,809.4,806.8,802.0,797.8,796.7,547.4,539.2,534.3,535.7,542.5,551.3,555.5,554.1,553.2,547.8,543.6,540.3,539.6,541.1,544.1,548.0,550.3,552.6,554.1,554.6,549.7,550.3,548.1,544.3,541.2,540.6,542.8,546.6,516.4,506.0,500.4,502.8,511.9,522.3,528.0,526.4,522.0,515.2,509.9,506.5,506.1,507.5,511.3,515.9,519.5,522.1,523.5,523.9,519.7,520.9,518.2,513.3,509.1,507.9,510.6,515.5,11.2,12.1,15.9,20.5,23.1,22.6,18.3,13.8,6.3,8.5,11.7,15.9,20.6,24.3,27.2,24.7,20.8,16.5,12.6,9.1,15.7,17.8,19.6,20.0,18.8,16.7,14.9,14.5,67.5,68.7,72.7,77.2,79.5,78.3,74.3,69.7,64.6,66.0,68.6,72.6,77.1,81.6,85.5,82.5,78.5,74.3,70.3,67.0,72.1,74.2,76.0,76.6,75.5,73.4,71.5,71.0,101.7,97.5,95.0,95.6,99.0,103.5,105.7,105.1,105.7,102.2,99.5,97.6,97.3,98.4,100.2,101.9,102.8,103.9,105.0,105.8,103.0,103.3,102.1,100.2,98.6,98.3,99.5,101.4,70.7,66.1,63.5,64.5,68.5,73.1,75.7,75.2,73.7,70.3,67.6,65.9,65.7,66.6,68.7,70.4,71.7,72.8,73.6,74.2,72.3,72.7,71.5,69.3,67.5,67.0,68.2,70.4,474.9,476.2,476.8,476.2,474.8,473.6,472.9,473.5,478.5,476.3,474.5,473.7,474.1,475.2,476.4,474.3,472.5,472.1,473.4,475.7,475.0,474.8,475.0,475.6,476.3,476.6,476.3,475.7,395.7,396.0,395.8,395.1,394.4,394.1,394.4,395.3,398.2,396.3,394.7,393.5,393.7,395.3,397.2,395.2,393.5,393.0,394.0,396.1,395.9,395.6,395.5,395.6,395.9,396.3,396.4,396.2,48.5,121.0,362.5,-0.926,0.848,-0.057,678.1,683.2,697.1,714.8,725.0,736.8,744.4,754.5,780.5,820.1,861.6,894.5,919.7,936.3,937.5,938.0,937.0,665.8,668.8,683.6,700.1,715.9,747.5,770.9,800.7,832.0,858.2,721.2,713.0,705.2,697.5,697.1,703.9,716.3,736.3,753.8,681.4,691.7,705.7,717.2,705.1,691.8,779.2,790.9,807.0,823.1,808.4,792.9,723.5,709.9,717.0,727.5,745.3,778.9,809.4,802.8,782.4,764.5,749.8,733.2,728.4,721.7,731.9,749.0,806.1,774.8,757.8,745.0,707.4,747.1,786.6,821.4,848.4,867.1,875.1,868.4,850.2,828.1,799.6,760.5,714.8,666.5,614.4,564.1,517.2,634.8,597.2,571.6,551.5,542.9,523.3,494.3,476.7,468.1,476.1,544.9,562.4,580.4,599.9,652.4,646.5,640.6,628.7,618.0,630.8,608.9,596.3,592.6,605.5,617.9,536.7,515.9,506.3,506.8,516.8,526.4,766.2,717.9,686.3,678.1,664.5,665.5,686.1,734.7,765.3,780.0,790.7,791.8,757.7,702.9,691.4,680.6,693.4,741.2,755.2,765.1,1.67,0.44,0.45,0.00,0.15,0.22,0.00,0.00,0.00,0.24,0.00,0.00,0.69,0.00,1.06,1.14,0.00,0.00,0.00,0.00,0.00,0.00,0.00,0.00,0.00,0.00,0.00,0.00,0.00,0.00,0.00,0.00,0.00,0.00,0.00
35,0,1.133,0.03,0,0.000000,0.000000,0.000000,0.000000,0.000000,0.000000,0.000,0.000,703.2,697.1,699.3,708.4,719.1,726.2,723.0,713.9,691.9,696.8,702.7,709.3,716.3,722.2,726.1,727.1,722.8,716.7,709.5,701.0,712.4,716.2,717.1,714.6,710.0,706.2,705.3,707.8,782.3,780.2,787.1,799.0,808.8,810.9,804.0,792.0,781.0,783.8,789.9,798.7,808.2,817.5,825.4,820.8,813.7,805.1,796.2,788.0,794.5,799.6,802.6,801.7,797.4,792.3,789.3,790.2,628.6,619.7,609.4,603.7,605.9,614.8,625.1,630.8,638.3,629.4,620.7,613.0,606.7,602.0,598.5,605.4,612.6,620.6,628.2,634.8,623.5,621.1,616.7,613.0,612.1,614.5,618.9,622.6,526.9,515.7,506.1,503.6,509.8,521.0,530.6,534.3,534.2,524.6,515.7,509.1,506.0,505.6,506.9,511.1,515.3,520.3,525.6,530.9,525.6,524.5,520.3,515.4,512.8,513.8,518.0,522.9,27.5,25.0,26.0,30.0,34.7,37.7,36.2,32.2,22.8,24.8,27.3,30.2,33.4,36.2,38.2,38.4,36.2,33.4,30.2,26.6,31.7,33.4,33.8,32.7,30.7,29.0,28.6,29.7,56.9,56.4,59.3,64.0,67.6,68.1,65.1,60.5,56.2,57.3,59.7,63.3,67.3,71.6,75.2,72.7,69.3,65.5,61.9,58.8,61.8,63.8,65.1,64.9,63.3,61.3,60.0,60.2,117.0,113.5,109.3,107.0,107.9,111.5,115.6,117.9,122.2,117.6,113.5,110.2,108.0,106.7,105.9,108.1,110.4,113.3,116.6,119.9,115.3,114.3,112.5,111.0,110.6,111.6,113.4,114.9,66.7,62.6,58.9,57.8,60.0,64.1,67.8,69.4,69.5,65.6,62.0,59.4,58.4,58.7,59.6,60.8,61.9,63.6,65.7,67.9,66.2,65.8,64.2,62.4,61.4,61.9,63.5,65.3,381.2,382.3,383.5,384.2,383.9,383.1,381.6,380.9,384.2,382.1,381.0,381.2,382.9,385.7,388.5,385.4,382.3,380.5,380.3,381.6,382.7,383.0,383.5,384.0,384.1,383.8,383.3,382.8,349.7,351.6,352.7,352.2,350.5,348.6,347.5,348.1,349.0,348.5,348.4,348.8,350.2,352.7,355.0,351.9,348.9,347.1,346.9,347.8,350.0,349.8,350.2,351.1,351.8,352.0,351.6,350.7,48.9,119.6,357.7,-1.026,0.890,0.003,683.8,685.6,697.6,715.7,725.0,734.8,741.0,753.6,782.8,824.7,862.5,892.6,917.4,935.6,936.4,938.2,938.2,681.3,682.1,694.5,710.4,726.2,747.4,771.1,802.4,832.6,856.2,724.1,715.1,706.3,697.7,696.5,705.0,718.4,740.2,759.5,694.2,704.7,717.4,727.3,718.4,706.5,781.6,793.7,809.0,824.1,810.5,795.9,725.7,707.1,714.3,724.7,741.9,776.6,807.7,804.3,783.9,765.4,750.4,733.7,731.3,720.5,730.5,746.1,804.7,774.2,757.5,744.3,716.4,753.4,790.2,823.1,849.4,870.3,880.1,872.0,851.5,828.7,800.2,761.4,715.7,667.9,613.8,562.9,515.6,642.2,602.1,572.5,548.8,539.4,522.1,490.3,472.9,466.3,476.8,546.5,562.6,579.0,597.3,653.2,646.6,639.3,626.7,615.5,640.7,619.2,605.8,598.7,613.6,626.8,535.9,516.1,506.5,505.6,515.6,525.7,773.6,718.5,683.8,673.5,658.8,659.3,685.0,736.4,769.2,784.9,797.3,799.9,763.9,702.3,688.9,676.6,692.7,744.8,759.7,771.0,3.33,1.14,1.03,0.00,0.39,0.24,0.00,0.05,0.01,0.64,0.01,0.00,1.64,0.00,2.25,2.27,0.00,1.00,0.00,1.00,0.00,0.00,0.00,0.00,0.00,0.00,0.00,0.00,0.00,1.00,0.00,1.00,1.00,0.00,1.00
36,0,1.167,0.03,0,0.000000,0.000000,0.000000,0.000000,0.000000,0.000000,0.000,0.000,660.6,662.3,669.5,678.0,682.8,681.9,674.0,665.5,651.6,655.7,661.8,669.7,678.3,685.2,690.5,686.0,678.8,670.8,663.4,656.8,669.0,672.9,676.2,677.0,674.8,670.8,667.5,666.7,789.3,791.7,800.6,810.8,816.3,813.9,805.0,794.3,781.9,785.7,792.2,801.6,811.6,820.8,828.2,822.6,814.7,805.7,796.4,788.2,799.2,804.0,808.3,809.4,806.8,801.9,797.7,796.6,547.2,539.0,534.2,535.6,542.4,551.2,555.4,554.0,553.2,547.6,543.4,540.2,539.5,541.0,544.0,547.8,550.1,552.4,553.9,554.4,549.6,550.3,548.0,544.2,541.1,540.5,542.7,546.5,516.7,506.3,500.7,503.1,512.2,522.5,528.1,526.5,522.2,515.3,510.0,506.6,506.2,507.8,511.6,516.3,519.7,522.3,523.6,524.0,520.0,521.1,518.4,513.5,509.3,508.1,510.8,515.7,11.1,12.0,15.9,20.5,23.0,22.5,18.2,13.7,6.3,8.5,11.7,15.9,20.5,24.3,27.3,24.7,20.7,16.5,12.6,9.1,15.6,17.7,19.5,19.9,18.8,16.6,14.8,14.4,67.7,68.9,72.9,77.4,79.8,78.7,74.7,70.0,64.8,66.2,68.9,72.9,77.5,82.0,85.8,82.9,78.9,74.7,70.7,67.3,72.3,74.4,76.3,76.9,75.7,73.6,71.7,71.2,100.8,96.6,94.1,94.8,98.1,102.5,104.7,104.1,104.7,101.3,98.6,96.7,96.4,97.4,99.3,100.9,101.7,102.9,104.0,104.8,102.1,102.3,101.2,99.3,97.7,97.5,98.6,100.5,71.1,66.4,63.9,64.9,68.9,73.5,76.1,75.5,74.0,70.6,67.9,66.2,66.1,67.1,69.2,70.9,72.2,73.2,73.9,74.5,72.6,73.1,71.9,69.7,67.8,67.3,68.5,70.7,470.9,472.4,472.9,472.2,470.7,469.4,468.7,469.3,474.4,472.3,470.5,469.6,470.0,471.1,472.2,470.1,468.3,467.9,469.2,471.6,470.9,470.6,470.9,471.5,472.3,472.6,472.3,471.6,397.0,397.3,397.1,396.6,396.1,395.8,396.0,396.7,399.3,397.5,395.9,394.9,395.3,397.1,399.1,397.1,395.3,394.6,395.5,397.4,397.4,397.1,397.0,397.2,397.4,397.7,397.7,397.6,48.0,116.0,344.1,-1.094,0.964,0.059,703.8,701.5,710.5,726.8,734.6,744.1,748.5,758.4,790.4,831.1,870.4,897.3,919.2,937.8,938.8,942.6,942.7,686.5,694.1,707.1,721.5,736.5,748.6,771.0,803.2,836.0,859.2,727.8,717.3,707.5,697.9,697.6,705.5,717.7,739.1,758.1,702.3,713.4,725.6,732.9,724.0,712.4,782.3,795.6,810.4,824.7,810.5,796.1,729.1,703.5,707.7,717.0,734.2,771.4,809.5,801.6,778.9,760.6,746.3,732.0,733.9,713.7,722.5,737.8,808.2,772.3,755.6,742.9,740.4,776.0,811.3,842.5,866.9,886.1,893.6,881.5,859.0,831.6,801.7,760.7,713.5,666.4,612.4,562.6,517.1,631.2,593.0,565.1,542.7,537.4,521.1,486.7,468.1,461.7,471.6,544.9,561.3,578.1,596.9,655.1,648.2,640.5,627.3,615.7,643.7,621.3,608.1,599.9,615.0,628.0,537.0,516.0,506.0,505.3,515.0,525.2,781.2,720.2,681.3,670.7,656.4,655.8,685.2,743.4,779.8,795.1,807.7,810.3,770.8,701.3,687.2,675.4,693.6,755.3,769.9,781.6,1.67,0.70,0.57,0.00,0.24,0.02,0.00,0.05,0.01,0.40,0.01,0.00,0.94,0.00,1.19,1.13,0.00,0.00,0.00,0.00,0.00,0.00,0.00,0.00,0.00,0.00,0.00,0.00,0.00,0.00,0.00,0.00,0.00,0.00,0.00
37,0,1.200,0.03,0,0.000000,0.000000,0.000000,0.000000,0.000000,0.000000,0.000,0.000,706.6,699.7,700.8,709.2,720.1,728.2,725.9,717.4,705.1,709.1,713.4,718.4,723.6,729.1,732.8,730.0,724.8,719.1,714.0,709.3,716.0,719.7,720.2,717.1,712.3,708.6,708.1,711.2,780.3,777.5,783.8,795.5,805.6,808.4,802.1,790.4,782.1,785.2,791.1,799.6,808.6,817.5,824.7,820.3,813.7,805.4,797.0,789.2,792.3,797.4,800.1,798.9,794.5,789.4,786.7,787.9,633.8,625.1,613.5,605.8,606.6,615.0,626.9,634.5,642.6,636.1,628.0,619.7,611.1,603.8,598.5,604.4,611.7,620.4,629.4,637.3,626.8,623.4,618.2,614.4,614.0,617.4,622.6,626.5,529.8,518.8,508.8,505.6,511.2,522.2,532.2,536.6,535.2,525.4,516.3,509.4,506.3,505.9,507.2,510.7,514.5,519.5,525.1,530.9,527.8,526.4,522.0,517.2,514.8,516.2,520.5,525.3,29.6,26.6,27.1,30.8,35.5,38.9,37.9,34.2,29.1,30.7,32.4,34.5,36.9,39.5,41.4,39.9,37.4,34.8,32.6,30.8,33.7,35.4,35.6,34.3,32.2,30.6,30.3,31.7,55.6,54.8,57.4,62.0,65.8,66.5,63.8,59.3,56.1,57.2,59.6,63.1,67.0,71.1,74.6,72.1,68.8,65.1,61.7,58.7,60.4,62.3,63.5,63.2,61.5,59.6,58.4,58.7,121.6,118.3,113.2,109.5,109.2,112.5,117.6,121.4,126.2,122.5,118.3,114.4,110.8,108.1,106.3,108.3,111.0,114.6,118.9,123.1,118.4,116.8,114.5,113.0,113.1,114.8,117.1,118.6,67.3,63.2,59.4,58.1,60.0,64.1,67.8,69.7,69.1,65.2,61.6,59.0,58.1,58.5,59.5,60.3,61.2,62.8,64.9,67.2,66.5,65.9,64.3,62.5,61.7,62.3,63.9,65.7,388.8,390.4,390.8,389.6,387.7,386.2,385.7,386.8,390.9,388.3,386.2,385.6,386.3,388.0,390.1,387.9,386.1,385.2,386.2,388.4,388.4,387.9,388.1,388.8,389.7,390.2,390.0,389.3,346.6,348.4,349.4,349.0,347.4,345.5,344.5,345.1,345.2,344.8,344.9,345.8,347.8,350.8,353.6,350.0,346.7,344.6,343.9,344.3,346.9,346.7,347.1,347.9,348.6,348.8,348.4,347.6,47.6,115.6,342.8,-1.116,0.973,0.070,703.1,701.7,711.3,728.7,736.3,744.9,748.0,758.6,791.2,831.7,868.5,895.2,917.6,936.7,937.5,941.1,940.7,688.5,694.8,706.7,722.1,738.0,749.0,771.4,803.0,835.5,857.0,727.2,716.4,706.5,696.9,694.6,703.6,716.8,739.3,758.7,703.5,714.9,726.3,732.7,724.9,714.1,781.7,795.4,809.8,823.4,809.5,795.4,728.7,701.9,705.4,714.2,730.2,767.8,807.9,800.2,777.6,759.8,745.9,731.1,734.0,712.6,720.7,734.7,806.6,770.5,754.7,742.4,745.2,779.8,814.3,845.2,869.6,888.8,896.5,884.4,861.7,832.7,800.9,759.4,712.8,666.0,611.3,561.4,516.5,632.1,594.0,564.3,541.9,537.9,523.0,487.7,467.9,461.0,470.4,545.8,561.9,578.4,597.1,654.3,647.8,640.0,626.3,613.9,644.7,623.7,610.6,600.2,615.6,628.3,535.7,516.7,507.6,505.6,515.0,524.4,781.2,718.6,678.1,667.9,654.2,653.7,685.5,745.1,782.1,796.5,808.8,811.5,770.4,699.7,685.7,674.7,693.8,756.5,770.2,781.6,3.33,1.33,1.15,0.00,0.49,0.02,0.00,0.23,0.11,0.73,0.08,0.00,1.63,0.00,2.41,1.96,0.00,1.00,1.00,1.00,0.00,0.00,1.00,0.00,0.00,0.00,0.00,0.00,0.00,1.00,0.00,1.00,1.00,0.00,1.00
38,0,1.233,0.03,0,0.000000,0.000000,0.000000,0.000000,0.000000,0.000000,0.000,0.000,660.6,662.2,669.3,677.8,682.7,681.8,673.9,665.4,651.6,655.6,661.6,669.5,678.1,685.0,690.2,685.8,678.6,670.6,663.3,656.7,668.9,672.8,676.1,676.9,674.6,670.7,667.4,666.7,789.3,791.7,800.7,810.9,816.4,814.0,805.0,794.3,781.9,785.6,792.0,801.4,811.4,820.8,828.6,822.8,814.6,805.4,796.1,788.0,799.3,804.1,808.3,809.4,806.9,802.1,797.9,796.8,547.3,539.1,534.3,535.6,542.4,551.2,555.5,554.1,553.2,547.7,543.5,540.3,539.6,541.0,544.0,547.9,550.3,552.6,554.1,554.6,549.7,550.3,548.1,544.3,541.2,540.5,542.8,546.6,516.4,505.9,500.3,502.7,511.8,522.2,527.9,526.3,522.0,515.3,510.0,506.6,506.0,507.5,511.2,515.8,519.3,521.9,523.4,523.9,519.7,520.8,518.1,513.3,509.0,507.9,510.5,515.4,11.1,12.0,15.9,20.5,23.0,22.5,18.2,13.7,6.3,8.5,11.7,15.9,20.5,24.3,27.2,24.7,20.7,16.4,12.5,9.1,15.6,17.7,19.5,19.9,18.8,16.6,14.8,14.4,67.3,68.5,72.5,76.9,79.2,78.1,74.1,69.5,64.4,65.7,68.4,72.3,76.9,81.4,85.3,82.2,78.2,74.0,70.1,66.8,71.8,73.9,75.8,76.3,75.3,73.2,71.3,70.8,101.2,97.0,94.5,95.1,98.5,103.0,105.1,104.5,105.2,101.7,99.0,97.1,96.8,97.8,99.7,101.3,102.2,103.4,104.5,105.3,102.5,102.8,101.6,99.7,98.1,97.8,99.0,100.9,70.5,65.8,63.3,64.2,68.2,72.8,75.4,74.9,73.5,70.1,67.4,65.7,65.5,66.4,68.4,70.1,71.4,72.5,73.3,73.9,72.0,72.4,71.2,69.1,67.2,66.8,68.0,70.1,472.6,474.0,474.6,473.9,472.5,471.2,470.5,471.2,476.2,474.1,472.2,471.4,471.8,472.9,474.0,471.9,470.1,469.8,471.1,473.4,472.7,472.4,472.7,473.3,474.0,474.3,474.0,473.4,394.5,394.8,394.5,393.8,393.0,392.6,392.9,393.9,396.9,395.1,393.4,392.2,392.3,393.9,395.7,393.7,392.1,391.6,392.6,394.8,394.5,394.2,394.1,394.2,394.6,395.0,395.1,394.9,45.9,111.3,328.1,-1.155,1.028,0.111,718.1,715.1,722.0,736.2,741.4,749.3,750.8,759.2,793.1,832.7,873.3,899.8,919.3,935.4,935.6,941.8,945.1,685.1,694.7,706.2,721.5,737.8,750.1,774.1,806.6,842.0,864.0,728.5,717.9,708.1,698.3,696.3,706.1,718.0,739.4,758.1,705.6,717.7,730.3,736.1,727.0,715.2,783.3,796.5,811.9,825.9,811.1,796.1,732.4,700.2,701.0,709.5,724.9,764.4,811.4,797.0,771.9,755.1,741.9,729.7,737.8,708.8,716.4,729.7,809.7,767.3,751.8,739.8,759.6,796.3,831.8,862.8,885.4,902.7,908.8,894.8,870.5,837.4,802.2,757.3,707.9,660.0,605.6,556.3,511.9,629.9,590.4,560.0,538.3,535.9,514.6,478.4,457.9,451.3,461.7,544.2,560.7,577.3,596.1,656.4,649.9,642.1,628.0,615.3,645.8,623.7,610.6,601.3,616.6,629.2,536.7,516.5,506.3,504.4,514.7,524.9,789.0,722.7,678.8,668.8,655.0,653.5,686.8,751.2,790.7,805.7,818.3,821.5,778.1,701.8,687.9,676.6,695.8,764.3,778.0,789.7,1.67,0.62,0.58,0.00,0.25,0.00,0.00,0.18,0.10,0.33,0.07,0.00,0.68,0.00,1.21,0.83,0.00,0.00,0.00,0.00,0.00,0.00,0.00,0.00,0.00,0.00,0.00,0.00,0.00,0.00,0.00,0.00,0.00,0.00,0.00
39,0,1.267,0.03,0,0.000000,0.000000,0.000000,0.000000,0.000000,0.000000,0.000,0.000,707.8,701.2,702.3,710.5,720.9,728.6,726.4,718.2,706.8,711.5,716.5,722.0,727.8,733.5,737.1,733.4,727.8,721.7,716.0,711.0,716.7,720.3,720.8,717.9,713.3,709.8,709.3,712.2,781.5,779.7,786.3,797.4,806.4,808.1,801.6,790.5,783.7,786.8,793.0,801.7,811.0,820.2,827.6,822.8,815.5,806.8,798.1,790.2,793.2,797.9,800.7,800.0,796.1,791.4,788.6,789.3,631.9,623.9,613.2,605.8,606.3,614.0,625.0,632.3,640.3,634.1,625.9,618.1,610.7,604.9,601.0,605.2,610.7,618.0,626.6,634.6,625.3,622.1,617.4,613.9,613.7,616.9,621.6,625.1,528.4,517.3,507.5,504.9,510.8,522.0,531.8,535.6,532.0,523.1,514.7,508.5,505.6,505.2,506.4,510.3,514.3,518.9,523.9,528.9,526.5,525.4,521.2,516.4,513.8,515.0,519.2,523.9,31.7,28.7,29.3,33.1,37.8,41.2,40.1,36.4,31.3,33.3,35.5,38.0,40.9,43.8,45.7,43.7,40.9,37.9,35.3,33.1,35.8,37.5,37.7,36.5,34.4,32.8,32.5,33.8,58.6,58.1,60.9,65.3,68.6,69.1,66.4,62.1,59.4,60.5,63.0,66.6,70.7,75.0,78.6,75.9,72.3,68.5,64.9,61.8,63.4,65.2,66.4,66.2,64.8,62.9,61.7,61.9,126.9,123.8,119.0,115.4,115.1,118.2,123.0,126.6,131.3,127.8,123.5,119.8,116.7,114.7,113.5,114.8,116.8,119.7,123.8,128.0,123.9,122.3,120.2,118.9,119.0,120.6,122.6,124.0,69.8,65.4,61.4,60.1,62.2,66.6,70.6,72.4,71.1,67.2,63.7,61.2,60.2,60.4,61.3,62.4,63.6,65.2,67.3,69.5,68.9,68.3,66.6,64.7,63.8,64.4,66.1,68.0,408.4,410.3,411.2,410.6,408.8,407.2,406.1,406.7,410.0,407.9,406.2,406.1,407.4,409.6,412.0,409.7,407.5,406.0,406.2,407.9,408.6,408.4,408.8,409.6,410.3,410.6,410.2,409.4,362.6,364.1,364.2,362.9,361.0,359.5,359.4,360.9,361.5,360.7,360.3,360.5,361.8,364.2,366.5,363.5,360.8,359.2,359.2,360.1,362.1,361.6,361.6,362.2,363.1,363.6,363.6,363.0,45.4,110.5,326.4,-1.152,1.044,0.131,716.7,715.6,723.3,738.0,742.6,748.4,748.4,757.5,791.6,832.7,870.2,896.7,918.2,934.7,934.6,941.1,943.7,687.3,695.5,706.0,720.9,736.8,751.9,778.4,810.8,844.6,865.2,727.5,716.7,706.7,696.9,692.1,703.7,716.8,738.2,756.7,706.3,718.5,730.0,736.0,727.3,716.8,783.9,796.8,812.4,826.3,811.1,796.1,730.5,698.0,698.2,706.4,720.5,760.6,809.9,796.9,771.7,755.3,742.0,729.1,737.6,707.7,715.0,726.9,807.8,765.9,751.3,739.3,759.0,796.9,833.7,865.8,889.0,905.6,909.8,896.9,873.5,839.9,802.1,757.0,708.3,659.9,604.7,555.7,511.2,625.2,586.4,555.9,534.6,532.6,508.3,473.3,453.6,448.3,459.8,544.2,560.7,577.0,595.6,654.5,649.0,641.7,627.1,613.7,643.0,622.3,609.4,600.0,614.7,626.7,533.8,515.9,507.0,504.4,514.0,523.2,786.3,719.3,675.0,665.8,652.6,651.5,686.7,753.4,793.6,807.7,819.5,821.9,775.9,699.5,686.2,675.7,695.2,765.5,778.5,789.4,3.33,1.65,1.13,0.00,0.52,0.00,0.00,0.24,0.29,0.56,0.09,0.00,1.46,0.00,2.35,1.62,0.00,1.00,1.00,1.00,0.00,0.00,1.00,0.00,0.00,0.00,0.00,0.00,0.00,1.00,0.00,1.00,1.00,0.00,1.00
40,0,1.300,0.03,0,0.000000,0.000000,0.000000,0.000000,0.000000,0.000000,0.000,0.000,660.5,662.2,669.3,677.8,682.7,681.7,673.9,665.4,651.6,655.6,661.6,669.5,678.0,685.0,690.2,685.7,678.5,670.6,663.3,656.7,668.9,672.8,676.1,676.9,674.6,670.7,667.4,666.6,789.3,791.7,800.7,810.9,816.4,814.0,805.0,794.3,781.9,785.6,792.1,801.4,811.4,820.8,828.6,822.7,814.5,805.4,796.1,788.0,799.4,804.1,808.3,809.5,806.9,802.1,797.9,796.8,547.3,539.1,534.3,535.7,542.5,551.3,555.5,554.1,553.2,547.7,543.5,540.3,539.6,541.0,544.0,547.9,550.3,552.6,554.1,554.6,549.7,550.3,548.1,544.3,541.2,540.5,542.8,546.6,516.3,505.9,500.3,502.7,511.8,522.2,527.9,526.3,521.9,515.2,510.0,506.6,506.1,507.5,511.1,515.8,519.4,521.9,523.4,523.9,519.6,520.8,518.1,513.2,509.0,507.9,510.5,515.4,11.1,12.0,15.9,20.5,23.0,22.4,18.2,13.6,6.3,8.4,11.6,15.9,20.5,24.3,27.2,24.6,20.7,16.4,12.5,9.0,15.6,17.7,19.5,19.9,18.7,16.6,14.8,14.4,67.3,68.5,72.5,77.0,79.3,78.1,74.1,69.5,64.4,65.8,68.4,72.3,76.9,81.4,85.3,82.2,78.2,74.0,70.1,66.8,71.9,74.0,75.8,76.4,75.3,73.2,71.3,70.8,101.1,96.9,94.4,95.0,98.4,102.9,105.0,104.4,105.1,101.6,98.9,97.0,96.7,97.7,99.6,101.2,102.1,103.3,104.4,105.2,102.4,102.7,101.5,99.6,98.0,97.7,98.9,100.8,70.5,65.9,63.3,64.2,68.2,72.8,75.4,74.9,73.5,70.1,67.5,65.7,65.5,66.4,68.4,70.1,71.4,72.5,73.3,74.0,72.0,72.4,71.2,69.1,67.2,66.8,68.0,70.2,472.1,473.6,474.1,473.4,472.0,470.7,470.0,470.7,475.7,473.6,471.8,470.9,471.3,472.3,473.5,471.3,469.6,469.2,470.6,472.9,472.2,471.9,472.1,472.8,473.5,473.8,473.5,472.9,394.6,395.0,394.7,393.9,393.1,392.7,393.0,394.1,397.1,395.3,393.5,392.3,392.5,394.0,395.8,393.8,392.2,391.7,392.8,394.9,394.7,394.3,394.2,394.4,394.7,395.1,395.2,395.1,40.7,108.9,319.1,-1.084,0.928,0.034,674.3,673.3,682.6,699.8,713.3,728.6,737.5,752.4,785.4,827.7,868.3,902.0,925.4,940.1,940.0,945.3,949.5,660.2,668.0,680.1,699.0,717.2,747.7,776.1,810.7,849.3,872.4,720.8,712.0,704.0,695.6,684.1,697.5,711.6,735.3,755.5,679.9,692.9,707.8,716.1,704.9,691.2,776.5,791.0,809.3,824.9,808.5,791.0,715.0,689.0,690.6,701.0,716.4,760.7,812.0,793.9,764.2,747.4,732.2,716.4,723.0,701.0,710.4,723.8,807.4,758.8,743.1,729.6,746.1,790.4,834.2,872.2,900.0,916.9,919.0,903.9,878.3,845.5,807.0,760.7,709.7,657.6,602.8,552.9,507.5,645.1,604.6,569.9,545.9,539.5,501.3,466.8,446.4,442.4,458.0,548.6,565.5,582.5,601.5,659.6,653.3,645.4,631.7,619.1,651.8,629.2,615.5,606.0,621.7,635.0,539.1,518.4,506.8,502.8,514.3,526.3,792.4,725.5,677.2,668.0,654.0,654.6,687.4,753.8,792.8,808.2,820.9,826.4,782.5,703.3,689.7,678.7,696.8,764.1,777.9,789.7,1.67,1.03,0.55,0.00,0.27,0.00,0.00,0.06,0.19,0.23,0.02,0.00,0.78,0.00,1.14,0.80,0.00,0.00,0.00,0.00,0.00,0.00,0.00,0.00,0.00,0.00,0.00,0.00,0.00,0.00,0.00,0.00,0.00,0.00,0.00
41,0,1.333,0.03,0,0.000000,0.000000,0.000000,0.000000,0.000000,0.000000,0.000,0.000,696.1,689.1,692.0,703.0,715.6,723.6,719.7,708.7,688.9,695.7,703.1,709.7,715.6,720.3,723.7,723.1,719.3,713.2,705.3,696.9,706.8,711.6,712.8,709.8,704.3,699.6,698.3,701.3,776.6,773.6,781.1,794.8,806.7,809.7,802.2,788.3,780.0,785.9,794.0,803.5,812.0,820.0,825.9,822.7,816.3,807.6,798.1,788.7,790.5,796.7,800.1,798.7,793.3,787.0,783.6,785.0,642.6,631.5,619.1,612.8,616.2,627.4,639.7,646.0,647.6,639.8,632.0,624.3,616.9,611.4,608.2,613.9,620.3,628.0,635.8,642.8,637.2,634.4,629.1,624.3,622.8,625.5,630.9,635.7,530.5,518.0,506.9,503.8,510.3,522.9,533.9,538.6,535.1,525.7,516.3,509.5,506.2,505.6,506.2,509.6,513.3,518.4,524.4,530.7,529.0,527.6,522.5,516.8,513.8,515.3,520.3,526.0,22.8,20.0,21.3,25.9,31.1,34.3,32.6,28.0,19.9,22.6,25.6,28.4,31.0,33.2,34.9,34.3,32.5,29.8,26.5,23.1,27.4,29.4,29.9,28.7,26.4,24.4,23.9,25.1,47.5,46.7,49.6,54.4,58.3,59.0,56.2,51.4,48.5,50.5,53.4,57.0,60.4,64.0,66.8,64.8,61.8,58.3,54.7,51.4,52.4,54.6,55.9,55.6,53.8,51.6,50.3,50.7,115.0,110.7,106.1,103.9,105.4,109.9,114.3,116.5,117.0,113.6,110.4,107.7,105.3,103.9,103.4,104.9,106.5,108.9,111.9,114.8,113.5,112.5,110.5,108.6,108.0,108.9,110.9,112.8,59.3,55.3,51.6,50.5,52.6,56.6,60.2,61.9,60.7,57.4,54.2,52.1,51.4,51.8,52.5,53.1,53.8,55.1,56.9,59.1,58.9,58.4,56.8,54.9,54.0,54.5,56.2,58.0,356.1,356.8,358.2,359.5,359.9,359.5,357.7,356.5,356.1,355.3,355.2,356.4,358.8,361.8,364.6,361.6,358.2,355.6,354.9,355.3,358.2,358.8,359.4,359.7,359.5,359.0,358.4,358.1,304.3,306.2,307.5,307.6,306.2,304.3,303.0,303.1,303.2,303.0,303.4,304.9,307.4,311.0,314.5,310.6,306.8,304.2,302.9,302.7,305.0,305.0,305.7,306.5,307.1,307.1,306.5,305.6,41.1,107.5,315.7,-1.160,0.960,0.103,682.2,681.3,689.6,705.6,714.9,725.6,732.5,747.8,784.6,829.5,869.1,900.7,923.8,938.1,937.1,941.4,943.7,672.5,678.0,689.0,708.8,729.6,747.5,775.1,811.4,851.7,874.2,723.2,713.5,705.2,696.4,685.6,700.1,713.9,738.7,759.3,690.2,704.4,717.8,724.7,715.5,703.6,781.6,796.3,813.5,826.6,812.3,796.4,715.5,687.9,689.5,699.6,712.4,754.8,809.2,789.7,761.3,745.8,731.4,715.2,724.2,700.5,709.4,719.9,804.1,756.0,741.7,728.6,756.6,797.7,837.8,873.5,900.7,918.1,920.7,903.9,878.2,844.1,805.8,760.4,712.0,662.5,607.5,556.8,510.2,650.3,605.7,565.1,538.0,532.6,504.1,464.6,442.6,439.0,458.0,544.1,560.0,576.3,595.2,655.8,650.4,642.3,628.0,614.5,651.0,631.0,617.3,605.3,621.3,634.4,535.8,517.6,507.4,502.6,514.0,524.8,790.9,722.6,674.2,666.5,654.1,652.4,686.5,754.3,793.6,806.4,817.9,824.3,780.1,701.2,689.0,679.6,695.4,764.7,775.9,786.5,3.33,2.04,1.11,0.00,0.53,0.00,0.00,0.19,0.45,0.49,0.08,0.00,1.56,0.00,2.23,1.38,0.00,0.00,0.00,0.00,0.00,0.00,0.00,0.00,0.00,0.00,0.00,0.00,0.00,0.00,0.00,0.00,0.00,0.00,0.00
42,0,1.367,0.03,0,0.000000,0.000000,0.000000,0.000000,0.000000,0.000000,0.000,0.000,660.4,662.1,669.4,678.0,682.8,681.9,673.9,665.3,651.4,655.6,661.6,669.5,678.1,685.2,690.6,686.0,678.7,670.6,663.2,656.6,668.9,672.8,676.2,677.0,674.7,670.8,667.4,666.6,789.1,791.6,800.7,810.9,816.3,813.8,804.8,794.1,781.8,785.6,792.0,801.3,811.3,820.8,828.7,822.8,814.5,805.2,795.9,787.8,799.2,804.0,808.2,809.4,806.8,802.1,797.8,796.7,547.2,539.0,534.1,535.5,542.3,551.1,555.4,554.0,553.2,547.6,543.3,540.1,539.4,540.9,543.9,547.8,550.1,552.4,553.9,554.5,549.7,550.3,548.0,544.2,541.1,540.4,542.7,546.5,516.3,505.8,500.2,502.7,511.8,522.3,527.9,526.3,521.7,515.2,510.0,506.6,506.0,507.4,510.9,515.7,519.2,521.8,523.2,523.7,519.6,520.8,518.2,513.3,509.0,507.9,510.5,515.4,10.9,11.8,15.8,20.3,22.9,22.3,18.0,13.4,6.2,8.3,11.5,15.7,20.3,24.1,27.1,24.5,20.5,16.2,12.4,8.9,15.4,17.5,19.3,19.8,18.6,16.5,14.7,14.2,67.0,68.2,72.2,76.6,78.9,77.6,73.7,69.1,64.1,65.5,68.1,72.0,76.5,81.1,85.0,81.9,77.8,73.6,69.7,66.4,71.5,73.6,75.4,76.0,74.9,72.9,71.0,70.4,100.0,95.9,93.4,94.0,97.3,101.7,103.8,103.2,103.9,100.5,97.8,95.9,95.6,96.6,98.5,100.0,100.9,102.0,103.1,104.0,101.3,101.5,100.4,98.5,96.9,96.7,97.8,99.7,70.2,65.6,63.0,63.9,67.9,72.5,75.1,74.6,73.1,69.8,67.2,65.4,65.2,66.1,67.9,69.7,71.0,72.1,73.0,73.6,71.7,72.2,70.9,68.8,66.9,66.5,67.7,69.9,467.2,468.7,469.3,468.5,466.9,465.5,464.8,465.5,470.6,468.6,466.8,465.9,466.3,467.2,468.3,466.2,464.4,464.1,465.4,467.8,467.1,466.8,467.0,467.7,468.5,468.8,468.6,467.9,393.0,393.4,393.0,392.1,391.3,390.9,391.3,392.5,395.6,393.7,391.9,390.6,390.7,392.2,394.0,392.0,390.4,389.9,391.1,393.4,393.0,392.6,392.4,392.6,393.0,393.4,393.6,393.4,41.0,104.4,305.3,-1.219,1.025,0.169,710.1,704.4,708.3,721.9,728.8,736.3,738.0,748.9,784.7,828.1,870.9,904.8,926.2,939.7,937.9,943.2,947.6,679.3,690.9,701.4,719.7,739.1,750.4,778.6,815.6,856.9,876.6,728.8,717.7,708.1,697.9,688.6,702.9,715.3,740.2,761.9,699.6,712.8,725.8,731.4,722.8,710.7,781.5,796.1,813.0,826.5,811.3,795.3,724.5,688.8,686.8,696.3,709.6,756.9,819.7,788.2,752.9,736.1,722.6,713.2,731.7,697.0,705.1,716.4,814.2,751.5,736.2,723.7,771.9,813.9,854.3,889.4,914.0,929.6,931.0,912.8,885.0,847.5,808.8,762.8,711.8,661.0,604.3,553.8,509.2,633.0,590.8,552.4,528.6,529.0,495.1,454.7,432.6,432.7,455.5,544.2,560.5,576.8,595.7,660.3,653.7,644.6,629.8,616.2,651.0,629.9,617.2,606.0,622.1,634.2,536.7,517.9,507.1,503.5,514.1,525.2,803.4,727.6,675.8,667.4,654.9,654.5,694.2,760.5,798.7,811.0,823.0,831.5,792.1,703.6,690.2,680.9,703.0,772.5,783.5,794.7,1.67,1.01,0.56,0.00,0.25,0.00,0.00,0.13,0.26,0.27,0.06,0.00,0.78,0.00,1.09,0.58,0.00,0.00,0.00,0.00,0.00,0.00,0.00,0.00,0.00,0.00,0.00,0.00,0.00,0.00,0.00,0.00,0.00,0.00,0.00
43,0,1.400,0.03,0,0.000000,0.000000,0.000000,0.000000,0.000000,0.000000,0.000,0.000,698.1,691.6,692.8,701.2,711.7,719.3,717.0,708.6,701.4,708.0,714.6,720.5,725.1,728.1,728.3,726.2,722.1,717.0,711.6,706.3,707.0,710.6,711.1,708.3,703.8,700.2,699.6,702.4,781.0,777.4,780.1,787.4,795.1,798.7,796.0,789.2,786.5,789.2,793.4,800.6,810.1,819.8,827.0,820.5,812.2,803.4,796.3,790.8,789.7,793.1,794.3,792.7,789.2,785.8,784.6,786.2,648.3,640.4,629.7,622.4,622.9,630.6,641.6,648.8,650.3,644.1,636.7,628.7,621.8,617.2,614.2,617.9,622.8,629.7,637.5,644.8,641.6,638.4,633.8,630.4,630.2,633.3,638.0,641.4,539.6,529.6,519.7,515.7,520.0,530.1,539.9,544.8,545.6,539.3,531.4,524.7,519.3,515.1,511.6,518.9,525.8,532.4,537.9,543.0,536.1,534.3,529.8,525.2,523.2,525.0,529.5,534.1,28.7,25.5,26.2,30.3,35.4,39.0,37.8,33.7,30.3,33.4,36.6,39.6,42.2,44.0,44.4,43.0,40.7,37.9,35.2,32.6,33.1,34.8,35.1,33.8,31.6,29.8,29.5,30.9,58.6,57.2,58.1,60.6,63.3,64.6,63.8,61.6,60.7,61.3,62.6,65.2,69.2,73.4,76.8,73.6,70.0,66.5,63.8,62.0,61.8,62.9,63.3,62.7,61.5,60.3,59.9,60.5,142.1,138.7,133.6,129.9,129.7,133.2,138.3,142.0,143.1,139.6,135.8,132.2,129.6,128.4,127.7,128.7,130.1,132.7,136.3,140.0,139.0,137.4,135.2,133.7,133.7,135.4,137.6,139.1,74.6,70.6,66.2,64.0,65.3,69.2,73.6,76.3,76.9,73.7,69.9,66.9,64.8,63.3,62.3,64.8,67.4,70.1,72.7,75.3,72.7,71.7,69.7,67.9,67.3,68.3,70.3,72.1,431.4,432.7,433.4,433.0,431.7,430.7,429.8,430.2,431.4,429.9,429.5,430.6,433.3,436.7,439.6,436.5,433.1,430.6,429.8,430.2,431.9,431.7,432.0,432.6,433.1,433.3,433.0,432.5,363.5,364.3,362.7,359.6,357.0,356.2,357.9,361.1,362.3,359.5,356.9,355.5,355.8,357.1,359.4,356.9,355.7,356.0,357.4,359.8,361.1,359.8,359.1,359.4,360.6,361.9,362.7,362.3,42.1,108.8,310.8,-1.192,1.045,0.191,719.7,711.6,711.2,721.4,733.1,741.8,739.2,742.2,775.6,821.4,870.5,907.4,931.2,944.5,945.3,958.2,972.8,688.0,695.9,702.4,715.6,726.6,751.0,782.7,819.8,861.6,881.8,732.6,721.5,711.6,701.7,687.5,700.8,713.4,737.9,759.8,702.1,713.5,725.7,731.4,722.2,710.5,782.6,796.5,812.4,826.8,810.2,794.6,724.4,691.9,686.5,694.9,710.2,758.2,818.8,786.5,749.1,731.6,718.5,710.6,732.8,696.2,703.6,716.8,813.7,751.8,735.0,723.5,775.3,817.4,857.3,892.2,917.6,932.2,929.9,913.1,887.5,851.3,813.7,768.1,718.2,666.6,612.5,565.8,524.6,641.9,598.7,560.6,536.9,533.6,489.0,454.3,434.3,437.7,463.0,555.6,577.3,598.4,621.3,670.9,665.4,657.7,641.1,626.6,653.6,633.8,622.2,612.5,625.7,636.3,547.2,529.8,519.2,514.0,524.0,535.0,796.4,726.4,678.8,669.0,654.8,656.1,694.2,759.2,796.0,811.1,823.7,829.0,787.8,702.9,689.2,677.9,702.2,772.5,786.4,798.8,1.67,1.01,0.56,0.00,0.25,0.00,0.00,0.13,0.26,0.27,0.06,0.00,0.78,0.00,1.09,0.58,0.00,0.00,0.00,0.00,0.00,0.00,0.00,0.00,0.00,0.00,0.00,0.00,0.00,0.00,0.00,0.00,0.00,0.00,0.00
44,0,1.433,0.03,0,0.000000,0.000000,0.000000,0.000000,0.000000,0.000000,0.000,0.000,704.3,695.3,696.4,707.0,720.9,731.0,728.8,718.2,690.1,693.1,698.9,706.4,715.7,723.6,730.4,728.8,723.4,715.9,707.5,698.8,715.1,720.8,721.6,717.0,709.7,704.0,703.2,707.8,777.1,773.6,780.1,792.8,804.2,807.7,801.2,788.7,778.2,785.9,794.8,805.6,819.1,831.2,840.2,835.5,825.4,812.7,799.7,787.9,791.0,795.3,797.5,796.3,792.4,788.1,785.9,787.1,684.6,675.0,663.0,655.6,657.1,666.9,678.8,686.2,703.8,693.0,681.6,671.6,663.9,660.2,659.5,666.1,673.4,682.0,690.9,698.8,680.4,676.6,670.2,665.0,664.1,667.8,674.2,679.4,561.8,548.5,536.7,533.3,540.3,553.7,565.5,570.1,565.6,558.1,548.2,538.3,531.0,526.6,524.4,533.7,542.4,550.5,558.2,565.4,557.0,555.8,551.8,547.2,544.7,545.9,550.0,554.6,22.0,19.0,19.6,23.4,28.3,31.7,30.6,26.8,17.3,18.2,20.2,22.8,26.2,29.2,31.7,30.9,28.8,26.0,23.1,20.2,25.9,28.0,28.4,26.9,24.3,22.3,21.9,23.4,42.3,41.2,43.0,46.6,49.9,50.9,49.2,45.7,42.8,44.8,47.2,50.5,55.0,59.3,62.8,60.4,56.7,52.6,48.7,45.4,46.4,47.6,48.2,47.8,46.7,45.5,44.9,45.3,111.2,108.6,105.3,103.4,103.9,106.8,109.9,111.8,118.6,114.5,110.3,107.1,105.3,104.7,105.2,106.5,108.1,110.4,113.2,116.3,110.6,109.6,107.9,106.4,106.1,107.1,108.8,110.3,62.3,58.1,54.2,52.9,54.8,58.8,62.7,64.6,63.6,60.8,57.4,54.4,52.5,51.6,51.6,53.7,55.8,58.0,60.4,63.0,60.6,60.0,58.7,57.2,56.6,57.1,58.5,59.9,299.8,301.6,304.1,306.0,306.1,304.6,301.7,299.9,301.8,300.7,300.0,300.9,303.0,305.2,307.2,304.4,301.8,299.9,299.4,300.3,302.1,303.0,304.3,305.3,305.3,304.3,303.0,302.1,269.9,269.8,268.6,266.9,265.7,265.8,267.0,269.1,270.7,268.7,267.1,266.9,268.6,271.2,274.5,270.3,267.5,266.4,266.5,268.4,269.0,268.3,267.7,267.6,268.1,268.8,269.4,269.5,38.9,112.4,299.3,-1.285,0.980,0.184,687.2,679.5,677.3,690.1,705.4,715.5,721.8,732.1,760.7,807.6,853.9,901.6,939.1,963.1,969.9,980.1,984.9,676.0,679.0,684.1,698.9,717.5,744.2,779.9,824.8,870.9,896.8,723.6,714.1,706.4,698.1,682.8,700.7,716.8,740.7,761.9,693.0,703.6,718.4,729.4,717.6,704.3,781.2,798.0,820.2,838.4,820.0,798.6,711.0,680.9,679.4,692.4,710.4,767.2,833.9,796.8,746.8,724.6,707.2,700.5,722.3,690.4,702.5,718.5,825.0,745.7,725.2,709.7,810.5,844.3,876.8,911.0,937.0,950.3,949.0,932.2,902.0,866.5,824.9,781.1,731.9,680.4,626.6,579.9,533.8,694.7,649.7,605.6,574.6,569.2,506.3,462.0,440.1,446.0,475.7,592.1,608.3,625.1,643.7,705.0,696.5,686.7,669.8,655.2,707.9,679.8,662.9,657.2,675.8,691.9,570.7,545.4,530.0,526.2,540.3,556.3,833.5,756.7,703.9,688.1,665.7,662.3,696.8,758.9,795.3,817.4,835.6,850.9,823.6,732.7,712.9,692.7,705.3,773.0,793.5,811.7,0.00,0.00,0.00,0.00,0.00,0.00,0.00,0.00,0.00,0.00,0.00,0.00,0.00,0.00,0.00,0.00,0.00,0.00,0.00,0.00,0.00,0.00,0.00,0.00,0.00,0.00,0.00,0.00,0.00,0.00,0.00,0.00,0.00,0.00,0.00
45,0,1.467,0.03,0,0.000000,0.000000,0.000000,0.000000,0.000000,0.000000,0.000,0.000,708.4,700.3,701.3,710.9,723.4,732.9,730.5,720.9,706.9,710.1,715.0,721.5,729.5,736.0,740.8,734.8,728.0,720.8,714.9,710.4,719.5,724.7,725.4,721.1,714.4,709.2,708.5,712.7,776.5,774.6,783.5,797.9,809.5,811.4,802.5,787.6,780.3,789.7,801.2,812.7,822.8,829.9,831.9,832.5,826.6,816.4,804.7,791.6,791.0,795.6,798.5,798.0,794.4,789.8,786.9,787.4,691.9,681.7,668.2,659.4,660.4,670.3,684.1,692.9,705.2,698.7,690.2,679.5,668.9,662.2,658.3,665.6,673.6,683.1,691.8,699.2,685.4,680.8,673.6,668.0,667.4,672.0,679.2,684.8,560.9,547.4,535.9,533.1,540.6,554.1,565.6,569.5,567.4,557.1,545.6,535.0,527.8,524.3,523.8,534.3,543.4,551.3,558.5,565.3,555.1,554.4,551.0,547.1,544.9,545.7,549.0,552.9,25.6,22.7,23.1,26.6,31.1,34.5,33.5,30.1,25.2,26.2,27.8,30.1,33.0,35.6,37.5,35.1,32.5,29.9,27.8,26.3,29.7,31.6,31.9,30.3,27.9,26.0,25.7,27.3,38.9,38.1,40.5,44.7,48.2,49.0,46.6,42.3,40.1,42.6,45.6,49.1,52.8,55.9,57.6,56.8,54.3,50.7,47.1,43.3,43.2,44.5,45.2,45.0,43.9,42.6,41.9,42.1,124.2,121.0,116.0,112.3,112.0,115.2,120.1,123.8,130.1,126.5,122.3,117.9,114.1,112.0,111.0,113.3,115.9,119.5,123.3,126.9,121.6,119.6,117.0,115.2,115.4,117.3,120.0,121.7,57.2,53.1,49.7,48.9,51.3,55.5,58.9,60.0,59.3,56.0,52.5,49.8,48.5,48.4,49.2,51.5,53.3,55.0,56.7,58.6,55.8,55.6,54.5,53.3,52.6,52.9,53.9,55.1,327.5,329.1,329.4,328.2,326.2,324.7,324.3,325.5,329.9,326.7,324.2,322.8,323.0,324.3,325.6,324.3,323.4,323.5,325.1,327.3,327.0,326.3,326.5,327.4,328.4,329.1,328.9,328.0,249.1,247.7,247.0,247.4,248.6,250.0,250.7,250.7,250.3,248.7,247.6,248.8,252.9,257.7,262.5,258.3,254.5,251.7,249.9,249.9,250.3,250.2,249.7,249.2,249.0,249.1,249.5,250.0,39.4,110.8,289.7,-1.320,1.029,0.244,698.9,688.3,689.0,706.2,713.2,718.2,721.5,734.0,762.8,808.7,851.1,897.4,933.1,962.8,972.2,980.2,983.8,693.5,699.4,704.2,720.9,745.6,751.4,783.9,832.9,883.1,909.7,729.1,718.2,709.7,700.1,691.4,709.0,723.4,749.1,771.6,706.0,716.8,730.2,738.5,727.8,716.5,785.5,801.9,821.5,836.4,820.6,802.1,712.8,679.9,678.4,691.9,709.7,765.5,836.5,794.6,745.5,720.5,703.7,701.0,719.6,687.9,701.3,717.6,827.8,741.3,720.3,704.0,810.2,844.8,881.7,919.5,944.4,958.6,963.8,950.5,917.7,876.8,827.4,779.3,727.4,678.3,625.1,577.0,531.0,683.0,638.9,592.6,562.9,565.0,510.3,455.3,430.6,439.3,475.2,589.8,605.6,623.1,642.6,716.9,708.7,698.6,682.5,667.8,709.5,683.6,667.6,658.6,677.1,692.8,568.8,545.2,530.0,526.5,540.4,555.5,856.2,780.3,729.9,715.2,693.2,687.3,720.3,778.8,814.1,832.8,850.4,865.9,843.1,762.9,743.7,724.4,727.8,787.7,806.4,823.8,0.00,0.00,0.00,0.00,0.00,0.00,0.00,0.00,0.00,0.00,0.00,0.00,0.00,0.00,0.00,0.00,0.00,0.00,0.00,0.00,0.00,0.00,0.00,0.00,0.00,0.00,0.00,0.00,0.00,0.00,0.00,0.00,0.00,0.00,0.00
46,0,1.500,0.03,0,0.000000,0.000000,0.000000,0.000000,0.000000,0.000000,0.000,0.000,704.4,693.6,693.6,704.3,719.5,731.7,730.4,719.6,691.9,693.5,697.2,703.4,712.3,720.3,728.4,726.2,721.7,715.8,708.4,700.7,716.0,722.2,722.4,716.7,708.3,702.1,701.8,707.6,776.0,774.6,784.6,800.3,812.5,814.0,803.9,787.6,782.1,790.1,801.5,814.4,825.9,834.4,838.3,835.9,828.4,817.1,804.8,792.3,791.8,797.1,800.5,800.1,796.1,790.8,787.4,787.8,687.1,678.3,665.7,656.8,656.7,665.5,678.0,686.9,716.8,703.8,690.8,677.6,666.9,661.8,659.9,669.3,678.9,689.3,699.1,708.3,682.1,677.2,670.1,665.0,664.8,669.7,676.8,681.9,560.8,546.3,534.2,531.7,540.1,554.6,566.6,570.1,568.9,556.2,543.5,533.3,526.9,523.8,524.7,534.6,543.9,552.0,558.9,565.2,555.3,554.6,550.8,546.2,543.6,544.3,548.1,552.6,19.9,16.7,16.9,20.4,25.2,28.9,28.1,24.6,16.2,16.6,17.6,19.5,22.4,25.1,27.8,26.8,25.2,23.3,21.1,18.8,23.7,25.7,25.9,24.2,21.6,19.6,19.4,21.1,37.4,36.7,39.3,43.6,47.2,47.9,45.4,40.9,39.2,41.0,43.9,47.6,51.5,54.9,57.0,55.6,52.7,49.0,45.4,42.0,41.9,43.3,44.2,44.0,42.8,41.4,40.5,40.7,101.4,99.4,96.5,94.2,94.1,96.2,99.1,101.2,111.4,106.5,102.0,97.9,95.1,94.2,94.3,96.3,98.5,101.3,104.5,107.8,100.6,99.3,97.6,96.4,96.5,97.7,99.4,100.6,55.1,50.8,47.3,46.7,49.3,53.6,57.2,58.2,57.7,53.7,49.9,47.3,46.2,46.2,47.4,49.5,51.5,53.1,54.8,56.6,53.9,53.7,52.5,51.1,50.3,50.5,51.7,53.1,271.2,273.3,276.1,277.8,277.5,275.6,272.6,270.9,273.2,271.0,269.7,269.6,271.1,273.2,275.0,272.3,270.2,269.3,269.5,270.9,273.2,274.0,275.4,276.6,276.9,276.1,274.6,273.5,240.3,238.6,237.6,238.0,239.4,241.1,242.1,242.2,241.7,239.3,237.9,238.7,242.3,247.1,251.6,248.2,244.8,242.2,241.0,241.1,241.4,241.4,240.9,240.2,239.8,239.9,240.4,241.0,37.0,108.2,275.6,-1.292,1.034,0.183,702.1,698.5,702.7,718.1,721.6,724.5,728.2,736.2,760.6,809.7,856.5,906.0,939.7,964.0,971.4,979.4,985.5,683.3,683.8,686.5,702.2,728.6,748.3,783.1,831.9,882.9,912.7,725.2,713.8,705.0,695.4,691.7,706.9,720.2,745.3,767.5,693.3,703.0,717.2,727.7,716.2,703.8,786.8,802.7,823.4,840.9,823.5,803.9,706.7,678.6,679.9,694.0,713.1,765.6,830.9,793.8,748.0,722.2,705.3,699.1,713.2,689.1,703.2,721.3,820.3,743.6,721.4,705.0,825.1,866.1,907.0,947.9,976.9,993.3,998.4,978.0,936.0,890.1,836.0,783.3,728.2,675.9,622.4,573.7,528.4,707.6,655.9,601.5,564.4,558.8,510.1,456.8,431.1,436.6,472.8,590.0,608.7,628.6,650.5,733.6,722.4,709.8,690.6,673.1,716.8,686.6,668.0,661.7,682.1,700.4,570.4,543.7,526.9,526.4,540.9,557.4,877.7,802.8,753.1,737.1,712.9,706.8,738.9,790.0,824.1,845.2,865.4,883.2,863.1,784.4,763.6,742.7,746.1,797.7,819.0,838.5,0.00,0.00,0.00,0.00,0.00,0.00,0.00,0.00,0.00,0.00,0.00,0.00,0.00,0.00,0.00,0.00,0.00,0.00,0.00,0.00,0.00,0.00,0.00,0.00,0.00,0.00,0.00,0.00,0.00,0.00,0.00,0.00,0.00,0.00,0.00
47,0,1.533,0.03,0,0.000000,0.000000,0.000000,0.000000,0.000000,0.000000,0.000,0.000,686.5,676.8,680.2,694.7,711.7,722.8,718.0,703.5,674.6,676.6,683.2,691.9,702.0,709.1,715.9,714.7,708.9,700.2,691.3,682.5,700.7,705.8,706.9,703.4,697.3,692.1,691.0,694.5,780.0,776.6,788.4,808.4,824.9,828.3,816.6,796.0,779.0,788.6,801.4,814.9,826.2,836.9,844.2,840.8,832.3,818.7,804.5,791.0,798.8,809.5,815.7,813.8,804.9,794.2,788.0,789.9,702.3,691.4,679.8,674.4,678.2,689.8,700.7,706.2,725.7,713.9,703.6,690.1,679.8,675.2,674.9,682.4,690.2,701.6,712.0,720.7,698.0,696.2,692.1,688.3,686.8,688.6,692.7,696.6,554.7,535.2,519.4,516.5,528.2,547.7,563.5,568.4,570.2,555.7,541.1,531.7,526.8,525.4,525.1,534.1,542.6,551.0,558.8,566.0,555.8,554.3,545.8,535.2,528.8,530.4,538.9,549.4,13.5,10.8,12.0,16.4,21.4,24.5,22.7,18.4,10.0,10.5,12.4,15.0,18.2,20.4,22.6,21.9,19.9,17.2,14.7,12.2,17.8,19.4,19.8,18.8,17.0,15.4,15.0,16.0,33.0,32.4,35.4,40.3,44.3,44.9,41.8,36.8,32.9,35.1,38.1,41.6,44.7,48.2,50.7,49.1,46.3,42.5,39.0,35.7,37.7,40.4,42.0,41.7,39.5,36.9,35.2,35.6,99.3,97.2,95.1,94.2,95.1,97.6,99.4,100.1,105.2,101.7,98.8,95.6,93.7,93.2,93.5,94.6,95.4,97.8,100.8,103.6,99.1,98.9,98.2,97.4,97.1,97.3,98.0,98.8,45.9,41.5,38.0,37.5,40.3,44.7,48.2,49.2,49.8,46.2,42.8,40.8,40.1,40.5,41.0,42.6,43.9,45.4,47.1,48.7,46.5,46.3,44.4,42.0,40.5,40.7,42.6,45.0,253.7,256.6,260.1,262.2,261.6,259.0,255.2,253.1,251.8,251.5,251.7,253.5,256.3,258.6,260.0,256.7,252.9,250.5,250.6,251.2,256.6,257.4,258.7,259.7,259.9,259.1,257.8,256.8,206.3,207.2,208.6,209.6,209.6,208.6,207.2,206.4,207.3,206.5,206.8,208.0,210.2,214.1,217.4,214.1,210.6,208.1,207.2,206.9,207.9,208.4,209.2,209.7,209.7,209.1,208.3,207.8,34.0,104.2,258.8,-1.304,1.020,0.132,694.9,697.3,706.9,723.1,720.8,720.5,726.8,739.1,766.3,817.5,863.3,914.1,945.0,967.4,974.6,981.7,988.6,663.5,662.9,666.5,687.0,721.0,746.5,781.7,830.1,880.3,909.8,720.6,709.6,701.8,692.9,692.4,707.8,721.1,746.4,769.7,677.1,687.5,703.5,715.5,703.7,690.0,787.1,802.3,824.3,843.3,825.9,804.8,699.0,673.0,680.0,696.5,716.8,767.5,832.8,795.8,751.2,722.1,703.8,693.5,705.1,689.0,705.7,725.7,818.3,745.2,720.6,702.0,853.0,897.9,940.8,982.3,1008.6,1023.1,1030.5,1006.8,958.8,907.3,845.6,787.8,727.8,673.3,617.8,567.4,521.2,727.6,671.0,608.9,567.3,559.4,512.0,456.2,428.4,430.2,464.8,593.8,612.9,633.7,656.4,751.8,737.2,721.7,699.9,679.8,730.6,698.6,677.9,670.9,694.3,714.7,570.8,543.6,525.1,525.8,541.2,558.5,902.7,825.1,776.2,758.3,732.0,724.1,757.6,799.9,831.8,853.8,876.4,897.6,884.9,807.8,785.1,762.0,764.2,805.7,828.6,850.1,0.00,0.00,0.00,0.00,0.00,0.00,0.00,0.00,0.00,0.00,0.00,0.00,0.00,0.00,0.00,0.00,0.00,0.00,0.00,0.00,0.00,0.00,0.00,0.00,0.00,0.00,0.00,0.00,0.00,0.00,0.00,0.00,0.00,0.00,0.00
48,0,1.567,0.03,0,0.000000,0.000000,0.000000,0.000000,0.000000,0.000000,0.000,0.000,677.3,671.1,675.1,686.9,699.7,707.6,702.0,690.1,664.1,665.6,670.8,679.9,692.3,702.9,711.6,707.6,697.1,686.9,677.9,670.3,690.4,695.5,697.2,694.5,689.1,684.0,682.3,685.0,792.3,789.5,799.6,816.7,830.8,833.7,823.6,805.9,783.5,791.6,803.2,816.0,827.4,838.7,846.7,842.6,833.2,819.8,806.6,794.2,808.7,815.8,820.0,818.8,812.9,805.8,801.6,802.8,712.8,702.9,689.7,681.1,682.0,691.9,705.0,713.7,732.1,717.4,704.2,692.0,683.5,678.7,675.6,684.2,693.5,704.6,715.1,725.1,705.7,702.0,696.3,692.1,691.7,695.5,701.1,705.3,550.4,532.7,518.7,516.7,527.8,545.5,559.4,563.1,569.2,554.6,540.1,530.6,525.8,524.4,525.0,534.0,542.8,550.9,558.1,565.1,548.9,548.1,542.3,534.9,530.3,531.2,537.0,544.3,11.6,9.8,11.1,14.8,18.7,20.9,19.0,15.4,7.6,8.1,9.6,12.4,16.3,19.7,22.5,21.0,17.6,14.4,11.7,9.4,15.7,17.2,17.8,17.1,15.4,13.8,13.2,14.0,40.1,39.4,42.3,47.2,51.0,51.7,48.7,43.8,38.0,39.9,42.9,46.3,49.9,53.8,56.8,54.9,51.6,47.6,44.0,40.7,44.8,46.8,48.0,47.8,46.2,44.2,42.9,43.2,109.5,107.6,104.2,101.3,100.7,102.7,106.0,108.8,117.8,112.3,107.6,103.5,100.9,99.8,99.3,100.7,102.7,106.0,109.6,113.8,107.4,106.1,104.7,103.9,104.2,105.4,106.9,107.7,50.1,45.6,42.1,41.8,44.9,49.5,52.9,53.6,55.4,51.2,47.3,44.9,44.1,44.5,45.3,47.2,48.8,50.5,52.3,54.2,50.2,50.1,48.6,46.7,45.5,45.6,47.0,48.9,271.6,274.7,276.6,276.2,273.7,270.7,268.7,269.1,276.9,274.9,273.4,272.7,272.9,274.0,275.2,271.7,269.5,269.0,270.0,272.6,271.8,271.6,272.4,273.7,274.8,275.0,274.1,272.8,230.3,230.9,232.2,233.5,234.1,233.5,232.2,231.1,231.8,230.3,229.7,230.4,232.8,236.9,240.5,237.1,233.7,231.4,230.9,231.1,232.5,233.0,233.5,233.8,233.6,233.0,232.5,232.2,33.1,103.2,252.1,-1.261,1.011,0.084,694.3,698.5,710.7,725.7,723.7,726.0,735.1,747.1,772.9,826.2,875.6,928.9,955.4,971.0,976.1,980.1,988.8,652.5,653.3,660.4,685.1,722.1,746.6,779.3,826.8,880.0,913.5,720.7,709.3,700.9,691.4,692.8,707.3,718.2,744.6,768.9,665.9,676.8,694.1,704.7,693.0,677.9,789.0,804.1,826.6,845.7,828.6,807.1,697.7,679.2,688.3,704.6,724.0,769.3,832.1,785.6,743.8,717.1,700.5,691.3,701.0,692.1,708.8,728.5,813.8,740.9,717.8,700.4,852.5,906.7,958.3,1005.0,1035.2,1049.1,1053.1,1022.6,968.7,914.1,851.6,792.1,730.1,673.7,619.7,567.0,519.0,741.4,678.0,610.3,566.3,555.4,515.3,457.9,427.2,426.0,464.4,589.9,610.7,632.8,657.3,758.4,743.5,726.8,705.1,684.4,734.4,701.3,680.1,672.9,697.8,718.8,570.7,542.8,523.4,525.9,541.5,559.3,914.2,841.7,796.9,783.3,761.7,755.2,782.1,812.1,836.0,853.0,872.5,897.0,895.2,823.2,804.7,786.5,787.5,814.8,832.9,851.4,0.00,0.00,0.00,0.00,0.00,0.00,0.00,0.00,0.00,0.00,0.00,0.00,0.00,0.00,0.00,0.00,0.00,0.00,0.00,0.00,0.00,0.00,0.00,0.00,0.00,0.00,0.00,0.00,0.00,0.00,0.00,0.00,0.00,0.00,0.00
49,0,1.600,0.03,0,0.000000,0.000000,0.000000,0.000000,0.000000,0.000000,0.000,0.000,701.3,683.4,675.1,681.3,698.4,716.4,724.5,718.3,658.1,663.4,673.2,683.3,693.6,700.2,707.1,704.5,699.7,690.5,679.4,668.2,705.4,708.8,705.3,697.0,688.7,685.4,688.9,697.2,801.6,799.6,807.8,821.5,832.6,834.6,826.4,812.0,791.5,796.7,805.6,817.7,829.5,839.3,845.9,842.3,834.8,824.0,812.7,801.5,814.2,819.9,823.3,822.5,817.8,812.1,808.7,809.5,695.6,682.0,667.9,661.7,667.0,681.6,694.7,700.9,756.1,739.9,723.9,706.5,692.2,687.2,689.2,701.5,714.9,728.9,740.4,749.9,694.1,691.1,684.2,677.5,674.9,677.9,684.7,691.5,548.3,532.9,520.8,519.1,528.8,544.3,556.4,559.4,566.8,552.4,539.5,529.4,524.6,523.5,525.9,534.1,541.9,549.4,555.8,562.0,546.8,546.1,541.0,534.6,530.5,531.2,536.3,542.7,13.4,9.5,7.9,9.5,13.7,17.9,19.3,17.4,3.9,5.0,7.1,9.3,11.7,13.3,15.0,14.2,13.0,10.9,8.5,6.1,14.7,15.7,15.0,13.1,11.2,10.3,10.9,12.8,47.9,47.2,49.8,54.3,57.9,58.6,55.9,51.3,45.0,46.2,48.7,52.3,56.5,60.4,63.4,61.4,58.4,54.7,51.2,47.9,52.1,54.0,55.1,54.8,53.3,51.4,50.3,50.6,73.5,70.8,69.2,69.6,71.9,75.2,76.4,75.8,85.5,81.3,77.5,74.3,72.4,72.3,73.6,75.4,77.4,79.7,82.0,84.1,75.1,75.4,74.5,73.1,72.0,71.8,72.7,74.0,55.7,51.1,47.7,47.6,50.8,55.5,58.9,59.4,61.5,56.8,52.7,49.9,49.0,49.6,51.1,52.9,54.6,56.3,58.1,59.9,55.9,55.8,54.4,52.4,51.1,51.1,52.6,54.5,191.5,192.4,196.6,201.8,204.8,204.5,199.7,194.6,188.8,187.1,186.5,187.6,190.7,193.4,195.6,193.1,190.7,189.0,188.7,188.8,196.8,199.2,201.1,201.5,200.2,197.8,195.8,195.4,259.0,258.7,259.8,261.7,263.2,263.6,262.5,260.8,260.2,258.2,257.0,257.7,260.8,265.2,269.5,265.8,262.5,260.3,259.4,259.6,261.7,262.5,262.9,262.8,262.1,261.3,260.9,261.0,32.8,103.4,246.3,-1.298,1.046,0.082,702.7,708.6,725.8,740.2,734.0,732.3,742.4,753.8,779.9,838.4,885.5,933.4,950.3,960.2,964.1,968.6,979.2,662.5,661.2,668.2,693.8,736.0,750.3,775.7,823.6,874.7,908.5,722.0,709.0,699.4,688.9,698.3,711.6,719.9,746.1,770.6,665.3,676.4,694.0,701.5,693.8,679.0,792.6,807.3,828.8,846.8,832.7,812.6,691.7,679.2,693.5,711.0,731.9,770.1,822.6,777.5,739.9,710.6,693.9,685.1,691.5,691.4,710.6,731.7,801.3,736.4,711.6,693.3,861.9,918.5,972.7,1019.7,1051.1,1064.7,1071.1,1036.5,975.3,916.5,850.0,786.7,722.1,667.6,617.9,566.1,516.9,772.6,700.7,621.6,567.5,550.4,530.0,463.3,428.2,423.5,467.2,592.4,615.0,639.7,666.7,777.6,761.2,742.5,718.6,695.7,756.0,720.0,695.7,686.8,716.7,741.1,571.7,540.3,518.5,524.2,541.0,561.0,932.4,864.1,826.8,812.8,790.4,781.0,801.3,821.5,841.3,857.8,878.0,903.2,910.5,850.1,831.6,812.1,805.8,823.0,841.5,860.5,0.00,0.00,0.00,0.00,0.00,0.00,0.00,0.00,0.00,0.00,0.00,0.00,0.00,0.00,0.00,0.00,0.00,0.00,0.00,0.00,0.00,0.00,0.00,0.00,0.00,0.00,0.00,0.00,0.00,0.00,0.00,0.00,0.00,0.00,0.00
50,0,1.633,0.03,0,0.000000,0.000000,0.000000,0.000000,0.000000,0.000000,0.000,0.000,633.5,625.8,635.8,657.6,678.5,688.5,676.2,654.4,595.1,597.2,604.1,616.1,631.8,644.5,658.8,657.1,643.0,628.5,616.6,606.0,655.6,666.1,671.0,667.4,657.3,646.7,641.8,645.5,804.7,802.9,818.1,841.5,859.3,861.1,845.9,821.5,794.1,803.9,818.2,834.8,850.4,867.4,879.5,872.5,858.8,839.7,823.4,808.3,826.2,838.4,846.3,845.2,835.9,823.8,815.9,816.9,739.9,724.9,710.0,703.9,710.1,726.1,740.0,746.1,777.7,753.3,736.7,718.5,704.9,695.8,690.4,702.7,716.1,734.4,749.9,764.3,738.4,735.3,727.8,720.5,717.6,720.8,728.2,735.5,542.1,523.1,511.1,513.0,527.7,546.6,558.7,559.2,577.7,555.9,536.1,524.7,523.1,530.6,538.3,542.6,546.6,553.2,561.4,570.1,549.2,550.1,543.7,533.7,526.1,525.1,531.5,541.5,-1.4,-3.0,-0.9,3.8,8.3,10.3,7.6,3.0,-9.7,-9.2,-7.8,-5.2,-1.8,1.0,4.1,3.7,0.6,-2.4,-4.9,-7.2,3.3,5.5,6.6,5.9,3.7,1.4,0.4,1.2,31.9,32.1,35.7,40.6,43.9,43.5,39.9,34.9,29.6,31.6,34.5,38.1,41.7,46.1,49.4,46.8,43.0,38.7,35.4,32.4,36.4,38.9,40.8,40.9,39.2,36.7,34.8,34.7,79.9,78.1,76.1,75.1,75.7,77.9,79.5,80.4,90.4,85.0,81.4,77.7,75.0,73.6,72.9,73.6,74.9,78.2,81.8,85.8,80.1,79.5,78.6,77.7,77.4,77.9,79.0,79.8,35.3,32.2,30.3,30.8,33.6,36.7,38.5,38.3,41.9,37.8,34.1,32.2,32.3,34.5,36.7,36.7,36.7,37.4,38.8,40.4,37.0,37.3,36.3,34.6,33.2,32.9,33.9,35.6,184.0,187.3,190.2,191.0,189.3,186.1,183.1,182.2,189.4,189.1,189.1,189.6,190.4,191.7,193.0,187.8,184.1,182.7,183.5,185.6,185.1,185.5,186.9,188.5,189.4,189.1,187.7,186.0,169.7,172.6,175.4,176.4,175.0,172.2,169.4,168.3,168.4,168.6,169.5,171.0,173.4,177.2,180.3,176.0,172.1,169.6,168.7,168.2,171.0,171.5,172.9,174.4,175.1,174.5,173.1,171.6,25.7,93.9,222.9,-1.355,0.852,-0.020,628.5,650.6,678.5,698.0,702.2,713.6,733.4,755.3,786.7,850.3,904.3,960.9,976.4,978.5,984.4,985.3,987.7,564.3,577.6,600.4,642.0,696.4,737.6,775.4,827.5,892.7,934.6,715.9,703.8,696.3,689.3,679.0,696.6,712.8,744.4,772.0,599.2,612.4,638.8,651.2,636.4,611.9,793.0,817.8,852.1,880.6,857.8,823.5,663.0,668.0,685.6,705.6,726.4,762.3,812.9,755.3,718.9,690.8,672.9,657.6,662.6,684.6,704.6,727.4,784.7,723.2,698.2,678.7,948.6,1009.4,1062.0,1103.1,1122.4,1118.6,1109.2,1047.5,967.1,903.8,841.5,786.5,728.4,672.9,624.5,570.5,527.2,785.5,715.8,629.6,572.5,554.9,532.1,473.9,436.5,427.3,465.1,589.8,610.4,633.6,658.8,780.7,759.4,735.6,711.2,688.8,773.5,730.4,698.7,687.9,725.7,758.3,578.3,544.2,519.7,531.0,545.4,567.1,926.0,856.6,816.6,806.8,792.2,792.5,818.9,821.3,833.1,839.6,857.8,883.5,897.6,840.5,824.1,814.6,820.3,814.1,822.9,839.5,0.00,0.00,0.00,0.00,0.00,0.00,0.00,0.00,0.00,0.00,0.00,0.00,0.00,0.00,0.00,0.00,0.00,0.00,0.00,0.00,0.00,0.00,0.00,0.00,0.00,0.00,0.00,0.00,0.00,0.00,0.00,0.00,0.00,0.00,0.00
51,0,1.667,0.03,0,0.000000,0.000000,0.000000,0.000000,0.000000,0.000000,0.000,0.000,628.7,608.7,598.5,604.3,622.5,644.9,652.7,646.9,604.1,604.0,609.5,618.9,629.9,638.9,647.0,644.2,632.2,621.4,613.6,608.3,638.6,641.4,636.9,627.8,619.5,616.7,621.2,630.3,793.8,790.1,805.1,830.0,850.3,854.0,839.0,813.2,790.6,801.5,817.3,835.4,852.0,868.2,877.1,871.5,857.5,837.4,819.7,804.1,817.7,828.5,834.9,833.3,824.6,813.9,807.4,809.0,866.4,848.0,823.8,808.0,809.9,826.4,852.4,868.2,839.6,819.8,801.6,781.9,762.8,746.4,733.4,752.4,775.0,798.7,817.2,831.2,848.7,841.4,830.3,822.0,821.2,828.4,839.5,847.9,541.6,521.4,507.6,508.3,523.0,543.1,556.9,558.9,587.4,567.0,545.6,532.2,528.9,534.4,539.9,543.4,547.3,554.7,565.1,576.9,545.5,545.8,539.9,531.2,524.9,524.6,530.5,539.2,-2.5,-7.0,-9.2,-7.7,-3.7,1.0,2.7,1.5,-8.0,-7.9,-6.6,-4.5,-2.2,-0.2,1.5,0.9,-1.6,-3.9,-5.6,-6.9,-0.3,0.3,-0.7,-2.6,-4.5,-5.1,-4.2,-2.1,27.3,27.1,30.3,35.1,38.6,38.6,35.2,30.4,26.4,28.3,31.3,34.9,38.5,42.6,45.1,43.0,39.4,35.1,31.7,28.8,31.8,33.9,35.3,35.3,33.8,31.7,30.3,30.4,113.4,109.7,102.6,96.4,94.6,97.6,104.9,111.3,106.9,100.7,95.3,90.2,85.7,82.3,79.9,82.7,86.9,92.3,97.6,102.7,106.8,104.0,100.8,99.2,100.1,102.9,106.1,107.7,32.2,29.1,27.1,27.4,29.9,33.0,34.9,35.0,39.9,36.3,32.7,30.7,30.7,32.5,34.3,34.1,33.9,34.6,36.2,38.1,33.2,33.4,32.6,31.2,30.2,30.0,30.9,32.2,195.9,196.6,193.5,188.3,184.0,183.0,186.4,191.6,195.1,191.6,188.8,187.1,186.3,186.4,187.1,184.4,183.3,184.1,186.8,190.7,191.3,189.0,187.6,187.9,189.9,192.2,193.6,193.2,155.1,157.9,160.7,161.8,160.6,157.7,155.0,153.8,153.3,153.4,154.4,156.1,159.0,163.2,166.6,162.5,158.4,155.6,154.3,153.5,156.8,157.2,158.4,159.6,160.2,159.7,158.5,157.3,24.6,93.7,213.3,-1.444,0.941,-0.011,651.0,671.0,703.1,725.6,727.4,734.7,751.8,764.5,794.7,864.8,917.2,967.5,976.1,975.0,979.7,985.6,990.4,578.3,600.8,619.3,649.4,695.0,718.7,765.5,824.9,892.1,943.2,704.1,688.6,677.9,669.4,670.6,684.3,696.3,729.8,760.9,601.9,613.7,635.5,642.8,632.2,612.2,787.2,820.5,851.4,880.6,854.6,823.2,658.0,661.2,680.7,700.7,726.3,766.6,821.9,755.2,712.9,678.1,658.6,648.8,652.7,671.8,694.3,720.9,793.8,718.1,689.0,668.0,980.6,1039.2,1094.2,1134.2,1152.6,1144.5,1130.8,1054.9,961.1,892.5,833.7,780.1,718.5,660.7,613.3,563.4,522.1,823.9,752.2,661.8,590.9,560.0,544.9,482.5,442.7,429.6,466.0,608.8,627.8,649.4,673.8,811.2,782.2,749.0,716.4,688.9,839.2,796.4,758.3,733.9,779.8,818.1,587.2,553.9,525.2,530.8,545.7,571.9,960.5,884.6,847.0,828.8,809.8,801.4,817.8,821.6,838.0,848.7,872.0,905.4,929.3,861.9,839.7,824.1,821.1,825.2,839.5,862.3,0.00,0.00,0.00,0.00,0.00,0.00,0.00,0.00,0.00,0.00,0.00,0.00,0.00,0.00,0.00,0.00,0.00,0.00,0.00,0.00,0.00,0.00,0.00,0.00,0.00,0.00,0.00,0.00,0.00,0.00,0.00,0.00,0.00,0.00,0.00
52,0,1.700,0.03,0,0.000000,0.000000,0.000000,0.000000,0.000000,0.000000,0.000,0.000,635.2,613.2,602.4,609.1,629.4,653.8,662.3,655.5,609.3,610.1,616.5,625.7,635.9,643.3,648.9,648.4,638.2,628.5,620.7,614.8,646.0,649.3,644.5,634.3,624.9,621.6,626.4,636.6,771.7,767.3,783.3,810.5,832.8,837.3,821.2,793.7,775.6,793.7,813.0,831.8,848.9,867.6,877.5,871.9,854.0,829.8,810.1,792.1,799.2,811.4,818.7,816.6,806.5,794.2,787.0,789.0,911.7,894.3,869.7,852.3,852.4,867.8,894.4,911.8,886.1,865.5,846.2,824.8,804.0,786.4,772.2,791.9,816.0,841.3,861.2,876.5,892.4,884.3,872.8,864.8,864.8,872.9,884.4,892.5,567.5,544.5,524.5,519.2,531.8,554.8,574.8,582.9,595.3,576.0,551.9,535.7,529.9,532.4,536.1,540.8,546.9,555.7,568.3,584.1,565.5,563.1,554.1,543.6,537.8,540.2,549.3,559.7,-1.0,-5.8,-8.0,-6.4,-2.2,2.8,4.6,3.3,-6.6,-6.3,-4.9,-2.9,-0.9,0.7,1.9,1.7,-0.4,-2.3,-4.0,-5.3,1.3,1.9,0.9,-1.2,-3.2,-3.9,-2.9,-0.7,21.4,20.9,23.8,28.2,31.6,31.9,29.1,24.7,22.2,24.9,28.0,31.4,34.9,39.3,42.2,39.9,35.8,31.2,27.7,24.7,25.9,27.9,29.2,29.0,27.5,25.5,24.2,24.4,119.4,116.0,108.8,102.3,100.1,102.8,110.2,117.0,113.2,106.7,101.1,95.8,91.3,88.0,85.6,88.3,92.4,97.8,103.3,108.6,112.6,109.6,106.3,104.8,105.9,108.9,112.2,113.7,33.7,30.3,27.3,26.4,28.2,31.5,34.5,35.8,38.5,35.0,31.1,28.8,28.4,29.8,31.3,31.1,31.3,32.2,34.0,36.4,33.5,33.1,31.7,30.2,29.4,29.8,31.2,32.7,189.4,190.0,186.8,181.7,177.8,177.1,180.5,185.5,188.2,184.6,182.0,180.4,179.9,180.5,181.7,178.8,177.3,177.9,180.3,184.0,185.1,182.8,181.4,181.7,183.5,185.8,187.2,186.9,142.0,143.9,145.1,145.0,143.5,141.7,140.5,140.7,143.0,142.0,141.8,143.2,146.4,151.1,155.6,150.5,146.4,143.9,142.6,142.2,142.6,142.5,143.1,143.9,144.5,144.6,144.0,143.2,23.5,95.2,207.0,-1.490,1.002,-0.032,658.0,678.7,713.6,740.1,743.9,746.6,758.5,769.8,795.6,869.5,920.8,974.7,979.8,970.3,969.1,975.1,985.3,593.9,605.9,615.6,641.7,685.0,718.0,763.2,821.8,886.3,937.9,691.1,671.9,656.3,642.7,653.7,670.0,682.4,717.9,752.1,608.4,619.2,639.1,644.9,637.2,619.3,780.7,814.6,846.7,877.1,849.0,817.1,662.5,660.3,678.3,698.6,722.3,767.2,830.0,756.4,709.4,674.5,654.8,647.6,656.3,669.6,692.1,716.7,798.3,712.1,683.7,662.8,1016.2,1074.6,1129.0,1166.5,1180.6,1164.9,1144.9,1068.7,968.6,893.9,826.8,770.5,706.3,647.4,601.1,555.0,516.8,879.1,807.7,711.3,634.6,597.4,564.6,495.6,448.7,427.5,458.7,636.5,655.6,676.0,698.8,836.7,807.5,772.4,735.7,704.3,887.2,841.9,800.2,771.6,820.5,862.1,594.2,558.8,526.9,528.5,545.3,575.0,987.8,908.2,866.3,847.6,827.4,812.2,819.2,830.0,851.2,863.7,887.4,926.4,956.2,879.9,857.5,839.7,825.2,839.9,855.2,878.0,0.00,0.00,0.00,0.00,0.00,0.00,0.00,0.00,0.00,0.00,0.00,0.00,0.00,0.00,0.00,0.00,0.00,0.00,0.00,0.00,0.00,0.00,0.00,0.00,0.00,0.00,0.00,0.00,0.00,0.00,0.00,0.00,0.00,0.00,0.00
53,0,1.733,0.03,0,0.000000,0.000000,0.000000,0.000000,0.000000,0.000000,0.000,0.000,623.1,608.0,606.2,618.7,638.1,656.0,655.0,642.6,612.1,610.5,615.6,626.1,641.2,654.9,666.5,661.2,646.6,633.5,624.2,617.5,639.5,645.0,644.2,637.6,629.0,623.6,624.4,631.0,759.3,755.4,772.6,800.8,823.4,827.3,810.1,781.6,771.0,794.7,816.2,836.5,859.0,880.4,886.6,885.6,867.5,839.0,816.0,793.2,787.7,802.3,811.0,808.7,796.9,782.3,773.6,775.9,888.2,869.4,841.7,821.4,820.3,838.0,866.9,887.2,890.6,867.9,846.7,824.0,803.8,789.5,779.8,796.8,817.5,841.1,861.3,878.9,868.5,859.5,847.4,839.1,839.6,848.5,860.7,868.9,529.5,508.6,490.8,486.5,498.2,519.1,536.9,544.6,593.9,579.7,554.2,533.7,525.3,526.2,526.6,534.6,543.4,556.7,569.3,585.6,531.6,529.6,520.2,509.0,502.6,504.7,514.0,525.2,-3.3,-6.3,-6.6,-4.1,-0.4,3.0,2.8,0.5,-5.5,-5.7,-4.7,-2.7,0.2,2.9,5.1,4.0,1.2,-1.2,-3.0,-4.3,-0.1,0.9,0.8,-0.5,-2.1,-3.2,-3.0,-1.7,16.1,15.9,18.5,22.4,25.1,25.2,22.6,18.8,17.6,20.7,23.5,26.6,30.5,34.8,37.0,35.1,31.3,26.9,23.5,20.4,20.0,21.9,23.3,23.2,21.7,19.7,18.4,18.5,102.1,99.9,94.4,89.1,86.9,88.9,94.4,99.7,104.3,98.5,93.3,88.4,84.5,82.2,80.9,82.6,85.6,90.0,94.8,99.8,97.1,94.8,92.4,91.5,92.4,94.8,97.2,98.1,22.9,20.5,18.3,17.6,18.9,21.4,23.5,24.6,31.5,29.3,25.9,23.5,23.1,24.0,25.0,24.9,25.3,26.6,28.0,30.1,23.2,22.9,21.8,20.5,19.7,20.0,21.2,22.5,169.2,171.7,171.6,168.9,165.3,162.7,162.9,165.5,172.0,169.7,167.8,166.7,166.6,167.4,168.5,165.4,163.6,163.7,165.4,168.3,167.1,166.0,165.9,167.0,168.6,169.8,169.8,168.7,118.4,120.7,122.1,121.8,119.9,117.5,116.1,116.4,117.7,116.9,116.7,118.3,122.1,126.5,131.3,125.0,120.5,118.2,116.9,116.6,118.3,118.2,119.0,120.2,121.1,121.2,120.4,119.2,24.1,97.7,204.2,-1.512,1.095,-0.060,739.0,772.9,803.5,816.5,809.4,795.8,784.9,781.8,798.1,867.0,925.5,981.8,980.5,954.6,946.2,950.1,963.5,581.4,582.7,590.1,618.1,662.8,730.1,769.5,818.1,884.3,936.7,688.9,662.5,638.2,617.2,639.7,655.2,670.9,705.2,739.7,613.5,623.8,645.5,657.0,642.3,622.6,787.4,815.4,854.3,891.3,857.5,818.4,681.7,665.1,673.3,695.4,720.1,767.5,837.6,756.8,708.0,673.0,654.5,648.2,674.7,675.4,695.5,724.2,800.7,714.8,682.1,662.5,1125.8,1183.5,1226.5,1250.7,1243.1,1204.9,1161.9,1081.8,983.4,901.0,821.0,755.8,696.4,642.0,594.7,548.7,516.3,921.3,839.5,741.9,674.8,641.7,573.5,507.7,454.0,423.0,445.7,642.9,666.4,689.0,713.3,851.2,820.7,788.5,752.8,721.7,892.6,839.3,794.0,778.4,824.2,869.4,600.9,555.5,519.3,524.0,543.5,575.9,1017.8,931.4,876.6,860.3,839.8,826.2,832.7,849.7,874.3,888.8,914.0,954.8,988.3,896.7,874.2,857.5,844.3,855.6,871.2,893.5,0.00,0.00,0.00,0.00,0.00,0.00,0.00,0.00,0.00,0.00,0.00,0.00,0.00,0.00,0.00,0.00,0.00,0.00,0.00,0.00,0.00,0.00,0.00,0.00,0.00,0.00,0.00,0.00,0.00,0.00,0.00,0.00,0.00,0.00,0.00
54,0,1.767,0.03,0,0.000000,0.000000,0.000000,0.000000,0.000000,0.000000,0.000,0.000,507.2,480.8,486.9,521.8,565.1,593.8,585.4,550.5,457.3,456.5,470.3,491.8,520.6,542.8,560.8,540.2,523.6,502.6,484.6,469.2,539.1,557.2,560.9,548.0,526.2,508.2,504.5,517.3,718.3,719.9,731.6,746.6,756.1,754.5,742.7,728.9,749.9,757.7,770.3,791.8,821.2,854.7,880.0,862.1,834.2,806.0,782.0,762.6,738.9,744.1,748.4,749.2,746.1,740.9,736.6,735.8,742.1,729.7,725.2,731.4,744.5,760.6,761.3,755.1,891.9,859.9,824.3,786.4,761.5,759.5,769.6,785.8,805.9,831.9,859.7,880.5,759.6,761.5,757.8,750.6,744.2,742.2,745.9,753.1,611.2,587.9,559.9,543.7,548.6,571.9,599.9,619.1,605.5,583.8,557.1,535.7,527.5,530.1,539.7,542.6,549.6,561.3,576.8,595.7,595.2,588.7,577.6,568.6,566.9,573.4,584.4,593.5,-13.6,-17.0,-17.3,-13.9,-8.8,-5.2,-5.8,-9.2,-17.3,-17.1,-15.8,-14.1,-11.8,-9.9,-8.1,-10.0,-11.4,-13.1,-14.8,-16.2,-10.7,-9.0,-8.8,-10.4,-12.9,-14.7,-14.7,-13.1,11.9,12.3,14.0,15.9,16.7,16.2,14.7,13.1,16.3,17.3,19.1,22.3,26.7,32.0,36.2,32.6,28.0,23.9,20.5,17.8,14.7,15.3,15.8,16.0,15.8,15.2,14.6,14.4,39.1,39.5,41.3,43.6,45.1,45.3,42.8,40.4,50.3,46.7,43.2,40.6,39.7,40.6,42.1,42.7,43.5,45.1,47.7,49.5,42.5,43.5,44.3,44.3,43.7,42.6,41.9,41.8,38.2,35.2,30.6,27.4,27.2,30.0,34.3,38.2,36.3,32.9,28.9,25.8,24.7,25.4,27.1,26.8,27.4,29.0,31.3,34.3,34.9,33.5,31.8,30.6,30.8,32.1,33.9,35.1,89.5,93.4,98.8,102.7,102.7,99.0,93.4,89.5,82.8,81.7,81.5,83.3,86.6,89.0,89.9,87.8,85.4,83.7,83.5,83.3,93.0,94.8,97.4,99.3,99.4,97.6,95.0,93.1,133.0,135.1,134.0,130.3,126.2,124.1,125.2,129.0,129.5,128.5,128.1,128.3,129.2,130.5,132.0,128.4,126.3,125.9,126.2,127.3,129.8,128.2,127.7,128.5,130.1,131.7,132.2,131.4,10.9,90.8,187.6,-1.316,0.894,-0.336,600.9,675.8,728.0,744.8,743.7,752.7,764.8,772.0,795.2,858.8,930.7,987.5,986.0,953.3,949.7,949.1,952.0,385.3,393.8,422.0,466.1,520.9,676.8,739.0,789.2,862.7,931.2,625.2,614.1,604.5,599.5,602.1,620.0,639.9,666.6,691.7,460.7,478.1,517.9,550.2,515.9,479.1,747.1,770.1,824.2,877.7,837.8,783.2,636.6,651.4,665.4,690.3,712.9,759.9,827.4,746.0,696.7,668.6,648.1,626.4,641.6,671.4,694.0,722.5,786.0,708.9,677.2,656.6,1248.4,1315.7,1352.9,1364.9,1321.8,1244.4,1170.3,1078.0,985.2,911.8,835.6,763.0,694.7,627.6,580.2,533.9,497.8,979.0,879.2,776.3,704.4,653.2,529.4,484.6,438.1,406.6,428.9,623.7,649.6,672.7,697.0,835.8,804.5,777.0,741.8,711.5,883.8,820.8,767.0,769.1,810.8,866.3,612.8,563.5,520.3,531.0,550.2,586.8,1019.0,940.8,876.3,866.6,852.5,846.7,847.4,870.7,891.2,901.7,922.0,964.7,996.7,892.1,877.4,867.2,859.6,868.1,877.3,893.7,0.00,0.00,0.00,0.00,0.00,0.00,0.00,0.00,0.00,0.00,0.00,0.00,0.00,0.00,0.00,0.00,0.00,0.00,0.00,0.00,0.00,0.00,0.00,0.00,0.00,0.00,0.00,0.00,0.00,0.00,0.00,0.00,0.00,0.00,0.00
55,0,1.800,0.03,0,0.000000,0.000000,0.000000,0.000000,0.000000,0.000000,0.000,0.000,524.7,504.5,510.4,539.0,573.6,595.9,587.8,559.2,468.9,469.4,479.3,495.5,518.4,536.7,552.2,541.8,528.3,511.5,496.9,482.8,551.1,566.2,569.7,559.7,542.0,526.9,523.4,533.4,741.8,746.5,764.8,786.0,797.7,793.0,774.7,753.9,748.8,755.5,769.9,791.8,815.2,842.4,868.8,854.8,832.2,807.7,784.7,764.5,766.7,776.7,785.2,787.3,781.7,771.7,763.2,761.1,829.9,814.7,802.5,800.5,809.8,827.5,837.2,839.2,953.1,924.5,895.6,864.5,840.4,833.3,836.2,854.1,874.8,899.2,922.1,940.5,837.7,836.0,828.6,820.0,815.1,816.9,824.3,832.9,617.0,590.4,564.3,553.9,565.2,591.8,617.9,631.6,621.0,604.1,584.0,568.4,559.2,555.6,557.1,571.5,584.1,595.0,607.5,619.3,610.8,606.1,594.0,581.6,576.3,581.0,593.1,605.5,-14.7,-17.9,-17.9,-14.4,-9.5,-6.1,-6.9,-10.3,-21.6,-21.2,-19.8,-17.9,-15.4,-13.4,-11.5,-12.6,-14.1,-16.0,-17.9,-19.7,-11.7,-9.9,-9.6,-11.2,-13.6,-15.5,-15.7,-14.1,15.8,16.9,19.6,22.4,23.4,22.3,19.8,17.2,16.7,17.5,19.4,22.4,25.9,30.1,34.3,31.6,28.0,24.4,21.2,18.7,19.2,20.5,21.7,22.2,21.7,20.4,19.1,18.7,60.1,60.0,61.0,62.7,64.1,64.9,63.2,61.4,74.9,70.2,66.1,62.6,60.9,61.3,62.5,63.5,64.8,67.2,70.2,72.8,63.1,63.9,64.2,63.9,63.3,62.6,62.3,62.5,39.9,36.5,32.2,29.7,30.5,33.8,37.8,40.9,40.1,37.0,33.5,30.8,29.4,29.1,29.6,31.1,32.6,34.1,36.3,38.8,38.1,36.9,35.0,33.5,33.1,34.3,36.2,37.8,111.9,115.5,120.7,124.5,124.7,121.4,115.9,112.1,110.5,108.8,107.9,108.6,111.0,113.3,114.9,112.4,110.2,109.0,109.3,109.8,115.6,117.4,119.9,121.7,121.7,119.9,117.4,115.7,136.0,138.5,137.7,134.2,130.0,127.6,128.3,131.9,134.5,132.5,130.7,129.4,129.2,130.1,131.3,128.8,127.4,127.1,128.4,131.1,132.9,131.3,131.0,132.1,134.1,135.6,136.0,134.8,11.4,97.3,186.5,-1.185,0.906,-0.424,611.6,679.9,735.8,753.5,751.6,749.2,752.4,761.7,799.6,879.9,954.5,1006.2,1002.0,963.6,960.0,981.0,1002.3,412.2,412.0,432.4,469.2,515.1,636.1,709.3,770.6,845.0,921.7,600.3,599.4,597.2,599.2,599.2,626.9,648.7,669.2,687.3,473.2,487.6,518.8,546.2,521.5,494.8,746.4,768.5,817.1,870.0,830.5,784.1,636.5,648.6,664.3,688.8,712.2,760.8,825.9,752.3,705.1,674.8,652.7,638.3,641.0,669.5,695.8,722.0,785.2,700.2,669.8,648.3,1265.1,1323.3,1365.0,1377.6,1340.3,1261.0,1183.1,1099.2,1010.3,933.1,850.5,772.1,699.3,633.4,590.8,552.5,515.4,1018.2,911.3,802.9,722.2,660.6,568.1,509.9,457.3,420.7,440.0,663.5,693.7,720.8,748.6,881.4,854.0,826.6,787.4,750.8,949.5,891.7,842.2,835.8,879.0,927.2,629.6,588.1,550.6,553.2,579.8,612.9,1041.5,964.7,916.5,904.7,888.1,879.7,881.0,895.4,913.9,925.8,945.7,983.6,1015.4,932.9,917.9,903.5,892.4,886.5,899.5,917.1,0.00,0.00,0.00,0.00,0.00,0.00,0.00,0.00,0.00,0.00,0.00,0.00,0.00,0.00,0.00,0.00,0.00,0.00,0.00,0.00,0.00,0.00,0.00,0.00,0.00,0.00,0.00,0.00,0.00,0.00,0.00,0.00,0.00,0.00,0.00
56,0,1.833,0.03,0,0.000000,0.000000,0.000000,0.000000,0.000000,0.000000,0.000,0.000,539.9,519.7,524.2,550.8,583.9,606.0,599.6,573.0,484.2,482.0,489.6,504.1,525.9,543.9,560.9,552.6,540.6,525.0,511.3,497.9,564.3,578.2,581.0,571.0,554.1,540.2,537.4,547.4,744.7,744.0,761.3,786.3,804.5,805.1,787.8,763.3,757.8,759.1,768.0,785.0,809.6,842.4,868.5,855.6,831.5,807.4,788.6,771.9,773.6,783.3,790.2,790.1,783.2,773.5,766.6,766.7,863.2,846.0,830.7,826.4,835.6,855.1,868.1,872.4,982.3,953.0,924.3,892.5,867.8,860.0,863.1,882.4,904.3,929.4,951.6,969.6,868.3,865.5,856.9,847.4,842.6,845.4,854.1,863.5,620.4,590.7,563.6,555.1,570.1,599.8,626.9,638.7,658.1,632.6,603.5,579.2,564.1,556.3,554.3,575.0,596.3,617.4,635.5,652.0,612.7,609.4,598.9,587.2,581.2,584.5,595.1,606.8,-13.2,-16.3,-16.4,-13.0,-8.2,-4.9,-5.5,-8.9,-20.6,-20.6,-19.4,-17.6,-15.1,-12.9,-10.8,-11.7,-13.0,-14.9,-16.8,-18.6,-10.4,-8.6,-8.3,-9.9,-12.3,-14.1,-14.2,-12.6,15.0,15.1,17.5,20.7,22.7,22.4,20.2,17.2,16.7,16.8,17.8,20.0,23.4,28.2,32.0,29.5,25.9,22.6,20.3,18.4,18.8,20.0,20.9,21.0,20.3,19.1,18.1,18.0,66.6,66.0,66.6,68.1,69.8,71.0,69.8,68.1,82.3,77.2,72.8,69.0,67.0,67.2,68.6,69.7,71.3,73.9,77.2,80.0,69.5,70.2,70.3,69.8,69.1,68.5,68.3,68.8,37.3,33.5,29.5,27.6,28.9,32.5,36.4,38.9,42.4,38.3,33.9,30.3,28.2,27.3,27.2,29.5,31.9,34.8,37.7,40.7,35.6,34.8,33.2,31.8,31.3,32.1,33.6,35.1,115.7,118.9,123.9,127.8,128.3,125.5,120.2,116.3,115.7,113.9,112.9,113.3,115.4,117.6,119.2,116.8,114.6,113.6,114.2,114.8,119.7,121.4,123.8,125.4,125.2,123.4,121.0,119.5,125.3,127.2,126.6,123.8,120.6,118.7,119.3,122.2,124.3,123.1,121.8,120.8,120.7,121.7,122.7,119.9,118.1,118.3,119.7,121.9,123.2,122.1,121.8,122.5,123.8,125.0,125.2,124.5,12.2,102.0,187.4,-1.108,0.911,-0.474,617.5,683.2,736.8,753.4,760.9,753.6,748.5,752.2,802.1,900.2,983.5,1029.1,1012.6,962.8,959.4,992.2,1020.9,440.0,432.9,449.8,478.6,518.4,616.6,686.4,757.6,835.3,912.0,606.7,605.3,601.1,601.6,598.4,628.6,653.2,673.3,693.6,487.5,495.9,524.8,555.8,535.1,509.3,751.3,767.3,813.9,869.0,831.5,788.4,629.8,647.5,662.1,686.5,710.9,757.5,814.8,748.7,703.1,673.9,651.1,633.9,637.1,672.1,698.1,724.5,775.9,693.6,661.3,639.8,1262.9,1325.1,1372.7,1389.1,1359.3,1283.5,1205.3,1126.9,1037.8,954.9,861.1,769.7,691.7,628.8,595.6,564.6,528.2,1041.8,927.6,814.5,726.6,663.0,592.1,523.1,464.6,426.1,449.3,692.8,730.1,763.9,797.4,916.9,891.3,867.4,828.9,793.6,980.2,918.6,866.8,862.8,908.6,959.3,653.9,603.2,562.2,562.7,595.0,633.7,1060.7,985.0,938.9,927.6,910.0,897.9,889.6,910.3,929.0,943.2,963.2,1001.8,1037.5,956.9,942.8,926.6,904.0,900.3,914.4,931.2,0.00,0.00,0.00,0.00,0.00,0.00,0.00,0.00,0.00,0.00,0.00,0.00,0.00,0.00,0.00,0.00,0.00,0.00,0.00,0.00,0.00,0.00,0.00,0.00,0.00,0.00,0.00,0.00,0.00,0.00,0.00,0.00,0.00,0.00,0.00
57,0,1.867,0.03,0,0.000000,0.000000,0.000000,0.000000,0.000000,0.000000,0.000,0.000,538.8,506.7,495.6,512.0,546.4,579.6,589.6,573.1,492.3,488.0,497.3,510.0,528.4,545.7,562.6,557.2,548.8,535.0,519.9,504.7,553.4,562.2,557.6,542.2,525.1,516.3,520.9,536.3,730.4,732.1,750.1,774.1,789.9,788.2,770.2,747.0,754.0,753.9,762.9,781.4,807.3,841.0,867.4,855.3,833.4,809.7,790.1,771.1,757.7,773.5,784.8,784.7,773.5,757.6,746.4,746.4,863.7,849.7,836.9,832.9,839.9,856.4,866.7,870.7,1001.3,971.4,936.7,903.4,879.2,874.1,882.1,900.3,922.4,947.8,972.9,992.9,869.5,867.0,859.8,852.2,848.5,851.0,858.2,865.9,637.3,607.1,574.6,558.7,568.8,598.9,631.4,651.3,668.0,640.9,610.8,583.0,564.9,557.3,556.0,578.4,600.2,623.7,643.7,660.3,633.2,623.2,602.9,584.2,577.9,587.9,608.2,627.0,-11.9,-16.0,-18.2,-16.8,-12.5,-7.9,-6.3,-8.0,-16.7,-17.0,-15.9,-14.7,-13.1,-11.3,-9.4,-9.9,-10.6,-12.0,-13.7,-15.3,-10.6,-9.7,-10.6,-12.7,-14.8,-15.6,-14.7,-12.6,11.4,11.9,14.1,16.8,18.1,17.4,15.4,13.0,13.9,13.9,14.9,17.1,20.2,24.3,27.6,25.4,22.3,19.5,17.5,15.6,14.4,16.1,17.4,17.7,16.7,14.9,13.5,13.3,59.1,58.7,60.0,62.2,64.1,65.2,63.3,60.9,72.6,68.4,64.2,61.5,60.7,61.7,63.7,64.5,65.5,67.1,69.7,71.8,62.5,63.6,64.0,63.7,62.8,61.8,61.3,61.6,34.9,31.8,27.6,24.8,25.1,28.1,32.0,35.4,37.5,34.2,30.5,26.9,24.7,23.9,23.8,25.8,27.8,30.4,33.0,35.7,33.4,31.7,29.2,27.4,27.2,28.9,31.5,33.4,102.6,105.0,110.1,115.1,116.9,114.9,109.4,104.4,99.1,97.8,97.4,99.0,102.4,105.0,106.7,104.4,101.9,99.9,99.5,99.2,107.4,109.7,112.1,113.3,112.5,110.1,107.7,106.6,110.2,112.7,112.4,109.3,105.4,102.8,103.2,106.3,106.5,106.4,106.2,105.7,105.4,105.9,106.2,103.1,101.1,100.7,101.9,103.9,107.1,105.4,105.3,107.0,109.3,111.0,111.1,109.5,12.6,104.9,188.1,-1.053,0.909,-0.518,626.7,689.0,737.7,752.1,768.1,759.5,750.8,755.1,810.2,915.6,997.2,1039.4,1016.1,961.1,957.4,996.7,1027.4,459.3,443.9,455.8,480.0,518.8,605.2,667.1,742.4,823.7,901.4,613.1,610.8,605.8,606.0,597.1,630.2,657.9,677.7,698.9,496.7,500.4,528.4,561.1,544.5,518.5,748.8,763.1,810.0,867.2,831.1,787.7,626.5,643.8,655.9,681.1,708.3,755.6,809.3,749.7,703.2,672.2,647.4,629.2,635.7,668.4,695.0,723.4,770.1,694.7,659.3,636.6,1264.9,1328.5,1377.4,1395.4,1369.8,1297.0,1219.0,1146.9,1060.0,974.9,873.2,774.3,691.5,628.3,597.7,569.0,532.4,1057.8,941.0,822.5,730.3,668.3,603.5,526.0,462.4,425.5,455.6,714.0,755.2,792.8,829.9,942.9,916.7,893.4,854.9,820.3,999.7,933.9,880.3,878.0,927.2,979.4,665.6,608.3,564.1,564.9,599.8,642.5,1075.3,999.4,953.5,939.3,917.6,903.4,893.9,918.5,940.1,959.2,982.2,1018.6,1053.4,973.2,956.1,935.6,909.6,912.9,931.6,951.4,0.00,0.00,0.00,0.00,0.00,0.00,0.00,0.00,0.00,0.00,0.00,0.00,0.00,0.00,0.00,0.00,0.00,0.00,0.00,0.00,0.00,0.00,0.00,0.00,0.00,0.00,0.00,0.00,0.00,0.00,0.00,0.00,0.00,0.00,0.00
58,0,1.900,0.03,0,0.000000,0.000000,0.000000,0.000000,0.000000,0.000000,0.000,0.000,550.5,519.9,509.9,526.4,559.7,591.5,600.3,583.8,502.9,498.5,506.5,518.4,536.3,552.9,569.9,565.8,558.3,545.3,531.1,516.5,565.3,574.3,570.2,555.4,538.5,529.5,533.6,548.5,729.6,730.7,748.8,773.2,789.7,788.6,770.5,746.8,751.6,752.4,761.0,778.6,806.0,840.1,867.5,856.0,834.0,809.9,789.0,769.4,757.1,773.4,784.7,784.3,772.5,756.2,745.0,745.4,881.6,866.9,852.3,846.3,852.4,869.4,881.7,887.7,1014.6,983.7,949.7,916.1,891.0,885.2,892.2,911.6,934.5,960.4,984.7,1004.4,885.4,881.9,873.7,865.6,862.3,865.8,874.0,882.1,635.1,606.2,574.4,558.2,567.2,596.1,628.0,648.1,672.6,645.8,615.5,585.8,565.7,557.2,556.1,579.7,602.9,628.3,649.5,667.5,631.2,620.9,600.8,582.5,576.8,587.0,607.1,625.4,-10.9,-14.9,-16.9,-15.4,-11.1,-6.6,-5.1,-7.0,-16.3,-16.5,-15.5,-14.3,-12.6,-10.8,-8.9,-9.2,-9.9,-11.3,-12.9,-14.7,-9.5,-8.5,-9.2,-11.3,-13.5,-14.4,-13.5,-11.5,11.0,11.4,13.6,16.3,17.7,17.1,15.0,12.6,13.4,13.5,14.5,16.5,19.8,23.9,27.2,24.9,21.9,19.1,16.9,15.0,14.0,15.7,17.0,17.3,16.2,14.4,13.0,12.9,63.4,62.9,64.0,65.9,67.8,69.0,67.4,65.2,77.7,72.9,68.5,65.4,64.4,65.3,67.3,68.2,69.5,71.4,74.1,76.4,66.7,67.6,68.0,67.6,66.6,65.8,65.5,65.8,33.7,30.9,26.9,24.3,24.5,27.2,30.9,34.1,37.4,34.2,30.6,26.9,24.5,23.5,23.5,25.4,27.4,30.1,32.9,35.8,32.4,30.7,28.3,26.6,26.5,28.2,30.6,32.4,106.4,108.6,113.7,118.6,120.4,118.5,113.1,108.2,103.9,102.3,101.7,102.9,106.1,108.7,110.6,108.2,105.8,104.1,103.8,103.8,111.1,113.4,115.8,116.9,116.1,113.8,111.4,110.3,107.3,109.9,109.8,107.0,103.3,100.7,100.8,103.6,104.7,104.8,104.8,104.4,104.2,104.5,104.6,101.0,98.7,98.3,99.5,101.7,104.5,102.9,103.0,104.7,107.0,108.5,108.5,106.8,12.9,106.0,186.8,-1.051,0.931,-0.522,638.7,696.6,741.8,754.8,772.4,763.0,754.7,762.2,819.9,925.1,1002.1,1041.0,1014.4,959.5,957.6,1001.9,1037.7,474.3,454.0,459.2,480.6,518.3,605.3,663.1,738.0,819.6,894.6,617.9,615.8,611.2,611.5,600.7,635.6,664.2,683.6,705.7,507.4,509.4,536.7,567.7,553.7,528.5,748.6,762.8,809.3,866.1,830.7,787.3,624.9,638.2,649.3,675.4,702.9,750.9,805.7,749.9,703.1,670.7,644.7,624.3,634.7,664.7,692.2,720.4,765.8,694.8,658.2,634.2,1273.5,1335.7,1382.9,1400.1,1375.5,1305.6,1231.7,1163.7,1076.7,988.1,880.6,778.4,694.5,632.6,602.1,573.3,536.0,1069.0,955.0,834.6,741.5,680.8,601.4,520.8,455.9,420.5,452.5,727.1,771.3,812.2,852.2,961.7,935.2,911.6,871.8,836.0,1013.4,946.1,891.7,888.2,939.3,992.5,671.7,612.1,565.8,565.6,601.9,646.7,1087.0,1011.1,964.7,947.8,922.3,905.7,897.7,925.8,950.8,973.9,999.5,1033.9,1064.6,987.0,967.2,942.6,914.2,923.2,945.9,968.2,0.00,0.00,0.00,0.00,0.00,0.00,0.00,0.00,0.00,0.00,0.00,0.00,0.00,0.00,0.00,0.00,0.00,0.00,0.00,0.00,0.00,0.00,0.00,0.00,0.00,0.00,0.00,0.00,0.00,0.00,0.00,0.00,0.00,0.00,0.00
59,0,1.933,0.03,0,0.000000,0.000000,0.000000,0.000000,0.000000,0.000000,0.000,0.000,558.6,527.5,517.3,533.9,567.6,600.0,608.8,592.2,513.6,508.8,515.8,526.9,544.2,560.3,577.2,574.2,567.4,555.1,541.7,527.6,573.8,582.9,578.7,563.6,546.4,537.3,541.6,556.7,721.5,722.1,738.7,761.5,777.2,776.6,760.1,738.1,741.7,745.3,753.7,771.0,799.3,831.0,858.9,847.5,826.7,803.4,780.8,760.7,747.8,763.3,773.7,772.9,761.5,746.0,735.6,736.4,895.2,881.3,866.7,859.8,864.8,880.9,893.3,900.1,1030.7,999.3,965.0,930.6,904.6,897.8,903.6,923.5,947.0,973.8,998.7,1019.2,898.3,894.3,886.0,878.3,875.6,879.6,887.9,895.6,636.2,607.3,576.2,561.0,570.7,599.5,630.6,649.8,675.1,653.2,625.6,595.4,572.3,560.0,555.6,582.2,607.7,634.2,655.7,673.9,633.0,623.3,603.3,584.9,578.8,588.5,608.4,626.8,-9.8,-13.9,-15.9,-14.3,-9.9,-5.4,-4.0,-5.9,-15.0,-15.3,-14.4,-13.2,-11.6,-9.9,-7.9,-8.1,-8.7,-10.0,-11.6,-13.3,-8.4,-7.4,-8.1,-10.2,-12.3,-13.3,-12.5,-10.4,10.0,10.3,12.3,14.8,16.1,15.7,13.8,11.6,12.2,12.6,13.5,15.5,18.8,22.6,26.1,23.8,20.9,18.2,15.9,14.0,12.9,14.5,15.7,15.8,14.8,13.1,11.8,11.7,64.7,64.4,65.5,67.4,69.1,70.2,68.5,66.4,79.3,74.5,70.0,66.8,65.6,66.5,68.4,69.3,70.6,72.6,75.4,77.8,68.0,68.9,69.3,68.9,68.1,67.2,66.9,67.2,33.8,30.9,27.0,24.4,24.7,27.5,31.1,34.3,37.9,35.1,31.6,27.8,25.1,23.7,23.3,25.4,27.7,30.6,33.4,36.5,32.5,30.9,28.5,26.8,26.6,28.2,30.7,32.5,105.8,108.1,113.1,117.9,119.7,117.9,112.4,107.6,103.5,101.9,101.2,102.4,105.5,108.2,110.0,107.6,105.2,103.5,103.3,103.3,110.5,112.8,115.2,116.3,115.5,113.2,110.8,109.7,107.1,109.4,109.1,106.4,102.7,100.4,100.7,103.5,105.3,104.7,104.1,103.5,103.3,103.6,104.2,100.2,97.9,97.6,99.0,101.7,104.3,102.7,102.6,104.1,106.4,108.0,108.0,106.5,13.1,107.0,186.2,-1.060,0.958,-0.530,649.1,703.8,747.7,760.2,774.9,764.9,756.8,768.3,828.6,932.3,1005.3,1039.0,1008.0,953.5,952.7,997.2,1033.5,490.0,467.6,467.2,485.4,520.9,595.4,652.7,731.6,817.4,895.3,618.5,616.9,612.8,613.5,604.4,639.9,667.4,686.6,708.9,518.2,519.3,545.2,573.9,562.1,538.2,742.3,756.2,801.3,857.0,822.7,780.6,628.6,637.6,647.5,673.2,699.6,747.5,804.3,750.0,704.4,672.4,646.7,626.9,637.8,664.0,691.5,718.1,764.6,694.5,658.4,634.3,1282.4,1344.1,1391.5,1408.1,1381.2,1311.1,1239.1,1172.7,1086.2,996.3,886.8,781.4,694.3,631.6,600.9,569.6,529.3,1083.8,969.9,846.3,748.8,685.2,602.5,517.4,451.0,417.3,453.3,737.5,780.9,821.0,860.4,971.7,944.4,920.2,880.4,844.8,1029.4,961.4,905.7,899.4,951.9,1006.4,678.3,618.7,570.4,568.1,605.3,652.2,1099.3,1021.5,973.8,955.0,927.4,908.2,900.2,931.6,959.5,984.8,1012.2,1046.7,1075.6,997.4,975.7,948.8,917.5,932.0,956.6,980.6,0.00,0.00,0.00,0.00,0.00,0.00,0.00,0.00,0.00,0.00,0.00,0.00,0.00,0.00,0.00,0.00,0.00,0.00,0.00,0.00,0.00,0.00,0.00,0.00,0.00,0.00,0.00,0.00,0.00,0.00,0.00,0.00,0.00,0.00,0.00
60,0,1.967,0.03,0,0.000000,0.000000,0.000000,0.000000,0.000000,0.000000,0.000,0.000,564.2,531.2,518.6,533.9,568.1,602.5,613.7,598.4,524.8,520.6,527.4,537.7,553.5,568.6,585.3,582.8,577.3,566.1,553.2,539.4,578.7,587.4,582.1,565.7,548.0,539.2,544.6,560.9,719.3,717.7,738.6,769.7,792.9,794.4,773.5,742.4,739.0,742.2,749.0,765.8,796.3,829.9,855.8,845.0,825.4,804.3,785.3,763.9,752.8,767.6,777.4,776.5,765.3,750.5,740.7,741.7,898.5,885.8,872.6,866.5,871.1,886.0,897.0,903.1,1036.9,1003.2,967.3,931.8,905.8,900.4,907.7,927.9,951.4,978.1,1003.3,1024.2,902.9,899.1,891.1,883.7,881.2,885.0,893.0,900.4,603.9,584.8,563.0,551.3,556.6,575.8,597.6,613.1,675.1,646.9,613.3,584.2,567.3,559.8,558.4,575.6,595.8,623.0,642.1,662.3,599.1,593.4,582.9,573.7,571.2,577.0,587.5,596.7,-8.9,-13.1,-15.3,-14.0,-9.6,-4.9,-3.3,-5.0,-13.2,-13.4,-12.6,-11.6,-10.1,-8.6,-6.7,-6.8,-7.3,-8.5,-9.9,-11.5,-7.6,-6.6,-7.5,-9.7,-11.9,-12.7,-11.8,-9.7,9.4,9.6,12.3,16.1,18.4,17.9,15.2,11.8,11.0,11.4,12.2,14.2,18.0,22.3,26.1,23.4,20.3,17.6,15.6,13.4,13.3,15.0,16.3,16.4,15.3,13.5,12.2,12.2,63.5,63.3,64.6,66.7,68.4,69.4,67.5,65.2,77.3,72.3,67.8,64.7,63.9,65.0,67.1,67.9,69.1,71.0,73.6,75.8,66.9,67.9,68.4,68.1,67.2,66.3,65.8,66.1,29.0,27.7,25.4,23.7,23.6,25.1,27.1,29.1,34.9,31.9,28.3,25.3,23.8,23.5,24.0,24.6,25.8,28.2,30.2,32.8,28.2,27.4,26.4,25.7,25.8,26.6,27.7,28.3,103.1,105.3,110.4,115.3,117.2,115.4,110.0,105.1,99.9,98.3,97.7,99.1,102.4,105.3,107.3,104.7,102.2,100.5,100.1,99.9,107.9,110.2,112.6,113.7,112.8,110.5,108.1,107.0,104.1,107.7,109.5,108.4,105.2,101.6,99.9,100.7,97.0,97.2,97.6,98.7,100.6,102.9,105.8,99.8,95.6,93.7,93.8,94.9,103.2,102.7,103.6,105.2,106.8,107.2,106.4,104.7,13.5,106.2,184.0,-1.088,0.990,-0.507,660.6,712.6,754.7,765.6,778.8,766.8,759.5,772.7,833.9,937.4,1006.0,1037.0,1004.8,953.4,954.6,1000.3,1035.5,508.7,484.1,480.8,496.9,532.9,598.2,651.4,732.0,819.2,897.1,623.4,620.4,615.5,615.8,607.1,642.4,669.2,689.4,712.7,529.2,529.7,554.3,580.7,571.7,549.0,741.7,755.4,799.9,854.7,821.5,780.0,630.8,637.2,646.2,671.8,697.6,744.7,802.1,751.4,706.6,674.4,648.6,628.3,640.3,664.2,691.5,716.9,762.5,695.5,659.3,634.9,1287.0,1350.0,1398.0,1415.2,1389.2,1320.8,1250.6,1183.9,1096.3,1005.4,893.9,786.0,696.2,633.4,601.8,568.8,525.7,1092.4,976.0,846.2,742.4,676.8,603.2,512.1,443.0,409.0,449.1,737.9,782.4,823.8,864.7,979.1,950.7,925.5,884.5,848.0,1035.5,965.4,907.6,900.8,955.2,1012.0,674.7,612.6,562.3,560.7,598.2,647.2,1111.1,1030.7,980.2,960.4,931.6,909.9,901.8,938.4,970.1,996.5,1025.3,1060.2,1086.1,1005.7,982.8,954.7,920.5,941.7,967.2,992.3,0.00,0.00,0.00,0.00,0.00,0.00,0.00,0.00,0.00,0.00,0.00,0.00,0.00,0.00,0.00,0.00,0.00,0.00,0.00,0.00,0.00,0.00,0.00,0.00,0.00,0.00,0.00,0.00,0.00,0.00,0.00,0.00,0.00,0.00,0.00
61,0,2.000,0.03,0,0.000000,0.000000,0.000000,0.000000,0.000000,0.000000,0.000,0.000,657.0,652.1,650.8,653.9,659.7,667.0,665.9,662.7,664.8,654.2,639.2,638.4,647.0,655.9,670.7,667.1,658.4,652.0,656.1,665.2,666.4,667.7,667.1,665.0,662.5,661.2,661.8,663.9,757.8,755.8,766.1,782.4,795.4,797.3,787.0,771.7,752.8,750.9,755.5,766.8,789.6,815.5,842.6,826.9,805.2,786.4,770.3,760.8,778.5,784.9,788.8,788.0,782.9,776.5,772.6,773.4,972.6,948.0,912.4,886.9,886.2,909.6,946.4,972.0,992.6,964.9,935.5,907.6,883.0,871.3,875.1,898.2,924.9,950.8,972.0,987.6,947.5,936.5,921.2,910.7,910.9,922.0,937.2,947.8,642.1,620.5,594.7,580.0,584.8,606.4,632.2,650.0,661.2,635.1,609.9,583.9,566.2,558.8,560.9,578.2,596.9,617.7,638.0,658.2,628.6,622.8,612.6,604.1,602.1,607.9,618.0,626.6,2.4,1.8,1.6,2.0,2.7,3.6,3.5,3.1,3.6,2.1,-0.1,-0.2,1.0,2.2,4.1,3.6,2.4,1.6,2.2,3.6,3.7,3.8,3.7,3.5,3.2,3.0,3.1,3.4,18.4,18.4,20.1,22.3,23.6,23.4,21.8,19.9,17.8,17.7,18.5,20.3,23.7,27.5,31.1,27.8,24.2,21.4,19.3,18.4,21.2,22.1,22.7,22.7,22.2,21.4,20.7,20.7,87.9,86.8,81.7,75.8,72.7,73.5,78.6,84.4,92.2,90.1,86.0,81.4,76.2,72.1,69.3,71.8,75.3,79.5,84.2,88.9,82.1,79.6,77.5,77.0,78.4,80.9,83.1,83.6,44.0,41.5,37.4,34.4,34.2,36.7,40.4,43.9,47.6,44.0,40.1,35.9,32.7,31.1,30.9,32.5,34.7,37.7,41.3,45.5,41.2,40.0,38.5,37.5,37.6,38.8,40.4,41.4,125.6,129.2,129.3,125.9,121.0,117.0,117.2,120.6,127.5,130.3,130.7,130.1,127.5,123.4,117.7,116.7,116.7,117.7,120.4,123.9,122.3,120.8,120.8,122.4,124.5,126.0,125.9,124.4,136.4,139.2,139.4,136.8,133.0,130.2,130.0,132.5,138.4,139.9,140.5,140.1,138.7,137.0,134.4,130.4,128.1,127.9,129.9,133.5,134.2,133.2,133.3,134.4,135.9,136.9,136.8,135.7,23.3,109.8,189.7,-0.718,1.330,-0.763,946.8,981.9,1003.4,989.4,968.0,921.2,871.5,829.5,843.0,919.9,998.9,1032.2,1007.6,952.8,942.9,984.6,1033.0,669.0,620.4,580.6,554.7,545.1,609.3,666.1,729.6,799.6,873.5,633.9,624.6,609.3,598.0,658.9,670.7,677.3,681.7,696.6,660.5,641.9,646.8,667.6,660.0,656.7,755.3,761.2,788.4,838.5,801.6,775.5,704.7,665.6,661.8,675.7,694.0,739.3,803.8,745.9,704.2,679.3,667.2,666.0,699.4,682.2,697.5,717.7,770.9,694.6,667.6,655.8,1177.8,1235.3,1282.3,1316.6,1324.1,1304.0,1267.3,1216.5,1118.8,1002.2,872.6,765.4,689.1,641.4,606.5,563.5,518.7,1031.4,937.3,841.6,769.5,717.7,589.6,512.5,452.0,419.7,438.5,735.2,783.7,829.5,873.5,989.2,958.9,931.9,891.1,851.8,994.8,933.3,883.8,875.2,924.2,971.1,666.5,610.1,564.5,556.2,597.0,640.4,1133.2,1057.2,1007.9,980.0,936.5,911.9,910.6,938.5,979.4,1022.7,1059.3,1093.5,1108.6,1035.1,1002.1,961.0,932.4,945.3,989.2,1022.8,0.00,0.00,0.00,0.00,0.00,0.00,0.00,0.00,0.00,0.00,0.00,0.00,0.00,0.00,0.00,0.00,0.00,0.00,0.00,0.00,0.00,0.00,0.00,0.00,0.00,0.00,0.00,0.00,0.00,0.00,0.00,0.00,0.00,0.00,0.00
62,0,2.033,0.03,0,0.000000,0.000000,0.000000,0.000000,0.000000,0.000000,0.000,0.000,692.6,689.0,690.8,697.0,703.8,709.6,705.5,699.4,718.4,702.1,685.4,679.1,683.7,692.1,705.8,701.6,695.1,693.6,700.0,711.0,703.6,706.3,707.1,705.6,702.6,699.9,699.1,700.7,766.0,765.4,774.5,788.2,798.2,798.9,789.7,777.0,774.6,767.0,763.3,766.2,782.0,808.6,836.3,819.2,800.3,787.4,779.1,776.1,783.2,789.5,793.8,793.4,788.6,782.3,778.0,778.4,922.1,900.1,871.8,853.9,856.8,878.2,907.1,925.1,956.8,932.0,906.9,881.6,861.2,852.3,855.0,876.1,900.2,923.0,940.6,952.8,905.0,897.3,885.1,875.7,874.4,882.1,894.3,903.7,630.7,608.9,587.3,578.6,587.9,609.7,631.3,642.7,660.5,637.1,612.4,586.4,568.5,559.3,558.7,578.4,599.7,621.2,640.7,657.9,624.8,620.6,610.4,600.2,595.9,600.1,610.3,620.5,8.7,8.3,8.6,9.4,10.2,10.9,10.3,9.6,13.4,10.8,7.9,6.7,7.4,8.6,10.4,9.7,8.7,8.6,9.8,11.8,10.3,10.6,10.8,10.6,10.3,9.9,9.8,10.0,22.7,22.9,24.4,26.3,27.4,27.2,25.8,24.2,24.9,23.5,22.8,23.2,25.8,30.2,34.6,31.0,27.6,25.6,24.6,24.6,25.4,26.2,26.9,27.0,26.4,25.5,24.8,24.8,93.4,91.5,86.5,81.5,79.4,80.8,85.8,90.9,101.9,99.1,94.8,89.7,84.5,80.7,78.4,81.3,85.5,90.2,94.7,98.9,88.4,86.2,84.2,83.4,84.4,86.5,88.7,89.4,48.8,45.4,41.2,38.8,39.5,42.8,46.8,49.9,55.7,51.3,46.6,41.6,37.8,35.7,35.0,37.8,41.3,45.4,49.6,53.8,46.9,45.7,43.8,42.2,41.9,43.1,45.0,46.6,145.3,148.3,147.9,144.4,139.8,136.5,137.2,140.7,149.5,151.6,151.7,150.5,147.5,143.5,138.5,137.8,138.6,140.1,142.7,146.0,142.0,140.4,140.3,141.5,143.5,145.0,145.2,143.9,157.8,159.6,158.6,155.4,151.8,150.0,151.0,154.3,162.1,162.1,161.7,160.6,158.7,156.6,154.3,151.2,150.6,152.1,154.5,157.9,154.9,153.4,152.9,153.8,155.5,157.0,157.5,156.6,28.1,107.5,186.7,0.370,1.468,-1.777,1092.6,1128.4,1146.7,1124.8,1083.2,1010.7,931.6,857.1,849.1,909.9,992.5,1026.8,1006.1,953.5,940.2,980.7,1033.9,748.0,690.0,638.0,592.5,563.3,616.0,673.6,732.5,792.8,859.1,648.2,631.6,607.7,586.8,689.1,685.6,678.7,674.1,684.5,715.8,686.8,682.4,704.8,696.5,701.1,771.7,769.6,785.8,832.5,796.5,780.8,738.2,682.3,668.8,676.7,689.7,732.9,804.7,745.2,704.7,684.6,679.2,685.0,729.5,695.8,704.5,721.6,776.1,694.1,672.2,666.3,1096.9,1158.3,1212.4,1260.7,1284.9,1283.1,1260.1,1225.6,1132.3,1006.5,861.4,749.1,677.2,639.2,608.9,568.7,526.4,983.1,902.7,822.4,765.8,724.0,581.1,510.3,454.2,424.0,435.9,730.1,785.8,838.5,888.7,992.6,965.0,942.0,904.0,864.4,958.5,904.6,861.5,854.8,899.6,940.9,663.7,610.0,568.6,558.3,600.9,640.3,1136.6,1069.6,1021.5,994.1,948.1,919.5,911.4,945.2,992.0,1039.2,1075.2,1109.1,1115.8,1048.1,1015.2,971.1,935.6,951.6,1000.2,1033.5,0.00,0.00,0.00,0.00,0.00,0.00,0.00,0.00,0.00,0.00,0.00,0.00,0.00,0.00,0.00,0.00,0.00,0.00,0.00,0.00,0.00,0.00,0.00,0.00,0.00,0.00,0.00,0.00,0.00,0.00,0.00,0.00,0.00,0.00,0.00
63,0,2.067,0.03,0,0.000000,0.000000,0.000000,0.000000,0.000000,0.000000,0.000,0.000,747.2,744.1,743.1,744.8,748.2,753.1,752.3,750.6,779.0,761.0,743.4,733.8,734.7,740.8,751.2,746.5,741.7,743.4,752.5,766.3,753.6,754.4,754.0,752.6,751.2,750.4,750.8,752.1,786.4,795.7,806.6,812.5,810.2,800.8,790.0,784.8,801.8,789.2,779.5,779.5,792.0,812.6,839.3,815.9,797.6,786.1,783.0,790.3,797.3,800.0,804.7,808.8,809.9,807.2,802.5,798.4,901.0,879.1,853.2,838.5,843.6,865.0,891.5,906.2,931.0,908.7,886.3,862.8,844.1,835.7,837.0,857.5,880.2,901.5,917.3,927.9,886.6,880.3,869.2,859.8,857.6,863.9,875.0,884.4,616.4,587.9,562.2,554.5,569.1,597.6,623.3,634.4,649.9,628.5,604.2,580.2,564.2,555.9,556.2,579.2,600.3,618.7,635.5,649.8,611.7,608.2,596.9,584.4,577.9,581.3,592.6,605.2,18.9,18.7,18.4,18.2,18.3,18.7,18.7,18.9,25.1,22.1,18.9,17.0,16.8,17.4,18.6,17.8,17.1,17.7,19.6,22.4,19.6,19.5,19.4,19.3,19.3,19.3,19.5,19.5,22.4,24.0,25.3,25.3,24.2,22.6,21.5,21.5,25.5,23.4,21.6,21.1,22.4,24.7,27.7,24.5,22.3,21.1,21.2,23.0,23.3,23.3,23.8,24.5,25.0,25.0,24.5,23.7,95.4,93.1,88.0,83.3,81.6,83.5,88.7,93.5,103.3,100.3,96.1,90.9,85.7,82.1,79.7,83.1,87.7,92.5,96.9,100.7,90.6,88.6,86.4,85.5,86.2,88.3,90.4,91.4,39.2,35.2,30.7,28.6,29.7,33.4,37.7,40.6,45.8,42.1,37.7,33.3,30.0,28.0,27.3,30.5,33.9,37.3,40.9,44.3,37.2,36.1,34.3,32.6,32.1,33.1,35.0,36.7,154.3,156.9,156.1,152.2,147.7,144.7,146.0,149.8,158.3,160.0,159.8,158.3,154.9,151.0,146.3,146.1,147.5,149.5,152.1,155.1,150.6,148.9,148.6,149.7,151.6,153.3,153.6,152.5,133.6,135.0,132.9,128.5,124.5,123.1,125.2,129.6,138.1,137.1,135.2,132.2,128.7,125.2,121.6,121.7,123.6,126.3,129.8,133.9,129.3,127.4,126.5,127.1,128.9,130.8,131.8,131.1,32.6,103.0,179.9,1.691,1.357,-3.038,1254.6,1285.1,1292.8,1256.5,1193.6,1099.9,986.6,879.8,855.0,903.5,989.7,1020.2,1006.2,958.6,943.6,980.8,1037.3,856.4,777.8,705.7,640.6,587.2,614.5,672.4,729.0,792.8,869.9,657.1,635.3,604.5,577.0,706.7,693.5,675.8,666.6,673.6,776.8,743.7,733.4,752.3,742.7,753.4,789.2,782.5,792.5,833.6,800.3,790.3,773.2,703.6,679.5,682.3,689.6,728.3,805.0,741.5,703.8,690.3,691.1,706.3,763.7,703.1,707.0,719.3,778.2,698.1,681.6,681.8,1027.9,1095.4,1159.0,1222.9,1261.7,1271.8,1258.5,1233.3,1141.4,1007.9,849.5,735.1,664.7,630.0,598.7,553.2,501.2,966.5,890.8,814.7,766.2,731.6,589.7,514.2,451.0,411.8,416.6,729.0,791.0,850.5,907.6,997.1,973.1,954.2,915.3,872.3,931.6,884.1,844.8,837.0,879.9,917.5,655.5,604.1,566.3,551.5,597.5,633.8,1133.5,1078.3,1035.7,1009.9,963.2,930.9,909.6,953.4,1004.0,1052.9,1087.2,1119.1,1114.9,1056.4,1025.8,979.8,936.1,961.1,1012.6,1044.3,0.00,0.00,0.00,0.00,0.00,0.00,0.00,0.00,0.00,0.00,0.00,0.00,0.00,0.00,0.00,0.00,0.00,0.00,0.00,0.00,0.00,0.00,0.00,0.00,0.00,0.00,0.00,0.00,0.00,0.00,0.00,0.00,0.00,0.00,0.00
64,0,2.100,0.03,0,0.000000,0.000000,0.000000,0.000000,0.000000,0.000000,0.000,0.000,794.0,786.7,783.0,785.0,791.7,801.1,802.7,800.6,840.0,819.9,795.1,780.6,776.5,778.1,788.5,791.3,793.4,799.8,813.7,830.9,801.5,802.4,800.9,797.8,794.9,794.0,795.5,798.6,769.2,773.7,784.5,795.4,799.8,795.3,784.5,774.3,776.8,770.0,768.1,770.1,782.8,807.9,826.5,807.1,787.8,778.9,777.1,776.2,782.9,788.5,794.1,796.4,794.1,788.5,782.9,780.6,891.5,868.7,838.0,817.3,818.9,840.5,872.3,893.0,924.9,903.2,882.4,858.7,837.8,829.8,834.3,854.9,879.3,901.7,916.1,923.6,870.5,861.7,848.5,838.8,838.2,847.1,860.2,869.9,587.0,570.0,548.0,533.9,536.0,553.1,575.1,591.8,628.5,601.6,575.8,549.0,531.6,522.9,522.4,538.7,558.6,581.7,599.6,616.3,578.4,570.4,558.5,549.6,548.9,556.8,568.8,577.7,23.9,23.3,22.7,22.4,22.6,23.4,23.7,24.1,32.1,29.5,25.5,22.9,21.8,21.3,22.0,22.4,22.9,24.2,26.8,30.1,24.5,24.3,24.0,23.8,23.7,23.9,24.1,24.4,22.8,24.1,26.0,27.4,27.4,26.1,24.3,23.0,23.7,23.5,23.8,24.3,26.3,30.1,32.2,28.2,24.8,23.3,23.1,23.3,24.7,25.4,26.3,27.0,27.1,26.4,25.4,24.7,82.6,80.8,75.7,70.5,68.3,69.7,74.7,80.0,90.8,89.0,85.8,81.4,76.2,72.6,70.2,73.3,77.5,82.0,85.7,88.7,77.3,75.1,73.0,72.3,73.3,75.5,77.6,78.4,40.1,37.8,33.8,30.7,30.2,32.4,36.2,39.8,46.6,43.7,40.0,35.3,31.7,29.2,28.0,30.2,33.3,37.2,40.5,43.8,37.7,36.0,33.9,32.8,33.2,34.9,37.0,38.2,136.0,139.0,138.6,134.9,130.2,126.9,127.6,131.3,140.6,143.3,143.8,142.7,139.5,135.2,129.6,129.6,130.6,132.4,134.9,137.8,132.5,131.0,130.8,132.1,134.1,135.6,135.8,134.5,154.5,157.5,157.5,154.4,150.1,147.0,147.1,150.1,151.9,158.3,162.3,163.5,161.4,156.9,150.9,147.9,146.6,146.7,147.7,149.4,151.2,149.6,149.6,151.3,153.6,155.2,155.2,153.5,32.9,92.0,164.6,2.021,1.210,2.947,1404.4,1431.7,1430.1,1377.5,1273.0,1112.2,947.6,853.7,847.9,906.5,981.6,1016.1,1002.4,962.9,959.8,996.8,1034.9,1017.0,925.8,799.3,687.7,608.6,610.7,628.8,678.7,750.7,855.2,675.4,638.1,599.8,565.4,710.6,697.8,673.4,659.4,657.9,839.0,799.5,777.0,786.5,795.9,815.1,771.3,773.7,777.9,817.5,791.3,785.1,755.4,707.0,673.1,678.1,683.3,719.8,800.7,748.1,710.4,689.7,685.3,691.5,748.1,699.9,706.8,718.6,765.0,712.7,689.3,688.8,1020.8,1088.8,1149.5,1215.0,1249.9,1256.8,1244.9,1232.8,1153.2,1015.2,843.8,718.8,643.8,611.5,580.4,533.8,482.8,993.1,894.5,773.0,703.0,673.6,539.1,438.2,353.4,324.4,387.8,713.9,790.4,861.3,929.3,1012.3,985.1,967.1,926.2,882.8,928.0,877.9,838.8,832.9,876.9,914.2,630.9,573.1,529.5,518.4,566.5,609.2,1128.5,1084.1,1051.4,1027.5,980.2,942.8,911.2,961.3,1016.4,1066.3,1099.3,1119.2,1107.5,1074.1,1044.0,997.6,942.3,971.3,1025.5,1057.2,0.00,0.00,0.00,0.00,0.00,0.00,0.00,0.00,0.00,0.00,0.00,0.00,0.00,0.00,0.00,0.00,0.00,0.00,0.00,0.00,0.00,0.00,0.00,0.00,0.00,0.00,0.00,0.00,0.00,0.00,0.00,0.00,0.00,0.00,0.00
65,0,2.133,0.03,0,0.000000,0.000000,0.000000,0.000000,0.000000,0.000000,0.000,0.000,765.3,758.8,752.4,749.8,752.6,761.0,765.5,768.1,826.2,798.1,769.5,748.1,741.2,744.1,753.9,753.2,754.8,765.1,782.7,805.2,768.4,767.4,764.7,761.9,760.7,761.8,764.4,767.2,757.2,765.1,782.4,799.0,805.1,797.3,780.0,764.0,763.6,760.9,763.7,768.9,782.5,808.5,826.2,803.0,775.6,760.6,758.7,760.8,778.9,786.1,793.7,797.1,794.4,787.2,779.7,776.3,935.0,907.3,878.4,865.1,875.2,902.3,931.8,945.1,964.7,940.2,916.8,892.0,873.5,867.2,872.0,897.6,924.0,946.6,961.1,967.9,921.0,915.3,902.9,891.1,886.8,892.5,904.9,916.7,589.1,557.7,528.3,518.3,533.3,564.8,594.1,608.0,652.4,617.2,583.3,554.0,534.5,523.9,520.1,544.4,570.9,599.9,623.1,642.6,582.6,578.2,565.5,551.9,545.3,549.7,562.4,576.0,18.0,17.3,16.2,15.3,15.2,16.0,16.8,17.8,27.6,23.8,19.5,16.0,14.6,14.5,15.2,15.2,15.6,17.4,20.2,23.9,17.8,17.4,17.0,16.7,16.8,17.2,17.7,17.9,16.4,17.8,20.0,21.6,21.6,20.2,18.2,16.7,17.4,17.1,17.5,18.0,19.5,22.4,24.2,21.0,17.5,15.9,16.0,16.6,18.8,19.5,20.3,21.0,20.9,20.3,19.3,18.7,82.5,79.8,74.7,70.5,69.4,71.5,76.7,81.2,89.5,87.2,83.7,78.9,73.9,70.5,68.3,72.0,76.8,81.5,85.3,88.1,77.9,76.0,74.0,72.9,73.4,75.2,77.4,78.5,32.0,28.1,23.6,21.5,22.6,26.2,30.4,33.4,41.2,36.5,31.5,27.0,23.8,21.8,20.8,23.8,27.3,31.6,35.4,38.9,30.1,29.0,27.2,25.6,25.1,26.1,28.0,29.7,125.6,127.6,126.1,122.1,117.8,115.5,117.3,121.4,129.6,131.5,131.5,129.8,126.0,121.7,116.7,117.2,119.2,121.6,124.1,126.8,121.6,119.8,119.2,120.0,121.9,123.6,124.2,123.4,122.1,124.2,122.8,118.7,114.3,112.2,113.6,117.8,123.2,124.0,123.6,122.0,119.5,116.5,113.7,112.8,113.2,115.2,117.8,120.5,118.3,116.5,115.8,116.8,118.7,120.5,121.1,120.2,28.6,89.4,154.5,1.935,1.286,3.052,1355.3,1402.2,1425.6,1401.9,1316.1,1154.1,968.2,845.6,855.6,912.3,986.8,1014.9,1011.6,989.5,996.5,1038.9,1048.4,859.7,811.0,745.6,660.6,598.4,575.2,620.4,673.7,723.6,777.3,666.4,637.1,602.2,571.7,691.2,694.0,683.3,657.8,644.6,826.9,771.5,740.3,752.7,755.2,782.7,762.9,763.8,772.6,820.3,781.3,767.8,747.3,698.4,662.1,672.3,687.4,710.9,791.1,735.8,702.7,676.4,660.5,673.0,742.9,693.2,706.7,723.8,761.9,705.7,677.0,663.0,1126.9,1198.2,1268.8,1340.7,1376.5,1366.9,1316.6,1270.3,1169.5,1027.4,857.6,736.7,650.2,594.4,544.9,502.1,468.0,899.7,811.4,730.5,685.7,668.8,500.1,424.7,361.4,319.9,308.7,721.7,794.0,861.2,925.7,1030.9,1001.9,983.0,955.2,923.0,966.5,913.8,873.6,871.0,924.4,962.4,648.8,583.9,535.7,517.4,575.0,623.3,1169.9,1106.2,1056.7,1038.6,1007.6,974.1,926.8,1006.9,1060.3,1093.2,1120.9,1157.5,1152.3,1088.7,1063.8,1032.9,959.7,1006.3,1041.8,1069.8,0.00,0.00,0.00,0.00,0.00,0.00,0.00,0.00,0.00,0.00,0.00,0.00,0.00,0.00,0.00,0.00,0.00,0.00,0.00,0.00,0.00,0.00,0.00,0.00,0.00,0.00,0.00,0.00,0.00,0.00,0.00,0.00,0.00,0.00,0.00
66,0,2.167,0.03,0,0.000000,0.000000,0.000000,0.000000,0.000000,0.000000,0.000,0.000,780.9,774.7,764.4,756.1,754.7,762.2,771.2,779.5,838.0,810.9,782.4,758.9,749.8,751.2,758.9,758.9,762.2,774.7,793.9,817.0,777.9,774.4,770.1,767.4,768.0,771.5,775.8,778.5,759.3,768.0,784.6,799.5,803.9,795.2,778.5,764.4,780.6,772.6,770.2,772.3,783.7,807.5,829.3,813.9,791.7,777.7,774.3,777.5,779.7,786.2,793.4,797.2,795.3,788.9,781.7,777.9,911.3,883.5,858.2,850.2,864.1,891.6,917.2,925.2,935.9,912.0,890.0,866.8,851.3,848.1,855.5,880.9,906.0,926.5,938.5,942.7,902.2,898.7,888.0,876.2,870.3,873.8,884.5,896.3,591.4,557.5,527.1,518.1,535.7,569.6,600.0,612.9,644.9,619.8,590.6,563.6,543.3,529.7,524.9,560.1,593.3,621.0,640.4,653.1,585.5,581.6,568.6,554.0,546.4,550.3,563.3,577.9,20.8,20.1,18.3,16.5,15.8,16.6,18.2,19.9,29.6,26.0,21.6,17.8,15.9,15.6,16.0,16.1,16.9,19.0,22.1,26.0,19.7,18.9,18.2,17.9,18.2,19.0,19.7,20.0,15.8,17.2,19.1,20.3,20.1,18.7,17.0,15.9,19.2,18.0,17.4,17.3,18.4,20.9,23.0,20.8,18.3,16.9,17.1,18.1,17.9,18.4,19.2,19.7,19.8,19.3,18.5,17.9,81.3,78.0,73.3,69.8,69.6,72.2,77.1,80.8,86.2,83.9,80.6,75.9,71.3,68.3,66.7,70.6,75.4,79.9,83.3,85.5,77.3,75.8,73.8,72.6,72.7,74.2,76.2,77.5,30.6,26.5,22.0,20.1,21.5,25.3,29.5,32.3,39.0,35.2,30.8,26.6,23.4,21.2,20.1,24.0,28.1,32.1,35.6,38.7,28.8,27.9,26.0,24.4,23.8,24.7,26.5,28.3,129.0,130.4,128.7,124.7,120.8,118.9,121.1,125.1,131.0,133.0,133.0,131.0,126.9,122.5,117.8,118.5,120.9,123.4,125.9,128.5,124.8,123.1,122.4,123.0,124.6,126.3,127.1,126.4,115.7,117.3,115.4,111.2,107.2,105.6,107.5,111.8,119.7,118.7,116.9,114.5,111.8,109.1,106.5,104.9,105.4,107.7,111.2,115.5,111.8,110.0,109.2,109.9,111.6,113.4,114.2,113.6,28.5,87.4,148.9,2.082,1.242,2.996,1371.8,1424.8,1452.3,1432.3,1345.8,1180.5,985.6,852.0,865.3,920.9,999.8,1024.9,1034.1,1020.9,1030.3,1060.0,1046.7,868.2,825.0,762.5,674.6,611.5,582.6,628.4,680.8,724.1,773.3,666.3,630.9,591.0,555.7,680.6,689.2,682.1,653.5,634.0,837.5,783.5,748.6,759.9,763.1,794.7,774.1,772.3,780.6,826.9,790.8,779.5,732.4,685.2,645.0,658.0,671.7,694.8,777.6,725.3,696.6,669.9,651.5,662.2,729.2,683.0,698.9,715.5,749.2,695.8,666.8,649.8,1100.2,1169.6,1241.2,1320.0,1366.8,1370.7,1331.2,1297.6,1205.2,1063.7,891.4,770.1,679.5,616.1,558.3,513.8,480.8,843.8,762.3,687.5,649.4,639.0,486.6,413.7,354.2,319.4,311.2,715.4,790.5,861.1,929.9,1032.4,1007.0,992.9,973.1,947.5,936.1,887.3,851.7,855.3,906.4,939.9,652.0,587.8,545.0,531.0,588.6,632.7,1172.2,1115.8,1070.5,1059.2,1037.4,1010.2,964.3,1053.1,1099.7,1121.2,1141.5,1172.0,1157.0,1109.2,1090.3,1069.1,994.2,1036.9,1061.5,1083.4,0.00,0.00,0.00,0.00,0.00,0.00,0.00,0.00,0.00,0.00,0.00,0.00,0.00,0.00,0.00,0.00,0.00,0.00,0.00,0.00,0.00,0.00,0.00,0.00,0.00,0.00,0.00,0.00,0.00,0.00,0.00,0.00,0.00,0.00,0.00
67,0,2.200,0.03,0,0.000000,0.000000,0.000000,0.000000,0.000000,0.000000,0.000,0.000,768.4,763.6,753.3,743.6,740.2,746.1,755.3,765.0,818.7,792.0,765.2,743.0,735.3,738.1,745.8,744.1,745.5,756.5,774.4,796.8,763.9,759.7,755.3,753.3,754.7,758.9,763.3,765.4,758.1,766.8,782.3,795.5,798.7,790.0,774.5,761.9,755.8,753.1,757.2,766.5,783.0,807.7,826.5,816.0,794.3,776.7,768.4,763.0,776.5,782.1,788.8,792.5,791.2,785.6,778.9,775.2,874.9,846.0,823.1,819.7,837.7,867.0,889.5,893.0,900.1,878.2,858.1,837.7,825.7,824.5,832.1,856.6,878.8,896.6,906.6,909.0,871.0,869.6,859.7,847.3,839.6,841.0,850.9,863.3,593.1,560.6,532.4,525.1,543.0,575.5,603.7,614.6,642.7,618.7,593.3,571.1,554.9,544.1,539.0,568.9,596.1,619.5,634.3,643.4,588.6,585.6,573.6,559.7,552.1,555.1,567.1,581.0,19.3,18.7,16.8,14.9,14.0,14.7,16.3,18.3,27.2,23.3,19.1,15.4,13.7,13.7,14.2,14.2,14.7,16.6,19.6,23.4,18.0,17.1,16.4,16.1,16.5,17.4,18.2,18.4,16.8,18.3,20.2,21.4,21.0,19.6,17.8,16.8,16.1,15.6,16.0,16.9,18.8,21.7,23.9,22.2,19.4,17.4,16.7,16.5,18.8,19.3,20.1,20.7,20.8,20.3,19.5,18.9,77.3,73.4,68.7,66.1,66.8,70.2,74.9,77.9,82.2,79.4,75.8,71.2,67.1,64.7,63.5,67.6,72.3,76.7,79.9,82.0,74.2,73.0,71.0,69.5,69.2,70.3,72.3,73.9,33.2,29.0,24.5,22.7,24.2,28.1,32.3,35.1,39.2,35.8,31.8,28.2,25.6,23.8,22.9,26.4,29.7,33.0,35.8,38.1,31.5,30.6,28.8,27.1,26.4,27.3,29.1,30.9,131.3,132.1,129.9,125.9,122.4,121.1,123.8,127.8,133.1,134.1,133.2,130.5,126.1,121.8,117.8,119.0,122.0,125.0,127.9,130.6,127.0,125.3,124.3,124.7,126.2,127.9,128.9,128.5,124.7,126.3,124.4,120.1,115.9,114.2,116.1,120.5,121.3,120.9,119.4,116.9,114.8,113.3,112.1,110.6,110.2,111.3,114.1,117.7,120.6,118.7,117.9,118.6,120.4,122.3,123.1,122.4,27.7,87.0,148.4,2.072,1.245,3.071,1335.4,1397.1,1439.9,1438.6,1361.8,1203.6,998.5,858.8,864.9,921.9,1001.1,1037.5,1060.9,1055.5,1055.7,1066.6,1042.3,843.9,802.5,742.8,664.2,611.4,584.6,628.3,679.9,729.6,785.5,657.3,622.5,584.4,551.2,674.6,685.3,679.6,655.4,635.7,818.6,766.4,734.8,745.8,745.1,773.8,764.0,763.9,776.9,823.4,785.9,770.1,722.9,674.9,636.5,648.1,662.6,687.6,772.3,718.0,693.2,665.9,649.9,660.9,715.5,676.0,689.1,707.2,743.5,689.1,662.2,647.6,1060.2,1136.2,1216.2,1304.5,1363.6,1378.6,1349.0,1317.7,1230.8,1090.9,918.4,796.1,703.1,631.9,567.1,516.3,479.7,790.1,715.0,647.2,619.5,620.4,490.0,415.8,354.2,317.0,309.9,711.1,786.1,857.4,927.6,1030.3,1009.1,996.7,977.4,952.1,900.3,857.8,827.3,831.9,879.3,907.2,648.5,589.7,552.2,539.1,594.0,633.0,1177.1,1124.7,1082.2,1073.6,1051.0,1031.7,994.0,1074.3,1114.9,1135.3,1153.6,1177.8,1161.8,1127.1,1109.3,1089.3,1019.7,1047.1,1070.3,1091.5,0.00,0.00,0.00,0.00,0.00,0.00,0.00,0.00,0.00,0.00,0.00,0.00,0.00,0.00,0.00,0.00,0.00,0.00,0.00,0.00,0.00,0.00,0.00,0.00,0.00,0.00,0.00,0.00,0.00,0.00,0.00,0.00,0.00,0.00,0.00
68,0,2.233,0.03,0,0.000000,0.000000,0.000000,0.000000,0.000000,0.000000,0.000,0.000,733.5,728.3,719.1,711.5,709.7,716.3,724.1,731.7,784.6,760.7,733.6,713.4,708.3,712.1,722.2,720.3,719.8,728.9,746.4,768.1,731.2,728.1,724.4,722.3,723.0,726.0,729.7,731.8,755.4,764.0,777.3,787.5,788.5,779.9,766.6,757.5,747.7,745.8,748.1,756.8,777.8,808.8,830.5,806.4,781.7,765.0,757.5,752.5,767.7,774.9,784.2,790.1,789.1,781.9,772.7,766.8,928.5,898.5,871.8,864.1,879.9,909.9,936.6,944.3,960.5,931.2,904.2,876.4,859.3,857.8,869.5,896.0,923.8,947.8,962.2,967.7,919.3,916.2,905.4,893.2,886.7,889.8,900.6,912.9,612.0,577.8,545.3,533.5,549.4,583.6,616.1,632.0,659.1,616.9,580.0,541.1,521.0,519.4,532.1,557.0,580.6,606.9,627.3,643.5,614.0,604.8,582.9,561.1,552.2,561.4,583.3,605.1,13.0,12.4,10.9,9.5,9.0,9.7,10.9,12.4,20.3,17.2,13.3,10.3,9.2,9.4,10.2,10.0,10.2,11.6,14.2,17.5,12.2,11.7,11.1,10.9,11.1,11.7,12.2,12.5,14.1,15.5,16.9,17.4,16.8,15.6,14.3,13.8,12.6,12.9,13.3,14.3,16.3,19.3,20.9,18.0,15.3,13.7,13.1,12.8,15.0,15.5,16.4,17.3,17.7,17.3,16.3,15.3,79.0,75.6,70.7,67.3,67.2,70.0,75.0,78.7,84.2,81.5,77.5,72.3,67.5,64.7,63.5,66.9,71.9,76.7,80.4,83.2,75.1,73.6,71.7,70.4,70.4,71.8,73.8,75.2,30.9,27.1,22.8,20.5,21.5,24.9,29.0,32.1,35.0,31.2,27.2,22.1,19.1,18.2,18.9,21.4,23.9,27.0,29.8,32.4,29.9,28.1,25.4,23.2,22.8,24.5,27.4,29.6,121.6,122.9,120.9,116.8,113.1,111.4,113.8,117.9,122.7,124.8,124.6,122.5,118.3,113.7,109.0,109.2,111.5,114.1,116.9,119.8,117.4,115.8,115.0,115.5,117.0,118.6,119.4,119.0,107.3,109.1,107.5,103.4,99.2,97.4,99.0,103.1,102.5,106.4,108.0,106.8,103.7,100.0,95.9,94.9,94.8,95.7,97.6,99.9,103.0,100.4,99.6,100.9,103.7,106.3,107.2,105.8,25.5,90.1,149.2,1.895,1.379,3.108,1249.2,1315.9,1361.3,1364.4,1295.2,1150.7,972.8,847.4,850.7,914.6,997.7,1052.3,1083.1,1083.3,1080.8,1076.1,1036.1,779.3,753.0,711.3,647.2,613.0,592.5,633.6,687.8,740.8,800.4,658.5,625.0,588.6,557.2,673.8,682.7,676.0,656.5,644.0,784.2,735.8,706.2,721.1,719.2,746.6,753.9,755.9,772.7,824.5,781.2,761.3,714.6,664.5,636.6,649.4,663.3,690.3,774.3,713.4,685.7,659.4,642.6,650.0,704.5,673.8,687.3,704.8,740.4,685.7,659.4,643.1,1157.7,1242.9,1327.0,1411.0,1460.4,1457.5,1401.9,1339.6,1237.5,1101.2,941.6,818.2,719.1,640.6,569.7,513.8,471.2,871.1,784.2,707.0,664.7,650.7,491.1,411.4,347.2,309.8,306.2,722.3,794.9,863.3,930.9,1053.3,1027.2,1009.1,983.7,953.8,962.7,901.1,858.9,868.2,923.2,964.5,656.5,580.3,529.6,523.2,580.1,630.3,1223.6,1155.1,1099.2,1086.6,1062.5,1038.0,1002.2,1079.5,1122.4,1143.9,1166.3,1202.0,1203.2,1144.1,1122.2,1100.5,1031.3,1061.7,1084.8,1108.4,0.00,0.00,0.00,0.00,0.00,0.00,0.00,0.00,0.00,0.00,0.00,0.00,0.00,0.00,0.00,0.00,0.00,0.00,0.00,0.00,0.00,0.00,0.00,0.00,0.00,0.00,0.00,0.00,0.00,0.00,0.00,0.00,0.00,0.00,0.00
69,0,2.267,0.03,0,0.000000,0.000000,0.000000,0.000000,0.000000,0.000000,0.000,0.000,747.2,742.8,738.3,736.1,737.7,743.8,746.7,748.8,798.2,774.5,752.0,734.1,728.9,732.0,740.4,737.0,735.4,743.9,759.8,779.5,750.3,749.5,747.7,745.9,745.1,745.9,747.7,749.5,753.7,762.9,777.5,789.1,790.9,781.7,767.0,756.0,753.8,750.3,754.5,764.8,780.8,804.7,821.8,815.0,796.8,779.2,770.1,762.6,769.1,775.4,782.9,787.4,786.1,779.9,772.3,767.8,939.1,912.2,886.1,876.1,888.0,914.6,940.9,951.0,971.8,948.0,925.3,900.2,881.7,874.4,877.4,902.7,929.1,952.0,966.3,973.8,928.4,924.2,913.3,902.2,897.2,901.4,912.3,923.4,624.9,599.8,569.8,552.5,558.0,583.1,613.1,633.7,655.4,633.5,607.6,583.4,566.5,556.6,552.9,575.6,597.0,617.2,634.4,648.0,614.1,605.1,589.6,576.7,573.8,582.8,598.3,611.2,16.7,16.2,15.3,14.5,14.2,14.9,15.6,16.4,25.2,21.7,18.0,14.9,13.7,13.8,14.5,14.1,14.1,15.6,18.3,21.8,16.6,16.3,15.9,15.7,15.8,16.2,16.5,16.7,17.0,18.8,20.9,22.0,21.5,19.7,17.7,16.7,16.2,15.8,16.3,17.5,19.6,22.7,24.9,23.5,20.8,18.5,17.6,17.0,18.7,19.3,20.4,21.2,21.5,20.9,19.8,18.9,90.0,86.9,81.7,77.7,77.0,79.6,84.8,89.1,97.4,94.8,90.9,85.7,80.6,77.1,74.9,78.6,83.8,88.8,92.7,95.8,85.6,83.9,81.8,80.6,80.9,82.6,84.7,86.0,39.6,36.6,31.9,28.4,28.2,31.0,35.3,39.4,42.0,39.1,35.3,31.4,28.7,27.1,26.4,28.9,31.5,34.2,37.1,39.9,36.8,35.0,32.7,31.2,31.4,33.2,35.6,37.1,136.0,137.7,135.9,131.7,127.6,125.5,127.8,131.9,139.3,141.0,140.8,138.9,135.1,131.1,126.6,126.8,128.9,131.3,133.8,136.5,131.8,130.1,129.3,130.0,131.7,133.5,134.2,133.6,130.7,133.7,133.1,129.3,124.5,121.5,122.1,125.9,124.4,125.2,124.7,123.0,121.5,120.6,119.7,117.5,116.2,116.4,118.3,121.3,126.8,124.9,124.6,126.1,128.6,130.5,130.8,129.3,25.7,92.0,149.0,2.032,1.390,2.988,1193.7,1260.9,1319.9,1344.3,1280.9,1138.1,946.8,820.8,827.4,902.3,1002.9,1068.4,1109.4,1109.4,1097.1,1078.8,1035.7,797.5,769.9,727.0,664.1,622.2,586.9,635.3,696.5,757.2,827.2,659.7,627.8,593.7,564.3,669.4,682.1,679.2,667.0,658.6,794.9,754.0,726.7,741.0,735.5,759.5,758.5,763.0,778.0,822.7,785.6,768.9,712.5,664.5,635.5,645.8,657.4,690.6,776.5,708.8,680.6,653.1,637.9,650.6,699.2,675.1,686.9,702.3,745.9,674.1,649.6,635.6,1173.3,1255.9,1341.0,1421.8,1468.9,1464.0,1410.0,1352.9,1255.2,1119.2,960.9,837.4,737.1,654.1,578.6,517.8,468.0,866.1,788.9,717.1,676.3,662.7,501.7,413.4,342.7,306.1,304.2,735.6,806.6,874.4,942.0,1057.6,1034.8,1016.8,986.7,952.4,972.7,924.5,885.9,877.2,928.3,965.0,662.3,604.6,562.3,543.3,596.7,638.9,1231.1,1164.1,1111.0,1097.6,1073.4,1047.0,1009.6,1091.7,1134.3,1155.5,1176.8,1210.7,1213.1,1157.8,1135.2,1114.0,1036.5,1071.2,1093.3,1116.9,0.00,0.00,0.00,0.00,0.00,0.00,0.00,0.00,0.00,0.00,0.00,0.00,0.00,0.00,0.00,0.00,0.00,0.00,0.00,0.00,0.00,0.00,0.00,0.00,0.00,0.00,0.00,0.00,0.00,0.00,0.00,0.00,0.00,0.00,0.00
70,0,2.300,0.03,0,0.000000,0.000000,0.000000,0.000000,0.000000,0.000000,0.000,0.000,693.2,688.0,689.8,697.8,707.0,715.6,710.4,702.5,757.0,735.3,707.9,691.7,689.7,693.8,707.8,704.8,698.8,703.0,721.3,744.3,708.3,711.9,713.0,711.0,707.0,703.3,702.2,704.3,737.3,759.0,787.5,806.0,803.7,782.0,753.5,734.7,748.2,739.2,737.8,745.9,766.4,806.5,831.5,814.4,786.9,766.1,758.2,751.9,759.2,769.0,783.5,794.2,794.9,785.1,770.5,759.8,1000.6,961.7,922.7,906.3,922.1,960.9,1000.0,1016.4,1060.0,1024.0,989.5,952.6,925.4,916.3,925.9,955.1,990.9,1025.1,1047.6,1059.9,982.7,976.3,961.1,945.9,939.8,946.2,961.4,976.5,545.9,507.6,478.5,475.7,500.9,539.3,568.3,575.6,652.1,614.8,573.6,536.7,516.6,512.2,519.7,537.4,558.2,581.5,607.6,630.3,554.7,552.5,535.9,514.6,501.0,503.2,519.8,541.1,6.0,5.5,5.6,6.2,6.8,7.5,7.2,6.7,13.7,11.3,8.1,6.1,5.6,5.8,6.9,6.6,6.1,6.7,9.0,11.8,7.3,7.6,7.6,7.5,7.2,6.9,6.8,7.0,11.1,13.8,16.7,17.9,16.9,14.5,11.9,10.4,12.3,11.3,11.1,11.6,13.5,17.2,19.3,17.7,15.2,13.4,12.9,12.5,13.1,13.8,15.1,16.4,16.8,16.2,14.8,13.5,71.8,68.6,63.0,58.4,57.4,59.9,65.5,70.4,81.7,79.1,74.9,69.4,64.0,60.2,58.0,61.0,65.8,71.1,75.7,79.5,66.9,65.0,62.9,61.7,62.2,64.0,66.2,67.4,21.3,17.1,13.4,12.5,14.6,18.3,21.8,23.8,33.2,29.1,24.2,19.4,16.7,15.7,16.1,18.0,20.4,23.5,27.0,30.1,21.4,20.6,18.6,16.4,15.3,16.0,18.1,20.3,98.1,99.8,97.9,93.6,89.3,87.3,89.5,93.8,102.2,104.2,104.1,102.5,99.1,94.7,89.7,89.6,91.3,93.6,96.4,99.4,93.9,92.2,91.5,92.2,93.8,95.5,96.2,95.6,100.2,101.3,98.9,94.4,90.4,89.3,91.7,96.4,99.5,100.1,99.0,96.1,93.1,90.3,88.2,88.6,90.2,92.8,95.4,97.6,96.0,93.6,92.3,93.0,95.2,97.6,98.9,98.2,22.5,94.8,148.9,1.183,1.547,-2.620,1108.7,1180.3,1242.5,1267.2,1214.3,1085.5,926.6,820.0,820.3,901.9,1006.7,1091.1,1136.6,1137.2,1121.6,1089.1,1032.4,698.7,694.8,684.6,643.1,623.0,604.3,647.8,709.8,767.9,833.9,658.3,624.9,588.4,557.0,660.9,668.6,665.6,661.3,665.9,752.4,713.6,688.3,706.8,700.8,723.5,748.7,750.9,770.4,822.6,778.5,758.1,713.2,653.9,630.3,642.2,654.7,695.1,779.9,708.0,676.8,650.3,635.0,644.2,693.2,675.8,687.2,704.0,744.2,668.5,643.9,627.8,1314.0,1414.1,1506.5,1579.6,1609.5,1578.2,1487.1,1387.2,1263.9,1128.4,981.2,854.6,747.2,660.7,583.7,517.8,464.9,983.2,886.8,805.3,749.3,717.9,495.6,403.1,332.6,297.4,302.0,745.5,814.9,880.6,946.1,1088.6,1057.0,1029.8,994.7,957.9,1062.2,986.4,927.2,925.5,987.9,1046.5,660.7,578.2,514.2,504.9,559.3,619.5,1294.8,1201.4,1128.7,1110.2,1082.4,1048.4,1014.6,1090.8,1140.9,1165.5,1193.8,1243.0,1267.0,1178.7,1149.7,1125.8,1046.5,1083.6,1107.7,1135.3,0.00,0.00,0.00,0.00,0.00,0.00,0.00,0.00,0.00,0.00,0.00,0.00,0.00,0.00,0.00,0.00,0.00,0.00,0.00,0.00,0.00,0.00,0.00,0.00,0.00,0.00,0.00,0.00,0.00,0.00,0.00,0.00,0.00,0.00,0.00
71,0,2.333,0.03,0,0.000000,0.000000,0.000000,0.000000,0.000000,0.000000,0.000,0.000,665.9,662.6,671.9,688.2,702.1,709.4,696.2,679.8,729.7,708.7,682.6,668.5,667.4,672.3,687.6,683.2,675.6,677.3,693.9,716.3,689.7,696.8,701.0,699.7,693.7,686.5,682.4,683.7,606.2,602.1,621.1,652.1,676.8,680.9,661.9,631.9,673.6,679.7,690.2,710.8,737.4,771.0,785.8,771.7,745.3,717.1,698.7,683.9,642.0,657.4,666.5,664.0,651.4,636.0,626.9,629.4,1030.6,991.6,949.5,929.1,942.3,981.3,1023.4,1043.8,1104.0,1068.7,1033.5,996.6,966.6,952.3,956.5,986.3,1022.8,1058.5,1084.0,1099.6,1010.5,1002.3,985.3,969.7,964.4,972.7,989.6,1005.2,584.1,551.9,516.2,497.9,507.8,540.1,575.8,598.1,636.6,611.4,574.7,541.3,518.2,504.2,495.8,511.0,532.4,560.7,587.8,613.5,571.9,562.9,545.3,529.6,524.8,533.8,551.4,567.1,2.8,2.5,3.5,5.1,6.2,6.8,5.6,4.1,10.4,8.1,5.0,3.3,3.1,3.5,4.9,4.4,3.7,3.9,5.9,8.6,5.2,5.8,6.2,6.1,5.6,5.0,4.6,4.7,-3.9,-4.5,-2.2,1.4,4.1,4.4,2.4,-0.9,3.6,4.3,5.4,7.6,10.6,14.6,16.8,14.7,11.4,8.3,6.3,4.7,0.2,1.9,2.9,2.7,1.3,-0.5,-1.5,-1.2,73.1,70.4,64.7,59.8,58.2,60.4,65.8,71.1,86.1,83.5,79.3,74.1,68.5,64.1,61.1,64.0,68.8,74.1,79.0,83.2,68.1,66.0,63.8,62.8,63.5,65.5,67.8,68.8,25.6,22.5,18.3,15.8,16.3,19.3,23.2,26.3,30.0,27.0,22.9,19.3,17.1,16.1,15.6,16.8,18.7,21.6,24.6,27.4,23.7,22.4,20.5,19.0,18.8,20.1,22.1,23.6,95.4,97.5,96.1,91.9,87.5,85.1,86.8,91.0,101.2,103.1,103.1,101.8,98.8,94.6,89.6,89.5,90.8,92.8,95.5,98.4,91.6,89.9,89.3,90.2,91.9,93.6,94.2,93.3,100.1,102.7,102.8,100.3,96.6,94.0,94.0,96.5,94.9,93.9,93.3,93.4,94.8,97.7,100.5,97.6,95.1,94.2,94.3,94.5,97.9,96.8,96.9,98.2,99.9,101.0,100.9,99.6,20.0,97.8,151.6,-0.668,1.475,-0.857,1000.2,1076.1,1166.2,1229.4,1196.7,1078.5,911.7,826.6,818.6,906.5,1004.2,1116.2,1176.7,1185.9,1152.9,1096.9,1037.0,651.3,659.0,662.3,639.9,629.5,605.9,645.4,707.4,767.2,834.9,638.8,607.7,571.9,541.8,637.0,647.8,648.3,658.6,674.8,725.2,686.9,663.3,676.7,671.6,689.9,698.9,709.4,735.4,790.1,737.7,710.3,716.2,648.6,630.6,640.2,653.0,700.4,789.2,706.2,675.7,645.4,631.0,645.1,684.5,676.8,685.0,701.2,750.0,658.7,637.9,623.0,1356.2,1469.4,1571.0,1639.2,1661.8,1620.1,1514.9,1400.0,1268.2,1133.5,992.5,867.8,753.6,660.9,580.7,513.7,463.1,1007.8,918.8,839.7,785.2,758.0,492.0,396.1,326.9,295.4,300.3,770.8,836.6,898.3,960.1,1112.1,1078.8,1042.5,997.8,953.8,1112.8,1032.6,968.9,951.8,1017.2,1079.3,648.4,573.4,508.1,494.4,541.1,601.0,1323.9,1222.7,1143.7,1121.4,1090.4,1053.5,1022.7,1088.8,1144.7,1173.4,1205.1,1254.5,1288.3,1196.7,1162.3,1136.1,1054.7,1095.1,1121.8,1151.7,0.00,0.00,0.00,0.00,0.00,0.00,0.00,0.00,0.00,0.00,0.00,0.00,0.00,0.00,0.00,0.00,0.00,0.00,0.00,0.00,0.00,0.00,0.00,0.00,0.00,0.00,0.00,0.00,0.00,0.00,0.00,0.00,0.00,0.00,0.00
72,0,2.367,0.03,0,0.000000,0.000000,0.000000,0.000000,0.000000,0.000000,0.000,0.000,672.8,665.8,672.9,689.9,706.8,718.3,706.7,689.7,734.5,712.2,682.9,668.0,666.5,671.4,689.8,686.0,677.6,678.3,696.7,721.8,698.2,705.6,708.9,706.2,699.0,691.6,688.3,691.0,581.8,557.5,543.7,548.3,568.7,592.9,606.8,607.2,641.2,667.4,678.6,697.3,732.0,760.3,774.8,741.4,705.2,674.4,651.8,645.4,594.5,595.0,589.0,579.9,573.2,572.6,578.6,587.7,1085.7,1041.8,992.0,965.4,977.6,1021.1,1071.4,1098.0,1162.7,1124.7,1086.3,1045.7,1010.0,989.6,989.9,1023.2,1065.3,1106.7,1136.7,1155.7,1057.5,1047.4,1028.5,1011.8,1007.3,1017.4,1036.3,1053.0,805.2,774.0,722.5,680.9,673.5,704.7,756.2,800.9,743.2,708.2,660.9,609.7,563.9,535.0,525.5,539.0,568.7,612.9,661.0,710.3,758.0,742.0,722.0,709.6,712.2,728.2,748.2,760.6,3.2,2.6,3.2,4.7,5.9,6.7,5.8,4.5,9.7,7.6,4.5,2.9,2.7,3.0,4.5,4.1,3.4,3.6,5.4,8.1,5.4,5.9,6.2,6.0,5.5,4.9,4.6,4.8,-5.2,-7.6,-8.7,-7.9,-5.8,-3.7,-2.7,-2.8,0.1,2.2,3.1,4.6,7.6,10.4,12.4,8.8,5.4,2.8,1.0,0.4,-3.9,-3.8,-4.3,-5.1,-5.8,-5.9,-5.4,-4.6,70.2,67.8,62.0,56.6,54.4,56.2,61.6,67.4,82.4,80.1,76.1,71.1,65.4,60.4,56.7,59.5,64.0,69.2,74.4,79.0,64.4,62.2,60.2,59.4,60.3,62.4,64.5,65.4,39.9,38.0,32.8,27.7,25.6,27.4,32.0,37.5,31.9,28.1,23.8,20.0,16.9,15.1,15.2,15.5,17.4,20.7,24.4,28.6,34.3,32.2,30.3,29.5,30.4,32.4,34.5,35.2,84.6,87.0,85.9,81.7,77.1,74.4,75.8,79.9,89.8,91.7,91.7,90.7,88.1,83.9,78.7,78.4,79.4,81.1,83.8,86.9,80.8,79.2,78.8,79.7,81.5,83.0,83.5,82.5,78.3,80.3,79.2,75.5,71.5,69.5,70.7,74.5,72.8,70.5,69.3,70.1,72.7,75.7,80.2,75.8,73.0,71.7,71.0,71.4,75.3,73.8,73.2,73.9,75.5,77.0,77.6,76.9,29.0,113.8,150.4,-0.215,0.298,-0.815,1018.0,1036.6,1080.6,1132.6,1173.7,1123.1,987.8,797.3,811.4,890.0,1027.4,1142.0,1220.7,1220.1,1177.2,1102.9,1012.9,600.6,684.4,695.8,647.5,564.0,548.4,625.3,670.3,773.8,879.3,646.2,622.1,588.7,559.8,621.4,631.0,636.8,689.1,719.1,665.9,705.3,698.6,730.8,662.9,657.1,666.1,711.4,716.2,759.8,701.4,689.8,710.4,655.7,622.2,648.9,658.4,716.4,808.1,701.4,686.6,664.9,645.7,648.6,677.5,654.1,667.9,711.7,820.0,654.3,624.1,627.5,1373.4,1494.9,1634.8,1722.7,1745.5,1672.3,1481.8,1379.3,1346.3,1150.4,997.0,829.4,714.2,627.7,597.7,541.4,461.7,1086.9,1011.1,948.6,889.9,842.4,491.4,411.5,322.9,290.9,299.3,786.6,844.5,895.9,946.9,1155.5,1122.8,1043.1,1010.4,1002.2,1140.4,1089.9,1042.9,994.7,1037.5,1089.9,742.6,643.0,590.2,496.8,582.7,654.7,1309.7,1205.6,1152.7,1156.6,1057.5,1065.9,1068.1,1107.0,1140.7,1205.0,1231.1,1259.8,1322.4,1197.5,1184.8,1122.6,1055.7,1075.2,1133.9,1164.7,0.00,0.00,0.00,0.00,0.00,0.00,0.00,0.00,0.00,0.00,0.00,0.00,0.00,0.00,0.00,0.00,0.00,0.00,0.00,0.00,0.00,0.00,0.00,0.00,0.00,0.00,0.00,0.00,0.00,0.00,0.00,0.00,0.00,0.00,0.00
73,0,2.400,0.03,0,0.000000,0.000000,0.000000,0.000000,0.000000,0.000000,0.000,0.000,598.8,594.6,595.6,601.2,608.1,614.8,611.3,605.7,608.8,596.9,582.3,581.6,590.5,600.7,616.7,611.9,602.7,596.0,598.9,607.4,610.4,612.9,613.3,611.5,608.5,606.0,605.5,607.3,625.0,605.7,609.4,634.1,665.1,684.5,680.7,657.2,674.6,671.2,670.0,681.0,709.0,736.5,751.4,755.0,744.2,725.9,709.3,693.2,651.2,662.6,664.4,655.4,641.0,629.6,627.8,636.8,1054.8,1033.1,998.7,971.6,967.8,988.1,1023.9,1050.9,1080.7,1053.7,1024.5,997.3,972.4,958.0,956.8,979.9,1006.6,1032.5,1055.1,1073.1,1029.2,1017.2,1001.9,992.2,993.9,1006.0,1021.3,1030.9,644.2,620.8,592.7,576.2,581.0,604.4,632.5,652.5,726.6,697.7,660.7,619.7,588.4,571.6,568.1,596.0,624.9,656.1,680.1,705.9,631.0,623.4,610.3,599.4,597.1,604.8,617.9,628.8,-5.9,-6.7,-6.6,-5.6,-4.5,-3.4,-3.9,-4.7,-4.6,-6.5,-8.7,-8.8,-7.3,-5.6,-3.2,-3.8,-5.0,-6.0,-5.7,-4.6,-4.2,-3.8,-3.7,-4.0,-4.5,-4.9,-5.0,-4.7,-1.7,-3.9,-3.5,-0.7,2.9,5.1,4.6,2.0,4.0,3.5,3.3,4.5,7.9,11.5,13.9,13.6,12.0,9.8,7.8,6.1,1.3,2.6,2.8,1.8,0.1,-1.2,-1.4,-0.4,99.8,99.7,95.1,89.0,85.1,84.9,89.5,95.5,105.8,104.0,100.1,95.7,90.4,85.7,81.9,83.9,87.2,91.2,96.2,101.5,94.0,91.3,89.4,89.3,91.1,93.8,95.8,95.8,32.3,29.9,26.9,25.0,25.4,27.8,30.8,33.1,42.2,38.1,33.2,28.7,26.2,25.2,25.9,28.0,30.5,33.6,36.2,39.3,31.0,30.2,28.8,27.6,27.4,28.3,29.7,30.9,125.7,129.6,130.3,127.3,122.5,118.3,117.9,120.9,128.4,131.1,131.8,131.4,129.2,125.4,120.0,118.4,118.0,118.7,121.1,124.6,122.8,121.5,121.8,123.5,125.7,127.0,126.7,125.0,99.6,100.5,101.1,101.2,100.6,99.7,99.0,99.1,100.6,98.7,96.6,96.8,100.3,104.2,108.9,103.8,100.7,99.4,98.8,99.5,100.2,100.2,100.5,100.9,101.2,101.2,100.9,100.5,16.0,111.5,166.9,-0.614,0.941,-0.791,603.3,634.5,697.8,788.3,867.0,902.5,898.4,896.7,892.0,958.2,1034.3,1137.5,1213.2,1223.0,1190.4,1117.1,1044.8,539.7,524.1,516.6,518.2,530.7,581.3,594.3,637.8,707.3,781.1,589.9,594.6,599.6,601.1,648.2,677.5,696.9,716.5,730.8,607.0,582.4,590.6,616.4,605.6,600.4,682.3,678.9,709.3,753.1,731.3,703.8,728.8,699.7,674.9,688.8,695.2,761.6,832.5,788.3,753.4,741.3,727.2,725.7,718.4,714.7,724.3,734.4,812.2,722.3,714.1,703.0,1199.8,1281.8,1360.0,1424.9,1476.3,1481.1,1437.9,1380.9,1295.7,1190.7,1070.7,947.7,832.5,720.2,629.5,541.9,456.4,1030.1,976.9,918.7,872.1,842.2,599.1,500.4,419.8,377.9,378.4,829.6,878.6,930.0,982.8,1083.5,1069.7,1048.8,1013.4,978.3,1083.4,1021.5,971.2,956.5,1008.1,1057.4,721.4,650.8,593.7,573.9,624.2,679.6,1251.1,1185.6,1129.2,1111.3,1076.8,1045.5,1012.1,1092.1,1145.9,1176.0,1202.0,1230.9,1226.9,1176.1,1148.6,1121.6,1030.2,1106.0,1133.3,1159.7,0.00,0.00,0.00,0.00,0.00,0.00,0.00,0.00,0.00,0.00,0.00,0.00,0.00,0.00,0.00,0.00,0.00,0.00,0.00,0.00,0.00,0.00,0.00,0.00,0.00,0.00,0.00,0.00,0.00,0.00,0.00,0.00,0.00,0.00,0.00
74,0,2.433,0.03,0,0.000000,0.000000,0.000000,0.000000,0.000000,0.000000,0.000,0.000,659.4,633.3,598.6,575.6,577.8,604.9,638.6,661.6,618.4,595.1,584.8,580.3,589.1,601.9,615.2,617.0,608.6,608.2,611.2,617.1,643.0,633.0,618.0,606.8,606.0,616.0,631.0,642.2,610.1,595.7,605.7,634.3,664.6,678.9,668.9,642.2,685.8,680.6,682.5,698.0,726.6,760.8,775.5,765.0,741.1,716.1,700.3,690.3,643.4,655.0,659.1,653.4,641.2,629.7,625.6,631.3,1201.1,1178.9,1147.4,1125.1,1124.9,1143.6,1178.5,1200.9,1168.8,1141.3,1110.8,1071.2,1035.2,1012.3,999.6,1033.5,1076.0,1115.0,1141.7,1160.9,1172.4,1163.0,1149.7,1140.3,1140.3,1149.8,1163.1,1172.4,645.8,614.4,574.6,549.7,554.3,585.7,625.5,654.3,697.9,668.0,626.7,587.2,557.5,538.9,532.9,551.1,578.2,613.0,645.2,674.6,622.1,612.0,595.7,582.9,581.0,591.1,607.4,620.2,2.5,-0.9,-5.5,-8.2,-7.5,-4.1,-0.2,2.7,-2.8,-5.7,-6.8,-7.2,-6.0,-4.5,-2.9,-2.6,-3.5,-3.6,-3.4,-2.8,0.4,-0.9,-2.7,-4.1,-4.3,-3.1,-1.2,0.3,-3.2,-4.9,-3.8,-0.6,2.6,4.0,3.0,0.2,4.7,4.2,4.4,6.0,9.0,12.9,14.7,13.2,10.4,7.8,6.2,5.2,0.4,1.6,2.0,1.4,0.1,-1.1,-1.6,-0.9,108.9,109.0,104.0,97.3,92.7,91.8,97.1,103.8,103.7,98.8,93.0,86.2,80.3,76.7,74.4,75.9,80.0,85.4,91.4,97.8,101.2,98.4,96.4,96.5,98.5,101.3,103.3,103.3,31.0,28.3,23.9,20.7,20.6,23.3,27.3,30.9,34.9,31.7,27.4,23.4,20.6,19.1,18.8,20.2,22.5,25.8,29.2,32.4,28.0,26.7,25.0,23.9,24.0,25.3,27.1,28.2,113.3,116.5,115.6,111.3,106.1,102.5,103.8,108.1,112.2,110.7,108.4,106.1,104.0,102.8,101.9,98.6,97.8,99.0,102.3,106.8,109.0,107.2,106.8,108.2,110.4,112.2,112.6,111.3,94.9,97.3,97.6,95.6,92.5,90.1,89.8,91.9,90.4,90.1,89.9,89.9,91.1,93.4,95.1,92.6,90.1,89.2,89.6,90.1,93.5,92.7,92.8,93.8,95.1,95.9,95.8,94.8,14.9,105.2,156.0,-0.921,1.093,-0.673,658.1,707.0,785.6,875.2,903.8,886.4,858.6,877.1,890.8,962.9,1034.9,1147.0,1220.7,1233.1,1197.2,1116.8,1033.1,525.4,526.2,515.0,513.3,531.8,593.3,621.8,672.6,725.2,782.4,592.6,590.8,589.7,586.8,652.1,683.7,701.5,715.6,728.1,610.3,588.0,590.8,612.1,614.0,613.1,676.8,687.5,724.0,777.3,747.4,713.1,726.0,682.6,670.0,684.7,683.2,755.0,842.6,793.6,756.5,736.5,718.6,711.3,710.1,715.8,728.9,729.3,807.2,723.6,715.6,698.7,1310.0,1391.5,1463.8,1520.2,1554.2,1538.5,1478.9,1398.4,1290.6,1187.4,1082.1,981.7,871.7,764.9,663.9,561.1,467.7,1094.1,1043.0,969.9,905.3,862.8,532.0,425.5,354.0,326.9,341.2,834.5,880.1,926.5,974.7,1103.7,1079.8,1050.2,1009.7,968.8,1174.3,1098.9,1029.3,1000.4,1071.1,1138.2,692.5,624.3,555.9,538.7,586.1,650.3,1288.1,1200.5,1134.2,1108.5,1073.4,1031.0,1009.3,1079.8,1143.0,1172.8,1203.8,1240.2,1247.3,1189.7,1153.1,1122.9,1028.0,1107.0,1133.9,1165.4,0.00,0.00,0.00,0.00,0.00,0.00,0.00,0.00,0.00,0.00,0.00,0.00,0.00,0.00,0.00,0.00,0.00,0.00,0.00,0.00,0.00,0.00,0.00,0.00,0.00,0.00,0.00,0.00,0.00,0.00,0.00,0.00,0.00,0.00,0.00
75,0,2.467,0.03,0,0.000000,0.000000,0.000000,0.000000,0.000000,0.000000,0.000,0.000,640.6,610.1,606.3,631.5,670.9,706.3,705.2,680.0,647.6,634.5,628.2,628.4,635.4,647.9,662.3,653.0,643.9,637.6,639.9,643.8,672.7,684.3,682.5,668.4,650.2,638.5,640.3,654.5,642.8,631.6,622.4,620.6,627.3,638.5,647.7,653.2,704.8,707.1,708.0,719.9,751.0,792.0,815.3,797.9,766.6,741.6,724.3,713.9,648.1,644.1,639.6,637.1,638.1,642.0,646.6,649.1,1109.4,1104.3,1070.6,1028.0,1001.5,1005.0,1040.3,1082.9,1211.1,1174.0,1135.3,1095.5,1052.8,1025.6,1010.0,1039.1,1072.8,1112.8,1149.7,1183.5,1073.7,1053.9,1038.0,1035.4,1047.6,1067.4,1083.3,1085.9,727.8,694.9,652.0,624.2,627.8,660.7,703.7,734.0,683.7,653.4,611.1,569.0,535.3,513.0,508.1,524.4,555.6,595.1,630.8,666.0,690.8,683.2,670.2,659.4,657.1,664.7,677.7,688.6,0.1,-3.2,-3.8,-1.0,3.5,7.1,6.6,4.0,0.8,-0.6,-1.2,-1.2,-0.5,0.8,2.4,1.4,0.4,-0.2,-0.0,0.4,3.4,4.7,4.6,3.1,1.1,-0.2,0.0,1.5,0.3,-0.9,-1.9,-2.0,-1.2,-0.1,0.7,1.3,6.2,6.4,6.4,7.6,10.7,14.9,17.5,15.0,11.7,9.4,7.8,6.9,0.8,0.4,-0.0,-0.3,-0.2,0.2,0.7,0.9,76.7,80.0,79.8,76.2,71.6,68.9,69.3,72.3,87.9,82.4,77.3,73.5,70.7,69.7,69.5,70.8,72.7,75.9,80.0,84.2,74.5,73.0,72.8,74.1,76.2,77.8,78.0,76.6,39.0,36.2,31.0,26.7,25.7,28.2,33.0,37.8,30.9,27.8,23.8,19.9,16.8,15.0,14.8,15.7,18.1,21.6,25.1,28.7,33.6,32.2,30.6,29.7,29.9,31.3,33.0,34.0,89.6,94.0,98.2,99.8,97.7,93.4,89.1,87.5,90.3,88.6,87.3,87.5,89.3,91.6,93.6,91.2,89.2,88.2,88.7,89.5,91.4,92.0,93.9,96.0,97.0,96.3,94.4,92.3,92.8,94.6,92.8,88.4,84.0,82.1,84.0,88.5,83.7,82.9,82.8,83.2,84.1,85.5,87.3,83.4,80.9,80.6,81.1,82.1,89.0,87.3,86.3,86.7,88.2,89.9,90.8,90.5,23.3,111.8,150.3,-0.302,0.264,-0.732,719.6,736.7,776.2,845.1,914.2,931.7,894.3,825.7,863.5,938.1,1056.5,1149.7,1211.9,1216.4,1176.8,1109.2,1030.7,484.9,552.7,582.4,564.0,505.9,559.8,623.5,669.7,767.1,886.8,612.7,616.5,611.9,609.1,612.3,643.6,672.9,717.5,753.9,590.4,630.3,644.2,677.6,630.0,609.9,696.5,737.7,760.7,810.2,771.3,743.9,724.0,686.0,666.8,688.0,700.5,766.6,861.1,787.4,762.0,738.7,718.1,709.0,710.2,688.2,704.5,737.4,860.1,728.7,700.4,691.0,1385.9,1484.4,1594.9,1667.6,1696.2,1661.0,1515.4,1410.3,1342.2,1203.5,1110.7,979.1,871.1,775.3,703.5,586.0,449.5,1126.8,1040.0,993.0,918.2,841.4,490.9,396.0,320.1,288.4,293.9,815.9,871.5,923.7,976.9,1143.4,1113.2,1048.0,1007.9,982.2,1195.2,1116.3,1050.1,1008.1,1062.7,1125.6,717.5,624.8,559.5,487.7,563.1,641.5,1317.9,1217.8,1150.7,1136.5,1059.1,1049.8,1039.8,1091.3,1141.2,1200.9,1234.7,1274.9,1305.4,1196.4,1170.9,1119.2,1041.1,1096.6,1149.8,1187.5,0.00,0.00,0.00,0.00,0.00,0.00,0.00,0.00,0.00,0.00,0.00,0.00,0.00,0.00,0.00,0.00,0.00,0.00,0.00,0.00,0.00,0.00,0.00,0.00,0.00,0.00,0.00,0.00,0.00,0.00,0.00,0.00,0.00,0.00,0.00
76,0,2.500,0.03,0,0.000000,0.000000,0.000000,0.000000,0.000000,0.000000,0.000,0.000,615.0,588.7,572.7,576.5,597.7,627.3,640.1,636.3,577.7,566.1,567.8,576.2,591.0,605.8,622.5,620.3,605.4,594.4,586.4,581.3,625.7,627.9,620.8,608.6,598.5,596.3,603.4,615.6,678.7,659.4,672.5,710.3,750.7,770.0,757.0,719.4,701.7,720.3,739.5,757.7,779.4,799.1,805.4,809.8,799.2,778.4,755.6,730.9,716.9,734.2,740.0,730.9,712.2,694.8,689.0,698.2,1188.1,1165.2,1127.3,1096.6,1091.2,1111.4,1152.1,1182.7,1162.9,1126.2,1096.1,1064.7,1036.2,1014.9,998.4,1024.9,1057.4,1091.7,1119.4,1143.7,1157.0,1142.6,1124.8,1114.0,1116.6,1131.0,1148.8,1159.6,760.8,723.0,679.0,654.6,664.1,701.9,745.9,774.0,719.9,678.3,639.1,604.5,583.0,573.4,570.4,588.8,608.5,635.8,663.0,695.1,736.8,725.6,705.3,687.9,683.6,694.8,715.1,732.5,-3.7,-7.7,-10.1,-9.2,-5.9,-1.7,0.0,-0.5,-9.4,-11.0,-10.6,-9.3,-7.1,-5.0,-2.6,-2.8,-4.8,-6.3,-7.6,-8.5,-2.1,-1.7,-2.7,-4.5,-6.0,-6.4,-5.4,-3.6,3.9,1.9,3.2,6.8,10.7,12.8,11.7,8.0,6.1,7.9,9.7,11.8,14.7,17.6,19.3,18.5,16.6,13.9,11.3,8.9,7.7,9.4,10.0,9.0,7.1,5.4,4.9,5.8,122.3,121.3,115.0,107.2,102.6,103.0,109.5,117.2,121.3,114.0,108.3,102.8,98.4,95.6,93.7,94.3,97.1,101.9,107.6,114.1,114.7,111.1,108.3,107.9,110.1,113.7,116.6,117.0,40.2,35.9,31.1,28.5,29.5,33.6,38.5,41.9,35.4,31.2,27.3,24.5,23.5,23.6,24.6,25.0,25.8,27.7,29.7,32.7,37.9,36.6,34.4,32.5,32.0,33.2,35.4,37.4,129.2,131.9,131.1,127.3,122.8,120.0,120.9,124.7,132.2,130.2,128.7,127.6,127.3,127.8,128.4,124.1,121.8,121.8,123.9,127.4,125.9,124.2,123.9,125.2,127.3,129.0,129.3,128.0,87.8,86.6,85.2,84.5,84.9,86.1,87.4,88.5,86.1,85.7,85.7,87.7,92.3,96.8,102.2,95.5,91.0,87.9,85.8,85.5,88.0,87.7,87.1,86.6,86.5,86.7,87.3,87.8,17.3,114.4,166.7,-0.828,0.860,-0.678,537.0,579.4,650.1,743.4,815.6,853.4,860.7,897.0,926.3,1003.2,1076.0,1168.3,1228.7,1223.6,1183.0,1113.5,1039.3,468.4,469.7,473.8,483.3,490.3,587.1,625.0,679.5,761.3,851.6,596.4,608.9,621.9,634.4,639.5,680.1,709.1,734.5,757.3,577.5,576.7,596.4,619.6,604.9,589.8,705.4,729.5,771.3,817.2,790.8,749.2,741.8,719.1,701.4,720.7,733.0,813.6,898.2,863.9,824.9,803.4,776.6,757.6,741.3,729.6,749.6,761.4,873.4,805.0,787.7,765.7,1304.5,1395.3,1477.3,1536.7,1560.1,1528.1,1455.7,1383.9,1303.6,1228.2,1146.4,1053.9,941.4,815.3,705.4,592.2,480.4,1101.1,1034.0,965.6,908.5,867.3,525.7,427.1,354.3,322.5,337.7,830.4,880.6,932.9,987.2,1089.3,1074.3,1050.7,1007.3,966.7,1161.0,1092.5,1031.0,1002.3,1065.7,1123.6,712.9,646.4,582.3,556.8,607.1,667.5,1277.7,1195.5,1126.0,1099.5,1061.3,1020.6,988.0,1087.1,1157.7,1194.9,1226.6,1262.5,1250.0,1165.2,1132.2,1098.5,1007.1,1126.8,1160.4,1194.2,0.00,0.00,0.00,0.00,0.00,0.00,0.00,0.00,0.00,0.00,0.00,0.00,0.00,0.00,0.00,0.00,0.00,0.00,0.00,0.00,0.00,0.00,0.00,0.00,0.00,0.00,0.00,0.00,0.00,0.00,0.00,0.00,0.00,0.00,0.00
77,0,2.533,0.03,0,0.000000,0.000000,0.000000,0.000000,0.000000,0.000000,0.000,0.000,654.2,632.0,647.1,690.8,737.4,764.1,744.6,700.9,593.8,584.0,584.0,592.0,611.4,632.2,656.6,651.5,636.9,623.3,614.8,605.3,698.4,718.5,725.5,715.2,693.7,673.5,666.6,676.9,700.0,675.9,686.1,724.6,768.8,792.9,782.7,745.5,710.7,719.1,732.1,751.7,777.4,807.1,833.4,826.9,807.4,783.2,760.8,738.4,740.2,756.4,760.8,750.9,732.4,716.3,711.8,721.7,1043.4,1025.9,1001.8,985.2,985.8,1005.3,1027.4,1044.0,1193.1,1150.6,1115.1,1076.4,1038.5,1015.7,1003.4,1033.1,1067.3,1106.1,1138.7,1167.6,1037.0,1029.0,1017.3,1008.9,1008.6,1016.6,1028.3,1036.7,792.1,759.3,722.4,703.2,712.7,745.5,782.4,802.9,733.6,698.3,660.5,618.4,583.2,554.7,530.7,570.0,605.7,640.8,677.1,711.8,766.1,758.2,743.0,729.3,725.1,733.0,748.2,761.9,1.5,-0.9,0.8,5.9,11.2,13.8,11.0,6.2,-5.0,-6.0,-5.9,-5.0,-3.0,-0.8,1.8,1.2,-0.3,-1.7,-2.6,-3.7,6.2,8.5,9.5,8.5,6.1,3.8,2.9,4.0,6.3,3.7,4.5,8.0,12.1,14.7,14.3,11.0,7.0,7.6,8.5,10.3,13.1,16.7,20.5,18.8,16.4,13.8,11.5,9.5,10.2,11.7,11.9,10.8,9.1,7.6,7.3,8.4,70.8,72.1,72.9,72.9,72.2,71.7,70.3,70.1,90.2,84.1,79.4,75.2,72.1,70.9,70.7,71.3,73.0,76.4,80.7,85.2,72.4,72.4,72.7,73.2,73.5,73.6,73.3,72.7,45.3,40.8,35.5,32.4,33.1,37.1,42.5,46.4,37.1,32.4,27.9,23.9,21.3,19.5,18.1,21.2,24.0,27.0,30.3,34.1,41.5,40.1,37.8,36.1,35.8,37.1,39.4,41.2,90.6,94.7,99.5,102.1,101.0,97.2,92.2,89.6,94.7,93.1,92.0,91.8,92.9,94.6,96.2,92.7,90.3,89.6,90.7,92.3,93.5,94.6,96.8,98.7,99.2,98.1,95.9,94.0,91.7,89.5,85.8,82.7,82.1,84.3,88.0,91.6,86.9,83.7,81.2,81.1,83.6,87.5,92.7,88.2,85.5,84.0,83.5,84.7,89.4,88.0,86.4,85.5,85.8,87.1,88.7,89.7,23.1,112.0,155.7,-0.377,0.301,-0.723,574.5,598.5,649.4,727.8,813.3,866.5,879.9,871.0,922.1,987.5,1098.7,1181.0,1237.4,1232.0,1182.1,1111.8,1037.5,434.4,477.2,498.9,488.1,441.4,592.9,651.8,694.9,786.1,899.0,593.9,604.7,608.3,611.9,633.2,665.6,691.6,725.0,759.6,565.0,599.1,625.1,668.1,628.5,598.9,710.7,740.0,772.5,831.4,805.3,768.4,744.2,716.5,701.1,722.2,737.6,812.6,903.9,850.6,827.8,804.1,782.9,757.9,743.9,722.1,741.1,769.4,901.2,789.2,761.1,744.9,1308.1,1411.7,1504.5,1553.6,1573.9,1554.3,1444.3,1364.4,1313.8,1225.6,1169.5,1056.2,932.8,810.3,720.7,597.8,452.9,1126.6,1053.3,1014.8,955.3,884.5,476.2,385.8,316.2,295.7,303.9,842.9,884.5,927.4,973.2,1098.2,1081.0,1039.5,1000.9,973.1,1188.7,1113.0,1047.2,1004.6,1064.3,1126.0,746.4,654.9,583.4,523.4,595.6,673.7,1273.6,1190.8,1122.5,1102.4,1040.7,1020.5,994.8,1074.9,1141.5,1196.7,1230.0,1254.8,1259.3,1162.1,1134.2,1090.9,1009.2,1109.9,1154.0,1189.7,0.00,0.00,0.00,0.00,0.00,0.00,0.00,0.00,0.00,0.00,0.00,0.00,0.00,0.00,0.00,0.00,0.00,0.00,0.00,0.00,0.00,0.00,0.00,0.00,0.00,0.00,0.00,0.00,0.00,0.00,0.00,0.00,0.00,0.00,0.00
78,0,2.567,0.03,0,0.000000,0.000000,0.000000,0.000000,0.000000,0.000000,0.000,0.000,586.7,561.7,554.7,569.7,598.0,627.1,630.1,615.0,556.1,549.0,554.3,565.3,582.3,598.6,616.3,614.6,598.4,585.1,574.0,564.6,608.1,615.4,612.3,600.8,587.5,580.2,583.3,594.8,685.7,664.6,672.7,705.2,743.0,764.1,756.0,725.4,706.1,727.0,741.4,754.8,773.1,799.4,815.2,821.0,807.0,783.3,760.7,737.3,721.6,735.1,738.6,729.9,714.2,700.7,697.3,705.9,1169.8,1143.5,1102.9,1071.7,1068.2,1092.4,1135.1,1166.3,1165.6,1127.1,1096.7,1063.8,1033.9,1012.0,995.4,1023.5,1056.5,1091.7,1119.9,1144.8,1140.2,1125.6,1106.6,1094.4,1096.0,1110.6,1129.6,1141.8,712.3,683.6,643.3,614.9,615.1,643.8,684.2,716.8,725.4,686.1,642.0,610.4,590.4,577.4,569.6,583.5,607.4,640.5,670.6,705.5,686.0,674.1,657.2,645.2,645.2,657.1,674.0,686.0,-7.2,-10.8,-11.8,-9.5,-5.5,-1.6,-1.3,-3.3,-11.6,-12.4,-11.5,-10.0,-7.7,-5.6,-3.2,-3.3,-5.3,-7.0,-8.6,-10.1,-4.2,-3.2,-3.6,-5.2,-7.1,-8.1,-7.7,-6.1,4.6,2.5,3.4,6.7,10.4,12.2,11.3,8.4,6.7,8.7,10.2,11.7,14.1,17.6,20.3,19.6,17.2,14.4,11.9,9.6,8.2,9.5,9.9,9.1,7.6,6.2,5.9,6.7,109.5,108.2,102.5,96.0,92.5,93.4,99.0,105.5,111.9,104.5,99.2,94.0,90.0,87.8,86.4,87.0,89.4,93.7,98.9,105.0,103.5,100.5,98.0,97.4,99.1,102.1,104.7,105.3,35.5,33.3,29.4,26.2,25.6,27.9,31.6,35.2,36.8,32.6,28.3,25.6,24.3,24.0,24.2,24.2,25.5,28.1,30.7,34.2,32.8,31.4,29.8,28.9,29.2,30.6,32.2,33.1,118.3,120.9,120.8,118.0,114.2,111.5,111.8,114.5,121.5,119.2,117.8,116.9,116.9,117.9,119.0,114.8,112.3,112.1,113.9,117.0,116.1,114.8,114.8,116.0,117.8,119.1,119.1,117.8,88.2,90.1,90.9,90.0,88.0,86.0,85.2,86.2,88.1,87.5,87.7,89.3,92.4,96.4,101.2,94.8,90.2,87.6,86.5,86.5,88.0,87.6,87.9,88.7,89.6,90.0,89.7,88.9,18.1,114.2,167.8,-0.741,0.708,-0.744,489.4,535.9,612.2,710.5,794.4,854.8,889.1,947.8,989.8,1058.9,1126.9,1208.4,1259.9,1243.3,1191.0,1112.5,1028.4,417.5,426.9,438.1,452.4,455.9,575.9,625.3,680.7,762.5,854.1,587.1,607.6,627.1,645.8,646.6,689.3,719.4,743.6,768.1,557.0,560.8,587.5,615.0,597.4,576.7,706.1,730.0,775.5,823.7,798.5,753.9,761.9,729.9,712.4,732.2,741.3,830.2,924.1,905.6,868.7,851.9,823.9,795.0,767.9,748.3,768.2,776.4,902.6,836.9,822.1,798.8,1289.8,1383.3,1466.3,1521.5,1537.1,1501.0,1432.6,1370.3,1303.4,1242.7,1172.6,1082.1,961.2,822.4,701.9,579.5,457.1,1097.4,1032.9,975.3,923.4,878.9,511.2,420.4,352.5,320.7,327.3,830.4,875.6,922.5,971.8,1069.7,1055.3,1033.2,991.8,953.6,1162.7,1093.7,1030.6,998.9,1064.0,1124.2,718.1,651.9,586.3,554.7,608.2,671.1,1262.0,1173.7,1095.9,1069.8,1033.0,992.0,962.5,1076.1,1153.6,1191.8,1223.1,1259.9,1235.2,1137.1,1105.3,1072.4,983.9,1119.1,1151.5,1184.4,0.00,0.00,0.00,0.00,0.00,0.00,0.00,0.00,0.00,0.00,0.00,0.00,0.00,0.00,0.00,0.00,0.00,0.00,0.00,0.00,0.00,0.00,0.00,0.00,0.00,0.00,0.00,0.00,0.00,0.00,0.00,0.00,0.00,0.00,0.00
79,0,2.600,0.03,0,0.000000,0.000000,0.000000,0.000000,0.000000,0.000000,0.000,0.000,615.7,593.4,605.7,645.5,689.5,716.7,699.5,659.7,567.8,557.5,558.3,566.5,584.5,604.3,629.5,628.8,613.3,599.9,590.4,580.1,658.3,675.8,681.3,671.4,652.0,634.5,629.0,638.9,703.4,677.8,685.3,721.6,765.3,790.9,783.4,749.5,722.8,728.6,740.9,760.2,783.1,807.8,833.8,826.4,813.3,797.1,775.7,751.8,744.8,761.6,764.9,752.8,732.4,715.7,712.4,724.4,1098.1,1073.5,1037.7,1011.8,1010.8,1036.0,1071.2,1097.2,1198.2,1155.0,1121.7,1085.0,1048.2,1022.1,1005.3,1038.2,1075.6,1115.8,1147.4,1175.2,1079.1,1067.5,1051.7,1040.8,1041.2,1052.7,1068.6,1079.5,760.5,718.1,677.5,662.4,681.8,724.2,764.9,782.0,705.0,675.5,643.9,603.2,568.6,538.5,509.0,546.6,581.3,615.8,650.1,681.6,742.3,734.8,715.8,696.3,687.7,695.2,714.2,733.7,-2.6,-5.2,-3.9,0.6,5.6,8.4,6.3,2.1,-8.2,-9.2,-9.0,-8.1,-6.1,-4.0,-1.2,-1.2,-2.8,-4.2,-5.3,-6.6,2.0,3.9,4.6,3.5,1.4,-0.6,-1.2,-0.1,6.8,4.0,4.6,7.9,11.8,14.5,14.4,11.5,8.1,8.5,9.5,11.2,13.6,16.4,19.7,18.2,16.5,14.8,12.8,10.7,10.8,12.3,12.4,11.1,9.2,7.7,7.5,8.8,78.7,79.0,77.5,75.2,73.6,73.8,74.9,76.9,95.1,88.8,84.1,79.7,76.0,74.0,72.9,73.5,75.5,79.3,84.1,89.3,77.8,76.8,76.2,76.3,77.0,78.0,78.7,78.5,42.9,37.8,32.1,29.2,30.4,34.9,40.6,44.5,33.9,30.3,26.6,22.7,19.8,17.4,15.2,18.2,21.1,24.1,27.3,30.8,39.5,38.0,35.4,33.2,32.7,34.1,36.7,39.0,93.2,96.9,100.1,100.9,99.0,95.5,92.1,91.3,99.2,97.7,96.6,96.1,96.6,97.7,98.8,94.9,92.3,91.9,93.4,95.9,94.6,95.0,96.4,98.0,98.9,98.5,97.1,95.5,93.7,92.4,88.6,84.5,82.6,83.9,87.7,92.3,86.1,83.9,82.1,81.6,82.9,85.4,89.0,85.5,83.3,82.3,82.4,83.8,90.4,88.6,87.0,86.4,87.3,89.1,90.7,91.3,20.2,114.4,167.8,-0.709,0.718,-0.723,541.5,579.8,642.3,719.6,799.9,843.5,851.3,901.1,938.4,1023.8,1099.9,1189.0,1249.2,1217.0,1156.9,1093.5,1019.1,432.6,449.3,466.7,466.7,447.6,614.0,673.7,727.8,802.7,892.7,597.1,611.8,624.5,637.5,639.7,688.7,722.1,742.5,761.1,570.1,573.6,595.7,628.2,608.0,591.4,731.4,759.5,808.1,859.6,831.1,786.7,751.9,721.5,695.8,719.1,736.2,831.6,910.4,895.7,861.6,837.6,803.3,781.5,754.5,742.7,768.8,785.3,889.6,816.5,795.5,769.1,1323.5,1407.8,1484.0,1529.2,1543.1,1501.0,1404.5,1345.7,1291.3,1232.0,1162.5,1071.0,948.5,805.3,687.2,563.3,449.0,1115.1,1059.8,1012.6,969.9,915.5,492.1,400.1,334.0,311.3,319.4,842.7,881.1,923.5,967.9,1070.0,1055.2,1032.5,1001.9,975.9,1184.1,1116.9,1052.1,1019.1,1086.6,1141.3,700.8,632.7,565.1,530.1,588.9,652.5,1268.2,1176.2,1101.9,1071.9,1025.9,984.5,960.4,1052.4,1139.2,1186.4,1224.1,1252.4,1240.0,1154.0,1114.8,1077.4,977.3,1098.4,1138.8,1179.2,0.00,0.00,0.00,0.00,0.00,0.00,0.00,0.00,0.00,0.00,0.00,0.00,0.00,0.00,0.00,0.00,0.00,0.00,0.00,0.00,0.00,0.00,0.00,0.00,0.00,0.00,0.00,0.00,0.00,0.00,0.00,0.00,0.00,0.00,0.00
80,0,2.633,0.03,0,0.000000,0.000000,0.000000,0.000000,0.000000,0.000000,0.000,0.000,627.3,605.9,619.7,660.6,704.7,731.0,712.3,671.4,583.2,572.9,573.3,581.0,599.0,619.2,643.2,640.2,624.8,611.7,603.4,594.2,670.7,688.6,694.7,685.3,666.0,648.1,642.0,651.4,711.1,682.5,683.8,714.2,755.9,784.5,783.2,755.7,726.1,729.9,739.8,759.5,780.2,806.3,832.5,826.0,811.4,793.3,773.6,751.9,746.7,759.7,760.3,748.1,730.3,717.3,716.8,728.9,1085.1,1064.3,1032.2,1007.4,1004.5,1026.1,1057.4,1082.2,1202.3,1160.2,1126.0,1088.7,1051.1,1025.7,1010.1,1040.9,1076.7,1116.4,1149.0,1178.2,1067.8,1056.9,1042.8,1033.7,1035.0,1045.9,1060.0,1069.1,759.0,718.6,676.8,658.1,673.5,713.9,755.6,776.1,702.0,672.6,637.6,599.4,568.5,537.1,506.2,542.8,579.2,613.6,646.7,678.6,734.9,727.0,709.2,691.9,685.2,693.0,710.8,728.2,-1.3,-3.7,-2.3,2.4,7.3,9.9,7.6,3.2,-6.3,-7.3,-7.2,-6.3,-4.4,-2.3,0.4,0.0,-1.6,-2.9,-3.9,-4.9,3.3,5.3,6.0,5.1,2.9,0.9,0.2,1.2,7.7,4.6,4.5,7.3,11.0,13.8,14.3,12.2,8.6,8.7,9.3,11.1,13.2,16.2,19.5,18.2,16.4,14.5,12.7,10.8,11.1,12.1,12.0,10.7,9.1,7.9,8.0,9.3,76.4,77.4,76.7,74.9,73.1,72.7,73.0,74.5,93.5,87.5,82.7,78.4,75.0,73.3,72.6,73.1,74.9,78.5,83.1,88.1,76.0,75.3,75.0,75.4,76.1,76.9,77.2,76.8,43.1,38.4,32.6,29.2,29.7,33.9,39.5,43.9,34.1,30.1,26.0,22.2,19.7,17.2,14.8,17.9,21.0,24.1,27.3,30.9,38.9,37.2,34.8,32.9,32.7,34.2,36.7,38.7,92.2,96.2,99.9,101.2,99.3,95.5,91.5,90.3,97.2,95.6,94.5,94.2,94.9,96.4,97.7,93.9,91.4,90.8,92.2,94.2,93.9,94.5,96.1,97.9,98.7,98.1,96.5,94.8,94.5,93.8,90.0,85.6,82.9,83.7,87.4,92.3,87.2,84.4,81.9,81.2,82.5,85.1,88.6,85.7,83.8,83.0,83.3,84.8,90.7,88.8,87.2,86.8,88.0,89.9,91.5,91.9,22.8,114.0,164.1,-0.451,0.484,-0.749,558.3,576.4,626.1,706.8,814.0,879.7,879.7,890.4,929.1,1010.3,1117.1,1205.7,1269.6,1244.0,1178.7,1107.4,1042.8,417.0,451.1,484.0,480.7,433.5,586.4,643.8,694.8,782.8,891.9,586.0,603.8,614.6,625.3,627.6,673.1,705.2,736.3,767.3,563.8,580.7,605.8,640.8,612.1,586.3,718.3,747.8,788.2,842.0,814.0,774.6,760.0,720.3,693.8,716.7,735.2,823.5,901.6,878.1,862.0,840.9,812.6,790.0,760.0,735.6,757.1,783.1,895.6,804.1,779.6,759.1,1330.2,1417.9,1497.4,1535.0,1550.9,1522.6,1407.5,1339.0,1293.2,1224.7,1172.7,1066.8,942.3,806.5,705.4,581.2,455.8,1118.2,1051.5,1014.3,964.7,896.1,482.9,388.5,319.9,298.9,307.2,841.4,881.0,923.5,968.7,1072.1,1060.9,1030.0,997.2,972.5,1191.7,1122.4,1057.7,1014.8,1077.9,1131.8,707.5,630.9,561.9,510.8,576.5,646.7,1262.4,1171.4,1103.3,1074.4,1015.1,987.1,967.0,1048.1,1133.1,1192.7,1233.1,1253.7,1238.9,1153.5,1115.1,1071.8,983.0,1092.8,1140.9,1183.8,0.00,0.00,0.00,0.00,0.00,0.00,0.00,0.00,0.00,0.00,0.00,0.00,0.00,0.00,0.00,0.00,0.00,0.00,0.00,0.00,0.00,0.00,0.00,0.00,0.00,0.00,0.00,0.00,0.00,0.00,0.00,0.00,0.00,0.00,0.00
81,0,2.667,0.03,0,0.000000,0.000000,0.000000,0.000000,0.000000,0.000000,0.000,0.000,597.3,572.9,574.2,600.5,636.3,665.5,659.5,633.2,566.1,557.6,561.3,571.3,588.5,606.5,627.9,627.1,611.4,598.0,587.4,577.1,629.0,641.0,641.6,630.6,614.3,602.3,601.7,612.7,693.1,668.6,672.0,701.2,739.2,763.7,760.3,733.2,709.6,729.1,745.1,764.2,786.0,810.6,827.5,833.3,818.0,792.6,767.3,741.2,726.3,739.6,741.1,730.0,712.8,699.6,698.0,709.1,1145.0,1118.0,1076.0,1043.8,1040.1,1065.9,1109.0,1141.3,1180.2,1139.2,1107.2,1072.1,1038.3,1014.0,997.0,1027.2,1062.4,1100.5,1130.7,1157.7,1116.5,1101.8,1082.8,1070.5,1072.2,1086.9,1105.9,1118.2,707.8,678.9,644.4,624.3,630.6,659.5,694.0,715.8,688.1,667.4,634.5,600.3,567.2,536.2,510.9,548.9,587.5,622.9,654.9,682.8,685.2,676.1,660.5,647.4,644.6,653.7,669.4,682.5,-5.1,-8.2,-8.1,-4.8,-0.4,2.9,2.2,-0.8,-9.1,-10.0,-9.5,-8.2,-6.2,-4.1,-1.5,-1.5,-3.3,-4.8,-6.1,-7.5,-1.3,0.1,0.2,-1.1,-3.1,-4.6,-4.6,-3.3,5.8,3.1,3.4,6.2,9.9,12.4,12.4,10.0,7.6,9.4,10.8,12.6,15.0,18.1,20.7,20.7,18.7,15.9,13.3,10.8,9.2,10.4,10.4,9.3,7.6,6.3,6.2,7.4,93.1,92.6,88.5,83.6,80.8,81.4,85.2,90.0,101.4,94.7,89.8,85.1,81.3,79.2,77.9,78.5,80.6,84.6,89.5,95.1,89.2,87.0,85.2,84.9,86.3,88.5,90.3,90.6,37.9,34.5,29.9,26.9,27.0,30.1,34.5,38.2,35.9,32.5,28.1,24.4,21.3,18.7,16.6,20.2,23.9,27.4,30.9,34.5,34.6,33.1,31.1,29.6,29.6,31.0,33.0,34.5,103.8,106.9,108.2,107.0,103.9,100.9,99.5,100.8,108.2,106.3,105.1,104.5,104.9,106.0,107.1,103.0,100.4,99.9,101.6,104.3,103.2,102.6,103.2,104.6,106.0,106.6,106.0,104.6,95.3,94.7,92.0,89.0,87.2,87.9,90.5,94.0,95.7,92.5,89.6,88.7,90.1,92.7,96.4,93.5,91.8,91.2,91.7,93.6,93.0,91.6,90.5,90.2,90.9,92.3,93.4,93.7,17.6,109.5,163.5,-0.861,0.801,-0.684,499.7,546.6,623.4,719.9,800.4,849.5,871.6,927.8,971.4,1049.8,1127.2,1213.5,1268.2,1248.2,1193.8,1120.0,1038.9,415.4,430.6,445.4,455.4,450.4,580.2,638.3,695.6,774.0,865.3,585.9,605.9,622.8,639.9,639.7,682.7,714.7,739.1,765.6,566.5,569.6,594.5,623.0,607.6,588.6,711.0,737.6,786.8,839.2,809.9,762.5,765.8,721.2,701.8,720.5,728.2,820.4,910.7,899.6,867.9,852.2,823.5,794.5,768.8,745.4,763.7,769.9,887.4,830.1,816.3,793.0,1308.7,1398.3,1474.7,1521.6,1530.7,1492.5,1418.9,1352.5,1279.7,1221.8,1158.3,1075.5,958.2,822.9,702.0,577.1,454.9,1103.0,1038.7,985.3,934.6,886.8,491.9,402.4,336.1,305.1,308.8,824.0,872.1,921.4,972.8,1067.6,1051.0,1027.1,985.3,946.7,1176.2,1103.9,1034.3,999.8,1069.6,1135.3,696.9,628.2,559.0,526.7,581.1,647.2,1264.9,1170.6,1088.7,1058.5,1019.1,979.3,957.4,1065.2,1146.7,1188.7,1223.6,1260.8,1233.2,1132.9,1096.7,1061.4,980.4,1109.7,1145.1,1181.0,0.00,0.00,0.00,0.00,0.00,0.00,0.00,0.00,0.00,0.00,0.00,0.00,0.00,0.00,0.00,0.00,0.00,0.00,0.00,0.00,0.00,0.00,0.00,0.00,0.00,0.00,0.00,0.00,0.00,0.00,0.00,0.00,0.00,0.00,0.00
82,0,2.700,0.03,0,0.000000,0.000000,0.000000,0.000000,0.000000,0.000000,0.000,0.000,639.4,613.1,626.3,671.2,721.5,752.2,734.6,689.7,578.1,570.2,572.3,581.9,602.7,624.7,648.7,644.3,630.6,616.1,605.7,593.4,684.5,705.7,712.0,699.6,675.8,654.7,648.4,660.8,703.1,676.4,681.4,715.3,758.1,784.8,779.8,747.9,699.1,703.4,717.7,740.1,773.2,801.4,833.8,820.4,799.8,774.8,745.1,721.2,740.7,756.3,758.5,746.1,726.4,710.9,708.6,721.0,1036.1,1017.1,991.1,973.3,974.2,995.4,1019.2,1037.0,1200.4,1157.1,1119.0,1077.2,1036.2,1012.5,1001.0,1033.6,1070.4,1111.2,1145.7,1175.6,1030.0,1021.1,1008.1,998.6,998.1,1007.0,1020.0,1029.5,761.2,723.0,679.4,656.0,666.4,704.5,748.1,773.8,687.2,658.5,625.4,579.3,540.7,519.7,515.1,529.5,553.2,586.8,633.4,671.7,734.5,723.6,703.5,686.1,681.5,692.4,712.5,729.9,-0.1,-2.7,-1.4,3.4,8.8,11.6,9.2,4.7,-6.1,-6.7,-6.4,-5.5,-3.6,-1.5,0.9,0.4,-0.9,-2.2,-3.2,-4.5,4.4,6.6,7.4,6.2,3.8,1.5,0.9,2.1,6.7,3.8,4.2,7.3,11.3,14.1,14.1,11.4,6.0,6.5,7.9,10.2,13.7,16.9,20.7,18.7,16.1,13.3,10.3,8.1,10.4,11.8,11.9,10.6,8.6,7.2,7.1,8.4,64.3,65.4,66.3,66.5,66.1,65.8,64.4,63.8,82.8,76.8,72.0,67.9,65.0,64.1,64.3,65.2,66.8,70.1,74.3,78.4,66.1,66.2,66.6,66.9,67.2,67.1,66.8,66.4,42.7,38.0,32.2,28.7,29.2,33.5,39.2,43.7,33.5,30.4,27.0,22.3,18.6,16.7,16.6,17.6,19.4,22.3,26.8,31.2,38.8,37.0,34.4,32.4,32.2,33.8,36.5,38.6,83.2,87.1,92.0,94.9,94.2,90.6,85.4,82.5,86.2,84.3,83.0,82.8,84.1,86.0,87.8,84.6,82.3,81.7,82.7,84.1,86.4,87.6,89.8,91.7,92.1,90.8,88.6,86.8,93.2,91.7,88.2,84.8,83.5,85.0,88.4,92.3,89.5,89.2,89.0,89.0,89.9,91.7,93.6,90.7,87.9,86.0,85.9,87.6,90.6,89.1,87.6,87.0,87.6,89.1,90.6,91.2,20.7,112.0,164.7,-0.562,0.603,-0.765,549.7,572.8,625.6,706.7,812.7,876.5,875.9,907.4,939.0,1026.0,1124.9,1213.9,1276.2,1241.2,1172.8,1102.9,1036.5,429.3,446.0,470.4,468.3,428.5,586.8,646.8,703.4,788.7,892.6,577.5,596.3,607.9,620.0,620.9,672.8,710.1,736.6,762.2,576.3,578.9,602.3,637.6,615.1,594.1,710.1,733.7,782.5,840.2,809.5,764.6,771.0,723.1,690.9,711.7,726.7,820.5,893.1,882.9,863.7,846.7,817.6,799.9,768.5,740.1,760.2,777.5,879.0,805.4,787.3,766.2,1341.7,1418.9,1488.0,1523.9,1540.2,1511.0,1406.7,1342.7,1286.5,1224.3,1164.8,1068.2,946.5,808.4,698.8,573.0,453.9,1125.7,1064.8,1023.7,978.5,913.9,483.3,389.5,324.0,303.5,311.2,838.2,878.1,920.5,965.4,1062.8,1052.8,1028.7,999.1,974.8,1187.5,1111.7,1043.0,1007.6,1074.7,1132.2,688.4,614.2,545.3,506.6,567.5,634.6,1262.6,1169.3,1096.6,1064.7,1009.9,976.4,958.5,1039.2,1127.5,1184.6,1226.2,1249.6,1232.2,1150.7,1108.9,1065.8,974.8,1085.2,1132.3,1175.6,0.00,0.00,0.00,0.00,0.00,0.00,0.00,0.00,0.00,0.00,0.00,0.00,0.00,0.00,0.00,0.00,0.00,0.00,0.00,0.00,0.00,0.00,0.00,0.00,0.00,0.00,0.00,0.00,0.00,0.00,0.00,0.00,0.00,0.00,0.00
83,0,2.733,0.03,0,0.000000,0.000000,0.000000,0.000000,0.000000,0.000000,0.000,0.000,605.6,581.9,591.5,628.8,672.0,700.5,686.2,648.8,579.7,573.5,576.1,584.7,601.3,619.3,636.6,633.9,621.7,609.9,601.8,592.0,646.1,662.9,667.1,656.4,637.0,620.3,616.0,626.7,688.1,666.2,673.7,706.3,744.8,766.8,759.2,729.0,711.3,708.6,715.5,736.5,765.0,799.7,835.9,823.6,799.5,771.5,747.0,727.9,727.1,743.5,747.1,735.8,716.2,699.8,696.2,707.5,1059.4,1044.2,1014.0,986.5,977.9,993.7,1023.3,1050.8,1183.5,1145.7,1111.1,1073.2,1034.7,1010.4,996.2,1025.3,1059.4,1097.6,1130.7,1160.4,1040.2,1027.8,1014.0,1007.0,1010.9,1023.3,1037.1,1044.1,709.3,671.4,620.5,586.4,589.1,627.0,677.9,716.1,674.1,644.8,605.8,561.6,532.0,516.8,516.5,525.1,544.3,570.0,609.8,648.6,679.5,662.7,637.7,619.2,618.0,634.8,659.7,678.3,-3.6,-6.3,-5.5,-1.3,3.6,6.6,4.8,0.9,-6.5,-7.0,-6.6,-5.7,-4.0,-2.2,-0.4,-0.6,-1.9,-3.1,-3.9,-5.0,0.6,2.5,3.0,1.8,-0.3,-2.2,-2.6,-1.4,4.9,2.7,3.5,6.6,10.1,12.0,11.3,8.7,7.2,6.9,7.6,9.7,12.8,16.9,21.2,19.4,16.4,13.2,10.6,8.8,8.6,10.1,10.5,9.5,7.7,6.1,5.7,6.8,73.0,74.6,74.4,72.5,70.3,69.2,69.2,70.7,88.3,82.5,77.6,73.5,70.5,69.4,69.3,69.9,71.6,74.9,79.1,83.7,72.5,71.8,71.7,72.3,73.3,74.1,74.3,73.6,35.4,32.1,26.7,22.6,22.1,25.2,30.3,35.0,31.7,28.5,24.6,20.3,17.6,16.6,16.9,17.4,18.9,21.1,24.8,28.7,31.7,29.7,27.2,25.6,25.9,27.9,30.5,32.1,91.3,95.4,99.6,101.3,99.5,95.6,91.2,89.5,93.8,91.9,90.4,90.2,91.5,93.4,95.3,92.0,89.6,88.8,89.8,91.5,93.3,94.0,95.9,97.7,98.5,97.8,96.0,94.1,88.6,90.3,89.8,87.3,84.4,82.7,83.3,85.9,88.4,87.7,87.5,88.1,89.6,92.4,94.5,92.3,89.9,87.9,87.0,87.2,86.8,85.7,85.6,86.5,87.8,88.9,89.1,88.2,17.1,107.1,160.6,-0.947,0.881,-0.644,518.8,562.2,639.6,734.5,805.2,841.7,857.5,913.5,953.0,1035.9,1122.5,1214.7,1269.5,1248.6,1192.2,1116.5,1039.2,434.8,443.8,460.1,472.6,468.7,589.6,643.3,699.4,773.4,862.3,572.0,591.4,605.7,620.2,633.9,673.4,705.4,732.2,763.7,579.6,581.5,603.8,630.9,617.9,602.4,704.4,724.3,772.7,824.6,796.0,750.8,779.2,720.4,701.4,718.8,723.3,817.0,904.9,890.9,858.7,843.5,817.3,794.3,776.1,750.9,767.5,770.8,880.0,812.0,799.7,777.4,1330.5,1415.8,1484.8,1521.0,1523.2,1487.9,1426.7,1366.2,1284.2,1220.9,1151.0,1067.4,948.5,817.9,698.7,574.1,453.4,1120.8,1055.8,1002.6,952.5,904.8,500.7,403.1,333.3,299.0,300.1,820.4,872.0,924.8,979.2,1077.2,1058.5,1032.7,987.9,946.3,1182.1,1104.6,1030.0,995.0,1066.3,1137.2,674.3,602.6,529.8,500.3,553.4,621.7,1278.7,1181.4,1098.4,1065.5,1021.7,975.3,950.8,1052.9,1138.7,1184.6,1223.3,1262.4,1240.6,1147.6,1107.6,1067.7,976.4,1098.0,1137.3,1174.9,0.00,0.00,0.00,0.00,0.00,0.00,0.00,0.00,0.00,0.00,0.00,0.00,0.00,0.00,0.00,0.00,0.00,0.00,0.00,0.00,0.00,0.00,0.00,0.00,0.00,0.00,0.00,0.00,0.00,0.00,0.00,0.00,0.00,0.00,0.00
84,0,2.767,0.03,0,0.000000,0.000000,0.000000,0.000000,0.000000,0.000000,0.000,0.000,626.0,600.0,612.9,657.2,706.8,737.8,719.9,675.6,590.1,581.4,582.1,589.1,605.8,625.0,645.2,641.9,630.1,618.7,611.6,602.4,672.4,692.5,698.3,686.5,663.8,643.7,637.9,649.8,700.5,677.2,685.9,721.5,763.1,786.5,777.8,744.0,701.9,705.0,712.6,730.6,759.9,793.9,833.5,821.0,796.5,770.1,746.9,726.8,739.8,755.6,759.4,749.0,730.5,714.8,711.0,721.4,1051.1,1036.7,1009.2,984.7,977.6,993.4,1019.4,1043.9,1214.2,1173.3,1135.5,1093.7,1050.7,1023.9,1009.0,1040.8,1078.1,1120.1,1156.5,1188.7,1037.2,1025.7,1012.8,1006.0,1009.2,1020.6,1033.6,1040.4,760.1,721.9,674.6,646.0,652.7,690.9,738.2,769.7,687.3,655.6,616.6,568.3,534.7,516.4,513.0,526.3,548.1,574.9,616.7,660.0,729.0,716.3,695.4,678.5,675.5,688.2,709.1,726.0,-1.3,-4.0,-2.8,1.8,7.1,9.9,7.6,3.3,-4.8,-5.5,-5.4,-4.7,-3.2,-1.4,0.5,0.2,-0.9,-2.0,-2.6,-3.5,3.2,5.2,5.9,4.8,2.5,0.4,-0.2,1.0,6.2,3.8,4.5,7.8,11.5,13.7,13.3,10.4,6.2,6.4,7.0,8.8,12.1,16.2,21.4,19.1,16.0,12.9,10.4,8.5,9.9,11.3,11.5,10.5,8.8,7.4,7.1,8.2,65.1,67.1,67.9,67.1,65.4,64.2,63.0,63.5,82.6,76.9,72.1,68.1,65.3,64.3,64.2,64.9,66.5,69.7,73.9,78.2,65.9,65.6,65.9,66.7,67.4,67.8,67.5,66.7,40.7,36.7,31.1,27.3,27.3,30.9,36.4,41.0,32.8,29.0,24.8,20.3,17.6,16.4,16.9,17.6,19.2,21.4,25.1,29.4,36.7,34.9,32.4,30.8,30.8,32.5,35.0,36.7,82.4,86.7,91.5,94.0,92.7,88.6,83.7,81.2,84.6,82.7,81.4,81.3,82.7,84.7,86.6,83.4,81.0,80.2,81.2,82.6,85.1,86.2,88.4,90.3,90.9,89.8,87.7,85.8,89.1,88.8,86.4,83.4,81.5,81.8,84.2,87.6,87.6,85.9,84.6,85.2,88.0,91.9,96.8,92.5,89.4,87.1,85.5,85.8,87.0,85.7,84.6,84.5,85.3,86.6,87.7,87.8,17.8,108.0,160.6,-1.099,0.954,-0.560,554.0,596.8,669.5,756.9,810.6,831.7,836.6,889.1,925.0,1010.5,1101.4,1196.6,1249.6,1226.5,1173.1,1100.0,1028.6,454.6,464.0,475.2,482.8,478.2,607.2,671.5,735.0,811.4,897.1,587.9,597.2,602.1,607.4,634.7,669.7,701.8,728.6,762.6,591.4,591.1,612.0,642.8,626.1,611.3,715.9,736.9,785.8,840.2,806.8,760.9,766.1,706.4,689.3,707.7,713.6,808.1,890.8,871.6,838.5,818.8,792.7,771.3,758.4,741.9,759.0,766.2,863.7,792.0,776.8,753.9,1351.9,1432.0,1495.0,1523.8,1514.5,1470.9,1408.2,1351.2,1268.0,1205.2,1137.2,1055.4,938.9,808.6,690.2,567.6,456.1,1137.0,1080.2,1030.9,985.1,940.0,514.9,420.9,354.1,326.1,332.1,841.2,886.7,933.2,981.1,1084.6,1064.0,1038.1,994.9,955.8,1200.4,1125.3,1048.6,1012.9,1084.2,1157.9,695.9,625.1,552.2,524.3,575.3,643.5,1275.2,1179.4,1101.5,1064.2,1014.7,969.0,947.5,1031.4,1114.7,1164.0,1207.1,1245.1,1233.6,1152.6,1107.7,1062.6,969.4,1075.7,1119.2,1160.7,0.00,0.00,0.00,0.00,0.00,0.00,0.00,0.00,0.00,0.00,0.00,0.00,0.00,0.00,0.00,0.00,0.00,0.00,0.00,0.00,0.00,0.00,0.00,0.00,0.00,0.00,0.00,0.00,0.00,0.00,0.00,0.00,0.00,0.00,0.00
85,0,2.800,0.03,0,0.000000,0.000000,0.000000,0.000000,0.000000,0.000000,0.000,0.000,635.7,598.0,588.5,612.9,656.8,699.8,704.0,679.6,619.2,607.2,606.0,610.1,618.1,630.8,648.3,649.4,639.7,631.9,629.8,626.5,667.1,677.4,673.4,657.2,638.5,628.2,632.3,648.4,740.3,710.2,710.8,741.9,785.2,815.3,814.7,785.2,708.0,709.8,718.9,732.0,759.9,784.3,815.3,801.2,783.1,766.0,747.0,730.1,771.8,785.1,785.5,772.6,754.0,740.6,740.3,753.2,1215.6,1192.7,1140.7,1089.9,1070.2,1090.5,1145.2,1196.0,1269.3,1228.1,1189.1,1146.9,1100.1,1063.9,1040.4,1073.7,1116.2,1164.4,1205.2,1241.8,1167.4,1145.8,1123.6,1113.9,1122.3,1144.0,1166.1,1175.9,786.2,763.6,734.1,715.0,717.4,740.0,769.5,788.8,735.9,711.3,684.7,633.8,579.3,546.0,517.8,554.8,587.8,626.4,677.4,715.7,759.6,751.5,738.9,729.2,728.1,736.2,748.8,758.5,-0.4,-4.2,-5.2,-2.7,1.6,5.6,5.8,3.6,-2.0,-3.1,-3.2,-2.8,-2.1,-0.9,0.8,0.9,-0.0,-0.7,-0.9,-1.3,2.6,3.5,3.2,1.7,-0.1,-1.2,-0.8,0.8,11.1,7.5,7.2,10.0,14.3,17.8,18.7,16.2,7.0,7.1,7.8,9.0,11.9,14.6,18.5,16.3,14.0,12.2,10.4,9.0,14.2,15.4,15.1,13.6,11.7,10.5,10.7,12.2,81.4,82.7,79.4,73.6,69.2,68.2,71.3,76.6,88.8,83.1,78.0,73.9,70.3,68.2,67.1,67.8,69.9,73.6,78.7,84.1,76.8,74.5,73.1,73.5,75.5,77.9,79.3,78.8,47.2,43.3,38.2,34.9,35.1,38.6,43.7,47.7,38.9,35.6,32.2,26.7,21.7,18.8,16.7,19.6,22.4,25.7,30.8,35.6,43.1,41.6,39.4,37.8,37.7,39.2,41.4,43.0,83.3,86.9,89.0,88.3,85.2,81.6,79.5,80.2,85.5,83.8,82.3,82.1,83.1,84.7,86.2,83.2,80.8,80.1,81.5,83.4,83.2,82.9,83.8,85.4,86.7,86.9,86.1,84.5,96.9,93.9,89.4,86.1,85.9,88.9,93.4,97.3,90.6,88.6,86.7,85.5,86.6,88.5,92.4,88.2,85.9,84.6,84.8,87.6,94.3,92.9,90.9,89.6,89.7,91.1,93.1,94.4,24.1,110.4,150.7,-0.385,0.274,-0.775,601.3,636.4,695.5,773.1,849.4,890.3,889.0,870.4,931.5,1001.8,1120.6,1200.0,1254.8,1247.6,1202.2,1138.0,1067.3,466.3,522.4,537.1,504.5,434.4,552.0,635.3,688.8,790.0,911.8,581.6,595.0,600.1,606.1,627.9,658.9,684.7,716.5,751.7,579.6,617.1,633.9,670.1,631.5,610.6,703.7,735.1,763.0,816.0,785.9,755.7,751.8,703.3,681.6,701.8,715.3,795.3,898.2,838.6,819.1,796.9,777.5,758.8,750.5,711.9,729.9,759.7,892.7,768.4,740.5,727.0,1374.9,1466.3,1552.7,1591.6,1602.4,1578.9,1457.6,1375.0,1307.5,1207.7,1149.3,1033.7,913.9,798.1,714.2,587.6,441.2,1228.1,1129.9,1081.2,1003.2,908.5,484.6,386.5,317.7,299.8,308.1,856.9,894.2,931.8,971.0,1118.9,1087.6,1031.6,984.8,949.5,1261.5,1179.9,1105.8,1048.2,1112.0,1181.9,752.3,661.0,589.8,511.8,589.0,671.1,1287.6,1188.8,1112.4,1086.1,1014.5,986.8,961.2,1026.8,1097.2,1164.5,1205.9,1248.2,1265.8,1153.1,1118.8,1066.2,971.8,1062.3,1119.4,1163.4,0.00,0.00,0.00,0.00,0.00,0.00,0.00,0.00,0.00,0.00,0.00,0.00,0.00,0.00,0.00,0.00,0.00,0.00,0.00,0.00,0.00,0.00,0.00,0.00,0.00,0.00,0.00,0.00,0.00,0.00,0.00,0.00,0.00,0.00,0.00
86,0,2.833,0.03,0,0.000000,0.000000,0.000000,0.000000,0.000000,0.000000,0.000,0.000,600.9,571.7,561.5,576.2,607.2,640.5,646.6,631.9,572.8,566.1,571.3,581.0,595.7,610.0,624.0,624.8,611.2,599.8,590.1,581.3,622.2,629.2,624.7,611.2,596.6,589.5,594.1,607.6,689.5,670.1,679.7,712.5,749.3,768.7,759.1,726.4,704.0,721.7,739.2,755.7,776.5,793.2,794.9,808.7,801.1,779.7,756.8,731.3,720.3,732.7,736.6,729.8,716.2,703.8,699.8,706.7,1213.8,1188.7,1146.7,1112.3,1105.7,1128.3,1172.8,1207.2,1214.0,1175.7,1143.5,1107.8,1074.3,1049.7,1030.9,1059.5,1094.4,1132.1,1163.1,1190.8,1180.6,1164.5,1144.9,1133.2,1136.3,1152.4,1172.0,1183.7,715.2,683.9,645.9,623.6,630.0,661.3,699.3,725.0,732.3,698.5,658.7,615.6,581.2,562.9,557.4,581.1,608.2,641.6,676.0,712.0,689.0,680.7,666.8,655.3,653.1,661.4,675.3,686.8,-5.0,-9.0,-10.3,-8.2,-4.1,0.1,0.8,-1.0,-8.8,-9.5,-8.7,-7.4,-5.6,-3.8,-2.1,-1.9,-3.5,-4.9,-6.2,-7.5,-2.3,-1.3,-1.9,-3.6,-5.6,-6.6,-6.0,-4.2,4.9,2.9,3.8,7.0,10.6,12.7,11.9,8.6,6.4,8.1,9.7,11.5,14.3,16.8,17.8,18.3,16.7,14.0,11.5,9.0,8.0,9.2,9.5,8.8,7.5,6.2,5.9,6.6,110.0,109.1,103.4,96.7,92.8,93.4,99.0,105.7,112.3,104.8,99.2,94.0,90.1,88.1,86.9,87.5,89.7,94.0,99.3,105.4,103.8,100.7,98.3,97.8,99.7,102.8,105.4,105.8,35.0,31.4,27.5,25.3,26.2,29.7,33.8,36.4,37.1,33.4,29.2,25.4,23.1,22.2,22.7,24.0,25.8,28.3,31.1,34.7,32.7,31.8,30.3,29.0,28.7,29.5,31.0,32.4,112.7,115.2,115.1,112.5,108.9,106.4,106.6,109.1,115.1,112.4,110.8,110.0,110.3,111.8,113.4,109.4,106.9,106.6,108.2,111.0,110.7,109.5,109.5,110.7,112.4,113.5,113.5,112.4,86.1,84.9,84.0,84.1,85.0,86.2,87.1,87.4,87.2,86.4,85.6,86.9,91.4,95.9,100.8,95.1,90.8,87.9,86.1,86.3,87.0,86.9,86.4,85.9,85.6,85.7,86.2,86.7,21.4,121.3,175.2,-0.838,0.806,-0.723,556.8,600.1,664.5,740.0,807.1,839.3,845.3,896.3,943.7,1029.5,1104.8,1190.6,1240.2,1209.0,1149.0,1081.8,1004.4,462.8,466.8,480.3,491.3,490.9,610.9,651.7,701.1,776.3,863.2,608.4,624.3,640.5,656.8,644.8,692.5,724.3,744.1,762.6,576.8,585.0,607.1,632.4,615.4,599.0,728.5,751.7,793.1,834.5,812.9,774.5,750.0,722.7,701.7,723.6,741.3,832.5,919.4,903.9,863.4,838.1,804.9,780.8,757.3,734.6,760.5,775.8,896.3,836.9,814.2,787.7,1365.6,1448.6,1523.0,1564.8,1563.7,1502.6,1403.2,1333.4,1267.4,1203.8,1129.5,1039.2,920.3,786.2,679.8,571.2,464.5,1174.4,1108.8,1043.3,988.0,936.3,546.2,449.8,378.2,349.4,365.7,860.3,895.6,934.0,974.6,1073.5,1055.0,1031.0,993.5,960.3,1204.7,1139.4,1077.3,1043.5,1105.7,1160.2,726.6,665.4,600.0,565.2,617.6,678.7,1259.3,1167.7,1091.8,1061.1,1019.1,969.8,937.7,1036.9,1119.1,1163.2,1199.7,1238.8,1231.4,1130.8,1093.9,1056.6,955.4,1092.2,1131.4,1170.6,0.00,0.00,0.00,0.00,0.00,0.00,0.00,0.00,0.00,0.00,0.00,0.00,0.00,0.00,0.00,0.00,0.00,0.00,0.00,0.00,0.00,0.00,0.00,0.00,0.00,0.00,0.00,0.00,0.00,0.00,0.00,0.00,0.00,0.00,0.00
87,0,2.867,0.03,0,0.000000,0.000000,0.000000,0.000000,0.000000,0.000000,0.000,0.000,618.6,592.2,600.2,637.9,683.3,714.3,701.7,664.0,587.9,583.3,586.4,594.8,611.0,627.8,643.3,640.3,629.7,618.5,610.4,600.4,658.8,676.3,680.0,667.7,646.7,629.3,625.6,637.8,684.7,662.0,669.3,702.5,742.0,764.7,757.4,725.4,719.8,733.3,746.1,762.1,781.3,803.5,814.7,829.7,819.5,796.0,773.9,749.3,719.3,733.2,736.4,726.9,710.3,696.3,693.2,702.7,1068.8,1056.9,1031.1,1006.5,997.4,1010.4,1035.1,1059.8,1215.0,1177.5,1141.9,1103.6,1064.5,1040.7,1027.2,1056.4,1090.4,1128.2,1161.6,1191.5,1054.0,1042.4,1029.9,1024.1,1028.1,1039.8,1052.2,1058.1,705.7,683.1,655.4,638.8,643.1,665.7,693.4,710.6,693.7,672.5,640.5,604.7,566.3,529.3,502.7,548.1,592.4,630.4,659.7,685.5,683.7,676.9,665.4,656.0,654.2,661.0,672.4,681.8,-2.2,-5.1,-4.5,-0.2,4.9,8.1,6.4,2.4,-5.4,-5.8,-5.4,-4.5,-3.0,-1.3,0.4,0.0,-1.0,-2.1,-3.0,-4.0,2.0,3.9,4.4,3.1,0.8,-1.2,-1.6,-0.2,4.7,2.3,2.9,6.1,9.8,12.3,11.9,9.0,8.6,9.6,10.5,11.9,14.0,16.9,18.9,20.1,18.8,16.2,14.0,11.6,8.2,9.5,9.7,8.6,7.0,5.7,5.4,6.5,72.4,74.5,75.4,74.6,72.7,71.3,70.1,70.6,89.3,83.4,78.4,74.4,71.7,70.9,71.1,71.8,73.3,76.4,80.6,84.9,73.1,72.8,73.1,73.9,74.8,75.2,74.9,74.0,36.3,33.3,29.5,27.0,27.3,30.1,33.9,36.8,35.8,32.2,27.6,23.8,20.5,17.5,15.5,19.9,24.3,28.1,31.3,34.5,33.4,32.3,30.7,29.5,29.4,30.4,32.0,33.3,89.4,93.6,98.4,100.9,99.8,95.9,90.9,88.3,91.4,89.2,87.8,87.6,89.0,91.2,93.2,90.2,87.9,87.1,87.9,89.3,92.2,93.3,95.5,97.4,98.0,96.8,94.7,92.8,92.0,90.3,87.3,84.9,84.3,86.1,89.0,91.9,93.9,90.0,86.2,85.0,86.9,90.5,94.8,92.8,91.5,91.0,91.3,92.7,90.2,89.1,87.8,87.1,87.4,88.4,89.7,90.4,24.6,114.3,160.3,-0.375,0.314,-0.781,574.9,607.9,657.8,729.5,814.1,866.3,874.0,880.6,939.0,1006.2,1113.6,1195.7,1247.0,1232.8,1175.3,1104.5,1034.2,447.3,466.2,495.1,502.6,476.9,588.3,632.3,673.4,766.2,885.1,600.1,618.9,630.9,643.3,641.2,681.2,710.5,739.0,769.6,559.9,591.8,615.8,650.8,621.3,593.3,724.9,747.0,777.8,829.4,808.7,776.6,756.3,723.6,711.0,727.0,737.3,816.3,913.4,877.1,855.2,836.5,818.0,788.0,760.0,735.9,751.0,772.9,906.4,814.9,792.0,778.7,1377.6,1461.7,1536.8,1568.1,1574.1,1541.7,1422.9,1343.9,1287.1,1199.6,1143.3,1033.7,913.4,794.5,702.8,580.2,442.4,1193.9,1102.9,1046.5,976.1,903.1,526.7,418.5,334.7,299.6,310.1,854.5,894.7,936.3,980.4,1093.9,1073.3,1029.7,985.6,950.9,1215.9,1136.9,1069.7,1026.3,1086.6,1145.5,724.2,640.8,569.3,510.2,578.2,654.8,1254.6,1160.3,1091.5,1070.0,1016.1,985.1,956.8,1046.7,1122.9,1174.7,1208.4,1237.5,1232.3,1131.2,1101.7,1063.7,971.6,1097.5,1140.2,1176.5,0.00,0.00,0.00,0.00,0.00,0.00,0.00,0.00,0.00,0.00,0.00,0.00,0.00,0.00,0.00,0.00,0.00,0.00,0.00,0.00,0.00,0.00,0.00,0.00,0.00,0.00,0.00,0.00,0.00,0.00,0.00,0.00,0.00,0.00,0.00
88,0,2.900,0.03,0,0.000000,0.000000,0.000000,0.000000,0.000000,0.000000,0.000,0.000,586.0,560.5,557.2,577.9,610.7,640.4,639.5,618.7,561.6,557.5,564.1,575.1,591.4,606.7,621.6,622.0,608.2,595.7,584.3,573.2,612.5,622.4,620.9,609.1,593.7,583.8,585.2,597.1,714.3,697.9,712.1,748.5,785.9,802.3,788.1,751.0,715.7,723.0,739.6,764.6,791.0,815.2,831.5,825.4,810.9,786.8,761.8,738.0,748.7,767.7,775.1,766.6,747.2,728.3,720.9,729.4,1167.9,1143.1,1102.8,1070.8,1065.7,1088.9,1130.8,1162.9,1189.1,1151.5,1120.8,1086.2,1054.0,1031.2,1014.3,1042.5,1075.4,1111.3,1140.5,1166.7,1139.0,1124.0,1105.2,1093.5,1095.9,1110.9,1129.7,1141.4,654.7,626.5,592.6,572.9,578.9,607.1,641.0,662.4,685.8,665.1,640.4,612.9,582.5,551.2,527.5,568.4,606.7,639.4,659.5,674.4,635.6,625.4,607.7,592.9,589.7,599.9,617.6,632.4,-6.9,-10.4,-10.9,-8.0,-3.7,0.1,-0.1,-2.6,-10.2,-10.5,-9.6,-8.1,-6.1,-4.2,-2.4,-2.2,-3.9,-5.4,-6.9,-8.4,-3.5,-2.2,-2.4,-3.9,-6.0,-7.3,-7.1,-5.5,8.2,6.2,7.5,11.4,15.6,17.9,16.7,12.6,8.7,9.2,10.6,13.1,16.0,19.1,21.4,20.6,18.8,16.2,13.6,11.1,12.1,14.3,14.9,13.8,11.5,9.5,8.8,9.9,102.8,102.1,97.5,92.0,88.8,89.5,93.9,99.3,108.3,101.1,95.9,90.9,87.2,85.6,84.7,85.3,87.2,91.2,96.1,101.8,98.2,95.6,93.6,93.2,94.7,97.3,99.4,99.8,32.6,28.5,24.3,22.3,23.4,27.3,31.7,34.3,37.6,33.7,29.9,26.5,23.6,20.8,18.8,23.1,27.2,30.9,33.5,35.7,30.8,29.6,27.3,25.3,24.7,25.8,28.0,30.1,111.3,114.1,114.9,113.2,110.1,107.4,106.6,108.2,114.3,111.8,110.3,109.5,110.0,111.6,113.3,109.3,106.7,106.2,107.8,110.4,110.3,109.5,109.9,111.2,112.6,113.4,113.0,111.7,96.7,93.7,91.6,91.5,93.6,96.6,98.8,99.3,100.9,96.7,93.3,91.7,92.6,95.2,98.0,97.1,96.5,96.7,97.7,99.3,97.7,97.7,96.6,95.1,94.0,94.0,95.1,96.6,19.7,113.9,168.4,-0.839,0.758,-0.737,505.9,552.9,625.2,719.1,801.9,853.3,883.3,945.7,992.5,1065.0,1132.3,1219.5,1271.9,1250.8,1192.0,1116.2,1034.1,421.4,422.7,436.4,463.2,482.7,591.5,624.9,669.0,746.1,835.3,593.1,617.9,642.4,666.0,648.4,698.5,733.7,757.9,780.3,561.9,570.4,596.2,619.8,606.0,586.1,715.2,739.4,786.2,830.5,807.3,762.3,771.7,731.0,715.1,736.2,746.2,836.2,939.5,924.5,885.2,866.7,837.1,806.9,779.9,750.2,770.9,778.4,914.4,855.7,839.3,814.8,1347.1,1426.2,1495.7,1541.5,1551.7,1506.5,1428.0,1352.4,1273.9,1204.5,1127.4,1040.7,926.1,798.0,685.7,571.8,456.9,1147.0,1077.4,1007.2,948.5,904.2,545.9,444.6,367.0,322.9,321.1,839.6,881.0,924.4,970.3,1067.2,1049.6,1023.4,977.4,933.6,1188.3,1117.9,1052.8,1015.7,1082.3,1142.0,700.5,639.6,574.3,540.2,591.7,653.0,1258.8,1159.4,1075.5,1046.5,1009.0,960.9,933.6,1044.5,1126.9,1167.2,1201.5,1246.1,1225.4,1115.4,1080.2,1045.8,955.9,1099.3,1134.1,1170.1,0.00,0.00,0.00,0.00,0.00,0.00,0.00,0.00,0.00,0.00,0.00,0.00,0.00,0.00,0.00,0.00,0.00,0.00,0.00,0.00,0.00,0.00,0.00,0.00,0.00,0.00,0.00,0.00,0.00,0.00,0.00,0.00,0.00,0.00,0.00
89,0,2.933,0.03,0,0.000000,0.000000,0.000000,0.000000,0.000000,0.000000,0.000,0.000,605.8,580.1,582.1,610.6,648.9,679.5,672.7,644.1,579.4,572.0,576.6,586.6,603.2,620.8,640.4,641.7,627.3,614.6,604.2,592.8,639.8,652.5,653.4,641.9,624.8,612.1,611.1,622.6,696.0,673.7,678.6,707.9,744.4,766.7,761.7,734.5,730.5,738.2,747.0,764.6,787.1,810.4,832.3,834.5,820.8,800.2,778.5,756.5,730.4,745.0,747.2,735.9,717.6,703.0,700.8,712.1,1164.3,1137.7,1094.5,1059.9,1054.2,1079.6,1124.0,1158.6,1212.8,1171.8,1138.6,1101.3,1064.5,1038.1,1019.8,1051.2,1088.2,1128.4,1160.8,1189.6,1133.8,1118.4,1099.0,1087.1,1089.7,1105.1,1124.5,1136.4,709.3,677.6,639.6,617.7,624.7,656.4,694.3,718.4,685.4,667.4,636.3,596.6,562.0,535.1,520.4,543.8,573.2,604.0,639.5,671.4,687.8,676.7,657.8,642.2,639.1,650.2,669.1,684.7,-3.8,-6.9,-6.7,-3.4,1.0,4.3,3.5,0.4,-7.0,-7.7,-7.0,-5.9,-4.1,-2.2,0.0,0.2,-1.4,-2.7,-3.9,-5.2,-0.0,1.4,1.5,0.2,-1.7,-3.2,-3.3,-1.9,6.2,3.7,4.2,7.1,10.7,13.0,12.8,10.3,10.0,10.6,11.3,13.0,15.6,18.6,21.7,21.4,19.6,17.1,14.8,12.6,9.8,11.2,11.3,10.1,8.3,6.8,6.7,7.9,89.1,89.0,85.5,80.8,77.8,78.0,81.3,85.8,98.0,91.4,86.5,81.9,78.3,76.5,75.5,75.9,77.8,81.6,86.5,92.0,85.5,83.4,81.9,81.8,83.2,85.3,86.8,86.9,38.9,35.3,30.4,27.1,27.2,30.4,35.2,39.1,35.9,33.1,29.1,24.7,21.4,19.1,18.1,20.3,23.1,26.1,29.8,33.7,35.6,33.9,31.5,29.9,29.8,31.5,33.9,35.6,96.9,100.2,101.9,101.0,98.1,94.9,93.2,94.0,100.5,98.6,97.2,96.7,97.3,98.7,100.1,96.1,93.5,92.9,94.5,97.0,96.6,96.2,97.0,98.5,99.8,100.2,99.4,97.9,97.3,97.3,95.1,92.0,89.8,89.8,92.0,95.5,96.6,94.3,92.1,91.4,92.6,95.4,99.0,96.5,94.7,93.5,93.4,94.8,95.0,93.6,92.6,92.6,93.6,95.0,96.0,96.0,23.1,112.3,162.4,-0.466,0.496,-0.794,546.0,570.7,620.2,699.2,812.7,885.9,896.2,926.6,967.3,1047.4,1142.0,1229.5,1287.0,1251.6,1181.0,1111.0,1048.8,428.8,434.0,459.2,471.3,448.0,583.9,632.1,682.3,775.3,888.5,589.7,612.4,628.9,645.8,628.8,684.8,722.4,752.1,779.9,567.2,581.5,605.6,633.9,614.2,590.5,726.6,753.3,796.3,846.5,820.9,781.1,775.0,731.5,705.4,726.2,740.6,834.2,925.4,899.7,872.3,854.3,827.9,807.9,777.5,746.1,766.0,784.5,910.5,823.0,803.0,784.0,1359.4,1438.5,1510.6,1546.6,1564.5,1532.5,1419.4,1341.2,1278.0,1203.7,1143.8,1047.0,929.6,798.3,696.3,575.9,455.5,1160.9,1084.9,1028.3,972.2,907.4,509.2,404.5,327.3,300.1,315.8,848.1,885.8,926.1,969.2,1070.6,1057.1,1025.8,988.4,957.0,1205.4,1133.5,1068.7,1026.9,1091.1,1143.9,699.0,629.3,562.3,515.5,576.4,643.3,1257.4,1157.1,1084.7,1056.6,1006.3,971.6,952.0,1034.3,1116.2,1168.7,1207.3,1238.3,1228.4,1132.8,1095.3,1057.4,967.7,1084.9,1127.9,1169.3,0.00,0.00,0.00,0.00,0.00,0.00,0.00,0.00,0.00,0.00,0.00,0.00,0.00,0.00,0.00,0.00,0.00,0.00,0.00,0.00,0.00,0.00,0.00,0.00,0.00,0.00,0.00,0.00,0.00,0.00,0.00,0.00,0.00,0.00,0.00
90,0,2.967,0.03,0,0.000000,0.000000,0.000000,0.000000,0.000000,0.000000,0.000,0.000,608.6,582.0,587.5,621.9,665.0,696.3,686.0,651.6,570.0,563.2,567.2,577.2,594.9,612.9,633.8,634.8,621.1,607.7,596.4,584.2,646.5,661.8,664.3,652.5,633.2,617.9,615.4,627.2,723.5,696.3,706.6,748.4,797.2,824.3,814.0,773.6,727.6,733.2,746.2,767.5,787.0,808.4,832.9,837.9,828.6,810.3,785.8,758.5,769.7,792.5,797.5,781.9,754.7,732.0,726.9,742.6,1123.8,1098.4,1059.1,1028.9,1025.4,1050.5,1090.1,1120.3,1202.0,1160.5,1127.1,1089.9,1053.1,1027.5,1010.6,1042.3,1078.7,1118.3,1150.1,1178.5,1099.4,1085.8,1068.2,1056.8,1058.4,1071.9,1089.5,1100.9,696.9,655.9,608.4,582.3,592.8,633.8,681.3,710.4,688.2,667.6,634.5,596.2,563.3,530.1,507.7,534.4,570.7,608.8,647.1,677.2,675.8,660.9,634.6,612.3,607.1,622.0,648.3,670.6,-3.4,-6.5,-6.0,-2.1,2.8,6.2,4.9,1.2,-8.0,-8.6,-8.0,-6.9,-5.0,-3.0,-0.7,-0.6,-2.0,-3.4,-4.7,-6.2,0.7,2.4,2.7,1.4,-0.8,-2.5,-2.8,-1.4,8.5,5.7,6.5,10.4,14.9,17.7,17.1,13.5,9.0,9.3,10.4,12.3,14.1,16.5,19.4,19.7,18.5,16.6,14.4,11.9,13.0,15.1,15.5,13.9,11.3,9.1,8.7,10.3,83.0,83.0,80.6,77.5,75.6,76.1,78.1,81.0,95.9,89.3,84.4,80.0,76.5,74.8,74.1,74.8,76.6,80.4,85.1,90.2,81.3,79.9,78.9,78.8,79.7,81.0,82.1,82.2,34.2,29.7,24.4,21.4,22.1,26.3,31.6,35.4,33.7,30.8,26.8,22.7,19.5,16.7,14.8,17.3,20.7,24.2,28.3,31.9,31.7,29.9,27.0,24.6,24.2,26.0,28.9,31.3,95.1,98.3,100.9,101.4,99.4,96.4,93.6,93.2,99.6,97.6,96.3,95.9,96.5,98.1,99.6,95.9,93.3,92.8,94.2,96.4,96.2,96.4,97.5,98.9,99.8,99.6,98.5,97.0,88.7,88.0,86.0,84.1,83.2,84.0,86.0,88.3,89.8,87.5,85.5,84.2,84.1,85.8,87.8,86.9,85.8,85.2,86.2,88.1,87.9,86.9,85.9,85.5,85.8,86.8,87.8,88.2,18.6,109.3,163.2,-0.923,0.817,-0.681,508.0,554.2,625.5,717.3,802.9,854.2,881.9,940.4,987.2,1071.4,1147.1,1230.5,1277.7,1248.5,1190.8,1118.3,1041.8,423.6,429.0,439.5,453.8,457.3,585.9,636.8,690.1,766.0,852.8,593.3,613.9,631.5,649.4,644.4,691.4,726.2,752.9,782.4,570.8,573.8,600.0,628.5,617.6,597.7,720.7,744.4,794.8,847.6,821.5,773.1,773.2,726.9,709.7,729.4,735.3,826.8,922.2,902.5,865.0,849.2,821.8,792.6,777.9,751.6,769.8,774.1,893.1,834.0,819.8,796.6,1342.4,1427.6,1497.2,1539.3,1549.4,1511.6,1433.9,1352.0,1262.4,1195.2,1128.3,1047.1,936.9,809.9,696.0,575.9,457.3,1144.2,1075.9,1011.1,952.4,901.0,499.5,406.0,336.7,304.7,313.7,829.8,877.3,925.9,976.7,1073.0,1054.0,1027.2,982.8,941.7,1197.0,1122.3,1049.1,1013.3,1085.7,1155.4,695.2,624.2,552.5,521.7,574.5,642.9,1264.9,1164.4,1081.4,1051.5,1013.7,971.0,947.7,1046.8,1123.3,1163.4,1198.4,1244.0,1230.4,1122.0,1086.3,1051.9,969.9,1096.5,1130.0,1165.6,0.00,0.00,0.00,0.00,0.00,0.00,0.00,0.00,0.00,0.00,0.00,0.00,0.00,0.00,0.00,0.00,0.00,0.00,0.00,0.00,0.00,0.00,0.00,0.00,0.00,0.00,0.00,0.00,0.00,0.00,0.00,0.00,0.00,0.00,0.00
91,0,3.000,0.03,0,0.000000,0.000000,0.000000,0.000000,0.000000,0.000000,0.000,0.000,635.3,606.9,617.1,660.0,710.4,743.8,728.6,685.7,585.5,575.9,576.8,584.7,602.3,622.3,645.9,646.2,633.5,620.7,611.4,599.9,680.1,698.8,703.3,690.9,668.8,650.1,645.7,658.1,715.4,686.1,685.2,713.4,754.0,783.3,784.2,758.6,728.7,734.2,744.9,764.0,787.6,808.3,833.0,836.2,824.2,804.9,780.6,756.7,745.3,754.7,754.5,744.9,731.4,722.0,722.2,731.8,1091.0,1068.8,1033.7,1006.2,1002.4,1025.6,1059.7,1087.2,1228.2,1184.5,1147.3,1106.8,1064.5,1036.1,1019.1,1053.5,1093.2,1136.4,1171.9,1203.4,1071.8,1059.8,1044.5,1034.8,1036.5,1048.5,1063.8,1073.5,717.8,686.7,651.8,633.5,642.6,673.7,708.6,727.9,681.8,665.2,635.5,595.3,557.2,526.1,509.3,530.0,564.2,601.3,642.7,673.5,689.6,684.4,673.2,662.5,658.7,663.9,675.2,685.8,-0.4,-3.3,-2.4,2.1,7.4,10.5,8.6,4.3,-5.5,-6.3,-6.1,-5.3,-3.7,-1.8,0.6,0.6,-0.6,-1.8,-2.7,-3.9,3.9,5.8,6.4,5.3,3.0,1.0,0.6,1.8,8.3,5.0,4.7,7.4,11.2,14.3,14.9,12.9,9.5,9.8,10.7,12.4,14.7,17.0,19.9,19.9,18.5,16.4,14.2,12.2,11.2,12.0,11.8,10.7,9.5,8.6,8.8,9.9,69.8,70.7,70.4,69.0,67.7,67.5,67.5,68.5,87.3,81.2,76.3,72.1,68.7,67.3,66.8,67.6,69.5,73.1,77.6,82.4,70.1,69.6,69.5,69.7,70.3,70.9,71.0,70.7,39.5,35.6,30.6,27.5,27.7,31.2,36.1,39.9,34.3,31.8,28.0,23.4,19.6,16.7,15.4,17.3,20.5,24.0,28.6,32.7,35.1,33.9,32.3,31.0,30.9,32.0,33.7,35.0,83.6,87.3,91.4,93.4,92.2,88.7,84.4,82.4,88.0,86.2,84.8,84.4,85.4,87.1,88.7,85.4,82.9,82.3,83.6,85.5,86.1,87.0,88.8,90.4,90.9,90.0,88.3,86.6,96.5,95.4,91.8,87.9,85.9,87.0,90.6,95.0,93.3,91.3,89.0,87.2,86.9,88.2,90.1,88.8,87.7,87.1,88.4,91.2,93.1,91.5,90.1,89.7,90.4,92.0,93.4,93.9,18.9,109.8,162.3,-1.062,0.912,-0.604,540.5,586.6,657.6,744.7,817.8,853.3,870.5,923.1,960.3,1046.4,1128.6,1222.4,1272.4,1238.7,1180.6,1108.8,1039.1,440.3,447.7,457.5,470.5,473.3,602.5,661.2,717.6,796.0,884.4,599.6,611.2,619.2,626.6,642.7,684.7,716.1,743.4,777.2,589.7,590.2,613.8,644.8,630.8,613.9,731.3,754.7,806.3,860.3,829.2,780.0,767.3,709.1,693.9,714.9,720.3,810.2,902.8,872.8,838.1,821.6,794.7,770.2,765.0,742.6,760.7,767.0,868.3,803.2,788.9,765.5,1359.2,1441.6,1506.8,1542.0,1544.5,1501.1,1422.5,1341.6,1247.9,1181.9,1116.1,1041.5,936.0,811.0,695.8,574.9,462.3,1161.5,1099.7,1041.9,992.4,945.5,521.5,429.8,361.0,329.4,333.9,850.5,892.3,935.1,979.7,1081.9,1060.6,1031.9,988.5,948.7,1212.9,1140.3,1065.3,1028.2,1100.3,1172.1,708.1,638.1,566.4,535.4,587.0,654.9,1260.3,1160.2,1082.6,1050.7,1009.4,967.1,945.5,1023.6,1097.1,1140.1,1177.6,1222.6,1219.5,1125.8,1087.0,1049.8,966.1,1070.5,1106.9,1144.1,0.00,0.00,0.00,0.00,0.00,0.00,0.00,0.00,0.00,0.00,0.00,0.00,0.00,0.00,0.00,0.00,0.00,0.00,0.00,0.00,0.00,0.00,0.00,0.00,0.00,0.00,0.00,0.00,0.00,0.00,0.00,0.00,0.00,0.00,0.00
92,0,3.033,0.03,0,0.000000,0.000000,0.000000,0.000000,0.000000,0.000000,0.000,0.000,650.7,619.8,628.7,672.4,725.1,760.8,747.1,703.5,600.5,591.7,592.3,599.0,615.2,633.5,654.5,653.9,643.7,632.3,624.3,614.0,695.7,715.5,719.5,705.5,681.6,661.8,657.8,671.8,698.7,671.7,683.4,726.9,776.8,803.8,792.1,749.3,723.4,736.8,756.0,777.4,804.9,826.7,838.4,837.9,826.9,806.3,779.0,751.3,739.2,753.9,758.9,751.4,735.8,721.1,716.0,723.5,1060.4,1044.5,1016.1,991.8,985.8,1003.4,1030.2,1054.5,1232.2,1190.1,1151.6,1109.9,1065.7,1037.2,1021.1,1054.6,1093.8,1137.1,1174.1,1206.6,1047.0,1035.8,1022.5,1015.1,1017.7,1029.0,1042.2,1049.7,776.6,734.0,682.4,652.2,660.9,703.5,755.1,788.5,706.9,659.1,614.0,569.3,534.3,513.9,503.0,530.1,559.8,598.2,638.8,679.7,735.2,726.0,709.5,695.3,691.9,701.1,717.6,731.8,1.0,-2.0,-1.2,3.4,8.9,12.2,10.2,5.8,-3.8,-4.5,-4.4,-3.7,-2.3,-0.6,1.4,1.3,0.3,-0.7,-1.4,-2.4,5.3,7.4,8.0,6.7,4.3,2.2,1.7,3.1,5.3,2.8,3.7,7.2,11.4,14.1,13.5,10.0,7.1,8.2,9.9,12.0,15.1,17.9,19.9,18.6,16.7,14.3,11.7,9.4,8.9,10.1,10.4,9.6,8.2,7.0,6.7,7.5,64.5,66.1,67.1,66.8,65.8,64.9,63.6,63.4,83.2,77.4,72.6,68.6,65.6,64.5,64.4,65.2,66.9,70.1,74.4,78.8,65.9,65.8,66.2,66.8,67.3,67.5,67.1,66.4,37.5,32.7,27.3,24.2,25.1,29.5,35.1,39.0,29.7,25.4,21.6,18.2,15.9,14.7,14.4,16.0,17.8,20.5,23.5,27.0,33.5,32.4,30.4,28.8,28.5,29.6,31.5,33.2,80.5,84.5,89.5,92.6,91.9,88.3,83.0,79.9,83.5,81.6,80.2,80.0,81.4,83.3,85.2,82.1,79.7,79.0,80.0,81.5,83.9,85.3,87.5,89.3,89.6,88.2,86.0,84.2,78.7,76.5,74.0,72.5,73.0,75.1,77.7,79.7,74.9,74.4,74.4,76.1,79.9,83.7,87.9,82.4,78.1,75.2,73.6,74.0,78.2,77.4,76.2,75.3,75.2,76.0,77.2,78.1,23.8,111.2,159.9,-0.466,0.460,-0.768,578.9,599.2,643.2,716.8,824.9,893.5,897.3,905.9,950.9,1028.3,1141.4,1226.4,1277.6,1243.3,1176.6,1108.2,1048.3,447.2,460.7,485.8,486.7,444.2,584.6,638.4,685.6,777.3,895.3,592.9,609.7,617.5,625.8,624.4,673.6,707.3,738.2,772.3,575.0,594.2,620.2,654.9,629.8,601.7,728.3,757.9,800.1,856.1,830.2,788.9,767.9,720.4,691.1,710.9,721.8,806.8,896.2,852.0,833.2,817.7,797.1,783.8,765.2,731.3,748.4,769.0,881.4,781.3,760.7,745.9,1366.1,1446.7,1518.2,1550.8,1567.9,1543.6,1419.3,1333.0,1268.1,1189.4,1140.5,1040.3,924.4,799.7,705.3,577.3,445.5,1183.8,1103.8,1052.5,992.0,912.0,488.0,390.7,319.3,295.3,307.5,850.4,891.6,934.4,980.0,1084.7,1069.4,1032.2,995.8,967.2,1223.7,1142.4,1070.6,1024.8,1093.7,1155.4,707.3,622.1,549.5,495.6,564.4,641.0,1252.4,1158.8,1091.1,1064.4,1006.3,979.8,956.4,1020.7,1095.6,1153.8,1193.8,1223.4,1222.5,1140.1,1103.8,1061.5,970.3,1063.9,1110.0,1151.8,0.00,0.00,0.00,0.00,0.00,0.00,0.00,0.00,0.00,0.00,0.00,0.00,0.00,0.00,0.00,0.00,0.00,0.00,0.00,0.00,0.00,0.00,0.00,0.00,0.00,0.00,0.00,0.00,0.00,0.00,0.00,0.00,0.00,0.00,0.00
93,0,3.067,0.03,0,0.000000,0.000000,0.000000,0.000000,0.000000,0.000000,0.000,0.000,634.6,604.3,609.5,647.1,695.1,729.2,720.2,682.6,573.7,568.2,572.0,582.8,603.6,623.8,644.2,641.7,630.0,615.8,604.1,590.4,672.3,690.3,692.9,678.6,655.8,637.8,635.2,649.5,718.7,691.4,702.7,746.0,795.9,823.1,811.8,769.4,728.6,732.0,742.6,763.5,785.3,806.6,830.5,839.3,832.1,814.5,789.2,760.6,764.7,788.1,793.6,778.0,750.4,727.0,721.5,737.2,1034.0,1016.1,989.8,970.5,969.4,989.1,1013.6,1033.0,1195.6,1155.0,1117.2,1076.9,1037.7,1015.8,1005.5,1037.3,1073.0,1111.7,1144.5,1173.3,1025.9,1016.3,1003.1,994.1,994.4,1004.0,1017.1,1026.2,695.7,658.2,613.3,587.1,595.2,632.6,677.6,706.0,689.9,672.3,640.2,599.8,562.7,524.3,500.8,528.9,568.8,609.9,649.1,679.3,672.8,657.7,632.7,612.4,608.7,623.8,648.8,669.1,-0.5,-3.7,-3.3,0.8,6.2,9.6,8.2,4.2,-6.8,-7.1,-6.6,-5.6,-3.6,-1.6,0.4,0.2,-1.0,-2.3,-3.5,-4.9,3.3,5.2,5.6,4.2,1.7,-0.2,-0.5,1.0,7.6,4.9,5.8,9.5,14.0,16.8,16.2,12.5,8.8,8.8,9.5,11.2,13.2,15.5,18.2,19.0,18.2,16.4,14.3,11.8,11.9,14.1,14.4,12.8,10.2,8.1,7.7,9.3,66.2,67.1,68.0,68.3,68.2,68.1,66.8,66.1,85.1,79.0,73.9,69.7,66.9,66.3,66.7,67.8,69.6,72.9,76.9,81.0,68.2,68.4,68.7,68.9,69.0,68.9,68.7,68.3,32.3,28.1,23.2,20.4,21.2,25.1,30.0,33.5,32.7,30.0,26.1,21.8,18.4,15.3,13.5,16.1,19.7,23.5,27.6,31.2,30.0,28.3,25.5,23.3,23.0,24.6,27.3,29.6,86.0,89.5,94.5,97.9,97.9,94.7,89.4,85.9,89.2,86.9,85.3,85.1,86.4,88.5,90.4,87.5,85.4,84.8,85.8,87.1,89.7,91.2,93.4,95.1,95.2,93.7,91.4,89.8,84.2,82.6,80.3,78.8,78.8,80.5,82.7,84.7,86.6,84.0,81.4,79.6,79.5,81.4,83.8,83.4,82.7,82.4,83.6,85.4,83.8,83.1,81.9,80.9,80.8,81.5,82.7,83.7,22.4,113.8,166.4,-0.494,0.531,-0.798,539.1,566.8,615.5,690.8,802.1,874.6,888.1,923.2,961.2,1042.4,1132.8,1219.0,1277.0,1241.4,1172.7,1103.7,1036.2,436.5,434.8,457.0,467.1,446.4,594.1,634.8,678.0,756.8,858.7,593.8,618.9,638.1,658.0,637.9,694.0,731.0,756.2,779.0,571.1,578.6,605.4,638.0,621.3,596.8,729.6,749.8,796.5,849.9,829.7,786.7,767.0,735.4,709.9,728.7,740.2,826.5,905.6,886.4,859.5,845.6,820.7,801.0,771.0,747.7,766.7,778.8,887.5,817.5,801.5,783.6,1347.5,1426.2,1494.8,1533.7,1553.8,1521.8,1409.3,1322.0,1251.9,1181.6,1122.1,1034.6,925.2,799.1,698.1,579.3,460.3,1156.3,1080.6,1022.6,968.6,905.1,507.5,412.0,340.2,310.3,319.9,838.8,879.5,923.1,969.4,1061.0,1047.8,1021.5,990.1,963.2,1186.8,1112.0,1045.9,1014.0,1078.9,1133.9,698.7,623.7,554.0,514.8,575.5,644.1,1243.0,1149.5,1078.5,1053.3,1010.6,977.8,955.0,1038.0,1111.4,1156.4,1192.0,1225.8,1216.0,1122.8,1089.1,1056.7,972.1,1081.6,1117.8,1155.6,0.00,0.00,0.00,0.00,0.00,0.00,0.00,0.00,0.00,0.00,0.00,0.00,0.00,0.00,0.00,0.00,0.00,0.00,0.00,0.00,0.00,0.00,0.00,0.00,0.00,0.00,0.00,0.00,0.00,0.00,0.00,0.00,0.00,0.00,0.00
94,0,3.100,0.03,0,0.000000,0.000000,0.000000,0.000000,0.000000,0.000000,0.000,0.000,641.5,613.6,622.0,661.9,709.8,741.7,729.4,689.5,575.8,569.6,573.0,583.3,603.7,624.1,646.0,644.6,632.4,618.2,606.6,592.7,681.1,699.2,703.1,690.5,668.7,650.6,646.8,659.4,708.8,686.4,702.6,747.9,795.8,818.3,802.1,756.5,728.6,731.8,744.2,768.7,795.2,811.9,827.5,839.0,836.1,819.1,788.4,756.3,753.4,775.2,782.7,771.6,748.3,726.6,719.0,730.1,1031.6,1013.5,988.9,972.0,972.8,992.9,1015.5,1032.4,1186.7,1145.0,1108.3,1068.9,1030.7,1008.8,998.4,1029.7,1064.9,1103.6,1136.1,1164.5,1024.7,1016.8,1005.3,996.9,996.5,1004.4,1015.8,1024.2,671.7,639.0,599.4,576.1,582.7,615.4,655.0,679.8,675.4,665.7,642.3,608.7,570.8,529.6,510.1,530.0,571.9,614.4,648.6,669.4,645.7,634.1,615.0,599.5,596.7,608.2,627.4,642.9,0.2,-2.8,-2.0,2.5,7.9,11.2,9.3,4.9,-6.6,-7.1,-6.7,-5.7,-3.7,-1.6,0.6,0.5,-0.7,-2.1,-3.3,-4.8,4.3,6.3,6.8,5.6,3.2,1.2,0.7,2.0,6.4,4.2,5.5,9.3,13.7,16.2,15.3,11.2,9.0,9.1,10.0,11.9,14.0,15.5,17.0,18.3,18.2,16.9,14.4,11.6,10.6,12.6,13.1,11.8,9.7,7.8,7.2,8.4,67.3,68.2,69.2,69.7,69.6,69.4,67.9,67.1,85.6,79.6,74.7,70.7,67.9,67.2,67.4,68.3,70.0,73.2,77.2,81.4,69.3,69.6,70.0,70.3,70.4,70.2,69.8,69.4,29.2,25.2,20.9,18.6,19.5,23.3,27.8,30.6,31.9,30.3,27.1,23.0,19.0,15.3,13.6,15.6,19.7,24.0,28.1,31.0,26.8,25.5,23.4,21.5,21.1,22.3,24.4,26.3,87.7,91.3,96.3,99.6,99.3,96.0,90.7,87.4,90.6,88.7,87.4,87.2,88.6,90.6,92.4,89.3,86.8,86.1,87.1,88.5,91.3,92.7,94.9,96.6,96.7,95.3,93.1,91.4,82.0,79.1,76.3,75.4,76.7,79.6,82.4,83.8,88.5,86.7,84.1,81.0,79.0,78.9,79.5,80.5,81.2,82.5,85.0,87.6,82.0,81.5,80.2,78.7,78.0,78.5,79.8,81.3,18.8,108.9,163.9,-0.934,0.840,-0.658,510.9,557.1,626.5,715.9,798.4,847.6,873.5,929.0,972.1,1054.8,1134.5,1221.7,1272.7,1244.4,1187.5,1111.1,1033.4,429.9,434.7,446.2,462.8,468.3,591.6,641.4,692.8,768.3,855.9,597.8,617.8,634.2,650.6,650.5,696.8,729.7,755.8,784.8,579.8,582.6,608.8,639.3,626.5,607.0,724.5,744.6,795.4,847.9,822.9,774.4,774.3,729.6,713.9,733.3,735.5,821.3,914.0,886.5,850.8,839.1,814.3,788.1,777.8,756.7,773.5,774.8,882.8,819.9,808.5,787.2,1329.4,1414.9,1483.9,1527.3,1538.9,1503.5,1426.6,1341.9,1250.9,1183.9,1117.0,1037.4,931.5,808.9,697.1,576.4,456.8,1132.9,1064.3,1002.0,947.0,897.8,501.1,408.4,339.3,305.2,311.5,825.1,872.4,920.7,971.5,1065.3,1048.2,1023.6,981.7,942.1,1178.9,1105.4,1033.1,1001.8,1071.7,1140.8,694.6,623.5,552.2,522.9,576.0,643.8,1255.7,1158.2,1078.0,1051.6,1017.0,975.9,949.2,1044.3,1115.8,1152.1,1184.4,1230.9,1221.0,1118.6,1086.1,1055.0,971.8,1088.2,1117.5,1149.9,0.00,0.00,0.00,0.00,0.00,0.00,0.00,0.00,0.00,0.00,0.00,0.00,0.00,0.00,0.00,0.00,0.00,0.00,0.00,0.00,0.00,0.00,0.00,0.00,0.00,0.00,0.00,0.00,0.00,0.00,0.00,0.00,0.00,0.00,0.00
95,0,3.133,0.03,0,0.000000,0.000000,0.000000,0.000000,0.000000,0.000000,0.000,0.000,650.7,623.0,635.3,680.3,731.7,763.9,747.1,702.1,591.8,583.1,584.6,593.2,612.6,633.7,657.1,655.4,643.0,629.5,619.7,607.4,696.1,716.3,721.8,709.4,686.3,666.1,660.6,673.0,711.8,685.0,687.5,717.8,758.2,785.0,782.5,754.4,726.9,732.7,745.0,762.7,789.3,808.3,829.9,834.1,826.9,811.6,784.9,757.7,745.2,758.4,759.5,747.8,730.2,717.0,715.9,727.6,1042.9,1024.9,998.4,978.9,977.9,998.0,1022.4,1041.9,1210.2,1167.2,1129.0,1087.1,1044.9,1019.4,1006.2,1039.4,1077.4,1119.6,1155.2,1186.1,1034.0,1025.0,1012.9,1004.6,1005.1,1014.0,1026.1,1034.4,720.1,687.8,650.5,630.0,638.3,670.6,707.9,730.2,680.5,657.9,628.5,585.4,544.1,518.8,507.5,530.6,561.2,597.4,639.4,671.2,695.5,686.5,670.2,656.1,652.5,661.5,677.7,691.8,1.0,-1.7,-0.5,4.3,9.8,12.7,10.3,5.8,-4.7,-5.4,-5.2,-4.4,-2.6,-0.6,1.7,1.5,0.3,-1.0,-1.9,-3.1,5.5,7.5,8.3,7.2,4.8,2.7,2.1,3.2,7.9,4.9,5.0,7.9,11.8,14.7,14.9,12.5,9.2,9.7,11.0,12.7,15.5,17.8,20.4,20.3,19.1,17.3,14.7,12.2,11.3,12.5,12.4,11.1,9.4,8.1,8.1,9.4,64.0,65.3,66.3,66.4,65.8,65.2,63.8,63.3,82.4,76.6,71.9,67.9,65.0,64.0,64.0,64.8,66.4,69.6,73.9,78.1,65.7,65.8,66.2,66.7,67.0,66.9,66.5,66.0,39.6,35.5,30.4,27.3,27.7,31.4,36.5,40.3,33.9,31.3,28.0,23.3,19.2,16.7,15.8,17.9,20.6,23.9,28.3,32.3,35.9,34.5,32.3,30.6,30.4,31.8,34.0,35.8,82.0,85.9,90.8,93.8,93.1,89.4,84.3,81.3,84.8,83.1,81.8,81.7,83.0,84.9,86.7,83.4,81.0,80.2,81.3,82.8,85.2,86.5,88.7,90.5,90.8,89.5,87.4,85.6,96.1,94.8,91.7,88.5,87.2,88.6,91.7,95.3,92.5,91.9,91.3,90.6,91.1,92.3,94.0,91.7,89.4,88.1,88.5,90.7,93.8,92.4,91.0,90.4,91.0,92.4,93.7,94.3,19.2,109.2,163.2,-1.076,0.921,-0.579,545.9,590.3,656.8,740.2,808.7,842.1,859.6,912.4,949.0,1034.2,1118.4,1213.6,1267.6,1238.0,1181.4,1104.4,1027.8,446.5,452.0,463.0,477.0,483.0,607.0,660.2,715.4,793.5,882.5,603.3,614.6,622.3,629.6,649.9,691.0,721.6,748.2,781.2,596.7,596.6,620.2,653.6,638.8,622.1,733.8,753.9,805.7,859.8,831.3,782.1,767.0,713.1,699.4,720.6,723.6,808.3,896.8,864.3,831.0,816.4,790.9,767.1,764.2,749.5,767.0,771.2,861.7,795.6,782.2,759.6,1346.5,1428.0,1491.1,1526.9,1531.1,1491.2,1414.9,1332.1,1237.6,1172.9,1107.1,1033.8,931.5,810.7,697.5,576.4,462.8,1148.9,1086.3,1029.3,981.1,936.3,523.6,430.6,361.5,328.6,332.6,842.5,884.1,927.0,971.9,1072.7,1052.7,1026.5,986.1,948.8,1194.6,1121.9,1046.6,1013.8,1084.5,1157.0,704.6,632.6,560.3,532.0,583.4,651.6,1253.4,1155.7,1079.2,1049.7,1010.8,968.5,943.1,1021.4,1092.4,1132.3,1168.0,1213.3,1212.8,1123.6,1086.9,1052.3,964.3,1064.5,1097.5,1132.3,0.00,0.00,0.00,0.00,0.00,0.00,0.00,0.00,0.00,0.00,0.00,0.00,0.00,0.00,0.00,0.00,0.00,0.00,0.00,0.00,0.00,0.00,0.00,0.00,0.00,0.00,0.00,0.00,0.00,0.00,0.00,0.00,0.00,0.00,0.00
96,0,3.167,0.03,0,0.000000,0.000000,0.000000,0.000000,0.000000,0.000000,0.000,0.000,657.9,626.8,635.2,678.2,730.7,766.4,753.4,710.4,605.4,597.7,599.6,608.2,626.7,646.6,668.4,665.6,654.5,641.6,631.9,620.2,701.8,721.5,725.4,711.2,687.2,667.5,663.6,677.8,706.4,679.7,689.9,731.0,778.9,805.5,795.3,755.7,724.7,735.2,754.1,775.6,798.2,815.1,830.7,832.6,825.8,808.7,780.5,752.3,750.6,770.1,774.6,761.4,738.4,718.9,714.4,727.6,1039.1,1023.8,997.9,976.7,972.5,989.8,1013.7,1034.9,1209.8,1168.2,1129.1,1087.0,1044.2,1018.9,1006.7,1039.0,1076.2,1117.8,1154.0,1185.6,1029.1,1019.1,1006.8,999.5,1001.3,1011.3,1023.6,1030.9,760.0,721.0,677.5,655.0,666.8,705.8,749.3,773.6,690.7,656.8,618.7,578.4,544.6,519.9,507.3,530.2,563.4,604.2,646.9,679.5,734.8,723.6,702.5,683.9,678.7,689.9,711.0,729.6,1.7,-1.3,-0.5,4.1,9.6,12.9,10.9,6.5,-3.3,-3.9,-3.7,-2.9,-1.2,0.6,2.8,2.4,1.3,0.1,-0.7,-1.8,6.0,8.0,8.6,7.3,4.9,2.8,2.3,3.7,7.0,4.1,4.9,8.6,13.0,15.9,15.6,12.1,8.4,9.4,11.3,13.5,15.8,17.9,19.7,19.4,18.1,16.1,13.5,11.0,11.3,13.1,13.3,11.9,9.7,7.9,7.6,9.0,62.8,64.4,65.6,65.7,64.9,64.1,62.5,62.1,80.4,74.8,70.1,66.3,63.6,62.8,62.9,63.7,65.3,68.3,72.4,76.5,64.6,64.7,65.2,65.7,66.1,66.1,65.6,64.9,42.0,37.0,31.2,27.9,28.8,33.3,39.2,43.4,32.7,29.3,25.7,21.7,18.5,16.3,15.2,17.1,19.8,23.4,27.6,31.2,38.4,36.7,33.9,31.7,31.3,32.9,35.7,38.0,80.9,84.9,90.0,93.2,92.8,89.1,83.7,80.4,82.8,81.0,79.7,79.7,81.3,83.3,85.1,82.1,79.8,78.9,79.8,81.1,84.4,85.9,88.1,89.9,90.2,88.8,86.5,84.7,91.8,89.7,85.9,82.8,82.1,84.3,88.0,91.7,86.6,86.4,86.8,87.0,87.6,89.2,90.3,88.1,85.3,83.7,84.0,85.5,89.6,88.2,86.6,85.6,85.9,87.3,88.9,89.9,24.2,112.4,162.9,-0.458,0.460,-0.759,583.6,601.7,642.0,712.4,815.2,881.0,883.4,892.0,938.8,1016.8,1133.9,1218.9,1270.0,1237.2,1171.9,1104.4,1046.2,453.8,464.4,487.5,489.4,449.1,591.3,641.6,687.1,776.6,892.0,598.0,615.2,623.2,631.5,632.3,680.7,713.7,744.1,777.4,583.6,603.5,629.8,664.7,639.3,610.8,727.4,755.0,796.4,852.1,827.4,786.6,767.5,724.0,697.2,717.6,727.8,808.6,894.5,847.5,828.8,813.6,793.5,781.2,764.8,737.3,754.7,774.5,880.2,776.6,756.1,741.5,1357.4,1434.7,1502.5,1534.9,1551.7,1529.7,1408.5,1322.3,1259.7,1181.0,1131.8,1032.4,920.9,802.0,711.0,583.7,450.5,1168.9,1091.2,1041.1,982.3,903.7,485.4,389.6,320.8,297.3,309.0,843.2,884.7,927.9,974.1,1075.5,1062.5,1027.7,993.3,966.5,1200.6,1121.6,1051.8,1009.4,1075.7,1135.4,706.2,623.9,552.7,500.9,569.1,643.6,1242.7,1152.3,1087.7,1061.7,1003.3,977.7,953.6,1015.9,1088.2,1145.6,1184.8,1213.3,1213.7,1137.2,1101.9,1059.1,967.3,1055.0,1100.0,1140.9,0.00,0.00,0.00,0.00,0.00,0.00,0.00,0.00,0.00,0.00,0.00,0.00,0.00,0.00,0.00,0.00,0.00,0.00,0.00,0.00,0.00,0.00,0.00,0.00,0.00,0.00,0.00,0.00,0.00,0.00,0.00,0.00,0.00,0.00,0.00
97,0,3.200,0.03,0,0.000000,0.000000,0.000000,0.000000,0.000000,0.000000,0.000,0.000,637.7,609.6,616.1,653.4,699.7,731.4,721.2,683.9,577.4,572.1,576.1,586.9,607.2,626.9,646.7,645.8,634.5,620.7,609.0,594.8,674.8,691.9,695.0,682.2,661.0,643.9,640.8,653.6,717.5,697.6,710.0,747.6,788.3,808.3,795.8,758.3,733.1,733.8,743.3,764.1,791.6,808.6,824.7,831.5,827.9,813.0,784.9,756.6,755.0,773.4,779.2,769.1,748.9,730.6,724.7,734.8,1021.3,1005.2,982.3,966.1,966.0,984.1,1005.0,1021.2,1177.8,1137.3,1100.7,1061.5,1024.5,1004.2,994.9,1025.0,1059.0,1096.5,1128.4,1156.4,1015.1,1007.4,996.6,988.9,988.9,996.5,1007.4,1015.1,655.8,622.4,583.7,562.5,571.0,604.4,643.1,666.9,675.3,658.8,631.7,591.6,550.8,520.5,510.6,530.5,564.9,604.0,642.9,668.2,635.4,624.6,605.5,589.1,585.1,595.9,615.0,631.4,-0.2,-3.2,-2.7,1.6,6.9,10.2,8.6,4.5,-6.6,-7.0,-6.4,-5.3,-3.4,-1.4,0.7,0.6,-0.6,-1.9,-3.1,-4.6,3.7,5.6,6.1,4.7,2.4,0.4,0.1,1.4,8.3,6.1,7.2,11.1,15.4,17.8,16.8,12.9,10.4,10.4,11.3,13.4,16.3,18.3,20.2,20.9,20.2,18.5,15.7,12.9,12.4,14.4,14.9,13.6,11.4,9.5,9.0,10.2,67.4,68.4,69.6,70.2,70.0,69.7,68.1,67.3,85.6,79.6,74.7,70.6,68.1,67.6,68.0,68.9,70.5,73.6,77.5,81.5,69.5,69.8,70.3,70.6,70.7,70.5,70.0,69.6,31.7,27.6,23.1,20.8,21.9,25.9,30.5,33.4,35.3,33.2,29.8,25.0,20.5,17.4,16.5,18.6,22.0,26.1,30.7,34.2,29.7,28.5,26.2,24.2,23.7,24.8,27.1,29.1,89.2,92.8,97.9,101.3,101.1,97.8,92.4,89.0,91.6,89.6,88.2,88.1,89.6,91.8,93.7,90.6,88.2,87.4,88.2,89.5,92.8,94.4,96.6,98.3,98.4,96.9,94.6,93.0,93.9,92.0,90.4,89.9,90.9,92.7,94.4,95.3,97.9,97.1,96.0,94.3,93.9,94.8,95.9,95.3,94.2,93.8,94.9,97.0,94.4,94.2,93.4,92.4,91.9,92.2,93.0,93.9,20.7,113.2,169.8,-0.887,0.829,-0.667,542.1,583.2,641.4,714.7,792.1,835.7,858.5,915.0,952.7,1031.3,1103.9,1194.6,1253.6,1227.3,1172.4,1100.4,1022.2,446.7,443.5,459.0,483.2,496.9,622.3,658.7,700.0,773.9,862.4,606.9,627.3,644.8,662.6,648.7,700.2,735.8,759.4,782.7,582.8,588.5,614.3,643.5,630.5,612.3,736.9,753.4,805.1,854.2,833.4,785.8,763.7,726.1,707.6,728.0,732.0,815.8,903.3,876.0,839.3,826.0,800.8,778.8,768.0,749.9,768.8,772.0,870.3,807.0,794.1,773.0,1342.1,1419.6,1481.9,1518.2,1524.8,1481.5,1396.9,1315.7,1233.5,1168.7,1098.4,1019.9,918.0,798.0,689.8,572.5,457.0,1146.4,1077.1,1012.0,962.0,916.5,542.2,443.2,365.5,325.1,331.7,833.5,876.4,921.8,969.6,1058.8,1042.9,1019.7,981.9,945.3,1166.4,1095.8,1027.7,1002.1,1067.7,1130.5,695.5,625.4,557.0,529.1,583.1,647.7,1233.5,1142.5,1068.5,1046.4,1014.7,975.7,948.4,1035.2,1102.7,1134.9,1164.7,1205.1,1199.2,1111.8,1082.1,1055.6,968.2,1072.6,1098.8,1129.0,0.00,0.00,0.00,0.00,0.00,0.00,0.00,0.00,0.00,0.00,0.00,0.00,0.00,0.00,0.00,0.00,0.00,0.00,0.00,0.00,0.00,0.00,0.00,0.00,0.00,0.00,0.00,0.00,0.00,0.00,0.00,0.00,0.00,0.00,0.00
98,0,3.233,0.03,0,0.000000,0.000000,0.000000,0.000000,0.000000,0.000000,0.000,0.000,609.1,576.2,581.8,622.6,674.7,711.9,702.0,661.2,591.1,587.6,593.1,604.4,623.9,645.2,662.3,657.5,648.9,636.0,624.2,609.3,652.2,674.2,677.4,659.9,632.0,610.0,606.8,624.3,684.2,666.6,685.9,730.7,774.9,792.5,773.2,727.3,715.6,736.2,758.4,781.0,801.0,809.0,809.2,822.9,826.9,814.0,782.6,745.6,726.4,746.7,755.2,747.0,726.9,706.7,698.2,706.3,988.7,981.3,963.7,946.2,939.0,948.8,964.0,981.5,1180.1,1145.8,1103.7,1060.6,1018.8,997.8,992.2,1022.4,1057.5,1096.1,1133.8,1163.9,987.2,976.5,964.6,958.6,961.9,972.7,984.5,990.5,706.3,666.0,617.0,588.0,595.9,636.2,685.2,717.5,675.1,642.7,604.3,567.0,534.0,512.6,503.3,528.8,559.9,598.0,635.8,666.7,676.3,663.0,640.7,622.2,618.6,631.8,654.2,672.6,-2.7,-5.8,-5.7,-1.8,3.5,7.0,5.6,1.8,-4.1,-4.3,-3.8,-2.9,-1.4,0.5,2.0,1.5,0.8,-0.3,-1.3,-2.6,1.1,3.2,3.6,2.0,-0.8,-2.9,-3.1,-1.4,3.9,2.3,3.9,7.7,11.7,13.6,12.1,7.9,6.7,8.6,10.8,13.2,15.7,17.0,17.4,18.3,18.0,16.1,12.9,9.4,7.8,9.6,10.3,9.4,7.6,5.8,5.1,5.9,54.5,56.7,58.9,59.7,58.8,57.2,54.7,53.7,69.2,64.9,60.4,57.4,55.7,55.6,56.4,57.3,58.7,60.8,64.2,67.2,56.8,57.0,57.8,58.6,59.1,59.0,58.2,57.3,30.7,26.3,21.7,19.3,20.5,24.7,29.6,32.6,28.0,25.4,22.3,19.4,17.0,15.4,14.8,16.9,19.2,22.0,24.9,27.4,28.4,27.3,25.1,23.1,22.6,23.7,25.8,27.8,75.8,79.9,85.4,89.1,88.8,85.0,79.2,75.6,73.8,72.2,71.1,71.7,74.0,76.3,78.1,75.7,73.6,72.3,72.6,73.2,79.2,80.9,83.6,85.7,86.0,84.3,81.6,79.5,77.5,75.2,73.8,74.1,75.9,78.1,79.5,79.7,77.9,78.6,80.0,82.1,85.3,88.2,90.2,87.6,84.2,81.0,78.9,78.3,78.6,78.8,78.2,77.2,76.4,76.2,76.8,77.8,24.3,114.8,168.3,-0.448,0.490,-0.765,573.8,588.6,624.0,692.6,796.7,865.3,872.8,896.6,936.5,1010.0,1111.4,1199.3,1261.6,1236.4,1172.4,1100.7,1036.6,448.0,446.8,475.5,493.3,473.9,604.6,637.5,678.8,767.9,882.9,599.8,622.2,637.1,652.4,637.5,690.7,726.8,756.9,786.0,577.1,593.6,620.7,654.5,633.6,605.7,727.7,748.4,791.6,844.5,825.5,784.5,771.9,736.8,710.9,728.6,734.5,816.1,898.1,865.4,844.7,833.0,813.6,797.5,772.4,753.6,768.6,781.4,883.4,789.0,773.3,760.2,1358.1,1429.5,1491.1,1520.8,1535.7,1510.7,1397.3,1311.8,1248.8,1173.2,1117.6,1021.9,914.3,797.2,704.3,580.9,454.1,1153.0,1074.7,1018.9,964.0,899.3,514.3,407.6,328.7,296.4,310.6,835.4,876.1,920.0,967.1,1059.5,1048.7,1018.9,987.5,961.9,1172.2,1097.3,1030.8,996.1,1058.8,1113.7,689.5,612.4,542.4,497.6,562.4,633.0,1232.2,1142.9,1077.8,1056.2,1008.8,981.3,957.3,1031.0,1102.4,1148.3,1182.8,1210.2,1202.9,1129.1,1097.4,1064.9,972.7,1066.2,1101.0,1137.4,0.00,0.00,0.00,0.00,0.00,0.00,0.00,0.00,0.00,0.00,0.00,0.00,0.00,0.00,0.00,0.00,0.00,0.00,0.00,0.00,0.00,0.00,0.00,0.00,0.00,0.00,0.00,0.00,0.00,0.00,0.00,0.00,0.00,0.00,0.00
99,0,3.267,0.03,0,0.000000,0.000000,0.000000,0.000000,0.000000,0.000000,0.000,0.000,625.6,594.4,599.6,638.1,687.4,722.4,713.4,674.9,575.8,570.1,575.0,587.2,609.5,631.7,652.2,648.5,636.9,621.6,608.6,593.5,664.4,684.2,687.2,671.6,646.5,626.7,623.8,639.4,713.6,694.2,707.0,744.6,784.9,804.4,791.6,753.6,716.8,708.2,716.9,746.8,781.9,807.6,833.3,822.4,803.9,783.8,757.9,734.1,749.6,766.7,772.5,763.6,745.2,728.1,722.3,731.2,988.0,971.3,946.8,929.1,928.3,947.2,969.5,987.3,1165.2,1127.4,1087.4,1045.1,1004.7,983.8,976.5,1007.2,1042.8,1082.0,1117.0,1146.1,984.0,974.2,960.5,950.8,950.9,960.6,974.4,984.0,657.9,622.3,580.3,556.5,564.8,600.4,642.3,669.1,673.9,647.4,612.4,566.5,531.8,513.3,521.8,531.8,552.7,579.8,618.1,650.8,634.4,623.6,604.4,588.1,584.3,595.1,614.3,630.6,-1.3,-4.4,-4.1,-0.2,5.1,8.5,7.1,3.2,-6.0,-6.4,-5.9,-4.8,-2.8,-0.8,1.2,0.8,-0.3,-1.7,-2.9,-4.3,2.4,4.4,4.8,3.3,0.7,-1.3,-1.6,-0.1,7.6,5.5,6.7,10.5,14.8,17.1,15.9,11.9,8.2,7.0,7.7,10.7,14.6,18.1,21.9,20.2,17.7,15.1,12.3,9.9,11.4,13.3,13.8,12.8,10.8,9.0,8.5,9.5,58.1,59.0,60.1,60.6,60.5,60.3,58.8,58.0,75.9,70.7,65.8,62.1,59.6,59.2,59.8,60.9,62.6,65.5,69.3,72.9,60.3,60.5,60.8,61.0,61.1,61.0,60.7,60.4,30.7,26.6,22.1,19.8,20.9,25.0,29.6,32.4,33.4,29.6,25.3,20.6,17.7,16.5,18.3,19.0,20.8,23.1,26.9,30.6,28.7,27.6,25.5,23.6,23.0,24.1,26.2,28.1,80.9,84.5,89.6,93.2,93.2,89.9,84.5,80.9,82.5,80.6,79.2,79.3,81.0,83.0,84.8,82.3,80.2,79.4,80.1,81.1,84.5,86.2,88.6,90.3,90.4,88.8,86.4,84.6,90.2,88.7,87.9,88.2,89.5,91.0,91.8,91.8,93.2,90.1,87.7,87.4,90.0,94.3,99.0,96.9,94.5,92.1,91.2,92.0,91.4,91.5,91.2,90.5,89.9,89.7,90.1,90.8,18.5,107.2,164.7,-0.973,0.850,-0.637,521.0,560.4,622.6,707.5,787.0,839.1,866.9,926.9,964.6,1038.3,1117.1,1205.6,1259.0,1239.7,1188.1,1110.2,1034.7,435.0,435.1,446.0,466.5,474.9,597.3,640.5,688.9,763.3,848.1,595.2,617.7,634.7,652.0,650.9,697.4,732.1,759.3,789.0,581.4,581.3,609.2,639.9,628.7,607.2,710.3,723.5,777.6,834.6,809.7,758.2,785.9,738.3,721.1,737.9,734.3,816.2,903.9,874.5,841.3,834.6,814.6,792.7,786.9,764.9,777.7,773.2,871.7,808.5,801.8,783.8,1330.8,1411.2,1471.0,1506.0,1511.8,1479.5,1408.7,1326.7,1234.7,1170.8,1105.8,1028.6,924.2,806.2,696.0,574.2,455.2,1127.6,1060.5,996.9,942.1,894.3,499.6,407.3,339.5,305.9,311.9,815.9,864.6,913.4,964.6,1054.9,1039.6,1016.7,977.1,938.9,1161.3,1080.8,1004.8,978.3,1048.8,1122.6,680.2,605.7,532.3,509.3,559.2,628.7,1244.2,1148.4,1067.8,1043.6,1010.3,971.8,947.0,1035.9,1105.5,1139.8,1171.2,1214.9,1206.4,1111.8,1080.4,1050.4,969.6,1077.7,1104.3,1134.3,0.00,0.00,0.00,0.00,0.00,0.00,0.00,0.00,0.00,0.00,0.00,0.00,0.00,0.00,0.00,0.00,0.00,0.00,0.00,0.00,0.00,0.00,0.00,0.00,0.00,0.00,0.00,0.00,0.00,0.00,0.00,0.00,0.00,0.00,0.00
100,0,3.300,0.03,0,0.000000,0.000000,0.000000,0.000000,0.000000,0.000000,0.000,0.000,633.1,600.5,608.8,653.1,707.5,744.6,731.9,687.5,592.3,585.4,588.9,600.0,621.7,645.1,667.4,661.4,649.5,634.3,622.4,608.7,678.9,702.1,706.5,689.7,661.4,638.3,633.9,650.7,684.7,660.3,668.1,703.5,745.8,770.1,762.3,728.1,706.2,711.3,724.0,747.7,782.3,806.1,829.2,821.9,804.6,783.5,755.9,730.0,720.5,734.3,737.6,728.5,712.2,698.4,695.1,704.3,996.8,982.1,957.2,936.6,932.3,949.2,971.9,992.5,1186.8,1148.3,1105.7,1061.3,1017.0,992.6,983.8,1015.9,1053.6,1095.4,1134.1,1166.1,991.9,980.1,965.3,956.2,958.0,969.7,984.5,993.7,715.6,680.6,635.4,606.5,610.8,645.9,691.1,723.2,676.5,652.7,619.5,570.5,531.7,515.5,521.5,529.1,545.6,570.8,613.1,654.4,682.6,671.3,653.7,640.1,638.5,649.7,667.3,680.9,-0.6,-3.5,-3.0,1.3,6.7,10.0,8.2,4.0,-4.1,-4.6,-4.2,-3.3,-1.6,0.4,2.4,1.8,0.8,-0.5,-1.5,-2.7,3.5,5.6,6.2,4.8,2.1,-0.2,-0.6,1.0,4.4,2.0,2.7,6.0,10.0,12.4,11.9,8.7,6.5,7.0,8.2,10.7,14.6,17.7,21.0,19.4,17.0,14.3,11.3,8.8,7.9,9.2,9.5,8.5,7.0,5.7,5.4,6.4,54.3,55.9,57.2,57.5,56.9,56.1,54.4,53.7,71.2,66.4,61.7,58.2,55.9,55.2,55.6,56.7,58.3,61.0,64.8,68.4,56.3,56.4,56.8,57.3,57.7,57.7,57.3,56.7,35.3,31.5,26.6,23.4,23.7,27.2,32.1,36.0,31.2,28.7,25.3,20.8,17.7,16.6,17.9,18.1,19.1,21.0,24.6,28.7,31.8,30.5,28.5,27.1,27.0,28.3,30.3,31.7,74.7,78.6,83.9,87.3,86.9,83.3,77.7,74.3,75.3,73.7,72.4,72.6,74.4,76.4,78.0,75.6,73.6,72.6,73.2,74.2,78.0,79.6,82.1,84.1,84.4,82.8,80.3,78.3,86.8,86.0,84.4,83.0,82.6,83.4,84.9,86.8,86.3,85.7,85.3,86.5,90.0,93.4,97.2,93.6,90.2,87.1,85.0,85.3,86.3,85.6,84.9,84.5,84.8,85.4,86.2,86.5,19.7,108.9,165.2,-1.147,0.946,-0.524,569.2,606.3,663.1,736.4,794.0,826.0,840.0,896.5,930.8,1006.9,1091.2,1187.6,1242.2,1219.8,1168.9,1095.4,1030.2,460.2,461.2,469.2,488.1,496.2,625.6,678.6,730.1,807.6,892.4,612.5,624.3,630.6,637.0,650.6,692.5,725.0,752.4,785.7,601.4,603.0,628.8,660.2,642.9,624.0,730.2,747.5,801.8,856.9,826.2,774.3,767.0,713.4,700.5,720.3,720.4,800.6,885.3,845.7,812.7,800.0,778.2,758.9,762.6,748.0,763.9,765.1,847.8,780.4,769.3,748.9,1352.6,1428.0,1482.1,1508.7,1500.3,1455.7,1381.3,1303.5,1212.9,1152.6,1088.6,1018.9,919.3,802.0,689.5,568.0,457.6,1144.0,1086.0,1030.3,986.8,944.6,527.0,439.0,372.6,340.4,341.7,840.8,882.3,924.2,968.2,1063.2,1044.6,1020.3,981.6,945.2,1171.7,1097.2,1022.5,993.8,1061.4,1134.1,701.2,631.1,559.9,535.2,583.4,649.7,1234.3,1141.9,1068.7,1039.7,1000.2,960.5,936.7,1005.5,1073.3,1112.6,1148.9,1190.3,1192.4,1113.8,1077.2,1041.5,956.3,1046.0,1078.6,1112.7,0.00,0.00,0.00,0.00,0.00,0.00,0.00,0.00,0.00,0.00,0.00,0.00,0.00,0.00,0.00,0.00,0.00,0.00,0.00,0.00,0.00,0.00,0.00,0.00,0.00,0.00,0.00,0.00,0.00,0.00,0.00,0.00,0.00,0.00,0.00
101,0,3.333,0.03,0,0.000000,0.000000,0.000000,0.000000,0.000000,0.000000,0.000,0.000,572.7,521.5,514.0,554.6,619.5,676.2,678.2,637.6,623.1,615.0,615.7,620.6,634.8,655.1,676.0,666.3,664.1,655.3,648.3,637.6,619.0,638.7,635.3,610.6,579.2,559.4,562.9,587.6,703.5,676.5,684.1,722.0,767.9,794.9,787.3,750.8,710.0,711.4,719.2,736.8,765.0,794.2,825.7,822.6,804.8,782.2,759.2,736.7,741.5,756.3,759.8,749.8,732.4,717.6,714.1,724.0,1007.5,1028.3,1032.8,1018.5,993.7,975.8,968.4,982.7,1200.2,1169.2,1114.3,1064.7,1021.7,1001.5,998.7,1033.3,1067.2,1107.8,1155.4,1192.8,1008.0,999.8,1000.1,1008.7,1020.6,1028.7,1028.5,1019.8,791.0,760.5,721.5,696.7,700.8,731.3,770.3,796.1,729.8,699.4,660.6,609.7,564.8,533.8,518.2,547.1,582.2,620.7,668.1,709.5,757.3,748.4,733.8,722.2,720.3,729.2,743.8,755.4,-4.6,-8.6,-10.0,-7.2,-1.8,3.0,2.9,-0.2,-1.0,-1.4,-1.4,-1.2,-0.3,1.0,2.5,1.7,1.5,0.9,0.5,-0.1,-1.5,-0.1,-0.4,-2.4,-4.9,-6.3,-5.8,-3.8,6.3,3.5,4.1,7.3,11.3,14.0,13.9,10.9,6.7,6.6,7.1,8.6,11.5,14.8,18.8,17.7,15.5,13.1,10.9,9.0,9.8,11.0,11.1,10.1,8.5,7.3,7.1,8.1,44.4,48.5,53.3,55.7,54.1,50.3,45.4,43.2,49.3,46.8,43.7,42.5,42.9,43.4,43.9,44.6,44.8,45.3,47.5,49.4,47.5,48.5,50.5,52.5,53.2,52.2,50.1,48.2,42.5,38.6,33.3,29.9,30.1,33.6,38.8,43.0,35.2,31.3,27.0,22.3,18.8,16.7,16.0,18.2,20.9,24.0,28.1,32.5,38.2,36.8,34.8,33.3,33.3,34.6,36.7,38.2,60.0,63.5,69.3,74.0,74.7,71.4,65.4,60.7,51.3,50.6,50.6,52.8,56.7,59.2,60.1,57.9,55.4,53.0,52.3,51.9,64.2,66.3,69.0,70.8,70.5,68.3,65.6,63.9,86.3,84.3,80.7,77.8,77.2,79.3,82.8,86.3,83.2,80.7,78.5,78.1,80.3,83.9,88.5,84.9,82.3,80.4,79.9,81.4,84.1,82.8,81.3,80.5,80.8,82.1,83.6,84.4,26.0,111.4,159.7,-0.381,0.305,-0.773,621.1,645.3,691.6,761.5,837.0,885.1,895.6,889.2,938.5,997.1,1109.1,1186.5,1237.5,1226.5,1178.5,1109.6,1033.5,464.3,514.1,537.3,521.6,469.3,582.1,640.8,684.2,777.1,896.7,608.2,622.4,628.8,635.4,657.4,689.4,712.2,741.7,775.3,595.5,620.3,646.6,694.3,659.8,629.9,714.7,730.4,761.8,822.8,803.5,769.8,770.1,730.3,707.3,724.1,730.1,802.8,898.2,835.9,814.2,798.4,783.9,771.4,767.0,737.5,750.8,771.4,889.4,768.8,747.0,737.5,1335.3,1418.7,1493.8,1531.2,1544.1,1524.4,1407.6,1315.3,1250.2,1162.4,1113.8,1010.7,900.4,789.8,706.6,584.0,443.9,1154.9,1069.3,1027.2,965.8,890.6,486.5,393.1,326.7,304.0,309.2,839.5,876.9,915.4,956.0,1083.2,1061.7,1016.2,979.1,951.7,1193.8,1109.1,1037.9,1000.5,1064.7,1131.9,739.4,643.4,569.2,509.1,584.3,666.4,1238.8,1147.6,1080.3,1060.2,1000.3,979.8,954.0,1015.1,1074.2,1127.5,1161.3,1196.5,1216.0,1123.4,1095.0,1052.6,965.3,1043.5,1085.5,1121.5,0.00,0.00,0.00,0.00,0.00,0.00,0.00,0.00,0.00,0.00,0.00,0.00,0.00,0.00,0.00,0.00,0.00,0.00,0.00,0.00,0.00,0.00,0.00,0.00,0.00,0.00,0.00,0.00,0.00,0.00,0.00,0.00,0.00,0.00,0.00
102,0,3.367,0.03,0,0.000000,0.000000,0.000000,0.000000,0.000000,0.000000,0.000,0.000,629.5,604.5,609.8,642.4,683.1,712.5,702.8,670.2,588.7,580.0,581.7,590.0,606.7,624.1,645.0,645.0,632.0,619.4,609.8,599.9,664.8,679.2,681.6,670.5,652.4,638.0,635.6,646.7,703.5,684.4,686.1,707.6,736.2,755.2,753.5,735.3,718.4,729.7,741.1,757.5,777.5,807.1,832.8,824.8,804.5,780.6,759.6,740.9,733.9,746.7,748.0,736.9,720.0,707.2,705.9,717.0,1087.0,1064.8,1030.0,1003.3,1000.1,1022.4,1057.1,1083.9,1169.9,1130.9,1099.0,1064.5,1030.4,1007.2,992.2,1020.7,1053.9,1090.6,1120.4,1147.4,1066.0,1054.1,1038.6,1028.6,1030.1,1042.0,1057.5,1067.4,707.3,669.5,623.7,596.7,604.3,642.1,687.9,718.6,702.1,673.9,636.1,601.5,570.4,540.5,512.9,549.8,589.2,628.8,663.3,694.0,686.8,671.7,646.3,625.6,621.7,636.9,662.2,682.9,-1.2,-4.3,-3.8,0.3,5.3,8.7,7.3,3.5,-6.3,-7.3,-7.0,-6.0,-4.0,-1.9,0.6,0.6,-0.9,-2.4,-3.6,-4.8,3.0,4.7,5.1,3.8,1.5,-0.3,-0.5,0.8,6.5,4.6,4.8,6.7,9.1,10.7,10.7,9.4,8.0,8.9,9.8,11.3,13.2,16.3,19.3,17.7,15.4,13.2,11.4,9.9,9.3,10.4,10.4,9.5,8.0,6.8,6.7,7.8,85.5,85.5,83.5,80.9,79.4,79.9,81.5,83.8,100.1,93.7,88.7,84.2,80.7,79.0,78.2,79.0,81.0,84.8,89.4,94.5,84.3,83.2,82.4,82.3,83.0,84.1,85.0,85.0,35.7,32.4,27.2,23.4,23.2,26.3,31.0,35.4,35.1,31.2,26.8,23.2,20.3,17.6,15.3,18.2,21.5,25.2,29.0,32.9,32.4,30.3,27.6,25.9,26.1,28.2,30.9,32.7,102.9,106.1,109.1,110.1,108.5,105.5,102.3,101.3,108.1,106.3,105.0,104.6,105.3,106.8,108.2,104.6,102.1,101.5,102.9,105.0,104.5,104.9,106.2,107.6,108.3,107.9,106.6,105.2,89.9,91.5,90.2,86.7,83.1,81.4,82.8,86.4,89.7,86.9,84.9,84.0,84.3,85.5,87.5,83.9,82.0,82.1,83.6,86.2,86.8,85.0,84.4,85.4,87.3,89.0,89.6,88.7,23.1,117.0,176.9,-0.798,0.805,-0.719,576.7,615.2,671.4,740.7,811.6,850.1,858.7,907.4,947.2,1023.3,1095.2,1180.3,1233.2,1206.2,1149.7,1081.4,1002.2,467.4,473.7,489.0,501.2,501.0,617.8,655.5,699.5,772.0,858.6,620.7,639.4,656.6,674.7,661.1,709.6,741.6,761.1,778.5,592.8,596.9,619.9,647.5,632.4,615.0,733.1,752.9,798.3,845.0,823.9,781.8,766.0,739.6,717.5,737.5,749.1,833.4,915.7,890.6,851.4,832.5,804.3,786.6,771.3,751.8,773.8,783.2,890.0,825.7,808.0,785.8,1317.3,1395.7,1463.2,1502.9,1506.4,1454.6,1359.0,1284.7,1218.8,1160.8,1095.1,1014.5,905.0,778.9,673.8,562.3,454.3,1126.1,1061.8,1002.1,953.8,907.0,531.1,438.5,368.6,337.1,346.4,835.6,872.7,912.6,955.0,1046.7,1029.8,1007.4,974.6,944.7,1161.3,1093.3,1030.0,1002.6,1066.3,1122.6,705.4,638.9,572.3,541.8,595.1,657.8,1222.9,1134.9,1063.1,1037.2,1000.9,957.4,925.0,1016.1,1090.1,1127.5,1160.2,1197.3,1194.9,1103.1,1070.2,1038.9,942.8,1063.2,1095.0,1129.8,0.00,0.00,0.00,0.00,0.00,0.00,0.00,0.00,0.00,0.00,0.00,0.00,0.00,0.00,0.00,0.00,0.00,0.00,0.00,0.00,0.00,0.00,0.00,0.00,0.00,0.00,0.00,0.00,0.00,0.00,0.00,0.00,0.00,0.00,0.00
103,0,3.400,0.03,0,0.000000,0.000000,0.000000,0.000000,0.000000,0.000000,0.000,0.000,653.9,628.7,637.5,675.2,719.6,748.7,736.0,698.4,606.2,600.7,603.8,613.4,632.3,650.9,669.2,665.6,654.2,641.7,632.0,620.4,692.1,709.7,713.8,702.1,681.4,663.9,659.8,671.4,700.4,677.6,678.1,701.8,734.7,757.6,757.0,735.7,727.6,737.3,746.0,761.5,782.8,805.0,823.8,827.3,815.0,794.9,773.5,752.8,729.3,741.3,741.5,729.9,713.2,701.2,701.0,712.6,1013.9,1001.0,980.2,963.8,961.4,976.1,995.1,1011.5,1165.7,1128.2,1093.5,1055.7,1019.5,999.7,990.3,1018.2,1050.2,1085.8,1116.8,1144.0,1007.6,999.6,989.4,983.0,984.0,992.0,1002.2,1008.7,708.8,681.8,645.8,621.9,624.0,651.0,687.1,713.0,680.0,658.6,626.2,589.7,558.2,534.8,522.5,545.3,573.8,604.4,637.8,668.4,685.2,673.2,655.2,641.8,640.8,652.8,670.8,684.2,1.5,-1.3,-0.3,4.2,9.5,12.6,10.5,6.2,-3.7,-4.2,-3.8,-2.8,-0.8,1.2,3.2,2.7,1.5,0.2,-0.8,-2.1,5.7,7.8,8.4,7.2,4.8,2.8,2.2,3.5,7.1,4.4,4.4,6.9,10.3,12.8,13.0,11.0,10.2,11.1,11.9,13.6,16.2,19.3,22.2,21.9,20.0,17.5,15.1,12.9,10.2,11.4,11.3,10.1,8.3,7.0,7.1,8.4,69.6,71.2,72.4,72.7,72.0,71.2,69.5,68.9,87.4,81.7,76.9,72.9,70.2,69.7,70.0,70.7,72.3,75.4,79.3,83.3,71.4,71.5,72.0,72.6,73.0,72.9,72.4,71.8,40.9,37.8,32.8,29.1,28.7,31.6,36.3,40.6,37.3,34.1,29.9,25.7,22.5,20.4,19.6,21.7,24.5,27.6,31.4,35.3,37.2,35.4,33.0,31.5,31.7,33.6,36.0,37.5,93.2,97.2,102.2,105.4,104.8,101.1,95.7,92.6,95.0,93.0,91.7,91.6,93.2,95.3,97.1,94.0,91.7,90.9,91.7,93.0,96.5,97.9,100.2,102.0,102.3,100.9,98.7,96.8,102.6,102.7,100.6,97.4,95.1,95.0,97.1,100.7,102.0,99.9,98.2,97.9,99.4,102.1,105.5,102.4,100.2,98.9,98.8,100.1,100.2,98.8,97.8,97.9,98.9,100.3,101.3,101.2,26.5,114.3,167.8,-0.387,0.362,-0.779,590.6,615.6,659.1,728.3,814.6,872.1,881.7,891.1,940.0,1002.0,1106.4,1186.7,1238.1,1224.0,1167.7,1096.9,1028.4,456.1,475.0,504.3,513.8,488.5,600.4,635.9,671.5,756.3,869.0,616.8,637.4,650.9,664.4,659.5,700.4,729.4,757.4,786.9,583.7,610.0,634.7,668.7,642.1,613.8,728.2,748.1,779.7,830.8,812.1,779.3,770.8,742.3,726.9,743.5,752.4,825.4,911.9,872.5,852.4,836.2,818.4,795.5,772.2,753.3,768.2,787.2,904.0,812.1,791.7,779.0,1330.6,1408.1,1476.8,1509.0,1518.7,1490.7,1375.9,1294.4,1238.8,1160.4,1110.6,1011.0,899.5,785.8,695.8,575.4,443.8,1133.5,1054.3,1006.3,947.0,880.8,513.7,414.2,338.7,304.2,308.0,834.4,875.0,917.1,961.9,1061.2,1046.1,1009.2,971.1,941.1,1165.1,1089.7,1025.9,988.1,1047.1,1102.5,708.2,629.0,560.3,508.5,573.3,645.5,1218.2,1132.9,1069.9,1048.6,997.5,970.8,941.3,1021.7,1092.0,1140.8,1173.4,1199.1,1195.1,1110.3,1081.1,1044.5,955.8,1066.0,1105.0,1140.1,0.00,0.00,0.00,0.00,0.00,0.00,0.00,0.00,0.00,0.00,0.00,0.00,0.00,0.00,0.00,0.00,0.00,0.00,0.00,0.00,0.00,0.00,0.00,0.00,0.00,0.00,0.00,0.00,0.00,0.00,0.00,0.00,0.00,0.00,0.00
104,0,3.433,0.03,0,0.000000,0.000000,0.000000,0.000000,0.000000,0.000000,0.000,0.000,639.4,610.3,613.3,646.5,690.5,722.9,716.7,683.5,580.7,575.7,579.9,590.7,610.5,628.9,647.5,646.2,635.4,621.6,609.8,596.5,672.4,688.0,689.5,676.1,655.5,639.9,638.4,651.9,719.5,701.8,713.9,748.9,786.1,803.8,791.6,756.2,718.9,718.6,730.2,756.4,788.3,811.0,829.5,823.2,809.1,788.3,761.0,736.5,752.6,769.2,774.9,766.4,748.7,732.2,726.4,734.9,1002.8,986.7,963.2,946.0,945.3,963.1,984.9,1002.1,1150.5,1113.7,1078.7,1041.3,1005.8,986.3,977.4,1005.7,1038.1,1073.7,1104.1,1130.7,995.5,987.2,975.8,967.9,968.1,976.4,987.8,995.7,652.4,620.8,582.9,560.9,567.7,599.3,637.2,661.7,672.4,648.7,618.3,577.9,541.2,516.9,512.1,532.0,559.8,592.5,628.2,655.7,630.7,620.2,602.1,587.0,583.8,594.3,612.4,627.5,-0.1,-3.3,-3.1,0.8,6.1,9.8,8.6,4.7,-6.5,-6.9,-6.4,-5.2,-3.2,-1.2,0.8,0.7,-0.5,-1.9,-3.2,-4.7,3.6,5.4,5.7,4.3,1.8,-0.0,-0.2,1.3,8.7,6.6,7.8,11.4,15.6,17.9,16.8,12.9,8.9,8.6,9.7,12.4,16.1,19.2,22.0,20.8,18.8,16.2,13.2,10.7,12.4,14.2,14.8,13.7,11.7,9.9,9.3,10.4,68.9,69.6,70.4,70.9,70.9,70.9,69.7,69.0,87.3,81.5,76.5,72.5,69.8,69.1,69.4,70.5,72.3,75.5,79.4,83.4,71.0,71.2,71.5,71.6,71.6,71.5,71.2,71.0,31.8,27.8,23.4,21.1,22.2,26.2,30.8,33.6,35.1,31.6,27.7,23.2,19.7,17.6,17.7,19.5,22.2,25.4,29.2,32.7,29.8,28.7,26.5,24.6,24.1,25.1,27.3,29.2,93.8,97.2,102.2,105.8,106.0,102.9,97.6,94.0,96.6,94.6,93.2,93.1,94.5,96.6,98.4,95.5,93.3,92.5,93.4,94.7,97.7,99.3,101.5,103.1,103.1,101.5,99.2,97.7,95.3,93.1,91.7,92.0,93.7,95.8,97.2,97.4,98.4,95.9,94.0,93.2,95.1,98.3,101.8,99.4,97.1,95.5,95.4,96.8,96.4,96.5,95.9,94.9,94.0,93.9,94.5,95.5,22.9,113.8,175.5,-0.873,0.825,-0.676,560.6,600.4,656.0,727.3,799.4,841.7,861.5,918.2,956.7,1028.0,1093.7,1178.5,1234.0,1212.8,1158.1,1086.3,1004.8,453.8,459.1,478.1,500.4,511.0,632.0,664.3,701.3,769.2,851.9,622.8,644.9,665.4,686.8,662.3,711.1,746.3,767.8,788.0,587.0,593.3,618.6,645.5,632.5,613.6,733.7,751.0,799.3,846.5,826.3,780.9,774.3,742.3,724.0,742.8,751.0,834.3,917.1,898.1,861.0,844.3,817.6,794.9,780.4,757.9,777.0,783.0,889.4,835.9,820.6,798.7,1312.3,1388.8,1451.0,1487.3,1489.6,1443.5,1359.5,1284.1,1210.1,1150.6,1083.7,1006.5,901.0,779.1,671.5,557.7,447.0,1111.1,1046.7,987.4,941.0,900.2,534.4,440.7,367.7,330.7,335.9,823.8,865.7,910.2,956.8,1041.1,1024.2,1001.3,964.3,929.5,1143.0,1073.2,1008.2,983.4,1047.4,1106.6,686.6,619.6,552.7,526.0,576.7,639.2,1213.9,1125.6,1052.1,1026.6,992.7,951.3,924.0,1016.6,1089.4,1124.6,1156.3,1192.9,1183.1,1090.8,1058.5,1028.9,943.4,1063.6,1093.4,1126.3,0.00,0.00,0.00,0.00,0.00,0.00,0.00,0.00,0.00,0.00,0.00,0.00,0.00,0.00,0.00,0.00,0.00,0.00,0.00,0.00,0.00,0.00,0.00,0.00,0.00,0.00,0.00,0.00,0.00,0.00,0.00,0.00,0.00,0.00,0.00
105,0,3.467,0.03,0,0.000000,0.000000,0.000000,0.000000,0.000000,0.000000,0.000,0.000,613.0,581.0,584.9,622.4,671.6,707.6,699.7,662.2,598.0,595.2,601.0,612.1,630.9,650.8,666.2,661.2,653.2,640.9,629.6,615.3,652.8,673.0,675.3,658.5,632.2,612.1,609.7,626.6,705.1,683.3,694.5,732.1,774.0,795.7,784.6,747.4,737.1,743.1,754.6,773.8,795.7,812.8,825.7,833.9,828.6,811.1,786.0,760.3,743.4,761.7,766.9,755.9,735.2,716.9,711.7,722.7,973.2,967.2,951.3,934.8,927.5,935.8,949.5,965.9,1155.2,1123.0,1082.8,1041.5,1002.1,983.1,978.4,1006.9,1039.7,1076.1,1111.5,1139.9,971.7,961.7,951.0,945.8,949.3,959.3,970.0,975.2,667.1,632.3,589.4,563.6,570.0,604.9,647.8,676.9,667.8,638.1,599.7,562.0,533.8,517.0,515.5,535.3,562.3,593.5,626.6,655.8,644.6,631.9,610.7,593.5,590.2,602.9,624.1,641.4,-2.5,-5.7,-5.6,-1.9,3.4,6.9,5.7,2.0,-3.7,-3.9,-3.4,-2.4,-0.8,1.0,2.5,1.9,1.2,0.1,-0.9,-2.2,1.2,3.2,3.6,1.9,-0.8,-2.8,-3.0,-1.3,6.6,4.4,5.5,9.2,13.5,15.8,14.7,11.0,10.1,10.7,11.9,14.0,16.7,19.3,21.3,21.8,20.5,18.1,15.2,12.5,10.6,12.5,13.0,11.8,9.7,7.8,7.3,8.5,56.2,58.5,60.6,61.4,60.5,58.9,56.4,55.4,70.9,66.5,62.1,59.1,57.4,57.4,58.1,59.1,60.4,62.6,65.9,68.9,58.5,58.7,59.5,60.4,60.9,60.7,59.9,59.0,31.3,27.6,23.1,20.4,21.1,24.8,29.3,32.5,32.2,28.8,24.8,21.1,18.7,17.5,17.8,19.7,22.0,24.7,27.8,30.8,29.2,27.9,25.7,23.8,23.5,24.8,27.0,28.8,80.2,84.3,89.8,93.5,93.3,89.5,83.8,80.0,78.0,76.3,75.2,75.8,78.2,80.5,82.3,80.0,77.8,76.5,76.8,77.3,83.7,85.4,88.1,90.2,90.4,88.6,86.0,83.9,89.2,88.7,88.1,87.8,88.0,88.5,89.1,89.7,91.4,90.6,90.5,91.5,94.0,97.7,100.4,98.2,95.1,92.5,91.3,91.2,89.8,89.7,89.5,89.3,89.1,89.2,89.4,89.6,26.2,116.1,174.0,-0.430,0.505,-0.782,586.8,604.1,640.6,707.1,807.5,873.1,881.2,907.5,940.6,1009.8,1100.8,1185.5,1248.2,1227.1,1168.2,1102.1,1039.3,460.0,458.9,489.5,507.3,493.2,602.4,631.0,674.1,764.4,880.9,609.1,634.4,653.6,673.3,653.3,705.8,741.4,769.4,794.9,589.0,600.5,626.3,659.4,641.0,615.2,734.0,751.2,793.1,845.2,827.9,788.7,779.3,748.9,724.2,742.4,751.8,830.4,906.1,883.1,863.7,850.4,828.5,811.0,781.0,762.9,779.8,793.7,892.8,812.6,796.1,780.7,1332.6,1401.8,1461.6,1490.6,1504.2,1475.5,1367.0,1285.5,1224.9,1156.0,1101.2,1011.2,904.8,787.0,692.3,573.8,453.5,1130.5,1050.8,993.4,937.9,878.6,531.2,422.7,341.2,303.6,312.8,826.2,865.1,907.5,952.6,1043.8,1031.7,1002.7,970.6,944.2,1150.5,1077.1,1013.0,982.2,1043.3,1095.7,683.2,607.9,539.5,498.9,560.6,628.7,1212.4,1125.2,1061.8,1038.7,993.0,963.0,939.0,1016.2,1089.5,1135.1,1170.1,1195.7,1184.2,1109.3,1076.6,1044.4,954.8,1056.1,1092.3,1129.3,0.00,0.00,0.00,0.00,0.00,0.00,0.00,0.00,0.00,0.00,0.00,0.00,0.00,0.00,0.00,0.00,0.00,0.00,0.00,0.00,0.00,0.00,0.00,0.00,0.00,0.00,0.00,0.00,0.00,0.00,0.00,0.00,0.00,0.00,0.00
106,0,3.500,0.03,0,0.000000,0.000000,0.000000,0.000000,0.000000,0.000000,0.000,0.000,639.6,609.6,614.7,651.8,699.2,732.7,724.0,686.9,592.2,586.1,590.3,601.8,623.1,644.6,664.4,661.8,650.8,636.4,623.9,609.4,677.1,696.1,699.0,684.0,659.9,640.8,637.9,653.0,718.7,701.9,714.8,749.9,786.7,803.5,790.6,755.0,726.4,719.9,728.2,754.7,786.4,810.1,831.3,822.9,805.7,786.3,763.9,743.1,752.4,769.6,775.7,767.3,749.1,731.9,725.7,734.2,974.2,958.5,935.0,917.7,916.5,934.4,955.7,973.1,1145.4,1108.9,1070.3,1029.6,990.7,970.3,962.9,992.5,1027.1,1065.0,1098.9,1127.1,970.1,960.6,947.4,938.3,938.5,948.0,961.2,970.4,653.3,621.4,583.6,562.1,569.6,601.5,639.3,663.3,668.0,642.1,609.3,563.8,527.5,508.1,512.3,527.1,548.5,575.7,612.2,644.0,633.5,622.9,604.0,588.1,584.4,595.1,613.9,629.8,-0.0,-3.0,-2.7,1.3,6.5,9.9,8.4,4.5,-4.7,-5.2,-4.7,-3.6,-1.6,0.5,2.5,2.1,1.0,-0.3,-1.5,-2.9,3.7,5.7,6.2,4.7,2.1,0.1,-0.2,1.3,8.4,6.5,7.8,11.4,15.5,17.6,16.4,12.5,9.5,8.5,9.1,11.8,15.6,19.0,22.5,20.9,18.5,15.9,13.4,11.2,12.2,14.1,14.6,13.6,11.6,9.7,9.1,10.1,59.0,60.0,61.0,61.4,61.3,61.1,59.7,58.9,77.0,71.8,67.0,63.2,60.8,60.2,60.7,61.9,63.6,66.6,70.3,73.9,61.2,61.3,61.6,61.8,61.9,61.8,61.6,61.3,31.4,27.4,23.2,21.0,22.1,26.0,30.4,33.1,34.0,30.0,25.8,21.0,17.8,16.5,17.9,19.1,21.0,23.4,27.2,30.9,29.6,28.5,26.3,24.4,23.8,24.9,27.0,29.0,84.1,87.7,92.8,96.4,96.4,93.1,87.6,84.0,85.8,83.9,82.6,82.6,84.3,86.3,88.1,85.6,83.5,82.6,83.3,84.3,87.7,89.3,91.7,93.5,93.6,92.0,89.6,87.8,93.7,91.9,90.8,91.0,92.4,94.2,95.3,95.5,96.5,93.2,90.5,90.1,93.2,97.8,103.1,100.1,97.4,95.1,94.3,95.1,94.7,94.9,94.4,93.6,92.8,92.6,93.1,94.0,20.5,106.8,167.0,-0.960,0.871,-0.632,541.4,580.2,641.4,724.6,800.9,848.9,876.4,933.7,968.6,1038.3,1112.2,1199.7,1254.0,1238.8,1189.7,1113.4,1036.5,453.8,453.4,464.4,483.8,493.9,603.0,639.9,686.4,760.8,846.8,606.1,628.4,646.5,664.6,666.0,709.1,740.7,766.7,795.5,597.6,597.2,622.9,652.3,642.4,622.8,718.1,731.3,781.7,835.3,812.8,764.4,794.8,746.7,729.8,746.9,745.6,825.8,912.9,886.0,853.0,844.2,823.1,801.6,795.5,772.1,785.9,783.6,882.0,822.3,813.8,795.1,1304.4,1382.9,1441.5,1476.4,1482.6,1450.8,1383.7,1305.2,1217.8,1156.6,1093.3,1019.5,917.3,801.9,692.7,573.7,456.6,1107.9,1040.7,978.0,924.6,880.7,503.8,409.9,340.9,306.3,312.4,807.0,854.9,903.6,954.6,1044.2,1027.0,1002.9,963.0,924.7,1140.9,1063.7,990.9,965.4,1033.7,1104.1,673.6,600.5,528.3,505.2,554.7,622.7,1227.1,1134.5,1056.6,1031.0,996.9,956.5,930.6,1020.9,1090.9,1126.4,1158.5,1200.7,1190.6,1098.3,1065.9,1035.1,953.6,1064.1,1092.6,1123.8,0.00,0.00,0.00,0.00,0.00,0.00,0.00,0.00,0.00,0.00,0.00,0.00,0.00,0.00,0.00,0.00,0.00,0.00,0.00,0.00,0.00,0.00,0.00,0.00,0.00,0.00,0.00,0.00,0.00,0.00,0.00,0.00,0.00,0.00,0.00
107,0,3.533,0.03,0,0.000000,0.000000,0.000000,0.000000,0.000000,0.000000,0.000,0.000,640.5,609.1,616.3,657.8,709.5,745.2,733.7,692.1,607.6,601.7,605.3,615.6,635.5,656.8,676.5,671.3,661.1,647.6,636.7,623.6,683.8,705.4,709.2,693.1,666.4,644.8,640.9,657.1,695.7,673.5,681.0,713.7,752.6,774.7,767.3,736.7,721.8,716.8,725.2,744.3,773.7,804.1,835.7,831.2,813.6,789.9,763.1,741.0,733.8,749.5,752.9,742.1,723.3,707.6,704.2,715.0,983.4,970.2,946.4,926.0,920.8,936.1,957.8,978.2,1166.8,1130.7,1090.3,1047.4,1004.4,981.1,972.4,1003.7,1040.0,1080.0,1116.8,1147.1,977.8,966.2,952.2,944.0,946.3,957.8,971.8,980.1,712.0,672.0,620.9,588.6,594.0,634.0,685.2,721.5,658.3,633.7,602.2,559.0,526.7,513.3,515.7,521.0,536.2,562.1,603.4,640.7,682.2,666.9,642.8,624.1,621.7,637.1,661.2,679.9,0.0,-2.9,-2.4,1.9,7.2,10.4,8.7,4.6,-2.9,-3.4,-3.0,-2.1,-0.4,1.5,3.4,2.8,1.9,0.7,-0.3,-1.5,4.1,6.2,6.8,5.3,2.7,0.5,0.1,1.6,5.8,3.5,4.3,7.5,11.0,13.0,12.5,9.8,8.4,8.0,9.0,11.1,14.5,18.1,21.7,20.8,18.3,15.3,12.4,10.2,9.5,11.0,11.3,10.3,8.5,7.0,6.7,7.7,55.8,57.4,58.6,58.8,58.0,57.2,55.6,55.0,72.6,67.8,63.1,59.5,57.1,56.5,56.9,58.1,59.8,62.5,66.3,69.8,57.6,57.6,58.0,58.5,58.9,59.1,58.7,58.1,36.5,32.8,27.1,23.1,23.0,26.5,31.8,36.5,30.6,28.4,25.5,21.3,18.0,16.9,17.3,17.5,18.5,20.7,24.6,28.5,32.8,30.8,28.3,26.6,26.7,28.6,31.2,32.9,78.3,82.2,87.5,90.9,90.5,86.8,81.3,77.9,78.7,76.9,75.6,75.7,77.5,79.6,81.3,78.9,76.9,76.0,76.7,77.6,81.6,83.2,85.7,87.7,88.0,86.4,83.9,82.0,90.7,91.9,91.0,88.5,85.9,84.7,85.6,88.4,89.7,90.9,92.2,93.4,94.7,96.7,97.1,95.1,92.1,89.6,88.5,88.8,88.9,87.9,87.5,88.1,89.3,90.4,90.7,90.1,21.3,107.6,166.3,-1.105,0.947,-0.543,577.4,614.2,672.6,748.2,807.5,838.3,853.7,909.7,942.8,1016.5,1097.4,1190.7,1244.9,1225.1,1175.6,1101.9,1032.8,473.3,473.2,483.0,500.7,507.8,622.1,667.5,718.2,795.5,882.7,613.8,628.8,638.8,648.9,664.2,703.3,733.7,760.8,793.7,614.7,615.2,638.4,668.0,655.1,638.3,730.2,745.6,796.3,849.3,822.6,774.3,788.2,734.0,719.8,738.0,737.3,816.5,898.1,864.1,833.1,821.5,800.1,781.5,783.1,767.2,782.0,782.0,863.8,798.7,788.4,768.8,1326.0,1400.0,1452.9,1478.1,1471.5,1431.3,1363.9,1292.1,1205.9,1147.9,1086.7,1018.6,919.3,804.6,693.5,573.1,461.2,1123.3,1063.4,1007.4,962.2,921.4,523.3,430.8,362.3,329.6,333.8,826.0,869.9,914.7,961.5,1052.8,1034.0,1009.3,970.3,933.8,1154.4,1081.0,1007.5,979.1,1046.4,1117.4,684.7,614.8,543.6,519.6,567.7,633.9,1223.1,1133.0,1060.9,1033.1,995.3,954.0,928.4,1001.9,1071.1,1109.2,1143.8,1183.2,1182.0,1105.1,1069.7,1035.7,949.6,1043.6,1075.1,1108.0,0.00,0.00,0.00,0.00,0.00,0.00,0.00,0.00,0.00,0.00,0.00,0.00,0.00,0.00,0.00,0.00,0.00,0.00,0.00,0.00,0.00,0.00,0.00,0.00,0.00,0.00,0.00,0.00,0.00,0.00,0.00,0.00,0.00,0.00,0.00
108,0,3.567,0.03,0,0.000000,0.000000,0.000000,0.000000,0.000000,0.000000,0.000,0.000,633.8,598.8,602.8,643.6,697.3,737.0,728.3,687.5,622.4,617.0,620.2,629.1,646.4,667.0,684.9,679.4,671.5,659.4,649.9,637.7,678.1,700.4,702.7,683.8,654.7,632.4,630.1,649.0,702.6,684.2,693.8,725.7,761.3,779.6,770.0,739.0,735.7,735.2,741.6,758.4,791.3,818.8,841.6,825.9,803.6,780.2,759.7,745.7,734.0,745.4,749.5,743.8,731.8,720.4,716.3,721.9,978.5,973.4,955.4,935.1,924.4,931.8,947.5,967.8,1171.7,1137.2,1093.4,1050.1,1006.8,983.5,976.5,1006.2,1041.6,1081.4,1121.2,1153.5,974.8,962.3,949.9,944.9,950.2,962.7,975.0,980.1,720.4,691.1,657.4,638.9,646.5,675.8,709.5,729.7,679.4,652.1,620.6,572.6,531.4,512.3,512.1,527.1,547.1,575.9,615.9,653.3,693.6,687.8,676.5,666.2,663.1,668.8,680.2,690.4,-0.5,-3.7,-3.6,0.4,5.7,9.3,7.9,4.0,-1.5,-1.9,-1.6,-0.9,0.5,2.3,3.9,3.4,2.6,1.6,0.8,-0.2,3.4,5.5,5.9,4.2,1.4,-0.7,-0.9,0.8,7.1,4.9,5.8,9.0,12.7,15.0,14.4,11.3,10.6,10.4,11.0,12.8,17.0,20.9,24.7,21.6,18.3,15.3,12.9,11.5,10.5,11.7,12.0,11.2,9.9,8.8,8.5,9.2,52.5,54.9,57.1,57.6,56.4,54.7,52.3,51.4,66.9,62.8,58.4,55.5,53.8,53.5,54.1,55.0,56.4,58.5,61.9,64.9,54.6,54.7,55.4,56.4,57.0,57.0,56.3,55.2,41.0,36.9,32.1,29.3,30.1,33.9,38.8,42.2,35.5,32.0,28.1,23.1,19.3,17.8,18.6,19.4,21.0,23.6,27.6,32.0,37.4,36.3,34.6,33.1,32.8,33.9,35.6,37.1,74.2,78.3,83.9,87.7,87.5,83.6,77.8,74.0,72.1,70.7,69.7,70.4,72.8,75.1,76.8,74.5,72.3,71.0,71.1,71.6,77.7,79.5,82.2,84.3,84.6,82.8,80.1,77.9,99.7,97.6,94.4,92.0,91.8,93.9,97.0,100.0,97.1,95.8,94.5,94.9,98.5,102.3,107.1,101.7,98.0,95.6,94.2,95.3,98.1,97.0,95.6,94.7,94.8,95.9,97.3,98.2,26.5,114.5,171.8,-0.470,0.507,-0.759,611.6,622.0,654.6,719.1,816.0,879.8,878.6,889.4,927.1,998.8,1111.3,1195.7,1251.0,1225.5,1166.2,1102.4,1050.1,478.5,483.5,502.4,503.2,461.8,599.4,644.0,687.1,773.7,885.0,606.5,627.0,638.0,649.1,647.7,696.0,729.1,758.6,790.2,607.6,622.1,645.8,677.4,655.6,630.3,724.9,747.9,788.3,842.5,819.3,779.9,787.2,746.3,716.9,736.1,744.4,821.5,898.6,852.6,835.0,821.8,802.6,795.2,783.0,757.8,774.4,790.7,885.2,781.1,763.2,749.3,1335.0,1401.7,1457.3,1480.3,1491.5,1471.1,1359.3,1280.7,1223.5,1155.6,1112.1,1019.7,911.0,794.4,703.4,579.7,453.3,1137.4,1068.1,1021.2,966.7,891.5,481.5,388.3,323.6,301.3,310.1,828.3,869.2,912.2,958.1,1050.0,1039.8,1009.0,976.9,951.8,1162.6,1086.1,1018.6,979.6,1042.8,1099.8,687.9,611.0,542.0,495.7,559.6,629.9,1218.2,1135.5,1073.1,1047.1,991.2,964.5,938.4,996.0,1067.6,1122.4,1161.0,1186.7,1188.7,1122.9,1087.4,1046.0,952.0,1034.3,1076.7,1116.7,0.00,0.00,0.00,0.00,0.00,0.00,0.00,0.00,0.00,0.00,0.00,0.00,0.00,0.00,0.00,0.00,0.00,0.00,0.00,0.00,0.00,0.00,0.00,0.00,0.00,0.00,0.00,0.00,0.00,0.00,0.00,0.00,0.00,0.00,0.00
109,0,3.600,0.03,0,0.000000,0.000000,0.000000,0.000000,0.000000,0.000000,0.000,0.000,656.4,627.1,633.7,672.2,720.2,753.3,742.9,704.3,601.5,595.3,598.6,608.6,628.3,648.3,668.8,665.8,654.4,640.7,629.7,617.0,695.1,713.9,717.2,703.1,679.9,661.2,657.8,671.9,709.5,688.2,697.1,730.9,769.9,791.1,782.3,751.0,727.7,722.7,729.9,749.9,776.1,813.6,851.1,842.9,818.2,788.3,763.5,744.2,750.7,767.8,772.2,761.1,741.1,723.9,719.6,730.7,989.3,972.0,947.4,929.9,929.8,949.2,971.8,989.2,1153.2,1113.1,1075.3,1034.3,994.9,973.4,963.9,994.2,1029.0,1067.7,1101.2,1130.2,983.7,974.7,961.9,952.9,952.8,961.8,974.5,983.6,685.9,640.0,589.2,563.3,577.4,623.3,674.1,703.8,669.1,641.4,602.0,557.9,524.9,499.3,491.6,508.6,538.9,574.0,617.0,653.2,663.6,650.4,624.9,602.2,595.4,608.7,634.1,656.9,1.6,-1.3,-0.7,3.6,9.0,12.3,10.5,6.3,-3.9,-4.4,-4.0,-3.0,-1.1,0.8,3.0,2.6,1.4,0.1,-1.0,-2.3,5.7,7.7,8.3,6.9,4.4,2.3,1.9,3.3,6.9,4.8,5.6,8.5,11.7,13.5,13.0,10.6,8.7,8.1,8.6,10.4,12.8,16.5,20.3,19.2,16.6,13.7,11.6,10.1,10.6,12.0,12.3,11.3,9.6,8.1,7.8,8.8,61.9,62.7,63.6,63.9,63.8,63.8,62.5,61.8,80.0,74.2,69.4,65.3,62.6,62.0,62.4,63.5,65.2,68.4,72.3,76.2,63.9,64.1,64.3,64.5,64.6,64.5,64.3,64.0,32.2,28.0,22.4,19.1,19.6,23.5,28.7,32.9,30.6,27.4,23.2,18.7,15.5,13.3,12.6,14.0,16.7,19.8,24.2,28.3,29.1,27.3,24.6,22.6,22.4,24.1,26.8,28.9,86.1,89.7,94.7,98.1,98.0,94.7,89.4,86.0,88.3,86.2,84.9,84.8,86.3,88.5,90.4,87.5,85.3,84.6,85.4,86.6,89.7,91.2,93.5,95.2,95.4,93.8,91.5,89.8,86.5,87.4,85.5,82.1,79.1,78.2,80.1,83.8,86.7,85.3,84.0,82.6,82.1,83.3,84.0,82.7,81.5,81.0,82.4,84.4,83.8,82.2,81.3,81.8,83.2,84.9,85.7,85.3,23.2,111.8,174.2,-0.975,0.899,-0.588,590.9,623.6,670.9,731.5,794.3,826.7,835.8,887.3,919.7,994.7,1074.0,1164.0,1220.5,1195.9,1146.5,1079.8,1006.1,475.9,480.0,496.5,512.0,513.1,647.3,685.5,725.6,794.8,878.0,625.9,643.5,656.7,671.5,659.9,706.8,742.4,765.0,787.8,608.4,611.6,636.4,665.8,651.0,633.3,743.1,759.3,811.6,863.7,840.8,792.3,775.8,744.6,722.5,740.4,744.2,825.5,898.7,868.6,832.3,819.1,795.7,780.5,775.7,762.0,779.6,782.2,868.3,803.5,790.5,771.0,1318.8,1390.7,1444.8,1471.6,1467.4,1420.6,1338.4,1266.7,1192.7,1139.4,1079.0,1006.7,905.4,785.7,679.5,562.3,451.3,1116.0,1054.0,999.0,956.5,912.4,519.6,428.3,357.4,322.3,327.4,815.3,859.3,905.5,953.7,1036.4,1021.4,1001.2,968.9,938.3,1141.2,1066.8,996.0,973.8,1040.6,1106.4,679.4,605.9,534.9,511.3,563.9,630.2,1211.7,1126.8,1054.3,1031.1,997.8,958.9,927.4,1008.7,1077.6,1110.8,1142.0,1178.5,1178.7,1098.4,1067.2,1038.9,946.5,1046.7,1073.6,1104.7,0.00,0.00,0.00,0.00,0.00,0.00,0.00,0.00,0.00,0.00,0.00,0.00,0.00,0.00,0.00,0.00,0.00,0.00,0.00,0.00,0.00,0.00,0.00,0.00,0.00,0.00,0.00,0.00,0.00,0.00,0.00,0.00,0.00,0.00,0.00
110,0,3.633,0.03,0,0.000000,0.000000,0.000000,0.000000,0.000000,0.000000,0.000,0.000,640.0,613.6,623.8,664.6,712.2,742.9,728.4,687.6,618.6,615.5,620.5,630.4,648.3,667.0,682.3,676.3,666.9,655.2,645.8,633.8,682.4,703.1,708.2,694.7,670.6,649.9,644.8,658.2,707.0,684.0,689.5,720.2,758.2,781.2,775.8,746.6,738.7,730.7,732.2,751.0,783.5,815.9,851.3,844.2,824.4,802.0,780.2,759.8,741.5,756.5,759.0,747.4,728.6,713.6,711.1,722.7,975.7,966.1,948.3,932.6,928.3,940.1,955.7,971.3,1149.0,1114.8,1077.8,1035.8,995.9,976.0,968.8,997.2,1029.6,1066.7,1101.1,1129.2,973.3,964.4,953.7,947.7,949.7,958.7,969.3,975.4,706.5,677.8,640.8,617.1,620.7,649.4,686.4,711.8,662.6,639.5,606.2,559.2,521.8,502.1,502.6,520.1,542.9,569.2,606.9,641.8,681.9,670.1,651.7,637.6,636.0,647.8,666.1,680.2,0.0,-2.7,-1.7,2.7,8.0,10.9,8.8,4.5,-2.0,-2.3,-1.8,-0.9,0.8,2.6,4.2,3.5,2.5,1.4,0.5,-0.6,4.2,6.4,7.1,5.8,3.3,1.0,0.5,1.8,7.2,4.7,5.1,8.1,11.7,14.2,14.0,11.4,10.5,9.4,9.3,11.2,14.9,19.0,24.0,22.5,19.9,17.1,14.6,12.6,10.7,12.2,12.2,11.0,9.1,7.7,7.5,8.8,59.4,61.4,63.1,63.5,62.6,61.3,59.2,58.5,74.6,69.7,65.2,61.7,59.6,59.4,60.1,61.0,62.4,65.0,68.6,71.8,61.3,61.4,62.0,62.8,63.3,63.3,62.7,61.8,37.5,34.0,29.2,25.9,25.8,29.0,33.7,37.7,32.3,29.1,24.9,20.1,16.8,15.3,16.2,17.6,19.7,22.0,25.7,29.6,34.0,32.3,30.0,28.4,28.5,30.1,32.4,34.1,84.4,88.6,93.8,97.1,96.4,92.4,86.9,83.7,82.7,80.7,79.5,79.9,82.0,84.4,86.4,83.8,81.5,80.4,81.0,81.7,87.5,88.9,91.4,93.5,93.9,92.5,90.0,87.9,94.6,93.6,90.9,88.1,86.7,87.7,90.4,93.7,93.5,91.0,88.7,88.3,90.7,94.5,99.4,96.4,94.3,92.2,91.2,92.0,92.5,91.3,90.1,89.7,90.2,91.5,92.7,93.1,27.6,116.0,174.4,-0.411,0.409,-0.749,610.9,624.5,656.0,717.0,799.1,853.7,859.5,869.2,912.1,975.1,1087.1,1172.4,1230.4,1218.8,1166.5,1100.0,1036.3,470.7,484.7,515.8,526.6,498.9,616.1,647.3,683.1,769.0,887.6,616.4,637.5,650.3,663.0,657.9,700.0,729.4,757.7,788.8,594.6,617.8,645.0,681.5,656.6,626.4,732.2,750.4,787.0,842.4,825.1,787.9,777.4,752.1,731.2,744.4,747.6,820.0,902.0,856.5,835.5,824.2,810.3,795.6,777.5,761.3,772.8,786.0,892.6,786.6,770.2,761.0,1334.2,1401.1,1456.9,1479.1,1483.9,1460.4,1350.3,1270.8,1217.1,1145.8,1102.7,1004.6,895.3,784.8,697.9,575.1,441.1,1129.6,1050.8,1003.5,944.1,873.4,503.5,403.0,328.7,294.0,299.6,817.8,860.1,904.4,951.9,1043.3,1031.4,997.5,964.0,938.2,1148.0,1068.9,1001.0,966.5,1027.8,1086.4,685.2,602.8,531.2,483.4,550.1,624.4,1203.1,1123.7,1062.0,1043.4,995.3,971.7,938.3,1012.9,1079.9,1124.0,1154.9,1179.3,1177.5,1107.0,1080.0,1047.4,953.7,1048.1,1080.9,1113.4,0.00,0.00,0.00,0.00,0.00,0.00,0.00,0.00,0.00,0.00,0.00,0.00,0.00,0.00,0.00,0.00,0.00,0.00,0.00,0.00,0.00,0.00,0.00,0.00,0.00,0.00,0.00,0.00,0.00,0.00,0.00,0.00,0.00,0.00,0.00
111,0,3.667,0.03,0,0.000000,0.000000,0.000000,0.000000,0.000000,0.000000,0.000,0.000,642.9,611.1,613.7,649.3,696.9,732.3,726.1,690.5,593.5,588.6,593.2,604.3,624.7,644.6,663.8,658.9,647.7,633.3,621.5,608.5,678.9,696.9,698.6,682.9,659.1,641.1,639.4,655.1,720.8,698.3,707.1,742.0,782.6,805.1,796.3,762.6,733.6,727.0,729.9,748.0,775.1,803.7,835.7,827.6,810.3,790.7,771.1,752.9,758.4,775.2,779.2,768.2,748.5,731.7,727.6,738.7,972.1,955.5,929.9,910.4,908.4,926.8,950.5,970.1,1136.9,1100.8,1063.0,1022.7,983.4,962.5,954.4,984.1,1018.2,1055.5,1088.6,1116.8,965.2,954.9,941.1,931.8,932.5,942.8,956.6,965.9,654.0,619.5,577.8,553.4,560.5,594.9,636.6,664.7,665.4,639.9,605.4,561.5,529.1,509.6,505.7,522.0,544.8,570.7,606.2,640.4,633.1,621.3,601.1,584.6,581.3,593.1,613.2,629.8,0.3,-3.0,-2.8,1.0,6.4,10.0,8.8,5.0,-4.7,-5.0,-4.5,-3.4,-1.5,0.5,2.4,1.9,0.7,-0.6,-1.8,-3.1,4.0,5.9,6.3,4.7,2.1,0.1,-0.1,1.5,8.9,6.5,7.4,11.2,15.5,17.8,16.9,13.4,10.4,9.5,9.6,11.5,14.7,18.5,23.0,21.4,19.0,16.5,14.3,12.4,13.0,14.8,15.3,14.1,12.0,10.2,9.7,10.9,60.0,60.8,61.4,61.6,61.5,61.5,60.5,59.9,78.1,72.7,67.7,63.8,61.1,60.5,60.9,62.2,64.2,67.3,71.1,74.8,62.0,62.0,62.1,62.3,62.4,62.4,62.3,62.1,32.4,28.8,24.1,21.2,21.7,25.3,29.8,33.3,33.9,30.4,26.2,21.5,18.4,16.9,17.1,18.5,20.6,23.1,26.8,30.7,30.0,28.6,26.4,24.7,24.4,25.8,28.1,29.8,85.8,89.3,94.3,98.0,98.1,95.0,89.6,85.9,87.9,85.8,84.3,84.2,85.8,87.9,89.7,87.3,85.4,84.6,85.4,86.5,89.6,91.2,93.6,95.3,95.3,93.7,91.3,89.6,96.4,97.0,96.8,95.9,94.9,94.2,94.4,95.5,97.1,95.1,93.4,93.3,95.3,98.8,102.8,100.0,97.8,95.9,95.1,95.7,96.3,95.9,95.8,96.1,96.6,97.0,97.1,96.7,23.6,111.9,176.5,-0.962,0.876,-0.592,577.2,610.6,659.5,725.1,793.0,830.5,843.3,892.0,922.2,993.1,1070.2,1162.8,1223.7,1205.6,1157.4,1086.7,1008.7,471.7,477.6,496.4,516.0,522.4,647.5,680.7,719.6,792.2,877.1,632.0,650.9,667.4,685.1,665.3,710.2,744.5,768.3,790.9,602.0,606.7,631.9,660.0,644.7,625.8,741.8,757.8,807.4,856.2,835.2,788.7,775.8,748.2,726.9,744.0,749.2,830.7,907.2,875.4,836.6,823.1,800.1,784.1,777.5,761.7,778.1,782.4,879.3,813.1,799.7,781.0,1300.2,1373.5,1431.6,1464.4,1465.5,1419.8,1336.1,1261.8,1187.8,1133.2,1073.7,1001.3,901.4,781.8,675.6,559.7,449.3,1100.3,1038.0,981.3,937.1,895.9,526.1,433.6,360.3,324.4,332.5,808.1,851.0,896.4,943.8,1024.3,1009.3,988.6,954.9,923.2,1126.0,1054.8,987.8,965.5,1029.0,1091.3,677.7,607.9,539.9,515.8,566.2,629.7,1200.2,1114.4,1040.6,1018.2,986.8,949.9,919.3,1004.2,1071.5,1103.1,1132.7,1170.5,1168.6,1081.5,1051.3,1024.8,938.0,1044.3,1070.2,1100.6,0.00,0.00,0.00,0.00,0.00,0.00,0.00,0.00,0.00,0.00,0.00,0.00,0.00,0.00,0.00,0.00,0.00,0.00,0.00,0.00,0.00,0.00,0.00,0.00,0.00,0.00,0.00,0.00,0.00,0.00,0.00,0.00,0.00,0.00,0.00
112,0,3.700,0.03,0,0.000000,0.000000,0.000000,0.000000,0.000000,0.000000,0.000,0.000,663.3,632.8,638.4,676.9,725.6,760.1,750.4,712.0,618.1,613.5,617.4,627.1,645.7,664.2,682.8,677.4,666.7,653.8,643.6,632.0,702.6,721.5,724.4,709.6,685.8,667.0,664.1,678.8,720.7,695.4,697.6,726.0,764.0,789.3,787.1,760.2,740.4,744.0,753.7,772.6,797.0,814.9,836.3,839.7,830.9,816.3,793.5,767.7,748.4,758.0,759.2,751.4,739.1,729.6,728.4,736.2,984.2,970.8,948.6,930.6,927.3,942.7,963.0,980.9,1148.2,1109.8,1072.2,1031.5,992.0,971.0,962.1,991.0,1024.3,1061.8,1095.5,1124.8,978.3,968.9,957.1,949.7,951.2,960.6,972.4,979.8,715.3,692.4,659.6,635.9,635.4,658.2,691.1,715.3,657.6,638.7,607.7,565.8,527.8,505.5,501.4,515.3,541.1,571.7,612.8,646.3,681.6,674.5,664.4,657.3,657.2,664.3,674.4,681.6,2.3,-0.7,-0.2,4.2,9.6,13.0,11.3,7.1,-2.2,-2.6,-2.2,-1.2,0.6,2.4,4.4,3.7,2.6,1.3,0.3,-0.8,6.4,8.5,9.0,7.6,5.0,2.9,2.5,4.0,9.5,6.4,6.4,9.3,13.2,16.2,16.6,14.0,11.4,11.7,12.6,14.6,17.6,20.2,23.4,23.5,21.9,19.8,17.1,14.4,12.4,13.3,13.2,12.3,11.0,10.1,10.1,11.1,61.4,62.7,64.0,64.3,63.8,63.2,61.6,60.9,78.1,72.7,68.0,64.2,61.7,61.3,61.7,62.7,64.2,67.1,70.9,74.6,63.3,63.5,63.9,64.3,64.6,64.6,64.2,63.6,41.7,38.4,33.4,29.7,29.3,32.4,37.3,41.5,33.9,31.3,27.4,22.7,18.9,16.8,16.9,18.2,20.8,23.8,28.2,32.4,36.8,35.5,33.8,32.8,33.0,34.3,35.9,37.0,86.0,89.9,95.1,98.6,98.4,94.8,89.3,85.8,86.7,84.8,83.5,83.7,85.5,87.7,89.7,86.9,84.6,83.7,84.4,85.4,89.6,91.2,93.6,95.4,95.6,94.1,91.7,89.8,102.8,101.0,97.4,94.2,93.1,94.9,98.5,102.3,99.7,98.1,96.7,96.5,98.3,101.0,104.5,102.8,100.6,98.3,97.6,98.9,100.2,98.8,97.3,96.6,97.1,98.5,100.0,100.7,27.7,111.1,168.9,-0.410,0.372,-0.736,606.5,623.2,658.0,722.0,803.0,857.7,866.5,870.5,917.4,978.7,1090.5,1176.0,1233.0,1227.2,1179.7,1117.7,1058.1,473.0,494.3,519.2,522.4,488.0,626.3,666.9,702.3,785.3,897.7,624.6,642.8,652.7,662.2,658.5,697.7,726.2,754.8,786.4,594.3,622.1,647.6,683.4,655.5,626.2,738.3,760.6,794.8,849.8,828.6,792.6,773.9,748.3,729.5,742.7,749.0,820.3,905.1,850.7,827.2,813.3,799.1,785.0,773.5,752.3,764.4,780.7,896.8,790.0,771.6,762.0,1319.7,1390.0,1449.5,1474.3,1480.1,1455.3,1338.1,1257.3,1205.4,1133.2,1096.5,1003.7,896.0,786.4,697.9,575.9,442.1,1115.9,1041.5,998.3,939.9,866.0,473.0,382.6,315.5,290.0,297.3,809.1,851.3,894.3,940.0,1034.2,1021.0,984.5,949.9,923.2,1143.6,1066.2,1000.6,962.9,1022.3,1079.6,684.7,603.3,534.0,483.2,548.6,621.8,1192.0,1111.0,1048.3,1029.4,979.9,958.8,928.4,997.7,1061.9,1108.1,1137.9,1163.3,1169.3,1088.0,1061.3,1026.8,942.7,1037.2,1072.5,1105.0,0.00,0.00,0.00,0.00,0.00,0.00,0.00,0.00,0.00,0.00,0.00,0.00,0.00,0.00,0.00,0.00,0.00,0.00,0.00,0.00,0.00,0.00,0.00,0.00,0.00,0.00,0.00,0.00,0.00,0.00,0.00,0.00,0.00,0.00,0.00
113,0,3.733,0.03,0,0.000000,0.000000,0.000000,0.000000,0.000000,0.000000,0.000,0.000,643.6,618.2,625.9,662.1,705.6,735.0,723.3,687.1,591.0,585.0,588.2,597.7,615.9,633.9,654.4,653.6,641.0,627.4,616.7,604.9,680.8,696.9,700.3,689.0,669.7,653.6,650.2,661.5,738.0,716.9,726.9,762.2,802.1,823.2,813.2,778.4,740.6,742.0,748.2,763.4,790.2,814.8,838.1,841.8,832.3,814.4,791.6,768.0,776.3,797.6,802.6,788.4,763.3,742.0,737.0,751.2,1020.9,1000.4,970.6,948.8,947.9,969.4,998.2,1020.0,1135.1,1096.6,1064.2,1028.9,993.8,971.4,958.5,987.7,1020.9,1057.3,1087.2,1113.7,1006.6,996.9,983.5,974.4,974.8,984.5,997.8,1007.0,645.5,611.2,570.9,548.3,556.6,590.9,631.2,658.1,663.3,636.1,602.6,557.3,523.0,507.0,507.3,521.7,541.9,570.5,607.1,642.7,634.4,620.2,595.3,574.3,569.5,583.6,608.5,629.5,0.4,-2.5,-1.7,2.7,8.0,11.3,9.5,5.2,-5.7,-6.3,-5.9,-4.8,-2.8,-0.7,1.7,1.5,0.1,-1.4,-2.6,-4.0,4.7,6.6,7.1,5.9,3.6,1.6,1.2,2.5,9.9,7.8,8.9,12.5,16.6,18.7,17.6,14.1,10.4,10.4,11.0,12.7,16.0,19.4,22.9,22.3,20.5,18.1,15.4,13.0,13.9,16.2,16.8,15.4,12.7,10.5,9.9,11.4,74.1,74.3,73.7,72.5,71.9,72.3,72.6,73.3,90.9,84.7,79.9,75.6,72.4,71.0,70.7,71.7,73.7,77.3,81.6,86.1,74.5,74.1,73.8,73.8,74.1,74.6,74.9,74.8,28.9,25.5,21.5,19.3,20.1,23.6,27.5,30.3,31.2,28.2,24.7,20.4,17.4,16.3,17.0,17.9,19.4,21.9,25.2,28.8,28.1,26.7,24.3,22.2,21.6,23.0,25.4,27.5,98.1,101.5,105.6,107.8,107.0,103.8,99.5,97.2,102.6,100.6,99.3,98.9,99.9,101.6,103.3,100.0,97.6,97.0,98.2,100.0,100.8,101.8,103.6,105.1,105.5,104.5,102.7,101.2,88.6,88.9,89.3,89.6,89.6,89.3,88.8,88.8,90.0,89.4,89.1,90.3,93.4,97.1,101.1,96.8,93.4,90.8,89.1,89.1,89.5,89.8,90.3,90.5,90.4,90.0,89.6,89.4,23.4,108.7,173.6,-0.941,0.853,-0.601,561.8,595.6,648.1,717.9,791.9,833.8,852.2,904.0,942.4,1018.7,1095.8,1186.3,1245.6,1225.3,1173.8,1104.8,1027.6,461.4,473.0,493.3,510.9,514.4,646.2,684.5,724.7,793.0,874.4,632.1,651.6,668.6,686.5,666.9,712.4,746.0,768.5,791.0,594.6,599.8,625.2,653.2,638.9,619.6,746.8,765.8,814.9,863.7,841.3,795.3,771.5,743.4,726.5,744.2,751.6,834.7,913.1,882.8,842.5,827.0,802.0,782.8,775.4,759.1,776.9,782.7,885.2,820.3,805.9,785.5,1280.6,1355.9,1417.9,1454.1,1459.9,1416.2,1331.1,1256.2,1181.8,1126.2,1068.8,998.8,899.1,778.4,670.1,554.2,442.4,1080.8,1021.4,968.6,925.1,883.2,512.4,422.9,352.5,318.8,324.5,803.9,847.2,892.9,940.4,1019.3,1004.5,982.8,947.1,913.8,1125.5,1056.9,991.5,965.6,1030.1,1090.8,672.6,604.7,538.7,512.5,562.8,625.0,1188.1,1101.3,1030.2,1006.3,974.4,937.1,908.3,993.8,1061.2,1094.1,1123.4,1160.3,1157.6,1068.4,1037.7,1010.0,926.3,1037.5,1064.9,1095.6,0.00,0.00,0.00,0.00,0.00,0.00,0.00,0.00,0.00,0.00,0.00,0.00,0.00,0.00,0.00,0.00,0.00,0.00,0.00,0.00,0.00,0.00,0.00,0.00,0.00,0.00,0.00,0.00,0.00,0.00,0.00,0.00,0.00,0.00,0.00
114,0,3.767,0.03,0,0.000000,0.000000,0.000000,0.000000,0.000000,0.000000,0.000,0.000,636.3,603.4,607.9,647.1,698.0,735.0,726.4,687.2,610.8,608.0,613.9,625.2,644.4,664.7,681.3,676.3,666.9,653.4,641.6,627.5,677.5,698.6,701.3,684.0,656.8,635.8,633.1,650.4,719.8,695.0,707.1,748.8,795.8,820.5,808.5,768.2,752.0,753.4,762.8,780.2,804.5,830.1,857.1,860.7,848.9,828.0,802.2,777.5,762.2,777.2,782.4,774.8,758.9,744.0,738.8,746.3,958.8,950.0,930.9,912.7,906.1,917.1,934.0,952.1,1142.6,1109.3,1068.7,1027.5,986.6,964.9,957.7,986.7,1021.0,1058.9,1095.8,1125.7,956.1,945.2,932.9,926.3,929.3,940.2,952.5,959.1,720.2,677.2,622.7,588.6,594.8,637.8,692.4,730.7,661.7,629.8,590.2,546.7,516.8,503.0,503.9,510.9,530.2,559.4,601.9,643.1,681.2,669.2,649.6,633.8,631.1,643.1,662.7,678.5,-0.3,-3.5,-3.2,0.7,6.1,9.5,8.1,4.2,-2.6,-2.8,-2.2,-1.3,0.4,2.2,3.8,3.3,2.4,1.2,0.1,-1.1,3.5,5.6,6.1,4.4,1.7,-0.4,-0.7,1.0,7.5,5.2,6.3,10.0,14.0,16.1,15.2,11.9,10.5,10.7,11.8,13.7,16.5,19.9,23.2,22.9,20.7,18.0,15.2,12.8,11.4,12.7,13.1,12.4,11.0,9.8,9.3,10.0,53.8,55.7,57.4,57.9,57.1,55.9,53.8,53.0,69.2,64.9,60.4,57.3,55.4,55.0,55.6,56.6,58.1,60.4,63.9,67.0,55.9,56.0,56.6,57.3,57.7,57.7,57.1,56.3,33.9,30.1,24.7,21.0,21.1,24.8,30.0,34.3,28.3,25.5,22.0,18.3,15.8,14.9,15.4,15.6,16.9,19.1,22.6,26.4,30.0,28.6,26.6,25.2,25.2,26.6,28.6,30.0,78.6,82.6,88.0,91.7,91.5,87.8,82.1,78.4,77.4,75.8,74.6,75.1,77.3,79.6,81.3,79.0,76.9,75.6,76.0,76.6,82.0,83.8,86.4,88.5,88.7,87.0,84.3,82.3,82.3,83.0,82.2,80.5,78.8,78.1,78.9,80.9,82.1,82.6,83.8,85.6,88.0,91.4,93.5,90.7,86.8,83.7,81.9,81.6,81.7,80.8,80.3,80.5,81.2,82.1,82.6,82.4,27.9,109.3,167.9,-0.427,0.390,-0.726,590.0,607.2,642.7,707.8,795.0,856.1,872.7,885.4,932.9,996.3,1104.8,1188.8,1242.9,1231.9,1181.8,1120.0,1061.1,465.3,484.1,512.0,519.7,490.5,635.1,674.3,709.3,789.8,900.6,629.2,648.5,659.6,670.3,663.1,704.6,734.7,762.9,794.0,588.8,614.0,643.2,682.1,654.3,622.1,748.8,770.5,808.3,865.4,845.4,806.2,775.3,749.1,731.2,745.6,752.8,825.1,909.6,860.1,836.7,822.7,807.4,791.4,775.5,755.6,768.7,785.1,899.0,799.1,780.7,769.7,1304.7,1375.6,1436.5,1465.5,1478.7,1458.0,1343.6,1261.4,1205.2,1132.7,1094.2,1002.5,896.2,785.0,694.6,571.4,438.5,1106.4,1031.9,988.5,931.3,858.3,473.1,383.0,315.0,286.9,292.4,804.8,848.6,893.0,940.1,1030.9,1019.0,984.7,950.5,923.8,1139.1,1059.6,993.4,958.8,1020.0,1077.9,679.1,595.2,525.3,478.7,543.7,617.2,1188.0,1106.3,1043.3,1023.7,975.2,954.6,926.2,995.7,1060.2,1106.5,1137.2,1163.2,1163.4,1084.1,1056.7,1022.5,940.6,1035.0,1070.5,1103.5,0.00,0.00,0.00,0.00,0.00,0.00,0.00,0.00,0.00,0.00,0.00,0.00,0.00,0.00,0.00,0.00,0.00,0.00,0.00,0.00,0.00,0.00,0.00,0.00,0.00,0.00,0.00,0.00,0.00,0.00,0.00,0.00,0.00,0.00,0.00
115,0,3.800,0.03,0,0.000000,0.000000,0.000000,0.000000,0.000000,0.000000,0.000,0.000,654.8,628.1,634.8,671.2,715.8,746.0,735.8,699.5,590.6,586.7,592.1,604.9,627.2,647.8,667.9,663.6,650.2,634.2,621.2,606.9,690.5,708.1,711.6,698.9,677.4,659.8,656.4,669.1,734.8,716.0,731.5,772.2,814.2,833.0,817.5,776.6,754.1,747.5,753.2,774.9,806.5,835.2,860.8,857.7,843.3,820.9,796.0,773.6,774.7,792.6,799.5,791.2,772.6,754.6,747.8,756.1,971.3,951.9,926.9,911.1,913.5,934.9,957.9,973.7,1120.4,1083.3,1048.2,1010.3,974.5,955.2,947.0,976.4,1009.2,1045.0,1075.2,1101.2,966.1,958.1,945.5,935.5,934.2,942.2,954.8,964.7,633.9,593.6,551.8,533.0,548.2,588.5,630.3,653.0,674.5,641.2,601.9,554.8,519.2,498.5,496.9,518.7,547.9,581.5,618.5,651.7,616.2,607.9,589.4,571.6,564.9,573.2,591.7,609.5,1.6,-1.3,-0.6,3.7,8.9,12.1,10.4,6.2,-5.4,-5.7,-5.0,-3.7,-1.3,0.8,3.1,2.5,1.1,-0.6,-2.0,-3.5,5.5,7.5,8.1,6.8,4.3,2.2,1.8,3.2,9.3,7.4,9.0,13.0,17.2,19.2,17.7,13.6,11.5,10.6,11.0,13.1,16.6,20.3,23.9,22.8,20.6,18.0,15.4,13.3,13.4,15.3,15.9,15.1,13.2,11.4,10.7,11.6,64.0,64.3,64.7,65.0,65.3,65.8,64.9,64.2,82.6,76.7,71.8,67.6,64.8,64.1,64.4,65.7,67.7,71.0,74.9,78.8,66.0,66.1,66.2,66.2,66.1,66.0,65.9,65.9,27.0,22.9,18.8,17.0,18.6,22.7,26.9,29.2,31.8,27.8,23.5,18.9,15.9,14.4,14.8,16.6,19.1,22.0,25.6,29.1,25.6,24.8,22.9,21.1,20.4,21.2,23.0,24.8,91.6,95.0,99.9,103.3,103.3,100.2,95.0,91.6,95.0,92.8,91.2,90.9,92.2,94.2,96.0,93.2,91.2,90.6,91.6,93.0,95.2,96.7,99.0,100.6,100.7,99.2,96.9,95.3,86.2,85.7,85.6,85.9,86.5,87.0,87.1,87.1,88.3,86.5,85.1,85.0,87.3,91.0,94.6,91.6,88.8,87.0,86.6,87.3,87.3,87.5,87.4,87.2,87.0,86.8,86.9,87.1,25.3,110.2,176.1,-0.758,0.744,-0.667,554.3,583.3,628.9,694.3,779.4,835.3,856.6,908.7,947.8,1026.7,1107.9,1192.9,1249.6,1222.5,1168.0,1105.7,1037.1,456.7,466.2,489.0,504.3,499.0,644.8,688.1,730.5,802.2,890.6,632.3,655.6,673.9,693.2,668.0,720.1,757.1,778.8,799.7,596.1,601.5,630.8,664.2,647.0,623.9,756.3,772.2,824.3,878.3,856.7,808.5,778.1,752.8,734.2,752.3,760.8,843.0,916.0,893.7,859.3,846.4,821.2,800.9,784.2,766.7,785.3,791.4,890.7,830.3,816.4,796.3,1271.5,1348.6,1412.7,1451.3,1464.1,1428.1,1337.5,1259.8,1188.1,1132.1,1075.2,1001.5,899.6,775.2,666.2,545.6,427.6,1070.5,1005.5,956.3,914.6,867.3,495.7,406.6,336.9,303.9,307.6,798.4,841.9,887.8,935.8,1013.5,1002.1,982.9,952.5,924.5,1112.1,1040.3,976.1,955.7,1019.1,1076.5,670.1,597.7,531.1,504.1,559.5,623.1,1188.1,1100.5,1031.2,1008.0,974.4,941.3,916.0,1000.0,1067.2,1102.7,1133.2,1167.2,1160.2,1071.0,1040.9,1012.9,933.4,1040.2,1068.6,1100.3,0.00,0.00,0.00,0.00,0.00,0.00,0.00,0.00,0.00,0.00,0.00,0.00,0.00,0.00,0.00,0.00,0.00,0.00,0.00,0.00,0.00,0.00,0.00,0.00,0.00,0.00,0.00,0.00,0.00,0.00,0.00,0.00,0.00,0.00,0.00
116,0,3.833,0.03,0,0.000000,0.000000,0.000000,0.000000,0.000000,0.000000,0.000,0.000,680.8,654.2,664.6,705.8,753.7,784.3,770.0,728.8,612.8,605.5,607.5,616.7,636.1,656.2,679.4,676.9,663.5,649.1,638.6,626.8,721.9,740.2,744.8,733.0,711.7,693.4,688.8,700.6,746.7,723.5,730.1,762.6,802.0,825.2,818.7,787.8,751.2,763.8,777.6,797.9,826.9,858.3,886.0,886.9,867.2,840.0,812.6,784.5,780.7,792.1,794.6,786.8,773.2,761.9,759.3,767.1,1004.2,984.7,958.2,940.3,941.4,962.8,987.4,1005.3,1151.4,1110.3,1074.9,1037.0,998.8,975.0,962.5,993.4,1028.7,1067.6,1100.0,1128.6,995.5,987.4,975.5,966.7,966.2,974.3,986.2,995.0,707.6,677.3,639.0,615.1,619.6,649.9,688.2,714.2,668.3,636.4,596.7,555.8,523.8,503.2,494.2,523.1,554.3,585.1,620.4,655.4,676.2,668.0,654.8,644.5,642.9,651.1,664.2,674.6,4.2,1.5,2.8,7.6,13.1,16.1,13.7,9.1,-2.9,-3.6,-3.4,-2.4,-0.4,1.7,4.3,3.9,2.4,0.9,-0.1,-1.4,8.7,10.8,11.6,10.5,8.1,5.9,5.3,6.5,11.1,8.6,9.1,12.0,15.6,18.0,17.9,15.3,11.5,12.4,13.5,15.5,19.0,23.2,27.6,26.4,23.5,20.3,17.3,14.7,14.4,15.4,15.4,14.6,13.3,12.3,12.2,13.1,66.2,66.8,67.3,67.3,67.1,67.2,66.3,65.9,85.0,79.1,74.2,70.1,67.0,65.7,65.5,66.6,68.5,72.0,76.2,80.6,67.8,67.9,68.1,68.3,68.4,68.3,68.1,67.9,36.3,32.8,28.1,24.9,25.0,28.2,32.9,36.7,31.9,27.8,23.2,19.2,16.6,15.2,15.0,17.5,20.1,22.8,26.1,30.0,32.4,31.1,29.4,28.3,28.3,29.5,31.2,32.4,89.9,93.6,98.4,101.5,101.0,97.6,92.5,89.4,94.0,92.2,90.9,90.6,91.7,93.5,95.2,92.0,89.6,89.0,90.1,91.8,93.3,94.7,96.8,98.5,98.7,97.3,95.2,93.6,91.3,90.4,88.0,85.4,84.3,85.2,87.7,90.6,90.6,88.0,85.8,86.0,88.9,92.9,98.1,93.6,90.6,88.6,87.7,88.8,89.6,88.4,87.4,87.0,87.5,88.7,89.7,90.1,28.1,107.6,167.1,-0.473,0.457,-0.706,585.1,599.3,634.2,699.3,793.1,860.0,875.1,890.1,935.6,1006.7,1118.5,1207.5,1265.7,1248.8,1195.3,1136.8,1085.1,455.5,481.3,506.2,507.3,470.4,643.7,693.1,731.9,808.3,909.9,636.0,654.7,665.1,674.8,668.7,713.0,743.4,771.3,800.2,592.4,612.6,642.4,680.2,652.9,621.4,761.9,786.6,828.6,887.8,863.0,820.8,776.8,747.6,727.9,746.5,759.0,836.2,916.5,868.5,844.1,827.5,806.9,791.5,775.8,754.0,771.7,791.0,904.6,808.6,788.4,773.0,1289.7,1361.7,1425.0,1458.3,1480.1,1459.7,1337.8,1250.1,1189.7,1122.7,1089.5,1008.3,906.3,790.2,697.2,574.7,448.6,1089.6,1023.2,983.6,931.0,855.1,447.3,366.3,307.0,287.2,291.4,801.2,841.8,883.2,927.0,1018.5,1009.6,979.7,950.2,927.1,1144.5,1067.2,1002.2,966.2,1029.0,1084.5,679.1,599.4,531.6,487.9,550.7,620.7,1188.5,1103.1,1039.3,1016.0,966.3,946.2,923.1,987.1,1055.8,1106.0,1139.7,1164.4,1162.8,1081.8,1050.1,1013.7,935.9,1030.5,1069.4,1106.1,0.00,0.00,0.00,0.00,0.00,0.00,0.00,0.00,0.00,0.00,0.00,0.00,0.00,0.00,0.00,0.00,0.00,0.00,0.00,0.00,0.00,0.00,0.00,0.00,0.00,0.00,0.00,0.00,0.00,0.00,0.00,0.00,0.00,0.00,0.00
117,0,3.867,0.03,0,0.000000,0.000000,0.000000,0.000000,0.000000,0.000000,0.000,0.000,677.1,650.7,660.6,701.1,748.4,778.4,764.8,724.4,596.5,590.7,594.8,606.8,629.6,651.9,676.5,673.7,658.8,641.7,628.4,613.6,716.4,734.5,738.9,727.2,706.1,688.0,683.5,695.3,742.2,723.9,737.5,775.1,814.6,832.9,819.3,784.7,737.3,742.5,766.7,798.9,830.6,859.2,887.9,887.9,866.1,834.7,799.3,769.1,788.2,806.2,812.9,804.3,785.5,767.5,760.8,769.4,990.2,968.7,943.2,928.8,933.9,957.6,980.8,995.3,1134.7,1091.7,1055.2,1016.9,980.6,959.7,950.6,981.5,1016.0,1053.9,1085.6,1113.2,985.0,978.5,967.0,957.2,955.0,961.5,973.0,982.7,696.8,642.6,580.5,547.0,561.6,615.8,677.9,717.1,669.3,638.3,604.5,562.0,526.6,504.0,493.6,521.1,550.8,584.3,625.5,658.4,668.9,652.9,623.7,598.3,591.6,607.5,636.7,662.1,3.8,1.1,2.3,7.1,12.5,15.5,13.2,8.6,-4.6,-5.2,-4.7,-3.4,-1.1,1.3,4.0,3.5,1.9,0.2,-1.2,-2.7,8.1,10.2,10.9,9.8,7.4,5.3,4.7,5.9,8.9,7.6,8.7,11.6,14.2,15.2,14.2,12.0,8.3,8.7,10.7,13.3,15.8,18.3,20.5,20.0,17.7,14.9,12.5,10.5,12.5,13.7,14.2,13.7,12.5,11.2,10.6,11.2,64.3,64.6,65.1,65.6,66.1,66.7,65.6,64.7,82.5,76.5,71.6,67.5,64.7,63.7,63.9,65.0,66.8,70.1,74.2,78.3,66.4,66.8,67.0,67.0,66.8,66.5,66.3,66.2,29.5,25.5,19.7,16.0,16.4,20.1,25.2,29.7,26.3,23.7,20.7,16.9,13.8,12.0,11.1,13.0,14.9,17.2,20.8,24.3,26.0,24.2,21.7,19.9,19.9,21.6,24.3,26.1,89.3,92.8,97.7,101.0,100.8,97.7,92.5,89.2,93.2,91.4,90.2,90.0,91.2,93.0,94.7,91.5,89.1,88.4,89.5,91.0,93.0,94.5,96.6,98.2,98.2,96.8,94.7,93.1,76.5,78.9,78.2,75.0,71.1,68.8,69.4,72.7,74.3,74.6,74.2,73.2,72.4,72.8,72.4,70.8,68.5,67.1,68.4,71.3,73.8,72.3,72.1,73.2,75.0,76.5,76.8,75.7,26.8,108.1,171.3,-0.559,0.557,-0.706,551.5,570.5,610.4,679.3,784.6,860.5,879.3,914.1,954.3,1030.9,1134.1,1221.9,1277.9,1247.1,1185.5,1124.7,1070.2,444.2,460.1,484.4,492.1,465.3,638.2,687.7,730.8,807.0,904.3,630.1,655.5,672.5,689.9,669.6,722.2,756.9,781.1,804.7,592.0,601.4,633.4,669.6,647.9,617.8,756.3,777.6,828.7,888.9,863.8,815.5,783.9,755.7,734.2,751.1,759.4,838.8,913.4,879.6,853.1,843.0,822.2,806.7,785.7,765.1,781.2,790.1,894.7,818.1,805.0,789.6,1269.6,1341.9,1404.3,1442.4,1469.4,1449.0,1340.4,1253.7,1185.6,1127.9,1088.5,1016.5,917.5,796.1,695.3,572.5,451.0,1071.5,1007.5,964.0,918.1,853.4,456.2,375.5,315.8,293.0,296.7,796.2,838.9,882.7,928.9,1006.8,1001.5,980.6,954.0,931.4,1126.3,1048.8,984.0,955.3,1020.3,1075.9,671.8,597.0,531.0,497.5,555.8,621.2,1184.5,1095.4,1026.8,1004.3,964.7,941.1,920.1,991.7,1059.1,1101.6,1133.5,1163.5,1156.8,1070.4,1039.6,1009.1,935.0,1032.2,1064.1,1098.1,0.00,0.00,0.00,0.00,0.00,0.00,0.00,0.00,0.00,0.00,0.00,0.00,0.00,0.00,0.00,0.00,0.00,0.00,0.00,0.00,0.00,0.00,0.00,0.00,0.00,0.00,0.00,0.00,0.00,0.00,0.00,0.00,0.00,0.00,0.00
118,0,3.900,0.03,0,0.000000,0.000000,0.000000,0.000000,0.000000,0.000000,0.000,0.000,660.7,630.0,638.5,681.3,733.1,767.7,755.3,712.6,596.8,590.9,596.5,610.9,636.6,662.2,686.1,683.0,669.2,651.1,635.2,617.3,703.1,725.7,730.5,714.8,687.7,665.2,660.4,676.1,757.2,739.1,746.1,774.2,806.8,825.0,818.0,793.3,760.3,753.6,766.3,788.3,824.8,864.4,900.9,896.0,869.6,838.4,806.8,784.1,794.0,808.1,812.0,803.3,787.2,773.0,769.2,777.9,944.7,926.6,902.9,887.4,889.3,910.1,931.2,946.6,1127.1,1087.0,1045.1,1002.5,962.4,941.0,934.0,965.4,1002.0,1042.3,1079.0,1108.9,944.6,935.6,921.4,910.5,909.2,918.2,932.3,943.3,688.3,639.1,580.6,547.2,558.4,607.6,666.1,704.8,666.0,629.4,591.4,538.7,498.1,480.6,483.4,506.1,534.2,570.5,616.1,654.0,660.4,643.9,615.5,591.8,586.8,603.3,631.7,655.3,1.8,-0.9,-0.1,4.2,9.5,12.5,10.5,6.3,-3.9,-4.3,-3.8,-2.5,-0.3,2.0,4.3,3.8,2.5,1.0,-0.4,-2.0,5.8,8.0,8.7,7.4,4.7,2.4,1.9,3.3,10.1,8.8,9.3,11.3,13.3,14.3,13.9,12.6,10.2,9.9,11.1,13.0,15.9,19.1,21.5,20.5,17.8,15.1,13.0,11.7,12.8,13.7,13.9,13.4,12.4,11.5,11.2,11.7,51.2,52.0,53.0,53.7,53.8,53.8,52.3,51.3,68.5,63.7,59.1,55.6,53.3,52.6,53.1,54.1,55.8,58.5,62.1,65.6,53.5,53.8,54.0,54.1,54.1,54.0,53.7,53.5,28.3,24.8,19.4,15.8,15.9,19.2,23.9,28.3,25.8,23.4,20.4,15.7,11.9,10.3,10.2,11.7,13.5,16.0,19.9,23.8,24.9,23.1,20.7,19.1,19.1,20.9,23.5,25.1,76.6,80.3,85.5,89.0,88.9,85.5,80.0,76.5,78.1,76.6,75.5,75.7,77.4,79.3,80.9,78.2,76.0,75.0,75.6,76.7,80.1,81.7,84.2,86.1,86.2,84.6,82.2,80.3,75.5,77.7,77.0,73.7,69.9,67.7,68.5,71.8,73.8,76.1,77.1,76.7,75.4,74.6,72.2,70.0,67.7,66.7,68.1,70.9,72.6,71.1,70.8,72.0,73.8,75.3,75.6,74.5,26.6,108.2,174.0,-0.658,0.642,-0.665,556.1,574.8,613.0,678.5,780.6,847.9,862.6,901.9,939.0,1024.4,1128.0,1218.2,1273.6,1238.5,1179.2,1121.6,1066.2,449.8,462.7,488.0,495.6,472.3,653.3,698.9,741.5,811.9,902.6,634.5,658.2,672.7,688.0,668.2,722.2,759.9,782.9,806.7,599.7,602.3,636.8,677.9,657.6,627.1,765.0,781.1,838.1,902.7,878.1,825.0,783.2,757.6,735.5,752.3,759.4,838.6,904.4,877.6,850.4,841.9,820.2,803.8,785.5,770.1,785.9,791.8,881.2,816.1,804.0,787.3,1270.1,1344.6,1405.9,1442.5,1466.2,1443.4,1340.4,1254.6,1179.2,1125.7,1082.1,1012.6,916.5,796.4,695.3,573.7,454.6,1064.9,998.9,955.8,913.1,853.4,454.2,374.0,313.8,289.3,294.4,786.3,832.9,880.3,929.7,1004.5,998.7,981.3,957.0,935.5,1116.0,1033.2,964.6,945.2,1012.2,1073.1,662.7,581.3,511.8,486.8,544.4,612.4,1184.9,1097.2,1026.8,1004.5,967.6,943.4,919.8,991.9,1057.4,1097.5,1129.3,1161.8,1156.3,1071.6,1041.1,1011.9,936.3,1028.1,1057.9,1090.5,0.00,0.00,0.00,0.00,0.00,0.00,0.00,0.00,0.00,0.00,0.00,0.00,0.00,0.00,0.00,0.00,0.00,0.00,0.00,0.00,0.00,0.00,0.00,0.00,0.00,0.00,0.00,0.00,0.00,0.00,0.00,0.00,0.00,0.00,0.00
119,0,3.933,0.03,0,0.000000,0.000000,0.000000,0.000000,0.000000,0.000000,0.000,0.000,690.3,663.0,673.9,716.6,766.1,797.2,782.4,739.7,611.3,605.2,609.4,621.8,645.6,668.9,694.4,689.2,673.4,655.8,642.4,627.9,731.9,751.4,756.4,744.1,721.5,702.0,696.9,709.3,744.6,720.0,731.1,771.4,817.3,841.8,830.7,791.9,741.1,759.9,781.6,810.1,843.6,877.5,907.8,910.5,889.6,858.7,822.9,784.1,787.9,806.4,811.5,800.2,779.1,760.7,755.6,766.9,985.0,962.9,937.1,922.7,928.0,952.5,975.9,990.4,1139.2,1094.9,1056.5,1015.7,977.3,956.1,947.7,978.9,1014.0,1053.3,1086.7,1115.8,980.8,974.0,961.9,951.5,949.1,955.9,968.0,978.4,696.6,660.9,619.5,596.7,605.8,641.6,683.0,708.0,659.3,632.4,595.1,554.1,518.9,493.0,477.1,516.0,553.0,587.8,624.7,655.9,671.7,661.2,642.1,625.6,621.4,632.0,651.0,667.5,4.9,2.3,3.6,8.5,13.9,16.8,14.4,9.7,-2.9,-3.4,-3.0,-1.8,0.6,2.9,5.6,4.9,3.2,1.5,0.2,-1.2,9.3,11.5,12.3,11.2,8.8,6.6,5.9,7.0,9.8,7.4,8.1,11.4,15.2,17.5,17.1,14.1,9.4,10.8,12.3,14.7,18.1,22.0,26.2,25.5,22.9,19.7,16.4,13.2,13.6,15.1,15.3,14.2,12.4,10.9,10.6,11.7,60.8,61.1,61.7,62.3,62.7,63.2,62.1,61.2,78.7,72.7,67.9,63.8,61.0,60.2,60.6,61.6,63.3,66.6,70.6,74.6,62.9,63.3,63.5,63.5,63.3,63.1,62.9,62.8,31.4,27.7,23.1,20.5,21.0,24.5,29.0,32.3,27.9,24.5,20.5,16.8,14.1,12.3,11.5,14.7,17.7,20.5,23.7,27.0,28.6,27.2,25.2,23.5,23.3,24.5,26.6,28.3,85.1,88.7,93.5,96.8,96.6,93.4,88.2,84.9,88.4,86.6,85.3,85.2,86.5,88.4,90.1,87.1,84.7,84.0,85.0,86.4,88.7,90.2,92.3,94.0,94.1,92.6,90.5,88.8,81.7,80.5,78.0,75.7,74.9,76.0,78.5,81.3,81.5,78.6,76.2,75.8,77.8,81.1,85.6,82.5,80.4,78.8,78.4,79.9,80.2,79.2,78.1,77.5,77.9,78.9,80.0,80.5,27.7,108.9,173.0,-0.608,0.621,-0.667,574.5,587.5,621.5,684.9,785.8,853.9,857.2,885.5,921.2,1006.4,1123.4,1221.1,1284.0,1252.2,1189.1,1131.8,1083.0,456.5,471.0,494.8,497.9,462.4,652.8,705.8,748.7,820.4,917.3,633.0,656.2,668.6,681.7,663.0,719.3,757.0,781.8,806.2,608.1,616.0,648.8,686.8,664.3,634.2,767.3,790.7,846.9,911.4,882.9,830.5,784.1,757.7,733.7,751.6,760.9,840.1,906.8,867.2,840.2,829.5,807.6,799.3,783.6,765.0,782.8,791.2,885.1,803.8,790.0,773.7,1283.9,1354.1,1412.3,1446.2,1469.0,1446.8,1333.1,1241.2,1169.3,1117.6,1083.7,1019.4,924.1,802.4,700.1,573.1,449.6,1078.5,1014.0,972.9,930.2,861.9,446.7,369.8,313.1,289.6,288.7,792.8,835.2,878.6,924.5,1004.5,999.5,979.7,956.5,936.5,1129.6,1049.2,981.5,953.8,1021.1,1078.8,665.3,588.9,521.2,488.4,548.9,615.5,1189.5,1101.1,1033.1,1008.7,966.5,944.4,922.3,983.9,1049.7,1094.5,1129.0,1160.3,1160.5,1078.7,1045.8,1012.9,937.0,1020.0,1053.2,1089.5,0.00,0.00,0.00,0.00,0.00,0.00,0.00,0.00,0.00,0.00,0.00,0.00,0.00,0.00,0.00,0.00,0.00,0.00,0.00,0.00,0.00,0.00,0.00,0.00,0.00,0.00,0.00,0.00,0.00,0.00,0.00,0.00,0.00,0.00,0.00
120,0,3.967,0.03,0,0.000000,0.000000,0.000000,0.000000,0.000000,0.000000,0.000,0.000,692.2,668.8,684.4,729.8,778.4,805.8,786.2,740.9,613.0,606.1,609.8,622.8,648.2,673.3,700.8,694.0,676.7,658.2,644.5,629.9,736.4,758.1,765.7,754.6,731.3,709.6,702.1,713.2,740.4,715.9,727.0,767.1,812.7,837.2,826.2,788.5,738.3,757.8,781.2,811.0,842.2,878.0,913.7,908.6,884.0,850.3,813.7,777.5,786.3,804.6,809.7,798.4,777.5,759.2,754.1,765.3,972.8,948.2,921.2,907.7,915.6,942.7,967.2,980.7,1124.9,1081.0,1043.4,1002.3,964.1,943.1,934.9,967.6,1003.4,1042.7,1075.1,1102.7,970.7,963.8,950.2,937.8,934.0,940.9,954.6,966.9,696.9,651.1,600.0,573.6,587.3,633.0,684.1,714.3,661.5,631.4,591.1,552.3,521.3,495.2,476.0,510.8,547.8,583.6,621.4,655.1,670.7,658.6,635.3,614.5,608.3,620.4,643.6,664.5,5.1,2.9,4.7,9.8,15.1,17.4,14.6,9.7,-2.8,-3.4,-3.0,-1.7,0.8,3.4,6.2,5.3,3.5,1.8,0.4,-1.0,9.7,12.0,13.1,12.2,9.7,7.3,6.4,7.4,9.1,6.9,7.7,10.9,14.4,16.4,15.8,13.2,8.9,10.3,12.1,14.6,17.4,21.2,25.3,23.9,21.1,17.9,14.9,12.1,12.9,14.3,14.6,13.7,12.0,10.6,10.2,11.2,59.4,59.4,59.6,60.0,60.6,61.3,60.5,59.8,77.9,71.9,67.1,62.8,59.8,58.7,58.9,60.2,62.1,65.6,69.7,73.7,61.4,61.6,61.6,61.4,61.2,61.1,61.1,61.2,30.6,26.5,21.4,18.3,18.9,22.7,27.6,31.4,27.3,23.8,19.8,16.4,13.9,12.0,10.7,13.4,16.2,19.0,22.4,25.9,27.5,26.0,23.7,22.0,21.7,23.1,25.5,27.3,84.8,88.4,93.0,95.9,95.4,92.1,87.2,84.3,89.1,87.3,85.9,85.6,86.6,88.2,89.6,86.6,84.5,84.0,85.3,86.9,88.0,89.2,91.3,93.0,93.3,92.1,90.0,88.3,79.5,79.8,78.0,75.1,72.9,72.7,74.5,77.6,79.3,76.8,74.9,74.5,75.5,77.9,80.9,77.8,75.6,74.5,74.9,76.8,77.4,76.2,75.4,75.5,76.5,77.8,78.6,78.4,27.4,108.7,174.4,-0.652,0.657,-0.649,575.9,590.1,622.4,683.0,781.5,848.3,851.2,883.1,918.5,1004.8,1121.9,1220.2,1280.7,1245.4,1181.7,1123.2,1073.6,460.2,470.5,492.2,498.6,468.5,652.9,705.6,748.4,821.1,916.9,637.1,660.4,672.7,686.2,662.8,720.8,760.7,785.9,810.1,612.4,618.6,652.1,690.1,667.8,637.7,766.1,788.0,846.6,911.9,882.8,828.3,786.0,759.5,735.3,752.3,758.7,836.0,902.9,861.0,833.0,825.0,805.0,797.8,785.6,767.3,783.2,788.2,877.9,799.1,787.5,772.6,1278.3,1349.5,1407.3,1442.9,1467.5,1448.4,1341.5,1249.5,1173.8,1121.4,1082.8,1016.4,919.9,796.2,691.3,562.2,438.5,1070.1,1004.7,961.2,920.1,855.9,450.4,373.6,315.7,290.0,288.6,789.4,832.6,876.7,923.5,1002.0,997.4,979.2,956.4,936.3,1116.9,1035.5,967.5,943.0,1010.6,1069.3,663.4,587.0,519.8,490.0,549.7,615.5,1189.0,1099.4,1029.6,1006.9,967.7,946.5,925.5,985.7,1048.6,1089.9,1123.4,1156.8,1158.9,1076.2,1044.5,1014.2,940.1,1018.4,1048.1,1082.5,0.00,0.00,0.00,0.00,0.00,0.00,0.00,0.00,0.00,0.00,0.00,0.00,0.00,0.00,0.00,0.00,0.00,0.00,0.00,0.00,0.00,0.00,0.00,0.00,0.00,0.00,0.00,0.00,0.00,0.00,0.00,0.00,0.00,0.00,0.00
121,0,4.000,0.03,0,0.000000,0.000000,0.000000,0.000000,0.000000,0.000000,0.000,0.000,670.2,643.8,653.7,694.2,741.6,772.8,758.2,717.6,616.1,608.4,611.2,621.6,641.5,662.4,687.6,684.5,668.3,651.9,640.5,628.9,712.6,730.2,734.4,723.0,702.5,685.0,680.7,692.1,736.7,711.7,723.6,765.4,812.7,837.6,825.7,785.3,745.2,760.0,780.9,810.4,844.1,878.7,908.0,906.7,884.7,852.2,816.7,780.9,781.7,802.1,807.9,795.6,772.5,752.1,746.3,758.6,1037.0,1011.7,975.4,949.4,948.8,974.8,1010.3,1036.4,1139.4,1097.6,1062.6,1025.7,987.9,962.5,948.3,978.9,1014.3,1054.2,1087.2,1116.5,1017.7,1006.4,990.8,979.9,980.2,991.4,1007.1,1017.9,689.0,654.2,615.7,595.9,606.5,641.2,679.8,701.1,657.5,632.0,595.8,557.9,523.9,494.5,476.4,516.2,555.8,593.0,627.3,654.1,667.7,657.7,638.5,621.3,616.2,626.2,645.4,662.6,3.2,0.4,1.5,6.2,11.4,14.4,12.3,8.0,-2.6,-3.4,-3.1,-2.0,0.2,2.4,5.3,4.7,2.9,1.2,0.1,-1.2,7.8,9.7,10.3,9.2,7.0,5.0,4.4,5.6,9.1,6.6,7.4,10.7,14.7,17.2,16.8,13.6,9.9,10.8,12.2,14.6,17.8,21.6,25.4,24.7,22.2,19.0,15.9,13.0,13.1,14.7,15.0,13.7,11.7,10.1,9.7,10.9,70.6,70.5,69.1,67.2,66.2,66.9,67.9,69.5,85.6,79.8,75.0,70.9,67.5,65.7,65.1,66.1,68.1,71.7,76.2,80.9,70.2,69.5,68.9,68.8,69.2,70.0,70.6,70.6,30.9,27.1,22.6,20.2,21.0,24.5,28.9,32.0,27.9,24.5,20.5,17.0,14.3,12.2,11.1,14.5,17.8,20.9,24.1,27.0,28.3,27.0,24.9,23.1,22.7,23.9,26.1,27.9,91.3,94.7,98.2,99.8,98.4,95.2,91.4,89.9,96.1,94.6,93.4,93.2,94.1,95.5,96.7,93.4,91.0,90.4,91.7,93.6,93.4,94.0,95.6,97.1,97.6,97.0,95.4,94.0,82.3,80.5,77.5,75.0,74.4,76.1,79.2,82.2,82.0,78.7,76.0,75.1,76.4,79.4,83.1,81.0,79.4,78.4,78.8,80.5,80.6,79.5,78.1,77.2,77.4,78.6,80.0,80.8,27.1,110.2,176.4,-0.783,0.755,-0.602,589.0,605.0,640.7,698.3,781.4,830.7,823.3,859.2,894.5,985.1,1095.9,1198.1,1262.8,1230.9,1171.1,1117.4,1068.2,471.8,483.3,502.2,506.5,479.3,665.2,719.4,761.5,829.0,917.8,639.5,661.5,674.0,687.9,663.3,722.0,762.2,784.9,804.6,616.0,622.4,651.8,684.9,663.4,639.5,771.5,797.3,854.7,915.2,884.4,831.8,774.9,754.1,731.8,751.2,761.9,842.9,907.4,865.7,831.0,816.4,791.3,784.8,774.5,763.0,784.1,791.5,880.4,800.6,785.6,766.3,1290.0,1358.6,1416.3,1450.1,1465.6,1431.0,1320.8,1234.5,1162.4,1114.3,1072.7,1011.6,917.0,793.1,686.9,562.0,445.0,1080.8,1019.8,974.5,934.9,873.3,457.2,379.3,320.6,294.3,292.6,793.3,834.3,877.0,921.9,1004.2,997.7,979.7,955.5,933.1,1130.4,1054.3,987.2,959.7,1027.0,1084.3,661.5,592.1,526.4,496.6,553.8,616.4,1193.4,1104.9,1035.9,1010.6,971.2,944.3,920.5,982.0,1047.7,1088.8,1123.0,1157.0,1162.8,1082.7,1048.8,1016.7,934.3,1016.9,1048.7,1085.0,0.00,0.00,0.00,0.00,0.00,0.00,0.00,0.00,0.00,0.00,0.00,0.00,0.00,0.00,0.00,0.00,0.00,0.00,0.00,0.00,0.00,0.00,0.00,0.00,0.00,0.00,0.00,0.00,0.00,0.00,0.00,0.00,0.00,0.00,0.00
122,0,4.033,0.03,0,0.000000,0.000000,0.000000,0.000000,0.000000,0.000000,0.000,0.000,691.6,664.2,675.1,717.9,767.6,799.5,784.1,741.3,625.7,617.7,619.6,629.2,649.2,670.5,696.9,691.6,675.8,659.5,648.7,637.8,735.2,754.0,758.8,746.8,725.0,706.2,701.4,713.5,744.6,724.8,740.0,781.3,824.3,844.0,828.8,788.3,770.7,780.0,798.0,826.6,857.4,885.7,909.7,903.7,883.8,856.6,826.3,797.1,788.2,809.6,817.2,806.5,783.8,762.4,754.8,765.5,1024.6,1001.1,968.5,945.9,946.6,971.4,1002.7,1025.2,1148.3,1105.2,1069.3,1031.8,993.2,968.1,955.1,985.9,1021.1,1060.6,1093.8,1123.6,1010.2,1000.3,985.9,975.6,975.3,985.3,999.6,1009.9,703.1,669.2,630.0,608.4,617.0,650.9,690.1,713.6,657.6,626.0,587.9,552.0,526.7,510.8,510.0,533.1,558.9,587.0,618.1,645.6,682.9,671.3,650.3,632.1,627.4,639.0,660.0,678.2,5.3,2.6,3.9,8.9,14.4,17.4,14.9,10.2,-1.5,-2.4,-2.1,-1.1,1.0,3.3,6.2,5.4,3.7,2.0,0.9,-0.2,10.0,12.1,12.9,11.8,9.4,7.3,6.6,7.8,10.8,8.6,9.8,13.5,17.6,19.9,19.0,15.4,13.4,13.9,15.4,18.3,21.9,25.9,29.7,28.2,25.4,22.0,18.8,15.9,15.1,17.2,17.7,16.4,14.2,12.2,11.6,12.8,67.8,68.1,67.5,66.6,66.1,66.5,66.6,67.2,84.7,78.7,73.9,69.9,66.6,65.0,64.6,65.6,67.6,71.1,75.5,80.1,68.5,68.2,68.0,68.0,68.2,68.6,68.8,68.7,35.5,31.4,26.6,23.8,24.6,28.4,33.3,36.7,30.5,26.5,22.2,18.8,16.8,15.9,16.5,18.5,20.7,23.0,26.0,28.9,33.0,31.5,28.9,26.9,26.4,27.8,30.4,32.5,89.3,92.9,97.1,99.5,98.5,95.2,90.7,88.4,94.0,92.5,91.2,91.0,92.0,93.6,94.9,91.8,89.4,88.8,90.0,91.8,92.1,93.1,95.0,96.6,97.0,96.0,94.1,92.5,90.6,88.8,86.0,83.9,83.6,85.4,88.2,90.8,89.7,87.1,85.4,85.7,88.1,92.1,96.4,93.7,91.1,88.8,88.1,88.6,89.4,88.5,87.3,86.4,86.4,87.3,88.5,89.4,28.4,111.5,176.8,-0.662,0.690,-0.628,602.4,610.4,640.0,697.9,790.0,844.4,831.6,856.2,885.2,974.6,1090.8,1198.8,1270.3,1241.6,1181.1,1127.9,1082.2,477.2,492.8,514.7,516.0,479.6,663.7,718.1,762.0,835.6,932.3,645.3,665.7,676.4,688.2,659.7,719.3,760.0,784.8,805.8,623.0,630.3,657.8,689.4,667.2,643.0,774.6,804.1,859.3,920.0,887.1,836.2,774.6,754.9,728.7,747.6,761.0,841.2,902.9,856.1,824.0,808.3,783.7,782.7,771.5,758.1,778.6,790.2,880.1,791.7,775.3,757.5,1298.6,1365.2,1423.6,1456.4,1475.4,1441.9,1318.5,1230.6,1164.3,1116.6,1082.1,1018.8,921.9,794.1,688.1,562.5,446.0,1076.2,1016.3,974.0,932.8,866.5,454.2,374.6,315.1,292.1,293.2,799.4,838.1,878.5,921.3,1004.6,1000.2,980.2,956.3,935.5,1138.2,1062.5,996.8,965.4,1032.2,1086.1,662.9,594.9,530.8,497.5,555.4,617.5,1190.4,1103.1,1037.3,1011.8,969.1,946.6,924.4,977.6,1044.0,1088.1,1122.9,1152.3,1160.0,1085.6,1050.6,1017.9,935.8,1014.0,1048.1,1086.1,0.00,0.00,0.00,0.00,0.00,0.00,0.00,0.00,0.00,0.00,0.00,0.00,0.00,0.00,0.00,0.00,0.00,0.00,0.00,0.00,0.00,0.00,0.00,0.00,0.00,0.00,0.00,0.00,0.00,0.00,0.00,0.00,0.00,0.00,0.00
123,0,4.067,0.03,0,0.000000,0.000000,0.000000,0.000000,0.000000,0.000000,0.000,0.000,668.9,642.1,644.8,675.5,716.2,747.8,740.3,709.6,629.8,622.0,625.3,635.8,653.6,672.7,696.5,692.8,675.7,660.0,649.5,639.8,704.3,717.6,718.7,707.1,689.5,676.2,675.1,686.7,746.0,722.6,731.6,767.6,809.7,833.0,824.1,789.9,764.4,775.7,791.9,813.0,834.1,862.5,885.9,886.4,869.4,843.0,816.7,791.1,786.1,801.7,805.6,795.5,777.3,761.6,757.7,767.9,1094.8,1067.0,1023.5,989.8,985.7,1012.6,1057.1,1090.7,1138.0,1096.3,1063.0,1028.5,993.2,967.4,950.9,980.6,1015.5,1054.2,1085.9,1114.7,1064.7,1050.2,1031.4,1019.3,1021.1,1035.7,1054.5,1066.5,690.1,653.0,615.0,598.3,612.7,649.9,687.9,706.3,655.1,626.5,588.3,555.5,529.4,500.8,481.0,513.9,553.6,590.8,622.5,649.2,669.3,662.0,645.5,629.4,623.1,630.4,646.8,663.0,3.3,0.2,0.6,4.2,8.8,12.1,11.1,7.7,-1.2,-2.1,-1.7,-0.5,1.6,3.8,6.7,6.1,4.0,2.2,1.1,-0.0,7.4,8.8,9.0,7.8,5.8,4.3,4.1,5.4,11.5,8.8,9.4,12.6,16.5,19.0,18.8,16.0,13.1,13.9,15.2,17.1,19.3,22.7,25.7,25.2,23.0,20.3,17.9,15.6,15.3,16.7,16.8,15.7,14.0,12.6,12.4,13.5,84.0,83.4,79.6,75.1,72.7,73.5,77.0,81.3,93.1,86.8,81.9,77.5,73.8,71.6,70.3,71.3,73.5,77.5,82.3,87.7,80.6,78.7,77.2,76.8,77.9,79.8,81.4,81.7,35.7,31.3,26.2,23.6,24.5,28.6,33.6,37.0,31.2,27.3,22.8,19.4,16.9,14.4,12.6,15.7,19.4,23.0,26.6,29.9,32.5,31.2,29.0,27.2,26.8,28.0,30.2,32.0,100.0,103.2,105.0,104.4,101.6,98.5,96.6,97.3,104.7,103.1,101.9,101.5,102.0,103.1,104.2,100.5,98.1,97.6,99.2,101.6,100.1,99.8,100.6,101.9,103.1,103.4,102.6,101.2,94.6,93.4,90.0,86.6,85.0,86.2,89.5,93.4,92.4,89.6,87.5,86.7,87.2,89.3,91.4,89.4,87.7,87.4,88.6,90.5,91.9,90.4,88.9,88.4,89.1,90.6,92.0,92.6,29.6,110.8,173.2,-0.485,0.507,-0.674,602.1,611.1,638.9,697.2,786.4,847.1,848.1,856.4,898.3,976.5,1103.6,1201.3,1265.6,1246.9,1191.4,1135.2,1090.7,473.0,498.9,524.8,525.1,481.1,654.3,708.2,748.0,825.8,930.9,643.3,664.7,676.3,687.7,666.9,714.5,748.4,777.9,807.4,610.7,632.5,660.5,692.6,666.9,637.4,766.8,793.9,836.9,894.6,867.2,825.0,783.7,757.8,734.8,750.5,761.0,834.7,908.8,849.3,823.1,809.1,791.8,787.6,780.7,758.5,773.7,789.7,896.6,788.0,770.1,758.0,1291.5,1359.9,1419.1,1449.3,1469.9,1452.8,1330.3,1239.4,1178.0,1116.0,1089.8,1012.8,911.5,792.1,695.1,564.4,432.9,1082.9,1018.0,980.7,930.6,851.6,447.7,366.9,308.0,287.4,289.9,797.1,839.7,883.7,930.0,1011.7,1005.3,977.0,948.8,927.3,1131.4,1057.4,993.3,955.7,1017.7,1070.7,669.4,596.0,530.3,485.0,547.9,614.9,1184.8,1099.0,1037.5,1014.8,966.6,948.9,924.8,977.7,1042.0,1089.7,1123.1,1149.4,1158.1,1080.4,1048.8,1014.6,936.9,1016.6,1052.1,1088.5,0.00,0.00,0.00,0.00,0.00,0.00,0.00,0.00,0.00,0.00,0.00,0.00,0.00,0.00,0.00,0.00,0.00,0.00,0.00,0.00,0.00,0.00,0.00,0.00,0.00,0.00,0.00,0.00,0.00,0.00,0.00,0.00,0.00,0.00,0.00
124,0,4.100,0.03,0,0.000000,0.000000,0.000000,0.000000,0.000000,0.000000,0.000,0.000,644.4,617.0,610.6,628.9,661.3,693.1,695.2,676.8,611.5,604.4,609.8,622.0,640.5,658.8,679.0,676.2,658.2,642.5,630.9,621.0,669.1,677.4,674.6,662.4,647.9,639.6,642.4,654.6,748.1,726.5,737.1,773.7,814.9,836.5,825.9,790.9,754.0,770.6,789.4,811.8,833.9,862.0,886.5,887.0,870.3,844.8,817.5,788.0,788.6,805.4,810.2,800.2,781.3,764.5,759.7,769.6,1131.1,1102.1,1057.3,1023.0,1019.2,1046.1,1093.0,1127.3,1126.8,1086.4,1053.6,1019.1,986.5,962.3,945.3,974.3,1009.2,1047.3,1078.1,1105.5,1097.7,1082.3,1062.3,1049.4,1051.1,1066.4,1086.4,1099.4,671.8,633.6,590.1,566.6,577.1,615.3,658.8,685.7,658.4,627.9,590.0,558.0,533.3,510.9,492.2,525.5,559.8,592.0,621.6,649.4,649.5,638.7,618.8,601.3,596.5,607.3,627.2,644.7,0.6,-3.0,-3.8,-1.4,2.6,6.3,6.5,4.5,-3.7,-4.5,-3.8,-2.2,0.1,2.4,4.9,4.4,2.2,0.3,-1.1,-2.4,3.6,4.6,4.2,2.8,1.0,-0.0,0.3,1.8,11.4,9.1,10.1,13.6,17.5,19.6,18.8,15.7,12.0,13.4,15.0,17.3,19.8,23.5,27.1,26.1,23.7,20.8,18.0,15.2,15.4,17.0,17.4,16.4,14.6,13.0,12.6,13.6,96.7,95.2,89.5,83.1,79.8,81.0,86.6,93.0,98.9,92.0,86.7,81.9,77.9,75.6,74.1,75.1,77.6,81.9,87.1,92.9,90.8,88.0,85.5,84.9,86.4,89.2,91.8,92.4,32.8,28.9,24.0,21.1,21.7,25.4,30.2,33.8,31.4,27.5,23.1,19.9,17.7,15.9,14.5,17.5,20.6,23.5,26.6,29.8,30.1,28.7,26.4,24.7,24.4,25.8,28.0,29.8,109.7,112.3,112.3,109.6,105.9,103.3,103.4,106.0,112.8,110.9,109.4,108.7,108.8,109.8,110.8,106.9,104.6,104.3,106.1,109.0,107.7,106.6,106.6,107.7,109.4,110.5,110.5,109.4,92.2,92.5,91.3,89.2,87.5,87.1,88.4,90.8,92.1,89.7,88.0,87.9,89.5,92.4,96.1,92.6,90.1,88.8,88.8,90.1,90.9,90.0,89.4,89.6,90.4,91.3,91.8,91.6,28.1,110.2,175.8,-0.573,0.593,-0.675,566.0,580.1,615.9,678.8,776.5,844.0,852.3,883.1,922.1,1004.2,1114.7,1210.1,1273.0,1244.1,1183.7,1125.9,1075.4,463.2,482.2,508.5,515.4,484.9,651.2,702.7,745.8,821.9,920.2,637.5,663.9,682.0,701.1,671.3,724.7,760.7,785.5,807.7,604.3,616.9,644.6,673.4,652.6,627.0,765.3,790.5,839.1,894.1,867.4,822.4,781.1,763.4,742.5,757.7,766.7,844.0,913.6,868.4,837.2,826.1,806.1,797.9,781.9,769.4,785.8,794.3,895.9,804.0,790.7,776.6,1267.8,1337.7,1399.9,1435.6,1460.0,1436.2,1326.6,1244.0,1180.0,1125.1,1087.1,1015.4,914.1,788.2,686.0,561.9,441.0,1065.8,1002.6,959.3,913.6,846.9,462.4,379.7,318.3,293.7,296.2,790.7,832.0,875.5,921.4,998.3,993.8,973.0,946.3,923.8,1120.6,1048.8,986.2,952.9,1016.3,1068.0,662.1,595.7,532.9,496.9,554.0,615.2,1177.7,1091.1,1025.7,1004.5,967.0,941.7,915.4,981.6,1047.6,1086.8,1117.2,1147.5,1150.2,1069.7,1040.0,1012.0,929.1,1019.9,1049.1,1082.4,0.00,0.00,0.00,0.00,0.00,0.00,0.00,0.00,0.00,0.00,0.00,0.00,0.00,0.00,0.00,0.00,0.00,0.00,0.00,0.00,0.00,0.00,0.00,0.00,0.00,0.00,0.00,0.00,0.00,0.00,0.00,0.00,0.00,0.00,0.00
125,0,4.133,0.03,0,0.000000,0.000000,0.000000,0.000000,0.000000,0.000000,0.000,0.000,656.9,632.6,641.6,678.6,722.1,751.2,737.5,700.4,609.7,602.6,606.0,616.7,636.1,656.2,681.1,678.2,661.3,645.0,633.4,622.1,696.9,713.0,716.8,706.3,687.4,671.4,667.5,678.1,748.1,725.4,735.4,772.2,814.4,837.1,827.1,792.4,754.1,772.0,791.9,814.3,833.1,859.4,883.0,884.5,868.9,844.5,818.1,788.8,790.1,807.2,811.8,801.1,781.4,764.3,759.8,770.4,1049.3,1022.4,984.0,956.7,956.4,983.4,1021.6,1048.9,1124.5,1083.2,1050.3,1015.3,980.2,955.5,940.7,970.7,1005.2,1043.5,1074.7,1102.4,1027.3,1015.5,998.9,987.3,987.4,999.3,1015.9,1027.5,679.3,638.1,590.8,565.3,576.4,617.6,664.9,694.1,657.8,626.9,588.0,555.4,529.6,503.5,479.1,513.2,550.0,585.3,617.7,647.8,655.1,643.2,621.4,602.3,597.3,609.1,631.0,650.1,1.9,-0.9,0.2,4.6,9.6,12.5,10.7,6.6,-3.5,-4.3,-3.9,-2.6,-0.4,1.9,4.8,4.3,2.3,0.5,-0.7,-2.0,6.4,8.2,8.8,7.7,5.5,3.7,3.2,4.3,11.1,8.8,9.7,13.1,16.8,18.8,18.2,15.3,11.6,13.1,14.8,16.9,19.0,22.3,25.5,24.7,22.5,19.9,17.4,14.8,15.1,16.6,16.9,15.9,14.2,12.6,12.2,13.3,76.6,76.1,73.7,70.8,69.4,70.4,72.5,75.0,89.5,83.5,78.8,74.5,71.0,68.9,67.9,69.0,71.0,74.8,79.4,84.5,75.1,73.9,72.9,72.6,73.2,74.4,75.5,75.7,32.8,28.7,23.5,20.3,20.8,24.6,29.6,33.5,30.3,26.4,22.2,19.0,16.7,14.6,12.5,15.5,18.7,21.9,25.1,28.6,29.7,28.1,25.8,24.0,23.7,25.3,27.7,29.5,97.3,100.6,103.3,103.8,101.9,98.8,95.8,95.3,102.5,101.0,99.9,99.5,100.1,101.3,102.4,98.8,96.3,95.8,97.3,99.5,98.4,98.7,99.9,101.3,102.1,101.9,100.7,99.3,89.8,90.5,89.1,86.5,84.2,83.5,84.9,87.8,89.1,86.7,85.1,85.0,86.1,88.8,91.9,88.6,86.1,84.9,85.3,86.8,88.0,86.9,86.3,86.6,87.6,88.7,89.3,89.0,27.9,108.9,174.2,-0.564,0.579,-0.671,566.6,580.9,616.9,680.9,779.6,847.4,856.3,885.6,924.4,1006.4,1116.9,1211.3,1274.0,1245.8,1186.8,1129.1,1079.3,458.1,476.5,504.1,511.9,481.8,647.3,700.4,746.7,827.0,929.5,633.6,658.7,675.1,692.5,667.8,719.8,755.4,781.9,806.7,600.9,613.6,642.2,673.9,652.6,625.7,764.2,789.4,838.7,895.4,868.9,822.9,784.5,763.5,741.4,756.1,763.7,840.3,910.2,864.6,836.1,826.2,807.4,799.5,784.6,771.5,786.3,794.7,892.4,798.5,785.7,772.7,1262.4,1333.7,1396.6,1432.1,1457.6,1438.2,1331.6,1249.7,1184.6,1129.3,1091.3,1018.1,917.4,792.6,690.8,565.2,442.7,1062.7,997.1,953.8,908.3,841.8,459.4,375.3,313.2,290.7,297.7,786.5,828.4,872.2,918.6,997.2,992.2,970.6,945.0,923.9,1116.1,1043.8,980.5,947.6,1011.1,1063.9,659.7,590.9,527.7,491.2,549.4,611.8,1177.3,1089.9,1024.4,1004.1,966.3,944.1,920.2,981.9,1045.4,1084.6,1114.8,1145.1,1149.1,1069.9,1040.7,1013.4,934.2,1015.5,1044.2,1076.9,0.00,0.00,0.00,0.00,0.00,0.00,0.00,0.00,0.00,0.00,0.00,0.00,0.00,0.00,0.00,0.00,0.00,0.00,0.00,0.00,0.00,0.00,0.00,0.00,0.00,0.00,0.00,0.00,0.00,0.00,0.00,0.00,0.00,0.00,0.00
126,0,4.167,0.03,0,0.000000,0.000000,0.000000,0.000000,0.000000,0.000000,0.000,0.000,649.4,625.0,634.1,671.3,714.8,743.8,730.1,692.9,602.4,597.0,601.5,612.9,632.6,652.8,676.3,673.2,656.7,640.4,628.2,615.9,689.2,705.3,709.3,698.7,679.7,663.6,659.6,670.2,741.2,719.1,734.6,778.6,825.4,847.4,831.9,788.0,747.0,766.7,790.0,814.8,836.4,857.4,872.0,881.0,871.0,845.3,813.4,779.6,785.2,807.4,815.2,803.8,780.1,757.8,750.1,761.4,1035.7,1009.8,972.8,946.3,945.9,972.1,1008.8,1035.3,1116.5,1076.1,1043.4,1008.5,973.4,949.5,935.5,965.3,999.1,1036.7,1067.4,1094.8,1015.0,1003.5,987.5,976.2,976.4,987.9,1004.0,1015.2,650.7,614.1,571.7,548.2,557.4,593.9,636.4,662.2,651.5,625.0,586.9,554.0,524.4,491.3,469.2,509.6,555.0,596.0,625.0,647.8,628.6,616.3,594.4,575.6,571.0,583.3,605.2,624.0,1.0,-1.7,-0.7,3.7,8.8,11.8,9.9,5.8,-4.4,-4.9,-4.3,-3.1,-0.8,1.5,4.2,3.7,1.8,0.0,-1.3,-2.7,5.5,7.4,7.9,6.8,4.6,2.7,2.3,3.4,9.7,7.4,8.6,12.5,16.9,19.4,18.4,14.4,10.6,12.1,14.0,16.2,18.4,21.1,23.1,23.8,22.5,19.9,16.9,13.7,13.9,16.0,16.6,15.3,13.0,11.0,10.4,11.6,74.9,74.5,72.4,69.8,68.5,69.4,71.2,73.5,88.0,81.9,77.2,73.0,69.6,67.8,67.0,68.1,70.1,73.8,78.3,83.1,73.7,72.7,71.8,71.5,72.1,73.2,74.1,74.3,27.9,23.8,19.3,17.0,18.0,21.9,26.5,29.4,28.8,25.4,21.2,18.0,15.4,12.7,10.9,14.8,19.0,22.8,25.8,28.3,25.8,24.5,22.2,20.1,19.6,20.8,23.1,25.2,97.0,100.4,103.3,104.1,102.4,99.2,96.0,95.2,101.8,100.1,98.9,98.5,99.2,100.6,101.9,98.4,96.0,95.4,96.8,99.0,98.4,98.8,100.1,101.6,102.3,102.0,100.7,99.2,83.9,81.9,79.9,79.1,79.9,81.8,83.8,85.1,86.6,83.9,81.7,81.2,82.1,84.9,87.3,86.6,85.3,84.6,85.1,86.1,84.1,83.7,82.8,81.7,81.2,81.6,82.5,83.6,27.5,107.3,172.0,-0.546,0.553,-0.672,559.0,574.8,611.6,676.6,775.0,845.1,857.1,885.8,928.6,1011.3,1124.2,1214.9,1274.8,1246.6,1188.2,1130.6,1083.2,450.4,470.7,498.2,506.4,475.0,648.9,705.3,750.7,829.4,930.1,631.3,657.7,675.4,693.8,668.3,719.2,755.3,782.7,808.3,593.2,608.6,638.2,670.1,647.6,619.5,762.7,787.6,835.9,892.5,866.0,820.5,786.9,763.6,743.0,757.6,764.9,841.0,911.7,865.2,837.5,827.4,809.6,800.8,787.0,772.1,786.4,795.6,894.9,799.3,786.4,774.0,1260.9,1331.8,1393.8,1428.8,1454.7,1439.7,1336.0,1254.0,1189.0,1130.5,1093.7,1018.2,918.1,794.4,691.7,562.3,435.7,1056.6,991.0,949.4,904.1,835.2,452.2,370.2,309.6,287.9,294.9,779.9,824.1,870.4,919.0,996.2,992.0,970.2,943.7,921.8,1107.0,1036.6,974.2,941.4,1003.5,1055.6,656.5,588.4,526.2,489.0,547.8,609.5,1176.2,1089.0,1026.0,1006.0,967.0,946.9,925.5,984.8,1047.0,1086.5,1116.6,1145.2,1148.1,1070.6,1041.8,1014.0,938.6,1016.7,1045.7,1078.1,0.00,0.00,0.00,0.00,0.00,0.00,0.00,0.00,0.00,0.00,0.00,0.00,0.00,0.00,0.00,0.00,0.00,0.00,0.00,0.00,0.00,0.00,0.00,0.00,0.00,0.00,0.00,0.00,0.00,0.00,0.00,0.00,0.00,0.00,0.00
127,0,4.200,0.03,0,0.000000,0.000000,0.000000,0.000000,0.000000,0.000000,0.000,0.000,649.1,624.5,634.8,673.9,718.9,747.8,733.2,694.1,594.6,590.4,595.5,607.5,628.3,648.9,671.3,667.8,652.0,635.2,622.6,609.2,689.4,706.5,711.0,700.2,680.5,663.4,658.9,669.7,742.7,724.0,743.0,788.5,833.9,852.6,833.6,787.4,741.9,761.5,785.9,813.8,841.0,859.4,871.6,877.9,870.0,845.5,808.8,772.0,786.6,808.4,817.4,808.2,786.3,764.5,755.5,764.7,1004.6,981.0,948.6,926.3,927.2,951.9,983.3,1005.5,1110.6,1071.2,1037.8,1002.4,967.0,944.2,932.0,961.4,994.6,1031.6,1062.5,1089.8,989.5,979.7,965.5,955.2,954.8,964.6,978.8,989.1,639.3,597.1,551.1,528.3,542.0,584.1,630.1,656.3,652.3,626.2,589.9,552.5,517.8,487.5,470.6,501.9,542.3,584.0,620.5,647.2,618.0,606.9,584.6,564.2,557.7,568.8,591.1,611.5,1.0,-1.7,-0.6,4.0,9.3,12.2,10.2,5.8,-5.1,-5.5,-4.9,-3.5,-1.3,1.0,3.6,3.1,1.3,-0.5,-1.9,-3.4,5.5,7.4,8.1,7.0,4.7,2.7,2.1,3.3,9.6,7.7,9.3,13.4,17.8,20.0,18.4,14.0,9.8,11.6,13.8,16.5,19.3,21.7,23.3,23.5,22.2,19.4,16.0,12.6,13.9,16.0,16.7,15.7,13.5,11.5,10.7,11.7,69.7,69.6,68.6,67.2,66.5,67.2,67.9,69.0,84.9,79.0,74.3,70.2,67.0,65.6,65.3,66.4,68.3,71.8,76.1,80.5,69.8,69.3,68.8,68.7,69.0,69.6,70.0,70.1,26.1,21.7,17.2,15.2,16.7,21.0,25.7,28.2,28.1,25.3,21.8,18.3,15.2,12.6,11.1,14.0,17.6,21.2,24.6,27.4,24.4,23.4,21.2,19.1,18.3,19.3,21.5,23.6,94.6,98.1,101.9,103.8,102.6,99.4,95.3,93.5,99.0,97.2,95.9,95.6,96.6,98.2,99.8,96.6,94.2,93.5,94.7,96.6,97.0,97.8,99.5,101.0,101.5,100.7,99.1,97.5,81.6,80.0,78.9,79.1,80.5,82.2,83.2,83.4,84.2,83.3,82.9,83.0,84.1,86.4,88.1,86.6,84.3,82.8,82.7,83.6,82.8,82.9,82.5,81.6,81.0,80.8,81.3,82.1,26.9,106.9,172.9,-0.612,0.599,-0.656,550.5,569.0,608.4,673.6,768.8,836.3,848.7,884.9,928.5,1015.0,1124.5,1214.4,1273.6,1243.6,1185.5,1128.6,1080.3,445.8,464.7,492.1,502.0,474.9,651.9,709.6,756.3,833.3,930.5,630.2,658.0,677.5,698.0,669.5,721.9,759.5,785.7,809.6,590.2,603.5,633.2,665.1,643.3,616.5,763.4,786.9,837.5,893.9,867.2,820.3,785.2,764.0,745.3,760.8,768.9,845.6,912.4,871.2,842.7,831.7,811.7,800.8,785.8,775.1,791.1,799.2,893.1,805.5,792.6,777.9,1259.9,1331.0,1393.1,1429.2,1453.8,1436.0,1336.9,1257.0,1188.4,1131.8,1090.5,1017.0,917.8,793.2,688.0,559.0,434.8,1050.0,985.2,942.5,899.2,833.6,452.6,370.8,310.4,288.2,295.1,775.0,820.7,868.4,918.4,994.0,989.8,970.6,944.3,921.8,1100.8,1030.6,968.1,937.9,1000.1,1052.7,650.5,584.2,522.8,489.7,546.4,606.1,1178.7,1091.6,1027.9,1006.8,969.4,947.1,925.9,986.6,1049.5,1087.9,1118.3,1147.8,1149.5,1072.7,1043.1,1015.0,939.2,1018.2,1047.1,1079.4,0.00,0.00,0.00,0.00,0.00,0.00,0.00,0.00,0.00,0.00,0.00,0.00,0.00,0.00,0.00,0.00,0.00,0.00,0.00,0.00,0.00,0.00,0.00,0.00,0.00,0.00,0.00,0.00,0.00,0.00,0.00,0.00,0.00,0.00,0.00
128,0,4.233,0.03,0,0.000000,0.000000,0.000000,0.000000,0.000000,0.000000,0.000,0.000,649.1,624.5,634.8,673.9,718.9,747.8,733.2,694.1,594.6,590.4,595.5,607.5,628.3,648.9,671.3,667.8,652.0,635.2,622.6,609.2,689.4,706.5,711.0,700.2,680.5,663.4,658.9,669.7,742.7,724.0,743.0,788.5,833.9,852.6,833.6,787.4,741.9,761.5,785.9,813.8,841.0,859.4,871.6,877.9,870.0,845.5,808.8,772.0,786.6,808.4,817.4,808.2,786.3,764.5,755.5,764.7,1004.6,981.0,948.6,926.3,927.2,951.9,983.3,1005.5,1110.6,1071.2,1037.8,1002.4,967.0,944.2,932.0,961.4,994.6,1031.6,1062.5,1089.8,989.5,979.7,965.5,955.2,954.8,964.6,978.8,989.1,639.3,597.1,551.1,528.3,542.0,584.1,630.1,656.3,652.3,626.2,589.9,552.5,517.8,487.5,470.6,501.9,542.3,584.0,620.5,647.2,618.0,606.9,584.6,564.2,557.7,568.8,591.1,611.5,1.0,-1.7,-0.6,4.0,9.3,12.2,10.2,5.8,-5.1,-5.5,-4.9,-3.5,-1.3,1.0,3.6,3.1,1.3,-0.5,-1.9,-3.4,5.5,7.4,8.1,7.0,4.7,2.7,2.1,3.3,9.6,7.7,9.3,13.4,17.8,20.0,18.4,14.0,9.8,11.6,13.8,16.5,19.3,21.7,23.3,23.5,22.2,19.4,16.0,12.6,13.9,16.0,16.7,15.7,13.5,11.5,10.7,11.7,69.7,69.6,68.6,67.2,66.5,67.2,67.9,69.0,84.9,79.0,74.3,70.2,67.0,65.6,65.3,66.4,68.3,71.8,76.1,80.5,69.8,69.3,68.8,68.7,69.0,69.6,70.0,70.1,26.1,21.7,17.2,15.2,16.7,21.0,25.7,28.2,28.1,25.3,21.8,18.3,15.2,12.6,11.1,14.0,17.6,21.2,24.6,27.4,24.4,23.4,21.2,19.1,18.3,19.3,21.5,23.6,94.6,98.1,101.9,103.8,102.6,99.4,95.3,93.5,99.0,97.2,95.9,95.6,96.6,98.2,99.8,96.6,94.2,93.5,94.7,96.6,97.0,97.8,99.5,101.0,101.5,100.7,99.1,97.5,81.6,80.0,78.9,79.1,80.5,82.2,83.2,83.4,84.2,83.3,82.9,83.0,84.1,86.4,88.1,86.6,84.3,82.8,82.7,83.6,82.8,82.9,82.5,81.6,81.0,80.8,81.3,82.1,26.9,106.9,172.9,-0.612,0.599,-0.656,550.5,569.0,608.4,673.6,768.8,836.3,848.7,884.9,928.5,1015.0,1124.5,1214.4,1273.6,1243.6,1185.5,1128.6,1080.3,445.8,464.7,492.1,502.0,474.9,651.9,709.6,756.3,833.3,930.5,630.2,658.0,677.5,698.0,669.5,721.9,759.5,785.7,809.6,590.2,603.5,633.2,665.1,643.3,616.5,763.4,786.9,837.5,893.9,867.2,820.3,785.2,764.0,745.3,760.8,768.9,845.6,912.4,871.2,842.7,831.7,811.7,800.8,785.8,775.1,791.1,799.2,893.1,805.5,792.6,777.9,1259.9,1331.0,1393.1,1429.2,1453.8,1436.0,1336.9,1257.0,1188.4,1131.8,1090.5,1017.0,917.8,793.2,688.0,559.0,434.8,1050.0,985.2,942.5,899.2,833.6,452.6,370.8,310.4,288.2,295.1,775.0,820.7,868.4,918.4,994.0,989.8,970.6,944.3,921.8,1100.8,1030.6,968.1,937.9,1000.1,1052.7,650.5,584.2,522.8,489.7,546.4,606.1,1178.7,1091.6,1027.9,1006.8,969.4,947.1,925.9,986.6,1049.5,1087.9,1118.3,1147.8,1149.5,1072.7,1043.1,1015.0,939.2,1018.2,1047.1,1079.4,0.00,0.00,0.00,0.00,0.00,0.00,0.00,0.00,0.00,0.00,0.00,0.00,0.00,0.00,0.00,0.00,0.00,0.00,0.00,0.00,0.00,0.00,0.00,0.00,0.00,0.00,0.00,0.00,0.00,0.00,0.00,0.00,0.00,0.00,0.00
129,0,4.267,0.03,0,0.000000,0.000000,0.000000,0.000000,0.000000,0.000000,0.000,0.000,649.1,624.5,634.8,673.9,718.9,747.8,733.2,694.1,594.6,590.4,595.5,607.5,628.3,648.9,671.3,667.8,652.0,635.2,622.6,609.2,689.4,706.5,711.0,700.2,680.5,663.4,658.9,669.7,742.7,724.0,743.0,788.5,833.9,852.6,833.6,787.4,741.9,761.5,785.9,813.8,841.0,859.4,871.6,877.9,870.0,845.5,808.8,772.0,786.6,808.4,817.4,808.2,786.3,764.5,755.5,764.7,1004.6,981.0,948.6,926.3,927.2,951.9,983.3,1005.5,1110.6,1071.2,1037.8,1002.4,967.0,944.2,932.0,961.4,994.6,1031.6,1062.5,1089.8,989.5,979.7,965.5,955.2,954.8,964.6,978.8,989.1,639.3,597.1,551.1,528.3,542.0,584.1,630.1,656.3,652.3,626.2,589.9,552.5,517.8,487.5,470.6,501.9,542.3,584.0,620.5,647.2,618.0,606.9,584.6,564.2,557.7,568.8,591.1,611.5,1.0,-1.7,-0.6,4.0,9.3,12.2,10.2,5.8,-5.1,-5.5,-4.9,-3.5,-1.3,1.0,3.6,3.1,1.3,-0.5,-1.9,-3.4,5.5,7.4,8.1,7.0,4.7,2.7,2.1,3.3,9.6,7.7,9.3,13.4,17.8,20.0,18.4,14.0,9.8,11.6,13.8,16.5,19.3,21.7,23.3,23.5,22.2,19.4,16.0,12.6,13.9,16.0,16.7,15.7,13.5,11.5,10.7,11.7,69.7,69.6,68.6,67.2,66.5,67.2,67.9,69.0,84.9,79.0,74.3,70.2,67.0,65.6,65.3,66.4,68.3,71.8,76.1,80.5,69.8,69.3,68.8,68.7,69.0,69.6,70.0,70.1,26.1,21.7,17.2,15.2,16.7,21.0,25.7,28.2,28.1,25.3,21.8,18.3,15.2,12.6,11.1,14.0,17.6,21.2,24.6,27.4,24.4,23.4,21.2,19.1,18.3,19.3,21.5,23.6,94.6,98.1,101.9,103.8,102.6,99.4,95.3,93.5,99.0,97.2,95.9,95.6,96.6,98.2,99.8,96.6,94.2,93.5,94.7,96.6,97.0,97.8,99.5,101.0,101.5,100.7,99.1,97.5,81.6,80.0,78.9,79.1,80.5,82.2,83.2,83.4,84.2,83.3,82.9,83.0,84.1,86.4,88.1,86.6,84.3,82.8,82.7,83.6,82.8,82.9,82.5,81.6,81.0,80.8,81.3,82.1,26.9,106.9,172.9,-0.612,0.599,-0.656,550.5,569.0,608.4,673.6,768.8,836.3,848.7,884.9,928.5,1015.0,1124.5,1214.4,1273.6,1243.6,1185.5,1128.6,1080.3,445.8,464.7,492.1,502.0,474.9,651.9,709.6,756.3,833.3,930.5,630.2,658.0,677.5,698.0,669.5,721.9,759.5,785.7,809.6,590.2,603.5,633.2,665.1,643.3,616.5,763.4,786.9,837.5,893.9,867.2,820.3,785.2,764.0,745.3,760.8,768.9,845.6,912.4,871.2,842.7,831.7,811.7,800.8,785.8,775.1,791.1,799.2,893.1,805.5,792.6,777.9,1259.9,1331.0,1393.1,1429.2,1453.8,1436.0,1336.9,1257.0,1188.4,1131.8,1090.5,1017.0,917.8,793.2,688.0,559.0,434.8,1050.0,985.2,942.5,899.2,833.6,452.6,370.8,310.4,288.2,295.1,775.0,820.7,868.4,918.4,994.0,989.8,970.6,944.3,921.8,1100.8,1030.6,968.1,937.9,1000.1,1052.7,650.5,584.2,522.8,489.7,546.4,606.1,1178.7,1091.6,1027.9,1006.8,969.4,947.1,925.9,986.6,1049.5,1087.9,1118.3,1147.8,1149.5,1072.7,1043.1,1015.0,939.2,1018.2,1047.1,1079.4,0.00,0.00,0.00,0.00,0.00,0.00,0.00,0.00,0.00,0.00,0.00,0.00,0.00,0.00,0.00,0.00,0.00,0.00,0.00,0.00,0.00,0.00,0.00,0.00,0.00,0.00,0.00,0.00,0.00,0.00,0.00,0.00,0.00,0.00,0.00
130,0,4.300,0.03,0,0.000000,0.000000,0.000000,0.000000,0.000000,0.000000,0.000,0.000,649.1,624.5,634.8,673.9,718.9,747.8,733.2,694.1,594.6,590.4,595.5,607.5,628.3,648.9,671.3,667.8,652.0,635.2,622.6,609.2,689.4,706.5,711.0,700.2,680.5,663.4,658.9,669.7,742.7,724.0,743.0,788.5,833.9,852.6,833.6,787.4,741.9,761.5,785.9,813.8,841.0,859.4,871.6,877.9,870.0,845.5,808.8,772.0,786.6,808.4,817.4,808.2,786.3,764.5,755.5,764.7,1004.6,981.0,948.6,926.3,927.2,951.9,983.3,1005.5,1110.6,1071.2,1037.8,1002.4,967.0,944.2,932.0,961.4,994.6,1031.6,1062.5,1089.8,989.5,979.7,965.5,955.2,954.8,964.6,978.8,989.1,639.3,597.1,551.1,528.3,542.0,584.1,630.1,656.3,652.3,626.2,589.9,552.5,517.8,487.5,470.6,501.9,542.3,584.0,620.5,647.2,618.0,606.9,584.6,564.2,557.7,568.8,591.1,611.5,1.0,-1.7,-0.6,4.0,9.3,12.2,10.2,5.8,-5.1,-5.5,-4.9,-3.5,-1.3,1.0,3.6,3.1,1.3,-0.5,-1.9,-3.4,5.5,7.4,8.1,7.0,4.7,2.7,2.1,3.3,9.6,7.7,9.3,13.4,17.8,20.0,18.4,14.0,9.8,11.6,13.8,16.5,19.3,21.7,23.3,23.5,22.2,19.4,16.0,12.6,13.9,16.0,16.7,15.7,13.5,11.5,10.7,11.7,69.7,69.6,68.6,67.2,66.5,67.2,67.9,69.0,84.9,79.0,74.3,70.2,67.0,65.6,65.3,66.4,68.3,71.8,76.1,80.5,69.8,69.3,68.8,68.7,69.0,69.6,70.0,70.1,26.1,21.7,17.2,15.2,16.7,21.0,25.7,28.2,28.1,25.3,21.8,18.3,15.2,12.6,11.1,14.0,17.6,21.2,24.6,27.4,24.4,23.4,21.2,19.1,18.3,19.3,21.5,23.6,94.6,98.1,101.9,103.8,102.6,99.4,95.3,93.5,99.0,97.2,95.9,95.6,96.6,98.2,99.8,96.6,94.2,93.5,94.7,96.6,97.0,97.8,99.5,101.0,101.5,100.7,99.1,97.5,81.6,80.0,78.9,79.1,80.5,82.2,83.2,83.4,84.2,83.3,82.9,83.0,84.1,86.4,88.1,86.6,84.3,82.8,82.7,83.6,82.8,82.9,82.5,81.6,81.0,80.8,81.3,82.1,26.9,106.9,172.9,-0.612,0.599,-0.656,550.5,569.0,608.4,673.6,768.8,836.3,848.7,884.9,928.5,1015.0,1124.5,1214.4,1273.6,1243.6,1185.5,1128.6,1080.3,445.8,464.7,492.1,502.0,474.9,651.9,709.6,756.3,833.3,930.5,630.2,658.0,677.5,698.0,669.5,721.9,759.5,785.7,809.6,590.2,603.5,633.2,665.1,643.3,616.5,763.4,786.9,837.5,893.9,867.2,820.3,785.2,764.0,745.3,760.8,768.9,845.6,912.4,871.2,842.7,831.7,811.7,800.8,785.8,775.1,791.1,799.2,893.1,805.5,792.6,777.9,1259.9,1331.0,1393.1,1429.2,1453.8,1436.0,1336.9,1257.0,1188.4,1131.8,1090.5,1017.0,917.8,793.2,688.0,559.0,434.8,1050.0,985.2,942.5,899.2,833.6,452.6,370.8,310.4,288.2,295.1,775.0,820.7,868.4,918.4,994.0,989.8,970.6,944.3,921.8,1100.8,1030.6,968.1,937.9,1000.1,1052.7,650.5,584.2,522.8,489.7,546.4,606.1,1178.7,1091.6,1027.9,1006.8,969.4,947.1,925.9,986.6,1049.5,1087.9,1118.3,1147.8,1149.5,1072.7,1043.1,1015.0,939.2,1018.2,1047.1,1079.4,0.00,0.00,0.00,0.00,0.00,0.00,0.00,0.00,0.00,0.00,0.00,0.00,0.00,0.00,0.00,0.00,0.00,0.00,0.00,0.00,0.00,0.00,0.00,0.00,0.00,0.00,0.00,0.00,0.00,0.00,0.00,0.00,0.00,0.00,0.00
131,0,4.333,0.03,0,0.000000,0.000000,0.000000,0.000000,0.000000,0.000000,0.000,0.000,649.1,624.5,634.8,673.9,718.9,747.8,733.2,694.1,594.6,590.4,595.5,607.5,628.3,648.9,671.3,667.8,652.0,635.2,622.6,609.2,689.4,706.5,711.0,700.2,680.5,663.4,658.9,669.7,742.7,724.0,743.0,788.5,833.9,852.6,833.6,787.4,741.9,761.5,785.9,813.8,841.0,859.4,871.6,877.9,870.0,845.5,808.8,772.0,786.6,808.4,817.4,808.2,786.3,764.5,755.5,764.7,1004.6,981.0,948.6,926.3,927.2,951.9,983.3,1005.5,1110.6,1071.2,1037.8,1002.4,967.0,944.2,932.0,961.4,994.6,1031.6,1062.5,1089.8,989.5,979.7,965.5,955.2,954.8,964.6,978.8,989.1,639.3,597.1,551.1,528.3,542.0,584.1,630.1,656.3,652.3,626.2,589.9,552.5,517.8,487.5,470.6,501.9,542.3,584.0,620.5,647.2,618.0,606.9,584.6,564.2,557.7,568.8,591.1,611.5,1.0,-1.7,-0.6,4.0,9.3,12.2,10.2,5.8,-5.1,-5.5,-4.9,-3.5,-1.3,1.0,3.6,3.1,1.3,-0.5,-1.9,-3.4,5.5,7.4,8.1,7.0,4.7,2.7,2.1,3.3,9.6,7.7,9.3,13.4,17.8,20.0,18.4,14.0,9.8,11.6,13.8,16.5,19.3,21.7,23.3,23.5,22.2,19.4,16.0,12.6,13.9,16.0,16.7,15.7,13.5,11.5,10.7,11.7,69.7,69.6,68.6,67.2,66.5,67.2,67.9,69.0,84.9,79.0,74.3,70.2,67.0,65.6,65.3,66.4,68.3,71.8,76.1,80.5,69.8,69.3,68.8,68.7,69.0,69.6,70.0,70.1,26.1,21.7,17.2,15.2,16.7,21.0,25.7,28.2,28.1,25.3,21.8,18.3,15.2,12.6,11.1,14.0,17.6,21.2,24.6,27.4,24.4,23.4,21.2,19.1,18.3,19.3,21.5,23.6,94.6,98.1,101.9,103.8,102.6,99.4,95.3,93.5,99.0,97.2,95.9,95.6,96.6,98.2,99.8,96.6,94.2,93.5,94.7,96.6,97.0,97.8,99.5,101.0,101.5,100.7,99.1,97.5,81.6,80.0,78.9,79.1,80.5,82.2,83.2,83.4,84.2,83.3,82.9,83.0,84.1,86.4,88.1,86.6,84.3,82.8,82.7,83.6,82.8,82.9,82.5,81.6,81.0,80.8,81.3,82.1,26.9,106.9,172.9,-0.612,0.599,-0.656,550.5,569.0,608.4,673.6,768.8,836.3,848.7,884.9,928.5,1015.0,1124.5,1214.4,1273.6,1243.6,1185.5,1128.6,1080.3,445.8,464.7,492.1,502.0,474.9,651.9,709.6,756.3,833.3,930.5,630.2,658.0,677.5,698.0,669.5,721.9,759.5,785.7,809.6,590.2,603.5,633.2,665.1,643.3,616.5,763.4,786.9,837.5,893.9,867.2,820.3,785.2,764.0,745.3,760.8,768.9,845.6,912.4,871.2,842.7,831.7,811.7,800.8,785.8,775.1,791.1,799.2,893.1,805.5,792.6,777.9,1259.9,1331.0,1393.1,1429.2,1453.8,1436.0,1336.9,1257.0,1188.4,1131.8,1090.5,1017.0,917.8,793.2,688.0,559.0,434.8,1050.0,985.2,942.5,899.2,833.6,452.6,370.8,310.4,288.2,295.1,775.0,820.7,868.4,918.4,994.0,989.8,970.6,944.3,921.8,1100.8,1030.6,968.1,937.9,1000.1,1052.7,650.5,584.2,522.8,489.7,546.4,606.1,1178.7,1091.6,1027.9,1006.8,969.4,947.1,925.9,986.6,1049.5,1087.9,1118.3,1147.8,1149.5,1072.7,1043.1,1015.0,939.2,1018.2,1047.1,1079.4,0.00,0.00,0.00,0.00,0.00,0.00,0.00,0.00,0.00,0.00,0.00,0.00,0.00,0.00,0.00,0.00,0.00,0.00,0.00,0.00,0.00,0.00,0.00,0.00,0.00,0.00,0.00,0.00,0.00,0.00,0.00,0.00,0.00,0.00,0.00
132,0,4.367,0.03,0,0.000000,0.000000,0.000000,0.000000,0.000000,0.000000,0.000,0.000,649.1,624.5,634.8,673.9,718.9,747.8,733.2,694.1,594.6,590.4,595.5,607.5,628.3,648.9,671.3,667.8,652.0,635.2,622.6,609.2,689.4,706.5,711.0,700.2,680.5,663.4,658.9,669.7,742.7,724.0,743.0,788.5,833.9,852.6,833.6,787.4,741.9,761.5,785.9,813.8,841.0,859.4,871.6,877.9,870.0,845.5,808.8,772.0,786.6,808.4,817.4,808.2,786.3,764.5,755.5,764.7,1004.6,981.0,948.6,926.3,927.2,951.9,983.3,1005.5,1110.6,1071.2,1037.8,1002.4,967.0,944.2,932.0,961.4,994.6,1031.6,1062.5,1089.8,989.5,979.7,965.5,955.2,954.8,964.6,978.8,989.1,639.3,597.1,551.1,528.3,542.0,584.1,630.1,656.3,652.3,626.2,589.9,552.5,517.8,487.5,470.6,501.9,542.3,584.0,620.5,647.2,618.0,606.9,584.6,564.2,557.7,568.8,591.1,611.5,1.0,-1.7,-0.6,4.0,9.3,12.2,10.2,5.8,-5.1,-5.5,-4.9,-3.5,-1.3,1.0,3.6,3.1,1.3,-0.5,-1.9,-3.4,5.5,7.4,8.1,7.0,4.7,2.7,2.1,3.3,9.6,7.7,9.3,13.4,17.8,20.0,18.4,14.0,9.8,11.6,13.8,16.5,19.3,21.7,23.3,23.5,22.2,19.4,16.0,12.6,13.9,16.0,16.7,15.7,13.5,11.5,10.7,11.7,69.7,69.6,68.6,67.2,66.5,67.2,67.9,69.0,84.9,79.0,74.3,70.2,67.0,65.6,65.3,66.4,68.3,71.8,76.1,80.5,69.8,69.3,68.8,68.7,69.0,69.6,70.0,70.1,26.1,21.7,17.2,15.2,16.7,21.0,25.7,28.2,28.1,25.3,21.8,18.3,15.2,12.6,11.1,14.0,17.6,21.2,24.6,27.4,24.4,23.4,21.2,19.1,18.3,19.3,21.5,23.6,94.6,98.1,101.9,103.8,102.6,99.4,95.3,93.5,99.0,97.2,95.9,95.6,96.6,98.2,99.8,96.6,94.2,93.5,94.7,96.6,97.0,97.8,99.5,101.0,101.5,100.7,99.1,97.5,81.6,80.0,78.9,79.1,80.5,82.2,83.2,83.4,84.2,83.3,82.9,83.0,84.1,86.4,88.1,86.6,84.3,82.8,82.7,83.6,82.8,82.9,82.5,81.6,81.0,80.8,81.3,82.1,26.9,106.9,172.9,-0.612,0.599,-0.656,550.5,569.0,608.4,673.6,768.8,836.3,848.7,884.9,928.5,1015.0,1124.5,1214.4,1273.6,1243.6,1185.5,1128.6,1080.3,445.8,464.7,492.1,502.0,474.9,651.9,709.6,756.3,833.3,930.5,630.2,658.0,677.5,698.0,669.5,721.9,759.5,785.7,809.6,590.2,603.5,633.2,665.1,643.3,616.5,763.4,786.9,837.5,893.9,867.2,820.3,785.2,764.0,745.3,760.8,768.9,845.6,912.4,871.2,842.7,831.7,811.7,800.8,785.8,775.1,791.1,799.2,893.1,805.5,792.6,777.9,1259.9,1331.0,1393.1,1429.2,1453.8,1436.0,1336.9,1257.0,1188.4,1131.8,1090.5,1017.0,917.8,793.2,688.0,559.0,434.8,1050.0,985.2,942.5,899.2,833.6,452.6,370.8,310.4,288.2,295.1,775.0,820.7,868.4,918.4,994.0,989.8,970.6,944.3,921.8,1100.8,1030.6,968.1,937.9,1000.1,1052.7,650.5,584.2,522.8,489.7,546.4,606.1,1178.7,1091.6,1027.9,1006.8,969.4,947.1,925.9,986.6,1049.5,1087.9,1118.3,1147.8,1149.5,1072.7,1043.1,1015.0,939.2,1018.2,1047.1,1079.4,0.00,0.00,0.00,0.00,0.00,0.00,0.00,0.00,0.00,0.00,0.00,0.00,0.00,0.00,0.00,0.00,0.00,0.00,0.00,0.00,0.00,0.00,0.00,0.00,0.00,0.00,0.00,0.00,0.00,0.00,0.00,0.00,0.00,0.00,0.00
133,0,4.400,0.03,0,0.000000,0.000000,0.000000,0.000000,0.000000,0.000000,0.000,0.000,649.1,624.5,634.8,673.9,718.9,747.8,733.2,694.1,594.6,590.4,595.5,607.5,628.3,648.9,671.3,667.8,652.0,635.2,622.6,609.2,689.4,706.5,711.0,700.2,680.5,663.4,658.9,669.7,742.7,724.0,743.0,788.5,833.9,852.6,833.6,787.4,741.9,761.5,785.9,813.8,841.0,859.4,871.6,877.9,870.0,845.5,808.8,772.0,786.6,808.4,817.4,808.2,786.3,764.5,755.5,764.7,1004.6,981.0,948.6,926.3,927.2,951.9,983.3,1005.5,1110.6,1071.2,1037.8,1002.4,967.0,944.2,932.0,961.4,994.6,1031.6,1062.5,1089.8,989.5,979.7,965.5,955.2,954.8,964.6,978.8,989.1,639.3,597.1,551.1,528.3,542.0,584.1,630.1,656.3,652.3,626.2,589.9,552.5,517.8,487.5,470.6,501.9,542.3,584.0,620.5,647.2,618.0,606.9,584.6,564.2,557.7,568.8,591.1,611.5,1.0,-1.7,-0.6,4.0,9.3,12.2,10.2,5.8,-5.1,-5.5,-4.9,-3.5,-1.3,1.0,3.6,3.1,1.3,-0.5,-1.9,-3.4,5.5,7.4,8.1,7.0,4.7,2.7,2.1,3.3,9.6,7.7,9.3,13.4,17.8,20.0,18.4,14.0,9.8,11.6,13.8,16.5,19.3,21.7,23.3,23.5,22.2,19.4,16.0,12.6,13.9,16.0,16.7,15.7,13.5,11.5,10.7,11.7,69.7,69.6,68.6,67.2,66.5,67.2,67.9,69.0,84.9,79.0,74.3,70.2,67.0,65.6,65.3,66.4,68.3,71.8,76.1,80.5,69.8,69.3,68.8,68.7,69.0,69.6,70.0,70.1,26.1,21.7,17.2,15.2,16.7,21.0,25.7,28.2,28.1,25.3,21.8,18.3,15.2,12.6,11.1,14.0,17.6,21.2,24.6,27.4,24.4,23.4,21.2,19.1,18.3,19.3,21.5,23.6,94.6,98.1,101.9,103.8,102.6,99.4,95.3,93.5,99.0,97.2,95.9,95.6,96.6,98.2,99.8,96.6,94.2,93.5,94.7,96.6,97.0,97.8,99.5,101.0,101.5,100.7,99.1,97.5,81.6,80.0,78.9,79.1,80.5,82.2,83.2,83.4,84.2,83.3,82.9,83.0,84.1,86.4,88.1,86.6,84.3,82.8,82.7,83.6,82.8,82.9,82.5,81.6,81.0,80.8,81.3,82.1,26.9,106.9,172.9,-0.612,0.599,-0.656,550.5,569.0,608.4,673.6,768.8,836.3,848.7,884.9,928.5,1015.0,1124.5,1214.4,1273.6,1243.6,1185.5,1128.6,1080.3,445.8,464.7,492.1,502.0,474.9,651.9,709.6,756.3,833.3,930.5,630.2,658.0,677.5,698.0,669.5,721.9,759.5,785.7,809.6,590.2,603.5,633.2,665.1,643.3,616.5,763.4,786.9,837.5,893.9,867.2,820.3,785.2,764.0,745.3,760.8,768.9,845.6,912.4,871.2,842.7,831.7,811.7,800.8,785.8,775.1,791.1,799.2,893.1,805.5,792.6,777.9,1259.9,1331.0,1393.1,1429.2,1453.8,1436.0,1336.9,1257.0,1188.4,1131.8,1090.5,1017.0,917.8,793.2,688.0,559.0,434.8,1050.0,985.2,942.5,899.2,833.6,452.6,370.8,310.4,288.2,295.1,775.0,820.7,868.4,918.4,994.0,989.8,970.6,944.3,921.8,1100.8,1030.6,968.1,937.9,1000.1,1052.7,650.5,584.2,522.8,489.7,546.4,606.1,1178.7,1091.6,1027.9,1006.8,969.4,947.1,925.9,986.6,1049.5,1087.9,1118.3,1147.8,1149.5,1072.7,1043.1,1015.0,939.2,1018.2,1047.1,1079.4,0.00,0.00,0.00,0.00,0.00,0.00,0.00,0.00,0.00,0.00,0.00,0.00,0.00,0.00,0.00,0.00,0.00,0.00,0.00,0.00,0.00,0.00,0.00,0.00,0.00,0.00,0.00,0.00,0.00,0.00,0.00,0.00,0.00,0.00,0.00
134,0,4.433,0.03,0,0.000000,0.000000,0.000000,0.000000,0.000000,0.000000,0.000,0.000,649.1,624.5,634.8,673.9,718.9,747.8,733.2,694.1,594.6,590.4,595.5,607.5,628.3,648.9,671.3,667.8,652.0,635.2,622.6,609.2,689.4,706.5,711.0,700.2,680.5,663.4,658.9,669.7,742.7,724.0,743.0,788.5,833.9,852.6,833.6,787.4,741.9,761.5,785.9,813.8,841.0,859.4,871.6,877.9,870.0,845.5,808.8,772.0,786.6,808.4,817.4,808.2,786.3,764.5,755.5,764.7,1004.6,981.0,948.6,926.3,927.2,951.9,983.3,1005.5,1110.6,1071.2,1037.8,1002.4,967.0,944.2,932.0,961.4,994.6,1031.6,1062.5,1089.8,989.5,979.7,965.5,955.2,954.8,964.6,978.8,989.1,639.3,597.1,551.1,528.3,542.0,584.1,630.1,656.3,652.3,626.2,589.9,552.5,517.8,487.5,470.6,501.9,542.3,584.0,620.5,647.2,618.0,606.9,584.6,564.2,557.7,568.8,591.1,611.5,1.0,-1.7,-0.6,4.0,9.3,12.2,10.2,5.8,-5.1,-5.5,-4.9,-3.5,-1.3,1.0,3.6,3.1,1.3,-0.5,-1.9,-3.4,5.5,7.4,8.1,7.0,4.7,2.7,2.1,3.3,9.6,7.7,9.3,13.4,17.8,20.0,18.4,14.0,9.8,11.6,13.8,16.5,19.3,21.7,23.3,23.5,22.2,19.4,16.0,12.6,13.9,16.0,16.7,15.7,13.5,11.5,10.7,11.7,69.7,69.6,68.6,67.2,66.5,67.2,67.9,69.0,84.9,79.0,74.3,70.2,67.0,65.6,65.3,66.4,68.3,71.8,76.1,80.5,69.8,69.3,68.8,68.7,69.0,69.6,70.0,70.1,26.1,21.7,17.2,15.2,16.7,21.0,25.7,28.2,28.1,25.3,21.8,18.3,15.2,12.6,11.1,14.0,17.6,21.2,24.6,27.4,24.4,23.4,21.2,19.1,18.3,19.3,21.5,23.6,94.6,98.1,101.9,103.8,102.6,99.4,95.3,93.5,99.0,97.2,95.9,95.6,96.6,98.2,99.8,96.6,94.2,93.5,94.7,96.6,97.0,97.8,99.5,101.0,101.5,100.7,99.1,97.5,81.6,80.0,78.9,79.1,80.5,82.2,83.2,83.4,84.2,83.3,82.9,83.0,84.1,86.4,88.1,86.6,84.3,82.8,82.7,83.6,82.8,82.9,82.5,81.6,81.0,80.8,81.3,82.1,26.9,106.9,172.9,-0.612,0.599,-0.656,550.5,569.0,608.4,673.6,768.8,836.3,848.7,884.9,928.5,1015.0,1124.5,1214.4,1273.6,1243.6,1185.5,1128.6,1080.3,445.8,464.7,492.1,502.0,474.9,651.9,709.6,756.3,833.3,930.5,630.2,658.0,677.5,698.0,669.5,721.9,759.5,785.7,809.6,590.2,603.5,633.2,665.1,643.3,616.5,763.4,786.9,837.5,893.9,867.2,820.3,785.2,764.0,745.3,760.8,768.9,845.6,912.4,871.2,842.7,831.7,811.7,800.8,785.8,775.1,791.1,799.2,893.1,805.5,792.6,777.9,1259.9,1331.0,1393.1,1429.2,1453.8,1436.0,1336.9,1257.0,1188.4,1131.8,1090.5,1017.0,917.8,793.2,688.0,559.0,434.8,1050.0,985.2,942.5,899.2,833.6,452.6,370.8,310.4,288.2,295.1,775.0,820.7,868.4,918.4,994.0,989.8,970.6,944.3,921.8,1100.8,1030.6,968.1,937.9,1000.1,1052.7,650.5,584.2,522.8,489.7,546.4,606.1,1178.7,1091.6,1027.9,1006.8,969.4,947.1,925.9,986.6,1049.5,1087.9,1118.3,1147.8,1149.5,1072.7,1043.1,1015.0,939.2,1018.2,1047.1,1079.4,0.00,0.00,0.00,0.00,0.00,0.00,0.00,0.00,0.00,0.00,0.00,0.00,0.00,0.00,0.00,0.00,0.00,0.00,0.00,0.00,0.00,0.00,0.00,0.00,0.00,0.00,0.00,0.00,0.00,0.00,0.00,0.00,0.00,0.00,0.00
135,0,4.467,0.03,0,0.000000,0.000000,0.000000,0.000000,0.000000,0.000000,0.000,0.000,649.1,624.5,634.8,673.9,718.9,747.8,733.2,694.1,594.6,590.4,595.5,607.5,628.3,648.9,671.3,667.8,652.0,635.2,622.6,609.2,689.4,706.5,711.0,700.2,680.5,663.4,658.9,669.7,742.7,724.0,743.0,788.5,833.9,852.6,833.6,787.4,741.9,761.5,785.9,813.8,841.0,859.4,871.6,877.9,870.0,845.5,808.8,772.0,786.6,808.4,817.4,808.2,786.3,764.5,755.5,764.7,1004.6,981.0,948.6,926.3,927.2,951.9,983.3,1005.5,1110.6,1071.2,1037.8,1002.4,967.0,944.2,932.0,961.4,994.6,1031.6,1062.5,1089.8,989.5,979.7,965.5,955.2,954.8,964.6,978.8,989.1,639.3,597.1,551.1,528.3,542.0,584.1,630.1,656.3,652.3,626.2,589.9,552.5,517.8,487.5,470.6,501.9,542.3,584.0,620.5,647.2,618.0,606.9,584.6,564.2,557.7,568.8,591.1,611.5,1.0,-1.7,-0.6,4.0,9.3,12.2,10.2,5.8,-5.1,-5.5,-4.9,-3.5,-1.3,1.0,3.6,3.1,1.3,-0.5,-1.9,-3.4,5.5,7.4,8.1,7.0,4.7,2.7,2.1,3.3,9.6,7.7,9.3,13.4,17.8,20.0,18.4,14.0,9.8,11.6,13.8,16.5,19.3,21.7,23.3,23.5,22.2,19.4,16.0,12.6,13.9,16.0,16.7,15.7,13.5,11.5,10.7,11.7,69.7,69.6,68.6,67.2,66.5,67.2,67.9,69.0,84.9,79.0,74.3,70.2,67.0,65.6,65.3,66.4,68.3,71.8,76.1,80.5,69.8,69.3,68.8,68.7,69.0,69.6,70.0,70.1,26.1,21.7,17.2,15.2,16.7,21.0,25.7,28.2,28.1,25.3,21.8,18.3,15.2,12.6,11.1,14.0,17.6,21.2,24.6,27.4,24.4,23.4,21.2,19.1,18.3,19.3,21.5,23.6,94.6,98.1,101.9,103.8,102.6,99.4,95.3,93.5,99.0,97.2,95.9,95.6,96.6,98.2,99.8,96.6,94.2,93.5,94.7,96.6,97.0,97.8,99.5,101.0,101.5,100.7,99.1,97.5,81.6,80.0,78.9,79.1,80.5,82.2,83.2,83.4,84.2,83.3,82.9,83.0,84.1,86.4,88.1,86.6,84.3,82.8,82.7,83.6,82.8,82.9,82.5,81.6,81.0,80.8,81.3,82.1,26.9,106.9,172.9,-0.612,0.599,-0.656,550.5,569.0,608.4,673.6,768.8,836.3,848.7,884.9,928.5,1015.0,1124.5,1214.4,1273.6,1243.6,1185.5,1128.6,1080.3,445.8,464.7,492.1,502.0,474.9,651.9,709.6,756.3,833.3,930.5,630.2,658.0,677.5,698.0,669.5,721.9,759.5,785.7,809.6,590.2,603.5,633.2,665.1,643.3,616.5,763.4,786.9,837.5,893.9,867.2,820.3,785.2,764.0,745.3,760.8,768.9,845.6,912.4,871.2,842.7,831.7,811.7,800.8,785.8,775.1,791.1,799.2,893.1,805.5,792.6,777.9,1259.9,1331.0,1393.1,1429.2,1453.8,1436.0,1336.9,1257.0,1188.4,1131.8,1090.5,1017.0,917.8,793.2,688.0,559.0,434.8,1050.0,985.2,942.5,899.2,833.6,452.6,370.8,310.4,288.2,295.1,775.0,820.7,868.4,918.4,994.0,989.8,970.6,944.3,921.8,1100.8,1030.6,968.1,937.9,1000.1,1052.7,650.5,584.2,522.8,489.7,546.4,606.1,1178.7,1091.6,1027.9,1006.8,969.4,947.1,925.9,986.6,1049.5,1087.9,1118.3,1147.8,1149.5,1072.7,1043.1,1015.0,939.2,1018.2,1047.1,1079.4,0.00,0.00,0.00,0.00,0.00,0.00,0.00,0.00,0.00,0.00,0.00,0.00,0.00,0.00,0.00,0.00,0.00,0.00,0.00,0.00,0.00,0.00,0.00,0.00,0.00,0.00,0.00,0.00,0.00,0.00,0.00,0.00,0.00,0.00,0.00
136,0,4.500,0.03,0,0.000000,0.000000,0.000000,0.000000,0.000000,0.000000,0.000,0.000,649.1,624.5,634.8,673.9,718.9,747.8,733.2,694.1,594.6,590.4,595.5,607.5,628.3,648.9,671.3,667.8,652.0,635.2,622.6,609.2,689.4,706.5,711.0,700.2,680.5,663.4,658.9,669.7,742.7,724.0,743.0,788.5,833.9,852.6,833.6,787.4,741.9,761.5,785.9,813.8,841.0,859.4,871.6,877.9,870.0,845.5,808.8,772.0,786.6,808.4,817.4,808.2,786.3,764.5,755.5,764.7,1004.6,981.0,948.6,926.3,927.2,951.9,983.3,1005.5,1110.6,1071.2,1037.8,1002.4,967.0,944.2,932.0,961.4,994.6,1031.6,1062.5,1089.8,989.5,979.7,965.5,955.2,954.8,964.6,978.8,989.1,639.3,597.1,551.1,528.3,542.0,584.1,630.1,656.3,652.3,626.2,589.9,552.5,517.8,487.5,470.6,501.9,542.3,584.0,620.5,647.2,618.0,606.9,584.6,564.2,557.7,568.8,591.1,611.5,1.0,-1.7,-0.6,4.0,9.3,12.2,10.2,5.8,-5.1,-5.5,-4.9,-3.5,-1.3,1.0,3.6,3.1,1.3,-0.5,-1.9,-3.4,5.5,7.4,8.1,7.0,4.7,2.7,2.1,3.3,9.6,7.7,9.3,13.4,17.8,20.0,18.4,14.0,9.8,11.6,13.8,16.5,19.3,21.7,23.3,23.5,22.2,19.4,16.0,12.6,13.9,16.0,16.7,15.7,13.5,11.5,10.7,11.7,69.7,69.6,68.6,67.2,66.5,67.2,67.9,69.0,84.9,79.0,74.3,70.2,67.0,65.6,65.3,66.4,68.3,71.8,76.1,80.5,69.8,69.3,68.8,68.7,69.0,69.6,70.0,70.1,26.1,21.7,17.2,15.2,16.7,21.0,25.7,28.2,28.1,25.3,21.8,18.3,15.2,12.6,11.1,14.0,17.6,21.2,24.6,27.4,24.4,23.4,21.2,19.1,18.3,19.3,21.5,23.6,94.6,98.1,101.9,103.8,102.6,99.4,95.3,93.5,99.0,97.2,95.9,95.6,96.6,98.2,99.8,96.6,94.2,93.5,94.7,96.6,97.0,97.8,99.5,101.0,101.5,100.7,99.1,97.5,81.6,80.0,78.9,79.1,80.5,82.2,83.2,83.4,84.2,83.3,82.9,83.0,84.1,86.4,88.1,86.6,84.3,82.8,82.7,83.6,82.8,82.9,82.5,81.6,81.0,80.8,81.3,82.1,26.9,106.9,172.9,-0.612,0.599,-0.656,550.5,569.0,608.4,673.6,768.8,836.3,848.7,884.9,928.5,1015.0,1124.5,1214.4,1273.6,1243.6,1185.5,1128.6,1080.3,445.8,464.7,492.1,502.0,474.9,651.9,709.6,756.3,833.3,930.5,630.2,658.0,677.5,698.0,669.5,721.9,759.5,785.7,809.6,590.2,603.5,633.2,665.1,643.3,616.5,763.4,786.9,837.5,893.9,867.2,820.3,785.2,764.0,745.3,760.8,768.9,845.6,912.4,871.2,842.7,831.7,811.7,800.8,785.8,775.1,791.1,799.2,893.1,805.5,792.6,777.9,1259.9,1331.0,1393.1,1429.2,1453.8,1436.0,1336.9,1257.0,1188.4,1131.8,1090.5,1017.0,917.8,793.2,688.0,559.0,434.8,1050.0,985.2,942.5,899.2,833.6,452.6,370.8,310.4,288.2,295.1,775.0,820.7,868.4,918.4,994.0,989.8,970.6,944.3,921.8,1100.8,1030.6,968.1,937.9,1000.1,1052.7,650.5,584.2,522.8,489.7,546.4,606.1,1178.7,1091.6,1027.9,1006.8,969.4,947.1,925.9,986.6,1049.5,1087.9,1118.3,1147.8,1149.5,1072.7,1043.1,1015.0,939.2,1018.2,1047.1,1079.4,0.00,0.00,0.00,0.00,0.00,0.00,0.00,0.00,0.00,0.00,0.00,0.00,0.00,0.00,0.00,0.00,0.00,0.00,0.00,0.00,0.00,0.00,0.00,0.00,0.00,0.00,0.00,0.00,0.00,0.00,0.00,0.00,0.00,0.00,0.00
137,0,4.533,0.03,0,0.000000,0.000000,0.000000,0.000000,0.000000,0.000000,0.000,0.000,649.1,624.5,634.8,673.9,718.9,747.8,733.2,694.1,594.6,590.4,595.5,607.5,628.3,648.9,671.3,667.8,652.0,635.2,622.6,609.2,689.4,706.5,711.0,700.2,680.5,663.4,658.9,669.7,742.7,724.0,743.0,788.5,833.9,852.6,833.6,787.4,741.9,761.5,785.9,813.8,841.0,859.4,871.6,877.9,870.0,845.5,808.8,772.0,786.6,808.4,817.4,808.2,786.3,764.5,755.5,764.7,1004.6,981.0,948.6,926.3,927.2,951.9,983.3,1005.5,1110.6,1071.2,1037.8,1002.4,967.0,944.2,932.0,961.4,994.6,1031.6,1062.5,1089.8,989.5,979.7,965.5,955.2,954.8,964.6,978.8,989.1,639.3,597.1,551.1,528.3,542.0,584.1,630.1,656.3,652.3,626.2,589.9,552.5,517.8,487.5,470.6,501.9,542.3,584.0,620.5,647.2,618.0,606.9,584.6,564.2,557.7,568.8,591.1,611.5,1.0,-1.7,-0.6,4.0,9.3,12.2,10.2,5.8,-5.1,-5.5,-4.9,-3.5,-1.3,1.0,3.6,3.1,1.3,-0.5,-1.9,-3.4,5.5,7.4,8.1,7.0,4.7,2.7,2.1,3.3,9.6,7.7,9.3,13.4,17.8,20.0,18.4,14.0,9.8,11.6,13.8,16.5,19.3,21.7,23.3,23.5,22.2,19.4,16.0,12.6,13.9,16.0,16.7,15.7,13.5,11.5,10.7,11.7,69.7,69.6,68.6,67.2,66.5,67.2,67.9,69.0,84.9,79.0,74.3,70.2,67.0,65.6,65.3,66.4,68.3,71.8,76.1,80.5,69.8,69.3,68.8,68.7,69.0,69.6,70.0,70.1,26.1,21.7,17.2,15.2,16.7,21.0,25.7,28.2,28.1,25.3,21.8,18.3,15.2,12.6,11.1,14.0,17.6,21.2,24.6,27.4,24.4,23.4,21.2,19.1,18.3,19.3,21.5,23.6,94.6,98.1,101.9,103.8,102.6,99.4,95.3,93.5,99.0,97.2,95.9,95.6,96.6,98.2,99.8,96.6,94.2,93.5,94.7,96.6,97.0,97.8,99.5,101.0,101.5,100.7,99.1,97.5,81.6,80.0,78.9,79.1,80.5,82.2,83.2,83.4,84.2,83.3,82.9,83.0,84.1,86.4,88.1,86.6,84.3,82.8,82.7,83.6,82.8,82.9,82.5,81.6,81.0,80.8,81.3,82.1,26.9,106.9,172.9,-0.612,0.599,-0.656,550.5,569.0,608.4,673.6,768.8,836.3,848.7,884.9,928.5,1015.0,1124.5,1214.4,1273.6,1243.6,1185.5,1128.6,1080.3,445.8,464.7,492.1,502.0,474.9,651.9,709.6,756.3,833.3,930.5,630.2,658.0,677.5,698.0,669.5,721.9,759.5,785.7,809.6,590.2,603.5,633.2,665.1,643.3,616.5,763.4,786.9,837.5,893.9,867.2,820.3,785.2,764.0,745.3,760.8,768.9,845.6,912.4,871.2,842.7,831.7,811.7,800.8,785.8,775.1,791.1,799.2,893.1,805.5,792.6,777.9,1259.9,1331.0,1393.1,1429.2,1453.8,1436.0,1336.9,1257.0,1188.4,1131.8,1090.5,1017.0,917.8,793.2,688.0,559.0,434.8,1050.0,985.2,942.5,899.2,833.6,452.6,370.8,310.4,288.2,295.1,775.0,820.7,868.4,918.4,994.0,989.8,970.6,944.3,921.8,1100.8,1030.6,968.1,937.9,1000.1,1052.7,650.5,584.2,522.8,489.7,546.4,606.1,1178.7,1091.6,1027.9,1006.8,969.4,947.1,925.9,986.6,1049.5,1087.9,1118.3,1147.8,1149.5,1072.7,1043.1,1015.0,939.2,1018.2,1047.1,1079.4,0.00,0.00,0.00,0.00,0.00,0.00,0.00,0.00,0.00,0.00,0.00,0.00,0.00,0.00,0.00,0.00,0.00,0.00,0.00,0.00,0.00,0.00,0.00,0.00,0.00,0.00,0.00,0.00,0.00,0.00,0.00,0.00,0.00,0.00,0.00
138,0,4.567,0.03,0,0.000000,0.000000,0.000000,0.000000,0.000000,0.000000,0.000,0.000,649.1,624.5,634.8,673.9,718.9,747.8,733.2,694.1,594.6,590.4,595.5,607.5,628.3,648.9,671.3,667.8,652.0,635.2,622.6,609.2,689.4,706.5,711.0,700.2,680.5,663.4,658.9,669.7,742.7,724.0,743.0,788.5,833.9,852.6,833.6,787.4,741.9,761.5,785.9,813.8,841.0,859.4,871.6,877.9,870.0,845.5,808.8,772.0,786.6,808.4,817.4,808.2,786.3,764.5,755.5,764.7,1004.6,981.0,948.6,926.3,927.2,951.9,983.3,1005.5,1110.6,1071.2,1037.8,1002.4,967.0,944.2,932.0,961.4,994.6,1031.6,1062.5,1089.8,989.5,979.7,965.5,955.2,954.8,964.6,978.8,989.1,639.3,597.1,551.1,528.3,542.0,584.1,630.1,656.3,652.3,626.2,589.9,552.5,517.8,487.5,470.6,501.9,542.3,584.0,620.5,647.2,618.0,606.9,584.6,564.2,557.7,568.8,591.1,611.5,1.0,-1.7,-0.6,4.0,9.3,12.2,10.2,5.8,-5.1,-5.5,-4.9,-3.5,-1.3,1.0,3.6,3.1,1.3,-0.5,-1.9,-3.4,5.5,7.4,8.1,7.0,4.7,2.7,2.1,3.3,9.6,7.7,9.3,13.4,17.8,20.0,18.4,14.0,9.8,11.6,13.8,16.5,19.3,21.7,23.3,23.5,22.2,19.4,16.0,12.6,13.9,16.0,16.7,15.7,13.5,11.5,10.7,11.7,69.7,69.6,68.6,67.2,66.5,67.2,67.9,69.0,84.9,79.0,74.3,70.2,67.0,65.6,65.3,66.4,68.3,71.8,76.1,80.5,69.8,69.3,68.8,68.7,69.0,69.6,70.0,70.1,26.1,21.7,17.2,15.2,16.7,21.0,25.7,28.2,28.1,25.3,21.8,18.3,15.2,12.6,11.1,14.0,17.6,21.2,24.6,27.4,24.4,23.4,21.2,19.1,18.3,19.3,21.5,23.6,94.6,98.1,101.9,103.8,102.6,99.4,95.3,93.5,99.0,97.2,95.9,95.6,96.6,98.2,99.8,96.6,94.2,93.5,94.7,96.6,97.0,97.8,99.5,101.0,101.5,100.7,99.1,97.5,81.6,80.0,78.9,79.1,80.5,82.2,83.2,83.4,84.2,83.3,82.9,83.0,84.1,86.4,88.1,86.6,84.3,82.8,82.7,83.6,82.8,82.9,82.5,81.6,81.0,80.8,81.3,82.1,26.9,106.9,172.9,-0.612,0.599,-0.656,550.5,569.0,608.4,673.6,768.8,836.3,848.7,884.9,928.5,1015.0,1124.5,1214.4,1273.6,1243.6,1185.5,1128.6,1080.3,445.8,464.7,492.1,502.0,474.9,651.9,709.6,756.3,833.3,930.5,630.2,658.0,677.5,698.0,669.5,721.9,759.5,785.7,809.6,590.2,603.5,633.2,665.1,643.3,616.5,763.4,786.9,837.5,893.9,867.2,820.3,785.2,764.0,745.3,760.8,768.9,845.6,912.4,871.2,842.7,831.7,811.7,800.8,785.8,775.1,791.1,799.2,893.1,805.5,792.6,777.9,1259.9,1331.0,1393.1,1429.2,1453.8,1436.0,1336.9,1257.0,1188.4,1131.8,1090.5,1017.0,917.8,793.2,688.0,559.0,434.8,1050.0,985.2,942.5,899.2,833.6,452.6,370.8,310.4,288.2,295.1,775.0,820.7,868.4,918.4,994.0,989.8,970.6,944.3,921.8,1100.8,1030.6,968.1,937.9,1000.1,1052.7,650.5,584.2,522.8,489.7,546.4,606.1,1178.7,1091.6,1027.9,1006.8,969.4,947.1,925.9,986.6,1049.5,1087.9,1118.3,1147.8,1149.5,1072.7,1043.1,1015.0,939.2,1018.2,1047.1,1079.4,0.00,0.00,0.00,0.00,0.00,0.00,0.00,0.00,0.00,0.00,0.00,0.00,0.00,0.00,0.00,0.00,0.00,0.00,0.00,0.00,0.00,0.00,0.00,0.00,0.00,0.00,0.00,0.00,0.00,0.00,0.00,0.00,0.00,0.00,0.00
139,0,4.600,0.03,0,0.000000,0.000000,0.000000,0.000000,0.000000,0.000000,0.000,0.000,649.1,624.5,634.8,673.9,718.9,747.8,733.2,694.1,594.6,590.4,595.5,607.5,628.3,648.9,671.3,667.8,652.0,635.2,622.6,609.2,689.4,706.5,711.0,700.2,680.5,663.4,658.9,669.7,742.7,724.0,743.0,788.5,833.9,852.6,833.6,787.4,741.9,761.5,785.9,813.8,841.0,859.4,871.6,877.9,870.0,845.5,808.8,772.0,786.6,808.4,817.4,808.2,786.3,764.5,755.5,764.7,1004.6,981.0,948.6,926.3,927.2,951.9,983.3,1005.5,1110.6,1071.2,1037.8,1002.4,967.0,944.2,932.0,961.4,994.6,1031.6,1062.5,1089.8,989.5,979.7,965.5,955.2,954.8,964.6,978.8,989.1,639.3,597.1,551.1,528.3,542.0,584.1,630.1,656.3,652.3,626.2,589.9,552.5,517.8,487.5,470.6,501.9,542.3,584.0,620.5,647.2,618.0,606.9,584.6,564.2,557.7,568.8,591.1,611.5,1.0,-1.7,-0.6,4.0,9.3,12.2,10.2,5.8,-5.1,-5.5,-4.9,-3.5,-1.3,1.0,3.6,3.1,1.3,-0.5,-1.9,-3.4,5.5,7.4,8.1,7.0,4.7,2.7,2.1,3.3,9.6,7.7,9.3,13.4,17.8,20.0,18.4,14.0,9.8,11.6,13.8,16.5,19.3,21.7,23.3,23.5,22.2,19.4,16.0,12.6,13.9,16.0,16.7,15.7,13.5,11.5,10.7,11.7,69.7,69.6,68.6,67.2,66.5,67.2,67.9,69.0,84.9,79.0,74.3,70.2,67.0,65.6,65.3,66.4,68.3,71.8,76.1,80.5,69.8,69.3,68.8,68.7,69.0,69.6,70.0,70.1,26.1,21.7,17.2,15.2,16.7,21.0,25.7,28.2,28.1,25.3,21.8,18.3,15.2,12.6,11.1,14.0,17.6,21.2,24.6,27.4,24.4,23.4,21.2,19.1,18.3,19.3,21.5,23.6,94.6,98.1,101.9,103.8,102.6,99.4,95.3,93.5,99.0,97.2,95.9,95.6,96.6,98.2,99.8,96.6,94.2,93.5,94.7,96.6,97.0,97.8,99.5,101.0,101.5,100.7,99.1,97.5,81.6,80.0,78.9,79.1,80.5,82.2,83.2,83.4,84.2,83.3,82.9,83.0,84.1,86.4,88.1,86.6,84.3,82.8,82.7,83.6,82.8,82.9,82.5,81.6,81.0,80.8,81.3,82.1,26.9,106.9,172.9,-0.612,0.599,-0.656,550.5,569.0,608.4,673.6,768.8,836.3,848.7,884.9,928.5,1015.0,1124.5,1214.4,1273.6,1243.6,1185.5,1128.6,1080.3,445.8,464.7,492.1,502.0,474.9,651.9,709.6,756.3,833.3,930.5,630.2,658.0,677.5,698.0,669.5,721.9,759.5,785.7,809.6,590.2,603.5,633.2,665.1,643.3,616.5,763.4,786.9,837.5,893.9,867.2,820.3,785.2,764.0,745.3,760.8,768.9,845.6,912.4,871.2,842.7,831.7,811.7,800.8,785.8,775.1,791.1,799.2,893.1,805.5,792.6,777.9,1259.9,1331.0,1393.1,1429.2,1453.8,1436.0,1336.9,1257.0,1188.4,1131.8,1090.5,1017.0,917.8,793.2,688.0,559.0,434.8,1050.0,985.2,942.5,899.2,833.6,452.6,370.8,310.4,288.2,295.1,775.0,820.7,868.4,918.4,994.0,989.8,970.6,944.3,921.8,1100.8,1030.6,968.1,937.9,1000.1,1052.7,650.5,584.2,522.8,489.7,546.4,606.1,1178.7,1091.6,1027.9,1006.8,969.4,947.1,925.9,986.6,1049.5,1087.9,1118.3,1147.8,1149.5,1072.7,1043.1,1015.0,939.2,1018.2,1047.1,1079.4,0.00,0.00,0.00,0.00,0.00,0.00,0.00,0.00,0.00,0.00,0.00,0.00,0.00,0.00,0.00,0.00,0.00,0.00,0.00,0.00,0.00,0.00,0.00,0.00,0.00,0.00,0.00,0.00,0.00,0.00,0.00,0.00,0.00,0.00,0.00
140,0,4.633,0.03,0,0.000000,0.000000,0.000000,0.000000,0.000000,0.000000,0.000,0.000,649.1,624.5,634.8,673.9,718.9,747.8,733.2,694.1,594.6,590.4,595.5,607.5,628.3,648.9,671.3,667.8,652.0,635.2,622.6,609.2,689.4,706.5,711.0,700.2,680.5,663.4,658.9,669.7,742.7,724.0,743.0,788.5,833.9,852.6,833.6,787.4,741.9,761.5,785.9,813.8,841.0,859.4,871.6,877.9,870.0,845.5,808.8,772.0,786.6,808.4,817.4,808.2,786.3,764.5,755.5,764.7,1004.6,981.0,948.6,926.3,927.2,951.9,983.3,1005.5,1110.6,1071.2,1037.8,1002.4,967.0,944.2,932.0,961.4,994.6,1031.6,1062.5,1089.8,989.5,979.7,965.5,955.2,954.8,964.6,978.8,989.1,639.3,597.1,551.1,528.3,542.0,584.1,630.1,656.3,652.3,626.2,589.9,552.5,517.8,487.5,470.6,501.9,542.3,584.0,620.5,647.2,618.0,606.9,584.6,564.2,557.7,568.8,591.1,611.5,1.0,-1.7,-0.6,4.0,9.3,12.2,10.2,5.8,-5.1,-5.5,-4.9,-3.5,-1.3,1.0,3.6,3.1,1.3,-0.5,-1.9,-3.4,5.5,7.4,8.1,7.0,4.7,2.7,2.1,3.3,9.6,7.7,9.3,13.4,17.8,20.0,18.4,14.0,9.8,11.6,13.8,16.5,19.3,21.7,23.3,23.5,22.2,19.4,16.0,12.6,13.9,16.0,16.7,15.7,13.5,11.5,10.7,11.7,69.7,69.6,68.6,67.2,66.5,67.2,67.9,69.0,84.9,79.0,74.3,70.2,67.0,65.6,65.3,66.4,68.3,71.8,76.1,80.5,69.8,69.3,68.8,68.7,69.0,69.6,70.0,70.1,26.1,21.7,17.2,15.2,16.7,21.0,25.7,28.2,28.1,25.3,21.8,18.3,15.2,12.6,11.1,14.0,17.6,21.2,24.6,27.4,24.4,23.4,21.2,19.1,18.3,19.3,21.5,23.6,94.6,98.1,101.9,103.8,102.6,99.4,95.3,93.5,99.0,97.2,95.9,95.6,96.6,98.2,99.8,96.6,94.2,93.5,94.7,96.6,97.0,97.8,99.5,101.0,101.5,100.7,99.1,97.5,81.6,80.0,78.9,79.1,80.5,82.2,83.2,83.4,84.2,83.3,82.9,83.0,84.1,86.4,88.1,86.6,84.3,82.8,82.7,83.6,82.8,82.9,82.5,81.6,81.0,80.8,81.3,82.1,26.9,106.9,172.9,-0.612,0.599,-0.656,550.5,569.0,608.4,673.6,768.8,836.3,848.7,884.9,928.5,1015.0,1124.5,1214.4,1273.6,1243.6,1185.5,1128.6,1080.3,445.8,464.7,492.1,502.0,474.9,651.9,709.6,756.3,833.3,930.5,630.2,658.0,677.5,698.0,669.5,721.9,759.5,785.7,809.6,590.2,603.5,633.2,665.1,643.3,616.5,763.4,786.9,837.5,893.9,867.2,820.3,785.2,764.0,745.3,760.8,768.9,845.6,912.4,871.2,842.7,831.7,811.7,800.8,785.8,775.1,791.1,799.2,893.1,805.5,792.6,777.9,1259.9,1331.0,1393.1,1429.2,1453.8,1436.0,1336.9,1257.0,1188.4,1131.8,1090.5,1017.0,917.8,793.2,688.0,559.0,434.8,1050.0,985.2,942.5,899.2,833.6,452.6,370.8,310.4,288.2,295.1,775.0,820.7,868.4,918.4,994.0,989.8,970.6,944.3,921.8,1100.8,1030.6,968.1,937.9,1000.1,1052.7,650.5,584.2,522.8,489.7,546.4,606.1,1178.7,1091.6,1027.9,1006.8,969.4,947.1,925.9,986.6,1049.5,1087.9,1118.3,1147.8,1149.5,1072.7,1043.1,1015.0,939.2,1018.2,1047.1,1079.4,0.00,0.00,0.00,0.00,0.00,0.00,0.00,0.00,0.00,0.00,0.00,0.00,0.00,0.00,0.00,0.00,0.00,0.00,0.00,0.00,0.00,0.00,0.00,0.00,0.00,0.00,0.00,0.00,0.00,0.00,0.00,0.00,0.00,0.00,0.00
141,0,4.667,0.03,0,0.000000,0.000000,0.000000,0.000000,0.000000,0.000000,0.000,0.000,649.1,624.5,634.8,673.9,718.9,747.8,733.2,694.1,594.6,590.4,595.5,607.5,628.3,648.9,671.3,667.8,652.0,635.2,622.6,609.2,689.4,706.5,711.0,700.2,680.5,663.4,658.9,669.7,742.7,724.0,743.0,788.5,833.9,852.6,833.6,787.4,741.9,761.5,785.9,813.8,841.0,859.4,871.6,877.9,870.0,845.5,808.8,772.0,786.6,808.4,817.4,808.2,786.3,764.5,755.5,764.7,1004.6,981.0,948.6,926.3,927.2,951.9,983.3,1005.5,1110.6,1071.2,1037.8,1002.4,967.0,944.2,932.0,961.4,994.6,1031.6,1062.5,1089.8,989.5,979.7,965.5,955.2,954.8,964.6,978.8,989.1,639.3,597.1,551.1,528.3,542.0,584.1,630.1,656.3,652.3,626.2,589.9,552.5,517.8,487.5,470.6,501.9,542.3,584.0,620.5,647.2,618.0,606.9,584.6,564.2,557.7,568.8,591.1,611.5,1.0,-1.7,-0.6,4.0,9.3,12.2,10.2,5.8,-5.1,-5.5,-4.9,-3.5,-1.3,1.0,3.6,3.1,1.3,-0.5,-1.9,-3.4,5.5,7.4,8.1,7.0,4.7,2.7,2.1,3.3,9.6,7.7,9.3,13.4,17.8,20.0,18.4,14.0,9.8,11.6,13.8,16.5,19.3,21.7,23.3,23.5,22.2,19.4,16.0,12.6,13.9,16.0,16.7,15.7,13.5,11.5,10.7,11.7,69.7,69.6,68.6,67.2,66.5,67.2,67.9,69.0,84.9,79.0,74.3,70.2,67.0,65.6,65.3,66.4,68.3,71.8,76.1,80.5,69.8,69.3,68.8,68.7,69.0,69.6,70.0,70.1,26.1,21.7,17.2,15.2,16.7,21.0,25.7,28.2,28.1,25.3,21.8,18.3,15.2,12.6,11.1,14.0,17.6,21.2,24.6,27.4,24.4,23.4,21.2,19.1,18.3,19.3,21.5,23.6,94.6,98.1,101.9,103.8,102.6,99.4,95.3,93.5,99.0,97.2,95.9,95.6,96.6,98.2,99.8,96.6,94.2,93.5,94.7,96.6,97.0,97.8,99.5,101.0,101.5,100.7,99.1,97.5,81.6,80.0,78.9,79.1,80.5,82.2,83.2,83.4,84.2,83.3,82.9,83.0,84.1,86.4,88.1,86.6,84.3,82.8,82.7,83.6,82.8,82.9,82.5,81.6,81.0,80.8,81.3,82.1,26.9,106.9,172.9,-0.612,0.599,-0.656,550.5,569.0,608.4,673.6,768.8,836.3,848.7,884.9,928.5,1015.0,1124.5,1214.4,1273.6,1243.6,1185.5,1128.6,1080.3,445.8,464.7,492.1,502.0,474.9,651.9,709.6,756.3,833.3,930.5,630.2,658.0,677.5,698.0,669.5,721.9,759.5,785.7,809.6,590.2,603.5,633.2,665.1,643.3,616.5,763.4,786.9,837.5,893.9,867.2,820.3,785.2,764.0,745.3,760.8,768.9,845.6,912.4,871.2,842.7,831.7,811.7,800.8,785.8,775.1,791.1,799.2,893.1,805.5,792.6,777.9,1259.9,1331.0,1393.1,1429.2,1453.8,1436.0,1336.9,1257.0,1188.4,1131.8,1090.5,1017.0,917.8,793.2,688.0,559.0,434.8,1050.0,985.2,942.5,899.2,833.6,452.6,370.8,310.4,288.2,295.1,775.0,820.7,868.4,918.4,994.0,989.8,970.6,944.3,921.8,1100.8,1030.6,968.1,937.9,1000.1,1052.7,650.5,584.2,522.8,489.7,546.4,606.1,1178.7,1091.6,1027.9,1006.8,969.4,947.1,925.9,986.6,1049.5,1087.9,1118.3,1147.8,1149.5,1072.7,1043.1,1015.0,939.2,1018.2,1047.1,1079.4,0.00,0.00,0.00,0.00,0.00,0.00,0.00,0.00,0.00,0.00,0.00,0.00,0.00,0.00,0.00,0.00,0.00,0.00,0.00,0.00,0.00,0.00,0.00,0.00,0.00,0.00,0.00,0.00,0.00,0.00,0.00,0.00,0.00,0.00,0.00
142,0,4.700,0.03,0,0.000000,0.000000,0.000000,0.000000,0.000000,0.000000,0.000,0.000,649.1,624.5,634.8,673.9,718.9,747.8,733.2,694.1,594.6,590.4,595.5,607.5,628.3,648.9,671.3,667.8,652.0,635.2,622.6,609.2,689.4,706.5,711.0,700.2,680.5,663.4,658.9,669.7,742.7,724.0,743.0,788.5,833.9,852.6,833.6,787.4,741.9,761.5,785.9,813.8,841.0,859.4,871.6,877.9,870.0,845.5,808.8,772.0,786.6,808.4,817.4,808.2,786.3,764.5,755.5,764.7,1004.6,981.0,948.6,926.3,927.2,951.9,983.3,1005.5,1110.6,1071.2,1037.8,1002.4,967.0,944.2,932.0,961.4,994.6,1031.6,1062.5,1089.8,989.5,979.7,965.5,955.2,954.8,964.6,978.8,989.1,639.3,597.1,551.1,528.3,542.0,584.1,630.1,656.3,652.3,626.2,589.9,552.5,517.8,487.5,470.6,501.9,542.3,584.0,620.5,647.2,618.0,606.9,584.6,564.2,557.7,568.8,591.1,611.5,1.0,-1.7,-0.6,4.0,9.3,12.2,10.2,5.8,-5.1,-5.5,-4.9,-3.5,-1.3,1.0,3.6,3.1,1.3,-0.5,-1.9,-3.4,5.5,7.4,8.1,7.0,4.7,2.7,2.1,3.3,9.6,7.7,9.3,13.4,17.8,20.0,18.4,14.0,9.8,11.6,13.8,16.5,19.3,21.7,23.3,23.5,22.2,19.4,16.0,12.6,13.9,16.0,16.7,15.7,13.5,11.5,10.7,11.7,69.7,69.6,68.6,67.2,66.5,67.2,67.9,69.0,84.9,79.0,74.3,70.2,67.0,65.6,65.3,66.4,68.3,71.8,76.1,80.5,69.8,69.3,68.8,68.7,69.0,69.6,70.0,70.1,26.1,21.7,17.2,15.2,16.7,21.0,25.7,28.2,28.1,25.3,21.8,18.3,15.2,12.6,11.1,14.0,17.6,21.2,24.6,27.4,24.4,23.4,21.2,19.1,18.3,19.3,21.5,23.6,94.6,98.1,101.9,103.8,102.6,99.4,95.3,93.5,99.0,97.2,95.9,95.6,96.6,98.2,99.8,96.6,94.2,93.5,94.7,96.6,97.0,97.8,99.5,101.0,101.5,100.7,99.1,97.5,81.6,80.0,78.9,79.1,80.5,82.2,83.2,83.4,84.2,83.3,82.9,83.0,84.1,86.4,88.1,86.6,84.3,82.8,82.7,83.6,82.8,82.9,82.5,81.6,81.0,80.8,81.3,82.1,26.9,106.9,172.9,-0.612,0.599,-0.656,550.5,569.0,608.4,673.6,768.8,836.3,848.7,884.9,928.5,1015.0,1124.5,1214.4,1273.6,1243.6,1185.5,1128.6,1080.3,445.8,464.7,492.1,502.0,474.9,651.9,709.6,756.3,833.3,930.5,630.2,658.0,677.5,698.0,669.5,721.9,759.5,785.7,809.6,590.2,603.5,633.2,665.1,643.3,616.5,763.4,786.9,837.5,893.9,867.2,820.3,785.2,764.0,745.3,760.8,768.9,845.6,912.4,871.2,842.7,831.7,811.7,800.8,785.8,775.1,791.1,799.2,893.1,805.5,792.6,777.9,1259.9,1331.0,1393.1,1429.2,1453.8,1436.0,1336.9,1257.0,1188.4,1131.8,1090.5,1017.0,917.8,793.2,688.0,559.0,434.8,1050.0,985.2,942.5,899.2,833.6,452.6,370.8,310.4,288.2,295.1,775.0,820.7,868.4,918.4,994.0,989.8,970.6,944.3,921.8,1100.8,1030.6,968.1,937.9,1000.1,1052.7,650.5,584.2,522.8,489.7,546.4,606.1,1178.7,1091.6,1027.9,1006.8,969.4,947.1,925.9,986.6,1049.5,1087.9,1118.3,1147.8,1149.5,1072.7,1043.1,1015.0,939.2,1018.2,1047.1,1079.4,0.00,0.00,0.00,0.00,0.00,0.00,0.00,0.00,0.00,0.00,0.00,0.00,0.00,0.00,0.00,0.00,0.00,0.00,0.00,0.00,0.00,0.00,0.00,0.00,0.00,0.00,0.00,0.00,0.00,0.00,0.00,0.00,0.00,0.00,0.00
143,0,4.733,0.03,0,0.000000,0.000000,0.000000,0.000000,0.000000,0.000000,0.000,0.000,649.1,624.5,634.8,673.9,718.9,747.8,733.2,694.1,594.6,590.4,595.5,607.5,628.3,648.9,671.3,667.8,652.0,635.2,622.6,609.2,689.4,706.5,711.0,700.2,680.5,663.4,658.9,669.7,742.7,724.0,743.0,788.5,833.9,852.6,833.6,787.4,741.9,761.5,785.9,813.8,841.0,859.4,871.6,877.9,870.0,845.5,808.8,772.0,786.6,808.4,817.4,808.2,786.3,764.5,755.5,764.7,1004.6,981.0,948.6,926.3,927.2,951.9,983.3,1005.5,1110.6,1071.2,1037.8,1002.4,967.0,944.2,932.0,961.4,994.6,1031.6,1062.5,1089.8,989.5,979.7,965.5,955.2,954.8,964.6,978.8,989.1,639.3,597.1,551.1,528.3,542.0,584.1,630.1,656.3,652.3,626.2,589.9,552.5,517.8,487.5,470.6,501.9,542.3,584.0,620.5,647.2,618.0,606.9,584.6,564.2,557.7,568.8,591.1,611.5,1.0,-1.7,-0.6,4.0,9.3,12.2,10.2,5.8,-5.1,-5.5,-4.9,-3.5,-1.3,1.0,3.6,3.1,1.3,-0.5,-1.9,-3.4,5.5,7.4,8.1,7.0,4.7,2.7,2.1,3.3,9.6,7.7,9.3,13.4,17.8,20.0,18.4,14.0,9.8,11.6,13.8,16.5,19.3,21.7,23.3,23.5,22.2,19.4,16.0,12.6,13.9,16.0,16.7,15.7,13.5,11.5,10.7,11.7,69.7,69.6,68.6,67.2,66.5,67.2,67.9,69.0,84.9,79.0,74.3,70.2,67.0,65.6,65.3,66.4,68.3,71.8,76.1,80.5,69.8,69.3,68.8,68.7,69.0,69.6,70.0,70.1,26.1,21.7,17.2,15.2,16.7,21.0,25.7,28.2,28.1,25.3,21.8,18.3,15.2,12.6,11.1,14.0,17.6,21.2,24.6,27.4,24.4,23.4,21.2,19.1,18.3,19.3,21.5,23.6,94.6,98.1,101.9,103.8,102.6,99.4,95.3,93.5,99.0,97.2,95.9,95.6,96.6,98.2,99.8,96.6,94.2,93.5,94.7,96.6,97.0,97.8,99.5,101.0,101.5,100.7,99.1,97.5,81.6,80.0,78.9,79.1,80.5,82.2,83.2,83.4,84.2,83.3,82.9,83.0,84.1,86.4,88.1,86.6,84.3,82.8,82.7,83.6,82.8,82.9,82.5,81.6,81.0,80.8,81.3,82.1,26.9,106.9,172.9,-0.612,0.599,-0.656,550.5,569.0,608.4,673.6,768.8,836.3,848.7,884.9,928.5,1015.0,1124.5,1214.4,1273.6,1243.6,1185.5,1128.6,1080.3,445.8,464.7,492.1,502.0,474.9,651.9,709.6,756.3,833.3,930.5,630.2,658.0,677.5,698.0,669.5,721.9,759.5,785.7,809.6,590.2,603.5,633.2,665.1,643.3,616.5,763.4,786.9,837.5,893.9,867.2,820.3,785.2,764.0,745.3,760.8,768.9,845.6,912.4,871.2,842.7,831.7,811.7,800.8,785.8,775.1,791.1,799.2,893.1,805.5,792.6,777.9,1259.9,1331.0,1393.1,1429.2,1453.8,1436.0,1336.9,1257.0,1188.4,1131.8,1090.5,1017.0,917.8,793.2,688.0,559.0,434.8,1050.0,985.2,942.5,899.2,833.6,452.6,370.8,310.4,288.2,295.1,775.0,820.7,868.4,918.4,994.0,989.8,970.6,944.3,921.8,1100.8,1030.6,968.1,937.9,1000.1,1052.7,650.5,584.2,522.8,489.7,546.4,606.1,1178.7,1091.6,1027.9,1006.8,969.4,947.1,925.9,986.6,1049.5,1087.9,1118.3,1147.8,1149.5,1072.7,1043.1,1015.0,939.2,1018.2,1047.1,1079.4,0.00,0.00,0.00,0.00,0.00,0.00,0.00,0.00,0.00,0.00,0.00,0.00,0.00,0.00,0.00,0.00,0.00,0.00,0.00,0.00,0.00,0.00,0.00,0.00,0.00,0.00,0.00,0.00,0.00,0.00,0.00,0.00,0.00,0.00,0.00
144,0,4.767,0.03,0,0.000000,0.000000,0.000000,0.000000,0.000000,0.000000,0.000,0.000,649.1,624.5,634.8,673.9,718.9,747.8,733.2,694.1,594.6,590.4,595.5,607.5,628.3,648.9,671.3,667.8,652.0,635.2,622.6,609.2,689.4,706.5,711.0,700.2,680.5,663.4,658.9,669.7,742.7,724.0,743.0,788.5,833.9,852.6,833.6,787.4,741.9,761.5,785.9,813.8,841.0,859.4,871.6,877.9,870.0,845.5,808.8,772.0,786.6,808.4,817.4,808.2,786.3,764.5,755.5,764.7,1004.6,981.0,948.6,926.3,927.2,951.9,983.3,1005.5,1110.6,1071.2,1037.8,1002.4,967.0,944.2,932.0,961.4,994.6,1031.6,1062.5,1089.8,989.5,979.7,965.5,955.2,954.8,964.6,978.8,989.1,639.3,597.1,551.1,528.3,542.0,584.1,630.1,656.3,652.3,626.2,589.9,552.5,517.8,487.5,470.6,501.9,542.3,584.0,620.5,647.2,618.0,606.9,584.6,564.2,557.7,568.8,591.1,611.5,1.0,-1.7,-0.6,4.0,9.3,12.2,10.2,5.8,-5.1,-5.5,-4.9,-3.5,-1.3,1.0,3.6,3.1,1.3,-0.5,-1.9,-3.4,5.5,7.4,8.1,7.0,4.7,2.7,2.1,3.3,9.6,7.7,9.3,13.4,17.8,20.0,18.4,14.0,9.8,11.6,13.8,16.5,19.3,21.7,23.3,23.5,22.2,19.4,16.0,12.6,13.9,16.0,16.7,15.7,13.5,11.5,10.7,11.7,69.7,69.6,68.6,67.2,66.5,67.2,67.9,69.0,84.9,79.0,74.3,70.2,67.0,65.6,65.3,66.4,68.3,71.8,76.1,80.5,69.8,69.3,68.8,68.7,69.0,69.6,70.0,70.1,26.1,21.7,17.2,15.2,16.7,21.0,25.7,28.2,28.1,25.3,21.8,18.3,15.2,12.6,11.1,14.0,17.6,21.2,24.6,27.4,24.4,23.4,21.2,19.1,18.3,19.3,21.5,23.6,94.6,98.1,101.9,103.8,102.6,99.4,95.3,93.5,99.0,97.2,95.9,95.6,96.6,98.2,99.8,96.6,94.2,93.5,94.7,96.6,97.0,97.8,99.5,101.0,101.5,100.7,99.1,97.5,81.6,80.0,78.9,79.1,80.5,82.2,83.2,83.4,84.2,83.3,82.9,83.0,84.1,86.4,88.1,86.6,84.3,82.8,82.7,83.6,82.8,82.9,82.5,81.6,81.0,80.8,81.3,82.1,26.9,106.9,172.9,-0.612,0.599,-0.656,550.5,569.0,608.4,673.6,768.8,836.3,848.7,884.9,928.5,1015.0,1124.5,1214.4,1273.6,1243.6,1185.5,1128.6,1080.3,445.8,464.7,492.1,502.0,474.9,651.9,709.6,756.3,833.3,930.5,630.2,658.0,677.5,698.0,669.5,721.9,759.5,785.7,809.6,590.2,603.5,633.2,665.1,643.3,616.5,763.4,786.9,837.5,893.9,867.2,820.3,785.2,764.0,745.3,760.8,768.9,845.6,912.4,871.2,842.7,831.7,811.7,800.8,785.8,775.1,791.1,799.2,893.1,805.5,792.6,777.9,1259.9,1331.0,1393.1,1429.2,1453.8,1436.0,1336.9,1257.0,1188.4,1131.8,1090.5,1017.0,917.8,793.2,688.0,559.0,434.8,1050.0,985.2,942.5,899.2,833.6,452.6,370.8,310.4,288.2,295.1,775.0,820.7,868.4,918.4,994.0,989.8,970.6,944.3,921.8,1100.8,1030.6,968.1,937.9,1000.1,1052.7,650.5,584.2,522.8,489.7,546.4,606.1,1178.7,1091.6,1027.9,1006.8,969.4,947.1,925.9,986.6,1049.5,1087.9,1118.3,1147.8,1149.5,1072.7,1043.1,1015.0,939.2,1018.2,1047.1,1079.4,0.00,0.00,0.00,0.00,0.00,0.00,0.00,0.00,0.00,0.00,0.00,0.00,0.00,0.00,0.00,0.00,0.00,0.00,0.00,0.00,0.00,0.00,0.00,0.00,0.00,0.00,0.00,0.00,0.00,0.00,0.00,0.00,0.00,0.00,0.00
145,0,4.800,0.03,0,0.000000,0.000000,0.000000,0.000000,0.000000,0.000000,0.000,0.000,649.1,624.5,634.8,673.9,718.9,747.8,733.2,694.1,594.6,590.4,595.5,607.5,628.3,648.9,671.3,667.8,652.0,635.2,622.6,609.2,689.4,706.5,711.0,700.2,680.5,663.4,658.9,669.7,742.7,724.0,743.0,788.5,833.9,852.6,833.6,787.4,741.9,761.5,785.9,813.8,841.0,859.4,871.6,877.9,870.0,845.5,808.8,772.0,786.6,808.4,817.4,808.2,786.3,764.5,755.5,764.7,1004.6,981.0,948.6,926.3,927.2,951.9,983.3,1005.5,1110.6,1071.2,1037.8,1002.4,967.0,944.2,932.0,961.4,994.6,1031.6,1062.5,1089.8,989.5,979.7,965.5,955.2,954.8,964.6,978.8,989.1,639.3,597.1,551.1,528.3,542.0,584.1,630.1,656.3,652.3,626.2,589.9,552.5,517.8,487.5,470.6,501.9,542.3,584.0,620.5,647.2,618.0,606.9,584.6,564.2,557.7,568.8,591.1,611.5,1.0,-1.7,-0.6,4.0,9.3,12.2,10.2,5.8,-5.1,-5.5,-4.9,-3.5,-1.3,1.0,3.6,3.1,1.3,-0.5,-1.9,-3.4,5.5,7.4,8.1,7.0,4.7,2.7,2.1,3.3,9.6,7.7,9.3,13.4,17.8,20.0,18.4,14.0,9.8,11.6,13.8,16.5,19.3,21.7,23.3,23.5,22.2,19.4,16.0,12.6,13.9,16.0,16.7,15.7,13.5,11.5,10.7,11.7,69.7,69.6,68.6,67.2,66.5,67.2,67.9,69.0,84.9,79.0,74.3,70.2,67.0,65.6,65.3,66.4,68.3,71.8,76.1,80.5,69.8,69.3,68.8,68.7,69.0,69.6,70.0,70.1,26.1,21.7,17.2,15.2,16.7,21.0,25.7,28.2,28.1,25.3,21.8,18.3,15.2,12.6,11.1,14.0,17.6,21.2,24.6,27.4,24.4,23.4,21.2,19.1,18.3,19.3,21.5,23.6,94.6,98.1,101.9,103.8,102.6,99.4,95.3,93.5,99.0,97.2,95.9,95.6,96.6,98.2,99.8,96.6,94.2,93.5,94.7,96.6,97.0,97.8,99.5,101.0,101.5,100.7,99.1,97.5,81.6,80.0,78.9,79.1,80.5,82.2,83.2,83.4,84.2,83.3,82.9,83.0,84.1,86.4,88.1,86.6,84.3,82.8,82.7,83.6,82.8,82.9,82.5,81.6,81.0,80.8,81.3,82.1,26.9,106.9,172.9,-0.612,0.599,-0.656,550.5,569.0,608.4,673.6,768.8,836.3,848.7,884.9,928.5,1015.0,1124.5,1214.4,1273.6,1243.6,1185.5,1128.6,1080.3,445.8,464.7,492.1,502.0,474.9,651.9,709.6,756.3,833.3,930.5,630.2,658.0,677.5,698.0,669.5,721.9,759.5,785.7,809.6,590.2,603.5,633.2,665.1,643.3,616.5,763.4,786.9,837.5,893.9,867.2,820.3,785.2,764.0,745.3,760.8,768.9,845.6,912.4,871.2,842.7,831.7,811.7,800.8,785.8,775.1,791.1,799.2,893.1,805.5,792.6,777.9,1259.9,1331.0,1393.1,1429.2,1453.8,1436.0,1336.9,1257.0,1188.4,1131.8,1090.5,1017.0,917.8,793.2,688.0,559.0,434.8,1050.0,985.2,942.5,899.2,833.6,452.6,370.8,310.4,288.2,295.1,775.0,820.7,868.4,918.4,994.0,989.8,970.6,944.3,921.8,1100.8,1030.6,968.1,937.9,1000.1,1052.7,650.5,584.2,522.8,489.7,546.4,606.1,1178.7,1091.6,1027.9,1006.8,969.4,947.1,925.9,986.6,1049.5,1087.9,1118.3,1147.8,1149.5,1072.7,1043.1,1015.0,939.2,1018.2,1047.1,1079.4,0.00,0.00,0.00,0.00,0.00,0.00,0.00,0.00,0.00,0.00,0.00,0.00,0.00,0.00,0.00,0.00,0.00,0.00,0.00,0.00,0.00,0.00,0.00,0.00,0.00,0.00,0.00,0.00,0.00,0.00,0.00,0.00,0.00,0.00,0.00
146,0,4.833,0.03,0,0.000000,0.000000,0.000000,0.000000,0.000000,0.000000,0.000,0.000,649.1,624.5,634.8,673.9,718.9,747.8,733.2,694.1,594.6,590.4,595.5,607.5,628.3,648.9,671.3,667.8,652.0,635.2,622.6,609.2,689.4,706.5,711.0,700.2,680.5,663.4,658.9,669.7,742.7,724.0,743.0,788.5,833.9,852.6,833.6,787.4,741.9,761.5,785.9,813.8,841.0,859.4,871.6,877.9,870.0,845.5,808.8,772.0,786.6,808.4,817.4,808.2,786.3,764.5,755.5,764.7,1004.6,981.0,948.6,926.3,927.2,951.9,983.3,1005.5,1110.6,1071.2,1037.8,1002.4,967.0,944.2,932.0,961.4,994.6,1031.6,1062.5,1089.8,989.5,979.7,965.5,955.2,954.8,964.6,978.8,989.1,639.3,597.1,551.1,528.3,542.0,584.1,630.1,656.3,652.3,626.2,589.9,552.5,517.8,487.5,470.6,501.9,542.3,584.0,620.5,647.2,618.0,606.9,584.6,564.2,557.7,568.8,591.1,611.5,1.0,-1.7,-0.6,4.0,9.3,12.2,10.2,5.8,-5.1,-5.5,-4.9,-3.5,-1.3,1.0,3.6,3.1,1.3,-0.5,-1.9,-3.4,5.5,7.4,8.1,7.0,4.7,2.7,2.1,3.3,9.6,7.7,9.3,13.4,17.8,20.0,18.4,14.0,9.8,11.6,13.8,16.5,19.3,21.7,23.3,23.5,22.2,19.4,16.0,12.6,13.9,16.0,16.7,15.7,13.5,11.5,10.7,11.7,69.7,69.6,68.6,67.2,66.5,67.2,67.9,69.0,84.9,79.0,74.3,70.2,67.0,65.6,65.3,66.4,68.3,71.8,76.1,80.5,69.8,69.3,68.8,68.7,69.0,69.6,70.0,70.1,26.1,21.7,17.2,15.2,16.7,21.0,25.7,28.2,28.1,25.3,21.8,18.3,15.2,12.6,11.1,14.0,17.6,21.2,24.6,27.4,24.4,23.4,21.2,19.1,18.3,19.3,21.5,23.6,94.6,98.1,101.9,103.8,102.6,99.4,95.3,93.5,99.0,97.2,95.9,95.6,96.6,98.2,99.8,96.6,94.2,93.5,94.7,96.6,97.0,97.8,99.5,101.0,101.5,100.7,99.1,97.5,81.6,80.0,78.9,79.1,80.5,82.2,83.2,83.4,84.2,83.3,82.9,83.0,84.1,86.4,88.1,86.6,84.3,82.8,82.7,83.6,82.8,82.9,82.5,81.6,81.0,80.8,81.3,82.1,26.9,106.9,172.9,-0.612,0.599,-0.656,550.5,569.0,608.4,673.6,768.8,836.3,848.7,884.9,928.5,1015.0,1124.5,1214.4,1273.6,1243.6,1185.5,1128.6,1080.3,445.8,464.7,492.1,502.0,474.9,651.9,709.6,756.3,833.3,930.5,630.2,658.0,677.5,698.0,669.5,721.9,759.5,785.7,809.6,590.2,603.5,633.2,665.1,643.3,616.5,763.4,786.9,837.5,893.9,867.2,820.3,785.2,764.0,745.3,760.8,768.9,845.6,912.4,871.2,842.7,831.7,811.7,800.8,785.8,775.1,791.1,799.2,893.1,805.5,792.6,777.9,1259.9,1331.0,1393.1,1429.2,1453.8,1436.0,1336.9,1257.0,1188.4,1131.8,1090.5,1017.0,917.8,793.2,688.0,559.0,434.8,1050.0,985.2,942.5,899.2,833.6,452.6,370.8,310.4,288.2,295.1,775.0,820.7,868.4,918.4,994.0,989.8,970.6,944.3,921.8,1100.8,1030.6,968.1,937.9,1000.1,1052.7,650.5,584.2,522.8,489.7,546.4,606.1,1178.7,1091.6,1027.9,1006.8,969.4,947.1,925.9,986.6,1049.5,1087.9,1118.3,1147.8,1149.5,1072.7,1043.1,1015.0,939.2,1018.2,1047.1,1079.4,0.00,0.00,0.00,0.00,0.00,0.00,0.00,0.00,0.00,0.00,0.00,0.00,0.00,0.00,0.00,0.00,0.00,0.00,0.00,0.00,0.00,0.00,0.00,0.00,0.00,0.00,0.00,0.00,0.00,0.00,0.00,0.00,0.00,0.00,0.00
147,0,4.867,0.03,0,0.000000,0.000000,0.000000,0.000000,0.000000,0.000000,0.000,0.000,649.1,624.5,634.8,673.9,718.9,747.8,733.2,694.1,594.6,590.4,595.5,607.5,628.3,648.9,671.3,667.8,652.0,635.2,622.6,609.2,689.4,706.5,711.0,700.2,680.5,663.4,658.9,669.7,742.7,724.0,743.0,788.5,833.9,852.6,833.6,787.4,741.9,761.5,785.9,813.8,841.0,859.4,871.6,877.9,870.0,845.5,808.8,772.0,786.6,808.4,817.4,808.2,786.3,764.5,755.5,764.7,1004.6,981.0,948.6,926.3,927.2,951.9,983.3,1005.5,1110.6,1071.2,1037.8,1002.4,967.0,944.2,932.0,961.4,994.6,1031.6,1062.5,1089.8,989.5,979.7,965.5,955.2,954.8,964.6,978.8,989.1,639.3,597.1,551.1,528.3,542.0,584.1,630.1,656.3,652.3,626.2,589.9,552.5,517.8,487.5,470.6,501.9,542.3,584.0,620.5,647.2,618.0,606.9,584.6,564.2,557.7,568.8,591.1,611.5,1.0,-1.7,-0.6,4.0,9.3,12.2,10.2,5.8,-5.1,-5.5,-4.9,-3.5,-1.3,1.0,3.6,3.1,1.3,-0.5,-1.9,-3.4,5.5,7.4,8.1,7.0,4.7,2.7,2.1,3.3,9.6,7.7,9.3,13.4,17.8,20.0,18.4,14.0,9.8,11.6,13.8,16.5,19.3,21.7,23.3,23.5,22.2,19.4,16.0,12.6,13.9,16.0,16.7,15.7,13.5,11.5,10.7,11.7,69.7,69.6,68.6,67.2,66.5,67.2,67.9,69.0,84.9,79.0,74.3,70.2,67.0,65.6,65.3,66.4,68.3,71.8,76.1,80.5,69.8,69.3,68.8,68.7,69.0,69.6,70.0,70.1,26.1,21.7,17.2,15.2,16.7,21.0,25.7,28.2,28.1,25.3,21.8,18.3,15.2,12.6,11.1,14.0,17.6,21.2,24.6,27.4,24.4,23.4,21.2,19.1,18.3,19.3,21.5,23.6,94.6,98.1,101.9,103.8,102.6,99.4,95.3,93.5,99.0,97.2,95.9,95.6,96.6,98.2,99.8,96.6,94.2,93.5,94.7,96.6,97.0,97.8,99.5,101.0,101.5,100.7,99.1,97.5,81.6,80.0,78.9,79.1,80.5,82.2,83.2,83.4,84.2,83.3,82.9,83.0,84.1,86.4,88.1,86.6,84.3,82.8,82.7,83.6,82.8,82.9,82.5,81.6,81.0,80.8,81.3,82.1,26.9,106.9,172.9,-0.612,0.599,-0.656,550.5,569.0,608.4,673.6,768.8,836.3,848.7,884.9,928.5,1015.0,1124.5,1214.4,1273.6,1243.6,1185.5,1128.6,1080.3,445.8,464.7,492.1,502.0,474.9,651.9,709.6,756.3,833.3,930.5,630.2,658.0,677.5,698.0,669.5,721.9,759.5,785.7,809.6,590.2,603.5,633.2,665.1,643.3,616.5,763.4,786.9,837.5,893.9,867.2,820.3,785.2,764.0,745.3,760.8,768.9,845.6,912.4,871.2,842.7,831.7,811.7,800.8,785.8,775.1,791.1,799.2,893.1,805.5,792.6,777.9,1259.9,1331.0,1393.1,1429.2,1453.8,1436.0,1336.9,1257.0,1188.4,1131.8,1090.5,1017.0,917.8,793.2,688.0,559.0,434.8,1050.0,985.2,942.5,899.2,833.6,452.6,370.8,310.4,288.2,295.1,775.0,820.7,868.4,918.4,994.0,989.8,970.6,944.3,921.8,1100.8,1030.6,968.1,937.9,1000.1,1052.7,650.5,584.2,522.8,489.7,546.4,606.1,1178.7,1091.6,1027.9,1006.8,969.4,947.1,925.9,986.6,1049.5,1087.9,1118.3,1147.8,1149.5,1072.7,1043.1,1015.0,939.2,1018.2,1047.1,1079.4,0.00,0.00,0.00,0.00,0.00,0.00,0.00,0.00,0.00,0.00,0.00,0.00,0.00,0.00,0.00,0.00,0.00,0.00,0.00,0.00,0.00,0.00,0.00,0.00,0.00,0.00,0.00,0.00,0.00,0.00,0.00,0.00,0.00,0.00,0.00
148,0,4.900,0.03,0,0.000000,0.000000,0.000000,0.000000,0.000000,0.000000,0.000,0.000,649.1,624.5,634.8,673.9,718.9,747.8,733.2,694.1,594.6,590.4,595.5,607.5,628.3,648.9,671.3,667.8,652.0,635.2,622.6,609.2,689.4,706.5,711.0,700.2,680.5,663.4,658.9,669.7,742.7,724.0,743.0,788.5,833.9,852.6,833.6,787.4,741.9,761.5,785.9,813.8,841.0,859.4,871.6,877.9,870.0,845.5,808.8,772.0,786.6,808.4,817.4,808.2,786.3,764.5,755.5,764.7,1004.6,981.0,948.6,926.3,927.2,951.9,983.3,1005.5,1110.6,1071.2,1037.8,1002.4,967.0,944.2,932.0,961.4,994.6,1031.6,1062.5,1089.8,989.5,979.7,965.5,955.2,954.8,964.6,978.8,989.1,639.3,597.1,551.1,528.3,542.0,584.1,630.1,656.3,652.3,626.2,589.9,552.5,517.8,487.5,470.6,501.9,542.3,584.0,620.5,647.2,618.0,606.9,584.6,564.2,557.7,568.8,591.1,611.5,1.0,-1.7,-0.6,4.0,9.3,12.2,10.2,5.8,-5.1,-5.5,-4.9,-3.5,-1.3,1.0,3.6,3.1,1.3,-0.5,-1.9,-3.4,5.5,7.4,8.1,7.0,4.7,2.7,2.1,3.3,9.6,7.7,9.3,13.4,17.8,20.0,18.4,14.0,9.8,11.6,13.8,16.5,19.3,21.7,23.3,23.5,22.2,19.4,16.0,12.6,13.9,16.0,16.7,15.7,13.5,11.5,10.7,11.7,69.7,69.6,68.6,67.2,66.5,67.2,67.9,69.0,84.9,79.0,74.3,70.2,67.0,65.6,65.3,66.4,68.3,71.8,76.1,80.5,69.8,69.3,68.8,68.7,69.0,69.6,70.0,70.1,26.1,21.7,17.2,15.2,16.7,21.0,25.7,28.2,28.1,25.3,21.8,18.3,15.2,12.6,11.1,14.0,17.6,21.2,24.6,27.4,24.4,23.4,21.2,19.1,18.3,19.3,21.5,23.6,94.6,98.1,101.9,103.8,102.6,99.4,95.3,93.5,99.0,97.2,95.9,95.6,96.6,98.2,99.8,96.6,94.2,93.5,94.7,96.6,97.0,97.8,99.5,101.0,101.5,100.7,99.1,97.5,81.6,80.0,78.9,79.1,80.5,82.2,83.2,83.4,84.2,83.3,82.9,83.0,84.1,86.4,88.1,86.6,84.3,82.8,82.7,83.6,82.8,82.9,82.5,81.6,81.0,80.8,81.3,82.1,26.9,106.9,172.9,-0.612,0.599,-0.656,550.5,569.0,608.4,673.6,768.8,836.3,848.7,884.9,928.5,1015.0,1124.5,1214.4,1273.6,1243.6,1185.5,1128.6,1080.3,445.8,464.7,492.1,502.0,474.9,651.9,709.6,756.3,833.3,930.5,630.2,658.0,677.5,698.0,669.5,721.9,759.5,785.7,809.6,590.2,603.5,633.2,665.1,643.3,616.5,763.4,786.9,837.5,893.9,867.2,820.3,785.2,764.0,745.3,760.8,768.9,845.6,912.4,871.2,842.7,831.7,811.7,800.8,785.8,775.1,791.1,799.2,893.1,805.5,792.6,777.9,1259.9,1331.0,1393.1,1429.2,1453.8,1436.0,1336.9,1257.0,1188.4,1131.8,1090.5,1017.0,917.8,793.2,688.0,559.0,434.8,1050.0,985.2,942.5,899.2,833.6,452.6,370.8,310.4,288.2,295.1,775.0,820.7,868.4,918.4,994.0,989.8,970.6,944.3,921.8,1100.8,1030.6,968.1,937.9,1000.1,1052.7,650.5,584.2,522.8,489.7,546.4,606.1,1178.7,1091.6,1027.9,1006.8,969.4,947.1,925.9,986.6,1049.5,1087.9,1118.3,1147.8,1149.5,1072.7,1043.1,1015.0,939.2,1018.2,1047.1,1079.4,0.00,0.00,0.00,0.00,0.00,0.00,0.00,0.00,0.00,0.00,0.00,0.00,0.00,0.00,0.00,0.00,0.00,0.00,0.00,0.00,0.00,0.00,0.00,0.00,0.00,0.00,0.00,0.00,0.00,0.00,0.00,0.00,0.00,0.00,0.00
149,0,4.933,0.03,0,0.000000,0.000000,0.000000,0.000000,0.000000,0.000000,0.000,0.000,649.1,624.5,634.8,673.9,718.9,747.8,733.2,694.1,594.6,590.4,595.5,607.5,628.3,648.9,671.3,667.8,652.0,635.2,622.6,609.2,689.4,706.5,711.0,700.2,680.5,663.4,658.9,669.7,742.7,724.0,743.0,788.5,833.9,852.6,833.6,787.4,741.9,761.5,785.9,813.8,841.0,859.4,871.6,877.9,870.0,845.5,808.8,772.0,786.6,808.4,817.4,808.2,786.3,764.5,755.5,764.7,1004.6,981.0,948.6,926.3,927.2,951.9,983.3,1005.5,1110.6,1071.2,1037.8,1002.4,967.0,944.2,932.0,961.4,994.6,1031.6,1062.5,1089.8,989.5,979.7,965.5,955.2,954.8,964.6,978.8,989.1,639.3,597.1,551.1,528.3,542.0,584.1,630.1,656.3,652.3,626.2,589.9,552.5,517.8,487.5,470.6,501.9,542.3,584.0,620.5,647.2,618.0,606.9,584.6,564.2,557.7,568.8,591.1,611.5,1.0,-1.7,-0.6,4.0,9.3,12.2,10.2,5.8,-5.1,-5.5,-4.9,-3.5,-1.3,1.0,3.6,3.1,1.3,-0.5,-1.9,-3.4,5.5,7.4,8.1,7.0,4.7,2.7,2.1,3.3,9.6,7.7,9.3,13.4,17.8,20.0,18.4,14.0,9.8,11.6,13.8,16.5,19.3,21.7,23.3,23.5,22.2,19.4,16.0,12.6,13.9,16.0,16.7,15.7,13.5,11.5,10.7,11.7,69.7,69.6,68.6,67.2,66.5,67.2,67.9,69.0,84.9,79.0,74.3,70.2,67.0,65.6,65.3,66.4,68.3,71.8,76.1,80.5,69.8,69.3,68.8,68.7,69.0,69.6,70.0,70.1,26.1,21.7,17.2,15.2,16.7,21.0,25.7,28.2,28.1,25.3,21.8,18.3,15.2,12.6,11.1,14.0,17.6,21.2,24.6,27.4,24.4,23.4,21.2,19.1,18.3,19.3,21.5,23.6,94.6,98.1,101.9,103.8,102.6,99.4,95.3,93.5,99.0,97.2,95.9,95.6,96.6,98.2,99.8,96.6,94.2,93.5,94.7,96.6,97.0,97.8,99.5,101.0,101.5,100.7,99.1,97.5,81.6,80.0,78.9,79.1,80.5,82.2,83.2,83.4,84.2,83.3,82.9,83.0,84.1,86.4,88.1,86.6,84.3,82.8,82.7,83.6,82.8,82.9,82.5,81.6,81.0,80.8,81.3,82.1,26.9,106.9,172.9,-0.612,0.599,-0.656,550.5,569.0,608.4,673.6,768.8,836.3,848.7,884.9,928.5,1015.0,1124.5,1214.4,1273.6,1243.6,1185.5,1128.6,1080.3,445.8,464.7,492.1,502.0,474.9,651.9,709.6,756.3,833.3,930.5,630.2,658.0,677.5,698.0,669.5,721.9,759.5,785.7,809.6,590.2,603.5,633.2,665.1,643.3,616.5,763.4,786.9,837.5,893.9,867.2,820.3,785.2,764.0,745.3,760.8,768.9,845.6,912.4,871.2,842.7,831.7,811.7,800.8,785.8,775.1,791.1,799.2,893.1,805.5,792.6,777.9,1259.9,1331.0,1393.1,1429.2,1453.8,1436.0,1336.9,1257.0,1188.4,1131.8,1090.5,1017.0,917.8,793.2,688.0,559.0,434.8,1050.0,985.2,942.5,899.2,833.6,452.6,370.8,310.4,288.2,295.1,775.0,820.7,868.4,918.4,994.0,989.8,970.6,944.3,921.8,1100.8,1030.6,968.1,937.9,1000.1,1052.7,650.5,584.2,522.8,489.7,546.4,606.1,1178.7,1091.6,1027.9,1006.8,969.4,947.1,925.9,986.6,1049.5,1087.9,1118.3,1147.8,1149.5,1072.7,1043.1,1015.0,939.2,1018.2,1047.1,1079.4,0.00,0.00,0.00,0.00,0.00,0.00,0.00,0.00,0.00,0.00,0.00,0.00,0.00,0.00,0.00,0.00,0.00,0.00,0.00,0.00,0.00,0.00,0.00,0.00,0.00,0.00,0.00,0.00,0.00,0.00,0.00,0.00,0.00,0.00,0.00
150,0,4.967,0.03,0,0.000000,0.000000,0.000000,0.000000,0.000000,0.000000,0.000,0.000,649.1,624.5,634.8,673.9,718.9,747.8,733.2,694.1,594.6,590.4,595.5,607.5,628.3,648.9,671.3,667.8,652.0,635.2,622.6,609.2,689.4,706.5,711.0,700.2,680.5,663.4,658.9,669.7,742.7,724.0,743.0,788.5,833.9,852.6,833.6,787.4,741.9,761.5,785.9,813.8,841.0,859.4,871.6,877.9,870.0,845.5,808.8,772.0,786.6,808.4,817.4,808.2,786.3,764.5,755.5,764.7,1004.6,981.0,948.6,926.3,927.2,951.9,983.3,1005.5,1110.6,1071.2,1037.8,1002.4,967.0,944.2,932.0,961.4,994.6,1031.6,1062.5,1089.8,989.5,979.7,965.5,955.2,954.8,964.6,978.8,989.1,639.3,597.1,551.1,528.3,542.0,584.1,630.1,656.3,652.3,626.2,589.9,552.5,517.8,487.5,470.6,501.9,542.3,584.0,620.5,647.2,618.0,606.9,584.6,564.2,557.7,568.8,591.1,611.5,1.0,-1.7,-0.6,4.0,9.3,12.2,10.2,5.8,-5.1,-5.5,-4.9,-3.5,-1.3,1.0,3.6,3.1,1.3,-0.5,-1.9,-3.4,5.5,7.4,8.1,7.0,4.7,2.7,2.1,3.3,9.6,7.7,9.3,13.4,17.8,20.0,18.4,14.0,9.8,11.6,13.8,16.5,19.3,21.7,23.3,23.5,22.2,19.4,16.0,12.6,13.9,16.0,16.7,15.7,13.5,11.5,10.7,11.7,69.7,69.6,68.6,67.2,66.5,67.2,67.9,69.0,84.9,79.0,74.3,70.2,67.0,65.6,65.3,66.4,68.3,71.8,76.1,80.5,69.8,69.3,68.8,68.7,69.0,69.6,70.0,70.1,26.1,21.7,17.2,15.2,16.7,21.0,25.7,28.2,28.1,25.3,21.8,18.3,15.2,12.6,11.1,14.0,17.6,21.2,24.6,27.4,24.4,23.4,21.2,19.1,18.3,19.3,21.5,23.6,94.6,98.1,101.9,103.8,102.6,99.4,95.3,93.5,99.0,97.2,95.9,95.6,96.6,98.2,99.8,96.6,94.2,93.5,94.7,96.6,97.0,97.8,99.5,101.0,101.5,100.7,99.1,97.5,81.6,80.0,78.9,79.1,80.5,82.2,83.2,83.4,84.2,83.3,82.9,83.0,84.1,86.4,88.1,86.6,84.3,82.8,82.7,83.6,82.8,82.9,82.5,81.6,81.0,80.8,81.3,82.1,26.9,106.9,172.9,-0.612,0.599,-0.656,550.5,569.0,608.4,673.6,768.8,836.3,848.7,884.9,928.5,1015.0,1124.5,1214.4,1273.6,1243.6,1185.5,1128.6,1080.3,445.8,464.7,492.1,502.0,474.9,651.9,709.6,756.3,833.3,930.5,630.2,658.0,677.5,698.0,669.5,721.9,759.5,785.7,809.6,590.2,603.5,633.2,665.1,643.3,616.5,763.4,786.9,837.5,893.9,867.2,820.3,785.2,764.0,745.3,760.8,768.9,845.6,912.4,871.2,842.7,831.7,811.7,800.8,785.8,775.1,791.1,799.2,893.1,805.5,792.6,777.9,1259.9,1331.0,1393.1,1429.2,1453.8,1436.0,1336.9,1257.0,1188.4,1131.8,1090.5,1017.0,917.8,793.2,688.0,559.0,434.8,1050.0,985.2,942.5,899.2,833.6,452.6,370.8,310.4,288.2,295.1,775.0,820.7,868.4,918.4,994.0,989.8,970.6,944.3,921.8,1100.8,1030.6,968.1,937.9,1000.1,1052.7,650.5,584.2,522.8,489.7,546.4,606.1,1178.7,1091.6,1027.9,1006.8,969.4,947.1,925.9,986.6,1049.5,1087.9,1118.3,1147.8,1149.5,1072.7,1043.1,1015.0,939.2,1018.2,1047.1,1079.4,0.00,0.00,0.00,0.00,0.00,0.00,0.00,0.00,0.00,0.00,0.00,0.00,0.00,0.00,0.00,0.00,0.00,0.00,0.00,0.00,0.00,0.00,0.00,0.00,0.00,0.00,0.00,0.00,0.00,0.00,0.00,0.00,0.00,0.00,0.00
151,0,5.000,0.03,0,0.000000,0.000000,0.000000,0.000000,0.000000,0.000000,0.000,0.000,649.1,624.5,634.8,673.9,718.9,747.8,733.2,694.1,594.6,590.4,595.5,607.5,628.3,648.9,671.3,667.8,652.0,635.2,622.6,609.2,689.4,706.5,711.0,700.2,680.5,663.4,658.9,669.7,742.7,724.0,743.0,788.5,833.9,852.6,833.6,787.4,741.9,761.5,785.9,813.8,841.0,859.4,871.6,877.9,870.0,845.5,808.8,772.0,786.6,808.4,817.4,808.2,786.3,764.5,755.5,764.7,1004.6,981.0,948.6,926.3,927.2,951.9,983.3,1005.5,1110.6,1071.2,1037.8,1002.4,967.0,944.2,932.0,961.4,994.6,1031.6,1062.5,1089.8,989.5,979.7,965.5,955.2,954.8,964.6,978.8,989.1,639.3,597.1,551.1,528.3,542.0,584.1,630.1,656.3,652.3,626.2,589.9,552.5,517.8,487.5,470.6,501.9,542.3,584.0,620.5,647.2,618.0,606.9,584.6,564.2,557.7,568.8,591.1,611.5,1.0,-1.7,-0.6,4.0,9.3,12.2,10.2,5.8,-5.1,-5.5,-4.9,-3.5,-1.3,1.0,3.6,3.1,1.3,-0.5,-1.9,-3.4,5.5,7.4,8.1,7.0,4.7,2.7,2.1,3.3,9.6,7.7,9.3,13.4,17.8,20.0,18.4,14.0,9.8,11.6,13.8,16.5,19.3,21.7,23.3,23.5,22.2,19.4,16.0,12.6,13.9,16.0,16.7,15.7,13.5,11.5,10.7,11.7,69.7,69.6,68.6,67.2,66.5,67.2,67.9,69.0,84.9,79.0,74.3,70.2,67.0,65.6,65.3,66.4,68.3,71.8,76.1,80.5,69.8,69.3,68.8,68.7,69.0,69.6,70.0,70.1,26.1,21.7,17.2,15.2,16.7,21.0,25.7,28.2,28.1,25.3,21.8,18.3,15.2,12.6,11.1,14.0,17.6,21.2,24.6,27.4,24.4,23.4,21.2,19.1,18.3,19.3,21.5,23.6,94.6,98.1,101.9,103.8,102.6,99.4,95.3,93.5,99.0,97.2,95.9,95.6,96.6,98.2,99.8,96.6,94.2,93.5,94.7,96.6,97.0,97.8,99.5,101.0,101.5,100.7,99.1,97.5,81.6,80.0,78.9,79.1,80.5,82.2,83.2,83.4,84.2,83.3,82.9,83.0,84.1,86.4,88.1,86.6,84.3,82.8,82.7,83.6,82.8,82.9,82.5,81.6,81.0,80.8,81.3,82.1,26.9,106.9,172.9,-0.612,0.599,-0.656,550.5,569.0,608.4,673.6,768.8,836.3,848.7,884.9,928.5,1015.0,1124.5,1214.4,1273.6,1243.6,1185.5,1128.6,1080.3,445.8,464.7,492.1,502.0,474.9,651.9,709.6,756.3,833.3,930.5,630.2,658.0,677.5,698.0,669.5,721.9,759.5,785.7,809.6,590.2,603.5,633.2,665.1,643.3,616.5,763.4,786.9,837.5,893.9,867.2,820.3,785.2,764.0,745.3,760.8,768.9,845.6,912.4,871.2,842.7,831.7,811.7,800.8,785.8,775.1,791.1,799.2,893.1,805.5,792.6,777.9,1259.9,1331.0,1393.1,1429.2,1453.8,1436.0,1336.9,1257.0,1188.4,1131.8,1090.5,1017.0,917.8,793.2,688.0,559.0,434.8,1050.0,985.2,942.5,899.2,833.6,452.6,370.8,310.4,288.2,295.1,775.0,820.7,868.4,918.4,994.0,989.8,970.6,944.3,921.8,1100.8,1030.6,968.1,937.9,1000.1,1052.7,650.5,584.2,522.8,489.7,546.4,606.1,1178.7,1091.6,1027.9,1006.8,969.4,947.1,925.9,986.6,1049.5,1087.9,1118.3,1147.8,1149.5,1072.7,1043.1,1015.0,939.2,1018.2,1047.1,1079.4,0.00,0.00,0.00,0.00,0.00,0.00,0.00,0.00,0.00,0.00,0.00,0.00,0.00,0.00,0.00,0.00,0.00,0.00,0.00,0.00,0.00,0.00,0.00,0.00,0.00,0.00,0.00,0.00,0.00,0.00,0.00,0.00,0.00,0.00,0.00
152,0,5.033,0.03,0,0.000000,0.000000,0.000000,0.000000,0.000000,0.000000,0.000,0.000,649.1,624.5,634.8,673.9,718.9,747.8,733.2,694.1,594.6,590.4,595.5,607.5,628.3,648.9,671.3,667.8,652.0,635.2,622.6,609.2,689.4,706.5,711.0,700.2,680.5,663.4,658.9,669.7,742.7,724.0,743.0,788.5,833.9,852.6,833.6,787.4,741.9,761.5,785.9,813.8,841.0,859.4,871.6,877.9,870.0,845.5,808.8,772.0,786.6,808.4,817.4,808.2,786.3,764.5,755.5,764.7,1004.6,981.0,948.6,926.3,927.2,951.9,983.3,1005.5,1110.6,1071.2,1037.8,1002.4,967.0,944.2,932.0,961.4,994.6,1031.6,1062.5,1089.8,989.5,979.7,965.5,955.2,954.8,964.6,978.8,989.1,639.3,597.1,551.1,528.3,542.0,584.1,630.1,656.3,652.3,626.2,589.9,552.5,517.8,487.5,470.6,501.9,542.3,584.0,620.5,647.2,618.0,606.9,584.6,564.2,557.7,568.8,591.1,611.5,1.0,-1.7,-0.6,4.0,9.3,12.2,10.2,5.8,-5.1,-5.5,-4.9,-3.5,-1.3,1.0,3.6,3.1,1.3,-0.5,-1.9,-3.4,5.5,7.4,8.1,7.0,4.7,2.7,2.1,3.3,9.6,7.7,9.3,13.4,17.8,20.0,18.4,14.0,9.8,11.6,13.8,16.5,19.3,21.7,23.3,23.5,22.2,19.4,16.0,12.6,13.9,16.0,16.7,15.7,13.5,11.5,10.7,11.7,69.7,69.6,68.6,67.2,66.5,67.2,67.9,69.0,84.9,79.0,74.3,70.2,67.0,65.6,65.3,66.4,68.3,71.8,76.1,80.5,69.8,69.3,68.8,68.7,69.0,69.6,70.0,70.1,26.1,21.7,17.2,15.2,16.7,21.0,25.7,28.2,28.1,25.3,21.8,18.3,15.2,12.6,11.1,14.0,17.6,21.2,24.6,27.4,24.4,23.4,21.2,19.1,18.3,19.3,21.5,23.6,94.6,98.1,101.9,103.8,102.6,99.4,95.3,93.5,99.0,97.2,95.9,95.6,96.6,98.2,99.8,96.6,94.2,93.5,94.7,96.6,97.0,97.8,99.5,101.0,101.5,100.7,99.1,97.5,81.6,80.0,78.9,79.1,80.5,82.2,83.2,83.4,84.2,83.3,82.9,83.0,84.1,86.4,88.1,86.6,84.3,82.8,82.7,83.6,82.8,82.9,82.5,81.6,81.0,80.8,81.3,82.1,26.9,106.9,172.9,-0.612,0.599,-0.656,550.5,569.0,608.4,673.6,768.8,836.3,848.7,884.9,928.5,1015.0,1124.5,1214.4,1273.6,1243.6,1185.5,1128.6,1080.3,445.8,464.7,492.1,502.0,474.9,651.9,709.6,756.3,833.3,930.5,630.2,658.0,677.5,698.0,669.5,721.9,759.5,785.7,809.6,590.2,603.5,633.2,665.1,643.3,616.5,763.4,786.9,837.5,893.9,867.2,820.3,785.2,764.0,745.3,760.8,768.9,845.6,912.4,871.2,842.7,831.7,811.7,800.8,785.8,775.1,791.1,799.2,893.1,805.5,792.6,777.9,1259.9,1331.0,1393.1,1429.2,1453.8,1436.0,1336.9,1257.0,1188.4,1131.8,1090.5,1017.0,917.8,793.2,688.0,559.0,434.8,1050.0,985.2,942.5,899.2,833.6,452.6,370.8,310.4,288.2,295.1,775.0,820.7,868.4,918.4,994.0,989.8,970.6,944.3,921.8,1100.8,1030.6,968.1,937.9,1000.1,1052.7,650.5,584.2,522.8,489.7,546.4,606.1,1178.7,1091.6,1027.9,1006.8,969.4,947.1,925.9,986.6,1049.5,1087.9,1118.3,1147.8,1149.5,1072.7,1043.1,1015.0,939.2,1018.2,1047.1,1079.4,0.00,0.00,0.00,0.00,0.00,0.00,0.00,0.00,0.00,0.00,0.00,0.00,0.00,0.00,0.00,0.00,0.00,0.00,0.00,0.00,0.00,0.00,0.00,0.00,0.00,0.00,0.00,0.00,0.00,0.00,0.00,0.00,0.00,0.00,0.00
153,0,5.067,0.03,0,0.000000,0.000000,0.000000,0.000000,0.000000,0.000000,0.000,0.000,649.1,624.5,634.8,673.9,718.9,747.8,733.2,694.1,594.6,590.4,595.5,607.5,628.3,648.9,671.3,667.8,652.0,635.2,622.6,609.2,689.4,706.5,711.0,700.2,680.5,663.4,658.9,669.7,742.7,724.0,743.0,788.5,833.9,852.6,833.6,787.4,741.9,761.5,785.9,813.8,841.0,859.4,871.6,877.9,870.0,845.5,808.8,772.0,786.6,808.4,817.4,808.2,786.3,764.5,755.5,764.7,1004.6,981.0,948.6,926.3,927.2,951.9,983.3,1005.5,1110.6,1071.2,1037.8,1002.4,967.0,944.2,932.0,961.4,994.6,1031.6,1062.5,1089.8,989.5,979.7,965.5,955.2,954.8,964.6,978.8,989.1,639.3,597.1,551.1,528.3,542.0,584.1,630.1,656.3,652.3,626.2,589.9,552.5,517.8,487.5,470.6,501.9,542.3,584.0,620.5,647.2,618.0,606.9,584.6,564.2,557.7,568.8,591.1,611.5,1.0,-1.7,-0.6,4.0,9.3,12.2,10.2,5.8,-5.1,-5.5,-4.9,-3.5,-1.3,1.0,3.6,3.1,1.3,-0.5,-1.9,-3.4,5.5,7.4,8.1,7.0,4.7,2.7,2.1,3.3,9.6,7.7,9.3,13.4,17.8,20.0,18.4,14.0,9.8,11.6,13.8,16.5,19.3,21.7,23.3,23.5,22.2,19.4,16.0,12.6,13.9,16.0,16.7,15.7,13.5,11.5,10.7,11.7,69.7,69.6,68.6,67.2,66.5,67.2,67.9,69.0,84.9,79.0,74.3,70.2,67.0,65.6,65.3,66.4,68.3,71.8,76.1,80.5,69.8,69.3,68.8,68.7,69.0,69.6,70.0,70.1,26.1,21.7,17.2,15.2,16.7,21.0,25.7,28.2,28.1,25.3,21.8,18.3,15.2,12.6,11.1,14.0,17.6,21.2,24.6,27.4,24.4,23.4,21.2,19.1,18.3,19.3,21.5,23.6,94.6,98.1,101.9,103.8,102.6,99.4,95.3,93.5,99.0,97.2,95.9,95.6,96.6,98.2,99.8,96.6,94.2,93.5,94.7,96.6,97.0,97.8,99.5,101.0,101.5,100.7,99.1,97.5,81.6,80.0,78.9,79.1,80.5,82.2,83.2,83.4,84.2,83.3,82.9,83.0,84.1,86.4,88.1,86.6,84.3,82.8,82.7,83.6,82.8,82.9,82.5,81.6,81.0,80.8,81.3,82.1,26.9,106.9,172.9,-0.612,0.599,-0.656,550.5,569.0,608.4,673.6,768.8,836.3,848.7,884.9,928.5,1015.0,1124.5,1214.4,1273.6,1243.6,1185.5,1128.6,1080.3,445.8,464.7,492.1,502.0,474.9,651.9,709.6,756.3,833.3,930.5,630.2,658.0,677.5,698.0,669.5,721.9,759.5,785.7,809.6,590.2,603.5,633.2,665.1,643.3,616.5,763.4,786.9,837.5,893.9,867.2,820.3,785.2,764.0,745.3,760.8,768.9,845.6,912.4,871.2,842.7,831.7,811.7,800.8,785.8,775.1,791.1,799.2,893.1,805.5,792.6,777.9,1259.9,1331.0,1393.1,1429.2,1453.8,1436.0,1336.9,1257.0,1188.4,1131.8,1090.5,1017.0,917.8,793.2,688.0,559.0,434.8,1050.0,985.2,942.5,899.2,833.6,452.6,370.8,310.4,288.2,295.1,775.0,820.7,868.4,918.4,994.0,989.8,970.6,944.3,921.8,1100.8,1030.6,968.1,937.9,1000.1,1052.7,650.5,584.2,522.8,489.7,546.4,606.1,1178.7,1091.6,1027.9,1006.8,969.4,947.1,925.9,986.6,1049.5,1087.9,1118.3,1147.8,1149.5,1072.7,1043.1,1015.0,939.2,1018.2,1047.1,1079.4,0.00,0.00,0.00,0.00,0.00,0.00,0.00,0.00,0.00,0.00,0.00,0.00,0.00,0.00,0.00,0.00,0.00,0.00,0.00,0.00,0.00,0.00,0.00,0.00,0.00,0.00,0.00,0.00,0.00,0.00,0.00,0.00,0.00,0.00,0.00
154,0,5.100,0.03,0,0.000000,0.000000,0.000000,0.000000,0.000000,0.000000,0.000,0.000,649.1,624.5,634.8,673.9,718.9,747.8,733.2,694.1,594.6,590.4,595.5,607.5,628.3,648.9,671.3,667.8,652.0,635.2,622.6,609.2,689.4,706.5,711.0,700.2,680.5,663.4,658.9,669.7,742.7,724.0,743.0,788.5,833.9,852.6,833.6,787.4,741.9,761.5,785.9,813.8,841.0,859.4,871.6,877.9,870.0,845.5,808.8,772.0,786.6,808.4,817.4,808.2,786.3,764.5,755.5,764.7,1004.6,981.0,948.6,926.3,927.2,951.9,983.3,1005.5,1110.6,1071.2,1037.8,1002.4,967.0,944.2,932.0,961.4,994.6,1031.6,1062.5,1089.8,989.5,979.7,965.5,955.2,954.8,964.6,978.8,989.1,639.3,597.1,551.1,528.3,542.0,584.1,630.1,656.3,652.3,626.2,589.9,552.5,517.8,487.5,470.6,501.9,542.3,584.0,620.5,647.2,618.0,606.9,584.6,564.2,557.7,568.8,591.1,611.5,1.0,-1.7,-0.6,4.0,9.3,12.2,10.2,5.8,-5.1,-5.5,-4.9,-3.5,-1.3,1.0,3.6,3.1,1.3,-0.5,-1.9,-3.4,5.5,7.4,8.1,7.0,4.7,2.7,2.1,3.3,9.6,7.7,9.3,13.4,17.8,20.0,18.4,14.0,9.8,11.6,13.8,16.5,19.3,21.7,23.3,23.5,22.2,19.4,16.0,12.6,13.9,16.0,16.7,15.7,13.5,11.5,10.7,11.7,69.7,69.6,68.6,67.2,66.5,67.2,67.9,69.0,84.9,79.0,74.3,70.2,67.0,65.6,65.3,66.4,68.3,71.8,76.1,80.5,69.8,69.3,68.8,68.7,69.0,69.6,70.0,70.1,26.1,21.7,17.2,15.2,16.7,21.0,25.7,28.2,28.1,25.3,21.8,18.3,15.2,12.6,11.1,14.0,17.6,21.2,24.6,27.4,24.4,23.4,21.2,19.1,18.3,19.3,21.5,23.6,94.6,98.1,101.9,103.8,102.6,99.4,95.3,93.5,99.0,97.2,95.9,95.6,96.6,98.2,99.8,96.6,94.2,93.5,94.7,96.6,97.0,97.8,99.5,101.0,101.5,100.7,99.1,97.5,81.6,80.0,78.9,79.1,80.5,82.2,83.2,83.4,84.2,83.3,82.9,83.0,84.1,86.4,88.1,86.6,84.3,82.8,82.7,83.6,82.8,82.9,82.5,81.6,81.0,80.8,81.3,82.1,26.9,106.9,172.9,-0.612,0.599,-0.656,550.5,569.0,608.4,673.6,768.8,836.3,848.7,884.9,928.5,1015.0,1124.5,1214.4,1273.6,1243.6,1185.5,1128.6,1080.3,445.8,464.7,492.1,502.0,474.9,651.9,709.6,756.3,833.3,930.5,630.2,658.0,677.5,698.0,669.5,721.9,759.5,785.7,809.6,590.2,603.5,633.2,665.1,643.3,616.5,763.4,786.9,837.5,893.9,867.2,820.3,785.2,764.0,745.3,760.8,768.9,845.6,912.4,871.2,842.7,831.7,811.7,800.8,785.8,775.1,791.1,799.2,893.1,805.5,792.6,777.9,1259.9,1331.0,1393.1,1429.2,1453.8,1436.0,1336.9,1257.0,1188.4,1131.8,1090.5,1017.0,917.8,793.2,688.0,559.0,434.8,1050.0,985.2,942.5,899.2,833.6,452.6,370.8,310.4,288.2,295.1,775.0,820.7,868.4,918.4,994.0,989.8,970.6,944.3,921.8,1100.8,1030.6,968.1,937.9,1000.1,1052.7,650.5,584.2,522.8,489.7,546.4,606.1,1178.7,1091.6,1027.9,1006.8,969.4,947.1,925.9,986.6,1049.5,1087.9,1118.3,1147.8,1149.5,1072.7,1043.1,1015.0,939.2,1018.2,1047.1,1079.4,0.00,0.00,0.00,0.00,0.00,0.00,0.00,0.00,0.00,0.00,0.00,0.00,0.00,0.00,0.00,0.00,0.00,0.00,0.00,0.00,0.00,0.00,0.00,0.00,0.00,0.00,0.00,0.00,0.00,0.00,0.00,0.00,0.00,0.00,0.00
155,0,5.133,0.03,0,0.000000,0.000000,0.000000,0.000000,0.000000,0.000000,0.000,0.000,649.1,624.5,634.8,673.9,718.9,747.8,733.2,694.1,594.6,590.4,595.5,607.5,628.3,648.9,671.3,667.8,652.0,635.2,622.6,609.2,689.4,706.5,711.0,700.2,680.5,663.4,658.9,669.7,742.7,724.0,743.0,788.5,833.9,852.6,833.6,787.4,741.9,761.5,785.9,813.8,841.0,859.4,871.6,877.9,870.0,845.5,808.8,772.0,786.6,808.4,817.4,808.2,786.3,764.5,755.5,764.7,1004.6,981.0,948.6,926.3,927.2,951.9,983.3,1005.5,1110.6,1071.2,1037.8,1002.4,967.0,944.2,932.0,961.4,994.6,1031.6,1062.5,1089.8,989.5,979.7,965.5,955.2,954.8,964.6,978.8,989.1,639.3,597.1,551.1,528.3,542.0,584.1,630.1,656.3,652.3,626.2,589.9,552.5,517.8,487.5,470.6,501.9,542.3,584.0,620.5,647.2,618.0,606.9,584.6,564.2,557.7,568.8,591.1,611.5,1.0,-1.7,-0.6,4.0,9.3,12.2,10.2,5.8,-5.1,-5.5,-4.9,-3.5,-1.3,1.0,3.6,3.1,1.3,-0.5,-1.9,-3.4,5.5,7.4,8.1,7.0,4.7,2.7,2.1,3.3,9.6,7.7,9.3,13.4,17.8,20.0,18.4,14.0,9.8,11.6,13.8,16.5,19.3,21.7,23.3,23.5,22.2,19.4,16.0,12.6,13.9,16.0,16.7,15.7,13.5,11.5,10.7,11.7,69.7,69.6,68.6,67.2,66.5,67.2,67.9,69.0,84.9,79.0,74.3,70.2,67.0,65.6,65.3,66.4,68.3,71.8,76.1,80.5,69.8,69.3,68.8,68.7,69.0,69.6,70.0,70.1,26.1,21.7,17.2,15.2,16.7,21.0,25.7,28.2,28.1,25.3,21.8,18.3,15.2,12.6,11.1,14.0,17.6,21.2,24.6,27.4,24.4,23.4,21.2,19.1,18.3,19.3,21.5,23.6,94.6,98.1,101.9,103.8,102.6,99.4,95.3,93.5,99.0,97.2,95.9,95.6,96.6,98.2,99.8,96.6,94.2,93.5,94.7,96.6,97.0,97.8,99.5,101.0,101.5,100.7,99.1,97.5,81.6,80.0,78.9,79.1,80.5,82.2,83.2,83.4,84.2,83.3,82.9,83.0,84.1,86.4,88.1,86.6,84.3,82.8,82.7,83.6,82.8,82.9,82.5,81.6,81.0,80.8,81.3,82.1,26.9,106.9,172.9,-0.612,0.599,-0.656,550.5,569.0,608.4,673.6,768.8,836.3,848.7,884.9,928.5,1015.0,1124.5,1214.4,1273.6,1243.6,1185.5,1128.6,1080.3,445.8,464.7,492.1,502.0,474.9,651.9,709.6,756.3,833.3,930.5,630.2,658.0,677.5,698.0,669.5,721.9,759.5,785.7,809.6,590.2,603.5,633.2,665.1,643.3,616.5,763.4,786.9,837.5,893.9,867.2,820.3,785.2,764.0,745.3,760.8,768.9,845.6,912.4,871.2,842.7,831.7,811.7,800.8,785.8,775.1,791.1,799.2,893.1,805.5,792.6,777.9,1259.9,1331.0,1393.1,1429.2,1453.8,1436.0,1336.9,1257.0,1188.4,1131.8,1090.5,1017.0,917.8,793.2,688.0,559.0,434.8,1050.0,985.2,942.5,899.2,833.6,452.6,370.8,310.4,288.2,295.1,775.0,820.7,868.4,918.4,994.0,989.8,970.6,944.3,921.8,1100.8,1030.6,968.1,937.9,1000.1,1052.7,650.5,584.2,522.8,489.7,546.4,606.1,1178.7,1091.6,1027.9,1006.8,969.4,947.1,925.9,986.6,1049.5,1087.9,1118.3,1147.8,1149.5,1072.7,1043.1,1015.0,939.2,1018.2,1047.1,1079.4,0.00,0.00,0.00,0.00,0.00,0.00,0.00,0.00,0.00,0.00,0.00,0.00,0.00,0.00,0.00,0.00,0.00,0.00,0.00,0.00,0.00,0.00,0.00,0.00,0.00,0.00,0.00,0.00,0.00,0.00,0.00,0.00,0.00,0.00,0.00
156,0,5.167,0.03,0,0.000000,0.000000,0.000000,0.000000,0.000000,0.000000,0.000,0.000,649.1,624.5,634.8,673.9,718.9,747.8,733.2,694.1,594.6,590.4,595.5,607.5,628.3,648.9,671.3,667.8,652.0,635.2,622.6,609.2,689.4,706.5,711.0,700.2,680.5,663.4,658.9,669.7,742.7,724.0,743.0,788.5,833.9,852.6,833.6,787.4,741.9,761.5,785.9,813.8,841.0,859.4,871.6,877.9,870.0,845.5,808.8,772.0,786.6,808.4,817.4,808.2,786.3,764.5,755.5,764.7,1004.6,981.0,948.6,926.3,927.2,951.9,983.3,1005.5,1110.6,1071.2,1037.8,1002.4,967.0,944.2,932.0,961.4,994.6,1031.6,1062.5,1089.8,989.5,979.7,965.5,955.2,954.8,964.6,978.8,989.1,639.3,597.1,551.1,528.3,542.0,584.1,630.1,656.3,652.3,626.2,589.9,552.5,517.8,487.5,470.6,501.9,542.3,584.0,620.5,647.2,618.0,606.9,584.6,564.2,557.7,568.8,591.1,611.5,1.0,-1.7,-0.6,4.0,9.3,12.2,10.2,5.8,-5.1,-5.5,-4.9,-3.5,-1.3,1.0,3.6,3.1,1.3,-0.5,-1.9,-3.4,5.5,7.4,8.1,7.0,4.7,2.7,2.1,3.3,9.6,7.7,9.3,13.4,17.8,20.0,18.4,14.0,9.8,11.6,13.8,16.5,19.3,21.7,23.3,23.5,22.2,19.4,16.0,12.6,13.9,16.0,16.7,15.7,13.5,11.5,10.7,11.7,69.7,69.6,68.6,67.2,66.5,67.2,67.9,69.0,84.9,79.0,74.3,70.2,67.0,65.6,65.3,66.4,68.3,71.8,76.1,80.5,69.8,69.3,68.8,68.7,69.0,69.6,70.0,70.1,26.1,21.7,17.2,15.2,16.7,21.0,25.7,28.2,28.1,25.3,21.8,18.3,15.2,12.6,11.1,14.0,17.6,21.2,24.6,27.4,24.4,23.4,21.2,19.1,18.3,19.3,21.5,23.6,94.6,98.1,101.9,103.8,102.6,99.4,95.3,93.5,99.0,97.2,95.9,95.6,96.6,98.2,99.8,96.6,94.2,93.5,94.7,96.6,97.0,97.8,99.5,101.0,101.5,100.7,99.1,97.5,81.6,80.0,78.9,79.1,80.5,82.2,83.2,83.4,84.2,83.3,82.9,83.0,84.1,86.4,88.1,86.6,84.3,82.8,82.7,83.6,82.8,82.9,82.5,81.6,81.0,80.8,81.3,82.1,26.9,106.9,172.9,-0.612,0.599,-0.656,550.5,569.0,608.4,673.6,768.8,836.3,848.7,884.9,928.5,1015.0,1124.5,1214.4,1273.6,1243.6,1185.5,1128.6,1080.3,445.8,464.7,492.1,502.0,474.9,651.9,709.6,756.3,833.3,930.5,630.2,658.0,677.5,698.0,669.5,721.9,759.5,785.7,809.6,590.2,603.5,633.2,665.1,643.3,616.5,763.4,786.9,837.5,893.9,867.2,820.3,785.2,764.0,745.3,760.8,768.9,845.6,912.4,871.2,842.7,831.7,811.7,800.8,785.8,775.1,791.1,799.2,893.1,805.5,792.6,777.9,1259.9,1331.0,1393.1,1429.2,1453.8,1436.0,1336.9,1257.0,1188.4,1131.8,1090.5,1017.0,917.8,793.2,688.0,559.0,434.8,1050.0,985.2,942.5,899.2,833.6,452.6,370.8,310.4,288.2,295.1,775.0,820.7,868.4,918.4,994.0,989.8,970.6,944.3,921.8,1100.8,1030.6,968.1,937.9,1000.1,1052.7,650.5,584.2,522.8,489.7,546.4,606.1,1178.7,1091.6,1027.9,1006.8,969.4,947.1,925.9,986.6,1049.5,1087.9,1118.3,1147.8,1149.5,1072.7,1043.1,1015.0,939.2,1018.2,1047.1,1079.4,0.00,0.00,0.00,0.00,0.00,0.00,0.00,0.00,0.00,0.00,0.00,0.00,0.00,0.00,0.00,0.00,0.00,0.00,0.00,0.00,0.00,0.00,0.00,0.00,0.00,0.00,0.00,0.00,0.00,0.00,0.00,0.00,0.00,0.00,0.00
157,0,5.200,0.03,0,0.000000,0.000000,0.000000,0.000000,0.000000,0.000000,0.000,0.000,649.1,624.5,634.8,673.9,718.9,747.8,733.2,694.1,594.6,590.4,595.5,607.5,628.3,648.9,671.3,667.8,652.0,635.2,622.6,609.2,689.4,706.5,711.0,700.2,680.5,663.4,658.9,669.7,742.7,724.0,743.0,788.5,833.9,852.6,833.6,787.4,741.9,761.5,785.9,813.8,841.0,859.4,871.6,877.9,870.0,845.5,808.8,772.0,786.6,808.4,817.4,808.2,786.3,764.5,755.5,764.7,1004.6,981.0,948.6,926.3,927.2,951.9,983.3,1005.5,1110.6,1071.2,1037.8,1002.4,967.0,944.2,932.0,961.4,994.6,1031.6,1062.5,1089.8,989.5,979.7,965.5,955.2,954.8,964.6,978.8,989.1,639.3,597.1,551.1,528.3,542.0,584.1,630.1,656.3,652.3,626.2,589.9,552.5,517.8,487.5,470.6,501.9,542.3,584.0,620.5,647.2,618.0,606.9,584.6,564.2,557.7,568.8,591.1,611.5,1.0,-1.7,-0.6,4.0,9.3,12.2,10.2,5.8,-5.1,-5.5,-4.9,-3.5,-1.3,1.0,3.6,3.1,1.3,-0.5,-1.9,-3.4,5.5,7.4,8.1,7.0,4.7,2.7,2.1,3.3,9.6,7.7,9.3,13.4,17.8,20.0,18.4,14.0,9.8,11.6,13.8,16.5,19.3,21.7,23.3,23.5,22.2,19.4,16.0,12.6,13.9,16.0,16.7,15.7,13.5,11.5,10.7,11.7,69.7,69.6,68.6,67.2,66.5,67.2,67.9,69.0,84.9,79.0,74.3,70.2,67.0,65.6,65.3,66.4,68.3,71.8,76.1,80.5,69.8,69.3,68.8,68.7,69.0,69.6,70.0,70.1,26.1,21.7,17.2,15.2,16.7,21.0,25.7,28.2,28.1,25.3,21.8,18.3,15.2,12.6,11.1,14.0,17.6,21.2,24.6,27.4,24.4,23.4,21.2,19.1,18.3,19.3,21.5,23.6,94.6,98.1,101.9,103.8,102.6,99.4,95.3,93.5,99.0,97.2,95.9,95.6,96.6,98.2,99.8,96.6,94.2,93.5,94.7,96.6,97.0,97.8,99.5,101.0,101.5,100.7,99.1,97.5,81.6,80.0,78.9,79.1,80.5,82.2,83.2,83.4,84.2,83.3,82.9,83.0,84.1,86.4,88.1,86.6,84.3,82.8,82.7,83.6,82.8,82.9,82.5,81.6,81.0,80.8,81.3,82.1,26.9,106.9,172.9,-0.612,0.599,-0.656,550.5,569.0,608.4,673.6,768.8,836.3,848.7,884.9,928.5,1015.0,1124.5,1214.4,1273.6,1243.6,1185.5,1128.6,1080.3,445.8,464.7,492.1,502.0,474.9,651.9,709.6,756.3,833.3,930.5,630.2,658.0,677.5,698.0,669.5,721.9,759.5,785.7,809.6,590.2,603.5,633.2,665.1,643.3,616.5,763.4,786.9,837.5,893.9,867.2,820.3,785.2,764.0,745.3,760.8,768.9,845.6,912.4,871.2,842.7,831.7,811.7,800.8,785.8,775.1,791.1,799.2,893.1,805.5,792.6,777.9,1259.9,1331.0,1393.1,1429.2,1453.8,1436.0,1336.9,1257.0,1188.4,1131.8,1090.5,1017.0,917.8,793.2,688.0,559.0,434.8,1050.0,985.2,942.5,899.2,833.6,452.6,370.8,310.4,288.2,295.1,775.0,820.7,868.4,918.4,994.0,989.8,970.6,944.3,921.8,1100.8,1030.6,968.1,937.9,1000.1,1052.7,650.5,584.2,522.8,489.7,546.4,606.1,1178.7,1091.6,1027.9,1006.8,969.4,947.1,925.9,986.6,1049.5,1087.9,1118.3,1147.8,1149.5,1072.7,1043.1,1015.0,939.2,1018.2,1047.1,1079.4,0.00,0.00,0.00,0.00,0.00,0.00,0.00,0.00,0.00,0.00,0.00,0.00,0.00,0.00,0.00,0.00,0.00,0.00,0.00,0.00,0.00,0.00,0.00,0.00,0.00,0.00,0.00,0.00,0.00,0.00,0.00,0.00,0.00,0.00,0.00
158,0,5.233,0.03,0,0.000000,0.000000,0.000000,0.000000,0.000000,0.000000,0.000,0.000,649.1,624.5,634.8,673.9,718.9,747.8,733.2,694.1,594.6,590.4,595.5,607.5,628.3,648.9,671.3,667.8,652.0,635.2,622.6,609.2,689.4,706.5,711.0,700.2,680.5,663.4,658.9,669.7,742.7,724.0,743.0,788.5,833.9,852.6,833.6,787.4,741.9,761.5,785.9,813.8,841.0,859.4,871.6,877.9,870.0,845.5,808.8,772.0,786.6,808.4,817.4,808.2,786.3,764.5,755.5,764.7,1004.6,981.0,948.6,926.3,927.2,951.9,983.3,1005.5,1110.6,1071.2,1037.8,1002.4,967.0,944.2,932.0,961.4,994.6,1031.6,1062.5,1089.8,989.5,979.7,965.5,955.2,954.8,964.6,978.8,989.1,639.3,597.1,551.1,528.3,542.0,584.1,630.1,656.3,652.3,626.2,589.9,552.5,517.8,487.5,470.6,501.9,542.3,584.0,620.5,647.2,618.0,606.9,584.6,564.2,557.7,568.8,591.1,611.5,1.0,-1.7,-0.6,4.0,9.3,12.2,10.2,5.8,-5.1,-5.5,-4.9,-3.5,-1.3,1.0,3.6,3.1,1.3,-0.5,-1.9,-3.4,5.5,7.4,8.1,7.0,4.7,2.7,2.1,3.3,9.6,7.7,9.3,13.4,17.8,20.0,18.4,14.0,9.8,11.6,13.8,16.5,19.3,21.7,23.3,23.5,22.2,19.4,16.0,12.6,13.9,16.0,16.7,15.7,13.5,11.5,10.7,11.7,69.7,69.6,68.6,67.2,66.5,67.2,67.9,69.0,84.9,79.0,74.3,70.2,67.0,65.6,65.3,66.4,68.3,71.8,76.1,80.5,69.8,69.3,68.8,68.7,69.0,69.6,70.0,70.1,26.1,21.7,17.2,15.2,16.7,21.0,25.7,28.2,28.1,25.3,21.8,18.3,15.2,12.6,11.1,14.0,17.6,21.2,24.6,27.4,24.4,23.4,21.2,19.1,18.3,19.3,21.5,23.6,94.6,98.1,101.9,103.8,102.6,99.4,95.3,93.5,99.0,97.2,95.9,95.6,96.6,98.2,99.8,96.6,94.2,93.5,94.7,96.6,97.0,97.8,99.5,101.0,101.5,100.7,99.1,97.5,81.6,80.0,78.9,79.1,80.5,82.2,83.2,83.4,84.2,83.3,82.9,83.0,84.1,86.4,88.1,86.6,84.3,82.8,82.7,83.6,82.8,82.9,82.5,81.6,81.0,80.8,81.3,82.1,26.9,106.9,172.9,-0.612,0.599,-0.656,550.5,569.0,608.4,673.6,768.8,836.3,848.7,884.9,928.5,1015.0,1124.5,1214.4,1273.6,1243.6,1185.5,1128.6,1080.3,445.8,464.7,492.1,502.0,474.9,651.9,709.6,756.3,833.3,930.5,630.2,658.0,677.5,698.0,669.5,721.9,759.5,785.7,809.6,590.2,603.5,633.2,665.1,643.3,616.5,763.4,786.9,837.5,893.9,867.2,820.3,785.2,764.0,745.3,760.8,768.9,845.6,912.4,871.2,842.7,831.7,811.7,800.8,785.8,775.1,791.1,799.2,893.1,805.5,792.6,777.9,1259.9,1331.0,1393.1,1429.2,1453.8,1436.0,1336.9,1257.0,1188.4,1131.8,1090.5,1017.0,917.8,793.2,688.0,559.0,434.8,1050.0,985.2,942.5,899.2,833.6,452.6,370.8,310.4,288.2,295.1,775.0,820.7,868.4,918.4,994.0,989.8,970.6,944.3,921.8,1100.8,1030.6,968.1,937.9,1000.1,1052.7,650.5,584.2,522.8,489.7,546.4,606.1,1178.7,1091.6,1027.9,1006.8,969.4,947.1,925.9,986.6,1049.5,1087.9,1118.3,1147.8,1149.5,1072.7,1043.1,1015.0,939.2,1018.2,1047.1,1079.4,0.00,0.00,0.00,0.00,0.00,0.00,0.00,0.00,0.00,0.00,0.00,0.00,0.00,0.00,0.00,0.00,0.00,0.00,0.00,0.00,0.00,0.00,0.00,0.00,0.00,0.00,0.00,0.00,0.00,0.00,0.00,0.00,0.00,0.00,0.00
159,0,5.267,0.03,0,0.000000,0.000000,0.000000,0.000000,0.000000,0.000000,0.000,0.000,649.1,624.5,634.8,673.9,718.9,747.8,733.2,694.1,594.6,590.4,595.5,607.5,628.3,648.9,671.3,667.8,652.0,635.2,622.6,609.2,689.4,706.5,711.0,700.2,680.5,663.4,658.9,669.7,742.7,724.0,743.0,788.5,833.9,852.6,833.6,787.4,741.9,761.5,785.9,813.8,841.0,859.4,871.6,877.9,870.0,845.5,808.8,772.0,786.6,808.4,817.4,808.2,786.3,764.5,755.5,764.7,1004.6,981.0,948.6,926.3,927.2,951.9,983.3,1005.5,1110.6,1071.2,1037.8,1002.4,967.0,944.2,932.0,961.4,994.6,1031.6,1062.5,1089.8,989.5,979.7,965.5,955.2,954.8,964.6,978.8,989.1,639.3,597.1,551.1,528.3,542.0,584.1,630.1,656.3,652.3,626.2,589.9,552.5,517.8,487.5,470.6,501.9,542.3,584.0,620.5,647.2,618.0,606.9,584.6,564.2,557.7,568.8,591.1,611.5,1.0,-1.7,-0.6,4.0,9.3,12.2,10.2,5.8,-5.1,-5.5,-4.9,-3.5,-1.3,1.0,3.6,3.1,1.3,-0.5,-1.9,-3.4,5.5,7.4,8.1,7.0,4.7,2.7,2.1,3.3,9.6,7.7,9.3,13.4,17.8,20.0,18.4,14.0,9.8,11.6,13.8,16.5,19.3,21.7,23.3,23.5,22.2,19.4,16.0,12.6,13.9,16.0,16.7,15.7,13.5,11.5,10.7,11.7,69.7,69.6,68.6,67.2,66.5,67.2,67.9,69.0,84.9,79.0,74.3,70.2,67.0,65.6,65.3,66.4,68.3,71.8,76.1,80.5,69.8,69.3,68.8,68.7,69.0,69.6,70.0,70.1,26.1,21.7,17.2,15.2,16.7,21.0,25.7,28.2,28.1,25.3,21.8,18.3,15.2,12.6,11.1,14.0,17.6,21.2,24.6,27.4,24.4,23.4,21.2,19.1,18.3,19.3,21.5,23.6,94.6,98.1,101.9,103.8,102.6,99.4,95.3,93.5,99.0,97.2,95.9,95.6,96.6,98.2,99.8,96.6,94.2,93.5,94.7,96.6,97.0,97.8,99.5,101.0,101.5,100.7,99.1,97.5,81.6,80.0,78.9,79.1,80.5,82.2,83.2,83.4,84.2,83.3,82.9,83.0,84.1,86.4,88.1,86.6,84.3,82.8,82.7,83.6,82.8,82.9,82.5,81.6,81.0,80.8,81.3,82.1,26.9,106.9,172.9,-0.612,0.599,-0.656,550.5,569.0,608.4,673.6,768.8,836.3,848.7,884.9,928.5,1015.0,1124.5,1214.4,1273.6,1243.6,1185.5,1128.6,1080.3,445.8,464.7,492.1,502.0,474.9,651.9,709.6,756.3,833.3,930.5,630.2,658.0,677.5,698.0,669.5,721.9,759.5,785.7,809.6,590.2,603.5,633.2,665.1,643.3,616.5,763.4,786.9,837.5,893.9,867.2,820.3,785.2,764.0,745.3,760.8,768.9,845.6,912.4,871.2,842.7,831.7,811.7,800.8,785.8,775.1,791.1,799.2,893.1,805.5,792.6,777.9,1259.9,1331.0,1393.1,1429.2,1453.8,1436.0,1336.9,1257.0,1188.4,1131.8,1090.5,1017.0,917.8,793.2,688.0,559.0,434.8,1050.0,985.2,942.5,899.2,833.6,452.6,370.8,310.4,288.2,295.1,775.0,820.7,868.4,918.4,994.0,989.8,970.6,944.3,921.8,1100.8,1030.6,968.1,937.9,1000.1,1052.7,650.5,584.2,522.8,489.7,546.4,606.1,1178.7,1091.6,1027.9,1006.8,969.4,947.1,925.9,986.6,1049.5,1087.9,1118.3,1147.8,1149.5,1072.7,1043.1,1015.0,939.2,1018.2,1047.1,1079.4,0.00,0.00,0.00,0.00,0.00,0.00,0.00,0.00,0.00,0.00,0.00,0.00,0.00,0.00,0.00,0.00,0.00,0.00,0.00,0.00,0.00,0.00,0.00,0.00,0.00,0.00,0.00,0.00,0.00,0.00,0.00,0.00,0.00,0.00,0.00
160,0,5.300,0.03,0,0.000000,0.000000,0.000000,0.000000,0.000000,0.000000,0.000,0.000,649.1,624.5,634.8,673.9,718.9,747.8,733.2,694.1,594.6,590.4,595.5,607.5,628.3,648.9,671.3,667.8,652.0,635.2,622.6,609.2,689.4,706.5,711.0,700.2,680.5,663.4,658.9,669.7,742.7,724.0,743.0,788.5,833.9,852.6,833.6,787.4,741.9,761.5,785.9,813.8,841.0,859.4,871.6,877.9,870.0,845.5,808.8,772.0,786.6,808.4,817.4,808.2,786.3,764.5,755.5,764.7,1004.6,981.0,948.6,926.3,927.2,951.9,983.3,1005.5,1110.6,1071.2,1037.8,1002.4,967.0,944.2,932.0,961.4,994.6,1031.6,1062.5,1089.8,989.5,979.7,965.5,955.2,954.8,964.6,978.8,989.1,639.3,597.1,551.1,528.3,542.0,584.1,630.1,656.3,652.3,626.2,589.9,552.5,517.8,487.5,470.6,501.9,542.3,584.0,620.5,647.2,618.0,606.9,584.6,564.2,557.7,568.8,591.1,611.5,1.0,-1.7,-0.6,4.0,9.3,12.2,10.2,5.8,-5.1,-5.5,-4.9,-3.5,-1.3,1.0,3.6,3.1,1.3,-0.5,-1.9,-3.4,5.5,7.4,8.1,7.0,4.7,2.7,2.1,3.3,9.6,7.7,9.3,13.4,17.8,20.0,18.4,14.0,9.8,11.6,13.8,16.5,19.3,21.7,23.3,23.5,22.2,19.4,16.0,12.6,13.9,16.0,16.7,15.7,13.5,11.5,10.7,11.7,69.7,69.6,68.6,67.2,66.5,67.2,67.9,69.0,84.9,79.0,74.3,70.2,67.0,65.6,65.3,66.4,68.3,71.8,76.1,80.5,69.8,69.3,68.8,68.7,69.0,69.6,70.0,70.1,26.1,21.7,17.2,15.2,16.7,21.0,25.7,28.2,28.1,25.3,21.8,18.3,15.2,12.6,11.1,14.0,17.6,21.2,24.6,27.4,24.4,23.4,21.2,19.1,18.3,19.3,21.5,23.6,94.6,98.1,101.9,103.8,102.6,99.4,95.3,93.5,99.0,97.2,95.9,95.6,96.6,98.2,99.8,96.6,94.2,93.5,94.7,96.6,97.0,97.8,99.5,101.0,101.5,100.7,99.1,97.5,81.6,80.0,78.9,79.1,80.5,82.2,83.2,83.4,84.2,83.3,82.9,83.0,84.1,86.4,88.1,86.6,84.3,82.8,82.7,83.6,82.8,82.9,82.5,81.6,81.0,80.8,81.3,82.1,26.9,106.9,172.9,-0.612,0.599,-0.656,550.5,569.0,608.4,673.6,768.8,836.3,848.7,884.9,928.5,1015.0,1124.5,1214.4,1273.6,1243.6,1185.5,1128.6,1080.3,445.8,464.7,492.1,502.0,474.9,651.9,709.6,756.3,833.3,930.5,630.2,658.0,677.5,698.0,669.5,721.9,759.5,785.7,809.6,590.2,603.5,633.2,665.1,643.3,616.5,763.4,786.9,837.5,893.9,867.2,820.3,785.2,764.0,745.3,760.8,768.9,845.6,912.4,871.2,842.7,831.7,811.7,800.8,785.8,775.1,791.1,799.2,893.1,805.5,792.6,777.9,1259.9,1331.0,1393.1,1429.2,1453.8,1436.0,1336.9,1257.0,1188.4,1131.8,1090.5,1017.0,917.8,793.2,688.0,559.0,434.8,1050.0,985.2,942.5,899.2,833.6,452.6,370.8,310.4,288.2,295.1,775.0,820.7,868.4,918.4,994.0,989.8,970.6,944.3,921.8,1100.8,1030.6,968.1,937.9,1000.1,1052.7,650.5,584.2,522.8,489.7,546.4,606.1,1178.7,1091.6,1027.9,1006.8,969.4,947.1,925.9,986.6,1049.5,1087.9,1118.3,1147.8,1149.5,1072.7,1043.1,1015.0,939.2,1018.2,1047.1,1079.4,0.00,0.00,0.00,0.00,0.00,0.00,0.00,0.00,0.00,0.00,0.00,0.00,0.00,0.00,0.00,0.00,0.00,0.00,0.00,0.00,0.00,0.00,0.00,0.00,0.00,0.00,0.00,0.00,0.00,0.00,0.00,0.00,0.00,0.00,0.00
161,0,5.333,0.03,0,0.000000,0.000000,0.000000,0.000000,0.000000,0.000000,0.000,0.000,649.1,624.5,634.8,673.9,718.9,747.8,733.2,694.1,594.6,590.4,595.5,607.5,628.3,648.9,671.3,667.8,652.0,635.2,622.6,609.2,689.4,706.5,711.0,700.2,680.5,663.4,658.9,669.7,742.7,724.0,743.0,788.5,833.9,852.6,833.6,787.4,741.9,761.5,785.9,813.8,841.0,859.4,871.6,877.9,870.0,845.5,808.8,772.0,786.6,808.4,817.4,808.2,786.3,764.5,755.5,764.7,1004.6,981.0,948.6,926.3,927.2,951.9,983.3,1005.5,1110.6,1071.2,1037.8,1002.4,967.0,944.2,932.0,961.4,994.6,1031.6,1062.5,1089.8,989.5,979.7,965.5,955.2,954.8,964.6,978.8,989.1,639.3,597.1,551.1,528.3,542.0,584.1,630.1,656.3,652.3,626.2,589.9,552.5,517.8,487.5,470.6,501.9,542.3,584.0,620.5,647.2,618.0,606.9,584.6,564.2,557.7,568.8,591.1,611.5,1.0,-1.7,-0.6,4.0,9.3,12.2,10.2,5.8,-5.1,-5.5,-4.9,-3.5,-1.3,1.0,3.6,3.1,1.3,-0.5,-1.9,-3.4,5.5,7.4,8.1,7.0,4.7,2.7,2.1,3.3,9.6,7.7,9.3,13.4,17.8,20.0,18.4,14.0,9.8,11.6,13.8,16.5,19.3,21.7,23.3,23.5,22.2,19.4,16.0,12.6,13.9,16.0,16.7,15.7,13.5,11.5,10.7,11.7,69.7,69.6,68.6,67.2,66.5,67.2,67.9,69.0,84.9,79.0,74.3,70.2,67.0,65.6,65.3,66.4,68.3,71.8,76.1,80.5,69.8,69.3,68.8,68.7,69.0,69.6,70.0,70.1,26.1,21.7,17.2,15.2,16.7,21.0,25.7,28.2,28.1,25.3,21.8,18.3,15.2,12.6,11.1,14.0,17.6,21.2,24.6,27.4,24.4,23.4,21.2,19.1,18.3,19.3,21.5,23.6,94.6,98.1,101.9,103.8,102.6,99.4,95.3,93.5,99.0,97.2,95.9,95.6,96.6,98.2,99.8,96.6,94.2,93.5,94.7,96.6,97.0,97.8,99.5,101.0,101.5,100.7,99.1,97.5,81.6,80.0,78.9,79.1,80.5,82.2,83.2,83.4,84.2,83.3,82.9,83.0,84.1,86.4,88.1,86.6,84.3,82.8,82.7,83.6,82.8,82.9,82.5,81.6,81.0,80.8,81.3,82.1,26.9,106.9,172.9,-0.612,0.599,-0.656,550.5,569.0,608.4,673.6,768.8,836.3,848.7,884.9,928.5,1015.0,1124.5,1214.4,1273.6,1243.6,1185.5,1128.6,1080.3,445.8,464.7,492.1,502.0,474.9,651.9,709.6,756.3,833.3,930.5,630.2,658.0,677.5,698.0,669.5,721.9,759.5,785.7,809.6,590.2,603.5,633.2,665.1,643.3,616.5,763.4,786.9,837.5,893.9,867.2,820.3,785.2,764.0,745.3,760.8,768.9,845.6,912.4,871.2,842.7,831.7,811.7,800.8,785.8,775.1,791.1,799.2,893.1,805.5,792.6,777.9,1259.9,1331.0,1393.1,1429.2,1453.8,1436.0,1336.9,1257.0,1188.4,1131.8,1090.5,1017.0,917.8,793.2,688.0,559.0,434.8,1050.0,985.2,942.5,899.2,833.6,452.6,370.8,310.4,288.2,295.1,775.0,820.7,868.4,918.4,994.0,989.8,970.6,944.3,921.8,1100.8,1030.6,968.1,937.9,1000.1,1052.7,650.5,584.2,522.8,489.7,546.4,606.1,1178.7,1091.6,1027.9,1006.8,969.4,947.1,925.9,986.6,1049.5,1087.9,1118.3,1147.8,1149.5,1072.7,1043.1,1015.0,939.2,1018.2,1047.1,1079.4,0.00,0.00,0.00,0.00,0.00,0.00,0.00,0.00,0.00,0.00,0.00,0.00,0.00,0.00,0.00,0.00,0.00,0.00,0.00,0.00,0.00,0.00,0.00,0.00,0.00,0.00,0.00,0.00,0.00,0.00,0.00,0.00,0.00,0.00,0.00
162,0,5.367,0.03,0,0.000000,0.000000,0.000000,0.000000,0.000000,0.000000,0.000,0.000,649.1,624.5,634.8,673.9,718.9,747.8,733.2,694.1,594.6,590.4,595.5,607.5,628.3,648.9,671.3,667.8,652.0,635.2,622.6,609.2,689.4,706.5,711.0,700.2,680.5,663.4,658.9,669.7,742.7,724.0,743.0,788.5,833.9,852.6,833.6,787.4,741.9,761.5,785.9,813.8,841.0,859.4,871.6,877.9,870.0,845.5,808.8,772.0,786.6,808.4,817.4,808.2,786.3,764.5,755.5,764.7,1004.6,981.0,948.6,926.3,927.2,951.9,983.3,1005.5,1110.6,1071.2,1037.8,1002.4,967.0,944.2,932.0,961.4,994.6,1031.6,1062.5,1089.8,989.5,979.7,965.5,955.2,954.8,964.6,978.8,989.1,639.3,597.1,551.1,528.3,542.0,584.1,630.1,656.3,652.3,626.2,589.9,552.5,517.8,487.5,470.6,501.9,542.3,584.0,620.5,647.2,618.0,606.9,584.6,564.2,557.7,568.8,591.1,611.5,1.0,-1.7,-0.6,4.0,9.3,12.2,10.2,5.8,-5.1,-5.5,-4.9,-3.5,-1.3,1.0,3.6,3.1,1.3,-0.5,-1.9,-3.4,5.5,7.4,8.1,7.0,4.7,2.7,2.1,3.3,9.6,7.7,9.3,13.4,17.8,20.0,18.4,14.0,9.8,11.6,13.8,16.5,19.3,21.7,23.3,23.5,22.2,19.4,16.0,12.6,13.9,16.0,16.7,15.7,13.5,11.5,10.7,11.7,69.7,69.6,68.6,67.2,66.5,67.2,67.9,69.0,84.9,79.0,74.3,70.2,67.0,65.6,65.3,66.4,68.3,71.8,76.1,80.5,69.8,69.3,68.8,68.7,69.0,69.6,70.0,70.1,26.1,21.7,17.2,15.2,16.7,21.0,25.7,28.2,28.1,25.3,21.8,18.3,15.2,12.6,11.1,14.0,17.6,21.2,24.6,27.4,24.4,23.4,21.2,19.1,18.3,19.3,21.5,23.6,94.6,98.1,101.9,103.8,102.6,99.4,95.3,93.5,99.0,97.2,95.9,95.6,96.6,98.2,99.8,96.6,94.2,93.5,94.7,96.6,97.0,97.8,99.5,101.0,101.5,100.7,99.1,97.5,81.6,80.0,78.9,79.1,80.5,82.2,83.2,83.4,84.2,83.3,82.9,83.0,84.1,86.4,88.1,86.6,84.3,82.8,82.7,83.6,82.8,82.9,82.5,81.6,81.0,80.8,81.3,82.1,26.9,106.9,172.9,-0.612,0.599,-0.656,550.5,569.0,608.4,673.6,768.8,836.3,848.7,884.9,928.5,1015.0,1124.5,1214.4,1273.6,1243.6,1185.5,1128.6,1080.3,445.8,464.7,492.1,502.0,474.9,651.9,709.6,756.3,833.3,930.5,630.2,658.0,677.5,698.0,669.5,721.9,759.5,785.7,809.6,590.2,603.5,633.2,665.1,643.3,616.5,763.4,786.9,837.5,893.9,867.2,820.3,785.2,764.0,745.3,760.8,768.9,845.6,912.4,871.2,842.7,831.7,811.7,800.8,785.8,775.1,791.1,799.2,893.1,805.5,792.6,777.9,1259.9,1331.0,1393.1,1429.2,1453.8,1436.0,1336.9,1257.0,1188.4,1131.8,1090.5,1017.0,917.8,793.2,688.0,559.0,434.8,1050.0,985.2,942.5,899.2,833.6,452.6,370.8,310.4,288.2,295.1,775.0,820.7,868.4,918.4,994.0,989.8,970.6,944.3,921.8,1100.8,1030.6,968.1,937.9,1000.1,1052.7,650.5,584.2,522.8,489.7,546.4,606.1,1178.7,1091.6,1027.9,1006.8,969.4,947.1,925.9,986.6,1049.5,1087.9,1118.3,1147.8,1149.5,1072.7,1043.1,1015.0,939.2,1018.2,1047.1,1079.4,0.00,0.00,0.00,0.00,0.00,0.00,0.00,0.00,0.00,0.00,0.00,0.00,0.00,0.00,0.00,0.00,0.00,0.00,0.00,0.00,0.00,0.00,0.00,0.00,0.00,0.00,0.00,0.00,0.00,0.00,0.00,0.00,0.00,0.00,0.00
163,0,5.400,0.03,0,0.000000,0.000000,0.000000,0.000000,0.000000,0.000000,0.000,0.000,649.1,624.5,634.8,673.9,718.9,747.8,733.2,694.1,594.6,590.4,595.5,607.5,628.3,648.9,671.3,667.8,652.0,635.2,622.6,609.2,689.4,706.5,711.0,700.2,680.5,663.4,658.9,669.7,742.7,724.0,743.0,788.5,833.9,852.6,833.6,787.4,741.9,761.5,785.9,813.8,841.0,859.4,871.6,877.9,870.0,845.5,808.8,772.0,786.6,808.4,817.4,808.2,786.3,764.5,755.5,764.7,1004.6,981.0,948.6,926.3,927.2,951.9,983.3,1005.5,1110.6,1071.2,1037.8,1002.4,967.0,944.2,932.0,961.4,994.6,1031.6,1062.5,1089.8,989.5,979.7,965.5,955.2,954.8,964.6,978.8,989.1,639.3,597.1,551.1,528.3,542.0,584.1,630.1,656.3,652.3,626.2,589.9,552.5,517.8,487.5,470.6,501.9,542.3,584.0,620.5,647.2,618.0,606.9,584.6,564.2,557.7,568.8,591.1,611.5,1.0,-1.7,-0.6,4.0,9.3,12.2,10.2,5.8,-5.1,-5.5,-4.9,-3.5,-1.3,1.0,3.6,3.1,1.3,-0.5,-1.9,-3.4,5.5,7.4,8.1,7.0,4.7,2.7,2.1,3.3,9.6,7.7,9.3,13.4,17.8,20.0,18.4,14.0,9.8,11.6,13.8,16.5,19.3,21.7,23.3,23.5,22.2,19.4,16.0,12.6,13.9,16.0,16.7,15.7,13.5,11.5,10.7,11.7,69.7,69.6,68.6,67.2,66.5,67.2,67.9,69.0,84.9,79.0,74.3,70.2,67.0,65.6,65.3,66.4,68.3,71.8,76.1,80.5,69.8,69.3,68.8,68.7,69.0,69.6,70.0,70.1,26.1,21.7,17.2,15.2,16.7,21.0,25.7,28.2,28.1,25.3,21.8,18.3,15.2,12.6,11.1,14.0,17.6,21.2,24.6,27.4,24.4,23.4,21.2,19.1,18.3,19.3,21.5,23.6,94.6,98.1,101.9,103.8,102.6,99.4,95.3,93.5,99.0,97.2,95.9,95.6,96.6,98.2,99.8,96.6,94.2,93.5,94.7,96.6,97.0,97.8,99.5,101.0,101.5,100.7,99.1,97.5,81.6,80.0,78.9,79.1,80.5,82.2,83.2,83.4,84.2,83.3,82.9,83.0,84.1,86.4,88.1,86.6,84.3,82.8,82.7,83.6,82.8,82.9,82.5,81.6,81.0,80.8,81.3,82.1,26.9,106.9,172.9,-0.612,0.599,-0.656,550.5,569.0,608.4,673.6,768.8,836.3,848.7,884.9,928.5,1015.0,1124.5,1214.4,1273.6,1243.6,1185.5,1128.6,1080.3,445.8,464.7,492.1,502.0,474.9,651.9,709.6,756.3,833.3,930.5,630.2,658.0,677.5,698.0,669.5,721.9,759.5,785.7,809.6,590.2,603.5,633.2,665.1,643.3,616.5,763.4,786.9,837.5,893.9,867.2,820.3,785.2,764.0,745.3,760.8,768.9,845.6,912.4,871.2,842.7,831.7,811.7,800.8,785.8,775.1,791.1,799.2,893.1,805.5,792.6,777.9,1259.9,1331.0,1393.1,1429.2,1453.8,1436.0,1336.9,1257.0,1188.4,1131.8,1090.5,1017.0,917.8,793.2,688.0,559.0,434.8,1050.0,985.2,942.5,899.2,833.6,452.6,370.8,310.4,288.2,295.1,775.0,820.7,868.4,918.4,994.0,989.8,970.6,944.3,921.8,1100.8,1030.6,968.1,937.9,1000.1,1052.7,650.5,584.2,522.8,489.7,546.4,606.1,1178.7,1091.6,1027.9,1006.8,969.4,947.1,925.9,986.6,1049.5,1087.9,1118.3,1147.8,1149.5,1072.7,1043.1,1015.0,939.2,1018.2,1047.1,1079.4,0.00,0.00,0.00,0.00,0.00,0.00,0.00,0.00,0.00,0.00,0.00,0.00,0.00,0.00,0.00,0.00,0.00,0.00,0.00,0.00,0.00,0.00,0.00,0.00,0.00,0.00,0.00,0.00,0.00,0.00,0.00,0.00,0.00,0.00,0.00
164,0,5.433,0.03,0,0.000000,0.000000,0.000000,0.000000,0.000000,0.000000,0.000,0.000,649.1,624.5,634.8,673.9,718.9,747.8,733.2,694.1,594.6,590.4,595.5,607.5,628.3,648.9,671.3,667.8,652.0,635.2,622.6,609.2,689.4,706.5,711.0,700.2,680.5,663.4,658.9,669.7,742.7,724.0,743.0,788.5,833.9,852.6,833.6,787.4,741.9,761.5,785.9,813.8,841.0,859.4,871.6,877.9,870.0,845.5,808.8,772.0,786.6,808.4,817.4,808.2,786.3,764.5,755.5,764.7,1004.6,981.0,948.6,926.3,927.2,951.9,983.3,1005.5,1110.6,1071.2,1037.8,1002.4,967.0,944.2,932.0,961.4,994.6,1031.6,1062.5,1089.8,989.5,979.7,965.5,955.2,954.8,964.6,978.8,989.1,639.3,597.1,551.1,528.3,542.0,584.1,630.1,656.3,652.3,626.2,589.9,552.5,517.8,487.5,470.6,501.9,542.3,584.0,620.5,647.2,618.0,606.9,584.6,564.2,557.7,568.8,591.1,611.5,1.0,-1.7,-0.6,4.0,9.3,12.2,10.2,5.8,-5.1,-5.5,-4.9,-3.5,-1.3,1.0,3.6,3.1,1.3,-0.5,-1.9,-3.4,5.5,7.4,8.1,7.0,4.7,2.7,2.1,3.3,9.6,7.7,9.3,13.4,17.8,20.0,18.4,14.0,9.8,11.6,13.8,16.5,19.3,21.7,23.3,23.5,22.2,19.4,16.0,12.6,13.9,16.0,16.7,15.7,13.5,11.5,10.7,11.7,69.7,69.6,68.6,67.2,66.5,67.2,67.9,69.0,84.9,79.0,74.3,70.2,67.0,65.6,65.3,66.4,68.3,71.8,76.1,80.5,69.8,69.3,68.8,68.7,69.0,69.6,70.0,70.1,26.1,21.7,17.2,15.2,16.7,21.0,25.7,28.2,28.1,25.3,21.8,18.3,15.2,12.6,11.1,14.0,17.6,21.2,24.6,27.4,24.4,23.4,21.2,19.1,18.3,19.3,21.5,23.6,94.6,98.1,101.9,103.8,102.6,99.4,95.3,93.5,99.0,97.2,95.9,95.6,96.6,98.2,99.8,96.6,94.2,93.5,94.7,96.6,97.0,97.8,99.5,101.0,101.5,100.7,99.1,97.5,81.6,80.0,78.9,79.1,80.5,82.2,83.2,83.4,84.2,83.3,82.9,83.0,84.1,86.4,88.1,86.6,84.3,82.8,82.7,83.6,82.8,82.9,82.5,81.6,81.0,80.8,81.3,82.1,26.9,106.9,172.9,-0.612,0.599,-0.656,550.5,569.0,608.4,673.6,768.8,836.3,848.7,884.9,928.5,1015.0,1124.5,1214.4,1273.6,1243.6,1185.5,1128.6,1080.3,445.8,464.7,492.1,502.0,474.9,651.9,709.6,756.3,833.3,930.5,630.2,658.0,677.5,698.0,669.5,721.9,759.5,785.7,809.6,590.2,603.5,633.2,665.1,643.3,616.5,763.4,786.9,837.5,893.9,867.2,820.3,785.2,764.0,745.3,760.8,768.9,845.6,912.4,871.2,842.7,831.7,811.7,800.8,785.8,775.1,791.1,799.2,893.1,805.5,792.6,777.9,1259.9,1331.0,1393.1,1429.2,1453.8,1436.0,1336.9,1257.0,1188.4,1131.8,1090.5,1017.0,917.8,793.2,688.0,559.0,434.8,1050.0,985.2,942.5,899.2,833.6,452.6,370.8,310.4,288.2,295.1,775.0,820.7,868.4,918.4,994.0,989.8,970.6,944.3,921.8,1100.8,1030.6,968.1,937.9,1000.1,1052.7,650.5,584.2,522.8,489.7,546.4,606.1,1178.7,1091.6,1027.9,1006.8,969.4,947.1,925.9,986.6,1049.5,1087.9,1118.3,1147.8,1149.5,1072.7,1043.1,1015.0,939.2,1018.2,1047.1,1079.4,0.00,0.00,0.00,0.00,0.00,0.00,0.00,0.00,0.00,0.00,0.00,0.00,0.00,0.00,0.00,0.00,0.00,0.00,0.00,0.00,0.00,0.00,0.00,0.00,0.00,0.00,0.00,0.00,0.00,0.00,0.00,0.00,0.00,0.00,0.00
165,0,5.467,0.03,0,0.000000,0.000000,0.000000,0.000000,0.000000,0.000000,0.000,0.000,649.1,624.5,634.8,673.9,718.9,747.8,733.2,694.1,594.6,590.4,595.5,607.5,628.3,648.9,671.3,667.8,652.0,635.2,622.6,609.2,689.4,706.5,711.0,700.2,680.5,663.4,658.9,669.7,742.7,724.0,743.0,788.5,833.9,852.6,833.6,787.4,741.9,761.5,785.9,813.8,841.0,859.4,871.6,877.9,870.0,845.5,808.8,772.0,786.6,808.4,817.4,808.2,786.3,764.5,755.5,764.7,1004.6,981.0,948.6,926.3,927.2,951.9,983.3,1005.5,1110.6,1071.2,1037.8,1002.4,967.0,944.2,932.0,961.4,994.6,1031.6,1062.5,1089.8,989.5,979.7,965.5,955.2,954.8,964.6,978.8,989.1,639.3,597.1,551.1,528.3,542.0,584.1,630.1,656.3,652.3,626.2,589.9,552.5,517.8,487.5,470.6,501.9,542.3,584.0,620.5,647.2,618.0,606.9,584.6,564.2,557.7,568.8,591.1,611.5,1.0,-1.7,-0.6,4.0,9.3,12.2,10.2,5.8,-5.1,-5.5,-4.9,-3.5,-1.3,1.0,3.6,3.1,1.3,-0.5,-1.9,-3.4,5.5,7.4,8.1,7.0,4.7,2.7,2.1,3.3,9.6,7.7,9.3,13.4,17.8,20.0,18.4,14.0,9.8,11.6,13.8,16.5,19.3,21.7,23.3,23.5,22.2,19.4,16.0,12.6,13.9,16.0,16.7,15.7,13.5,11.5,10.7,11.7,69.7,69.6,68.6,67.2,66.5,67.2,67.9,69.0,84.9,79.0,74.3,70.2,67.0,65.6,65.3,66.4,68.3,71.8,76.1,80.5,69.8,69.3,68.8,68.7,69.0,69.6,70.0,70.1,26.1,21.7,17.2,15.2,16.7,21.0,25.7,28.2,28.1,25.3,21.8,18.3,15.2,12.6,11.1,14.0,17.6,21.2,24.6,27.4,24.4,23.4,21.2,19.1,18.3,19.3,21.5,23.6,94.6,98.1,101.9,103.8,102.6,99.4,95.3,93.5,99.0,97.2,95.9,95.6,96.6,98.2,99.8,96.6,94.2,93.5,94.7,96.6,97.0,97.8,99.5,101.0,101.5,100.7,99.1,97.5,81.6,80.0,78.9,79.1,80.5,82.2,83.2,83.4,84.2,83.3,82.9,83.0,84.1,86.4,88.1,86.6,84.3,82.8,82.7,83.6,82.8,82.9,82.5,81.6,81.0,80.8,81.3,82.1,26.9,106.9,172.9,-0.612,0.599,-0.656,550.5,569.0,608.4,673.6,768.8,836.3,848.7,884.9,928.5,1015.0,1124.5,1214.4,1273.6,1243.6,1185.5,1128.6,1080.3,445.8,464.7,492.1,502.0,474.9,651.9,709.6,756.3,833.3,930.5,630.2,658.0,677.5,698.0,669.5,721.9,759.5,785.7,809.6,590.2,603.5,633.2,665.1,643.3,616.5,763.4,786.9,837.5,893.9,867.2,820.3,785.2,764.0,745.3,760.8,768.9,845.6,912.4,871.2,842.7,831.7,811.7,800.8,785.8,775.1,791.1,799.2,893.1,805.5,792.6,777.9,1259.9,1331.0,1393.1,1429.2,1453.8,1436.0,1336.9,1257.0,1188.4,1131.8,1090.5,1017.0,917.8,793.2,688.0,559.0,434.8,1050.0,985.2,942.5,899.2,833.6,452.6,370.8,310.4,288.2,295.1,775.0,820.7,868.4,918.4,994.0,989.8,970.6,944.3,921.8,1100.8,1030.6,968.1,937.9,1000.1,1052.7,650.5,584.2,522.8,489.7,546.4,606.1,1178.7,1091.6,1027.9,1006.8,969.4,947.1,925.9,986.6,1049.5,1087.9,1118.3,1147.8,1149.5,1072.7,1043.1,1015.0,939.2,1018.2,1047.1,1079.4,0.00,0.00,0.00,0.00,0.00,0.00,0.00,0.00,0.00,0.00,0.00,0.00,0.00,0.00,0.00,0.00,0.00,0.00,0.00,0.00,0.00,0.00,0.00,0.00,0.00,0.00,0.00,0.00,0.00,0.00,0.00,0.00,0.00,0.00,0.00
166,0,5.500,0.03,0,0.000000,0.000000,0.000000,0.000000,0.000000,0.000000,0.000,0.000,649.1,624.5,634.8,673.9,718.9,747.8,733.2,694.1,594.6,590.4,595.5,607.5,628.3,648.9,671.3,667.8,652.0,635.2,622.6,609.2,689.4,706.5,711.0,700.2,680.5,663.4,658.9,669.7,742.7,724.0,743.0,788.5,833.9,852.6,833.6,787.4,741.9,761.5,785.9,813.8,841.0,859.4,871.6,877.9,870.0,845.5,808.8,772.0,786.6,808.4,817.4,808.2,786.3,764.5,755.5,764.7,1004.6,981.0,948.6,926.3,927.2,951.9,983.3,1005.5,1110.6,1071.2,1037.8,1002.4,967.0,944.2,932.0,961.4,994.6,1031.6,1062.5,1089.8,989.5,979.7,965.5,955.2,954.8,964.6,978.8,989.1,639.3,597.1,551.1,528.3,542.0,584.1,630.1,656.3,652.3,626.2,589.9,552.5,517.8,487.5,470.6,501.9,542.3,584.0,620.5,647.2,618.0,606.9,584.6,564.2,557.7,568.8,591.1,611.5,1.0,-1.7,-0.6,4.0,9.3,12.2,10.2,5.8,-5.1,-5.5,-4.9,-3.5,-1.3,1.0,3.6,3.1,1.3,-0.5,-1.9,-3.4,5.5,7.4,8.1,7.0,4.7,2.7,2.1,3.3,9.6,7.7,9.3,13.4,17.8,20.0,18.4,14.0,9.8,11.6,13.8,16.5,19.3,21.7,23.3,23.5,22.2,19.4,16.0,12.6,13.9,16.0,16.7,15.7,13.5,11.5,10.7,11.7,69.7,69.6,68.6,67.2,66.5,67.2,67.9,69.0,84.9,79.0,74.3,70.2,67.0,65.6,65.3,66.4,68.3,71.8,76.1,80.5,69.8,69.3,68.8,68.7,69.0,69.6,70.0,70.1,26.1,21.7,17.2,15.2,16.7,21.0,25.7,28.2,28.1,25.3,21.8,18.3,15.2,12.6,11.1,14.0,17.6,21.2,24.6,27.4,24.4,23.4,21.2,19.1,18.3,19.3,21.5,23.6,94.6,98.1,101.9,103.8,102.6,99.4,95.3,93.5,99.0,97.2,95.9,95.6,96.6,98.2,99.8,96.6,94.2,93.5,94.7,96.6,97.0,97.8,99.5,101.0,101.5,100.7,99.1,97.5,81.6,80.0,78.9,79.1,80.5,82.2,83.2,83.4,84.2,83.3,82.9,83.0,84.1,86.4,88.1,86.6,84.3,82.8,82.7,83.6,82.8,82.9,82.5,81.6,81.0,80.8,81.3,82.1,26.9,106.9,172.9,-0.612,0.599,-0.656,550.5,569.0,608.4,673.6,768.8,836.3,848.7,884.9,928.5,1015.0,1124.5,1214.4,1273.6,1243.6,1185.5,1128.6,1080.3,445.8,464.7,492.1,502.0,474.9,651.9,709.6,756.3,833.3,930.5,630.2,658.0,677.5,698.0,669.5,721.9,759.5,785.7,809.6,590.2,603.5,633.2,665.1,643.3,616.5,763.4,786.9,837.5,893.9,867.2,820.3,785.2,764.0,745.3,760.8,768.9,845.6,912.4,871.2,842.7,831.7,811.7,800.8,785.8,775.1,791.1,799.2,893.1,805.5,792.6,777.9,1259.9,1331.0,1393.1,1429.2,1453.8,1436.0,1336.9,1257.0,1188.4,1131.8,1090.5,1017.0,917.8,793.2,688.0,559.0,434.8,1050.0,985.2,942.5,899.2,833.6,452.6,370.8,310.4,288.2,295.1,775.0,820.7,868.4,918.4,994.0,989.8,970.6,944.3,921.8,1100.8,1030.6,968.1,937.9,1000.1,1052.7,650.5,584.2,522.8,489.7,546.4,606.1,1178.7,1091.6,1027.9,1006.8,969.4,947.1,925.9,986.6,1049.5,1087.9,1118.3,1147.8,1149.5,1072.7,1043.1,1015.0,939.2,1018.2,1047.1,1079.4,0.00,0.00,0.00,0.00,0.00,0.00,0.00,0.00,0.00,0.00,0.00,0.00,0.00,0.00,0.00,0.00,0.00,0.00,0.00,0.00,0.00,0.00,0.00,0.00,0.00,0.00,0.00,0.00,0.00,0.00,0.00,0.00,0.00,0.00,0.00
167,0,5.533,0.03,0,0.000000,0.000000,0.000000,0.000000,0.000000,0.000000,0.000,0.000,649.1,624.5,634.8,673.9,718.9,747.8,733.2,694.1,594.6,590.4,595.5,607.5,628.3,648.9,671.3,667.8,652.0,635.2,622.6,609.2,689.4,706.5,711.0,700.2,680.5,663.4,658.9,669.7,742.7,724.0,743.0,788.5,833.9,852.6,833.6,787.4,741.9,761.5,785.9,813.8,841.0,859.4,871.6,877.9,870.0,845.5,808.8,772.0,786.6,808.4,817.4,808.2,786.3,764.5,755.5,764.7,1004.6,981.0,948.6,926.3,927.2,951.9,983.3,1005.5,1110.6,1071.2,1037.8,1002.4,967.0,944.2,932.0,961.4,994.6,1031.6,1062.5,1089.8,989.5,979.7,965.5,955.2,954.8,964.6,978.8,989.1,639.3,597.1,551.1,528.3,542.0,584.1,630.1,656.3,652.3,626.2,589.9,552.5,517.8,487.5,470.6,501.9,542.3,584.0,620.5,647.2,618.0,606.9,584.6,564.2,557.7,568.8,591.1,611.5,1.0,-1.7,-0.6,4.0,9.3,12.2,10.2,5.8,-5.1,-5.5,-4.9,-3.5,-1.3,1.0,3.6,3.1,1.3,-0.5,-1.9,-3.4,5.5,7.4,8.1,7.0,4.7,2.7,2.1,3.3,9.6,7.7,9.3,13.4,17.8,20.0,18.4,14.0,9.8,11.6,13.8,16.5,19.3,21.7,23.3,23.5,22.2,19.4,16.0,12.6,13.9,16.0,16.7,15.7,13.5,11.5,10.7,11.7,69.7,69.6,68.6,67.2,66.5,67.2,67.9,69.0,84.9,79.0,74.3,70.2,67.0,65.6,65.3,66.4,68.3,71.8,76.1,80.5,69.8,69.3,68.8,68.7,69.0,69.6,70.0,70.1,26.1,21.7,17.2,15.2,16.7,21.0,25.7,28.2,28.1,25.3,21.8,18.3,15.2,12.6,11.1,14.0,17.6,21.2,24.6,27.4,24.4,23.4,21.2,19.1,18.3,19.3,21.5,23.6,94.6,98.1,101.9,103.8,102.6,99.4,95.3,93.5,99.0,97.2,95.9,95.6,96.6,98.2,99.8,96.6,94.2,93.5,94.7,96.6,97.0,97.8,99.5,101.0,101.5,100.7,99.1,97.5,81.6,80.0,78.9,79.1,80.5,82.2,83.2,83.4,84.2,83.3,82.9,83.0,84.1,86.4,88.1,86.6,84.3,82.8,82.7,83.6,82.8,82.9,82.5,81.6,81.0,80.8,81.3,82.1,26.9,106.9,172.9,-0.612,0.599,-0.656,550.5,569.0,608.4,673.6,768.8,836.3,848.7,884.9,928.5,1015.0,1124.5,1214.4,1273.6,1243.6,1185.5,1128.6,1080.3,445.8,464.7,492.1,502.0,474.9,651.9,709.6,756.3,833.3,930.5,630.2,658.0,677.5,698.0,669.5,721.9,759.5,785.7,809.6,590.2,603.5,633.2,665.1,643.3,616.5,763.4,786.9,837.5,893.9,867.2,820.3,785.2,764.0,745.3,760.8,768.9,845.6,912.4,871.2,842.7,831.7,811.7,800.8,785.8,775.1,791.1,799.2,893.1,805.5,792.6,777.9,1259.9,1331.0,1393.1,1429.2,1453.8,1436.0,1336.9,1257.0,1188.4,1131.8,1090.5,1017.0,917.8,793.2,688.0,559.0,434.8,1050.0,985.2,942.5,899.2,833.6,452.6,370.8,310.4,288.2,295.1,775.0,820.7,868.4,918.4,994.0,989.8,970.6,944.3,921.8,1100.8,1030.6,968.1,937.9,1000.1,1052.7,650.5,584.2,522.8,489.7,546.4,606.1,1178.7,1091.6,1027.9,1006.8,969.4,947.1,925.9,986.6,1049.5,1087.9,1118.3,1147.8,1149.5,1072.7,1043.1,1015.0,939.2,1018.2,1047.1,1079.4,0.00,0.00,0.00,0.00,0.00,0.00,0.00,0.00,0.00,0.00,0.00,0.00,0.00,0.00,0.00,0.00,0.00,0.00,0.00,0.00,0.00,0.00,0.00,0.00,0.00,0.00,0.00,0.00,0.00,0.00,0.00,0.00,0.00,0.00,0.00
168,0,5.567,0.03,0,0.000000,0.000000,0.000000,0.000000,0.000000,0.000000,0.000,0.000,649.1,624.5,634.8,673.9,718.9,747.8,733.2,694.1,594.6,590.4,595.5,607.5,628.3,648.9,671.3,667.8,652.0,635.2,622.6,609.2,689.4,706.5,711.0,700.2,680.5,663.4,658.9,669.7,742.7,724.0,743.0,788.5,833.9,852.6,833.6,787.4,741.9,761.5,785.9,813.8,841.0,859.4,871.6,877.9,870.0,845.5,808.8,772.0,786.6,808.4,817.4,808.2,786.3,764.5,755.5,764.7,1004.6,981.0,948.6,926.3,927.2,951.9,983.3,1005.5,1110.6,1071.2,1037.8,1002.4,967.0,944.2,932.0,961.4,994.6,1031.6,1062.5,1089.8,989.5,979.7,965.5,955.2,954.8,964.6,978.8,989.1,639.3,597.1,551.1,528.3,542.0,584.1,630.1,656.3,652.3,626.2,589.9,552.5,517.8,487.5,470.6,501.9,542.3,584.0,620.5,647.2,618.0,606.9,584.6,564.2,557.7,568.8,591.1,611.5,1.0,-1.7,-0.6,4.0,9.3,12.2,10.2,5.8,-5.1,-5.5,-4.9,-3.5,-1.3,1.0,3.6,3.1,1.3,-0.5,-1.9,-3.4,5.5,7.4,8.1,7.0,4.7,2.7,2.1,3.3,9.6,7.7,9.3,13.4,17.8,20.0,18.4,14.0,9.8,11.6,13.8,16.5,19.3,21.7,23.3,23.5,22.2,19.4,16.0,12.6,13.9,16.0,16.7,15.7,13.5,11.5,10.7,11.7,69.7,69.6,68.6,67.2,66.5,67.2,67.9,69.0,84.9,79.0,74.3,70.2,67.0,65.6,65.3,66.4,68.3,71.8,76.1,80.5,69.8,69.3,68.8,68.7,69.0,69.6,70.0,70.1,26.1,21.7,17.2,15.2,16.7,21.0,25.7,28.2,28.1,25.3,21.8,18.3,15.2,12.6,11.1,14.0,17.6,21.2,24.6,27.4,24.4,23.4,21.2,19.1,18.3,19.3,21.5,23.6,94.6,98.1,101.9,103.8,102.6,99.4,95.3,93.5,99.0,97.2,95.9,95.6,96.6,98.2,99.8,96.6,94.2,93.5,94.7,96.6,97.0,97.8,99.5,101.0,101.5,100.7,99.1,97.5,81.6,80.0,78.9,79.1,80.5,82.2,83.2,83.4,84.2,83.3,82.9,83.0,84.1,86.4,88.1,86.6,84.3,82.8,82.7,83.6,82.8,82.9,82.5,81.6,81.0,80.8,81.3,82.1,26.9,106.9,172.9,-0.612,0.599,-0.656,550.5,569.0,608.4,673.6,768.8,836.3,848.7,884.9,928.5,1015.0,1124.5,1214.4,1273.6,1243.6,1185.5,1128.6,1080.3,445.8,464.7,492.1,502.0,474.9,651.9,709.6,756.3,833.3,930.5,630.2,658.0,677.5,698.0,669.5,721.9,759.5,785.7,809.6,590.2,603.5,633.2,665.1,643.3,616.5,763.4,786.9,837.5,893.9,867.2,820.3,785.2,764.0,745.3,760.8,768.9,845.6,912.4,871.2,842.7,831.7,811.7,800.8,785.8,775.1,791.1,799.2,893.1,805.5,792.6,777.9,1259.9,1331.0,1393.1,1429.2,1453.8,1436.0,1336.9,1257.0,1188.4,1131.8,1090.5,1017.0,917.8,793.2,688.0,559.0,434.8,1050.0,985.2,942.5,899.2,833.6,452.6,370.8,310.4,288.2,295.1,775.0,820.7,868.4,918.4,994.0,989.8,970.6,944.3,921.8,1100.8,1030.6,968.1,937.9,1000.1,1052.7,650.5,584.2,522.8,489.7,546.4,606.1,1178.7,1091.6,1027.9,1006.8,969.4,947.1,925.9,986.6,1049.5,1087.9,1118.3,1147.8,1149.5,1072.7,1043.1,1015.0,939.2,1018.2,1047.1,1079.4,0.00,0.00,0.00,0.00,0.00,0.00,0.00,0.00,0.00,0.00,0.00,0.00,0.00,0.00,0.00,0.00,0.00,0.00,0.00,0.00,0.00,0.00,0.00,0.00,0.00,0.00,0.00,0.00,0.00,0.00,0.00,0.00,0.00,0.00,0.00
169,0,5.600,0.03,0,0.000000,0.000000,0.000000,0.000000,0.000000,0.000000,0.000,0.000,649.1,624.5,634.8,673.9,718.9,747.8,733.2,694.1,594.6,590.4,595.5,607.5,628.3,648.9,671.3,667.8,652.0,635.2,622.6,609.2,689.4,706.5,711.0,700.2,680.5,663.4,658.9,669.7,742.7,724.0,743.0,788.5,833.9,852.6,833.6,787.4,741.9,761.5,785.9,813.8,841.0,859.4,871.6,877.9,870.0,845.5,808.8,772.0,786.6,808.4,817.4,808.2,786.3,764.5,755.5,764.7,1004.6,981.0,948.6,926.3,927.2,951.9,983.3,1005.5,1110.6,1071.2,1037.8,1002.4,967.0,944.2,932.0,961.4,994.6,1031.6,1062.5,1089.8,989.5,979.7,965.5,955.2,954.8,964.6,978.8,989.1,639.3,597.1,551.1,528.3,542.0,584.1,630.1,656.3,652.3,626.2,589.9,552.5,517.8,487.5,470.6,501.9,542.3,584.0,620.5,647.2,618.0,606.9,584.6,564.2,557.7,568.8,591.1,611.5,1.0,-1.7,-0.6,4.0,9.3,12.2,10.2,5.8,-5.1,-5.5,-4.9,-3.5,-1.3,1.0,3.6,3.1,1.3,-0.5,-1.9,-3.4,5.5,7.4,8.1,7.0,4.7,2.7,2.1,3.3,9.6,7.7,9.3,13.4,17.8,20.0,18.4,14.0,9.8,11.6,13.8,16.5,19.3,21.7,23.3,23.5,22.2,19.4,16.0,12.6,13.9,16.0,16.7,15.7,13.5,11.5,10.7,11.7,69.7,69.6,68.6,67.2,66.5,67.2,67.9,69.0,84.9,79.0,74.3,70.2,67.0,65.6,65.3,66.4,68.3,71.8,76.1,80.5,69.8,69.3,68.8,68.7,69.0,69.6,70.0,70.1,26.1,21.7,17.2,15.2,16.7,21.0,25.7,28.2,28.1,25.3,21.8,18.3,15.2,12.6,11.1,14.0,17.6,21.2,24.6,27.4,24.4,23.4,21.2,19.1,18.3,19.3,21.5,23.6,94.6,98.1,101.9,103.8,102.6,99.4,95.3,93.5,99.0,97.2,95.9,95.6,96.6,98.2,99.8,96.6,94.2,93.5,94.7,96.6,97.0,97.8,99.5,101.0,101.5,100.7,99.1,97.5,81.6,80.0,78.9,79.1,80.5,82.2,83.2,83.4,84.2,83.3,82.9,83.0,84.1,86.4,88.1,86.6,84.3,82.8,82.7,83.6,82.8,82.9,82.5,81.6,81.0,80.8,81.3,82.1,26.9,106.9,172.9,-0.612,0.599,-0.656,550.5,569.0,608.4,673.6,768.8,836.3,848.7,884.9,928.5,1015.0,1124.5,1214.4,1273.6,1243.6,1185.5,1128.6,1080.3,445.8,464.7,492.1,502.0,474.9,651.9,709.6,756.3,833.3,930.5,630.2,658.0,677.5,698.0,669.5,721.9,759.5,785.7,809.6,590.2,603.5,633.2,665.1,643.3,616.5,763.4,786.9,837.5,893.9,867.2,820.3,785.2,764.0,745.3,760.8,768.9,845.6,912.4,871.2,842.7,831.7,811.7,800.8,785.8,775.1,791.1,799.2,893.1,805.5,792.6,777.9,1259.9,1331.0,1393.1,1429.2,1453.8,1436.0,1336.9,1257.0,1188.4,1131.8,1090.5,1017.0,917.8,793.2,688.0,559.0,434.8,1050.0,985.2,942.5,899.2,833.6,452.6,370.8,310.4,288.2,295.1,775.0,820.7,868.4,918.4,994.0,989.8,970.6,944.3,921.8,1100.8,1030.6,968.1,937.9,1000.1,1052.7,650.5,584.2,522.8,489.7,546.4,606.1,1178.7,1091.6,1027.9,1006.8,969.4,947.1,925.9,986.6,1049.5,1087.9,1118.3,1147.8,1149.5,1072.7,1043.1,1015.0,939.2,1018.2,1047.1,1079.4,0.00,0.00,0.00,0.00,0.00,0.00,0.00,0.00,0.00,0.00,0.00,0.00,0.00,0.00,0.00,0.00,0.00,0.00,0.00,0.00,0.00,0.00,0.00,0.00,0.00,0.00,0.00,0.00,0.00,0.00,0.00,0.00,0.00,0.00,0.00
170,0,5.633,0.03,0,0.000000,0.000000,0.000000,0.000000,0.000000,0.000000,0.000,0.000,649.1,624.5,634.8,673.9,718.9,747.8,733.2,694.1,594.6,590.4,595.5,607.5,628.3,648.9,671.3,667.8,652.0,635.2,622.6,609.2,689.4,706.5,711.0,700.2,680.5,663.4,658.9,669.7,742.7,724.0,743.0,788.5,833.9,852.6,833.6,787.4,741.9,761.5,785.9,813.8,841.0,859.4,871.6,877.9,870.0,845.5,808.8,772.0,786.6,808.4,817.4,808.2,786.3,764.5,755.5,764.7,1004.6,981.0,948.6,926.3,927.2,951.9,983.3,1005.5,1110.6,1071.2,1037.8,1002.4,967.0,944.2,932.0,961.4,994.6,1031.6,1062.5,1089.8,989.5,979.7,965.5,955.2,954.8,964.6,978.8,989.1,639.3,597.1,551.1,528.3,542.0,584.1,630.1,656.3,652.3,626.2,589.9,552.5,517.8,487.5,470.6,501.9,542.3,584.0,620.5,647.2,618.0,606.9,584.6,564.2,557.7,568.8,591.1,611.5,1.0,-1.7,-0.6,4.0,9.3,12.2,10.2,5.8,-5.1,-5.5,-4.9,-3.5,-1.3,1.0,3.6,3.1,1.3,-0.5,-1.9,-3.4,5.5,7.4,8.1,7.0,4.7,2.7,2.1,3.3,9.6,7.7,9.3,13.4,17.8,20.0,18.4,14.0,9.8,11.6,13.8,16.5,19.3,21.7,23.3,23.5,22.2,19.4,16.0,12.6,13.9,16.0,16.7,15.7,13.5,11.5,10.7,11.7,69.7,69.6,68.6,67.2,66.5,67.2,67.9,69.0,84.9,79.0,74.3,70.2,67.0,65.6,65.3,66.4,68.3,71.8,76.1,80.5,69.8,69.3,68.8,68.7,69.0,69.6,70.0,70.1,26.1,21.7,17.2,15.2,16.7,21.0,25.7,28.2,28.1,25.3,21.8,18.3,15.2,12.6,11.1,14.0,17.6,21.2,24.6,27.4,24.4,23.4,21.2,19.1,18.3,19.3,21.5,23.6,94.6,98.1,101.9,103.8,102.6,99.4,95.3,93.5,99.0,97.2,95.9,95.6,96.6,98.2,99.8,96.6,94.2,93.5,94.7,96.6,97.0,97.8,99.5,101.0,101.5,100.7,99.1,97.5,81.6,80.0,78.9,79.1,80.5,82.2,83.2,83.4,84.2,83.3,82.9,83.0,84.1,86.4,88.1,86.6,84.3,82.8,82.7,83.6,82.8,82.9,82.5,81.6,81.0,80.8,81.3,82.1,26.9,106.9,172.9,-0.612,0.599,-0.656,550.5,569.0,608.4,673.6,768.8,836.3,848.7,884.9,928.5,1015.0,1124.5,1214.4,1273.6,1243.6,1185.5,1128.6,1080.3,445.8,464.7,492.1,502.0,474.9,651.9,709.6,756.3,833.3,930.5,630.2,658.0,677.5,698.0,669.5,721.9,759.5,785.7,809.6,590.2,603.5,633.2,665.1,643.3,616.5,763.4,786.9,837.5,893.9,867.2,820.3,785.2,764.0,745.3,760.8,768.9,845.6,912.4,871.2,842.7,831.7,811.7,800.8,785.8,775.1,791.1,799.2,893.1,805.5,792.6,777.9,1259.9,1331.0,1393.1,1429.2,1453.8,1436.0,1336.9,1257.0,1188.4,1131.8,1090.5,1017.0,917.8,793.2,688.0,559.0,434.8,1050.0,985.2,942.5,899.2,833.6,452.6,370.8,310.4,288.2,295.1,775.0,820.7,868.4,918.4,994.0,989.8,970.6,944.3,921.8,1100.8,1030.6,968.1,937.9,1000.1,1052.7,650.5,584.2,522.8,489.7,546.4,606.1,1178.7,1091.6,1027.9,1006.8,969.4,947.1,925.9,986.6,1049.5,1087.9,1118.3,1147.8,1149.5,1072.7,1043.1,1015.0,939.2,1018.2,1047.1,1079.4,0.00,0.00,0.00,0.00,0.00,0.00,0.00,0.00,0.00,0.00,0.00,0.00,0.00,0.00,0.00,0.00,0.00,0.00,0.00,0.00,0.00,0.00,0.00,0.00,0.00,0.00,0.00,0.00,0.00,0.00,0.00,0.00,0.00,0.00,0.00
171,0,5.667,0.03,0,0.000000,0.000000,0.000000,0.000000,0.000000,0.000000,0.000,0.000,649.1,624.5,634.8,673.9,718.9,747.8,733.2,694.1,594.6,590.4,595.5,607.5,628.3,648.9,671.3,667.8,652.0,635.2,622.6,609.2,689.4,706.5,711.0,700.2,680.5,663.4,658.9,669.7,742.7,724.0,743.0,788.5,833.9,852.6,833.6,787.4,741.9,761.5,785.9,813.8,841.0,859.4,871.6,877.9,870.0,845.5,808.8,772.0,786.6,808.4,817.4,808.2,786.3,764.5,755.5,764.7,1004.6,981.0,948.6,926.3,927.2,951.9,983.3,1005.5,1110.6,1071.2,1037.8,1002.4,967.0,944.2,932.0,961.4,994.6,1031.6,1062.5,1089.8,989.5,979.7,965.5,955.2,954.8,964.6,978.8,989.1,639.3,597.1,551.1,528.3,542.0,584.1,630.1,656.3,652.3,626.2,589.9,552.5,517.8,487.5,470.6,501.9,542.3,584.0,620.5,647.2,618.0,606.9,584.6,564.2,557.7,568.8,591.1,611.5,1.0,-1.7,-0.6,4.0,9.3,12.2,10.2,5.8,-5.1,-5.5,-4.9,-3.5,-1.3,1.0,3.6,3.1,1.3,-0.5,-1.9,-3.4,5.5,7.4,8.1,7.0,4.7,2.7,2.1,3.3,9.6,7.7,9.3,13.4,17.8,20.0,18.4,14.0,9.8,11.6,13.8,16.5,19.3,21.7,23.3,23.5,22.2,19.4,16.0,12.6,13.9,16.0,16.7,15.7,13.5,11.5,10.7,11.7,69.7,69.6,68.6,67.2,66.5,67.2,67.9,69.0,84.9,79.0,74.3,70.2,67.0,65.6,65.3,66.4,68.3,71.8,76.1,80.5,69.8,69.3,68.8,68.7,69.0,69.6,70.0,70.1,26.1,21.7,17.2,15.2,16.7,21.0,25.7,28.2,28.1,25.3,21.8,18.3,15.2,12.6,11.1,14.0,17.6,21.2,24.6,27.4,24.4,23.4,21.2,19.1,18.3,19.3,21.5,23.6,94.6,98.1,101.9,103.8,102.6,99.4,95.3,93.5,99.0,97.2,95.9,95.6,96.6,98.2,99.8,96.6,94.2,93.5,94.7,96.6,97.0,97.8,99.5,101.0,101.5,100.7,99.1,97.5,81.6,80.0,78.9,79.1,80.5,82.2,83.2,83.4,84.2,83.3,82.9,83.0,84.1,86.4,88.1,86.6,84.3,82.8,82.7,83.6,82.8,82.9,82.5,81.6,81.0,80.8,81.3,82.1,26.9,106.9,172.9,-0.612,0.599,-0.656,550.5,569.0,608.4,673.6,768.8,836.3,848.7,884.9,928.5,1015.0,1124.5,1214.4,1273.6,1243.6,1185.5,1128.6,1080.3,445.8,464.7,492.1,502.0,474.9,651.9,709.6,756.3,833.3,930.5,630.2,658.0,677.5,698.0,669.5,721.9,759.5,785.7,809.6,590.2,603.5,633.2,665.1,643.3,616.5,763.4,786.9,837.5,893.9,867.2,820.3,785.2,764.0,745.3,760.8,768.9,845.6,912.4,871.2,842.7,831.7,811.7,800.8,785.8,775.1,791.1,799.2,893.1,805.5,792.6,777.9,1259.9,1331.0,1393.1,1429.2,1453.8,1436.0,1336.9,1257.0,1188.4,1131.8,1090.5,1017.0,917.8,793.2,688.0,559.0,434.8,1050.0,985.2,942.5,899.2,833.6,452.6,370.8,310.4,288.2,295.1,775.0,820.7,868.4,918.4,994.0,989.8,970.6,944.3,921.8,1100.8,1030.6,968.1,937.9,1000.1,1052.7,650.5,584.2,522.8,489.7,546.4,606.1,1178.7,1091.6,1027.9,1006.8,969.4,947.1,925.9,986.6,1049.5,1087.9,1118.3,1147.8,1149.5,1072.7,1043.1,1015.0,939.2,1018.2,1047.1,1079.4,0.00,0.00,0.00,0.00,0.00,0.00,0.00,0.00,0.00,0.00,0.00,0.00,0.00,0.00,0.00,0.00,0.00,0.00,0.00,0.00,0.00,0.00,0.00,0.00,0.00,0.00,0.00,0.00,0.00,0.00,0.00,0.00,0.00,0.00,0.00
172,0,5.700,0.03,0,0.000000,0.000000,0.000000,0.000000,0.000000,0.000000,0.000,0.000,649.1,624.5,634.8,673.9,718.9,747.8,733.2,694.1,594.6,590.4,595.5,607.5,628.3,648.9,671.3,667.8,652.0,635.2,622.6,609.2,689.4,706.5,711.0,700.2,680.5,663.4,658.9,669.7,742.7,724.0,743.0,788.5,833.9,852.6,833.6,787.4,741.9,761.5,785.9,813.8,841.0,859.4,871.6,877.9,870.0,845.5,808.8,772.0,786.6,808.4,817.4,808.2,786.3,764.5,755.5,764.7,1004.6,981.0,948.6,926.3,927.2,951.9,983.3,1005.5,1110.6,1071.2,1037.8,1002.4,967.0,944.2,932.0,961.4,994.6,1031.6,1062.5,1089.8,989.5,979.7,965.5,955.2,954.8,964.6,978.8,989.1,639.3,597.1,551.1,528.3,542.0,584.1,630.1,656.3,652.3,626.2,589.9,552.5,517.8,487.5,470.6,501.9,542.3,584.0,620.5,647.2,618.0,606.9,584.6,564.2,557.7,568.8,591.1,611.5,1.0,-1.7,-0.6,4.0,9.3,12.2,10.2,5.8,-5.1,-5.5,-4.9,-3.5,-1.3,1.0,3.6,3.1,1.3,-0.5,-1.9,-3.4,5.5,7.4,8.1,7.0,4.7,2.7,2.1,3.3,9.6,7.7,9.3,13.4,17.8,20.0,18.4,14.0,9.8,11.6,13.8,16.5,19.3,21.7,23.3,23.5,22.2,19.4,16.0,12.6,13.9,16.0,16.7,15.7,13.5,11.5,10.7,11.7,69.7,69.6,68.6,67.2,66.5,67.2,67.9,69.0,84.9,79.0,74.3,70.2,67.0,65.6,65.3,66.4,68.3,71.8,76.1,80.5,69.8,69.3,68.8,68.7,69.0,69.6,70.0,70.1,26.1,21.7,17.2,15.2,16.7,21.0,25.7,28.2,28.1,25.3,21.8,18.3,15.2,12.6,11.1,14.0,17.6,21.2,24.6,27.4,24.4,23.4,21.2,19.1,18.3,19.3,21.5,23.6,94.6,98.1,101.9,103.8,102.6,99.4,95.3,93.5,99.0,97.2,95.9,95.6,96.6,98.2,99.8,96.6,94.2,93.5,94.7,96.6,97.0,97.8,99.5,101.0,101.5,100.7,99.1,97.5,81.6,80.0,78.9,79.1,80.5,82.2,83.2,83.4,84.2,83.3,82.9,83.0,84.1,86.4,88.1,86.6,84.3,82.8,82.7,83.6,82.8,82.9,82.5,81.6,81.0,80.8,81.3,82.1,26.9,106.9,172.9,-0.612,0.599,-0.656,550.5,569.0,608.4,673.6,768.8,836.3,848.7,884.9,928.5,1015.0,1124.5,1214.4,1273.6,1243.6,1185.5,1128.6,1080.3,445.8,464.7,492.1,502.0,474.9,651.9,709.6,756.3,833.3,930.5,630.2,658.0,677.5,698.0,669.5,721.9,759.5,785.7,809.6,590.2,603.5,633.2,665.1,643.3,616.5,763.4,786.9,837.5,893.9,867.2,820.3,785.2,764.0,745.3,760.8,768.9,845.6,912.4,871.2,842.7,831.7,811.7,800.8,785.8,775.1,791.1,799.2,893.1,805.5,792.6,777.9,1259.9,1331.0,1393.1,1429.2,1453.8,1436.0,1336.9,1257.0,1188.4,1131.8,1090.5,1017.0,917.8,793.2,688.0,559.0,434.8,1050.0,985.2,942.5,899.2,833.6,452.6,370.8,310.4,288.2,295.1,775.0,820.7,868.4,918.4,994.0,989.8,970.6,944.3,921.8,1100.8,1030.6,968.1,937.9,1000.1,1052.7,650.5,584.2,522.8,489.7,546.4,606.1,1178.7,1091.6,1027.9,1006.8,969.4,947.1,925.9,986.6,1049.5,1087.9,1118.3,1147.8,1149.5,1072.7,1043.1,1015.0,939.2,1018.2,1047.1,1079.4,0.00,0.00,0.00,0.00,0.00,0.00,0.00,0.00,0.00,0.00,0.00,0.00,0.00,0.00,0.00,0.00,0.00,0.00,0.00,0.00,0.00,0.00,0.00,0.00,0.00,0.00,0.00,0.00,0.00,0.00,0.00,0.00,0.00,0.00,0.00
173,0,5.733,0.03,0,0.000000,0.000000,0.000000,0.000000,0.000000,0.000000,0.000,0.000,649.1,624.5,634.8,673.9,718.9,747.8,733.2,694.1,594.6,590.4,595.5,607.5,628.3,648.9,671.3,667.8,652.0,635.2,622.6,609.2,689.4,706.5,711.0,700.2,680.5,663.4,658.9,669.7,742.7,724.0,743.0,788.5,833.9,852.6,833.6,787.4,741.9,761.5,785.9,813.8,841.0,859.4,871.6,877.9,870.0,845.5,808.8,772.0,786.6,808.4,817.4,808.2,786.3,764.5,755.5,764.7,1004.6,981.0,948.6,926.3,927.2,951.9,983.3,1005.5,1110.6,1071.2,1037.8,1002.4,967.0,944.2,932.0,961.4,994.6,1031.6,1062.5,1089.8,989.5,979.7,965.5,955.2,954.8,964.6,978.8,989.1,639.3,597.1,551.1,528.3,542.0,584.1,630.1,656.3,652.3,626.2,589.9,552.5,517.8,487.5,470.6,501.9,542.3,584.0,620.5,647.2,618.0,606.9,584.6,564.2,557.7,568.8,591.1,611.5,1.0,-1.7,-0.6,4.0,9.3,12.2,10.2,5.8,-5.1,-5.5,-4.9,-3.5,-1.3,1.0,3.6,3.1,1.3,-0.5,-1.9,-3.4,5.5,7.4,8.1,7.0,4.7,2.7,2.1,3.3,9.6,7.7,9.3,13.4,17.8,20.0,18.4,14.0,9.8,11.6,13.8,16.5,19.3,21.7,23.3,23.5,22.2,19.4,16.0,12.6,13.9,16.0,16.7,15.7,13.5,11.5,10.7,11.7,69.7,69.6,68.6,67.2,66.5,67.2,67.9,69.0,84.9,79.0,74.3,70.2,67.0,65.6,65.3,66.4,68.3,71.8,76.1,80.5,69.8,69.3,68.8,68.7,69.0,69.6,70.0,70.1,26.1,21.7,17.2,15.2,16.7,21.0,25.7,28.2,28.1,25.3,21.8,18.3,15.2,12.6,11.1,14.0,17.6,21.2,24.6,27.4,24.4,23.4,21.2,19.1,18.3,19.3,21.5,23.6,94.6,98.1,101.9,103.8,102.6,99.4,95.3,93.5,99.0,97.2,95.9,95.6,96.6,98.2,99.8,96.6,94.2,93.5,94.7,96.6,97.0,97.8,99.5,101.0,101.5,100.7,99.1,97.5,81.6,80.0,78.9,79.1,80.5,82.2,83.2,83.4,84.2,83.3,82.9,83.0,84.1,86.4,88.1,86.6,84.3,82.8,82.7,83.6,82.8,82.9,82.5,81.6,81.0,80.8,81.3,82.1,26.9,106.9,172.9,-0.612,0.599,-0.656,550.5,569.0,608.4,673.6,768.8,836.3,848.7,884.9,928.5,1015.0,1124.5,1214.4,1273.6,1243.6,1185.5,1128.6,1080.3,445.8,464.7,492.1,502.0,474.9,651.9,709.6,756.3,833.3,930.5,630.2,658.0,677.5,698.0,669.5,721.9,759.5,785.7,809.6,590.2,603.5,633.2,665.1,643.3,616.5,763.4,786.9,837.5,893.9,867.2,820.3,785.2,764.0,745.3,760.8,768.9,845.6,912.4,871.2,842.7,831.7,811.7,800.8,785.8,775.1,791.1,799.2,893.1,805.5,792.6,777.9,1259.9,1331.0,1393.1,1429.2,1453.8,1436.0,1336.9,1257.0,1188.4,1131.8,1090.5,1017.0,917.8,793.2,688.0,559.0,434.8,1050.0,985.2,942.5,899.2,833.6,452.6,370.8,310.4,288.2,295.1,775.0,820.7,868.4,918.4,994.0,989.8,970.6,944.3,921.8,1100.8,1030.6,968.1,937.9,1000.1,1052.7,650.5,584.2,522.8,489.7,546.4,606.1,1178.7,1091.6,1027.9,1006.8,969.4,947.1,925.9,986.6,1049.5,1087.9,1118.3,1147.8,1149.5,1072.7,1043.1,1015.0,939.2,1018.2,1047.1,1079.4,0.00,0.00,0.00,0.00,0.00,0.00,0.00,0.00,0.00,0.00,0.00,0.00,0.00,0.00,0.00,0.00,0.00,0.00,0.00,0.00,0.00,0.00,0.00,0.00,0.00,0.00,0.00,0.00,0.00,0.00,0.00,0.00,0.00,0.00,0.00
174,0,5.767,0.03,0,0.000000,0.000000,0.000000,0.000000,0.000000,0.000000,0.000,0.000,649.1,624.5,634.8,673.9,718.9,747.8,733.2,694.1,594.6,590.4,595.5,607.5,628.3,648.9,671.3,667.8,652.0,635.2,622.6,609.2,689.4,706.5,711.0,700.2,680.5,663.4,658.9,669.7,742.7,724.0,743.0,788.5,833.9,852.6,833.6,787.4,741.9,761.5,785.9,813.8,841.0,859.4,871.6,877.9,870.0,845.5,808.8,772.0,786.6,808.4,817.4,808.2,786.3,764.5,755.5,764.7,1004.6,981.0,948.6,926.3,927.2,951.9,983.3,1005.5,1110.6,1071.2,1037.8,1002.4,967.0,944.2,932.0,961.4,994.6,1031.6,1062.5,1089.8,989.5,979.7,965.5,955.2,954.8,964.6,978.8,989.1,639.3,597.1,551.1,528.3,542.0,584.1,630.1,656.3,652.3,626.2,589.9,552.5,517.8,487.5,470.6,501.9,542.3,584.0,620.5,647.2,618.0,606.9,584.6,564.2,557.7,568.8,591.1,611.5,1.0,-1.7,-0.6,4.0,9.3,12.2,10.2,5.8,-5.1,-5.5,-4.9,-3.5,-1.3,1.0,3.6,3.1,1.3,-0.5,-1.9,-3.4,5.5,7.4,8.1,7.0,4.7,2.7,2.1,3.3,9.6,7.7,9.3,13.4,17.8,20.0,18.4,14.0,9.8,11.6,13.8,16.5,19.3,21.7,23.3,23.5,22.2,19.4,16.0,12.6,13.9,16.0,16.7,15.7,13.5,11.5,10.7,11.7,69.7,69.6,68.6,67.2,66.5,67.2,67.9,69.0,84.9,79.0,74.3,70.2,67.0,65.6,65.3,66.4,68.3,71.8,76.1,80.5,69.8,69.3,68.8,68.7,69.0,69.6,70.0,70.1,26.1,21.7,17.2,15.2,16.7,21.0,25.7,28.2,28.1,25.3,21.8,18.3,15.2,12.6,11.1,14.0,17.6,21.2,24.6,27.4,24.4,23.4,21.2,19.1,18.3,19.3,21.5,23.6,94.6,98.1,101.9,103.8,102.6,99.4,95.3,93.5,99.0,97.2,95.9,95.6,96.6,98.2,99.8,96.6,94.2,93.5,94.7,96.6,97.0,97.8,99.5,101.0,101.5,100.7,99.1,97.5,81.6,80.0,78.9,79.1,80.5,82.2,83.2,83.4,84.2,83.3,82.9,83.0,84.1,86.4,88.1,86.6,84.3,82.8,82.7,83.6,82.8,82.9,82.5,81.6,81.0,80.8,81.3,82.1,26.9,106.9,172.9,-0.612,0.599,-0.656,550.5,569.0,608.4,673.6,768.8,836.3,848.7,884.9,928.5,1015.0,1124.5,1214.4,1273.6,1243.6,1185.5,1128.6,1080.3,445.8,464.7,492.1,502.0,474.9,651.9,709.6,756.3,833.3,930.5,630.2,658.0,677.5,698.0,669.5,721.9,759.5,785.7,809.6,590.2,603.5,633.2,665.1,643.3,616.5,763.4,786.9,837.5,893.9,867.2,820.3,785.2,764.0,745.3,760.8,768.9,845.6,912.4,871.2,842.7,831.7,811.7,800.8,785.8,775.1,791.1,799.2,893.1,805.5,792.6,777.9,1259.9,1331.0,1393.1,1429.2,1453.8,1436.0,1336.9,1257.0,1188.4,1131.8,1090.5,1017.0,917.8,793.2,688.0,559.0,434.8,1050.0,985.2,942.5,899.2,833.6,452.6,370.8,310.4,288.2,295.1,775.0,820.7,868.4,918.4,994.0,989.8,970.6,944.3,921.8,1100.8,1030.6,968.1,937.9,1000.1,1052.7,650.5,584.2,522.8,489.7,546.4,606.1,1178.7,1091.6,1027.9,1006.8,969.4,947.1,925.9,986.6,1049.5,1087.9,1118.3,1147.8,1149.5,1072.7,1043.1,1015.0,939.2,1018.2,1047.1,1079.4,0.00,0.00,0.00,0.00,0.00,0.00,0.00,0.00,0.00,0.00,0.00,0.00,0.00,0.00,0.00,0.00,0.00,0.00,0.00,0.00,0.00,0.00,0.00,0.00,0.00,0.00,0.00,0.00,0.00,0.00,0.00,0.00,0.00,0.00,0.00
175,0,5.800,0.03,0,0.000000,0.000000,0.000000,0.000000,0.000000,0.000000,0.000,0.000,649.1,624.5,634.8,673.9,718.9,747.8,733.2,694.1,594.6,590.4,595.5,607.5,628.3,648.9,671.3,667.8,652.0,635.2,622.6,609.2,689.4,706.5,711.0,700.2,680.5,663.4,658.9,669.7,742.7,724.0,743.0,788.5,833.9,852.6,833.6,787.4,741.9,761.5,785.9,813.8,841.0,859.4,871.6,877.9,870.0,845.5,808.8,772.0,786.6,808.4,817.4,808.2,786.3,764.5,755.5,764.7,1004.6,981.0,948.6,926.3,927.2,951.9,983.3,1005.5,1110.6,1071.2,1037.8,1002.4,967.0,944.2,932.0,961.4,994.6,1031.6,1062.5,1089.8,989.5,979.7,965.5,955.2,954.8,964.6,978.8,989.1,639.3,597.1,551.1,528.3,542.0,584.1,630.1,656.3,652.3,626.2,589.9,552.5,517.8,487.5,470.6,501.9,542.3,584.0,620.5,647.2,618.0,606.9,584.6,564.2,557.7,568.8,591.1,611.5,1.0,-1.7,-0.6,4.0,9.3,12.2,10.2,5.8,-5.1,-5.5,-4.9,-3.5,-1.3,1.0,3.6,3.1,1.3,-0.5,-1.9,-3.4,5.5,7.4,8.1,7.0,4.7,2.7,2.1,3.3,9.6,7.7,9.3,13.4,17.8,20.0,18.4,14.0,9.8,11.6,13.8,16.5,19.3,21.7,23.3,23.5,22.2,19.4,16.0,12.6,13.9,16.0,16.7,15.7,13.5,11.5,10.7,11.7,69.7,69.6,68.6,67.2,66.5,67.2,67.9,69.0,84.9,79.0,74.3,70.2,67.0,65.6,65.3,66.4,68.3,71.8,76.1,80.5,69.8,69.3,68.8,68.7,69.0,69.6,70.0,70.1,26.1,21.7,17.2,15.2,16.7,21.0,25.7,28.2,28.1,25.3,21.8,18.3,15.2,12.6,11.1,14.0,17.6,21.2,24.6,27.4,24.4,23.4,21.2,19.1,18.3,19.3,21.5,23.6,94.6,98.1,101.9,103.8,102.6,99.4,95.3,93.5,99.0,97.2,95.9,95.6,96.6,98.2,99.8,96.6,94.2,93.5,94.7,96.6,97.0,97.8,99.5,101.0,101.5,100.7,99.1,97.5,81.6,80.0,78.9,79.1,80.5,82.2,83.2,83.4,84.2,83.3,82.9,83.0,84.1,86.4,88.1,86.6,84.3,82.8,82.7,83.6,82.8,82.9,82.5,81.6,81.0,80.8,81.3,82.1,26.9,106.9,172.9,-0.612,0.599,-0.656,550.5,569.0,608.4,673.6,768.8,836.3,848.7,884.9,928.5,1015.0,1124.5,1214.4,1273.6,1243.6,1185.5,1128.6,1080.3,445.8,464.7,492.1,502.0,474.9,651.9,709.6,756.3,833.3,930.5,630.2,658.0,677.5,698.0,669.5,721.9,759.5,785.7,809.6,590.2,603.5,633.2,665.1,643.3,616.5,763.4,786.9,837.5,893.9,867.2,820.3,785.2,764.0,745.3,760.8,768.9,845.6,912.4,871.2,842.7,831.7,811.7,800.8,785.8,775.1,791.1,799.2,893.1,805.5,792.6,777.9,1259.9,1331.0,1393.1,1429.2,1453.8,1436.0,1336.9,1257.0,1188.4,1131.8,1090.5,1017.0,917.8,793.2,688.0,559.0,434.8,1050.0,985.2,942.5,899.2,833.6,452.6,370.8,310.4,288.2,295.1,775.0,820.7,868.4,918.4,994.0,989.8,970.6,944.3,921.8,1100.8,1030.6,968.1,937.9,1000.1,1052.7,650.5,584.2,522.8,489.7,546.4,606.1,1178.7,1091.6,1027.9,1006.8,969.4,947.1,925.9,986.6,1049.5,1087.9,1118.3,1147.8,1149.5,1072.7,1043.1,1015.0,939.2,1018.2,1047.1,1079.4,0.00,0.00,0.00,0.00,0.00,0.00,0.00,0.00,0.00,0.00,0.00,0.00,0.00,0.00,0.00,0.00,0.00,0.00,0.00,0.00,0.00,0.00,0.00,0.00,0.00,0.00,0.00,0.00,0.00,0.00,0.00,0.00,0.00,0.00,0.00
176,0,5.833,0.03,0,0.000000,0.000000,0.000000,0.000000,0.000000,0.000000,0.000,0.000,649.1,624.5,634.8,673.9,718.9,747.8,733.2,694.1,594.6,590.4,595.5,607.5,628.3,648.9,671.3,667.8,652.0,635.2,622.6,609.2,689.4,706.5,711.0,700.2,680.5,663.4,658.9,669.7,742.7,724.0,743.0,788.5,833.9,852.6,833.6,787.4,741.9,761.5,785.9,813.8,841.0,859.4,871.6,877.9,870.0,845.5,808.8,772.0,786.6,808.4,817.4,808.2,786.3,764.5,755.5,764.7,1004.6,981.0,948.6,926.3,927.2,951.9,983.3,1005.5,1110.6,1071.2,1037.8,1002.4,967.0,944.2,932.0,961.4,994.6,1031.6,1062.5,1089.8,989.5,979.7,965.5,955.2,954.8,964.6,978.8,989.1,639.3,597.1,551.1,528.3,542.0,584.1,630.1,656.3,652.3,626.2,589.9,552.5,517.8,487.5,470.6,501.9,542.3,584.0,620.5,647.2,618.0,606.9,584.6,564.2,557.7,568.8,591.1,611.5,1.0,-1.7,-0.6,4.0,9.3,12.2,10.2,5.8,-5.1,-5.5,-4.9,-3.5,-1.3,1.0,3.6,3.1,1.3,-0.5,-1.9,-3.4,5.5,7.4,8.1,7.0,4.7,2.7,2.1,3.3,9.6,7.7,9.3,13.4,17.8,20.0,18.4,14.0,9.8,11.6,13.8,16.5,19.3,21.7,23.3,23.5,22.2,19.4,16.0,12.6,13.9,16.0,16.7,15.7,13.5,11.5,10.7,11.7,69.7,69.6,68.6,67.2,66.5,67.2,67.9,69.0,84.9,79.0,74.3,70.2,67.0,65.6,65.3,66.4,68.3,71.8,76.1,80.5,69.8,69.3,68.8,68.7,69.0,69.6,70.0,70.1,26.1,21.7,17.2,15.2,16.7,21.0,25.7,28.2,28.1,25.3,21.8,18.3,15.2,12.6,11.1,14.0,17.6,21.2,24.6,27.4,24.4,23.4,21.2,19.1,18.3,19.3,21.5,23.6,94.6,98.1,101.9,103.8,102.6,99.4,95.3,93.5,99.0,97.2,95.9,95.6,96.6,98.2,99.8,96.6,94.2,93.5,94.7,96.6,97.0,97.8,99.5,101.0,101.5,100.7,99.1,97.5,81.6,80.0,78.9,79.1,80.5,82.2,83.2,83.4,84.2,83.3,82.9,83.0,84.1,86.4,88.1,86.6,84.3,82.8,82.7,83.6,82.8,82.9,82.5,81.6,81.0,80.8,81.3,82.1,26.9,106.9,172.9,-0.612,0.599,-0.656,550.5,569.0,608.4,673.6,768.8,836.3,848.7,884.9,928.5,1015.0,1124.5,1214.4,1273.6,1243.6,1185.5,1128.6,1080.3,445.8,464.7,492.1,502.0,474.9,651.9,709.6,756.3,833.3,930.5,630.2,658.0,677.5,698.0,669.5,721.9,759.5,785.7,809.6,590.2,603.5,633.2,665.1,643.3,616.5,763.4,786.9,837.5,893.9,867.2,820.3,785.2,764.0,745.3,760.8,768.9,845.6,912.4,871.2,842.7,831.7,811.7,800.8,785.8,775.1,791.1,799.2,893.1,805.5,792.6,777.9,1259.9,1331.0,1393.1,1429.2,1453.8,1436.0,1336.9,1257.0,1188.4,1131.8,1090.5,1017.0,917.8,793.2,688.0,559.0,434.8,1050.0,985.2,942.5,899.2,833.6,452.6,370.8,310.4,288.2,295.1,775.0,820.7,868.4,918.4,994.0,989.8,970.6,944.3,921.8,1100.8,1030.6,968.1,937.9,1000.1,1052.7,650.5,584.2,522.8,489.7,546.4,606.1,1178.7,1091.6,1027.9,1006.8,969.4,947.1,925.9,986.6,1049.5,1087.9,1118.3,1147.8,1149.5,1072.7,1043.1,1015.0,939.2,1018.2,1047.1,1079.4,0.00,0.00,0.00,0.00,0.00,0.00,0.00,0.00,0.00,0.00,0.00,0.00,0.00,0.00,0.00,0.00,0.00,0.00,0.00,0.00,0.00,0.00,0.00,0.00,0.00,0.00,0.00,0.00,0.00,0.00,0.00,0.00,0.00,0.00,0.00
177,0,5.867,0.03,0,0.000000,0.000000,0.000000,0.000000,0.000000,0.000000,0.000,0.000,649.1,624.5,634.8,673.9,718.9,747.8,733.2,694.1,594.6,590.4,595.5,607.5,628.3,648.9,671.3,667.8,652.0,635.2,622.6,609.2,689.4,706.5,711.0,700.2,680.5,663.4,658.9,669.7,742.7,724.0,743.0,788.5,833.9,852.6,833.6,787.4,741.9,761.5,785.9,813.8,841.0,859.4,871.6,877.9,870.0,845.5,808.8,772.0,786.6,808.4,817.4,808.2,786.3,764.5,755.5,764.7,1004.6,981.0,948.6,926.3,927.2,951.9,983.3,1005.5,1110.6,1071.2,1037.8,1002.4,967.0,944.2,932.0,961.4,994.6,1031.6,1062.5,1089.8,989.5,979.7,965.5,955.2,954.8,964.6,978.8,989.1,639.3,597.1,551.1,528.3,542.0,584.1,630.1,656.3,652.3,626.2,589.9,552.5,517.8,487.5,470.6,501.9,542.3,584.0,620.5,647.2,618.0,606.9,584.6,564.2,557.7,568.8,591.1,611.5,1.0,-1.7,-0.6,4.0,9.3,12.2,10.2,5.8,-5.1,-5.5,-4.9,-3.5,-1.3,1.0,3.6,3.1,1.3,-0.5,-1.9,-3.4,5.5,7.4,8.1,7.0,4.7,2.7,2.1,3.3,9.6,7.7,9.3,13.4,17.8,20.0,18.4,14.0,9.8,11.6,13.8,16.5,19.3,21.7,23.3,23.5,22.2,19.4,16.0,12.6,13.9,16.0,16.7,15.7,13.5,11.5,10.7,11.7,69.7,69.6,68.6,67.2,66.5,67.2,67.9,69.0,84.9,79.0,74.3,70.2,67.0,65.6,65.3,66.4,68.3,71.8,76.1,80.5,69.8,69.3,68.8,68.7,69.0,69.6,70.0,70.1,26.1,21.7,17.2,15.2,16.7,21.0,25.7,28.2,28.1,25.3,21.8,18.3,15.2,12.6,11.1,14.0,17.6,21.2,24.6,27.4,24.4,23.4,21.2,19.1,18.3,19.3,21.5,23.6,94.6,98.1,101.9,103.8,102.6,99.4,95.3,93.5,99.0,97.2,95.9,95.6,96.6,98.2,99.8,96.6,94.2,93.5,94.7,96.6,97.0,97.8,99.5,101.0,101.5,100.7,99.1,97.5,81.6,80.0,78.9,79.1,80.5,82.2,83.2,83.4,84.2,83.3,82.9,83.0,84.1,86.4,88.1,86.6,84.3,82.8,82.7,83.6,82.8,82.9,82.5,81.6,81.0,80.8,81.3,82.1,26.9,106.9,172.9,-0.612,0.599,-0.656,550.5,569.0,608.4,673.6,768.8,836.3,848.7,884.9,928.5,1015.0,1124.5,1214.4,1273.6,1243.6,1185.5,1128.6,1080.3,445.8,464.7,492.1,502.0,474.9,651.9,709.6,756.3,833.3,930.5,630.2,658.0,677.5,698.0,669.5,721.9,759.5,785.7,809.6,590.2,603.5,633.2,665.1,643.3,616.5,763.4,786.9,837.5,893.9,867.2,820.3,785.2,764.0,745.3,760.8,768.9,845.6,912.4,871.2,842.7,831.7,811.7,800.8,785.8,775.1,791.1,799.2,893.1,805.5,792.6,777.9,1259.9,1331.0,1393.1,1429.2,1453.8,1436.0,1336.9,1257.0,1188.4,1131.8,1090.5,1017.0,917.8,793.2,688.0,559.0,434.8,1050.0,985.2,942.5,899.2,833.6,452.6,370.8,310.4,288.2,295.1,775.0,820.7,868.4,918.4,994.0,989.8,970.6,944.3,921.8,1100.8,1030.6,968.1,937.9,1000.1,1052.7,650.5,584.2,522.8,489.7,546.4,606.1,1178.7,1091.6,1027.9,1006.8,969.4,947.1,925.9,986.6,1049.5,1087.9,1118.3,1147.8,1149.5,1072.7,1043.1,1015.0,939.2,1018.2,1047.1,1079.4,0.00,0.00,0.00,0.00,0.00,0.00,0.00,0.00,0.00,0.00,0.00,0.00,0.00,0.00,0.00,0.00,0.00,0.00,0.00,0.00,0.00,0.00,0.00,0.00,0.00,0.00,0.00,0.00,0.00,0.00,0.00,0.00,0.00,0.00,0.00
178,0,5.900,0.03,0,0.000000,0.000000,0.000000,0.000000,0.000000,0.000000,0.000,0.000,649.1,624.5,634.8,673.9,718.9,747.8,733.2,694.1,594.6,590.4,595.5,607.5,628.3,648.9,671.3,667.8,652.0,635.2,622.6,609.2,689.4,706.5,711.0,700.2,680.5,663.4,658.9,669.7,742.7,724.0,743.0,788.5,833.9,852.6,833.6,787.4,741.9,761.5,785.9,813.8,841.0,859.4,871.6,877.9,870.0,845.5,808.8,772.0,786.6,808.4,817.4,808.2,786.3,764.5,755.5,764.7,1004.6,981.0,948.6,926.3,927.2,951.9,983.3,1005.5,1110.6,1071.2,1037.8,1002.4,967.0,944.2,932.0,961.4,994.6,1031.6,1062.5,1089.8,989.5,979.7,965.5,955.2,954.8,964.6,978.8,989.1,639.3,597.1,551.1,528.3,542.0,584.1,630.1,656.3,652.3,626.2,589.9,552.5,517.8,487.5,470.6,501.9,542.3,584.0,620.5,647.2,618.0,606.9,584.6,564.2,557.7,568.8,591.1,611.5,1.0,-1.7,-0.6,4.0,9.3,12.2,10.2,5.8,-5.1,-5.5,-4.9,-3.5,-1.3,1.0,3.6,3.1,1.3,-0.5,-1.9,-3.4,5.5,7.4,8.1,7.0,4.7,2.7,2.1,3.3,9.6,7.7,9.3,13.4,17.8,20.0,18.4,14.0,9.8,11.6,13.8,16.5,19.3,21.7,23.3,23.5,22.2,19.4,16.0,12.6,13.9,16.0,16.7,15.7,13.5,11.5,10.7,11.7,69.7,69.6,68.6,67.2,66.5,67.2,67.9,69.0,84.9,79.0,74.3,70.2,67.0,65.6,65.3,66.4,68.3,71.8,76.1,80.5,69.8,69.3,68.8,68.7,69.0,69.6,70.0,70.1,26.1,21.7,17.2,15.2,16.7,21.0,25.7,28.2,28.1,25.3,21.8,18.3,15.2,12.6,11.1,14.0,17.6,21.2,24.6,27.4,24.4,23.4,21.2,19.1,18.3,19.3,21.5,23.6,94.6,98.1,101.9,103.8,102.6,99.4,95.3,93.5,99.0,97.2,95.9,95.6,96.6,98.2,99.8,96.6,94.2,93.5,94.7,96.6,97.0,97.8,99.5,101.0,101.5,100.7,99.1,97.5,81.6,80.0,78.9,79.1,80.5,82.2,83.2,83.4,84.2,83.3,82.9,83.0,84.1,86.4,88.1,86.6,84.3,82.8,82.7,83.6,82.8,82.9,82.5,81.6,81.0,80.8,81.3,82.1,26.9,106.9,172.9,-0.612,0.599,-0.656,550.5,569.0,608.4,673.6,768.8,836.3,848.7,884.9,928.5,1015.0,1124.5,1214.4,1273.6,1243.6,1185.5,1128.6,1080.3,445.8,464.7,492.1,502.0,474.9,651.9,709.6,756.3,833.3,930.5,630.2,658.0,677.5,698.0,669.5,721.9,759.5,785.7,809.6,590.2,603.5,633.2,665.1,643.3,616.5,763.4,786.9,837.5,893.9,867.2,820.3,785.2,764.0,745.3,760.8,768.9,845.6,912.4,871.2,842.7,831.7,811.7,800.8,785.8,775.1,791.1,799.2,893.1,805.5,792.6,777.9,1259.9,1331.0,1393.1,1429.2,1453.8,1436.0,1336.9,1257.0,1188.4,1131.8,1090.5,1017.0,917.8,793.2,688.0,559.0,434.8,1050.0,985.2,942.5,899.2,833.6,452.6,370.8,310.4,288.2,295.1,775.0,820.7,868.4,918.4,994.0,989.8,970.6,944.3,921.8,1100.8,1030.6,968.1,937.9,1000.1,1052.7,650.5,584.2,522.8,489.7,546.4,606.1,1178.7,1091.6,1027.9,1006.8,969.4,947.1,925.9,986.6,1049.5,1087.9,1118.3,1147.8,1149.5,1072.7,1043.1,1015.0,939.2,1018.2,1047.1,1079.4,0.00,0.00,0.00,0.00,0.00,0.00,0.00,0.00,0.00,0.00,0.00,0.00,0.00,0.00,0.00,0.00,0.00,0.00,0.00,0.00,0.00,0.00,0.00,0.00,0.00,0.00,0.00,0.00,0.00,0.00,0.00,0.00,0.00,0.00,0.00
179,0,5.933,0.03,0,0.000000,0.000000,0.000000,0.000000,0.000000,0.000000,0.000,0.000,649.1,624.5,634.8,673.9,718.9,747.8,733.2,694.1,594.6,590.4,595.5,607.5,628.3,648.9,671.3,667.8,652.0,635.2,622.6,609.2,689.4,706.5,711.0,700.2,680.5,663.4,658.9,669.7,742.7,724.0,743.0,788.5,833.9,852.6,833.6,787.4,741.9,761.5,785.9,813.8,841.0,859.4,871.6,877.9,870.0,845.5,808.8,772.0,786.6,808.4,817.4,808.2,786.3,764.5,755.5,764.7,1004.6,981.0,948.6,926.3,927.2,951.9,983.3,1005.5,1110.6,1071.2,1037.8,1002.4,967.0,944.2,932.0,961.4,994.6,1031.6,1062.5,1089.8,989.5,979.7,965.5,955.2,954.8,964.6,978.8,989.1,639.3,597.1,551.1,528.3,542.0,584.1,630.1,656.3,652.3,626.2,589.9,552.5,517.8,487.5,470.6,501.9,542.3,584.0,620.5,647.2,618.0,606.9,584.6,564.2,557.7,568.8,591.1,611.5,1.0,-1.7,-0.6,4.0,9.3,12.2,10.2,5.8,-5.1,-5.5,-4.9,-3.5,-1.3,1.0,3.6,3.1,1.3,-0.5,-1.9,-3.4,5.5,7.4,8.1,7.0,4.7,2.7,2.1,3.3,9.6,7.7,9.3,13.4,17.8,20.0,18.4,14.0,9.8,11.6,13.8,16.5,19.3,21.7,23.3,23.5,22.2,19.4,16.0,12.6,13.9,16.0,16.7,15.7,13.5,11.5,10.7,11.7,69.7,69.6,68.6,67.2,66.5,67.2,67.9,69.0,84.9,79.0,74.3,70.2,67.0,65.6,65.3,66.4,68.3,71.8,76.1,80.5,69.8,69.3,68.8,68.7,69.0,69.6,70.0,70.1,26.1,21.7,17.2,15.2,16.7,21.0,25.7,28.2,28.1,25.3,21.8,18.3,15.2,12.6,11.1,14.0,17.6,21.2,24.6,27.4,24.4,23.4,21.2,19.1,18.3,19.3,21.5,23.6,94.6,98.1,101.9,103.8,102.6,99.4,95.3,93.5,99.0,97.2,95.9,95.6,96.6,98.2,99.8,96.6,94.2,93.5,94.7,96.6,97.0,97.8,99.5,101.0,101.5,100.7,99.1,97.5,81.6,80.0,78.9,79.1,80.5,82.2,83.2,83.4,84.2,83.3,82.9,83.0,84.1,86.4,88.1,86.6,84.3,82.8,82.7,83.6,82.8,82.9,82.5,81.6,81.0,80.8,81.3,82.1,26.9,106.9,172.9,-0.612,0.599,-0.656,550.5,569.0,608.4,673.6,768.8,836.3,848.7,884.9,928.5,1015.0,1124.5,1214.4,1273.6,1243.6,1185.5,1128.6,1080.3,445.8,464.7,492.1,502.0,474.9,651.9,709.6,756.3,833.3,930.5,630.2,658.0,677.5,698.0,669.5,721.9,759.5,785.7,809.6,590.2,603.5,633.2,665.1,643.3,616.5,763.4,786.9,837.5,893.9,867.2,820.3,785.2,764.0,745.3,760.8,768.9,845.6,912.4,871.2,842.7,831.7,811.7,800.8,785.8,775.1,791.1,799.2,893.1,805.5,792.6,777.9,1259.9,1331.0,1393.1,1429.2,1453.8,1436.0,1336.9,1257.0,1188.4,1131.8,1090.5,1017.0,917.8,793.2,688.0,559.0,434.8,1050.0,985.2,942.5,899.2,833.6,452.6,370.8,310.4,288.2,295.1,775.0,820.7,868.4,918.4,994.0,989.8,970.6,944.3,921.8,1100.8,1030.6,968.1,937.9,1000.1,1052.7,650.5,584.2,522.8,489.7,546.4,606.1,1178.7,1091.6,1027.9,1006.8,969.4,947.1,925.9,986.6,1049.5,1087.9,1118.3,1147.8,1149.5,1072.7,1043.1,1015.0,939.2,1018.2,1047.1,1079.4,0.00,0.00,0.00,0.00,0.00,0.00,0.00,0.00,0.00,0.00,0.00,0.00,0.00,0.00,0.00,0.00,0.00,0.00,0.00,0.00,0.00,0.00,0.00,0.00,0.00,0.00,0.00,0.00,0.00,0.00,0.00,0.00,0.00,0.00,0.00
180,0,5.967,0.03,0,0.000000,0.000000,0.000000,0.000000,0.000000,0.000000,0.000,0.000,649.1,624.5,634.8,673.9,718.9,747.8,733.2,694.1,594.6,590.4,595.5,607.5,628.3,648.9,671.3,667.8,652.0,635.2,622.6,609.2,689.4,706.5,711.0,700.2,680.5,663.4,658.9,669.7,742.7,724.0,743.0,788.5,833.9,852.6,833.6,787.4,741.9,761.5,785.9,813.8,841.0,859.4,871.6,877.9,870.0,845.5,808.8,772.0,786.6,808.4,817.4,808.2,786.3,764.5,755.5,764.7,1004.6,981.0,948.6,926.3,927.2,951.9,983.3,1005.5,1110.6,1071.2,1037.8,1002.4,967.0,944.2,932.0,961.4,994.6,1031.6,1062.5,1089.8,989.5,979.7,965.5,955.2,954.8,964.6,978.8,989.1,639.3,597.1,551.1,528.3,542.0,584.1,630.1,656.3,652.3,626.2,589.9,552.5,517.8,487.5,470.6,501.9,542.3,584.0,620.5,647.2,618.0,606.9,584.6,564.2,557.7,568.8,591.1,611.5,1.0,-1.7,-0.6,4.0,9.3,12.2,10.2,5.8,-5.1,-5.5,-4.9,-3.5,-1.3,1.0,3.6,3.1,1.3,-0.5,-1.9,-3.4,5.5,7.4,8.1,7.0,4.7,2.7,2.1,3.3,9.6,7.7,9.3,13.4,17.8,20.0,18.4,14.0,9.8,11.6,13.8,16.5,19.3,21.7,23.3,23.5,22.2,19.4,16.0,12.6,13.9,16.0,16.7,15.7,13.5,11.5,10.7,11.7,69.7,69.6,68.6,67.2,66.5,67.2,67.9,69.0,84.9,79.0,74.3,70.2,67.0,65.6,65.3,66.4,68.3,71.8,76.1,80.5,69.8,69.3,68.8,68.7,69.0,69.6,70.0,70.1,26.1,21.7,17.2,15.2,16.7,21.0,25.7,28.2,28.1,25.3,21.8,18.3,15.2,12.6,11.1,14.0,17.6,21.2,24.6,27.4,24.4,23.4,21.2,19.1,18.3,19.3,21.5,23.6,94.6,98.1,101.9,103.8,102.6,99.4,95.3,93.5,99.0,97.2,95.9,95.6,96.6,98.2,99.8,96.6,94.2,93.5,94.7,96.6,97.0,97.8,99.5,101.0,101.5,100.7,99.1,97.5,81.6,80.0,78.9,79.1,80.5,82.2,83.2,83.4,84.2,83.3,82.9,83.0,84.1,86.4,88.1,86.6,84.3,82.8,82.7,83.6,82.8,82.9,82.5,81.6,81.0,80.8,81.3,82.1,26.9,106.9,172.9,-0.612,0.599,-0.656,550.5,569.0,608.4,673.6,768.8,836.3,848.7,884.9,928.5,1015.0,1124.5,1214.4,1273.6,1243.6,1185.5,1128.6,1080.3,445.8,464.7,492.1,502.0,474.9,651.9,709.6,756.3,833.3,930.5,630.2,658.0,677.5,698.0,669.5,721.9,759.5,785.7,809.6,590.2,603.5,633.2,665.1,643.3,616.5,763.4,786.9,837.5,893.9,867.2,820.3,785.2,764.0,745.3,760.8,768.9,845.6,912.4,871.2,842.7,831.7,811.7,800.8,785.8,775.1,791.1,799.2,893.1,805.5,792.6,777.9,1259.9,1331.0,1393.1,1429.2,1453.8,1436.0,1336.9,1257.0,1188.4,1131.8,1090.5,1017.0,917.8,793.2,688.0,559.0,434.8,1050.0,985.2,942.5,899.2,833.6,452.6,370.8,310.4,288.2,295.1,775.0,820.7,868.4,918.4,994.0,989.8,970.6,944.3,921.8,1100.8,1030.6,968.1,937.9,1000.1,1052.7,650.5,584.2,522.8,489.7,546.4,606.1,1178.7,1091.6,1027.9,1006.8,969.4,947.1,925.9,986.6,1049.5,1087.9,1118.3,1147.8,1149.5,1072.7,1043.1,1015.0,939.2,1018.2,1047.1,1079.4,0.00,0.00,0.00,0.00,0.00,0.00,0.00,0.00,0.00,0.00,0.00,0.00,0.00,0.00,0.00,0.00,0.00,0.00,0.00,0.00,0.00,0.00,0.00,0.00,0.00,0.00,0.00,0.00,0.00,0.00,0.00,0.00,0.00,0.00,0.00
181,0,6.000,0.03,0,0.000000,0.000000,0.000000,0.000000,0.000000,0.000000,0.000,0.000,649.1,624.5,634.8,673.9,718.9,747.8,733.2,694.1,594.6,590.4,595.5,607.5,628.3,648.9,671.3,667.8,652.0,635.2,622.6,609.2,689.4,706.5,711.0,700.2,680.5,663.4,658.9,669.7,742.7,724.0,743.0,788.5,833.9,852.6,833.6,787.4,741.9,761.5,785.9,813.8,841.0,859.4,871.6,877.9,870.0,845.5,808.8,772.0,786.6,808.4,817.4,808.2,786.3,764.5,755.5,764.7,1004.6,981.0,948.6,926.3,927.2,951.9,983.3,1005.5,1110.6,1071.2,1037.8,1002.4,967.0,944.2,932.0,961.4,994.6,1031.6,1062.5,1089.8,989.5,979.7,965.5,955.2,954.8,964.6,978.8,989.1,639.3,597.1,551.1,528.3,542.0,584.1,630.1,656.3,652.3,626.2,589.9,552.5,517.8,487.5,470.6,501.9,542.3,584.0,620.5,647.2,618.0,606.9,584.6,564.2,557.7,568.8,591.1,611.5,1.0,-1.7,-0.6,4.0,9.3,12.2,10.2,5.8,-5.1,-5.5,-4.9,-3.5,-1.3,1.0,3.6,3.1,1.3,-0.5,-1.9,-3.4,5.5,7.4,8.1,7.0,4.7,2.7,2.1,3.3,9.6,7.7,9.3,13.4,17.8,20.0,18.4,14.0,9.8,11.6,13.8,16.5,19.3,21.7,23.3,23.5,22.2,19.4,16.0,12.6,13.9,16.0,16.7,15.7,13.5,11.5,10.7,11.7,69.7,69.6,68.6,67.2,66.5,67.2,67.9,69.0,84.9,79.0,74.3,70.2,67.0,65.6,65.3,66.4,68.3,71.8,76.1,80.5,69.8,69.3,68.8,68.7,69.0,69.6,70.0,70.1,26.1,21.7,17.2,15.2,16.7,21.0,25.7,28.2,28.1,25.3,21.8,18.3,15.2,12.6,11.1,14.0,17.6,21.2,24.6,27.4,24.4,23.4,21.2,19.1,18.3,19.3,21.5,23.6,94.6,98.1,101.9,103.8,102.6,99.4,95.3,93.5,99.0,97.2,95.9,95.6,96.6,98.2,99.8,96.6,94.2,93.5,94.7,96.6,97.0,97.8,99.5,101.0,101.5,100.7,99.1,97.5,81.6,80.0,78.9,79.1,80.5,82.2,83.2,83.4,84.2,83.3,82.9,83.0,84.1,86.4,88.1,86.6,84.3,82.8,82.7,83.6,82.8,82.9,82.5,81.6,81.0,80.8,81.3,82.1,26.9,106.9,172.9,-0.612,0.599,-0.656,550.5,569.0,608.4,673.6,768.8,836.3,848.7,884.9,928.5,1015.0,1124.5,1214.4,1273.6,1243.6,1185.5,1128.6,1080.3,445.8,464.7,492.1,502.0,474.9,651.9,709.6,756.3,833.3,930.5,630.2,658.0,677.5,698.0,669.5,721.9,759.5,785.7,809.6,590.2,603.5,633.2,665.1,643.3,616.5,763.4,786.9,837.5,893.9,867.2,820.3,785.2,764.0,745.3,760.8,768.9,845.6,912.4,871.2,842.7,831.7,811.7,800.8,785.8,775.1,791.1,799.2,893.1,805.5,792.6,777.9,1259.9,1331.0,1393.1,1429.2,1453.8,1436.0,1336.9,1257.0,1188.4,1131.8,1090.5,1017.0,917.8,793.2,688.0,559.0,434.8,1050.0,985.2,942.5,899.2,833.6,452.6,370.8,310.4,288.2,295.1,775.0,820.7,868.4,918.4,994.0,989.8,970.6,944.3,921.8,1100.8,1030.6,968.1,937.9,1000.1,1052.7,650.5,584.2,522.8,489.7,546.4,606.1,1178.7,1091.6,1027.9,1006.8,969.4,947.1,925.9,986.6,1049.5,1087.9,1118.3,1147.8,1149.5,1072.7,1043.1,1015.0,939.2,1018.2,1047.1,1079.4,0.83,0.00,0.87,0.00,0.22,0.02,0.00,0.17,0.00,0.00,0.26,0.66,0.17,0.00,0.00,0.87,0.00,0.00,0.00,0.00,0.00,0.00,0.00,0.00,0.00,0.00,0.00,0.00,0.00,0.00,0.00,0.00,0.00,0.00,0.00
182,0,6.033,0.88,1,-0.121361,-0.041360,-0.991746,-0.274238,-0.058038,-0.959909,-0.200,-0.051,688.4,690.7,700.4,711.8,718.2,717.1,706.3,694.9,676.8,682.8,690.1,698.6,709.0,720.7,731.2,724.2,713.3,702.7,692.1,683.3,700.5,705.3,709.5,710.4,707.7,702.8,698.7,697.8,831.2,832.5,841.6,853.1,860.3,859.0,850.0,837.9,821.5,825.6,832.6,843.5,855.7,866.1,874.7,868.1,859.5,849.5,838.9,829.3,842.3,847.7,852.0,852.6,849.2,843.8,839.5,838.9,544.1,532.3,524.6,525.4,534.4,546.9,553.9,553.1,549.6,543.6,537.9,534.3,532.6,532.6,533.3,540.3,544.3,548.0,550.8,551.9,546.0,546.3,543.0,538.0,534.2,533.9,537.2,542.2,503.4,491.7,484.6,486.1,495.4,507.1,514.3,513.6,508.7,501.2,495.3,490.9,489.5,490.1,493.2,499.0,503.5,507.0,509.2,510.1,505.5,506.2,502.8,497.3,492.9,492.2,495.6,501.1,18.5,19.5,23.2,27.4,29.7,29.1,25.0,20.8,14.3,16.5,19.1,22.3,26.1,30.6,34.7,31.8,27.6,23.6,19.8,16.6,23.1,24.8,26.4,26.8,25.8,24.1,22.5,22.1,76.2,76.6,80.1,84.7,87.7,87.4,83.9,79.1,72.9,74.0,76.3,80.4,85.5,90.2,94.5,91.2,87.3,83.1,79.0,75.6,80.9,83.1,84.7,84.9,83.5,81.3,79.6,79.5,70.4,66.2,63.1,63.1,66.1,70.6,73.2,73.3,73.7,70.7,67.9,66.1,65.4,65.4,65.9,68.1,69.4,70.9,72.3,73.6,70.9,70.8,69.6,67.8,66.5,66.6,67.8,69.6,57.2,52.4,49.5,50.1,53.9,58.7,61.6,61.4,59.7,56.3,53.6,51.7,51.3,51.9,53.6,55.6,57.1,58.3,59.3,59.9,58.2,58.5,57.1,54.8,53.0,52.7,54.1,56.4,334.5,336.0,335.7,334.0,331.7,330.3,330.5,332.2,340.4,336.9,334.0,332.1,331.4,331.6,332.6,330.5,329.4,329.8,331.8,335.6,333.5,332.7,332.6,333.2,334.2,335.0,335.1,334.4,348.9,348.2,347.8,347.9,348.5,349.1,349.5,349.7,351.2,348.8,346.7,345.6,346.7,349.1,352.3,349.8,348.0,347.2,347.7,349.4,349.9,349.9,349.7,349.4,349.2,349.1,349.3,349.6,66.6,111.8,391.8,-0.200,0.289,-0.128,646.3,648.2,655.8,668.4,684.4,707.4,735.7,768.1,807.2,848.4,883.7,917.5,948.1,967.7,974.3,973.4,969.6,653.9,670.5,694.3,720.0,743.1,788.7,824.2,858.9,893.8,921.0,764.9,767.2,768.9,770.7,747.4,762.7,779.9,799.2,816.3,676.9,690.5,709.3,728.9,711.7,693.3,819.9,835.1,855.0,875.0,859.0,839.6,740.0,753.9,771.0,787.2,806.3,835.4,863.9,840.7,815.3,794.5,776.8,758.7,749.7,772.9,789.6,809.5,855.6,808.6,788.9,772.3,557.2,590.2,625.6,659.7,695.5,728.3,756.1,778.1,781.3,770.7,746.3,714.8,679.7,640.5,598.1,552.8,506.6,531.0,515.8,508.5,504.4,503.5,484.7,467.4,458.2,463.8,480.0,520.3,545.8,571.8,598.7,626.6,629.7,630.7,623.9,616.6,549.0,535.3,530.0,536.5,542.8,548.8,512.0,494.5,490.8,496.6,505.0,509.0,700.6,683.5,672.1,673.1,665.5,668.6,676.2,691.7,701.9,706.9,707.8,705.3,699.0,687.3,685.6,680.9,678.0,681.1,686.2,687.0,1.69,0.00,1.73,0.00,0.35,0.31,0.00,0.33,0.00,0.00,0.44,1.39,0.41,0.00,0.00,1.72,0.00,1.00,0.00,1.00,0.00,0.00,0.00,0.00,0.00,0.00,0.00,1.00,1.00,1.00,0.00,1.00,1.00,0.00,1.00
183,0,6.067,0.98,1,-0.103309,-0.062330,-0.992694,-0.285663,-0.050974,-0.956973,-0.197,-0.058,687.0,688.3,697.3,708.7,715.8,715.4,705.5,694.1,676.0,681.4,688.7,697.0,706.9,716.8,725.0,719.0,710.5,701.2,691.4,682.8,698.4,703.5,707.5,708.1,704.9,699.8,695.8,695.2,830.1,831.2,840.2,851.8,859.2,858.1,849.1,837.0,821.8,825.2,831.9,842.6,854.8,865.7,874.4,867.5,858.4,848.1,837.7,828.8,841.7,846.7,850.6,851.1,847.9,842.9,839.0,838.5,544.5,533.1,525.8,526.8,535.5,547.5,554.2,553.2,549.7,544.7,539.7,536.4,534.8,535.8,539.1,543.0,545.9,548.5,550.5,551.2,546.5,546.9,543.7,538.6,534.7,534.2,537.5,542.6,501.4,490.0,483.1,484.7,493.9,505.3,512.2,511.3,507.6,500.8,495.4,491.3,489.5,489.0,490.8,496.7,501.8,505.7,507.8,508.6,502.7,503.4,500.4,495.5,491.5,490.8,493.8,498.7,20.1,20.8,24.6,29.5,32.4,32.2,27.9,23.1,15.6,17.8,20.8,24.3,28.5,32.8,36.4,33.7,30.0,26.0,21.9,18.4,25.0,27.2,28.9,29.2,27.9,25.7,24.0,23.7,75.9,76.1,79.4,84.0,87.2,87.1,83.7,79.0,73.3,74.0,76.1,80.0,85.0,89.8,94.0,90.8,86.8,82.7,78.8,75.7,80.8,82.8,84.2,84.2,82.9,80.9,79.5,79.4,79.0,74.4,71.3,71.6,75.0,79.9,82.7,82.5,82.1,79.4,76.8,75.2,74.5,75.0,76.7,78.1,79.0,80.0,81.2,82.1,79.9,80.0,78.6,76.6,75.0,74.9,76.3,78.3,56.5,51.7,48.8,49.5,53.2,58.0,61.0,60.7,59.5,56.3,53.7,51.9,51.2,51.3,52.5,54.6,56.4,57.9,58.9,59.6,57.1,57.4,56.1,54.1,52.4,52.2,53.4,55.5,374.8,376.0,376.3,375.5,374.1,373.1,372.6,373.4,378.4,376.2,373.8,372.8,372.9,373.6,374.7,373.2,371.9,371.5,372.9,375.6,374.8,374.5,374.6,375.2,375.8,376.1,376.0,375.5,349.6,348.2,347.1,346.9,347.9,349.3,350.4,351.0,352.6,349.7,347.1,345.5,346.0,348.2,350.9,349.2,347.8,347.6,348.6,350.7,350.3,350.3,349.8,349.2,348.8,348.8,349.3,349.9,66.4,111.8,389.8,-0.189,0.295,-0.157,646.9,648.6,656.2,668.9,684.1,705.8,734.1,768.5,809.7,853.3,889.5,924.2,953.7,970.8,976.2,974.4,969.5,651.7,666.0,688.9,714.9,739.0,787.0,821.6,855.3,889.4,915.8,762.4,764.8,766.7,768.6,747.9,763.5,780.5,799.4,816.4,675.0,688.0,706.4,726.2,709.6,691.8,819.7,834.2,854.2,873.9,857.9,838.6,745.1,755.3,771.8,788.1,805.9,836.2,864.7,844.5,819.9,800.0,782.3,763.2,755.7,776.3,792.7,811.8,855.7,810.3,791.5,775.2,565.9,595.1,626.8,657.6,692.9,726.5,756.3,780.8,784.8,771.0,740.6,704.4,668.0,629.5,589.6,547.8,506.2,530.9,516.9,509.6,506.8,507.5,488.6,468.7,456.5,459.2,472.5,523.9,547.6,572.0,597.4,629.0,631.3,631.4,624.7,617.1,550.6,538.1,532.4,537.8,544.4,550.4,510.6,494.4,490.5,494.6,503.5,507.7,710.2,688.4,673.8,675.0,666.5,671.1,682.8,698.9,710.2,715.6,717.2,715.3,707.5,694.9,692.2,687.9,684.3,683.6,688.7,690.2,2.47,0.00,2.63,0.00,0.51,0.60,0.00,0.60,0.00,0.00,0.69,2.14,0.57,0.00,0.00,2.59,0.00,1.00,0.00,1.00,0.00,0.00,0.00,0.00,0.00,0.00,0.00,1.00,1.00,1.00,0.00,1.00,1.00,0.00,1.00
184,0,6.100,0.88,1,-0.097865,-0.040493,-0.994376,-0.285466,-0.035136,-0.957745,-0.194,-0.039,687.3,688.2,696.5,707.4,714.5,714.5,705.3,694.4,675.7,681.0,688.6,697.1,706.7,715.6,722.8,717.6,710.0,701.1,691.6,682.8,697.8,702.9,706.8,707.2,703.9,698.8,695.0,694.5,829.9,831.3,840.4,851.9,859.0,857.6,848.5,836.6,821.6,825.1,831.8,842.5,854.6,865.5,874.0,867.3,858.1,847.8,837.4,828.6,841.5,846.3,850.1,850.7,847.7,842.9,839.1,838.5,544.6,533.6,526.5,527.5,536.0,547.6,554.2,553.1,549.5,544.7,540.1,536.6,534.9,535.7,538.9,542.8,546.0,548.8,550.7,551.0,546.5,547.0,543.7,538.6,534.6,534.1,537.4,542.5,500.5,489.4,482.8,484.6,493.8,504.9,511.5,510.4,507.4,500.7,495.4,491.4,489.5,488.8,490.5,496.5,501.6,505.3,507.5,508.3,501.9,502.6,499.9,495.2,491.3,490.5,493.3,498.0,21.2,21.6,25.4,30.3,33.4,33.4,29.2,24.3,16.1,18.4,21.7,25.5,29.8,33.9,37.3,34.8,31.3,27.3,23.1,19.2,25.9,28.2,30.0,30.2,28.7,26.4,24.7,24.5,76.3,76.5,79.9,84.4,87.5,87.4,84.0,79.3,73.6,74.4,76.5,80.4,85.3,90.3,94.4,91.2,87.2,83.0,79.1,76.0,81.1,83.0,84.4,84.5,83.2,81.3,79.9,79.8,82.7,77.8,74.7,75.2,79.0,84.1,86.9,86.4,85.6,82.9,80.4,78.8,78.1,78.8,80.6,82.0,83.1,84.2,85.2,85.8,83.7,83.9,82.5,80.2,78.5,78.3,79.7,81.9,56.4,51.7,48.9,49.7,53.5,58.2,61.0,60.6,59.8,56.6,54.0,52.1,51.5,51.6,52.6,54.8,56.6,58.1,59.1,59.8,57.1,57.4,56.2,54.2,52.6,52.3,53.5,55.5,391.8,392.2,392.6,392.7,392.5,392.4,391.7,391.6,395.0,392.9,390.8,390.1,390.8,392.2,394.1,392.4,390.8,390.1,390.9,393.0,392.7,392.8,393.0,393.2,393.3,393.2,393.0,392.8,351.4,349.8,348.7,348.7,349.8,351.3,352.4,352.8,354.7,351.6,349.0,347.3,347.9,350.2,353.0,351.3,349.9,349.6,350.7,352.8,352.2,352.1,351.7,351.0,350.6,350.6,351.1,351.7,66.3,111.5,388.1,-0.164,0.298,-0.179,647.9,649.6,656.8,669.0,683.2,703.8,733.0,769.2,813.0,859.2,896.3,931.2,958.9,973.2,977.1,974.7,969.3,650.8,663.5,685.3,711.3,736.1,788.1,822.1,854.9,887.6,912.1,762.0,764.1,765.8,767.5,749.2,764.7,781.3,799.3,815.5,674.7,687.3,705.4,725.5,709.2,691.7,820.0,833.9,854.0,873.5,857.4,838.2,747.6,754.9,771.6,788.5,806.1,837.3,865.2,848.4,824.7,804.6,786.2,765.6,758.5,778.1,794.8,813.9,855.9,813.1,794.2,777.5,571.4,597.8,626.6,655.1,689.8,724.2,755.6,782.6,787.1,769.8,733.3,692.9,655.2,618.1,581.8,544.7,507.9,530.1,517.5,509.8,507.3,508.6,489.7,469.4,456.5,458.6,470.0,526.5,549.2,572.4,596.7,630.2,631.9,631.5,625.1,617.7,550.6,538.5,532.8,538.0,544.4,550.2,509.9,494.6,490.6,494.1,503.1,507.2,713.7,689.7,673.5,674.7,665.6,670.5,684.7,703.9,718.1,724.4,726.4,723.1,710.5,697.7,694.5,690.1,686.2,687.9,693.6,695.4,2.46,0.00,2.70,0.00,0.42,0.95,0.00,0.71,0.00,0.00,0.49,2.25,0.51,0.00,0.00,2.50,0.00,1.00,0.00,1.00,0.00,0.00,0.00,0.00,0.00,0.00,0.00,1.00,1.00,1.00,0.00,1.00,1.00,0.00,1.00
185,0,6.133,0.88,1,-0.088963,-0.029601,-0.995595,-0.282110,-0.018850,-0.959197,-0.188,-0.025,687.3,688.2,696.4,707.0,713.9,713.9,704.9,694.2,675.6,680.9,688.4,696.9,706.3,714.9,721.8,716.8,709.4,700.8,691.4,682.7,697.5,702.5,706.4,706.8,703.5,698.5,694.6,694.2,829.9,831.4,840.4,851.7,858.7,857.3,848.3,836.5,821.6,825.1,831.8,842.4,854.5,865.4,873.8,867.0,857.8,847.5,837.2,828.4,841.4,846.1,849.9,850.5,847.5,842.8,839.0,838.5,544.5,533.7,526.8,527.9,536.2,547.5,553.9,552.9,549.6,544.7,540.3,536.8,535.0,535.7,538.8,542.8,546.0,548.9,550.7,551.1,546.5,547.0,543.7,538.6,534.6,534.1,537.4,542.5,500.3,489.2,482.7,484.6,493.7,504.8,511.3,510.1,507.3,500.7,495.4,491.3,489.5,488.8,490.4,496.3,501.4,505.1,507.2,508.1,501.6,502.4,499.7,495.1,491.2,490.5,493.2,497.8,21.5,22.0,25.7,30.6,33.8,33.7,29.5,24.7,16.4,18.7,22.0,25.8,30.1,34.2,37.5,35.1,31.6,27.6,23.4,19.5,26.2,28.5,30.3,30.5,29.0,26.7,24.9,24.7,76.8,77.1,80.4,85.0,88.1,87.9,84.5,79.8,74.2,74.9,77.0,80.9,85.9,90.8,95.0,91.8,87.7,83.5,79.6,76.5,81.6,83.5,85.0,85.0,83.8,81.8,80.4,80.3,84.0,79.2,76.1,76.6,80.4,85.6,88.3,87.8,87.0,84.3,81.9,80.2,79.5,80.2,82.0,83.4,84.5,85.7,86.7,87.2,85.1,85.4,83.9,81.6,79.8,79.6,81.0,83.3,56.7,52.0,49.3,50.0,53.8,58.5,61.4,60.9,60.1,57.0,54.4,52.5,51.9,51.9,53.0,55.1,56.9,58.4,59.4,60.1,57.4,57.7,56.5,54.6,53.0,52.6,53.8,55.8,398.3,398.7,399.1,399.5,399.4,399.3,398.6,398.2,401.5,399.4,397.4,396.8,397.7,399.2,401.1,399.4,397.7,396.9,397.6,399.5,399.4,399.6,399.8,400.0,400.0,399.9,399.6,399.5,353.9,352.4,351.3,351.2,352.3,353.8,354.9,355.3,357.3,354.2,351.5,349.8,350.5,352.7,355.6,353.8,352.4,352.2,353.3,355.4,354.7,354.6,354.2,353.6,353.1,353.1,353.6,354.2,66.3,111.0,385.9,-0.137,0.296,-0.199,647.7,649.9,657.0,669.0,682.8,703.1,733.7,771.7,818.0,866.3,903.6,937.3,962.5,974.2,977.0,974.7,969.3,650.3,662.2,683.4,709.3,734.7,788.4,821.5,853.5,884.9,908.1,762.1,763.9,765.4,766.7,749.8,765.5,781.9,799.4,815.2,674.6,686.8,704.7,724.8,708.8,691.6,820.2,833.9,853.7,873.3,857.0,838.0,750.1,755.4,772.4,789.4,806.8,838.5,866.1,852.0,829.1,809.2,790.6,768.6,760.9,780.0,796.5,815.5,856.9,816.9,798.2,781.4,573.2,599.0,626.6,654.2,689.1,724.0,755.8,783.3,787.4,767.4,727.6,685.1,646.8,610.8,577.2,543.0,509.2,529.8,517.7,509.6,507.1,508.8,489.9,469.8,456.7,458.0,467.9,527.9,550.1,572.7,596.4,630.6,631.9,631.3,625.0,617.4,550.7,538.7,533.1,538.3,544.4,549.9,509.7,494.6,490.6,494.0,502.8,506.9,715.6,690.6,673.9,675.0,665.6,670.2,685.4,707.4,724.0,730.9,733.3,729.0,712.0,698.0,694.4,690.0,687.0,694.0,700.2,702.3,2.38,0.00,2.75,0.00,0.43,0.94,0.00,0.84,0.00,0.00,0.33,2.14,0.39,0.00,0.00,2.40,0.00,1.00,0.00,1.00,0.00,0.00,0.00,0.00,0.00,0.00,0.00,1.00,1.00,1.00,0.00,1.00,1.00,0.00,1.00
186,0,6.167,0.88,1,-0.094538,-0.024274,-0.995225,-0.280895,-0.008881,-0.959697,-0.190,-0.017,687.1,688.0,696.0,706.6,713.5,713.4,704.6,694.0,675.5,680.9,688.4,696.9,706.2,714.7,721.4,716.6,709.4,700.8,691.5,682.7,697.1,702.2,706.0,706.4,703.2,698.1,694.3,693.9,829.9,831.3,840.3,851.6,858.7,857.3,848.3,836.5,821.7,825.1,831.7,842.4,854.5,865.4,873.8,867.0,857.8,847.5,837.2,828.5,841.4,846.1,849.9,850.4,847.5,842.8,839.0,838.4,544.7,534.0,527.1,528.1,536.3,547.5,553.9,552.9,549.6,544.8,540.3,536.7,535.0,535.8,538.8,542.8,546.0,548.9,550.8,551.1,546.6,547.1,543.8,538.7,534.8,534.3,537.6,542.7,500.3,489.3,482.8,484.6,493.7,504.7,511.2,510.1,507.3,500.7,495.4,491.4,489.4,488.7,490.3,496.2,501.2,504.9,507.1,508.0,501.6,502.3,499.6,495.0,491.2,490.5,493.2,497.8,21.6,22.0,25.7,30.6,33.7,33.7,29.6,24.7,16.4,18.8,22.1,25.9,30.3,34.3,37.6,35.2,31.7,27.7,23.5,19.6,26.2,28.6,30.3,30.5,29.0,26.7,24.9,24.7,76.8,77.1,80.4,85.0,88.1,87.9,84.5,79.8,74.2,75.0,77.1,80.9,85.9,90.9,95.0,91.8,87.8,83.5,79.7,76.6,81.7,83.6,85.0,85.1,83.8,81.9,80.4,80.4,84.5,79.7,76.6,77.2,81.0,86.1,88.9,88.3,87.5,84.8,82.3,80.6,80.0,80.7,82.5,84.0,85.1,86.2,87.2,87.7,85.7,85.9,84.5,82.2,80.4,80.1,81.5,83.9,56.8,52.1,49.3,50.0,53.8,58.5,61.4,61.0,60.2,57.0,54.4,52.5,51.9,51.9,53.0,55.1,56.9,58.3,59.4,60.1,57.4,57.7,56.5,54.6,53.0,52.7,53.8,55.8,400.5,400.8,401.4,401.8,401.8,401.7,400.9,400.5,403.6,401.6,399.6,399.1,400.1,401.7,403.7,401.9,400.2,399.2,399.9,401.7,401.7,401.9,402.1,402.3,402.3,402.1,401.9,401.7,354.0,352.5,351.3,351.3,352.4,353.9,355.0,355.5,357.4,354.3,351.6,349.9,350.6,352.8,355.7,353.9,352.5,352.3,353.4,355.5,354.8,354.8,354.3,353.7,353.2,353.2,353.7,354.3,66.4,110.7,384.4,-0.120,0.297,-0.213,647.5,650.1,657.3,669.3,683.1,703.9,736.6,776.5,824.4,873.3,909.6,941.2,964.2,974.3,976.7,974.6,969.4,650.2,662.0,682.8,708.7,734.3,788.2,821.1,852.9,883.9,906.8,762.2,763.7,765.1,766.3,749.9,765.6,782.1,799.4,814.8,674.7,686.7,704.4,724.6,708.7,691.7,820.2,834.0,853.7,873.3,856.9,838.0,751.8,755.6,772.4,789.5,806.7,838.5,865.9,853.6,831.4,811.7,793.0,770.4,762.2,780.2,796.6,815.4,856.8,819.4,800.8,783.9,574.8,600.5,627.3,654.7,689.5,724.9,756.6,783.1,786.0,763.7,722.9,680.7,642.8,608.1,576.0,543.0,510.3,530.1,517.8,509.4,506.9,508.8,489.7,469.8,456.7,457.8,467.1,528.4,550.6,573.1,596.8,630.3,631.5,630.9,624.6,616.8,550.9,538.7,533.1,538.6,544.5,549.9,509.8,494.5,490.4,493.9,502.6,506.8,716.1,690.6,673.9,674.7,665.3,669.7,685.7,709.4,727.1,734.4,737.0,732.2,712.1,696.3,692.6,688.1,687.2,698.7,705.3,707.6,2.35,0.00,2.77,0.00,0.47,0.97,0.00,0.88,0.00,0.00,0.09,2.04,0.32,0.00,0.00,2.23,0.00,1.00,0.00,1.00,0.00,0.00,0.00,0.00,0.00,0.00,0.00,1.00,1.00,1.00,0.00,1.00,1.00,0.00,1.00
187,0,6.200,0.88,1,-0.095343,-0.023449,-0.995168,-0.276459,-0.003753,-0.961018,-0.188,-0.014,687.0,687.9,696.0,706.5,713.4,713.3,704.4,693.8,675.5,680.9,688.4,696.8,706.1,714.6,721.3,716.5,709.2,700.6,691.3,682.6,697.0,702.1,705.9,706.3,703.1,698.1,694.2,693.8,829.9,831.2,840.1,851.6,858.8,857.5,848.6,836.7,821.6,825.0,831.7,842.3,854.4,865.3,873.8,867.0,857.8,847.5,837.3,828.5,841.4,846.2,850.0,850.5,847.5,842.7,839.0,838.4,544.6,533.9,527.1,528.2,536.4,547.6,553.8,552.8,549.7,544.7,540.2,536.7,535.0,535.9,538.9,542.9,546.0,548.9,550.7,551.1,546.6,547.1,543.9,538.8,534.9,534.4,537.6,542.7,500.6,489.5,482.8,484.5,493.6,504.7,511.3,510.3,507.4,500.7,495.5,491.4,489.5,488.7,490.3,496.1,501.2,505.0,507.2,508.1,501.7,502.5,499.7,495.0,491.2,490.5,493.3,497.9,21.6,22.0,25.8,30.6,33.8,33.7,29.6,24.7,16.4,18.8,22.2,26.0,30.3,34.3,37.6,35.2,31.7,27.7,23.5,19.6,26.2,28.6,30.4,30.6,29.1,26.8,25.0,24.8,76.7,76.8,80.2,84.7,87.9,87.8,84.4,79.7,74.0,74.8,76.8,80.7,85.7,90.6,94.8,91.6,87.6,83.4,79.5,76.4,81.5,83.4,84.8,84.9,83.6,81.6,80.2,80.2,84.7,79.9,76.9,77.5,81.2,86.3,89.0,88.4,87.7,85.0,82.5,80.8,80.3,80.9,82.7,84.2,85.3,86.4,87.4,88.0,85.9,86.1,84.7,82.4,80.6,80.4,81.8,84.1,56.8,52.0,49.2,49.9,53.7,58.4,61.3,60.9,60.1,56.9,54.3,52.4,51.7,51.8,52.8,54.9,56.8,58.2,59.3,60.0,57.3,57.6,56.4,54.4,52.8,52.6,53.8,55.7,401.6,402.1,402.8,403.0,402.8,402.6,401.7,401.4,404.7,402.7,400.8,400.3,401.2,402.8,404.7,402.9,401.1,400.1,400.8,402.7,402.7,402.8,403.1,403.4,403.5,403.3,403.1,402.8,353.2,351.7,350.5,350.5,351.6,353.2,354.3,354.7,356.6,353.5,350.8,349.1,349.7,352.0,354.8,353.0,351.7,351.4,352.5,354.6,354.0,354.0,353.5,352.9,352.4,352.4,352.9,353.6,66.4,110.6,383.8,-0.108,0.300,-0.221,647.2,650.2,657.7,670.1,684.4,706.1,740.0,780.9,829.0,877.3,912.1,942.2,964.1,973.9,976.4,974.6,969.6,650.3,661.8,682.6,708.4,733.9,788.1,820.9,852.7,883.8,906.8,762.1,763.7,765.0,766.3,749.6,765.4,782.0,799.4,814.6,674.6,686.7,704.3,724.4,708.5,691.7,820.0,834.0,853.7,873.3,856.9,838.0,752.3,754.8,771.6,788.8,806.4,838.3,865.6,854.5,832.6,812.7,793.7,770.7,762.4,779.2,795.8,814.8,856.7,820.9,802.1,784.9,575.1,601.1,627.7,655.1,690.1,725.6,757.5,783.5,785.7,762.5,721.7,680.0,642.4,608.1,576.2,542.9,510.0,530.8,518.0,509.5,506.9,508.9,489.7,469.9,456.7,457.7,466.9,528.7,551.0,573.6,597.4,629.7,631.0,630.5,624.2,616.2,551.0,538.6,533.1,538.8,544.5,549.8,510.1,494.5,490.3,493.9,502.5,506.9,715.6,689.7,673.2,673.9,664.6,669.0,685.7,710.9,729.3,736.8,739.4,733.7,711.4,694.3,690.7,686.1,687.0,702.1,709.0,711.3,1.53,0.00,1.83,0.00,0.33,0.60,0.00,0.61,0.00,0.00,0.03,1.28,0.22,0.00,0.00,1.45,0.00,1.00,0.00,1.00,0.00,0.00,0.00,0.00,0.00,0.00,0.00,1.00,1.00,1.00,0.00,1.00,1.00,0.00,1.00
188,0,6.233,0.03,0,0.000000,0.000000,0.000000,0.000000,0.000000,0.000000,0.000,0.000,680.9,682.9,692.6,704.5,711.5,710.9,699.8,688.0,674.1,678.5,685.9,696.5,709.7,722.4,733.4,724.3,712.9,701.5,690.2,681.0,694.0,699.1,703.3,704.1,701.1,696.0,691.8,691.0,829.1,830.0,839.0,850.8,858.5,857.6,848.6,836.2,823.9,830.4,839.3,849.5,858.9,866.5,871.8,870.1,864.2,855.5,844.9,833.4,840.7,845.2,848.6,849.0,846.1,841.6,838.2,837.8,549.8,535.5,525.7,526.0,536.3,551.3,560.4,560.1,557.0,548.0,539.6,533.8,533.0,536.6,543.6,548.6,552.1,555.3,557.6,558.7,551.1,551.2,546.9,540.8,536.4,536.3,540.5,546.6,510.0,498.2,491.2,493.0,502.5,514.3,521.3,520.6,518.6,511.4,504.6,499.6,498.1,499.1,502.2,509.1,514.1,517.7,519.9,521.3,511.8,512.5,509.9,505.5,501.8,501.1,503.8,508.2,13.7,14.4,17.6,21.4,23.5,23.2,19.7,15.9,11.5,12.9,15.2,18.6,22.8,27.0,30.6,27.5,23.7,20.1,16.5,13.7,18.0,19.6,20.9,21.2,20.3,18.7,17.3,17.0,70.9,71.5,75.1,79.8,82.6,82.0,78.3,73.5,68.9,71.2,74.6,78.7,82.8,86.6,89.6,88.0,84.8,80.9,76.6,72.3,75.6,77.3,78.7,79.0,77.9,76.2,74.8,74.5,63.5,58.9,55.4,55.0,57.9,62.6,65.9,66.4,66.5,62.9,59.4,57.1,56.6,57.8,60.1,61.5,62.5,63.7,65.0,66.1,63.5,63.3,61.8,59.9,58.6,58.8,60.3,62.3,56.2,52.0,49.5,50.3,53.9,58.1,60.5,60.2,59.4,56.6,54.1,52.4,52.3,53.2,55.0,57.0,58.3,59.2,59.8,60.3,57.2,57.5,56.6,55.0,53.6,53.3,54.2,55.8,292.7,293.6,292.5,290.0,287.5,286.5,287.7,290.2,295.4,292.5,289.6,287.4,286.5,286.3,286.3,285.4,284.9,285.4,287.7,291.3,290.8,289.7,289.2,289.6,290.7,291.8,292.3,291.9,327.8,329.0,330.4,331.2,330.9,329.7,328.3,327.7,327.9,327.3,327.4,328.5,331.1,334.7,338.3,334.7,331.0,328.5,327.2,327.3,329.5,329.7,330.2,330.7,330.8,330.5,330.0,329.6,67.9,113.6,390.1,-0.080,0.345,-0.234,649.8,657.4,667.6,679.6,692.8,713.1,744.8,783.3,828.9,876.8,915.2,946.9,967.7,973.9,973.9,973.0,968.8,645.1,656.8,678.6,704.9,732.7,785.4,816.8,849.2,880.9,906.9,763.0,764.6,766.0,767.3,754.7,769.9,784.6,799.6,813.1,676.2,687.7,707.6,728.7,712.1,693.2,822.4,836.1,858.3,879.8,863.4,842.3,751.2,755.2,772.3,789.0,805.7,837.6,866.4,854.6,832.1,813.2,794.8,771.0,761.0,779.6,795.6,813.4,856.7,821.5,803.5,786.6,573.8,603.4,631.5,659.4,693.1,726.5,756.9,783.7,786.9,766.7,728.0,686.9,647.5,609.7,575.7,541.8,507.8,529.4,513.2,504.7,502.1,505.7,491.1,471.9,460.2,458.8,466.6,531.8,553.1,574.6,597.4,632.3,633.3,633.1,627.4,620.5,554.5,539.9,534.8,544.1,551.6,556.2,520.3,502.3,497.8,504.0,514.6,519.4,712.2,687.6,672.5,673.7,665.4,670.1,686.2,715.1,733.4,739.7,742.1,734.8,708.7,692.7,689.8,685.9,687.6,707.2,713.1,715.0,0.75,0.00,0.92,0.00,0.18,0.32,0.00,0.32,0.00,0.00,0.01,0.65,0.09,0.00,0.00,0.69,0.00,0.00,0.00,0.00,0.00,0.00,0.00,0.00,0.00,0.00,0.00,0.00,0.00,0.00,0.00,0.00,0.00,0.00,0.00
189,0,6.267,0.03,0,0.000000,0.000000,0.000000,0.000000,0.000000,0.000000,0.000,0.000,646.6,652.0,664.4,676.4,681.2,677.2,663.4,651.3,641.1,646.1,652.2,661.1,673.2,685.0,695.0,684.9,673.8,662.2,652.1,645.7,658.7,665.3,672.3,675.4,672.9,666.2,659.3,656.1,821.1,824.6,836.8,850.4,857.6,854.1,842.0,827.4,816.6,821.4,830.4,844.8,859.0,869.0,875.2,870.8,862.9,851.9,838.9,826.3,833.6,840.2,846.1,847.8,844.2,837.6,831.7,830.0,535.3,519.4,510.7,514.3,528.1,545.1,552.7,549.1,536.3,530.9,526.0,524.4,525.6,531.1,540.6,543.1,544.5,544.7,543.6,540.9,541.9,544.1,539.5,530.7,523.0,520.8,525.5,534.2,511.2,497.5,489.9,492.8,504.6,518.4,526.0,523.9,522.3,509.4,499.5,492.7,491.6,494.0,501.8,509.3,515.6,520.2,522.9,523.8,514.8,516.2,512.4,505.7,500.0,498.6,502.3,509.1,2.1,3.8,7.6,11.2,12.5,11.3,7.2,3.5,0.3,1.9,3.8,6.5,10.1,13.7,16.7,13.6,10.3,6.8,3.7,1.8,5.8,7.8,9.9,10.9,10.2,8.2,6.0,5.0,55.7,56.6,60.4,64.8,67.3,66.4,62.6,58.0,54.7,55.8,58.3,62.7,67.7,71.8,74.7,72.8,69.6,65.7,61.5,57.7,59.9,62.1,64.0,64.4,63.1,61.0,59.1,58.7,55.0,50.1,46.9,47.5,51.2,56.4,59.2,58.8,56.0,53.7,51.5,50.5,50.6,52.0,54.7,55.6,56.2,56.5,56.8,56.8,56.6,56.9,55.2,52.5,50.4,50.1,51.7,54.5,46.5,42.2,39.9,40.9,44.7,49.1,51.5,50.7,50.3,45.9,42.7,40.6,40.7,42.0,45.1,47.1,48.6,49.7,50.4,50.7,47.9,48.5,47.3,45.1,43.3,42.8,43.9,46.1,274.7,274.9,272.6,269.2,266.7,266.4,268.8,272.2,278.0,275.1,271.3,269.0,267.2,265.7,265.0,265.5,266.3,267.6,270.7,274.6,272.2,270.3,269.1,269.2,270.6,272.4,273.6,273.5,269.2,268.4,268.5,269.5,270.7,271.5,271.4,270.7,271.0,269.0,267.9,268.0,270.5,274.4,278.1,275.9,273.3,271.4,270.6,270.7,270.9,271.4,271.5,271.1,270.5,270.0,269.9,270.3,56.4,105.1,351.8,0.102,0.427,-0.302,631.4,649.3,669.3,687.5,707.7,730.0,758.8,787.6,826.0,876.6,916.3,954.2,976.4,979.4,976.1,972.3,962.4,608.7,624.5,651.8,680.2,711.7,777.7,810.8,843.7,874.4,898.2,748.5,748.3,748.7,749.8,732.7,749.8,767.3,784.4,798.4,640.1,650.7,672.3,695.5,677.0,656.3,816.8,830.8,856.1,880.4,861.1,837.7,735.4,741.6,758.3,774.3,791.1,827.8,862.3,847.2,820.3,801.2,782.8,758.5,744.6,767.4,782.7,801.0,850.6,810.9,792.8,776.8,553.5,592.0,628.5,663.4,701.7,736.9,765.1,793.4,801.0,779.5,735.6,689.6,647.5,609.2,575.9,541.8,511.3,513.0,496.4,488.7,492.1,501.9,490.1,474.4,464.3,463.6,474.8,532.5,562.8,592.6,623.6,648.1,651.9,654.2,648.5,639.6,539.1,525.1,523.5,539.1,544.7,545.2,518.9,498.8,495.2,504.5,515.6,519.1,721.8,701.0,690.8,693.6,685.2,687.3,700.9,727.9,746.9,752.3,753.9,744.8,720.2,710.0,708.2,704.4,702.5,721.2,726.7,728.2,0.00,0.00,0.00,0.00,0.00,0.00,0.00,0.00,0.00,0.00,0.00,0.00,0.00,0.00,0.00,0.00,0.00,0.00,0.00,0.00,0.00,0.00,0.00,0.00,0.00,0.00,0.00,0.00,0.00,0.00,0.00,0.00,0.00,0.00,0.00
190,0,6.300,0.03,0,0.000000,0.000000,0.000000,0.000000,0.000000,0.000000,0.000,0.000,638.4,640.3,649.6,660.8,667.4,666.2,656.1,644.9,628.5,634.1,642.8,652.1,661.9,670.6,677.0,672.0,664.6,656.0,645.8,635.9,649.4,654.0,657.8,658.6,655.9,651.3,647.4,646.6,804.8,808.5,821.4,835.8,843.3,839.6,826.8,811.6,792.2,798.0,807.2,821.4,837.6,852.0,864.4,854.3,841.7,828.0,814.0,801.6,819.2,825.7,831.5,833.2,829.7,823.2,817.4,815.7,534.2,523.4,517.4,519.8,529.1,540.7,545.9,543.5,539.0,531.6,525.5,522.5,523.3,528.2,536.6,539.7,541.3,542.4,542.8,542.1,537.3,538.2,535.8,531.3,527.5,526.5,529.0,533.4,516.2,501.2,493.5,497.4,510.8,525.8,533.6,530.9,521.7,511.3,503.4,498.1,498.4,502.0,509.2,515.8,520.2,523.3,524.8,525.2,521.1,522.9,519.4,512.6,506.6,504.8,508.3,515.1,-0.7,0.1,4.1,8.9,11.7,11.1,6.8,2.1,-4.9,-2.5,1.2,5.1,9.3,13.1,15.8,13.6,10.4,6.7,2.5,-1.8,4.0,5.9,7.6,7.9,6.8,4.8,3.2,2.8,50.0,51.2,55.0,59.2,61.3,60.2,56.4,52.0,46.6,48.0,50.4,54.5,59.4,64.2,68.5,64.8,60.6,56.4,52.3,49.0,54.4,56.3,58.0,58.5,57.6,55.7,53.9,53.4,73.8,69.5,67.2,68.3,72.1,76.7,78.6,77.5,76.0,72.8,70.0,68.8,69.5,71.8,75.6,76.5,76.7,76.9,77.0,77.0,75.3,75.7,74.8,73.0,71.5,71.0,72.0,73.7,47.4,42.9,40.5,41.6,45.5,50.0,52.4,51.8,49.5,46.0,43.3,41.5,41.6,43.0,45.6,47.1,48.1,48.9,49.6,50.1,48.9,49.4,48.3,46.3,44.5,44.0,45.1,47.1,370.6,372.3,373.7,374.0,373.0,371.5,369.9,369.6,371.7,371.1,370.2,370.7,372.1,373.5,374.6,372.6,370.3,368.7,368.8,370.2,371.7,371.8,372.4,373.1,373.5,373.3,372.8,372.1,265.5,265.6,265.3,264.6,264.0,263.8,264.2,265.2,267.8,265.8,263.9,262.7,263.2,264.9,267.3,264.6,262.8,262.3,263.2,265.5,265.6,265.3,265.1,265.2,265.5,265.8,266.0,265.9,46.9,99.7,325.7,0.190,0.550,-0.376,632.0,653.1,675.9,696.6,713.7,735.1,758.5,786.2,828.2,880.0,924.3,956.2,974.9,974.7,972.1,974.4,973.6,596.3,603.0,619.2,638.2,659.8,746.3,792.2,831.3,865.1,895.2,713.6,713.7,712.3,712.5,709.3,725.7,742.3,757.5,770.2,630.7,640.7,659.7,680.7,664.7,646.7,792.8,809.0,835.3,863.5,840.5,816.3,732.7,737.4,748.9,760.7,771.3,806.4,841.9,825.7,803.1,789.6,775.6,755.1,739.9,758.3,770.2,781.6,830.8,789.7,777.5,765.5,547.2,591.2,630.7,670.0,711.1,749.4,782.5,810.1,813.3,789.4,745.5,702.8,659.8,619.5,581.8,541.9,501.4,500.9,485.7,477.0,478.5,486.0,471.7,457.4,450.2,454.1,463.2,528.5,563.4,598.7,634.3,658.1,661.7,664.3,658.2,649.5,539.0,525.6,522.6,533.2,543.1,545.2,518.6,503.2,501.4,507.7,520.6,522.7,735.0,720.2,712.1,715.0,709.3,711.5,718.7,747.4,762.1,766.1,766.8,758.2,734.6,728.0,726.9,724.6,721.8,736.0,739.7,740.2,0.00,0.00,0.00,0.00,0.00,0.00,0.00,0.00,0.00,0.00,0.00,0.00,0.00,0.00,0.00,0.00,0.00,0.00,0.00,0.00,0.00,0.00,0.00,0.00,0.00,0.00,0.00,0.00,0.00,0.00,0.00,0.00,0.00,0.00,0.00
191,0,6.333,0.03,0,0.000000,0.000000,0.000000,0.000000,0.000000,0.000000,0.000,0.000,634.1,635.0,643.0,653.5,660.3,660.7,651.5,641.0,629.2,628.6,633.0,642.4,655.9,667.0,676.7,669.6,660.3,650.8,642.0,634.7,645.5,650.1,653.6,653.9,651.0,646.4,642.9,642.5,782.3,783.6,792.8,804.4,811.7,810.3,801.2,789.4,778.3,780.0,785.5,797.7,813.8,828.2,841.4,832.0,821.0,809.6,797.5,787.0,794.7,799.9,804.0,804.6,801.4,796.2,792.1,791.5,532.3,521.1,515.1,517.9,527.9,539.5,545.1,542.3,537.3,525.2,517.5,512.4,513.6,521.1,534.5,538.6,542.0,544.3,544.1,541.8,534.8,536.1,533.5,528.6,524.2,523.0,525.6,530.5,504.5,492.3,486.3,490.1,501.4,513.6,519.6,516.4,508.3,499.0,492.8,488.7,488.7,491.3,497.4,507.0,513.0,516.5,517.0,514.5,508.0,509.6,507.0,501.5,496.5,494.8,497.5,502.9,-2.2,-1.9,1.1,5.0,7.5,7.7,4.3,0.4,-4.1,-4.3,-2.6,0.9,5.9,10.0,13.7,11.0,7.6,4.0,0.8,-2.0,2.1,3.8,5.1,5.2,4.1,2.4,1.1,0.9,46.9,47.0,49.6,53.1,55.5,55.4,52.9,49.3,45.8,45.8,47.0,50.5,55.7,60.7,65.7,62.4,58.7,55.0,51.3,48.3,50.9,52.5,53.6,53.6,52.6,51.0,49.9,49.8,65.1,60.6,57.9,58.6,62.3,67.0,69.6,68.9,68.0,62.6,58.8,56.4,56.7,59.6,65.0,66.5,67.9,69.0,69.5,69.2,65.9,66.2,65.0,63.0,61.4,61.1,62.3,64.3,47.6,43.3,41.0,42.0,45.7,50.0,52.4,51.7,49.1,45.4,42.9,41.2,41.3,42.4,44.8,47.7,49.6,50.8,51.1,50.8,48.6,49.1,48.0,46.1,44.5,44.0,45.1,47.0,330.7,329.0,326.6,324.9,324.8,326.7,329.0,330.7,335.4,331.5,327.0,323.7,322.9,323.7,325.7,326.0,326.5,327.7,330.1,333.1,329.7,329.0,327.9,327.2,327.2,327.9,329.0,329.7,288.4,286.6,284.2,282.7,282.9,284.8,287.1,289.1,289.5,286.1,282.8,280.4,280.6,282.3,285.5,284.2,283.7,284.0,285.1,287.5,287.7,287.0,286.0,285.1,285.0,285.7,286.8,287.6,43.0,97.2,317.9,0.121,0.596,-0.377,635.1,656.9,680.9,702.6,719.2,738.7,760.5,785.9,827.0,878.6,923.6,954.6,971.2,972.9,971.5,971.2,967.2,596.2,600.0,615.6,635.2,659.3,725.4,767.5,811.6,851.8,883.7,706.0,705.8,704.9,705.0,707.4,721.4,735.7,749.9,762.5,628.5,635.1,654.5,677.0,661.8,642.7,776.0,787.2,813.0,842.2,821.5,797.3,727.8,724.7,734.4,747.6,760.4,794.0,826.8,815.8,796.9,781.5,766.3,746.0,734.1,746.4,758.8,773.1,815.5,783.1,768.6,755.1,544.2,592.0,637.7,682.6,726.3,765.3,798.0,824.9,826.6,804.0,759.2,713.5,667.7,623.7,581.8,538.8,494.6,500.7,478.5,466.3,465.9,473.8,460.3,442.2,433.1,440.0,457.3,519.1,556.7,593.8,631.3,659.6,662.6,665.1,659.5,651.1,536.1,517.9,515.3,531.5,540.9,543.8,512.8,491.2,488.1,498.6,512.9,516.5,747.6,725.2,712.4,715.6,708.6,714.3,728.7,757.7,772.6,777.4,777.6,769.7,745.1,731.4,730.1,726.7,731.0,744.2,749.2,749.3,0.00,0.00,0.00,0.00,0.00,0.00,0.00,0.00,0.00,0.00,0.00,0.00,0.00,0.00,0.00,0.00,0.00,0.00,0.00,0.00,0.00,0.00,0.00,0.00,0.00,0.00,0.00,0.00,0.00,0.00,0.00,0.00,0.00,0.00,0.00
192,0,6.367,0.03,0,0.000000,0.000000,0.000000,0.000000,0.000000,0.000000,0.000,0.000,633.1,634.4,642.2,652.0,657.9,657.8,648.7,639.0,629.2,628.9,632.9,642.3,655.5,665.9,674.9,667.2,657.3,647.7,639.9,633.8,643.9,648.3,651.9,652.5,649.8,645.4,641.8,641.2,772.5,775.3,787.3,801.5,809.6,806.9,794.9,780.3,764.7,768.0,775.7,790.7,809.4,825.5,839.3,828.2,814.8,800.6,785.6,773.4,787.6,793.9,799.2,800.4,796.8,790.5,785.2,784.0,531.2,519.0,512.7,515.8,526.7,539.4,545.2,542.0,537.4,524.3,515.5,509.5,510.7,518.2,531.9,536.4,539.9,542.4,542.6,541.0,534.6,536.1,533.2,527.6,522.7,521.3,524.2,529.7,503.3,487.4,477.9,480.3,493.2,509.2,518.7,517.7,506.6,491.4,480.4,473.3,474.9,481.6,494.6,499.8,503.2,505.9,507.8,509.2,506.7,507.8,503.6,496.5,490.8,489.7,493.9,501.0,-2.6,-2.1,0.8,4.4,6.5,6.5,3.2,-0.4,-4.1,-4.1,-2.6,0.8,5.6,9.4,12.7,9.9,6.3,2.8,-0.0,-2.3,1.4,3.1,4.4,4.6,3.6,2.0,0.7,0.4,37.7,38.5,41.8,45.5,47.5,46.7,43.5,39.7,35.7,36.5,38.4,42.3,47.5,52.2,56.4,52.8,48.8,44.8,40.8,37.8,41.8,43.5,44.9,45.2,44.3,42.7,41.3,40.9,63.8,59.0,56.2,56.9,60.7,65.6,68.3,67.6,66.9,61.3,57.3,54.6,54.7,57.4,62.5,64.2,65.6,66.9,67.5,67.6,64.7,65.0,63.7,61.6,59.8,59.5,60.8,63.0,40.8,36.3,33.4,33.9,37.3,41.7,44.6,44.7,42.0,37.4,34.1,31.8,32.2,34.2,38.1,39.2,40.0,40.7,41.4,42.3,41.6,41.7,40.5,38.5,37.0,36.8,38.1,40.0,326.0,324.8,322.2,319.7,318.8,320.1,322.7,325.2,329.7,326.5,322.6,319.2,317.6,317.5,318.1,318.4,319.0,320.7,323.5,326.8,324.3,323.2,322.0,321.4,321.8,323.0,324.1,324.7,248.9,249.1,248.1,246.4,245.0,244.7,245.7,247.8,250.6,249.3,247.5,245.9,245.5,246.3,247.5,245.4,244.1,243.9,245.2,247.9,247.9,247.1,246.7,246.8,247.4,248.2,248.7,248.5,40.8,95.8,309.1,0.043,0.604,-0.361,636.1,657.5,682.6,705.3,723.7,743.7,765.2,786.4,823.8,875.8,923.5,956.0,970.8,971.2,967.1,965.0,961.1,596.4,600.6,615.6,633.9,657.7,722.2,760.9,801.8,840.8,872.6,703.0,701.1,698.4,696.5,702.8,715.0,728.4,745.1,760.0,627.3,632.3,652.6,676.6,660.1,639.5,768.5,779.4,805.3,835.6,814.1,789.3,725.6,716.3,726.6,742.0,758.3,793.0,828.4,816.0,796.0,778.1,761.6,740.8,730.9,738.1,751.5,769.7,816.6,784.8,767.7,752.7,538.8,593.6,646.5,697.4,746.6,789.5,823.7,847.1,845.5,821.4,775.6,725.6,676.0,629.7,587.8,542.9,495.4,500.8,477.7,465.2,463.5,470.5,454.0,436.1,426.7,430.8,447.1,513.4,552.8,591.3,630.4,662.3,665.8,668.7,661.6,651.3,536.3,514.3,511.0,530.3,539.0,543.4,508.9,481.7,476.6,490.0,504.7,509.8,764.1,736.4,719.0,721.6,712.4,719.0,737.5,769.6,788.8,795.9,797.7,790.1,760.3,738.3,736.0,730.9,740.6,760.3,767.4,768.4,1.67,0.02,1.06,0.00,0.00,1.04,0.00,0.42,0.00,0.00,1.19,0.18,0.46,0.00,0.65,1.08,0.00,0.00,0.00,0.00,0.00,0.00,0.00,0.00,0.00,0.00,0.00,0.00,0.00,0.00,0.00,0.00,0.00,0.00,0.00
193,0,6.400,0.88,1,-0.422997,0.085492,-0.902089,-0.563560,0.213380,-0.798041,-0.526,0.174,633.6,634.7,642.6,652.7,659.0,659.0,650.0,639.9,629.0,628.8,633.2,642.7,655.8,666.0,674.7,667.7,658.2,648.7,640.7,634.0,644.7,648.9,652.3,652.7,650.0,645.8,642.4,642.0,772.6,775.3,787.3,801.6,809.8,807.1,795.1,780.6,767.9,767.6,773.1,786.1,803.3,821.8,837.7,827.3,813.2,798.8,785.3,775.0,787.9,794.6,800.3,801.6,797.7,790.9,785.3,784.0,532.5,521.0,514.7,517.4,527.4,539.4,545.2,542.6,537.8,524.9,516.5,510.7,511.6,518.8,532.0,536.7,540.5,543.0,543.2,541.5,535.0,536.1,533.4,528.5,524.3,523.2,525.8,530.7,501.5,485.1,475.9,479.3,493.4,509.9,519.1,516.8,506.2,491.5,480.6,474.3,475.2,480.7,492.7,499.2,503.6,506.4,508.5,509.2,506.0,507.6,503.2,495.5,488.8,487.2,491.5,499.3,-2.5,-2.1,1.0,4.9,7.3,7.3,3.9,-0.0,-4.3,-4.4,-2.6,1.0,6.0,9.9,13.3,10.6,7.0,3.3,0.3,-2.3,1.8,3.5,4.7,4.9,3.9,2.2,0.9,0.8,36.7,37.4,40.4,43.8,45.8,45.2,42.3,38.8,35.9,35.5,36.5,39.6,44.0,49.1,53.7,50.7,46.9,43.2,39.9,37.5,40.7,42.4,43.8,44.1,43.1,41.4,40.0,39.7,67.3,62.6,59.7,60.4,64.1,69.0,71.7,71.1,70.1,64.4,60.4,57.7,57.8,60.6,65.9,67.7,69.2,70.5,71.1,71.1,68.0,68.3,67.0,65.0,63.4,63.2,64.4,66.4,39.2,34.6,31.7,32.4,36.0,40.6,43.4,43.3,41.1,36.6,33.1,31.0,31.0,32.6,36.1,37.7,38.9,39.8,40.7,41.5,40.2,40.5,39.1,36.9,35.2,34.9,36.3,38.4,341.3,340.0,337.7,335.7,335.1,336.5,338.7,340.8,345.1,341.9,337.9,334.8,333.8,334.1,335.3,335.4,335.7,337.1,339.6,342.7,340.0,339.1,338.1,337.6,337.8,338.7,339.7,340.2,242.4,241.8,239.7,237.4,236.2,236.8,238.9,241.6,246.0,243.2,240.1,237.0,235.8,236.4,237.8,237.1,237.1,237.9,240.1,243.2,240.9,239.9,238.9,238.6,239.1,240.2,241.2,241.5,39.0,95.7,302.7,0.043,0.692,-0.382,638.2,660.7,688.0,711.6,731.0,750.0,768.8,787.3,822.3,874.5,923.8,957.2,971.3,969.0,961.8,960.1,957.0,595.2,601.2,617.6,635.6,658.5,722.7,759.3,797.0,833.8,865.6,698.6,697.5,695.3,693.7,699.6,712.3,725.6,741.9,756.6,627.8,633.3,653.3,675.7,660.1,640.7,768.8,777.1,803.0,832.9,812.3,788.1,724.8,711.1,720.2,734.9,750.9,787.7,824.8,815.3,795.4,778.3,761.9,740.7,730.6,733.5,746.4,763.5,813.2,781.6,765.0,750.1,541.5,601.3,658.7,712.8,764.6,809.4,843.9,866.7,864.6,840.4,794.8,743.6,691.6,641.7,596.2,547.0,495.3,502.6,478.1,466.5,464.9,471.6,454.6,435.7,425.5,427.1,443.0,512.2,550.8,588.9,627.9,664.8,667.7,670.2,662.5,652.1,538.0,515.2,511.4,531.0,540.6,544.4,508.1,481.1,475.5,489.4,504.3,509.6,774.0,740.0,720.3,722.8,713.3,721.9,746.6,782.5,803.8,811.2,813.5,805.0,769.8,743.6,740.8,736.0,749.5,771.1,778.0,779.6,1.67,0.02,1.06,0.00,0.00,1.04,0.00,0.42,0.00,0.00,1.19,0.18,0.46,0.00,0.65,1.08,0.00,0.00,0.00,0.00,0.00,0.00,0.00,0.00,0.00,0.00,0.00,0.00,0.00,0.00,0.00,0.00,0.00,0.00,0.00
194,0,6.433,0.03,0,0.000000,0.000000,0.000000,0.000000,0.000000,0.000000,0.000,0.000,633.6,634.2,641.9,652.3,659.2,659.8,650.9,640.5,629.5,628.8,633.1,642.6,656.1,666.9,676.2,669.6,660.2,650.4,641.9,634.7,645.1,649.3,652.5,652.7,649.8,645.6,642.5,642.3,775.0,777.9,789.4,802.8,810.3,807.4,795.9,782.3,769.6,769.9,775.2,788.7,806.9,823.6,838.4,828.0,815.0,801.2,787.1,776.7,789.2,795.8,801.4,802.8,799.2,792.7,787.0,785.6,533.7,522.2,515.7,518.0,527.8,539.7,545.8,543.5,538.0,525.0,516.9,511.6,512.8,520.5,534.1,539.0,543.0,545.6,545.4,542.8,535.5,536.4,533.8,529.1,525.1,524.1,526.8,531.5,502.2,486.1,476.1,478.0,490.7,506.8,516.9,516.4,507.3,491.6,479.9,471.8,472.4,478.7,492.5,498.2,502.2,505.3,508.0,509.8,506.0,506.9,502.0,494.2,488.0,487.0,491.9,499.8,-2.4,-2.2,0.7,4.6,7.2,7.4,4.1,0.2,-4.1,-4.3,-2.6,1.0,6.0,10.0,13.5,11.1,7.6,3.9,0.7,-2.0,1.9,3.5,4.7,4.8,3.7,2.1,0.9,0.9,38.0,38.8,41.8,45.1,46.7,45.9,43.0,39.7,36.8,36.7,37.9,41.2,46.0,50.5,54.7,51.6,47.9,44.2,40.7,38.3,41.7,43.3,44.7,45.1,44.3,42.7,41.2,40.8,66.1,61.4,58.5,59.1,62.6,67.4,70.2,69.7,68.6,62.9,59.1,56.5,56.8,59.8,65.1,67.1,68.7,69.9,70.3,70.0,66.5,66.7,65.5,63.6,62.1,61.9,63.1,65.0,40.0,35.5,32.5,32.6,35.9,40.3,43.3,43.7,41.8,37.2,33.6,31.0,31.0,32.7,36.5,37.9,38.9,39.9,41.0,42.0,40.7,40.8,39.3,37.2,35.6,35.5,37.0,39.2,332.9,331.5,329.0,327.0,326.6,328.2,330.5,332.5,337.0,333.6,329.3,326.2,325.3,325.8,327.4,327.8,328.2,329.6,332.0,335.0,331.6,330.7,329.7,329.1,329.3,330.1,331.1,331.7,245.9,246.2,244.6,242.2,240.2,239.9,241.5,244.3,248.5,247.2,245.2,242.5,241.0,240.8,241.2,240.0,239.7,240.1,242.2,245.4,244.2,243.0,242.2,242.4,243.3,244.5,245.3,245.1,38.8,96.0,300.4,0.029,0.714,-0.382,637.5,660.6,689.9,714.6,734.0,752.3,770.3,788.4,821.4,873.3,922.1,955.9,969.9,968.0,960.3,959.2,957.3,594.6,601.0,618.0,636.0,658.8,722.9,758.6,795.0,831.1,864.4,698.1,697.8,696.3,695.2,701.0,713.8,727.2,743.7,759.2,628.4,633.9,654.3,676.3,661.3,642.1,770.2,778.6,804.9,835.0,814.7,790.2,725.7,710.2,720.1,736.2,754.6,791.0,825.8,817.6,798.1,778.5,760.7,740.5,730.9,732.5,747.2,766.3,813.1,783.8,765.4,748.8,542.7,605.2,663.8,719.0,772.2,817.7,852.1,872.6,868.9,845.5,802.7,753.3,701.4,650.3,602.2,549.5,494.5,503.5,478.0,467.4,465.8,471.7,454.2,434.9,424.1,424.0,438.9,512.2,551.1,589.7,629.3,667.7,670.4,672.7,664.4,653.4,539.8,516.4,512.1,532.1,542.3,546.2,508.1,480.3,474.1,488.1,503.7,509.5,785.7,747.5,725.4,727.5,717.0,727.2,756.2,786.0,806.1,814.5,817.5,811.4,781.0,749.6,746.2,740.6,758.7,773.9,781.8,783.9,1.67,0.02,1.06,0.00,0.00,1.04,0.00,0.42,0.00,0.00,1.19,0.18,0.46,0.00,0.65,1.08,0.00,0.00,0.00,0.00,0.00,0.00,0.00,0.00,0.00,0.00,0.00,0.00,0.00,0.00,0.00,0.00,0.00,0.00,0.00
195,0,6.467,0.03,0,0.000000,0.000000,0.000000,0.000000,0.000000,0.000000,0.000,0.000,635.5,635.5,642.5,652.2,659.0,660.2,652.0,642.3,634.2,631.3,633.2,641.6,655.3,666.5,676.4,670.7,661.0,651.6,644.3,638.7,646.8,650.7,653.4,653.4,650.7,646.8,644.1,644.1,772.9,774.8,786.6,801.4,810.5,808.6,796.8,781.9,769.6,767.7,772.3,784.4,801.2,819.7,836.0,829.0,816.4,803.2,790.3,778.9,789.0,795.6,800.8,801.7,797.6,791.0,785.8,784.9,537.4,524.5,516.5,517.9,528.0,541.3,548.9,547.5,546.8,531.7,521.2,513.5,513.8,521.8,536.8,543.3,549.0,553.1,554.0,552.1,538.3,538.9,535.7,530.6,526.6,526.1,529.3,534.4,500.0,483.7,475.6,480.3,495.0,511.3,519.4,515.7,507.0,490.4,479.2,473.8,475.2,480.3,492.9,506.3,516.0,521.4,521.0,516.4,504.5,506.6,502.9,495.7,489.1,487.0,490.7,497.9,-1.6,-1.5,0.9,4.2,6.5,6.9,4.1,0.8,-2.1,-3.0,-2.4,0.6,5.2,9.0,12.3,10.4,7.2,4.0,1.5,-0.5,2.4,3.7,4.6,4.6,3.7,2.4,1.4,1.4,35.0,35.3,37.9,41.4,43.7,43.5,40.9,37.4,34.6,33.6,34.3,36.9,41.0,45.8,50.4,48.6,45.5,42.3,39.3,36.8,39.0,40.6,41.8,41.9,40.8,39.3,38.1,38.0,61.8,57.2,53.9,53.9,57.1,61.7,64.8,64.9,66.0,60.2,55.8,52.6,52.3,54.8,59.9,62.2,64.3,66.2,67.2,67.3,61.6,61.6,60.3,58.5,57.3,57.3,58.6,60.4,36.9,32.4,29.9,30.8,34.6,39.0,41.6,41.0,39.2,34.3,30.9,29.1,29.3,30.7,34.2,37.7,40.3,41.8,42.1,41.4,37.9,38.3,37.1,35.1,33.4,33.0,34.2,36.2,304.7,304.0,301.6,298.8,297.2,297.9,300.3,303.1,308.9,306.8,303.1,299.7,297.6,296.6,296.4,297.0,297.9,299.9,302.9,306.5,302.4,301.3,300.3,300.1,300.7,301.8,302.7,303.0,230.5,229.0,226.4,224.4,224.1,225.6,228.2,230.6,233.5,230.2,226.9,223.8,222.5,223.2,224.8,225.2,225.8,226.8,228.9,231.7,229.3,228.3,227.2,226.5,226.7,227.6,228.7,229.4,35.4,94.8,280.8,0.057,0.807,-0.428,641.3,663.7,696.1,724.9,742.8,758.2,772.3,790.4,819.2,871.8,922.8,960.4,972.3,968.5,960.1,955.5,951.4,588.8,595.7,613.0,632.9,660.7,719.1,745.4,781.4,820.8,856.4,694.1,693.6,691.6,689.1,703.7,718.1,730.9,746.5,760.6,630.9,633.9,654.7,676.3,662.2,643.4,769.8,774.8,802.3,834.0,815.5,790.2,724.2,711.9,719.7,735.5,751.4,785.9,820.1,810.1,793.7,776.2,759.7,740.4,725.9,733.9,748.3,765.0,806.4,775.9,759.5,743.4,555.8,625.0,690.5,750.6,808.8,854.7,885.8,900.9,894.3,870.2,823.4,769.8,715.4,661.5,611.6,556.2,497.9,499.0,468.6,457.3,459.0,469.5,451.9,423.3,405.7,401.0,418.3,513.7,553.8,594.2,636.1,690.1,691.5,692.7,686.7,676.7,545.1,519.0,514.6,538.7,551.6,555.3,514.0,481.9,473.7,491.6,511.4,518.2,818.8,784.8,763.9,768.1,758.5,771.1,797.2,820.8,834.1,839.5,841.7,836.7,814.6,794.7,792.2,788.7,799.1,797.7,802.7,804.7,0.00,0.00,0.00,0.00,0.00,0.00,0.00,0.00,0.00,0.00,0.00,0.00,0.00,0.00,0.00,0.00,0.00,0.00,0.00,0.00,0.00,0.00,0.00,0.00,0.00,0.00,0.00,0.00,0.00,0.00,0.00,0.00,0.00,0.00,0.00
196,0,6.500,0.03,0,0.000000,0.000000,0.000000,0.000000,0.000000,0.000000,0.000,0.000,638.5,639.5,647.4,657.6,664.2,664.4,655.3,645.1,635.8,631.7,633.4,641.9,655.8,667.3,677.4,672.7,663.4,654.9,647.5,641.0,649.5,654.3,658.1,658.5,655.4,650.6,646.9,646.4,779.7,778.7,787.0,799.9,809.6,810.6,802.3,789.8,774.2,770.6,772.8,782.6,799.6,818.3,837.6,827.9,815.3,803.4,792.4,783.2,794.9,799.7,802.8,802.3,798.6,793.8,790.8,791.2,537.5,525.7,518.6,520.5,530.2,542.5,549.0,547.1,548.7,533.7,523.7,516.6,517.6,525.5,539.3,550.1,557.9,562.6,562.4,558.2,539.9,540.8,537.5,531.9,527.4,526.5,529.8,535.4,498.6,481.4,472.0,475.8,490.7,507.9,517.3,514.5,506.9,490.4,479.7,474.2,474.6,478.7,488.1,504.8,516.6,523.3,522.8,517.4,501.0,502.5,498.9,492.5,486.9,485.4,488.9,495.4,-0.5,-0.2,2.5,5.8,7.9,8.0,5.1,1.7,-1.4,-2.8,-2.2,0.6,5.2,8.9,12.3,10.8,7.7,5.0,2.5,0.3,3.2,4.8,6.0,6.1,5.1,3.5,2.3,2.1,36.0,35.5,37.1,39.8,42.1,42.6,41.1,38.5,34.8,33.4,33.4,35.3,39.2,43.7,48.6,46.3,43.4,40.8,38.5,36.7,39.5,40.5,41.1,40.8,40.0,38.9,38.4,38.6,59.4,55.3,52.6,52.9,55.9,60.1,62.6,62.4,64.7,59.0,54.8,51.8,51.8,54.3,59.0,62.7,65.5,67.6,68.2,67.5,60.0,60.1,58.8,56.9,55.5,55.3,56.6,58.5,35.7,31.1,28.3,28.9,32.4,36.9,39.8,39.7,38.1,33.3,30.1,28.3,28.2,29.1,31.5,35.7,38.8,40.8,41.1,40.3,35.9,36.1,35.0,33.3,32.0,31.7,32.8,34.5,292.8,292.2,290.3,288.4,287.5,288.2,289.9,291.9,300.2,297.0,293.0,289.2,287.4,287.2,287.9,288.6,289.7,291.8,294.6,297.8,291.6,290.7,289.8,289.5,289.9,290.8,291.7,292.0,225.2,223.8,220.8,218.0,217.1,218.5,221.5,224.7,226.9,223.6,220.1,216.8,215.0,214.6,215.2,215.7,216.7,218.4,220.9,224.2,222.9,221.9,220.7,220.1,220.5,221.5,222.7,223.2,32.9,92.3,264.5,0.090,0.879,-0.481,645.3,665.1,697.9,730.0,751.1,766.8,780.1,796.2,820.6,870.8,923.3,964.6,974.5,967.4,961.4,959.1,957.9,578.3,590.5,609.3,631.1,661.4,717.5,732.1,759.8,796.4,830.3,691.0,691.7,690.6,687.8,705.0,721.9,735.8,750.3,762.8,636.3,636.3,656.3,675.4,662.9,645.5,771.5,774.2,802.1,834.8,817.1,791.2,728.3,721.5,726.9,740.5,752.5,782.0,815.6,799.0,785.7,773.3,760.1,742.1,726.6,739.8,751.6,763.9,801.8,769.1,756.7,743.2,568.2,642.1,711.9,775.3,838.4,885.5,914.3,926.7,919.2,894.5,843.7,784.6,724.8,666.7,613.5,554.7,493.3,486.0,454.3,446.1,453.4,470.4,450.0,413.7,387.6,369.4,379.4,512.2,553.8,596.3,641.0,703.2,705.1,705.8,700.8,690.0,547.6,522.7,518.2,542.4,558.3,561.4,514.0,481.7,471.3,489.0,512.7,520.8,839.7,807.1,787.3,792.4,784.5,799.7,824.1,846.7,853.6,855.7,858.0,855.3,836.4,821.6,819.4,818.6,826.1,816.4,818.4,821.4,0.00,0.00,0.00,0.00,0.00,0.00,0.00,0.00,0.00,0.00,0.00,0.00,0.00,0.00,0.00,0.00,0.00,0.00,0.00,0.00,0.00,0.00,0.00,0.00,0.00,0.00,0.00,0.00,0.00,0.00,0.00,0.00,0.00,0.00,0.00
197,0,6.533,0.03,0,0.000000,0.000000,0.000000,0.000000,0.000000,0.000000,0.000,0.000,640.4,641.1,648.7,658.6,665.1,665.4,656.8,646.9,636.2,632.5,634.8,643.4,656.8,667.9,677.6,673.6,665.2,657.3,649.8,642.6,650.9,655.5,659.0,659.4,656.3,651.7,648.2,647.9,770.7,769.8,780.3,795.9,807.6,808.4,797.9,782.5,769.0,766.5,771.0,782.2,799.4,818.9,836.6,827.8,814.9,801.3,789.5,778.9,787.5,796.0,801.8,801.4,795.1,786.6,780.9,781.2,538.4,527.5,521.0,522.8,531.7,543.0,549.0,547.3,548.5,534.3,525.1,518.6,519.6,527.3,540.9,551.7,559.6,564.0,563.2,558.4,540.5,541.3,538.3,533.2,529.0,528.2,531.2,536.3,493.5,475.1,465.0,469.2,485.2,503.7,513.8,510.6,505.0,488.9,478.2,473.6,474.3,477.8,486.3,503.6,516.4,523.4,521.9,515.6,499.2,501.6,496.1,486.1,477.3,475.0,480.5,490.5,0.1,0.4,3.1,6.5,8.8,9.0,6.0,2.5,-1.4,-2.7,-1.9,1.2,5.9,9.8,13.2,11.9,8.9,6.2,3.5,0.9,3.9,5.5,6.7,6.8,5.8,4.1,2.9,2.8,30.4,29.9,31.8,34.9,37.4,37.9,36.1,33.1,30.4,29.3,29.8,31.9,35.4,39.7,43.8,42.1,39.4,36.7,34.4,32.4,34.0,35.7,36.8,36.5,35.1,33.4,32.4,32.6,63.6,59.6,57.0,57.3,60.3,64.5,67.0,66.7,68.7,62.8,58.7,55.8,55.9,58.7,63.7,67.7,70.8,72.7,73.0,71.9,64.2,64.3,63.1,61.2,59.8,59.7,60.9,62.8,31.0,26.5,23.8,24.5,28.0,32.4,35.2,35.0,34.1,29.8,26.9,25.4,25.4,26.1,28.1,32.1,35.2,37.2,37.3,36.3,32.1,32.4,30.9,28.5,26.6,26.2,27.7,30.1,312.1,311.3,309.6,308.0,307.5,308.4,310.0,311.5,319.1,315.4,311.2,307.6,306.4,306.8,308.3,309.2,310.2,312.0,314.4,317.1,311.2,310.5,309.7,309.3,309.6,310.3,311.1,311.5,203.4,201.6,198.5,196.0,195.4,197.2,200.3,203.3,206.1,202.6,199.2,196.1,194.4,194.2,194.9,195.9,197.1,199.0,201.4,204.2,201.8,200.5,198.8,197.9,198.2,199.5,201.2,202.1,31.5,90.5,253.5,0.112,0.933,-0.524,653.6,673.5,705.9,738.7,761.2,776.5,789.1,804.6,826.5,874.2,923.1,964.0,973.4,965.3,961.3,961.8,962.3,575.0,588.2,607.1,630.1,661.1,715.4,728.1,752.8,788.1,820.1,687.6,689.0,688.4,686.1,699.3,718.8,735.5,750.6,763.0,639.6,638.5,657.2,674.4,663.3,647.3,770.2,771.8,800.2,833.3,815.2,789.0,733.9,726.8,729.0,741.2,751.0,780.7,817.2,799.3,786.2,776.0,764.3,747.1,731.8,743.1,753.1,762.8,803.8,768.2,757.5,745.4,584.7,661.1,733.0,797.7,862.2,910.9,940.3,953.2,944.9,916.9,861.4,796.7,731.8,669.3,612.8,551.5,488.7,482.0,448.7,440.4,449.0,468.7,446.7,407.6,379.6,358.8,368.8,512.2,555.3,599.2,645.6,711.1,713.4,713.7,707.8,696.5,549.1,524.1,519.5,543.2,560.7,563.4,512.3,480.5,469.6,486.9,511.6,520.2,852.8,817.6,796.7,802.1,794.5,810.1,835.5,862.3,870.1,871.4,874.0,871.2,849.2,833.7,831.2,831.4,837.7,830.4,831.5,835.0,0.00,0.00,0.00,0.00,0.00,0.00,0.00,0.00,0.00,0.00,0.00,0.00,0.00,0.00,0.00,0.00,0.00,0.00,0.00,0.00,0.00,0.00,0.00,0.00,0.00,0.00,0.00,0.00,0.00,0.00,0.00,0.00,0.00,0.00,0.00
198,0,6.567,0.03,0,0.000000,0.000000,0.000000,0.000000,0.000000,0.000000,0.000,0.000,642.1,642.2,649.0,658.4,664.9,666.1,658.1,648.6,642.5,636.2,636.2,643.8,657.9,668.3,676.9,672.4,662.7,654.9,648.8,644.9,652.7,656.8,659.8,659.9,657.0,652.8,649.8,649.8,769.7,769.2,779.9,795.5,806.8,807.3,796.7,781.4,768.7,766.1,770.5,781.4,798.1,818.2,836.4,827.5,814.4,800.8,789.4,778.8,786.5,795.3,801.3,801.1,794.8,786.0,780.0,780.2,542.1,530.2,522.2,523.0,532.0,544.4,551.9,551.1,555.4,539.0,527.9,520.0,522.0,530.9,545.9,557.3,565.5,570.4,570.2,565.7,543.2,543.5,540.0,534.7,530.8,530.4,533.9,539.2,493.9,474.7,464.2,468.4,484.9,504.0,514.6,511.5,505.9,489.0,477.4,472.5,473.2,477.0,485.7,504.4,517.9,525.2,523.6,517.1,500.2,502.6,496.7,486.0,476.7,474.3,480.2,490.9,0.7,0.7,2.8,5.7,7.7,8.1,5.6,2.7,0.8,-1.2,-1.2,1.2,5.6,8.8,11.4,10.0,7.1,4.7,2.8,1.6,4.0,5.3,6.2,6.2,5.3,4.0,3.1,3.1,29.5,29.2,31.1,34.1,36.5,36.9,35.1,32.1,29.7,28.6,29.1,31.0,34.4,38.7,42.8,41.1,38.4,35.8,33.6,31.7,33.1,34.8,35.9,35.7,34.3,32.6,31.5,31.7,57.6,53.8,51.0,50.8,53.4,57.3,60.0,60.2,63.9,58.0,53.7,50.3,50.4,53.0,57.6,61.3,64.2,66.4,67.1,66.5,57.7,57.6,56.3,54.6,53.5,53.6,54.8,56.5,30.5,25.9,23.2,23.8,27.3,31.7,34.6,34.5,33.7,29.2,26.2,24.7,24.6,25.4,27.4,31.6,34.8,36.8,36.9,35.9,31.7,32.0,30.4,27.9,25.9,25.5,27.1,29.6,277.0,276.7,275.0,272.8,271.4,271.7,273.5,275.6,286.1,283.5,279.6,274.9,272.1,271.2,271.0,271.8,273.4,276.3,279.5,283.1,275.4,274.4,273.6,273.5,274.1,275.1,275.9,276.0,199.3,197.7,194.7,192.0,191.2,192.8,195.8,198.9,201.9,198.4,195.0,191.9,190.3,190.1,190.5,191.6,192.8,194.7,197.1,199.9,197.6,196.1,194.5,193.6,194.0,195.5,197.2,198.1,30.7,90.8,247.7,0.070,0.940,-0.520,659.1,677.8,708.8,741.2,764.8,779.7,791.5,806.0,827.4,875.5,925.9,965.6,971.6,959.9,958.2,961.8,963.5,571.2,588.1,608.6,629.3,656.5,709.7,724.1,750.2,784.8,815.1,686.5,686.5,684.2,680.6,694.2,713.4,732.0,747.1,760.3,642.8,639.3,657.0,674.6,664.1,648.4,769.2,770.3,799.0,834.3,814.8,788.2,737.8,732.3,731.6,741.8,750.0,779.9,815.4,797.2,784.3,776.2,766.2,750.0,734.6,747.3,755.1,763.3,803.5,764.8,755.2,744.7,616.0,695.7,770.9,835.7,896.6,939.7,962.4,971.6,961.6,933.9,876.5,806.4,735.9,668.6,609.6,547.9,486.0,480.8,449.2,441.4,448.4,466.7,443.1,404.0,375.9,355.2,364.8,510.5,556.4,602.8,651.4,721.9,723.8,722.9,717.0,705.7,555.5,527.6,522.5,547.5,566.5,570.3,513.6,479.7,468.2,486.6,512.7,521.9,867.3,830.0,807.3,812.9,805.8,821.7,846.5,875.9,884.2,884.5,887.2,885.0,864.0,846.1,843.6,844.8,849.4,841.9,841.8,845.2,0.00,0.00,0.00,0.00,0.00,0.00,0.00,0.00,0.00,0.00,0.00,0.00,0.00,0.00,0.00,0.00,0.00,0.00,0.00,0.00,0.00,0.00,0.00,0.00,0.00,0.00,0.00,0.00,0.00,0.00,0.00,0.00,0.00,0.00,0.00
199,0,6.600,0.03,0,0.000000,0.000000,0.000000,0.000000,0.000000,0.000000,0.000,0.000,645.8,643.9,649.2,658.5,666.4,669.9,663.0,653.7,644.2,637.6,636.8,643.5,658.6,672.2,685.4,678.7,668.8,660.9,652.9,647.8,657.0,661.3,663.7,662.9,659.4,655.1,652.7,653.5,770.8,770.9,781.4,796.1,806.3,806.1,795.7,781.3,772.4,766.4,768.0,777.5,795.5,816.9,833.6,825.8,812.2,799.1,789.0,780.7,787.3,794.7,800.1,800.2,795.0,787.6,782.2,782.1,551.2,535.7,525.2,525.8,537.2,553.1,563.1,562.5,562.0,544.5,531.5,522.7,524.7,535.2,553.7,566.3,575.3,580.5,579.5,573.8,552.2,552.5,547.7,540.7,535.6,535.3,540.0,547.0,498.2,477.5,464.8,467.6,484.2,504.9,517.6,516.3,523.7,496.5,477.5,466.9,467.2,474.2,490.4,507.2,520.8,529.9,531.6,529.3,503.0,504.4,497.9,487.3,478.9,477.5,484.0,494.5,1.6,1.1,2.5,4.9,7.0,7.9,6.1,3.7,1.2,-0.7,-0.9,0.9,4.9,8.4,11.8,10.1,7.6,5.6,3.5,2.1,4.6,5.7,6.3,6.1,5.2,4.1,3.4,3.6,28.5,28.5,30.3,32.9,34.8,34.8,33.1,30.6,29.2,27.6,27.6,29.2,32.5,36.8,40.1,38.6,35.9,33.5,31.9,30.6,31.7,33.1,34.0,33.9,33.0,31.7,30.7,30.8,52.1,47.8,44.5,44.1,46.7,51.0,54.2,54.8,56.3,50.8,46.4,43.2,43.2,45.7,50.4,53.9,56.7,58.6,59.1,58.5,51.8,51.6,50.1,48.2,47.0,47.2,48.7,50.6,30.1,25.5,22.5,22.7,25.9,30.4,33.5,33.9,36.1,29.8,25.4,22.7,22.4,23.7,27.0,30.6,33.6,35.8,36.7,36.8,30.8,30.9,29.3,27.0,25.3,25.2,26.8,29.1,238.4,238.0,235.6,232.6,230.9,231.2,233.7,236.6,243.9,240.8,236.8,232.4,229.6,228.4,227.7,228.7,230.2,232.5,235.6,239.7,236.0,234.6,233.6,233.4,234.2,235.5,236.6,236.8,190.8,190.1,187.5,184.5,182.8,183.5,186.2,189.5,192.7,191.3,189.0,185.6,183.0,181.9,181.2,181.7,182.5,184.4,187.2,190.3,188.6,187.0,185.7,185.3,186.2,187.7,189.1,189.4,30.4,91.0,243.8,0.014,0.977,-0.520,674.3,690.7,716.4,744.2,764.8,779.2,792.6,807.2,828.5,875.5,926.6,964.1,968.5,957.4,958.3,962.0,963.0,571.5,589.0,609.5,629.2,658.0,710.7,722.4,749.0,783.7,812.1,687.7,686.5,682.7,677.1,696.4,716.2,734.2,747.2,759.7,646.5,640.9,659.6,680.1,668.6,652.2,769.9,766.7,795.8,833.5,814.8,787.4,739.7,734.2,732.9,743.8,751.6,780.9,816.4,795.7,782.2,774.8,764.9,748.4,736.8,747.8,755.9,764.0,803.9,765.3,755.3,744.2,640.1,721.1,796.8,862.4,921.5,962.3,983.4,989.5,975.6,944.1,883.2,810.6,737.4,667.7,607.9,547.9,486.6,489.3,454.1,443.7,450.1,469.5,444.3,403.4,374.0,353.5,363.9,512.9,557.9,603.6,651.5,730.6,731.1,729.6,724.7,714.3,563.4,530.6,525.3,556.3,576.3,580.7,520.7,480.2,466.7,489.4,517.9,529.1,877.1,839.4,816.0,821.6,815.1,830.6,853.9,886.3,893.7,893.1,895.8,894.6,873.6,854.5,852.1,853.3,857.7,853.2,852.3,855.4,0.00,0.00,0.00,0.00,0.00,0.00,0.00,0.00,0.00,0.00,0.00,0.00,0.00,0.00,0.00,0.00,0.00,0.00,0.00,0.00,0.00,0.00,0.00,0.00,0.00,0.00,0.00,0.00,0.00,0.00,0.00,0.00,0.00,0.00,0.00
200,0,6.633,0.03,0,0.000000,0.000000,0.000000,0.000000,0.000000,0.000000,0.000,0.000,627.7,630.8,638.5,646.3,649.7,647.8,638.9,631.1,628.7,625.2,623.9,629.0,640.5,651.8,661.8,656.4,648.6,641.7,636.4,632.4,637.3,640.8,644.2,645.5,644.0,640.6,637.2,635.8,762.8,764.2,776.3,791.9,802.0,800.5,788.4,772.8,755.7,753.5,757.4,769.6,788.1,806.8,824.4,814.7,801.0,787.2,774.3,764.3,780.2,787.0,792.3,793.0,788.6,781.7,776.4,775.8,572.2,558.4,549.3,550.3,560.8,575.3,583.6,582.6,587.0,570.3,557.9,550.8,551.9,562.2,579.8,590.0,597.4,601.5,601.6,597.4,574.2,574.6,570.6,564.5,559.9,559.4,563.4,569.5,515.9,496.3,484.6,487.6,503.6,523.2,534.9,533.3,527.5,508.5,495.5,488.0,488.3,493.2,505.8,519.5,529.9,536.8,538.1,535.3,519.4,520.7,515.6,507.0,500.0,498.7,503.8,512.4,-3.8,-2.9,-0.5,1.9,2.9,2.4,-0.3,-2.8,-3.6,-4.7,-5.0,-3.4,0.1,3.6,6.6,5.0,2.6,0.5,-1.1,-2.4,-0.8,0.2,1.3,1.7,1.2,0.2,-0.9,-1.3,29.5,29.8,32.3,35.6,37.7,37.5,35.0,31.8,28.2,27.4,28.0,30.4,34.4,38.6,42.7,40.5,37.4,34.4,31.7,29.9,33.4,34.9,35.9,36.0,35.1,33.7,32.6,32.5,66.3,62.1,58.8,58.3,60.9,65.1,68.3,68.9,72.0,66.3,61.5,58.6,58.4,61.0,66.0,69.3,72.0,73.8,74.7,74.5,66.2,66.0,64.5,62.6,61.5,61.7,63.2,65.1,37.5,32.7,29.6,29.9,33.4,38.1,41.3,41.5,40.8,35.8,32.3,30.0,29.8,30.8,33.8,37.0,39.4,41.3,42.1,42.1,38.0,38.1,36.7,34.6,33.1,33.0,34.3,36.4,273.6,273.9,271.6,268.0,265.2,264.8,267.3,270.9,277.6,275.8,272.1,268.9,266.1,264.0,262.8,263.8,265.4,267.4,270.6,274.6,270.5,268.9,267.9,268.0,269.2,270.8,271.8,271.7,210.4,209.8,207.6,205.0,203.6,204.2,206.4,209.3,213.2,211.1,208.4,205.1,203.1,202.5,202.6,202.7,203.1,204.2,206.8,210.3,208.5,207.4,206.4,206.2,206.8,207.9,208.9,209.2,29.0,96.8,247.9,-0.001,0.841,-0.510,635.9,657.6,692.1,734.0,767.2,786.6,799.4,812.1,838.3,894.8,933.0,960.0,959.2,952.9,960.1,966.6,964.7,583.2,593.7,612.0,626.9,652.2,669.7,690.9,739.7,791.7,837.2,674.2,665.6,656.5,648.8,671.9,685.7,705.8,729.7,753.0,630.6,624.2,639.9,661.5,650.9,634.4,751.8,760.0,786.5,822.6,801.8,775.5,722.8,730.2,732.6,744.2,756.9,786.2,820.4,795.3,777.1,762.9,750.5,734.1,721.2,747.0,756.4,770.7,810.0,757.8,742.3,730.7,647.9,725.3,803.2,869.9,927.4,966.0,988.7,1002.8,991.4,958.9,895.2,817.2,741.7,667.8,605.2,544.9,484.3,502.6,469.4,458.5,460.5,479.0,456.8,414.8,385.8,377.7,398.5,529.7,590.2,650.8,712.0,767.4,773.4,774.3,762.0,745.9,587.2,557.9,554.2,577.2,595.8,603.1,534.7,496.1,485.2,501.7,528.5,538.6,888.7,864.5,848.2,851.2,839.7,843.1,845.1,880.4,893.7,899.6,904.1,905.8,889.9,878.5,875.3,869.4,852.4,857.9,863.9,867.4,0.00,0.00,0.00,0.00,0.00,0.00,0.00,0.00,0.00,0.00,0.00,0.00,0.00,0.00,0.00,0.00,0.00,0.00,0.00,0.00,0.00,0.00,0.00,0.00,0.00,0.00,0.00,0.00,0.00,0.00,0.00,0.00,0.00,0.00,0.00
201,0,6.667,0.03,0,0.000000,0.000000,0.000000,0.000000,0.000000,0.000000,0.000,0.000,622.8,621.4,626.8,635.9,643.4,646.7,639.5,630.3,633.7,621.2,614.1,616.2,630.3,646.6,664.2,657.1,647.7,640.7,635.4,633.7,634.4,639.6,642.7,641.9,637.7,632.5,629.5,630.3,746.6,746.8,758.6,775.0,786.5,786.3,774.5,758.4,744.8,739.3,741.5,752.2,771.6,793.7,813.6,805.6,790.9,776.4,763.9,754.1,765.8,772.6,777.5,777.6,772.8,766.0,761.1,761.0,598.8,581.5,572.9,577.9,593.6,611.7,619.5,614.5,613.0,594.0,580.5,572.1,575.0,587.8,609.2,620.3,628.4,633.2,632.2,625.8,606.0,608.8,603.8,594.0,585.1,582.2,587.2,597.0,530.7,507.8,492.8,494.6,512.1,535.0,550.0,549.9,552.0,527.8,509.7,497.4,494.7,498.2,511.4,530.2,545.6,556.5,560.3,559.4,532.5,533.3,527.1,517.5,510.2,509.5,515.7,525.2,-3.9,-4.2,-2.9,-0.9,0.7,1.5,-0.1,-2.2,-1.5,-4.3,-5.8,-5.2,-2.1,1.4,5.2,3.7,1.7,0.2,-1.0,-1.4,-1.2,-0.1,0.6,0.4,-0.5,-1.7,-2.4,-2.2,21.8,21.9,23.9,26.8,28.7,28.7,26.8,24.0,21.7,20.4,20.6,22.4,25.9,30.0,33.8,32.2,29.4,26.8,24.8,23.3,25.4,26.6,27.4,27.4,26.6,25.4,24.6,24.6,54.1,49.9,47.1,47.4,50.5,54.8,57.5,57.3,59.3,54.0,49.8,46.7,46.5,48.8,53.2,56.1,58.6,60.5,61.5,61.2,55.1,55.2,53.6,51.2,49.4,49.3,50.9,53.3,35.0,30.2,26.8,26.7,29.8,34.4,37.8,38.6,39.8,34.5,30.4,27.4,26.5,27.0,29.4,33.1,36.2,38.6,40.0,40.7,34.9,34.8,33.3,31.4,30.1,30.1,31.6,33.5,198.3,196.9,193.7,190.4,189.1,190.3,193.7,197.0,205.1,202.0,197.7,192.8,189.2,187.5,186.7,188.6,191.0,193.9,197.6,201.4,195.9,194.0,192.2,191.4,192.2,194.0,195.9,196.7,179.3,179.0,176.6,173.5,171.6,171.9,174.3,177.7,181.5,180.1,177.8,174.5,172.0,170.9,170.1,170.0,170.5,172.0,174.9,178.5,176.8,175.5,174.5,174.4,175.2,176.5,177.5,177.6,27.1,101.0,245.1,0.118,0.878,-0.645,638.4,660.0,692.1,730.4,765.9,791.5,815.2,825.0,840.6,894.2,937.5,965.8,967.7,957.6,961.9,967.0,961.5,564.5,573.9,590.7,597.3,617.2,649.5,673.0,720.2,771.0,825.2,650.4,647.2,641.9,637.1,681.0,693.4,709.5,726.4,745.6,629.2,615.9,632.8,662.8,647.9,633.0,743.7,743.0,770.5,812.1,792.6,766.1,728.0,728.9,731.9,746.5,762.2,793.2,826.6,797.5,774.5,759.5,745.5,734.9,726.2,747.5,760.7,777.5,815.5,751.8,734.4,720.4,655.6,729.8,804.3,869.0,927.2,969.3,996.0,1017.0,1006.8,969.6,899.6,821.3,746.5,671.8,607.8,547.0,483.6,530.4,511.7,512.1,516.2,526.9,494.4,453.1,419.8,400.3,401.4,565.6,618.0,672.9,728.6,793.1,794.8,792.8,782.7,768.6,613.6,581.2,575.7,604.4,625.9,633.2,557.7,510.0,494.2,511.4,544.7,559.3,904.1,885.1,869.9,870.0,854.3,851.9,847.4,879.0,896.6,907.2,914.6,917.4,906.7,899.9,894.6,883.7,856.9,862.5,873.3,879.3,0.00,0.00,0.00,0.00,0.00,0.00,0.00,0.00,0.00,0.00,0.00,0.00,0.00,0.00,0.00,0.00,0.00,0.00,0.00,0.00,0.00,0.00,0.00,0.00,0.00,0.00,0.00,0.00,0.00,0.00,0.00,0.00,0.00,0.00,0.00
202,0,6.700,0.03,0,0.000000,0.000000,0.000000,0.000000,0.000000,0.000000,0.000,0.000,610.7,607.4,612.4,622.8,632.4,637.6,630.7,620.3,619.4,608.1,602.7,606.4,620.8,636.0,652.8,647.8,638.5,630.9,625.5,622.5,623.5,629.0,631.7,630.0,624.9,619.3,616.6,618.4,739.4,740.0,751.3,766.8,777.4,776.9,765.5,750.5,742.2,733.8,734.3,743.4,760.5,783.6,803.2,798.5,784.4,770.0,759.2,750.7,758.4,764.5,768.9,769.2,765.0,759.0,754.5,754.2,613.4,596.8,587.2,590.1,603.9,621.0,630.2,627.2,625.4,607.6,595.2,585.6,585.4,594.5,612.0,624.2,634.2,640.7,640.8,635.7,617.7,619.3,614.0,605.1,597.7,596.1,601.3,610.3,540.0,515.3,498.7,499.9,518.1,542.8,559.4,560.2,563.8,538.5,519.0,506.9,504.2,507.2,521.1,538.7,554.2,565.0,569.6,569.5,540.6,541.0,534.5,524.9,517.7,517.2,523.7,533.4,-7.1,-7.8,-6.5,-4.0,-1.7,-0.6,-2.2,-4.7,-5.1,-7.8,-9.0,-7.9,-4.4,-0.9,2.9,1.8,-0.4,-2.1,-3.5,-4.3,-3.9,-2.6,-1.9,-2.3,-3.6,-4.9,-5.6,-5.2,19.6,19.7,21.6,24.1,25.7,25.6,23.9,21.5,20.4,18.6,18.4,19.7,22.6,26.7,30.1,29.4,26.9,24.5,22.9,21.7,22.9,23.9,24.6,24.6,24.0,23.0,22.3,22.3,61.1,56.8,53.6,53.5,56.3,60.6,63.7,64.0,65.9,60.8,56.6,53.1,52.1,53.8,57.6,60.8,63.8,66.3,67.5,67.5,61.4,61.3,59.5,57.3,55.7,55.8,57.5,59.9,35.5,30.6,26.9,26.6,29.6,34.2,38.0,39.0,40.6,35.3,31.0,28.1,27.1,27.4,29.8,33.1,36.2,38.6,40.2,41.1,35.0,34.8,33.3,31.5,30.3,30.4,31.9,33.8,211.1,209.8,206.5,203.2,201.9,203.1,206.4,209.7,217.3,214.8,210.7,206.0,202.5,200.7,199.9,201.4,203.6,206.7,210.4,214.2,208.6,206.8,205.1,204.4,205.2,206.9,208.6,209.3,172.6,172.5,169.8,166.2,163.7,163.9,166.5,170.5,174.5,173.2,170.7,167.1,164.3,162.8,161.7,162.1,163.1,164.8,167.9,171.6,169.5,168.0,167.0,166.9,167.9,169.3,170.4,170.4,26.7,103.4,245.2,0.121,0.862,-0.669,638.0,660.3,693.8,731.1,767.8,796.6,826.3,834.4,847.7,899.4,939.6,969.7,975.2,967.7,968.2,970.5,961.8,559.3,571.3,590.1,595.3,614.8,653.4,677.0,714.4,748.1,787.9,647.3,644.2,638.9,634.3,683.8,693.5,708.5,724.6,742.2,621.5,604.9,620.9,651.6,638.0,624.2,739.4,734.9,761.2,802.9,783.9,759.3,730.2,729.9,735.1,748.9,764.6,794.4,830.6,798.6,771.2,755.7,743.7,736.4,730.0,750.9,763.2,779.8,819.0,747.2,730.7,718.1,661.6,734.3,806.6,870.8,930.9,976.5,1003.4,1024.8,1014.4,977.1,910.7,832.2,755.3,676.0,608.3,545.3,481.5,544.9,529.8,529.6,529.0,531.3,501.8,470.6,444.9,426.7,422.6,573.6,624.7,678.3,732.9,802.0,802.8,799.6,788.8,774.8,624.1,591.4,585.7,615.1,636.2,643.5,565.6,518.6,503.8,521.3,553.3,567.4,921.6,899.5,880.1,879.9,863.2,860.6,856.8,881.9,900.2,911.9,920.6,929.3,923.1,911.2,905.1,893.6,866.1,867.1,878.0,884.9,0.00,0.00,0.00,0.00,0.00,0.00,0.00,0.00,0.00,0.00,0.00,0.00,0.00,0.00,0.00,0.00,0.00,0.00,0.00,0.00,0.00,0.00,0.00,0.00,0.00,0.00,0.00,0.00,0.00,0.00,0.00,0.00,0.00,0.00,0.00
203,0,6.733,0.03,0,0.000000,0.000000,0.000000,0.000000,0.000000,0.000000,0.000,0.000,609.2,606.5,610.6,619.1,627.0,631.5,625.6,617.1,615.4,608.9,602.9,605.8,617.9,631.8,648.1,642.7,632.3,622.9,617.5,617.3,621.2,624.5,626.0,624.8,621.7,618.4,616.9,618.0,732.7,733.6,744.9,760.0,769.9,769.0,757.7,743.2,737.7,728.7,728.5,736.5,752.9,775.7,794.3,791.1,777.6,763.7,753.5,745.7,751.2,757.2,761.8,762.2,758.2,752.2,747.6,747.2,621.6,600.7,587.5,589.8,606.1,627.7,640.3,638.0,636.0,615.4,599.1,587.4,586.5,597.2,618.7,629.4,639.4,647.4,649.5,645.6,622.8,623.7,618.5,610.4,604.0,603.1,608.2,616.4,541.5,516.9,500.2,501.1,519.1,543.6,560.4,561.3,567.3,541.3,520.9,507.8,504.6,507.8,522.9,540.5,556.2,567.3,572.5,572.9,542.1,542.5,535.8,526.0,518.8,518.4,525.1,534.9,-6.8,-7.4,-6.4,-4.5,-2.7,-1.8,-3.1,-5.0,-5.6,-7.0,-8.2,-7.4,-4.7,-1.7,1.7,0.6,-1.6,-3.6,-4.9,-5.0,-4.1,-3.4,-3.0,-3.2,-3.9,-4.7,-5.0,-4.8,18.3,18.4,20.3,22.7,24.2,24.1,22.3,20.1,19.5,17.6,17.3,18.5,21.2,25.2,28.5,27.9,25.6,23.3,21.8,20.7,21.5,22.4,23.2,23.2,22.6,21.7,20.9,20.8,58.1,53.3,49.5,48.9,51.7,56.4,60.2,61.0,62.6,57.5,52.9,49.3,48.2,49.6,53.2,55.8,58.5,61.1,62.9,63.6,57.2,56.9,55.4,53.6,52.5,52.7,54.2,56.1,35.7,30.9,27.2,26.7,29.7,34.3,38.0,39.1,41.3,35.9,31.5,28.3,27.2,27.5,30.0,33.4,36.5,39.0,40.7,41.7,35.2,34.9,33.5,31.6,30.4,30.6,32.1,34.0,194.4,193.7,190.3,186.3,183.9,184.4,187.9,192.0,198.3,197.0,193.5,189.9,186.3,182.8,180.1,181.3,183.3,186.0,190.2,194.8,190.5,189.0,187.6,187.4,188.3,189.9,191.2,191.5,172.3,172.2,169.5,165.8,163.3,163.3,166.0,170.0,174.3,173.4,171.1,167.5,164.4,162.8,161.3,161.7,162.7,164.5,167.8,171.5,169.0,167.6,166.5,166.5,167.5,169.0,170.0,170.1,26.2,103.8,243.0,0.117,0.877,-0.686,638.3,664.0,700.8,739.0,774.3,802.4,832.0,838.4,848.4,897.7,938.0,971.1,979.4,973.6,972.0,969.2,955.5,561.9,570.5,588.0,593.2,612.7,653.9,678.1,713.6,743.9,781.1,645.1,642.5,637.9,634.3,684.7,692.8,707.0,722.5,739.0,618.3,600.8,616.3,646.7,633.5,620.4,734.4,728.2,754.1,795.5,776.8,752.9,732.2,730.7,735.3,748.6,763.6,793.9,830.4,797.9,768.8,753.4,742.5,737.6,731.9,751.6,763.4,779.5,818.3,743.4,727.6,715.8,666.8,740.7,813.8,878.8,939.6,985.0,1011.5,1032.7,1022.9,987.2,922.0,841.9,762.5,679.7,609.0,544.3,478.2,556.2,538.7,535.1,531.1,529.8,500.7,471.5,448.6,432.6,430.6,576.1,627.5,681.1,735.7,807.5,808.3,805.1,793.5,779.3,631.5,596.7,589.8,620.4,642.0,650.5,568.1,520.0,505.2,524.0,555.7,570.0,932.8,908.7,887.0,887.1,869.9,867.6,864.6,888.0,906.2,917.9,926.5,936.4,933.6,919.7,913.6,901.7,873.9,871.1,881.8,888.5,0.00,0.00,0.00,0.00,0.00,0.00,0.00,0.00,0.00,0.00,0.00,0.00,0.00,0.00,0.00,0.00,0.00,0.00,0.00,0.00,0.00,0.00,0.00,0.00,0.00,0.00,0.00,0.00,0.00,0.00,0.00,0.00,0.00,0.00,0.00
204,0,6.767,0.03,0,0.000000,0.000000,0.000000,0.000000,0.000000,0.000000,0.000,0.000,608.9,606.7,610.7,618.6,625.8,629.8,624.0,616.1,615.6,608.5,601.4,604.0,615.4,629.5,647.3,643.4,635.5,627.3,620.8,619.0,619.8,624.0,626.2,625.1,621.4,617.3,615.1,616.1,730.4,731.4,742.0,756.0,765.2,764.2,753.5,740.2,737.0,727.3,726.4,733.4,749.6,773.2,791.8,788.1,773.9,759.9,750.7,744.0,748.1,753.8,758.1,758.5,754.9,749.2,744.9,744.5,626.4,606.6,592.8,593.3,607.6,628.1,641.2,640.8,637.0,615.8,598.6,588.0,587.7,598.7,619.9,633.8,645.2,653.1,655.0,649.6,629.0,629.2,622.1,611.8,604.3,604.1,611.2,621.5,540.0,514.3,497.5,499.4,518.9,544.6,561.4,561.4,568.9,541.4,520.1,506.9,504.3,508.2,524.3,541.8,557.6,568.7,573.7,574.0,541.6,542.4,535.6,525.3,517.4,516.7,523.4,533.7,-7.1,-7.6,-6.6,-4.7,-3.1,-2.2,-3.5,-5.4,-5.7,-7.3,-8.8,-8.1,-5.4,-2.3,1.6,0.7,-1.0,-2.8,-4.3,-4.8,-4.5,-3.6,-3.0,-3.3,-4.1,-5.1,-5.6,-5.4,17.0,17.2,18.8,20.9,22.2,22.0,20.5,18.6,18.4,16.5,16.1,17.0,19.5,23.4,26.4,25.9,23.6,21.4,20.2,19.4,19.9,20.7,21.4,21.4,20.9,20.1,19.4,19.4,60.9,56.3,52.3,51.4,53.8,58.2,62.1,63.3,64.6,59.2,54.3,51.1,50.2,51.7,55.4,58.7,61.7,64.1,65.8,66.2,60.4,59.8,57.8,55.5,54.2,54.7,56.8,59.1,33.9,29.0,25.4,25.1,28.1,32.7,36.4,37.4,39.7,34.3,29.8,26.7,25.7,26.1,28.6,31.8,34.9,37.3,39.0,40.0,33.4,33.2,31.8,29.9,28.7,28.8,30.3,32.2,200.1,199.8,196.7,192.6,190.0,190.0,193.3,197.4,204.0,202.6,199.3,196.1,192.8,189.4,186.5,187.5,189.2,191.4,195.3,200.0,196.5,194.4,192.9,192.7,194.1,196.2,197.8,197.9,164.6,164.3,161.3,157.4,154.9,155.1,158.1,162.3,166.3,165.4,163.0,159.2,155.9,154.0,152.5,153.0,154.3,156.4,159.8,163.5,161.1,159.5,158.3,158.2,159.2,160.8,162.0,162.1,25.8,103.6,239.5,0.138,0.913,-0.713,642.5,670.1,708.5,746.6,781.8,808.7,837.3,839.1,844.9,894.9,936.8,971.6,981.8,976.0,973.5,969.7,953.5,563.0,572.5,591.7,594.9,612.6,653.9,680.0,715.2,743.5,780.4,643.9,642.1,638.0,635.2,686.2,693.3,706.7,721.0,736.4,619.7,600.6,615.1,646.4,633.1,621.3,734.3,725.2,750.5,792.6,773.9,751.1,735.1,732.0,736.2,748.7,763.9,795.3,831.1,798.4,767.4,752.2,741.8,739.7,734.8,751.6,763.1,779.1,819.1,741.5,725.8,714.6,666.3,743.4,819.8,887.2,949.1,994.9,1020.2,1041.7,1031.9,996.2,931.5,851.1,770.1,684.4,611.7,545.3,477.5,558.9,542.3,539.2,533.8,530.1,501.1,473.5,452.2,437.7,435.9,577.5,628.9,682.7,737.6,813.3,813.7,810.3,798.8,784.7,634.4,597.4,590.5,623.7,645.7,653.9,570.1,519.3,504.3,525.1,557.3,571.9,942.6,916.6,894.0,893.8,876.1,873.3,871.3,893.2,912.0,924.0,933.0,944.0,943.2,927.3,920.9,908.4,880.7,876.9,887.9,894.8,0.00,0.00,0.00,0.00,0.00,0.00,0.00,0.00,0.00,0.00,0.00,0.00,0.00,0.00,0.00,0.00,0.00,0.00,0.00,0.00,0.00,0.00,0.00,0.00,0.00,0.00,0.00,0.00,0.00,0.00,0.00,0.00,0.00,0.00,0.00
205,0,6.800,0.03,0,0.000000,0.000000,0.000000,0.000000,0.000000,0.000000,0.000,0.000,609.2,607.3,611.1,618.5,625.0,628.8,623.0,615.7,616.6,609.2,602.6,605.1,616.8,629.8,645.1,638.8,629.4,621.0,616.0,616.6,619.7,623.6,625.7,624.9,621.6,617.7,615.5,616.4,728.0,728.9,739.5,753.4,762.7,761.7,751.1,737.9,735.6,725.4,723.7,730.5,747.5,772.1,791.8,786.7,771.8,757.6,748.4,742.1,745.8,751.5,755.9,756.3,752.6,746.8,742.4,742.0,624.5,603.7,590.3,592.1,608.2,629.8,642.5,640.6,637.4,615.8,598.6,587.1,587.1,598.8,621.2,632.8,642.6,649.9,651.6,647.4,628.6,629.6,622.6,611.8,603.4,602.4,609.4,620.2,538.7,512.5,495.7,498.0,518.2,544.4,561.2,560.8,569.6,541.7,520.0,506.8,504.3,508.6,524.9,542.8,558.6,569.6,574.3,574.6,541.0,542.0,535.1,524.3,516.0,515.0,521.9,532.7,-6.8,-7.2,-6.2,-4.5,-3.1,-2.3,-3.6,-5.3,-5.3,-6.9,-8.2,-7.5,-4.9,-2.1,1.0,-0.2,-2.2,-4.0,-5.2,-5.2,-4.4,-3.5,-3.0,-3.2,-3.9,-4.8,-5.3,-5.1,16.0,16.2,17.7,19.7,21.0,20.9,19.4,17.6,17.6,15.7,15.1,15.9,18.5,22.4,25.5,24.8,22.5,20.4,19.2,18.5,18.8,19.7,20.3,20.3,19.8,19.0,18.4,18.3,58.1,53.4,49.6,48.9,51.6,56.1,59.9,60.8,62.3,56.9,52.2,48.7,47.8,49.3,53.1,55.9,58.6,61.0,62.7,63.2,57.9,57.5,55.5,53.1,51.7,52.1,54.1,56.5,32.5,27.7,24.2,24.0,27.1,31.6,35.2,36.1,38.7,33.3,28.9,25.8,24.8,25.2,27.7,30.9,33.9,36.3,38.0,38.9,32.3,32.1,30.6,28.7,27.4,27.5,29.0,31.0,192.2,191.7,188.4,184.3,181.8,182.1,185.6,189.7,196.3,194.8,191.4,187.7,184.0,180.7,178.0,179.3,181.4,184.0,188.1,192.5,188.6,186.5,184.8,184.6,185.9,188.0,189.7,190.0,159.4,159.0,156.0,152.1,149.6,150.0,153.0,157.2,161.5,160.4,157.8,153.9,150.6,148.6,147.2,147.8,149.3,151.6,154.9,158.6,155.9,154.3,153.1,152.9,153.9,155.5,156.8,156.9,25.4,103.4,236.6,0.154,0.923,-0.720,641.3,669.7,710.4,749.8,786.2,813.7,841.2,840.1,843.2,893.0,935.9,972.5,984.0,978.8,974.9,970.0,952.8,561.9,572.8,593.4,596.3,612.4,654.3,681.3,715.1,741.7,778.3,642.5,641.2,637.4,635.3,684.9,691.1,704.4,719.3,734.9,618.9,599.8,613.8,644.0,630.7,619.5,732.4,723.6,748.9,790.6,771.4,748.9,736.5,731.5,734.9,746.9,763.0,795.4,831.8,798.4,766.2,750.4,740.5,740.5,735.5,750.2,761.5,778.0,820.0,739.5,723.7,712.9,664.3,744.3,823.3,892.6,955.9,1002.6,1027.8,1049.0,1040.0,1005.5,942.3,861.7,779.5,691.4,616.6,547.1,476.7,557.0,542.2,540.6,534.9,530.1,500.6,474.6,454.5,440.0,438.0,577.6,630.0,684.8,740.8,816.7,817.5,814.3,802.7,788.6,633.7,596.7,590.0,623.9,645.6,653.2,570.3,519.3,504.5,525.7,557.8,572.0,950.1,922.7,899.1,899.4,881.2,879.2,879.5,899.8,919.0,931.2,940.1,950.8,951.0,933.5,927.2,914.8,888.6,882.6,893.5,900.4,0.00,0.00,0.00,0.00,0.00,0.00,0.00,0.00,0.00,0.00,0.00,0.00,0.00,0.00,0.00,0.00,0.00,0.00,0.00,0.00,0.00,0.00,0.00,0.00,0.00,0.00,0.00,0.00,0.00,0.00,0.00,0.00,0.00,0.00,0.00
206,0,6.833,0.03,0,0.000000,0.000000,0.000000,0.000000,0.000000,0.000000,0.000,0.000,608.1,608.0,614.0,622.6,628.7,630.5,622.8,614.3,619.5,611.6,603.6,605.1,614.8,628.0,644.4,641.9,635.4,628.7,623.4,622.1,619.2,623.7,626.7,626.6,623.3,618.8,615.8,616.0,726.3,727.5,738.0,751.7,760.6,759.5,748.9,735.9,735.4,725.0,722.7,728.7,745.0,769.5,789.1,783.8,768.7,754.8,746.3,741.0,743.9,749.5,753.9,754.4,750.8,745.2,740.8,740.3,628.6,611.0,598.5,598.4,610.9,629.0,641.0,641.0,636.6,617.8,603.1,595.3,596.1,606.1,623.4,638.1,648.9,656.0,657.6,651.4,630.9,631.0,624.5,615.2,608.4,608.3,614.8,624.2,538.5,512.3,495.5,497.8,518.0,544.2,561.0,560.7,569.4,542.0,520.2,507.0,504.5,508.7,524.8,543.3,559.3,570.3,574.9,575.1,540.7,541.7,534.8,524.2,515.9,514.9,521.8,532.5,-7.9,-7.9,-6.3,-4.2,-2.7,-2.3,-4.1,-6.3,-5.2,-7.2,-9.1,-8.6,-6.1,-2.9,1.0,0.4,-1.1,-2.7,-4.1,-4.5,-5.1,-3.9,-3.2,-3.2,-4.0,-5.2,-5.9,-5.9,15.6,15.8,17.4,19.3,20.5,20.3,18.9,17.1,17.6,15.5,14.9,15.6,18.0,21.9,24.9,24.2,21.9,19.8,18.8,18.3,18.4,19.2,19.8,19.9,19.4,18.6,18.0,17.9,66.4,62.0,58.2,57.1,59.3,63.6,67.4,68.6,70.6,65.3,60.5,57.8,57.1,58.6,61.9,65.7,68.9,71.4,73.1,73.1,66.0,65.4,63.4,61.1,59.9,60.4,62.4,64.8,32.3,27.5,24.0,23.8,26.8,31.4,34.9,35.8,38.6,33.3,28.8,25.8,24.8,25.1,27.6,30.8,33.9,36.3,38.0,38.9,32.0,31.8,30.4,28.5,27.3,27.4,28.8,30.7,216.3,216.2,213.4,209.6,207.0,206.9,209.9,213.7,223.3,221.5,217.9,214.8,211.6,208.2,205.7,206.6,208.7,211.0,215.0,219.6,213.2,211.2,209.6,209.6,210.9,212.9,214.4,214.5,158.4,158.1,155.1,151.2,148.7,149.0,152.0,156.2,161.2,160.1,157.4,153.4,150.0,147.9,146.4,147.0,148.6,151.1,154.6,158.4,154.9,153.4,152.1,152.0,153.0,154.6,155.8,156.0,25.3,103.7,235.4,0.150,0.945,-0.728,642.2,671.4,714.3,755.3,791.3,817.3,843.2,839.7,841.0,891.6,935.1,972.8,985.9,981.3,976.6,970.1,951.3,565.6,577.2,598.2,599.5,613.6,655.7,682.8,715.9,740.3,775.4,642.5,640.9,636.7,634.0,686.6,691.6,703.5,718.0,733.2,622.4,602.5,615.4,645.4,632.5,622.6,732.8,722.7,746.5,787.5,768.9,748.0,737.8,732.1,735.7,747.1,763.2,795.2,829.3,797.0,765.8,750.4,740.6,741.2,736.2,750.7,761.7,778.0,818.1,738.5,723.2,712.6,664.1,745.4,826.2,896.9,962.4,1010.5,1036.2,1057.3,1048.3,1013.9,951.0,870.1,786.8,696.5,619.4,547.8,475.2,560.8,546.2,544.5,538.1,531.6,500.3,475.0,454.8,440.6,437.3,578.2,630.3,685.2,741.3,819.7,820.1,816.6,805.2,791.1,638.1,601.1,594.1,627.1,649.0,657.0,571.3,520.3,505.6,526.2,558.3,572.5,957.9,928.7,904.2,904.2,885.9,884.1,885.3,904.9,923.3,935.6,944.9,956.9,958.9,938.7,932.0,919.4,894.5,887.2,898.1,905.5,0.00,0.00,0.00,0.00,0.00,0.00,0.00,0.00,0.00,0.00,0.00,0.00,0.00,0.00,0.00,0.00,0.00,0.00,0.00,0.00,0.00,0.00,0.00,0.00,0.00,0.00,0.00,0.00,0.00,0.00,0.00,0.00,0.00,0.00,0.00
207,0,6.867,0.03,0,0.000000,0.000000,0.000000,0.000000,0.000000,0.000000,0.000,0.000,602.7,602.5,607.9,615.7,621.4,623.0,616.1,608.3,617.4,609.5,603.7,606.2,617.8,629.2,641.0,636.9,627.9,620.9,617.1,617.5,612.8,616.2,618.6,618.5,616.0,612.6,610.2,610.3,718.4,719.6,729.9,743.1,751.6,750.3,740.1,727.5,723.7,715.3,714.8,721.9,738.1,761.1,779.5,773.8,759.1,745.2,736.1,729.9,735.2,740.7,745.0,745.6,742.1,736.6,732.3,731.7,626.7,612.1,604.0,607.3,619.9,635.2,642.5,639.3,648.0,628.3,613.6,603.2,604.8,616.9,637.0,644.9,652.1,658.1,659.8,656.5,630.1,631.6,628.0,621.5,615.9,614.5,618.0,624.5,539.3,514.3,497.8,499.2,517.9,542.8,559.4,559.9,566.9,540.3,519.4,505.9,502.8,506.5,521.5,538.8,554.0,565.0,570.3,571.4,540.9,541.6,534.7,524.4,516.6,516.0,522.8,533.2,-9.9,-9.9,-8.3,-6.2,-4.7,-4.3,-6.2,-8.3,-6.1,-8.3,-9.7,-8.8,-5.7,-2.7,0.2,-0.8,-3.1,-5.0,-6.0,-6.0,-7.1,-6.2,-5.5,-5.5,-6.2,-7.1,-7.8,-7.8,15.1,15.3,17.0,19.0,20.2,20.0,18.5,16.6,16.2,14.5,14.2,15.3,17.9,21.8,24.9,23.9,21.5,19.2,17.9,17.1,17.9,18.8,19.4,19.5,19.0,18.2,17.5,17.4,70.5,66.4,63.4,63.3,66.0,70.2,73.1,73.3,78.4,72.7,67.7,63.6,62.9,65.2,69.8,72.2,74.7,77.4,79.2,79.7,70.5,70.4,69.1,67.3,66.1,66.1,67.4,69.3,34.4,29.6,26.0,25.7,28.6,33.2,36.8,37.9,40.1,34.8,30.4,27.2,26.1,26.4,28.8,32.0,35.0,37.4,39.2,40.3,34.1,33.8,32.3,30.4,29.2,29.3,30.8,32.8,231.2,230.3,227.3,224.1,222.4,223.2,226.3,229.6,238.1,237.2,233.5,228.8,224.9,222.2,220.5,221.6,223.9,227.1,231.1,235.3,228.4,226.9,225.6,225.2,225.9,227.4,228.7,229.1,168.2,168.0,165.1,161.2,158.6,158.7,161.6,165.8,169.8,168.9,166.7,162.9,159.7,157.7,156.1,156.5,157.7,159.8,163.1,166.8,164.7,163.1,161.9,161.8,162.9,164.5,165.7,165.8,24.6,105.1,235.4,0.128,0.922,-0.724,627.0,656.5,705.5,752.0,791.4,821.2,844.6,839.9,842.4,894.5,939.0,973.5,987.0,984.3,977.2,967.0,945.6,569.6,583.2,605.9,603.4,607.6,648.9,680.6,715.6,739.0,776.6,631.6,629.6,624.4,621.9,676.3,678.6,690.0,707.4,725.1,620.0,602.3,614.2,640.5,627.7,618.9,722.3,716.2,738.6,777.4,758.4,738.7,738.9,733.3,735.7,746.1,763.4,796.3,827.2,796.4,766.9,750.4,740.5,743.1,735.7,749.3,760.4,777.4,818.3,737.2,721.9,711.8,673.4,756.4,837.9,908.5,972.6,1018.9,1044.0,1062.8,1052.6,1019.1,960.0,880.6,796.1,702.9,622.6,546.0,467.6,572.7,560.8,560.0,550.6,538.2,499.9,476.6,457.5,444.7,438.8,578.6,635.2,695.0,755.5,827.0,828.7,825.8,811.8,796.3,648.2,611.5,602.4,631.4,653.5,663.9,570.0,519.5,504.7,522.5,554.2,568.4,963.4,936.9,912.9,912.1,892.1,888.1,885.6,907.1,927.4,941.7,951.4,962.5,966.5,944.6,937.5,922.9,895.9,891.1,903.5,911.0,0.00,0.00,0.00,0.00,0.00,0.00,0.00,0.00,0.00,0.00,0.00,0.00,0.00,0.00,0.00,0.00,0.00,0.00,0.00,0.00,0.00,0.00,0.00,0.00,0.00,0.00,0.00,0.00,0.00,0.00,0.00,0.00,0.00,0.00,0.00
208,0,6.900,0.03,0,0.000000,0.000000,0.000000,0.000000,0.000000,0.000000,0.000,0.000,627.0,625.9,628.1,632.1,635.8,638.0,634.7,630.6,632.1,618.9,612.6,612.9,624.3,636.9,649.1,644.8,638.2,635.6,634.5,633.1,633.4,635.2,636.1,635.7,634.1,632.3,631.3,631.8,714.0,715.4,723.9,734.5,741.0,739.5,731.0,721.2,719.5,712.0,711.2,716.7,730.3,750.2,765.3,761.6,748.6,736.0,728.6,724.3,728.3,732.7,736.2,736.8,734.2,729.7,726.2,725.6,644.4,630.2,619.5,618.4,627.7,642.3,652.6,653.7,662.4,640.9,625.3,611.5,608.3,617.1,635.2,650.2,662.0,669.7,671.2,669.6,643.7,643.3,638.6,632.4,628.3,628.8,633.5,639.7,538.1,514.1,497.8,498.7,516.3,540.3,556.6,557.7,564.8,539.9,520.2,507.4,504.3,507.6,521.9,537.3,551.3,561.7,567.2,568.5,539.3,539.7,532.9,522.9,515.6,515.2,522.0,532.0,-3.8,-4.1,-3.5,-2.3,-1.2,-0.6,-1.5,-2.7,-2.3,-6.2,-8.0,-7.8,-4.4,-0.9,2.5,1.3,-0.5,-1.3,-1.6,-2.0,-1.9,-1.4,-1.1,-1.2,-1.7,-2.2,-2.5,-2.4,14.9,15.2,16.7,18.3,19.2,19.0,17.6,16.2,16.1,14.6,14.3,15.0,17.3,20.8,23.4,22.8,20.5,18.4,17.3,16.8,17.4,18.1,18.7,18.8,18.4,17.7,17.2,17.0,83.3,79.2,75.4,74.0,75.8,79.7,83.5,85.0,89.4,82.8,77.4,72.2,70.1,71.9,76.3,80.7,84.6,87.7,89.2,90.1,82.0,81.3,79.6,77.9,77.1,77.7,79.4,81.2,36.0,31.1,27.3,26.9,29.7,34.3,38.1,39.3,41.6,36.4,32.1,28.8,27.7,27.9,30.2,33.2,36.1,38.6,40.5,41.6,35.4,35.2,33.6,31.6,30.4,30.7,32.2,34.2,256.2,256.6,254.2,250.5,247.6,247.0,249.6,253.3,258.6,257.9,255.4,251.2,247.0,244.7,242.5,243.4,245.1,247.8,250.9,254.6,252.7,251.1,250.1,250.2,251.5,253.1,254.1,254.0,176.8,176.7,173.7,169.5,166.6,166.6,169.6,174.1,177.7,177.3,175.1,171.3,167.7,165.3,163.4,163.9,165.2,167.4,170.9,174.7,172.9,171.2,169.9,169.9,171.1,172.9,174.1,174.1,25.1,107.5,238.2,0.066,0.968,-0.723,643.6,667.0,711.7,755.9,790.5,819.4,842.4,836.2,838.3,889.1,935.9,968.7,985.1,987.9,981.2,969.0,947.7,593.4,601.5,619.6,611.9,610.2,650.5,682.1,717.1,737.5,772.1,628.8,625.9,619.5,615.8,676.2,675.4,684.9,701.9,719.6,633.5,616.0,625.0,647.7,636.7,630.8,717.9,710.9,729.9,765.6,747.8,731.8,744.2,734.5,736.3,744.1,759.3,791.8,820.4,794.3,766.6,751.3,743.6,747.3,739.6,747.8,757.1,771.7,814.1,736.6,723.5,715.0,698.5,777.7,855.0,921.6,983.8,1029.4,1055.3,1072.5,1059.4,1027.1,970.9,893.5,807.7,712.2,629.1,549.8,467.5,594.9,580.1,575.4,560.2,541.5,500.8,476.4,458.3,448.0,441.6,579.3,636.9,697.7,759.0,830.8,832.4,828.9,812.7,795.6,662.6,622.6,610.5,636.0,659.0,673.1,569.7,519.0,504.1,521.4,551.4,565.7,970.3,942.6,918.4,916.5,896.4,890.3,885.6,910.0,930.9,946.0,955.7,967.5,972.5,948.3,940.6,925.4,895.4,895.5,908.5,915.8,0.00,0.00,0.00,0.00,0.00,0.00,0.00,0.00,0.00,0.00,0.00,0.00,0.00,0.00,0.00,0.00,0.00,0.00,0.00,0.00,0.00,0.00,0.00,0.00,0.00,0.00,0.00,0.00,0.00,0.00,0.00,0.00,0.00,0.00,0.00
209,0,6.933,0.03,0,0.000000,0.000000,0.000000,0.000000,0.000000,0.000000,0.000,0.000,633.3,634.6,638.7,643.2,645.5,645.7,640.1,635.6,645.3,634.3,625.4,625.2,634.5,646.2,659.7,654.4,647.2,642.8,643.4,645.1,641.0,643.5,645.7,646.3,645.0,642.5,640.3,639.7,711.3,713.1,721.9,732.6,738.8,737.0,728.2,718.3,717.4,710.1,708.9,713.8,727.6,747.2,762.3,757.5,744.1,731.5,724.3,721.3,725.7,730.2,734.0,734.8,732.1,727.6,723.8,723.0,649.0,629.1,614.9,614.9,628.9,649.6,663.1,663.1,668.4,643.9,625.3,611.3,606.9,615.2,634.3,649.7,662.5,672.0,676.3,675.8,652.6,652.5,644.6,633.6,625.9,626.0,633.8,644.8,536.6,511.8,494.9,495.7,513.8,538.5,555.4,556.7,566.8,541.9,522.1,508.3,504.5,507.4,521.6,538.0,552.7,563.8,569.6,571.0,538.1,538.5,531.3,520.7,513.0,512.7,519.9,530.4,-1.5,-1.2,-0.3,0.7,1.2,1.2,0.0,-1.0,1.2,-1.3,-3.3,-3.3,-1.2,1.3,4.2,3.1,1.5,0.6,0.8,1.2,0.2,0.8,1.3,1.4,1.1,0.5,0.1,-0.1,13.8,14.1,15.6,17.2,18.0,17.6,16.3,14.9,15.1,13.7,13.3,13.9,16.1,19.4,21.8,21.0,18.8,16.7,15.8,15.6,16.2,16.9,17.5,17.6,17.2,16.6,16.0,15.8,65.9,61.4,57.2,55.9,58.1,62.4,66.5,68.0,71.5,65.7,60.6,56.5,54.3,55.1,58.3,61.9,65.4,68.5,70.7,72.0,65.4,64.6,62.3,59.9,58.7,59.5,61.8,64.2,34.1,29.4,25.6,25.2,28.0,32.5,36.2,37.4,40.4,35.4,31.2,27.9,26.5,26.6,28.8,31.8,34.8,37.3,39.2,40.4,33.7,33.4,31.8,29.8,28.6,28.9,30.5,32.5,199.6,199.6,196.5,192.1,188.9,188.6,192.0,196.4,202.8,202.4,199.9,196.6,192.6,189.0,186.0,187.1,189.3,192.1,195.6,199.4,195.6,193.2,191.5,191.5,193.3,195.7,197.4,197.3,169.2,169.2,166.3,162.2,159.2,159.2,162.1,166.5,170.8,170.5,168.4,164.4,160.6,158.0,156.0,156.5,157.9,160.2,163.8,167.7,165.4,163.7,162.4,162.4,163.7,165.5,166.7,166.7,25.4,108.3,237.8,0.033,1.022,-0.726,665.3,684.5,722.1,761.7,788.7,814.7,835.8,831.2,834.2,881.2,927.5,959.7,981.4,990.8,986.7,972.3,948.1,602.7,608.3,624.9,616.3,613.4,653.0,684.8,718.6,735.9,767.1,631.1,627.5,619.7,615.0,675.2,675.0,685.9,700.7,716.2,645.8,628.4,635.4,657.4,646.3,642.2,716.2,707.5,726.1,761.8,743.6,727.8,748.8,736.3,737.2,742.7,754.2,785.3,813.3,791.3,766.1,753.5,748.0,751.8,744.0,748.7,755.6,766.4,807.9,735.7,725.4,718.6,731.0,804.7,876.4,938.8,997.4,1042.4,1069.6,1086.0,1070.3,1036.8,980.1,903.2,816.0,718.9,632.8,552.5,469.9,596.8,583.3,579.2,562.8,542.6,501.2,475.7,458.8,449.6,441.4,583.3,639.1,697.9,757.1,833.2,833.7,828.9,813.3,797.6,667.5,624.5,611.0,637.2,661.4,676.7,570.7,519.3,503.8,522.0,551.8,566.9,975.3,946.2,920.6,918.3,899.1,892.6,887.6,915.3,936.7,950.9,960.2,972.0,975.9,950.8,942.9,928.2,897.0,900.3,912.1,919.1,0.00,0.00,0.00,0.00,0.00,0.00,0.00,0.00,0.00,0.00,0.00,0.00,0.00,0.00,0.00,0.00,0.00,0.00,0.00,0.00,0.00,0.00,0.00,0.00,0.00,0.00,0.00,0.00,0.00,0.00,0.00,0.00,0.00,0.00,0.00
210,0,6.967,0.03,0,0.000000,0.000000,0.000000,0.000000,0.000000,0.000000,0.000,0.000,675.1,674.5,674.4,675.0,675.8,677.7,676.6,676.0,688.2,675.3,666.2,662.4,668.8,678.1,688.4,683.3,677.5,676.7,680.4,684.1,679.1,679.6,679.7,679.3,678.7,678.2,678.1,678.5,709.3,709.1,717.2,728.8,737.2,737.4,729.3,718.6,723.3,711.1,703.9,704.3,716.6,736.5,754.7,745.8,733.3,724.6,722.2,723.4,724.7,729.8,733.4,733.3,729.6,724.5,720.9,721.0,631.2,613.5,604.1,608.7,624.5,643.2,651.5,647.0,653.0,631.3,616.2,603.8,602.2,611.7,630.6,642.8,652.5,659.4,660.9,659.2,639.9,642.4,636.2,625.2,615.6,613.1,619.2,630.3,522.4,497.5,480.9,482.2,500.7,525.6,542.2,542.9,554.7,532.2,514.3,503.6,501.0,503.3,512.5,531.8,547.4,557.6,560.6,560.0,524.4,525.0,517.7,506.7,498.5,497.9,505.3,516.3,8.5,8.3,8.1,8.1,8.2,8.7,8.6,8.6,11.8,8.6,6.3,5.3,6.6,8.7,10.9,9.8,8.6,8.6,9.6,10.7,9.3,9.3,9.2,9.1,9.1,9.1,9.1,9.2,13.2,13.1,14.4,16.2,17.4,17.5,16.3,14.7,16.4,13.9,12.2,12.0,13.9,17.2,20.2,18.8,16.9,15.6,15.5,16.1,15.8,16.5,17.1,17.0,16.5,15.7,15.2,15.2,65.7,61.1,57.8,57.7,60.7,65.2,68.5,68.8,71.9,66.3,61.8,57.5,55.8,57.1,60.8,64.2,67.4,70.2,71.7,72.4,66.7,66.4,64.3,61.5,59.7,59.9,62.0,64.8,30.9,26.1,22.5,22.2,25.2,29.7,33.3,34.3,38.3,33.6,29.5,26.8,25.7,25.6,26.9,30.6,33.9,36.5,37.9,38.7,30.6,30.4,28.8,26.8,25.5,25.6,27.2,29.3,212.1,211.0,207.3,203.1,200.9,201.6,205.6,209.8,214.8,213.9,211.2,206.5,201.7,198.7,196.5,198.7,201.6,205.2,208.6,211.8,208.4,205.8,203.6,203.1,204.5,207.1,209.4,209.9,166.5,166.2,163.2,159.2,156.5,156.8,159.9,164.2,172.3,170.5,167.5,163.4,159.4,156.3,154.2,155.7,158.3,161.7,165.4,169.2,163.0,161.2,159.8,159.7,160.9,162.6,164.0,164.1,28.8,96.8,212.7,0.980,1.327,-1.683,880.2,908.8,942.8,957.4,930.2,903.5,871.3,839.3,839.0,874.0,924.1,955.7,977.9,989.7,984.5,972.3,956.5,665.4,639.8,643.9,635.8,630.2,667.5,697.7,721.1,725.9,747.0,640.8,638.6,628.9,622.5,692.3,691.4,697.3,698.9,698.8,687.5,668.0,668.1,690.2,676.3,680.5,724.1,703.1,717.7,751.7,733.7,722.2,784.2,746.7,741.0,740.9,745.4,775.6,812.8,786.1,760.4,752.8,754.9,771.5,778.4,754.2,757.0,760.6,801.7,729.3,724.7,724.0,685.3,771.8,859.2,943.1,1018.6,1073.2,1102.3,1115.3,1091.9,1049.0,980.2,910.3,828.9,737.9,645.1,555.6,463.6,605.6,585.8,574.8,561.6,546.3,504.9,476.6,458.9,448.0,442.3,589.9,635.9,684.7,735.0,829.2,822.3,814.8,805.4,794.1,655.8,614.5,599.6,627.4,653.2,665.0,558.9,513.6,498.8,515.7,545.2,560.1,985.2,948.7,918.4,916.2,897.9,894.4,896.1,919.0,941.1,956.1,964.7,976.4,979.7,953.5,944.5,928.7,905.1,900.4,913.5,921.8,0.00,0.00,0.00,0.00,0.00,0.00,0.00,0.00,0.00,0.00,0.00,0.00,0.00,0.00,0.00,0.00,0.00,0.00,0.00,0.00,0.00,0.00,0.00,0.00,0.00,0.00,0.00,0.00,0.00,0.00,0.00,0.00,0.00,0.00,0.00
211,0,7.000,0.03,0,0.000000,0.000000,0.000000,0.000000,0.000000,0.000000,0.000,0.000,750.4,748.6,742.8,736.2,732.9,735.9,740.6,747.1,774.7,755.7,736.4,724.9,725.1,732.5,743.6,740.9,737.5,740.9,752.5,766.0,749.1,746.3,743.7,743.0,744.4,747.3,749.8,750.6,722.1,721.9,727.2,735.0,740.7,740.9,735.6,729.0,735.1,723.0,715.9,715.0,725.4,744.0,760.2,749.7,736.0,727.9,728.1,732.5,734.5,737.8,740.1,740.0,737.6,734.2,731.9,732.0,596.6,568.2,555.1,564.9,591.8,621.9,633.3,623.5,618.1,601.4,591.9,584.8,585.6,595.8,613.3,627.3,636.6,641.4,639.3,631.8,607.1,611.3,605.6,593.3,581.7,577.5,583.2,595.4,521.9,494.3,476.6,479.1,500.3,527.9,545.6,545.2,551.4,525.7,506.2,496.3,495.7,500.5,511.8,531.7,547.3,557.2,559.2,557.7,524.6,525.6,518.1,506.5,497.5,496.5,504.0,515.7,18.0,17.5,16.1,14.6,13.9,14.5,15.7,17.2,22.5,19.1,15.6,13.3,12.9,13.6,15.0,14.9,14.8,15.8,18.1,20.7,17.2,16.6,16.0,15.8,16.1,16.8,17.4,17.6,14.4,14.3,14.9,15.8,16.4,16.5,16.0,15.4,17.2,14.8,13.3,12.8,14.1,16.8,19.1,17.7,15.8,14.8,15.2,16.4,16.1,16.5,16.7,16.7,16.4,16.0,15.8,15.8,38.6,33.6,30.6,31.1,34.7,39.5,42.6,42.4,43.0,39.8,37.5,35.3,34.2,34.7,36.6,39.5,42.1,44.1,44.9,44.6,39.1,39.2,37.8,35.8,34.2,34.0,35.3,37.4,28.4,23.5,19.9,19.8,22.8,27.4,31.0,31.9,34.5,29.5,25.6,23.2,22.5,22.7,24.1,27.6,30.8,33.2,34.4,35.0,28.1,27.9,26.4,24.4,23.1,23.2,24.7,26.8,142.7,141.3,137.2,132.9,130.9,132.0,136.4,140.7,145.9,144.4,141.5,137.3,132.5,128.8,126.5,129.3,133.1,137.1,140.6,143.7,138.3,136.5,134.7,134.1,134.9,136.8,138.5,139.2,153.4,153.0,149.7,145.3,142.5,142.9,146.2,150.9,157.9,156.1,152.9,148.9,144.8,141.4,138.9,140.8,143.7,147.4,151.2,155.0,149.3,147.5,146.0,145.9,147.1,148.9,150.3,150.5,33.5,86.6,194.7,1.959,1.213,-2.582,1045.3,1068.9,1094.3,1097.4,1065.6,1021.1,963.8,898.9,870.5,889.8,936.6,969.7,991.8,994.5,991.6,987.6,977.8,767.1,718.6,699.5,672.9,646.7,653.7,688.8,712.5,726.5,758.5,652.2,649.5,637.1,627.1,710.5,706.6,703.6,697.3,689.4,773.9,739.3,726.9,741.0,734.0,751.4,736.3,715.1,726.6,758.0,737.0,729.3,823.4,757.4,732.7,727.8,724.7,759.1,810.6,773.3,745.9,749.5,757.2,792.0,812.0,751.5,748.1,744.3,798.3,715.6,720.0,725.8,601.0,698.3,798.2,893.4,979.3,1043.6,1080.4,1106.7,1095.0,1055.5,989.5,925.4,847.9,757.0,659.1,562.6,464.1,561.8,547.8,543.5,538.7,533.7,499.1,470.7,449.2,436.5,434.3,590.2,632.9,678.3,725.9,821.7,814.9,808.5,801.5,791.6,625.3,590.2,578.9,611.4,635.8,642.6,555.7,507.7,494.9,511.5,544.4,559.1,981.1,942.5,910.0,910.6,895.7,899.2,907.8,931.7,953.9,964.4,971.4,978.8,974.6,949.6,942.3,931.3,914.9,906.9,915.8,922.9,0.00,0.00,0.00,0.00,0.00,0.00,0.00,0.00,0.00,0.00,0.00,0.00,0.00,0.00,0.00,0.00,0.00,0.00,0.00,0.00,0.00,0.00,0.00,0.00,0.00,0.00,0.00,0.00,0.00,0.00,0.00,0.00,0.00,0.00,0.00
212,0,7.033,0.03,0,0.000000,0.000000,0.000000,0.000000,0.000000,0.000000,0.000,0.000,774.6,769.1,760.7,754.2,753.5,760.4,767.4,773.9,801.4,784.2,762.0,748.7,747.2,751.2,759.9,758.5,756.0,758.6,770.8,788.9,773.5,770.8,767.4,765.1,765.3,768.0,771.5,773.8,733.4,733.3,735.9,739.7,742.4,742.5,739.9,737.6,743.7,731.8,724.3,722.3,730.4,746.7,761.1,751.7,739.5,732.5,734.1,739.8,741.9,743.6,744.7,744.7,743.5,741.8,740.7,740.7,588.8,557.3,540.0,547.0,574.2,607.1,623.0,616.0,604.8,586.0,573.3,564.4,566.2,579.7,604.1,613.0,620.6,625.6,623.8,616.4,595.1,597.9,590.8,577.9,566.9,564.0,571.2,584.0,520.3,492.6,475.3,478.5,500.3,528.0,545.3,544.3,546.2,520.9,502.4,493.8,494.2,499.7,511.2,530.2,544.8,553.9,555.2,553.0,524.5,525.9,518.2,505.9,496.2,494.8,502.5,514.8,20.7,19.8,18.0,16.4,16.0,17.0,18.6,20.3,25.5,22.6,18.7,16.2,15.4,15.5,16.3,16.5,16.6,17.5,19.9,23.2,19.9,19.2,18.5,18.1,18.3,18.9,19.7,20.1,16.5,16.4,16.5,16.6,16.8,16.8,16.8,17.0,18.7,16.4,14.7,14.0,15.0,17.2,19.2,18.0,16.3,15.6,16.3,17.7,17.5,17.6,17.6,17.5,17.5,17.4,17.4,17.4,35.3,30.2,26.8,26.9,30.2,35.0,38.4,38.7,38.7,35.4,32.8,30.5,29.6,30.6,33.2,35.2,37.3,39.2,40.1,39.9,35.0,34.9,33.5,31.5,30.2,30.2,31.6,33.6,28.3,23.4,19.8,19.8,23.0,27.6,31.2,32.0,33.6,28.7,24.9,22.8,22.2,22.6,24.0,27.4,30.4,32.7,33.7,34.2,28.2,28.1,26.5,24.4,23.0,23.1,24.6,26.8,134.9,134.1,130.4,125.9,123.4,123.8,127.9,132.3,138.5,137.2,134.5,130.4,125.7,121.9,119.0,121.7,125.2,129.2,133.0,136.1,130.2,128.4,126.9,126.6,127.6,129.4,130.9,131.3,154.6,154.1,150.5,146.0,143.1,143.6,147.2,152.0,157.8,156.0,152.9,148.9,144.9,141.3,138.7,140.7,143.8,147.5,151.2,154.9,150.3,148.2,146.7,146.4,147.7,149.7,151.3,151.5,34.9,83.6,191.2,2.112,1.158,-2.695,1098.8,1113.7,1131.2,1127.8,1100.9,1057.3,998.9,923.1,885.4,895.6,943.4,977.4,1001.0,1002.0,1001.5,1006.1,1005.8,799.1,745.6,721.2,689.9,656.1,662.1,697.4,716.7,725.9,749.3,656.5,653.3,639.2,626.9,715.5,708.9,702.7,692.8,682.4,802.8,762.8,747.2,755.3,751.8,772.8,744.6,722.5,732.4,761.5,739.9,734.2,831.5,756.5,724.9,718.5,713.6,748.9,804.7,765.4,737.3,744.8,754.6,793.5,817.7,746.1,740.3,734.6,793.8,708.2,715.5,723.6,574.1,670.1,768.1,862.0,948.8,1017.1,1060.0,1095.6,1091.9,1057.3,994.2,932.9,857.8,771.0,676.6,582.6,485.4,542.9,533.6,533.1,531.0,528.5,497.1,473.6,453.4,437.9,433.3,583.1,628.0,675.1,724.4,813.0,808.6,804.1,797.5,787.5,607.1,574.7,564.8,599.3,621.2,626.3,550.2,503.2,492.8,510.7,542.3,554.8,970.2,930.7,898.5,900.4,886.7,894.8,909.6,932.6,953.8,962.8,968.6,974.1,964.1,940.0,933.9,924.9,915.0,902.9,910.5,916.7,0.00,0.00,0.00,0.00,0.00,0.00,0.00,0.00,0.00,0.00,0.00,0.00,0.00,0.00,0.00,0.00,0.00,0.00,0.00,0.00,0.00,0.00,0.00,0.00,0.00,0.00,0.00,0.00,0.00,0.00,0.00,0.00,0.00,0.00,0.00
213,0,7.067,0.03,0,0.000000,0.000000,0.000000,0.000000,0.000000,0.000000,0.000,0.000,813.7,809.7,796.1,781.1,773.3,778.2,790.9,805.9,839.8,819.7,795.1,778.6,771.2,769.7,773.6,772.5,772.5,779.5,797.8,821.2,805.4,798.2,791.7,789.8,793.6,800.8,807.3,809.2,747.7,747.6,747.7,747.9,748.0,748.1,748.0,749.3,757.5,746.9,737.9,732.9,738.2,750.4,763.6,755.3,746.0,740.6,742.9,750.9,752.3,752.4,752.4,752.4,752.3,752.2,752.1,752.2,555.7,518.9,498.3,505.9,537.3,575.9,594.6,587.0,569.4,554.5,543.5,534.7,533.2,541.4,558.8,569.4,577.9,583.8,583.7,578.6,566.1,569.9,559.9,542.1,526.9,523.1,533.1,550.9,511.9,487.2,473.7,479.4,500.9,525.6,539.1,535.3,532.0,511.9,497.6,490.2,491.5,497.2,510.0,523.5,533.4,539.7,540.8,538.7,518.0,520.4,514.7,504.2,495.0,492.6,498.4,508.9,24.3,23.6,21.1,18.3,16.9,17.6,20.0,22.8,28.6,25.4,21.5,18.6,17.0,16.2,16.2,16.5,17.1,18.6,21.7,25.5,22.3,21.0,19.8,19.5,20.2,21.5,22.7,23.1,20.7,20.6,20.1,19.6,19.3,19.5,19.9,20.7,23.0,20.8,18.7,17.3,17.7,19.5,21.4,20.3,19.0,18.5,19.4,21.4,21.0,20.8,20.6,20.5,20.6,20.9,21.1,21.1,27.4,22.1,18.7,19.0,22.5,27.5,31.0,31.2,30.0,27.5,25.4,23.5,22.4,22.6,24.1,26.1,28.1,29.9,30.8,30.8,27.8,27.8,26.1,23.7,21.9,21.8,23.5,26.0,29.2,24.3,21.2,21.7,25.2,29.8,33.0,33.3,33.7,29.5,26.3,24.2,23.8,24.2,26.0,28.7,31.1,33.0,34.1,34.4,29.6,29.7,28.3,26.3,24.8,24.7,26.0,28.1,122.6,121.7,118.1,113.7,111.2,111.6,115.7,120.1,125.2,123.8,121.3,117.6,113.1,109.3,106.2,109.1,112.8,116.8,120.4,123.1,118.1,115.9,114.2,113.7,114.9,117.1,118.9,119.3,168.3,167.3,163.4,159.0,156.5,157.5,161.3,166.0,171.5,170.1,167.2,162.8,158.1,154.2,151.4,153.7,156.9,160.7,164.8,168.5,163.8,161.9,160.3,159.9,160.9,162.8,164.5,164.9,43.2,101.4,227.3,-1.214,1.498,0.186,1183.8,1188.4,1199.2,1190.8,1162.8,1108.5,1034.5,938.6,890.1,891.6,944.0,981.2,1001.4,1001.3,1002.2,1022.2,1042.9,859.0,789.4,749.6,705.0,660.5,686.2,710.5,724.2,731.0,746.3,669.6,662.0,644.1,626.9,726.6,708.6,694.3,682.5,672.1,839.6,792.4,773.0,773.4,775.5,797.4,757.2,735.6,740.3,764.3,744.2,743.5,836.1,759.4,722.5,713.1,711.6,742.0,794.2,760.1,737.3,744.9,756.9,796.3,817.7,741.9,732.3,729.9,790.0,710.2,716.8,727.9,527.7,632.4,738.0,834.5,925.3,995.4,1040.7,1081.8,1087.0,1062.4,1000.9,937.8,861.5,778.3,694.0,609.5,522.0,504.4,493.1,494.7,500.4,512.7,495.3,474.8,454.9,436.5,437.0,557.2,609.7,662.3,717.2,789.5,792.6,794.1,786.5,773.3,565.3,542.1,535.3,564.9,579.3,582.1,533.9,496.9,493.1,510.3,532.5,538.5,954.3,911.0,881.0,886.0,873.3,888.6,914.9,931.1,951.0,959.5,963.4,966.2,949.1,921.9,918.2,912.0,916.5,898.2,906.1,910.5,0.00,0.00,0.00,0.00,0.00,0.00,0.00,0.00,0.00,0.00,0.00,0.00,0.00,0.00,0.00,0.00,0.00,0.00,0.00,0.00,0.00,0.00,0.00,0.00,0.00,0.00,0.00,0.00,0.00,0.00,0.00,0.00,0.00,0.00,0.00
214,0,7.100,0.03,0,0.000000,0.000000,0.000000,0.000000,0.000000,0.000000,0.000,0.000,843.3,838.2,828.3,819.3,816.5,821.7,831.5,840.5,897.4,881.1,866.1,850.7,838.1,828.5,820.6,829.8,842.1,855.0,868.7,882.8,838.4,833.2,827.5,824.5,826.1,831.3,837.0,839.9,772.5,769.7,765.5,762.3,761.9,764.6,768.8,773.8,781.5,768.9,758.6,752.4,755.6,765.9,777.6,770.2,763.1,760.5,765.0,774.0,773.8,772.2,770.2,768.9,769.1,770.7,772.7,774.0,548.1,541.2,545.4,558.2,572.1,580.8,574.8,562.0,549.1,538.5,531.9,529.8,535.2,545.7,559.8,564.8,563.7,563.4,559.7,555.4,562.6,569.2,571.1,567.3,560.0,553.5,551.5,555.3,515.0,491.0,477.9,483.2,504.0,527.9,541.1,537.4,530.1,510.2,496.8,491.4,494.1,501.0,513.1,526.8,536.3,541.7,541.1,537.5,522.3,525.0,518.5,506.6,496.3,493.5,500.0,511.9,-55.3,-54.7,-52.6,-50.3,-49.2,-50.0,-51.9,-54.1,-71.0,-66.4,-62.3,-58.1,-54.7,-52.2,-50.1,-51.6,-54.2,-57.3,-61.1,-65.6,-54.2,-52.8,-51.6,-51.2,-51.9,-53.2,-54.4,-54.8,26.1,25.4,24.1,22.8,22.4,23.0,24.4,26.0,28.3,25.5,23.1,21.3,21.3,22.7,24.3,23.4,22.6,22.7,24.1,26.3,25.7,25.1,24.4,24.1,24.3,25.0,25.6,25.9,-51.1,-50.0,-51.8,-55.7,-59.2,-60.7,-58.2,-54.5,-52.1,-49.1,-47.4,-46.8,-48.4,-51.4,-55.4,-55.7,-54.6,-54.2,-53.4,-52.8,-55.3,-57.2,-58.1,-57.5,-55.7,-53.8,-52.9,-53.6,30.5,25.7,22.6,23.0,26.5,31.1,34.3,34.5,34.0,29.7,26.6,24.9,24.8,25.4,27.0,30.0,32.4,34.2,34.9,34.9,31.2,31.3,29.7,27.4,25.7,25.5,27.0,29.4,-237.8,-241.3,-244.6,-245.7,-244.0,-240.7,-237.3,-236.2,-241.2,-240.8,-241.0,-241.2,-241.5,-242.2,-242.8,-238.0,-234.7,-233.3,-233.8,-236.3,-238.9,-239.4,-241.0,-242.8,-243.8,-243.4,-241.8,-239.9,172.4,171.5,167.7,163.3,160.9,161.8,165.6,170.2,174.7,173.1,170.1,166.0,161.5,157.6,154.6,157.4,160.9,164.8,168.6,172.0,168.2,166.0,164.1,163.6,164.9,167.0,168.9,169.4,41.1,74.5,178.4,2.490,0.960,-2.998,1316.8,1308.5,1306.9,1283.8,1246.9,1170.8,1067.2,949.7,899.8,900.7,951.5,981.2,998.2,997.2,999.1,1026.4,1049.3,971.3,882.2,818.1,751.9,689.0,720.6,728.6,731.7,728.3,735.5,701.4,686.9,663.5,641.5,750.6,729.0,709.3,692.5,675.3,912.4,859.6,834.1,825.3,836.5,864.3,781.8,758.0,757.9,774.4,762.3,767.2,850.1,770.9,727.6,715.4,713.2,738.3,785.9,755.2,731.2,739.7,754.3,799.8,831.7,746.0,734.2,730.2,782.5,709.4,716.3,731.2,522.6,631.4,736.5,833.2,921.2,989.8,1033.9,1078.3,1087.4,1062.6,1003.5,944.2,868.0,782.3,694.5,608.1,521.1,505.7,476.4,471.2,479.5,500.3,491.5,470.4,452.2,438.3,451.9,549.3,604.1,658.3,715.3,782.2,785.9,789.4,782.2,770.5,550.5,531.1,525.2,555.8,567.5,568.3,532.0,497.6,496.7,513.9,534.0,538.2,946.4,899.0,870.6,876.8,863.9,883.5,916.5,929.1,947.9,955.8,959.4,961.4,940.0,912.8,910.3,904.8,915.5,892.4,900.4,904.4,0.00,0.00,0.00,0.00,0.00,0.00,0.00,0.00,0.00,0.00,0.00,0.00,0.00,0.00,0.00,0.00,0.00,0.00,0.00,0.00,0.00,0.00,0.00,0.00,0.00,0.00,0.00,0.00,0.00,0.00,0.00,0.00,0.00,0.00,0.00
215,0,7.133,0.03,0,0.000000,0.000000,0.000000,0.000000,0.000000,0.000000,0.000,0.000,944.6,937.4,924.7,914.0,911.6,919.2,931.5,942.2,999.0,980.0,962.7,949.3,935.4,920.4,907.2,909.7,918.4,932.5,952.5,974.6,938.1,932.8,926.5,923.0,924.3,929.6,935.9,939.4,804.7,800.1,790.7,782.0,779.2,783.9,793.3,803.9,811.4,798.0,785.9,776.1,774.8,780.8,789.1,785.7,782.3,782.7,790.3,802.0,801.0,796.6,791.9,789.5,791.0,795.5,800.2,802.5,517.9,535.0,538.5,526.1,505.3,486.4,484.7,497.0,540.7,533.2,530.7,528.5,528.4,528.0,528.5,530.8,536.5,540.3,541.8,541.5,504.5,498.5,500.2,508.4,518.5,524.4,522.7,514.5,509.9,486.0,473.8,480.3,501.8,525.7,537.9,533.0,521.1,502.0,490.5,487.6,492.7,501.3,515.1,526.6,534.3,538.0,535.4,529.8,519.0,522.6,516.3,503.6,492.2,488.5,494.9,507.5,-81.3,-78.5,-73.8,-69.9,-69.0,-71.6,-76.3,-80.3,-95.4,-90.6,-86.0,-82.1,-77.8,-72.6,-67.6,-69.5,-72.9,-77.8,-83.8,-89.6,-78.2,-76.2,-73.9,-72.7,-73.1,-75.0,-77.3,-78.6,32.4,31.3,28.8,26.5,25.6,26.7,29.0,31.8,34.0,31.0,28.2,25.7,24.8,25.2,26.2,26.1,26.1,26.8,28.9,31.7,30.9,29.7,28.4,27.9,28.4,29.6,30.9,31.4,-42.1,-46.2,-46.3,-42.4,-36.9,-32.4,-32.6,-36.4,-48.0,-46.1,-45.5,-44.8,-44.3,-43.5,-42.6,-44.0,-46.3,-47.9,-48.7,-48.6,-37.9,-36.1,-36.2,-38.1,-40.7,-42.6,-42.5,-40.6,29.5,24.6,21.8,22.5,26.1,30.7,33.7,33.6,31.9,27.9,25.2,24.1,24.4,25.3,27.3,29.9,32.0,33.4,33.7,33.2,30.5,30.8,29.3,26.8,24.8,24.5,26.0,28.5,-233.4,-231.0,-226.8,-223.2,-222.3,-224.3,-228.9,-232.6,-232.6,-233.2,-233.1,-232.4,-230.4,-226.4,-221.3,-225.4,-229.3,-232.6,-234.6,-234.4,-229.5,-227.8,-225.8,-224.6,-225.0,-226.7,-228.7,-229.8,172.1,171.1,167.4,163.3,161.1,162.1,165.7,170.0,173.4,171.9,169.2,165.2,160.7,156.8,153.9,156.8,160.5,164.4,168.0,171.1,168.0,165.8,163.9,163.3,164.5,166.7,168.6,169.2,-401.9,-635.8,-1440.2,-0.776,-1.339,2.639,1518.7,1492.5,1474.1,1430.7,1374.5,1266.4,1117.7,970.6,912.7,909.7,969.4,990.4,999.1,986.8,985.1,1019.3,1049.7,1118.0,1003.9,908.7,808.5,707.9,746.0,744.1,738.5,728.8,736.8,731.1,707.3,673.6,642.1,768.0,739.9,711.4,689.7,668.3,1015.9,954.7,920.7,900.2,921.2,955.2,810.1,784.1,777.2,784.6,781.5,794.9,878.3,790.9,733.1,719.1,718.2,738.7,780.8,750.6,728.4,737.3,752.4,809.9,858.1,747.6,735.1,731.5,782.3,712.2,717.6,734.6,515.3,642.2,764.6,872.2,964.0,1026.2,1056.8,1095.0,1103.3,1078.4,1018.9,960.3,879.4,786.4,694.1,606.3,519.8,503.1,456.1,443.1,452.8,481.9,485.8,461.3,440.5,427.6,451.5,530.7,591.2,649.4,711.1,775.2,780.1,785.2,775.6,760.0,538.3,524.3,516.0,536.9,548.1,550.6,521.2,496.5,500.5,511.9,526.6,527.7,945.5,896.1,869.2,875.4,864.0,886.7,920.4,940.6,960.6,967.7,971.7,972.1,938.3,910.0,907.4,903.9,918.5,900.4,908.3,913.1,0.00,0.00,0.00,0.00,0.00,0.00,0.00,0.00,0.00,0.00,0.00,0.00,0.00,0.00,0.00,0.00,0.00,0.00,0.00,0.00,0.00,0.00,0.00,0.00,0.00,0.00,0.00,0.00,0.00,0.00,0.00,0.00,0.00,0.00,0.00
216,0,7.167,0.03,0,0.000000,0.000000,0.000000,0.000000,0.000000,0.000000,0.000,0.000,991.4,992.3,974.8,949.0,930.2,927.7,946.8,972.6,1032.4,1000.3,970.8,948.1,930.2,916.8,908.6,913.6,927.1,946.1,971.8,1001.1,968.8,956.0,947.2,947.6,957.0,969.7,978.5,978.1,827.0,823.4,816.1,809.3,807.1,810.6,818.0,826.8,833.1,821.2,810.8,802.2,802.4,811.7,820.7,816.2,809.6,808.2,814.9,825.4,825.0,822.0,818.8,817.2,818.2,821.2,824.5,826.1,545.7,570.1,583.8,578.8,558.0,531.3,519.8,524.8,544.9,542.9,546.2,545.0,543.1,541.3,545.3,553.9,564.0,568.5,564.9,556.2,535.8,533.1,539.8,552.0,562.5,565.2,558.5,546.3,502.5,477.8,468.5,480.1,505.8,530.5,539.8,529.8,523.8,504.3,492.5,489.1,493.6,501.9,515.8,529.9,539.3,543.4,540.8,534.2,515.0,520.2,516.1,504.9,493.4,488.2,492.4,503.5,-65.9,-65.0,-60.6,-55.2,-52.1,-52.4,-57.1,-62.6,-73.0,-67.2,-61.5,-56.7,-52.5,-48.7,-45.8,-47.8,-51.4,-56.1,-61.9,-67.7,-60.8,-58.1,-55.9,-55.5,-57.1,-59.8,-62.0,-62.4,34.0,33.0,30.8,28.8,28.2,29.1,31.2,33.7,35.5,32.9,30.4,28.1,27.4,28.2,29.1,28.9,28.6,29.1,31.0,33.5,32.8,31.9,30.9,30.5,30.8,31.7,32.7,33.1,-34.8,-38.8,-40.5,-39.1,-35.5,-31.2,-29.7,-31.0,-34.4,-34.1,-34.6,-34.1,-33.1,-31.9,-31.6,-33.9,-36.5,-38.2,-38.2,-36.8,-32.5,-31.8,-32.7,-34.7,-36.5,-37.2,-36.4,-34.4,25.9,21.2,19.0,20.5,24.6,29.1,31.6,30.6,30.1,26.2,23.6,22.4,22.5,23.3,25.1,27.9,30.2,31.7,32.0,31.5,27.5,28.1,27.0,24.9,23.0,22.4,23.4,25.5,-164.1,-161.5,-158.3,-156.4,-157.0,-159.3,-162.8,-164.7,-162.8,-163.3,-162.7,-161.1,-158.2,-153.9,-149.1,-153.0,-156.7,-160.3,-163.3,-164.1,-161.9,-160.9,-159.3,-158.0,-157.7,-158.7,-160.3,-161.6,159.2,157.3,153.1,149.1,147.5,149.4,153.6,157.9,160.7,158.9,155.8,151.6,147.4,143.5,140.9,143.5,147.3,151.3,155.0,158.3,155.1,153.2,151.3,150.5,151.2,153.0,154.9,155.8,746.7,1214.6,2701.9,1.885,1.172,2.839,1547.8,1525.5,1503.6,1453.0,1393.4,1276.8,1122.4,968.1,914.4,918.6,981.1,1005.3,1011.9,991.3,992.3,1032.3,1061.4,1127.7,1007.1,906.9,803.7,698.3,746.6,759.3,755.1,742.1,742.4,740.2,713.0,674.6,638.5,761.3,735.5,709.1,683.5,658.9,1035.4,967.5,928.7,907.5,931.7,970.5,829.0,808.7,805.6,819.0,808.7,817.2,850.9,771.3,721.4,712.8,717.5,736.7,777.8,742.7,719.5,725.8,734.3,785.4,832.4,733.9,726.5,728.1,775.6,706.3,706.3,717.8,529.7,663.6,791.4,903.8,996.2,1056.9,1083.7,1117.3,1121.6,1093.7,1034.9,973.9,890.2,791.5,695.1,603.7,514.7,490.6,444.3,435.0,443.4,469.7,478.6,461.1,441.5,416.1,428.6,533.8,592.0,647.1,706.8,785.6,787.3,790.2,780.9,765.0,551.6,535.3,525.8,550.8,567.8,571.0,526.8,498.2,502.0,513.5,535.1,538.1,976.9,918.9,884.1,888.8,875.5,902.2,938.7,953.4,971.6,979.5,987.8,997.5,966.6,925.7,920.9,916.2,936.9,907.1,915.2,923.6,0.00,0.00,0.00,0.00,0.00,0.00,0.00,0.00,0.00,0.00,0.00,0.00,0.00,0.00,0.00,0.00,0.00,0.00,0.00,0.00,0.00,0.00,0.00,0.00,0.00,0.00,0.00,0.00,0.00,0.00,0.00,0.00,0.00,0.00,0.00
217,0,7.200,0.03,0,0.000000,0.000000,0.000000,0.000000,0.000000,0.000000,0.000,0.000,992.6,996.8,980.1,952.3,929.8,924.2,942.2,970.0,1045.3,1009.7,976.3,950.2,930.6,919.6,915.6,918.9,932.6,953.9,981.1,1012.4,969.0,955.4,947.2,949.1,960.1,973.7,981.9,980.0,849.5,845.2,840.8,838.9,840.6,844.8,849.2,853.5,858.3,840.4,826.5,819.4,824.2,838.9,855.5,846.7,836.3,832.6,838.3,849.7,853.5,852.7,851.0,849.2,848.5,849.2,851.0,852.8,515.9,546.7,565.6,561.6,536.9,503.7,487.1,491.2,514.3,513.9,518.2,518.7,518.7,520.3,528.2,536.2,545.4,547.7,540.3,528.2,506.5,504.3,513.5,528.6,541.0,543.2,534.0,518.8,497.9,465.5,452.2,465.9,498.5,530.9,544.2,532.5,515.6,496.6,485.3,482.8,486.2,492.5,503.3,525.0,539.7,546.4,542.5,532.4,511.0,516.5,511.2,498.0,484.8,479.2,484.6,497.7,-56.4,-56.2,-52.2,-46.9,-43.4,-43.1,-47.1,-52.6,-64.8,-59.0,-53.1,-48.2,-43.9,-40.8,-38.9,-40.7,-44.1,-48.8,-54.3,-59.8,-51.4,-48.8,-46.9,-46.8,-48.6,-51.2,-53.1,-53.2,30.8,29.7,28.1,26.8,26.6,27.6,29.2,31.0,32.8,29.6,26.8,24.9,24.8,25.9,27.3,26.9,26.4,26.8,28.4,30.9,30.3,29.7,29.0,28.6,28.7,29.2,29.9,30.3,-24.9,-29.4,-31.6,-30.3,-26.5,-21.8,-19.8,-20.9,-24.7,-24.6,-25.0,-24.6,-24.0,-23.4,-23.7,-25.7,-27.9,-29.2,-28.7,-27.0,-22.9,-22.3,-23.4,-25.5,-27.5,-28.1,-27.0,-24.9,20.3,15.3,12.9,14.3,18.4,23.0,25.7,25.0,23.4,20.2,18.0,17.1,17.0,17.2,18.1,21.5,24.2,25.9,26.1,25.4,21.4,21.9,20.8,18.9,17.2,16.7,17.7,19.6,-139.9,-137.9,-134.4,-131.5,-131.0,-132.6,-136.5,-139.4,-139.8,-139.6,-138.2,-135.8,-132.2,-127.8,-123.5,-127.6,-131.8,-136.0,-139.2,-140.4,-136.7,-135.3,-133.5,-132.5,-132.8,-134.2,-135.9,-137.0,128.5,126.7,122.4,118.0,116.2,118.0,122.3,126.9,131.6,129.2,125.7,121.6,117.6,113.9,110.8,113.8,117.6,121.7,125.4,128.9,124.0,122.2,120.5,119.8,120.5,122.3,124.0,124.8,43.9,69.2,154.0,2.397,0.838,-3.077,1601.4,1592.7,1576.7,1526.5,1465.6,1341.2,1176.2,1007.1,945.8,953.1,1013.5,1031.6,1033.2,1004.1,1004.4,1049.5,1080.6,1130.8,994.4,890.8,785.9,683.0,736.4,761.1,764.9,754.5,758.2,745.9,717.9,676.0,636.5,767.9,745.2,724.4,694.1,667.0,1048.3,970.9,926.9,916.2,937.9,981.7,853.7,827.4,827.4,850.6,834.3,840.4,841.4,755.4,712.6,703.6,707.6,730.1,777.0,740.1,714.7,722.7,731.9,777.7,823.3,734.1,725.8,727.3,772.2,691.7,692.1,703.4,473.4,618.3,761.4,889.7,995.1,1069.0,1106.3,1151.9,1158.4,1125.9,1053.7,982.4,892.3,787.0,687.7,595.6,507.0,417.8,392.4,399.2,415.5,445.6,459.7,450.4,435.7,411.4,418.4,529.3,587.7,643.0,703.2,800.4,799.6,801.4,797.8,785.9,521.5,504.3,498.0,533.2,551.8,551.7,519.1,486.8,493.8,510.0,534.9,536.4,1017.5,948.6,907.4,912.4,896.2,928.6,974.0,980.4,1000.6,1011.0,1021.4,1035.1,1004.4,961.5,954.3,948.4,970.3,922.5,932.7,942.6,0.00,0.00,0.00,0.00,0.00,0.00,0.00,0.00,0.00,0.00,0.00,0.00,0.00,0.00,0.00,0.00,0.00,0.00,0.00,0.00,0.00,0.00,0.00,0.00,0.00,0.00,0.00,0.00,0.00,0.00,0.00,0.00,0.00,0.00,0.00
218,0,7.233,0.03,0,0.000000,0.000000,0.000000,0.000000,0.000000,0.000000,0.000,0.000,1036.4,1040.0,1023.2,995.8,974.0,968.6,987.2,1014.5,1076.0,1043.9,1011.0,983.6,963.1,952.2,949.3,957.2,972.9,994.6,1020.6,1048.7,1012.1,998.8,990.5,992.1,1002.6,1015.9,1024.2,1022.6,849.5,847.4,847.4,849.5,852.5,854.7,854.7,854.4,863.3,850.2,839.6,831.8,833.7,846.3,859.5,858.9,852.7,848.7,852.5,859.3,857.6,858.5,858.3,857.1,855.6,854.7,854.9,856.1,547.9,571.3,584.5,579.8,560.0,534.2,523.4,528.1,528.6,527.4,530.6,529.4,525.0,519.7,522.7,536.1,549.0,555.4,551.3,541.4,537.9,535.3,541.7,553.2,563.1,565.6,559.3,547.8,476.0,449.7,443.9,461.9,493.1,519.4,525.2,508.6,503.0,486.0,478.0,478.8,484.2,490.5,503.3,519.3,530.5,535.5,530.3,518.6,495.7,504.6,501.5,488.3,472.6,463.8,466.8,480.1,-68.0,-67.3,-62.9,-57.7,-54.4,-54.6,-59.2,-64.6,-74.7,-69.6,-63.7,-58.2,-53.5,-50.2,-48.2,-50.7,-54.5,-59.4,-65.0,-70.3,-62.9,-60.3,-58.2,-57.9,-59.5,-62.1,-64.2,-64.5,34.2,33.2,32.0,31.4,31.6,32.6,33.8,34.9,37.5,34.8,32.4,30.1,29.5,30.6,32.0,32.5,32.5,32.7,34.2,36.2,34.6,34.3,33.6,33.1,33.0,33.4,34.0,34.5,-32.2,-35.5,-36.9,-35.6,-32.6,-28.9,-27.8,-29.0,-28.9,-28.9,-29.3,-28.7,-27.3,-25.7,-25.4,-28.1,-30.9,-32.7,-32.6,-31.2,-30.1,-29.5,-30.2,-31.8,-33.3,-33.9,-33.3,-31.7,18.9,14.4,13.0,15.3,19.8,24.2,26.0,24.2,24.0,20.9,19.1,18.7,18.9,19.4,20.9,23.7,26.0,27.5,27.4,26.1,21.6,22.7,21.8,19.6,17.2,16.1,16.9,19.2,-150.2,-147.1,-143.7,-141.8,-142.6,-145.4,-149.1,-151.0,-149.9,-150.8,-150.2,-148.3,-144.9,-140.6,-136.4,-139.8,-143.1,-146.5,-149.3,-150.5,-148.0,-147.1,-145.4,-143.9,-143.5,-144.4,-146.2,-147.6,142.8,140.0,135.2,131.1,130.2,133.0,137.8,142.3,146.9,145.0,141.9,137.4,133.3,129.8,127.4,130.0,133.5,137.3,141.0,144.3,139.2,137.2,134.7,133.4,133.8,135.9,138.3,139.7,44.3,62.2,142.2,2.644,0.810,3.086,1676.3,1677.1,1673.8,1622.1,1524.9,1353.5,1164.5,1011.1,977.2,995.0,1044.6,1046.8,1032.2,1000.1,1006.1,1061.8,1089.8,1185.9,1046.7,929.4,811.5,705.1,765.3,780.8,783.5,757.2,755.0,764.7,728.8,681.2,636.4,770.1,753.5,738.2,704.1,671.0,1081.5,1006.2,959.7,950.0,975.7,1019.7,863.4,837.7,835.3,858.1,847.8,856.9,833.3,745.7,704.2,697.3,700.6,724.9,785.1,754.6,724.5,721.7,726.7,769.2,817.7,734.4,730.9,731.6,778.8,689.3,683.4,690.5,503.8,641.1,777.0,902.9,1006.1,1083.7,1129.8,1199.8,1216.4,1175.2,1080.4,994.2,894.0,785.4,683.9,594.8,511.4,419.7,368.8,347.5,351.4,382.9,397.4,380.8,377.3,382.2,416.6,514.8,576.8,634.0,696.6,815.5,812.5,813.5,808.6,797.3,536.3,518.0,507.0,529.0,555.7,559.4,501.7,481.6,492.9,504.8,525.7,524.9,1052.8,979.6,934.5,938.9,919.9,949.3,994.8,1013.5,1041.0,1053.8,1063.4,1074.1,1038.8,1005.0,996.2,986.8,991.6,948.3,960.0,969.4,0.00,0.00,0.00,0.00,0.00,0.00,0.00,0.00,0.00,0.00,0.00,0.00,0.00,0.00,0.00,0.00,0.00,0.00,0.00,0.00,0.00,0.00,0.00,0.00,0.00,0.00,0.00,0.00,0.00,0.00,0.00,0.00,0.00,0.00,0.00
219,0,7.267,0.03,0,0.000000,0.000000,0.000000,0.000000,0.000000,0.000000,0.000,0.000,1175.0,1175.7,1150.5,1114.1,1087.9,1084.7,1112.5,1148.8,1235.4,1195.1,1153.6,1111.9,1078.0,1060.9,1054.4,1067.6,1095.4,1133.6,1170.1,1205.1,1141.5,1124.9,1113.3,1113.5,1125.4,1142.0,1153.6,1153.4,905.5,904.4,903.6,903.5,904.2,905.3,906.1,908.0,935.4,924.2,911.4,895.1,890.1,896.9,900.0,904.1,901.7,907.5,919.6,931.4,910.4,910.7,910.7,910.3,909.9,909.6,909.6,910.0,463.7,496.2,515.8,511.0,484.6,449.2,432.5,437.3,447.4,445.7,444.8,443.3,440.5,442.7,458.8,464.6,475.3,478.5,471.2,459.6,453.6,451.3,460.2,475.1,487.3,489.6,480.7,465.8,388.4,367.2,367.9,390.2,421.0,442.2,441.5,420.1,445.5,408.5,389.0,388.4,405.2,427.7,452.5,471.8,481.6,482.9,474.2,460.3,410.5,419.4,419.8,411.4,399.1,390.2,389.9,398.3,-71.3,-69.8,-65.0,-59.7,-56.9,-57.7,-62.8,-68.4,-77.6,-73.7,-68.5,-62.3,-56.4,-52.3,-49.8,-53.3,-58.6,-65.0,-70.6,-75.1,-65.8,-63.3,-61.1,-60.5,-61.8,-64.3,-66.4,-67.1,40.3,39.1,37.7,36.8,36.9,38.0,39.5,40.8,47.8,45.0,41.9,38.2,36.4,36.5,36.8,38.5,39.5,41.6,44.2,46.7,40.1,39.7,39.2,38.7,38.7,39.0,39.5,40.0,-13.8,-17.7,-19.8,-19.0,-15.8,-11.6,-9.6,-10.4,-11.4,-11.4,-11.3,-11.0,-10.4,-10.3,-11.9,-13.0,-14.8,-15.6,-14.8,-13.2,-12.3,-11.9,-12.9,-14.7,-16.2,-16.6,-15.6,-13.8,4.3,1.1,1.1,4.2,8.5,11.8,12.1,9.2,13.8,7.7,4.5,4.3,6.6,9.6,13.1,16.3,18.3,19.1,18.1,16.1,7.5,8.7,8.7,7.4,5.6,4.4,4.4,5.7,-116.6,-114.0,-111.4,-110.2,-111.2,-113.5,-116.4,-117.6,-114.0,-116.2,-116.6,-115.5,-112.7,-108.8,-105.2,-109.1,-112.6,-115.2,-116.5,-116.2,-114.8,-114.3,-113.0,-111.9,-111.4,-112.0,-113.2,-114.4,132.8,129.5,125.1,122.1,122.2,125.4,129.9,133.3,141.7,138.6,135.0,131.0,127.2,124.2,123.8,127.4,132.0,136.1,138.4,140.1,129.6,128.4,126.7,125.4,125.3,126.5,128.3,129.6,50.4,49.9,118.5,2.693,0.655,3.040,1960.6,1991.5,2020.5,1993.2,1915.2,1688.4,1409.4,1142.6,1025.3,1032.6,1074.5,1089.6,1083.5,1042.7,1034.4,1086.7,1102.6,1503.1,1353.5,1175.0,981.0,819.8,890.1,867.6,837.9,782.6,789.7,848.8,786.6,719.7,656.0,878.5,834.9,782.9,724.3,666.9,1238.4,1148.2,1078.1,1056.3,1101.1,1169.2,937.8,905.4,887.3,899.2,898.1,925.3,920.5,814.9,738.6,716.7,710.3,741.1,819.1,781.6,722.4,721.9,740.2,817.0,912.1,771.0,754.5,746.6,800.9,701.2,703.2,726.8,386.9,565.1,731.8,894.8,1039.2,1143.9,1203.2,1298.2,1327.4,1262.2,1122.2,1013.3,897.8,768.6,658.9,569.9,486.4,352.7,233.1,153.3,144.8,193.3,225.2,216.0,229.1,269.6,354.0,447.5,546.9,639.9,738.4,854.4,860.7,874.2,860.0,835.7,454.6,419.3,411.2,462.1,487.5,486.8,444.7,404.6,419.6,454.3,474.5,471.8,1101.5,1025.1,984.2,996.4,969.0,996.1,1048.4,1068.9,1103.2,1119.5,1129.0,1137.3,1086.7,1078.1,1072.8,1058.2,1044.3,990.7,1009.7,1019.5,0.00,0.00,0.00,0.00,0.00,0.00,0.00,0.00,0.00,0.00,0.00,0.00,0.00,0.00,0.00,0.00,0.00,0.00,0.00,0.00,0.00,0.00,0.00,0.00,0.00,0.00,0.00,0.00,0.00,0.00,0.00,0.00,0.00,0.00,0.00
220,0,7.300,0.03,0,0.000000,0.000000,0.000000,0.000000,0.000000,0.000000,0.000,0.000,1156.4,1170.0,1149.9,1108.1,1068.9,1053.3,1075.4,1117.3,1269.1,1212.3,1166.9,1121.0,1084.8,1067.6,1052.8,1068.6,1094.5,1134.7,1177.5,1219.7,1120.8,1102.6,1093.8,1099.8,1116.8,1135.1,1143.8,1137.9,945.3,928.7,912.5,906.3,913.7,930.3,946.5,957.4,960.4,923.3,889.0,865.4,875.3,902.0,943.8,918.1,906.1,909.2,917.7,938.5,949.6,946.2,938.1,930.1,926.8,930.2,938.3,946.3,190.3,249.0,295.0,301.4,264.4,203.6,159.7,153.3,175.6,194.6,213.6,240.5,266.4,291.1,313.2,303.5,292.3,270.3,245.1,214.9,193.3,196.1,216.2,241.8,257.9,255.1,235.1,209.4,380.9,340.0,333.5,365.2,416.6,457.5,464.0,434.4,420.9,371.2,343.5,337.4,360.3,395.5,440.8,467.1,479.3,481.3,469.8,449.9,415.5,431.7,427.9,406.4,379.7,363.5,367.3,388.9,-50.3,-51.7,-48.4,-42.6,-37.8,-36.1,-39.5,-45.1,-62.4,-57.4,-52.6,-47.3,-42.4,-39.1,-36.1,-39.7,-44.2,-49.8,-54.8,-58.8,-44.5,-42.1,-40.8,-41.3,-43.4,-45.9,-47.3,-46.7,27.3,25.1,22.5,21.1,21.5,23.5,26.1,28.3,30.0,25.9,22.0,18.8,18.3,19.2,21.2,20.9,21.2,22.6,24.3,27.1,26.7,25.8,24.5,23.4,23.3,24.1,25.4,26.5,16.5,10.8,6.2,5.3,8.4,13.7,18.2,19.5,18.3,16.6,14.6,11.8,8.9,6.3,4.1,5.2,6.6,9.0,11.7,14.7,15.4,14.9,12.9,10.6,9.3,9.7,11.7,14.1,1.9,-1.7,-2.2,0.4,4.4,7.9,8.9,6.6,5.7,1.0,-1.5,-1.9,0.0,2.6,5.6,8.0,9.5,10.2,9.6,8.2,4.8,6.1,5.6,3.7,1.6,0.3,0.6,2.5,-85.2,-85.3,-83.0,-79.6,-77.1,-76.5,-79.3,-82.7,-86.7,-87.7,-87.4,-86.1,-83.4,-80.0,-76.6,-81.0,-85.2,-88.1,-89.2,-88.7,-81.1,-79.6,-78.6,-78.6,-79.7,-81.2,-82.2,-82.1,78.2,76.0,72.3,69.2,68.7,70.9,74.6,77.9,82.0,79.8,77.3,72.9,68.0,64.1,61.1,65.7,69.7,73.5,76.7,79.5,75.4,73.8,71.8,70.7,71.0,72.6,74.6,75.8,82.3,49.7,163.6,-0.141,0.679,0.257,2314.4,2304.4,2354.7,2364.1,2191.9,1919.9,1593.6,1288.3,1143.7,1040.4,1095.1,1167.3,1063.0,1003.1,1040.4,1054.8,1005.2,1355.4,1208.0,1009.9,800.2,673.4,665.3,649.3,746.8,804.6,802.1,979.9,805.6,645.4,482.4,904.1,806.4,745.3,768.7,834.3,1250.3,1090.2,1044.8,1175.6,1131.9,1098.7,731.3,930.8,936.3,1059.3,890.5,837.0,1091.9,799.3,740.8,748.9,763.5,744.2,844.4,750.7,761.6,731.3,736.9,837.0,986.6,850.4,830.7,871.7,787.1,830.5,807.9,827.4,120.3,335.1,601.5,840.3,1067.9,1255.2,1389.2,1384.9,1415.2,1460.1,1286.8,1030.0,830.8,737.3,670.5,563.6,554.6,-120.4,-90.7,-137.9,-47.6,111.7,198.7,165.2,161.6,186.0,194.9,399.1,534.2,641.4,750.2,845.1,835.0,842.3,895.2,917.6,182.5,184.3,227.6,287.0,257.5,272.0,413.3,396.0,437.2,447.7,466.6,420.8,1133.2,1101.3,987.0,1069.3,1062.7,1146.6,1135.5,1174.3,1274.6,1281.4,1243.0,1132.8,1125.2,1121.7,1141.8,1190.2,1127.2,1082.9,1079.7,1040.0,0.00,0.00,0.00,0.00,0.00,0.00,0.00,0.00,0.00,0.00,0.00,0.00,0.00,0.00,0.00,0.00,0.00,0.00,0.00,0.00,0.00,0.00,0.00,0.00,0.00,0.00,0.00,0.00,0.00,0.00,0.00,0.00,0.00,0.00,0.00
221,0,7.333,0.03,0,0.000000,0.000000,0.000000,0.000000,0.000000,0.000000,0.000,0.000,800.8,799.3,798.6,799.1,800.5,803.2,802.7,802.2,802.6,797.4,793.9,796.9,807.7,817.7,827.4,819.7,809.0,801.2,796.6,798.6,804.6,804.8,804.5,803.8,803.2,803.0,803.3,804.0,934.7,938.2,951.4,966.4,974.6,971.1,957.9,943.5,927.9,929.2,937.2,947.6,959.7,979.1,998.3,982.7,962.6,945.3,935.2,930.1,953.2,960.7,967.3,969.2,965.2,957.7,951.1,949.2,261.1,255.8,263.8,280.3,295.7,302.6,293.1,276.6,260.5,258.2,264.5,276.7,293.5,310.7,330.5,330.4,325.7,317.2,301.6,281.8,277.5,284.7,288.1,285.8,279.2,272.0,268.6,270.9,461.3,455.6,469.7,495.4,517.5,523.2,509.1,482.2,441.4,446.0,456.6,472.2,486.8,499.6,516.4,518.5,516.5,507.4,488.1,464.7,484.2,497.0,503.9,500.8,489.6,476.8,469.9,473.0,40.2,39.1,38.2,38.1,38.8,40.3,40.8,41.0,41.0,38.7,37.0,36.9,39.3,42.0,45.2,44.0,41.9,40.3,39.5,40.1,40.9,40.9,40.5,40.0,39.7,39.7,40.1,40.6,54.5,53.3,54.3,56.7,59.4,60.8,59.8,57.5,53.0,51.7,52.1,53.0,54.6,57.8,61.4,59.9,57.3,55.1,53.9,53.5,58.0,59.3,59.8,59.1,57.8,56.6,56.1,56.7,-24.7,-25.6,-23.2,-19.1,-15.5,-14.2,-16.8,-21.1,-25.1,-25.1,-22.9,-19.6,-15.6,-11.7,-7.1,-7.2,-8.5,-10.7,-14.7,-19.8,-20.5,-18.7,-17.7,-18.1,-19.7,-21.4,-22.5,-22.1,18.7,17.1,19.1,23.5,28.0,30.0,28.1,23.1,15.0,15.4,16.9,19.3,21.6,23.8,26.8,27.7,27.8,26.6,23.4,19.3,23.0,25.3,26.3,25.3,23.0,20.8,19.8,20.7,218.9,214.7,210.7,209.4,211.5,215.8,219.7,221.0,220.9,215.3,210.2,206.0,205.2,207.0,211.0,214.1,216.7,219.0,220.6,221.5,217.7,217.1,215.4,213.6,212.7,213.2,214.9,216.8,161.8,156.5,152.5,152.0,155.4,160.6,164.7,165.7,161.0,156.6,153.3,150.7,149.4,149.1,150.0,152.8,155.4,157.9,159.9,161.3,162.1,161.8,159.8,157.2,155.5,155.8,157.8,160.4,43.3,52.4,138.3,1.961,1.330,-1.887,1042.4,1090.2,1150.6,1190.2,1157.1,1097.1,1003.9,946.6,990.2,1084.5,1208.1,1285.5,1282.1,1251.3,1208.0,1189.2,1215.2,765.5,764.5,761.5,764.0,767.0,855.8,900.9,935.8,955.1,957.3,841.1,799.1,756.6,720.9,810.4,796.6,804.2,844.1,894.4,801.3,799.1,808.4,821.8,809.6,794.2,926.7,940.6,956.2,996.5,961.7,939.9,895.5,851.5,854.3,866.8,895.1,944.2,1026.2,919.8,862.5,811.7,802.1,801.1,876.6,871.0,881.3,914.3,995.7,876.4,832.7,820.4,187.5,329.8,482.0,651.5,825.0,997.8,1147.9,1258.8,1317.2,1337.4,1269.4,1162.1,1043.9,941.0,850.3,751.8,640.9,62.4,32.8,40.4,88.6,154.7,245.0,238.9,257.9,294.2,360.1,347.7,486.7,624.1,759.8,714.7,773.0,829.1,829.9,816.3,264.0,262.7,291.8,329.0,326.1,303.7,441.1,456.7,484.1,518.1,516.9,488.0,877.1,886.9,906.5,939.8,945.4,980.4,1023.2,1072.2,1071.2,1065.1,1036.5,989.3,900.6,952.0,976.6,986.3,1027.1,998.3,992.8,968.1,0.00,0.00,0.00,0.00,0.00,0.00,0.00,0.00,0.00,0.00,0.00,0.00,0.00,0.00,0.00,0.00,0.00,0.00,0.00,0.00,0.00,0.00,0.00,0.00,0.00,0.00,0.00,0.00,0.00,0.00,0.00,0.00,0.00,0.00,0.00
222,0,7.367,0.03,0,0.000000,0.000000,0.000000,0.000000,0.000000,0.000000,0.000,0.000,753.2,761.6,770.5,774.8,771.9,764.4,754.6,750.3,757.6,755.4,754.6,758.7,767.7,775.2,779.7,769.9,758.1,750.5,747.5,750.5,760.3,761.9,765.1,768.1,769.2,767.7,764.5,761.4,934.4,945.6,967.6,987.5,993.7,982.5,960.5,940.5,921.9,931.5,946.3,962.6,979.0,1001.8,1021.8,998.9,972.4,949.0,934.9,926.8,956.5,966.5,977.8,983.7,980.8,970.7,959.4,953.5,249.5,245.8,253.7,268.6,281.6,286.5,277.4,262.5,233.9,234.1,243.4,257.9,274.9,290.1,302.9,301.5,293.3,282.2,267.5,250.0,264.1,269.2,271.9,270.5,266.0,260.9,258.3,259.6,453.6,447.1,462.5,490.8,515.3,521.7,506.3,476.5,435.8,442.1,454.8,472.4,487.9,500.2,515.0,513.1,510.1,499.2,478.8,456.8,478.1,492.6,500.3,496.6,483.8,469.4,461.7,465.3,28.3,29.9,31.8,32.8,32.4,31.0,28.9,27.8,30.5,29.3,28.5,29.1,31.2,33.4,35.1,33.0,30.2,28.5,28.0,28.8,30.1,30.4,31.1,31.7,31.9,31.5,30.8,30.2,48.3,48.3,50.5,53.8,56.4,56.7,54.3,50.9,46.3,46.5,47.9,49.8,52.0,55.6,59.0,56.0,52.3,49.2,47.6,46.8,52.5,54.2,55.4,55.3,54.1,52.4,51.2,51.3,-27.6,-28.1,-25.9,-22.2,-19.2,-18.3,-20.8,-24.6,-32.7,-32.0,-29.0,-25.0,-20.8,-17.3,-14.3,-14.8,-17.1,-20.1,-24.0,-28.7,-24.0,-22.7,-21.9,-22.1,-23.2,-24.4,-25.2,-25.0,15.4,13.8,15.8,20.2,24.7,26.7,24.8,19.7,12.4,13.1,14.8,17.3,19.6,21.5,23.9,23.9,23.6,22.2,19.2,15.8,19.6,22.0,23.0,22.0,19.6,17.3,16.3,17.2,218.8,215.5,213.0,212.7,214.8,218.3,220.6,220.9,227.3,222.3,217.6,214.2,214.0,216.2,219.7,222.2,224.1,226.0,227.4,228.3,218.6,218.5,217.7,216.6,215.9,216.0,216.8,217.9,143.6,138.4,135.0,135.4,139.4,144.7,148.1,148.2,143.8,139.6,137.0,135.0,134.1,134.4,135.2,136.5,137.7,139.5,141.3,142.9,145.1,145.2,143.5,140.8,138.8,138.6,140.4,143.1,38.7,51.0,131.6,1.655,1.359,-1.606,965.2,1037.6,1135.4,1199.9,1159.3,1082.1,962.1,912.5,962.3,1079.0,1203.0,1291.8,1292.3,1262.0,1219.0,1199.8,1216.5,704.3,725.1,743.0,749.3,742.8,844.7,908.8,957.0,996.3,1030.3,824.6,781.9,738.6,703.1,765.9,757.3,769.5,816.1,871.1,755.6,756.4,767.1,782.7,759.8,744.0,922.1,951.3,972.8,1018.2,971.3,942.4,847.2,830.0,837.6,854.3,896.8,948.6,1020.6,928.0,881.6,820.5,798.3,786.8,826.5,849.8,869.2,914.8,989.1,888.9,837.6,815.8,149.8,320.4,508.0,709.0,914.8,1098.5,1234.3,1307.8,1340.9,1344.8,1270.4,1174.2,1072.7,974.1,876.2,763.4,643.8,-17.8,-17.2,10.4,66.9,136.5,237.8,236.3,243.1,262.9,311.9,343.3,485.7,627.8,768.9,724.6,784.0,841.1,842.2,823.8,230.4,242.8,271.7,301.6,297.5,273.0,436.9,458.1,484.3,511.3,509.2,482.0,891.5,908.1,928.0,961.9,966.0,998.1,1033.3,1070.4,1071.0,1067.6,1041.3,996.8,917.9,975.1,999.0,1007.4,1040.1,994.4,991.3,971.3,0.00,0.00,0.00,0.00,0.00,0.00,0.00,0.00,0.00,0.00,0.00,0.00,0.00,0.00,0.00,0.00,0.00,0.00,0.00,0.00,0.00,0.00,0.00,0.00,0.00,0.00,0.00,0.00,0.00,0.00,0.00,0.00,0.00,0.00,0.00
223,0,7.400,0.03,0,0.000000,0.000000,0.000000,0.000000,0.000000,0.000000,0.000,0.000,692.4,704.7,718.5,725.9,722.4,711.6,696.3,689.0,706.6,701.8,701.1,707.1,718.7,731.1,742.3,723.7,704.8,693.3,689.9,694.2,701.2,705.2,712.6,719.1,720.9,716.9,709.5,703.0,930.3,944.5,971.2,994.9,1001.6,987.4,960.6,936.4,918.6,927.0,942.7,958.6,973.8,1000.3,1022.7,1001.0,971.7,946.7,932.0,922.6,958.0,967.8,978.8,984.6,981.8,972.0,961.0,955.2,246.6,235.1,241.6,262.3,285.1,298.8,290.1,269.4,222.4,226.2,236.4,252.0,271.1,287.5,300.3,307.4,299.5,286.2,268.6,247.1,267.6,279.2,282.9,276.6,263.9,252.4,248.6,255.0,471.6,458.8,469.2,496.8,525.4,538.3,527.8,499.2,437.5,443.6,456.1,471.8,484.5,496.7,513.0,513.7,510.3,498.9,479.4,458.2,495.7,507.0,511.3,506.1,494.5,483.3,479.0,484.1,9.6,11.6,13.8,15.0,14.4,12.8,10.3,9.0,12.8,11.5,11.1,12.0,13.9,16.0,18.0,15.0,11.8,9.9,9.4,10.4,11.2,11.9,13.0,14.1,14.3,13.7,12.5,11.5,47.2,47.8,50.7,54.3,56.8,56.5,53.4,49.5,45.9,45.8,47.1,48.7,50.6,54.7,58.4,55.6,51.6,48.4,46.9,46.1,51.9,53.5,54.7,54.9,53.9,52.4,51.1,50.9,-20.8,-22.5,-20.9,-17.0,-13.1,-11.0,-12.8,-16.7,-26.4,-25.0,-22.5,-19.3,-15.7,-12.7,-10.5,-9.4,-11.0,-13.7,-17.3,-21.6,-16.9,-14.7,-13.9,-14.8,-17.0,-19.2,-20.1,-19.1,18.1,15.5,16.7,21.0,26.0,29.0,27.9,23.2,12.8,13.3,15.0,17.1,18.9,20.7,23.3,23.7,23.4,21.9,19.2,16.0,22.1,24.0,24.4,23.3,21.2,19.4,18.9,20.0,160.6,157.6,154.2,152.5,153.4,156.6,159.8,161.6,167.7,163.4,159.3,156.0,154.1,153.6,153.8,156.8,159.7,162.7,165.3,167.3,160.1,159.2,157.3,155.5,154.9,155.9,157.7,159.5,142.2,137.4,134.0,134.0,137.4,142.2,145.6,146.2,144.1,139.5,136.1,133.8,132.6,132.8,133.5,134.8,136.2,138.0,140.5,142.9,142.7,142.8,141.4,139.4,138.0,138.0,139.3,141.3,36.1,49.1,128.3,1.627,1.352,-1.590,978.2,1070.4,1184.5,1251.0,1190.1,1090.2,949.9,895.3,951.3,1073.5,1200.7,1299.7,1295.4,1264.7,1217.7,1194.6,1205.7,634.3,670.2,708.7,730.4,742.5,845.7,904.4,950.0,986.4,1019.0,823.4,780.2,736.8,698.8,754.2,746.9,756.9,798.9,849.2,700.2,699.3,716.9,743.5,712.1,688.8,919.8,944.8,970.1,1022.1,970.0,936.6,813.6,805.5,824.4,846.6,900.5,949.3,1021.0,930.6,886.4,819.7,790.4,771.5,797.2,829.8,854.8,912.7,985.5,894.9,836.4,808.4,44.8,242.4,465.1,698.1,937.0,1139.1,1272.5,1328.0,1347.3,1349.0,1279.1,1191.9,1097.4,999.1,898.5,779.5,654.2,-44.9,-34.6,3.2,69.2,149.4,237.3,236.9,243.4,256.6,306.0,347.1,475.7,603.4,733.4,723.5,775.8,828.4,836.0,819.8,222.5,238.9,269.1,301.9,297.1,268.7,440.5,456.1,481.3,511.6,509.1,484.0,914.7,928.0,940.8,973.3,974.4,1007.3,1045.0,1071.0,1072.5,1072.3,1050.7,1013.5,937.5,989.8,1009.9,1014.9,1049.8,1003.5,1003.2,989.0,0.00,0.00,0.00,0.00,0.00,0.00,0.00,0.00,0.00,0.00,0.00,0.00,0.00,0.00,0.00,0.00,0.00,0.00,0.00,0.00,0.00,0.00,0.00,0.00,0.00,0.00,0.00,0.00,0.00,0.00,0.00,0.00,0.00,0.00,0.00
224,0,7.433,0.03,0,0.000000,0.000000,0.000000,0.000000,0.000000,0.000000,0.000,0.000,660.5,661.4,670.2,681.8,689.4,690.9,679.8,668.2,655.0,654.3,655.9,664.1,680.6,700.1,720.3,702.0,682.8,666.6,655.0,652.4,677.9,681.5,683.8,683.5,680.7,677.1,674.7,675.1,927.5,941.0,969.4,996.3,1005.8,992.4,963.9,936.3,916.0,922.5,937.6,953.4,969.8,998.9,1025.1,1001.6,970.3,943.8,928.3,918.6,958.1,969.4,981.3,986.9,982.9,971.7,959.7,954.1,221.2,210.3,218.0,239.9,263.1,275.6,266.3,244.4,193.5,205.4,220.1,234.0,249.5,265.7,283.5,280.6,272.8,261.3,242.9,218.7,241.3,248.5,251.0,247.4,239.7,232.5,230.0,233.6,479.0,463.5,470.7,496.5,525.7,541.2,534.0,507.3,433.8,446.0,461.4,476.8,488.5,499.0,511.7,516.3,513.8,501.3,480.4,457.2,501.1,511.8,514.8,508.3,496.2,485.5,482.5,488.9,4.1,4.2,5.7,7.8,9.4,10.0,8.0,5.7,3.0,2.8,3.0,4.5,7.5,11.1,15.0,11.7,8.1,5.1,2.9,2.4,7.5,8.2,8.6,8.4,7.8,7.2,6.8,6.9,44.4,44.9,47.8,51.6,54.3,54.1,51.0,47.0,43.7,43.4,44.6,46.1,47.9,52.0,55.8,53.2,49.3,46.0,44.6,43.8,49.2,50.9,52.2,52.3,51.2,49.6,48.3,48.1,-27.8,-29.1,-26.8,-22.5,-18.4,-16.5,-18.8,-23.4,-33.2,-29.9,-26.3,-23.3,-20.3,-17.4,-14.2,-14.9,-16.5,-18.9,-22.7,-27.8,-23.5,-22.0,-21.3,-21.8,-23.1,-24.6,-25.4,-24.9,18.4,15.4,16.1,19.8,24.6,27.8,27.4,23.3,11.7,13.2,15.2,17.2,18.7,20.1,22.0,23.0,22.9,21.4,18.6,15.3,21.8,23.5,23.7,22.4,20.3,18.8,18.5,19.8,175.1,170.0,165.2,163.6,166.0,171.2,175.9,177.5,174.3,169.3,164.7,161.9,160.7,161.0,163.0,164.6,165.9,167.6,169.8,172.3,173.2,172.6,170.9,169.2,168.4,169.0,170.6,172.4,135.1,130.5,127.1,126.8,129.8,134.3,137.8,138.6,138.6,134.6,131.0,128.6,127.1,126.8,126.9,128.7,130.5,132.6,135.2,137.7,135.4,135.2,133.8,131.9,130.7,130.8,132.2,134.1,33.8,47.0,123.9,1.581,1.332,-1.489,969.6,1074.7,1201.3,1273.5,1204.0,1094.5,943.4,890.9,948.6,1073.3,1199.4,1306.3,1300.9,1269.4,1219.6,1190.6,1203.5,581.0,627.9,677.5,713.8,739.7,847.3,907.4,952.5,991.4,1023.2,822.9,777.2,732.1,691.4,740.3,733.9,744.8,790.9,845.6,660.8,661.3,683.1,714.1,680.3,652.0,915.3,938.9,967.2,1024.5,968.3,930.9,791.3,785.7,812.9,838.3,897.3,948.7,1022.8,927.2,884.5,812.7,780.3,753.4,774.0,817.3,844.2,909.4,981.8,893.7,831.1,799.8,-52.5,152.3,389.6,642.7,910.0,1134.9,1278.0,1328.0,1346.6,1352.9,1288.5,1204.7,1113.6,1020.7,923.2,802.4,672.8,-81.1,-66.9,-22.8,52.5,140.3,237.0,237.6,244.5,259.3,313.2,343.3,469.3,594.1,722.2,708.5,763.4,819.7,833.3,818.5,193.9,217.4,251.0,283.6,275.8,243.5,438.9,457.8,484.9,513.9,509.6,483.4,930.4,937.1,944.0,977.0,977.6,1013.3,1057.3,1074.0,1070.6,1071.6,1050.4,1020.5,952.4,993.8,1012.6,1017.1,1059.2,1008.1,1008.5,995.9,0.00,0.00,0.00,0.00,0.00,0.00,0.00,0.00,0.00,0.00,0.00,0.00,0.00,0.00,0.00,0.00,0.00,0.00,0.00,0.00,0.00,0.00,0.00,0.00,0.00,0.00,0.00,0.00,0.00,0.00,0.00,0.00,0.00,0.00,0.00
225,0,7.467,0.03,0,0.000000,0.000000,0.000000,0.000000,0.000000,0.000000,0.000,0.000,717.1,725.0,735.6,742.9,742.4,736.0,723.9,716.7,721.5,718.3,718.9,726.7,741.3,754.3,763.7,750.3,734.2,722.4,715.4,715.5,727.4,730.4,734.8,738.1,738.3,735.3,730.9,727.6,928.9,942.9,970.2,994.8,1002.2,988.2,960.9,935.9,916.7,923.5,938.2,954.6,971.2,999.2,1024.9,1002.3,971.7,945.5,929.5,920.1,958.6,968.2,978.8,984.1,981.2,971.6,961.0,955.6,206.9,201.5,210.8,229.4,246.4,253.3,242.5,223.9,188.5,190.0,201.5,218.9,238.7,256.2,272.5,270.9,262.1,249.3,231.5,210.1,224.6,232.3,236.1,233.9,226.8,219.1,215.3,217.5,471.4,456.4,466.5,495.8,527.2,542.2,532.1,501.9,434.1,443.7,458.9,475.7,488.0,498.8,512.7,513.1,509.1,497.5,477.5,455.7,497.1,508.3,512.2,506.6,494.8,483.6,479.7,485.3,15.5,16.7,18.5,19.8,20.0,19.2,17.0,15.6,17.0,15.9,15.5,16.7,19.5,22.3,24.6,22.2,19.1,16.9,15.6,15.8,17.5,18.1,18.9,19.3,19.3,18.7,18.0,17.5,45.2,45.7,48.4,51.9,54.3,54.1,51.2,47.5,43.9,43.7,44.8,46.4,48.2,52.1,55.8,53.0,49.1,45.9,44.5,43.9,49.8,51.3,52.4,52.5,51.6,50.1,49.1,48.9,-30.7,-31.1,-28.8,-25.1,-22.2,-21.3,-23.8,-27.6,-35.8,-34.5,-31.2,-27.2,-23.4,-20.2,-17.4,-17.9,-19.9,-22.7,-26.6,-31.3,-27.1,-25.6,-24.6,-24.9,-26.1,-27.6,-28.6,-28.4,17.4,14.5,15.6,19.9,25.0,28.3,27.5,22.8,11.8,12.9,14.9,17.1,18.6,20.1,22.2,22.4,22.1,20.7,18.1,15.0,21.4,23.2,23.5,22.4,20.4,18.7,18.3,19.4,175.3,171.7,168.9,168.5,170.8,174.6,177.3,177.6,182.5,177.3,172.4,168.8,168.5,170.6,174.1,176.1,177.7,179.5,181.3,182.6,175.3,175.1,174.0,172.5,171.5,171.7,172.9,174.4,136.8,131.9,128.3,127.9,131.1,136.0,139.6,140.5,138.8,134.8,131.5,129.0,127.4,126.9,126.9,128.1,129.6,131.6,134.4,137.2,136.8,136.7,135.3,133.5,132.2,132.3,133.7,135.6,36.3,46.6,125.9,2.034,1.348,-1.955,1049.7,1141.3,1254.5,1314.8,1237.6,1113.1,948.3,893.7,942.4,1067.2,1195.8,1308.8,1311.8,1275.9,1219.5,1188.4,1205.2,657.4,689.1,725.3,752.8,766.9,848.9,910.8,957.9,999.5,1037.5,825.1,778.9,730.3,685.2,742.7,740.0,746.6,788.8,842.9,723.8,721.0,737.5,762.5,736.8,715.1,917.4,939.4,967.9,1024.5,969.0,932.5,811.3,785.3,807.8,830.1,881.8,940.0,1018.4,918.9,874.8,808.8,778.8,759.5,790.4,809.9,834.1,891.4,974.0,883.3,827.6,798.8,-30.7,174.9,410.8,661.1,916.6,1130.0,1265.1,1316.7,1342.0,1351.2,1296.2,1224.1,1134.9,1043.3,942.7,820.8,692.9,-83.5,-79.3,-38.7,37.2,124.8,233.4,235.1,243.1,264.5,322.8,336.5,455.1,572.0,692.3,690.7,742.9,796.8,809.6,796.1,186.2,205.9,237.4,269.8,263.5,232.0,437.5,456.1,483.4,514.9,508.0,481.2,944.9,938.7,937.3,967.0,969.0,1009.5,1064.3,1076.5,1071.5,1070.0,1051.0,1025.8,963.7,987.2,1002.9,1009.1,1062.9,1012.6,1010.6,998.9,0.00,0.00,0.00,0.00,0.00,0.00,0.00,0.00,0.00,0.00,0.00,0.00,0.00,0.00,0.00,0.00,0.00,0.00,0.00,0.00,0.00,0.00,0.00,0.00,0.00,0.00,0.00,0.00,0.00,0.00,0.00,0.00,0.00,0.00,0.00
226,0,7.500,0.03,0,0.000000,0.000000,0.000000,0.000000,0.000000,0.000000,0.000,0.000,772.0,774.8,779.4,783.1,783.8,782.4,776.4,772.7,776.8,772.7,769.9,774.0,785.0,796.1,806.9,797.6,786.5,777.3,771.4,772.7,778.2,780.6,783.5,785.2,784.7,782.3,779.4,777.7,927.0,938.3,961.1,982.1,989.1,977.8,955.0,933.8,917.1,923.2,935.9,951.4,967.1,991.5,1013.9,993.6,967.7,944.3,929.3,920.8,951.6,961.1,971.3,976.4,973.3,963.9,953.6,948.6,205.5,197.7,205.0,223.0,241.2,250.7,241.8,223.8,200.1,202.1,210.5,222.8,238.8,256.3,274.6,274.5,269.7,261.4,244.8,223.6,223.2,233.3,237.3,233.0,222.8,212.8,208.7,213.1,462.9,453.1,466.1,494.3,521.2,530.9,517.9,488.4,434.3,442.0,456.0,473.6,487.6,498.7,513.2,511.2,506.9,496.2,476.5,455.1,487.7,500.4,506.3,501.8,489.7,477.0,471.2,475.6,29.5,29.5,29.8,30.4,30.8,31.2,30.5,29.9,31.2,29.6,28.3,28.7,30.8,33.3,36.1,34.6,32.6,30.9,29.8,30.3,30.8,31.2,31.4,31.5,31.2,30.8,30.5,30.5,48.4,48.5,50.9,54.2,56.7,56.9,54.4,51.0,46.8,46.6,47.7,49.3,51.3,55.0,58.8,56.0,52.4,49.3,47.7,47.0,52.8,54.4,55.5,55.4,54.3,52.8,51.7,51.7,-34.5,-35.5,-33.2,-29.1,-25.5,-23.9,-26.4,-30.7,-36.4,-35.2,-32.5,-29.3,-25.8,-22.1,-18.5,-18.8,-20.1,-22.1,-26.1,-31.1,-30.4,-28.1,-26.9,-27.5,-29.5,-31.9,-33.1,-32.5,17.3,15.1,16.8,21.3,26.2,28.8,27.3,22.3,12.5,13.5,15.5,18.0,20.0,21.7,24.1,23.9,23.5,22.1,19.2,15.9,21.6,23.8,24.5,23.4,21.1,19.1,18.3,19.4,195.2,191.2,187.3,185.8,187.6,191.6,195.4,197.0,199.3,195.0,190.5,187.1,186.0,186.8,189.3,192.1,194.5,196.6,198.4,199.5,194.7,193.9,191.7,189.5,188.5,189.3,191.5,193.7,147.5,142.3,138.6,138.6,142.2,147.4,151.1,151.8,147.9,143.9,141.0,138.6,137.3,137.0,137.5,138.6,139.9,141.7,144.1,146.5,148.2,148.2,146.5,144.1,142.5,142.5,144.2,146.5,38.9,47.8,129.1,2.295,1.343,-2.229,1082.9,1160.4,1261.7,1312.4,1229.0,1103.0,945.2,901.4,949.4,1068.0,1192.5,1301.1,1311.3,1278.7,1225.5,1191.5,1205.5,727.0,748.4,771.3,788.2,788.7,849.3,911.6,962.2,1006.2,1049.5,826.9,782.6,734.4,688.7,754.8,755.1,757.9,796.4,848.2,777.4,774.6,786.0,803.7,784.9,770.1,917.7,937.7,963.2,1014.7,964.6,932.6,828.6,792.8,810.2,829.8,869.3,925.5,1003.1,909.2,873.3,816.8,789.7,772.0,804.5,816.5,839.0,883.3,958.5,877.4,831.4,804.8,11.4,207.4,431.9,671.1,912.7,1116.7,1249.1,1308.7,1340.9,1351.8,1302.5,1239.2,1155.1,1065.7,960.6,836.3,708.4,-56.0,-66.8,-37.6,31.4,111.6,231.7,233.5,241.3,268.5,327.4,332.7,449.1,564.0,681.7,691.5,738.9,787.6,797.0,784.0,199.1,213.8,242.0,271.7,269.9,241.6,436.7,454.2,481.5,513.7,508.0,480.6,951.7,941.7,937.1,963.1,965.2,1008.8,1064.9,1078.6,1070.7,1068.3,1051.3,1027.2,970.3,988.3,1001.4,1007.4,1063.2,1007.5,1004.9,994.5,0.00,0.00,0.00,0.00,0.00,0.00,0.00,0.00,0.00,0.00,0.00,0.00,0.00,0.00,0.00,0.00,0.00,0.00,0.00,0.00,0.00,0.00,0.00,0.00,0.00,0.00,0.00,0.00,0.00,0.00,0.00,0.00,0.00,0.00,0.00
227,0,7.533,0.03,0,0.000000,0.000000,0.000000,0.000000,0.000000,0.000000,0.000,0.000,830.4,835.1,838.9,839.6,836.7,832.9,828.2,827.6,834.0,831.4,828.4,831.2,839.0,846.9,854.2,846.9,836.9,829.5,827.7,830.8,834.1,834.3,835.9,838.0,839.2,839.0,837.4,835.3,929.6,938.1,955.0,970.3,975.1,966.6,949.8,934.8,923.0,929.0,941.0,954.5,967.7,988.2,1004.9,988.6,966.4,946.3,934.1,927.0,947.8,955.6,964.2,968.7,966.3,958.6,949.9,945.5,237.1,229.6,236.0,252.6,269.6,278.7,270.6,254.1,237.9,237.0,242.9,252.1,265.6,281.8,297.7,300.1,296.0,288.3,274.2,256.3,254.0,261.2,263.9,260.7,253.3,246.2,243.4,246.6,450.6,444.9,460.6,488.6,512.5,518.2,502.5,473.1,439.4,442.2,452.8,469.6,484.7,497.3,514.0,512.3,509.0,499.5,480.6,459.5,475.8,489.9,497.6,494.4,482.2,468.1,460.4,463.6,49.0,49.3,49.3,49.1,48.7,48.6,48.3,48.6,50.7,49.2,47.5,47.5,49.0,50.9,53.2,52.1,50.3,48.9,48.9,50.1,49.6,49.5,49.5,49.6,49.8,49.9,49.9,49.8,51.9,51.6,53.1,55.7,57.9,58.5,56.8,54.2,50.4,49.9,51.0,52.5,54.3,57.9,61.2,59.1,56.0,53.1,51.7,50.9,55.4,56.8,57.7,57.4,56.4,55.0,54.2,54.4,-31.6,-33.0,-30.7,-26.4,-22.4,-20.5,-22.9,-27.4,-31.9,-31.6,-29.5,-26.8,-23.2,-19.3,-15.5,-15.1,-16.3,-18.5,-22.4,-27.2,-27.1,-25.2,-24.2,-24.9,-26.6,-28.5,-29.5,-28.9,16.2,14.7,17.0,21.7,26.4,28.3,26.1,20.8,14.1,14.2,15.7,18.3,20.7,22.8,25.8,25.8,25.5,24.2,21.2,17.6,20.9,23.4,24.5,23.5,21.1,18.7,17.6,18.4,225.1,221.2,217.0,215.1,216.5,220.5,224.6,226.6,228.8,224.8,220.5,217.2,215.4,215.4,217.2,220.4,223.4,226.0,228.2,229.5,223.5,222.7,220.9,219.2,218.6,219.4,221.2,222.9,156.8,151.5,147.6,147.6,151.3,156.6,160.4,161.0,155.7,151.2,148.1,145.9,145.0,145.4,146.7,148.4,150.0,151.7,153.7,155.1,157.6,157.5,155.6,152.9,151.1,151.2,153.1,155.8,40.8,51.5,134.1,2.214,1.385,-2.142,1021.5,1079.5,1169.6,1231.0,1175.6,1078.1,949.1,910.7,946.3,1054.5,1175.5,1287.4,1311.7,1289.0,1234.8,1190.2,1194.0,787.7,799.4,807.7,814.4,808.6,852.0,910.6,962.2,1006.1,1049.7,834.1,789.2,740.9,694.9,775.3,772.4,773.5,815.8,871.5,833.3,831.6,839.0,850.5,837.6,827.7,919.9,943.0,964.9,1007.1,964.2,937.0,855.1,798.3,810.0,825.1,852.9,909.8,991.7,903.5,867.9,820.4,799.4,789.5,826.9,823.6,840.3,871.4,950.9,870.2,834.4,813.7,118.4,279.7,466.1,669.4,878.6,1066.8,1206.1,1292.1,1341.0,1359.1,1318.4,1256.1,1176.4,1087.0,975.0,842.3,706.0,-3.2,-21.9,-0.3,55.3,118.1,239.3,233.6,240.0,270.0,328.3,338.6,458.6,577.1,697.0,701.7,750.3,797.3,800.7,788.5,236.7,242.9,267.7,296.8,297.0,274.7,439.6,454.7,480.3,511.4,509.2,482.8,942.1,934.3,933.1,961.6,965.9,1009.7,1063.1,1091.4,1086.6,1080.3,1059.1,1025.9,963.4,986.3,1003.6,1012.4,1062.9,1012.0,1005.2,988.0,0.00,0.00,0.00,0.00,0.00,0.00,0.00,0.00,0.00,0.00,0.00,0.00,0.00,0.00,0.00,0.00,0.00,0.00,0.00,0.00,0.00,0.00,0.00,0.00,0.00,0.00,0.00,0.00,0.00,0.00,0.00,0.00,0.00,0.00,0.00
228,0,7.567,0.03,0,0.000000,0.000000,0.000000,0.000000,0.000000,0.000000,0.000,0.000,840.1,845.2,849.4,850.3,847.3,843.2,838.0,837.1,847.9,842.7,837.0,837.2,843.0,849.4,855.3,847.9,839.1,833.8,834.5,840.9,844.0,844.4,846.2,848.4,849.7,849.3,847.5,845.3,929.3,936.9,954.6,972.0,979.0,971.3,953.6,936.4,919.5,922.9,931.7,944.8,960.0,981.7,1003.9,983.5,961.2,941.7,928.9,922.3,949.3,958.0,967.1,971.0,967.7,958.9,949.9,945.9,238.8,230.1,235.6,252.2,270.0,280.4,273.1,256.6,232.7,231.6,237.2,247.5,262.9,280.0,297.1,297.8,291.9,282.8,268.4,251.0,255.7,262.8,265.2,261.4,253.8,246.7,244.3,248.0,463.0,456.3,469.8,495.7,518.7,525.4,511.9,484.7,440.6,446.4,458.2,474.6,488.9,500.5,514.8,514.4,511.1,501.7,483.5,462.5,485.9,499.0,505.7,502.0,490.1,476.9,470.2,473.9,48.2,48.6,48.6,48.3,47.9,47.8,47.5,47.8,51.3,49.1,46.8,46.0,46.9,48.4,50.1,49.1,47.8,47.1,47.8,49.7,48.8,48.7,48.7,48.8,49.0,49.1,49.1,49.0,52.4,52.0,53.8,56.8,59.4,60.0,58.1,55.1,50.7,50.0,50.6,51.9,54.0,57.6,61.6,58.8,55.6,52.9,51.4,50.9,56.4,57.9,58.9,58.6,57.3,55.8,54.9,55.1,-29.2,-30.7,-28.8,-24.8,-20.8,-18.7,-20.9,-25.1,-31.4,-31.1,-29.2,-26.3,-22.4,-18.5,-14.6,-14.7,-16.3,-18.8,-22.5,-27.0,-24.9,-23.1,-22.4,-23.1,-24.8,-26.6,-27.4,-26.7,18.7,16.9,18.8,23.2,27.8,30.0,28.2,23.2,14.6,15.3,17.0,19.5,21.8,23.7,26.2,26.4,26.2,24.9,22.0,18.5,22.9,25.3,26.2,25.1,22.7,20.5,19.5,20.5,210.8,207.0,202.9,201.0,202.2,206.1,210.1,212.1,216.1,212.1,207.9,204.3,202.3,202.1,203.5,206.8,209.9,212.7,215.0,216.4,209.2,208.3,206.5,204.9,204.4,205.2,207.0,208.6,158.6,153.3,149.6,149.6,153.2,158.5,162.2,162.8,158.7,154.6,151.7,149.1,147.7,147.4,148.1,149.8,151.5,153.5,155.8,157.7,159.5,159.4,157.5,154.8,153.0,153.1,155.0,157.7,41.9,51.3,133.9,2.463,1.337,-2.397,1060.3,1124.5,1219.7,1287.5,1234.0,1129.0,979.7,918.8,937.8,1042.6,1169.6,1288.1,1316.1,1292.5,1234.5,1188.3,1193.8,809.2,819.1,825.2,825.5,814.8,852.2,910.9,961.9,1004.1,1044.6,838.3,789.9,738.1,688.3,779.2,772.4,771.4,810.4,862.0,848.0,838.7,842.3,856.1,841.0,832.9,919.2,938.6,958.0,1001.3,955.9,931.1,867.4,806.6,808.6,820.4,849.3,907.9,991.8,900.9,864.3,817.8,800.1,798.2,837.1,823.8,836.4,869.3,954.9,867.1,832.4,815.2,122.8,283.7,471.8,675.5,882.5,1066.0,1199.6,1284.8,1340.6,1365.8,1326.8,1265.6,1185.4,1094.0,983.4,851.0,715.3,-25.9,-34.1,-9.7,48.1,112.9,238.0,233.5,240.7,270.6,326.5,342.7,461.9,579.5,698.6,702.2,752.9,801.7,809.1,799.2,229.9,238.5,264.9,295.4,292.4,268.6,441.5,458.0,484.3,516.9,511.8,484.6,932.3,928.1,932.8,964.5,969.9,1014.9,1068.4,1096.5,1092.1,1083.5,1059.2,1019.0,952.9,987.7,1007.3,1018.7,1067.8,1017.1,1007.9,988.7,0.00,0.00,0.00,0.00,0.00,0.00,0.00,0.00,0.00,0.00,0.00,0.00,0.00,0.00,0.00,0.00,0.00,0.00,0.00,0.00,0.00,0.00,0.00,0.00,0.00,0.00,0.00,0.00,0.00,0.00,0.00,0.00,0.00,0.00,0.00
229,0,7.600,0.03,0,0.000000,0.000000,0.000000,0.000000,0.000000,0.000000,0.000,0.000,793.6,792.1,791.6,792.5,794.2,797.1,796.1,795.3,800.8,793.6,786.4,785.6,792.0,799.8,808.5,802.4,793.3,787.5,787.4,794.2,798.3,798.6,798.4,797.7,797.0,796.7,796.9,797.6,934.1,947.1,968.4,985.6,988.5,975.5,954.1,936.8,923.4,928.7,939.1,952.2,966.4,988.4,1007.1,989.6,965.7,944.9,932.6,926.4,955.5,962.6,971.3,976.5,975.3,968.3,959.6,954.3,213.0,202.9,208.8,227.3,247.5,259.5,251.7,233.3,204.4,206.4,214.5,226.8,243.0,260.5,279.0,279.2,273.3,263.3,246.0,225.5,231.4,239.2,241.7,237.4,228.9,221.1,218.6,222.9,465.3,455.1,467.7,495.7,522.6,532.8,520.2,491.3,443.7,448.3,460.5,477.4,491.5,503.3,517.5,514.0,508.4,497.7,479.8,461.1,490.7,502.0,507.2,503.2,492.3,481.0,475.8,479.8,34.0,32.9,32.1,31.9,32.5,33.9,34.4,34.6,36.2,34.0,31.8,31.0,31.9,33.4,35.4,34.7,33.3,32.6,33.0,34.7,34.6,34.6,34.2,33.7,33.5,33.5,33.9,34.4,52.9,53.5,55.9,58.7,60.6,60.3,57.7,54.8,51.7,51.4,52.2,53.5,55.4,58.9,62.1,59.6,56.0,53.1,51.9,51.7,56.9,58.2,59.2,59.4,58.6,57.4,56.4,56.2,-32.5,-34.0,-32.0,-27.8,-23.7,-21.7,-23.9,-28.2,-35.0,-34.0,-31.6,-28.3,-24.6,-20.8,-17.0,-17.3,-18.9,-21.4,-25.5,-30.3,-28.1,-26.3,-25.5,-26.2,-27.9,-29.7,-30.6,-29.9,19.0,16.6,18.3,23.1,28.3,31.0,29.4,24.2,15.3,15.7,17.5,20.1,22.3,24.2,26.7,26.3,25.5,24.0,21.3,18.2,23.6,25.6,26.3,25.3,23.1,21.1,20.4,21.4,193.5,189.4,185.0,183.0,184.5,188.6,193.0,195.0,197.1,193.6,189.8,186.1,183.9,183.1,183.9,187.1,190.4,193.4,195.7,197.1,191.5,190.7,188.8,187.1,186.5,187.3,189.1,190.9,157.5,152.5,148.9,148.8,152.2,157.2,160.8,161.5,159.7,155.8,152.7,150.0,148.4,147.9,148.1,149.2,150.5,152.5,155.3,157.9,157.8,157.8,156.4,154.3,152.9,152.9,154.4,156.4,39.5,49.4,130.4,2.359,1.343,-2.281,1056.9,1138.1,1246.6,1316.1,1252.5,1131.4,976.3,911.3,931.3,1034.7,1160.7,1291.2,1317.0,1289.8,1235.7,1194.6,1195.9,739.8,766.7,789.1,801.7,802.3,854.0,913.4,960.0,1004.0,1043.8,841.0,794.9,748.3,702.5,770.3,759.8,757.3,795.2,845.3,799.6,788.1,793.3,810.2,794.3,783.0,921.5,942.5,963.6,1010.5,961.5,934.3,835.4,792.3,799.3,813.2,850.3,908.3,990.4,899.8,865.0,815.4,792.7,782.8,807.8,812.3,826.8,868.5,953.9,867.6,827.6,806.8,32.5,218.8,438.3,665.3,894.9,1088.8,1213.9,1284.5,1335.2,1366.8,1332.4,1274.3,1196.0,1104.1,993.7,858.9,723.9,-65.8,-62.4,-24.4,45.2,123.7,235.2,234.7,242.9,268.1,327.3,342.9,460.6,575.7,694.7,695.2,746.3,797.5,810.2,799.9,200.9,218.0,247.8,278.4,271.4,242.9,442.1,459.2,486.6,518.8,510.2,482.9,949.6,936.7,935.5,964.2,966.6,1014.4,1076.1,1098.0,1092.3,1086.5,1067.8,1033.3,969.3,992.2,1006.5,1016.1,1072.7,1019.9,1013.9,1001.8,0.00,0.00,0.00,0.00,0.00,0.00,0.00,0.00,0.00,0.00,0.00,0.00,0.00,0.00,0.00,0.00,0.00,0.00,0.00,0.00,0.00,0.00,0.00,0.00,0.00,0.00,0.00,0.00,0.00,0.00,0.00,0.00,0.00,0.00,0.00
230,0,7.633,0.03,0,0.000000,0.000000,0.000000,0.000000,0.000000,0.000000,0.000,0.000,798.0,796.0,793.8,792.7,793.3,796.6,797.5,798.6,807.0,796.0,787.0,785.1,791.9,802.7,815.0,807.5,798.6,793.3,793.1,799.1,800.7,800.2,799.3,798.4,798.1,798.5,799.5,800.4,932.3,945.9,966.5,981.9,983.2,969.5,948.9,933.3,923.2,928.6,938.7,951.3,965.0,986.8,1004.2,986.7,963.8,943.9,932.7,926.5,950.5,957.8,967.6,974.1,973.6,966.3,956.5,949.9,205.1,197.3,205.3,224.5,243.6,253.3,243.4,224.2,197.4,202.1,211.8,224.6,240.6,257.4,273.6,272.6,265.0,254.2,237.7,218.1,224.4,233.1,236.7,233.2,224.6,215.9,212.3,215.8,459.9,450.8,464.7,493.4,520.2,529.3,515.4,485.7,443.2,445.3,456.0,473.1,488.4,502.3,518.5,513.8,507.1,495.3,477.7,459.9,486.4,500.1,506.6,502.1,489.2,475.5,469.0,473.5,36.2,35.0,33.7,33.2,33.7,35.1,36.1,36.7,38.7,35.5,32.8,31.8,32.9,35.1,37.9,36.9,35.5,34.8,35.2,36.9,36.5,36.3,35.7,35.2,35.0,35.2,35.7,36.3,51.8,52.5,54.7,57.3,58.8,58.3,55.9,53.3,51.0,50.6,51.2,52.4,54.2,57.8,61.0,58.5,55.1,52.3,51.3,51.0,55.3,56.6,57.7,57.9,57.2,56.0,55.0,54.6,-35.5,-36.5,-33.9,-29.4,-25.5,-23.9,-26.7,-31.4,-37.7,-35.9,-33.1,-29.7,-25.9,-22.2,-18.7,-19.3,-21.3,-24.0,-28.1,-32.9,-30.8,-28.7,-27.7,-28.2,-29.9,-32.0,-33.1,-32.6,17.7,15.6,17.5,22.3,27.4,29.9,28.1,22.8,15.0,14.9,16.5,19.0,21.4,23.7,26.5,25.9,25.0,23.3,20.6,17.8,22.5,24.9,25.8,24.6,22.2,19.8,18.9,20.0,200.4,196.1,191.9,190.2,192.1,196.3,200.6,202.3,202.9,199.2,195.3,191.9,189.7,188.9,189.4,192.7,195.9,198.8,201.3,202.9,198.9,198.1,196.2,194.3,193.4,194.2,196.1,198.0,155.1,150.2,146.7,146.5,149.9,154.7,158.3,159.0,157.5,153.3,150.0,147.3,145.8,145.8,146.5,147.5,148.8,150.6,153.3,155.6,155.8,155.7,154.0,151.7,150.2,150.3,152.0,154.3,39.6,49.0,130.7,2.433,1.330,-2.349,1072.2,1152.4,1261.1,1330.0,1265.9,1140.2,981.6,909.7,921.6,1022.9,1152.3,1289.7,1320.7,1294.4,1238.4,1197.6,1200.2,751.2,774.5,793.5,804.2,804.8,856.8,913.8,959.0,1003.4,1043.9,838.5,793.6,748.6,703.5,775.4,763.3,757.5,793.1,840.7,804.3,791.9,796.9,813.1,798.2,787.8,922.0,941.6,961.9,1006.9,959.8,934.3,835.3,786.5,790.4,803.4,840.5,902.5,988.1,898.5,860.8,811.6,789.8,783.0,806.8,805.1,818.9,860.5,951.8,862.3,823.2,803.4,20.1,206.8,425.3,650.3,878.7,1072.8,1199.1,1274.3,1331.2,1367.5,1336.8,1282.9,1207.4,1117.0,1006.4,870.2,734.6,-65.0,-67.3,-31.4,39.4,120.1,235.1,234.6,243.8,271.3,333.0,342.7,459.0,572.7,690.4,689.9,741.5,793.5,807.6,798.8,195.2,212.6,241.8,273.3,265.1,236.3,441.1,457.3,484.8,518.3,508.2,480.6,946.4,928.9,928.0,959.4,963.9,1015.1,1082.3,1100.9,1094.0,1085.3,1064.0,1027.5,965.6,987.0,1003.7,1016.2,1077.0,1020.6,1011.9,997.4,0.00,0.00,0.00,0.00,0.00,0.00,0.00,0.00,0.00,0.00,0.00,0.00,0.00,0.00,0.00,0.00,0.00,0.00,0.00,0.00,0.00,0.00,0.00,0.00,0.00,0.00,0.00,0.00,0.00,0.00,0.00,0.00,0.00,0.00,0.00
231,0,7.667,0.03,0,0.000000,0.000000,0.000000,0.000000,0.000000,0.000000,0.000,0.000,815.2,818.5,820.4,819.9,817.2,815.0,812.1,812.6,825.5,817.6,811.4,810.7,816.5,824.1,831.7,822.8,812.8,807.8,809.1,816.2,818.1,817.9,818.8,820.3,821.5,821.7,820.8,819.3,932.9,946.0,965.0,978.7,979.2,966.1,947.1,933.3,924.3,929.6,939.1,950.8,963.9,984.8,1001.3,983.5,961.3,942.6,932.6,927.2,949.1,955.8,965.2,971.8,971.6,964.9,955.5,948.9,209.4,201.6,209.0,227.3,245.8,255.6,246.3,228.0,200.4,203.4,212.1,225.2,241.9,257.9,272.8,272.7,264.6,253.0,237.1,219.1,228.2,236.7,240.1,236.5,227.9,219.4,216.0,219.6,458.4,450.1,464.2,492.4,518.3,526.6,512.5,483.2,444.4,445.7,455.7,472.2,487.6,502.3,518.8,514.0,507.0,495.0,477.9,460.7,484.5,498.6,505.4,501.1,488.1,474.1,467.2,471.6,40.3,40.2,39.8,39.3,39.1,39.4,39.6,40.0,43.5,40.9,38.7,37.9,38.8,40.3,42.1,40.9,39.2,38.7,39.4,41.4,40.7,40.5,40.3,40.2,40.3,40.6,40.7,40.8,53.0,53.7,55.7,58.0,59.3,58.9,56.7,54.4,52.3,51.8,52.3,53.4,55.1,58.7,61.9,59.3,55.9,53.3,52.4,52.2,56.2,57.4,58.5,58.7,58.1,57.0,56.0,55.6,-34.6,-35.7,-33.3,-29.0,-25.2,-23.5,-26.1,-30.6,-37.4,-36.1,-33.4,-29.9,-25.9,-22.3,-19.2,-19.5,-21.7,-24.7,-28.6,-33.1,-30.1,-28.1,-27.0,-27.6,-29.4,-31.4,-32.5,-31.9,17.8,15.8,17.9,22.7,27.7,30.1,28.1,22.8,15.5,15.3,16.7,19.3,21.7,24.2,27.2,26.6,25.6,23.8,21.1,18.3,22.7,25.2,26.1,25.0,22.4,20.0,19.0,20.1,201.2,197.1,192.9,191.2,192.9,197.1,201.2,202.9,205.3,201.5,197.8,194.2,192.1,191.5,192.2,195.6,198.7,201.7,204.0,205.4,199.9,199.1,197.2,195.3,194.5,195.3,197.2,199.1,158.3,153.5,149.9,149.8,153.1,157.9,161.5,162.2,160.9,156.5,153.1,150.3,149.0,149.0,149.8,151.0,152.3,154.2,156.7,159.0,159.2,159.0,157.3,154.9,153.3,153.4,155.2,157.6,40.4,49.3,132.3,2.505,1.324,-2.424,1074.7,1148.4,1254.5,1325.2,1267.6,1145.7,988.5,911.4,915.7,1015.3,1146.9,1286.4,1323.1,1298.8,1240.2,1199.2,1201.8,773.4,795.8,811.5,817.2,813.0,858.6,916.1,961.0,1003.9,1044.6,838.0,793.1,748.0,702.6,782.4,769.1,760.4,793.3,839.3,825.0,812.5,815.9,828.9,815.6,807.8,922.3,942.8,961.3,1003.3,957.5,934.2,842.7,785.0,785.7,796.2,831.2,897.1,984.7,896.7,856.3,808.0,788.1,786.1,812.4,800.6,812.7,851.6,949.8,858.5,821.9,804.1,48.4,225.1,431.2,645.4,863.0,1052.2,1182.1,1267.2,1331.4,1369.8,1340.1,1287.9,1214.0,1125.0,1014.2,877.2,741.4,-59.7,-62.8,-30.7,35.1,109.5,234.2,234.0,243.1,271.3,330.9,342.0,459.4,574.4,692.4,687.7,740.6,793.5,806.6,797.9,198.4,213.7,241.6,273.4,264.7,237.5,441.2,457.5,484.4,518.3,507.6,480.2,937.1,917.9,918.9,953.1,960.8,1013.9,1083.2,1104.0,1097.3,1085.0,1059.7,1018.8,956.4,977.9,998.1,1013.8,1077.7,1023.6,1011.6,992.8,0.00,0.00,0.00,0.00,0.00,0.00,0.00,0.00,0.00,0.00,0.00,0.00,0.00,0.00,0.00,0.00,0.00,0.00,0.00,0.00,0.00,0.00,0.00,0.00,0.00,0.00,0.00,0.00,0.00,0.00,0.00,0.00,0.00,0.00,0.00
232,0,7.700,0.03,0,0.000000,0.000000,0.000000,0.000000,0.000000,0.000000,0.000,0.000,798.0,794.5,798.2,807.0,815.7,821.4,815.4,806.7,822.3,805.7,794.3,790.4,799.8,814.9,831.8,821.5,808.9,803.4,804.6,811.8,810.9,814.7,816.3,814.8,811.0,807.2,805.6,807.1,940.3,950.8,969.0,984.3,987.8,977.3,959.1,943.9,929.7,932.3,939.6,949.9,963.5,985.4,1005.2,985.2,961.4,943.1,934.2,930.7,961.1,966.8,973.3,976.9,975.4,969.8,963.2,959.6,257.0,245.8,251.8,271.6,293.4,306.2,298.6,278.8,235.4,235.7,243.0,255.7,272.4,288.7,305.7,307.0,300.5,289.3,274.0,255.9,275.2,283.7,286.4,281.5,272.1,263.6,261.0,265.8,479.7,462.8,469.1,494.9,525.1,542.0,535.8,509.9,460.2,456.0,461.1,472.3,484.3,498.3,515.7,514.1,509.7,501.4,488.7,474.8,503.5,512.7,515.1,509.3,498.6,489.3,486.9,492.7,29.1,27.8,27.7,28.9,30.7,32.5,32.2,31.0,35.1,31.2,28.3,26.8,27.9,30.2,33.0,31.9,30.3,30.1,30.9,32.8,31.2,31.7,31.6,31.0,30.2,29.7,29.8,30.4,55.4,55.8,57.5,59.5,60.9,60.8,59.0,57.0,54.7,53.5,53.4,54.0,55.6,59.0,62.2,59.5,56.1,53.9,53.5,54.0,58.7,59.6,60.2,60.3,59.7,58.9,58.2,58.2,-19.0,-20.6,-19.0,-15.3,-11.6,-9.6,-11.3,-15.1,-24.0,-23.4,-21.5,-18.6,-15.3,-12.3,-9.3,-9.3,-10.7,-13.0,-16.2,-19.9,-15.5,-13.8,-13.2,-13.9,-15.5,-17.1,-17.8,-17.1,22.1,18.5,19.1,23.3,28.9,32.8,32.5,28.1,18.9,17.6,18.0,19.6,21.4,23.6,26.5,26.6,26.1,25.1,23.4,21.3,26.2,27.9,28.0,26.7,24.7,23.1,22.9,24.2,161.4,157.5,153.4,151.5,152.8,156.7,160.8,162.8,168.5,164.8,160.6,155.9,152.5,151.0,150.7,153.6,157.1,160.9,164.4,167.0,159.6,158.8,157.0,155.3,154.7,155.6,157.3,159.0,161.5,157.1,152.8,151.2,153.2,157.6,161.9,164.0,165.1,160.3,156.0,152.5,150.4,149.4,149.1,150.8,152.8,155.6,159.0,162.4,160.1,159.6,158.1,156.5,155.7,156.2,157.7,159.3,43.0,50.9,135.8,2.650,1.264,-2.669,1156.8,1237.1,1336.8,1393.0,1315.0,1169.7,999.2,912.8,915.9,1011.4,1140.5,1279.2,1315.4,1292.6,1237.9,1201.5,1201.8,760.1,785.7,807.6,817.7,825.1,858.6,915.9,960.8,1003.1,1041.0,854.7,819.4,784.2,746.5,811.0,801.9,793.4,810.9,844.1,818.9,798.8,802.6,828.0,809.4,801.0,931.0,940.1,959.7,1008.5,960.9,935.7,827.5,773.6,786.0,796.0,832.1,893.9,978.7,897.9,858.1,811.3,791.1,782.5,804.1,799.2,811.3,851.9,942.6,859.1,822.7,803.8,67.1,254.5,472.7,693.1,909.2,1090.3,1206.0,1282.5,1338.5,1372.5,1342.0,1296.8,1223.2,1129.9,1015.8,879.2,748.5,-46.0,-41.4,-9.2,56.1,132.2,233.8,233.9,244.5,271.9,329.6,371.9,476.4,577.6,682.4,713.5,756.4,798.8,811.9,803.2,236.1,244.7,271.3,305.4,301.5,273.7,454.4,459.5,483.0,519.6,510.8,488.7,980.1,938.0,925.0,956.7,962.3,1014.0,1090.6,1098.4,1095.3,1085.8,1064.6,1037.6,990.3,992.6,1007.7,1021.7,1081.0,1025.8,1016.2,1002.0,0.00,0.00,0.00,0.00,0.00,0.00,0.00,0.00,0.00,0.00,0.00,0.00,0.00,0.00,0.00,0.00,0.00,0.00,0.00,0.00,0.00,0.00,0.00,0.00,0.00,0.00,0.00,0.00,0.00,0.00,0.00,0.00,0.00,0.00,0.00
233,0,7.733,0.03,0,0.000000,0.000000,0.000000,0.000000,0.000000,0.000000,0.000,0.000,887.0,891.1,898.7,905.4,907.3,905.3,895.7,889.0,915.5,901.1,889.0,884.1,888.9,897.0,905.5,896.2,886.9,885.5,892.5,903.7,898.3,901.2,904.5,906.3,905.4,902.5,899.2,897.4,944.4,955.3,971.4,983.2,983.9,973.0,956.9,945.3,948.6,945.1,944.3,948.3,959.6,978.8,997.1,976.9,955.5,942.0,938.0,941.8,961.9,966.4,972.3,976.1,975.5,970.9,965.0,961.3,368.0,345.4,340.0,354.9,381.4,406.0,409.4,394.5,360.0,350.3,348.8,352.1,363.0,375.9,391.7,395.9,393.5,388.0,380.4,371.2,383.2,389.6,387.3,377.5,366.1,359.7,362.1,371.8,484.3,464.7,468.2,492.7,523.8,543.4,539.9,516.1,470.3,465.5,466.8,473.3,484.5,498.5,514.9,513.9,508.2,499.9,490.2,481.2,507.3,515.7,517.1,510.7,500.2,491.9,490.5,496.9,43.9,43.9,43.9,43.9,44.0,44.4,44.1,44.0,51.8,48.1,44.8,42.6,42.1,42.7,43.8,43.2,42.7,43.7,46.0,49.0,44.9,44.9,44.9,44.9,44.8,44.8,44.8,44.8,53.8,54.5,55.6,56.5,56.9,56.5,55.4,54.4,57.6,55.7,54.0,53.1,53.6,55.8,58.1,55.6,53.2,52.3,53.1,55.3,56.0,56.5,57.0,57.1,56.9,56.4,56.0,55.8,1.4,-2.6,-3.4,-0.8,3.5,7.7,8.5,6.1,0.0,-1.8,-2.0,-1.4,0.5,2.6,5.2,6.0,5.8,5.0,3.7,2.1,4.0,5.1,4.6,3.0,1.0,-0.0,0.4,2.1,22.0,18.1,18.1,21.9,27.1,31.1,31.4,27.8,20.6,19.3,19.0,19.5,20.9,22.8,25.2,25.4,25.0,24.2,23.2,22.2,25.6,26.9,26.9,25.6,23.8,22.5,22.5,23.8,155.4,152.9,148.5,144.8,143.9,146.3,150.9,154.6,164.4,161.3,157.4,152.6,148.1,145.5,144.2,147.4,151.4,155.8,159.5,162.5,152.0,150.4,148.5,147.5,147.8,149.4,151.3,152.4,154.8,151.2,146.7,144.1,144.8,148.5,152.9,156.0,163.4,159.6,155.3,150.6,146.8,144.1,142.3,144.4,147.5,151.4,156.0,160.4,152.2,151.4,150.0,148.7,148.4,149.2,150.7,151.9,51.4,57.5,142.3,2.805,1.043,-3.108,1362.2,1423.1,1498.4,1528.7,1424.9,1253.1,1046.8,930.6,922.9,1005.6,1140.8,1262.2,1302.8,1289.7,1240.9,1212.4,1219.8,897.0,897.6,904.1,892.9,879.6,858.3,915.0,965.3,1003.1,1043.6,871.2,834.3,793.5,750.4,844.3,834.4,818.3,818.3,836.0,917.5,887.9,884.7,910.6,890.6,889.9,946.0,944.0,954.9,998.9,957.0,940.9,874.2,794.3,796.7,797.0,822.3,885.1,978.4,892.3,847.0,809.7,799.8,811.0,849.2,808.6,813.7,843.8,946.4,845.8,820.1,810.6,279.2,455.0,657.2,858.7,1038.1,1178.7,1259.7,1321.7,1362.6,1375.6,1334.4,1291.5,1215.4,1117.5,995.0,859.8,734.2,83.0,78.1,89.3,132.7,188.2,238.3,233.0,242.2,275.0,327.6,416.6,508.4,595.7,685.9,769.3,795.2,819.8,822.9,810.6,357.8,351.3,363.2,389.9,394.5,379.6,471.4,467.7,481.5,513.8,506.8,494.4,1027.9,970.0,947.9,971.0,971.9,1017.4,1090.4,1091.9,1092.6,1088.1,1072.0,1056.5,1029.0,1016.8,1025.3,1032.6,1083.4,1027.6,1023.3,1014.1,0.00,0.00,0.00,0.00,0.00,0.00,0.00,0.00,0.00,0.00,0.00,0.00,0.00,0.00,0.00,0.00,0.00,0.00,0.00,0.00,0.00,0.00,0.00,0.00,0.00,0.00,0.00,0.00,0.00,0.00,0.00,0.00,0.00,0.00,0.00
234,0,7.767,0.03,0,0.000000,0.000000,0.000000,0.000000,0.000000,0.000000,0.000,0.000,955.0,951.5,952.0,956.3,961.9,967.7,964.8,960.5,998.7,974.4,954.4,940.1,940.7,950.3,962.6,952.3,943.9,945.3,955.1,973.6,964.8,966.7,966.9,965.4,963.0,961.1,960.8,962.4,951.6,960.7,972.1,979.2,977.8,968.8,957.4,951.0,957.6,951.8,949.9,951.9,960.4,979.1,995.7,978.2,958.5,946.7,945.7,950.6,964.3,967.2,971.6,975.0,975.3,972.5,968.1,964.7,420.6,393.1,383.4,397.2,426.4,455.8,463.5,449.7,419.4,408.2,400.5,397.5,404.6,416.8,434.8,439.9,440.5,440.0,436.2,430.0,434.5,440.6,436.3,424.2,411.3,405.2,409.4,421.6,489.0,465.0,463.2,484.5,516.5,540.4,542.3,522.3,488.1,477.8,474.2,477.0,484.3,496.4,511.3,515.0,513.8,509.6,503.9,497.6,509.9,517.9,517.4,508.6,496.7,488.7,489.2,498.0,48.6,47.4,46.0,45.2,45.5,47.0,48.2,49.0,58.8,53.8,49.3,45.4,43.9,44.1,44.8,44.5,44.7,46.4,49.4,53.6,48.7,48.4,47.7,47.2,47.0,47.4,48.0,48.6,53.9,54.3,54.4,54.1,53.7,53.4,53.3,53.8,57.1,54.8,52.8,51.6,51.7,53.5,55.2,53.5,51.6,51.2,52.5,54.8,54.7,54.7,54.7,54.8,54.9,55.0,54.9,54.8,9.3,5.0,3.5,5.3,9.4,13.7,15.4,13.7,9.7,7.8,6.3,5.7,6.5,8.1,10.4,11.4,11.8,12.2,11.9,11.2,11.2,11.9,11.1,9.3,7.5,6.7,7.4,9.3,22.3,17.8,16.9,19.8,24.9,29.3,30.6,28.1,23.1,20.7,19.5,19.4,20.0,21.5,23.5,24.5,24.9,25.0,24.7,24.3,25.3,26.4,26.0,24.3,22.4,21.3,21.6,23.3,135.0,133.0,128.9,125.0,123.6,125.4,129.8,133.7,143.4,140.8,137.1,132.4,127.8,124.3,121.6,124.7,128.7,133.0,137.1,140.6,131.3,129.6,127.8,126.9,127.5,129.2,131.0,131.9,151.2,148.1,143.2,139.5,139.0,142.2,147.0,151.3,157.4,153.7,149.2,144.7,141.2,138.1,135.8,138.3,141.9,146.0,150.4,154.5,147.6,146.2,144.4,143.2,143.4,144.7,146.5,147.7,54.7,59.7,140.0,2.806,0.927,3.048,1491.9,1544.2,1606.5,1625.3,1511.4,1324.0,1093.6,955.0,930.4,1001.7,1132.0,1245.7,1291.7,1286.4,1247.1,1226.9,1236.9,990.9,974.7,971.8,945.7,917.4,855.5,913.5,965.9,1000.8,1042.9,885.1,845.6,798.9,749.8,856.6,847.2,828.8,820.9,830.6,994.7,953.4,942.0,967.1,947.6,955.1,956.6,949.5,957.3,999.9,957.7,945.1,910.5,813.0,803.1,798.3,815.9,877.8,978.0,887.3,839.3,810.9,805.9,833.0,885.4,815.0,815.9,837.8,947.7,837.4,820.1,815.5,387.6,559.4,757.3,952.3,1117.3,1239.8,1300.9,1352.2,1381.0,1379.6,1331.8,1292.1,1218.6,1117.8,989.9,853.5,727.9,135.7,133.3,139.8,173.4,218.3,239.9,234.6,242.3,275.9,324.1,442.8,524.9,602.1,682.2,798.6,815.9,831.1,830.6,817.4,416.9,401.8,408.1,435.5,443.7,433.7,485.4,473.3,482.8,514.4,510.5,503.3,1055.6,994.4,966.8,983.2,979.0,1019.1,1085.2,1088.2,1093.9,1094.9,1084.8,1075.7,1053.1,1036.8,1039.2,1040.7,1080.6,1029.3,1029.6,1026.1,0.00,0.00,0.00,0.00,0.00,0.00,0.00,0.00,0.00,0.00,0.00,0.00,0.00,0.00,0.00,0.00,0.00,0.00,0.00,0.00,0.00,0.00,0.00,0.00,0.00,0.00,0.00,0.00,0.00,0.00,0.00,0.00,0.00,0.00,0.00
235,0,7.800,0.03,0,0.000000,0.000000,0.000000,0.000000,0.000000,0.000000,0.000,0.000,1109.3,1112.7,1101.0,1081.0,1064.4,1062.1,1072.7,1092.7,1145.5,1116.6,1085.3,1065.7,1058.8,1059.2,1063.7,1052.9,1045.0,1049.5,1072.2,1109.5,1098.0,1089.8,1085.0,1086.3,1092.9,1101.0,1105.9,1104.6,969.1,971.4,964.1,951.6,941.2,938.9,946.1,960.9,991.2,972.3,952.0,937.7,936.8,944.4,959.4,937.7,926.6,928.9,942.3,967.2,962.4,958.4,955.9,956.4,959.7,963.7,966.2,965.7,485.0,432.6,404.8,417.9,464.2,520.1,544.4,531.3,486.9,476.0,466.9,462.6,467.5,478.9,496.6,504.1,505.1,505.5,502.6,497.1,499.5,504.6,493.3,472.2,453.7,448.6,459.9,481.0,487.7,453.2,437.9,450.8,484.2,518.7,533.9,524.1,506.0,487.5,472.0,462.9,467.4,478.3,494.3,504.8,509.8,512.6,513.2,514.2,498.8,503.1,498.2,486.9,476.0,471.7,476.7,487.9,47.5,47.1,43.8,39.7,37.1,37.4,40.6,44.8,53.2,48.9,44.0,40.0,37.2,35.4,34.3,34.9,36.2,38.7,42.9,48.3,43.9,42.2,40.9,40.7,41.8,43.5,44.8,45.0,43.1,42.8,40.4,37.5,35.7,36.0,38.2,41.6,47.6,44.3,40.5,37.2,35.4,34.7,35.0,34.0,34.2,36.0,39.1,43.6,40.6,39.7,38.9,38.8,39.4,40.3,41.1,41.2,12.7,7.2,4.3,5.2,9.1,14.2,17.3,16.9,13.4,11.9,10.6,9.6,9.6,10.0,11.1,12.2,13.0,13.7,14.1,14.1,13.4,13.6,12.3,10.2,8.6,8.4,9.6,11.7,16.7,12.0,9.7,10.9,14.7,19.1,21.7,21.2,19.8,17.0,14.6,12.9,12.8,13.5,14.7,16.5,17.9,19.0,19.8,20.5,17.5,17.8,17.0,15.6,14.3,13.9,14.7,16.2,88.6,87.2,83.1,78.7,76.6,77.6,82.1,86.5,92.1,89.7,86.4,82.3,77.8,73.9,70.8,74.0,78.2,82.7,86.8,90.0,83.8,82.1,80.4,79.9,80.7,82.5,84.1,84.7,114.7,113.0,109.2,105.4,103.8,105.5,109.3,113.3,118.7,116.6,113.7,109.4,104.3,99.8,96.0,99.9,104.5,109.0,113.2,116.6,110.2,109.0,107.8,107.3,107.8,109.0,110.2,110.7,58.5,71.8,137.5,2.807,0.923,2.621,1746.0,1770.7,1815.5,1818.7,1709.7,1514.4,1241.6,1042.0,977.2,1016.7,1140.9,1221.0,1260.8,1277.0,1257.9,1266.0,1293.7,1184.6,1143.6,1138.6,1078.6,1014.0,867.7,901.4,961.3,992.0,1026.8,921.5,871.5,808.3,741.8,898.4,879.4,845.6,825.3,824.0,1150.7,1080.5,1053.5,1064.6,1048.3,1073.5,984.0,952.6,939.2,961.0,928.7,941.2,1036.7,880.6,815.9,792.7,794.9,841.6,943.2,868.9,828.0,824.5,838.6,915.6,1004.3,841.8,826.1,829.5,928.5,822.4,827.6,839.6,524.1,694.1,896.9,1090.1,1245.8,1350.9,1382.9,1418.4,1437.7,1416.7,1349.5,1294.5,1210.8,1104.3,982.9,863.3,749.8,239.8,253.1,254.1,260.7,274.7,244.4,239.7,246.1,280.4,310.8,467.0,540.7,610.5,682.8,858.5,858.3,859.2,858.1,850.4,496.0,463.0,462.5,502.3,504.1,500.8,510.9,469.1,465.5,503.6,505.3,509.4,1069.0,1012.8,980.1,993.1,984.9,1017.0,1065.7,1098.6,1125.6,1134.7,1128.0,1109.8,1070.1,1064.6,1065.3,1062.2,1072.6,1045.3,1051.9,1052.1,0.00,0.00,0.00,0.00,0.00,0.00,0.00,0.00,0.00,0.00,0.00,0.00,0.00,0.00,0.00,0.00,0.00,0.00,0.00,0.00,0.00,0.00,0.00,0.00,0.00,0.00,0.00,0.00,0.00,0.00,0.00,0.00,0.00,0.00,0.00
236,0,7.833,0.03,0,0.000000,0.000000,0.000000,0.000000,0.000000,0.000000,0.000,0.000,1201.0,1201.4,1201.0,1200.0,1199.1,1198.3,1199.1,1200.1,1184.2,1188.6,1193.7,1197.8,1198.9,1197.9,1195.7,1194.0,1192.2,1190.0,1187.6,1185.3,1199.3,1198.8,1198.7,1198.8,1199.3,1199.7,1199.9,1199.7,941.4,938.8,935.0,932.1,931.9,934.5,938.4,941.4,944.6,943.8,942.5,939.6,935.4,931.4,928.4,932.9,937.3,940.8,943.3,944.4,938.2,937.0,935.3,934.1,934.2,935.5,937.2,938.3,458.9,454.8,450.5,448.4,449.8,453.7,458.1,460.2,462.8,461.0,459.6,457.9,457.0,457.8,459.9,462.5,464.9,466.4,466.6,465.5,456.8,455.9,454.0,452.2,451.6,452.5,454.5,456.2,486.4,490.3,491.5,489.3,484.9,480.9,479.8,481.7,482.0,486.6,489.9,491.1,488.9,485.5,480.5,479.0,478.7,478.8,479.5,480.2,483.8,482.8,483.3,485.0,487.0,487.9,487.4,485.7,544.9,544.6,545.5,547.0,548.3,548.4,547.7,546.2,523.7,526.9,532.2,537.9,541.9,543.4,543.5,541.1,537.9,534.2,530.2,526.3,545.5,546.1,546.5,546.4,545.9,545.2,544.8,544.9,-276.1,-273.8,-271.0,-269.3,-269.7,-272.0,-274.8,-276.5,-276.5,-276.6,-276.5,-275.3,-272.5,-269.3,-266.7,-270.7,-274.2,-276.7,-277.8,-277.5,-273.8,-273.1,-271.9,-270.9,-270.7,-271.4,-272.7,-273.7,96.0,92.0,88.0,86.4,88.0,92.0,96.1,97.7,99.0,97.0,95.7,94.5,94.1,95.2,97.7,100.1,102.2,103.4,103.2,101.8,94.4,93.7,92.0,90.2,89.4,90.1,91.9,93.7,-115.8,-119.4,-120.9,-119.2,-115.4,-111.7,-110.3,-111.6,-110.7,-115.2,-118.7,-120.4,-118.9,-116.0,-111.4,-110.0,-109.5,-109.3,-109.4,-109.6,-113.7,-112.9,-113.5,-115.1,-116.8,-117.5,-116.9,-115.3,849.9,848.9,850.9,854.7,858.1,859.4,857.2,853.3,842.1,840.4,841.0,843.8,848.4,852.3,855.7,854.6,852.3,849.9,847.2,844.5,853.4,855.1,856.0,855.5,854.0,852.3,851.4,851.9,-801.5,-801.8,-804.0,-806.6,-808.3,-807.9,-805.8,-802.8,-794.2,-796.5,-799.7,-803.9,-807.1,-808.8,-809.1,-808.7,-807.3,-804.8,-801.5,-797.5,-803.5,-804.6,-805.6,-805.7,-805.0,-803.9,-802.9,-802.8,73.7,93.1,160.3,3.080,1.184,2.084,1900.2,1903.4,1952.9,1960.3,1861.0,1664.6,1360.2,1127.1,1017.5,1052.5,1164.7,1232.7,1285.9,1310.1,1278.9,1306.0,1368.9,1333.4,1261.2,1230.1,1140.1,1045.9,877.0,893.6,955.7,986.3,1033.7,918.0,862.7,786.9,709.8,911.7,891.1,848.4,835.9,840.9,1266.3,1192.0,1160.7,1162.9,1153.3,1183.8,991.7,939.0,922.1,935.4,917.4,942.4,1101.5,896.8,805.0,771.1,759.4,807.2,928.7,870.9,830.9,829.6,854.8,953.8,1063.8,841.1,818.4,803.3,917.6,804.9,823.6,843.0,569.4,726.1,921.3,1109.7,1278.6,1397.5,1430.2,1474.2,1490.7,1454.8,1366.8,1310.7,1227.2,1118.8,988.8,870.7,770.1,300.0,302.4,284.8,283.4,287.1,259.4,246.3,243.4,294.3,329.3,457.0,535.4,611.3,688.0,866.0,872.1,873.1,865.5,850.0,493.8,472.5,462.2,469.1,470.1,475.4,484.0,465.1,466.9,484.9,472.0,473.1,1104.7,1043.2,1016.0,1028.6,1022.5,1047.6,1094.1,1130.0,1169.9,1181.3,1175.1,1156.5,1102.2,1111.7,1110.9,1111.1,1098.0,1078.1,1087.8,1087.3,0.00,0.00,0.00,0.00,0.00,0.00,0.00,0.00,0.00,0.00,0.00,0.00,0.00,0.00,0.00,0.00,0.00,0.00,0.00,0.00,0.00,0.00,0.00,0.00,0.00,0.00,0.00,0.00,0.00,0.00,0.00,0.00,0.00,0.00,0.00
237,0,7.867,0.03,0,0.000000,0.000000,0.000000,0.000000,0.000000,0.000000,0.000,0.000,1315.5,1359.2,1339.6,1268.1,1186.7,1142.3,1162.6,1234.0,1350.0,1285.6,1193.8,1158.8,1146.0,1139.3,1158.4,1157.3,1154.7,1152.9,1207.2,1295.0,1263.4,1232.8,1224.3,1243.0,1277.9,1308.5,1317.0,1298.3,832.8,786.7,760.1,768.6,807.3,853.4,880.0,875.9,960.9,932.2,903.0,886.5,883.7,884.0,895.5,898.6,903.9,910.7,924.0,940.3,843.9,847.0,836.4,818.3,803.2,800.1,810.7,828.9,249.5,129.7,68.2,101.1,209.1,338.9,390.4,357.5,324.6,342.5,328.9,334.5,334.2,364.5,402.6,388.6,376.4,362.2,359.5,351.4,295.9,309.7,283.4,232.5,186.7,172.8,199.1,250.0,462.2,489.9,527.1,552.0,550.0,522.3,485.0,459.6,527.3,506.0,481.3,465.0,471.8,494.7,513.5,515.2,505.2,495.2,502.3,517.9,494.3,505.2,521.2,533.0,533.6,522.7,506.7,494.9,31.4,31.6,26.8,20.8,17.1,16.8,20.6,26.5,34.7,30.0,23.8,20.6,17.8,14.9,13.4,15.0,16.9,19.2,24.0,30.3,25.5,22.9,21.2,21.3,23.0,25.6,27.5,27.5,18.8,14.4,12.3,13.9,18.7,23.8,25.7,23.8,26.8,24.5,22.9,23.0,24.3,25.6,27.3,27.1,26.5,25.9,25.8,26.0,21.0,21.7,21.0,19.1,17.2,16.5,17.3,19.1,-5.1,-10.1,-11.2,-8.6,-4.7,-0.7,1.2,-0.1,-1.7,-0.8,-1.3,-1.0,-0.9,0.1,1.1,0.8,0.5,0.1,-0.0,-0.4,-2.6,-1.9,-2.8,-4.5,-6.2,-7.2,-6.5,-4.6,10.0,12.8,17.1,20.8,21.2,18.1,13.4,10.0,14.0,12.2,10.5,9.8,11.2,14.1,16.4,16.2,14.6,13.0,12.9,13.7,13.8,15.3,17.2,18.5,18.3,16.8,14.9,13.7,40.7,38.4,33.6,29.0,27.4,29.2,34.5,39.0,42.8,40.6,37.6,34.8,30.8,26.1,22.6,25.3,28.7,32.7,37.1,40.5,35.8,33.9,31.8,30.8,31.5,33.5,35.5,36.5,85.5,85.9,89.7,94.6,97.8,97.4,93.6,88.3,73.1,73.3,76.1,81.6,87.4,91.7,93.6,91.6,88.0,83.9,79.4,75.8,89.9,91.9,93.4,93.5,92.2,90.3,88.8,88.7,61.5,57.1,114.6,2.615,0.527,-3.137,2233.1,2306.7,2412.9,2479.5,2449.5,2235.9,1801.1,1393.4,1180.3,1177.9,1243.6,1295.9,1346.6,1384.8,1365.6,1402.7,1457.5,1539.9,1372.6,1250.1,1072.6,933.8,815.0,796.5,862.8,934.8,1025.1,898.5,825.9,734.5,637.8,952.5,895.5,818.5,793.4,787.7,1359.7,1202.4,1140.3,1147.1,1148.3,1206.7,996.6,910.5,888.8,911.7,879.7,908.6,1177.3,926.2,789.0,744.1,739.9,776.1,905.9,856.6,828.3,855.5,890.4,1013.6,1138.1,842.7,799.0,795.3,902.2,800.7,833.0,868.5,237.4,486.8,779.2,1054.6,1311.3,1485.1,1564.5,1619.9,1652.6,1610.3,1483.4,1395.7,1277.1,1110.3,963.3,838.8,724.7,72.1,89.5,112.7,170.7,263.9,261.7,266.1,257.6,302.0,352.6,457.9,532.3,606.3,687.1,883.7,896.2,911.1,922.2,917.6,329.3,326.5,345.5,412.4,379.4,357.3,506.8,464.3,475.4,516.5,507.3,501.8,1126.8,1063.3,1033.4,1069.0,1066.4,1116.3,1189.8,1202.2,1245.5,1253.9,1245.4,1218.7,1126.6,1138.4,1150.0,1164.7,1186.1,1141.9,1146.2,1143.5,0.00,0.00,0.00,0.00,0.00,0.00,0.00,0.00,0.00,0.00,0.00,0.00,0.00,0.00,0.00,0.00,0.00,0.00,0.00,0.00,0.00,0.00,0.00,0.00,0.00,0.00,0.00,0.00,0.00,0.00,0.00,0.00,0.00,0.00,0.00
238,0,7.900,0.03,0,0.000000,0.000000,0.000000,0.000000,0.000000,0.000000,0.000,0.000,1255.5,1231.4,1152.6,1065.2,1020.5,1045.1,1123.4,1210.7,1342.0,1280.2,1160.0,1113.1,1101.0,1107.8,1139.5,1127.3,1123.3,1124.9,1185.4,1283.4,1193.0,1153.5,1117.4,1105.8,1125.6,1165.1,1201.2,1212.8,916.8,905.0,927.9,971.9,1011.4,1023.1,1000.3,952.3,952.3,948.7,942.7,934.2,910.5,865.6,851.8,853.4,887.1,919.3,935.3,943.4,949.4,968.9,979.6,975.3,958.5,939.0,928.3,932.6,147.4,14.5,-43.5,7.5,137.6,279.4,328.4,277.4,208.4,209.5,211.2,226.2,258.0,318.8,375.2,350.7,326.3,309.7,293.8,255.3,207.1,231.1,204.1,142.1,81.2,57.2,84.1,146.2,98.6,81.4,106.9,160.1,209.9,227.1,201.7,150.1,280.7,260.5,259.7,286.7,326.3,361.0,388.8,400.7,387.2,361.4,329.9,300.1,157.0,177.4,188.2,182.9,164.8,144.5,133.7,138.9,26.7,24.6,19.1,13.9,11.7,13.0,17.8,23.6,30.1,26.1,19.4,15.7,13.0,10.8,9.9,11.1,13.0,15.5,20.3,26.3,21.3,18.7,16.4,15.6,16.7,19.2,21.7,22.6,18.1,18.5,21.6,25.8,28.3,27.4,23.9,19.8,21.5,21.8,22.6,23.6,22.7,19.3,17.7,17.7,20.0,21.9,21.9,21.4,21.1,22.8,24.2,24.5,23.5,21.7,20.4,20.2,-9.2,-14.4,-15.0,-11.6,-6.9,-2.6,-1.2,-3.4,-6.5,-6.1,-5.6,-4.4,-2.9,-1.0,0.3,-0.2,-0.9,-1.6,-2.5,-4.3,-5.9,-4.7,-5.3,-7.3,-9.6,-11.1,-10.6,-8.4,-17.1,-19.5,-19.0,-15.5,-11.4,-9.5,-10.5,-13.3,-5.5,-7.0,-7.5,-5.9,-2.8,0.1,2.4,3.4,2.2,0.1,-2.2,-4.2,-13.9,-12.7,-12.2,-12.9,-14.4,-15.7,-16.0,-15.2,37.9,36.4,32.6,28.7,27.0,28.0,32.3,36.2,37.5,35.7,32.7,29.0,24.6,20.2,17.3,19.9,23.5,27.9,32.5,35.8,33.7,31.8,30.0,29.3,30.1,32.0,33.8,34.5,57.1,61.2,65.7,67.9,66.7,62.6,58.1,55.5,60.2,61.9,65.4,70.3,73.5,74.8,73.2,72.8,70.9,68.5,64.9,61.9,59.8,60.6,62.3,63.9,64.4,63.6,61.9,60.3,90.9,64.6,157.0,-0.270,0.693,0.212,2455.5,2525.4,2632.5,2678.9,2500.8,2243.2,1880.1,1528.8,1371.5,1225.8,1304.7,1390.6,1302.1,1283.0,1324.3,1291.4,1232.4,1317.6,1254.5,1099.5,936.4,836.1,639.0,654.3,753.5,845.8,879.4,1056.9,859.9,677.4,498.9,979.3,819.8,750.5,798.3,879.4,1281.6,1124.4,1070.7,1178.0,1128.6,1093.1,796.8,960.1,943.7,1064.2,874.2,840.1,1299.2,951.6,874.7,853.3,851.0,823.4,956.7,852.1,898.3,897.3,942.0,1045.9,1180.6,986.8,917.2,961.4,921.5,965.3,966.8,1027.7,18.8,228.7,542.1,849.2,1155.1,1416.0,1615.8,1674.6,1723.4,1814.0,1673.4,1422.2,1234.4,1156.0,1035.1,815.9,702.3,-63.7,55.6,78.2,188.0,342.1,384.8,342.2,354.8,362.0,370.3,463.4,632.5,762.5,897.4,927.6,947.4,964.9,1020.1,1031.1,252.7,238.6,265.2,288.2,276.7,313.9,395.6,373.8,420.8,434.9,430.6,386.5,1232.4,1205.7,1117.2,1194.3,1176.6,1245.7,1232.7,1298.7,1412.5,1426.1,1377.7,1241.7,1193.8,1220.9,1233.8,1262.7,1208.4,1228.5,1236.2,1192.7,0.00,0.00,0.00,0.00,0.00,0.00,0.00,0.00,0.00,0.00,0.00,0.00,0.00,0.00,0.00,0.00,0.00,0.00,0.00,0.00,0.00,0.00,0.00,0.00,0.00,0.00,0.00,0.00,0.00,0.00,0.00,0.00,0.00,0.00,0.00
239,0,7.933,0.03,0,0.000000,0.000000,0.000000,0.000000,0.000000,0.000000,0.000,0.000,1174.0,1171.3,1162.8,1153.5,1148.8,1153.0,1160.0,1169.3,1264.6,1216.9,1177.5,1140.6,1126.4,1131.5,1142.0,1141.9,1147.2,1164.1,1187.8,1221.0,1171.0,1167.2,1163.7,1162.7,1164.6,1168.4,1171.8,1172.9,1031.2,1037.2,1030.4,1014.9,999.6,993.7,1000.5,1018.4,1059.3,1037.6,1015.7,998.6,997.6,1009.1,1024.4,1009.7,1002.1,1003.7,1016.5,1038.4,1023.0,1014.6,1010.8,1013.8,1021.7,1030.0,1033.8,1030.9,388.3,375.7,390.2,423.3,455.7,472.3,453.8,420.7,374.2,355.9,352.0,362.8,394.4,435.3,479.7,480.7,466.6,453.8,432.5,406.3,423.2,437.2,443.4,438.1,424.4,410.4,404.2,409.5,499.7,464.2,450.7,467.0,503.6,539.1,552.6,539.4,531.1,489.9,463.7,461.0,483.5,519.8,564.8,584.3,588.8,583.8,571.4,555.4,522.9,532.6,525.6,506.0,485.3,475.5,482.5,502.1,58.5,55.9,53.0,51.4,52.0,54.7,57.5,59.2,72.4,65.2,58.9,53.2,50.5,50.4,51.4,54.2,57.1,60.7,64.4,68.6,57.5,56.8,55.6,54.5,54.2,54.9,56.1,57.2,42.7,42.4,39.9,36.8,34.9,35.1,37.4,40.9,47.2,43.6,39.8,36.4,34.6,34.3,34.9,35.1,36.1,37.9,40.5,44.1,40.4,38.7,37.4,37.2,38.2,39.9,41.3,41.5,3.1,1.7,3.1,6.3,9.8,12.0,10.4,6.8,1.6,-0.5,-0.9,0.3,3.6,7.7,12.3,13.0,12.0,10.9,8.5,5.5,6.8,8.3,8.8,8.1,6.7,5.2,4.7,5.3,15.2,11.1,9.3,10.5,13.9,17.8,20.0,19.4,19.2,14.3,11.0,10.2,12.0,14.9,18.6,21.3,22.8,23.3,22.8,21.6,17.2,17.8,16.7,14.5,12.5,11.8,12.8,15.1,95.9,92.1,88.7,87.6,89.5,93.3,96.7,97.8,101.5,98.9,96.0,93.1,90.9,89.8,89.6,94.5,98.6,101.3,102.9,103.3,94.8,94.3,92.8,91.3,90.5,90.9,92.4,94.0,95.5,93.4,89.4,85.9,84.9,86.9,90.9,94.7,98.4,96.0,92.7,88.7,84.7,81.4,79.5,83.2,87.2,91.1,94.2,96.8,92.4,90.4,88.2,87.0,87.6,89.5,91.7,92.9,105.3,99.2,186.4,-0.210,1.197,0.012,1668.2,1620.6,1642.3,1708.9,1705.2,1623.8,1483.5,1355.1,1308.2,1248.3,1355.6,1462.8,1429.0,1399.5,1389.5,1317.1,1281.8,1139.4,1138.1,1080.2,1008.9,938.5,922.0,880.3,913.5,946.2,920.6,1044.9,925.6,806.6,683.1,989.0,901.7,864.9,915.5,1020.4,1219.4,1141.8,1138.9,1183.7,1169.0,1124.4,947.7,1013.2,1025.1,1087.5,1005.9,967.7,1261.5,1017.8,983.5,963.1,936.1,977.3,1119.9,945.2,902.9,917.5,958.5,1028.9,1193.0,1046.0,991.2,991.8,1075.3,955.8,967.0,1009.8,454.2,599.2,798.1,977.0,1131.5,1281.9,1423.8,1503.8,1556.8,1639.0,1583.4,1411.3,1231.3,1131.0,1020.8,884.2,774.1,214.7,251.9,266.0,334.4,428.3,489.9,410.3,382.1,383.6,428.5,489.2,643.7,777.9,907.7,924.0,958.7,979.2,968.8,944.9,398.5,342.4,376.5,453.9,452.6,460.0,539.1,476.3,490.3,555.3,572.1,551.0,1066.8,1074.4,1031.3,1064.6,1062.4,1095.1,1093.3,1214.5,1283.7,1283.5,1253.4,1156.9,1071.6,1110.0,1114.8,1130.8,1096.4,1179.3,1170.6,1137.1,0.00,0.00,0.00,0.00,0.00,0.00,0.00,0.00,0.00,0.00,0.00,0.00,0.00,0.00,0.00,0.00,0.00,0.00,0.00,0.00,0.00,0.00,0.00,0.00,0.00,0.00,0.00,0.00,0.00,0.00,0.00,0.00,0.00,0.00,0.00
240,0,7.967,0.03,0,0.000000,0.000000,0.000000,0.000000,0.000000,0.000000,0.000,0.000,1249.2,1225.3,1188.1,1159.5,1156.1,1177.7,1217.2,1245.8,1215.7,1195.6,1163.6,1123.3,1095.2,1080.8,1077.8,1089.6,1110.1,1137.7,1168.5,1196.7,1221.2,1207.0,1189.0,1177.8,1179.8,1194.0,1212.0,1223.2,1038.0,1052.8,1071.4,1082.8,1080.4,1065.6,1047.0,1035.7,1076.3,1070.6,1059.3,1050.3,1059.3,1073.8,1085.5,1067.1,1051.7,1045.7,1049.3,1064.5,1054.4,1059.4,1067.4,1073.7,1074.6,1069.6,1061.6,1055.3,284.4,264.8,260.3,273.5,296.7,319.5,320.7,307.5,326.8,305.3,295.5,296.1,316.9,347.6,381.7,387.0,379.9,372.5,361.8,347.7,303.4,310.1,307.8,297.8,286.1,279.4,281.6,291.6,484.0,456.7,448.0,463.2,493.3,520.7,529.3,516.5,551.0,506.4,473.0,459.7,480.5,511.2,553.4,568.0,572.0,571.1,565.7,560.9,500.7,506.9,503.3,491.9,479.5,473.2,476.8,488.2,81.9,77.5,73.2,71.4,73.1,77.3,82.2,84.0,79.8,76.4,71.6,65.3,60.6,58.4,58.1,61.1,65.7,70.8,75.2,78.4,80.0,79.0,76.7,74.6,73.8,74.8,77.0,79.1,48.7,49.9,50.5,50.1,49.2,48.2,47.6,48.0,59.4,57.9,54.9,51.2,49.4,49.4,50.3,49.5,49.4,50.6,53.0,56.7,49.3,49.3,49.5,50.0,50.4,50.5,50.2,49.7,-10.2,-12.6,-13.3,-11.9,-9.0,-5.8,-5.6,-7.3,-4.6,-7.5,-8.8,-8.6,-5.7,-1.6,2.9,3.7,2.8,1.8,0.3,-1.7,-7.8,-7.0,-7.3,-8.6,-10.1,-10.9,-10.5,-9.3,15.2,11.7,10.3,11.7,14.9,18.2,19.8,19.0,26.0,19.7,14.8,12.4,14.2,17.2,21.8,24.1,25.4,26.3,26.6,26.8,16.7,17.3,16.6,15.2,13.8,13.3,13.9,15.3,117.6,115.8,116.9,120.3,123.9,125.8,124.6,121.3,121.3,120.4,119.6,118.2,116.6,115.9,116.1,119.0,122.3,124.4,124.5,123.3,120.4,121.9,122.3,121.4,119.6,118.2,117.8,118.7,107.1,105.7,102.3,99.0,97.7,99.1,102.4,106.1,119.0,117.6,114.7,109.1,103.2,99.6,98.9,101.3,105.0,109.1,113.3,116.8,104.1,102.8,101.4,100.8,101.4,102.8,104.1,104.7,103.1,90.3,177.0,-0.114,1.272,-0.009,1652.0,1607.7,1631.2,1674.2,1656.3,1576.5,1463.8,1356.4,1312.0,1264.7,1369.8,1489.9,1481.9,1460.8,1435.6,1369.4,1335.7,1121.5,1109.6,1068.3,1003.4,941.3,965.6,944.1,977.4,1026.3,1023.1,1032.6,925.5,818.3,710.4,981.8,900.4,858.4,922.7,1034.5,1176.1,1115.9,1111.3,1142.2,1132.1,1097.8,989.7,1064.9,1079.3,1132.2,1053.6,1020.2,1236.8,1010.5,987.7,974.9,957.6,1010.1,1159.9,979.3,918.3,919.2,947.2,1016.2,1177.7,1036.8,999.2,1002.6,1106.6,978.1,980.6,1011.2,371.8,557.3,771.8,948.3,1110.5,1265.5,1405.6,1473.2,1513.6,1573.8,1515.9,1366.7,1195.0,1092.2,987.1,859.4,764.0,256.3,265.6,263.0,333.5,439.7,519.2,457.4,425.7,418.9,458.5,488.3,648.2,792.9,932.1,894.5,940.6,974.2,949.8,911.9,341.0,288.5,321.2,401.0,393.8,393.5,529.4,465.8,480.1,550.1,556.3,531.6,1015.3,1022.4,987.7,1025.8,1032.7,1059.0,1068.4,1160.2,1232.3,1227.4,1198.8,1103.9,1020.2,1058.5,1068.4,1092.5,1067.1,1140.1,1128.6,1095.4,0.00,0.00,0.00,0.00,0.00,0.00,0.00,0.00,0.00,0.00,0.00,0.00,0.00,0.00,0.00,0.00,0.00,0.00,0.00,0.00,0.00,0.00,0.00,0.00,0.00,0.00,0.00,0.00,0.00,0.00,0.00,0.00,0.00,0.00,0.00
241,0,8.000,0.03,0,0.000000,0.000000,0.000000,0.000000,0.000000,0.000000,0.000,0.000,1123.2,1150.0,1148.4,1119.3,1079.7,1052.6,1054.5,1083.7,1122.6,1101.9,1066.9,1043.1,1040.4,1043.6,1045.1,1039.8,1028.5,1031.9,1058.3,1096.1,1104.1,1093.3,1092.5,1102.1,1116.5,1127.3,1128.1,1118.5,1062.8,1083.0,1098.9,1101.2,1088.6,1068.5,1052.6,1050.4,1079.2,1076.5,1071.3,1067.9,1076.0,1091.3,1100.2,1087.3,1068.9,1054.8,1054.0,1067.0,1071.6,1072.7,1079.0,1086.7,1091.3,1090.2,1083.9,1076.2,289.8,246.6,238.9,271.1,324.4,373.9,375.3,343.1,394.9,369.8,357.2,359.4,392.7,441.3,489.0,481.3,465.4,450.3,436.0,419.7,326.3,337.1,334.5,320.0,302.0,291.1,293.7,308.3,472.1,444.1,438.0,457.5,491.1,519.2,525.2,508.3,524.6,497.5,478.0,472.4,488.2,509.5,542.4,557.7,560.2,556.6,548.8,540.6,492.9,499.9,497.8,488.0,476.1,469.2,471.2,481.0,34.9,35.2,32.6,29.0,26.4,26.0,28.3,31.9,37.9,35.4,31.0,26.9,24.6,23.7,23.5,24.4,25.2,27.2,30.8,35.1,31.6,30.3,29.5,29.6,30.6,31.9,32.7,32.6,50.9,52.4,52.2,50.5,48.4,47.2,47.3,49.0,56.5,55.5,53.3,50.2,48.6,48.6,49.0,48.5,48.0,48.2,50.3,53.9,50.1,49.6,49.6,50.2,50.9,51.5,51.5,50.9,-5.1,-7.8,-7.8,-5.4,-2.1,0.9,1.0,-1.2,2.7,0.7,-0.2,-0.0,2.0,4.8,7.5,7.4,6.9,6.3,5.6,4.6,-2.3,-1.5,-1.7,-2.6,-3.7,-4.5,-4.4,-3.5,13.5,9.9,8.9,10.7,14.2,17.5,19.0,17.7,21.2,17.5,14.6,13.2,14.3,16.1,19.4,21.4,22.4,22.8,22.9,22.8,15.4,16.0,15.6,14.4,13.1,12.5,12.9,14.1,63.2,60.4,56.2,52.9,52.6,55.2,59.7,62.9,68.6,67.1,63.5,58.4,53.9,51.4,50.8,53.4,56.9,60.8,64.4,67.3,59.6,58.5,57.0,56.0,56.1,57.2,58.7,59.7,105.4,103.5,99.5,95.7,94.5,96.4,100.4,104.5,112.6,111.3,108.2,102.7,97.5,94.2,93.2,94.8,98.0,101.6,106.2,110.4,101.7,100.3,98.9,98.2,98.7,100.1,101.5,102.2,84.7,79.0,160.7,2.586,0.889,-2.945,1526.5,1559.2,1583.2,1591.8,1612.9,1575.5,1486.9,1320.4,1254.1,1286.5,1415.6,1518.9,1543.8,1509.6,1451.5,1418.0,1412.8,1084.3,1030.4,1012.4,981.6,956.3,968.8,992.9,1018.7,1056.7,1084.6,957.0,897.8,833.0,774.1,981.7,915.1,874.3,898.2,945.1,1108.8,1060.6,1046.2,1044.9,1043.3,1057.0,1084.5,1069.9,1074.3,1101.7,1064.5,1058.7,1215.0,1036.9,957.9,953.4,968.1,1031.3,1151.6,1026.2,945.3,937.0,950.3,1028.8,1185.3,994.9,977.5,1000.7,1131.9,975.3,957.6,972.8,352.6,525.3,718.1,902.6,1076.2,1232.4,1368.4,1466.1,1502.8,1499.0,1417.2,1307.2,1187.4,1071.0,957.6,837.2,708.7,288.2,295.7,336.6,387.7,451.5,494.0,469.4,448.6,429.2,460.7,498.1,640.9,783.4,926.0,888.9,934.3,975.6,956.7,929.9,392.9,361.8,390.5,480.1,463.2,440.6,534.1,475.7,484.5,544.7,561.6,548.9,953.4,963.3,979.3,1002.8,995.8,1014.5,1042.6,1132.4,1176.0,1180.0,1166.2,1104.1,975.3,1026.7,1041.8,1040.2,1054.1,1085.0,1091.2,1076.8,0.00,0.00,0.00,0.00,0.00,0.00,0.00,0.00,0.00,0.00,0.00,0.00,0.00,0.00,0.00,0.00,0.00,0.00,0.00,0.00,0.00,0.00,0.00,0.00,0.00,0.00,0.00,0.00,0.00,0.00,0.00,0.00,0.00,0.00,0.00
242,0,8.033,0.03,0,0.000000,0.000000,0.000000,0.000000,0.000000,0.000000,0.000,0.000,1190.1,1202.7,1194.0,1169.1,1142.6,1129.9,1138.7,1163.6,1274.7,1234.1,1184.0,1152.6,1136.0,1130.3,1132.1,1132.7,1140.8,1151.4,1178.1,1224.0,1173.4,1160.2,1155.0,1160.7,1174.1,1187.3,1192.5,1186.8,1026.8,1039.2,1034.8,1016.1,994.0,981.6,986.0,1007.2,1030.9,1013.2,991.7,978.2,982.0,994.3,1017.3,987.9,969.7,960.6,969.7,999.0,1016.9,1009.5,1007.5,1012.1,1020.6,1028.0,1030.0,1025.4,373.1,329.6,307.3,319.2,358.3,405.7,424.1,412.2,404.4,386.3,365.2,363.6,382.4,416.4,452.5,449.8,443.1,436.1,430.1,421.5,393.7,400.8,389.6,366.6,345.5,338.4,349.6,372.5,493.9,443.0,415.1,426.5,470.5,521.3,549.2,542.9,499.0,469.1,447.8,439.0,452.2,471.0,504.2,506.4,505.6,504.4,502.9,505.6,507.5,511.8,500.6,480.7,463.6,459.4,470.5,490.4,52.9,52.9,49.6,45.1,42.2,42.0,45.2,49.6,63.6,58.6,52.2,47.5,43.8,41.3,39.8,41.6,44.1,46.9,51.7,57.8,49.2,46.9,45.2,45.0,46.6,48.9,50.7,50.8,36.7,37.2,35.1,31.7,29.0,28.5,30.4,34.1,38.2,35.6,32.4,29.3,27.5,26.9,27.3,26.5,26.5,27.3,29.7,33.9,33.8,32.5,31.7,31.9,32.9,34.3,35.1,34.9,1.3,-2.9,-4.7,-3.5,-0.1,3.9,5.8,4.9,4.4,2.6,0.5,0.3,2.0,4.7,7.5,7.6,7.3,7.0,6.7,6.1,3.1,3.7,2.6,0.6,-1.3,-1.9,-1.0,1.2,12.7,7.7,4.9,5.6,9.1,13.5,16.6,17.0,13.6,10.4,8.1,6.8,7.4,8.4,10.4,11.1,11.7,12.3,12.9,13.8,13.2,13.3,12.1,10.3,9.0,8.8,9.9,11.8,84.1,82.2,78.3,74.6,73.4,75.0,79.3,82.9,87.6,86.3,83.9,81.1,77.3,73.7,70.7,73.8,77.0,80.2,84.1,86.6,80.7,78.8,76.7,75.7,76.3,78.2,80.2,81.3,82.9,81.6,77.8,73.7,71.8,73.1,76.9,81.1,85.5,83.5,80.5,75.8,70.5,66.5,63.2,66.6,70.4,74.5,78.9,82.7,78.5,76.9,75.4,74.9,75.7,77.3,78.8,79.3,79.6,67.9,139.6,2.610,0.610,3.131,1901.3,1950.5,1985.4,1987.5,1935.7,1794.9,1558.6,1361.3,1288.3,1310.9,1403.6,1482.8,1514.8,1495.7,1434.5,1404.4,1417.2,1258.8,1157.9,1126.5,1087.6,1036.8,916.2,947.9,963.2,963.5,961.6,997.1,938.3,864.1,800.1,1005.5,934.3,892.2,893.9,919.8,1263.7,1182.5,1139.6,1136.4,1147.0,1182.2,1028.3,988.5,982.2,1014.3,972.5,972.3,1278.6,1080.1,999.0,972.6,970.4,1042.2,1158.5,1028.8,938.9,936.2,962.8,1057.5,1252.0,1018.7,985.6,991.8,1135.8,966.2,966.6,996.2,454.9,645.5,862.0,1078.2,1258.9,1405.5,1510.0,1569.8,1570.6,1537.9,1446.7,1359.0,1242.2,1112.9,963.8,814.5,663.6,192.5,212.2,249.2,296.9,352.2,373.0,366.9,353.7,363.2,402.5,481.4,637.9,789.1,936.3,918.6,963.8,998.4,969.1,933.4,396.5,366.7,387.0,454.8,448.0,433.8,495.2,447.5,454.9,496.5,505.1,502.1,1062.2,1046.7,1036.4,1045.4,1026.2,1027.1,1040.2,1110.9,1166.1,1188.5,1184.5,1161.7,1072.6,1077.2,1077.5,1059.0,1055.8,1099.5,1119.2,1115.2,0.00,0.00,0.00,0.00,0.00,0.00,0.00,0.00,0.00,0.00,0.00,0.00,0.00,0.00,0.00,0.00,0.00,0.00,0.00,0.00,0.00,0.00,0.00,0.00,0.00,0.00,0.00,0.00,0.00,0.00,0.00,0.00,0.00,0.00,0.00
243,0,8.067,0.03,0,0.000000,0.000000,0.000000,0.000000,0.000000,0.000000,0.000,0.000,1254.2,1263.6,1275.1,1281.9,1280.0,1272.7,1259.1,1252.3,1363.2,1326.2,1306.7,1287.0,1276.7,1279.7,1288.7,1270.0,1264.8,1273.0,1289.2,1315.9,1266.3,1268.9,1273.8,1278.2,1279.5,1276.9,1272.0,1267.6,953.9,946.8,961.6,989.6,1014.5,1021.6,1006.8,977.0,1019.7,1009.7,1005.8,1005.5,998.5,984.8,983.4,984.3,995.7,1009.2,1014.9,1015.2,978.0,990.4,996.7,993.2,982.0,969.7,963.4,966.8,200.9,217.1,209.5,182.6,152.2,132.6,143.6,170.5,216.2,212.6,213.6,217.0,220.0,219.2,220.0,222.5,233.1,235.6,233.9,226.6,172.6,160.2,156.9,164.6,178.8,191.2,194.5,186.8,565.0,591.2,609.4,608.8,589.9,563.7,545.6,543.4,522.5,550.5,571.4,582.6,572.4,552.1,521.0,514.9,514.9,518.0,519.8,522.4,560.9,560.5,568.8,580.9,589.7,590.0,581.7,569.7,-104.6,-103.8,-102.2,-101.0,-100.8,-102.1,-103.3,-104.4,-135.5,-126.8,-121.0,-115.1,-110.3,-106.4,-102.4,-102.4,-105.0,-110.1,-116.5,-124.2,-105.0,-104.3,-103.5,-103.0,-103.1,-103.8,-104.7,-105.1,-39.5,-39.2,-42.5,-47.6,-51.4,-51.6,-48.0,-42.8,-52.5,-50.9,-51.1,-53.3,-54.4,-53.5,-53.4,-53.3,-54.3,-55.2,-54.5,-53.1,-44.0,-46.2,-47.8,-47.6,-45.9,-43.7,-42.2,-42.3,27.1,23.8,24.2,27.9,32.7,36.7,36.1,32.3,27.0,27.2,26.6,25.4,24.3,23.4,22.1,22.3,21.3,21.6,22.6,24.5,31.4,33.1,33.2,31.5,29.2,27.5,27.4,29.0,-25.8,-29.5,-32.9,-33.8,-31.6,-27.5,-24.3,-23.3,-22.5,-26.2,-29.5,-32.4,-32.2,-29.8,-25.0,-24.0,-23.6,-23.6,-23.2,-23.0,-26.1,-26.5,-28.0,-29.8,-30.8,-30.5,-28.9,-27.2,-149.1,-145.6,-140.9,-137.6,-137.8,-141.3,-146.0,-149.3,-164.0,-161.7,-158.9,-155.6,-151.6,-145.5,-138.1,-142.2,-147.1,-152.1,-157.0,-160.8,-146.6,-145.1,-142.9,-141.2,-141.1,-142.7,-144.9,-146.5,-110.0,-111.8,-115.6,-119.0,-120.1,-118.3,-114.5,-111.0,-121.0,-120.4,-122.3,-127.5,-132.7,-135.7,-136.0,-135.5,-133.6,-130.9,-127.2,-123.8,-113.9,-115.5,-117.2,-118.0,-117.5,-115.9,-114.2,-113.3,125.4,79.5,167.2,-0.102,1.148,0.006,2371.3,2356.5,2443.5,2519.4,2426.0,2223.4,1861.3,1559.9,1458.0,1319.2,1430.7,1529.3,1497.6,1498.3,1507.8,1457.0,1381.3,1433.7,1363.1,1239.2,1069.8,896.6,731.8,708.7,785.4,850.1,897.1,1100.0,948.5,804.2,668.9,1024.3,930.3,886.3,943.3,1044.5,1385.2,1265.2,1201.8,1298.7,1262.5,1247.0,872.4,1058.4,1034.5,1148.1,974.6,949.3,1401.5,1081.7,1016.0,1003.5,1013.5,1013.5,1168.5,948.7,911.0,877.1,910.9,1108.6,1289.2,1072.2,1036.5,1072.3,1090.1,1019.8,999.5,1043.8,111.4,370.5,672.2,950.5,1185.9,1405.3,1556.3,1569.3,1590.6,1672.7,1597.9,1423.7,1238.8,1163.7,1025.6,819.2,705.4,-75.3,-27.5,-35.2,78.2,251.7,336.3,270.9,288.0,323.2,390.3,472.2,660.2,810.2,959.4,872.8,921.5,968.9,985.7,980.0,228.5,257.1,273.9,268.2,254.8,282.4,450.5,497.2,542.9,536.5,500.8,453.4,1087.7,1131.6,1040.9,1116.3,1125.7,1171.9,1126.7,1153.8,1255.8,1256.4,1194.2,1073.3,1085.1,1113.6,1142.5,1177.9,1111.2,1136.4,1124.3,1066.2,0.00,0.00,0.00,0.00,0.00,0.00,0.00,0.00,0.00,0.00,0.00,0.00,0.00,0.00,0.00,0.00,0.00,0.00,0.00,0.00,0.00,0.00,0.00,0.00,0.00,0.00,0.00,0.00,0.00,0.00,0.00,0.00,0.00,0.00,0.00
244,0,8.100,0.03,0,0.000000,0.000000,0.000000,0.000000,0.000000,0.000000,0.000,0.000,1194.7,1207.2,1214.0,1211.3,1200.6,1189.5,1181.3,1184.0,1282.2,1257.3,1233.8,1215.2,1202.2,1197.3,1198.0,1199.0,1205.8,1219.1,1238.6,1259.5,1197.9,1194.3,1196.1,1202.4,1209.3,1212.9,1211.0,1204.8,1104.4,1110.1,1113.9,1113.7,1109.4,1103.7,1099.9,1101.3,1118.1,1112.1,1106.8,1103.2,1108.0,1121.3,1131.7,1116.6,1102.4,1097.3,1100.6,1109.3,1108.7,1108.6,1110.2,1112.5,1114.2,1114.3,1112.7,1110.4,436.2,464.3,490.4,499.2,485.5,456.4,431.3,422.5,373.5,373.9,383.3,398.5,419.8,441.4,463.2,456.8,445.7,428.7,408.9,391.0,436.2,440.9,456.0,472.6,481.0,476.3,461.3,444.6,546.6,533.1,539.2,561.4,586.7,600.2,594.1,572.5,554.7,539.7,534.0,539.6,557.4,581.4,607.1,611.6,606.3,596.2,583.5,570.0,569.3,578.3,580.9,575.5,565.3,556.3,553.8,559.2,89.3,90.9,94.3,97.4,98.3,97.0,93.1,90.2,100.5,97.0,93.9,92.1,91.6,92.7,94.5,92.4,91.4,91.4,93.4,96.5,93.2,94.5,96.0,96.9,96.5,95.2,93.7,92.9,81.9,80.9,79.2,77.9,77.7,78.8,80.4,82.0,87.8,84.5,81.2,78.1,77.1,78.2,79.7,79.1,78.8,80.0,82.3,85.5,81.4,80.9,80.3,79.8,79.9,80.4,81.1,81.5,12.3,16.7,21.4,23.7,22.0,17.0,12.3,10.4,2.1,2.2,3.7,6.2,9.7,13.5,17.5,16.0,13.8,10.8,7.6,4.8,12.7,13.8,16.6,19.4,20.5,19.3,16.6,13.9,32.9,29.8,29.9,33.1,37.5,40.8,40.9,37.8,35.8,32.2,30.3,30.3,32.5,36.0,40.1,41.8,42.0,41.3,40.0,38.3,36.4,37.7,37.7,36.4,34.6,33.3,33.2,34.5,140.9,140.3,143.8,149.2,153.4,154.5,150.5,145.1,136.9,137.5,138.4,140.0,142.6,145.6,148.1,144.7,141.3,138.2,136.5,136.3,146.3,149.2,151.1,150.7,148.4,145.4,143.6,143.9,154.2,150.5,146.2,143.9,144.9,148.6,152.9,155.6,160.7,156.7,152.3,147.6,144.2,142.1,141.9,145.2,149.1,153.0,156.4,159.4,152.0,151.1,149.4,147.9,147.5,148.4,150.1,151.6,115.1,85.0,169.8,-0.221,1.180,0.119,1730.1,1696.5,1736.7,1810.0,1788.1,1696.3,1500.2,1361.9,1365.3,1345.1,1485.1,1582.2,1563.3,1550.9,1539.1,1463.8,1410.1,1271.3,1212.8,1147.7,1087.5,1011.9,937.2,924.5,1018.2,1104.2,1125.5,1099.3,993.6,890.6,786.6,1035.0,978.9,954.2,1007.0,1098.7,1258.8,1207.3,1197.1,1255.5,1229.5,1191.7,1014.7,1115.8,1122.2,1187.6,1095.0,1060.1,1298.3,1083.9,1055.7,1047.6,1040.4,1091.7,1233.7,1054.6,1004.5,995.0,1018.9,1101.9,1235.1,1089.5,1058.4,1074.1,1182.6,1066.5,1059.5,1087.8,365.9,513.2,704.3,892.8,1060.0,1210.9,1359.9,1435.9,1486.6,1563.2,1518.0,1393.3,1235.9,1139.3,1011.6,861.5,741.8,200.2,180.1,165.5,255.4,398.0,467.9,375.3,361.2,402.8,483.2,497.9,631.0,740.8,849.5,850.9,889.7,920.3,915.3,899.5,396.5,377.1,397.2,424.0,418.6,434.2,546.7,548.5,579.5,610.5,597.4,563.1,988.6,1010.2,976.3,1018.9,1027.5,1076.1,1080.2,1177.2,1213.4,1201.5,1156.5,1053.0,995.4,1033.7,1050.7,1072.2,1069.6,1129.1,1112.1,1068.2,0.00,0.00,0.00,0.00,0.00,0.00,0.00,0.00,0.00,0.00,0.00,0.00,0.00,0.00,0.00,0.00,0.00,0.00,0.00,0.00,0.00,0.00,0.00,0.00,0.00,0.00,0.00,0.00,0.00,0.00,0.00,0.00,0.00,0.00,0.00
245,0,8.133,0.03,0,0.000000,0.000000,0.000000,0.000000,0.000000,0.000000,0.000,0.000,1252.4,1252.7,1242.7,1228.3,1217.8,1218.2,1227.5,1241.9,1290.1,1262.9,1232.8,1210.9,1205.4,1210.8,1220.7,1219.8,1220.4,1227.7,1244.1,1267.3,1244.3,1237.3,1232.3,1232.4,1237.4,1244.5,1249.4,1249.3,1157.1,1161.7,1162.9,1160.0,1154.7,1150.0,1148.8,1153.4,1162.7,1159.8,1157.2,1155.0,1161.4,1177.4,1189.3,1173.4,1156.3,1146.7,1146.8,1154.1,1159.4,1158.1,1158.9,1161.3,1164.0,1165.3,1164.5,1162.0,356.8,340.2,348.5,376.9,408.7,429.1,417.0,388.7,366.4,350.8,349.5,362.8,394.1,431.5,470.9,467.2,455.1,440.0,419.0,394.5,388.2,402.2,406.3,398.1,382.3,368.3,364.2,372.4,550.8,531.9,537.3,563.7,595.8,614.7,609.3,583.8,567.7,545.5,536.0,540.0,559.2,584.3,616.1,621.9,619.4,611.8,599.1,584.8,579.5,592.7,595.0,585.2,569.0,555.8,553.5,563.3,76.1,73.4,69.5,66.7,66.5,69.0,72.8,75.8,84.5,78.7,72.6,67.6,65.2,65.4,67.2,69.4,71.7,74.5,78.0,81.8,74.1,72.6,70.7,69.4,69.5,70.9,72.9,74.2,76.3,74.8,72.3,70.3,70.0,71.5,73.9,76.4,79.2,76.9,74.3,71.0,69.5,70.2,71.5,71.0,70.6,71.4,73.7,76.7,75.4,74.4,73.1,72.4,72.6,73.6,74.8,75.6,-0.4,-2.4,-1.3,1.9,5.6,8.2,7.1,3.6,0.8,-1.2,-1.3,0.3,3.9,8.2,12.8,12.8,11.8,10.1,7.6,4.5,3.5,5.1,5.5,4.5,2.6,1.0,0.5,1.5,28.2,24.6,24.5,27.5,32.0,35.7,36.2,33.3,31.5,27.4,25.3,24.8,26.6,29.3,33.3,34.8,35.5,35.5,34.8,33.5,31.9,33.4,33.1,31.3,28.9,27.4,27.6,29.4,108.7,104.9,100.9,99.2,100.7,104.4,108.4,110.1,113.7,110.6,107.2,103.5,100.9,100.2,101.2,104.7,108.1,111.0,113.0,114.1,107.2,106.4,104.4,102.6,101.8,102.7,104.6,106.5,129.1,125.4,120.9,118.2,118.9,122.6,127.2,130.3,132.6,129.4,125.7,120.7,116.7,114.4,113.9,116.4,119.6,123.3,127.2,130.5,127.0,125.6,123.3,121.5,121.2,122.6,124.9,126.7,114.4,81.7,163.8,-0.189,1.189,0.149,1662.9,1630.7,1658.3,1712.6,1696.7,1620.5,1459.0,1337.4,1353.3,1355.1,1501.0,1595.0,1591.4,1582.1,1569.4,1497.1,1438.8,1262.3,1216.5,1171.8,1115.8,1045.0,982.7,987.6,1087.5,1170.0,1197.1,1125.3,1023.1,924.3,826.7,1051.5,1000.2,976.6,1024.1,1110.0,1255.8,1216.0,1216.2,1273.3,1241.3,1197.9,1063.9,1164.3,1178.0,1238.7,1153.4,1113.9,1278.7,1093.8,1075.0,1073.1,1076.6,1126.3,1256.3,1085.4,1030.3,1013.0,1029.5,1103.7,1225.7,1100.1,1078.4,1102.3,1205.5,1093.9,1076.6,1097.3,386.3,532.3,712.6,885.7,1031.2,1164.7,1306.5,1395.9,1453.4,1525.8,1482.4,1357.0,1199.2,1090.9,967.6,832.9,712.1,231.8,204.1,193.2,269.0,392.2,474.2,399.2,400.1,449.7,535.1,495.2,633.2,751.1,867.1,851.3,896.8,933.8,921.8,901.8,389.0,358.6,383.6,439.6,429.3,437.5,556.2,541.8,574.4,622.4,615.0,580.3,941.9,986.5,970.7,1010.6,1020.0,1053.9,1040.2,1140.6,1178.5,1166.8,1123.7,1024.8,955.3,1008.6,1029.9,1046.8,1031.6,1107.7,1092.8,1047.6,0.00,0.00,0.00,0.00,0.00,0.00,0.00,0.00,0.00,0.00,0.00,0.00,0.00,0.00,0.00,0.00,0.00,0.00,0.00,0.00,0.00,0.00,0.00,0.00,0.00,0.00,0.00,0.00,0.00,0.00,0.00,0.00,0.00,0.00,0.00
246,0,8.167,0.03,0,0.000000,0.000000,0.000000,0.000000,0.000000,0.000000,0.000,0.000,1194.4,1201.0,1197.6,1186.4,1173.8,1167.7,1170.6,1181.8,1198.0,1185.4,1168.4,1162.0,1167.4,1176.4,1186.1,1180.0,1173.2,1167.9,1171.8,1184.4,1187.7,1182.6,1181.2,1184.5,1190.5,1195.7,1197.0,1193.7,1186.2,1196.1,1205.0,1207.5,1202.3,1192.4,1183.6,1181.9,1194.4,1191.5,1192.8,1194.2,1201.5,1221.9,1231.9,1219.8,1200.8,1189.9,1189.5,1191.4,1193.4,1194.6,1198.7,1203.3,1205.7,1204.4,1200.3,1195.7,363.3,348.5,355.1,379.3,406.9,424.9,415.1,390.9,389.3,375.3,371.4,379.3,403.6,440.6,482.0,475.0,466.1,455.0,436.7,414.5,390.5,402.6,405.8,398.3,384.4,372.3,369.1,376.6,564.6,552.0,563.5,592.3,621.5,634.1,622.6,593.9,579.7,559.0,552.8,561.5,580.4,608.3,639.6,649.1,645.7,634.5,618.9,599.9,593.9,607.4,612.6,606.6,592.9,579.4,574.2,580.2,83.6,82.1,78.9,75.8,74.7,76.1,79.1,82.3,86.8,82.4,76.9,73.6,72.7,73.7,76.0,76.8,77.4,78.1,80.5,84.0,81.4,79.9,78.3,77.6,78.2,79.7,81.2,81.9,84.1,83.1,81.7,80.8,81.0,82.1,83.4,84.6,88.8,85.3,82.4,79.8,79.4,81.8,83.9,84.2,83.7,84.2,85.9,87.7,84.3,83.9,83.3,82.8,82.7,83.1,83.8,84.3,0.5,-1.7,-0.7,2.7,6.6,9.4,8.2,4.7,4.6,2.3,1.7,2.7,6.0,11.1,17.0,16.3,15.4,14.0,11.6,8.4,4.5,6.3,6.6,5.5,3.5,1.8,1.3,2.5,31.5,28.7,29.4,33.1,37.7,40.7,40.3,36.5,35.2,30.8,28.7,29.0,31.2,34.9,39.6,42.0,42.6,42.0,40.5,38.2,35.7,37.4,37.7,36.2,34.0,32.3,32.0,33.4,131.9,128.1,123.8,121.4,122.4,126.1,130.5,132.9,136.2,132.3,127.4,123.3,120.6,120.2,121.8,124.4,127.0,129.4,132.5,135.0,130.0,128.8,126.6,124.8,124.3,125.5,127.6,129.5,134.7,130.7,126.5,124.6,126.0,130.0,134.2,136.6,140.2,135.3,130.4,126.1,123.7,122.9,124.0,127.1,130.6,133.9,136.8,139.2,133.4,132.4,130.5,128.6,127.9,128.9,130.8,132.7,107.9,82.7,169.4,2.713,0.932,-2.886,1550.9,1574.2,1578.5,1580.4,1585.3,1541.4,1440.2,1311.8,1301.5,1387.8,1534.5,1625.8,1646.1,1616.4,1568.3,1523.1,1501.4,1248.8,1181.7,1131.7,1080.6,1051.0,1035.1,1058.5,1123.3,1205.4,1288.3,1092.3,1019.4,947.8,886.9,1053.1,1011.6,990.8,1029.1,1086.0,1200.4,1176.3,1167.0,1175.8,1172.1,1173.8,1188.0,1193.9,1202.7,1234.2,1201.1,1188.7,1248.0,1118.5,1065.0,1067.3,1086.3,1155.7,1273.1,1138.2,1049.8,1024.4,1026.9,1081.6,1232.1,1082.7,1076.7,1105.4,1240.5,1095.8,1061.8,1069.6,356.9,512.8,678.1,841.1,988.1,1127.0,1260.1,1377.6,1438.5,1456.2,1399.3,1308.9,1193.4,1065.4,938.3,811.7,678.9,274.3,222.3,242.3,304.9,394.2,458.3,437.1,454.7,511.7,607.1,510.6,644.0,775.8,907.5,850.1,906.0,957.6,947.2,933.5,389.9,368.4,406.8,487.0,467.8,438.2,582.7,554.1,577.4,634.9,641.8,617.9,881.0,922.2,965.4,998.5,1006.2,1023.3,1040.7,1117.3,1138.5,1125.5,1097.3,1024.7,902.8,992.0,1020.2,1030.6,1044.0,1079.6,1070.2,1039.5,0.00,0.00,0.00,0.00,0.00,0.00,0.00,0.00,0.00,0.00,0.00,0.00,0.00,0.00,0.00,0.00,0.00,0.00,0.00,0.00,0.00,0.00,0.00,0.00,0.00,0.00,0.00,0.00,0.00,0.00,0.00,0.00,0.00,0.00,0.00
247,0,8.200,0.03,0,0.000000,0.000000,0.000000,0.000000,0.000000,0.000000,0.000,0.000,1297.4,1299.8,1285.8,1263.5,1246.0,1243.5,1257.7,1280.0,1303.6,1292.8,1263.5,1230.2,1214.6,1210.4,1205.2,1217.8,1222.3,1235.1,1258.1,1284.7,1280.9,1270.5,1264.0,1265.1,1273.3,1283.6,1290.2,1289.0,1206.7,1211.9,1210.7,1203.7,1195.0,1189.7,1190.9,1199.9,1198.9,1196.9,1198.5,1199.2,1206.3,1228.7,1237.5,1232.8,1215.1,1201.3,1199.0,1199.1,1205.8,1202.7,1202.4,1204.8,1208.7,1211.7,1212.1,1209.6,284.5,264.9,269.9,296.5,329.1,353.0,343.7,317.1,327.0,297.1,289.2,303.8,347.9,391.2,437.4,423.3,409.4,392.8,371.5,350.8,315.4,327.9,330.4,321.4,306.1,293.6,291.2,300.2,527.2,517.5,536.1,572.2,604.6,614.3,595.6,559.5,565.1,541.7,538.8,556.1,581.4,612.3,646.3,649.9,642.0,627.6,607.5,585.2,564.5,581.0,589.4,584.8,569.9,553.4,545.0,549.6,68.6,66.1,62.1,58.9,58.3,60.5,64.5,67.9,75.4,72.0,66.2,59.5,56.1,56.5,58.6,61.3,63.4,66.4,69.9,73.3,65.9,64.4,62.5,61.4,61.7,63.2,65.1,66.2,78.0,75.6,72.6,70.7,71.0,73.3,76.2,78.7,77.8,74.5,71.8,69.2,68.8,71.3,73.8,74.7,74.3,74.2,75.6,77.0,77.0,76.2,74.8,73.8,73.6,74.5,75.9,76.9,-7.9,-9.5,-8.7,-6.0,-3.0,-0.7,-1.7,-4.6,-3.8,-6.9,-7.5,-5.7,-1.2,3.1,8.0,6.7,5.4,3.7,1.3,-1.0,-4.6,-3.3,-3.0,-3.8,-5.2,-6.5,-6.9,-6.1,23.0,20.8,22.4,26.6,31.3,33.9,32.6,28.0,28.6,24.3,23.0,24.3,26.9,30.6,35.3,36.5,36.4,35.4,33.5,31.0,27.8,29.9,30.5,29.4,27.2,25.2,24.5,25.6,91.3,87.7,84.1,82.6,84.2,87.7,91.4,92.9,99.4,96.5,92.9,88.2,85.5,86.7,90.7,92.8,95.3,97.7,99.0,99.5,90.0,89.3,87.6,85.9,85.2,85.9,87.6,89.3,120.4,115.7,111.3,109.8,111.9,116.6,121.0,123.0,121.8,117.0,112.5,108.3,106.3,106.0,108.0,110.3,113.0,115.7,118.4,120.5,119.2,118.4,116.4,114.3,113.3,114.0,116.0,118.2,115.8,76.7,157.3,-0.168,1.208,0.211,1732.8,1700.4,1720.8,1747.0,1708.7,1621.4,1458.2,1332.0,1368.0,1375.6,1528.5,1609.7,1619.2,1618.2,1612.1,1557.2,1494.4,1320.7,1253.4,1210.7,1144.4,1061.2,1000.7,1036.8,1162.0,1248.0,1275.4,1146.9,1038.5,935.6,841.4,1058.7,1010.2,981.5,1028.2,1109.4,1267.0,1237.0,1232.4,1287.9,1258.3,1218.7,1090.7,1214.9,1226.4,1286.9,1198.0,1162.1,1279.6,1109.9,1094.7,1092.5,1097.6,1155.8,1288.7,1106.4,1033.9,1009.2,1022.0,1108.2,1227.0,1113.2,1100.4,1122.1,1233.6,1108.1,1085.0,1103.1,347.2,522.0,712.4,887.3,1026.0,1150.1,1277.9,1360.9,1416.7,1486.0,1443.0,1330.6,1172.5,1057.8,933.7,812.5,709.6,233.1,170.2,134.3,201.3,331.9,435.3,391.8,429.1,518.2,619.6,487.5,652.4,796.0,935.7,854.9,907.9,958.9,942.7,923.0,343.5,308.5,334.6,401.6,383.4,387.7,559.1,555.6,601.7,657.6,634.8,587.5,896.8,955.2,945.5,991.2,1013.3,1050.4,1034.1,1122.4,1149.2,1127.9,1078.1,978.3,917.8,970.9,1000.9,1026.0,1021.9,1084.8,1063.5,1010.5,0.00,0.00,0.00,0.00,0.00,0.00,0.00,0.00,0.00,0.00,0.00,0.00,0.00,0.00,0.00,0.00,0.00,0.00,0.00,0.00,0.00,0.00,0.00,0.00,0.00,0.00,0.00,0.00,0.00,0.00,0.00,0.00,0.00,0.00,0.00
248,0,8.233,0.03,0,0.000000,0.000000,0.000000,0.000000,0.000000,0.000000,0.000,0.000,1270.7,1265.4,1241.5,1212.9,1196.5,1201.0,1225.8,1254.3,1233.8,1226.8,1209.9,1198.2,1197.0,1198.2,1201.4,1200.4,1195.1,1196.2,1209.7,1226.5,1246.4,1234.7,1224.6,1222.1,1228.6,1240.3,1250.4,1253.0,1233.5,1241.2,1243.6,1239.3,1230.9,1223.2,1220.9,1226.7,1212.0,1220.9,1230.3,1237.6,1249.7,1270.9,1275.8,1262.5,1239.0,1222.8,1217.5,1215.5,1235.5,1233.6,1234.4,1237.5,1241.1,1243.1,1242.2,1239.1,309.2,298.3,306.5,328.9,352.5,366.8,355.2,332.7,349.2,335.7,337.2,351.5,380.8,415.6,452.2,444.1,429.6,412.0,392.3,371.1,335.7,344.0,347.1,343.1,334.5,326.1,323.1,327.0,548.0,544.2,567.0,603.0,631.2,635.0,612.2,575.5,588.8,566.4,564.6,584.6,614.8,647.0,678.9,677.1,667.2,651.1,629.9,607.9,584.4,599.6,609.4,607.9,596.1,580.9,571.2,572.7,97.5,93.4,87.1,82.4,81.8,85.4,91.8,96.8,92.6,88.9,83.7,79.0,77.0,77.3,79.7,81.1,82.2,84.3,87.8,91.3,92.7,90.8,88.3,86.7,86.9,88.8,91.3,93.0,81.4,79.2,76.9,75.9,76.9,79.0,81.2,82.7,80.2,77.6,75.8,74.0,74.6,78.0,80.7,80.6,79.0,78.4,79.1,79.8,81.4,81.0,80.0,79.1,78.7,79.1,80.1,81.0,-7.9,-9.2,-7.8,-4.5,-1.1,1.0,-0.8,-4.3,-1.7,-3.7,-3.3,-1.2,2.9,7.7,13.1,12.2,10.3,7.9,5.0,1.7,-3.7,-2.4,-1.9,-2.5,-3.8,-5.0,-5.5,-5.0,25.8,24.2,26.4,30.8,35.3,37.3,35.3,30.4,32.1,27.6,26.3,27.8,31.2,35.5,40.5,41.0,40.5,39.1,36.9,34.4,30.7,32.7,33.6,32.8,30.9,29.0,28.1,28.8,135.2,130.6,126.7,125.9,128.6,133.2,137.1,137.9,136.4,132.5,128.4,123.9,121.0,121.2,124.2,126.6,129.6,132.7,134.8,136.2,133.8,133.5,132.1,130.3,129.2,129.5,130.9,132.7,120.0,115.2,111.4,110.9,113.8,118.6,122.3,123.4,122.7,116.9,112.3,108.3,107.1,108.1,111.1,113.2,115.4,117.6,119.8,121.4,119.6,119.4,117.8,115.8,114.5,114.7,116.3,118.3,107.0,75.3,150.3,1.158,1.460,-0.937,1631.5,1628.3,1654.1,1637.8,1586.2,1520.8,1414.8,1318.6,1357.0,1389.9,1538.6,1644.5,1675.4,1675.1,1629.6,1575.7,1539.9,1249.5,1222.4,1205.3,1149.3,1075.9,1029.7,1124.4,1219.5,1301.4,1349.5,1138.5,1037.6,940.6,859.3,1067.7,1001.6,946.5,1018.7,1113.4,1230.6,1219.5,1218.9,1230.4,1218.9,1195.9,1150.3,1249.8,1259.6,1304.4,1230.0,1206.7,1244.8,1095.2,1095.2,1103.3,1117.8,1168.2,1323.5,1134.2,1053.5,1016.2,1016.4,1079.5,1214.4,1115.4,1115.1,1141.8,1259.3,1127.5,1093.9,1101.6,288.4,488.9,680.8,839.8,961.6,1086.5,1214.3,1323.5,1392.3,1418.1,1395.8,1283.7,1159.5,1043.3,926.8,808.3,683.0,298.7,206.6,190.3,245.5,352.9,422.7,436.5,500.4,580.7,691.5,493.7,645.4,786.1,928.1,789.6,873.5,957.7,933.6,912.7,348.7,342.1,377.8,462.8,432.4,409.7,577.3,585.5,631.6,688.4,672.4,625.4,863.5,909.8,922.5,972.0,992.3,1023.0,1035.8,1102.7,1135.3,1114.3,1076.0,996.1,893.0,943.8,984.8,1004.9,1022.6,1054.9,1032.6,985.2,0.00,0.00,0.00,0.00,0.00,0.00,0.00,0.00,0.00,0.00,0.00,0.00,0.00,0.00,0.00,0.00,0.00,0.00,0.00,0.00,0.00,0.00,0.00,0.00,0.00,0.00,0.00,0.00,0.00,0.00,0.00,0.00,0.00,0.00,0.00
249,0,8.267,0.03,0,0.000000,0.000000,0.000000,0.000000,0.000000,0.000000,0.000,0.000,1180.0,1191.9,1190.8,1177.3,1159.4,1147.5,1148.6,1162.1,1165.8,1163.6,1152.5,1152.9,1161.6,1166.2,1166.5,1163.1,1157.5,1150.6,1151.4,1159.7,1169.9,1163.8,1163.9,1170.1,1178.8,1184.9,1184.8,1178.6,1231.5,1253.4,1261.5,1251.0,1228.1,1206.1,1198.1,1208.9,1209.1,1231.5,1251.8,1272.4,1290.6,1305.9,1311.0,1280.9,1252.1,1230.4,1219.3,1213.3,1226.0,1221.3,1224.6,1234.0,1243.9,1248.5,1245.2,1235.9,321.0,309.9,319.1,343.2,368.0,382.3,369.9,345.8,356.3,341.9,343.0,357.4,389.1,428.6,468.5,456.0,444.6,429.9,407.8,382.1,348.4,361.2,366.2,360.4,347.1,334.3,329.3,335.1,566.1,547.7,543.4,555.7,577.4,595.8,600.1,590.4,603.8,584.0,577.6,587.2,612.5,643.6,672.5,674.0,666.4,655.6,640.4,622.6,583.1,588.2,586.4,578.5,569.3,564.1,566.0,573.8,82.8,82.3,79.3,75.8,73.8,74.2,77.0,80.5,82.2,79.1,74.2,72.0,72.4,74.2,77.1,77.8,78.0,77.8,79.1,81.4,80.1,78.4,77.1,76.8,77.8,79.5,80.9,81.1,87.2,88.8,86.5,81.8,77.6,76.3,78.3,83.1,76.8,78.4,79.2,79.7,80.9,82.8,84.0,80.3,76.9,75.1,75.0,75.8,83.4,81.4,80.5,81.1,82.9,84.9,85.9,85.3,-6.0,-7.5,-5.9,-2.4,1.1,3.3,1.5,-2.2,-0.6,-2.7,-2.5,-0.4,4.0,9.7,15.9,14.3,12.8,10.7,7.4,3.5,-1.8,0.2,0.9,0.1,-1.9,-3.8,-4.6,-3.7,30.4,27.2,25.5,26.2,28.7,31.8,33.7,33.6,32.9,29.7,28.2,28.6,31.4,35.3,39.1,39.3,38.5,37.6,36.3,34.7,31.7,32.0,31.2,29.8,28.7,28.5,29.2,30.6,134.1,130.4,126.0,123.5,124.3,128.0,132.4,135.0,136.8,132.2,126.6,122.8,121.4,123.4,128.1,130.1,131.9,133.4,135.4,137.0,132.3,131.0,128.8,126.8,126.3,127.6,129.9,131.8,129.0,126.7,121.8,117.1,115.5,117.9,122.8,127.8,118.0,115.9,113.3,110.3,108.8,108.8,109.5,109.6,110.0,111.3,113.2,115.7,124.5,122.5,120.4,119.4,120.1,122.1,124.2,125.2,108.7,80.0,166.4,2.607,1.076,-2.625,1551.5,1580.8,1584.7,1565.8,1557.1,1508.1,1409.7,1310.0,1328.6,1435.9,1590.5,1691.1,1721.8,1693.2,1649.2,1609.0,1591.9,1252.5,1179.1,1130.8,1090.8,1061.2,1102.7,1157.0,1233.7,1318.8,1403.1,1119.6,1039.1,959.8,896.9,1038.1,1005.1,991.7,1039.0,1097.2,1161.0,1153.5,1153.2,1161.3,1151.8,1145.0,1223.4,1249.7,1274.8,1313.1,1268.5,1242.1,1215.3,1110.1,1064.8,1074.3,1097.3,1188.6,1325.8,1166.1,1052.1,1014.0,1011.8,1061.6,1208.3,1088.2,1090.6,1125.5,1276.6,1095.9,1053.4,1057.1,265.7,429.5,597.4,764.8,913.7,1057.5,1192.0,1307.8,1370.9,1386.4,1332.8,1257.3,1160.7,1055.3,942.7,827.9,704.1,261.2,192.4,206.8,277.7,378.2,474.9,482.5,525.8,612.7,722.5,533.1,671.9,808.2,942.9,833.0,899.8,963.8,960.0,952.8,353.4,338.9,384.8,473.2,447.9,408.1,598.3,578.9,613.8,677.0,676.9,642.8,849.0,901.8,950.2,989.4,1002.9,1022.9,1040.1,1099.3,1117.0,1097.4,1061.8,986.0,869.3,977.1,1011.9,1027.6,1039.2,1054.7,1039.6,1001.9,0.00,0.00,0.00,0.00,0.00,0.00,0.00,0.00,0.00,0.00,0.00,0.00,0.00,0.00,0.00,0.00,0.00,0.00,0.00,0.00,0.00,0.00,0.00,0.00,0.00,0.00,0.00,0.00,0.00,0.00,0.00,0.00,0.00,0.00,0.00
250,0,8.300,0.03,0,0.000000,0.000000,0.000000,0.000000,0.000000,0.000000,0.000,0.000,1139.1,1140.6,1126.9,1106.2,1090.4,1089.3,1102.6,1123.3,1123.2,1113.9,1100.1,1097.1,1109.6,1125.1,1139.6,1131.3,1115.8,1103.9,1105.0,1116.0,1124.9,1115.8,1109.9,1110.6,1117.6,1126.7,1132.6,1131.8,1194.7,1224.5,1246.1,1246.8,1226.4,1196.6,1175.0,1173.7,1194.9,1203.1,1219.1,1259.1,1302.3,1332.0,1350.4,1318.4,1291.2,1265.2,1237.9,1215.7,1198.7,1200.0,1211.1,1225.5,1234.7,1233.4,1222.2,1207.9,247.2,240.8,262.0,298.3,328.5,339.2,313.7,277.4,310.1,310.3,325.5,350.7,384.2,423.2,458.2,447.4,432.0,411.6,379.3,344.0,286.8,303.3,312.8,309.8,296.0,279.5,270.0,273.1,645.0,621.9,601.7,596.3,608.9,632.0,652.2,661.7,674.1,649.4,626.9,626.6,657.2,692.5,739.2,733.1,724.1,711.0,694.8,683.6,647.3,645.5,636.4,625.2,618.5,620.3,629.5,640.7,61.2,58.8,55.1,52.2,51.8,54.0,57.6,60.7,61.4,58.7,54.9,52.5,52.9,54.9,57.8,57.9,57.2,57.0,58.4,60.5,59.0,57.7,56.0,55.0,55.2,56.5,58.2,59.2,64.4,68.0,68.1,64.8,60.2,57.0,56.9,59.9,56.2,56.5,56.7,58.5,61.3,63.9,66.6,62.8,60.4,58.3,56.7,56.3,61.7,60.4,60.6,62.2,64.3,65.8,65.6,63.9,-13.8,-14.0,-11.1,-6.9,-3.6,-2.5,-5.8,-10.4,-6.3,-6.2,-4.1,-1.1,2.7,7.1,11.4,10.3,8.7,6.3,2.4,-2.0,-8.9,-6.9,-5.6,-5.9,-7.4,-9.3,-10.6,-10.5,33.1,30.5,27.2,25.2,25.5,27.9,31.1,33.9,31.8,29.1,26.2,25.2,27.5,30.7,35.5,34.5,33.8,32.7,31.7,31.6,31.7,30.8,29.3,28.2,28.0,28.8,30.3,31.6,107.3,102.8,99.0,98.0,100.6,105.1,108.9,109.8,111.2,108.4,104.4,100.5,98.5,98.9,101.2,103.1,105.2,107.5,109.8,111.2,106.5,106.1,104.3,102.3,101.1,101.6,103.3,105.4,101.6,101.8,98.4,93.4,89.8,89.7,93.1,98.2,88.7,87.8,85.7,82.7,80.9,80.8,82.0,81.0,81.2,81.6,82.9,85.5,96.7,94.4,92.8,93.0,94.7,97.0,98.5,98.4,100.0,77.5,159.7,2.261,1.192,-2.139,1433.7,1464.7,1473.7,1454.8,1451.4,1404.3,1331.3,1257.2,1293.5,1426.7,1581.2,1690.7,1735.8,1712.4,1665.7,1623.3,1584.1,1155.1,1099.9,1083.9,1063.7,1059.2,1136.5,1189.4,1262.8,1326.6,1389.2,1102.1,1030.2,959.0,903.1,1013.4,1000.4,1002.7,1049.4,1104.3,1096.5,1098.4,1108.7,1130.0,1114.0,1100.3,1228.0,1253.3,1290.5,1335.4,1291.9,1257.2,1159.2,1075.9,1055.5,1074.5,1105.5,1200.2,1326.0,1179.4,1057.5,1009.8,995.8,1031.6,1162.6,1072.3,1087.7,1126.5,1272.2,1092.1,1043.3,1034.3,194.9,336.3,482.1,632.9,779.4,941.8,1105.8,1263.7,1350.7,1371.4,1321.1,1253.7,1165.2,1064.1,955.9,847.8,732.7,233.2,195.4,232.2,316.1,421.0,527.9,552.8,610.1,704.2,803.5,565.0,693.4,821.7,947.4,833.6,905.1,969.8,974.1,976.1,327.4,310.5,369.7,469.0,441.5,387.0,640.8,622.5,666.8,738.1,738.7,696.0,819.9,888.8,946.7,991.8,1012.2,1037.3,1064.4,1111.3,1125.1,1099.1,1057.2,971.6,843.3,980.1,1019.9,1042.6,1058.9,1062.2,1039.4,994.5,0.00,0.00,0.00,0.00,0.00,0.00,0.00,0.00,0.00,0.00,0.00,0.00,0.00,0.00,0.00,0.00,0.00,0.00,0.00,0.00,0.00,0.00,0.00,0.00,0.00,0.00,0.00,0.00,0.00,0.00,0.00,0.00,0.00,0.00,0.00
251,0,8.333,0.03,0,0.000000,0.000000,0.000000,0.000000,0.000000,0.000000,0.000,0.000,1109.1,1123.3,1146.4,1164.9,1167.9,1156.5,1130.6,1112.1,1112.1,1113.5,1106.5,1113.4,1129.8,1141.7,1150.2,1141.2,1125.4,1109.7,1107.7,1113.7,1135.2,1142.3,1150.5,1155.0,1153.2,1146.1,1137.9,1133.4,1268.0,1302.6,1317.9,1304.8,1271.0,1236.4,1221.1,1233.5,1250.6,1264.8,1280.1,1297.0,1312.7,1331.5,1344.3,1324.8,1303.0,1282.7,1268.7,1259.4,1253.2,1248.3,1258.5,1277.8,1295.0,1299.9,1289.7,1270.4,426.7,415.5,433.9,471.1,505.3,518.6,498.0,460.8,386.9,377.1,388.7,406.5,437.8,478.1,519.9,501.2,482.0,459.3,431.3,403.6,461.9,473.9,479.8,476.0,464.8,452.8,446.9,450.7,623.2,610.4,612.9,629.1,649.6,662.4,659.9,646.4,656.3,651.2,658.2,679.4,703.0,732.0,756.8,748.3,732.1,712.6,693.8,673.7,647.0,657.2,659.1,651.7,639.3,629.2,627.2,634.6,57.9,57.1,57.9,59.8,61.9,63.3,61.9,59.8,62.5,60.3,56.7,55.6,56.5,58.4,61.7,61.0,59.8,58.9,60.1,62.1,60.8,61.6,62.0,61.7,60.9,60.1,59.7,60.0,85.4,88.4,86.3,80.6,75.0,72.5,74.2,79.6,75.0,75.1,74.7,74.4,75.2,77.5,79.7,77.8,75.6,73.9,73.7,74.3,80.1,77.6,77.0,78.6,81.6,84.3,85.0,83.2,8.2,6.6,8.4,12.7,17.0,19.4,17.4,12.8,3.6,2.2,3.5,5.5,9.0,13.7,19.3,17.2,15.0,12.5,9.2,5.7,12.5,14.0,14.5,13.9,12.4,11.0,10.4,11.0,35.8,33.4,32.2,32.6,34.4,36.7,38.3,38.4,36.4,35.0,34.8,36.2,38.3,41.7,44.9,44.1,42.4,40.5,39.1,37.6,37.5,37.9,37.3,36.0,34.8,34.4,34.9,36.2,107.9,103.4,100.0,99.6,102.6,107.3,110.5,110.8,115.9,111.4,106.4,102.7,101.0,101.9,105.8,106.5,107.9,109.8,112.4,114.8,107.5,107.4,106.3,104.8,103.8,103.9,105.0,106.5,119.1,116.7,111.3,106.1,104.0,106.3,111.7,117.4,107.5,105.1,102.2,99.0,97.8,98.1,99.0,99.4,99.7,100.6,102.6,104.9,114.4,111.7,109.0,107.9,109.0,111.7,114.4,115.5,109.0,90.9,176.1,1.945,1.203,-1.830,1307.6,1330.1,1346.7,1353.8,1384.2,1385.1,1345.0,1246.0,1268.7,1396.6,1575.4,1686.3,1742.9,1726.9,1676.5,1632.8,1599.7,1116.2,1065.0,1070.7,1060.8,1052.5,1141.3,1192.1,1249.6,1304.9,1376.1,1091.4,1025.3,957.7,901.4,1027.8,996.8,998.6,1046.5,1105.5,1105.4,1107.0,1124.1,1154.7,1115.2,1098.4,1264.8,1283.5,1311.4,1342.4,1306.2,1279.0,1153.6,1066.0,1060.0,1079.9,1129.3,1210.9,1320.3,1185.2,1075.6,1026.4,1010.9,1040.9,1147.6,1077.5,1092.8,1149.5,1286.0,1096.2,1040.9,1030.4,264.3,375.8,495.8,610.3,725.5,863.9,1030.2,1218.2,1328.9,1366.5,1325.4,1251.0,1162.8,1063.6,967.4,876.4,771.2,266.6,334.2,420.4,494.0,565.7,660.6,687.7,713.9,746.9,799.3,619.0,733.5,850.6,966.8,845.6,918.2,980.4,982.9,981.2,379.3,388.8,436.8,515.6,479.6,435.4,657.7,663.1,699.8,754.9,744.3,707.5,782.5,880.0,951.8,1004.1,1035.7,1056.3,1074.3,1118.0,1134.6,1098.4,1048.4,954.2,817.8,969.7,1021.1,1053.9,1075.3,1068.3,1036.4,983.5,0.00,0.00,0.00,0.00,0.00,0.00,0.00,0.00,0.00,0.00,0.00,0.00,0.00,0.00,0.00,0.00,0.00,0.00,0.00,0.00,0.00,0.00,0.00,0.00,0.00,0.00,0.00,0.00,0.00,0.00,0.00,0.00,0.00,0.00,0.00
252,0,8.367,0.03,0,0.000000,0.000000,0.000000,0.000000,0.000000,0.000000,0.000,0.000,1121.9,1145.3,1173.5,1189.8,1184.8,1163.3,1133.2,1116.9,1105.7,1105.9,1109.6,1120.4,1136.4,1151.2,1162.2,1143.4,1122.2,1104.2,1097.8,1101.4,1139.4,1147.1,1160.9,1172.8,1175.8,1168.2,1154.3,1142.4,1274.5,1295.9,1322.7,1339.2,1335.7,1314.4,1287.6,1268.1,1281.4,1300.1,1319.8,1338.8,1353.3,1363.9,1371.3,1359.0,1345.4,1329.5,1312.5,1293.1,1287.2,1295.2,1308.1,1318.3,1319.9,1311.9,1299.0,1288.8,485.5,468.7,481.1,515.6,551.9,571.7,556.2,521.8,442.1,449.9,460.0,474.4,494.5,519.6,551.0,537.3,523.0,505.7,482.8,462.7,518.7,536.0,542.3,534.0,515.9,498.7,492.3,500.6,707.8,699.4,707.5,727.2,747.0,755.4,747.3,728.8,700.0,708.8,719.9,735.5,753.9,771.4,793.7,783.4,770.6,756.0,737.7,720.1,731.1,740.7,744.7,740.6,730.9,721.2,717.3,721.3,65.0,66.2,68.2,70.1,70.8,70.2,67.5,65.5,67.5,65.8,64.4,63.9,64.5,65.6,67.1,65.2,63.1,62.0,62.7,65.0,67.8,68.7,69.7,70.3,70.0,69.2,68.2,67.6,107.4,113.1,118.2,119.4,116.0,110.2,105.4,103.8,107.6,109.8,112.3,115.7,119.3,122.8,126.8,120.5,115.5,111.4,108.6,106.9,108.2,108.8,111.2,114.0,115.6,115.0,112.5,109.7,16.9,14.2,15.5,19.8,24.9,28.4,26.9,22.2,11.9,12.7,13.7,15.2,17.5,20.5,24.5,23.0,21.4,19.4,16.8,14.5,21.5,23.8,24.4,22.9,20.4,18.2,17.6,18.9,58.8,58.6,60.2,62.7,64.5,64.6,63.0,60.9,57.1,58.0,59.4,62.2,65.9,69.8,75.2,71.0,67.2,64.0,61.0,59.0,62.0,63.2,64.1,64.0,63.1,61.8,61.0,61.1,118.1,114.6,111.9,111.5,113.6,117.4,119.8,120.2,126.8,123.7,120.0,116.4,113.8,112.3,112.4,113.3,114.6,116.8,119.8,123.3,118.7,118.5,117.1,115.4,114.4,114.6,116.0,117.7,148.0,150.9,151.5,149.4,145.9,143.0,142.4,144.5,146.8,145.5,144.5,144.8,146.4,148.5,151.8,146.7,143.3,141.4,141.4,143.3,146.3,145.3,145.7,147.1,148.8,149.8,149.4,148.0,116.7,101.6,186.7,1.779,1.244,-1.705,1316.3,1336.5,1363.1,1375.2,1389.9,1371.5,1310.4,1217.9,1252.7,1379.6,1568.4,1691.8,1749.0,1727.1,1673.9,1636.7,1607.8,1098.1,1060.0,1068.3,1065.8,1059.5,1149.8,1198.6,1248.9,1302.5,1371.2,1087.7,1027.5,964.9,910.9,1020.3,1001.8,1007.7,1054.5,1106.1,1109.5,1115.4,1134.3,1156.1,1121.3,1103.7,1283.2,1318.5,1347.9,1379.0,1339.7,1311.7,1143.0,1070.8,1062.9,1084.8,1133.9,1213.7,1326.0,1186.7,1084.3,1034.7,1015.1,1045.8,1132.0,1072.4,1091.2,1145.0,1294.9,1105.0,1051.5,1038.3,328.1,434.3,542.6,650.1,769.8,910.1,1068.8,1234.4,1328.6,1361.2,1315.4,1242.8,1160.3,1068.7,977.2,886.9,787.2,341.9,393.3,473.2,551.3,632.1,704.8,711.6,725.6,741.8,790.1,662.2,762.6,865.5,969.8,864.2,929.9,986.9,989.3,986.4,438.6,460.2,493.8,551.7,520.7,489.2,698.1,718.9,751.5,789.9,774.1,740.7,818.1,906.1,973.2,1014.8,1034.5,1060.6,1083.1,1122.1,1127.6,1101.7,1062.8,974.6,853.2,992.6,1032.9,1055.5,1079.9,1062.7,1040.7,1000.8,0.00,0.00,0.00,0.00,0.00,0.00,0.00,0.00,0.00,0.00,0.00,0.00,0.00,0.00,0.00,0.00,0.00,0.00,0.00,0.00,0.00,0.00,0.00,0.00,0.00,0.00,0.00,0.00,0.00,0.00,0.00,0.00,0.00,0.00,0.00
253,0,8.400,0.03,0,0.000000,0.000000,0.000000,0.000000,0.000000,0.000000,0.000,0.000,1125.0,1145.5,1170.7,1185.8,1182.0,1162.9,1136.3,1121.2,1103.4,1104.2,1109.9,1120.1,1135.4,1150.7,1162.0,1141.0,1120.5,1105.9,1098.5,1098.1,1142.5,1149.0,1159.5,1168.0,1169.5,1163.1,1152.5,1144.0,1271.7,1292.7,1320.9,1339.7,1338.1,1317.1,1289.0,1267.6,1283.2,1302.9,1324.0,1345.9,1363.9,1376.9,1386.8,1371.0,1353.8,1334.9,1314.4,1292.9,1288.3,1297.2,1310.5,1320.4,1321.1,1312.2,1298.9,1289.0,512.2,502.6,514.1,539.9,564.9,576.2,563.0,537.2,458.3,464.1,473.6,488.7,509.4,532.6,560.0,550.6,538.5,524.0,504.3,483.2,535.6,546.2,550.9,547.0,536.6,526.0,521.3,525.2,716.1,702.7,704.9,721.4,742.5,755.9,753.7,738.9,705.8,711.6,719.9,732.3,749.1,766.2,788.2,784.1,774.4,761.6,744.2,727.2,736.5,744.4,745.6,739.2,729.1,721.2,720.0,726.4,75.8,77.2,80.2,83.1,84.3,83.5,79.8,76.8,77.7,75.2,73.8,73.2,74.5,77.2,80.1,77.3,74.7,73.5,73.6,75.1,79.5,80.8,82.1,82.7,82.2,80.9,79.6,79.0,105.7,110.8,115.5,116.9,114.2,109.1,104.6,102.9,107.5,109.8,112.6,116.4,120.4,124.0,128.0,121.2,115.7,111.3,108.1,106.3,107.2,107.9,110.1,112.5,113.7,113.0,110.8,108.4,23.8,21.8,23.3,27.4,31.9,34.5,32.6,28.3,16.5,16.9,17.8,19.6,22.5,26.1,30.7,29.4,27.7,25.9,23.2,20.2,27.8,29.6,30.2,29.3,27.4,25.7,25.0,25.9,59.6,58.2,58.5,60.4,62.5,63.8,63.5,62.1,57.8,58.2,59.2,61.4,64.7,68.4,73.4,70.3,67.2,64.3,61.6,59.8,62.2,63.1,63.3,62.7,61.6,60.7,60.5,61.2,136.7,133.6,132.2,133.2,136.1,139.6,140.7,139.6,146.7,141.8,137.3,133.3,131.6,132.2,134.2,135.1,136.0,138.0,140.4,143.4,138.4,138.9,138.3,137.0,135.8,135.3,135.9,137.1,146.4,148.5,148.4,146.2,143.1,141.0,141.1,143.5,146.2,144.9,144.0,144.3,145.5,147.3,150.0,145.0,141.8,140.1,140.2,142.4,144.7,143.7,143.7,144.7,146.1,147.1,147.1,146.1,121.2,106.4,193.0,1.778,1.255,-1.745,1330.4,1353.1,1377.3,1386.3,1399.1,1373.8,1308.4,1214.8,1242.0,1365.3,1550.5,1681.0,1745.3,1726.3,1676.9,1645.1,1617.9,1099.7,1056.0,1059.1,1055.6,1052.6,1144.2,1196.3,1248.8,1308.8,1384.4,1085.4,1028.2,968.9,918.0,1020.9,1007.0,1013.3,1056.5,1102.9,1108.7,1113.7,1131.9,1154.3,1121.1,1104.2,1284.1,1323.3,1357.5,1392.8,1349.5,1317.1,1141.1,1073.5,1065.3,1087.7,1135.2,1217.3,1332.0,1194.5,1090.4,1041.9,1021.6,1053.4,1132.5,1071.7,1090.9,1143.4,1297.7,1112.0,1060.1,1047.2,363.3,469.5,573.5,675.2,788.4,922.4,1073.6,1231.0,1319.4,1345.9,1301.0,1235.2,1158.7,1073.1,984.4,894.9,798.6,365.3,402.7,479.3,561.2,648.8,711.7,712.8,726.2,741.2,790.2,679.3,775.4,873.4,973.2,872.1,935.9,991.0,993.0,989.1,457.6,475.2,506.8,565.2,536.9,506.2,707.3,719.0,748.8,786.9,774.1,744.3,847.0,923.9,983.3,1021.3,1036.6,1058.7,1079.9,1113.3,1121.3,1099.3,1065.1,986.4,876.9,1002.1,1038.1,1056.6,1075.2,1062.5,1044.3,1008.8,0.00,0.00,0.00,0.00,0.00,0.00,0.00,0.00,0.00,0.00,0.00,0.00,0.00,0.00,0.00,0.00,0.00,0.00,0.00,0.00,0.00,0.00,0.00,0.00,0.00,0.00,0.00,0.00,0.00,0.00,0.00,0.00,0.00,0.00,0.00
254,0,8.433,0.03,0,0.000000,0.000000,0.000000,0.000000,0.000000,0.000000,0.000,0.000,1117.4,1136.8,1159.2,1171.6,1166.7,1148.7,1124.9,1112.5,1094.6,1097.2,1103.5,1115.1,1129.2,1140.7,1147.0,1129.9,1110.0,1094.9,1089.3,1090.9,1132.7,1137.9,1147.2,1155.0,1156.9,1151.6,1142.4,1134.5,1292.2,1314.5,1343.7,1362.7,1360.4,1338.2,1308.9,1287.1,1288.3,1305.8,1326.5,1348.2,1367.5,1383.1,1395.9,1379.1,1360.7,1340.8,1318.2,1297.1,1309.2,1317.7,1330.9,1340.9,1342.0,1333.4,1320.2,1310.2,514.6,507.3,520.4,546.4,570.0,579.0,564.2,538.2,468.7,472.2,480.7,496.1,516.0,538.0,564.5,555.2,543.2,527.9,508.1,489.2,538.3,548.9,554.3,551.3,541.7,531.1,525.7,528.7,720.7,705.1,708.7,729.2,754.7,770.3,766.7,747.7,704.6,711.7,722.4,736.8,752.5,767.0,785.1,780.1,769.3,755.1,738.0,722.6,744.3,753.6,755.2,748.2,736.7,727.4,725.8,732.8,78.7,79.9,82.6,85.4,86.5,85.8,82.4,79.6,80.0,78.5,77.6,77.3,78.5,80.3,82.1,79.7,76.9,75.5,76.0,77.8,82.2,83.4,84.6,85.1,84.6,83.4,82.3,81.8,110.3,115.6,120.9,122.9,120.5,115.1,110.0,107.7,110.8,112.4,114.8,118.1,121.9,125.8,130.1,124.3,119.1,114.7,111.4,109.8,112.5,113.4,115.8,118.2,119.3,118.4,116.0,113.6,25.5,23.7,25.5,29.9,34.5,36.9,34.7,30.0,19.1,19.3,20.2,22.1,25.0,28.5,33.1,31.8,30.0,27.9,25.0,22.3,29.8,31.6,32.4,31.6,29.7,27.9,27.1,27.9,61.0,59.2,59.9,62.8,66.0,67.6,66.9,64.5,58.9,59.4,60.6,62.8,65.7,68.9,73.1,70.7,67.7,64.7,62.1,60.6,64.6,65.9,66.2,65.5,64.0,62.7,62.4,63.2,144.2,140.8,139.3,140.5,143.8,147.6,148.7,147.5,154.0,150.2,146.5,142.4,140.4,140.3,141.7,142.4,143.3,145.3,147.9,150.9,146.0,146.6,146.0,144.6,143.2,142.7,143.3,144.7,148.0,150.0,150.4,148.8,146.3,144.3,143.9,145.6,149.5,147.7,146.3,145.9,146.6,148.2,150.6,147.2,144.7,143.2,143.7,146.2,147.1,146.4,146.6,147.5,148.7,149.4,149.2,148.3,120.1,106.7,193.5,1.588,1.264,-1.540,1294.8,1321.5,1351.7,1366.4,1378.4,1348.8,1282.9,1194.2,1227.5,1355.9,1544.4,1682.7,1752.1,1733.8,1680.2,1643.3,1610.2,1078.3,1039.0,1047.5,1051.2,1056.5,1147.9,1196.3,1247.3,1306.7,1382.8,1085.6,1030.3,974.1,925.0,1020.6,1009.5,1017.1,1060.7,1107.1,1092.9,1101.4,1121.3,1146.5,1112.0,1093.5,1288.0,1329.9,1364.4,1398.2,1356.1,1323.6,1121.4,1059.0,1058.5,1084.4,1135.2,1217.6,1332.7,1196.9,1093.2,1040.7,1016.3,1041.7,1113.7,1064.4,1087.2,1142.9,1297.0,1113.7,1058.7,1042.0,360.7,459.2,555.2,650.5,762.8,901.0,1058.5,1225.2,1317.7,1344.1,1297.4,1230.4,1155.2,1073.1,987.1,898.4,804.7,373.2,409.7,487.6,571.5,660.5,716.6,713.6,725.0,736.7,783.6,686.7,781.6,877.9,976.5,872.8,937.2,992.5,994.1,989.5,465.8,485.5,514.0,566.3,539.3,511.3,706.9,721.9,749.8,783.7,769.0,741.1,852.6,929.3,987.1,1024.5,1038.9,1059.4,1079.5,1113.1,1122.5,1101.7,1068.5,991.2,882.8,1006.4,1041.7,1059.0,1074.7,1064.2,1047.1,1012.1,0.00,0.00,0.00,0.00,0.00,0.00,0.00,0.00,0.00,0.00,0.00,0.00,0.00,0.00,0.00,0.00,0.00,0.00,0.00,0.00,0.00,0.00,0.00,0.00,0.00,0.00,0.00,0.00,0.00,0.00,0.00,0.00,0.00,0.00,0.00
255,0,8.467,0.03,0,0.000000,0.000000,0.000000,0.000000,0.000000,0.000000,0.000,0.000,1097.7,1116.5,1143.8,1163.7,1164.4,1147.5,1118.3,1098.4,1068.6,1071.3,1079.6,1095.5,1115.8,1133.0,1145.4,1127.9,1107.1,1088.0,1075.5,1070.8,1119.2,1127.9,1140.1,1148.4,1148.1,1139.4,1127.2,1118.9,1289.3,1312.5,1344.1,1365.8,1364.7,1341.6,1309.9,1285.4,1284.2,1302.6,1325.0,1349.3,1370.6,1387.0,1398.8,1382.8,1363.7,1342.4,1316.8,1293.7,1309.3,1318.8,1332.7,1342.9,1343.4,1333.8,1319.9,1309.7,516.6,506.0,515.9,540.6,565.6,577.5,566.2,541.5,464.3,467.8,477.9,494.9,516.5,539.4,566.3,553.2,539.8,523.0,502.6,483.6,537.8,548.8,553.3,548.6,537.5,526.5,522.0,526.7,731.2,714.5,717.3,737.9,764.3,781.0,778.2,759.3,716.1,719.3,728.4,742.3,758.4,774.2,794.1,789.6,778.0,762.8,745.9,732.1,755.3,764.4,765.6,758.3,746.7,737.6,736.4,743.7,68.4,69.3,72.4,76.0,78.2,78.0,74.1,70.3,69.1,67.5,66.7,67.0,69.0,71.8,74.8,72.0,69.1,67.1,66.6,67.6,72.7,74.4,75.8,76.2,75.3,73.6,72.2,71.8,104.3,109.8,115.3,117.4,114.9,109.4,104.1,101.7,105.0,106.9,109.6,112.9,116.5,120.1,123.2,118.4,113.6,109.2,105.8,104.2,106.7,107.7,110.0,112.4,113.5,112.6,110.2,107.8,23.4,21.2,22.4,26.2,30.6,33.4,31.9,27.8,16.8,16.9,17.9,19.8,22.7,26.1,30.5,28.5,26.6,24.4,21.8,19.4,27.0,28.8,29.3,28.3,26.3,24.6,24.0,25.0,59.6,57.9,58.5,61.1,64.1,65.6,65.0,62.9,58.1,58.0,58.9,60.9,63.5,66.6,70.5,68.5,65.6,62.6,60.3,59.3,63.0,64.1,64.4,63.7,62.4,61.3,61.0,61.7,130.7,127.2,125.7,127.0,130.5,134.4,135.5,134.1,141.1,137.0,132.7,128.6,127.0,127.4,129.5,129.1,129.4,131.1,133.8,137.2,132.8,133.4,132.7,131.1,129.6,129.0,129.7,131.3,140.6,142.8,143.2,141.5,138.7,136.4,136.0,137.9,142.7,141.2,140.0,139.3,139.5,140.6,142.1,139.5,137.3,136.0,136.8,139.4,139.5,138.8,139.0,140.0,141.2,142.0,141.8,140.8,116.6,104.5,189.9,1.447,1.251,-1.364,1267.5,1295.7,1325.6,1341.6,1355.1,1325.5,1261.7,1178.4,1215.5,1348.4,1538.3,1680.9,1754.5,1738.8,1684.6,1644.3,1607.1,1058.2,1023.0,1035.1,1042.3,1053.2,1145.5,1193.6,1246.0,1307.5,1383.9,1085.1,1031.5,977.3,929.8,1016.4,1009.8,1020.4,1065.0,1112.0,1076.5,1086.4,1108.3,1137.3,1101.2,1080.6,1285.0,1328.2,1365.3,1401.6,1358.2,1322.9,1106.9,1050.6,1055.0,1083.5,1135.7,1219.4,1336.0,1199.1,1093.6,1039.0,1012.1,1032.6,1101.8,1059.3,1084.4,1141.5,1297.8,1116.2,1059.4,1040.0,352.6,446.1,536.6,627.0,735.5,874.5,1037.0,1211.7,1309.2,1336.7,1291.3,1226.4,1153.3,1073.9,990.9,904.8,813.6,362.2,397.7,476.8,564.5,657.5,716.3,713.1,727.0,742.2,791.6,693.2,788.3,884.5,982.7,873.8,940.1,996.7,999.2,995.3,461.9,481.1,512.2,567.3,539.5,509.1,714.1,728.2,756.7,792.1,778.0,749.8,848.3,928.5,987.9,1026.2,1041.1,1061.4,1081.7,1115.0,1124.0,1102.3,1068.4,989.8,878.4,1007.2,1043.4,1061.0,1076.3,1067.5,1049.5,1013.4,0.00,0.00,0.00,0.00,0.00,0.00,0.00,0.00,0.00,0.00,0.00,0.00,0.00,0.00,0.00,0.00,0.00,0.00,0.00,0.00,0.00,0.00,0.00,0.00,0.00,0.00,0.00,0.00,0.00,0.00,0.00,0.00,0.00,0.00,0.00
256,0,8.500,0.03,0,0.000000,0.000000,0.000000,0.000000,0.000000,0.000000,0.000,0.000,1068.6,1090.9,1116.6,1130.5,1124.7,1103.6,1076.7,1062.7,1060.0,1060.6,1066.1,1074.1,1088.6,1109.1,1130.8,1108.5,1087.7,1070.3,1057.2,1053.9,1083.5,1089.8,1101.5,1111.7,1114.4,1108.1,1096.5,1086.3,1286.4,1309.0,1339.7,1360.5,1359.2,1336.6,1305.9,1282.6,1285.6,1304.2,1325.8,1348.3,1367.8,1382.9,1393.5,1377.7,1359.3,1338.6,1315.4,1295.6,1305.0,1314.8,1329.3,1339.9,1340.6,1330.8,1316.3,1305.6,518.9,506.8,516.8,543.0,570.1,584.5,572.3,546.1,471.0,483.8,495.7,508.4,524.6,546.2,567.1,561.7,548.2,533.4,514.3,493.7,544.1,556.1,560.6,555.1,542.7,530.7,526.2,531.7,724.0,706.6,707.2,725.4,750.6,768.0,767.4,751.1,714.8,715.1,722.5,735.8,751.3,766.6,783.8,778.2,767.0,752.9,738.4,727.1,746.0,754.7,755.1,746.9,735.0,726.3,725.9,734.1,70.8,73.3,76.5,78.7,78.7,76.8,73.0,70.7,74.0,72.0,70.8,70.7,72.1,75.3,79.1,75.6,72.6,70.6,69.8,71.0,73.8,74.8,76.3,77.4,77.4,76.4,74.9,73.8,110.0,115.3,120.5,122.3,119.7,114.4,109.5,107.4,110.5,112.6,115.3,118.3,121.4,124.7,127.4,123.1,118.5,114.3,111.4,110.1,112.1,112.9,115.3,117.8,119.0,118.1,115.7,113.2,26.3,23.9,25.2,29.4,34.1,37.2,35.5,31.1,19.6,21.2,22.6,24.2,26.5,29.9,33.4,32.6,30.5,28.4,25.8,23.0,30.6,32.6,33.2,32.0,29.8,27.9,27.3,28.4,62.0,59.7,59.8,62.0,65.0,67.0,67.0,65.4,60.7,60.2,60.9,62.7,65.3,68.2,71.6,69.8,67.1,64.3,62.4,61.6,65.0,66.1,66.1,65.1,63.7,62.6,62.6,63.6,144.6,142.2,140.4,140.4,142.1,144.9,146.3,146.4,154.2,149.8,145.4,142.5,140.7,140.4,141.1,141.3,141.9,143.5,146.4,150.2,145.5,145.5,144.7,143.5,142.8,142.8,143.6,144.7,148.9,150.8,150.7,148.5,145.7,143.7,143.9,146.2,149.7,148.4,147.1,146.1,145.9,146.8,147.9,146.0,144.2,143.2,144.3,146.9,147.4,146.4,146.4,147.3,148.6,149.6,149.7,148.8,116.3,105.2,190.2,1.337,1.248,-1.262,1260.4,1292.3,1325.5,1342.0,1350.6,1317.8,1253.8,1170.5,1209.7,1342.8,1531.8,1675.0,1750.2,1739.1,1688.4,1651.4,1616.6,1042.7,1012.2,1028.7,1037.3,1050.0,1147.8,1197.4,1250.0,1309.3,1383.1,1085.8,1032.6,979.3,932.4,1016.7,1008.4,1018.3,1062.4,1108.6,1060.8,1070.2,1091.3,1122.7,1085.1,1064.5,1284.5,1326.6,1361.4,1397.9,1353.8,1320.7,1097.0,1046.7,1053.6,1082.3,1136.6,1220.1,1338.3,1204.4,1099.7,1042.9,1014.9,1030.7,1093.2,1060.1,1086.0,1145.5,1301.6,1119.9,1061.5,1041.0,356.9,448.9,539.7,630.7,741.9,882.3,1042.5,1213.2,1308.0,1333.6,1284.2,1218.4,1146.7,1070.5,991.9,909.1,822.6,376.8,414.7,489.8,573.9,663.9,715.3,713.7,726.4,739.2,783.5,697.6,793.5,890.1,988.9,880.1,945.2,1001.1,1003.5,998.2,473.6,493.2,521.7,571.9,545.0,517.2,710.3,724.2,750.8,783.4,767.7,741.4,857.2,935.5,993.6,1030.2,1043.5,1060.7,1077.0,1109.4,1121.0,1102.3,1070.4,995.1,886.3,1012.6,1046.8,1062.3,1073.0,1065.6,1050.4,1017.1,0.00,0.00,0.00,0.00,0.00,0.00,0.00,0.00,0.00,0.00,0.00,0.00,0.00,0.00,0.00,0.00,0.00,0.00,0.00,0.00,0.00,0.00,0.00,0.00,0.00,0.00,0.00,0.00,0.00,0.00,0.00,0.00,0.00,0.00,0.00
257,0,8.533,0.03,0,0.000000,0.000000,0.000000,0.000000,0.000000,0.000000,0.000,0.000,1057.7,1081.4,1109.2,1124.8,1119.0,1096.7,1067.5,1051.9,1062.4,1061.6,1061.0,1065.2,1076.2,1092.5,1110.9,1093.3,1076.3,1060.4,1050.9,1053.0,1073.6,1080.8,1094.0,1105.5,1108.5,1101.3,1088.0,1076.6,1291.6,1315.2,1347.0,1368.5,1367.0,1343.4,1311.6,1287.1,1285.6,1304.1,1326.5,1351.3,1373.2,1389.8,1401.7,1385.2,1365.6,1344.0,1318.0,1294.7,1311.3,1320.7,1334.7,1345.0,1345.7,1336.3,1322.3,1312.0,509.8,498.5,510.1,537.7,565.2,578.5,564.9,537.3,456.7,469.6,485.3,498.0,515.5,541.5,562.7,558.4,544.1,527.8,505.0,479.6,535.7,549.4,555.2,549.8,536.3,522.6,516.8,522.2,728.2,712.4,715.9,736.4,762.1,777.9,774.4,755.6,713.4,715.8,724.2,737.6,753.7,769.9,790.8,786.3,774.5,759.4,742.6,729.2,752.5,761.5,763.0,756.1,744.9,735.8,734.3,741.2,67.2,69.7,73.0,75.4,75.4,73.4,69.5,67.0,72.4,70.9,68.9,68.7,69.7,72.0,75.2,72.9,70.8,68.9,68.5,70.2,70.2,71.3,72.9,74.1,74.1,73.0,71.4,70.2,103.4,109.1,114.5,116.4,113.7,108.0,102.8,100.6,104.1,106.1,108.7,112.1,115.5,119.0,121.8,116.9,112.0,107.7,104.5,103.0,105.6,106.5,108.8,111.3,112.5,111.6,109.2,106.8,24.1,21.9,23.4,27.6,32.3,35.1,33.3,28.9,16.6,18.4,20.5,22.3,24.8,28.9,32.4,31.9,29.9,27.5,24.2,20.3,28.4,30.6,31.4,30.2,27.9,25.7,25.0,26.1,58.5,56.9,57.6,60.2,62.9,64.2,63.5,61.5,57.0,56.8,57.7,59.5,62.0,65.0,68.9,66.9,64.0,61.1,59.0,58.1,61.8,62.8,63.1,62.5,61.3,60.2,59.9,60.6,140.7,138.1,136.2,136.1,137.8,140.6,142.2,142.4,150.0,147.1,143.1,141.3,139.8,139.2,139.7,140.8,142.0,143.3,145.9,148.6,141.7,141.5,140.5,139.2,138.4,138.5,139.5,140.8,138.9,141.3,141.7,139.8,136.8,134.4,134.0,136.0,141.1,139.8,138.6,137.8,137.9,138.8,140.0,137.3,135.1,133.8,134.8,137.6,137.7,136.9,137.0,138.1,139.4,140.3,140.1,139.0,112.2,101.9,185.3,1.272,1.227,-1.163,1231.9,1263.6,1297.1,1315.7,1328.5,1298.4,1241.3,1164.2,1201.2,1335.5,1522.3,1672.1,1753.6,1744.8,1694.6,1654.1,1613.3,1025.2,999.9,1021.2,1034.2,1052.5,1158.7,1202.4,1250.7,1308.4,1379.9,1087.2,1034.9,983.5,937.5,1014.5,1009.7,1021.6,1066.6,1112.3,1049.9,1060.2,1082.5,1114.4,1076.9,1055.6,1286.8,1329.6,1366.6,1403.0,1359.9,1325.1,1088.8,1043.9,1051.5,1081.4,1135.6,1220.9,1340.9,1205.6,1099.2,1042.6,1013.1,1025.9,1085.9,1057.9,1084.9,1143.9,1302.9,1120.2,1062.2,1040.1,343.9,431.9,518.5,605.1,714.8,858.8,1023.3,1201.7,1302.7,1329.8,1280.4,1214.6,1144.2,1071.2,994.9,913.2,829.2,364.3,401.5,478.3,566.0,658.8,715.1,713.3,726.0,739.5,785.8,701.0,797.4,894.5,993.9,880.2,946.4,1002.8,1007.1,1003.1,461.8,481.8,513.2,566.6,538.1,507.1,714.4,726.9,753.6,788.4,773.4,746.7,848.4,931.9,994.1,1030.8,1043.9,1062.0,1080.2,1112.0,1121.7,1102.2,1070.7,991.2,878.7,1014.0,1048.1,1064.1,1076.2,1066.8,1051.1,1018.1,0.00,0.00,0.00,0.00,0.00,0.00,0.00,0.00,0.00,0.00,0.00,0.00,0.00,0.00,0.00,0.00,0.00,0.00,0.00,0.00,0.00,0.00,0.00,0.00,0.00,0.00,0.00,0.00,0.00,0.00,0.00,0.00,0.00,0.00,0.00
258,0,8.567,0.73,0,0.000000,0.000000,0.000000,0.000000,0.000000,0.000000,0.000,0.000,1060.0,1083.8,1108.5,1119.7,1110.8,1087.7,1062.2,1051.0,1057.2,1054.8,1056.0,1059.6,1069.0,1081.1,1093.5,1079.4,1067.7,1057.0,1049.0,1049.6,1070.3,1075.4,1087.4,1099.1,1103.8,1098.7,1086.8,1075.0,1287.2,1309.5,1342.3,1366.5,1367.9,1345.7,1312.8,1286.0,1286.9,1306.1,1329.6,1354.6,1377.1,1394.6,1408.0,1391.1,1370.6,1347.7,1320.3,1296.0,1310.3,1320.9,1335.4,1345.2,1344.6,1333.9,1319.4,1309.6,514.5,504.6,515.3,540.4,565.2,577.5,564.5,539.4,474.0,483.2,493.0,504.1,520.9,544.1,565.7,554.4,539.6,524.5,506.7,489.8,539.1,551.7,557.1,552.3,540.0,527.5,522.0,526.8,729.4,710.4,709.5,727.4,753.5,772.5,773.4,757.7,711.7,715.4,724.5,738.1,753.6,768.3,787.2,783.3,771.9,756.7,740.3,727.6,751.3,759.2,758.8,750.4,738.9,731.0,731.4,739.8,76.3,79.8,83.5,85.2,84.0,80.8,76.8,75.0,81.1,78.8,76.8,76.2,77.0,78.9,81.5,79.1,77.5,76.3,76.2,78.0,78.5,79.3,81.0,82.7,83.4,82.6,80.9,79.1,101.3,106.5,111.9,114.1,111.9,106.7,101.5,99.0,103.1,104.9,107.5,110.7,114.3,117.8,121.0,116.1,111.1,106.7,103.4,101.9,103.9,104.9,107.2,109.5,110.5,109.5,107.2,104.9,28.1,26.0,27.7,32.0,36.6,39.3,37.2,32.7,22.2,23.4,24.5,26.2,28.9,32.9,36.9,35.0,32.5,30.1,27.3,24.7,32.7,34.9,35.7,34.6,32.4,30.2,29.3,30.4,57.8,55.8,55.7,57.7,60.5,62.3,62.4,61.0,56.0,56.0,56.8,58.6,61.0,63.7,67.3,65.4,62.7,59.8,57.8,57.1,60.7,61.5,61.5,60.6,59.4,58.6,58.6,59.5,159.0,157.4,155.9,155.4,156.2,158.0,159.2,159.7,170.2,166.2,161.6,158.9,157.1,156.6,157.1,157.6,158.6,160.0,162.9,166.7,159.6,159.3,158.5,157.6,157.2,157.6,158.4,159.2,137.0,139.2,139.4,137.5,134.5,132.2,132.0,134.1,139.4,137.8,136.4,135.6,135.6,136.6,137.8,135.2,133.1,131.9,133.0,135.9,135.7,134.8,134.9,135.9,137.2,138.1,138.0,137.0,112.6,103.2,186.5,1.225,1.218,-1.126,1223.8,1258.2,1297.2,1318.6,1333.2,1300.2,1241.0,1162.5,1198.5,1334.1,1519.4,1671.3,1752.4,1742.9,1694.1,1659.5,1623.3,1016.6,990.6,1013.1,1030.2,1051.0,1141.4,1188.2,1241.0,1307.2,1389.1,1080.6,1031.9,984.5,943.2,1009.5,1004.9,1018.1,1066.5,1115.1,1041.7,1053.5,1075.1,1104.2,1070.1,1049.6,1286.0,1334.2,1371.2,1407.9,1363.8,1328.7,1081.0,1038.6,1050.1,1080.5,1137.7,1223.2,1339.8,1206.9,1101.1,1041.5,1010.5,1023.3,1076.7,1052.8,1081.1,1142.6,1300.8,1120.9,1060.7,1038.0,341.8,433.4,521.6,609.5,721.5,866.3,1026.6,1200.5,1297.8,1323.9,1275.3,1208.7,1139.3,1068.7,993.1,909.3,824.7,382.8,416.9,497.4,587.2,681.9,715.1,712.6,726.5,740.8,790.7,704.6,802.2,899.8,999.6,876.7,946.8,1006.6,1010.3,1004.6,469.3,490.6,518.6,567.5,539.0,511.2,714.9,729.1,754.4,784.8,768.1,743.1,870.8,943.4,996.4,1032.6,1044.3,1061.5,1083.8,1107.0,1116.7,1098.8,1068.5,999.5,900.4,1016.4,1049.7,1064.7,1077.8,1064.5,1050.4,1018.0,0.00,0.00,0.00,0.00,0.00,0.00,0.00,0.00,0.00,0.00,0.00,0.00,0.00,0.00,0.00,0.00,0.00,0.00,0.00,0.00,0.00,0.00,0.00,0.00,0.00,0.00,0.00,0.00,0.00,0.00,0.00,0.00,0.00,0.00,0.00
259,0,8.600,0.03,0,0.000000,0.000000,0.000000,0.000000,0.000000,0.000000,0.000,0.000,1055.3,1077.8,1101.3,1112.1,1103.8,1082.0,1057.8,1047.0,1028.3,1031.4,1039.8,1052.1,1066.3,1078.4,1086.1,1069.0,1051.9,1037.4,1028.3,1026.2,1066.0,1070.9,1081.9,1092.5,1096.6,1091.6,1080.6,1070.0,1286.2,1308.4,1340.8,1364.7,1365.8,1343.7,1311.2,1284.5,1278.0,1298.4,1322.9,1348.6,1371.3,1389.6,1404.1,1387.3,1366.5,1343.0,1315.1,1289.3,1308.3,1318.7,1333.0,1342.7,1342.2,1331.7,1317.5,1307.7,521.9,513.2,524.4,549.0,572.5,583.1,570.0,545.4,476.7,485.3,496.6,512.5,532.3,553.3,576.6,565.4,552.5,537.6,517.8,498.4,544.6,556.2,561.5,557.5,546.4,534.8,529.5,533.5,744.9,726.8,728.1,748.0,774.9,792.9,791.6,773.7,728.1,731.8,740.1,752.4,766.8,782.2,802.0,798.0,786.8,772.5,757.0,744.4,768.5,777.3,777.9,770.0,758.1,749.4,748.8,756.7,70.8,73.5,77.0,79.3,79.2,76.8,72.9,70.5,70.2,69.0,68.7,69.3,71.0,73.3,75.5,72.5,69.7,67.8,67.2,68.2,73.6,74.6,76.3,77.6,77.7,76.7,75.0,73.7,99.8,105.1,110.7,113.2,111.0,105.6,100.3,97.5,100.3,102.4,105.4,109.0,112.9,116.8,120.6,115.2,109.9,105.2,101.6,99.6,102.5,103.6,106.0,108.3,109.3,108.2,105.8,103.4,27.6,25.7,27.4,31.7,36.3,38.8,36.6,32.1,21.1,22.1,23.5,25.6,28.7,32.3,36.6,34.7,32.6,30.3,27.3,24.4,31.9,34.0,34.8,33.9,31.7,29.7,28.9,29.8,59.5,57.7,58.2,60.6,63.4,65.0,64.5,62.6,57.9,57.8,58.7,60.4,62.8,65.8,69.7,67.5,64.6,61.7,59.7,58.9,62.7,63.7,63.9,63.2,62.0,60.9,60.7,61.4,149.2,146.9,146.0,147.0,149.4,152.1,152.6,151.5,158.1,154.1,150.4,147.1,145.8,146.4,148.0,147.9,148.1,149.3,151.4,154.4,151.1,151.6,151.1,150.0,149.0,148.5,149.0,150.0,135.2,137.6,138.3,136.7,133.8,131.3,130.7,132.4,137.6,136.1,135.0,134.6,135.0,136.4,138.1,134.9,132.4,131.0,131.7,134.2,134.2,133.5,133.8,134.9,136.2,136.9,136.6,135.5,111.8,104.0,185.3,1.302,1.206,-1.224,1227.3,1271.1,1317.1,1340.5,1348.8,1310.8,1244.8,1170.4,1214.8,1353.0,1539.4,1688.2,1763.6,1749.6,1696.6,1655.0,1610.1,1006.6,982.8,1006.7,1022.7,1043.6,1151.4,1195.0,1244.5,1302.6,1377.9,1083.4,1034.5,987.5,946.7,1015.4,1013.6,1026.1,1066.8,1107.3,1026.3,1037.5,1060.4,1091.8,1054.6,1032.7,1281.2,1327.1,1365.5,1404.0,1359.4,1322.7,1076.2,1046.3,1058.0,1089.5,1146.6,1227.4,1338.7,1207.8,1105.5,1045.3,1013.0,1023.6,1073.6,1059.6,1090.1,1152.0,1298.2,1127.2,1066.5,1042.3,327.1,422.9,515.9,612.1,733.6,885.6,1049.1,1217.4,1308.0,1330.3,1279.6,1219.0,1153.7,1083.6,1005.6,920.6,835.4,363.1,395.0,472.5,564.9,664.6,714.8,712.2,726.0,739.4,785.8,715.1,814.2,913.3,1014.6,899.7,966.1,1023.2,1028.6,1024.3,475.1,497.4,527.6,578.4,552.1,521.4,728.5,741.1,767.6,800.0,785.9,760.1,878.0,957.2,1014.8,1050.7,1061.4,1077.2,1092.9,1116.2,1124.3,1107.4,1077.4,1006.5,907.0,1035.4,1068.3,1081.3,1088.9,1073.2,1060.2,1029.0,0.00,0.00,0.25,0.00,0.35,0.33,0.08,0.58,0.17,0.77,0.00,0.58,0.09,0.61,0.00,0.41,0.00,0.00,0.00,0.00,0.00,0.00,0.00,0.00,0.00,0.00,0.00,0.00,0.00,0.00,0.00,0.00,0.00,0.00,0.00
260,0,8.633,0.82,1,-0.461954,0.626567,-0.627704,-0.873646,0.273226,-0.402603,-0.914,0.718,1050.5,1072.7,1097.0,1109.2,1102.2,1081.3,1055.8,1043.5,1026.2,1027.6,1034.2,1046.9,1063.4,1076.0,1082.8,1070.7,1057.3,1043.6,1033.9,1029.2,1061.2,1067.3,1080.4,1092.6,1096.9,1090.7,1077.7,1065.5,1282.9,1305.6,1341.5,1369.4,1373.2,1350.5,1314.6,1283.6,1281.7,1306.0,1333.2,1360.2,1383.3,1400.6,1414.0,1396.8,1376.1,1351.6,1322.3,1294.9,1309.4,1321.4,1336.8,1346.5,1344.9,1332.9,1317.5,1307.8,505.8,496.1,508.4,535.6,561.6,573.4,559.0,531.9,470.1,475.5,486.1,502.7,524.8,547.4,572.0,552.9,537.0,519.7,501.0,485.5,531.0,546.0,552.8,547.6,533.3,518.3,511.4,516.7,735.8,717.2,717.5,736.3,762.8,781.3,781.1,764.6,722.3,722.2,730.9,744.2,759.7,776.5,795.7,792.6,780.2,764.7,749.4,737.6,759.4,767.5,767.6,759.6,748.3,740.2,740.1,748.1,66.5,68.7,71.7,73.9,74.0,72.3,68.7,66.5,66.8,65.2,64.4,64.8,66.7,69.0,71.0,68.8,66.8,65.2,64.8,65.5,69.1,70.1,71.8,73.0,73.0,72.0,70.4,69.2,91.3,96.9,102.9,105.4,103.0,97.3,91.7,88.8,91.9,95.2,98.8,102.3,105.7,109.0,111.5,106.4,101.2,96.5,93.2,91.4,94.1,95.2,97.6,100.1,101.1,100.0,97.4,95.0,23.6,21.6,23.3,27.6,32.3,35.0,32.9,28.3,19.0,19.4,20.6,22.7,25.9,29.6,34.0,30.8,28.3,25.8,23.2,21.1,28.0,30.5,31.4,30.2,27.7,25.3,24.3,25.5,53.4,52.0,52.4,54.4,56.6,57.7,57.2,55.8,51.9,51.8,52.8,54.6,56.9,59.7,62.7,60.8,57.8,54.9,53.2,52.7,56.2,56.9,57.1,56.6,55.7,54.9,54.7,55.2,141.7,138.9,137.2,137.7,140.1,143.4,144.6,144.1,151.3,147.3,143.0,139.3,137.8,138.4,140.2,139.8,140.0,141.4,144.0,147.3,143.5,143.6,142.6,141.1,139.9,139.7,140.7,142.3,124.2,127.4,128.3,126.5,123.0,119.8,118.9,120.8,125.3,125.0,124.7,124.3,124.5,125.4,126.0,123.0,120.3,118.7,119.6,122.1,123.0,122.2,122.6,124.0,125.5,126.2,125.9,124.5,108.9,100.9,180.4,1.251,1.197,-1.152,1223.3,1267.5,1318.0,1343.0,1354.5,1315.1,1246.2,1167.9,1209.8,1350.8,1541.0,1693.5,1767.6,1750.7,1696.5,1656.5,1615.1,993.7,974.6,1003.7,1022.4,1043.0,1146.1,1190.2,1241.2,1303.0,1383.4,1083.8,1034.8,987.3,946.5,1013.7,1008.9,1020.9,1067.0,1114.2,1023.6,1036.2,1060.1,1090.2,1055.1,1031.9,1286.3,1337.0,1375.4,1414.7,1369.2,1332.1,1074.2,1042.4,1057.2,1089.5,1149.6,1230.3,1337.1,1204.2,1103.0,1040.1,1006.8,1017.8,1068.0,1057.3,1088.5,1153.3,1294.7,1126.4,1063.1,1038.5,304.8,405.9,504.6,606.2,732.0,888.8,1054.5,1222.0,1311.3,1333.8,1280.2,1211.2,1141.5,1072.5,997.2,911.1,823.3,372.4,404.4,484.2,576.3,674.5,715.4,712.7,726.5,740.1,790.1,706.3,811.3,916.4,1023.1,894.4,965.4,1026.8,1031.5,1025.0,465.1,487.0,517.2,569.3,541.2,511.1,721.2,734.0,760.8,792.3,778.7,752.2,885.1,961.3,1014.2,1050.8,1061.0,1076.5,1095.6,1113.7,1121.5,1104.9,1074.7,1008.9,915.9,1034.3,1067.8,1080.7,1091.0,1069.9,1057.5,1025.3,0.00,0.00,0.45,0.00,0.62,0.69,0.18,1.08,0.21,1.50,0.00,1.20,0.12,1.26,0.00,0.93,0.00,0.00,0.00,1.00,0.00,0.00,1.00,1.00,1.00,0.00,1.00,0.00,1.00,0.00,0.00,0.00,1.00,0.00,0.00
261,0,8.667,0.82,1,-0.435519,0.686392,-0.582399,-0.905718,0.272228,-0.324912,-0.976,0.813,1057.5,1081.2,1104.7,1114.0,1103.8,1079.9,1056.6,1047.3,1027.1,1032.3,1043.2,1054.0,1066.6,1077.6,1086.1,1076.4,1066.2,1054.7,1041.9,1032.8,1064.7,1069.0,1079.8,1090.9,1095.8,1091.5,1080.7,1069.6,1270.3,1293.1,1332.6,1365.7,1373.0,1350.2,1310.7,1274.4,1281.8,1311.5,1343.3,1369.9,1390.9,1407.9,1422.6,1407.6,1387.8,1361.5,1329.7,1299.4,1299.4,1315.6,1334.8,1345.9,1342.3,1326.2,1307.0,1295.9,515.8,506.2,515.9,539.1,562.3,573.9,562.1,538.9,473.9,485.4,497.6,511.0,528.4,548.3,567.1,552.9,537.9,522.3,504.6,488.6,538.1,549.0,553.6,549.2,538.5,527.6,523.0,527.4,736.1,712.8,710.1,729.5,759.6,782.8,785.6,769.0,722.3,726.6,738.9,754.7,768.8,786.4,802.4,795.9,781.3,763.7,748.5,736.3,761.3,771.1,770.0,758.6,743.7,733.9,735.0,746.4,81.2,85.9,90.8,93.1,91.4,86.8,81.7,79.5,78.9,78.3,78.8,79.9,82.0,84.6,87.1,84.7,82.5,80.3,78.6,78.3,83.5,84.5,86.8,89.0,89.8,88.8,86.5,84.3,83.5,88.7,94.9,98.2,96.5,91.1,85.2,81.8,85.8,89.5,93.8,97.6,101.1,105.0,108.5,103.7,98.4,93.3,89.3,86.4,86.5,88.1,91.1,93.7,94.5,92.9,89.8,87.2,30.3,28.5,30.5,35.2,39.9,42.2,39.6,34.9,23.2,25.0,26.9,29.1,32.4,36.4,40.4,37.4,34.4,31.4,28.3,25.6,35.0,37.2,38.2,37.3,35.2,33.0,32.0,32.8,49.8,47.9,48.0,50.0,52.6,54.2,54.1,52.7,48.4,48.8,50.5,52.8,55.1,58.3,61.3,58.9,55.4,52.2,50.3,49.3,52.7,53.6,53.7,52.9,51.6,50.6,50.5,51.4,170.2,170.3,171.0,171.9,172.4,172.7,171.6,170.7,178.4,174.7,171.0,168.8,168.3,169.2,170.9,169.8,169.3,169.5,171.2,174.4,171.9,172.3,172.6,172.7,172.4,172.0,171.8,171.7,115.9,118.8,119.8,118.3,115.2,112.2,111.2,112.8,117.0,116.6,116.7,117.0,117.8,119.6,121.3,118.2,115.2,113.2,113.3,114.7,114.8,114.1,114.7,116.2,117.7,118.4,117.8,116.4,109.6,102.3,181.6,1.235,1.202,-1.157,1222.6,1266.2,1314.9,1338.0,1346.6,1308.5,1238.1,1161.8,1208.9,1353.0,1546.1,1694.4,1768.2,1748.5,1693.7,1657.6,1618.4,1001.2,978.0,1000.0,1014.1,1026.5,1126.9,1187.2,1244.5,1312.1,1403.6,1076.5,1030.0,984.5,947.9,1007.9,1005.8,1021.6,1068.1,1114.1,1029.5,1044.5,1066.5,1093.7,1059.3,1038.6,1286.2,1345.7,1385.1,1426.1,1377.1,1338.5,1072.9,1043.4,1059.4,1090.5,1150.2,1231.9,1337.7,1203.9,1102.5,1038.2,1005.3,1019.6,1065.3,1056.3,1087.9,1151.5,1295.6,1124.2,1060.9,1037.0,339.1,438.7,530.1,625.1,742.7,893.2,1056.3,1224.7,1311.9,1331.1,1277.0,1208.5,1139.3,1070.0,991.2,902.1,813.3,365.6,403.0,487.3,578.5,675.1,714.6,713.6,730.7,745.9,795.0,711.1,816.9,922.6,1029.1,892.4,965.6,1028.6,1033.1,1027.3,469.7,493.7,521.2,567.5,541.0,513.9,723.5,742.2,769.6,795.7,779.8,753.8,896.9,966.5,1014.4,1052.9,1064.5,1080.4,1100.5,1115.3,1120.5,1102.8,1070.4,1009.3,927.3,1032.9,1068.4,1083.0,1094.8,1069.0,1055.3,1020.6,0.00,0.00,0.65,0.00,0.82,0.94,0.32,1.51,0.21,2.20,0.00,1.80,0.12,1.89,0.00,1.43,0.00,0.00,0.00,1.00,0.00,0.00,1.00,1.00,1.00,0.00,1.00,0.00,1.00,0.00,0.00,0.00,1.00,0.00,0.00
262,0,8.700,0.82,1,-0.419845,0.705140,-0.571409,-0.902468,0.258641,-0.344464,-0.965,0.811,1050.2,1071.2,1093.9,1105.1,1098.1,1078.3,1054.4,1043.3,1023.1,1025.4,1032.9,1046.6,1063.4,1076.7,1084.4,1071.7,1057.0,1042.5,1033.4,1028.6,1060.1,1065.8,1077.9,1089.5,1093.6,1087.9,1075.8,1064.2,1272.0,1295.0,1335.5,1369.8,1377.8,1354.8,1314.3,1276.6,1277.3,1310.5,1345.4,1373.6,1395.6,1414.4,1431.1,1414.8,1392.9,1363.0,1330.1,1298.2,1301.5,1318.7,1339.0,1350.4,1346.4,1329.1,1308.9,1297.4,503.6,494.6,507.3,534.1,559.3,570.3,555.6,528.8,469.6,475.6,484.7,498.7,517.2,537.2,561.7,544.3,530.6,515.2,497.8,484.1,528.3,542.9,549.7,544.8,531.1,516.5,509.7,514.6,733.6,707.1,703.6,725.1,759.0,785.4,788.9,770.3,726.4,730.9,740.7,754.0,766.7,784.0,798.0,793.6,781.8,767.2,753.6,741.6,761.1,772.2,770.6,757.2,739.9,728.8,730.4,743.8,71.0,73.0,75.9,78.2,78.6,77.0,73.5,71.1,70.0,68.8,68.4,69.0,70.9,73.2,75.2,72.9,70.5,68.7,68.4,69.1,73.7,74.8,76.4,77.6,77.6,76.4,74.9,73.7,78.1,82.9,88.9,92.3,91.1,86.1,80.4,76.8,78.9,82.8,87.4,91.5,95.5,100.0,104.4,98.8,92.9,87.4,83.3,80.1,81.3,83.0,85.9,88.4,89.0,87.2,84.2,81.7,24.8,22.8,24.6,29.3,34.2,37.0,34.7,29.8,20.0,20.6,21.7,23.5,26.3,29.7,34.2,31.1,28.8,26.5,24.0,22.1,29.5,32.1,33.1,31.9,29.2,26.7,25.7,26.9,46.2,43.9,43.9,46.2,49.3,51.3,51.2,49.5,45.4,45.8,47.2,49.2,51.4,54.7,57.8,55.3,52.1,49.2,47.5,46.4,49.3,50.4,50.5,49.4,47.9,46.7,46.6,47.7,151.4,148.2,146.4,147.2,150.1,153.8,155.1,154.3,159.9,156.1,152.3,148.5,146.6,146.7,148.2,147.7,147.9,149.4,152.1,155.5,153.5,153.7,152.7,151.0,149.6,149.3,150.3,152.1,108.1,110.7,111.8,110.7,108.0,105.4,104.4,105.6,108.4,108.0,108.4,109.2,110.6,113.0,115.5,111.6,108.0,105.8,105.6,106.5,107.5,107.0,107.6,108.9,110.2,110.7,110.1,108.8,107.7,100.8,179.8,1.265,1.192,-1.191,1215.4,1262.2,1312.6,1336.0,1344.6,1304.8,1231.9,1157.7,1204.9,1351.9,1547.2,1698.0,1772.1,1749.2,1692.0,1656.8,1618.8,991.3,962.1,981.5,997.2,1012.3,1117.6,1180.5,1239.9,1313.8,1413.0,1066.3,1023.2,980.6,947.2,1002.3,1004.5,1023.4,1070.4,1115.6,1020.6,1037.2,1060.9,1089.2,1053.6,1032.2,1284.5,1346.2,1390.0,1433.6,1382.7,1340.4,1068.1,1040.8,1057.9,1090.9,1151.2,1233.7,1338.9,1205.6,1103.4,1037.7,1003.4,1017.8,1061.4,1053.7,1087.3,1151.1,1294.4,1124.2,1059.9,1034.7,328.6,431.3,523.0,618.0,736.5,889.3,1055.5,1225.6,1312.4,1328.6,1273.5,1206.3,1138.6,1070.5,991.7,901.5,811.5,349.1,385.4,474.9,572.8,676.8,717.5,713.3,729.8,743.6,793.4,714.2,819.6,925.1,1031.3,891.4,966.1,1029.9,1034.4,1029.2,460.4,485.2,513.5,561.2,535.5,506.7,723.7,741.7,769.3,795.7,781.0,754.9,897.7,966.5,1014.8,1054.8,1066.5,1083.0,1104.9,1116.9,1122.2,1103.9,1070.4,1008.8,927.7,1035.0,1071.7,1086.9,1097.9,1068.9,1054.8,1018.8,0.00,0.00,0.67,0.00,0.63,0.91,0.47,1.33,0.04,2.08,0.00,1.80,0.03,1.88,0.01,1.57,0.00,0.00,0.00,1.00,0.00,0.00,1.00,1.00,1.00,0.00,1.00,0.00,1.00,0.00,0.00,0.00,1.00,0.00,0.00
263,0,8.733,0.82,1,-0.397037,0.768624,-0.501577,-0.881766,0.298674,-0.365078,-0.975,0.889,1040.6,1061.1,1084.8,1097.9,1092.7,1073.6,1048.5,1035.4,1017.2,1020.3,1028.5,1042.1,1059.6,1075.3,1086.8,1072.1,1056.8,1041.3,1030.3,1024.0,1052.0,1058.8,1071.9,1083.6,1087.0,1080.2,1067.1,1055.4,1273.5,1296.4,1337.8,1373.4,1382.5,1359.7,1318.3,1279.2,1273.7,1305.3,1340.5,1371.6,1396.2,1416.9,1435.0,1418.5,1395.7,1366.1,1331.0,1296.6,1305.4,1322.4,1342.0,1352.8,1348.4,1331.5,1311.8,1301.0,501.3,494.3,507.5,533.2,556.2,564.7,550.0,524.3,453.6,466.0,479.1,495.7,514.7,533.7,557.1,540.1,526.3,509.7,490.0,473.2,523.6,538.2,545.6,541.6,528.5,513.9,506.5,510.5,738.3,710.9,707.1,729.0,763.9,791.3,795.1,776.1,727.7,732.0,741.1,754.2,766.2,781.7,796.6,793.0,781.9,768.0,754.9,743.5,766.0,776.6,774.8,761.7,745.0,734.4,736.2,749.3,69.4,71.1,74.3,77.3,78.4,77.2,73.2,70.2,68.1,67.0,66.8,67.6,69.9,72.8,75.8,72.7,70.0,67.8,66.9,67.3,72.6,74.2,76.0,77.1,76.7,75.2,73.4,72.3,76.8,81.6,87.7,91.3,90.2,85.1,79.3,75.5,77.1,80.4,84.6,88.9,93.1,97.8,102.6,97.2,91.5,86.1,81.7,78.3,80.2,81.9,84.8,87.2,87.7,85.9,83.0,80.7,24.5,22.7,24.6,29.2,34.0,36.4,34.1,29.2,16.9,18.7,20.5,22.8,25.8,29.1,33.5,30.3,27.9,25.3,22.3,19.8,28.9,31.6,32.7,31.5,28.9,26.3,25.2,26.2,45.8,43.6,43.6,45.9,49.0,51.0,50.8,49.2,44.7,44.9,46.1,47.9,50.0,53.1,56.3,54.1,51.1,48.4,46.7,45.8,49.0,50.0,50.1,49.1,47.6,46.5,46.5,47.5,151.5,147.7,146.2,147.7,151.5,155.8,156.9,155.3,157.9,154.1,150.4,147.1,145.8,146.4,148.5,147.3,146.9,147.8,150.1,153.3,154.3,155.0,154.0,152.0,150.1,149.4,150.4,152.4,106.0,108.8,110.0,108.9,106.2,103.5,102.3,103.4,106.5,105.7,105.7,106.4,107.7,110.2,112.9,109.3,106.0,103.7,103.4,104.4,105.5,105.0,105.6,107.0,108.3,108.7,108.1,106.8,105.0,99.3,177.3,1.231,1.180,-1.156,1196.2,1241.1,1291.5,1315.6,1326.2,1287.0,1216.0,1150.2,1202.5,1353.3,1549.7,1699.5,1773.0,1748.8,1692.7,1660.8,1626.3,974.8,946.6,968.0,985.3,1000.5,1112.6,1176.1,1238.2,1314.0,1416.6,1059.2,1018.6,977.9,946.0,998.0,1004.0,1025.4,1071.6,1117.3,1012.6,1031.0,1056.8,1086.2,1050.6,1027.9,1282.9,1345.2,1391.5,1437.3,1386.2,1341.4,1062.9,1036.1,1055.4,1090.1,1151.6,1235.0,1335.1,1206.7,1106.7,1039.4,1002.8,1015.0,1055.9,1051.1,1087.2,1151.6,1288.8,1125.4,1059.6,1032.2,320.7,424.3,515.2,611.7,731.9,888.4,1058.0,1229.0,1315.2,1328.9,1272.5,1205.8,1138.4,1072.9,994.0,901.9,810.5,343.5,379.7,470.6,569.3,673.0,721.5,715.2,730.2,743.9,793.3,714.0,820.3,927.1,1034.0,894.1,967.9,1030.4,1035.0,1030.2,454.1,477.9,506.7,555.3,531.2,501.2,724.0,740.3,767.7,794.4,782.0,756.1,904.2,970.7,1016.1,1056.8,1069.0,1085.0,1107.9,1117.1,1123.1,1104.4,1069.8,1010.4,934.7,1036.8,1074.2,1089.9,1101.0,1070.6,1056.0,1018.5,0.00,0.00,0.47,0.00,0.37,0.55,0.36,0.83,0.00,1.35,0.00,1.18,0.00,1.23,0.01,1.05,0.00,0.00,0.00,1.00,0.00,0.00,1.00,1.00,1.00,0.00,1.00,0.00,1.00,0.00,0.00,0.00,1.00,0.00,0.00
264,0,8.767,0.03,0,0.000000,0.000000,0.000000,0.000000,0.000000,0.000000,0.000,0.000,1047.3,1069.0,1091.7,1101.8,1093.6,1072.6,1049.2,1039.1,1019.6,1024.3,1034.9,1049.2,1064.8,1077.8,1086.3,1071.9,1058.0,1044.3,1032.7,1025.4,1055.3,1060.5,1072.6,1084.4,1089.1,1083.9,1071.9,1060.0,1282.1,1303.3,1342.6,1377.1,1386.6,1365.5,1326.1,1288.5,1282.0,1312.0,1345.5,1374.7,1399.2,1419.9,1438.2,1421.2,1398.2,1369.3,1334.1,1300.4,1314.1,1329.9,1348.0,1357.8,1353.4,1337.6,1319.5,1309.8,501.0,493.3,504.2,527.4,549.2,558.5,546.0,522.8,454.5,466.8,479.5,496.4,515.7,534.0,555.7,540.2,526.7,511.5,492.9,475.8,521.7,534.3,540.3,536.2,524.4,511.8,505.8,509.8,746.2,721.4,716.2,733.8,763.7,788.5,793.7,779.2,724.9,730.0,740.8,755.2,769.0,784.9,802.2,794.6,779.8,762.5,748.0,738.3,769.4,777.6,775.4,764.0,750.1,741.9,744.2,755.6,73.7,76.4,80.0,82.5,82.6,80.3,76.2,73.6,71.8,70.7,71.0,72.0,74.4,77.4,80.2,76.9,74.1,72.1,70.8,70.8,76.4,77.7,79.6,81.1,81.2,80.0,78.1,76.6,83.0,88.1,94.2,97.6,96.2,90.9,85.1,81.6,84.8,87.9,91.8,95.6,99.4,103.7,107.9,102.7,97.2,92.0,87.9,85.0,86.5,88.0,90.7,93.1,93.8,92.2,89.4,87.0,25.5,23.7,25.5,29.9,34.4,36.9,34.6,30.0,17.9,19.7,21.5,24.0,27.3,30.8,35.1,32.1,29.6,27.0,24.0,21.3,29.7,32.2,33.2,32.2,29.7,27.4,26.3,27.3,49.9,48.0,47.7,49.5,52.0,53.7,53.8,52.7,48.2,48.4,49.5,51.4,53.6,56.5,59.8,57.1,53.8,50.8,49.1,48.7,52.5,53.3,53.2,52.4,51.3,50.5,50.5,51.4,158.4,155.7,154.9,156.4,159.3,162.5,162.8,161.4,165.4,161.0,157.3,154.0,153.3,154.7,157.1,155.8,155.2,155.9,157.7,160.7,161.0,161.6,161.1,159.7,158.3,157.7,158.2,159.5,113.2,116.2,117.3,115.8,112.7,109.7,108.6,110.1,115.6,114.4,113.8,113.9,114.6,116.3,118.2,115.0,112.2,110.4,110.8,112.7,112.3,111.6,112.1,113.5,115.0,115.6,115.1,113.7,106.1,100.3,178.6,1.292,1.175,-1.228,1191.9,1239.8,1299.1,1330.7,1347.2,1307.1,1231.7,1159.8,1206.2,1356.1,1552.3,1704.2,1776.3,1750.7,1695.2,1668.1,1639.0,980.7,945.9,965.4,984.3,999.3,1112.9,1169.1,1227.8,1303.7,1411.4,1053.0,1015.3,977.3,947.8,1000.8,1004.8,1025.8,1072.5,1118.1,1017.1,1035.3,1061.3,1086.9,1053.8,1031.6,1285.3,1349.5,1395.3,1439.2,1389.9,1345.2,1065.8,1038.8,1058.0,1092.9,1157.4,1237.6,1328.8,1207.3,1111.7,1043.3,1005.5,1018.1,1055.7,1052.7,1089.7,1156.1,1283.9,1127.9,1060.9,1033.3,311.0,417.9,509.8,607.8,732.6,893.2,1065.2,1233.7,1317.4,1330.8,1273.2,1204.6,1138.6,1075.9,999.3,906.6,812.9,349.6,385.3,480.6,580.9,686.2,725.4,717.6,730.1,740.3,791.2,712.7,819.7,927.4,1035.1,891.5,967.3,1031.4,1035.9,1031.0,454.0,480.8,507.4,554.4,529.4,501.0,723.1,741.7,768.7,793.9,781.0,755.0,909.4,971.4,1014.4,1056.5,1068.5,1086.3,1114.6,1118.8,1124.8,1105.8,1070.1,1012.6,941.7,1036.1,1075.2,1091.5,1107.2,1070.2,1055.6,1016.7,0.00,0.00,0.47,0.00,0.35,0.40,0.53,0.67,0.00,1.26,0.00,1.04,0.00,0.84,0.10,1.13,0.00,0.00,0.00,1.00,0.00,0.00,1.00,1.00,1.00,0.00,1.00,0.00,1.00,0.00,0.00,0.00,1.00,0.00,0.00
265,0,8.800,0.82,1,-0.245053,0.731223,-0.636602,-0.841152,0.309858,-0.443229,-0.788,0.767,1000.4,1021.5,1046.7,1061.3,1056.7,1036.6,1010.4,995.8,964.3,965.0,973.9,986.6,1003.2,1017.6,1026.6,1005.3,987.3,974.7,964.2,959.8,1015.8,1022.1,1033.0,1042.1,1044.0,1037.7,1026.8,1017.7,1282.2,1306.5,1347.1,1380.1,1386.2,1361.8,1321.2,1284.9,1275.6,1298.9,1329.7,1361.8,1390.5,1415.2,1437.3,1418.0,1392.4,1363.8,1327.2,1292.3,1312.7,1327.6,1346.0,1357.1,1354.4,1339.4,1321.0,1309.9,493.2,483.9,491.9,512.4,533.6,544.1,534.9,514.3,433.8,445.0,459.5,480.9,504.7,525.0,547.0,534.7,521.8,507.4,487.5,464.4,511.1,519.9,523.3,519.3,510.2,501.4,498.0,502.0,751.1,729.3,727.8,747.4,776.6,798.3,799.9,783.1,731.4,739.6,749.8,764.0,777.3,791.5,812.5,808.5,795.9,778.9,762.3,749.9,776.5,785.5,784.8,774.9,761.6,752.6,753.3,763.2,55.7,58.0,61.6,64.6,65.2,63.2,59.1,56.1,54.0,52.0,51.6,52.0,54.4,57.6,60.5,57.2,54.5,53.0,51.9,52.0,59.1,60.4,62.0,63.0,62.7,61.4,59.8,58.9,80.9,86.3,92.2,94.9,92.7,87.2,81.7,78.8,82.2,83.4,86.0,89.5,93.6,98.2,103.2,97.9,92.7,87.9,84.0,81.6,83.7,84.9,87.5,90.0,90.9,89.7,87.1,84.6,20.6,18.8,20.0,23.4,27.1,29.4,27.9,24.3,12.3,13.6,15.4,18.1,21.7,25.2,29.3,27.3,25.4,23.3,20.4,17.0,23.7,25.3,25.8,24.9,23.3,21.8,21.4,22.1,49.3,47.8,47.9,49.7,51.8,53.0,52.7,51.7,48.1,48.1,48.6,50.1,52.1,54.7,58.6,56.4,53.7,50.9,49.2,48.7,51.9,52.6,52.6,52.1,51.1,50.4,50.3,50.9,135.3,133.0,132.5,134.1,136.8,139.5,139.6,138.0,145.7,140.0,135.3,131.3,131.0,133.5,137.0,136.9,137.2,138.4,140.0,142.4,137.5,138.2,138.0,137.1,135.9,135.2,135.4,136.4,110.3,113.3,114.1,112.2,108.7,105.7,104.9,106.9,113.2,110.8,109.1,108.5,109.2,110.9,113.3,110.1,107.8,106.3,106.9,109.4,108.9,108.1,108.4,109.8,111.4,112.2,111.9,110.5,96.6,92.8,166.0,1.314,1.125,-1.225,1165.9,1238.4,1314.4,1350.5,1354.4,1307.8,1230.4,1165.3,1219.7,1376.4,1573.1,1727.5,1791.9,1758.4,1700.7,1664.4,1622.7,909.6,893.7,926.8,949.9,971.4,1121.0,1184.4,1244.0,1312.9,1410.3,1056.8,1017.5,979.9,950.1,997.2,1003.6,1025.2,1065.3,1104.8,953.9,969.3,998.7,1035.9,994.1,966.9,1279.2,1337.5,1385.1,1436.8,1382.7,1335.5,1039.2,1037.9,1060.4,1097.7,1164.1,1242.2,1332.0,1211.2,1118.7,1048.7,1007.3,1007.5,1034.7,1058.7,1098.7,1169.0,1285.0,1136.0,1066.5,1035.1,220.7,339.2,451.8,572.8,727.1,908.1,1083.0,1241.7,1322.0,1335.4,1274.7,1211.0,1151.4,1089.5,1010.1,916.4,824.5,285.0,330.3,423.6,528.9,641.1,711.9,713.8,729.2,740.6,783.0,714.7,823.6,932.7,1042.7,910.7,983.4,1045.1,1056.0,1053.0,431.6,464.3,499.2,549.4,524.1,487.4,730.1,747.5,778.9,807.3,796.0,767.2,911.1,981.3,1032.6,1073.9,1083.6,1099.1,1119.6,1126.5,1131.8,1115.6,1082.4,1020.2,943.0,1057.5,1093.8,1107.0,1115.5,1077.7,1066.2,1031.9,0.00,0.00,0.53,0.00,0.37,0.10,0.56,0.56,0.00,1.31,0.00,0.99,0.00,0.52,0.22,1.23,0.00,0.00,0.00,1.00,0.00,0.00,1.00,1.00,0.00,0.00,1.00,0.00,1.00,0.00,0.00,0.00,1.00,0.00,0.00
266,0,8.833,0.82,1,-0.202945,0.754611,-0.623999,-0.862341,0.361847,-0.354168,-0.828,0.851,1010.3,1033.9,1057.1,1066.4,1056.3,1032.6,1009.5,1000.2,961.7,967.0,980.2,994.1,1008.0,1018.9,1026.3,1006.4,989.7,976.5,963.4,956.4,1019.6,1023.5,1032.9,1042.4,1046.4,1042.6,1033.1,1023.6,1275.2,1300.5,1342.1,1375.6,1381.4,1356.0,1314.4,1277.9,1284.2,1311.7,1344.1,1375.8,1403.5,1426.4,1445.7,1426.9,1401.8,1370.9,1333.5,1299.6,1305.5,1321.9,1342.3,1354.7,1351.9,1335.6,1315.2,1302.8,493.9,487.1,496.6,516.7,535.8,543.9,533.2,513.0,438.1,447.5,461.7,481.4,504.3,526.3,545.4,536.0,521.8,507.6,488.6,465.7,512.1,520.1,523.7,521.0,513.4,505.4,501.8,504.5,760.0,733.2,727.6,746.3,778.4,805.1,810.8,795.1,734.6,742.0,754.1,769.1,784.0,800.4,819.5,812.4,797.7,779.5,762.8,750.8,784.8,794.3,791.8,778.7,762.8,753.3,755.8,768.8,59.2,62.8,67.0,69.3,68.5,64.9,60.5,58.3,55.9,54.8,55.1,56.0,58.2,61.2,64.0,60.4,57.6,55.8,54.1,53.8,61.8,62.8,64.5,66.0,66.4,65.4,63.6,62.1,79.7,84.5,89.9,92.5,90.7,85.8,80.8,78.0,82.7,85.0,88.4,92.1,95.9,100.0,104.0,98.9,93.7,88.7,84.7,82.3,82.4,83.7,86.3,88.7,89.5,88.2,85.6,83.2,21.4,20.3,21.9,25.5,28.9,30.4,28.4,24.8,13.6,14.7,16.5,19.2,22.8,26.9,30.7,29.0,26.7,24.5,21.5,18.0,24.8,26.2,26.9,26.4,25.0,23.6,22.9,23.4,50.2,47.8,47.1,48.6,51.2,53.3,54.0,53.2,48.1,48.4,49.5,51.2,53.3,56.0,59.3,56.9,53.8,50.9,49.2,48.8,52.6,53.3,53.0,52.0,50.6,49.9,50.2,51.3,140.0,139.5,140.5,142.3,143.9,144.8,143.4,141.6,152.1,146.5,141.8,138.3,138.4,141.4,144.9,144.3,144.1,145.0,146.5,148.8,142.4,143.2,143.6,143.5,142.8,142.1,141.6,141.7,109.8,112.0,112.1,110.0,107.0,104.9,104.8,107.0,112.4,110.8,109.8,109.5,110.0,111.3,113.0,110.0,107.6,106.2,106.9,109.1,108.3,107.4,107.5,108.6,110.0,111.0,110.9,109.8,97.6,93.5,166.7,1.340,1.124,-1.250,1166.7,1241.8,1326.6,1370.7,1377.8,1328.0,1242.2,1171.6,1223.3,1380.3,1577.3,1733.8,1795.3,1757.7,1696.6,1662.4,1623.0,906.4,895.8,930.5,954.1,972.8,1118.4,1183.3,1241.2,1308.8,1409.7,1056.8,1018.0,980.9,951.9,996.7,1002.1,1024.1,1065.6,1106.3,958.1,974.0,1002.6,1035.8,995.6,969.3,1283.5,1349.7,1396.7,1447.9,1391.1,1343.7,1039.9,1038.1,1061.8,1099.3,1169.4,1248.5,1336.1,1213.4,1119.9,1046.2,1003.2,1007.0,1032.0,1056.3,1097.4,1170.8,1289.6,1138.1,1066.3,1034.4,222.8,340.5,450.7,571.3,727.6,911.6,1087.1,1242.5,1319.7,1333.2,1272.5,1207.7,1151.6,1095.0,1018.2,921.7,827.1,285.8,336.9,434.3,538.5,648.6,713.1,712.6,727.0,735.3,777.9,716.8,827.0,937.3,1048.2,907.2,983.7,1049.0,1061.0,1057.6,432.7,469.4,501.7,548.8,522.1,488.2,733.5,755.2,786.1,810.5,797.5,769.3,914.8,983.6,1032.3,1075.2,1084.7,1100.6,1123.1,1127.1,1132.1,1116.2,1081.8,1020.6,948.3,1057.6,1095.4,1108.8,1118.1,1078.6,1066.9,1031.0,0.00,0.00,0.78,0.00,0.50,0.19,0.71,0.85,0.00,2.04,0.00,1.57,0.00,0.90,0.33,1.96,0.02,0.00,0.00,1.00,0.00,0.00,1.00,1.00,0.00,0.00,1.00,0.00,1.00,0.00,0.00,0.00,1.00,0.00,0.00
267,0,8.867,0.82,1,-0.266676,0.801205,-0.535681,-0.902274,0.332738,-0.274204,-0.965,0.951,1009.2,1036.0,1058.8,1064.2,1049.0,1021.1,999.4,994.0,958.8,970.1,986.5,999.3,1015.3,1028.3,1036.4,1019.5,1002.7,986.9,971.2,961.1,1009.3,1012.1,1023.7,1037.4,1045.0,1042.2,1030.6,1016.9,1263.7,1288.9,1331.5,1366.6,1373.6,1348.5,1305.9,1267.6,1288.3,1322.5,1358.8,1386.4,1407.3,1426.7,1445.4,1426.2,1402.9,1374.2,1342.3,1310.0,1294.2,1312.4,1334.4,1347.5,1343.9,1325.7,1303.7,1290.6,496.1,489.2,503.7,530.9,555.0,563.7,547.4,520.1,453.1,465.6,478.7,489.6,504.3,528.0,549.0,543.4,531.7,518.4,498.3,475.9,521.3,535.1,542.4,538.9,526.7,512.9,505.6,509.1,749.3,718.3,712.6,735.5,773.6,804.6,810.3,790.1,731.0,747.7,764.3,781.7,793.3,804.5,811.2,809.4,800.2,785.7,769.2,752.7,777.8,790.1,787.3,771.0,750.7,738.4,741.2,757.5,61.9,67.0,72.0,73.8,71.3,66.0,61.1,59.5,55.5,56.5,58.3,60.0,62.8,65.8,68.5,64.9,61.5,58.5,56.2,55.2,63.0,63.8,66.3,68.9,70.2,69.3,66.8,64.2,76.3,80.2,85.5,88.8,88.2,84.2,79.2,75.7,79.1,82.2,86.3,90.4,94.7,99.9,105.9,99.5,93.6,88.1,83.7,80.4,79.6,81.4,84.1,86.3,86.5,84.7,81.9,79.7,22.8,21.9,24.7,29.7,34.0,35.3,31.9,26.9,16.2,18.1,20.0,21.7,24.1,28.5,32.6,31.4,29.1,26.7,23.5,19.9,27.5,30.0,31.5,31.0,28.9,26.3,24.9,25.4,47.6,44.3,43.6,45.9,49.7,52.8,53.5,51.9,45.3,46.7,48.5,51.1,53.5,56.4,59.3,56.9,54.0,51.1,48.8,47.1,50.8,52.1,51.8,50.1,48.0,46.7,47.0,48.7,146.7,148.0,150.3,152.2,152.6,151.5,148.9,147.0,152.3,149.8,147.3,146.2,146.4,148.2,151.1,149.7,148.4,147.7,148.5,150.3,149.2,150.1,151.1,151.8,151.6,150.8,149.7,149.1,107.0,108.2,108.1,106.9,105.2,104.0,104.0,105.5,106.8,105.4,105.0,106.0,108.0,111.1,115.0,110.8,107.4,105.0,104.3,104.9,106.4,105.9,106.0,106.7,107.6,108.1,107.9,107.2,100.3,95.7,169.9,1.372,1.127,-1.295,1183.3,1260.9,1349.5,1391.8,1391.4,1339.0,1250.4,1177.2,1231.7,1385.0,1580.2,1732.5,1791.4,1755.3,1693.2,1662.1,1625.4,922.6,903.9,932.9,956.1,974.7,1109.4,1179.4,1237.6,1306.2,1411.9,1053.0,1015.4,979.3,952.7,1000.3,1003.7,1023.9,1066.5,1106.3,965.0,983.4,1011.1,1039.9,1000.9,976.2,1285.4,1357.6,1403.7,1452.4,1394.9,1348.5,1041.6,1038.8,1065.1,1103.1,1174.5,1250.4,1339.9,1214.7,1120.2,1043.8,1001.2,1009.5,1032.9,1057.3,1099.8,1173.9,1292.9,1136.6,1063.7,1032.3,227.8,347.6,455.2,573.6,729.7,914.2,1091.3,1247.7,1319.3,1329.3,1268.2,1202.4,1148.3,1092.1,1015.4,918.2,822.2,299.4,349.3,449.6,554.7,667.3,712.7,713.0,730.7,740.1,786.2,722.1,831.1,940.1,1050.1,902.5,982.1,1051.1,1062.3,1059.8,443.9,483.3,511.1,554.3,528.1,498.1,734.3,761.0,792.1,813.2,796.9,768.8,920.1,988.4,1033.9,1079.0,1089.6,1107.3,1129.5,1128.7,1132.8,1116.7,1080.4,1021.4,954.1,1058.9,1099.1,1113.3,1123.0,1077.4,1065.0,1027.0,0.00,0.00,0.78,0.00,0.38,0.14,0.57,0.79,0.00,2.11,0.00,1.58,0.00,0.95,0.34,2.01,0.02,0.00,0.00,1.00,0.00,0.00,1.00,1.00,0.00,0.00,1.00,0.00,0.00,0.00,0.00,0.00,1.00,0.00,0.00
268,0,8.900,0.82,1,-0.243419,0.803642,-0.543054,-0.887746,0.339964,-0.310374,-0.924,0.930,1007.2,1033.8,1056.4,1061.7,1046.7,1019.0,997.5,992.2,957.3,968.0,984.8,998.5,1013.0,1023.7,1028.4,1014.5,999.0,983.0,967.5,957.9,1009.3,1011.7,1021.8,1033.8,1040.5,1038.1,1028.0,1016.0,1273.9,1297.2,1339.2,1375.2,1384.2,1360.9,1318.9,1279.7,1292.2,1325.8,1361.5,1390.5,1413.4,1433.8,1453.8,1434.5,1411.6,1383.7,1350.7,1316.6,1306.8,1324.1,1344.4,1355.6,1351.3,1333.9,1313.7,1302.4,499.9,490.5,500.4,523.8,547.0,557.6,546.4,523.1,448.3,459.4,475.8,489.4,505.7,528.1,546.2,543.0,532.4,518.4,495.8,470.2,520.4,530.9,535.4,531.2,520.9,510.4,505.9,510.1,756.6,725.3,717.7,738.2,774.9,806.2,813.8,796.4,732.6,747.7,763.9,782.0,794.7,804.7,813.6,808.5,798.2,784.2,768.1,753.1,782.6,792.9,789.4,774.2,756.3,746.1,749.6,764.7,60.2,65.1,70.2,72.6,70.7,65.6,60.5,58.3,53.2,54.6,56.9,59.1,62.0,64.8,66.9,63.8,60.4,57.0,54.3,53.0,62.1,63.1,65.4,67.7,68.5,67.5,65.2,63.0,77.7,82.0,87.6,91.1,90.3,85.8,80.4,76.8,79.7,82.5,86.2,90.2,94.7,99.8,106.1,99.8,94.0,88.6,84.2,81.0,81.2,82.9,85.6,87.8,88.1,86.4,83.7,81.5,23.0,21.6,23.7,28.2,32.5,34.2,31.5,27.0,14.8,16.6,19.1,21.4,24.2,28.4,32.1,31.2,29.0,26.3,22.5,18.4,27.0,29.0,30.0,29.4,27.5,25.5,24.5,25.1,48.6,45.6,44.8,46.9,50.3,53.1,53.8,52.4,45.5,46.7,48.3,50.7,53.2,55.9,59.2,56.3,53.4,50.5,48.4,47.0,51.5,52.5,52.2,50.8,49.1,48.1,48.4,49.8,143.5,144.6,147.6,150.6,152.0,151.4,148.0,144.9,146.7,145.8,144.4,144.4,145.5,147.8,150.7,149.2,147.1,145.3,145.0,145.9,147.2,148.6,149.9,150.4,149.7,148.4,147.1,146.6,107.2,109.2,109.7,108.4,106.1,104.2,103.7,105.1,107.0,105.3,104.5,105.2,107.1,110.0,114.1,109.9,106.6,104.2,103.7,104.7,106.6,106.0,106.3,107.3,108.4,109.0,108.7,107.7,99.3,95.3,169.1,1.345,1.123,-1.266,1173.1,1249.9,1334.5,1371.3,1365.1,1313.3,1230.1,1166.5,1231.6,1388.4,1583.4,1731.1,1791.1,1755.8,1693.5,1660.7,1617.2,920.5,901.0,931.2,956.6,980.0,1112.1,1181.0,1239.8,1310.8,1419.1,1049.9,1012.6,977.4,951.8,996.7,1005.5,1027.5,1068.9,1104.4,958.8,981.1,1009.1,1037.8,998.0,974.0,1289.2,1362.2,1410.6,1458.7,1402.8,1355.3,1034.7,1038.7,1066.3,1105.6,1174.8,1248.8,1341.0,1214.8,1121.5,1046.4,1003.0,1008.6,1028.0,1058.0,1102.2,1173.7,1293.2,1135.9,1064.2,1031.3,227.9,344.2,446.7,561.5,717.7,905.7,1087.4,1250.9,1322.9,1328.9,1266.5,1203.9,1150.1,1092.9,1014.3,918.3,827.1,292.1,341.8,446.1,557.6,677.4,714.0,713.0,731.4,740.7,785.6,729.0,835.7,942.4,1051.0,908.0,983.7,1049.7,1061.6,1060.9,441.8,480.8,508.5,551.2,526.4,495.3,735.2,762.4,793.0,814.3,797.1,769.1,921.0,991.3,1038.6,1081.0,1090.0,1110.5,1133.9,1131.7,1130.1,1115.2,1081.6,1022.8,955.2,1063.7,1101.1,1113.5,1126.8,1075.4,1064.7,1030.0,0.00,0.00,0.45,0.00,0.19,0.14,0.32,0.50,0.00,1.42,0.00,1.05,0.00,0.66,0.20,1.35,0.02,0.00,0.00,1.00,0.00,0.00,1.00,1.00,0.00,0.00,1.00,0.00,0.00,0.00,0.00,0.00,1.00,0.00,0.00
269,0,8.933,0.03,0,0.000000,0.000000,0.000000,0.000000,0.000000,0.000000,0.000,0.000,1009.0,1033.8,1056.8,1064.5,1052.5,1027.5,1004.6,996.9,973.1,983.8,997.9,1015.6,1032.7,1047.6,1058.8,1040.7,1023.4,1006.5,992.9,982.6,1014.1,1018.0,1029.5,1041.8,1047.9,1044.0,1032.5,1020.1,1279.6,1300.9,1342.2,1379.3,1390.4,1369.2,1327.9,1287.6,1291.1,1325.7,1362.4,1391.5,1415.2,1437.1,1459.3,1439.7,1415.7,1387.0,1352.5,1315.8,1314.0,1331.4,1350.8,1360.8,1355.6,1338.2,1318.8,1308.8,504.5,498.7,508.1,527.2,544.9,551.5,541.2,522.1,446.1,465.7,481.6,500.1,516.7,529.9,544.7,538.4,528.8,514.3,494.9,474.0,520.1,529.9,534.8,531.8,522.8,513.0,508.1,511.1,764.7,734.5,726.1,744.3,778.6,808.8,817.3,802.4,732.3,749.6,766.3,784.3,796.7,806.4,817.4,811.6,800.5,785.6,768.9,754.2,788.9,797.8,794.0,779.7,763.4,754.6,758.4,772.6,67.1,70.9,75.5,78.5,77.8,74.1,69.1,66.3,61.7,62.5,64.2,66.7,70.0,73.8,77.3,73.0,69.0,65.8,63.5,62.3,69.7,71.1,73.4,75.4,75.8,74.4,72.1,70.1,77.7,82.1,87.9,91.5,90.6,85.9,80.4,76.8,79.8,82.3,85.7,89.6,94.0,99.2,106.1,99.4,93.5,88.1,83.7,80.5,81.3,83.0,85.6,87.8,88.2,86.5,83.8,81.6,26.3,25.0,26.8,30.9,34.9,36.6,34.3,30.1,16.0,19.2,21.8,24.9,28.0,30.8,34.1,32.5,30.4,27.7,24.3,20.7,29.8,31.9,33.0,32.2,30.3,28.2,27.2,27.9,49.2,46.5,45.8,47.5,50.5,52.9,53.5,52.4,45.6,46.8,48.2,50.6,53.0,55.6,59.3,56.1,53.1,50.2,48.0,47.0,51.8,52.5,52.3,51.1,49.7,48.9,49.2,50.4,159.2,157.5,158.6,161.7,165.1,167.3,165.7,162.6,162.1,159.0,157.0,155.5,156.1,158.4,161.6,159.3,157.4,157.0,157.4,159.1,163.1,164.5,165.0,164.2,162.6,161.2,160.7,161.5,106.3,108.8,109.6,108.3,105.6,103.1,102.3,103.7,107.3,105.0,103.9,104.3,106.2,108.9,113.3,108.7,105.4,103.2,102.8,104.3,105.6,105.0,105.4,106.6,107.8,108.4,108.0,106.8,101.8,96.7,171.2,1.423,1.131,-1.348,1204.2,1283.5,1369.2,1406.7,1395.6,1334.8,1239.7,1172.6,1236.8,1390.9,1585.3,1732.6,1789.6,1753.1,1691.9,1658.1,1614.4,939.3,909.9,933.0,957.9,982.6,1103.9,1170.1,1233.4,1310.5,1423.5,1052.5,1012.9,975.6,948.0,1002.0,1009.7,1031.0,1071.7,1107.1,978.4,999.4,1026.9,1055.2,1017.3,993.1,1290.9,1365.5,1414.4,1463.1,1407.6,1358.8,1043.3,1041.8,1067.5,1107.1,1175.5,1247.2,1336.8,1212.3,1123.2,1048.0,1005.0,1012.4,1033.9,1061.8,1105.3,1176.9,1287.8,1136.8,1064.4,1032.6,231.7,346.7,448.4,563.7,721.6,911.8,1097.0,1258.0,1325.9,1329.8,1265.0,1201.1,1148.0,1092.8,1014.8,919.4,828.0,295.5,339.0,445.5,561.5,686.3,721.3,714.7,732.4,743.4,792.8,731.9,838.1,944.3,1052.2,908.3,983.5,1048.7,1060.6,1060.6,443.3,483.4,511.0,553.2,528.6,497.9,735.9,764.2,794.9,814.8,798.5,770.6,925.2,995.0,1040.3,1083.3,1092.6,1113.2,1135.1,1132.8,1131.3,1116.0,1081.1,1023.6,959.3,1064.7,1103.2,1115.7,1127.1,1075.2,1064.5,1028.4,0.00,0.00,0.30,0.00,0.16,0.04,0.39,0.31,0.00,1.36,0.00,0.84,0.00,0.42,0.14,1.13,0.00,0.00,0.00,1.00,0.00,0.00,1.00,0.00,0.00,0.00,1.00,0.00,0.00,0.00,0.00,0.00,1.00,0.00,0.00
270,0,8.967,0.82,1,-0.199289,0.741592,-0.640567,-0.839647,0.357012,-0.409311,-0.780,0.808,979.3,1004.0,1033.5,1050.4,1044.9,1021.1,990.7,973.7,937.1,943.6,954.3,972.1,992.5,1007.5,1015.1,997.3,976.7,957.7,946.3,941.0,997.1,1004.3,1016.8,1027.1,1029.4,1022.2,1009.8,999.4,1294.5,1317.5,1358.1,1392.6,1400.8,1377.9,1337.3,1299.4,1294.2,1324.1,1357.3,1388.0,1414.9,1438.2,1461.1,1439.4,1414.4,1385.8,1351.1,1315.5,1325.9,1342.1,1361.2,1372.0,1368.1,1351.9,1332.8,1322.0,498.6,486.5,494.9,518.9,544.4,557.8,548.0,524.1,449.1,458.2,472.4,490.1,510.1,529.8,551.0,540.7,529.4,513.6,492.1,470.3,519.6,529.6,533.1,527.9,517.3,507.3,503.8,508.9,769.7,742.0,737.0,757.6,791.7,819.4,824.4,807.0,738.6,749.9,763.1,779.4,793.9,806.2,824.4,821.0,811.3,797.1,779.1,762.9,796.0,805.8,803.6,790.6,774.5,764.7,766.9,779.9,52.9,55.7,60.1,63.5,64.1,61.6,56.6,53.2,48.6,48.6,49.3,51.1,54.0,56.6,58.7,55.8,52.5,49.9,48.6,48.5,56.7,58.2,60.1,61.3,61.1,59.6,57.7,56.5,79.6,84.4,90.2,93.5,92.1,87.1,81.6,78.2,80.7,82.8,85.8,89.5,93.9,98.7,104.8,98.1,92.4,87.2,83.2,80.6,82.9,84.3,87.0,89.4,90.0,88.4,85.7,83.4,21.6,19.4,20.6,24.6,29.2,32.0,30.4,26.1,14.6,15.7,17.6,20.0,23.0,26.2,29.9,28.2,26.4,24.1,21.0,17.8,25.3,27.1,27.6,26.6,24.7,23.0,22.5,23.4,49.8,47.6,47.4,49.4,52.3,54.2,54.3,53.0,46.7,47.2,48.2,50.2,52.6,55.2,59.3,56.6,53.8,51.1,49.0,48.1,52.7,53.6,53.5,52.6,51.2,50.3,50.3,51.3,136.4,133.9,133.6,135.5,138.5,141.4,141.3,139.4,143.1,140.1,137.2,134.7,134.1,134.9,136.8,136.7,136.5,137.3,138.9,141.1,139.0,139.8,139.7,138.6,137.3,136.5,136.7,137.7,106.4,109.0,110.0,108.7,105.9,103.3,102.4,103.8,107.9,105.9,104.6,104.7,106.1,108.2,111.7,107.4,104.4,102.3,102.4,104.4,105.7,105.1,105.6,106.8,108.1,108.7,108.2,107.0,92.7,90.9,161.8,1.204,1.089,-1.087,1120.7,1189.3,1259.3,1288.6,1285.7,1250.9,1196.3,1155.0,1229.1,1387.4,1582.7,1732.1,1790.5,1753.9,1695.2,1659.8,1615.3,866.0,864.2,904.8,938.8,975.1,1121.9,1188.3,1247.3,1319.1,1420.7,1059.1,1022.8,988.7,962.2,997.3,1013.3,1037.9,1078.4,1116.2,928.9,953.0,987.4,1023.6,977.7,947.6,1291.8,1360.8,1412.8,1463.7,1407.7,1356.5,1018.5,1029.7,1061.3,1103.4,1169.6,1246.6,1353.2,1215.1,1115.8,1043.3,998.7,994.9,1016.8,1053.6,1099.7,1168.7,1301.3,1136.8,1065.4,1029.0,192.1,305.4,410.2,528.1,689.1,886.1,1075.1,1251.0,1328.8,1334.8,1267.6,1199.7,1142.6,1086.8,1012.4,923.7,840.4,277.5,325.1,424.0,533.8,651.1,715.2,713.8,731.4,739.8,783.1,730.6,834.7,939.1,1045.7,916.5,987.2,1049.5,1062.9,1062.5,438.9,474.3,507.2,555.4,532.1,496.2,742.7,763.3,793.7,820.8,808.2,780.6,905.7,992.9,1048.3,1086.8,1094.7,1112.6,1127.8,1135.9,1134.6,1121.5,1092.1,1026.3,940.6,1073.8,1107.5,1117.8,1124.6,1081.9,1073.8,1043.2,0.00,0.00,0.22,0.00,0.16,0.00,0.36,0.21,0.00,1.35,0.00,0.73,0.00,0.35,0.04,1.02,0.00,0.00,0.00,1.00,0.00,0.00,1.00,0.00,0.00,0.00,1.00,0.00,0.00,0.00,0.00,0.00,1.00,0.00,0.00
271,0,9.000,0.82,1,-0.142176,0.727150,-0.671594,-0.856621,0.372500,-0.356993,-0.771,0.819,1000.1,1028.2,1053.3,1060.7,1046.1,1016.9,992.8,985.4,931.5,940.4,957.9,978.2,997.3,1011.5,1019.1,1007.1,991.1,972.1,953.5,939.8,1004.7,1007.9,1018.8,1031.0,1037.4,1034.2,1023.3,1011.0,1287.1,1309.7,1351.6,1388.3,1398.3,1375.7,1333.8,1293.7,1292.5,1327.5,1364.8,1395.7,1421.2,1444.5,1467.6,1446.7,1421.0,1390.9,1355.1,1316.9,1321.5,1338.2,1357.2,1367.5,1363.0,1346.3,1327.3,1317.0,502.1,490.1,497.7,520.4,544.9,558.0,549.3,526.6,449.3,461.3,478.0,495.3,513.4,533.9,551.8,544.7,533.6,518.4,495.5,471.1,521.6,531.4,534.7,529.5,518.8,509.0,505.7,510.9,773.0,741.1,733.4,754.4,791.8,823.7,831.4,813.7,737.0,754.4,770.4,787.2,799.9,810.7,823.5,822.1,813.2,799.3,781.5,764.2,799.0,808.6,805.2,790.6,773.6,763.9,767.3,781.9,54.6,59.1,64.2,66.9,65.5,60.8,55.6,53.2,45.3,46.2,48.4,51.4,54.8,57.8,60.1,57.5,54.2,50.6,47.8,46.1,56.9,58.0,60.3,62.3,62.9,61.8,59.5,57.5,75.6,79.9,85.4,89.0,88.3,83.9,78.6,74.9,77.0,79.6,83.0,87.1,91.8,97.1,104.1,96.9,90.8,85.3,80.8,77.6,79.4,81.0,83.5,85.5,85.8,84.2,81.6,79.7,21.5,19.8,21.4,25.5,29.8,31.9,29.8,25.6,13.9,15.6,18.0,20.6,23.5,27.1,30.4,28.9,26.8,24.2,20.6,17.1,25.2,27.0,27.8,27.0,25.2,23.4,22.6,23.4,48.3,45.4,44.8,46.9,50.3,52.9,53.4,52.0,44.5,45.6,47.0,49.2,51.7,54.4,58.3,55.5,52.7,49.9,47.6,46.3,51.2,52.1,51.8,50.6,49.1,48.1,48.4,49.6,132.6,133.2,135.9,139.2,141.2,141.1,138.0,134.6,135.8,134.6,133.3,133.0,134.2,136.2,138.7,137.0,135.0,133.5,133.3,134.6,136.6,138.0,139.2,139.4,138.6,137.1,135.9,135.7,102.3,104.3,105.1,104.0,101.9,99.8,99.1,100.3,103.3,101.3,100.2,100.8,102.8,105.6,110.0,105.2,101.7,99.4,98.9,100.3,102.0,101.5,101.9,102.8,103.8,104.2,103.9,103.0,93.6,91.7,162.6,1.201,1.091,-1.087,1123.0,1190.1,1259.6,1288.1,1286.1,1251.3,1198.1,1157.9,1232.5,1389.2,1582.1,1731.6,1789.9,1752.5,1692.1,1659.3,1616.1,872.1,867.7,906.0,941.0,978.7,1106.8,1175.6,1236.5,1315.1,1425.3,1055.2,1021.9,990.8,967.9,997.6,1015.5,1040.7,1084.1,1123.8,935.1,960.5,994.1,1027.6,983.7,955.1,1292.0,1366.6,1419.6,1469.9,1412.8,1360.9,1021.0,1029.7,1063.1,1105.9,1171.8,1247.9,1359.6,1216.3,1114.5,1041.4,996.6,996.5,1019.8,1053.1,1100.0,1167.7,1305.5,1136.1,1064.9,1028.4,200.1,314.7,417.2,531.3,688.2,884.4,1073.1,1253.7,1331.1,1334.5,1269.2,1200.8,1145.0,1090.3,1015.6,924.7,841.0,284.3,329.8,433.8,547.0,668.4,716.2,712.1,730.7,738.1,784.9,736.2,838.7,941.2,1046.1,912.0,985.5,1050.8,1062.9,1062.2,443.2,479.7,510.7,557.4,534.1,499.7,746.4,768.2,797.5,822.7,808.9,782.5,909.3,996.0,1048.4,1087.1,1094.8,1114.0,1131.0,1137.1,1136.9,1124.2,1095.6,1030.9,944.4,1075.4,1109.2,1119.6,1126.5,1082.6,1074.7,1044.0,0.00,0.00,0.36,0.00,0.20,0.02,0.49,0.31,0.00,2.04,0.00,1.14,0.00,0.60,0.06,1.53,0.00,0.00,0.00,1.00,0.00,0.00,1.00,0.00,0.00,0.00,1.00,0.00,0.00,0.00,0.00,0.00,1.00,0.00,0.00
272,0,9.033,0.82,1,-0.221344,0.629415,-0.744879,-0.860410,0.377129,-0.342736,-0.783,0.747,998.8,1025.3,1050.3,1059.4,1047.2,1020.6,995.7,986.6,936.7,942.3,958.8,980.2,999.5,1016.7,1032.8,1011.0,991.4,973.1,955.1,942.5,1005.4,1009.7,1021.8,1034.4,1040.3,1036.0,1023.9,1011.3,1288.5,1311.3,1353.4,1390.1,1399.9,1377.1,1335.0,1295.0,1296.2,1331.7,1368.7,1399.3,1424.5,1447.5,1470.9,1448.8,1423.1,1392.9,1358.3,1321.4,1321.9,1339.5,1359.6,1370.6,1365.9,1348.3,1328.2,1317.2,494.0,483.3,494.6,521.0,547.3,560.8,546.7,520.2,468.0,472.2,478.9,492.1,513.5,537.2,560.5,544.9,527.8,513.7,497.1,483.4,520.5,533.1,538.4,533.4,520.8,508.2,502.8,507.9,777.0,745.2,737.2,757.8,794.9,826.7,834.7,817.4,744.3,758.5,773.0,789.5,802.5,814.0,827.4,824.4,815.6,802.5,785.6,769.3,803.4,813.5,809.9,794.6,776.6,766.5,770.2,785.4,52.7,56.5,60.2,61.7,60.0,56.3,52.5,51.0,47.6,46.5,47.6,49.1,51.3,54.2,57.1,53.6,50.7,48.6,46.9,46.3,54.1,54.8,56.6,58.4,59.2,58.6,56.8,55.0,76.1,80.4,85.9,89.4,88.5,84.1,78.7,75.2,77.3,80.0,83.4,87.4,92.0,97.2,104.1,96.8,90.8,85.4,81.1,78.1,79.5,81.2,83.8,86.0,86.3,84.7,82.0,79.9,19.7,18.1,19.7,23.7,27.6,29.7,27.5,23.6,17.3,17.3,17.7,19.1,21.9,25.5,29.1,26.7,24.2,22.4,20.4,18.9,23.8,25.7,26.4,25.7,23.8,21.9,21.1,21.9,48.9,46.1,45.4,47.4,50.7,53.2,53.8,52.5,45.3,46.1,47.3,49.4,51.9,54.6,58.6,55.6,52.8,50.2,48.1,46.9,51.7,52.6,52.4,51.1,49.6,48.6,48.9,50.2,128.5,128.3,128.4,128.7,129.0,129.4,129.1,128.8,140.3,134.7,130.5,126.2,124.8,125.9,127.2,126.3,126.2,127.7,130.1,133.9,129.6,129.7,129.6,129.6,129.5,129.4,129.4,129.5,102.6,104.7,105.4,104.3,101.9,99.8,99.1,100.4,103.1,101.2,100.2,100.7,102.6,105.3,109.6,104.8,101.4,99.2,98.8,100.2,102.1,101.6,101.9,103.0,104.1,104.6,104.2,103.2,94.3,92.3,163.3,1.193,1.095,-1.078,1129.4,1194.0,1260.7,1287.4,1285.8,1250.9,1197.7,1156.8,1231.3,1389.5,1583.7,1733.1,1790.5,1751.4,1690.1,1658.7,1618.6,879.5,873.2,908.7,942.1,978.5,1109.2,1178.8,1239.1,1316.3,1425.3,1056.4,1023.3,991.9,968.7,998.9,1017.6,1042.9,1086.4,1126.7,939.5,964.6,998.2,1031.4,988.4,959.8,1294.1,1369.2,1422.6,1473.4,1416.0,1363.7,1023.3,1031.4,1065.6,1108.5,1174.0,1250.7,1363.1,1216.8,1112.6,1039.5,994.9,995.9,1022.2,1053.3,1100.4,1167.4,1308.0,1136.4,1065.4,1029.0,207.0,320.9,421.8,534.5,688.6,882.3,1071.0,1252.9,1332.0,1336.0,1271.2,1203.0,1146.1,1091.1,1017.2,927.2,843.1,289.9,331.7,433.2,545.0,665.4,715.2,711.1,730.4,738.4,785.7,736.5,838.6,940.8,1045.2,911.5,985.3,1051.1,1062.8,1061.5,448.7,483.5,514.1,560.7,538.0,504.2,749.9,771.6,800.9,825.9,812.5,786.2,912.6,998.0,1049.1,1087.4,1095.2,1114.1,1131.8,1137.8,1137.5,1125.1,1096.9,1033.9,946.9,1076.1,1109.6,1120.0,1127.4,1084.5,1076.7,1046.0,0.00,0.00,0.31,0.00,0.10,0.02,0.38,0.33,0.00,2.10,0.00,1.21,0.00,0.75,0.02,1.49,0.00,0.00,0.00,1.00,0.00,0.00,1.00,0.00,0.00,0.00,1.00,0.00,0.00,0.00,0.00,0.00,1.00,0.00,0.00
273,0,9.067,0.82,1,-0.224572,0.682006,-0.696014,-0.866212,0.366323,-0.339829,-0.811,0.791,1007.0,1036.0,1063.6,1073.6,1060.0,1030.6,1003.4,993.5,942.4,952.8,972.4,995.7,1016.5,1039.2,1062.9,1033.1,1003.7,977.1,954.8,942.7,1013.7,1018.5,1031.7,1045.6,1052.0,1047.2,1034.0,1020.1,1296.4,1318.1,1360.1,1397.8,1409.2,1387.5,1345.5,1304.2,1296.3,1335.5,1375.4,1407.3,1432.8,1456.1,1478.8,1457.8,1432.1,1400.7,1365.5,1326.3,1330.7,1348.5,1368.3,1378.5,1373.1,1355.3,1335.5,1325.3,495.9,485.9,499.7,529.1,557.0,569.8,553.2,523.8,456.6,466.5,476.3,491.5,510.9,534.0,555.8,556.2,542.4,527.8,506.7,484.4,524.6,538.7,545.1,540.2,526.8,512.8,506.3,511.2,780.8,749.1,741.6,762.7,800.0,831.7,839.3,821.7,752.3,766.5,779.5,795.1,808.9,821.6,836.1,829.7,819.2,806.0,789.9,775.4,807.9,818.0,814.6,799.7,782.0,771.8,775.3,790.2,49.0,52.9,56.8,58.6,57.1,53.3,49.2,47.5,44.3,44.3,45.9,47.9,50.2,53.5,57.3,52.6,48.3,45.2,42.9,42.5,50.6,51.4,53.3,55.2,55.9,55.1,53.2,51.4,73.5,77.8,83.6,87.1,86.3,81.8,76.3,72.6,73.6,76.5,80.1,84.2,89.0,94.5,101.8,94.2,87.9,82.4,78.1,74.8,77.0,78.7,81.3,83.5,83.8,82.1,79.4,77.3,18.1,16.8,18.7,22.9,26.8,28.6,26.1,22.0,14.2,15.1,16.1,17.7,20.1,23.3,26.5,26.3,24.2,22.5,20.0,17.5,22.3,24.3,25.2,24.5,22.6,20.7,19.8,20.4,47.1,44.7,44.3,46.3,49.4,51.6,51.8,50.4,44.0,44.7,45.7,47.7,50.4,53.4,57.8,54.1,51.0,48.3,46.3,45.3,49.9,50.9,50.8,49.7,48.2,47.3,47.4,48.5,116.9,116.8,117.4,118.2,118.9,119.3,118.4,117.5,128.2,124.0,120.9,117.8,116.7,117.4,118.5,117.1,116.3,117.2,119.3,122.9,118.6,118.9,119.1,119.1,118.8,118.5,118.2,118.3,97.9,100.4,101.5,100.6,98.2,95.7,94.6,95.6,98.2,96.3,95.3,96.0,98.3,101.3,106.2,100.8,97.1,94.8,94.2,95.4,97.6,97.2,97.7,98.9,100.1,100.5,99.9,98.7,96.0,93.4,165.0,1.187,1.105,-1.073,1137.2,1197.3,1260.0,1284.4,1284.7,1250.3,1197.1,1156.9,1232.7,1390.8,1586.3,1734.2,1789.6,1748.5,1687.8,1659.5,1624.0,886.8,881.0,915.9,948.7,984.6,1114.4,1184.1,1244.5,1320.7,1427.9,1060.7,1027.0,993.8,968.8,1002.2,1022.6,1047.9,1090.7,1131.8,950.7,976.0,1011.3,1045.0,1001.5,971.9,1300.2,1375.3,1430.7,1482.7,1424.4,1370.3,1029.2,1033.5,1067.8,1111.5,1175.9,1253.2,1366.6,1216.1,1110.1,1037.6,993.4,996.8,1028.0,1054.4,1101.8,1167.8,1309.2,1135.6,1065.1,1028.6,213.3,326.3,425.2,536.8,686.1,877.6,1068.4,1253.2,1333.6,1337.9,1274.2,1206.0,1147.5,1092.4,1019.9,931.8,847.4,293.2,332.6,432.8,544.3,665.1,720.5,713.5,732.3,740.2,789.7,737.0,838.0,939.8,1043.4,912.6,985.6,1051.1,1061.8,1060.4,449.7,482.7,514.2,563.8,542.0,507.3,754.6,775.1,804.8,831.8,820.8,793.7,912.3,1000.5,1051.2,1088.9,1096.8,1115.8,1133.5,1139.0,1138.6,1125.9,1097.7,1035.0,946.6,1078.3,1111.6,1121.6,1128.7,1086.1,1077.9,1046.9,0.00,0.00,0.21,0.00,0.04,0.02,0.27,0.29,0.00,2.11,0.00,1.27,0.00,0.78,0.01,1.33,0.00,0.00,0.00,1.00,0.00,0.00,1.00,0.00,0.00,0.00,1.00,0.00,0.00,0.00,0.00,0.00,1.00,0.00,0.00
274,0,9.100,0.82,1,-0.374720,0.503288,-0.778644,-0.844900,0.384284,-0.372115,-0.814,0.657,1006.6,1031.2,1058.0,1071.4,1063.4,1039.3,1011.9,998.6,964.2,972.3,990.1,1010.6,1030.3,1048.6,1063.8,1040.4,1016.1,994.3,972.8,960.9,1022.0,1027.0,1037.1,1046.3,1049.2,1044.2,1034.1,1024.9,1308.2,1329.2,1370.6,1408.1,1419.7,1398.7,1357.3,1316.1,1296.9,1336.8,1377.0,1410.0,1437.3,1462.3,1486.6,1465.2,1438.2,1406.2,1369.8,1327.8,1341.8,1359.4,1378.8,1388.7,1383.2,1365.7,1346.3,1336.4,496.9,483.8,491.9,516.5,543.1,558.9,548.1,523.5,477.6,474.2,477.3,489.9,513.7,541.9,567.7,561.9,546.0,531.4,515.0,497.6,521.1,530.2,533.3,528.6,518.8,509.7,506.6,511.3,788.6,756.9,750.1,772.2,810.2,842.0,848.8,830.2,751.9,767.1,779.7,794.4,808.6,821.7,839.9,835.8,826.8,814.3,796.8,780.2,816.6,827.2,824.1,809.2,791.3,780.7,783.8,798.7,51.6,54.8,58.3,60.1,59.2,56.2,52.5,50.6,50.5,49.9,50.6,51.8,54.1,57.1,59.9,56.3,52.9,50.5,48.4,48.2,54.0,54.7,56.1,57.3,57.7,56.9,55.5,54.3,72.7,77.0,82.7,86.4,85.6,81.1,75.6,71.8,72.2,74.9,78.3,82.4,87.5,93.0,100.8,92.6,86.1,80.6,76.2,73.0,76.2,77.9,80.5,82.7,83.0,81.2,78.5,76.5,19.3,17.3,18.4,21.8,25.6,28.0,26.5,23.1,18.3,17.1,16.9,18.2,21.3,25.4,29.4,28.4,26.2,24.4,22.6,20.7,22.8,24.1,24.5,23.8,22.4,21.1,20.7,21.4,46.6,44.3,44.2,46.3,49.4,51.5,51.5,49.9,43.0,43.8,44.6,46.5,49.2,52.2,57.1,53.4,50.4,47.8,45.6,44.6,49.6,50.6,50.6,49.6,48.1,47.1,47.1,48.2,123.1,122.5,122.0,122.0,122.3,123.2,123.4,123.5,136.3,131.3,126.4,122.4,121.2,122.2,123.7,123.1,123.1,124.7,127.4,131.4,123.7,123.7,123.6,123.4,123.3,123.2,123.3,123.5,95.1,97.7,99.1,98.4,96.1,93.5,92.2,92.9,96.1,94.1,92.9,93.6,96.0,99.0,104.1,98.2,94.4,92.1,91.4,92.8,95.0,94.7,95.4,96.6,97.7,98.0,97.3,96.1,98.2,95.7,168.2,1.198,1.113,-1.095,1150.4,1205.8,1260.4,1279.5,1282.4,1249.5,1196.8,1156.2,1235.0,1393.8,1591.7,1735.5,1787.3,1744.4,1686.3,1662.9,1632.2,899.7,887.2,918.2,952.1,990.5,1109.5,1174.9,1236.8,1317.6,1428.8,1061.6,1029.4,997.0,973.2,1003.8,1027.0,1054.1,1095.4,1134.7,962.0,988.5,1025.0,1056.6,1014.4,983.6,1302.6,1378.0,1436.1,1488.7,1431.3,1374.2,1034.2,1037.5,1071.4,1114.9,1178.0,1253.0,1365.0,1214.2,1108.8,1038.4,995.3,999.5,1033.1,1053.9,1100.6,1164.9,1306.9,1137.3,1067.4,1031.9,219.0,333.6,432.7,544.5,689.4,877.5,1069.6,1257.2,1335.6,1340.1,1277.6,1211.9,1151.2,1094.1,1021.3,934.1,849.2,300.4,334.4,437.5,552.1,676.5,721.2,710.9,731.1,740.4,795.4,739.1,839.3,940.2,1042.8,915.7,987.5,1051.7,1062.0,1061.1,457.7,486.9,518.5,571.1,550.5,515.6,759.0,776.6,805.6,834.9,826.0,799.6,916.5,1003.3,1052.8,1089.2,1096.4,1116.1,1136.4,1139.4,1136.6,1123.6,1096.2,1037.2,948.9,1079.0,1111.8,1120.9,1130.1,1086.3,1078.7,1047.9,0.00,0.00,0.11,0.00,0.00,0.00,0.19,0.23,0.00,2.07,0.00,1.25,0.00,0.73,0.00,1.15,0.13,0.00,0.00,1.00,0.00,0.00,1.00,0.00,0.00,0.00,1.00,0.00,0.00,0.00,0.00,0.00,0.00,0.00,0.00
275,0,9.133,0.82,1,-0.443129,0.492470,-0.749072,-0.834922,0.392043,-0.386275,-0.844,0.662,1012.0,1036.0,1061.7,1074.0,1065.8,1042.2,1016.0,1003.7,967.5,985.1,1006.6,1030.1,1050.8,1061.5,1062.7,1042.8,1023.7,1006.4,990.1,976.6,1026.8,1031.2,1040.6,1049.3,1052.4,1047.9,1038.5,1029.8,1313.6,1333.7,1375.0,1413.1,1425.8,1405.6,1364.4,1322.4,1297.6,1338.3,1379.3,1412.1,1439.1,1463.8,1487.7,1467.6,1441.5,1410.1,1373.2,1329.9,1347.2,1365.2,1384.6,1394.1,1388.2,1370.2,1350.8,1341.3,501.1,489.6,497.3,519.6,543.5,556.6,547.4,525.1,472.0,477.9,489.0,505.1,525.1,545.1,568.2,558.8,548.8,536.4,518.7,497.6,521.4,529.4,532.1,527.9,519.3,511.3,508.6,512.8,794.0,761.9,755.4,778.5,817.6,849.8,856.2,836.6,753.0,770.0,784.0,799.3,813.0,825.0,843.1,839.9,831.5,819.1,800.9,783.3,823.1,834.1,831.2,816.1,797.6,786.6,789.5,804.6,59.7,62.7,66.7,69.4,69.1,66.3,61.9,59.3,54.4,55.3,57.1,59.7,63.2,66.5,68.8,65.0,61.5,58.8,56.5,55.0,62.9,63.9,65.4,66.6,66.6,65.6,64.2,63.0,72.1,76.5,82.4,86.4,85.8,81.2,75.4,71.4,71.3,74.1,77.6,81.7,86.8,92.3,100.2,92.1,85.7,80.1,75.6,72.2,75.9,77.7,80.4,82.6,82.8,81.0,78.1,76.1,22.6,20.5,21.7,25.5,29.8,32.4,30.8,26.9,18.6,18.9,20.1,22.2,25.4,29.2,33.9,32.1,30.3,28.3,25.6,22.5,26.3,27.7,28.1,27.3,25.7,24.3,23.9,24.7,46.5,44.3,44.3,46.8,50.0,51.9,51.7,49.9,42.6,43.5,44.5,46.5,49.2,52.1,57.1,53.4,50.4,47.8,45.5,44.3,49.7,50.8,50.9,49.9,48.4,47.3,47.2,48.2,140.3,138.6,138.4,139.8,142.1,144.2,144.0,142.6,145.4,140.4,136.4,133.8,134.7,138.1,142.5,141.2,140.2,140.3,141.2,142.9,142.4,143.0,142.9,142.3,141.4,140.8,140.9,141.5,93.7,96.5,98.1,97.7,95.5,92.8,91.1,91.5,94.9,92.9,91.8,92.6,95.0,98.1,103.5,97.4,93.5,91.0,90.3,91.6,93.9,93.7,94.5,95.8,96.8,97.0,96.2,94.9,99.9,96.9,169.9,1.216,1.121,-1.114,1163.0,1214.8,1265.6,1281.6,1282.1,1249.0,1195.6,1155.9,1238.6,1397.0,1594.1,1734.5,1786.6,1745.0,1688.1,1666.2,1637.0,913.2,898.2,925.5,958.0,995.0,1111.0,1175.2,1235.8,1316.5,1426.7,1064.5,1032.3,1000.0,976.4,1008.6,1032.9,1058.9,1099.4,1136.6,973.7,1001.3,1036.2,1064.6,1024.5,995.6,1305.6,1381.2,1438.2,1488.6,1433.3,1377.6,1039.3,1042.2,1074.2,1116.5,1176.5,1249.5,1363.5,1210.4,1106.9,1038.9,997.4,1002.5,1037.6,1056.8,1102.4,1163.4,1305.6,1135.9,1068.3,1034.2,223.9,336.9,432.5,541.9,684.7,873.5,1069.2,1260.6,1339.7,1343.3,1280.7,1216.2,1154.7,1097.3,1024.2,937.2,853.5,307.2,335.0,436.0,551.8,678.6,722.5,711.1,731.1,740.7,797.1,741.7,840.8,940.9,1042.9,916.2,986.1,1049.9,1060.3,1060.1,462.2,492.7,523.1,573.3,553.2,519.3,762.1,782.4,810.8,838.7,828.8,802.6,917.4,1005.0,1056.1,1090.8,1097.8,1118.7,1138.6,1141.1,1134.8,1122.2,1096.2,1038.1,949.5,1080.2,1111.8,1120.4,1132.2,1085.9,1079.0,1050.1,0.00,0.00,0.13,0.00,0.00,0.00,0.08,0.11,0.00,1.96,0.00,1.19,0.00,0.58,0.00,0.99,0.36,0.00,0.00,1.00,0.00,0.00,1.00,0.00,0.00,0.00,1.00,0.00,0.00,0.00,0.00,0.00,0.00,0.00,0.00
276,0,9.167,0.82,1,-0.400998,0.531817,-0.745903,-0.826518,0.393420,-0.402602,-0.819,0.678,1022.9,1046.7,1072.9,1086.1,1078.6,1055.6,1028.7,1015.5,988.9,1000.5,1014.8,1033.4,1052.4,1062.7,1063.4,1045.7,1027.2,1010.7,999.3,992.6,1037.3,1042.9,1054.1,1064.2,1067.4,1061.7,1050.6,1040.4,1319.5,1339.2,1380.5,1419.3,1432.8,1413.1,1371.8,1329.1,1299.2,1341.3,1383.5,1416.3,1442.6,1467.0,1490.2,1471.4,1445.8,1414.8,1377.4,1332.7,1353.6,1371.6,1390.8,1399.9,1393.7,1375.7,1356.5,1347.3,500.9,491.1,501.1,525.0,548.8,560.2,548.7,524.7,468.2,475.1,489.0,506.8,527.9,548.3,570.0,559.2,548.3,533.7,513.3,491.0,522.6,532.8,537.0,532.8,522.6,512.5,508.3,512.4,797.3,763.6,757.0,781.4,822.5,856.3,862.9,842.0,751.8,771.1,786.8,802.9,815.7,826.3,842.6,841.3,833.7,821.4,802.9,784.1,827.4,838.9,835.9,820.3,801.1,789.6,792.6,808.3,62.0,64.7,68.5,71.3,71.4,69.1,64.7,62.0,58.5,58.8,59.6,61.5,64.7,67.4,69.2,66.1,63.0,60.4,59.0,58.5,65.3,66.5,68.2,69.3,69.3,68.1,66.4,65.3,71.5,75.7,81.9,86.1,85.9,81.3,75.3,70.9,70.3,73.2,76.8,81.0,86.1,91.8,99.8,91.8,85.3,79.7,75.0,71.4,75.5,77.4,80.2,82.3,82.4,80.4,77.6,75.6,22.8,20.9,22.3,26.4,30.8,33.3,31.4,27.2,18.1,18.8,20.5,23.0,26.3,30.0,34.4,32.5,30.6,28.3,25.2,21.7,26.7,28.5,29.1,28.2,26.4,24.6,24.0,24.8,46.0,43.7,43.9,46.6,50.1,52.2,51.8,49.6,41.8,42.9,44.1,46.2,48.9,51.7,56.6,53.1,50.1,47.4,45.0,43.7,49.4,50.7,50.8,49.8,48.2,47.0,46.9,47.9,141.7,139.3,138.5,139.9,142.5,145.4,145.7,144.4,146.7,142.7,139.1,136.8,137.2,139.5,143.1,142.7,142.3,142.6,143.6,145.2,143.8,144.4,144.0,143.0,141.9,141.3,141.6,142.6,92.0,94.8,96.7,96.7,94.8,92.0,90.0,90.1,93.3,91.4,90.4,91.3,93.9,97.1,102.7,96.6,92.6,90.0,89.0,90.1,92.6,92.6,93.5,94.8,95.7,95.7,94.8,93.5,100.3,97.0,169.5,1.231,1.125,-1.125,1172.4,1221.3,1268.8,1282.6,1282.1,1248.1,1195.7,1156.9,1240.6,1400.6,1595.2,1733.5,1786.6,1746.1,1691.6,1671.4,1641.5,923.3,907.9,933.9,965.0,1001.9,1112.2,1174.1,1235.9,1319.3,1430.6,1067.2,1034.8,1002.6,979.1,1011.8,1037.2,1062.9,1103.6,1139.7,982.8,1009.9,1042.7,1069.5,1031.9,1004.9,1309.6,1384.7,1440.9,1490.2,1436.9,1382.5,1042.8,1046.5,1076.3,1117.5,1175.3,1246.8,1362.3,1208.7,1107.0,1041.0,1000.4,1005.2,1040.7,1060.4,1105.1,1163.3,1305.0,1135.0,1069.3,1035.9,228.7,339.1,432.0,538.9,680.3,870.6,1067.7,1262.9,1344.7,1347.6,1284.4,1220.3,1158.0,1100.5,1027.0,940.8,860.4,311.5,336.4,437.5,555.5,684.5,722.7,711.6,731.7,742.9,800.4,744.1,842.6,942.0,1043.7,918.2,986.1,1048.6,1059.8,1060.2,461.5,492.1,522.8,572.0,551.7,517.3,764.3,785.4,813.1,840.5,829.8,803.9,918.8,1006.3,1058.4,1091.3,1097.3,1119.5,1141.1,1141.9,1132.6,1121.0,1097.0,1039.9,951.0,1082.1,1111.8,1119.9,1134.6,1084.8,1079.2,1052.7,0.00,0.00,0.19,0.00,0.00,0.00,0.05,0.07,0.00,1.87,0.00,1.10,0.00,0.38,0.00,0.87,0.54,0.00,0.00,1.00,0.00,0.00,1.00,0.00,0.00,0.00,1.00,0.00,0.00,0.00,0.00,0.00,0.00,0.00,0.00
277,0,9.200,0.82,1,-0.429777,0.447231,-0.784396,-0.820761,0.381797,-0.424950,-0.802,0.601,1022.9,1046.6,1072.9,1086.5,1079.3,1056.5,1029.2,1015.7,991.8,1001.9,1014.9,1032.5,1051.3,1061.8,1062.8,1044.5,1025.7,1009.5,998.7,993.2,1038.7,1044.2,1054.7,1064.1,1066.8,1061.4,1050.8,1041.5,1328.3,1347.5,1387.1,1424.0,1436.5,1417.3,1377.7,1337.2,1309.5,1346.6,1384.3,1416.9,1444.3,1468.2,1491.4,1471.6,1447.0,1417.0,1380.8,1340.0,1360.8,1378.2,1396.8,1405.8,1399.9,1382.6,1363.9,1354.9,497.5,485.2,494.1,519.0,545.4,559.6,548.8,523.9,471.2,477.0,490.6,508.3,530.4,552.0,574.3,563.5,552.0,537.0,516.5,493.7,521.1,530.9,534.3,529.3,518.9,509.1,505.7,510.7,802.5,772.1,766.4,788.7,826.1,856.5,862.2,843.2,768.0,777.5,787.8,801.4,815.1,827.5,846.9,842.3,834.0,822.6,806.8,792.5,830.8,841.4,838.8,824.6,807.0,796.4,798.9,813.2,61.4,64.2,67.8,70.2,70.0,67.6,63.6,61.1,58.5,58.5,59.0,60.7,63.7,66.3,68.0,65.0,61.9,59.5,58.3,58.1,64.5,65.5,67.0,68.1,68.1,67.2,65.7,64.6,77.5,82.1,88.2,92.2,91.5,86.7,80.7,76.6,76.2,79.1,82.6,86.9,91.8,97.1,104.2,96.6,90.3,84.8,80.3,77.1,81.2,83.0,85.9,88.2,88.5,86.6,83.7,81.5,22.1,19.8,21.0,25.0,29.5,32.4,30.8,26.7,18.5,18.9,20.6,22.9,26.4,30.2,34.4,32.7,30.8,28.5,25.4,22.0,26.1,27.7,28.2,27.2,25.4,23.8,23.3,24.2,49.8,47.8,48.0,50.4,53.6,55.4,54.9,53.1,46.4,46.8,47.5,49.3,52.0,54.8,59.6,56.0,53.0,50.5,48.5,47.6,53.1,54.2,54.3,53.5,52.0,50.9,50.7,51.7,140.4,138.1,136.9,137.5,139.5,142.1,142.9,142.3,145.6,141.5,137.8,135.4,135.5,137.5,140.6,140.6,140.5,141.0,142.2,144.0,141.6,141.8,141.4,140.5,139.7,139.4,139.9,140.8,98.5,101.5,103.3,102.9,100.6,97.6,95.7,96.1,99.6,98.0,97.1,97.8,99.9,102.6,107.1,101.6,97.9,95.5,94.9,96.4,98.6,98.4,99.3,100.7,101.9,102.0,101.1,99.7,100.7,97.4,169.7,1.235,1.127,-1.129,1177.9,1225.8,1271.7,1283.2,1281.7,1247.1,1196.6,1157.4,1240.7,1402.6,1596.1,1733.3,1786.3,1746.7,1694.0,1675.8,1645.6,929.3,913.5,939.0,969.0,1007.6,1115.3,1174.8,1237.6,1322.7,1434.2,1068.0,1036.3,1005.1,982.1,1015.4,1042.3,1067.3,1107.0,1141.1,984.5,1010.4,1042.7,1069.7,1032.7,1006.6,1312.6,1386.0,1442.3,1491.8,1439.6,1385.6,1042.2,1048.6,1077.8,1119.0,1175.9,1246.0,1362.0,1208.6,1107.4,1042.6,1002.0,1006.0,1041.0,1062.1,1107.0,1163.8,1305.1,1134.8,1070.1,1036.5,230.4,339.9,431.5,536.5,677.1,867.5,1065.0,1263.0,1347.8,1350.5,1287.2,1224.2,1161.3,1101.9,1028.3,943.6,866.2,316.2,338.0,438.1,558.3,690.5,721.8,711.6,731.9,743.7,801.2,747.5,843.6,940.9,1040.8,921.2,987.0,1047.9,1059.8,1060.7,464.2,494.1,525.5,575.6,555.4,520.0,768.2,788.3,815.9,844.3,834.0,807.8,919.9,1006.7,1060.0,1091.8,1096.7,1120.9,1145.3,1143.2,1131.5,1120.4,1098.2,1041.3,951.7,1085.0,1113.3,1120.8,1138.2,1084.2,1079.4,1055.1,0.00,0.00,0.24,0.00,0.00,0.00,0.00,0.02,0.00,1.83,0.00,1.05,0.00,0.18,0.00,0.70,0.53,0.00,0.00,1.00,0.00,0.00,1.00,0.00,0.00,0.00,1.00,0.00,0.00,0.00,0.00,0.00,0.00,0.00,0.00
278,0,9.233,0.82,1,-0.487986,0.397860,-0.776903,-0.815090,0.379808,-0.437464,-0.821,0.570,1021.0,1044.6,1068.9,1079.5,1070.3,1047.4,1022.4,1011.8,990.7,1000.5,1014.5,1033.2,1051.2,1061.4,1062.9,1045.0,1026.4,1010.0,998.2,991.9,1035.6,1039.4,1048.0,1056.2,1059.4,1055.5,1046.9,1038.7,1334.3,1354.5,1394.2,1430.2,1441.3,1421.1,1381.4,1341.8,1316.7,1350.3,1385.6,1418.3,1446.4,1470.2,1493.3,1472.8,1448.5,1419.1,1383.2,1344.5,1365.8,1382.9,1401.8,1411.4,1406.1,1389.0,1370.1,1360.5,495.3,482.9,491.8,516.8,543.3,558.1,546.8,521.8,474.9,479.0,490.5,508.6,532.4,555.3,579.1,567.0,553.2,537.0,516.9,495.9,520.0,528.7,531.7,527.1,517.8,509.0,506.1,510.6,804.6,775.1,770.3,792.9,829.7,859.1,864.0,844.6,772.9,779.5,789.0,802.3,816.0,828.6,848.4,844.2,835.9,824.5,809.1,795.5,833.0,843.9,841.7,827.7,810.2,799.4,801.6,815.5,61.9,64.8,68.0,69.6,68.7,66.1,62.6,61.0,59.2,59.1,59.7,61.4,64.0,66.4,67.9,64.9,61.8,59.5,58.3,58.3,64.5,65.1,66.2,67.2,67.5,66.9,65.7,64.7,80.7,85.4,91.7,95.6,94.6,89.6,83.6,79.5,79.5,82.3,85.7,89.9,94.8,99.9,106.4,99.2,93.1,87.6,83.3,80.2,84.3,86.1,89.0,91.4,91.8,89.9,87.0,84.6,22.0,19.7,20.9,24.8,29.3,32.2,30.6,26.5,19.4,19.5,20.8,23.2,26.8,30.8,35.2,33.2,30.9,28.4,25.5,22.5,26.1,27.5,27.9,27.0,25.4,24.0,23.6,24.5,51.6,49.6,49.9,52.4,55.5,57.2,56.8,54.9,48.5,48.6,49.3,51.1,53.6,56.4,60.9,57.7,54.8,52.2,50.3,49.6,54.9,56.0,56.3,55.4,53.9,52.8,52.6,53.5,142.2,140.2,138.7,138.5,139.8,142.1,143.3,143.4,147.8,143.5,139.6,136.5,136.3,138.0,140.4,140.1,139.9,140.6,142.3,145.0,142.6,142.6,142.0,141.3,140.8,140.8,141.4,142.1,101.6,104.6,106.4,105.8,103.4,100.4,98.6,99.2,102.8,101.4,100.6,101.1,102.8,105.2,109.1,104.2,100.7,98.4,98.0,99.7,101.6,101.4,102.2,103.6,104.8,105.1,104.2,102.8,101.4,98.2,170.6,1.240,1.128,-1.141,1183.3,1229.0,1272.1,1280.4,1278.5,1244.5,1196.3,1156.0,1239.8,1403.9,1598.4,1732.6,1783.7,1743.9,1693.6,1682.3,1657.4,930.7,915.0,940.9,970.1,1009.7,1116.3,1175.0,1238.2,1324.4,1437.0,1066.7,1037.1,1007.4,985.9,1017.9,1046.1,1071.7,1110.0,1142.0,984.7,1010.0,1042.5,1069.6,1032.2,1006.5,1316.4,1387.3,1444.2,1494.5,1442.4,1388.5,1041.0,1049.1,1079.0,1120.3,1178.3,1246.6,1360.7,1210.9,1110.5,1045.8,1004.9,1008.0,1040.8,1062.5,1108.0,1165.0,1305.3,1136.2,1071.3,1037.1,231.3,342.7,434.8,539.2,678.1,866.6,1062.5,1262.1,1348.9,1352.5,1289.6,1227.6,1163.3,1101.9,1029.3,946.1,870.5,318.6,344.2,446.2,567.8,701.3,722.9,713.6,733.8,744.4,801.2,750.8,844.2,939.2,1037.1,922.8,987.4,1047.1,1060.0,1061.7,466.5,495.9,527.2,577.8,558.3,522.4,770.2,789.5,816.9,846.4,836.2,810.0,922.9,1007.1,1060.2,1092.5,1097.6,1123.8,1151.9,1144.8,1131.8,1120.5,1098.1,1042.0,953.7,1086.8,1115.2,1123.4,1143.3,1085.5,1080.3,1056.3,0.00,0.00,0.26,0.00,0.00,0.00,0.01,0.02,0.00,1.83,0.00,1.05,0.00,0.05,0.06,0.52,0.50,0.00,0.00,1.00,0.00,0.00,1.00,0.00,0.00,0.00,1.00,0.00,0.00,0.00,0.00,0.00,0.00,0.00,0.00
279,0,9.267,0.82,1,-0.505316,0.342221,-0.792174,-0.809271,0.378942,-0.448870,-0.814,0.526,1018.0,1044.3,1070.2,1080.5,1069.2,1043.4,1017.1,1006.7,986.6,998.2,1014.2,1033.9,1051.5,1060.8,1061.6,1045.5,1027.7,1010.5,996.8,988.7,1032.9,1036.4,1044.9,1053.5,1057.0,1053.6,1045.0,1036.5,1339.0,1359.0,1398.3,1433.8,1444.7,1424.7,1385.4,1346.3,1318.6,1351.7,1386.6,1419.3,1447.6,1471.6,1494.9,1474.5,1450.2,1421.0,1385.1,1346.5,1369.8,1386.8,1405.5,1415.1,1409.8,1392.9,1374.1,1364.6,494.5,480.4,488.2,513.5,541.4,558.5,547.7,522.4,484.0,484.4,492.4,507.8,532.1,558.3,584.3,570.8,554.4,537.1,518.0,500.1,520.8,529.0,531.4,526.5,517.2,509.0,506.7,511.6,805.3,776.5,772.4,795.2,831.7,860.5,864.7,844.9,773.9,780.6,789.8,802.8,816.4,828.9,849.1,844.4,836.0,824.7,809.5,796.2,834.0,845.0,843.1,829.5,812.0,801.0,802.9,816.6,60.2,64.0,67.3,68.3,66.5,63.0,59.5,58.4,57.4,57.8,58.6,60.3,62.6,64.4,65.1,62.6,59.8,57.5,56.3,56.4,62.3,62.7,63.8,65.0,65.6,65.2,64.1,62.9,81.7,86.5,92.8,96.7,95.7,90.6,84.5,80.5,80.3,83.0,86.3,90.5,95.4,100.6,107.2,100.0,93.8,88.4,84.0,81.0,85.3,87.0,90.0,92.4,92.9,91.0,88.0,85.7,21.4,19.1,20.1,23.8,28.1,31.0,29.6,25.8,20.5,20.1,20.8,22.6,26.2,30.3,34.7,32.5,30.0,27.5,24.9,22.7,25.5,26.7,27.0,26.2,24.7,23.5,23.2,24.1,52.0,50.1,50.5,53.0,56.1,57.8,57.2,55.3,49.0,49.1,49.7,51.4,53.9,56.7,61.3,58.0,55.1,52.6,50.7,50.0,55.4,56.5,56.8,56.0,54.5,53.3,53.1,54.0,139.5,138.5,137.0,135.7,135.5,136.6,138.0,139.2,144.8,141.1,137.1,134.0,133.2,133.9,135.2,135.1,134.9,135.9,138.1,141.5,138.8,138.4,137.9,137.6,137.7,138.0,138.5,138.9,102.3,105.3,107.1,106.6,104.1,101.0,99.2,99.7,103.6,102.1,101.2,101.6,103.4,105.8,109.7,104.8,101.3,99.0,98.7,100.3,102.2,102.0,102.9,104.3,105.5,105.8,104.9,103.4,102.3,99.3,171.9,1.252,1.129,-1.161,1189.8,1235.6,1277.6,1283.7,1280.2,1245.6,1198.9,1156.7,1239.7,1403.5,1598.8,1732.0,1782.2,1742.6,1694.5,1688.5,1667.4,931.7,913.6,938.1,967.2,1008.5,1113.8,1172.3,1236.0,1324.4,1439.8,1063.2,1036.2,1009.0,989.9,1021.2,1049.9,1075.4,1112.0,1141.7,984.1,1009.1,1041.8,1068.6,1031.2,1005.8,1318.4,1388.1,1445.4,1496.2,1444.2,1390.3,1041.4,1050.3,1080.5,1121.8,1180.2,1247.1,1359.8,1213.4,1114.1,1049.7,1008.8,1011.5,1041.8,1063.2,1109.1,1166.0,1305.5,1138.4,1073.5,1039.1,229.8,343.2,436.0,539.8,678.6,866.3,1061.4,1262.6,1350.9,1355.5,1292.7,1231.2,1166.3,1103.8,1031.5,948.8,874.0,322.9,349.1,452.6,575.8,711.6,724.4,714.7,734.9,744.2,800.8,754.4,845.5,938.3,1034.3,923.5,987.6,1046.9,1060.5,1062.8,470.1,499.2,529.7,580.2,561.4,525.8,771.1,789.7,816.8,846.9,836.6,810.5,927.2,1007.7,1060.2,1093.0,1098.2,1126.1,1157.6,1146.9,1132.8,1121.0,1098.4,1043.1,957.2,1088.0,1116.6,1125.4,1147.3,1086.5,1081.1,1057.2,0.00,0.00,0.35,0.00,0.00,0.00,0.01,0.00,0.00,1.84,0.00,1.05,0.00,0.00,0.14,0.39,0.54,0.00,0.00,1.00,0.00,0.00,1.00,0.00,0.00,0.00,1.00,0.00,0.00,0.00,0.00,0.00,0.00,0.00,0.00
280,0,9.300,0.82,1,-0.583006,0.332552,-0.741292,-0.807020,0.379569,-0.452378,-0.861,0.538,1013.6,1033.1,1055.6,1067.9,1062.8,1044.9,1020.7,1008.4,992.4,1002.9,1013.2,1031.5,1052.8,1064.3,1064.9,1050.4,1030.6,1011.7,1001.7,997.7,1032.6,1036.6,1044.0,1050.2,1051.8,1047.7,1040.4,1034.1,1344.2,1364.4,1403.6,1438.9,1449.6,1429.5,1390.3,1351.3,1322.5,1354.9,1389.3,1422.1,1450.7,1474.9,1498.4,1477.9,1453.6,1424.5,1388.5,1349.8,1374.8,1391.7,1410.4,1420.1,1414.9,1398.0,1379.2,1369.6,481.9,474.0,489.7,519.9,546.9,556.9,539.1,508.9,473.4,474.4,489.1,507.6,531.0,556.7,584.0,570.5,558.5,541.8,517.8,492.3,510.7,520.8,526.2,523.7,514.7,504.5,499.1,501.7,807.9,779.9,776.5,799.6,835.7,863.7,867.1,847.1,776.2,782.2,791.1,803.9,817.6,830.4,851.8,847.3,838.9,827.5,812.1,798.6,837.0,848.1,846.5,833.2,815.9,804.8,806.4,819.7,57.1,58.2,60.2,62.1,62.9,62.3,59.6,57.6,55.1,55.2,55.1,56.6,59.6,62.3,64.4,62.3,59.4,56.7,55.7,55.7,60.2,60.9,61.5,61.8,61.5,60.9,60.2,59.9,82.4,87.3,93.7,97.5,96.4,91.2,85.1,81.1,81.0,83.7,87.0,91.2,96.0,101.1,107.6,100.3,94.2,88.8,84.5,81.5,85.9,87.6,90.6,93.1,93.6,91.8,88.7,86.3,18.6,16.9,18.8,23.2,27.8,30.3,28.1,23.3,17.7,17.4,19.1,21.3,24.7,28.9,34.0,32.0,30.2,27.7,24.3,20.6,23.1,24.7,25.3,24.7,23.1,21.6,20.9,21.5,52.4,50.6,51.1,53.7,56.7,58.2,57.5,55.5,49.4,49.4,50.0,51.7,54.2,57.0,61.6,58.4,55.5,52.9,51.0,50.4,55.8,56.9,57.2,56.5,55.1,53.9,53.6,54.4,133.7,129.5,126.8,127.0,130.2,134.7,137.1,136.8,136.8,133.0,129.1,126.5,126.4,128.4,132.7,132.8,133.0,133.5,134.8,136.3,134.2,134.3,133.3,131.8,130.7,130.6,131.6,133.1,102.4,105.5,107.4,106.8,104.2,101.1,99.2,99.7,103.9,102.5,101.6,102.0,103.6,105.9,109.6,104.8,101.3,99.0,98.7,100.5,102.3,102.0,102.9,104.4,105.7,105.9,105.1,103.5,102.4,99.2,171.5,1.250,1.132,-1.159,1194.8,1237.3,1276.6,1280.1,1277.4,1243.5,1198.7,1156.2,1240.1,1405.9,1601.3,1731.4,1779.5,1740.2,1695.5,1695.8,1679.3,931.9,917.6,943.6,970.7,1010.9,1115.5,1174.3,1239.8,1329.0,1443.9,1065.5,1038.9,1011.6,992.4,1024.1,1053.6,1079.0,1114.5,1143.6,987.4,1011.3,1044.0,1071.1,1033.9,1008.6,1322.3,1390.5,1448.3,1500.4,1448.0,1393.9,1042.2,1050.4,1080.1,1121.4,1180.5,1247.3,1359.0,1215.0,1116.8,1052.2,1011.0,1012.8,1042.5,1063.4,1109.6,1166.8,1305.3,1140.2,1075.0,1040.0,231.0,345.2,438.3,542.2,679.0,865.6,1060.5,1263.0,1353.4,1358.6,1295.9,1234.4,1167.7,1104.1,1033.1,951.7,878.8,322.3,350.4,453.9,577.3,713.3,723.8,715.0,735.3,744.9,801.6,754.2,844.7,937.5,1033.2,925.3,988.2,1046.7,1061.4,1064.2,467.1,495.4,527.4,580.3,561.2,523.9,773.4,790.4,817.7,849.5,840.3,813.7,929.4,1008.0,1060.1,1093.4,1098.8,1128.5,1163.0,1148.7,1133.0,1120.7,1097.8,1043.5,959.3,1088.6,1117.4,1126.9,1151.8,1088.0,1082.1,1058.2,0.00,0.00,0.46,0.00,0.00,0.00,0.01,0.00,0.00,1.82,0.00,1.01,0.00,0.00,0.22,0.31,0.66,0.00,0.00,1.00,0.00,0.00,1.00,0.00,0.00,0.00,1.00,0.00,0.00,0.00,0.00,0.00,0.00,0.00,0.00
281,0,9.333,0.82,1,-0.679688,0.278493,-0.678576,-0.802892,0.379282,-0.459902,-0.916,0.524,1010.6,1027.3,1045.7,1054.9,1049.7,1034.6,1014.6,1005.3,997.2,1007.4,1017.4,1033.2,1053.3,1064.9,1067.4,1049.7,1031.7,1015.6,1004.7,999.8,1023.0,1027.4,1036.0,1043.9,1046.3,1041.9,1033.3,1025.5,1349.7,1369.9,1409.1,1444.5,1455.3,1435.2,1395.9,1356.8,1325.3,1356.7,1390.7,1424.0,1453.3,1477.9,1501.8,1480.9,1456.4,1427.6,1391.3,1352.4,1380.2,1397.1,1415.9,1425.5,1420.4,1403.4,1384.7,1375.1,476.2,472.3,490.9,521.3,545.5,551.4,530.8,500.5,471.0,473.7,489.0,507.4,531.2,557.2,585.5,573.1,562.5,549.0,525.8,498.1,504.6,518.6,527.2,525.3,514.0,500.0,491.5,493.4,812.4,785.4,783.0,806.4,842.0,868.9,871.4,851.0,780.8,785.9,794.3,807.1,821.1,834.0,856.9,852.5,844.0,832.3,816.6,803.2,841.8,853.1,851.9,839.2,822.2,811.0,812.1,824.9,55.8,56.5,57.9,59.3,60.1,59.9,57.9,56.4,55.0,54.1,53.4,54.3,57.4,60.8,64.3,61.9,59.3,57.1,55.7,55.3,58.1,58.9,59.6,59.9,59.6,58.9,58.2,57.9,82.8,88.0,94.4,98.2,96.9,91.5,85.4,81.4,81.4,83.9,87.0,91.1,96.0,101.0,107.3,100.2,94.1,88.7,84.5,81.7,86.3,88.0,91.0,93.6,94.1,92.3,89.3,86.8,17.5,16.4,18.7,23.1,27.2,29.1,26.4,21.7,17.1,16.7,18.2,20.4,23.8,28.2,33.9,32.2,30.7,28.7,25.3,21.2,22.0,24.1,25.2,24.5,22.6,20.5,19.4,20.0,52.8,51.3,51.9,54.5,57.3,58.6,57.7,55.8,50.0,49.8,50.3,52.0,54.4,57.1,61.9,58.7,55.8,53.2,51.3,50.8,56.2,57.3,57.7,57.1,55.7,54.5,54.2,54.9,131.9,127.6,124.9,125.1,128.3,132.8,135.3,135.0,134.7,128.8,123.7,120.9,121.5,125.2,131.7,132.1,132.5,132.9,133.7,134.4,132.8,132.9,131.7,129.7,128.3,128.1,129.4,131.3,102.1,105.4,107.4,106.8,104.0,100.7,98.8,99.3,103.9,102.4,101.4,101.7,103.2,105.4,109.0,104.2,100.8,98.6,98.4,100.3,102.0,101.7,102.6,104.2,105.5,105.8,104.9,103.3,103.0,99.7,172.0,1.248,1.136,-1.158,1199.7,1240.3,1278.4,1282.1,1279.6,1244.7,1199.5,1157.2,1240.9,1407.2,1602.1,1731.1,1776.7,1737.5,1696.4,1700.7,1686.9,932.4,921.2,948.3,976.1,1018.3,1117.6,1175.5,1244.7,1337.3,1452.2,1069.0,1042.0,1014.4,994.3,1025.9,1056.5,1082.5,1117.1,1146.2,990.0,1012.9,1046.2,1073.9,1036.5,1010.5,1325.3,1392.5,1450.7,1504.1,1451.1,1396.4,1042.4,1050.2,1079.1,1121.0,1181.0,1249.3,1360.8,1217.1,1118.1,1052.7,1010.6,1012.5,1042.2,1062.3,1109.1,1167.5,1307.6,1141.3,1074.9,1039.0,233.3,346.6,439.5,544.2,682.0,868.4,1061.9,1262.4,1353.6,1360.7,1297.7,1236.3,1168.8,1104.5,1033.8,953.5,881.9,322.8,350.2,452.9,577.2,714.0,723.6,713.1,732.9,743.8,801.5,755.5,844.7,936.1,1030.6,927.7,989.6,1047.1,1062.6,1065.8,468.1,495.8,528.8,583.1,564.0,526.0,777.4,793.4,821.2,853.9,845.9,818.9,930.9,1008.5,1060.5,1094.1,1099.7,1130.4,1166.5,1150.7,1133.5,1120.7,1097.1,1042.6,960.8,1090.4,1119.4,1129.1,1154.2,1089.9,1083.4,1059.2,0.00,0.00,0.53,0.00,0.00,0.00,0.00,0.00,0.00,1.79,0.00,0.95,0.00,0.00,0.25,0.22,0.67,0.00,0.00,1.00,0.00,0.00,1.00,0.00,0.00,0.00,1.00,0.00,0.00,0.00,0.00,0.00,0.00,0.00,0.00
282,0,9.367,0.82,1,-0.666903,0.236453,-0.706633,-0.801282,0.381098,-0.461206,-0.899,0.486,1012.2,1027.5,1045.1,1054.6,1050.6,1037.0,1017.6,1008.1,994.1,1004.4,1013.4,1031.6,1054.5,1065.4,1064.4,1051.0,1031.9,1014.3,1005.8,1001.1,1029.5,1032.0,1036.8,1041.1,1042.3,1039.9,1035.1,1030.8,1350.7,1371.2,1410.6,1445.9,1456.2,1435.7,1396.2,1357.3,1325.8,1357.0,1390.6,1424.1,1453.7,1478.6,1502.7,1481.7,1456.9,1427.7,1391.1,1352.3,1381.0,1397.8,1416.6,1426.5,1421.5,1404.7,1385.8,1376.0,477.6,472.7,491.0,521.7,546.9,553.8,533.6,502.8,485.3,478.2,490.3,508.0,532.6,560.1,589.8,576.6,565.7,550.5,527.8,502.7,507.3,517.0,523.1,522.0,514.4,504.7,498.6,499.7,817.4,790.3,787.8,811.5,847.4,874.5,876.9,856.3,785.2,790.2,798.7,811.3,825.2,838.3,861.2,857.2,848.9,837.3,821.5,808.0,847.0,858.3,857.3,844.4,827.3,815.9,817.0,829.9,56.9,57.2,58.4,59.8,60.8,60.9,59.2,57.6,55.5,54.8,54.0,55.2,58.5,61.6,64.6,62.8,60.2,57.8,57.0,56.6,59.5,59.9,60.2,60.2,59.9,59.5,59.3,59.3,82.9,88.1,94.5,98.2,97.0,91.6,85.4,81.5,81.6,84.1,87.2,91.3,96.1,101.1,107.4,100.2,94.1,88.7,84.5,81.7,86.3,88.1,91.1,93.6,94.2,92.4,89.4,86.9,18.0,16.6,18.9,23.3,27.7,29.7,27.2,22.4,19.6,17.8,18.8,20.9,24.3,29.0,35.0,33.1,31.6,29.4,26.1,22.4,22.5,24.0,24.7,24.3,23.0,21.5,20.8,21.2,53.4,51.8,52.4,55.0,57.9,59.2,58.4,56.4,50.6,50.4,51.0,52.6,55.0,57.7,62.4,59.2,56.3,53.8,51.9,51.4,56.8,57.9,58.3,57.7,56.3,55.1,54.8,55.5,133.7,129.3,126.2,126.3,129.5,134.2,137.1,137.0,137.1,131.6,126.5,123.3,123.4,126.7,133.1,133.7,134.3,135.1,136.2,137.3,133.8,133.8,132.8,131.3,130.3,130.2,131.2,132.7,102.1,105.4,107.3,106.7,103.9,100.7,98.8,99.4,104.0,102.6,101.6,101.9,103.4,105.5,108.9,104.2,100.8,98.6,98.4,100.4,102.0,101.7,102.6,104.2,105.5,105.7,104.8,103.3,103.6,100.5,172.7,1.250,1.135,-1.162,1202.5,1241.6,1277.3,1279.3,1276.6,1242.9,1199.1,1157.6,1242.4,1409.5,1603.4,1730.4,1775.4,1737.2,1697.2,1703.5,1691.3,933.1,923.2,950.2,977.5,1020.1,1120.3,1178.7,1247.5,1338.4,1451.8,1070.4,1044.2,1017.1,997.9,1026.9,1059.0,1085.8,1119.3,1146.9,989.3,1012.0,1045.4,1072.8,1035.3,1009.3,1325.7,1392.2,1450.8,1504.9,1451.5,1396.4,1041.7,1051.1,1080.5,1122.1,1182.1,1250.3,1361.8,1218.5,1118.7,1053.2,1011.4,1013.2,1042.4,1062.2,1109.0,1167.0,1309.1,1142.3,1076.1,1040.2,235.3,347.5,439.1,543.2,679.9,866.2,1060.5,1262.4,1353.5,1360.2,1297.2,1237.2,1169.8,1105.2,1035.2,955.6,884.6,324.4,353.1,455.1,578.5,714.1,722.1,713.0,734.3,746.9,805.0,758.8,846.8,937.1,1030.2,929.7,990.8,1047.8,1064.3,1068.5,472.7,499.5,532.7,587.3,568.7,530.6,782.0,797.5,825.2,858.4,850.6,823.8,932.2,1009.4,1061.3,1095.1,1100.8,1131.7,1168.5,1151.5,1133.8,1121.0,1097.3,1043.2,961.2,1091.6,1120.7,1130.6,1155.9,1091.5,1084.9,1060.7,0.00,0.00,0.49,0.00,0.00,0.00,0.00,0.00,0.00,1.75,0.00,0.90,0.00,0.00,0.29,0.13,0.74,0.00,0.00,1.00,0.00,0.00,1.00,0.00,0.00,0.00,1.00,0.00,0.00,0.00,0.00,0.00,0.00,0.00,0.00
283,0,9.400,0.82,1,-0.671144,0.205729,-0.712209,-0.800789,0.382783,-0.460668,-0.898,0.465,1011.7,1028.1,1045.8,1054.6,1049.2,1034.5,1015.2,1006.4,992.8,1004.3,1014.4,1033.1,1055.5,1065.5,1063.2,1050.3,1031.5,1013.7,1004.6,999.7,1028.5,1030.6,1035.3,1039.8,1041.5,1039.3,1034.6,1030.1,1351.4,1371.8,1411.1,1446.3,1456.7,1436.3,1397.0,1358.1,1326.1,1357.6,1391.3,1424.6,1454.1,1478.9,1503.1,1482.2,1457.5,1428.3,1391.7,1352.8,1381.6,1398.4,1417.3,1427.1,1422.1,1405.2,1386.4,1376.6,477.0,472.7,491.3,522.0,546.7,553.1,532.4,501.7,486.3,481.0,494.0,512.2,536.4,563.1,591.5,577.9,566.9,551.7,528.8,503.6,506.8,516.3,522.5,521.6,514.3,504.8,498.6,499.4,821.1,794.1,791.7,815.4,851.3,878.3,880.6,860.0,788.7,793.9,802.5,815.1,829.0,842.0,864.9,860.5,852.0,840.3,824.6,811.2,850.8,862.2,861.1,848.3,831.1,819.7,820.8,833.7,57.6,58.2,59.5,60.8,61.6,61.5,59.6,58.2,55.9,55.6,55.1,56.5,59.9,62.9,65.6,63.8,61.0,58.5,57.5,57.1,60.3,60.6,60.9,60.9,60.7,60.4,60.1,60.1,83.1,88.2,94.6,98.4,97.1,91.7,85.6,81.6,81.7,84.2,87.3,91.5,96.3,101.3,107.6,100.4,94.3,88.9,84.6,81.9,86.5,88.2,91.2,93.8,94.4,92.6,89.5,87.0,18.1,16.9,19.2,23.8,28.1,30.1,27.4,22.5,20.0,18.5,19.7,21.9,25.4,30.0,35.9,33.9,32.2,30.0,26.6,22.8,22.8,24.3,25.0,24.6,23.3,21.9,21.1,21.5,53.8,52.3,53.0,55.6,58.4,59.7,58.8,56.8,51.0,50.9,51.4,53.1,55.5,58.2,62.9,59.7,56.7,54.2,52.3,51.8,57.2,58.4,58.8,58.2,56.8,55.6,55.3,55.9,135.6,131.2,128.2,128.4,131.6,136.3,139.1,138.9,138.7,133.6,128.8,125.8,126.1,129.4,135.7,136.0,136.3,136.9,137.9,138.9,135.8,135.8,134.8,133.4,132.3,132.3,133.3,134.7,102.2,105.4,107.4,106.8,104.1,100.8,98.9,99.4,104.1,102.7,101.7,102.0,103.5,105.7,109.1,104.3,100.9,98.7,98.5,100.5,102.0,101.8,102.7,104.3,105.6,105.8,104.9,103.3,103.8,100.8,172.9,1.243,1.136,-1.154,1203.8,1242.5,1277.7,1279.4,1275.2,1240.9,1197.8,1158.5,1244.9,1411.2,1603.4,1729.6,1774.1,1737.2,1699.3,1707.3,1695.8,933.5,923.8,950.8,979.3,1023.3,1120.3,1178.6,1248.6,1340.9,1453.8,1072.4,1046.2,1019.6,1000.8,1027.8,1060.3,1087.4,1120.7,1148.2,988.9,1011.9,1045.1,1071.7,1035.0,1009.1,1326.3,1393.2,1451.4,1505.1,1451.9,1397.0,1040.7,1051.0,1080.4,1122.0,1182.2,1250.9,1363.0,1219.7,1119.4,1053.1,1011.0,1012.5,1041.6,1061.8,1108.9,1167.2,1310.3,1143.3,1076.6,1040.3,236.3,348.2,439.0,543.3,681.1,868.1,1061.9,1262.7,1353.2,1360.3,1297.3,1237.7,1170.7,1106.5,1036.4,956.8,886.9,326.9,352.3,453.2,577.2,713.9,721.0,711.8,734.0,748.3,807.9,760.9,848.9,938.8,1031.5,930.1,991.6,1049.1,1065.9,1070.3,475.0,502.2,535.1,589.0,570.4,532.5,785.2,801.5,829.2,861.9,853.5,826.8,934.4,1010.3,1061.6,1095.6,1101.6,1132.8,1169.6,1152.5,1134.3,1121.6,1097.4,1043.8,963.2,1092.1,1121.3,1131.4,1156.7,1093.0,1086.4,1062.0,0.00,0.00,0.41,0.00,0.00,0.00,0.00,0.00,0.00,1.70,0.00,0.87,0.00,0.00,0.35,0.05,0.74,0.00,0.00,1.00,0.00,0.00,1.00,0.00,0.00,0.00,1.00,0.00,0.00,0.00,0.00,0.00,0.00,0.00,0.00
284,0,9.433,0.82,1,-0.669820,0.186492,-0.718722,-0.796924,0.388514,-0.462567,-0.893,0.453,1012.1,1027.9,1045.4,1054.3,1049.3,1035.1,1016.0,1007.2,993.3,1004.2,1013.6,1032.2,1055.0,1064.9,1062.2,1049.5,1030.8,1013.2,1004.5,1000.0,1029.0,1031.1,1035.6,1039.9,1041.4,1039.3,1034.9,1030.6,1354.6,1375.2,1414.7,1450.0,1460.5,1439.9,1400.4,1361.3,1327.7,1358.8,1392.5,1426.1,1456.1,1481.4,1506.3,1484.9,1459.9,1430.6,1393.8,1354.6,1384.8,1401.8,1420.8,1430.7,1425.7,1408.7,1389.7,1379.8,476.3,472.3,491.3,522.1,546.7,552.6,531.7,500.9,486.9,481.4,495.4,514.4,539.2,565.7,593.1,579.5,568.4,553.1,529.8,504.0,506.4,515.8,521.9,521.2,514.0,504.6,498.4,499.2,825.9,798.9,796.8,820.8,856.9,883.8,885.9,865.0,792.5,797.9,806.5,819.1,832.9,845.5,868.7,864.3,856.0,844.4,828.6,815.3,856.0,867.5,866.6,853.7,836.4,824.8,825.8,838.7,56.8,57.2,58.4,59.8,60.6,60.6,58.8,57.4,55.3,54.8,54.1,55.5,58.9,62.1,64.8,63.1,60.4,57.9,56.9,56.5,59.4,59.7,60.0,60.0,59.8,59.4,59.2,59.2,83.1,88.3,94.8,98.6,97.2,91.8,85.6,81.6,81.6,84.0,87.0,91.1,96.0,101.0,107.5,100.2,94.1,88.7,84.5,81.8,86.5,88.2,91.3,93.9,94.5,92.7,89.6,87.1,17.7,16.6,18.9,23.4,27.6,29.6,26.9,22.0,19.8,18.3,19.6,21.9,25.4,30.0,35.8,33.8,32.2,30.0,26.5,22.6,22.3,23.8,24.6,24.2,22.9,21.5,20.8,21.1,54.2,52.7,53.4,56.1,58.9,60.1,59.2,57.1,51.3,51.2,51.7,53.2,55.6,58.3,63.1,59.8,56.9,54.4,52.5,52.1,57.6,58.8,59.2,58.6,57.3,56.0,55.7,56.3,133.5,129.1,126.1,126.3,129.5,134.2,136.9,136.7,136.8,131.6,126.8,123.8,124.3,127.8,134.3,134.8,135.2,135.8,136.7,137.4,133.6,133.6,132.7,131.3,130.2,130.2,131.2,132.6,101.8,105.1,107.0,106.5,103.7,100.4,98.5,99.0,103.9,102.3,101.2,101.5,102.9,105.1,108.6,103.8,100.4,98.2,98.1,100.1,101.6,101.4,102.3,103.9,105.2,105.5,104.6,103.0,103.8,100.9,172.7,1.248,1.134,-1.156,1205.4,1244.5,1279.2,1281.0,1276.0,1240.7,1196.7,1158.4,1245.4,1413.5,1603.7,1728.3,1772.1,1736.2,1701.0,1711.0,1700.2,933.7,924.9,951.4,979.7,1024.9,1120.3,1180.6,1254.8,1350.0,1463.8,1074.6,1047.8,1021.0,1001.8,1027.8,1062.0,1090.1,1123.0,1149.9,988.6,1011.0,1044.0,1071.8,1034.9,1008.9,1327.9,1394.7,1453.2,1508.1,1454.3,1398.9,1038.9,1050.8,1079.6,1121.6,1182.1,1252.0,1364.3,1221.4,1121.0,1053.9,1011.1,1011.7,1040.2,1061.8,1109.4,1168.2,1311.8,1144.0,1076.7,1039.8,237.4,346.4,434.8,538.1,676.0,864.4,1060.1,1262.2,1353.9,1360.4,1295.9,1236.8,1170.1,1106.3,1036.3,957.4,889.0,325.2,350.0,450.4,575.7,713.4,721.1,712.3,735.4,752.5,812.0,764.7,851.6,940.5,1032.1,932.1,992.6,1049.2,1067.2,1072.4,475.8,503.5,537.2,590.8,572.1,533.6,789.0,805.5,833.5,865.5,857.5,830.8,935.5,1010.8,1062.5,1096.5,1102.6,1133.7,1170.3,1153.5,1134.9,1122.4,1098.0,1044.0,964.0,1093.2,1122.3,1132.3,1157.3,1095.0,1088.6,1064.1,0.00,0.00,0.36,0.00,0.00,0.00,0.00,0.00,0.00,1.63,0.00,0.79,0.00,0.00,0.46,0.02,0.88,0.00,0.00,1.00,0.00,0.00,1.00,0.00,0.00,0.00,1.00,0.00,0.00,0.00,0.00,0.00,0.00,0.00,0.00
285,0,9.467,0.82,1,-0.691996,0.153009,-0.705499,-0.794150,0.394177,-0.462547,-0.905,0.438,1010.0,1025.9,1043.1,1051.6,1046.4,1032.3,1013.3,1004.8,992.3,1004.6,1013.6,1032.4,1055.4,1064.8,1061.6,1049.7,1030.9,1012.6,1004.0,1000.1,1026.6,1028.7,1033.4,1038.0,1039.7,1037.6,1032.9,1028.4,1356.1,1376.9,1417.1,1453.0,1463.7,1442.8,1402.7,1362.9,1327.8,1359.0,1392.9,1427.1,1457.9,1483.9,1509.7,1487.5,1461.9,1432.1,1394.6,1354.8,1386.8,1404.1,1423.4,1433.5,1428.3,1411.0,1391.7,1381.7,471.4,468.2,489.4,522.4,548.0,553.3,530.1,497.0,486.7,480.9,496.2,515.5,540.8,568.8,596.7,582.5,571.1,555.5,530.7,503.4,503.8,514.5,521.7,521.1,513.1,502.4,495.2,495.8,832.1,804.8,802.6,826.8,863.1,890.4,892.6,871.5,797.9,802.5,810.7,822.9,836.5,849.2,873.1,869.2,861.1,849.8,834.1,820.9,862.5,874.1,873.1,860.0,842.6,831.0,832.0,845.0,54.6,54.9,55.9,57.2,58.0,58.2,56.5,55.2,53.1,52.8,52.1,53.5,56.9,59.9,62.7,61.2,58.6,56.1,55.1,54.7,57.1,57.4,57.6,57.6,57.3,57.0,56.8,56.8,82.3,87.5,94.0,97.8,96.5,91.0,84.7,80.8,80.9,83.2,86.2,90.3,95.1,100.1,106.6,99.3,93.2,87.8,83.6,80.9,85.7,87.4,90.5,93.1,93.7,91.9,88.8,86.3,16.4,15.4,17.9,22.6,26.8,28.7,25.8,20.7,19.1,17.5,19.0,21.2,24.8,29.4,35.2,33.2,31.7,29.4,25.8,21.8,21.2,22.8,23.7,23.3,22.0,20.4,19.6,19.9,54.3,52.8,53.5,56.1,58.9,60.1,59.2,57.2,51.5,51.2,51.6,53.1,55.4,58.1,62.9,59.6,56.8,54.3,52.5,52.2,57.7,58.8,59.3,58.7,57.4,56.1,55.8,56.4,129.0,124.5,121.4,121.5,124.9,129.7,132.6,132.4,131.8,126.7,122.1,119.3,119.8,123.4,130.2,130.7,131.2,131.7,132.4,132.8,129.2,129.2,128.1,126.6,125.5,125.5,126.6,128.1,100.6,103.9,105.9,105.2,102.5,99.1,97.2,97.8,102.9,101.3,100.2,100.4,101.8,103.8,107.2,102.5,99.2,97.0,96.9,99.0,100.4,100.1,101.1,102.7,104.0,104.3,103.4,101.8,103.7,100.9,172.3,1.251,1.134,-1.162,1210.9,1248.4,1280.2,1280.1,1274.0,1238.9,1195.5,1159.5,1247.4,1415.5,1604.3,1726.9,1768.8,1733.6,1701.8,1716.0,1708.1,933.3,924.9,950.7,978.7,1025.1,1118.7,1179.8,1258.0,1358.0,1474.0,1076.3,1049.1,1022.2,1002.9,1027.5,1063.6,1092.4,1124.2,1149.9,988.5,1010.4,1043.7,1071.8,1034.8,1008.2,1328.2,1395.2,1454.8,1511.5,1456.6,1399.8,1037.6,1050.3,1078.1,1120.5,1181.9,1252.7,1365.0,1223.3,1123.0,1055.0,1011.4,1011.6,1039.1,1060.0,1108.2,1168.0,1312.6,1146.4,1078.1,1040.4,236.9,347.3,436.9,541.7,680.7,868.9,1063.2,1262.8,1353.8,1359.7,1294.5,1236.9,1170.4,1106.8,1036.9,958.0,890.7,320.9,344.4,445.5,573.4,714.0,722.2,712.3,735.5,753.7,813.3,769.7,855.3,942.7,1032.8,934.8,994.2,1050.0,1069.5,1075.7,476.2,504.0,538.8,593.6,574.8,535.1,794.3,809.4,837.3,869.7,862.8,836.3,938.0,1011.3,1062.8,1097.7,1104.2,1135.8,1173.1,1155.8,1136.8,1123.6,1098.3,1043.9,965.6,1093.6,1123.4,1134.0,1159.3,1099.1,1092.2,1067.1,0.00,0.00,0.26,0.00,0.00,0.00,0.00,0.00,0.00,1.55,0.03,0.68,0.00,0.00,0.58,0.00,0.92,0.00,0.00,1.00,0.00,0.00,1.00,0.00,0.00,0.00,1.00,0.00,0.00,0.00,0.00,0.00,0.00,0.00,0.00
286,0,9.500,0.82,1,-0.669153,0.147516,-0.728336,-0.800980,0.386073,-0.457580,-0.892,0.423,1011.8,1028.5,1045.4,1052.8,1046.1,1031.1,1012.5,1005.2,993.6,1004.3,1012.7,1031.4,1053.9,1062.7,1058.8,1045.6,1024.9,1006.7,999.8,997.9,1026.5,1028.4,1033.4,1038.6,1041.0,1039.1,1034.1,1028.9,1355.7,1377.1,1417.9,1454.2,1464.8,1443.4,1402.6,1362.5,1328.6,1360.1,1394.3,1429.1,1460.3,1486.8,1513.2,1490.2,1463.9,1433.5,1395.7,1355.9,1387.0,1404.5,1424.1,1434.4,1429.3,1411.8,1392.2,1381.9,475.0,471.2,491.6,524.1,549.7,555.7,533.1,500.6,487.8,481.9,497.2,518.8,545.9,573.2,599.2,588.2,576.8,559.8,534.4,506.3,507.0,517.9,525.0,524.0,515.7,504.8,497.7,498.7,834.4,806.7,804.1,828.1,864.5,892.1,894.7,874.0,801.4,806.1,814.0,826.2,840.0,852.7,876.5,872.2,864.0,852.6,837.1,824.1,864.6,876.2,875.0,861.7,844.3,832.7,833.9,847.1,53.3,53.8,54.8,55.8,56.3,56.2,54.7,53.6,52.3,51.9,51.2,52.5,55.7,58.5,60.8,59.4,56.8,54.4,53.7,53.5,55.4,55.7,55.9,56.0,55.9,55.7,55.4,55.3,81.6,86.7,93.1,96.8,95.4,90.0,83.8,80.0,80.1,82.4,85.3,89.4,94.2,99.2,105.8,98.4,92.3,87.0,82.8,80.2,84.9,86.6,89.6,92.2,92.8,91.1,88.0,85.5,16.5,15.4,17.8,22.2,26.3,28.1,25.4,20.6,18.9,17.3,18.8,21.3,25.0,29.5,34.7,33.4,32.0,29.7,26.0,21.9,21.1,22.6,23.5,23.1,21.7,20.2,19.4,19.7,54.1,52.6,53.2,55.7,58.4,59.6,58.8,56.9,51.4,51.0,51.3,52.8,55.1,57.7,62.6,59.3,56.5,54.0,52.3,52.0,57.3,58.4,58.8,58.2,56.9,55.8,55.4,56.1,125.3,121.1,118.2,118.3,121.3,125.7,128.4,128.3,129.4,124.5,120.2,117.4,117.8,121.0,127.0,128.2,129.1,129.9,130.6,130.8,125.4,125.4,124.4,123.0,122.0,122.0,123.0,124.4,99.7,103.0,104.8,104.1,101.2,98.0,96.2,96.9,101.8,100.1,98.9,99.1,100.5,102.6,106.0,101.3,98.0,95.9,95.9,98.0,99.4,99.1,99.9,101.5,102.9,103.2,102.4,100.8,103.6,101.2,172.2,1.254,1.133,-1.169,1215.9,1253.9,1283.7,1280.8,1272.9,1238.2,1195.1,1158.1,1246.8,1415.8,1605.5,1726.5,1767.2,1731.8,1702.0,1720.8,1716.4,933.7,924.1,947.9,974.6,1020.8,1114.2,1179.4,1261.1,1365.9,1485.2,1076.0,1049.5,1023.4,1005.2,1027.3,1064.7,1094.0,1125.0,1149.1,986.5,1008.2,1041.4,1069.9,1031.9,1005.4,1329.0,1396.6,1457.0,1515.1,1458.5,1401.0,1035.4,1049.6,1076.5,1119.0,1181.0,1251.8,1365.9,1225.1,1125.1,1056.9,1013.1,1012.8,1037.7,1058.6,1107.1,1167.3,1313.9,1148.4,1079.6,1041.7,238.5,351.2,441.7,546.0,683.1,869.1,1061.8,1261.7,1353.6,1359.1,1293.9,1237.5,1171.0,1106.8,1037.2,958.9,892.9,316.8,340.4,442.8,573.6,718.1,722.8,713.1,737.0,755.1,814.1,775.5,859.6,945.5,1034.3,936.6,995.9,1052.0,1072.4,1079.4,478.3,507.3,542.3,597.0,578.3,538.1,797.6,812.9,840.7,873.0,865.9,839.6,939.4,1011.1,1063.8,1099.7,1106.7,1138.9,1176.4,1157.7,1138.3,1124.5,1098.5,1043.4,965.8,1094.7,1125.1,1136.5,1161.7,1101.4,1094.0,1068.6,0.00,0.00,0.17,0.00,0.00,0.00,0.00,0.00,0.00,1.48,0.08,0.56,0.00,0.00,0.75,0.00,1.05,0.00,0.00,1.00,0.00,0.00,1.00,0.00,0.00,0.00,1.00,0.00,0.00,0.00,0.00,0.00,0.00,0.00,0.00
287,0,9.533,0.82,1,-0.684046,0.170851,-0.709148,-0.792843,0.385973,-0.471620,-0.896,0.441,1008.1,1022.6,1037.6,1044.4,1038.9,1026.2,1009.3,1002.6,990.4,1000.8,1007.9,1027.5,1052.3,1061.4,1058.2,1044.4,1020.8,1002.4,998.9,997.6,1022.2,1024.0,1028.7,1033.5,1035.6,1033.8,1029.2,1024.4,1357.9,1379.6,1420.3,1456.2,1466.3,1444.6,1403.9,1364.0,1327.4,1358.3,1392.1,1427.0,1458.8,1485.8,1512.7,1489.5,1462.9,1432.2,1394.0,1354.1,1388.5,1405.8,1425.5,1436.0,1431.1,1413.8,1394.1,1383.6,471.6,473.4,499.5,534.4,557.8,558.0,529.9,494.9,488.6,480.7,496.7,521.4,550.5,576.8,599.8,590.7,579.2,560.5,533.9,505.3,505.8,518.2,527.7,528.8,520.9,508.5,499.0,497.9,837.0,809.5,807.6,832.4,869.3,896.7,898.6,877.0,803.6,808.8,817.1,829.1,842.5,854.9,878.5,874.6,866.7,855.5,839.9,826.7,868.0,879.9,879.0,865.9,848.1,836.2,837.0,850.2,48.5,48.5,49.2,50.4,51.3,51.7,50.4,49.2,47.9,46.9,45.9,47.1,50.3,53.2,56.2,55.4,53.0,50.9,50.5,50.0,50.6,51.0,51.2,51.1,50.8,50.5,50.3,50.4,81.8,87.0,93.5,97.2,95.7,90.2,84.1,80.2,80.1,82.3,85.2,89.2,94.1,99.2,105.7,98.4,92.2,86.9,82.7,80.1,85.1,86.8,89.8,92.5,93.1,91.3,88.3,85.7,14.7,14.4,17.3,21.7,25.4,26.5,23.2,18.3,17.6,15.7,17.1,19.6,23.2,27.4,32.2,31.6,30.5,28.2,24.5,20.3,19.3,21.0,22.1,21.9,20.7,19.0,18.0,18.1,54.3,52.9,53.6,56.2,59.0,60.2,59.3,57.3,51.7,51.4,51.8,53.2,55.5,58.0,62.8,59.6,56.8,54.3,52.6,52.3,57.8,58.9,59.3,58.8,57.4,56.2,55.8,56.5,115.2,110.9,108.3,109.0,112.5,117.1,119.4,118.8,119.7,113.7,109.3,106.3,106.7,110.5,117.6,119.9,121.7,123.0,123.2,122.4,115.9,116.1,115.2,113.7,112.4,112.2,113.1,114.6,99.7,103.0,104.8,104.2,101.4,98.1,96.3,96.9,102.0,100.3,99.1,99.2,100.6,102.6,106.0,101.3,98.1,95.9,95.9,98.1,99.5,99.2,100.1,101.6,103.0,103.3,102.4,100.8,103.5,101.4,172.3,1.275,1.130,-1.200,1219.5,1256.7,1286.0,1282.7,1273.9,1239.3,1194.7,1157.8,1247.4,1416.9,1606.6,1725.1,1764.6,1730.9,1703.9,1727.7,1727.9,932.2,920.7,942.8,969.1,1016.7,1111.8,1176.0,1259.2,1367.3,1489.1,1071.5,1046.8,1022.4,1005.7,1026.9,1066.7,1097.0,1126.6,1148.0,983.6,1005.2,1038.8,1067.0,1028.4,1002.0,1327.9,1394.4,1455.7,1514.9,1458.0,1399.8,1033.2,1049.0,1075.0,1118.0,1180.9,1250.9,1363.5,1226.5,1128.7,1059.9,1015.5,1014.3,1035.7,1056.9,1106.2,1167.0,1312.8,1150.3,1081.2,1042.5,235.0,349.3,439.5,544.0,682.2,868.7,1063.1,1262.9,1354.9,1359.8,1293.2,1238.0,1171.2,1106.2,1037.3,959.2,893.3,313.0,336.0,439.5,573.6,722.1,723.4,712.1,734.7,751.5,809.8,779.6,861.6,945.6,1032.6,938.1,996.2,1051.5,1073.2,1081.4,478.7,509.2,543.8,598.3,580.2,539.7,800.0,815.5,842.9,875.2,868.3,842.3,941.3,1010.4,1064.1,1101.1,1108.5,1142.8,1182.7,1161.5,1140.1,1125.6,1098.5,1042.4,967.0,1095.9,1127.3,1139.5,1166.7,1103.9,1095.9,1069.9,0.00,0.00,0.07,0.00,0.00,0.00,0.00,0.00,0.00,0.96,0.08,0.35,0.00,0.00,0.55,0.00,0.70,0.00,0.00,1.00,0.00,0.00,1.00,0.00,0.00,0.00,1.00,0.00,0.00,0.00,0.00,0.00,0.00,0.00,0.00
288,0,9.567,0.03,0,0.000000,0.000000,0.000000,0.000000,0.000000,0.000000,0.000,0.000,1003.0,1005.0,1013.1,1022.5,1027.7,1029.1,1017.6,1008.2,997.2,1001.8,1010.6,1032.2,1061.4,1078.1,1092.5,1067.1,1037.8,1015.5,1005.0,1000.5,1015.5,1023.3,1031.1,1034.4,1031.2,1023.4,1015.6,1012.3,1358.0,1380.8,1423.2,1460.2,1470.3,1447.4,1405.1,1364.0,1328.1,1358.2,1392.0,1428.8,1462.6,1490.9,1519.4,1494.7,1466.7,1435.3,1395.7,1354.6,1389.8,1407.7,1428.2,1439.2,1434.3,1416.4,1396.0,1385.0,455.2,452.8,480.0,520.9,551.5,556.9,526.7,485.8,460.0,459.2,472.4,495.4,525.4,553.0,588.2,589.7,583.0,564.8,534.6,499.5,492.7,517.6,533.0,530.0,510.3,485.5,470.1,473.1,841.8,814.6,812.8,837.4,873.9,901.1,902.9,881.6,807.7,811.0,817.8,829.2,843.1,856.3,883.3,880.3,872.8,861.5,845.3,831.9,873.0,884.9,884.0,871.0,853.4,841.5,842.4,855.4,45.1,43.2,42.4,43.3,45.3,47.8,48.1,47.1,43.2,40.8,39.7,40.5,43.5,46.6,51.2,50.1,47.8,45.9,44.8,44.1,47.0,47.8,47.7,46.7,45.4,44.6,44.8,45.7,79.4,84.7,91.1,94.6,92.9,87.3,81.3,77.6,78.2,80.2,82.8,86.8,91.7,96.6,102.9,95.5,89.4,84.2,80.1,77.8,82.5,84.1,87.1,89.8,90.5,88.9,85.8,83.2,11.8,11.0,13.6,18.2,22.4,24.2,21.2,16.1,12.1,11.2,12.0,14.0,17.1,20.5,25.8,26.9,26.8,25.0,21.4,17.1,16.6,19.7,21.1,20.1,17.5,14.6,13.1,13.9,53.3,52.0,52.7,55.0,57.5,58.5,57.7,55.9,50.9,50.3,50.4,51.7,53.8,56.3,61.2,58.1,55.5,53.1,51.5,51.4,56.5,57.5,57.9,57.4,56.2,55.1,54.8,55.3,108.6,103.5,99.5,99.0,102.2,107.6,111.4,111.9,105.8,98.6,93.8,90.4,90.4,93.1,99.1,102.6,105.1,106.9,107.3,107.0,109.4,109.1,106.7,103.6,101.6,101.9,104.3,107.4,96.8,100.1,101.8,100.9,97.9,94.6,92.9,93.8,99.4,97.7,96.4,96.3,97.5,99.3,102.4,97.8,94.6,92.6,92.8,95.2,96.3,95.9,96.7,98.3,99.7,100.2,99.3,97.8,103.5,100.8,171.7,1.284,1.136,-1.202,1226.2,1257.5,1281.9,1277.7,1271.8,1237.3,1193.0,1160.9,1250.0,1417.8,1606.6,1723.3,1761.0,1728.9,1705.7,1732.2,1734.6,926.9,921.1,947.4,975.0,1024.7,1116.4,1178.9,1265.2,1374.8,1495.7,1073.8,1047.7,1020.1,1000.0,1024.7,1066.8,1099.9,1128.4,1152.5,991.8,1012.4,1049.5,1080.5,1040.1,1010.4,1329.6,1393.9,1460.5,1525.1,1464.9,1401.1,1039.0,1047.6,1074.6,1118.8,1181.7,1253.8,1361.7,1228.0,1130.5,1061.4,1016.5,1015.9,1040.6,1055.4,1105.0,1166.3,1309.3,1152.3,1082.5,1042.7,233.2,345.6,436.3,543.7,681.1,867.2,1064.6,1263.5,1354.8,1360.9,1294.6,1239.0,1169.8,1104.9,1038.3,962.2,895.2,297.3,328.4,436.2,571.7,718.9,729.6,713.6,735.2,753.7,814.9,776.4,859.4,945.3,1033.0,940.9,999.1,1052.8,1074.9,1083.8,462.3,487.3,527.7,592.9,574.6,529.0,802.7,811.0,840.1,878.6,877.9,850.1,940.3,1011.2,1062.4,1100.9,1109.7,1145.5,1188.1,1165.3,1143.9,1127.4,1097.0,1040.5,966.8,1096.4,1129.6,1142.9,1169.9,1107.9,1097.2,1067.9,0.00,0.00,0.03,0.00,0.00,0.00,0.00,0.00,0.00,0.88,0.06,0.26,0.00,0.00,0.60,0.00,0.53,0.00,0.00,1.00,0.00,0.00,1.00,0.00,0.00,0.00,1.00,0.00,0.00,0.00,0.00,0.00,0.00,0.00,0.00
289,0,9.600,0.82,1,-0.778513,-0.000684,-0.627628,-0.815094,0.488345,-0.311675,-1.038,0.479,1016.2,1021.7,1033.3,1044.3,1048.2,1045.8,1031.1,1020.1,1005.0,1007.5,1012.8,1033.2,1063.4,1081.0,1090.6,1072.1,1048.4,1026.1,1012.4,1009.1,1032.3,1038.3,1044.9,1048.2,1046.3,1040.3,1033.7,1030.4,1332.4,1356.2,1401.1,1440.7,1451.9,1428.1,1383.3,1340.1,1324.1,1355.1,1389.7,1428.2,1462.8,1491.2,1521.4,1495.0,1465.9,1434.3,1393.2,1351.0,1369.0,1387.7,1408.9,1420.1,1414.8,1396.0,1374.8,1363.6,451.5,437.6,453.6,490.2,525.9,542.8,523.8,487.2,469.2,457.9,468.1,490.3,522.8,558.4,603.0,590.1,580.4,563.6,533.8,500.4,486.8,505.1,513.0,505.7,487.7,469.4,461.5,468.7,858.7,828.2,820.1,839.0,873.9,904.4,912.5,897.4,815.1,813.9,818.4,829.0,843.6,858.2,889.2,888.1,881.8,870.7,854.2,840.9,884.9,893.9,890.2,875.9,859.4,850.3,854.0,868.3,44.4,43.1,42.5,43.1,44.6,46.5,46.6,45.9,44.3,42.6,41.1,41.5,44.3,47.2,50.6,49.2,47.1,45.2,44.3,44.5,46.0,46.5,46.3,45.6,44.9,44.5,44.7,45.3,74.7,79.7,85.5,88.5,86.7,81.5,76.1,73.0,75.9,77.9,80.6,84.5,89.1,93.6,99.4,92.1,86.1,81.1,77.2,75.1,77.7,79.1,81.7,84.2,85.0,83.5,80.8,78.4,10.8,8.8,10.1,13.9,18.1,21.0,19.5,15.3,13.3,11.3,11.9,13.8,17.0,21.2,27.3,26.2,25.4,23.9,20.7,16.9,14.9,16.9,17.5,16.3,14.1,12.2,11.5,12.6,53.8,52.1,51.7,52.9,54.9,56.3,56.6,56.0,50.5,49.5,49.3,50.3,52.3,54.8,59.7,56.9,54.4,52.1,50.7,50.8,56.0,56.5,56.4,55.7,54.8,54.2,54.3,55.1,103.2,98.7,94.6,93.4,95.7,100.3,104.3,105.5,106.3,101.5,96.5,92.4,91.5,93.6,98.3,99.6,101.0,102.5,104.1,105.5,102.7,102.0,100.0,97.8,96.6,97.3,99.3,101.5,94.4,97.4,98.3,96.7,93.5,90.5,89.6,91.2,97.0,95.4,94.0,93.8,94.7,96.2,98.7,94.2,91.3,89.3,89.7,92.5,93.3,92.5,93.0,94.4,95.9,96.7,96.2,94.8,102.3,100.3,168.2,1.213,1.147,-1.120,1235.9,1262.9,1284.3,1280.1,1271.9,1237.2,1196.0,1173.1,1261.3,1420.9,1603.3,1723.7,1761.7,1737.4,1719.5,1738.5,1735.5,933.1,930.4,958.4,988.1,1039.2,1121.2,1175.9,1262.8,1372.9,1488.4,1091.3,1058.5,1024.8,998.0,1027.6,1065.9,1097.4,1128.5,1158.9,1001.3,1017.9,1056.2,1087.1,1049.9,1017.1,1325.6,1390.3,1457.7,1525.0,1464.1,1397.4,1043.5,1051.1,1079.6,1123.1,1184.2,1253.9,1358.8,1223.6,1128.5,1060.6,1016.6,1013.8,1042.4,1060.7,1108.1,1169.1,1302.6,1155.1,1086.0,1046.8,228.1,346.0,449.3,570.7,719.6,907.5,1095.9,1273.6,1351.3,1358.8,1298.1,1245.4,1179.3,1115.2,1045.7,968.5,898.5,296.5,319.9,425.4,559.8,703.9,726.6,710.4,731.3,752.4,818.4,770.3,858.9,949.1,1040.5,950.8,1008.2,1060.8,1082.0,1089.4,460.6,482.1,527.5,601.0,579.2,530.3,810.3,812.0,842.7,884.2,888.0,859.2,963.2,1031.9,1073.9,1110.6,1118.9,1154.7,1195.5,1172.9,1150.3,1134.9,1106.2,1058.5,990.7,1107.5,1138.9,1151.0,1179.1,1115.1,1105.5,1077.3,0.00,0.00,0.00,0.03,0.00,0.00,0.00,0.00,0.00,0.80,0.01,0.19,0.00,0.00,0.60,0.00,0.17,1.00,1.00,1.00,1.00,0.00,1.00,0.00,0.00,0.00,1.00,0.00,0.00,0.00,0.00,0.00,0.00,0.00,0.00
290,0,9.633,0.82,1,-0.780462,-0.011076,-0.625105,-0.649730,-0.319078,-0.689956,-0.827,-0.246,1017.7,1023.6,1035.8,1047.2,1051.1,1048.3,1033.0,1021.6,1006.9,1010.5,1015.5,1035.7,1065.1,1081.5,1089.7,1072.5,1050.0,1027.5,1013.2,1010.7,1034.3,1040.3,1046.9,1050.2,1048.4,1042.5,1035.9,1032.5,1300.0,1324.7,1370.0,1409.5,1420.0,1395.3,1349.9,1307.8,1325.7,1357.7,1392.8,1432.9,1468.1,1496.1,1527.6,1499.7,1470.0,1438.0,1396.3,1353.5,1339.3,1357.9,1379.2,1390.7,1385.7,1367.1,1345.8,1334.3,452.6,436.7,450.6,486.3,522.7,541.7,524.7,489.1,469.0,455.8,465.0,486.1,519.2,556.9,604.2,590.2,580.0,563.5,533.5,499.8,487.2,504.7,511.4,503.5,485.5,468.0,461.2,469.2,874.1,839.2,822.0,832.5,864.6,899.5,916.7,910.7,818.1,813.2,815.7,825.4,841.0,857.7,891.2,892.2,887.1,876.4,859.8,845.8,892.2,897.4,889.6,873.4,858.2,853.1,860.9,877.1,44.6,43.3,42.9,43.4,44.8,46.6,46.7,45.9,44.6,43.1,41.6,41.9,44.6,47.4,50.6,49.3,47.3,45.4,44.4,44.7,46.2,46.6,46.4,45.8,45.1,44.8,44.9,45.5,70.2,74.6,79.3,81.3,79.2,74.8,70.5,68.5,73.7,75.9,78.5,82.4,86.8,91.0,96.6,89.2,83.4,78.6,74.8,72.9,72.7,73.6,75.7,77.8,78.7,77.8,75.5,73.4,10.9,8.7,9.8,13.5,17.7,20.7,19.6,15.5,13.3,11.1,11.6,13.4,16.7,21.1,27.5,26.2,25.4,23.8,20.6,16.9,14.9,16.8,17.3,16.0,13.9,12.0,11.5,12.7,54.7,52.2,50.2,49.9,51.3,53.4,55.3,56.5,49.3,47.9,47.5,48.4,50.4,52.9,57.8,55.2,53.0,50.8,49.4,49.7,55.3,55.1,54.2,53.2,52.6,52.7,53.6,54.7,103.3,98.9,94.7,93.3,95.4,99.9,103.9,105.4,106.5,101.8,96.8,92.7,91.8,93.9,98.5,99.7,101.0,102.5,104.1,105.6,102.5,101.8,99.8,97.6,96.6,97.3,99.3,101.5,93.1,95.4,95.1,92.4,88.9,86.6,86.9,89.7,94.1,92.5,91.2,90.9,91.7,93.0,95.2,90.8,87.9,86.1,86.6,89.4,90.9,89.7,89.6,90.7,92.4,93.6,93.7,92.6,102.4,100.4,168.2,1.220,1.151,-1.128,1243.7,1267.9,1284.9,1275.3,1267.7,1235.1,1197.7,1174.9,1261.4,1420.5,1603.2,1723.1,1761.4,1737.5,1719.4,1740.2,1738.3,939.2,933.0,959.2,987.1,1038.8,1123.7,1176.2,1261.7,1372.6,1489.1,1091.9,1059.6,1025.9,999.5,1029.0,1068.1,1099.0,1129.7,1158.9,1003.4,1020.2,1059.5,1089.4,1052.6,1019.3,1327.1,1392.2,1462.0,1529.9,1468.8,1400.4,1043.4,1051.7,1079.8,1123.5,1184.2,1252.6,1357.7,1223.4,1127.3,1060.4,1016.8,1014.7,1043.7,1059.1,1106.7,1166.6,1300.4,1156.1,1087.7,1048.7,227.3,350.3,456.6,578.3,723.5,907.5,1093.7,1271.5,1349.1,1356.3,1297.7,1247.2,1181.4,1116.6,1047.6,970.8,900.2,297.6,316.6,422.4,558.7,706.3,726.0,710.6,732.9,754.8,823.5,770.9,859.9,950.7,1042.4,952.4,1010.2,1063.4,1084.6,1092.4,458.7,476.9,524.0,603.3,580.8,529.9,813.3,810.3,841.4,887.3,892.8,863.3,960.9,1030.8,1074.5,1112.0,1121.0,1157.9,1200.3,1175.0,1152.1,1135.4,1106.2,1057.4,987.1,1108.2,1140.5,1153.6,1183.0,1116.6,1106.2,1077.1,0.00,0.00,0.00,0.05,0.00,0.00,0.00,0.00,0.00,1.18,0.03,0.28,0.00,0.00,0.95,0.00,0.17,1.00,1.00,1.00,1.00,0.00,1.00,0.00,0.00,0.00,1.00,0.00,0.00,0.00,0.00,0.00,0.00,0.00,0.00
291,0,9.667,0.82,1,-0.793416,-0.017364,-0.608432,-0.651386,-0.320201,-0.687872,-0.840,-0.255,1019.0,1025.6,1038.0,1048.8,1051.8,1048.4,1032.9,1022.0,1006.3,1013.2,1020.3,1042.5,1072.9,1087.6,1092.4,1072.9,1049.0,1026.2,1013.0,1010.5,1035.6,1041.3,1047.9,1051.7,1050.4,1044.7,1038.0,1034.2,1285.8,1310.6,1355.5,1394.1,1403.8,1378.9,1334.1,1293.3,1328.4,1360.6,1396.3,1437.5,1473.4,1501.7,1534.2,1505.3,1475.0,1442.7,1400.5,1357.0,1325.7,1343.9,1365.1,1376.6,1371.9,1353.6,1332.5,1320.9,449.5,432.2,446.8,484.8,523.9,544.6,526.6,488.6,463.3,451.9,463.4,486.2,521.1,558.7,606.1,592.5,581.6,563.3,531.6,495.8,486.6,505.2,512.3,503.8,484.7,466.2,459.1,467.5,883.6,847.0,825.2,830.9,860.9,897.5,919.3,918.4,820.7,814.8,816.2,825.7,842.2,860.1,895.0,896.4,891.4,880.5,863.4,849.1,897.2,900.2,890.3,873.3,859.1,856.0,865.9,883.0,44.4,43.1,42.5,42.8,44.1,45.9,46.2,45.6,43.2,41.9,40.5,41.2,44.0,46.7,49.8,48.4,46.3,44.3,43.3,43.5,45.8,46.1,45.9,45.3,44.7,44.4,44.7,45.2,67.9,72.0,76.1,77.4,75.2,71.1,67.5,66.0,72.3,74.4,76.8,80.7,85.0,89.2,94.8,87.4,81.7,76.9,73.3,71.5,69.9,70.6,72.4,74.4,75.4,74.7,72.8,70.8,10.5,8.1,9.3,13.1,17.6,20.8,19.6,15.4,12.2,10.3,11.0,12.9,16.4,20.7,27.1,26.0,25.1,23.3,19.9,15.9,14.7,16.7,17.1,15.8,13.6,11.7,11.1,12.3,55.0,52.3,49.5,48.4,49.3,51.7,54.4,56.4,48.4,46.9,46.3,47.1,49.2,51.8,56.7,54.2,52.0,49.9,48.5,48.8,54.8,54.2,53.0,51.9,51.4,51.9,53.2,54.4,102.4,97.8,93.4,91.7,93.7,98.4,102.8,104.5,103.1,98.1,93.2,89.5,89.0,91.2,96.2,97.7,99.0,100.4,101.6,102.8,101.4,100.6,98.5,96.2,95.2,96.0,98.2,100.4,92.0,94.0,93.1,89.8,86.1,84.2,85.0,88.4,92.0,90.3,88.8,88.5,89.3,90.6,92.8,88.4,85.6,83.9,84.3,87.2,89.2,87.8,87.4,88.4,90.1,91.6,91.9,91.0,102.4,100.4,167.9,1.227,1.154,-1.135,1251.3,1273.2,1287.2,1273.9,1266.0,1234.9,1199.3,1174.8,1259.8,1417.9,1603.3,1722.4,1759.0,1733.5,1716.7,1742.1,1744.8,941.2,934.9,959.6,985.1,1034.8,1121.8,1176.6,1263.0,1376.1,1494.9,1091.9,1060.1,1026.4,1000.2,1030.7,1069.5,1099.6,1129.7,1158.0,1006.2,1022.8,1062.8,1091.8,1054.8,1021.1,1329.5,1396.2,1467.3,1536.4,1473.8,1404.5,1045.5,1053.8,1080.8,1124.0,1184.0,1251.9,1357.1,1222.0,1126.0,1060.6,1017.9,1017.2,1045.4,1058.8,1106.0,1164.8,1299.9,1156.0,1088.5,1050.2,223.9,352.1,461.9,584.7,727.7,908.5,1092.0,1269.3,1347.9,1356.9,1299.7,1249.3,1182.8,1117.3,1048.6,971.7,900.1,296.2,315.0,421.9,559.4,709.2,726.5,711.1,734.2,755.6,825.5,771.6,860.4,951.2,1043.0,953.1,1011.1,1064.9,1086.7,1095.0,457.2,474.7,522.7,604.9,582.0,530.1,815.7,810.9,842.7,890.7,897.0,866.6,960.9,1030.7,1075.4,1113.5,1122.9,1161.4,1205.5,1178.4,1154.1,1136.3,1106.7,1056.8,986.8,1108.8,1141.7,1155.5,1187.2,1118.7,1107.5,1078.0,0.00,0.00,0.00,0.13,0.00,0.00,0.00,0.00,0.00,1.13,0.02,0.23,0.00,0.00,1.01,0.00,0.11,1.00,1.00,1.00,1.00,0.00,1.00,0.00,0.00,0.00,1.00,0.00,0.00,0.00,0.00,0.00,0.00,0.00,0.00
292,0,9.700,0.82,1,-0.814474,-0.003245,-0.580190,-0.652785,-0.321288,-0.686036,-0.859,-0.251,1035.6,1044.4,1052.8,1055.9,1051.9,1045.4,1034.7,1031.6,1030.9,1036.5,1041.2,1056.8,1079.4,1092.0,1097.5,1077.6,1055.8,1036.2,1023.6,1025.0,1043.1,1045.6,1051.1,1056.4,1058.5,1056.1,1050.6,1045.2,1289.9,1315.0,1360.4,1399.5,1409.4,1384.3,1338.9,1297.6,1330.4,1362.8,1398.8,1440.1,1476.1,1504.5,1537.0,1508.0,1477.5,1445.0,1402.7,1359.0,1330.0,1348.5,1369.9,1381.6,1376.8,1358.3,1336.9,1325.2,449.9,435.6,450.9,486.7,522.1,539.9,521.0,485.2,457.2,450.1,461.1,483.6,518.9,558.2,605.1,594.8,582.6,565.0,533.4,496.0,485.9,504.7,512.7,505.2,486.6,467.8,459.9,467.4,883.4,847.3,826.2,832.5,862.6,898.7,919.8,918.3,822.7,817.3,819.0,828.8,845.4,863.2,898.1,899.6,894.6,883.4,866.0,851.4,897.7,901.0,891.5,874.6,860.4,857.0,866.6,883.4,49.1,48.2,47.2,46.7,47.2,48.5,49.1,49.5,48.9,47.1,45.2,45.3,47.6,50.3,53.4,51.9,49.9,48.1,47.2,47.9,49.7,49.6,49.2,48.8,48.6,48.7,49.1,49.5,67.8,72.0,76.2,77.6,75.4,71.1,67.4,65.9,72.1,74.1,76.5,80.4,84.7,88.9,94.5,87.1,81.3,76.6,73.0,71.2,69.9,70.6,72.5,74.5,75.4,74.7,72.7,70.7,11.2,9.0,10.4,14.2,18.6,21.5,20.0,15.8,12.2,10.7,11.4,13.4,17.2,22.0,28.6,27.8,26.7,24.9,21.3,16.9,15.5,17.7,18.3,17.0,14.7,12.6,11.9,13.1,54.6,52.0,49.3,48.3,49.2,51.5,54.0,56.0,48.3,46.9,46.3,47.1,49.2,51.7,56.7,54.1,51.9,49.8,48.4,48.7,54.4,53.9,52.8,51.7,51.2,51.7,52.9,54.0,108.7,104.4,100.1,98.3,100.2,104.6,108.8,110.5,109.5,104.0,98.6,95.0,94.8,97.3,102.2,103.8,105.0,106.2,107.6,108.9,107.8,106.9,104.7,102.5,101.5,102.4,104.6,106.8,91.3,93.3,92.6,89.4,85.7,83.6,84.4,87.7,91.4,89.7,88.2,87.9,88.7,90.0,92.2,87.8,85.0,83.2,83.7,86.6,88.6,87.2,86.9,87.9,89.6,91.0,91.3,90.3,103.3,100.9,168.5,1.245,1.163,-1.150,1259.9,1277.4,1288.3,1274.6,1267.2,1236.5,1199.6,1175.3,1260.2,1416.3,1602.3,1721.2,1757.4,1731.6,1717.0,1744.5,1749.7,948.2,944.4,967.2,990.6,1036.4,1123.2,1178.9,1265.8,1380.1,1499.1,1097.0,1064.3,1029.4,1002.1,1033.5,1071.9,1101.6,1131.1,1159.4,1018.2,1034.7,1073.5,1100.1,1064.2,1031.3,1332.0,1400.3,1470.9,1539.4,1476.6,1407.3,1051.2,1057.3,1081.7,1123.2,1181.5,1249.5,1354.9,1218.7,1124.7,1061.0,1019.6,1020.3,1048.9,1060.0,1105.6,1162.7,1298.4,1155.2,1089.2,1052.2,226.2,354.4,464.4,587.6,729.4,909.4,1092.1,1268.4,1347.4,1358.7,1302.0,1251.3,1184.5,1120.3,1052.2,974.9,903.2,291.9,311.6,418.9,556.0,704.8,727.9,710.7,733.1,754.2,824.2,771.0,860.9,952.8,1045.5,953.7,1011.3,1065.3,1087.8,1096.4,454.7,473.4,521.8,603.6,580.4,528.4,817.6,813.9,845.8,893.4,900.0,869.3,960.9,1031.9,1077.3,1115.1,1124.8,1163.5,1206.9,1180.5,1154.2,1135.7,1106.0,1055.8,987.6,1109.1,1142.0,1156.2,1188.6,1119.9,1108.3,1078.7,0.08,0.00,0.00,0.12,0.00,0.00,0.00,0.00,0.00,1.10,0.02,0.17,0.00,0.00,1.09,0.00,0.19,1.00,1.00,1.00,1.00,0.00,1.00,0.00,0.00,0.00,1.00,0.00,0.00,0.00,1.00,0.00,0.00,0.00,0.00
293,0,9.733,0.82,1,-0.815291,0.024820,-0.578520,-0.653832,-0.323007,-0.684230,-0.861,-0.232,1033.0,1041.6,1053.0,1060.6,1059.9,1053.9,1039.8,1032.3,1029.1,1035.6,1039.0,1055.1,1079.0,1092.7,1099.6,1082.5,1063.3,1043.3,1028.9,1028.2,1045.1,1049.5,1056.2,1061.2,1061.6,1057.2,1050.5,1045.5,1274.5,1301.1,1346.1,1383.0,1390.4,1363.8,1318.9,1280.1,1332.0,1363.9,1400.1,1442.5,1478.9,1507.9,1541.5,1511.0,1479.4,1446.2,1403.6,1360.3,1314.1,1331.6,1352.7,1365.0,1361.4,1343.9,1322.8,1310.5,450.4,434.2,447.9,483.4,519.9,539.5,522.5,487.0,456.3,449.4,462.5,483.0,516.1,555.5,601.2,590.5,579.7,564.1,532.8,493.9,485.7,503.9,511.0,502.9,484.2,465.9,458.8,467.0,890.8,852.7,828.3,831.9,861.4,899.4,923.8,925.3,825.3,820.1,821.8,832.2,849.3,867.8,902.4,904.8,899.9,888.3,870.5,854.9,902.3,904.4,893.3,875.6,861.7,859.6,870.7,888.3,48.9,48.0,47.4,47.3,48.1,49.5,49.7,49.6,48.8,47.2,45.2,45.6,48.2,51.1,54.7,53.5,51.8,49.8,48.5,48.8,50.0,50.1,49.9,49.4,49.0,48.9,49.2,49.6,65.9,69.9,73.5,74.1,71.5,67.6,64.6,63.8,70.7,72.3,74.5,78.2,82.4,86.7,92.4,85.1,79.6,75.0,71.4,69.8,67.5,67.9,69.4,71.3,72.4,72.0,70.4,68.5,11.3,8.9,10.1,13.9,18.3,21.5,20.2,16.1,12.1,10.7,11.6,13.5,17.1,22.1,28.7,27.9,26.9,25.2,21.5,16.8,15.5,17.6,18.1,16.8,14.4,12.4,11.8,13.1,55.1,52.1,48.7,47.0,47.8,50.4,53.6,56.3,47.5,46.0,45.3,46.0,48.1,50.7,55.6,53.2,51.2,49.1,47.8,47.9,54.3,53.4,51.9,50.7,50.4,51.1,52.6,54.0,109.0,104.7,100.3,98.5,100.2,104.6,108.8,110.7,109.7,104.5,99.1,96.1,96.1,98.8,104.2,105.8,107.2,108.0,109.1,110.0,107.9,107.0,104.9,102.7,101.8,102.7,104.8,107.0,90.9,92.5,91.0,87.2,83.4,81.7,83.2,87.2,89.4,87.4,85.7,85.3,86.0,87.4,89.7,85.5,83.0,81.4,81.8,84.8,87.6,85.9,85.2,86.0,87.8,89.5,90.2,89.4,103.2,100.7,167.9,1.247,1.165,-1.149,1263.3,1279.5,1289.2,1275.8,1268.9,1238.9,1199.4,1173.6,1258.7,1414.3,1603.0,1722.5,1758.0,1732.2,1719.1,1747.8,1754.5,945.5,947.1,971.7,994.7,1038.5,1124.8,1182.0,1268.8,1383.2,1500.9,1102.3,1068.4,1032.2,1003.6,1032.7,1071.3,1102.1,1131.2,1159.3,1021.2,1036.9,1075.7,1102.2,1065.2,1031.6,1333.6,1402.1,1473.1,1543.3,1478.2,1408.0,1052.6,1060.2,1083.2,1123.6,1181.6,1248.9,1353.3,1216.2,1123.7,1061.1,1020.7,1021.7,1049.3,1061.0,1105.1,1162.1,1298.0,1155.4,1089.9,1054.0,225.4,355.3,467.8,593.0,734.5,912.5,1093.0,1266.0,1344.7,1358.7,1303.5,1253.4,1185.7,1120.9,1053.4,976.8,905.1,279.2,304.9,414.7,552.9,702.2,728.0,710.3,732.5,752.6,822.9,771.1,861.1,953.0,1045.6,954.4,1012.0,1065.8,1089.5,1098.7,449.6,470.5,520.6,603.5,579.2,525.9,820.3,817.5,850.3,898.1,904.9,873.6,960.3,1031.7,1077.8,1115.7,1125.1,1164.9,1209.0,1183.0,1155.1,1136.3,1106.3,1055.2,987.2,1109.3,1142.2,1156.2,1190.0,1121.4,1109.6,1080.1,0.28,0.16,0.00,0.12,0.00,0.00,0.00,0.00,0.00,1.08,0.01,0.11,0.00,0.00,1.12,0.00,0.42,1.00,1.00,1.00,1.00,0.00,1.00,0.00,0.00,0.00,1.00,0.00,0.00,0.00,1.00,0.00,0.00,0.00,0.00
294,0,9.767,0.82,1,-0.808227,0.028542,-0.588179,-0.653687,-0.325847,-0.683021,-0.855,-0.230,1033.4,1042.1,1053.4,1060.6,1059.5,1053.3,1039.5,1032.3,1029.0,1035.1,1038.2,1053.9,1076.7,1090.2,1097.8,1081.6,1061.7,1040.9,1026.9,1027.5,1045.0,1049.3,1056.0,1061.1,1061.6,1057.3,1050.7,1045.6,1286.5,1314.1,1361.0,1399.7,1407.5,1379.9,1333.0,1292.0,1332.5,1364.6,1401.1,1443.2,1479.5,1508.9,1542.3,1511.7,1479.7,1446.2,1403.6,1360.4,1326.5,1344.8,1366.8,1379.7,1375.9,1357.5,1335.5,1322.6,450.0,434.2,448.3,483.9,520.2,539.4,521.9,486.3,456.7,452.0,465.6,486.7,518.9,557.3,601.1,591.0,580.1,564.0,532.0,493.5,485.4,503.9,511.2,503.1,484.3,465.8,458.5,466.6,887.1,850.5,829.8,837.1,868.3,904.9,925.6,923.1,829.3,825.7,828.6,839.9,856.7,874.6,908.5,909.9,904.4,892.4,874.4,858.6,902.6,906.4,897.0,880.0,865.2,861.4,870.8,887.8,48.8,47.9,47.2,47.2,47.9,49.3,49.6,49.5,48.9,47.7,45.8,46.2,48.5,51.1,54.3,53.2,51.4,49.4,48.2,48.8,49.8,49.9,49.7,49.3,48.9,48.8,49.0,49.4,66.4,70.8,74.8,75.8,73.3,69.0,65.5,64.3,70.6,72.2,74.4,78.0,82.3,86.6,92.4,85.1,79.5,74.8,71.3,69.7,68.2,68.8,70.6,72.6,73.8,73.2,71.3,69.2,11.2,8.8,10.1,13.9,18.3,21.4,20.1,15.9,12.2,11.1,12.1,14.1,17.7,22.4,28.6,27.8,26.8,25.1,21.4,16.8,15.4,17.5,18.1,16.7,14.4,12.4,11.8,13.0,54.2,51.5,48.7,47.6,48.5,50.8,53.5,55.5,47.8,46.4,45.8,46.6,48.7,51.3,56.1,53.7,51.5,49.4,48.0,48.2,53.9,53.3,52.2,51.1,50.6,51.1,52.3,53.5,108.5,104.3,100.0,98.2,100.0,104.3,108.5,110.3,110.1,105.6,100.6,97.6,97.3,99.3,103.8,105.3,106.7,107.8,109.0,110.2,107.6,106.7,104.6,102.4,101.4,102.3,104.5,106.7,89.9,91.8,90.8,87.4,83.6,81.6,82.7,86.3,89.2,87.2,85.5,85.0,85.8,87.2,89.6,85.4,82.8,81.2,81.7,84.6,87.0,85.4,85.0,85.9,87.7,89.2,89.7,88.7,102.9,100.5,167.4,1.251,1.163,-1.146,1260.9,1278.5,1289.4,1277.9,1269.4,1238.7,1198.1,1173.3,1258.8,1413.9,1601.4,1722.9,1758.9,1734.1,1721.9,1749.8,1756.0,947.8,949.1,972.7,996.7,1041.5,1126.6,1184.1,1271.3,1386.7,1503.8,1105.1,1070.4,1034.1,1005.1,1031.7,1070.9,1102.6,1132.5,1160.8,1020.7,1036.0,1074.3,1100.8,1063.6,1030.1,1334.1,1403.2,1473.8,1543.8,1478.2,1408.0,1050.8,1061.4,1084.4,1124.5,1181.8,1248.2,1353.9,1215.1,1123.2,1061.1,1020.8,1020.8,1047.7,1062.1,1105.8,1162.2,1298.8,1155.2,1090.3,1054.5,220.1,349.0,461.1,586.0,729.8,909.7,1091.0,1264.0,1343.4,1358.6,1304.1,1254.4,1187.6,1122.9,1055.0,978.8,908.0,271.1,296.7,407.9,548.5,700.2,726.1,709.1,732.0,753.0,823.7,773.8,862.7,953.3,1044.9,953.0,1011.3,1065.7,1090.0,1099.7,449.1,473.3,523.6,604.0,579.2,526.0,824.1,824.7,857.9,903.8,909.2,877.6,959.3,1031.8,1078.9,1116.3,1125.2,1165.3,1208.8,1184.5,1156.0,1138.1,1108.7,1056.6,986.6,1110.7,1143.0,1156.6,1190.0,1122.1,1110.9,1082.3,0.58,0.44,0.00,0.19,0.00,0.00,0.00,0.00,0.00,1.08,0.05,0.05,0.00,0.00,1.14,0.00,0.33,1.00,1.00,1.00,1.00,0.00,1.00,0.00,0.00,0.00,1.00,0.00,0.00,0.00,1.00,0.00,0.00,0.00,0.00
295,0,9.800,0.82,1,-0.786680,0.048891,-0.615422,-0.654062,-0.327715,-0.681767,-0.838,-0.212,1029.4,1038.0,1051.4,1061.8,1063.1,1057.5,1041.2,1030.8,1025.1,1023.8,1024.2,1041.0,1070.5,1088.5,1098.1,1079.3,1056.9,1037.6,1025.5,1024.3,1044.8,1050.4,1057.7,1062.3,1061.7,1056.1,1048.8,1044.1,1284.3,1313.7,1361.6,1400.0,1406.4,1377.1,1329.2,1288.5,1332.6,1364.4,1401.1,1443.9,1480.8,1510.8,1544.3,1512.9,1480.1,1445.6,1402.5,1359.8,1324.2,1342.4,1364.9,1378.6,1375.4,1357.2,1334.6,1321.0,447.7,431.3,445.8,482.6,520.2,539.9,522.1,485.3,450.0,441.6,457.0,484.1,522.0,559.6,601.8,593.4,582.2,563.9,531.1,490.4,483.5,502.1,509.5,501.4,482.6,464.0,456.6,464.7,888.0,850.1,829.9,839.3,872.8,910.7,930.9,926.4,832.0,829.3,833.3,845.4,862.1,879.9,912.5,914.7,909.3,897.3,879.0,862.2,905.5,910.2,901.1,883.4,867.5,862.8,872.0,889.6,42.6,41.7,41.3,41.7,42.7,44.1,44.1,43.6,43.7,41.1,38.9,39.0,41.7,44.9,48.7,47.9,46.3,44.9,43.9,44.0,44.0,44.3,44.1,43.7,43.1,42.9,43.0,43.5,65.6,69.9,73.8,74.7,72.0,67.8,64.5,63.4,69.5,71.0,73.1,76.7,80.8,85.1,90.9,83.9,78.3,73.7,70.2,68.6,67.3,67.8,69.5,71.5,72.7,72.2,70.4,68.3,9.6,7.5,8.6,12.1,16.2,19.0,17.8,14.0,10.2,8.7,9.8,12.1,15.7,20.0,25.7,25.4,24.7,23.0,19.5,14.9,13.4,15.3,15.8,14.6,12.5,10.7,10.2,11.3,53.8,50.9,48.1,47.1,48.2,50.7,53.4,55.4,47.3,46.0,45.4,46.3,48.3,50.8,55.5,53.3,51.2,49.1,47.8,47.9,53.7,53.1,51.9,50.7,50.2,50.6,51.9,53.1,95.8,91.8,87.9,86.5,88.3,92.4,96.1,97.6,99.2,93.8,88.6,85.1,84.9,87.7,93.0,95.4,97.3,98.7,99.6,100.1,95.0,94.4,92.5,90.5,89.5,90.2,92.1,94.1,89.1,90.8,89.5,85.9,82.2,80.5,81.8,85.6,87.7,85.7,84.0,83.4,84.1,85.5,87.9,84.1,81.6,80.0,80.6,83.4,86.1,84.5,83.9,84.8,86.5,88.1,88.6,87.8,101.8,99.4,165.6,1.251,1.160,-1.139,1260.3,1279.1,1289.8,1278.8,1270.4,1239.9,1197.5,1172.5,1257.5,1413.9,1601.2,1723.7,1760.2,1736.6,1725.0,1752.5,1757.7,941.9,947.4,973.4,997.5,1042.7,1127.7,1186.1,1273.2,1388.9,1504.5,1109.1,1073.5,1036.1,1006.0,1029.3,1070.1,1103.6,1133.9,1162.1,1017.4,1030.7,1069.5,1098.2,1059.2,1024.8,1333.6,1401.7,1473.9,1547.0,1478.8,1406.8,1047.7,1061.8,1085.1,1125.2,1182.7,1247.6,1353.3,1213.7,1122.3,1060.7,1020.5,1019.3,1045.6,1062.9,1106.0,1162.6,1297.9,1155.3,1090.7,1054.8,214.4,344.1,458.5,585.0,729.7,909.5,1090.9,1262.4,1341.5,1357.0,1304.3,1256.7,1190.2,1124.1,1055.9,979.9,909.1,255.6,287.1,401.6,545.1,698.8,725.7,709.4,732.2,752.4,822.8,776.3,863.9,953.4,1043.9,954.4,1012.2,1065.8,1091.2,1101.7,443.5,469.9,523.1,605.4,579.5,523.6,827.9,828.5,862.2,908.4,914.9,883.1,958.2,1031.4,1079.2,1116.6,1124.5,1165.4,1209.7,1185.5,1157.0,1139.8,1110.8,1057.8,985.0,1112.2,1144.0,1157.1,1190.6,1122.8,1112.0,1084.3,0.79,0.71,0.00,0.17,0.00,0.00,0.00,0.00,0.00,1.05,0.08,0.02,0.00,0.00,1.19,0.00,0.40,1.00,1.00,1.00,1.00,0.00,1.00,0.00,0.00,0.00,1.00,0.00,0.00,0.00,1.00,0.00,0.00,0.00,0.00
296,0,9.833,0.82,1,-0.847832,0.063427,-0.526458,-0.653649,-0.331013,-0.680568,-0.894,-0.218,1032.4,1043.4,1054.5,1059.3,1054.9,1046.4,1032.8,1028.0,1030.2,1042.5,1048.0,1064.0,1086.7,1098.7,1102.8,1082.2,1061.4,1041.1,1027.9,1028.0,1044.3,1046.4,1051.4,1056.2,1058.2,1056.0,1051.1,1046.2,1281.6,1312.1,1360.2,1397.8,1402.9,1372.4,1324.3,1284.4,1331.6,1362.4,1399.2,1442.6,1480.0,1511.2,1545.8,1513.6,1479.7,1444.5,1400.9,1358.5,1321.4,1338.9,1361.2,1375.2,1372.7,1355.2,1332.9,1318.9,440.8,428.0,447.9,488.8,526.8,543.3,519.7,478.7,446.7,445.1,462.5,483.5,517.7,559.0,606.0,593.5,580.1,562.8,529.5,486.8,481.9,499.9,508.7,503.0,486.3,468.3,459.5,465.1,891.0,852.5,832.4,842.3,876.5,914.9,935.1,930.1,838.0,836.1,840.4,852.6,868.8,886.1,917.4,920.2,914.9,902.8,885.0,868.0,908.8,913.6,904.5,886.9,870.9,866.1,875.2,892.9,48.7,47.8,46.9,46.7,47.2,48.6,49.0,49.1,47.2,45.7,43.7,44.2,47.0,50.2,54.2,52.6,50.7,48.5,47.1,47.3,49.6,49.5,49.1,48.7,48.5,48.6,48.9,49.3,65.0,69.3,73.0,73.6,70.8,66.7,63.5,62.7,68.5,69.8,71.6,75.1,79.2,83.7,89.6,82.8,77.3,72.7,69.3,67.7,66.6,66.9,68.5,70.5,71.7,71.3,69.6,67.6,10.0,8.1,10.0,14.3,19.0,21.9,19.9,15.0,10.5,9.7,11.0,12.9,16.6,21.8,28.8,27.8,26.5,24.5,20.6,15.4,14.9,17.0,17.8,16.7,14.6,12.6,11.8,12.8,53.8,50.8,47.9,46.8,47.9,50.5,53.4,55.5,47.4,46.0,45.3,46.1,48.0,50.5,55.1,53.1,51.1,49.1,47.8,47.9,53.6,53.0,51.7,50.5,50.0,50.5,51.8,53.1,108.5,103.7,99.1,97.4,99.6,104.6,109.1,110.7,105.8,99.4,93.7,91.3,92.1,95.7,102.5,104.2,105.3,105.7,106.1,106.6,107.3,106.5,104.5,102.4,101.4,102.2,104.2,106.3,88.7,90.2,88.7,84.9,81.2,79.6,81.2,85.1,86.7,84.5,82.6,81.9,82.5,84.0,86.5,82.9,80.6,79.1,79.7,82.5,85.5,83.8,83.1,83.9,85.6,87.3,87.9,87.2,102.8,100.3,167.1,1.262,1.161,-1.150,1261.4,1276.1,1285.3,1277.0,1269.9,1239.7,1191.9,1169.8,1258.4,1413.4,1602.8,1725.6,1761.4,1737.4,1726.1,1753.8,1761.8,937.4,947.7,974.7,1000.7,1044.7,1127.3,1185.5,1272.4,1388.3,1502.9,1112.2,1076.8,1038.8,1008.1,1028.5,1071.8,1107.0,1136.3,1164.0,1024.1,1038.7,1077.6,1104.5,1065.5,1030.7,1333.7,1402.7,1475.2,1548.4,1479.3,1406.4,1051.7,1064.1,1085.5,1124.7,1180.9,1246.9,1352.3,1210.6,1120.9,1060.1,1020.8,1021.5,1047.7,1062.1,1104.1,1159.7,1297.4,1154.7,1091.1,1056.1,211.9,340.2,453.3,580.8,726.1,907.4,1091.3,1260.5,1337.5,1354.2,1301.5,1255.0,1189.3,1126.4,1060.1,983.9,912.1,251.0,283.8,398.5,541.9,694.8,731.4,710.2,731.2,750.3,821.4,778.4,865.0,953.6,1043.0,953.9,1010.7,1063.7,1090.0,1101.2,442.8,471.8,524.3,604.4,579.3,524.2,832.4,835.2,868.3,913.0,919.6,888.4,957.6,1033.1,1081.4,1118.0,1125.9,1166.4,1208.7,1187.4,1157.8,1140.6,1111.2,1056.9,984.7,1112.7,1144.2,1156.8,1189.4,1125.9,1115.0,1087.2,1.06,0.99,0.00,0.15,0.00,0.00,0.00,0.00,0.00,1.04,0.15,0.00,0.00,0.00,1.25,0.00,0.36,1.00,1.00,1.00,1.00,0.00,1.00,0.00,0.00,0.00,1.00,0.00,0.00,0.00,1.00,0.00,0.00,0.00,0.00
297,0,9.867,0.82,1,-0.845566,0.071147,-0.529109,-0.653260,-0.333775,-0.679592,-0.892,-0.214,1031.7,1044.1,1056.4,1061.5,1056.4,1046.6,1031.7,1026.6,1030.2,1043.0,1049.4,1065.6,1088.3,1099.7,1102.4,1080.4,1059.0,1038.8,1025.4,1026.1,1043.8,1046.1,1051.7,1057.3,1059.6,1057.2,1051.6,1046.0,1293.2,1324.8,1374.5,1413.2,1418.2,1386.6,1336.9,1295.5,1331.0,1361.6,1398.2,1441.6,1479.7,1511.7,1546.9,1513.7,1479.0,1443.0,1399.3,1357.2,1332.7,1350.9,1374.2,1388.8,1386.3,1368.1,1344.9,1330.2,440.4,427.3,447.3,488.8,527.4,544.4,520.5,479.0,443.5,442.7,461.1,483.5,519.2,561.3,609.2,596.2,582.1,564.3,529.9,485.8,482.1,500.5,509.5,503.6,486.4,468.0,459.0,464.9,887.5,849.4,832.8,847.3,884.5,922.6,939.2,929.4,840.3,840.1,845.7,858.9,875.2,891.8,922.3,924.6,919.0,906.9,888.5,870.8,910.0,917.0,909.5,891.7,874.3,867.2,874.8,892.5,47.1,46.4,45.7,45.4,45.9,47.1,47.3,47.4,45.8,44.4,42.4,42.9,45.6,48.8,52.6,51.0,49.0,46.8,45.4,45.7,48.0,48.0,47.7,47.3,47.1,47.2,47.5,47.8,65.4,69.8,73.9,74.8,72.1,67.8,64.3,63.1,68.1,69.3,71.1,74.5,78.6,83.1,89.1,82.4,76.9,72.3,68.8,67.3,67.1,67.7,69.4,71.5,72.6,72.1,70.3,68.2,9.7,7.7,9.6,13.9,18.5,21.4,19.4,14.6,9.8,9.1,10.5,12.4,16.2,21.4,28.4,27.3,26.0,24.0,20.0,14.9,14.5,16.6,17.3,16.3,14.2,12.2,11.4,12.4,52.8,49.9,47.5,47.1,48.6,51.1,53.4,54.8,47.3,46.1,45.5,46.3,48.2,50.7,55.3,53.2,51.2,49.2,47.9,48.0,53.3,53.0,52.0,50.8,50.1,50.3,51.3,52.6,105.2,100.5,96.0,94.3,96.5,101.4,105.7,107.4,102.8,96.4,90.6,88.2,89.1,92.8,99.6,101.3,102.4,102.7,103.1,103.6,104.0,103.3,101.3,99.2,98.3,99.0,101.0,103.1,87.6,89.2,88.0,84.6,81.1,79.5,80.7,84.3,86.3,84.0,82.0,81.3,81.9,83.4,86.0,82.5,80.2,78.8,79.3,82.1,84.8,83.3,82.8,83.5,85.2,86.7,87.2,86.4,102.7,100.3,166.9,1.262,1.161,-1.146,1261.5,1276.3,1283.9,1275.2,1267.1,1237.6,1186.9,1166.5,1259.0,1414.7,1604.9,1727.2,1763.1,1739.6,1727.7,1754.7,1763.4,935.6,948.6,976.0,1002.4,1044.8,1127.8,1190.6,1277.1,1391.8,1504.2,1116.9,1081.2,1042.5,1011.6,1025.9,1071.0,1108.5,1138.7,1166.7,1023.7,1038.7,1077.6,1105.2,1064.9,1029.5,1332.9,1401.6,1475.1,1549.8,1478.5,1404.5,1051.9,1066.0,1087.7,1126.0,1180.4,1246.0,1352.9,1209.0,1119.5,1060.2,1022.0,1022.3,1049.2,1064.4,1104.9,1158.7,1297.8,1154.1,1092.0,1058.0,206.3,335.2,449.9,579.5,725.4,906.7,1092.0,1260.1,1335.1,1351.9,1301.0,1256.9,1192.0,1128.9,1062.6,986.5,913.9,239.0,276.6,392.9,536.6,689.5,730.9,710.6,732.8,752.8,824.5,779.6,865.9,954.2,1043.1,953.5,1010.4,1063.5,1090.2,1102.0,441.4,472.4,526.1,605.4,580.2,524.3,835.4,840.3,874.0,917.7,923.8,892.6,957.9,1034.1,1082.6,1118.5,1125.7,1166.3,1207.6,1189.8,1160.8,1144.5,1115.7,1060.7,984.2,1113.9,1144.5,1156.3,1188.4,1128.1,1117.7,1090.6,1.32,1.12,0.00,0.03,0.00,0.00,0.00,0.00,0.00,0.97,0.25,0.00,0.00,0.00,1.29,0.00,0.34,1.00,1.00,1.00,1.00,0.00,1.00,0.00,0.00,0.00,1.00,0.00,0.00,0.00,1.00,0.00,0.00,0.00,0.00
298,0,9.900,0.82,1,-0.795651,-0.025285,-0.605227,-0.653232,-0.335652,-0.678694,-0.846,-0.274,1031.0,1034.2,1039.4,1043.6,1044.4,1044.4,1036.0,1031.8,1016.8,1020.2,1021.2,1037.6,1065.1,1082.5,1093.5,1074.1,1050.1,1026.6,1013.5,1015.7,1043.3,1045.5,1048.4,1050.1,1049.8,1047.6,1044.8,1043.0,1293.6,1326.4,1376.2,1413.9,1417.4,1384.6,1334.8,1294.4,1332.2,1362.0,1398.2,1442.2,1481.0,1513.9,1549.5,1515.3,1479.9,1443.3,1399.4,1358.0,1332.4,1350.1,1373.4,1388.6,1386.8,1369.1,1345.8,1330.6,435.0,425.7,451.9,498.2,537.5,550.8,520.6,474.3,448.4,450.3,473.2,504.8,544.8,585.8,632.3,612.1,595.3,571.8,532.5,488.6,480.5,501.8,513.8,509.5,491.4,470.1,458.1,462.4,886.5,847.7,831.7,847.9,886.9,925.8,941.8,930.2,842.5,842.5,848.4,862.0,878.6,895.4,925.4,927.9,922.3,910.3,891.8,873.4,910.6,918.4,911.1,893.0,874.7,866.9,874.2,892.3,41.9,39.9,38.5,38.4,39.9,42.3,43.3,43.3,40.5,38.7,36.7,36.8,39.3,42.3,46.2,44.7,42.7,40.7,39.7,40.3,42.9,43.0,42.3,41.4,40.8,40.8,41.4,42.3,65.1,69.5,73.3,73.9,71.2,67.1,63.8,62.8,67.5,68.5,70.1,73.4,77.6,82.1,88.2,81.5,76.2,71.6,68.2,66.8,66.7,67.2,68.8,70.8,72.0,71.6,69.8,67.8,8.0,6.7,8.9,13.2,17.5,19.9,17.6,12.6,9.5,9.2,10.9,13.4,17.1,21.6,27.7,26.0,24.5,22.3,18.3,13.8,12.8,15.0,15.9,15.1,13.1,11.0,10.0,10.7,52.5,49.4,46.9,46.6,48.3,51.0,53.4,54.7,47.0,45.8,45.2,46.0,47.8,50.3,54.8,52.9,51.0,49.0,47.8,47.7,53.1,52.8,51.7,50.4,49.6,49.8,50.9,52.3,93.8,88.7,84.3,83.3,86.2,91.5,95.7,96.7,94.0,89.0,84.3,81.0,80.9,83.6,89.1,90.1,91.1,92.1,93.0,93.8,93.2,92.7,90.7,88.4,87.1,87.5,89.5,91.8,87.2,88.6,87.1,83.6,80.2,78.8,80.3,84.0,85.3,83.0,80.9,80.1,80.7,82.2,84.8,81.5,79.4,78.0,78.6,81.4,84.3,82.8,82.1,82.8,84.4,85.9,86.6,85.9,100.6,98.8,163.5,1.224,1.151,-1.098,1258.1,1278.6,1287.0,1274.3,1263.8,1236.8,1187.2,1164.0,1256.2,1414.6,1606.5,1728.3,1764.1,1741.1,1728.7,1755.2,1765.0,930.3,943.3,971.2,996.7,1039.6,1133.7,1200.8,1286.5,1399.0,1506.9,1121.7,1085.3,1046.0,1014.6,1025.7,1071.8,1109.6,1140.6,1166.6,1009.3,1022.8,1063.2,1094.9,1051.5,1014.1,1332.4,1399.4,1474.5,1552.9,1479.0,1403.6,1045.5,1066.2,1088.6,1127.2,1181.7,1245.1,1355.0,1208.9,1118.6,1060.4,1022.9,1020.3,1046.4,1066.9,1107.0,1160.9,1299.2,1154.8,1093.6,1059.9,199.4,331.7,450.5,582.0,728.2,907.5,1092.0,1259.1,1334.8,1350.4,1302.3,1261.6,1197.7,1131.5,1064.0,988.5,914.5,238.5,275.2,389.5,534.2,690.5,727.3,711.8,736.4,757.5,829.0,786.6,870.2,955.9,1042.6,958.4,1013.1,1064.6,1092.1,1105.4,451.4,483.7,539.2,619.7,593.7,535.7,839.6,844.0,878.2,921.8,928.4,897.1,960.4,1033.1,1083.0,1118.6,1123.8,1165.4,1208.0,1191.2,1163.0,1148.3,1120.9,1065.2,983.9,1115.6,1145.1,1155.7,1189.4,1128.5,1119.5,1094.5,1.76,1.37,0.00,0.05,0.00,0.00,0.00,0.00,0.00,0.93,0.42,0.00,0.00,0.00,1.31,0.00,0.19,1.00,1.00,1.00,1.00,0.00,1.00,0.00,0.00,0.00,1.00,0.00,0.00,0.00,1.00,0.00,0.00,0.00,0.00
299,0,9.933,0.82,1,-0.788049,0.016188,-0.615399,-0.653679,-0.338085,-0.677055,-0.840,-0.244,1027.2,1029.9,1035.3,1040.3,1041.8,1042.6,1033.7,1028.8,1016.8,1016.2,1013.2,1025.6,1050.0,1070.1,1088.3,1068.5,1041.6,1016.6,1005.9,1012.4,1040.2,1043.3,1046.9,1049.0,1048.2,1045.1,1041.5,1039.4,1268.7,1303.0,1347.9,1377.1,1373.5,1339.2,1294.3,1263.9,1332.2,1359.6,1395.1,1441.1,1481.5,1517.4,1555.7,1518.2,1479.9,1440.9,1397.2,1358.0,1302.8,1316.7,1337.8,1353.7,1355.0,1341.1,1320.0,1304.1,436.6,423.4,450.2,501.2,546.6,564.2,533.0,481.9,444.5,452.2,476.4,508.3,547.3,590.9,638.7,622.8,606.1,580.9,536.9,489.3,486.5,512.0,525.2,518.4,495.6,470.1,456.8,463.6,883.3,839.3,821.1,839.4,883.4,927.5,945.7,931.9,847.1,844.6,850.3,865.3,883.0,901.4,929.5,935.8,932.1,921.0,902.3,880.2,908.7,917.3,909.0,888.5,867.9,859.3,867.6,888.1,37.3,35.4,34.0,33.9,35.2,37.6,38.7,38.7,37.3,35.7,33.8,33.5,35.0,37.0,40.1,39.1,37.4,35.8,35.5,36.6,38.4,38.4,37.7,36.8,36.1,36.1,36.7,37.7,62.0,65.2,66.9,65.7,62.8,59.9,58.6,59.5,63.1,63.5,64.6,67.4,71.2,75.8,81.7,76.0,71.2,67.0,63.9,62.7,62.3,62.0,62.7,64.1,65.4,65.8,65.0,63.5,7.4,5.8,7.7,11.9,16.4,19.1,17.0,12.1,8.4,8.8,10.5,12.9,16.0,19.9,24.9,24.0,22.9,21.0,17.2,12.7,12.1,14.5,15.3,14.3,12.0,9.8,8.9,9.8,51.6,47.1,43.6,42.7,44.8,48.7,52.5,54.5,44.4,42.7,41.9,42.5,44.3,46.8,50.8,49.8,48.5,46.9,45.8,45.4,51.5,51.0,49.3,47.5,46.5,46.9,48.5,50.5,84.4,79.4,75.1,74.0,76.7,81.7,85.9,87.1,86.5,83.1,79.3,76.0,74.6,75.3,78.2,79.8,81.5,83.3,84.9,86.1,83.9,83.3,81.2,78.7,77.4,77.9,80.1,82.5,86.2,86.1,82.7,78.0,74.9,75.0,78.4,83.4,79.7,77.2,74.8,73.6,74.0,75.6,78.1,75.7,74.2,73.2,73.9,76.4,82.2,80.1,78.6,78.6,80.0,82.1,83.6,83.6,99.5,98.1,161.8,1.236,1.151,-1.112,1264.5,1285.4,1287.8,1271.3,1261.2,1236.9,1189.9,1166.4,1256.2,1413.3,1604.9,1728.4,1762.1,1737.8,1729.8,1758.8,1766.9,916.6,939.5,970.0,994.3,1037.7,1132.2,1202.8,1290.1,1403.8,1509.8,1131.2,1093.7,1053.6,1021.2,1026.9,1075.2,1115.3,1142.9,1165.9,1005.5,1014.0,1055.1,1091.0,1044.2,1004.9,1331.2,1395.8,1474.0,1558.2,1480.0,1400.8,1043.9,1069.1,1089.9,1127.7,1181.9,1245.3,1358.7,1206.9,1114.6,1058.6,1021.9,1018.9,1046.2,1069.3,1107.6,1161.8,1302.6,1153.1,1092.3,1059.2,189.2,324.5,450.7,587.6,735.6,914.5,1095.5,1259.5,1334.5,1351.5,1306.0,1268.6,1205.1,1135.7,1064.4,987.0,913.3,211.9,261.2,380.1,526.5,682.5,725.3,710.6,735.3,754.9,825.2,791.8,871.7,953.9,1037.4,965.4,1016.5,1064.0,1094.5,1110.2,448.3,483.4,544.5,628.1,601.5,538.2,846.0,847.5,882.4,927.6,937.5,906.4,960.2,1034.0,1085.1,1119.9,1123.4,1164.7,1206.7,1192.7,1165.4,1151.4,1125.4,1067.7,982.1,1119.5,1147.6,1156.9,1188.4,1131.8,1123.7,1100.9,2.12,1.70,0.00,0.07,0.00,0.00,0.00,0.00,0.00,0.83,0.58,0.00,0.00,0.00,1.37,0.00,0.00,1.00,1.00,1.00,1.00,0.00,0.00,0.00,0.00,0.00,1.00,0.00,0.00,0.00,1.00,1.00,0.00,0.00,0.00
300,0,9.967,0.82,1,-0.894723,0.114347,-0.431735,-0.651692,-0.339322,-0.678350,-0.948,-0.200,983.5,1002.2,1025.4,1039.4,1036.0,1020.5,994.1,980.1,1010.7,1002.4,999.6,1015.8,1048.0,1074.1,1090.2,1070.0,1035.7,1008.6,997.1,1001.9,1003.5,1010.4,1021.6,1030.4,1031.7,1024.8,1013.6,1004.8,1278.8,1310.8,1342.9,1356.1,1342.9,1310.9,1278.8,1266.2,1324.4,1346.4,1380.1,1425.7,1467.1,1513.5,1552.7,1514.4,1469.4,1424.9,1383.9,1349.0,1299.1,1306.9,1323.5,1339.0,1344.5,1336.6,1320.1,1304.6,447.3,433.1,455.6,501.5,544.0,562.2,535.7,489.8,448.5,444.8,469.7,511.5,558.1,599.7,632.3,627.4,607.6,576.7,533.9,488.2,491.6,514.0,524.8,517.7,496.9,474.5,463.6,470.7,801.8,767.8,780.0,831.3,891.6,925.5,913.3,863.4,851.2,844.1,850.7,869.5,887.5,906.5,930.1,940.9,940.9,932.1,912.7,885.0,856.7,881.0,886.1,868.9,839.5,815.2,810.2,827.4,27.8,27.9,28.4,29.1,29.7,30.2,29.2,28.3,34.5,32.7,30.8,30.5,32.3,34.6,36.8,35.9,33.9,32.7,32.7,33.8,29.4,29.8,30.1,30.0,29.7,29.3,29.1,29.1,59.5,60.0,58.8,56.9,55.6,55.5,56.5,58.4,57.1,56.4,56.8,58.7,61.9,67.2,72.6,69.1,65.2,61.6,59.2,57.8,59.1,58.5,58.1,58.2,58.8,59.5,59.9,59.7,7.1,5.6,7.0,10.3,13.8,16.0,14.5,10.8,8.2,7.6,9.4,12.3,15.7,19.1,22.2,22.3,21.2,19.2,15.9,12.0,10.7,12.4,13.0,12.1,10.4,8.7,8.1,8.8,41.1,36.4,35.2,37.4,42.0,46.8,48.9,47.0,41.0,38.7,37.7,38.1,39.5,42.0,45.4,45.9,45.6,44.9,44.0,42.8,44.5,45.7,44.7,42.4,40.0,38.9,39.7,42.0,70.8,67.4,64.4,63.8,65.7,69.4,72.1,72.8,81.5,78.8,75.0,70.9,69.3,69.8,71.5,73.1,75.1,77.6,80.0,81.6,70.8,70.5,69.0,67.3,66.4,66.7,68.2,69.9,81.4,78.2,73.3,69.5,69.2,72.4,77.3,81.6,73.0,69.9,67.2,65.4,65.5,67.3,69.6,69.2,68.7,68.6,69.7,71.3,78.4,76.7,74.4,72.9,73.1,74.8,77.1,78.6,98.2,97.0,160.4,1.275,1.148,-1.156,1268.1,1290.7,1289.1,1273.5,1262.7,1236.5,1183.6,1164.2,1252.7,1409.7,1602.7,1732.8,1765.2,1739.1,1732.6,1759.4,1770.4,901.3,921.6,951.6,982.4,1034.0,1129.4,1198.3,1289.8,1411.1,1514.7,1136.9,1099.3,1059.8,1026.5,1024.2,1078.7,1124.3,1151.3,1174.3,998.4,1003.6,1046.9,1089.5,1039.0,996.3,1325.5,1381.1,1462.6,1552.1,1472.2,1389.0,1044.2,1070.1,1088.5,1127.4,1181.0,1246.4,1362.2,1207.4,1113.8,1058.2,1021.9,1017.5,1048.7,1072.1,1109.5,1164.7,1303.8,1152.2,1090.5,1057.2,165.2,305.1,440.3,585.1,741.6,922.5,1100.5,1255.2,1329.3,1349.2,1307.1,1274.2,1210.5,1139.3,1065.8,989.0,914.8,182.8,230.8,351.9,505.3,667.9,729.0,709.9,732.1,751.5,822.5,796.3,870.4,946.5,1024.4,966.4,1014.3,1057.1,1089.1,1106.3,443.3,483.0,547.8,630.0,605.3,537.9,850.0,851.3,886.3,931.4,943.6,913.3,962.0,1034.6,1087.0,1122.0,1125.2,1165.0,1205.0,1195.9,1172.4,1158.3,1131.5,1070.9,981.4,1124.4,1152.1,1161.5,1186.4,1138.7,1130.4,1107.9,2.51,2.29,0.00,0.07,0.00,0.00,0.00,0.00,0.00,0.71,0.74,0.00,0.00,0.00,1.53,0.00,0.00,1.00,1.00,1.00,1.00,0.00,1.00,0.00,0.00,0.00,1.00,0.00,0.00,0.00,1.00,1.00,0.00,0.00,1.00
