frame,face_id,timestamp,confidence,success,gaze_0_x,gaze_0_y,gaze_0_z,gaze_1_x,gaze_1_y,gaze_1_z,gaze_angle_x,gaze_angle_y,eye_lmk_x_0,eye_lmk_x_1,eye_lmk_x_2,eye_lmk_x_3,eye_lmk_x_4,eye_lmk_x_5,eye_lmk_x_6,eye_lmk_x_7,eye_lmk_x_8,eye_lmk_x_9,eye_lmk_x_10,eye_lmk_x_11,eye_lmk_x_12,eye_lmk_x_13,eye_lmk_x_14,eye_lmk_x_15,eye_lmk_x_16,eye_lmk_x_17,eye_lmk_x_18,eye_lmk_x_19,eye_lmk_x_20,eye_lmk_x_21,eye_lmk_x_22,eye_lmk_x_23,eye_lmk_x_24,eye_lmk_x_25,eye_lmk_x_26,eye_lmk_x_27,eye_lmk_x_28,eye_lmk_x_29,eye_lmk_x_30,eye_lmk_x_31,eye_lmk_x_32,eye_lmk_x_33,eye_lmk_x_34,eye_lmk_x_35,eye_lmk_x_36,eye_lmk_x_37,eye_lmk_x_38,eye_lmk_x_39,eye_lmk_x_40,eye_lmk_x_41,eye_lmk_x_42,eye_lmk_x_43,eye_lmk_x_44,eye_lmk_x_45,eye_lmk_x_46,eye_lmk_x_47,eye_lmk_x_48,eye_lmk_x_49,eye_lmk_x_50,eye_lmk_x_51,eye_lmk_x_52,eye_lmk_x_53,eye_lmk_x_54,eye_lmk_x_55,eye_lmk_y_0,eye_lmk_y_1,eye_lmk_y_2,eye_lmk_y_3,eye_lmk_y_4,eye_lmk_y_5,eye_lmk_y_6,eye_lmk_y_7,eye_lmk_y_8,eye_lmk_y_9,eye_lmk_y_10,eye_lmk_y_11,eye_lmk_y_12,eye_lmk_y_13,eye_lmk_y_14,eye_lmk_y_15,eye_lmk_y_16,eye_lmk_y_17,eye_lmk_y_18,eye_lmk_y_19,eye_lmk_y_20,eye_lmk_y_21,eye_lmk_y_22,eye_lmk_y_23,eye_lmk_y_24,eye_lmk_y_25,eye_lmk_y_26,eye_lmk_y_27,eye_lmk_y_28,eye_lmk_y_29,eye_lmk_y_30,eye_lmk_y_31,eye_lmk_y_32,eye_lmk_y_33,eye_lmk_y_34,eye_lmk_y_35,eye_lmk_y_36,eye_lmk_y_37,eye_lmk_y_38,eye_lmk_y_39,eye_lmk_y_40,eye_lmk_y_41,eye_lmk_y_42,eye_lmk_y_43,eye_lmk_y_44,eye_lmk_y_45,eye_lmk_y_46,eye_lmk_y_47,eye_lmk_y_48,eye_lmk_y_49,eye_lmk_y_50,eye_lmk_y_51,eye_lmk_y_52,eye_lmk_y_53,eye_lmk_y_54,eye_lmk_y_55,eye_lmk_X_0,eye_lmk_X_1,eye_lmk_X_2,eye_lmk_X_3,eye_lmk_X_4,eye_lmk_X_5,eye_lmk_X_6,eye_lmk_X_7,eye_lmk_X_8,eye_lmk_X_9,eye_lmk_X_10,eye_lmk_X_11,eye_lmk_X_12,eye_lmk_X_13,eye_lmk_X_14,eye_lmk_X_15,eye_lmk_X_16,eye_lmk_X_17,eye_lmk_X_18,eye_lmk_X_19,eye_lmk_X_20,eye_lmk_X_21,eye_lmk_X_22,eye_lmk_X_23,eye_lmk_X_24,eye_lmk_X_25,eye_lmk_X_26,eye_lmk_X_27,eye_lmk_X_28,eye_lmk_X_29,eye_lmk_X_30,eye_lmk_X_31,eye_lmk_X_32,eye_lmk_X_33,eye_lmk_X_34,eye_lmk_X_35,eye_lmk_X_36,eye_lmk_X_37,eye_lmk_X_38,eye_lmk_X_39,eye_lmk_X_40,eye_lmk_X_41,eye_lmk_X_42,eye_lmk_X_43,eye_lmk_X_44,eye_lmk_X_45,eye_lmk_X_46,eye_lmk_X_47,eye_lmk_X_48,eye_lmk_X_49,eye_lmk_X_50,eye_lmk_X_51,eye_lmk_X_52,eye_lmk_X_53,eye_lmk_X_54,eye_lmk_X_55,eye_lmk_Y_0,eye_lmk_Y_1,eye_lmk_Y_2,eye_lmk_Y_3,eye_lmk_Y_4,eye_lmk_Y_5,eye_lmk_Y_6,eye_lmk_Y_7,eye_lmk_Y_8,eye_lmk_Y_9,eye_lmk_Y_10,eye_lmk_Y_11,eye_lmk_Y_12,eye_lmk_Y_13,eye_lmk_Y_14,eye_lmk_Y_15,eye_lmk_Y_16,eye_lmk_Y_17,eye_lmk_Y_18,eye_lmk_Y_19,eye_lmk_Y_20,eye_lmk_Y_21,eye_lmk_Y_22,eye_lmk_Y_23,eye_lmk_Y_24,eye_lmk_Y_25,eye_lmk_Y_26,eye_lmk_Y_27,eye_lmk_Y_28,eye_lmk_Y_29,eye_lmk_Y_30,eye_lmk_Y_31,eye_lmk_Y_32,eye_lmk_Y_33,eye_lmk_Y_34,eye_lmk_Y_35,eye_lmk_Y_36,eye_lmk_Y_37,eye_lmk_Y_38,eye_lmk_Y_39,eye_lmk_Y_40,eye_lmk_Y_41,eye_lmk_Y_42,eye_lmk_Y_43,eye_lmk_Y_44,eye_lmk_Y_45,eye_lmk_Y_46,eye_lmk_Y_47,eye_lmk_Y_48,eye_lmk_Y_49,eye_lmk_Y_50,eye_lmk_Y_51,eye_lmk_Y_52,eye_lmk_Y_53,eye_lmk_Y_54,eye_lmk_Y_55,eye_lmk_Z_0,eye_lmk_Z_1,eye_lmk_Z_2,eye_lmk_Z_3,eye_lmk_Z_4,eye_lmk_Z_5,eye_lmk_Z_6,eye_lmk_Z_7,eye_lmk_Z_8,eye_lmk_Z_9,eye_lmk_Z_10,eye_lmk_Z_11,eye_lmk_Z_12,eye_lmk_Z_13,eye_lmk_Z_14,eye_lmk_Z_15,eye_lmk_Z_16,eye_lmk_Z_17,eye_lmk_Z_18,eye_lmk_Z_19,eye_lmk_Z_20,eye_lmk_Z_21,eye_lmk_Z_22,eye_lmk_Z_23,eye_lmk_Z_24,eye_lmk_Z_25,eye_lmk_Z_26,eye_lmk_Z_27,eye_lmk_Z_28,eye_lmk_Z_29,eye_lmk_Z_30,eye_lmk_Z_31,eye_lmk_Z_32,eye_lmk_Z_33,eye_lmk_Z_34,eye_lmk_Z_35,eye_lmk_Z_36,eye_lmk_Z_37,eye_lmk_Z_38,eye_lmk_Z_39,eye_lmk_Z_40,eye_lmk_Z_41,eye_lmk_Z_42,eye_lmk_Z_43,eye_lmk_Z_44,eye_lmk_Z_45,eye_lmk_Z_46,eye_lmk_Z_47,eye_lmk_Z_48,eye_lmk_Z_49,eye_lmk_Z_50,eye_lmk_Z_51,eye_lmk_Z_52,eye_lmk_Z_53,eye_lmk_Z_54,eye_lmk_Z_55,pose_Tx,pose_Ty,pose_Tz,pose_Rx,pose_Ry,pose_Rz,x_0,x_1,x_2,x_3,x_4,x_5,x_6,x_7,x_8,x_9,x_10,x_11,x_12,x_13,x_14,x_15,x_16,x_17,x_18,x_19,x_20,x_21,x_22,x_23,x_24,x_25,x_26,x_27,x_28,x_29,x_30,x_31,x_32,x_33,x_34,x_35,x_36,x_37,x_38,x_39,x_40,x_41,x_42,x_43,x_44,x_45,x_46,x_47,x_48,x_49,x_50,x_51,x_52,x_53,x_54,x_55,x_56,x_57,x_58,x_59,x_60,x_61,x_62,x_63,x_64,x_65,x_66,x_67,y_0,y_1,y_2,y_3,y_4,y_5,y_6,y_7,y_8,y_9,y_10,y_11,y_12,y_13,y_14,y_15,y_16,y_17,y_18,y_19,y_20,y_21,y_22,y_23,y_24,y_25,y_26,y_27,y_28,y_29,y_30,y_31,y_32,y_33,y_34,y_35,y_36,y_37,y_38,y_39,y_40,y_41,y_42,y_43,y_44,y_45,y_46,y_47,y_48,y_49,y_50,y_51,y_52,y_53,y_54,y_55,y_56,y_57,y_58,y_59,y_60,y_61,y_62,y_63,y_64,y_65,y_66,y_67,AU01_r,AU02_r,AU04_r,AU05_r,AU06_r,AU07_r,AU09_r,AU10_r,AU12_r,AU14_r,AU15_r,AU17_r,AU20_r,AU23_r,AU25_r,AU26_r,AU45_r,AU01_c,AU02_c,AU04_c,AU05_c,AU06_c,AU07_c,AU09_c,AU10_c,AU12_c,AU14_c,AU15_c,AU17_c,AU20_c,AU23_c,AU25_c,AU26_c,AU28_c,AU45_c
1,0,0.000,0.03,1,-0.052852,0.133278,-0.989668,-0.263546,0.151541,-0.952669,-0.161,0.146,720.5,724.5,733.2,741.5,744.4,740.9,731.7,723.4,709.1,714.9,722.6,731.5,740.3,747.3,752.2,746.8,739.1,730.2,721.8,714.4,728.8,732.1,735.5,737.1,736.0,732.7,729.3,727.7,845.4,850.6,860.1,868.3,870.4,865.2,855.7,846.8,840.1,845.6,852.8,861.4,869.3,875.5,880.6,875.0,868.4,861.0,852.6,845.0,852.9,856.8,861.3,863.7,862.7,858.9,854.4,852.0,552.0,543.9,540.8,544.7,553.1,561.6,564.2,560.4,550.2,549.3,549.4,549.4,550.0,551.3,553.2,556.2,557.6,557.9,556.6,553.9,555.2,556.7,555.5,552.3,549.0,547.5,548.7,551.8,564.0,555.6,553.4,558.6,568.3,576.7,578.9,574.2,561.6,560.3,560.8,562.7,565.2,567.3,570.7,573.4,574.4,574.1,571.4,567.4,569.8,572.3,571.2,567.3,562.7,560.3,561.3,565.3,42.1,44.1,48.6,53.0,54.7,53.1,48.2,43.8,36.4,39.3,43.1,47.6,52.3,56.2,59.1,56.1,51.8,47.1,42.8,39.1,46.6,48.4,50.2,51.0,50.3,48.5,46.7,46.0,105.6,108.4,113.3,117.5,118.5,115.8,110.9,106.3,103.0,105.5,108.9,113.2,117.6,121.3,124.6,121.1,117.2,113.0,108.7,105.2,109.7,111.7,114.0,115.3,114.8,112.8,110.5,109.2,100.4,95.9,94.3,96.4,101.2,106.0,107.4,105.2,100.3,99.2,98.8,98.6,99.1,100.2,101.8,103.0,103.3,103.3,102.8,101.8,102.5,103.3,102.7,100.9,99.0,98.1,98.8,100.6,104.9,100.6,99.5,102.2,107.2,111.4,112.5,110.2,103.8,102.8,102.8,103.7,105.2,106.7,109.1,110.0,110.0,109.4,108.0,106.4,108.1,109.4,108.8,106.8,104.5,103.2,103.7,105.8,457.7,456.4,456.1,457.0,458.5,460.2,460.1,459.3,461.4,458.6,456.3,455.4,456.4,458.4,460.9,459.3,457.5,456.9,457.7,459.5,459.4,459.7,459.6,459.1,458.5,458.1,458.3,458.8,449.9,450.1,450.3,450.3,450.2,449.9,449.7,450.0,450.3,448.8,447.8,447.5,448.6,450.5,453.1,451.0,448.9,447.2,447.2,448.7,450.8,450.8,450.9,451.0,451.1,451.1,451.0,450.8,77.7,137.7,449.5,-0.083,0.137,0.041,647.4,644.6,642.2,644.2,656.3,680.0,709.3,744.4,785.0,826.6,863.1,893.1,913.5,924.7,929.4,933.0,934.6,681.8,701.5,727.1,753.0,776.6,826.9,853.3,877.6,899.0,912.4,799.9,798.5,797.5,796.4,761.0,776.9,792.3,808.1,822.3,707.6,723.4,739.8,753.6,738.2,722.7,837.1,853.6,869.6,882.3,867.8,852.8,723.1,749.7,772.1,791.0,811.8,833.2,849.5,831.1,809.6,788.1,768.0,746.0,731.7,770.8,790.0,811.1,841.4,810.1,789.1,769.8,554.6,590.2,624.6,659.8,693.6,725.5,753.7,777.8,783.9,774.0,747.4,718.4,686.3,649.9,615.2,582.7,550.8,506.7,494.9,492.0,498.8,510.9,516.9,510.5,511.3,519.1,532.9,554.7,577.4,600.3,623.9,640.3,647.2,653.2,649.7,645.7,551.3,548.0,549.3,555.1,558.7,557.1,563.2,561.8,564.6,569.6,572.1,570.1,684.4,678.7,678.4,683.8,680.8,683.9,690.8,707.9,716.5,718.3,715.0,705.3,686.2,692.5,695.5,694.1,691.7,697.5,699.1,696.0,0.00,0.00,0.00,0.00,0.00,0.00,0.00,0.00,0.00,0.00,0.00,0.00,0.00,0.00,0.00,0.00,0.00,0.00,0.00,0.00,0.00,0.00,0.00,0.00,0.00,0.00,0.00,0.00,0.00,0.00,0.00,0.00,0.00,0.00,0.00
2,0,0.033,0.03,0,0.000000,0.000000,0.000000,0.000000,0.000000,0.000000,0.000,0.000,720.6,724.9,734.1,742.7,745.7,741.9,732.3,723.7,708.4,715.0,723.1,732.1,741.1,748.4,753.5,748.1,740.3,731.2,722.3,714.4,729.2,732.6,736.3,738.0,736.8,733.4,729.7,728.0,845.4,850.8,860.2,868.2,870.0,864.7,855.2,846.7,840.5,845.9,852.9,861.5,869.9,877.1,883.3,876.4,868.6,860.3,852.0,845.0,853.3,856.9,861.2,863.6,862.8,859.2,854.9,852.5,551.0,542.4,539.2,543.1,551.9,560.8,563.7,559.8,548.7,548.2,548.3,548.3,548.8,549.9,551.6,554.9,556.5,556.9,555.6,552.7,554.3,555.8,554.5,551.1,547.6,546.0,547.3,550.7,563.3,555.0,553.1,558.7,568.6,576.9,578.8,573.6,560.8,559.9,560.7,562.9,565.7,568.1,571.2,573.4,574.0,573.3,570.3,566.3,569.1,571.6,570.8,567.0,562.6,560.0,560.9,564.6,40.5,42.5,47.1,51.5,53.2,51.5,46.6,42.1,34.6,37.7,41.6,46.0,50.6,54.5,57.5,54.5,50.3,45.7,41.3,37.4,45.0,46.8,48.6,49.4,48.7,46.9,45.1,44.3,103.4,105.8,110.3,114.1,115.1,112.7,108.2,104.1,101.1,103.2,106.3,110.3,114.7,118.7,122.5,118.6,114.3,109.9,105.9,102.9,107.4,109.2,111.2,112.3,111.9,110.1,108.1,107.0,95.9,91.3,89.6,91.8,96.6,101.5,102.9,100.7,95.4,94.6,94.2,94.1,94.5,95.6,97.0,98.3,98.7,98.7,98.1,97.1,97.9,98.8,98.1,96.3,94.4,93.5,94.2,96.0,102.3,97.9,96.7,99.4,104.4,108.8,110.0,107.6,101.2,100.2,100.2,101.1,102.6,104.2,106.4,107.0,107.0,106.4,105.1,103.5,105.3,106.5,106.0,104.0,101.7,100.5,101.0,103.0,439.2,437.9,437.8,438.9,440.6,442.3,442.0,440.9,442.4,439.7,437.7,437.0,438.1,440.3,443.0,441.3,439.3,438.4,439.1,440.6,441.1,441.6,441.5,441.0,440.3,439.9,439.9,440.4,440.2,439.3,438.3,437.7,437.9,438.8,439.9,440.9,441.0,438.7,436.8,435.8,436.4,438.1,440.6,438.9,437.3,436.5,437.2,439.2,440.6,440.3,439.8,439.4,439.3,439.6,440.1,440.5,74.9,135.0,435.1,0.021,0.142,0.024,647.1,644.2,642.0,644.6,655.7,677.1,705.0,739.9,783.4,829.0,866.9,897.7,916.6,925.8,930.0,933.0,933.5,683.0,701.3,726.2,753.0,776.9,827.0,853.8,879.1,900.2,911.0,801.0,799.0,797.7,796.3,761.0,776.6,792.0,807.8,821.7,707.0,723.0,739.3,753.5,738.1,722.6,837.3,854.1,870.3,883.0,868.1,852.7,722.7,746.7,772.2,789.6,808.3,831.8,847.0,829.3,805.4,785.4,766.1,741.6,731.2,771.2,788.7,807.5,838.8,806.3,786.9,768.9,554.7,589.7,623.3,657.3,691.7,725.1,756.7,784.8,793.3,780.5,748.4,713.8,678.5,642.0,610.1,579.6,549.9,505.8,494.1,490.6,498.0,511.7,517.5,510.2,510.4,519.3,533.7,555.8,578.2,600.2,623.3,640.5,646.9,652.7,649.6,645.5,550.3,547.0,548.5,554.5,557.2,555.6,562.7,561.4,564.4,569.3,571.6,569.3,690.4,680.6,679.6,685.3,682.3,687.0,697.6,728.0,741.9,744.0,740.3,724.0,691.4,694.3,697.1,696.5,698.3,720.7,722.3,718.9,0.00,0.00,0.00,0.00,0.00,0.00,0.00,0.00,0.00,0.00,0.00,0.00,0.00,0.00,0.00,0.00,0.00,0.00,0.00,0.00,0.00,0.00,0.00,0.00,0.00,0.00,0.00,0.00,0.00,0.00,0.00,0.00,0.00,0.00,0.00
3,0,0.067,0.03,0,0.000000,0.000000,0.000000,0.000000,0.000000,0.000000,0.000,0.000,720.3,724.7,733.7,742.0,744.7,740.6,731.2,723.0,707.3,714.4,722.9,732.1,740.8,747.4,751.7,746.6,739.2,730.4,721.6,713.5,728.3,731.6,735.2,737.0,735.9,732.6,729.0,727.2,845.4,850.5,859.9,867.9,870.0,864.9,855.6,847.0,840.4,845.6,852.6,861.2,869.8,877.1,883.3,876.5,868.6,860.3,851.9,844.9,853.7,857.2,861.2,863.5,862.5,859.0,855.0,852.8,549.9,541.4,538.1,542.0,550.8,559.7,562.6,558.7,547.4,546.8,546.9,547.0,547.8,549.1,551.1,554.5,556.1,556.3,554.8,551.8,553.3,554.8,553.5,550.0,546.5,545.0,546.3,549.7,561.8,553.3,551.2,556.6,566.5,574.9,577.1,572.1,559.9,558.6,559.0,561.0,563.7,566.0,569.2,571.7,572.6,572.1,569.3,565.4,567.3,569.6,568.7,565.0,560.8,558.4,559.3,563.0,40.3,42.4,47.0,51.3,52.8,51.0,46.1,41.8,34.0,37.4,41.5,46.0,50.6,54.2,56.7,53.9,49.9,45.3,40.9,37.0,44.5,46.3,48.1,49.0,48.4,46.6,44.8,43.9,102.9,105.3,109.6,113.5,114.6,112.3,107.9,103.9,100.6,102.7,105.6,109.7,114.0,118.1,121.8,118.0,113.7,109.4,105.4,102.5,107.1,108.8,110.7,111.7,111.2,109.6,107.7,106.7,95.3,90.8,89.2,91.5,96.3,101.1,102.4,100.1,94.6,93.7,93.5,93.5,94.2,95.4,97.1,98.4,98.6,98.5,97.7,96.4,97.5,98.4,97.7,95.9,94.0,93.1,93.7,95.5,101.1,96.6,95.3,97.9,102.8,107.3,108.7,106.4,100.4,99.1,98.9,99.6,101.1,102.6,104.8,105.7,105.8,105.3,104.2,102.7,103.9,105.0,104.4,102.5,100.3,99.2,99.8,101.8,439.0,438.1,438.5,440.0,441.6,443.0,442.2,440.7,441.6,439.2,437.6,437.4,439.0,441.6,444.4,442.4,440.1,438.8,438.9,440.1,441.3,441.9,442.1,441.7,441.0,440.4,440.2,440.6,438.5,437.5,436.3,435.6,435.8,436.8,438.0,439.1,439.3,436.9,434.8,433.7,434.2,435.8,438.2,436.7,435.3,434.6,435.4,437.5,438.7,438.4,437.9,437.4,437.3,437.6,438.1,438.6,74.1,134.1,431.1,0.026,0.146,0.021,647.2,644.3,642.2,644.7,655.2,675.6,703.0,738.8,783.3,829.9,868.3,899.4,917.8,926.1,929.8,932.7,932.7,682.7,701.0,726.0,753.0,777.0,825.7,852.8,878.5,900.3,911.2,800.8,798.9,797.5,796.3,761.0,776.6,791.9,807.6,821.4,706.6,722.8,739.7,754.2,738.3,722.3,836.7,854.1,870.6,883.5,868.4,852.5,722.6,746.1,772.6,789.4,807.1,831.2,846.4,828.9,804.5,785.4,766.4,741.0,731.6,771.7,788.6,806.4,837.8,805.1,786.8,769.3,554.7,589.1,622.5,656.5,691.3,726.0,759.7,790.0,799.1,785.2,750.8,713.3,676.2,638.9,607.0,576.9,547.8,505.4,493.6,490.2,497.8,511.8,517.9,510.1,510.1,519.0,534.1,555.2,577.3,599.2,622.3,640.4,646.5,652.0,648.9,644.9,549.0,545.5,547.3,553.7,556.4,554.6,561.3,560.0,563.1,568.1,570.6,568.3,692.6,680.8,678.6,684.4,681.1,687.1,699.9,733.9,748.8,750.7,747.3,729.8,693.4,695.2,697.7,697.5,700.4,724.5,725.9,722.7,0.00,0.00,0.00,0.00,0.00,0.00,0.00,0.00,0.00,0.00,0.00,0.00,0.00,0.00,0.00,0.00,0.00,0.00,0.00,0.00,0.00,0.00,0.00,0.00,0.00,0.00,0.00,0.00,0.00,0.00,0.00,0.00,0.00,0.00,0.00
4,0,0.100,0.03,0,0.000000,0.000000,0.000000,0.000000,0.000000,0.000000,0.000,0.000,719.3,723.9,733.3,741.9,744.7,740.5,730.6,722.1,706.2,713.8,722.8,732.6,741.6,748.2,752.4,747.1,739.5,730.4,721.2,712.7,727.6,731.1,734.9,736.8,735.7,732.2,728.4,726.5,845.0,850.3,859.9,868.3,870.5,865.2,855.6,846.6,839.6,845.2,852.6,861.5,870.0,877.1,882.9,876.5,868.8,860.5,852.0,844.5,853.5,857.0,861.1,863.4,862.4,858.9,854.8,852.5,548.5,539.6,536.2,540.3,549.5,558.9,561.7,557.6,545.8,544.8,544.8,545.1,546.2,548.2,550.9,554.0,555.3,555.2,553.5,550.3,552.1,553.7,552.3,548.7,545.0,543.3,544.7,548.3,561.2,552.5,550.2,555.6,565.5,574.2,576.6,571.7,560.1,557.9,557.7,559.2,561.7,564.1,567.7,570.6,571.8,571.5,569.1,565.4,566.7,569.0,568.0,564.3,560.0,557.7,558.7,562.5,38.0,40.2,44.7,49.0,50.5,48.6,43.8,39.5,32.0,35.4,39.6,44.3,48.8,52.3,54.7,51.8,47.9,43.4,39.0,35.0,42.3,44.0,45.9,46.7,46.1,44.4,42.5,41.7,101.6,104.0,108.7,112.7,113.8,111.3,106.7,102.4,99.0,101.3,104.6,108.8,113.1,117.1,120.7,117.0,112.7,108.4,104.3,101.1,105.8,107.6,109.5,110.6,110.1,108.4,106.4,105.4,90.4,86.0,84.5,86.7,91.5,96.3,97.5,95.2,89.7,88.7,88.4,88.5,89.4,90.9,92.8,93.9,94.0,93.6,92.8,91.5,92.6,93.6,92.9,91.1,89.2,88.3,88.9,90.7,99.7,95.3,94.0,96.5,101.5,105.9,107.2,105.0,99.3,97.7,97.2,97.8,99.2,100.8,103.2,104.2,104.4,104.0,102.9,101.5,102.5,103.6,103.0,101.2,99.0,97.9,98.5,100.4,419.9,419.0,419.3,420.7,422.3,423.6,422.9,421.5,422.4,420.0,418.3,418.2,420.0,422.7,425.5,423.5,421.1,419.7,419.7,420.9,422.1,422.6,422.8,422.4,421.8,421.2,421.1,421.4,433.4,433.0,432.3,431.9,432.0,432.4,433.0,433.8,434.1,432.0,430.4,429.6,430.3,432.2,434.7,432.9,431.1,430.1,430.6,432.4,433.9,433.7,433.4,433.2,433.2,433.4,433.7,433.9,73.0,132.7,426.2,0.023,0.152,0.024,646.9,643.7,641.8,644.4,654.4,674.3,701.5,737.6,782.6,829.6,868.4,899.8,918.2,926.4,930.1,933.1,932.7,682.2,700.7,725.7,752.8,776.8,825.1,852.3,878.5,900.7,911.5,800.5,798.6,797.4,796.1,761.2,776.6,791.6,806.9,820.5,705.8,722.1,739.6,754.5,738.2,721.5,835.8,853.7,870.8,884.0,868.7,852.1,721.9,745.0,772.2,788.3,805.2,829.9,845.4,827.3,802.3,783.9,765.4,739.6,731.1,771.2,787.4,804.4,836.6,803.0,785.4,768.5,553.1,587.4,621.1,655.4,690.5,725.9,760.6,792.3,802.3,788.6,753.7,715.0,677.1,639.2,607.0,576.7,547.4,504.9,493.2,489.9,497.7,511.9,518.1,510.0,509.8,518.9,534.6,554.4,576.6,598.5,621.8,640.8,646.6,651.9,649.0,645.5,547.4,543.4,545.4,553.1,555.6,553.6,560.7,558.4,561.5,567.3,570.2,567.8,693.4,681.0,678.6,684.5,681.4,688.3,702.1,738.1,753.1,754.6,751.1,732.6,694.3,696.0,698.5,698.7,702.4,727.3,728.3,725.0,0.00,0.00,0.00,0.00,0.00,0.00,0.00,0.00,0.00,0.00,0.00,0.00,0.00,0.00,0.00,0.00,0.00,0.00,0.00,0.00,0.00,0.00,0.00,0.00,0.00,0.00,0.00,0.00,0.00,0.00,0.00,0.00,0.00,0.00,0.00
5,0,0.133,0.03,0,0.000000,0.000000,0.000000,0.000000,0.000000,0.000000,0.000,0.000,718.9,723.7,732.9,741.2,743.6,739.2,729.5,721.3,704.7,712.6,722.0,731.8,740.6,746.9,751.0,745.7,738.4,729.5,720.3,711.5,726.8,730.1,733.8,735.8,734.8,731.5,727.8,725.9,844.9,850.3,860.2,868.9,871.2,865.8,855.8,846.4,838.5,844.8,852.9,862.1,870.5,877.5,883.0,876.6,868.9,860.5,851.8,843.9,853.3,857.1,861.3,863.7,862.7,859.0,854.7,852.3,546.8,537.9,534.8,539.2,548.6,558.1,560.7,556.2,544.4,543.0,542.8,543.1,544.9,547.5,551.0,554.1,554.9,554.7,552.8,549.3,550.8,552.6,551.3,547.8,544.0,542.2,543.5,547.1,559.9,551.0,548.5,554.0,564.2,573.2,575.6,570.7,560.3,557.6,556.8,558.0,560.6,563.5,567.4,570.4,571.5,571.2,568.8,565.4,565.7,568.1,567.1,563.2,558.8,556.4,557.5,561.3,37.5,39.7,44.2,48.3,49.6,47.6,42.8,38.8,30.9,34.5,38.8,43.5,47.9,51.2,53.5,50.7,46.9,42.5,38.1,34.1,41.5,43.1,44.9,45.8,45.3,43.7,41.9,41.0,97.7,100.4,105.2,109.2,110.2,107.6,102.8,98.5,94.8,97.5,101.0,105.3,109.5,113.4,116.8,113.1,108.8,104.5,100.4,97.0,101.9,103.7,105.8,106.9,106.5,104.7,102.7,101.5,88.8,84.5,83.1,85.5,90.3,95.0,96.0,93.5,88.1,87.0,86.6,86.8,88.0,89.8,92.1,93.1,93.0,92.5,91.5,90.1,91.2,92.2,91.6,89.9,88.0,87.0,87.5,89.3,95.4,91.2,90.0,92.6,97.4,101.6,102.7,100.5,95.7,94.0,93.4,93.9,95.3,97.2,99.7,100.5,100.6,100.0,99.0,97.8,98.3,99.4,98.9,97.1,95.0,93.9,94.4,96.2,415.9,415.5,416.2,417.6,418.9,419.7,418.6,417.1,418.3,416.0,414.6,414.5,416.4,419.2,422.1,419.8,417.2,415.7,415.6,416.6,418.1,418.7,419.0,418.8,418.3,417.7,417.4,417.6,417.5,417.8,417.8,417.6,417.3,417.0,416.9,417.4,418.0,416.3,415.1,414.7,415.7,417.9,420.5,418.2,415.9,414.6,414.8,416.4,418.2,418.1,418.1,418.2,418.4,418.5,418.4,418.3,72.4,132.2,424.8,0.016,0.158,0.027,646.3,643.1,641.3,643.9,653.7,673.2,700.5,736.9,782.2,829.6,868.4,900.0,918.3,926.2,930.1,933.1,932.7,681.8,700.5,725.5,752.5,776.4,824.4,851.5,877.8,900.0,910.8,799.9,797.9,796.5,795.1,760.7,775.9,790.7,805.8,819.2,704.9,721.2,739.0,754.0,737.6,720.5,835.4,853.4,870.8,884.0,868.9,851.9,722.0,744.9,771.9,787.2,803.1,827.7,843.7,825.2,800.3,782.9,765.2,739.5,731.1,771.0,786.4,802.3,834.8,801.0,784.3,768.3,553.5,587.5,621.0,655.2,690.3,725.9,760.9,793.1,803.5,789.8,754.7,715.8,677.6,639.7,607.5,577.5,548.7,504.5,492.6,489.3,497.2,511.7,518.0,509.9,509.7,518.8,534.7,553.9,576.0,597.7,620.9,640.5,646.2,651.4,648.7,645.2,546.4,541.8,544.0,552.8,555.2,553.0,560.5,557.3,560.3,566.8,570.1,567.7,693.4,680.8,678.1,683.8,680.8,688.1,702.2,738.8,753.5,754.8,751.4,733.0,694.1,695.4,697.7,698.0,702.4,728.2,729.1,726.0,0.00,0.00,0.00,0.00,0.00,0.00,0.00,0.00,0.00,0.00,0.00,0.00,0.00,0.00,0.00,0.00,0.00,0.00,0.00,0.00,0.00,0.00,0.00,0.00,0.00,0.00,0.00,0.00,0.00,0.00,0.00,0.00,0.00,0.00,0.00
6,0,0.167,0.03,0,0.000000,0.000000,0.000000,0.000000,0.000000,0.000000,0.000,0.000,717.5,722.5,731.9,740.3,742.7,738.1,728.3,719.9,703.3,711.2,720.7,730.4,739.1,745.4,749.2,744.0,736.8,728.0,718.7,709.9,725.5,728.9,732.7,734.7,733.7,730.3,726.5,724.5,844.0,849.4,859.3,868.0,870.3,864.9,854.9,845.6,838.3,844.1,851.8,861.1,869.8,877.0,882.6,876.2,868.3,859.8,851.0,843.3,852.9,856.4,860.5,862.7,861.7,858.2,854.1,851.9,546.5,537.5,534.2,538.7,548.2,557.8,560.5,556.1,544.0,542.2,541.7,541.9,543.7,546.7,550.8,553.7,554.6,554.4,552.4,548.8,550.5,552.3,551.0,547.3,543.5,541.7,543.0,546.7,559.5,550.4,548.0,553.5,563.8,572.8,575.3,570.3,559.2,556.0,555.3,556.7,559.4,562.3,566.7,569.8,571.2,571.0,568.4,564.6,565.0,567.3,566.2,562.6,558.4,556.1,557.1,560.8,36.3,38.6,43.1,47.2,48.5,46.4,41.7,37.6,29.8,33.4,37.7,42.2,46.6,49.8,52.0,49.3,45.6,41.3,36.9,32.8,40.3,42.0,43.8,44.7,44.2,42.5,40.7,39.8,97.5,100.0,104.6,108.6,109.7,107.2,102.6,98.3,94.9,97.2,100.5,104.8,109.1,113.0,116.3,112.8,108.6,104.3,100.2,97.0,101.9,103.5,105.4,106.4,106.0,104.3,102.4,101.4,87.4,83.1,81.7,84.2,89.0,93.7,94.7,92.2,86.7,85.4,84.9,85.0,86.2,88.3,90.9,91.8,91.6,91.1,90.2,88.7,89.8,90.8,90.3,88.5,86.6,85.6,86.1,87.9,95.3,91.0,89.7,92.2,97.1,101.5,102.8,100.6,95.3,93.4,92.7,93.2,94.7,96.5,99.1,100.2,100.4,100.0,99.0,97.6,98.1,99.1,98.6,96.8,94.8,93.8,94.3,96.1,410.0,409.6,410.5,412.1,413.6,414.4,413.1,411.5,412.2,410.2,408.7,408.9,410.8,413.6,416.6,414.5,411.9,410.3,410.0,410.9,412.5,413.2,413.5,413.3,412.7,412.1,411.7,411.9,418.2,417.9,417.4,417.0,416.9,417.2,417.7,418.5,418.9,416.9,415.4,414.6,415.3,417.2,419.5,417.9,416.1,415.0,415.5,417.3,418.7,418.5,418.3,418.1,418.2,418.3,418.6,418.7,71.9,131.6,423.2,0.016,0.160,0.021,645.5,642.4,640.5,643.2,653.2,672.9,700.6,737.2,782.8,830.2,868.8,900.3,918.6,926.6,930.4,933.4,932.9,680.3,699.0,723.7,750.6,774.4,823.4,850.8,877.2,899.3,910.3,798.4,796.3,794.9,793.6,759.3,774.7,789.7,804.9,818.5,703.4,719.7,737.7,752.8,736.3,719.0,834.5,852.6,870.2,883.6,868.4,851.2,720.8,743.9,771.5,786.9,803.0,828.2,844.9,826.3,801.1,783.4,765.6,739.2,730.1,770.8,786.3,802.5,835.9,801.5,784.6,768.4,554.4,588.0,621.3,655.5,690.4,726.1,761.3,793.7,803.9,789.7,754.2,715.2,677.1,639.5,607.5,577.9,549.5,504.2,492.7,489.4,497.0,511.2,517.5,509.6,509.5,518.7,534.5,553.6,575.8,597.7,621.0,640.8,646.4,651.4,648.6,644.9,546.0,541.1,543.4,552.5,554.8,552.6,560.0,556.4,559.3,566.0,569.3,567.0,692.7,680.4,677.8,683.3,680.2,687.0,700.5,738.0,753.6,755.2,752.0,733.4,693.5,695.2,697.4,697.4,701.0,727.9,729.1,726.0,0.00,0.00,0.00,0.00,0.00,0.00,0.00,0.00,0.00,0.00,0.00,0.00,0.00,0.00,0.00,0.00,0.00,0.00,0.00,0.00,0.00,0.00,0.00,0.00,0.00,0.00,0.00,0.00,0.00,0.00,0.00,0.00,0.00,0.00,0.00
7,0,0.200,0.03,0,0.000000,0.000000,0.000000,0.000000,0.000000,0.000000,0.000,0.000,716.5,721.4,730.9,739.4,742.0,737.5,727.6,719.0,702.3,709.8,719.1,729.1,738.2,744.8,748.9,743.4,735.8,726.7,717.3,708.7,724.8,728.2,732.0,734.0,732.9,729.5,725.7,723.8,842.5,848.0,858.3,867.3,869.7,864.2,854.0,844.3,836.3,842.5,850.4,860.1,869.2,876.8,882.6,875.8,867.6,858.8,849.6,841.7,851.5,855.4,859.7,862.1,861.0,857.2,852.8,850.5,545.6,536.5,533.4,537.9,547.6,557.2,559.8,555.2,543.6,541.6,541.0,541.2,543.1,546.4,550.9,553.6,554.3,554.0,551.9,548.4,549.7,551.5,550.3,546.6,542.8,541.0,542.3,545.9,559.0,549.6,546.9,552.5,563.1,572.5,575.2,570.2,558.7,555.3,554.4,555.7,558.6,561.8,566.4,569.5,570.8,570.4,567.8,564.1,564.8,567.2,566.0,562.0,557.5,555.1,556.3,560.3,35.6,37.9,42.4,46.5,47.8,45.8,41.1,36.9,29.2,32.6,36.8,41.4,45.8,49.2,51.4,48.6,44.8,40.4,36.0,32.1,39.7,41.4,43.2,44.1,43.5,41.9,40.1,39.2,93.0,95.5,100.1,104.1,105.2,102.7,98.1,93.9,90.3,92.7,96.0,100.2,104.6,108.5,111.8,108.2,104.0,99.6,95.6,92.4,97.3,99.0,100.9,102.0,101.5,99.8,97.9,96.8,86.5,82.2,80.8,83.2,88.0,92.7,93.7,91.2,86.1,84.7,84.1,84.1,85.4,87.5,90.2,91.0,90.8,90.3,89.4,88.1,88.9,89.8,89.3,87.5,85.6,84.7,85.2,87.0,91.4,87.1,85.7,88.2,93.0,97.3,98.7,96.6,91.4,89.5,88.7,89.1,90.6,92.5,95.1,96.1,96.2,95.8,94.8,93.5,94.2,95.2,94.6,92.8,90.7,89.7,90.3,92.1,407.7,407.3,407.9,409.2,410.4,411.3,410.3,409.0,410.5,408.2,406.5,406.3,408.0,410.5,413.3,411.3,408.9,407.6,407.7,408.9,409.8,410.4,410.6,410.4,409.9,409.4,409.2,409.3,401.9,401.8,401.3,400.8,400.6,400.8,401.2,402.0,402.6,400.8,399.2,398.5,399.2,401.0,403.3,401.4,399.6,398.5,399.1,400.9,402.3,402.1,401.9,401.9,401.9,402.1,402.3,402.4,71.2,131.2,421.8,0.017,0.167,0.018,644.2,641.4,639.9,642.9,653.0,672.7,700.5,737.3,783.2,830.8,869.4,900.7,918.6,926.4,930.3,933.3,932.8,678.7,697.6,722.5,749.6,773.6,821.4,849.0,875.7,898.3,909.4,797.1,794.8,793.3,791.8,757.8,773.3,788.4,803.6,817.3,702.1,718.4,736.7,751.8,735.2,717.6,833.4,851.4,869.3,882.9,867.6,850.2,719.8,742.6,770.0,785.4,801.5,827.1,844.3,825.6,800.1,782.4,764.6,738.2,729.0,769.5,785.0,801.2,835.3,800.4,783.5,767.3,554.3,588.1,621.6,655.9,690.9,726.5,761.6,794.0,804.0,789.7,754.3,715.5,677.4,639.8,608.0,578.3,549.9,504.3,492.6,489.2,496.8,511.2,517.3,509.2,509.1,518.6,534.6,553.3,575.4,597.2,620.3,640.7,646.2,651.2,648.5,644.9,545.5,540.0,542.4,552.3,554.6,552.3,559.8,555.3,558.1,565.4,569.0,566.8,692.9,680.6,678.0,683.5,680.4,687.1,700.7,738.3,754.0,755.6,752.4,733.7,693.6,695.0,697.1,697.1,701.1,729.1,730.4,727.3,0.00,0.00,0.00,0.00,0.00,0.00,0.00,0.00,0.00,0.00,0.00,0.00,0.00,0.00,0.00,0.00,0.00,0.00,0.00,0.00,0.00,0.00,0.00,0.00,0.00,0.00,0.00,0.00,0.00,0.00,0.00,0.00,0.00,0.00,0.00
8,0,0.233,0.03,0,0.000000,0.000000,0.000000,0.000000,0.000000,0.000000,0.000,0.000,715.4,720.2,729.7,738.4,741.0,736.6,726.7,718.1,701.0,708.3,717.4,727.4,736.6,743.3,747.5,741.9,734.2,725.0,715.8,707.2,723.9,727.3,731.0,732.9,731.8,728.4,724.7,722.9,841.2,846.6,856.6,865.3,867.5,862.1,852.1,842.8,835.3,840.9,848.5,858.0,867.4,875.3,881.8,874.5,865.9,856.9,847.8,840.2,850.2,853.8,858.0,860.2,859.3,855.7,851.5,849.2,545.7,536.6,533.3,537.8,547.5,557.2,559.9,555.4,543.9,541.5,540.8,540.8,542.7,546.1,550.8,553.5,554.3,554.0,552.1,548.6,549.7,551.5,550.2,546.6,542.9,541.1,542.4,546.0,558.5,549.2,546.7,552.4,562.9,572.1,574.7,569.6,557.5,554.5,553.7,555.1,558.2,561.5,566.3,569.3,570.3,569.8,567.1,563.2,564.2,566.6,565.5,561.7,557.3,554.9,556.0,559.8,35.2,37.4,41.9,46.0,47.4,45.4,40.7,36.5,28.6,31.9,36.0,40.6,45.0,48.4,50.7,47.9,44.0,39.6,35.3,31.4,39.3,40.9,42.7,43.6,43.0,41.4,39.6,38.8,92.5,94.9,99.3,103.0,104.0,101.6,97.3,93.3,90.1,92.1,95.1,99.2,103.6,107.6,111.2,107.4,103.0,98.8,94.8,91.9,96.7,98.3,100.1,101.1,100.7,99.1,97.3,96.3,86.6,82.2,80.8,83.2,88.0,92.7,93.7,91.3,86.3,84.7,84.0,84.0,85.2,87.3,90.0,90.9,90.8,90.4,89.5,88.2,88.9,89.8,89.3,87.6,85.7,84.8,85.3,87.0,91.3,86.9,85.6,88.0,92.7,97.1,98.5,96.4,91.1,89.2,88.4,88.8,90.3,92.1,94.9,95.8,95.9,95.5,94.5,93.3,94.0,95.0,94.4,92.5,90.5,89.5,90.1,91.9,407.8,407.4,408.0,409.3,410.5,411.3,410.3,409.0,410.7,408.4,406.6,406.3,407.9,410.3,413.0,411.1,408.8,407.6,407.8,409.1,409.9,410.4,410.7,410.5,410.0,409.5,409.3,409.5,402.6,402.0,401.0,400.1,399.9,400.4,401.4,402.7,403.6,401.3,399.3,398.0,398.4,400.0,402.3,400.6,399.1,398.4,399.3,401.6,402.5,402.2,401.7,401.5,401.6,402.0,402.4,402.6,70.3,130.7,420.5,0.021,0.170,0.015,641.9,639.5,638.4,641.6,651.9,672.0,700.2,737.4,783.4,831.0,869.5,900.4,918.0,925.5,929.4,932.5,932.2,676.7,695.9,721.1,748.5,772.9,819.1,847.0,874.2,897.2,908.7,795.7,793.4,791.8,790.3,756.3,771.8,786.9,802.3,815.9,700.6,717.0,735.2,750.2,733.7,716.1,831.9,849.9,867.8,881.4,866.0,848.7,718.6,741.3,768.7,783.7,799.4,825.0,842.6,823.6,798.1,780.9,763.4,737.1,727.8,768.3,783.4,799.2,833.6,798.5,782.0,766.2,552.5,586.7,620.6,655.4,690.7,726.6,761.6,793.9,803.7,789.0,753.6,714.9,677.0,639.7,608.0,578.4,549.8,504.6,492.8,489.5,497.2,511.8,517.5,509.3,509.1,518.4,534.4,553.3,575.6,597.5,620.9,640.7,646.2,651.3,648.6,644.9,545.5,540.0,542.3,552.1,554.5,552.2,559.4,554.8,557.6,564.9,568.4,566.3,692.7,680.5,678.0,683.4,680.3,687.0,700.4,738.2,753.7,755.3,752.2,733.6,693.3,694.7,696.7,696.7,700.8,729.0,730.3,727.3,0.00,0.00,0.00,0.00,0.00,0.00,0.00,0.00,0.00,0.00,0.00,0.00,0.00,0.00,0.00,0.00,0.00,0.00,0.00,0.00,0.00,0.00,0.00,0.00,0.00,0.00,0.00,0.00,0.00,0.00,0.00,0.00,0.00,0.00,0.00
9,0,0.267,0.03,0,0.000000,0.000000,0.000000,0.000000,0.000000,0.000000,0.000,0.000,714.5,719.2,728.7,737.3,740.0,735.7,725.9,717.3,699.6,707.3,716.7,726.5,735.5,742.0,746.1,740.9,733.6,724.6,715.2,706.4,722.7,726.2,730.0,732.0,730.8,727.3,723.5,721.5,839.7,844.9,855.1,864.4,867.3,862.1,851.8,841.8,833.1,839.3,847.4,857.2,866.4,873.5,879.1,872.7,865.0,856.5,847.3,839.0,848.4,852.7,857.4,859.8,858.5,854.2,849.5,847.1,547.3,537.9,534.4,538.9,548.6,558.6,561.5,557.0,545.9,543.5,542.6,542.4,543.9,546.8,551.0,553.8,554.7,554.7,553.1,550.1,551.4,553.3,551.8,548.0,544.0,542.2,543.6,547.4,559.9,550.3,547.2,552.5,563.0,572.6,575.7,571.1,559.7,556.0,554.9,556.0,558.8,561.9,566.5,569.6,571.0,570.9,568.5,565.0,565.8,568.2,566.8,562.4,557.5,555.1,556.5,560.9,34.6,36.8,41.3,45.5,46.9,44.9,40.2,36.0,27.9,31.3,35.5,40.1,44.5,47.8,50.1,47.4,43.7,39.3,34.9,30.9,38.6,40.4,42.2,43.1,42.5,40.8,39.0,38.1,91.3,93.7,98.4,102.6,103.9,101.4,96.7,92.3,88.4,90.9,94.3,98.6,103.0,106.8,110.1,106.5,102.5,98.3,94.1,90.7,95.5,97.4,99.6,100.7,100.1,98.2,96.0,94.9,87.0,82.7,81.3,83.7,88.5,93.3,94.3,91.8,86.9,85.4,84.6,84.6,85.6,87.6,90.2,91.0,90.9,90.5,89.7,88.5,89.5,90.5,89.9,88.1,86.1,85.1,85.7,87.5,91.4,87.0,85.7,88.0,92.8,97.1,98.5,96.5,91.4,89.4,88.6,89.0,90.5,92.3,95.1,96.0,96.1,95.7,94.7,93.4,94.2,95.3,94.7,92.7,90.5,89.4,90.0,92.0,406.7,406.6,407.6,409.2,410.4,410.9,409.5,407.9,409.0,407.0,405.6,405.7,407.6,410.2,413.0,410.8,408.2,406.6,406.6,407.6,409.1,409.7,410.2,410.1,409.6,409.0,408.5,408.6,400.0,400.2,400.3,400.2,399.9,399.7,399.6,400.0,400.4,398.9,397.7,397.3,398.3,400.3,402.8,400.6,398.5,397.1,397.3,398.8,400.7,400.6,400.7,400.8,400.9,401.0,401.0,400.8,69.7,130.9,420.6,0.030,0.172,0.011,639.5,637.4,636.8,640.5,651.1,671.4,699.6,736.8,783.0,830.7,869.4,900.1,917.4,924.7,928.5,931.9,932.0,675.2,694.3,719.1,746.2,770.6,818.0,845.4,872.0,894.9,906.8,794.2,792.0,790.4,788.9,755.2,770.6,785.8,801.1,814.8,699.6,716.0,734.1,749.1,732.7,715.2,830.5,848.4,866.3,880.0,864.7,847.3,717.7,740.0,767.3,782.3,797.9,823.6,841.6,822.3,796.8,779.6,762.2,735.8,726.9,767.0,782.0,797.7,832.6,797.1,780.6,764.9,551.3,586.2,620.6,655.7,691.2,727.1,762.1,793.9,803.3,788.8,753.6,715.2,677.2,639.9,608.3,578.5,549.7,505.8,493.6,489.9,497.3,511.7,517.3,509.1,508.9,517.6,533.2,553.5,575.9,597.9,621.2,640.9,646.4,651.5,648.7,644.9,546.7,541.3,543.5,553.1,555.5,553.3,560.2,555.9,558.6,565.7,569.2,567.1,692.7,680.5,677.9,683.3,680.4,687.2,700.8,738.8,754.3,755.8,752.7,734.0,693.2,694.5,696.7,696.7,701.1,729.7,730.9,728.0,0.00,0.00,0.00,0.00,0.00,0.00,0.00,0.00,0.00,0.00,0.00,0.00,0.00,0.00,0.00,0.00,0.00,0.00,0.00,0.00,0.00,0.00,0.00,0.00,0.00,0.00,0.00,0.00,0.00,0.00,0.00,0.00,0.00,0.00,0.00
10,0,0.300,0.03,0,0.000000,0.000000,0.000000,0.000000,0.000000,0.000000,0.000,0.000,713.7,718.2,727.5,736.2,739.2,735.0,725.3,716.6,699.4,706.7,715.8,725.7,734.8,741.3,745.1,740.1,732.8,723.8,714.5,705.9,721.7,725.4,729.4,731.4,730.1,726.4,722.4,720.5,838.7,843.7,853.6,862.6,865.4,860.4,850.5,841.0,832.7,837.6,844.7,854.0,863.3,871.6,878.6,871.5,862.7,853.5,844.5,837.2,848.1,851.9,856.2,858.3,857.1,853.2,849.0,846.9,550.4,541.2,537.3,541.2,550.4,560.1,563.4,559.6,549.8,547.4,546.4,545.7,546.3,548.3,551.7,555.0,556.9,557.5,556.4,553.7,553.9,555.5,553.9,549.9,546.0,544.3,546.0,549.9,561.9,552.6,549.9,555.5,566.0,575.3,578.0,572.9,559.7,557.4,557.2,558.8,561.5,563.9,567.8,570.8,572.2,572.0,569.3,565.3,567.4,569.8,568.6,564.6,560.1,557.8,558.9,562.9,34.5,36.5,41.0,45.2,46.8,45.0,40.3,36.0,28.0,31.2,35.4,40.0,44.5,47.8,50.0,47.4,43.7,39.3,34.9,31.0,38.5,40.3,42.2,43.1,42.5,40.6,38.7,37.8,92.2,94.2,98.4,102.3,103.7,101.8,97.6,93.4,89.8,91.5,94.2,98.1,102.4,106.5,110.3,106.7,102.4,98.1,94.3,91.5,96.6,98.3,100.1,100.9,100.3,98.6,96.8,96.0,89.1,84.7,83.0,85.2,89.9,94.7,96.0,93.8,89.4,87.8,87.0,86.7,87.4,88.9,91.2,92.3,92.7,92.6,92.0,91.0,91.3,92.3,91.6,89.6,87.6,86.7,87.4,89.3,93.7,89.1,87.5,89.9,94.8,99.4,101.0,99.0,93.1,91.4,90.8,91.2,92.4,93.8,96.0,97.2,97.6,97.4,96.5,95.2,96.2,97.3,96.6,94.6,92.5,91.5,92.1,94.1,409.6,408.9,409.7,411.5,413.3,414.4,413.1,411.3,412.0,409.8,408.4,408.4,410.4,413.2,416.2,414.2,411.8,410.2,410.1,411.0,412.2,413.0,413.3,413.0,412.3,411.5,411.1,411.4,406.0,404.7,403.2,402.3,402.7,404.0,405.5,406.8,407.7,405.1,402.7,401.1,401.1,402.3,404.3,403.4,402.4,402.1,403.4,405.8,406.1,405.7,405.0,404.5,404.3,404.7,405.3,405.9,69.3,131.4,421.4,0.042,0.175,0.006,636.9,635.4,635.2,639.4,650.5,671.2,698.8,735.7,782.2,830.2,869.6,900.3,917.2,924.0,927.6,931.7,933.0,674.0,693.0,717.4,744.5,769.0,817.0,844.5,870.7,893.6,906.3,792.9,790.5,788.8,787.2,753.9,769.3,784.5,800.0,813.7,699.4,716.0,733.4,748.0,732.1,715.5,829.5,847.0,864.2,878.0,862.3,845.7,717.6,739.7,766.6,781.2,796.2,821.5,839.8,820.3,795.2,778.6,761.7,735.7,726.7,766.3,780.9,796.0,830.8,795.5,779.6,764.4,549.4,584.9,619.8,655.5,691.5,727.6,762.6,793.9,802.6,788.0,753.1,715.0,677.2,640.1,608.5,578.3,548.5,506.9,494.8,491.0,497.9,511.8,516.8,508.8,508.6,516.9,532.0,554.2,576.5,598.4,621.7,640.9,646.5,651.6,648.5,644.6,549.6,545.6,547.2,554.2,557.2,555.6,560.6,558.7,561.6,567.1,570.2,567.9,693.1,681.1,678.7,684.0,681.0,687.7,700.7,738.5,753.7,755.5,752.4,734.3,693.6,695.1,697.2,697.2,701.2,728.9,730.2,727.5,0.00,0.00,0.00,0.00,0.00,0.00,0.00,0.00,0.00,0.00,0.00,0.00,0.00,0.00,0.00,0.00,0.00,0.00,0.00,0.00,0.00,0.00,0.00,0.00,0.00,0.00,0.00,0.00,0.00,0.00,0.00,0.00,0.00,0.00,0.00
11,0,0.333,0.03,0,0.000000,0.000000,0.000000,0.000000,0.000000,0.000000,0.000,0.000,712.1,716.4,725.3,733.8,736.8,733.0,723.6,715.2,699.0,706.1,714.7,724.2,733.2,739.5,743.5,738.5,731.2,722.2,713.4,705.2,720.3,723.7,727.3,729.0,727.8,724.4,720.8,719.1,837.4,842.0,851.5,860.3,863.3,858.6,849.2,840.0,832.5,837.1,843.9,852.7,862.0,871.0,878.8,871.0,861.6,851.9,843.0,836.4,847.0,850.7,854.7,856.7,855.4,851.7,847.7,845.7,553.1,544.2,540.5,544.0,552.9,562.2,565.5,561.9,551.9,550.6,550.3,549.9,550.1,551.0,552.9,556.4,558.3,558.9,557.8,555.4,556.1,557.6,556.1,552.5,549.0,547.5,549.0,552.6,561.6,552.6,550.6,556.8,567.5,576.6,578.6,572.7,558.5,557.9,559.1,561.6,564.3,566.3,568.9,571.5,572.6,572.0,568.8,564.2,567.4,570.1,569.2,565.4,560.8,558.2,559.0,562.9,35.7,37.7,42.2,46.6,48.3,46.5,41.7,37.3,29.3,32.7,36.8,41.6,46.2,49.6,51.9,49.2,45.3,40.7,36.3,32.3,40.0,41.7,43.5,44.4,43.7,41.9,40.1,39.3,89.7,91.2,94.9,98.6,100.1,98.6,94.9,91.1,87.8,89.2,91.6,95.1,99.2,103.4,107.3,103.7,99.3,95.1,91.5,89.1,93.9,95.5,97.1,97.7,97.0,95.5,93.9,93.3,95.6,91.0,89.3,91.4,96.2,101.1,102.5,100.3,95.5,94.3,93.9,93.7,94.2,95.2,96.8,98.1,98.4,98.4,97.9,96.9,97.6,98.5,97.8,95.9,94.0,93.2,93.9,95.7,91.6,87.0,85.5,88.0,93.0,97.6,99.2,96.9,90.6,89.6,89.5,90.1,91.2,92.3,93.9,94.9,95.3,95.1,94.1,92.7,94.1,95.2,94.6,92.6,90.5,89.4,90.0,92.0,433.0,432.2,432.8,434.5,436.3,437.5,436.5,434.8,435.3,433.1,431.7,431.8,433.6,436.2,439.0,437.0,434.5,433.0,433.1,434.1,435.5,436.2,436.4,436.1,435.4,434.7,434.5,434.8,397.5,395.2,392.7,391.5,392.2,394.5,397.0,398.7,399.1,396.0,393.2,391.3,390.8,391.7,393.3,392.7,392.3,392.6,394.4,397.1,397.1,396.5,395.5,394.5,394.2,394.7,395.8,396.7,68.5,131.2,420.2,0.067,0.169,-0.000,632.6,631.5,631.7,636.5,648.3,669.6,697.5,734.5,781.3,829.6,869.3,899.9,916.6,923.2,926.8,931.4,933.3,672.0,690.6,715.1,742.6,767.6,815.0,842.3,868.1,891.1,904.4,791.4,789.2,787.5,786.0,752.4,768.0,783.5,799.1,813.0,697.8,714.6,731.5,746.1,730.3,714.3,828.7,846.3,863.0,876.9,861.0,844.7,716.6,738.5,765.4,780.0,795.0,820.3,838.5,819.0,794.0,777.5,760.5,734.7,725.8,765.1,779.7,794.7,829.5,794.2,778.5,763.2,546.9,582.4,617.0,652.7,689.3,726.1,761.9,793.6,802.0,787.0,751.8,713.5,675.6,638.8,607.4,576.9,546.7,509.0,496.2,492.0,498.9,512.7,517.0,508.7,508.3,515.9,530.8,555.1,577.4,599.5,622.9,641.3,646.8,652.1,648.7,644.7,551.6,548.6,549.7,555.4,558.6,557.3,561.0,560.6,563.4,567.9,570.7,568.4,693.4,681.5,679.3,684.5,681.5,688.1,700.8,738.6,753.9,755.9,752.9,734.9,693.8,695.7,697.8,697.7,701.3,729.0,730.5,727.9,0.00,0.00,0.00,0.00,0.00,0.00,0.00,0.00,0.00,0.00,0.00,0.00,0.00,0.00,0.00,0.00,0.00,0.00,0.00,0.00,0.00,0.00,0.00,0.00,0.00,0.00,0.00,0.00,0.00,0.00,0.00,0.00,0.00,0.00,0.00
12,0,0.367,0.03,0,0.000000,0.000000,0.000000,0.000000,0.000000,0.000000,0.000,0.000,712.1,716.4,725.4,733.9,737.0,733.1,723.6,715.1,697.7,704.9,713.6,723.2,732.3,738.8,742.9,737.9,730.5,721.5,712.5,704.1,720.2,723.7,727.3,729.1,727.9,724.4,720.7,719.0,837.1,841.6,851.0,859.9,863.0,858.5,849.0,839.8,831.1,835.5,842.1,851.0,860.7,870.1,878.3,869.8,859.9,850.0,841.2,834.9,846.7,850.5,854.6,856.5,855.2,851.4,847.3,845.3,553.6,544.6,540.7,544.2,553.1,562.5,566.0,562.5,552.4,551.0,550.6,550.0,550.1,551.0,552.9,556.5,558.6,559.4,558.3,555.9,556.6,558.0,556.4,552.8,549.2,547.7,549.3,553.0,561.3,552.3,550.5,556.8,567.6,576.6,578.4,572.5,558.7,557.6,558.4,560.8,563.7,566.2,569.1,571.7,572.6,571.8,568.5,564.1,567.2,570.0,569.2,565.3,560.6,557.9,558.7,562.6,35.1,37.1,41.5,45.9,47.6,45.8,41.1,36.7,28.2,31.6,35.7,40.4,44.9,48.4,50.8,48.1,44.2,39.6,35.3,31.3,39.3,41.0,42.9,43.7,43.0,41.2,39.4,38.6,87.5,88.9,92.5,96.1,97.7,96.3,92.7,89.0,85.4,86.6,88.8,92.2,96.3,100.6,104.6,100.8,96.4,92.1,88.8,86.6,91.7,93.2,94.8,95.4,94.7,93.1,91.6,91.0,94.2,89.6,87.9,90.0,94.7,99.7,101.1,99.0,94.1,92.9,92.4,92.2,92.6,93.6,95.2,96.5,97.0,97.0,96.5,95.6,96.2,97.1,96.4,94.5,92.6,91.7,92.4,94.3,89.3,84.8,83.5,86.0,90.9,95.4,96.9,94.6,88.8,87.5,87.2,87.7,88.9,90.1,91.8,92.8,93.2,92.9,91.9,90.7,91.9,93.0,92.4,90.4,88.3,87.2,87.8,89.7,425.7,424.9,425.6,427.4,429.3,430.6,429.4,427.6,428.1,425.8,424.3,424.3,426.1,428.7,431.6,429.6,427.2,425.8,425.9,426.8,428.3,429.1,429.4,429.0,428.3,427.5,427.2,427.6,388.3,385.9,383.4,382.3,383.2,385.6,388.1,389.7,390.9,387.6,384.6,382.4,381.8,382.6,384.1,383.6,383.3,384.0,385.9,388.8,388.0,387.5,386.5,385.4,385.0,385.5,386.6,387.6,68.0,131.0,419.5,0.076,0.165,-0.006,630.6,629.8,630.4,635.5,647.5,668.7,696.3,733.3,780.3,829.0,869.0,899.8,916.5,923.0,926.5,931.1,933.1,670.3,689.0,713.1,740.3,765.3,814.1,841.3,866.9,889.7,903.2,789.9,787.9,786.3,784.9,751.7,767.3,782.7,798.3,812.2,696.4,713.2,730.3,744.9,729.2,713.0,827.7,845.1,862.1,876.0,860.1,843.7,716.3,738.2,764.9,779.7,795.0,820.4,838.6,819.5,794.5,777.7,760.6,734.7,725.7,764.6,779.5,794.8,829.5,794.5,778.5,763.0,547.0,582.4,616.7,652.1,688.4,725.0,760.8,792.7,801.1,786.3,751.1,712.6,674.5,637.5,606.2,575.7,545.3,509.6,497.3,493.1,499.6,512.7,516.7,508.5,508.2,515.9,530.6,555.1,577.5,599.7,623.2,641.9,647.3,652.4,649.0,644.9,552.2,549.0,550.0,555.6,559.0,557.8,560.7,560.3,563.1,567.5,570.5,568.2,694.5,682.4,679.9,685.1,682.0,688.5,701.2,738.4,753.7,755.8,752.8,735.2,694.9,696.7,698.6,698.5,701.6,728.6,730.1,727.5,0.00,0.00,0.00,0.00,0.00,0.00,0.00,0.00,0.00,0.00,0.00,0.00,0.00,0.00,0.00,0.00,0.00,0.00,0.00,0.00,0.00,0.00,0.00,0.00,0.00,0.00,0.00,0.00,0.00,0.00,0.00,0.00,0.00,0.00,0.00
13,0,0.400,0.03,0,0.000000,0.000000,0.000000,0.000000,0.000000,0.000000,0.000,0.000,710.7,715.0,724.0,732.4,735.3,731.3,722.0,713.6,695.7,703.1,712.1,721.8,730.8,737.2,741.2,736.4,729.1,720.1,710.9,702.3,718.7,722.0,725.6,727.4,726.2,722.8,719.2,717.5,836.6,841.1,850.6,859.3,862.3,857.7,848.3,839.1,830.7,835.2,842.0,850.9,860.7,869.9,878.0,869.7,860.0,850.2,841.3,834.6,846.2,849.8,853.7,855.5,854.3,850.7,846.9,845.0,553.3,544.2,540.3,544.0,553.0,562.5,565.9,562.3,552.0,550.7,550.4,549.9,550.2,551.2,553.1,556.5,558.3,558.9,557.9,555.6,556.4,557.9,556.3,552.6,549.0,547.6,549.1,552.8,560.0,550.8,548.6,554.6,565.3,574.4,576.6,571.0,557.3,556.4,557.1,559.2,561.9,564.2,567.1,569.7,570.6,569.9,566.8,562.7,565.5,568.0,567.0,563.3,559.0,556.5,557.4,561.2,34.2,36.2,40.6,44.9,46.5,44.7,40.0,35.7,27.1,30.5,34.7,39.5,44.0,47.4,49.7,47.1,43.3,38.7,34.3,30.2,38.2,40.0,41.8,42.6,41.9,40.2,38.4,37.6,88.7,90.3,94.0,97.6,99.1,97.6,93.9,90.2,86.6,87.9,90.3,93.8,98.0,102.4,106.5,102.6,98.1,93.8,90.2,87.9,93.0,94.5,96.0,96.6,96.0,94.5,93.0,92.4,93.4,88.9,87.2,89.4,94.1,99.0,100.4,98.2,93.3,92.2,91.7,91.5,92.1,93.2,94.8,96.0,96.2,96.1,95.6,94.7,95.5,96.4,95.7,93.9,92.0,91.1,91.8,93.6,90.3,85.7,84.2,86.6,91.5,96.1,97.7,95.5,89.6,88.4,88.1,88.6,89.7,91.0,92.6,93.6,93.9,93.7,92.7,91.5,92.7,93.7,93.0,91.2,89.2,88.2,88.8,90.7,422.8,422.2,423.1,425.0,426.8,427.8,426.5,424.6,425.1,422.9,421.6,421.8,423.7,426.5,429.4,427.2,424.5,422.9,422.9,423.8,425.5,426.3,426.6,426.4,425.7,424.9,424.5,424.8,395.0,393.0,390.7,389.5,390.1,392.2,394.5,396.1,397.3,394.1,391.2,389.2,388.8,389.7,391.4,390.6,390.1,390.5,392.3,395.1,394.6,394.1,393.2,392.3,392.1,392.6,393.5,394.4,68.0,131.1,420.0,0.069,0.160,-0.012,631.9,631.0,631.4,636.5,648.0,668.7,696.3,733.0,779.7,828.2,868.0,899.0,916.2,923.0,926.5,930.5,931.9,669.7,687.9,712.2,739.5,764.3,812.9,840.0,865.7,888.4,901.6,788.9,787.1,785.8,784.6,751.8,767.3,782.6,798.0,811.7,695.3,711.9,729.0,743.8,728.1,711.8,827.2,844.6,861.5,875.4,859.7,843.3,717.7,739.0,765.5,780.3,795.7,820.7,838.1,820.3,795.9,779.0,761.8,736.0,727.1,765.3,780.1,795.6,829.3,795.6,779.4,763.9,551.8,586.3,619.7,654.0,689.4,725.4,760.7,792.5,801.1,786.1,750.5,711.8,673.6,636.5,605.3,575.0,545.1,510.8,498.5,494.1,500.4,513.3,516.5,508.1,507.4,515.2,529.8,554.9,577.6,600.0,623.7,642.4,647.8,652.6,649.1,645.0,552.3,548.7,549.7,555.4,558.7,557.6,559.7,558.6,561.2,565.6,568.7,566.7,695.7,682.9,679.9,685.0,681.6,687.9,700.8,737.7,753.4,755.7,753.0,735.7,696.0,696.6,698.5,698.2,701.3,728.4,730.1,727.6,0.00,0.00,0.00,0.00,0.00,0.00,0.00,0.00,0.00,0.00,0.00,0.00,0.00,0.00,0.00,0.00,0.00,0.00,0.00,0.00,0.00,0.00,0.00,0.00,0.00,0.00,0.00,0.00,0.00,0.00,0.00,0.00,0.00,0.00,0.00
14,0,0.433,0.03,0,0.000000,0.000000,0.000000,0.000000,0.000000,0.000000,0.000,0.000,709.7,713.8,722.5,730.7,733.7,730.0,720.9,712.7,695.5,702.9,711.6,721.1,729.8,735.9,739.8,735.0,728.0,719.3,710.5,702.1,717.5,720.9,724.4,726.0,724.8,721.5,718.0,716.3,836.2,841.1,850.7,859.4,862.2,857.3,847.7,838.4,828.5,833.7,841.0,850.0,859.0,866.7,872.6,866.1,857.9,849.2,840.5,833.4,845.2,848.8,852.9,854.9,853.7,850.1,846.0,844.0,552.9,543.9,540.2,543.8,552.8,562.3,565.5,561.9,552.0,550.3,549.6,549.1,549.7,551.2,553.7,557.1,558.7,559.1,558.0,555.6,556.2,557.7,556.1,552.5,548.9,547.4,549.0,552.6,560.1,551.0,548.2,553.3,563.3,572.4,575.2,570.6,560.5,557.0,555.9,556.9,559.5,562.2,566.1,568.3,569.3,569.1,567.1,564.3,565.1,567.2,566.1,562.3,558.1,556.0,557.1,560.9,34.5,36.4,40.8,45.1,46.7,45.0,40.3,36.0,27.6,31.1,35.3,40.0,44.5,47.8,50.1,47.4,43.7,39.2,34.8,30.8,38.6,40.3,42.1,42.9,42.2,40.5,38.7,37.9,96.1,98.3,102.8,107.0,108.4,106.3,101.7,97.3,92.8,94.8,97.9,102.0,106.4,110.6,114.0,110.5,106.1,101.7,97.8,94.8,100.6,102.4,104.3,105.2,104.6,102.9,101.0,100.0,95.4,90.9,89.2,91.4,96.1,101.0,102.4,100.1,95.4,94.1,93.5,93.3,94.0,95.3,97.2,98.3,98.5,98.4,97.9,96.9,97.6,98.4,97.8,95.9,94.0,93.1,93.8,95.6,98.0,93.4,91.9,94.3,99.2,103.8,105.4,103.3,98.7,96.5,95.4,95.7,97.0,98.6,101.0,101.8,101.9,101.7,101.0,100.1,100.6,101.6,101.0,99.0,97.0,96.0,96.6,98.5,432.6,432.2,433.1,434.8,436.3,437.1,435.7,434.0,434.7,432.6,431.3,431.5,433.4,436.1,438.9,436.7,434.0,432.5,432.4,433.4,435.1,435.8,436.2,436.0,435.4,434.7,434.3,434.5,428.7,428.0,427.2,426.8,427.1,427.8,428.6,429.4,430.7,428.3,426.3,425.0,425.3,426.9,428.9,427.6,426.2,425.6,426.7,428.9,429.2,429.1,428.7,428.4,428.3,428.5,428.8,429.1,67.8,130.5,418.2,0.083,0.143,-0.016,629.0,628.4,629.4,634.9,646.9,667.7,695.4,732.4,779.2,827.6,867.4,898.5,915.8,922.7,926.2,930.2,931.3,667.7,685.9,710.2,737.7,762.8,812.4,839.5,865.2,887.8,901.2,788.4,787.1,786.3,785.5,752.5,768.2,783.5,798.9,812.7,694.2,710.9,728.3,743.4,727.6,711.0,826.6,843.8,861.1,875.1,859.4,842.8,717.7,739.3,766.0,781.8,798.2,823.6,840.4,823.3,798.7,780.8,762.6,736.6,727.4,765.7,781.6,798.1,831.3,798.1,780.9,764.5,551.0,585.2,618.2,652.0,687.3,723.5,759.2,791.6,800.6,785.9,750.1,710.9,672.6,635.5,604.3,573.9,543.8,511.8,499.6,495.1,501.0,513.3,516.3,507.6,506.8,514.7,529.4,554.8,577.8,600.4,624.3,643.4,648.5,653.1,649.5,645.4,552.5,548.5,549.3,555.4,558.8,557.9,558.9,557.3,559.8,564.4,567.8,565.9,697.3,684.4,680.9,686.1,682.5,688.5,701.6,737.8,753.9,756.4,753.6,736.4,697.6,698.3,700.1,699.7,702.0,728.1,729.9,727.3,0.00,0.00,0.00,0.00,0.00,0.00,0.00,0.00,0.00,0.00,0.00,0.00,0.00,0.00,0.00,0.00,0.00,0.00,0.00,0.00,0.00,0.00,0.00,0.00,0.00,0.00,0.00,0.00,0.00,0.00,0.00,0.00,0.00,0.00,0.00
15,0,0.467,0.03,0,0.000000,0.000000,0.000000,0.000000,0.000000,0.000000,0.000,0.000,708.0,712.1,721.1,729.7,732.7,729.0,719.6,711.1,694.7,701.6,710.0,719.0,727.7,734.6,739.3,734.0,726.6,718.0,709.2,701.0,716.2,719.7,723.4,725.1,723.9,720.4,716.7,715.0,835.4,840.0,849.4,858.3,861.4,856.8,847.4,838.0,828.5,833.3,840.2,849.0,858.0,866.2,873.0,865.9,857.3,848.3,839.8,833.0,844.5,848.4,852.5,854.5,853.2,849.3,845.2,843.2,552.1,543.1,539.6,543.6,552.8,562.4,565.3,561.3,550.8,549.1,548.3,548.0,549.1,551.5,554.9,557.9,559.1,559.3,557.8,555.0,555.9,557.6,556.1,552.4,548.6,547.0,548.4,552.1,557.4,548.1,544.9,549.9,560.0,569.4,572.5,568.1,557.5,554.0,552.7,553.4,555.5,558.0,561.7,565.1,567.0,567.4,565.4,562.3,562.5,564.7,563.3,559.2,554.8,552.6,554.0,558.1,33.7,35.7,40.2,44.5,46.2,44.4,39.6,35.3,27.3,30.5,34.6,39.0,43.4,47.0,49.7,46.8,42.9,38.6,34.2,30.3,37.9,39.7,41.6,42.4,41.7,39.9,38.1,37.2,93.5,95.4,99.6,103.6,105.1,103.1,98.9,94.8,90.6,92.4,95.1,98.9,103.1,107.3,110.9,107.3,103.0,98.7,95.0,92.3,97.8,99.6,101.4,102.2,101.6,99.9,98.0,97.2,95.1,90.6,89.0,91.2,96.0,100.9,102.1,99.9,95.1,93.7,92.9,92.7,93.6,95.2,97.5,98.6,98.6,98.5,97.8,96.8,97.4,98.3,97.7,95.8,93.8,92.9,93.6,95.5,94.4,89.7,88.0,90.1,94.9,99.6,101.4,99.6,94.9,92.7,91.6,91.5,92.5,93.9,96.0,97.4,98.1,98.2,97.7,96.8,96.8,97.8,97.0,95.0,92.8,91.9,92.7,94.7,433.2,432.9,433.4,434.5,435.5,436.2,435.3,434.2,436.0,433.7,431.9,431.5,432.9,435.1,437.7,435.7,433.5,432.4,432.7,434.2,435.1,435.6,435.8,435.7,435.3,434.8,434.6,434.7,418.5,417.6,416.3,415.3,415.3,416.2,417.5,418.8,420.6,418.1,415.8,414.1,413.8,414.9,416.6,415.5,414.6,414.5,416.0,418.6,418.4,418.0,417.4,417.0,417.0,417.5,418.0,418.4,68.7,132.8,425.1,0.068,0.136,-0.023,634.8,633.4,633.3,637.1,646.9,666.4,694.4,732.8,779.4,826.9,865.5,896.5,914.6,922.1,925.1,927.0,925.9,667.7,684.7,708.6,735.6,759.9,810.4,837.0,862.5,885.0,897.8,786.6,786.0,785.9,785.7,753.2,768.7,783.7,798.8,812.4,693.5,709.3,727.1,742.2,726.4,709.6,824.7,841.2,858.8,872.5,857.8,841.0,717.2,738.8,765.5,782.2,799.4,825.2,842.1,825.5,800.7,781.8,762.8,736.4,727.0,765.2,782.1,799.5,833.3,799.5,781.5,764.0,561.2,592.8,623.3,654.3,687.8,723.1,758.4,791.4,801.4,787.1,751.6,712.2,674.0,636.4,604.4,573.5,543.5,513.3,501.0,496.6,502.7,514.6,517.2,507.0,505.2,512.7,527.3,555.5,578.4,600.9,624.7,644.3,649.5,653.8,650.2,646.0,552.7,547.1,548.2,555.9,559.2,558.0,558.1,553.9,555.6,561.4,565.4,564.2,698.4,685.3,681.7,687.0,683.1,688.4,701.4,736.8,752.9,755.1,752.3,735.4,698.7,699.4,701.2,700.7,701.9,727.5,729.2,726.5,0.00,0.00,0.00,0.00,0.00,0.00,0.00,0.00,0.00,0.00,0.00,0.00,0.00,0.00,0.00,0.00,0.00,0.00,0.00,0.00,0.00,0.00,0.00,0.00,0.00,0.00,0.00,0.00,0.00,0.00,0.00,0.00,0.00,0.00,0.00
16,0,0.500,0.03,0,0.000000,0.000000,0.000000,0.000000,0.000000,0.000000,0.000,0.000,708.3,712.2,721.0,729.5,732.8,729.4,720.0,711.5,694.6,701.0,709.0,718.3,727.4,734.4,739.4,733.7,725.7,716.8,708.2,700.4,716.7,720.2,723.7,725.3,724.0,720.5,717.0,715.4,835.0,839.5,849.2,858.4,861.7,857.2,847.6,837.7,827.4,833.0,840.9,850.4,859.2,866.6,871.8,866.0,858.3,849.6,840.7,832.8,844.2,848.0,852.1,854.0,852.6,848.7,844.6,842.8,552.3,543.4,539.9,543.8,552.8,562.3,565.2,561.3,551.6,549.0,547.7,547.2,548.6,551.2,555.1,558.3,559.5,559.7,558.4,555.7,556.0,557.6,556.1,552.5,548.9,547.3,548.7,552.3,556.7,547.3,543.9,548.4,558.3,567.7,571.2,567.2,559.6,554.2,551.3,551.2,553.5,556.7,561.6,564.4,565.8,566.0,564.7,562.8,561.5,563.4,561.9,558.0,553.8,551.9,553.4,557.3,33.7,35.6,40.0,44.3,45.9,44.3,39.6,35.4,27.2,30.2,34.0,38.5,43.0,46.7,49.4,46.4,42.3,37.8,33.6,29.9,38.0,39.7,41.5,42.3,41.6,39.9,38.1,37.3,93.3,95.5,100.2,104.6,106.1,103.9,99.2,94.6,90.0,92.3,95.8,100.2,104.6,108.6,111.6,108.4,104.2,99.7,95.6,92.3,97.9,99.7,101.7,102.6,102.0,100.1,98.2,97.2,94.9,90.5,88.8,90.9,95.5,100.3,101.6,99.5,95.4,93.5,92.4,92.0,92.8,94.6,97.0,98.2,98.4,98.3,97.9,97.0,97.1,97.9,97.2,95.4,93.6,92.7,93.4,95.2,94.1,89.7,88.1,90.2,94.9,99.3,101.0,99.2,95.8,92.9,91.2,91.1,92.3,94.3,97.1,98.0,98.2,98.1,97.6,97.0,96.6,97.5,96.8,94.9,93.0,92.1,92.8,94.6,431.9,431.6,431.9,432.5,433.2,433.8,433.2,432.5,435.8,433.0,430.7,429.8,430.8,432.7,435.0,433.2,431.4,430.8,431.6,433.5,433.4,433.6,433.8,433.6,433.4,433.1,433.0,433.1,418.7,419.0,419.1,419.0,418.7,418.5,418.4,418.8,420.1,418.6,417.4,416.7,417.4,419.5,421.4,419.6,417.6,416.4,417.0,418.7,419.5,419.5,419.5,419.6,419.7,419.7,419.7,419.6,69.2,133.1,426.2,0.078,0.114,-0.029,637.3,634.9,633.8,636.4,645.7,665.0,693.0,732.4,779.2,826.3,864.4,895.2,913.9,921.5,923.9,924.5,922.3,667.6,683.8,707.7,734.8,758.9,809.2,835.2,860.6,883.1,896.1,785.7,785.8,786.3,786.6,753.6,769.6,784.9,800.2,814.2,692.5,708.1,726.1,741.8,725.7,708.6,824.8,841.5,859.4,873.0,858.7,841.7,714.9,739.1,767.6,785.2,803.2,830.5,849.0,831.4,805.3,785.5,765.7,737.1,724.9,767.3,785.0,803.3,840.2,803.5,784.6,766.3,564.0,594.4,623.9,653.7,686.6,722.0,757.6,792.1,803.0,788.6,753.0,713.0,674.4,636.3,603.5,572.2,542.0,514.2,501.5,497.2,503.1,514.8,517.1,505.8,503.8,511.3,526.3,555.6,578.4,601.0,625.0,645.1,650.3,654.4,650.1,645.5,553.7,547.2,548.3,556.2,559.6,558.6,557.8,552.5,553.7,560.0,564.1,563.2,695.8,685.1,682.5,687.2,682.9,686.0,696.2,734.7,753.0,755.9,753.4,735.5,696.5,699.8,701.3,700.1,697.5,728.4,730.5,728.0,0.00,0.00,0.00,0.00,0.00,0.00,0.00,0.00,0.00,0.00,0.00,0.00,0.00,0.00,0.00,0.00,0.00,0.00,0.00,0.00,0.00,0.00,0.00,0.00,0.00,0.00,0.00,0.00,0.00,0.00,0.00,0.00,0.00,0.00,0.00
17,0,0.533,0.03,0,0.000000,0.000000,0.000000,0.000000,0.000000,0.000000,0.000,0.000,706.0,710.1,719.4,728.5,732.0,728.4,718.5,709.5,693.2,699.6,707.9,717.3,726.6,733.9,738.8,733.0,725.0,716.0,707.1,699.1,714.9,718.6,722.5,724.2,722.8,719.0,715.1,713.4,833.9,838.6,848.6,858.1,861.5,856.8,846.7,836.7,826.6,832.3,840.1,849.8,859.3,867.2,873.3,866.7,858.3,849.2,839.8,831.8,843.4,847.5,851.8,853.8,852.4,848.3,844.0,842.0,552.4,543.1,539.3,543.3,552.8,562.8,566.0,561.9,551.9,549.2,547.9,547.4,548.6,551.6,556.1,558.8,559.9,560.1,558.6,555.9,556.3,558.0,556.4,552.5,548.6,546.9,548.5,552.4,555.8,546.1,542.6,547.4,557.7,567.4,570.9,566.7,555.6,551.9,550.5,551.2,553.6,556.4,560.7,564.2,566.0,566.2,564.0,560.7,560.8,562.8,561.3,557.1,552.7,550.7,552.2,556.4,31.5,33.5,37.9,42.3,44.1,42.4,37.7,33.3,25.6,28.5,32.3,36.7,41.3,44.9,47.6,44.6,40.6,36.2,32.0,28.3,35.9,37.7,39.6,40.4,39.7,37.8,36.0,35.2,89.0,91.0,95.5,99.7,101.2,99.2,94.7,90.3,86.0,88.1,91.3,95.5,99.9,104.0,107.3,103.9,99.6,95.3,91.2,88.0,93.4,95.3,97.2,98.1,97.4,95.6,93.7,92.8,91.9,87.4,85.6,87.7,92.4,97.3,98.7,96.6,92.4,90.5,89.5,89.0,89.9,91.7,94.4,95.3,95.4,95.3,94.8,93.9,94.1,95.0,94.3,92.4,90.4,89.5,90.3,92.2,89.8,85.3,83.6,85.7,90.4,94.9,96.7,94.9,90.1,88.0,86.9,87.0,88.2,89.9,92.3,93.6,94.0,93.9,93.1,92.1,92.2,93.1,92.4,90.4,88.4,87.5,88.2,90.2,418.0,417.6,417.8,418.5,419.2,420.0,419.5,418.8,421.3,418.8,416.6,415.8,416.9,418.8,421.1,419.4,417.6,416.9,417.6,419.4,419.5,419.8,419.9,419.7,419.4,419.1,419.0,419.2,401.4,401.0,400.4,400.0,400.0,400.4,401.0,401.7,403.1,401.0,399.3,398.3,398.7,400.4,402.5,401.0,399.4,398.5,399.3,401.4,401.9,401.7,401.4,401.3,401.3,401.4,401.7,401.9,69.0,133.0,425.5,0.056,0.116,-0.029,636.4,634.6,634.2,637.5,647.2,666.5,694.3,732.9,779.1,825.7,863.5,894.4,913.2,921.1,924.0,925.1,923.3,666.4,683.1,706.9,734.0,758.0,808.9,835.0,860.4,882.9,896.2,785.3,785.4,786.0,786.5,753.8,769.7,784.9,800.0,813.8,691.7,707.4,725.7,741.5,725.3,707.8,824.2,841.0,859.1,872.9,858.5,841.2,716.0,739.7,767.9,785.3,803.2,830.2,848.4,831.3,805.5,785.9,766.3,737.9,726.1,767.7,785.2,803.4,839.6,803.7,784.9,766.8,566.1,596.7,626.3,656.4,689.2,724.1,759.2,793.3,804.1,790.2,754.9,715.2,676.8,638.8,605.8,574.5,544.4,514.6,502.1,497.6,503.0,514.5,516.5,505.5,503.5,511.0,525.6,555.1,578.1,600.7,624.6,645.4,650.5,654.5,650.3,645.8,553.9,547.0,548.1,556.5,559.9,559.0,557.6,551.8,553.0,559.5,563.9,563.1,696.9,685.2,682.0,686.7,682.3,685.9,696.8,734.8,753.0,756.0,753.5,736.0,697.5,699.6,701.1,699.8,698.0,727.9,730.2,727.7,0.00,0.00,0.00,0.00,0.00,0.00,0.00,0.00,0.00,0.00,0.00,0.00,0.00,0.00,0.00,0.00,0.00,0.00,0.00,0.00,0.00,0.00,0.00,0.00,0.00,0.00,0.00,0.00,0.00,0.00,0.00,0.00,0.00,0.00,0.00
18,0,0.567,0.03,0,0.000000,0.000000,0.000000,0.000000,0.000000,0.000000,0.000,0.000,706.1,710.2,719.3,728.2,731.5,727.9,718.3,709.4,692.1,698.9,707.5,717.3,726.8,733.7,738.2,732.5,724.6,715.5,706.5,698.3,714.8,718.3,722.0,723.7,722.3,718.7,715.1,713.4,832.1,836.3,846.0,855.6,859.4,855.1,845.4,835.2,824.5,830.1,838.2,848.1,857.4,864.9,870.1,864.5,856.9,848.1,838.9,830.6,841.7,845.5,849.4,851.1,849.6,845.8,841.8,840.1,552.7,543.4,539.7,543.8,553.2,563.1,566.2,562.2,552.4,549.2,547.5,546.9,548.4,551.6,556.5,559.4,560.6,560.7,559.3,556.6,556.5,558.2,556.7,552.9,549.1,547.5,549.0,552.7,555.6,546.0,542.2,546.5,556.4,566.1,569.9,566.3,560.0,553.2,549.3,548.4,550.9,554.9,560.8,563.4,564.5,564.7,563.9,562.7,560.3,562.0,560.5,556.6,552.6,550.9,552.4,556.3,31.3,33.2,37.6,41.9,43.5,41.9,37.2,32.9,24.9,27.9,31.9,36.5,41.0,44.5,47.0,44.0,40.1,35.7,31.5,27.7,35.6,37.3,39.1,39.8,39.2,37.4,35.7,34.9,88.5,90.7,95.3,99.7,101.2,99.0,94.4,89.8,85.2,87.6,91.1,95.6,100.1,104.0,106.9,103.8,99.6,95.3,91.1,87.7,93.1,94.9,96.7,97.6,97.0,95.2,93.4,92.5,91.3,86.8,85.2,87.3,91.9,96.8,98.1,95.9,91.9,89.8,88.5,88.1,89.1,91.1,93.9,94.9,95.0,94.9,94.3,93.4,93.5,94.3,93.6,91.8,90.0,89.1,89.8,91.6,90.2,85.9,84.3,86.3,90.7,94.9,96.5,94.9,92.3,89.0,87.0,86.6,87.9,90.2,93.3,94.0,94.0,93.7,93.4,93.2,92.5,93.3,92.6,90.9,89.1,88.3,89.0,90.7,414.4,414.2,414.7,415.5,416.3,416.9,416.1,415.2,417.7,415.1,413.1,412.5,413.7,415.8,418.2,416.4,414.4,413.5,414.1,415.8,416.1,416.5,416.7,416.6,416.3,415.9,415.7,415.8,403.3,404.3,404.9,404.7,403.8,402.8,402.3,402.7,403.9,403.0,402.2,401.9,402.8,404.8,406.5,404.4,402.0,400.6,401.0,402.5,404.0,403.9,404.1,404.5,404.8,404.9,404.7,404.3,68.6,132.6,424.2,0.063,0.102,-0.031,634.5,632.8,632.7,635.9,645.0,664.0,692.5,732.4,779.0,825.1,862.4,893.0,912.0,920.2,923.6,924.9,923.1,664.7,681.2,705.2,732.3,756.3,807.3,832.9,858.0,880.4,894.4,784.0,784.6,785.6,786.5,754.3,769.9,784.9,799.7,813.3,690.9,706.5,725.2,741.0,724.8,707.0,822.7,839.2,857.5,871.4,857.2,839.8,718.3,741.6,769.3,786.1,803.3,829.4,846.8,830.7,806.1,787.2,768.3,740.2,728.4,769.2,786.0,803.5,837.9,804.0,786.0,768.5,565.4,595.5,624.8,654.6,687.3,722.6,758.1,792.8,803.6,789.8,755.0,715.9,677.6,639.7,606.4,574.7,544.3,515.0,502.3,498.0,503.3,514.7,516.5,505.4,503.1,509.9,524.1,555.6,578.6,601.1,625.0,645.9,650.8,654.5,650.3,645.7,554.2,546.9,548.0,557.0,560.6,559.6,557.5,550.7,551.6,558.3,563.2,562.8,698.4,686.1,682.1,686.5,682.1,685.7,696.8,734.4,752.5,755.5,753.5,737.0,698.6,699.4,700.6,699.2,698.0,727.8,730.2,728.0,0.00,0.00,0.00,0.00,0.00,0.00,0.00,0.00,0.00,0.00,0.00,0.00,0.00,0.00,0.00,0.00,0.00,0.00,0.00,0.00,0.00,0.00,0.00,0.00,0.00,0.00,0.00,0.00,0.00,0.00,0.00,0.00,0.00,0.00,0.00
19,0,0.600,0.03,0,0.000000,0.000000,0.000000,0.000000,0.000000,0.000000,0.000,0.000,704.4,708.5,717.8,726.9,730.4,726.8,717.0,708.0,690.2,697.3,706.3,716.2,725.6,732.4,736.9,731.3,723.6,714.6,705.4,696.8,713.1,716.9,720.8,722.5,721.0,717.2,713.3,711.6,831.8,836.2,845.9,855.1,858.5,854.0,844.4,834.6,825.0,829.9,837.2,846.7,856.6,865.4,872.4,865.0,855.9,846.3,837.3,829.9,841.3,845.3,849.5,851.5,850.0,846.0,841.7,839.8,552.7,543.0,539.1,543.2,552.9,563.1,566.4,562.4,552.7,549.4,547.6,546.9,548.3,551.4,556.3,559.3,560.5,560.7,559.3,556.7,556.7,558.4,556.7,552.7,548.6,546.9,548.6,552.6,554.9,545.0,541.2,545.8,556.1,566.0,569.8,565.9,556.9,551.7,548.8,548.6,551.0,554.4,559.4,562.7,564.3,564.6,563.1,560.9,559.9,561.9,560.3,555.9,551.4,549.4,551.1,555.4,29.9,31.8,36.2,40.5,42.2,40.6,35.9,31.6,23.5,26.6,30.7,35.2,39.7,43.1,45.5,42.7,38.8,34.5,30.3,26.4,34.1,35.9,37.7,38.5,37.8,36.0,34.2,33.4,86.3,88.2,92.3,96.1,97.5,95.6,91.5,87.5,83.6,85.4,88.1,92.0,96.4,100.6,104.2,100.5,96.1,91.8,88.2,85.4,90.5,92.2,93.9,94.8,94.2,92.5,90.7,89.9,89.4,85.0,83.3,85.4,90.1,95.0,96.3,94.1,90.0,88.0,86.8,86.4,87.4,89.3,92.2,93.1,93.1,93.0,92.4,91.5,91.7,92.6,91.9,90.0,88.1,87.2,87.9,89.8,87.7,83.2,81.2,83.0,87.5,92.0,94.0,92.6,89.1,86.2,84.4,84.0,85.0,86.8,89.4,90.5,91.0,91.1,90.8,90.3,89.8,90.6,89.8,87.8,85.8,85.1,85.9,87.9,406.2,406.2,406.9,408.0,408.8,409.1,408.0,407.0,408.9,406.6,404.9,404.7,406.1,408.3,410.7,408.8,406.5,405.4,405.7,407.1,408.1,408.5,408.9,408.9,408.5,408.1,407.8,407.8,393.7,393.3,392.2,391.0,390.4,390.7,391.9,393.4,395.7,393.4,391.2,389.5,389.4,390.5,392.2,390.8,389.6,389.5,390.9,393.5,393.3,392.8,392.3,392.1,392.4,392.9,393.4,393.6,68.0,132.4,423.4,0.068,0.106,-0.032,633.7,632.0,632.0,635.3,644.2,662.8,691.3,731.2,778.0,824.1,861.5,892.4,911.6,920.0,923.6,925.1,923.6,663.8,680.3,704.3,731.5,755.5,806.2,832.2,857.6,880.2,894.3,782.8,783.3,784.2,785.0,753.3,768.8,783.7,798.4,811.8,689.7,705.3,724.1,739.9,723.8,705.8,822.0,838.4,856.8,870.9,856.7,839.1,718.5,741.2,768.5,784.8,801.4,827.4,844.7,828.8,804.4,786.1,767.6,740.0,728.8,768.4,784.7,801.6,835.9,802.2,784.7,767.7,566.2,596.2,625.2,654.6,686.9,722.1,757.5,792.1,803.0,789.3,754.8,715.8,677.6,639.5,606.1,574.3,543.7,515.6,502.8,498.4,503.6,514.8,516.2,505.0,502.7,509.7,524.2,555.6,578.7,601.4,625.4,646.2,651.0,654.6,650.4,646.0,554.2,546.7,547.8,557.0,560.6,559.7,557.3,550.2,551.0,557.8,562.9,562.6,699.4,686.6,682.3,686.7,682.3,686.3,697.9,735.3,753.0,755.8,753.8,737.5,699.5,699.7,700.8,699.7,699.0,728.2,730.3,728.1,0.00,0.00,0.00,0.00,0.00,0.00,0.00,0.00,0.00,0.00,0.00,0.00,0.00,0.00,0.00,0.00,0.00,0.00,0.00,0.00,0.00,0.00,0.00,0.00,0.00,0.00,0.00,0.00,0.00,0.00,0.00,0.00,0.00,0.00,0.00
20,0,0.633,0.03,0,0.000000,0.000000,0.000000,0.000000,0.000000,0.000000,0.000,0.000,703.8,707.7,716.6,725.2,728.5,725.1,715.7,707.1,688.8,696.1,705.1,715.0,724.1,730.7,734.9,729.6,722.0,713.1,704.1,695.5,712.2,715.6,719.1,720.6,719.3,715.9,712.4,710.8,830.3,834.5,844.0,853.4,857.1,852.9,843.3,833.4,823.6,828.6,836.0,845.5,855.2,863.7,869.9,863.3,854.7,845.4,836.5,829.0,840.0,843.9,847.9,849.6,848.1,844.2,840.2,838.4,552.6,543.3,539.6,543.7,553.1,563.1,566.1,562.0,552.8,549.2,547.2,546.4,548.2,551.7,556.7,559.7,560.6,560.7,559.4,556.9,556.5,558.1,556.7,553.0,549.2,547.6,549.1,552.8,555.6,545.8,541.7,545.7,555.6,565.5,569.6,566.3,559.7,552.5,548.2,547.0,549.4,553.4,559.4,562.4,564.0,564.5,563.7,562.5,560.1,561.8,560.1,555.9,551.8,550.1,551.8,555.9,30.1,32.0,36.3,40.5,42.1,40.5,35.9,31.7,23.2,26.6,30.7,35.3,39.8,43.1,45.4,42.6,38.8,34.5,30.2,26.3,34.3,35.9,37.6,38.4,37.7,36.1,34.4,33.6,87.1,89.1,93.3,97.3,98.8,96.8,92.6,88.4,84.3,86.3,89.3,93.3,97.8,102.0,105.1,101.7,97.4,93.1,89.3,86.4,91.5,93.2,94.9,95.7,95.1,93.5,91.7,90.9,91.0,86.7,85.2,87.3,91.9,96.6,97.8,95.6,91.7,89.5,88.2,87.8,89.0,91.1,94.1,95.0,94.9,94.7,94.1,93.2,93.3,94.2,93.6,91.8,90.0,89.2,89.8,91.5,89.5,85.1,83.1,84.7,89.0,93.4,95.4,94.3,91.7,88.0,85.7,84.9,86.0,88.1,91.2,92.2,92.5,92.7,92.6,92.5,91.5,92.2,91.4,89.5,87.7,87.0,87.9,89.7,413.5,413.9,414.9,415.9,416.4,416.4,415.0,414.0,416.3,414.1,412.5,412.2,413.8,416.0,418.4,416.2,413.8,412.6,412.9,414.3,415.4,415.8,416.2,416.4,416.2,415.7,415.3,415.2,400.5,400.8,400.2,399.1,398.2,397.9,398.5,399.9,401.9,400.3,398.6,397.3,397.4,398.7,400.2,398.5,397.0,396.5,397.7,399.9,400.3,399.8,399.6,399.7,400.1,400.5,400.8,400.7,67.4,132.2,422.7,0.070,0.106,-0.039,632.4,630.8,631.0,634.5,643.3,661.8,690.5,730.7,777.7,824.1,861.7,892.5,911.5,919.7,923.2,924.3,922.4,662.4,678.6,702.1,728.9,752.5,804.9,829.8,854.4,876.5,891.0,781.2,781.9,782.9,783.8,752.6,768.1,782.9,797.4,810.7,688.1,703.7,722.7,738.6,722.3,704.2,820.8,837.1,855.7,869.8,855.9,838.1,718.5,740.8,767.9,784.1,800.4,826.2,843.7,828.0,803.8,785.7,767.4,739.9,728.7,767.9,784.1,800.7,834.8,801.5,784.3,767.4,566.8,596.8,625.8,655.1,687.5,722.7,757.9,792.4,803.1,789.4,754.8,715.3,676.5,638.2,604.8,573.0,542.6,515.7,502.8,498.3,503.6,514.5,515.7,504.7,502.1,508.4,522.3,555.4,578.5,601.1,625.0,646.5,651.1,654.5,650.5,646.0,554.4,546.6,547.8,557.5,561.1,560.1,557.4,549.8,550.3,557.3,562.8,562.7,700.3,687.2,682.5,686.8,682.5,686.5,698.4,735.4,753.0,755.8,754.0,738.0,700.2,700.0,701.0,700.0,699.4,728.6,730.7,728.6,0.00,0.00,0.00,0.00,0.00,0.00,0.00,0.00,0.00,0.00,0.00,0.00,0.00,0.00,0.00,0.00,0.00,0.00,0.00,0.00,0.00,0.00,0.00,0.00,0.00,0.00,0.00,0.00,0.00,0.00,0.00,0.00,0.00,0.00,0.00
21,0,0.667,0.03,0,0.000000,0.000000,0.000000,0.000000,0.000000,0.000000,0.000,0.000,701.4,705.3,714.6,723.6,727.2,723.7,714.0,704.9,687.6,694.4,703.2,713.0,722.4,729.3,733.8,728.3,720.5,711.5,702.4,694.0,710.1,713.8,717.6,719.3,717.8,714.1,710.3,708.6,829.2,833.7,843.4,852.6,855.9,851.4,841.7,832.0,822.7,827.6,834.7,844.3,854.2,863.3,870.1,862.7,853.4,843.8,835.0,827.8,838.8,842.8,846.9,848.9,847.4,843.5,839.3,837.3,552.6,543.0,539.2,543.4,553.0,563.2,566.4,562.2,553.4,549.7,547.7,546.8,548.4,551.9,557.1,559.8,560.7,560.8,559.5,557.1,556.8,558.5,556.9,552.9,549.0,547.3,548.8,552.8,554.6,544.6,540.7,545.3,555.6,565.7,569.5,565.7,558.4,551.8,548.1,547.3,549.7,553.5,559.1,562.1,563.7,564.2,563.1,561.5,559.6,561.6,559.9,555.5,551.1,549.1,550.8,555.1,28.8,30.6,35.0,39.4,41.1,39.4,34.8,30.5,22.5,25.6,29.5,34.1,38.6,42.0,44.4,41.6,37.7,33.4,29.2,25.4,33.0,34.8,36.6,37.4,36.7,34.9,33.1,32.3,84.4,86.4,90.4,94.1,95.4,93.5,89.5,85.6,81.9,83.6,86.3,90.1,94.5,98.7,102.1,98.4,94.1,89.9,86.3,83.7,88.5,90.2,91.9,92.8,92.2,90.6,88.8,88.0,90.2,85.8,84.2,86.3,90.9,95.7,97.0,94.8,91.3,89.1,87.7,87.2,88.3,90.3,93.3,94.1,94.0,93.8,93.3,92.6,92.6,93.4,92.8,90.9,89.0,88.2,88.8,90.7,86.8,82.3,80.3,82.1,86.4,90.9,92.9,91.7,88.9,85.5,83.4,82.6,83.6,85.5,88.3,89.4,89.8,90.0,89.9,89.8,88.9,89.6,88.8,86.8,84.9,84.2,85.0,87.0,410.0,410.4,411.2,411.9,412.2,412.2,411.1,410.4,412.8,410.7,409.0,408.7,410.0,412.0,414.1,412.1,409.9,408.9,409.4,411.0,411.7,412.0,412.3,412.4,412.3,412.0,411.7,411.5,390.4,390.1,389.0,387.5,386.7,386.9,388.1,389.9,392.1,389.9,387.8,386.1,385.8,386.8,388.2,386.9,385.7,385.7,387.3,389.8,389.8,389.2,388.6,388.5,388.9,389.5,390.0,390.1,66.4,131.8,421.3,0.084,0.106,-0.043,628.9,627.6,628.2,632.2,641.5,660.4,689.2,729.7,777.0,823.8,861.7,892.6,911.2,918.9,922.2,923.5,921.9,660.4,676.9,700.5,727.5,751.4,803.0,828.0,852.7,875.0,889.9,779.8,780.3,781.3,782.1,751.1,766.5,781.3,795.9,809.3,686.5,702.2,721.2,737.0,720.8,702.7,819.5,835.8,854.4,868.5,854.5,836.7,717.1,739.6,766.9,782.4,798.0,824.0,842.2,826.0,801.7,784.3,766.6,739.0,727.4,767.0,782.5,798.4,833.2,799.4,782.8,766.6,565.1,595.6,625.0,654.7,687.3,722.6,757.8,792.2,802.7,788.8,753.9,714.2,675.2,637.1,604.0,572.4,542.0,516.3,503.3,498.8,504.0,515.0,515.9,504.8,502.2,508.2,522.3,555.3,578.7,601.6,625.9,646.9,651.5,654.9,650.8,646.1,554.6,546.8,547.9,557.5,561.3,560.3,557.1,549.7,550.2,557.2,562.6,562.5,700.2,687.5,683.0,687.3,683.0,686.9,698.2,735.7,753.2,755.9,754.2,738.4,700.1,700.4,701.4,700.3,699.4,728.7,730.8,728.9,0.00,0.00,0.00,0.00,0.00,0.00,0.00,0.00,0.00,0.00,0.00,0.00,0.00,0.00,0.00,0.00,0.00,0.00,0.00,0.00,0.00,0.00,0.00,0.00,0.00,0.00,0.00,0.00,0.00,0.00,0.00,0.00,0.00,0.00,0.00
22,0,0.700,0.03,0,0.000000,0.000000,0.000000,0.000000,0.000000,0.000000,0.000,0.000,701.0,704.8,713.8,722.6,726.1,722.8,713.3,704.5,687.4,693.9,702.3,711.9,721.2,728.0,732.4,726.8,719.1,710.2,701.5,693.4,709.7,713.2,716.8,718.3,716.9,713.4,709.8,708.3,828.4,832.6,842.1,851.4,855.0,850.8,841.3,831.5,821.5,826.4,833.7,843.1,852.7,861.3,867.9,861.1,852.2,842.9,834.0,826.6,838.2,842.0,845.8,847.5,846.0,842.3,838.5,836.8,553.1,543.8,540.0,543.9,553.2,563.1,566.3,562.4,553.8,549.8,547.7,546.7,548.3,551.8,557.1,560.1,561.3,561.5,560.2,557.7,556.8,558.4,556.9,553.2,549.4,547.9,549.4,553.1,555.8,545.9,541.8,545.9,555.8,565.8,569.9,566.5,558.7,552.0,548.1,547.1,549.3,553.0,558.8,562.2,563.9,564.4,563.6,562.1,560.1,561.8,560.1,556.1,552.1,550.5,552.2,556.1,29.3,31.1,35.5,39.8,41.5,39.9,35.3,31.0,22.9,25.9,29.8,34.4,38.9,42.4,44.8,41.9,37.9,33.6,29.5,25.7,33.6,35.3,37.0,37.8,37.1,35.4,33.6,32.9,86.3,88.3,92.5,96.4,97.8,95.9,91.7,87.6,83.5,85.4,88.3,92.2,96.6,100.8,104.1,100.6,96.2,91.9,88.2,85.4,90.7,92.3,94.0,94.8,94.2,92.6,91.0,90.2,92.7,88.3,86.6,88.6,93.2,98.0,99.3,97.3,93.7,91.3,89.9,89.3,90.3,92.4,95.4,96.5,96.6,96.5,96.0,95.2,94.9,95.7,95.0,93.2,91.4,90.6,91.3,93.0,89.7,85.2,83.2,84.8,89.1,93.6,95.6,94.5,91.5,88.0,85.8,85.0,85.9,87.9,90.8,92.0,92.5,92.6,92.6,92.5,91.6,92.3,91.4,89.6,87.9,87.2,88.1,89.9,420.1,420.2,420.8,421.5,421.9,422.2,421.3,420.5,423.2,420.8,418.9,418.3,419.5,421.5,423.6,421.8,419.8,419.0,419.6,421.3,421.6,421.9,422.2,422.2,422.0,421.7,421.5,421.5,401.0,401.2,400.4,399.1,398.1,397.9,398.7,400.3,402.7,400.8,399.0,397.5,397.3,398.4,399.7,398.2,396.8,396.5,397.9,400.4,400.5,400.0,399.7,399.8,400.2,400.7,401.0,400.9,65.7,131.6,420.3,0.092,0.105,-0.046,625.9,625.1,626.4,631.0,640.7,659.8,688.8,729.3,776.6,823.6,861.3,892.0,910.2,917.7,921.1,922.7,921.2,658.9,675.3,698.8,725.8,749.8,802.3,827.0,851.4,873.8,888.7,779.0,779.6,780.6,781.4,750.4,765.6,780.4,795.0,808.2,685.4,701.1,719.9,735.5,719.5,701.5,818.6,834.7,853.1,867.2,853.2,835.5,717.8,739.7,766.3,780.9,795.4,820.6,838.5,822.4,798.6,782.5,765.7,739.0,727.9,766.3,781.0,795.7,829.7,796.6,781.2,766.0,564.8,595.6,625.2,655.2,687.9,723.2,758.1,792.0,802.2,788.3,753.3,713.4,674.0,635.9,602.8,571.1,540.4,517.5,504.3,499.5,504.6,515.5,515.9,504.9,502.2,507.9,521.9,555.3,579.1,602.5,627.2,647.2,652.0,655.5,651.3,646.6,554.9,547.3,548.3,557.5,561.5,560.6,556.6,549.6,550.1,556.8,562.3,562.2,701.3,688.4,684.0,688.2,684.1,688.3,699.8,736.6,753.1,755.5,753.6,738.3,701.2,701.0,702.0,701.2,700.9,728.9,730.7,728.9,0.00,0.00,0.00,0.00,0.00,0.00,0.00,0.00,0.00,0.00,0.00,0.00,0.00,0.00,0.00,0.00,0.00,0.00,0.00,0.00,0.00,0.00,0.00,0.00,0.00,0.00,0.00,0.00,0.00,0.00,0.00,0.00,0.00,0.00,0.00
23,0,0.733,0.03,0,0.000000,0.000000,0.000000,0.000000,0.000000,0.000000,0.000,0.000,699.3,703.0,712.1,721.2,725.0,721.8,712.2,703.1,685.6,692.1,700.6,710.2,719.5,726.6,731.4,725.7,718.0,709.0,700.1,691.8,708.2,711.9,715.6,717.1,715.5,711.9,708.2,706.7,827.5,832.1,842.0,851.4,854.8,850.2,840.3,830.4,820.8,825.8,833.0,842.6,852.6,861.7,869.0,861.3,852.0,842.2,833.2,825.8,837.3,841.4,845.6,847.6,846.1,842.1,837.8,835.8,554.2,544.6,540.5,544.3,553.7,563.9,567.4,563.6,554.9,551.3,549.2,548.2,549.3,552.4,557.3,560.5,562.0,562.5,561.4,558.8,557.8,559.3,557.7,553.8,550.0,548.4,550.1,554.0,555.1,544.8,540.8,545.3,555.7,565.9,570.0,566.3,557.6,551.7,548.2,547.5,549.7,553.3,558.7,562.2,564.0,564.5,563.4,561.5,560.1,562.0,560.3,555.8,551.3,549.4,551.1,555.6,28.0,29.8,34.1,38.5,40.4,38.9,34.2,29.8,21.7,24.7,28.5,33.0,37.5,41.1,43.5,40.7,36.8,32.5,28.3,24.5,32.3,34.1,35.9,36.6,35.8,34.1,32.3,31.6,82.4,84.4,88.5,92.2,93.5,91.5,87.4,83.5,79.8,81.6,84.3,88.1,92.3,96.5,100.0,96.3,92.0,87.7,84.2,81.5,86.5,88.2,89.9,90.8,90.3,88.6,86.9,86.0,91.7,87.2,85.4,87.3,91.9,96.9,98.3,96.3,92.7,90.5,89.1,88.5,89.3,91.2,94.0,95.2,95.4,95.4,95.0,94.2,93.8,94.6,93.9,92.0,90.2,89.4,90.1,91.9,85.7,81.2,79.2,80.8,85.1,89.6,91.7,90.5,87.3,84.2,82.2,81.5,82.4,84.1,86.8,88.0,88.5,88.7,88.6,88.4,87.8,88.5,87.6,85.6,83.8,83.0,83.9,85.9,413.2,413.2,413.8,414.7,415.3,415.6,414.7,413.9,416.2,413.9,412.0,411.4,412.7,414.7,417.0,415.2,413.2,412.3,412.8,414.5,414.9,415.3,415.5,415.5,415.3,414.9,414.7,414.7,384.5,384.5,383.4,381.8,380.8,380.8,381.9,383.8,386.4,384.2,382.1,380.4,380.0,380.9,382.2,380.8,379.7,379.6,381.2,383.9,383.8,383.1,382.7,382.6,383.1,383.8,384.2,384.3,65.1,131.6,419.6,0.091,0.103,-0.044,623.7,623.2,624.8,629.6,639.4,658.5,687.5,727.9,775.4,822.6,860.5,891.2,909.4,917.0,920.6,922.4,921.3,657.4,674.0,697.7,724.8,749.0,801.5,826.2,850.6,873.0,888.2,778.1,778.7,779.7,780.5,749.6,764.7,779.5,794.1,807.2,684.0,699.8,718.7,734.3,718.3,700.2,818.1,834.1,852.7,866.8,852.8,835.0,717.2,739.0,765.4,780.0,794.4,819.6,837.5,821.3,797.6,781.4,764.8,738.2,727.4,765.4,780.0,794.7,828.5,795.6,780.2,765.1,565.1,595.7,625.0,654.8,687.4,722.7,757.6,791.6,801.9,788.1,753.3,713.9,674.9,637.4,604.9,573.4,542.9,518.4,505.2,500.4,505.5,516.4,516.4,505.3,502.5,507.9,521.6,556.1,580.0,603.4,628.2,648.0,652.7,656.3,652.2,647.5,555.8,548.1,549.0,558.4,562.4,561.5,557.2,549.9,550.3,557.1,562.7,562.7,702.1,689.1,684.5,688.7,684.6,688.8,700.5,736.8,753.2,755.7,753.9,738.9,701.9,701.5,702.4,701.6,701.5,729.3,731.2,729.4,0.00,0.00,0.00,0.00,0.00,0.00,0.00,0.00,0.00,0.00,0.00,0.00,0.00,0.00,0.00,0.00,0.00,0.00,0.00,0.00,0.00,0.00,0.00,0.00,0.00,0.00,0.00,0.00,0.00,0.00,0.00,0.00,0.00,0.00,0.00
24,0,0.767,0.03,0,0.000000,0.000000,0.000000,0.000000,0.000000,0.000000,0.000,0.000,698.8,702.5,711.6,720.6,724.4,721.3,711.6,702.6,686.4,692.2,700.0,709.4,718.9,726.1,731.1,725.1,716.9,707.8,699.3,691.8,707.9,711.6,715.2,716.7,715.2,711.5,707.9,706.4,826.5,830.7,840.3,849.5,853.0,848.8,839.2,829.5,820.0,824.8,832.0,841.6,851.8,860.8,867.7,860.0,850.9,841.3,832.4,825.1,836.0,840.1,844.2,846.1,844.6,840.5,836.3,834.5,555.2,545.8,541.8,545.6,555.0,565.0,568.3,564.5,555.8,551.7,549.5,548.4,549.9,553.4,558.8,561.6,562.7,563.0,561.8,559.5,559.0,560.5,558.9,555.1,551.3,549.8,551.4,555.2,556.0,546.0,541.9,546.3,556.5,566.6,570.6,567.0,559.4,552.5,548.5,547.5,550.1,554.1,560.1,563.2,564.8,565.3,564.2,562.6,560.9,562.8,561.0,556.6,552.1,550.2,552.0,556.4,28.3,30.1,34.5,38.9,40.7,39.2,34.5,30.2,22.6,25.2,28.8,33.2,37.9,41.5,44.0,41.0,36.9,32.5,28.5,25.1,32.8,34.6,36.3,37.1,36.3,34.5,32.8,32.1,83.0,84.8,88.8,92.6,93.9,92.1,88.2,84.2,80.4,82.2,84.9,88.7,93.2,97.4,100.8,97.1,92.7,88.5,84.9,82.2,87.1,88.8,90.5,91.3,90.7,89.1,87.3,86.5,94.0,89.5,87.6,89.5,94.0,98.9,100.4,98.5,95.2,92.6,91.0,90.3,91.1,93.1,96.1,97.1,97.3,97.3,97.0,96.4,96.1,96.8,96.0,94.2,92.4,91.6,92.4,94.2,87.2,82.7,80.7,82.3,86.6,91.2,93.2,92.0,89.1,85.5,83.3,82.6,83.6,85.7,88.6,89.7,90.1,90.3,90.1,90.0,89.3,90.0,89.1,87.1,85.2,84.5,85.4,87.3,421.5,421.5,421.6,421.7,421.8,422.1,421.7,421.6,425.2,422.6,420.2,419.2,419.8,421.2,423.0,421.5,419.9,419.6,420.8,423.0,422.5,422.5,422.6,422.6,422.5,422.4,422.4,422.4,389.4,389.1,388.0,386.6,385.8,386.1,387.2,388.9,391.0,388.9,386.8,385.2,385.0,386.1,387.6,386.0,384.8,384.7,386.2,388.7,388.8,388.2,387.7,387.6,388.0,388.6,389.1,389.2,64.9,132.0,420.1,0.095,0.103,-0.048,625.0,624.0,625.0,629.3,638.7,657.7,687.0,727.8,775.3,822.1,859.5,890.2,908.7,916.6,920.1,921.5,920.0,656.8,673.1,696.9,724.2,748.5,800.0,825.1,850.0,872.7,887.7,776.9,777.6,778.6,779.5,748.5,763.8,778.7,793.3,806.5,683.0,698.7,717.7,733.5,717.4,699.2,817.0,833.2,851.8,866.0,852.1,834.2,716.0,738.3,765.0,779.5,793.9,819.4,837.9,821.4,797.5,781.4,764.8,737.8,726.1,765.0,779.6,794.3,829.0,795.3,779.9,764.8,566.5,596.7,625.7,655.1,687.4,722.5,757.4,791.5,801.8,787.7,753.0,713.6,674.7,637.0,604.2,572.6,542.2,519.5,506.2,501.4,506.5,517.3,517.3,506.0,503.1,508.9,523.1,557.0,581.0,604.5,629.3,649.1,653.8,657.2,652.9,648.1,556.6,548.7,549.7,559.3,563.2,562.4,558.0,550.3,550.6,557.5,563.3,563.3,701.8,689.8,685.6,689.6,685.4,689.0,699.4,736.2,752.9,755.4,753.8,738.7,701.7,702.3,703.1,702.1,700.7,729.2,731.2,729.4,0.00,0.00,0.00,0.00,0.00,0.00,0.00,0.00,0.00,0.00,0.00,0.00,0.00,0.00,0.00,0.00,0.00,0.00,0.00,0.00,0.00,0.00,0.00,0.00,0.00,0.00,0.00,0.00,0.00,0.00,0.00,0.00,0.00,0.00,0.00
25,0,0.800,0.03,0,0.000000,0.000000,0.000000,0.000000,0.000000,0.000000,0.000,0.000,698.1,701.8,710.9,720.0,723.8,720.6,711.0,701.9,682.9,690.3,699.4,709.4,718.8,725.6,730.3,724.8,717.2,708.2,698.9,690.1,706.7,710.5,714.4,716.0,714.3,710.5,706.6,705.0,826.2,830.7,840.6,850.0,853.5,849.0,839.2,829.2,819.4,824.4,831.7,841.3,851.4,860.4,867.3,859.9,850.7,841.0,831.8,824.4,836.0,840.1,844.4,846.3,844.8,840.7,836.4,834.4,555.2,545.4,541.2,545.1,554.7,565.1,568.7,564.8,555.9,552.3,550.0,549.0,550.3,553.5,558.4,561.4,562.6,563.0,562.0,559.7,559.2,560.8,559.0,554.9,550.8,549.1,550.9,555.1,555.4,545.2,541.2,545.6,556.0,566.2,570.2,566.5,558.6,552.2,548.5,547.7,550.0,553.8,559.4,562.9,564.7,565.2,564.1,562.2,560.4,562.3,560.5,556.1,551.6,549.6,551.4,555.8,26.7,28.4,32.7,37.0,38.8,37.3,32.8,28.5,19.9,23.2,27.2,31.8,36.2,39.6,42.0,39.2,35.5,31.3,27.0,23.1,30.8,32.6,34.4,35.2,34.4,32.6,30.8,30.0,82.0,84.0,88.0,91.8,93.1,91.2,87.2,83.2,79.4,81.2,83.9,87.8,92.1,96.3,99.6,96.0,91.7,87.4,83.8,81.1,86.2,87.8,89.6,90.5,89.9,88.2,86.4,85.6,89.8,85.3,83.6,85.6,90.2,95.0,96.4,94.3,90.7,88.5,87.1,86.6,87.5,89.5,92.3,93.2,93.3,93.2,92.7,92.0,92.0,92.9,92.1,90.3,88.3,87.5,88.2,90.1,86.0,81.5,79.5,81.2,85.5,90.0,92.0,90.8,87.9,84.6,82.5,81.8,82.8,84.6,87.4,88.6,89.1,89.3,89.2,89.0,88.1,88.8,87.9,86.0,84.1,83.3,84.2,86.2,402.4,402.7,403.6,404.7,405.3,405.4,404.1,403.0,405.1,402.9,401.2,400.9,402.4,404.7,407.2,405.0,402.8,401.5,401.8,403.2,404.3,404.8,405.2,405.3,405.0,404.6,404.2,404.0,385.3,385.2,384.1,382.7,381.8,381.9,383.0,384.7,387.2,385.2,383.2,381.5,381.1,382.1,383.4,382.0,380.8,380.7,382.3,384.9,384.7,384.1,383.6,383.6,384.0,384.6,385.1,385.1,64.5,131.8,419.6,0.105,0.099,-0.047,623.7,622.7,623.6,627.9,637.5,656.7,686.0,726.8,774.1,820.8,858.2,889.0,907.7,915.7,919.2,920.6,919.0,656.3,673.0,696.8,724.0,748.2,799.7,824.5,849.1,871.9,887.3,776.8,777.6,778.7,779.6,748.3,763.5,778.4,793.0,806.3,682.6,698.5,717.5,733.3,717.1,698.9,816.5,832.8,851.4,865.6,851.7,833.8,713.9,737.2,764.4,778.8,793.2,818.8,837.7,820.4,796.1,780.1,763.6,736.2,724.0,764.3,778.8,793.4,828.8,794.1,778.9,763.8,565.7,596.2,625.6,655.2,687.5,722.5,757.2,791.2,801.4,787.4,752.6,713.0,673.9,636.0,602.8,571.0,540.2,519.5,506.4,501.7,506.8,517.6,517.5,506.1,503.2,508.8,522.9,556.9,581.0,604.7,629.7,649.2,653.9,657.4,653.1,648.3,556.6,548.9,549.8,559.3,563.3,562.5,558.0,550.4,550.7,557.5,563.3,563.4,700.1,689.2,685.6,689.7,685.6,688.8,698.3,735.8,752.6,755.0,753.3,737.7,700.3,702.0,703.0,702.0,699.7,729.0,730.9,729.1,0.00,0.00,0.00,0.00,0.00,0.00,0.00,0.00,0.00,0.00,0.00,0.00,0.00,0.00,0.00,0.00,0.00,0.00,0.00,0.00,0.00,0.00,0.00,0.00,0.00,0.00,0.00,0.00,0.00,0.00,0.00,0.00,0.00,0.00,0.00
26,0,0.833,0.03,0,0.000000,0.000000,0.000000,0.000000,0.000000,0.000000,0.000,0.000,697.7,701.5,710.6,719.8,723.6,720.4,710.7,701.5,684.5,691.1,699.5,709.4,719.0,726.0,730.8,725.1,717.1,707.9,698.9,690.8,706.5,710.5,714.4,716.0,714.3,710.4,706.5,704.9,825.9,830.1,839.8,849.2,852.9,848.7,839.0,829.0,818.6,823.7,831.2,840.9,851.0,859.7,866.1,859.2,850.3,840.8,831.6,823.9,835.6,839.6,843.6,845.4,843.9,839.9,835.9,834.1,555.1,545.5,541.5,545.3,554.8,565.0,568.4,564.6,556.3,552.3,550.0,548.7,549.8,552.8,557.6,561.0,562.6,563.2,562.2,560.0,559.0,560.7,559.0,554.9,550.9,549.2,550.9,555.0,556.4,546.4,542.3,546.5,556.5,566.4,570.6,567.2,559.6,552.6,548.5,547.4,549.7,553.8,559.9,563.2,564.9,565.4,564.4,562.9,560.9,562.6,560.9,556.7,552.5,550.8,552.5,556.7,27.1,28.9,33.2,37.6,39.4,37.9,33.3,28.9,21.1,24.0,27.9,32.5,37.1,40.5,43.0,40.1,36.2,31.8,27.6,23.9,31.4,33.2,35.1,35.8,35.1,33.2,31.3,30.6,83.5,85.4,89.6,93.6,95.1,93.1,89.0,84.8,80.6,82.5,85.5,89.6,94.1,98.3,101.5,98.0,93.6,89.3,85.5,82.5,87.8,89.5,91.3,92.1,91.5,89.8,88.0,87.2,91.6,87.1,85.3,87.3,91.8,96.7,98.1,96.1,92.9,90.4,88.9,88.2,89.0,90.8,93.6,94.8,95.0,95.1,94.8,94.2,93.8,94.6,93.9,92.0,90.0,89.2,89.9,91.9,88.2,83.8,81.8,83.5,87.7,92.1,94.1,92.9,90.1,86.6,84.3,83.5,84.6,86.7,89.7,90.8,91.2,91.3,91.2,91.1,90.2,90.9,90.0,88.2,86.4,85.7,86.5,88.4,410.9,410.9,411.5,412.1,412.5,412.7,411.9,411.2,413.9,411.5,409.7,409.1,410.3,412.2,414.4,412.5,410.5,409.6,410.3,412.0,412.3,412.6,412.8,412.9,412.7,412.4,412.2,412.2,393.1,393.2,392.6,391.6,390.7,390.5,391.1,392.5,394.8,393.1,391.5,390.1,390.1,391.4,392.8,391.1,389.5,389.1,390.3,392.7,392.8,392.4,392.1,392.2,392.6,393.0,393.3,393.2,64.3,131.8,419.9,0.107,0.098,-0.046,624.2,622.9,623.5,627.4,636.7,655.7,685.0,725.7,773.0,819.8,857.3,888.3,907.0,915.0,918.2,919.2,917.4,656.4,672.9,696.6,723.8,748.0,799.7,824.4,849.0,871.7,886.7,776.6,777.4,778.6,779.6,748.4,763.4,778.1,792.5,805.5,682.5,698.4,717.4,733.3,717.1,698.8,815.8,832.3,850.9,865.1,851.2,833.3,712.9,736.4,763.8,778.2,792.5,818.1,837.0,819.4,795.0,779.0,762.5,735.0,722.9,763.5,778.0,792.6,828.2,793.0,777.9,762.8,566.1,596.3,625.4,654.8,687.0,721.9,756.7,790.9,801.1,786.9,751.6,711.7,672.5,634.5,601.5,570.0,539.5,519.4,506.5,501.8,507.0,517.9,517.7,506.2,503.1,508.9,523.0,557.0,581.0,604.6,629.6,649.3,653.9,657.3,653.1,648.5,556.6,548.8,549.8,559.3,563.2,562.4,558.2,550.4,550.7,557.5,563.4,563.4,699.2,689.0,685.8,689.9,685.8,689.0,698.0,735.9,752.6,754.9,753.0,737.0,699.6,702.1,703.2,702.3,699.4,729.0,730.7,728.8,0.00,0.00,0.00,0.00,0.00,0.00,0.00,0.00,0.00,0.00,0.00,0.00,0.00,0.00,0.00,0.00,0.00,0.00,0.00,0.00,0.00,0.00,0.00,0.00,0.00,0.00,0.00,0.00,0.00,0.00,0.00,0.00,0.00,0.00,0.00
27,0,0.867,0.03,0,0.000000,0.000000,0.000000,0.000000,0.000000,0.000000,0.000,0.000,697.8,701.5,710.7,719.8,723.7,720.4,710.8,701.6,683.0,690.3,699.2,709.2,718.7,725.7,730.5,725.0,717.2,708.1,698.8,690.1,706.5,710.4,714.3,715.9,714.2,710.3,706.4,704.9,825.7,830.2,840.0,849.4,853.0,848.5,838.7,828.7,818.7,823.9,831.4,841.0,851.0,859.9,866.7,859.5,850.2,840.5,831.3,823.7,835.5,839.5,843.7,845.6,844.1,840.1,835.9,834.0,555.0,545.3,541.1,545.0,554.6,565.0,568.4,564.6,556.0,552.3,550.0,548.8,549.9,552.9,557.5,560.9,562.3,562.9,562.0,559.8,559.0,560.6,558.9,554.7,550.6,549.0,550.8,554.9,555.6,545.5,541.5,545.8,556.0,566.2,570.2,566.6,558.8,552.4,548.6,547.7,549.9,553.7,559.4,563.0,564.8,565.3,564.3,562.5,560.4,562.3,560.6,556.2,551.8,550.0,551.7,556.0,26.6,28.4,32.6,36.9,38.8,37.3,32.7,28.4,20.0,23.2,27.2,31.8,36.2,39.7,42.2,39.4,35.6,31.3,27.0,23.1,30.8,32.6,34.4,35.2,34.4,32.5,30.7,30.0,82.2,84.1,88.3,92.1,93.5,91.5,87.4,83.4,79.5,81.4,84.3,88.1,92.5,96.7,100.0,96.4,92.0,87.7,84.0,81.2,86.4,88.1,89.8,90.7,90.1,88.4,86.7,85.8,89.8,85.4,83.6,85.6,90.2,95.0,96.4,94.3,90.9,88.7,87.3,86.6,87.5,89.3,92.0,93.1,93.2,93.2,92.9,92.2,92.0,92.9,92.2,90.3,88.3,87.5,88.2,90.1,86.6,82.1,80.1,81.8,86.1,90.5,92.5,91.3,88.4,85.1,83.0,82.3,83.2,85.1,87.9,89.2,89.6,89.8,89.7,89.5,88.6,89.3,88.4,86.5,84.7,84.0,84.8,86.7,403.0,403.2,404.1,405.0,405.5,405.6,404.5,403.5,405.9,403.6,401.9,401.5,402.9,405.1,407.5,405.4,403.2,402.1,402.4,403.9,404.8,405.2,405.5,405.6,405.4,405.0,404.7,404.6,387.1,387.2,386.3,385.0,384.1,384.0,384.9,386.5,389.1,387.2,385.3,383.7,383.5,384.6,385.9,384.4,383.0,382.8,384.3,386.9,386.7,386.1,385.7,385.8,386.2,386.7,387.1,387.1,64.4,132.1,420.8,0.099,0.099,-0.042,625.2,623.8,624.2,627.9,636.5,655.0,683.9,724.5,771.8,818.8,856.6,887.8,906.7,914.8,918.2,919.4,917.6,656.9,673.3,696.9,723.9,748.0,800.0,824.5,848.9,871.4,886.4,776.8,777.6,778.7,779.6,748.6,763.5,778.0,792.3,805.2,682.7,698.5,717.4,733.2,717.1,698.9,816.0,832.4,850.9,865.0,851.1,833.3,713.4,736.6,763.9,777.9,791.8,817.2,835.9,818.4,794.0,778.4,762.3,735.0,723.4,763.5,777.7,791.9,827.2,792.2,777.4,762.7,567.8,597.3,625.8,654.7,686.7,721.6,756.4,791.0,801.7,787.8,752.6,712.7,673.5,635.6,602.8,571.6,541.4,519.1,506.3,501.6,506.8,517.7,517.5,506.1,503.1,508.8,522.7,556.9,580.8,604.3,629.2,649.0,653.7,657.0,653.1,648.6,556.4,548.7,549.7,559.2,563.1,562.3,558.0,550.4,550.7,557.6,563.4,563.3,699.8,689.1,685.7,689.8,685.8,689.4,698.9,736.5,752.9,755.0,753.2,737.3,700.1,702.2,703.3,702.5,700.2,729.1,730.7,728.9,0.00,0.00,0.00,0.00,0.00,0.00,0.00,0.00,0.00,0.00,0.00,0.00,0.00,0.00,0.00,0.00,0.00,0.00,0.00,0.00,0.00,0.00,0.00,0.00,0.00,0.00,0.00,0.00,0.00,0.00,0.00,0.00,0.00,0.00,0.00
28,0,0.900,0.03,0,0.000000,0.000000,0.000000,0.000000,0.000000,0.000000,0.000,0.000,698.2,702.0,711.1,720.2,724.0,720.7,711.1,702.0,684.2,691.2,700.0,709.9,719.3,726.3,731.0,725.5,717.7,708.6,699.5,690.9,707.0,710.8,714.6,716.1,714.6,710.8,707.0,705.4,825.7,830.0,839.5,848.7,852.2,848.0,838.5,828.7,819.0,823.9,831.1,840.8,850.8,859.5,865.8,858.8,849.9,840.5,831.4,824.0,835.2,839.2,843.3,845.1,843.6,839.6,835.5,833.7,554.9,545.3,541.3,545.1,554.7,564.9,568.3,564.5,555.5,551.7,549.4,548.3,549.5,552.6,557.5,560.7,562.1,562.5,561.5,559.3,558.8,560.4,558.7,554.7,550.8,549.1,550.8,554.9,556.4,546.5,542.4,546.6,556.5,566.4,570.5,567.1,559.7,552.7,548.6,547.5,550.1,554.3,560.6,563.7,565.2,565.6,564.5,562.9,561.0,562.8,561.0,556.8,552.5,550.7,552.5,556.7,27.2,29.0,33.3,37.7,39.5,38.0,33.3,29.0,20.8,24.0,28.0,32.5,37.0,40.5,43.0,40.2,36.3,32.0,27.8,23.9,31.4,33.3,35.1,35.8,35.1,33.2,31.4,30.7,83.8,85.7,89.8,93.7,95.0,93.1,89.0,85.0,81.1,83.0,85.9,89.8,94.3,98.4,101.6,98.1,93.7,89.5,85.7,83.0,88.0,89.6,91.4,92.2,91.6,90.0,88.2,87.4,91.2,86.7,84.9,86.9,91.5,96.4,97.7,95.7,92.1,89.7,88.3,87.7,88.5,90.5,93.3,94.4,94.5,94.5,94.1,93.4,93.3,94.2,93.5,91.6,89.7,88.8,89.6,91.4,88.6,84.2,82.1,83.7,88.0,92.4,94.4,93.3,90.5,86.9,84.7,83.9,85.0,87.1,90.2,91.3,91.6,91.7,91.6,91.5,90.6,91.3,90.4,88.5,86.6,86.0,86.8,88.7,409.1,409.2,409.9,410.8,411.3,411.5,410.5,409.6,412.0,409.7,407.9,407.5,408.9,411.0,413.3,411.3,409.1,408.1,408.5,410.1,410.8,411.2,411.5,411.5,411.3,410.9,410.6,410.6,394.8,394.8,394.0,392.7,391.7,391.7,392.5,394.1,396.6,394.8,393.0,391.5,391.3,392.3,393.6,392.1,390.7,390.5,391.9,394.4,394.3,393.8,393.4,393.4,393.8,394.4,394.7,394.7,64.7,132.3,421.9,0.097,0.099,-0.044,626.8,625.1,625.2,628.5,636.9,655.3,684.3,725.0,772.3,819.3,856.9,888.0,906.9,914.9,918.1,919.0,916.9,657.4,673.4,697.0,724.2,748.3,799.7,824.3,848.8,871.3,886.1,776.7,777.5,778.6,779.6,748.7,763.6,778.1,792.4,805.4,683.2,698.8,717.7,733.5,717.4,699.3,816.1,832.4,850.9,864.8,851.1,833.4,713.6,736.8,764.1,778.5,792.8,818.2,836.7,819.6,795.3,779.3,762.8,735.4,723.5,763.8,778.3,792.8,828.1,793.3,778.1,763.1,568.3,597.7,626.1,654.8,686.9,721.7,756.5,791.0,801.8,787.7,752.4,712.4,673.2,635.0,601.9,570.6,540.5,518.9,505.9,501.2,506.5,517.5,517.6,506.1,503.0,508.9,522.8,556.9,580.4,603.4,627.9,648.4,653.0,656.3,652.3,647.7,556.3,548.4,549.5,559.0,562.9,562.0,558.1,550.4,550.7,557.6,563.3,563.4,699.5,688.8,685.3,689.4,685.4,688.7,698.2,735.8,752.5,754.8,753.0,737.1,699.7,701.7,702.7,701.8,699.5,729.2,731.0,729.1,0.00,0.00,0.00,0.00,0.00,0.00,0.00,0.00,0.00,0.00,0.00,0.00,0.00,0.00,0.00,0.00,0.00,0.00,0.00,0.00,0.00,0.00,0.00,0.00,0.00,0.00,0.00,0.00,0.00,0.00,0.00,0.00,0.00,0.00,0.00
29,0,0.933,0.03,0,0.000000,0.000000,0.000000,0.000000,0.000000,0.000000,0.000,0.000,697.9,701.6,710.9,720.2,724.1,721.0,711.1,701.8,684.6,691.1,699.6,709.2,718.7,726.1,731.2,725.4,717.4,708.3,699.2,691.0,706.9,710.9,714.8,716.4,714.7,710.7,706.8,705.2,825.6,829.9,839.6,849.1,852.8,848.6,838.9,828.9,819.1,824.1,831.6,841.2,851.1,859.9,866.3,859.4,850.4,840.8,831.7,824.2,835.5,839.5,843.6,845.4,843.8,839.8,835.7,833.9,554.4,544.7,540.5,544.3,553.9,564.2,567.7,563.9,555.1,551.5,549.3,548.2,549.4,552.5,557.4,560.4,561.7,562.2,561.2,558.9,558.3,559.9,558.2,554.0,550.0,548.3,550.1,554.2,555.4,545.2,541.0,545.2,555.4,565.5,569.7,566.3,559.2,552.4,548.4,547.5,549.7,553.5,559.1,562.6,564.5,565.2,564.2,562.5,559.9,561.7,559.9,555.6,551.3,549.6,551.3,555.6,27.1,28.8,33.2,37.6,39.5,38.0,33.4,28.9,21.1,24.0,27.8,32.2,36.7,40.4,43.0,40.1,36.1,31.8,27.6,23.9,31.4,33.3,35.1,35.9,35.1,33.2,31.4,30.6,82.9,84.8,88.9,92.8,94.3,92.4,88.3,84.2,80.3,82.2,85.1,89.0,93.4,97.6,100.8,97.3,93.0,88.7,85.0,82.2,87.2,88.9,90.6,91.4,90.8,89.1,87.4,86.6,90.9,86.4,84.5,86.4,91.0,95.9,97.4,95.5,92.0,89.8,88.3,87.6,88.4,90.2,93.0,94.0,94.2,94.3,94.0,93.3,93.1,93.9,93.1,91.2,89.2,88.4,89.2,91.1,87.2,82.7,80.6,82.3,86.6,91.1,93.1,92.0,89.3,85.9,83.7,83.0,83.9,85.8,88.7,89.9,90.4,90.6,90.5,90.3,89.2,89.8,89.0,87.1,85.2,84.6,85.4,87.3,409.4,409.4,409.8,410.3,410.6,410.9,410.2,409.7,412.6,410.2,408.1,407.4,408.4,410.2,412.3,410.6,408.7,408.0,408.7,410.6,410.7,410.9,411.1,411.1,411.0,410.8,410.6,410.6,390.7,390.7,389.8,388.6,387.8,387.8,388.7,390.2,392.4,390.5,388.7,387.2,387.1,388.3,389.6,388.2,386.8,386.5,387.9,390.3,390.3,389.8,389.4,389.4,389.8,390.3,390.7,390.7,64.9,132.2,422.3,0.099,0.098,-0.047,628.2,626.1,625.7,628.7,637.3,655.9,685.0,725.8,773.2,820.1,857.5,888.5,907.2,915.0,917.5,917.8,915.2,657.6,673.5,697.1,724.3,748.4,799.7,824.3,849.0,871.5,886.0,776.8,777.6,778.7,779.7,748.4,763.7,778.4,792.8,806.0,683.4,699.0,717.9,733.9,717.6,699.5,815.9,832.5,851.0,865.1,851.3,833.5,711.1,735.7,764.1,779.0,793.9,820.4,840.1,822.0,796.8,780.1,763.2,734.4,721.1,763.9,778.9,794.0,831.4,794.7,778.9,763.3,567.3,597.2,626.2,655.3,687.3,722.1,756.8,791.5,802.3,787.8,752.2,711.8,672.4,633.9,600.6,569.2,539.0,518.4,505.3,500.6,506.0,517.2,517.5,505.7,502.6,508.6,522.9,556.5,579.9,602.9,627.4,648.0,652.6,656.0,651.7,646.9,556.0,548.1,549.2,558.7,562.5,561.6,558.0,550.2,550.4,557.4,563.0,563.1,696.2,687.1,684.6,688.6,684.4,686.6,694.4,734.4,752.5,755.0,753.3,736.2,696.7,700.6,701.7,700.5,696.1,729.3,731.3,729.4,0.00,0.00,0.00,0.00,0.00,0.00,0.00,0.00,0.00,0.00,0.00,0.00,0.00,0.00,0.00,0.00,0.00,0.00,0.00,0.00,0.00,0.00,0.00,0.00,0.00,0.00,0.00,0.00,0.00,0.00,0.00,0.00,0.00,0.00,0.00
30,0,0.967,0.03,0,0.000000,0.000000,0.000000,0.000000,0.000000,0.000000,0.000,0.000,698.4,702.2,711.3,720.4,724.2,721.0,711.4,702.2,684.8,691.6,700.4,710.2,719.7,726.8,731.7,726.0,718.1,709.0,699.9,691.4,707.2,711.1,715.0,716.5,714.9,711.0,707.2,705.6,826.1,830.1,839.8,849.5,853.5,849.5,839.8,829.6,819.0,824.3,832.1,841.8,851.4,859.8,865.9,859.5,851.0,841.6,832.5,824.5,836.0,840.0,844.1,845.7,844.1,840.0,836.0,834.3,553.7,544.1,540.0,543.9,553.3,563.6,567.0,563.2,554.5,550.7,548.3,547.2,548.6,551.8,556.8,560.0,561.3,561.7,560.7,558.4,557.6,559.2,557.5,553.4,549.4,547.8,549.5,553.6,556.0,546.0,541.7,545.6,555.5,565.5,569.8,566.7,559.6,552.5,548.2,547.0,549.2,553.0,558.9,562.5,564.5,565.2,564.4,562.9,560.3,561.9,560.1,555.9,551.8,550.2,552.0,556.2,27.2,29.0,33.3,37.6,39.5,38.0,33.4,29.1,21.1,24.1,28.1,32.6,37.1,40.6,43.2,40.3,36.4,32.1,27.9,24.0,31.5,33.3,35.1,35.9,35.1,33.3,31.4,30.7,84.2,86.1,90.4,94.6,96.2,94.4,90.1,85.7,81.3,83.4,86.6,90.7,95.1,99.3,102.4,99.1,94.8,90.4,86.5,83.4,88.7,90.5,92.3,93.0,92.4,90.6,88.8,88.0,90.3,85.9,84.1,86.0,90.6,95.4,96.8,94.9,91.4,89.1,87.6,86.9,87.8,89.8,92.6,93.7,93.8,93.8,93.5,92.8,92.5,93.3,92.6,90.7,88.8,87.9,88.7,90.6,88.7,84.2,82.2,83.8,88.1,92.6,94.6,93.4,90.7,87.1,84.9,84.1,85.1,87.2,90.2,91.4,91.9,92.0,91.9,91.7,90.6,91.3,90.5,88.6,86.8,86.1,87.0,88.9,408.1,408.2,408.8,409.4,409.8,410.1,409.2,408.5,411.3,408.8,406.9,406.4,407.6,409.6,411.9,410.0,407.9,407.0,407.5,409.2,409.6,409.9,410.1,410.2,410.0,409.7,409.5,409.5,395.9,396.3,396.0,395.2,394.4,394.1,394.4,395.4,397.4,395.9,394.5,393.5,393.8,395.3,396.7,395.0,393.2,392.4,393.4,395.5,396.0,395.7,395.5,395.7,396.0,396.3,396.5,396.3,65.1,132.2,422.8,0.078,0.097,-0.043,628.6,626.9,626.8,629.9,638.1,656.0,684.7,725.4,772.9,819.9,857.5,888.5,906.8,914.4,917.2,917.8,915.5,657.9,673.7,697.6,725.0,749.1,799.9,824.7,849.6,872.1,886.4,777.2,777.9,779.0,779.9,748.9,764.0,778.6,792.9,805.9,683.6,699.3,718.3,734.3,718.0,699.8,816.2,832.8,851.4,865.4,851.6,833.7,714.5,737.4,764.7,779.5,794.2,819.5,837.5,821.1,797.1,780.6,763.8,736.2,724.4,764.5,779.3,794.3,828.8,795.1,779.4,763.9,567.8,597.8,626.8,655.9,687.9,722.6,757.3,791.7,802.4,788.0,752.6,712.2,672.6,634.1,600.8,569.5,539.5,518.2,504.7,500.0,505.5,516.9,517.3,505.8,502.6,508.6,522.9,556.2,579.4,602.0,626.1,647.1,651.7,655.0,650.9,646.3,555.5,547.5,548.7,558.4,562.1,561.2,557.8,549.7,550.1,557.0,562.8,562.9,699.3,687.4,683.4,687.5,683.3,686.8,697.2,735.3,752.5,755.0,753.3,737.4,699.3,700.0,700.9,700.0,698.5,729.0,731.0,729.1,0.00,0.00,0.00,0.00,0.00,0.00,0.00,0.00,0.00,0.00,0.00,0.00,0.00,0.00,0.00,0.00,0.00,0.00,0.00,0.00,0.00,0.00,0.00,0.00,0.00,0.00,0.00,0.00,0.00,0.00,0.00,0.00,0.00,0.00,0.00
31,0,1.000,0.03,0,0.000000,0.000000,0.000000,0.000000,0.000000,0.000000,0.000,0.000,698.8,702.7,711.9,721.3,725.2,721.9,712.1,702.7,683.9,691.2,700.2,710.0,719.5,726.8,731.8,726.2,718.5,709.4,699.9,691.0,707.7,711.7,715.6,717.3,715.6,711.6,707.6,706.0,826.5,830.6,840.4,850.2,854.2,850.1,840.3,830.0,819.3,824.5,832.2,841.9,851.6,860.0,866.1,859.6,851.2,841.9,832.7,824.9,836.3,840.6,844.9,846.7,844.9,840.6,836.3,834.5,553.2,543.3,539.2,543.1,552.9,563.5,567.0,563.0,553.9,550.3,548.1,547.0,548.3,551.6,556.5,559.5,560.7,561.0,560.0,557.7,557.4,559.1,557.3,553.1,548.9,547.2,549.0,553.2,554.9,544.8,540.5,544.5,554.6,564.7,569.0,565.7,559.1,552.1,548.0,546.9,548.9,552.5,558.0,561.5,563.5,564.3,563.6,562.1,559.5,561.3,559.4,554.9,550.5,548.8,550.6,555.1,26.8,28.6,32.9,37.3,39.1,37.6,33.0,28.6,20.2,23.4,27.4,31.8,36.2,39.8,42.3,39.5,35.8,31.6,27.3,23.3,31.0,32.8,34.7,35.5,34.7,32.8,31.0,30.2,84.2,86.1,90.5,94.7,96.4,94.5,90.2,85.7,81.3,83.3,86.5,90.6,95.0,99.1,102.3,99.0,94.7,90.4,86.5,83.4,88.7,90.5,92.5,93.3,92.6,90.7,88.8,87.9,88.1,83.7,81.9,83.9,88.5,93.4,94.7,92.6,89.0,86.9,85.5,85.0,85.8,87.8,90.6,91.5,91.5,91.4,91.0,90.3,90.4,91.2,90.5,88.6,86.6,85.8,86.5,88.4,88.0,83.5,81.5,83.2,87.5,92.0,94.0,92.8,90.3,86.8,84.6,83.9,84.8,86.8,89.6,90.8,91.3,91.5,91.4,91.2,90.1,90.9,90.0,88.0,86.1,85.3,86.2,88.2,398.9,399.3,400.1,401.1,401.5,401.4,400.2,399.3,401.8,399.6,397.9,397.5,398.9,401.0,403.3,401.2,399.0,397.9,398.2,399.8,400.6,401.0,401.4,401.6,401.4,401.0,400.6,400.5,395.2,395.5,395.2,394.5,393.7,393.4,393.7,394.7,396.7,395.1,393.7,392.7,392.9,394.4,395.9,394.2,392.5,391.8,392.8,394.8,395.3,395.0,394.9,395.0,395.3,395.6,395.8,395.6,65.5,131.8,422.1,0.086,0.087,-0.045,629.9,627.6,626.8,629.4,637.9,656.3,685.2,726.3,773.8,820.4,857.6,888.3,907.2,915.1,917.6,917.5,914.7,658.2,674.1,697.9,725.3,749.2,799.7,824.8,850.1,872.8,886.9,777.1,778.2,779.6,780.9,748.9,764.7,779.7,794.5,808.0,683.7,699.4,718.4,734.8,718.3,700.1,816.2,833.0,851.6,865.8,852.0,834.0,710.6,735.8,764.8,781.5,798.5,825.8,844.9,827.7,802.1,783.3,764.5,734.8,720.9,764.7,781.5,798.8,836.1,799.6,781.7,764.2,567.9,597.6,626.4,655.0,686.8,721.6,756.9,792.3,803.3,789.0,753.4,712.9,673.5,634.6,601.0,569.3,539.0,517.5,504.4,499.8,505.0,516.3,517.1,504.9,501.8,508.5,523.3,555.9,579.0,601.7,625.8,647.2,651.9,655.3,650.6,645.8,555.2,547.1,548.2,557.7,561.4,560.6,557.5,549.2,549.5,556.6,562.1,562.2,696.1,686.3,683.3,687.4,682.8,684.6,692.8,733.0,752.5,755.6,753.8,736.4,696.6,699.9,701.0,699.4,694.5,728.8,731.2,729.1,0.00,0.00,0.00,0.00,0.00,0.00,0.00,0.00,0.00,0.00,0.00,0.00,0.00,0.00,0.00,0.00,0.00,0.00,0.00,0.00,0.00,0.00,0.00,0.00,0.00,0.00,0.00,0.00,0.00,0.00,0.00,0.00,0.00,0.00,0.00
32,0,1.033,0.03,0,0.000000,0.000000,0.000000,0.000000,0.000000,0.000000,0.000,0.000,699.7,703.5,712.6,721.7,725.5,722.2,712.6,703.5,684.4,692.1,701.4,711.3,720.5,727.4,732.1,726.7,719.1,710.1,700.6,691.6,708.2,712.1,716.1,717.8,716.1,712.2,708.2,706.5,827.0,830.8,840.4,850.0,854.1,850.2,840.7,830.5,819.7,824.7,832.1,841.8,851.6,860.1,866.4,860.0,851.4,842.1,832.9,825.1,836.8,840.9,844.9,846.5,844.8,840.7,836.7,835.1,552.4,542.7,538.8,542.9,552.6,563.0,566.2,562.1,552.8,549.1,546.8,545.9,547.6,551.2,556.2,559.3,560.2,560.4,559.2,556.8,556.8,558.6,556.9,552.7,548.4,546.7,548.4,552.6,555.5,545.4,541.1,544.9,554.7,564.7,569.1,566.0,559.2,552.1,547.7,546.3,548.4,552.1,558.0,561.6,563.6,564.4,563.7,562.4,559.6,561.3,559.4,555.2,551.0,549.4,551.3,555.5,27.3,29.0,33.3,37.6,39.3,37.8,33.2,29.0,20.4,23.8,28.0,32.5,36.8,40.2,42.6,39.9,36.1,31.9,27.6,23.6,31.3,33.1,35.0,35.8,35.0,33.1,31.3,30.5,84.9,86.7,91.0,95.2,96.8,95.0,90.8,86.4,82.0,83.9,87.0,91.1,95.5,99.8,103.0,99.6,95.3,91.0,87.1,84.0,89.4,91.2,92.9,93.7,93.0,91.2,89.4,88.7,87.8,83.5,82.0,84.1,88.6,93.3,94.4,92.3,88.6,86.5,85.1,84.7,85.8,87.9,90.7,91.6,91.5,91.3,90.8,90.0,90.2,91.2,90.5,88.6,86.7,85.7,86.4,88.3,88.8,84.3,82.2,83.8,88.0,92.5,94.6,93.5,90.9,87.3,85.0,84.1,85.1,87.1,90.1,91.3,91.8,92.0,92.0,91.9,90.7,91.3,90.5,88.6,86.8,86.1,87.0,88.9,399.5,400.1,401.3,402.3,402.5,402.2,400.7,399.7,402.2,400.2,398.7,398.6,400.1,402.3,404.6,402.3,399.9,398.6,398.7,400.1,401.2,401.7,402.2,402.5,402.4,401.9,401.4,401.1,397.5,397.7,397.4,396.5,395.7,395.5,395.8,396.9,399.2,397.6,396.1,394.9,395.1,396.5,398.0,396.2,394.5,393.9,395.0,397.2,397.5,397.1,397.0,397.1,397.4,397.7,397.9,397.8,65.5,131.6,421.9,0.086,0.088,-0.046,630.7,628.2,627.2,629.7,638.2,656.6,685.3,726.2,773.8,820.5,857.8,888.4,907.2,915.0,917.3,917.0,913.8,658.7,674.5,698.2,725.4,749.1,799.8,824.7,849.9,872.6,886.7,777.3,778.4,779.8,781.1,748.7,764.7,779.9,794.8,808.5,684.2,699.8,718.9,735.4,718.7,700.5,816.1,833.1,851.8,865.9,852.1,834.2,709.5,735.1,764.4,781.7,799.2,826.8,846.1,828.7,802.8,783.3,764.0,734.0,719.8,764.2,781.5,799.4,837.3,800.2,781.7,763.7,567.6,597.6,626.7,655.5,687.3,722.1,757.5,792.8,803.8,789.6,753.8,712.8,673.0,633.5,599.5,567.5,536.8,516.8,503.7,499.3,504.7,516.1,517.1,504.7,501.4,508.1,523.0,555.4,578.6,601.4,625.7,647.0,651.8,655.2,650.5,645.6,554.6,546.4,547.6,557.3,560.8,560.1,557.2,548.9,549.2,556.3,561.8,561.9,695.3,686.0,683.2,687.4,682.7,684.4,692.4,732.8,752.4,755.5,753.6,735.8,696.0,699.9,701.1,699.4,694.1,728.6,731.0,728.7,0.00,0.00,0.00,0.00,0.00,0.00,0.00,0.00,0.00,0.00,0.00,0.00,0.00,0.00,0.00,0.00,0.00,0.00,0.00,0.00,0.00,0.00,0.00,0.00,0.00,0.00,0.00,0.00,0.00,0.00,0.00,0.00,0.00,0.00,0.00
33,0,1.067,0.03,0,0.000000,0.000000,0.000000,0.000000,0.000000,0.000000,0.000,0.000,700.0,703.9,713.2,722.4,726.1,722.7,712.9,703.7,684.3,692.0,701.5,711.5,720.8,727.8,732.5,727.2,719.6,710.7,701.0,691.7,708.5,712.5,716.5,718.3,716.6,712.6,708.5,706.8,827.2,831.1,840.8,850.7,855.0,851.1,841.4,830.8,819.3,824.9,832.9,842.9,852.3,860.0,865.5,859.9,852.2,843.3,833.9,825.5,836.8,841.1,845.3,847.0,845.1,840.9,836.7,835.0,552.5,542.6,538.5,542.6,552.5,563.0,566.5,562.4,552.8,549.4,547.3,546.5,548.0,551.4,556.4,559.4,560.5,560.8,559.6,557.0,556.9,558.6,556.8,552.5,548.2,546.4,548.2,552.5,555.1,545.0,540.7,544.7,554.7,564.9,569.2,565.9,559.1,552.1,547.9,546.8,548.7,552.0,557.4,561.0,563.3,564.3,563.6,562.1,559.5,561.2,559.4,555.0,550.7,549.0,550.8,555.2,27.0,28.8,33.0,37.3,39.0,37.5,32.9,28.7,20.0,23.4,27.6,32.1,36.4,39.8,42.2,39.5,35.9,31.7,27.4,23.3,30.9,32.8,34.7,35.5,34.7,32.8,31.0,30.2,84.9,86.8,91.3,95.8,97.7,95.9,91.4,86.6,81.6,83.9,87.3,91.7,96.2,100.3,103.3,100.2,96.1,91.8,87.6,84.1,89.5,91.5,93.4,94.2,93.4,91.5,89.5,88.7,86.5,82.2,80.6,82.6,87.2,92.0,93.2,91.1,87.2,85.3,84.0,83.6,84.6,86.7,89.5,90.4,90.3,90.1,89.6,88.7,88.9,89.8,89.1,87.2,85.2,84.3,85.0,86.9,88.5,84.0,82.1,84.0,88.5,93.0,94.9,93.5,90.6,87.1,85.0,84.4,85.5,87.5,90.4,91.6,92.1,92.2,92.0,91.6,90.7,91.6,90.7,88.8,86.8,86.0,86.8,88.8,393.3,393.7,394.8,396.0,396.6,396.5,395.0,393.8,395.9,393.9,392.4,392.3,394.0,396.3,398.8,396.6,394.1,392.7,392.7,394.0,395.2,395.8,396.3,396.5,396.2,395.7,395.2,395.0,397.0,397.3,397.7,397.8,397.7,397.4,397.0,397.1,398.1,396.8,395.9,395.5,396.5,398.7,400.7,398.7,396.4,395.0,395.4,396.8,398.0,398.1,398.2,398.4,398.4,398.4,398.2,398.1,65.9,131.7,422.3,0.087,0.085,-0.046,631.3,628.7,627.7,630.2,638.7,657.1,685.7,726.6,773.9,820.2,857.3,888.1,907.2,915.3,917.9,917.8,914.8,659.1,675.1,699.1,726.5,750.2,799.8,824.9,850.4,873.3,887.6,777.7,778.8,780.4,781.7,749.3,765.3,780.5,795.3,808.9,684.7,700.4,719.5,736.0,719.3,701.0,816.5,833.5,852.2,866.4,852.6,834.6,710.5,736.3,765.5,782.5,800.0,827.3,846.5,829.2,803.6,784.3,765.2,735.2,720.7,765.3,782.4,800.1,837.7,801.0,782.6,764.8,568.7,598.6,627.5,656.1,687.6,722.0,757.2,792.5,803.4,789.2,753.7,713.0,673.2,633.6,599.3,567.1,536.3,516.4,503.4,499.0,504.5,515.9,517.0,504.5,501.2,508.0,523.0,555.6,578.8,601.5,625.8,647.1,651.9,655.3,650.4,645.6,554.6,546.4,547.7,557.4,561.0,560.3,557.5,549.0,549.2,556.3,562.0,562.2,695.0,685.8,683.0,687.2,682.4,683.9,691.6,732.1,751.8,755.0,753.2,735.5,695.7,699.4,700.6,698.9,693.3,728.4,730.8,728.6,0.00,0.00,0.00,0.00,0.00,0.00,0.00,0.00,0.00,0.00,0.00,0.00,0.00,0.00,0.00,0.00,0.00,0.00,0.00,0.00,0.00,0.00,0.00,0.00,0.00,0.00,0.00,0.00,0.00,0.00,0.00,0.00,0.00,0.00,0.00
34,0,1.100,0.03,0,0.000000,0.000000,0.000000,0.000000,0.000000,0.000000,0.000,0.000,701.0,704.8,713.8,722.8,726.4,723.1,713.6,704.7,685.1,692.9,702.3,712.3,721.4,728.2,732.8,727.5,720.0,711.1,701.6,692.5,709.3,713.2,717.0,718.7,717.1,713.3,709.4,707.8,827.7,831.6,841.3,851.1,855.2,851.3,841.6,831.2,820.0,825.3,833.1,842.9,852.7,860.9,866.9,860.7,852.5,843.3,834.0,825.8,837.3,841.6,845.9,847.6,845.8,841.5,837.3,835.5,553.0,543.3,539.3,543.3,552.9,563.2,566.6,562.6,552.9,549.3,547.1,546.3,547.9,551.4,556.3,559.5,560.7,560.9,559.7,557.2,557.1,558.8,557.1,553.0,548.8,547.1,548.8,553.0,555.8,545.7,541.4,545.4,555.3,565.4,569.7,566.5,559.2,552.3,548.2,547.0,549.1,552.8,558.5,561.8,563.7,564.4,563.7,562.3,560.3,562.0,560.1,555.7,551.4,549.6,551.5,555.9,27.9,29.7,33.9,38.1,39.8,38.3,33.8,29.6,20.8,24.2,28.4,33.0,37.3,40.6,43.0,40.3,36.6,32.5,28.1,24.1,31.9,33.7,35.5,36.3,35.5,33.7,31.9,31.1,85.1,87.0,91.4,95.7,97.4,95.5,91.2,86.6,81.9,84.0,87.3,91.5,96.1,100.2,103.4,100.0,95.8,91.5,87.5,84.2,89.6,91.5,93.4,94.2,93.5,91.6,89.6,88.8,88.2,83.9,82.3,84.4,88.9,93.7,94.9,92.8,88.8,86.7,85.4,85.0,86.1,88.2,91.0,92.0,91.9,91.7,91.2,90.3,90.6,91.5,90.8,88.9,87.0,86.1,86.8,88.6,88.8,84.3,82.3,84.1,88.4,92.9,94.8,93.5,90.6,87.2,85.0,84.3,85.4,87.4,90.4,91.5,91.9,92.0,91.8,91.6,90.9,91.6,90.8,88.8,86.9,86.2,87.0,89.0,400.0,400.5,401.6,402.8,403.4,403.3,401.8,400.6,402.8,400.7,399.2,399.1,400.7,403.1,405.6,403.3,400.9,399.5,399.5,400.8,402.0,402.6,403.1,403.2,403.0,402.5,402.0,401.8,396.7,397.1,397.1,396.7,396.1,395.7,395.7,396.4,398.1,396.7,395.5,394.7,395.2,396.9,398.7,396.7,394.7,393.8,394.5,396.4,397.1,396.9,396.9,397.1,397.4,397.6,397.6,397.4,66.1,131.7,422.3,0.085,0.087,-0.046,631.8,629.2,628.1,630.6,639.2,657.6,686.1,726.9,774.3,820.9,858.3,889.0,908.0,915.8,918.1,917.8,914.7,659.6,676.0,699.8,727.0,750.6,800.1,825.0,850.4,873.3,887.9,778.0,779.2,780.7,782.0,749.5,765.6,780.9,795.8,809.6,684.9,700.7,719.9,736.5,719.7,701.4,816.9,834.1,852.8,867.2,853.2,835.1,709.1,735.8,765.7,783.0,800.6,828.6,848.7,830.6,804.3,784.9,765.5,734.7,719.4,765.6,782.8,800.8,839.8,801.7,783.1,765.1,568.3,598.4,627.6,656.4,687.8,722.1,757.1,792.5,803.5,789.4,753.7,712.8,673.0,633.3,599.1,567.0,536.2,515.7,503.1,498.9,504.4,515.8,517.0,504.4,501.2,507.9,522.8,555.3,578.4,601.2,625.4,647.1,651.9,655.3,650.3,645.5,554.7,546.6,547.8,557.4,561.0,560.3,557.6,549.3,549.6,556.7,562.2,562.3,693.8,685.2,682.8,687.0,682.2,683.5,690.5,732.1,752.4,755.6,753.7,735.5,694.7,699.5,700.7,698.9,692.4,728.5,730.9,728.6,0.00,0.00,0.00,0.00,0.00,0.00,0.00,0.00,0.00,0.00,0.00,0.00,0.00,0.00,0.00,0.00,0.00,0.00,0.00,0.00,0.00,0.00,0.00,0.00,0.00,0.00,0.00,0.00,0.00,0.00,0.00,0.00,0.00,0.00,0.00
35,0,1.133,0.03,0,0.000000,0.000000,0.000000,0.000000,0.000000,0.000000,0.000,0.000,701.0,704.9,714.1,723.2,727.0,723.6,713.9,704.8,685.4,693.0,702.4,712.3,721.5,728.5,733.3,727.9,720.3,711.3,701.7,692.6,709.6,713.5,717.5,719.1,717.5,713.6,709.6,707.9,827.8,831.8,841.7,851.7,855.9,851.8,842.0,831.4,820.5,825.9,833.7,843.7,853.6,862.1,868.3,861.7,853.1,843.7,834.3,826.3,837.7,842.1,846.5,848.3,846.4,842.0,837.6,835.8,552.9,543.1,538.9,542.9,552.6,563.0,566.5,562.6,552.7,549.4,547.4,546.6,548.2,551.5,556.3,559.4,560.5,560.8,559.6,557.0,557.0,558.7,556.9,552.7,548.5,546.8,548.6,552.8,555.4,545.1,540.7,544.8,555.1,565.4,569.8,566.4,559.1,552.3,548.3,547.3,549.3,552.7,558.0,561.6,563.9,564.8,564.0,562.3,559.9,561.8,559.8,555.3,550.7,548.9,550.8,555.4,27.7,29.5,33.8,38.1,39.8,38.3,33.8,29.5,20.8,24.1,28.3,32.8,37.1,40.5,43.0,40.3,36.6,32.4,28.0,24.0,31.8,33.6,35.5,36.2,35.5,33.6,31.8,31.0,83.5,85.3,89.6,93.9,95.6,93.9,89.6,85.1,80.6,82.6,85.7,89.9,94.4,98.6,101.8,98.4,94.2,89.8,85.9,82.8,88.0,89.9,91.8,92.6,91.8,89.9,88.0,87.2,87.7,83.3,81.6,83.6,88.2,93.0,94.3,92.2,88.2,86.2,85.0,84.6,85.6,87.7,90.4,91.3,91.3,91.1,90.6,89.7,90.0,90.9,90.1,88.2,86.3,85.4,86.1,88.0,86.9,82.3,80.2,82.0,86.4,91.0,93.1,91.8,88.8,85.4,83.3,82.7,83.7,85.5,88.3,89.5,90.1,90.4,90.2,89.9,89.0,89.7,88.8,86.8,84.8,84.0,84.9,87.0,397.7,398.0,399.0,400.2,400.8,400.9,399.5,398.3,400.5,398.4,396.8,396.7,398.2,400.5,403.0,400.8,398.5,397.1,397.2,398.6,399.7,400.2,400.6,400.8,400.5,400.0,399.5,399.4,389.0,388.9,388.5,388.0,387.7,387.8,388.2,389.1,390.5,388.8,387.3,386.3,386.7,388.4,390.2,388.5,386.7,386.0,386.9,388.8,389.4,389.2,389.0,388.9,389.1,389.3,389.5,389.5,66.3,131.6,421.9,0.075,0.086,-0.044,632.0,629.7,628.9,631.6,640.1,658.3,686.6,726.9,774.2,820.9,858.3,889.2,908.2,916.1,918.7,918.7,915.7,660.0,676.5,700.2,727.4,750.9,801.8,827.0,852.4,875.0,889.1,779.0,780.2,781.7,783.0,750.4,766.4,781.6,796.4,810.0,685.3,701.1,720.4,736.9,720.2,701.7,817.6,834.7,853.5,867.8,853.8,835.7,711.7,737.3,766.5,783.5,800.9,828.0,846.8,829.8,804.3,785.1,766.0,736.1,721.8,766.2,783.3,801.0,838.0,801.8,783.5,765.7,569.2,599.5,628.9,657.8,689.0,723.0,757.5,792.3,803.3,789.4,753.7,712.8,672.8,633.1,598.8,566.8,536.2,515.5,503.0,498.7,504.1,515.3,516.5,504.4,501.3,508.3,523.1,555.3,578.5,601.3,625.4,647.1,651.9,655.2,650.6,645.9,554.6,546.6,547.8,557.5,561.1,560.4,557.6,549.4,549.8,556.8,562.4,562.5,695.9,685.9,682.8,687.0,682.3,684.3,692.7,732.9,752.4,755.4,753.5,736.0,696.6,699.6,700.8,699.3,694.3,728.4,730.7,728.4,0.00,0.00,0.00,0.00,0.00,0.00,0.00,0.00,0.00,0.00,0.00,0.00,0.00,0.00,0.00,0.00,0.00,0.00,0.00,0.00,0.00,0.00,0.00,0.00,0.00,0.00,0.00,0.00,0.00,0.00,0.00,0.00,0.00,0.00,0.00
36,0,1.167,0.03,0,0.000000,0.000000,0.000000,0.000000,0.000000,0.000000,0.000,0.000,702.4,706.5,715.6,724.5,727.9,724.3,714.8,705.9,686.4,694.0,703.4,713.5,722.8,729.5,733.9,728.4,720.8,711.9,702.5,693.6,710.6,714.5,718.5,720.3,718.8,714.9,710.9,709.1,828.4,832.4,842.2,852.2,856.4,852.4,842.6,832.0,820.7,826.1,833.9,843.8,853.6,862.0,868.0,861.8,853.4,844.1,834.7,826.5,838.4,842.6,846.8,848.5,846.7,842.5,838.2,836.5,552.9,543.3,539.4,543.4,553.1,563.3,566.6,562.5,553.0,549.4,547.2,546.3,548.0,551.6,556.9,559.8,560.8,561.0,559.7,557.2,557.1,558.9,557.2,553.0,548.7,546.9,548.6,552.9,556.4,546.2,541.8,545.8,555.8,566.0,570.4,567.2,560.2,553.0,548.7,547.4,549.3,553.0,558.7,562.3,564.4,565.3,564.7,563.3,560.7,562.5,560.6,556.2,551.9,550.2,552.1,556.4,28.5,30.3,34.6,38.7,40.4,38.8,34.3,30.1,21.3,24.6,28.8,33.4,37.8,41.1,43.4,40.6,36.9,32.7,28.5,24.5,32.3,34.2,36.1,36.9,36.2,34.3,32.4,31.6,84.5,86.4,90.8,95.1,96.9,95.0,90.7,86.1,81.4,83.5,86.8,91.0,95.4,99.6,102.8,99.5,95.3,90.9,86.9,83.6,89.1,91.0,92.8,93.6,92.9,91.0,89.1,88.3,87.9,83.6,82.0,84.1,88.7,93.5,94.6,92.5,88.6,86.5,85.1,84.7,85.8,87.9,90.9,91.8,91.7,91.5,91.0,90.1,90.3,91.3,90.6,88.6,86.6,85.7,86.4,88.3,88.1,83.6,81.6,83.3,87.7,92.2,94.2,92.9,90.2,86.6,84.4,83.6,84.6,86.6,89.5,90.8,91.3,91.4,91.4,91.2,90.2,90.9,90.0,88.1,86.2,85.5,86.3,88.3,398.9,399.1,400.1,401.3,402.1,402.3,400.9,399.6,401.8,399.5,397.8,397.6,399.2,401.6,404.2,402.0,399.7,398.5,398.6,399.9,400.9,401.5,401.9,402.0,401.7,401.1,400.7,400.6,392.6,392.9,392.8,392.3,391.8,391.5,391.6,392.3,394.1,392.6,391.4,390.6,391.0,392.8,394.4,392.6,390.6,389.7,390.6,392.4,393.0,392.8,392.8,392.9,393.1,393.3,393.3,393.2,66.5,131.5,421.6,0.084,0.087,-0.047,632.4,629.9,628.9,631.5,640.4,659.2,687.9,728.7,776.1,822.5,859.5,890.1,909.0,916.8,919.1,918.7,915.4,660.3,676.8,700.4,727.5,751.2,802.2,827.2,852.5,875.2,889.5,779.6,780.8,782.4,783.9,750.9,767.1,782.5,797.4,811.1,685.9,701.7,721.0,737.7,720.8,702.3,817.7,835.0,853.8,868.3,854.2,836.0,709.5,736.8,767.1,784.2,801.5,829.6,850.0,831.5,805.0,785.9,766.8,735.6,719.7,767.0,784.0,801.7,841.1,802.5,784.3,766.5,568.1,598.6,628.3,657.4,688.6,722.6,757.2,792.2,803.0,788.9,753.1,712.3,672.6,633.1,599.0,567.0,536.5,515.3,502.8,498.5,503.9,515.5,517.0,504.5,501.4,508.3,523.3,555.5,578.9,601.8,626.2,647.6,652.3,655.8,650.9,646.0,554.7,546.6,547.9,557.7,561.3,560.5,558.2,549.7,550.0,557.2,562.8,562.9,692.8,685.1,683.1,687.3,682.6,683.5,689.6,731.9,752.3,755.4,753.5,734.9,693.9,699.5,700.7,699.0,691.7,728.5,730.8,728.5,0.00,0.00,0.00,0.00,0.00,0.00,0.00,0.00,0.00,0.00,0.00,0.00,0.00,0.00,0.00,0.00,0.00,0.00,0.00,0.00,0.00,0.00,0.00,0.00,0.00,0.00,0.00,0.00,0.00,0.00,0.00,0.00,0.00,0.00,0.00
37,0,1.200,0.03,0,0.000000,0.000000,0.000000,0.000000,0.000000,0.000000,0.000,0.000,703.3,707.3,716.7,725.9,729.6,726.2,716.3,707.1,688.4,695.6,704.6,714.4,723.9,731.1,736.0,730.2,722.1,713.0,703.6,695.0,712.0,716.1,720.2,722.0,720.3,716.2,712.1,710.3,828.9,833.3,843.5,853.5,857.5,853.1,842.9,832.3,821.4,826.7,834.5,844.4,854.4,863.2,869.7,863.1,854.1,844.4,834.9,826.9,839.3,843.4,847.7,849.5,847.8,843.7,839.4,837.6,552.8,543.1,539.2,543.4,553.2,563.6,566.7,562.6,553.2,549.5,547.4,546.6,548.4,552.1,557.2,560.4,561.4,561.5,560.2,557.5,557.4,559.2,557.5,553.2,548.9,547.1,548.8,553.0,556.5,546.0,541.7,546.0,556.5,566.9,571.3,567.8,559.7,553.1,549.3,548.3,550.4,553.8,559.3,562.8,564.8,565.6,564.7,563.1,561.1,562.9,561.1,556.8,552.4,550.7,552.5,556.8,28.8,30.7,35.0,39.3,41.0,39.4,34.8,30.5,22.2,25.3,29.3,33.7,38.1,41.6,44.1,41.2,37.3,33.1,28.9,25.1,32.9,34.8,36.7,37.5,36.7,34.8,32.9,32.1,83.1,85.1,89.4,93.6,95.1,93.1,88.8,84.5,80.1,82.1,85.2,89.2,93.6,97.7,100.9,97.6,93.3,89.0,85.1,82.1,87.6,89.3,91.1,92.0,91.3,89.6,87.8,87.0,87.7,83.4,81.8,83.9,88.4,93.1,94.2,92.1,88.6,86.4,85.1,84.6,85.7,87.8,90.6,91.6,91.6,91.4,90.9,90.1,90.1,91.0,90.3,88.4,86.4,85.5,86.2,88.1,86.4,81.9,79.8,81.5,85.9,90.4,92.5,91.2,88.2,84.9,82.9,82.2,83.1,84.9,87.6,88.8,89.3,89.5,89.4,89.2,88.4,89.1,88.3,86.4,84.6,83.9,84.7,86.6,397.9,398.5,399.3,400.1,400.2,400.0,398.8,398.0,401.2,399.0,397.2,396.8,397.9,399.8,401.9,399.9,397.7,396.8,397.3,399.0,399.4,399.8,400.1,400.4,400.3,400.0,399.6,399.4,384.8,385.0,384.5,383.5,382.7,382.4,382.9,384.2,386.5,384.8,383.3,382.0,381.9,383.1,384.4,382.9,381.4,380.8,382.1,384.5,384.6,384.2,384.0,384.1,384.5,384.9,385.1,385.0,66.7,131.9,422.1,0.083,0.094,-0.040,632.3,630.4,630.0,632.6,640.7,658.6,686.9,727.3,774.8,821.6,859.2,890.3,909.0,917.0,920.1,920.8,918.5,661.1,677.7,701.3,728.4,752.4,803.8,828.9,853.9,876.5,890.9,781.0,781.8,783.0,784.1,751.8,767.4,782.4,797.0,810.4,687.6,703.6,722.8,739.1,722.4,703.9,818.7,835.7,854.5,868.8,854.7,836.6,712.9,738.1,767.3,783.3,799.4,826.1,845.1,827.4,802.1,784.2,766.1,736.5,722.9,767.0,783.0,799.5,836.4,800.0,783.0,766.3,568.3,598.6,628.0,657.1,688.4,722.4,756.9,791.7,802.7,788.7,753.1,712.4,672.8,633.8,600.2,568.9,538.7,515.6,503.1,498.8,504.2,515.6,517.0,505.2,502.3,508.7,523.0,556.0,579.3,602.1,626.4,647.5,652.3,655.7,651.3,646.7,554.6,546.8,548.2,558.2,561.8,560.8,558.4,550.2,550.7,557.8,563.6,563.6,695.7,686.0,683.2,687.5,683.2,685.8,694.0,734.4,753.1,755.7,753.8,736.2,696.3,699.8,701.1,700.0,695.6,728.8,730.9,728.6,0.00,0.00,0.00,0.00,0.00,0.00,0.00,0.00,0.00,0.00,0.00,0.00,0.00,0.00,0.00,0.00,0.00,0.00,0.00,0.00,0.00,0.00,0.00,0.00,0.00,0.00,0.00,0.00,0.00,0.00,0.00,0.00,0.00,0.00,0.00
38,0,1.233,0.03,0,0.000000,0.000000,0.000000,0.000000,0.000000,0.000000,0.000,0.000,703.4,707.5,716.8,725.9,729.5,726.0,716.2,707.0,690.6,696.8,704.8,714.4,723.9,730.9,735.6,729.7,721.5,712.3,703.6,696.0,712.1,716.2,720.4,722.2,720.6,716.5,712.3,710.5,829.4,833.5,843.4,853.3,857.5,853.5,843.6,833.0,821.6,827.1,835.0,844.9,854.6,863.0,869.3,863.0,854.5,845.1,835.6,827.3,839.7,843.7,847.7,849.3,847.6,843.6,839.6,838.0,552.9,543.6,539.9,544.0,553.5,563.6,566.5,562.4,553.6,549.5,547.4,546.6,548.3,552.0,557.3,560.4,561.4,561.5,560.1,557.6,557.5,559.3,557.7,553.5,549.2,547.3,549.0,553.2,557.2,547.0,542.6,546.6,556.7,566.9,571.3,568.1,560.4,553.4,549.2,548.0,550.0,553.6,559.4,563.0,565.0,565.8,565.2,563.8,561.5,563.1,561.3,557.2,553.1,551.5,553.3,557.4,30.0,31.9,36.4,40.7,42.4,40.8,36.0,31.7,24.1,26.9,30.6,35.0,39.6,43.1,45.5,42.5,38.4,34.0,30.0,26.6,34.2,36.1,38.1,39.0,38.2,36.3,34.3,33.4,84.8,86.7,91.2,95.5,97.1,95.2,90.8,86.3,81.6,83.8,87.0,91.2,95.6,99.8,103.0,99.7,95.4,91.0,87.0,83.8,89.4,91.2,93.0,93.7,93.1,91.3,89.5,88.7,91.2,86.9,85.2,87.2,91.7,96.5,97.7,95.7,92.3,89.9,88.4,87.9,88.9,90.9,93.9,94.9,95.0,94.9,94.5,93.8,93.6,94.5,93.8,91.8,89.8,88.9,89.6,91.6,88.3,83.8,81.8,83.5,87.8,92.3,94.2,93.0,90.1,86.6,84.4,83.7,84.7,86.6,89.5,90.7,91.2,91.3,91.2,91.1,90.3,90.9,90.1,88.3,86.5,85.9,86.7,88.5,413.7,414.0,414.4,414.7,414.7,414.7,413.9,413.6,417.3,415.0,413.0,412.2,413.0,414.5,416.2,414.5,412.8,412.2,413.2,415.2,414.8,414.9,415.1,415.3,415.3,415.2,415.0,414.8,391.7,392.3,392.2,391.5,390.7,390.2,390.2,391.1,393.2,391.8,390.5,389.6,389.9,391.5,392.9,391.1,389.1,388.2,389.2,391.3,391.9,391.7,391.6,391.9,392.2,392.4,392.5,392.3,67.0,132.1,422.3,0.075,0.092,-0.037,632.4,630.7,630.7,633.6,641.6,659.2,687.5,727.6,774.7,821.4,859.0,890.1,908.9,917.1,920.8,921.9,919.9,661.8,678.5,702.5,729.8,753.8,804.2,829.4,854.4,876.9,891.2,781.9,782.7,783.9,785.0,752.7,768.1,783.0,797.6,810.8,688.0,703.9,723.1,739.1,722.6,704.1,819.4,836.1,854.7,868.8,854.9,836.9,717.6,741.1,768.6,783.9,799.2,824.1,841.3,825.2,801.5,784.5,767.1,739.4,727.5,768.3,783.6,799.2,832.6,799.7,783.5,767.5,567.9,598.4,628.1,657.5,689.1,723.0,757.0,790.9,801.8,788.1,752.9,712.5,673.0,634.1,600.7,569.5,539.6,515.8,503.0,498.7,504.1,515.6,516.8,505.7,502.7,508.9,523.1,556.2,579.8,602.7,627.1,647.6,652.5,656.0,651.8,647.2,554.5,546.9,548.3,558.5,561.9,560.9,558.3,550.2,550.7,557.7,563.6,563.6,699.8,687.5,683.3,687.7,683.5,687.3,697.9,735.3,752.5,754.9,753.1,737.3,699.9,700.2,701.4,700.5,699.0,728.3,730.2,728.1,0.00,0.00,0.00,0.00,0.00,0.00,0.00,0.00,0.00,0.00,0.00,0.00,0.00,0.00,0.00,0.00,0.00,0.00,0.00,0.00,0.00,0.00,0.00,0.00,0.00,0.00,0.00,0.00,0.00,0.00,0.00,0.00,0.00,0.00,0.00
39,0,1.267,0.03,0,0.000000,0.000000,0.000000,0.000000,0.000000,0.000000,0.000,0.000,704.1,708.1,717.5,726.8,730.6,727.1,717.1,707.8,690.0,696.8,705.6,715.4,725.0,732.3,737.2,731.3,723.1,713.9,704.6,696.3,712.9,717.0,721.2,722.9,721.3,717.2,713.0,711.2,830.0,834.4,844.7,854.8,858.8,854.4,844.1,833.3,822.7,828.5,836.7,846.7,856.6,864.9,871.3,864.8,856.2,846.6,836.8,828.3,840.1,844.5,848.9,850.9,849.2,844.8,840.3,838.3,553.1,543.5,539.6,543.7,553.4,563.8,567.0,562.8,553.6,549.8,547.6,546.8,548.7,552.5,558.0,560.7,561.5,561.5,560.2,557.6,557.6,559.4,557.7,553.5,549.2,547.3,549.0,553.3,556.5,546.1,541.9,546.3,556.8,567.2,571.4,567.8,557.8,552.3,549.3,549.0,551.1,554.3,559.5,563.5,565.7,566.3,564.9,562.4,561.4,563.3,561.5,557.0,552.4,550.5,552.3,556.8,29.4,31.2,35.6,39.9,41.7,40.1,35.4,31.1,23.1,26.1,30.0,34.4,38.9,42.4,44.9,42.0,38.0,33.8,29.6,25.9,33.5,35.4,37.4,38.2,37.4,35.5,33.6,32.8,83.3,85.3,89.7,94.0,95.6,93.6,89.2,84.7,80.4,82.6,85.9,90.0,94.4,98.4,101.7,98.4,94.2,89.8,85.7,82.5,87.7,89.6,91.5,92.4,91.7,89.8,87.9,87.0,88.5,84.1,82.5,84.5,89.0,93.7,95.0,93.0,89.5,87.2,85.8,85.3,86.4,88.5,91.5,92.3,92.2,92.0,91.6,90.9,90.8,91.7,91.0,89.1,87.1,86.2,86.9,88.9,86.1,81.6,79.7,81.5,86.0,90.5,92.4,91.0,87.0,84.3,82.7,82.3,83.3,85.0,87.7,89.1,89.6,89.6,89.2,88.6,88.3,89.1,88.3,86.3,84.4,83.6,84.4,86.4,400.9,401.3,401.9,402.4,402.5,402.5,401.6,401.1,404.5,402.1,400.1,399.5,400.5,402.3,404.3,402.4,400.5,399.7,400.4,402.3,402.3,402.5,402.8,402.9,402.9,402.6,402.4,402.2,383.5,383.7,383.3,382.7,382.1,382.0,382.3,383.2,385.1,383.4,382.0,381.1,381.4,382.9,384.6,382.9,381.1,380.2,381.1,383.2,383.7,383.4,383.3,383.4,383.6,383.9,384.0,384.0,67.5,132.4,422.8,0.065,0.095,-0.033,633.3,631.8,631.7,634.6,642.7,660.3,688.3,727.9,775.0,821.9,859.7,891.1,910.0,918.1,922.0,923.4,921.4,662.9,679.9,703.7,730.9,755.0,805.2,830.5,855.4,878.1,892.8,783.1,783.9,785.0,786.1,753.6,769.1,784.0,798.6,811.9,688.8,704.8,724.0,740.1,723.5,705.0,820.8,837.7,856.4,870.6,856.4,838.3,716.8,741.0,769.3,784.6,800.0,825.7,843.5,826.6,802.1,785.0,767.5,739.1,726.9,768.9,784.4,800.1,834.7,800.3,784.1,768.1,569.4,599.3,628.5,657.6,689.0,722.8,756.9,791.0,802.1,788.6,753.3,712.8,673.7,635.3,602.5,571.8,542.5,515.4,503.3,498.9,504.2,515.5,516.9,505.9,503.2,509.3,523.1,556.0,579.4,602.3,626.6,647.9,652.6,656.1,652.0,647.6,554.5,547.0,548.4,558.5,561.9,560.9,558.3,550.4,551.2,558.2,563.9,563.7,699.8,687.8,683.7,688.1,683.9,687.9,698.4,736.4,753.9,756.3,754.4,738.1,700.1,701.3,702.5,701.7,699.6,728.6,730.4,728.4,0.00,0.00,0.00,0.00,0.00,0.00,0.00,0.00,0.00,0.00,0.00,0.00,0.00,0.00,0.00,0.00,0.00,0.00,0.00,0.00,0.00,0.00,0.00,0.00,0.00,0.00,0.00,0.00,0.00,0.00,0.00,0.00,0.00,0.00,0.00
40,0,1.300,0.03,0,0.000000,0.000000,0.000000,0.000000,0.000000,0.000000,0.000,0.000,705.7,709.7,719.0,728.2,731.9,728.6,718.6,709.4,693.5,699.1,706.9,716.4,726.2,733.6,738.5,732.2,723.7,714.4,705.9,698.5,714.7,718.8,722.9,724.6,723.0,718.9,714.8,713.1,830.7,835.0,845.2,855.4,859.5,855.2,845.0,834.1,822.9,828.8,837.2,847.4,857.3,865.5,871.6,865.5,857.1,847.7,837.7,828.9,840.9,845.1,849.3,851.1,849.4,845.2,841.0,839.2,553.2,543.8,540.0,544.0,553.5,563.6,566.7,562.7,554.0,549.7,547.5,546.6,548.5,552.4,558.0,560.7,561.6,561.6,560.3,557.8,557.6,559.3,557.7,553.5,549.3,547.5,549.2,553.4,557.4,547.1,542.9,547.2,557.5,567.8,572.0,568.5,559.6,553.2,549.5,548.7,550.9,554.6,560.5,564.3,566.3,566.8,565.7,563.8,562.1,563.8,562.1,557.9,553.6,551.9,553.6,557.8,30.9,32.8,37.2,41.5,43.2,41.7,37.0,32.6,25.4,27.9,31.4,35.8,40.4,43.9,46.4,43.3,39.2,34.8,30.9,27.7,35.2,37.1,39.0,39.9,39.1,37.2,35.3,34.4,83.3,85.4,89.9,94.2,95.8,93.8,89.3,84.7,80.2,82.5,85.9,90.2,94.7,98.7,101.9,98.6,94.4,90.0,85.9,82.4,87.9,89.7,91.5,92.4,91.7,89.9,88.1,87.2,90.8,86.4,84.6,86.5,91.0,95.8,97.2,95.3,92.2,89.6,88.0,87.3,88.3,90.4,93.4,94.4,94.5,94.4,94.1,93.4,93.1,93.9,93.1,91.1,89.2,88.3,89.1,91.1,86.3,81.9,80.1,81.9,86.2,90.5,92.4,91.0,87.5,84.4,82.6,82.1,83.2,85.2,88.2,89.4,89.7,89.7,89.3,88.9,88.4,89.1,88.4,86.6,84.8,84.1,84.8,86.6,411.3,411.3,411.3,411.3,411.2,411.5,411.2,411.3,415.6,413.0,410.5,409.3,409.8,411.0,412.6,411.2,409.9,409.8,411.1,413.4,412.1,412.1,412.1,412.1,412.1,412.1,412.2,412.2,382.3,383.0,383.2,382.7,381.9,381.3,381.1,381.8,383.7,382.4,381.3,380.7,381.3,383.0,384.8,382.7,380.5,379.4,380.0,381.9,382.8,382.6,382.6,382.9,383.2,383.4,383.3,383.1,67.9,132.5,423.0,0.064,0.093,-0.031,633.6,632.3,632.4,635.2,643.0,660.5,688.7,728.5,775.7,822.7,860.7,892.1,910.6,918.3,922.1,923.6,921.9,663.6,680.2,704.4,732.1,756.6,806.2,831.3,856.2,878.8,893.2,784.5,785.2,786.3,787.4,755.2,770.4,785.0,799.3,812.3,690.1,706.1,725.2,741.1,724.6,706.2,821.8,838.7,857.2,871.1,857.0,839.1,720.6,743.5,770.7,785.6,800.3,824.7,841.1,825.3,802.1,785.6,768.6,741.5,730.6,770.3,785.2,800.3,832.3,800.5,784.8,769.3,567.8,597.9,627.2,656.6,688.5,722.6,756.8,790.9,801.9,788.2,752.7,712.2,672.9,634.5,601.6,571.1,541.9,515.9,503.1,498.5,504.1,515.8,517.1,506.4,503.6,509.4,523.3,556.2,579.7,602.7,626.9,647.7,652.5,656.0,652.2,647.8,554.4,547.2,548.6,558.5,562.0,560.9,558.1,550.7,551.5,558.3,564.1,563.8,701.6,688.3,683.6,688.1,683.9,688.7,700.5,736.9,753.5,755.8,753.9,738.5,701.5,701.3,702.4,701.7,701.5,728.0,729.8,727.9,0.00,0.00,0.00,0.00,0.00,0.00,0.00,0.00,0.00,0.00,0.00,0.00,0.00,0.00,0.00,0.00,0.00,0.00,0.00,0.00,0.00,0.00,0.00,0.00,0.00,0.00,0.00,0.00,0.00,0.00,0.00,0.00,0.00,0.00,0.00
41,0,1.333,0.03,0,0.000000,0.000000,0.000000,0.000000,0.000000,0.000000,0.000,0.000,706.1,710.1,719.7,729.1,732.9,729.4,719.3,709.9,692.6,699.3,707.9,717.6,727.3,734.6,739.6,733.6,725.4,716.1,707.0,698.8,715.0,719.2,723.5,725.3,723.6,719.4,715.2,713.4,832.9,837.5,847.6,857.1,860.6,856.0,845.9,835.8,826.7,831.9,839.4,849.0,858.6,867.2,874.1,867.1,858.1,848.6,839.4,831.8,842.8,846.9,851.2,853.2,851.7,847.6,843.3,841.3,553.3,543.6,539.6,543.7,553.5,563.9,567.2,563.1,553.6,549.8,547.6,546.8,548.5,552.1,557.5,560.4,561.4,561.5,560.2,557.6,557.8,559.6,557.8,553.5,549.1,547.3,549.1,553.4,556.3,546.1,542.3,547.1,557.7,568.0,571.8,567.6,557.0,552.0,549.6,549.7,551.9,554.9,559.7,563.8,566.0,566.7,565.0,562.0,561.4,563.5,561.8,557.4,552.8,550.7,552.4,556.8,30.3,32.2,36.6,41.0,42.8,41.2,36.5,32.1,24.4,27.3,31.1,35.5,40.0,43.5,46.1,43.1,39.1,34.8,30.7,27.1,34.6,36.5,38.5,39.3,38.5,36.6,34.6,33.8,85.9,87.9,92.0,96.0,97.4,95.5,91.3,87.2,83.5,85.3,88.2,92.1,96.3,100.4,103.8,100.4,96.1,91.9,88.1,85.3,90.2,92.0,93.8,94.6,94.0,92.3,90.5,89.6,88.7,84.3,82.5,84.5,89.1,93.9,95.3,93.3,89.6,87.3,85.9,85.4,86.3,88.4,91.3,92.3,92.3,92.2,91.8,91.0,91.1,92.0,91.2,89.2,87.2,86.3,87.1,89.0,87.4,82.8,80.8,82.7,87.3,92.0,93.9,92.4,88.1,85.4,83.9,83.6,84.5,86.1,88.6,90.1,90.8,91.0,90.6,89.8,89.6,90.4,89.6,87.6,85.6,84.8,85.6,87.6,401.6,401.7,402.2,402.6,402.9,403.1,402.3,401.8,405.0,402.6,400.6,399.9,400.9,402.6,404.6,402.9,401.1,400.3,401.1,403.0,402.9,403.1,403.3,403.4,403.3,403.1,402.9,402.8,389.7,389.2,388.1,386.9,386.4,386.9,388.1,389.6,391.2,389.1,387.1,385.6,385.4,386.5,388.0,386.9,385.7,385.3,386.7,389.2,389.4,388.9,388.4,388.2,388.4,388.9,389.4,389.6,68.6,132.9,424.4,0.070,0.091,-0.027,634.6,633.2,633.2,636.0,643.7,661.2,689.2,729.0,776.0,822.9,860.9,892.3,910.8,918.6,922.3,924.2,922.7,665.2,682.1,706.5,734.0,758.4,808.5,833.6,858.3,880.8,895.1,786.2,786.8,787.8,788.7,756.5,771.5,786.0,800.3,813.2,691.4,707.4,726.5,742.1,725.7,707.4,823.9,840.6,859.0,872.7,858.7,840.9,722.0,744.8,771.8,786.3,800.6,824.6,840.7,824.9,801.8,785.8,769.2,742.5,732.0,771.3,785.9,800.4,831.9,800.4,785.2,770.1,566.9,597.2,626.6,656.1,688.3,722.7,756.9,790.8,801.8,788.0,752.8,712.3,673.0,634.7,601.9,571.2,541.9,515.7,502.9,498.5,504.1,515.7,517.0,506.5,503.9,509.7,523.6,556.1,579.5,602.4,626.6,647.1,652.0,655.5,651.7,647.3,554.4,547.1,548.5,558.1,561.9,560.7,557.9,550.8,551.7,558.5,564.1,563.7,701.6,687.9,683.2,687.7,683.6,688.6,700.9,737.0,753.1,755.3,753.5,738.3,701.4,700.9,701.9,701.4,701.8,727.9,729.6,727.7,0.00,0.00,0.00,0.00,0.00,0.00,0.00,0.00,0.00,0.00,0.00,0.00,0.00,0.00,0.00,0.00,0.00,0.00,0.00,0.00,0.00,0.00,0.00,0.00,0.00,0.00,0.00,0.00,0.00,0.00,0.00,0.00,0.00,0.00,0.00
42,0,1.367,0.03,0,0.000000,0.000000,0.000000,0.000000,0.000000,0.000000,0.000,0.000,708.2,712.2,721.3,730.4,734.1,730.7,720.9,711.9,695.8,701.5,709.3,718.7,728.4,735.5,740.2,734.1,725.8,716.7,708.3,701.0,717.0,721.0,725.1,726.8,725.2,721.2,717.1,715.4,833.1,837.4,847.3,857.0,860.8,856.5,846.5,836.3,826.8,831.7,839.1,848.9,859.0,867.8,874.9,867.9,858.9,849.4,839.9,832.0,843.1,847.3,851.5,853.4,851.8,847.6,843.4,841.5,553.0,543.6,539.9,543.8,553.2,563.2,566.3,562.4,553.6,549.3,547.1,546.2,547.9,551.7,557.4,560.2,561.2,561.3,560.0,557.4,557.2,558.9,557.3,553.2,549.0,547.3,548.9,553.0,557.1,546.7,542.7,547.2,557.8,568.1,572.2,568.3,557.9,552.5,549.6,549.2,551.4,554.5,559.8,563.7,565.9,566.6,565.2,562.6,561.9,563.8,562.1,557.7,553.1,551.2,552.9,557.4,32.5,34.4,38.8,43.1,44.9,43.3,38.6,34.3,26.8,29.4,32.9,37.3,42.0,45.5,47.9,44.9,40.8,36.4,32.5,29.2,36.8,38.7,40.6,41.5,40.7,38.8,36.8,36.0,85.1,86.9,91.0,94.9,96.4,94.7,90.6,86.5,82.7,84.3,87.1,91.0,95.4,99.5,103.1,99.7,95.5,91.2,87.4,84.5,89.4,91.1,92.9,93.6,93.0,91.3,89.5,88.8,92.0,87.5,85.7,87.7,92.2,97.0,98.4,96.5,93.2,90.5,89.0,88.3,89.2,91.3,94.5,95.5,95.6,95.6,95.2,94.5,94.2,95.1,94.3,92.3,90.3,89.5,90.2,92.2,86.8,82.2,80.1,81.9,86.4,91.0,93.1,91.8,87.6,84.7,83.0,82.5,83.4,85.0,87.7,89.1,89.8,90.0,89.7,89.2,88.9,89.6,88.7,86.7,84.8,84.0,84.9,86.9,417.0,416.9,417.0,417.2,417.4,417.7,417.3,417.2,421.0,418.4,416.0,415.0,415.6,416.9,418.7,417.3,415.9,415.6,416.7,418.9,418.0,418.1,418.1,418.1,418.0,418.0,417.9,418.0,385.5,385.0,383.9,382.7,382.2,382.6,383.8,385.4,387.2,385.0,383.0,381.4,381.2,382.3,384.0,382.7,381.5,381.2,382.6,385.1,385.2,384.7,384.2,384.0,384.2,384.7,385.2,385.4,69.1,133.0,425.1,0.061,0.094,-0.026,635.6,634.3,634.6,637.4,645.1,662.6,690.5,729.9,776.5,823.2,861.1,892.5,910.9,918.7,922.5,924.3,922.8,666.1,682.8,706.9,734.2,758.5,809.9,834.6,858.8,881.0,895.4,787.3,787.9,788.9,789.8,757.6,772.5,787.0,801.2,814.0,692.6,708.7,727.9,743.5,727.0,708.6,824.4,841.2,859.8,873.5,859.6,841.6,722.6,745.4,772.5,786.9,801.2,825.1,841.3,825.2,802.1,786.1,769.5,742.9,732.5,771.8,786.4,801.0,832.4,800.9,785.7,770.6,566.1,597.0,626.9,656.9,689.3,723.5,757.2,790.4,801.3,787.9,752.9,712.6,673.3,635.0,602.1,571.3,541.8,515.7,502.9,498.4,504.0,515.5,516.9,506.6,503.9,509.4,523.0,555.7,579.0,601.9,626.1,646.9,651.6,655.2,651.6,647.3,554.0,546.7,548.1,558.1,561.8,560.6,558.0,550.6,551.5,558.4,564.2,563.8,701.4,687.7,683.0,687.6,683.5,688.8,701.2,737.1,752.9,754.9,753.0,737.7,701.4,700.8,701.9,701.5,702.1,727.5,729.0,727.1,0.00,0.00,0.00,0.00,0.00,0.00,0.00,0.00,0.00,0.00,0.00,0.00,0.00,0.00,0.00,0.00,0.00,0.00,0.00,0.00,0.00,0.00,0.00,0.00,0.00,0.00,0.00,0.00,0.00,0.00,0.00,0.00,0.00,0.00,0.00
43,0,1.400,0.03,0,0.000000,0.000000,0.000000,0.000000,0.000000,0.000000,0.000,0.000,709.1,713.3,722.9,732.3,736.1,732.5,722.3,712.9,696.1,702.3,710.6,720.4,730.4,737.8,742.8,736.5,728.0,718.4,709.5,701.7,718.2,722.4,726.7,728.5,726.9,722.7,718.4,716.5,834.2,838.9,849.2,859.0,862.6,857.9,847.6,837.1,828.0,833.6,841.6,851.7,861.4,869.6,875.8,869.5,861.1,851.9,842.3,833.9,844.1,848.3,852.6,854.6,853.1,849.0,844.6,842.6,552.3,542.6,538.7,542.9,552.7,563.1,566.3,562.1,552.4,548.4,546.4,545.6,547.5,551.3,556.8,559.7,560.6,560.6,559.1,556.4,556.8,558.6,556.9,552.6,548.2,546.4,548.1,552.4,556.3,546.0,542.2,547.0,557.6,567.8,571.7,567.6,558.3,552.6,549.7,549.4,551.5,554.6,559.8,563.7,565.9,566.6,565.3,562.8,561.3,563.4,561.7,557.4,552.9,550.9,552.5,556.8,31.6,33.5,37.9,42.3,44.0,42.4,37.7,33.4,25.9,28.6,32.2,36.6,41.2,44.8,47.3,44.2,40.2,35.8,31.8,28.4,35.9,37.8,39.8,40.6,39.9,37.9,36.0,35.1,86.0,88.1,92.6,96.8,98.2,96.1,91.7,87.3,83.5,85.6,88.8,93.0,97.4,101.4,104.7,101.5,97.3,93.0,89.0,85.7,90.5,92.3,94.1,95.0,94.4,92.6,90.8,89.9,88.0,83.6,81.8,83.8,88.3,93.1,94.5,92.5,88.9,86.5,85.1,84.6,85.5,87.6,90.6,91.5,91.6,91.5,91.1,90.3,90.3,91.2,90.4,88.4,86.4,85.5,86.3,88.3,87.0,82.4,80.6,82.6,87.2,91.7,93.5,91.9,88.1,85.2,83.6,83.2,84.3,86.0,88.7,90.0,90.6,90.7,90.3,89.6,89.3,90.1,89.3,87.4,85.5,84.6,85.4,87.3,400.5,400.4,400.6,400.8,401.0,401.3,400.9,400.7,404.4,401.9,399.5,398.6,399.2,400.7,402.5,401.0,399.5,399.1,400.1,402.2,401.6,401.7,401.7,401.7,401.6,401.5,401.5,401.5,387.7,387.8,387.3,386.6,386.1,386.1,386.5,387.5,388.5,386.9,385.5,384.6,385.0,386.7,388.5,386.9,385.0,384.1,384.8,386.8,387.9,387.6,387.4,387.4,387.6,387.9,388.1,388.1,69.8,133.2,425.8,0.048,0.095,-0.018,637.0,635.8,636.2,639.2,647.2,664.7,692.1,731.0,777.1,823.4,861.3,892.5,911.1,919.2,923.1,925.1,923.6,667.6,684.5,708.9,736.3,760.6,811.7,836.4,860.9,883.1,897.3,789.0,789.5,790.4,791.2,758.7,773.8,788.2,802.5,815.4,694.0,710.2,729.5,745.3,728.6,710.1,825.9,842.7,861.4,875.2,861.2,843.1,723.0,745.5,772.6,787.9,803.2,827.3,843.1,827.1,803.7,786.7,769.2,742.6,732.9,771.9,787.3,802.8,834.1,802.6,786.4,770.4,564.8,596.5,627.1,657.6,690.1,724.2,757.8,790.7,801.7,789.2,755.0,715.3,676.3,637.8,604.5,573.0,542.8,514.8,501.6,497.2,502.9,514.6,516.5,506.1,503.5,509.2,523.1,555.0,578.1,600.8,624.8,646.0,650.8,654.6,651.1,647.0,553.3,545.8,547.3,557.6,561.1,559.9,558.2,550.5,551.5,558.8,564.5,564.0,701.3,686.9,682.0,686.8,682.7,688.6,702.1,737.8,753.7,755.6,753.5,737.7,701.3,700.0,701.4,701.0,702.8,728.1,729.6,727.4,0.00,0.00,0.00,0.00,0.00,0.00,0.00,0.00,0.00,0.00,0.00,0.00,0.00,0.00,0.00,0.00,0.00,0.00,0.00,0.00,0.00,0.00,0.00,0.00,0.00,0.00,0.00,0.00,0.00,0.00,0.00,0.00,0.00,0.00,0.00
44,0,1.433,0.03,0,0.000000,0.000000,0.000000,0.000000,0.000000,0.000000,0.000,0.000,710.0,714.2,723.6,732.8,736.4,732.8,722.8,713.6,697.9,703.7,711.6,721.3,731.2,738.2,742.7,736.4,727.9,718.5,710.1,702.9,718.9,723.0,727.2,729.0,727.5,723.4,719.2,717.3,835.6,840.1,850.2,860.0,863.8,859.3,849.2,838.8,828.4,833.9,841.9,851.9,861.6,870.1,876.3,870.0,861.4,851.9,842.5,834.3,845.5,849.7,853.9,855.8,854.2,850.1,845.8,844.0,551.3,541.8,538.1,542.3,552.0,562.0,565.1,560.9,551.2,547.0,545.1,544.5,546.4,550.3,556.0,558.8,559.7,559.5,557.9,555.1,555.7,557.6,555.9,551.8,547.5,545.6,547.3,551.4,557.1,547.0,543.0,547.5,557.8,567.9,571.9,568.2,561.6,554.2,549.7,548.3,550.3,554.3,560.2,563.8,565.8,566.7,566.0,564.7,562.0,563.9,562.2,557.9,553.6,551.7,553.4,557.6,32.9,34.9,39.3,43.6,45.3,43.7,39.0,34.6,27.5,30.1,33.6,38.0,42.7,46.1,48.5,45.3,41.2,36.8,32.9,29.7,37.2,39.1,41.1,42.0,41.2,39.3,37.3,36.5,86.7,88.8,93.2,97.4,98.9,96.8,92.4,88.0,83.7,85.9,89.1,93.3,97.7,101.9,105.1,101.8,97.5,93.1,89.2,86.0,91.1,92.9,94.7,95.6,95.0,93.2,91.4,90.5,90.0,85.5,83.7,85.7,90.3,95.2,96.5,94.5,90.8,88.2,86.8,86.3,87.3,89.4,92.5,93.5,93.6,93.5,93.0,92.2,92.3,93.2,92.4,90.4,88.4,87.5,88.2,90.2,87.3,82.9,81.1,83.0,87.4,91.8,93.6,92.1,89.6,86.0,83.8,83.0,83.9,86.0,89.0,90.2,90.6,90.8,90.7,90.6,89.5,90.3,89.5,87.7,85.9,85.1,85.8,87.7,411.6,411.4,411.3,411.4,411.6,412.1,411.8,411.7,415.5,412.8,410.4,409.3,409.9,411.2,412.9,411.6,410.2,410.0,411.2,413.4,412.5,412.5,412.5,412.4,412.4,412.3,412.3,412.4,387.7,388.1,388.0,387.3,386.5,386.1,386.3,387.2,388.9,387.5,386.3,385.5,385.9,387.6,389.1,387.2,385.2,384.4,385.2,387.1,387.9,387.6,387.6,387.7,388.0,388.3,388.4,388.2,70.2,133.3,426.6,0.033,0.098,-0.015,637.6,636.2,636.7,639.9,648.1,665.8,693.0,731.7,777.9,824.2,862.1,893.2,911.6,919.4,923.3,925.2,923.7,668.7,685.8,710.0,737.0,760.9,812.7,836.9,861.0,883.0,897.1,789.5,789.9,790.7,791.4,759.0,774.2,788.6,803.0,816.0,694.8,711.0,730.3,746.1,729.4,710.8,826.6,843.5,862.3,876.1,862.2,844.0,722.9,745.4,772.6,788.5,804.4,828.9,844.8,828.8,805.1,787.4,769.3,742.6,732.9,771.9,787.9,804.1,835.7,803.9,787.1,770.5,564.7,596.8,627.7,658.3,691.0,725.3,759.1,791.8,802.7,790.4,756.5,716.8,677.7,639.1,605.8,574.4,544.3,513.6,500.2,496.0,502.0,514.1,516.6,505.9,503.3,508.5,522.4,554.3,577.1,599.4,623.1,645.0,649.8,653.6,650.1,646.0,552.3,544.7,546.2,556.9,560.3,558.9,558.2,550.4,551.3,558.9,564.5,564.0,700.8,685.9,680.6,685.5,681.5,687.6,702.1,737.6,753.6,755.6,753.4,737.4,700.9,699.2,700.6,700.2,702.7,727.8,729.4,727.0,0.00,0.00,0.00,0.00,0.00,0.00,0.00,0.00,0.00,0.00,0.00,0.00,0.00,0.00,0.00,0.00,0.00,0.00,0.00,0.00,0.00,0.00,0.00,0.00,0.00,0.00,0.00,0.00,0.00,0.00,0.00,0.00,0.00,0.00,0.00
45,0,1.467,0.03,0,0.000000,0.000000,0.000000,0.000000,0.000000,0.000000,0.000,0.000,710.0,714.2,723.7,733.1,736.8,733.2,723.0,713.7,697.2,703.5,711.8,721.6,731.3,738.6,743.3,737.1,728.7,719.2,710.4,702.7,719.1,723.1,727.3,729.1,727.5,723.4,719.3,717.5,835.5,840.1,850.3,860.0,863.6,858.9,848.7,838.4,829.4,834.6,842.3,852.3,862.0,870.2,876.2,869.9,861.7,852.6,843.4,835.3,845.2,849.4,853.8,855.9,854.3,850.1,845.7,843.6,550.6,541.0,537.1,541.3,551.1,561.3,564.5,560.4,549.9,546.2,544.5,543.9,545.6,549.1,554.4,557.6,558.8,558.8,557.1,554.2,554.9,556.7,555.0,550.9,546.6,544.8,546.5,550.7,555.7,545.6,541.8,546.6,557.2,567.3,571.1,567.0,559.2,552.6,549.2,548.7,550.9,554.2,559.7,563.2,565.3,566.1,565.0,562.8,560.9,563.0,561.3,556.9,552.3,550.2,551.8,556.3,32.5,34.4,38.9,43.3,45.0,43.4,38.6,34.2,26.8,29.6,33.2,37.7,42.3,45.8,48.2,45.2,41.1,36.7,32.7,29.2,36.8,38.7,40.7,41.5,40.7,38.8,36.9,36.1,87.6,89.7,94.1,98.3,99.8,97.8,93.3,88.9,85.0,87.0,90.1,94.3,98.8,102.8,106.0,102.8,98.7,94.5,90.5,87.4,92.0,93.9,95.8,96.7,96.0,94.2,92.3,91.4,88.5,84.0,82.2,84.2,88.9,93.7,95.1,93.1,88.9,86.6,85.4,84.9,85.9,87.9,90.7,91.9,92.1,92.0,91.4,90.5,90.7,91.6,90.9,88.9,86.9,86.0,86.8,88.7,87.8,83.2,81.4,83.4,88.0,92.6,94.4,92.8,89.5,86.1,84.3,83.8,84.9,86.8,89.6,90.8,91.4,91.6,91.2,90.7,90.1,91.0,90.2,88.2,86.2,85.3,86.1,88.1,406.1,405.9,406.1,406.5,406.9,407.5,407.0,406.6,409.7,407.1,404.9,404.1,405.0,406.6,408.5,407.0,405.3,404.8,405.8,407.7,407.4,407.6,407.6,407.6,407.4,407.2,407.1,407.2,392.3,392.1,391.5,390.9,390.6,390.7,391.3,392.2,393.0,391.3,389.8,388.8,389.2,390.9,392.8,391.3,389.6,388.7,389.5,391.4,392.5,392.2,392.0,391.9,392.1,392.3,392.6,392.6,70.6,133.2,427.2,0.048,0.098,-0.023,638.0,636.4,636.6,640.1,649.4,667.9,695.3,733.8,779.6,825.3,862.8,893.3,911.8,919.8,923.5,925.1,923.5,669.3,686.4,710.6,737.4,760.7,812.6,837.2,861.6,883.3,897.0,788.8,789.1,789.9,790.5,758.0,773.6,788.3,803.0,816.3,695.2,711.2,730.4,746.0,729.4,711.1,826.7,843.4,862.2,875.8,862.0,844.0,721.1,744.5,772.2,789.2,806.6,832.1,848.5,832.7,808.3,789.2,770.0,742.3,731.1,771.8,788.8,806.4,839.5,806.7,788.4,770.7,566.3,598.2,628.9,659.5,691.9,726.1,760.1,793.0,803.4,790.4,756.1,716.6,677.6,638.8,605.2,573.5,543.2,512.4,499.4,495.4,501.2,513.2,515.9,505.1,502.9,509.2,523.6,553.8,576.7,599.1,622.8,644.4,649.3,653.2,649.2,644.8,551.8,543.8,545.4,555.8,559.2,557.9,557.8,550.0,550.9,558.6,563.8,563.4,697.4,683.8,679.5,684.1,679.9,684.4,697.3,734.7,752.6,755.3,753.0,736.1,697.7,697.0,698.4,697.4,698.3,728.2,730.3,727.8,0.00,0.00,0.00,0.00,0.00,0.00,0.00,0.00,0.00,0.00,0.00,0.00,0.00,0.00,0.00,0.00,0.00,0.00,0.00,0.00,0.00,0.00,0.00,0.00,0.00,0.00,0.00,0.00,0.00,0.00,0.00,0.00,0.00,0.00,0.00
46,0,1.500,0.03,0,0.000000,0.000000,0.000000,0.000000,0.000000,0.000000,0.000,0.000,709.7,713.8,723.2,732.4,736.0,732.5,722.4,713.2,698.5,703.9,711.4,720.9,730.7,738.0,743.0,736.4,727.7,718.4,710.1,703.2,718.8,722.8,726.9,728.7,727.2,723.2,719.0,717.2,835.4,839.6,849.3,859.0,862.9,858.8,849.0,838.7,829.2,834.2,841.7,851.7,861.7,870.0,875.9,869.8,861.7,852.7,843.4,835.3,845.4,849.3,853.3,855.0,853.4,849.5,845.5,843.8,549.7,540.2,536.6,540.8,550.4,560.5,563.6,559.3,549.4,545.3,543.4,542.8,544.8,548.7,554.5,557.2,558.1,557.9,556.2,553.4,554.1,556.0,554.4,550.2,546.0,544.1,545.7,549.9,556.9,546.8,542.6,546.9,557.1,567.2,571.3,567.8,560.8,553.5,549.3,548.1,550.3,553.9,559.9,563.2,565.2,566.0,565.3,563.7,561.3,563.0,561.3,557.2,553.0,551.3,553.0,557.1,32.8,34.7,39.1,43.4,45.1,43.5,38.8,34.5,27.8,30.2,33.5,37.8,42.5,46.0,48.5,45.3,41.1,36.7,33.0,29.9,37.1,39.0,41.0,41.8,41.1,39.2,37.3,36.4,88.4,90.3,94.6,98.8,100.4,98.6,94.3,89.8,85.8,87.6,90.7,95.0,99.6,103.8,107.0,103.7,99.6,95.3,91.4,88.1,92.9,94.7,96.4,97.2,96.5,94.8,93.0,92.3,89.3,84.8,83.0,84.9,89.5,94.3,95.8,93.9,90.1,87.6,86.1,85.5,86.5,88.6,91.6,92.7,92.8,92.7,92.3,91.5,91.5,92.4,91.6,89.6,87.6,86.8,87.6,89.5,89.0,84.5,82.5,84.3,88.8,93.3,95.3,93.9,91.0,87.3,85.1,84.4,85.5,87.5,90.6,91.7,92.2,92.4,92.2,91.9,91.1,91.8,91.0,89.1,87.3,86.5,87.4,89.2,412.1,411.7,411.3,411.0,411.0,411.6,411.8,412.1,416.3,413.5,410.8,409.4,409.6,410.7,412.2,411.1,410.0,410.1,411.6,414.1,412.6,412.5,412.3,412.2,412.1,412.3,412.5,412.6,395.7,395.7,395.3,394.7,394.2,394.2,394.6,395.6,396.5,394.9,393.4,392.5,393.0,394.8,396.6,395.0,393.2,392.3,393.0,394.9,395.9,395.7,395.5,395.5,395.7,395.9,396.1,396.1,70.8,133.5,428.8,0.035,0.103,-0.023,638.1,636.4,636.5,640.0,649.8,668.8,696.3,734.8,780.4,826.3,863.7,894.2,912.4,920.2,923.6,924.8,923.1,669.3,686.5,710.6,737.4,760.7,812.3,836.8,861.2,883.0,896.5,788.6,788.9,789.6,790.1,757.5,773.2,788.1,802.9,816.4,694.9,710.8,729.9,745.5,729.0,710.8,826.8,843.5,862.2,875.7,862.0,844.1,719.5,743.5,771.6,788.9,806.7,832.9,850.0,833.6,808.6,789.1,769.7,741.5,729.5,771.3,788.6,806.7,841.0,807.0,788.3,770.3,567.3,598.8,629.2,659.7,692.1,726.4,760.5,793.4,803.5,790.3,755.7,716.1,677.3,638.9,605.6,574.6,545.0,511.8,498.7,494.6,500.5,512.6,515.7,504.8,502.7,509.2,523.6,553.2,575.9,598.1,621.7,643.8,648.8,652.6,648.6,644.2,551.2,543.1,544.7,555.2,558.6,557.2,557.5,549.8,550.7,558.6,563.6,563.1,696.0,682.9,678.8,683.5,679.2,683.4,695.9,733.1,750.9,753.7,751.5,734.6,696.4,696.6,698.0,696.9,697.0,726.5,728.7,726.3,0.00,0.00,0.00,0.00,0.00,0.00,0.00,0.00,0.00,0.00,0.00,0.00,0.00,0.00,0.00,0.00,0.00,0.00,0.00,0.00,0.00,0.00,0.00,0.00,0.00,0.00,0.00,0.00,0.00,0.00,0.00,0.00,0.00,0.00,0.00
47,0,1.533,0.03,0,0.000000,0.000000,0.000000,0.000000,0.000000,0.000000,0.000,0.000,709.6,713.8,723.3,732.7,736.4,732.9,722.6,713.3,697.8,703.4,711.0,720.5,730.5,738.1,743.2,736.6,727.8,718.3,709.8,702.8,718.8,723.0,727.2,729.0,727.4,723.3,719.1,717.2,835.4,840.1,850.2,859.8,863.3,858.6,848.5,838.3,829.3,834.6,842.3,852.4,862.2,870.2,876.2,869.9,861.8,852.9,843.6,835.4,845.0,849.2,853.6,855.6,854.1,849.9,845.6,843.5,549.5,539.9,536.1,540.4,550.2,560.5,563.6,559.3,548.9,545.1,543.4,542.9,544.8,548.6,554.3,557.0,557.9,557.8,556.0,553.1,553.9,555.8,554.1,549.9,545.6,543.7,545.4,549.6,555.3,545.3,541.6,546.4,556.9,567.0,570.7,566.5,558.4,552.3,549.1,548.6,550.9,554.1,559.5,563.0,565.0,565.7,564.5,562.3,560.5,562.6,561.0,556.6,552.1,550.0,551.6,555.9,32.2,34.1,38.4,42.7,44.5,42.9,38.2,33.9,27.0,29.4,32.7,37.0,41.6,45.2,47.8,44.6,40.4,36.0,32.3,29.2,36.5,38.4,40.4,41.2,40.4,38.5,36.6,35.8,87.8,89.9,94.4,98.6,100.0,97.9,93.5,89.1,85.2,87.3,90.4,94.7,99.2,103.2,106.5,103.2,99.1,94.9,90.9,87.6,92.2,94.1,96.0,96.9,96.2,94.4,92.5,91.6,87.6,83.1,81.3,83.2,87.8,92.7,94.2,92.2,88.3,85.9,84.5,84.0,84.9,86.9,89.9,90.9,91.1,91.1,90.6,89.8,89.8,90.7,89.9,87.9,85.9,85.0,85.8,87.8,87.8,83.3,81.5,83.6,88.2,92.7,94.5,92.8,89.3,86.2,84.5,84.1,85.2,87.0,89.9,91.1,91.6,91.7,91.3,90.7,90.2,91.1,90.3,88.4,86.4,85.5,86.2,88.2,404.7,404.2,403.7,403.5,403.8,404.6,404.8,405.0,409.1,406.2,403.4,401.9,402.1,403.3,404.9,403.8,402.8,402.9,404.4,406.8,405.4,405.3,405.1,404.9,404.8,404.9,405.1,405.3,393.4,393.3,392.9,392.3,391.9,392.0,392.4,393.3,394.0,392.3,391.0,390.1,390.6,392.4,394.3,392.7,390.9,389.9,390.5,392.4,393.7,393.4,393.2,393.2,393.4,393.6,393.8,393.8,70.8,132.9,427.1,0.044,0.101,-0.028,638.1,636.3,636.4,640.1,650.5,670.0,697.6,736.1,782.0,827.8,865.1,895.2,913.3,920.7,923.8,924.6,922.5,669.2,686.6,710.7,737.5,760.7,812.0,836.7,861.3,883.1,896.4,788.5,788.7,789.4,790.0,757.1,773.2,788.4,803.5,817.3,694.8,710.7,729.8,745.6,729.0,710.7,826.6,843.5,862.3,875.9,862.0,844.1,718.2,743.1,772.0,789.9,808.4,835.6,853.4,836.8,811.2,790.9,770.9,741.5,728.3,772.0,789.8,808.6,844.3,809.4,789.9,771.2,565.5,597.7,628.9,659.9,692.6,727.1,761.2,794.3,804.4,790.8,755.8,716.1,677.2,638.7,605.5,574.4,544.7,511.3,498.5,494.5,500.4,512.7,515.8,504.7,502.7,509.4,524.0,553.2,575.9,598.1,621.7,643.9,648.9,652.8,648.4,643.7,551.2,543.0,544.6,555.1,558.3,557.0,557.5,549.7,550.6,558.5,563.3,562.9,694.6,682.5,678.9,683.4,678.9,682.1,693.4,732.5,751.9,755.1,753.0,735.3,695.3,696.2,697.6,696.0,694.8,727.8,730.4,728.0,0.00,0.00,0.00,0.00,0.00,0.00,0.00,0.00,0.00,0.00,0.00,0.00,0.00,0.00,0.00,0.00,0.00,0.00,0.00,0.00,0.00,0.00,0.00,0.00,0.00,0.00,0.00,0.00,0.00,0.00,0.00,0.00,0.00,0.00,0.00
48,0,1.567,0.03,0,0.000000,0.000000,0.000000,0.000000,0.000000,0.000000,0.000,0.000,709.7,713.8,723.1,732.2,735.7,732.3,722.4,713.3,698.2,703.8,711.4,720.8,730.5,737.7,742.4,736.0,727.5,718.2,710.0,703.0,718.7,722.7,726.8,728.6,727.0,723.0,718.9,717.1,835.5,839.7,849.4,859.0,862.9,858.7,849.0,838.7,829.2,834.5,842.2,852.3,861.9,869.6,875.1,869.4,861.8,853.3,843.9,835.5,845.1,849.1,853.2,854.9,853.3,849.3,845.3,843.5,549.2,539.9,536.1,540.3,549.8,559.8,562.8,558.7,548.8,544.7,542.7,542.1,544.1,548.1,553.9,556.6,557.4,557.2,555.6,552.8,553.6,555.4,553.8,549.6,545.4,543.6,545.2,549.4,556.3,546.4,542.4,546.7,556.7,566.6,570.6,567.1,559.8,553.1,549.3,548.3,550.4,553.9,559.5,562.9,564.8,565.6,564.8,563.1,560.8,562.6,560.9,556.8,552.6,550.8,552.5,556.6,33.2,35.1,39.5,43.8,45.5,43.9,39.2,34.9,28.0,30.5,33.9,38.2,42.8,46.3,48.8,45.6,41.4,37.0,33.3,30.1,37.5,39.4,41.3,42.2,41.4,39.5,37.6,36.7,89.4,91.4,95.8,100.2,101.8,99.9,95.4,90.8,86.6,88.7,92.0,96.5,101.1,105.1,108.2,105.1,101.1,96.8,92.7,89.2,93.9,95.7,97.6,98.4,97.7,95.9,94.1,93.2,90.0,85.5,83.7,85.6,90.1,95.0,96.4,94.5,90.7,88.2,86.7,86.1,87.1,89.2,92.3,93.4,93.5,93.4,92.9,92.1,92.2,93.1,92.3,90.3,88.3,87.4,88.2,90.2,89.7,85.3,83.5,85.4,89.9,94.4,96.2,94.6,91.5,88.1,86.1,85.6,86.8,88.8,91.9,92.9,93.3,93.4,93.0,92.6,92.0,92.8,92.0,90.1,88.3,87.5,88.2,90.1,416.2,416.0,415.8,415.6,415.6,416.1,416.1,416.3,420.5,417.7,415.1,413.8,414.1,415.2,416.8,415.5,414.4,414.3,415.8,418.2,416.9,416.8,416.7,416.6,416.6,416.7,416.8,416.9,400.1,400.4,400.5,400.2,399.9,399.5,399.4,399.9,400.5,399.2,398.2,397.7,398.7,400.8,402.9,400.9,398.7,397.3,397.6,399.1,400.7,400.6,400.6,400.8,400.9,401.0,401.0,400.8,70.9,132.9,427.2,0.034,0.105,-0.029,638.2,636.5,636.5,640.3,650.7,670.3,698.1,736.8,782.9,829.0,866.3,896.2,913.9,921.0,923.9,924.7,922.6,669.0,686.3,710.3,737.1,760.6,811.9,836.7,861.5,883.4,896.7,788.3,788.5,789.2,789.8,756.8,773.0,788.4,803.6,817.6,694.9,710.8,729.8,745.6,729.0,710.9,826.7,843.7,862.4,876.1,862.1,844.3,717.2,742.4,771.7,789.9,808.8,836.6,855.0,838.0,811.9,791.2,770.8,741.0,727.3,771.7,789.9,809.1,845.9,810.0,790.1,771.1,567.0,598.9,629.8,660.6,693.1,727.4,761.7,795.0,805.1,791.4,756.2,716.5,677.6,639.2,606.2,575.3,545.9,511.1,498.3,494.1,500.0,512.5,515.9,504.6,502.7,509.5,524.1,552.8,575.6,597.8,621.5,643.7,648.8,652.8,648.3,643.5,550.9,542.7,544.2,554.5,557.8,556.5,557.3,549.6,550.6,558.6,563.2,562.6,693.8,682.0,678.7,683.2,678.7,681.7,692.7,732.3,752.0,755.3,753.1,735.1,694.5,696.1,697.4,695.8,694.2,727.7,730.4,727.9,0.00,0.00,0.00,0.00,0.00,0.00,0.00,0.00,0.00,0.00,0.00,0.00,0.00,0.00,0.00,0.00,0.00,0.00,0.00,0.00,0.00,0.00,0.00,0.00,0.00,0.00,0.00,0.00,0.00,0.00,0.00,0.00,0.00,0.00,0.00
49,0,1.600,0.03,0,0.000000,0.000000,0.000000,0.000000,0.000000,0.000000,0.000,0.000,709.3,713.4,722.8,732.0,735.7,732.2,722.2,712.9,696.8,702.7,710.7,720.3,730.1,737.4,742.2,735.9,727.4,718.1,709.5,702.0,718.3,722.3,726.4,728.2,726.6,722.6,718.5,716.7,835.0,839.5,849.5,859.1,862.6,858.1,848.1,837.9,828.9,834.2,841.9,851.8,861.3,869.0,874.7,868.8,861.1,852.4,843.1,834.8,844.3,848.6,853.0,855.0,853.5,849.2,844.8,842.8,549.3,539.8,536.0,540.1,549.7,559.8,563.0,558.9,548.6,544.8,543.0,542.4,544.3,548.0,553.6,556.5,557.5,557.4,555.7,552.8,553.4,555.2,553.6,549.5,545.3,543.5,545.2,549.3,555.2,545.3,541.6,546.3,556.5,566.4,570.1,566.2,557.4,551.7,548.9,548.6,550.8,553.8,559.0,562.7,564.9,565.7,564.3,561.7,560.2,562.3,560.7,556.3,551.7,549.7,551.3,555.7,32.5,34.3,38.7,43.1,44.9,43.3,38.6,34.2,26.9,29.5,33.0,37.4,42.1,45.6,48.1,45.0,40.9,36.5,32.5,29.2,36.8,38.7,40.6,41.4,40.7,38.8,36.9,36.0,89.1,91.2,95.7,100.0,101.6,99.5,95.0,90.5,86.5,88.6,91.8,96.2,100.7,104.6,107.8,104.7,100.7,96.4,92.3,88.9,93.6,95.5,97.5,98.4,97.7,95.8,93.8,92.9,88.7,84.2,82.4,84.3,88.9,93.8,95.3,93.3,89.2,86.8,85.5,85.0,86.0,88.0,91.1,92.1,92.3,92.2,91.6,90.7,90.9,91.7,91.0,89.0,87.0,86.2,86.9,88.9,89.3,84.7,83.0,85.0,89.7,94.2,95.9,94.3,90.4,87.5,85.9,85.6,86.8,88.6,91.4,92.7,93.3,93.4,92.9,92.1,91.7,92.6,91.8,89.8,87.7,86.8,87.6,89.6,410.0,409.7,409.6,409.8,410.2,410.8,410.6,410.4,414.0,411.3,408.8,407.7,408.3,409.7,411.6,410.2,408.8,408.6,409.7,411.9,411.1,411.2,411.1,411.0,410.8,410.7,410.8,410.9,400.0,400.0,399.7,399.4,399.2,399.3,399.6,400.2,400.8,399.2,398.0,397.3,397.9,399.8,401.9,400.3,398.4,397.2,397.7,399.3,400.6,400.5,400.4,400.3,400.4,400.6,400.7,400.7,70.8,133.0,427.4,0.039,0.107,-0.032,637.7,636.0,636.1,640.1,650.7,670.5,698.7,737.6,783.7,829.6,866.7,896.3,913.8,920.8,923.8,924.6,922.6,668.7,685.8,709.9,736.6,759.9,811.4,836.3,861.1,882.8,895.9,787.6,787.7,788.3,788.8,756.5,772.5,787.7,802.6,816.4,694.5,710.2,729.1,744.8,728.4,710.3,826.1,842.8,861.4,875.0,861.2,843.4,719.2,743.3,771.6,789.4,807.7,834.8,852.5,836.5,811.2,791.1,771.2,742.3,729.3,771.8,789.5,808.1,843.4,809.2,789.9,771.4,567.2,598.8,629.3,659.9,692.5,727.1,761.5,794.6,804.3,790.1,754.7,715.2,676.7,638.8,606.1,575.6,546.6,510.6,497.8,493.7,499.7,512.3,515.7,504.4,502.3,509.2,523.8,553.2,575.9,598.2,621.8,644.0,648.9,652.8,648.4,643.6,550.8,542.6,544.1,554.5,557.8,556.4,557.1,549.5,550.4,558.3,563.0,562.6,695.3,682.9,679.1,683.5,679.0,682.3,693.8,732.2,751.4,754.8,752.7,735.5,695.7,696.5,697.7,696.1,695.1,727.3,730.0,727.6,0.00,0.00,0.00,0.00,0.00,0.00,0.00,0.00,0.00,0.00,0.00,0.00,0.00,0.00,0.00,0.00,0.00,0.00,0.00,0.00,0.00,0.00,0.00,0.00,0.00,0.00,0.00,0.00,0.00,0.00,0.00,0.00,0.00,0.00,0.00
50,0,1.633,0.03,0,0.000000,0.000000,0.000000,0.000000,0.000000,0.000000,0.000,0.000,709.2,713.4,722.7,731.7,735.1,731.5,721.6,712.6,696.7,702.8,710.7,720.3,729.8,736.8,741.4,735.2,726.9,717.7,709.3,701.9,718.0,721.9,725.9,727.6,726.2,722.3,718.3,716.5,834.6,839.1,849.0,858.5,862.0,857.5,847.6,837.4,828.0,833.6,841.5,851.5,860.8,868.0,873.2,867.8,860.5,852.2,842.7,833.9,843.9,847.9,852.1,854.1,852.6,848.5,844.3,842.4,549.1,539.8,536.2,540.4,549.9,559.8,562.8,558.6,548.4,544.6,542.9,542.3,544.2,547.9,553.4,556.5,557.6,557.5,555.8,552.7,553.3,555.1,553.6,549.6,545.5,543.7,545.3,549.2,555.6,545.9,542.2,546.9,557.0,566.8,570.4,566.4,556.2,551.1,548.6,548.5,550.8,553.9,559.2,563.1,565.3,565.9,564.2,561.3,560.5,562.4,560.9,556.8,552.4,550.5,552.0,556.2,33.0,34.9,39.4,43.7,45.4,43.7,39.0,34.6,27.2,30.0,33.6,38.0,42.6,46.1,48.5,45.4,41.3,36.9,33.0,29.6,37.3,39.1,41.0,41.9,41.2,39.3,37.4,36.5,89.6,91.7,96.4,100.8,102.4,100.2,95.6,90.9,86.7,89.0,92.4,97.0,101.5,105.3,108.3,105.3,101.4,97.2,92.9,89.2,94.1,96.0,97.9,98.9,98.2,96.3,94.3,93.4,90.0,85.6,83.9,86.0,90.6,95.4,96.8,94.7,90.5,88.1,86.8,86.4,87.4,89.5,92.5,93.7,93.9,93.8,93.2,92.2,92.3,93.2,92.5,90.6,88.6,87.7,88.4,90.4,90.1,85.6,84.0,86.2,90.8,95.3,96.9,95.1,90.5,87.8,86.5,86.4,87.7,89.6,92.6,93.9,94.4,94.3,93.6,92.5,92.5,93.4,92.8,90.9,88.9,88.0,88.7,90.5,416.7,416.5,416.6,417.0,417.4,417.9,417.5,417.2,420.4,417.8,415.5,414.6,415.4,416.9,418.7,417.3,415.7,415.3,416.4,418.4,418.0,418.1,418.2,418.1,417.9,417.7,417.7,417.8,402.9,403.2,403.4,403.5,403.4,403.1,402.8,403.0,403.6,402.3,401.4,401.1,402.2,404.3,406.5,404.6,402.4,400.8,400.8,402.3,403.8,403.9,404.0,404.1,404.1,404.1,404.0,403.9,70.5,133.1,427.8,0.036,0.112,-0.030,637.6,635.8,635.8,639.7,650.0,669.7,698.1,737.4,783.7,829.6,866.4,896.0,913.3,920.2,923.3,924.4,922.6,668.8,685.6,709.5,736.2,759.6,811.0,836.0,860.8,882.6,895.6,787.2,787.2,787.7,788.1,756.2,771.9,786.8,801.6,815.2,694.3,709.9,728.7,744.3,728.0,710.0,825.7,842.4,860.9,874.4,860.5,842.8,720.1,743.5,771.4,788.3,805.4,832.0,849.5,833.6,808.8,789.9,770.8,742.4,730.1,771.6,788.4,805.8,840.5,806.8,788.7,771.1,567.1,598.2,628.4,659.1,691.8,726.5,761.0,794.0,803.6,789.2,753.9,714.5,676.2,638.6,606.1,575.8,547.0,510.5,497.8,493.7,499.6,512.0,515.3,504.4,502.4,509.3,523.7,553.0,575.8,598.1,621.7,643.8,648.6,652.4,648.2,643.5,550.5,542.6,544.2,554.2,557.6,556.3,556.6,549.5,550.6,558.2,562.9,562.3,696.1,683.3,679.2,683.6,679.2,683.1,695.1,733.4,751.8,754.9,753.0,736.1,696.4,696.8,697.9,696.6,696.3,727.1,729.6,727.4,0.00,0.00,0.00,0.00,0.00,0.00,0.00,0.00,0.00,0.00,0.00,0.00,0.00,0.00,0.00,0.00,0.00,0.00,0.00,0.00,0.00,0.00,0.00,0.00,0.00,0.00,0.00,0.00,0.00,0.00,0.00,0.00,0.00,0.00,0.00
51,0,1.667,0.03,0,0.000000,0.000000,0.000000,0.000000,0.000000,0.000000,0.000,0.000,708.9,713.1,722.5,731.6,735.1,731.4,721.5,712.4,695.6,702.2,710.6,720.2,729.8,736.9,741.7,735.5,727.3,718.1,709.3,701.4,717.7,721.6,725.7,727.4,726.0,722.1,718.1,716.3,834.0,838.6,848.6,858.3,862.0,857.4,847.4,836.9,827.6,833.4,841.5,851.7,861.0,867.9,872.8,867.7,860.8,852.6,843.0,834.1,843.3,847.5,851.9,853.9,852.3,848.1,843.7,841.7,549.5,540.0,536.3,540.5,550.2,560.3,563.4,559.1,548.6,545.1,543.3,542.8,544.7,548.4,553.9,556.8,557.7,557.6,555.9,552.9,553.8,555.6,554.0,549.9,545.8,544.0,545.6,549.6,555.2,545.2,541.5,546.2,556.6,566.5,570.3,566.3,557.4,551.7,548.9,548.6,550.8,553.8,559.1,562.8,565.0,565.7,564.3,561.8,560.3,562.3,560.7,556.4,551.8,549.8,551.4,555.8,32.3,34.2,38.7,43.0,44.6,43.0,38.2,33.9,26.3,29.2,33.0,37.4,41.9,45.4,47.9,44.9,40.8,36.5,32.4,28.9,36.5,38.4,40.3,41.1,40.4,38.6,36.7,35.8,87.6,89.8,94.5,98.9,100.6,98.4,93.7,89.0,84.8,87.2,90.7,95.3,99.8,103.6,106.4,103.5,99.8,95.6,91.3,87.5,92.1,94.1,96.1,97.0,96.3,94.4,92.3,91.4,88.7,84.3,82.6,84.7,89.3,94.2,95.5,93.4,89.1,86.9,85.6,85.2,86.3,88.4,91.4,92.4,92.4,92.2,91.6,90.7,91.0,91.9,91.2,89.3,87.3,86.4,87.2,89.1,88.2,83.8,82.2,84.4,89.1,93.5,95.0,93.2,89.2,86.4,85.0,84.9,86.2,88.1,91.0,92.2,92.6,92.5,91.9,91.0,90.7,91.7,91.0,89.1,87.1,86.1,86.8,88.7,409.8,409.7,410.0,410.4,410.9,411.3,410.7,410.3,413.4,410.8,408.6,407.8,408.7,410.4,412.4,410.7,409.0,408.4,409.3,411.2,411.2,411.4,411.5,411.4,411.2,411.0,410.9,411.0,395.2,395.7,396.3,396.6,396.5,396.0,395.5,395.4,395.5,394.5,393.9,393.9,395.2,397.6,399.9,397.9,395.4,393.6,393.4,394.4,396.4,396.5,396.8,397.0,397.0,396.9,396.7,396.5,70.2,133.0,427.1,0.038,0.114,-0.028,637.6,635.8,635.9,639.8,649.9,669.3,697.9,737.3,783.5,829.3,865.9,895.6,912.9,920.0,923.2,924.5,922.7,668.9,685.9,709.7,736.4,759.7,811.3,836.2,860.9,882.6,895.5,787.4,787.3,787.8,788.2,756.4,771.9,786.7,801.3,814.6,694.2,709.8,728.7,744.3,728.0,709.8,825.5,842.2,860.7,874.3,860.5,842.7,721.1,743.8,771.3,787.5,803.7,829.7,846.9,831.1,806.7,788.7,770.4,742.5,731.0,771.5,787.5,804.0,837.9,804.9,787.7,770.9,566.7,598.0,628.5,659.4,692.2,726.9,761.2,793.9,803.5,789.1,753.9,714.6,676.3,638.7,606.3,575.9,547.1,510.8,497.8,493.7,499.7,512.2,515.4,504.6,502.4,509.1,523.5,553.3,576.1,598.4,622.0,643.9,648.6,652.4,648.4,643.8,550.7,542.7,544.4,554.8,558.1,556.7,557.1,549.6,550.6,558.3,563.3,562.8,697.2,683.8,679.4,683.7,679.6,684.1,696.7,734.9,752.7,755.5,753.6,736.9,697.3,696.8,697.9,696.9,697.8,728.2,730.4,728.3,0.00,0.00,0.00,0.00,0.00,0.00,0.00,0.00,0.00,0.00,0.00,0.00,0.00,0.00,0.00,0.00,0.00,0.00,0.00,0.00,0.00,0.00,0.00,0.00,0.00,0.00,0.00,0.00,0.00,0.00,0.00,0.00,0.00,0.00,0.00
52,0,1.700,0.03,0,0.000000,0.000000,0.000000,0.000000,0.000000,0.000000,0.000,0.000,709.0,713.2,722.5,731.4,734.7,731.1,721.2,712.3,695.3,702.2,710.7,720.4,729.7,736.6,741.2,735.2,727.2,718.1,709.3,701.3,717.5,721.4,725.4,727.2,725.7,721.9,717.9,716.1,833.6,837.8,847.6,857.1,860.9,856.7,846.9,836.6,827.7,833.2,841.0,851.1,860.4,867.7,872.9,867.5,860.3,852.0,842.6,833.9,843.0,847.1,851.2,852.9,851.4,847.4,843.2,841.5,549.7,540.4,536.8,541.0,550.6,560.6,563.6,559.3,548.7,545.3,543.6,543.2,545.2,549.0,554.3,557.3,558.2,558.0,556.3,553.2,554.1,555.9,554.4,550.3,546.2,544.4,545.9,550.0,556.1,546.3,542.4,546.8,556.8,566.6,570.5,566.8,558.2,552.2,549.1,548.5,550.7,554.0,559.6,563.1,565.2,565.8,564.6,562.3,560.7,562.5,560.9,556.8,552.6,550.7,552.4,556.5,32.5,34.5,38.9,43.2,44.8,43.1,38.4,34.1,26.3,29.3,33.2,37.7,42.2,45.6,48.0,45.0,41.0,36.7,32.6,28.9,36.6,38.5,40.4,41.3,40.6,38.7,36.8,35.9,89.0,91.1,95.6,100.0,101.6,99.6,95.1,90.4,86.4,88.7,92.1,96.6,101.2,105.0,108.0,105.1,101.1,96.9,92.7,89.0,93.6,95.4,97.3,98.2,97.5,95.6,93.7,92.9,89.4,85.0,83.4,85.5,90.1,94.9,96.1,94.0,89.6,87.5,86.2,85.9,87.1,89.2,92.2,93.2,93.2,93.0,92.3,91.3,91.7,92.7,92.0,90.1,88.1,87.2,87.9,89.8,90.2,85.7,84.0,86.0,90.5,95.0,96.7,95.1,91.3,88.2,86.6,86.3,87.5,89.5,92.6,93.8,94.2,94.1,93.6,92.9,92.5,93.3,92.6,90.7,88.8,88.0,88.7,90.6,412.1,412.2,412.7,413.3,413.7,413.9,413.1,412.5,415.5,413.1,411.1,410.4,411.5,413.3,415.3,413.5,411.6,410.8,411.5,413.3,413.6,413.8,414.1,414.1,413.9,413.7,413.4,413.4,402.5,402.8,403.0,402.9,402.6,402.3,402.1,402.4,402.9,401.6,400.7,400.5,401.5,403.7,406.0,404.0,401.7,400.1,400.2,401.6,403.2,403.2,403.3,403.4,403.5,403.6,403.5,403.4,70.1,133.0,427.2,0.036,0.116,-0.026,637.7,635.9,636.0,639.8,649.6,668.8,697.3,736.6,782.6,828.4,865.0,895.0,912.5,919.8,923.2,924.5,922.6,668.9,685.9,709.7,736.3,759.5,811.6,836.3,860.9,882.5,895.4,787.5,787.5,788.0,788.4,756.6,771.9,786.6,801.0,814.1,693.9,709.6,728.6,744.1,727.8,709.5,825.2,841.9,860.5,874.1,860.3,842.4,721.5,743.9,771.2,786.9,802.6,828.1,845.1,829.2,805.1,787.6,769.7,742.3,731.3,771.2,786.8,802.8,836.1,803.5,786.8,770.4,566.8,598.1,628.5,659.3,692.0,726.6,760.8,793.4,803.1,788.9,753.9,714.7,676.3,638.6,606.1,575.5,546.6,510.9,497.9,493.7,499.8,512.2,515.3,504.6,502.4,509.0,523.4,553.5,576.3,598.6,622.3,644.0,648.7,652.5,648.7,644.3,550.9,543.0,544.7,555.3,558.6,557.1,557.5,549.9,550.8,558.5,563.7,563.2,697.3,683.7,679.2,683.6,679.6,684.4,697.3,735.2,752.5,754.9,753.0,736.4,697.4,696.7,697.8,696.9,698.3,727.9,729.9,727.8,0.00,0.00,0.00,0.00,0.00,0.00,0.00,0.00,0.00,0.00,0.00,0.00,0.00,0.00,0.00,0.00,0.00,0.00,0.00,0.00,0.00,0.00,0.00,0.00,0.00,0.00,0.00,0.00,0.00,0.00,0.00,0.00,0.00,0.00,0.00
53,0,1.733,0.03,0,0.000000,0.000000,0.000000,0.000000,0.000000,0.000000,0.000,0.000,709.1,713.3,722.7,731.7,735.0,731.3,721.4,712.4,695.7,702.5,711.0,720.6,729.9,737.0,741.7,735.7,727.6,718.5,709.6,701.6,717.8,721.6,725.5,727.3,725.9,722.1,718.2,716.4,833.4,837.9,847.9,857.7,861.4,856.9,846.8,836.3,827.5,833.3,841.5,851.7,861.0,868.2,873.3,867.9,860.6,852.1,842.7,833.9,842.9,847.0,851.3,853.2,851.6,847.5,843.3,841.4,549.6,540.3,536.7,541.0,550.6,560.7,563.6,559.3,548.8,545.4,543.7,543.3,545.2,549.0,554.4,557.2,558.1,557.9,556.2,553.2,554.0,555.8,554.3,550.3,546.2,544.4,546.0,549.9,555.6,545.6,541.8,546.4,556.8,566.9,570.7,566.7,558.8,552.5,549.1,548.6,550.9,554.3,559.8,563.3,565.2,565.9,564.7,562.5,560.6,562.5,560.9,556.7,552.3,550.4,552.0,556.2,32.5,34.5,39.0,43.3,44.9,43.1,38.4,34.1,26.4,29.5,33.3,37.8,42.3,45.7,48.2,45.2,41.2,36.8,32.7,29.1,36.7,38.6,40.4,41.3,40.6,38.8,36.9,36.1,86.9,89.0,93.7,98.1,99.7,97.5,92.9,88.2,84.3,86.7,90.2,94.7,99.2,103.1,105.9,103.0,99.0,94.8,90.6,86.9,91.4,93.3,95.2,96.1,95.5,93.6,91.7,90.8,89.3,84.8,83.2,85.4,90.0,94.8,96.0,93.9,89.6,87.4,86.2,85.9,87.0,89.1,92.1,93.1,93.1,92.8,92.2,91.2,91.6,92.5,91.8,90.0,88.0,87.1,87.8,89.7,87.9,83.5,81.9,84.0,88.6,93.0,94.6,92.9,89.4,86.3,84.7,84.4,85.7,87.7,90.7,91.8,92.1,92.0,91.5,90.8,90.4,91.2,90.6,88.7,86.7,85.9,86.5,88.4,411.8,411.8,412.3,412.8,413.2,413.5,412.7,412.2,415.1,412.7,410.7,410.0,411.0,412.8,414.8,413.0,411.2,410.4,411.1,413.0,413.2,413.4,413.6,413.6,413.5,413.2,413.1,413.0,393.3,393.7,394.1,394.2,393.9,393.5,393.1,393.3,393.5,392.4,391.7,391.6,392.8,395.1,397.3,395.3,392.8,391.1,391.1,392.3,394.2,394.2,394.4,394.6,394.7,394.7,394.5,394.3,70.0,133.1,427.2,0.033,0.116,-0.020,637.8,636.0,636.0,639.8,649.2,668.1,696.5,735.5,781.3,827.0,863.7,894.0,911.9,919.7,923.3,924.9,923.2,669.3,686.5,710.5,737.2,760.6,812.0,836.7,861.4,883.1,896.1,788.1,788.1,788.6,789.0,757.3,772.3,786.7,801.0,813.8,694.4,710.1,729.0,744.5,728.2,710.0,825.5,842.2,860.7,874.2,860.5,842.6,722.3,744.5,771.5,786.5,801.5,826.3,843.0,826.9,803.1,786.4,769.2,742.4,732.0,771.2,786.2,801.5,834.1,801.8,785.9,770.2,566.1,597.5,628.1,659.1,691.9,726.4,760.4,793.0,803.0,789.3,754.8,715.8,677.5,639.6,606.6,575.7,546.5,510.9,497.8,493.7,499.9,512.4,515.5,504.9,502.7,509.1,523.4,553.5,576.3,598.6,622.2,643.7,648.5,652.3,648.7,644.5,550.7,543.0,544.7,555.3,558.6,557.1,557.6,550.0,551.0,558.7,563.9,563.4,697.4,683.6,679.1,683.6,679.8,685.1,698.3,735.9,752.4,754.6,752.5,736.1,697.5,696.4,697.6,697.0,699.2,728.0,729.8,727.7,0.00,0.00,0.00,0.00,0.00,0.00,0.00,0.00,0.00,0.00,0.00,0.00,0.00,0.00,0.00,0.00,0.00,0.00,0.00,0.00,0.00,0.00,0.00,0.00,0.00,0.00,0.00,0.00,0.00,0.00,0.00,0.00,0.00,0.00,0.00
54,0,1.767,0.03,0,0.000000,0.000000,0.000000,0.000000,0.000000,0.000000,0.000,0.000,709.7,714.0,723.3,732.2,735.5,731.7,721.9,713.0,696.3,703.2,711.8,721.5,730.8,737.6,742.0,736.2,728.2,719.0,710.2,702.2,718.3,722.1,726.0,727.8,726.4,722.6,718.7,716.9,834.7,839.0,848.7,858.1,861.7,857.4,847.7,837.6,828.5,834.0,841.8,851.7,860.9,868.2,873.3,868.0,860.7,852.3,843.0,834.5,844.0,848.0,852.0,853.8,852.3,848.4,844.3,842.5,549.7,540.4,536.8,541.2,550.8,560.8,563.6,559.3,548.9,545.2,543.5,543.0,545.0,548.7,554.0,557.1,558.1,557.9,556.2,553.2,554.1,555.9,554.4,550.5,546.4,544.6,546.1,550.0,556.5,546.8,543.0,547.5,557.4,567.1,570.9,567.1,558.9,552.7,549.3,548.7,551.0,554.4,560.0,563.6,565.5,566.2,565.0,562.8,561.1,562.9,561.4,557.4,553.2,551.3,552.9,556.9,32.9,35.0,39.4,43.7,45.3,43.5,38.8,34.5,26.8,29.9,33.8,38.3,42.8,46.2,48.6,45.6,41.6,37.2,33.1,29.4,37.1,38.9,40.8,41.7,41.0,39.2,37.3,36.4,90.4,92.5,97.0,101.4,103.0,100.9,96.3,91.7,87.6,89.9,93.3,97.8,102.3,106.3,109.2,106.2,102.2,98.0,93.7,90.1,94.9,96.7,98.6,99.5,98.8,97.0,95.1,94.2,89.5,85.2,83.6,85.8,90.5,95.3,96.4,94.2,89.8,87.6,86.4,86.1,87.3,89.4,92.4,93.5,93.4,93.2,92.5,91.5,92.0,92.9,92.3,90.4,88.4,87.5,88.2,90.0,91.2,86.8,85.1,87.1,91.7,96.1,97.8,96.1,92.4,89.3,87.6,87.2,88.5,90.5,93.7,94.8,95.2,95.2,94.6,94.0,93.5,94.4,93.7,91.8,89.9,89.1,89.8,91.6,413.1,413.3,413.9,414.6,415.0,415.1,414.2,413.5,416.2,414.0,412.1,411.6,412.8,414.7,416.7,414.9,412.8,411.9,412.5,414.3,414.7,415.0,415.2,415.3,415.1,414.8,414.6,414.5,406.2,406.6,406.8,406.7,406.4,406.1,405.9,406.2,406.8,405.5,404.7,404.4,405.4,407.5,409.7,407.7,405.4,403.8,404.0,405.4,407.0,407.0,407.1,407.2,407.3,407.4,407.3,407.1,70.1,133.4,427.9,0.036,0.115,-0.015,638.0,636.2,636.3,639.8,649.0,667.8,696.1,734.9,780.2,825.5,862.1,892.5,910.9,919.2,923.3,925.2,924.0,669.6,686.7,711.0,737.9,761.4,812.8,837.6,862.2,884.0,897.0,788.7,788.7,789.1,789.4,757.7,772.5,786.7,800.9,813.6,694.9,710.7,729.6,744.8,728.6,710.4,826.1,842.6,861.1,874.4,860.8,843.1,722.8,744.8,771.5,786.2,800.8,825.1,841.3,825.3,801.8,785.4,768.6,742.2,732.4,771.1,785.8,800.6,832.6,800.7,785.1,769.8,565.2,596.9,627.8,658.9,692.0,726.6,760.5,792.9,803.1,789.7,755.8,717.4,679.3,641.4,608.1,576.7,547.0,511.2,497.7,493.6,499.8,512.4,515.4,505.1,503.0,509.4,523.6,553.5,576.3,598.6,622.3,643.4,648.3,652.2,648.7,644.5,550.7,542.9,544.7,555.2,558.5,556.9,557.8,550.2,551.3,559.0,564.2,563.6,697.4,683.4,679.1,683.7,680.0,685.6,699.0,736.4,752.5,754.4,752.3,735.9,697.5,696.0,697.2,696.7,699.8,728.5,730.2,728.0,0.00,0.00,0.00,0.00,0.00,0.00,0.00,0.00,0.00,0.00,0.00,0.00,0.00,0.00,0.00,0.00,0.00,0.00,0.00,0.00,0.00,0.00,0.00,0.00,0.00,0.00,0.00,0.00,0.00,0.00,0.00,0.00,0.00,0.00,0.00
55,0,1.800,0.03,0,0.000000,0.000000,0.000000,0.000000,0.000000,0.000000,0.000,0.000,709.9,714.2,723.5,732.5,735.8,732.0,722.2,713.3,696.3,703.3,711.9,721.5,730.8,737.7,742.2,736.4,728.4,719.4,710.5,702.4,718.5,722.3,726.3,728.1,726.7,722.9,718.9,717.1,834.8,839.2,849.0,858.4,862.0,857.6,847.8,837.7,828.6,834.3,842.3,852.3,861.5,868.4,873.2,868.1,861.3,853.2,843.8,835.0,843.9,848.0,852.2,854.0,852.5,848.5,844.3,842.4,549.6,540.2,536.7,541.0,550.6,560.7,563.6,559.3,548.6,545.2,543.6,543.2,545.2,548.8,554.1,557.1,558.0,557.9,556.1,553.1,554.0,555.9,554.3,550.3,546.2,544.4,545.9,549.9,556.0,546.2,542.6,547.2,557.3,567.1,570.7,566.8,558.7,552.7,549.5,549.0,551.2,554.6,560.2,563.7,565.6,566.2,564.9,562.7,560.9,562.9,561.3,557.2,552.8,550.9,552.4,556.6,32.9,35.0,39.4,43.7,45.3,43.6,38.8,34.5,26.7,29.9,33.8,38.3,42.7,46.2,48.6,45.6,41.6,37.3,33.1,29.5,37.1,38.9,40.9,41.7,41.0,39.2,37.3,36.4,89.2,91.4,96.0,100.4,102.0,99.8,95.2,90.5,86.4,88.8,92.3,97.0,101.5,105.3,108.1,105.2,101.4,97.2,92.9,89.1,93.7,95.5,97.5,98.5,97.8,95.9,93.9,93.0,89.3,84.9,83.4,85.5,90.2,95.0,96.2,94.0,89.5,87.4,86.3,86.0,87.1,89.3,92.2,93.2,93.2,92.9,92.2,91.2,91.7,92.7,92.0,90.1,88.1,87.2,87.9,89.8,89.7,85.4,83.9,86.1,90.7,95.0,96.5,94.7,91.0,88.1,86.5,86.3,87.6,89.7,92.8,93.9,94.2,94.0,93.4,92.6,92.3,93.2,92.5,90.7,88.7,87.8,88.4,90.3,412.2,412.3,412.9,413.6,414.0,414.2,413.3,412.6,415.2,413.0,411.1,410.6,411.8,413.6,415.8,413.9,411.8,410.9,411.5,413.2,413.7,414.0,414.3,414.3,414.2,413.9,413.6,413.5,400.8,401.3,401.9,402.2,402.0,401.4,400.8,400.8,400.9,400.0,399.4,399.5,400.9,403.3,405.7,403.4,400.8,399.0,398.8,399.8,401.9,402.0,402.2,402.5,402.6,402.5,402.2,402.0,70.3,133.7,428.5,0.026,0.115,-0.012,638.2,636.4,636.5,639.9,648.8,667.4,695.7,734.7,780.4,825.9,862.7,893.0,911.2,919.4,923.5,925.5,924.5,669.8,686.8,710.9,737.8,761.3,813.0,837.7,862.1,883.7,896.9,788.8,788.8,789.1,789.4,757.9,772.7,786.9,801.2,813.9,695.3,711.0,729.8,745.0,728.9,710.8,826.5,843.0,861.3,874.7,861.0,843.4,722.8,744.9,771.7,786.5,801.3,825.9,842.2,826.2,802.5,786.0,769.0,742.4,732.5,771.4,786.2,801.2,833.5,801.4,785.6,770.1,566.4,597.8,628.2,659.0,692.0,726.6,760.5,793.1,803.4,790.3,756.5,718.5,680.8,643.3,610.4,579.4,550.0,511.1,497.7,493.6,499.8,512.5,515.7,505.3,503.2,509.1,522.9,553.6,576.3,598.5,622.0,643.4,648.3,652.2,648.8,644.5,550.7,542.9,544.6,555.1,558.4,556.8,557.8,550.2,551.3,559.1,564.2,563.6,697.7,683.6,679.2,683.7,680.1,685.7,699.3,736.5,752.7,754.8,752.7,736.3,697.7,696.2,697.4,697.0,700.1,728.7,730.4,728.2,0.00,0.00,0.00,0.00,0.00,0.00,0.00,0.00,0.00,0.00,0.00,0.00,0.00,0.00,0.00,0.00,0.00,0.00,0.00,0.00,0.00,0.00,0.00,0.00,0.00,0.00,0.00,0.00,0.00,0.00,0.00,0.00,0.00,0.00,0.00
56,0,1.833,0.03,0,0.000000,0.000000,0.000000,0.000000,0.000000,0.000000,0.000,0.000,710.6,714.9,724.1,733.0,736.2,732.5,722.7,713.9,697.1,704.0,712.6,722.2,731.3,738.0,742.4,736.6,728.7,719.8,711.0,703.0,719.0,722.9,726.8,728.7,727.3,723.4,719.4,717.6,835.9,840.2,849.8,858.9,862.4,858.1,848.6,838.7,829.8,835.2,842.8,852.5,861.7,868.8,873.9,868.4,861.3,853.1,844.0,835.6,845.0,848.9,853.0,854.8,853.3,849.4,845.3,843.5,549.6,540.3,536.7,541.0,550.6,560.5,563.4,559.2,548.4,545.0,543.4,543.1,545.0,548.7,554.0,557.1,558.1,557.9,556.1,552.9,554.0,555.8,554.3,550.2,546.1,544.3,545.8,549.8,556.4,547.0,543.4,547.8,557.6,567.0,570.6,566.9,557.9,552.3,549.4,549.1,551.4,554.7,560.2,563.8,565.8,566.3,564.8,562.3,561.1,562.9,561.4,557.4,553.2,551.3,552.8,556.9,33.5,35.5,40.0,44.3,45.9,44.1,39.4,35.1,27.3,30.4,34.4,38.8,43.3,46.7,49.0,46.0,42.1,37.7,33.6,30.0,37.6,39.5,41.4,42.3,41.6,39.7,37.8,36.9,92.7,94.8,99.4,103.7,105.3,103.2,98.6,94.1,90.0,92.2,95.6,100.1,104.6,108.5,111.6,108.5,104.5,100.3,96.0,92.4,97.2,99.0,101.0,101.9,101.2,99.3,97.4,96.5,89.9,85.6,84.0,86.2,90.8,95.6,96.8,94.6,90.0,87.9,86.8,86.5,87.7,89.9,92.9,93.9,93.9,93.7,92.9,91.8,92.4,93.3,92.7,90.7,88.7,87.8,88.5,90.4,93.0,88.5,86.9,88.9,93.5,97.9,99.6,97.9,93.8,90.9,89.3,89.0,90.4,92.4,95.5,96.8,97.2,97.1,96.4,95.6,95.3,96.2,95.5,93.6,91.6,90.8,91.5,93.4,415.1,415.1,415.8,416.6,417.1,417.4,416.4,415.6,418.1,415.8,414.0,413.6,414.8,416.7,418.9,417.0,415.0,414.0,414.6,416.2,416.7,417.1,417.3,417.4,417.2,416.8,416.5,416.5,414.1,414.3,414.4,414.4,414.2,414.0,413.9,414.2,414.8,413.4,412.4,412.0,413.0,415.1,417.4,415.4,413.2,411.8,411.9,413.4,414.9,414.9,414.9,415.0,415.1,415.1,415.1,415.0,70.5,133.9,429.1,0.018,0.116,-0.007,638.1,636.6,636.7,640.1,648.9,667.5,695.8,734.6,780.2,825.8,862.7,893.0,911.3,919.5,923.9,926.1,925.4,669.9,687.1,711.3,738.2,761.8,813.9,838.5,862.6,884.1,897.5,789.5,789.3,789.6,789.8,758.1,772.9,787.2,801.5,814.3,695.7,711.4,730.1,745.1,729.1,711.2,827.3,843.6,861.8,875.1,861.4,843.9,722.7,744.8,771.8,786.6,801.4,826.0,842.5,826.2,802.4,785.8,768.9,742.2,732.4,771.5,786.3,801.3,833.7,801.4,785.6,770.1,565.9,597.4,628.0,658.9,692.2,726.9,760.7,793.2,803.6,790.8,757.4,719.9,682.7,645.8,613.4,582.6,553.5,511.0,497.7,493.5,499.6,512.4,515.6,505.4,503.4,509.2,522.5,553.5,576.1,598.3,621.8,643.1,648.1,652.2,648.8,644.4,550.7,543.0,544.7,555.0,558.2,556.6,557.7,550.3,551.5,559.3,564.1,563.4,697.6,683.3,679.1,683.6,680.0,685.6,699.4,736.4,752.7,754.8,752.8,736.4,697.6,696.1,697.3,696.8,700.2,728.6,730.4,728.4,0.00,0.00,0.00,0.00,0.00,0.00,0.00,0.00,0.00,0.00,0.00,0.00,0.00,0.00,0.00,0.00,0.00,0.00,0.00,0.00,0.00,0.00,0.00,0.00,0.00,0.00,0.00,0.00,0.00,0.00,0.00,0.00,0.00,0.00,0.00
57,0,1.867,0.03,0,0.000000,0.000000,0.000000,0.000000,0.000000,0.000000,0.000,0.000,710.7,715.1,724.4,733.3,736.5,732.7,722.8,714.0,697.3,704.1,712.7,722.3,731.5,738.5,743.2,737.3,729.3,720.4,711.5,703.4,719.3,723.1,727.1,728.9,727.5,723.8,719.8,717.9,836.0,840.6,850.7,860.3,863.8,859.1,849.1,838.7,829.5,835.2,843.2,853.4,862.7,870.0,875.0,869.6,862.2,853.7,844.3,835.8,845.4,849.4,853.7,855.6,854.1,850.1,845.9,843.9,549.0,539.7,536.2,540.6,550.3,560.3,563.1,558.7,548.3,544.9,543.2,542.8,544.8,548.7,554.2,556.9,557.7,557.5,555.7,552.7,553.5,555.4,553.9,549.9,545.8,543.9,545.4,549.4,556.1,546.2,542.6,547.4,557.8,567.7,571.3,567.2,559.1,552.8,549.6,549.2,551.6,555.0,560.6,563.8,565.5,566.1,564.8,562.7,561.2,563.2,561.6,557.5,553.1,551.1,552.6,556.8,33.3,35.4,39.9,44.1,45.7,43.9,39.1,34.9,27.2,30.3,34.2,38.6,43.0,46.5,49.0,46.0,42.1,37.8,33.6,30.0,37.5,39.3,41.2,42.1,41.4,39.6,37.7,36.9,89.3,91.5,96.1,100.5,102.1,99.9,95.2,90.6,86.4,88.8,92.2,96.8,101.3,105.2,108.1,105.0,101.1,96.8,92.6,89.0,93.8,95.6,97.6,98.5,97.9,96.0,94.1,93.1,89.1,84.7,83.2,85.4,90.0,94.8,95.9,93.7,89.5,87.4,86.1,85.8,87.0,89.2,92.3,93.1,93.0,92.8,92.1,91.1,91.5,92.5,91.8,90.0,88.0,87.0,87.7,89.6,89.4,84.9,83.3,85.5,90.2,94.7,96.2,94.4,90.8,87.7,86.0,85.8,87.1,89.2,92.2,93.2,93.5,93.3,92.8,92.2,91.9,92.8,92.1,90.3,88.3,87.3,88.0,89.9,412.5,412.6,413.1,413.7,414.0,414.2,413.4,412.8,415.7,413.4,411.4,410.8,411.8,413.6,415.6,413.8,411.9,411.0,411.7,413.5,413.9,414.2,414.4,414.4,414.3,414.0,413.8,413.8,398.6,399.0,399.3,399.4,399.2,398.8,398.5,398.7,399.0,397.8,397.0,396.8,397.9,400.1,402.3,400.3,398.0,396.4,396.5,397.8,399.6,399.6,399.7,399.9,400.0,399.9,399.8,399.7,70.5,133.4,427.8,0.013,0.118,-0.006,638.8,637.1,637.1,640.5,649.4,667.9,696.2,734.9,780.6,826.2,863.0,893.3,911.6,919.9,924.3,926.6,925.8,670.6,688.0,712.2,739.3,763.0,814.5,839.8,864.6,886.3,899.1,790.1,789.9,790.1,790.3,758.2,773.1,787.5,801.8,814.7,696.1,711.9,730.7,746.0,729.8,711.7,827.4,844.1,862.5,875.9,862.1,844.3,722.8,744.9,771.9,786.7,801.7,826.3,842.5,826.2,802.5,785.8,768.7,742.1,732.5,771.5,786.4,801.6,833.8,801.6,785.6,770.0,565.7,597.4,628.1,659.1,692.1,726.5,760.4,793.0,803.4,790.2,756.4,718.5,681.0,643.8,611.2,580.6,551.6,511.0,497.6,493.3,499.4,512.2,515.5,505.5,503.7,510.3,524.4,553.4,576.1,598.2,621.7,642.9,647.9,652.0,648.6,644.4,550.2,542.5,544.3,555.0,558.0,556.4,558.0,550.4,551.7,559.6,564.5,563.8,697.1,682.8,678.5,683.1,679.5,685.3,699.1,736.2,752.5,754.5,752.3,735.8,697.1,695.5,696.8,696.4,699.9,728.2,730.0,727.7,0.00,0.00,0.00,0.00,0.00,0.00,0.00,0.00,0.00,0.00,0.00,0.00,0.00,0.00,0.00,0.00,0.00,0.00,0.00,0.00,0.00,0.00,0.00,0.00,0.00,0.00,0.00,0.00,0.00,0.00,0.00,0.00,0.00,0.00,0.00
58,0,1.900,0.03,0,0.000000,0.000000,0.000000,0.000000,0.000000,0.000000,0.000,0.000,711.2,715.5,724.8,733.7,736.9,733.1,723.3,714.5,698.0,705.0,713.5,723.1,732.2,739.0,743.4,737.6,729.8,720.9,712.1,704.1,719.7,723.5,727.5,729.4,728.0,724.1,720.1,718.3,836.3,840.7,850.6,860.2,863.8,859.4,849.5,839.3,829.9,835.3,843.1,853.1,862.6,870.0,875.3,869.8,862.3,853.8,844.3,835.9,846.0,849.9,853.9,855.7,854.2,850.3,846.3,844.5,548.9,539.6,536.0,540.4,550.0,560.0,562.9,558.5,548.1,544.6,542.9,542.4,544.3,548.0,553.5,556.5,557.5,557.4,555.6,552.5,553.4,555.2,553.7,549.7,545.5,543.7,545.2,549.2,557.0,547.1,543.3,547.8,558.0,567.8,571.6,567.8,558.7,552.6,549.5,549.2,551.6,555.0,560.7,563.9,565.7,566.2,564.9,562.6,561.6,563.4,561.9,557.8,553.7,551.8,553.4,557.4,33.8,35.8,40.3,44.6,46.2,44.4,39.6,35.3,27.7,30.8,34.8,39.2,43.7,47.1,49.4,46.5,42.5,38.2,34.1,30.4,37.9,39.8,41.7,42.6,41.9,40.0,38.1,37.2,90.8,92.8,97.4,101.8,103.4,101.3,96.8,92.1,88.0,90.1,93.5,98.0,102.5,106.5,109.5,106.5,102.4,98.2,93.9,90.4,95.4,97.2,99.0,99.9,99.2,97.4,95.6,94.7,89.5,85.1,83.6,85.8,90.5,95.3,96.4,94.2,89.8,87.6,86.4,86.1,87.3,89.4,92.5,93.5,93.5,93.3,92.6,91.5,92.0,93.0,92.3,90.4,88.4,87.4,88.1,90.0,91.1,86.5,84.8,86.8,91.5,96.0,97.7,96.1,92.0,88.9,87.2,87.0,88.2,90.2,93.4,94.5,94.8,94.7,94.2,93.5,93.4,94.2,93.5,91.6,89.7,88.9,89.6,91.5,414.8,414.9,415.5,416.3,416.7,416.9,415.9,415.2,417.7,415.5,413.7,413.3,414.5,416.3,418.5,416.6,414.5,413.5,414.1,415.8,416.3,416.7,416.9,417.0,416.8,416.5,416.2,416.2,404.5,404.7,404.7,404.5,404.3,404.1,404.1,404.5,405.2,403.8,402.8,402.2,403.0,405.0,407.1,405.4,403.3,401.9,402.2,403.8,405.2,405.1,405.1,405.2,405.3,405.4,405.4,405.3,70.6,133.2,427.2,0.020,0.117,-0.005,639.1,637.3,637.3,640.6,649.4,667.8,696.0,734.6,780.5,826.3,863.4,893.7,911.9,920.0,924.3,926.7,926.0,671.0,688.4,712.8,739.9,763.7,814.6,839.9,864.7,886.4,899.2,790.5,790.1,790.3,790.3,758.3,773.2,787.6,802.1,815.0,696.7,712.6,731.4,746.6,730.4,712.3,827.7,844.4,862.7,876.1,862.3,844.6,722.7,744.9,771.9,787.2,802.7,827.3,843.3,827.2,803.5,786.3,768.8,742.1,732.4,771.6,786.9,802.5,834.5,802.5,786.1,770.1,563.7,595.8,627.0,658.4,691.7,726.4,760.5,793.0,803.5,790.3,756.5,718.5,680.9,643.6,611.2,580.7,551.5,510.5,497.2,493.1,499.2,512.1,515.6,505.7,504.0,510.6,524.6,553.4,576.0,598.2,621.6,643.1,648.1,652.2,648.8,644.6,549.9,542.2,544.0,554.7,557.8,556.1,558.0,550.4,551.7,559.7,564.6,563.8,697.6,683.4,679.1,683.7,680.0,685.8,699.6,736.4,752.9,755.0,752.9,736.3,697.6,696.0,697.4,696.9,700.3,728.8,730.6,728.3,0.00,0.00,0.00,0.00,0.00,0.00,0.00,0.00,0.00,0.00,0.00,0.00,0.00,0.00,0.00,0.00,0.00,0.00,0.00,0.00,0.00,0.00,0.00,0.00,0.00,0.00,0.00,0.00,0.00,0.00,0.00,0.00,0.00,0.00,0.00
59,0,1.933,0.03,0,0.000000,0.000000,0.000000,0.000000,0.000000,0.000000,0.000,0.000,711.5,715.8,725.2,734.1,737.3,733.4,723.5,714.7,698.4,705.2,713.7,723.2,732.5,739.4,744.0,738.0,730.0,721.0,712.2,704.3,719.9,723.8,727.9,729.8,728.4,724.5,720.5,718.6,836.4,841.0,851.0,860.6,864.2,859.6,849.6,839.2,829.7,835.5,843.5,853.7,863.1,870.3,875.3,869.9,862.5,854.1,844.7,836.0,845.9,849.9,854.0,855.9,854.4,850.5,846.3,844.5,548.5,539.2,535.7,540.1,549.7,559.7,562.5,558.1,547.5,544.2,542.7,542.3,544.3,548.0,553.4,556.3,557.2,557.0,555.2,552.0,553.0,554.9,553.4,549.3,545.1,543.2,544.7,548.8,556.4,546.5,542.8,547.6,558.0,567.9,571.6,567.5,559.4,552.9,549.6,549.2,551.6,555.1,560.9,564.0,565.7,566.2,565.0,562.9,561.3,563.3,561.8,557.7,553.4,551.5,553.0,557.1,33.8,35.9,40.3,44.6,46.2,44.4,39.6,35.4,27.8,30.9,34.7,39.2,43.7,47.1,49.6,46.5,42.5,38.2,34.1,30.5,38.0,39.8,41.8,42.7,42.0,40.1,38.2,37.3,89.4,91.6,96.2,100.7,102.2,100.1,95.4,90.7,86.4,88.8,92.3,96.9,101.4,105.3,108.1,105.1,101.2,96.9,92.7,89.1,94.0,95.8,97.7,98.6,98.0,96.1,94.2,93.3,89.2,84.8,83.2,85.4,90.1,94.9,96.0,93.8,89.4,87.3,86.2,85.9,87.0,89.1,92.2,93.2,93.2,92.9,92.2,91.1,91.6,92.6,91.9,90.0,87.9,87.0,87.7,89.6,89.4,85.0,83.4,85.6,90.3,94.7,96.3,94.5,90.9,87.7,86.0,85.7,87.1,89.2,92.3,93.3,93.5,93.4,92.8,92.2,91.9,92.8,92.1,90.3,88.4,87.5,88.1,89.9,414.0,413.9,414.3,414.9,415.4,415.7,415.0,414.4,417.2,414.8,412.8,412.1,413.2,414.9,417.0,415.3,413.4,412.6,413.3,415.1,415.4,415.7,415.8,415.8,415.6,415.4,415.2,415.2,398.3,398.7,399.1,399.2,399.1,398.7,398.3,398.4,398.7,397.5,396.7,396.5,397.7,400.0,402.1,400.2,397.8,396.2,396.2,397.5,399.3,399.4,399.5,399.7,399.8,399.7,399.6,399.4,70.8,133.2,427.5,0.018,0.117,-0.006,639.3,637.5,637.4,640.8,649.8,668.2,696.3,735.0,781.0,826.8,863.8,894.0,912.2,920.4,924.7,927.0,926.2,671.3,688.7,713.0,740.1,763.7,814.5,839.8,864.7,886.4,899.3,790.3,790.0,790.3,790.4,758.1,773.3,787.8,802.4,815.5,696.9,712.7,731.6,746.9,730.6,712.6,827.7,844.4,862.8,876.2,862.4,844.7,722.0,744.3,771.4,787.5,804.0,829.1,845.2,829.2,805.1,786.9,768.6,741.7,731.7,771.1,787.2,803.9,836.4,804.0,786.6,769.7,564.9,596.8,627.6,658.7,691.6,726.1,760.4,793.1,803.6,790.6,756.9,719.0,681.2,643.6,610.9,580.1,550.7,510.2,497.1,493.1,499.2,512.0,515.7,505.6,503.9,510.7,524.8,553.2,575.8,597.9,621.3,642.9,648.0,652.2,648.7,644.5,549.7,541.9,543.7,554.5,557.5,555.9,558.1,550.4,551.7,559.8,564.6,563.8,697.1,683.1,678.9,683.7,679.9,685.5,699.2,735.8,752.5,754.8,752.4,735.6,697.2,695.9,697.4,696.8,699.9,728.5,730.4,727.9,0.00,0.00,0.00,0.00,0.00,0.00,0.00,0.00,0.00,0.00,0.00,0.00,0.00,0.00,0.00,0.00,0.00,0.00,0.00,0.00,0.00,0.00,0.00,0.00,0.00,0.00,0.00,0.00,0.00,0.00,0.00,0.00,0.00,0.00,0.00
60,0,1.967,0.03,0,0.000000,0.000000,0.000000,0.000000,0.000000,0.000000,0.000,0.000,712.2,716.5,725.9,734.8,738.0,734.2,724.3,715.5,699.4,705.8,714.0,723.4,732.8,739.8,744.6,738.5,730.3,721.2,712.5,705.0,720.8,724.7,728.8,730.7,729.3,725.4,721.2,719.3,836.3,840.7,850.6,860.2,863.9,859.5,849.5,839.2,829.7,835.4,843.4,853.5,862.8,870.0,875.0,869.7,862.5,854.1,844.7,836.0,845.8,849.7,853.8,855.6,854.1,850.2,846.1,844.3,548.4,539.2,535.8,540.1,549.6,559.5,562.3,557.9,547.2,543.9,542.3,542.0,543.9,547.6,552.9,555.8,556.8,556.6,554.8,551.7,552.8,554.7,553.2,549.2,545.0,543.1,544.6,548.6,556.9,547.0,543.2,547.8,558.1,568.0,571.8,567.9,559.3,553.0,549.7,549.2,551.6,555.1,560.8,564.0,565.7,566.3,565.1,563.0,561.7,563.6,562.0,558.0,553.7,551.8,553.4,557.5,34.4,36.4,40.9,45.2,46.8,45.0,40.3,36.0,28.5,31.4,35.1,39.5,44.1,47.6,50.1,47.0,42.9,38.5,34.5,31.1,38.6,40.5,42.4,43.3,42.6,40.7,38.8,37.9,89.9,92.0,96.6,101.1,102.7,100.6,95.9,91.2,86.9,89.3,92.8,97.4,101.9,105.8,108.7,105.7,101.7,97.5,93.2,89.5,94.4,96.3,98.2,99.1,98.4,96.6,94.7,93.8,89.7,85.3,83.7,85.8,90.5,95.3,96.5,94.4,90.0,87.8,86.6,86.2,87.3,89.4,92.4,93.4,93.5,93.3,92.7,91.6,92.1,93.1,92.4,90.4,88.3,87.4,88.1,90.1,90.1,85.7,84.1,86.2,90.9,95.3,96.9,95.2,91.3,88.2,86.5,86.3,87.6,89.7,92.8,93.8,94.1,93.9,93.4,92.7,92.6,93.5,92.8,90.9,89.0,88.1,88.8,90.6,416.7,416.4,416.5,417.0,417.5,418.1,417.6,417.2,420.3,417.7,415.5,414.6,415.4,417.0,419.0,417.5,415.8,415.3,416.2,418.2,418.0,418.2,418.2,418.1,417.9,417.7,417.6,417.7,400.6,401.1,401.5,401.6,401.4,400.9,400.5,400.6,400.9,399.8,399.1,399.0,400.1,402.4,404.6,402.5,400.1,398.4,398.4,399.7,401.6,401.6,401.8,402.0,402.1,402.0,401.9,401.7,70.8,133.2,427.6,0.015,0.119,-0.006,639.5,637.7,637.6,641.0,650.3,668.9,696.9,735.3,781.2,827.2,864.3,894.4,912.4,920.4,924.6,926.9,926.0,671.6,688.8,713.2,740.3,764.0,814.6,840.0,865.0,886.7,899.3,790.6,790.2,790.4,790.5,758.2,773.3,787.9,802.4,815.5,697.3,713.1,731.8,747.0,730.8,712.9,827.9,844.6,862.9,876.1,862.3,844.8,722.2,744.4,771.4,787.5,804.0,828.9,844.9,829.0,804.9,786.7,768.5,741.7,731.9,771.0,787.1,803.8,836.1,803.9,786.5,769.7,565.2,597.0,627.8,658.9,692.1,726.7,761.1,793.7,804.0,790.8,756.5,718.1,680.2,642.6,610.1,579.7,550.6,510.2,497.1,492.9,499.1,511.9,515.7,505.7,504.0,511.0,525.2,553.0,575.5,597.6,620.9,642.7,647.7,651.9,648.5,644.3,549.4,541.7,543.5,554.0,557.1,555.5,557.7,550.3,551.8,559.7,564.4,563.5,697.2,683.2,679.0,683.8,680.1,685.7,699.5,735.8,752.3,754.6,752.2,735.5,697.4,696.1,697.6,697.0,700.1,728.2,730.1,727.6,0.00,0.00,0.00,0.00,0.00,0.00,0.00,0.00,0.00,0.00,0.00,0.00,0.00,0.00,0.00,0.00,0.00,0.00,0.00,0.00,0.00,0.00,0.00,0.00,0.00,0.00,0.00,0.00,0.00,0.00,0.00,0.00,0.00,0.00,0.00
61,0,2.000,0.03,0,0.000000,0.000000,0.000000,0.000000,0.000000,0.000000,0.000,0.000,711.9,716.3,725.6,734.5,737.6,733.8,723.9,715.1,698.6,705.2,713.7,723.3,732.7,739.7,744.5,738.4,730.3,721.2,712.4,704.5,720.4,724.3,728.4,730.3,728.9,725.0,720.9,719.0,836.4,841.0,851.0,860.5,863.9,859.3,849.4,839.1,829.9,835.8,843.9,854.1,863.2,870.1,874.9,869.8,862.8,854.6,845.1,836.3,845.7,849.6,853.7,855.6,854.2,850.3,846.2,844.3,548.1,538.9,535.4,539.8,549.4,559.3,562.1,557.7,547.3,544.0,542.4,541.9,543.9,547.5,552.8,555.8,556.7,556.6,554.8,551.8,552.6,554.5,553.0,549.0,544.7,542.8,544.3,548.4,556.4,546.6,543.0,547.8,558.2,568.0,571.6,567.5,558.6,552.7,549.8,549.5,551.9,555.2,560.7,564.0,565.8,566.3,564.9,562.6,561.4,563.3,561.9,557.8,553.6,551.6,553.1,557.1,33.9,35.9,40.4,44.6,46.2,44.4,39.7,35.4,27.9,30.8,34.6,39.1,43.6,47.1,49.6,46.5,42.5,38.2,34.1,30.5,38.0,39.9,41.8,42.7,42.1,40.2,38.2,37.3,89.9,92.1,96.8,101.3,102.8,100.6,95.9,91.2,87.0,89.5,93.0,97.6,102.2,105.9,108.8,105.8,102.0,97.8,93.4,89.6,94.5,96.3,98.2,99.1,98.5,96.7,94.7,93.8,88.7,84.3,82.7,84.9,89.5,94.3,95.5,93.3,89.1,87.0,85.7,85.4,86.5,88.6,91.5,92.6,92.6,92.4,91.8,90.7,91.1,92.1,91.4,89.5,87.4,86.5,87.1,89.1,89.9,85.5,84.0,86.3,91.0,95.4,96.9,95.0,90.9,88.0,86.5,86.4,87.8,89.9,92.9,94.0,94.2,94.0,93.3,92.5,92.4,93.4,92.8,90.9,89.0,88.1,88.7,90.5,412.6,412.4,412.7,413.2,413.7,414.2,413.6,413.1,416.2,413.5,411.4,410.5,411.4,413.2,415.3,413.6,411.9,411.2,412.0,413.9,414.0,414.2,414.3,414.2,414.0,413.8,413.7,413.7,400.5,401.0,401.6,401.9,401.7,401.2,400.7,400.6,400.7,399.7,399.1,399.1,400.5,402.9,405.2,403.1,400.5,398.7,398.5,399.6,401.7,401.8,402.0,402.2,402.3,402.1,401.9,401.7,70.6,133.0,426.9,0.019,0.121,-0.004,639.3,637.5,637.4,640.8,649.8,668.3,696.2,734.8,780.9,827.1,864.3,894.5,912.4,920.4,924.7,927.0,926.2,671.7,689.2,713.5,740.6,764.3,814.9,840.4,865.5,887.3,899.8,790.8,790.4,790.5,790.5,758.0,773.1,787.7,802.2,815.4,697.2,713.0,731.8,747.0,730.8,712.8,827.9,844.7,863.0,876.3,862.4,844.8,721.2,743.4,770.6,786.7,803.2,828.4,844.5,828.2,803.8,785.6,767.2,740.4,730.9,770.2,786.3,803.0,835.6,802.9,785.5,768.6,564.9,596.5,627.0,658.0,691.1,726.0,760.7,793.8,804.3,791.0,756.4,717.8,679.8,642.4,610.2,579.9,551.0,509.8,496.8,492.7,498.9,511.8,515.7,505.6,503.9,511.0,525.3,553.1,575.6,597.7,621.1,642.6,647.7,652.0,648.6,644.5,549.2,541.6,543.4,554.0,557.0,555.3,557.8,550.5,551.9,559.9,564.6,563.6,697.0,682.9,678.8,683.8,680.1,686.0,700.1,736.9,753.4,755.6,753.0,735.9,697.2,696.1,697.7,697.3,700.6,729.0,730.8,728.2,0.00,0.00,0.00,0.00,0.00,0.00,0.00,0.00,0.00,0.00,0.00,0.00,0.00,0.00,0.00,0.00,0.00,0.00,0.00,0.00,0.00,0.00,0.00,0.00,0.00,0.00,0.00,0.00,0.00,0.00,0.00,0.00,0.00,0.00,0.00
62,0,2.033,0.03,0,0.000000,0.000000,0.000000,0.000000,0.000000,0.000000,0.000,0.000,711.7,716.0,725.4,734.3,737.5,733.8,723.8,714.9,699.4,705.4,713.3,722.7,732.3,739.8,745.2,738.6,730.0,720.7,712.1,704.7,720.5,724.4,728.4,730.3,728.9,725.0,721.0,719.1,836.6,841.1,850.9,860.3,863.8,859.3,849.5,839.4,830.3,835.9,843.8,853.8,863.0,869.9,874.8,869.7,862.7,854.6,845.2,836.5,845.9,849.7,853.8,855.6,854.2,850.4,846.3,844.5,548.1,538.9,535.5,539.9,549.5,559.4,562.2,557.8,547.3,544.0,542.3,541.9,543.9,547.7,552.9,555.9,556.8,556.6,554.9,551.9,552.7,554.6,553.1,549.1,544.9,543.0,544.5,548.5,557.0,547.3,543.7,548.3,558.5,568.2,571.8,567.8,558.8,553.0,549.9,549.5,551.8,555.1,560.7,563.9,565.8,566.3,565.0,562.8,561.8,563.7,562.2,558.2,554.0,552.1,553.6,557.6,33.7,35.7,40.1,44.3,45.8,44.1,39.4,35.3,28.2,30.9,34.4,38.6,43.2,46.8,49.5,46.3,42.1,37.8,33.9,30.6,37.9,39.7,41.6,42.5,41.8,40.0,38.1,37.2,91.4,93.6,98.3,102.7,104.3,102.1,97.4,92.7,88.5,90.9,94.4,99.0,103.6,107.4,110.3,107.4,103.5,99.3,94.9,91.2,96.0,97.8,99.7,100.6,100.0,98.2,96.2,95.3,88.5,84.1,82.4,84.5,89.0,93.8,95.1,93.0,89.0,86.8,85.4,85.0,86.0,88.0,90.9,92.0,92.1,92.0,91.5,90.6,90.8,91.7,90.9,89.0,87.0,86.1,86.9,88.8,91.6,87.2,85.6,87.8,92.5,96.9,98.5,96.6,92.5,89.5,88.0,87.8,89.1,91.2,94.3,95.3,95.6,95.5,94.8,94.1,94.1,95.0,94.3,92.5,90.6,89.6,90.3,92.1,411.4,411.1,410.8,410.8,410.9,411.6,411.5,411.6,415.8,412.7,410.1,408.7,409.0,410.4,412.3,410.9,409.5,409.4,410.7,413.1,412.2,412.2,412.1,411.9,411.8,411.9,412.0,412.1,406.8,407.2,407.7,407.9,407.8,407.4,406.9,406.9,407.1,406.0,405.3,405.3,406.5,408.8,411.1,409.1,406.6,404.8,404.7,405.9,407.9,408.0,408.2,408.3,408.4,408.3,408.1,408.0,70.8,133.2,427.7,0.022,0.120,-0.007,639.5,637.6,637.3,640.8,650.2,669.0,697.0,735.5,781.4,827.4,864.5,894.7,912.6,920.6,924.7,926.9,926.0,671.7,689.2,713.6,740.7,764.4,814.7,840.5,865.7,887.6,899.9,790.5,790.1,790.2,790.2,757.6,772.9,787.6,802.3,815.5,697.0,712.8,731.6,746.8,730.6,712.6,828.0,844.8,863.1,876.4,862.5,844.9,721.2,743.6,770.7,787.1,804.0,829.4,845.4,829.4,805.0,786.4,767.7,740.9,731.0,770.3,786.8,803.9,836.6,804.0,786.1,769.0,564.8,596.4,627.1,658.1,691.1,725.9,760.5,793.4,803.7,790.2,755.6,717.0,679.1,641.7,609.4,579.1,550.2,509.6,496.6,492.5,498.8,511.7,515.5,505.4,503.7,511.1,525.7,553.2,575.7,597.8,621.1,642.6,647.7,652.0,648.5,644.3,549.3,541.6,543.5,554.0,557.0,555.4,557.8,550.6,552.0,559.9,564.6,563.7,696.7,682.8,678.7,683.6,679.8,685.3,699.1,735.6,752.4,754.8,752.3,735.3,696.9,696.0,697.6,696.9,699.7,728.2,730.1,727.5,0.00,0.00,0.00,0.00,0.00,0.00,0.00,0.00,0.00,0.00,0.00,0.00,0.00,0.00,0.00,0.00,0.00,0.00,0.00,0.00,0.00,0.00,0.00,0.00,0.00,0.00,0.00,0.00,0.00,0.00,0.00,0.00,0.00,0.00,0.00
63,0,2.067,0.03,0,0.000000,0.000000,0.000000,0.000000,0.000000,0.000000,0.000,0.000,711.6,716.0,725.3,734.2,737.4,733.6,723.7,714.8,698.5,705.1,713.4,723.0,732.5,739.5,744.3,738.1,729.9,720.8,712.1,704.4,720.1,724.0,728.2,730.1,728.7,724.7,720.6,718.7,836.6,841.2,851.1,860.6,864.0,859.5,849.5,839.3,830.3,836.0,843.9,854.0,863.1,870.1,875.0,869.7,862.7,854.5,845.1,836.5,845.9,849.8,854.0,856.0,854.5,850.5,846.3,844.4,548.0,538.8,535.4,539.8,549.3,559.2,562.0,557.6,547.4,544.0,542.3,541.8,543.7,547.4,552.7,555.8,556.8,556.7,555.0,551.9,552.6,554.5,553.0,548.9,544.6,542.7,544.2,548.3,556.5,546.7,543.2,547.9,558.2,567.9,571.5,567.4,558.5,552.7,549.8,549.6,552.0,555.2,560.6,563.9,565.8,566.4,565.0,562.5,561.5,563.5,562.0,557.8,553.5,551.5,553.0,557.1,33.8,35.8,40.3,44.5,46.0,44.3,39.6,35.4,27.9,30.8,34.5,39.0,43.5,47.0,49.5,46.4,42.3,38.0,34.0,30.5,37.9,39.8,41.8,42.7,42.0,40.1,38.1,37.2,90.9,93.1,97.8,102.2,103.8,101.6,96.9,92.2,88.0,90.4,93.9,98.5,103.0,106.8,109.7,106.7,102.9,98.7,94.3,90.6,95.4,97.3,99.3,100.2,99.5,97.7,95.7,94.7,88.8,84.4,82.8,84.9,89.5,94.3,95.5,93.4,89.2,87.0,85.8,85.4,86.4,88.5,91.5,92.6,92.7,92.5,91.9,90.9,91.2,92.1,91.4,89.5,87.4,86.5,87.2,89.1,90.8,86.4,84.8,87.1,91.8,96.2,97.8,95.9,91.8,88.9,87.4,87.3,88.6,90.6,93.7,94.8,95.1,94.9,94.3,93.4,93.4,94.3,93.7,91.8,89.8,88.8,89.5,91.4,413.0,412.8,413.0,413.4,413.8,414.3,413.9,413.4,416.6,413.9,411.7,410.8,411.6,413.3,415.4,413.8,412.1,411.5,412.4,414.4,414.3,414.5,414.5,414.4,414.2,414.1,414.0,414.1,404.4,404.8,405.2,405.4,405.3,405.0,404.5,404.6,404.8,403.6,402.9,402.8,404.0,406.3,408.5,406.6,404.2,402.4,402.4,403.6,405.5,405.6,405.8,405.9,406.0,405.9,405.7,405.6,70.7,133.2,427.6,0.025,0.123,-0.007,639.5,637.5,637.3,640.8,650.3,669.1,697.0,735.3,781.2,827.2,864.3,894.6,912.5,920.5,924.6,926.9,926.1,671.8,689.3,713.6,740.8,764.4,814.7,840.4,865.8,887.7,900.0,790.5,790.0,790.0,789.9,757.6,772.7,787.2,801.9,815.0,697.0,712.8,731.6,746.7,730.6,712.6,828.0,844.7,863.1,876.4,862.4,844.8,721.2,743.5,770.7,786.6,802.8,828.2,844.6,828.2,803.7,785.8,767.7,740.7,730.9,770.4,786.3,802.7,835.7,802.7,785.6,769.0,565.2,596.7,627.3,658.2,691.2,725.9,760.4,793.3,803.5,789.8,754.9,716.2,678.4,641.3,609.4,579.5,551.0,509.5,496.6,492.5,498.8,511.8,515.7,505.4,503.7,511.1,525.7,553.2,575.7,597.8,621.1,642.8,647.8,652.0,648.5,644.4,549.1,541.5,543.4,553.9,557.0,555.3,557.7,550.5,552.0,560.0,564.7,563.7,696.6,683.0,679.0,683.8,680.1,685.7,699.3,736.5,753.3,755.5,753.0,735.8,696.8,696.4,697.9,697.4,700.0,728.7,730.5,728.0,0.00,0.00,0.00,0.00,0.00,0.00,0.00,0.00,0.00,0.00,0.00,0.00,0.00,0.00,0.00,0.00,0.00,0.00,0.00,0.00,0.00,0.00,0.00,0.00,0.00,0.00,0.00,0.00,0.00,0.00,0.00,0.00,0.00,0.00,0.00
64,0,2.100,0.03,0,0.000000,0.000000,0.000000,0.000000,0.000000,0.000000,0.000,0.000,711.5,715.9,725.2,734.0,737.1,733.2,723.4,714.6,698.3,705.1,713.4,723.1,732.4,739.2,743.9,737.8,729.7,720.7,712.0,704.3,719.7,723.7,727.9,729.9,728.5,724.5,720.3,718.3,836.9,841.2,850.9,860.3,864.0,859.8,850.1,839.9,830.5,836.2,844.0,854.0,863.1,870.0,875.0,869.9,863.0,855.0,845.6,836.8,846.2,850.1,854.2,856.0,854.4,850.5,846.4,844.6,548.1,539.0,535.6,540.0,549.5,559.2,562.0,557.6,547.3,543.9,542.3,541.7,543.5,546.9,552.1,555.5,556.8,556.8,555.0,551.9,552.7,554.6,553.1,549.0,544.7,542.7,544.2,548.3,557.3,547.5,543.7,548.2,558.2,568.0,571.7,568.0,558.5,552.9,550.0,549.7,551.9,555.0,560.5,564.0,566.0,566.6,565.3,562.9,562.0,563.8,562.3,558.1,553.9,552.1,553.6,557.8,33.9,36.0,40.4,44.6,46.2,44.4,39.7,35.5,27.9,30.9,34.7,39.2,43.7,47.2,49.6,46.5,42.5,38.2,34.1,30.6,38.0,39.9,41.9,42.8,42.1,40.2,38.2,37.3,91.5,93.6,98.2,102.7,104.3,102.2,97.6,92.9,88.6,91.0,94.5,99.1,103.6,107.4,110.4,107.4,103.6,99.4,95.0,91.2,96.0,97.9,99.9,100.7,100.0,98.2,96.2,95.3,89.2,84.8,83.3,85.5,90.2,94.9,96.1,93.9,89.6,87.4,86.2,85.8,86.8,88.8,91.8,93.0,93.2,93.1,92.4,91.3,91.7,92.7,92.0,90.0,87.9,86.9,87.6,89.6,91.6,87.2,85.6,87.7,92.3,96.7,98.4,96.6,92.3,89.4,88.0,87.8,89.1,91.1,94.2,95.3,95.7,95.5,94.8,94.0,94.1,95.0,94.3,92.4,90.5,89.6,90.3,92.1,415.1,414.9,415.1,415.7,416.4,417.0,416.3,415.7,418.5,415.8,413.7,413.0,414.0,415.8,418.0,416.3,414.5,413.9,414.6,416.4,416.6,416.8,417.0,416.9,416.6,416.3,416.2,416.3,406.5,407.0,407.6,407.8,407.6,407.0,406.5,406.5,406.8,405.7,405.1,405.1,406.4,408.6,411.0,408.8,406.3,404.5,404.3,405.5,407.6,407.7,407.9,408.1,408.2,408.1,407.9,407.6,70.8,133.2,428.0,0.022,0.124,-0.009,639.5,637.5,637.2,640.8,650.4,669.4,697.4,735.9,781.7,827.7,864.9,895.2,913.1,920.7,924.6,926.8,925.9,671.6,689.0,713.4,740.5,764.3,814.4,840.2,865.5,887.5,899.9,790.3,789.7,789.7,789.6,757.5,772.7,787.2,801.8,815.0,696.7,712.5,731.3,746.5,730.4,712.4,828.1,844.9,863.3,876.6,862.6,845.0,721.7,744.1,771.2,787.0,803.0,828.4,844.9,828.6,804.3,786.6,768.5,741.6,731.6,771.0,786.8,803.0,835.9,803.2,786.2,769.7,565.8,597.1,627.6,658.5,691.4,726.0,760.4,793.1,803.0,789.1,754.2,715.5,677.7,640.6,608.8,579.0,550.8,509.3,496.4,492.2,498.6,511.7,515.6,505.4,503.7,511.1,525.9,553.1,575.8,598.0,621.5,643.1,648.1,652.1,648.6,644.4,549.1,541.5,543.4,553.8,556.9,555.2,557.5,550.6,552.1,559.9,564.6,563.6,696.8,683.1,678.9,683.6,679.8,685.4,699.0,735.9,752.7,755.0,752.7,735.8,697.0,696.7,698.1,697.5,699.7,727.6,729.4,727.0,0.00,0.00,0.00,0.00,0.00,0.00,0.00,0.00,0.00,0.00,0.00,0.00,0.00,0.00,0.00,0.00,0.00,0.00,0.00,0.00,0.00,0.00,0.00,0.00,0.00,0.00,0.00,0.00,0.00,0.00,0.00,0.00,0.00,0.00,0.00
65,0,2.133,0.03,0,0.000000,0.000000,0.000000,0.000000,0.000000,0.000000,0.000,0.000,711.6,716.0,725.4,734.3,737.4,733.6,723.7,714.8,698.1,704.9,713.4,723.2,732.7,739.7,744.4,738.3,730.1,721.0,712.2,704.3,720.0,724.0,728.2,730.2,728.8,724.7,720.5,718.5,837.0,841.8,851.9,861.4,864.8,860.0,849.9,839.6,830.5,836.6,844.8,854.9,864.1,871.1,876.1,870.8,863.6,855.3,845.7,836.8,846.3,850.3,854.5,856.5,855.2,851.2,846.9,844.9,548.4,539.2,535.7,540.0,549.6,559.5,562.3,558.0,547.6,544.3,542.7,542.2,543.9,547.3,552.3,555.7,557.0,557.1,555.4,552.3,552.9,554.9,553.3,549.1,544.8,542.8,544.4,548.6,556.9,547.0,543.6,548.5,559.0,568.8,572.2,568.0,558.0,552.8,550.3,550.3,552.7,555.9,561.1,564.5,566.3,566.8,565.2,562.5,562.0,564.1,562.6,558.5,554.1,552.0,553.5,557.6,33.5,35.6,40.0,44.2,45.8,44.0,39.3,35.1,27.4,30.4,34.2,38.7,43.3,46.7,49.2,46.1,42.1,37.8,33.7,30.2,37.6,39.5,41.5,42.4,41.7,39.8,37.8,36.9,89.7,92.0,96.7,101.1,102.6,100.3,95.6,90.9,86.8,89.3,92.9,97.5,102.0,105.8,108.7,105.7,101.8,97.5,93.2,89.4,94.2,96.0,98.0,99.0,98.3,96.5,94.5,93.6,88.2,83.8,82.2,84.4,89.0,93.8,95.0,92.8,88.5,86.4,85.2,84.8,85.8,87.8,90.7,91.9,92.1,92.0,91.4,90.3,90.6,91.6,90.9,88.9,86.8,85.8,86.5,88.5,89.6,85.2,83.8,86.1,90.8,95.2,96.7,94.7,90.2,87.6,86.3,86.3,87.7,89.7,92.6,93.7,93.9,93.7,92.9,92.0,92.2,93.2,92.6,90.7,88.7,87.8,88.4,90.2,409.5,409.2,409.5,410.1,410.8,411.5,410.9,410.3,413.0,410.2,408.1,407.3,408.4,410.3,412.6,410.9,409.0,408.4,409.1,410.9,411.1,411.4,411.5,411.3,411.0,410.7,410.6,410.7,398.4,398.7,399.2,399.5,399.4,399.0,398.5,398.5,398.7,397.5,396.9,396.8,398.1,400.5,402.9,400.7,398.2,396.4,396.3,397.5,399.5,399.6,399.8,399.9,400.0,399.9,399.7,399.5,70.8,133.1,427.3,0.025,0.125,-0.007,639.7,637.7,637.3,640.8,650.2,669.1,697.2,735.5,781.3,827.4,864.6,895.1,913.0,920.9,924.9,927.2,926.4,672.2,689.6,713.9,740.8,764.4,815.2,840.6,865.7,887.5,900.1,790.8,790.1,790.1,789.9,757.7,772.8,787.4,801.9,815.0,696.9,712.8,731.6,746.9,730.6,712.6,828.6,845.6,863.9,877.3,863.2,845.5,721.7,744.0,771.0,786.7,802.7,827.9,844.3,827.9,803.6,785.9,767.9,741.2,731.5,770.7,786.4,802.6,835.4,802.6,785.7,769.3,565.2,596.5,626.9,657.9,691.0,725.7,760.3,793.0,803.0,789.2,754.3,715.7,678.0,640.8,608.9,579.0,550.6,509.3,496.5,492.6,499.0,512.0,515.9,505.8,504.0,511.1,525.6,553.3,576.1,598.5,622.1,643.3,648.3,652.4,649.0,644.9,549.2,541.9,543.7,554.1,557.2,555.5,557.9,551.1,552.6,560.3,565.0,564.0,696.7,683.1,679.1,683.9,680.2,685.9,699.5,736.3,752.8,755.1,752.7,735.7,696.9,696.8,698.3,697.7,700.2,727.8,729.6,727.1,0.00,0.00,0.00,0.00,0.00,0.00,0.00,0.00,0.00,0.00,0.00,0.00,0.00,0.00,0.00,0.00,0.00,0.00,0.00,0.00,0.00,0.00,0.00,0.00,0.00,0.00,0.00,0.00,0.00,0.00,0.00,0.00,0.00,0.00,0.00
66,0,2.167,0.03,0,0.000000,0.000000,0.000000,0.000000,0.000000,0.000000,0.000,0.000,711.9,716.2,725.5,734.4,737.7,733.9,724.0,715.1,698.2,705.1,713.6,723.4,732.9,739.9,744.7,738.6,730.5,721.3,712.4,704.5,720.2,724.2,728.5,730.4,729.0,724.9,720.7,718.7,837.5,842.1,852.1,861.6,865.2,860.6,850.6,840.3,831.1,836.7,844.6,854.6,864.0,871.5,877.0,871.4,863.7,855.1,845.6,837.0,847.0,851.0,855.3,857.2,855.7,851.7,847.5,845.5,548.9,539.6,536.1,540.4,550.0,559.9,562.8,558.5,548.1,544.7,543.0,542.3,543.8,547.0,551.8,555.6,557.1,557.4,555.9,552.8,553.4,555.3,553.7,549.5,545.2,543.2,544.8,549.1,557.9,548.1,544.5,549.1,559.3,569.2,572.8,568.9,559.4,553.7,550.7,550.4,552.7,556.1,561.7,565.1,566.9,567.4,566.0,563.7,562.9,564.8,563.3,559.1,554.8,552.9,554.4,558.5,33.6,35.6,40.0,44.3,45.9,44.2,39.4,35.2,27.4,30.5,34.3,38.8,43.4,46.8,49.4,46.3,42.3,37.9,33.9,30.3,37.7,39.6,41.6,42.5,41.8,39.8,37.8,36.9,90.5,92.6,97.2,101.5,103.1,100.9,96.3,91.7,87.7,90.0,93.3,97.8,102.3,106.2,109.3,106.2,102.1,97.8,93.6,90.1,95.0,96.8,98.7,99.6,99.0,97.2,95.2,94.3,88.4,84.0,82.4,84.5,89.2,94.0,95.2,93.0,88.7,86.6,85.3,84.8,85.8,87.7,90.4,91.8,92.1,92.1,91.5,90.5,90.8,91.8,91.1,89.1,87.0,86.0,86.7,88.7,90.6,86.2,84.6,86.6,91.2,95.7,97.3,95.6,91.5,88.6,87.0,86.8,88.0,90.0,93.0,94.1,94.5,94.3,93.8,93.1,93.1,93.9,93.2,91.4,89.4,88.5,89.2,91.1,409.3,409.1,409.4,410.1,410.8,411.4,410.7,410.0,412.7,410.0,408.0,407.2,408.3,410.2,412.5,410.7,408.8,408.2,408.9,410.6,410.9,411.2,411.4,411.2,410.9,410.6,410.5,410.6,400.7,401.1,401.1,400.9,400.5,400.2,400.1,400.6,401.5,400.2,399.2,398.7,399.5,401.5,403.5,401.6,399.4,398.0,398.4,400.0,401.4,401.3,401.3,401.4,401.6,401.7,401.7,401.5,70.7,133.0,426.6,0.026,0.124,-0.006,639.9,637.8,637.4,640.8,650.1,668.9,697.2,735.6,781.4,827.5,864.6,894.9,912.9,920.9,925.1,927.5,926.7,672.3,689.6,713.8,740.8,764.4,815.9,841.2,866.2,887.9,900.5,791.2,790.6,790.6,790.5,758.1,773.2,787.8,802.2,815.3,697.1,713.1,731.9,747.2,730.9,712.9,828.9,846.0,864.3,877.6,863.6,845.9,722.2,744.5,771.5,787.0,802.8,827.8,844.0,827.6,803.4,786.0,768.2,741.6,731.9,771.0,786.6,802.6,835.1,802.5,785.9,769.6,565.5,596.7,626.9,657.8,690.8,725.6,760.2,793.0,803.0,789.1,754.2,715.8,678.1,641.0,609.0,579.1,550.6,509.4,496.7,492.7,499.1,512.2,516.0,506.1,504.4,511.5,525.9,553.7,576.5,598.9,622.5,643.5,648.6,652.7,649.3,645.2,549.4,542.1,544.0,554.3,557.3,555.7,558.2,551.5,553.0,560.6,565.4,564.3,696.7,683.3,679.4,684.2,680.5,686.3,699.7,736.5,752.9,755.1,752.6,735.7,696.9,696.8,698.3,697.8,700.4,728.1,729.9,727.4,0.00,0.00,0.00,0.00,0.00,0.00,0.00,0.00,0.00,0.00,0.00,0.00,0.00,0.00,0.00,0.00,0.00,0.00,0.00,0.00,0.00,0.00,0.00,0.00,0.00,0.00,0.00,0.00,0.00,0.00,0.00,0.00,0.00,0.00,0.00
67,0,2.200,0.03,0,0.000000,0.000000,0.000000,0.000000,0.000000,0.000000,0.000,0.000,712.0,716.4,725.9,734.9,738.2,734.2,724.2,715.2,698.1,705.3,714.1,724.2,733.8,740.6,745.2,739.2,731.1,721.9,712.8,704.6,720.2,724.4,728.8,730.9,729.4,725.2,720.8,718.7,837.2,842.2,852.5,862.1,865.4,860.4,850.0,839.7,830.7,836.8,845.1,855.2,864.5,871.7,877.0,871.3,863.8,855.2,845.5,836.8,846.5,850.7,855.1,857.3,855.9,851.7,847.3,845.1,549.1,539.7,536.0,540.3,550.0,560.0,563.0,558.7,548.0,544.8,543.2,542.6,544.2,547.4,552.3,556.0,557.5,557.8,556.1,552.9,553.6,555.6,553.9,549.6,545.1,543.1,544.7,549.1,556.9,547.0,543.7,548.8,559.4,569.3,572.7,568.2,558.0,553.0,550.7,550.9,553.3,556.4,561.5,565.0,566.9,567.3,565.5,562.7,562.4,564.6,563.1,558.8,554.2,552.0,553.5,557.7,33.1,35.1,39.5,43.7,45.3,43.6,38.9,34.6,26.9,30.0,33.9,38.5,43.0,46.4,48.8,45.8,41.9,37.6,33.4,29.8,37.0,39.0,41.1,42.0,41.3,39.3,37.2,36.3,88.9,91.2,96.0,100.3,101.8,99.5,94.7,90.1,86.1,88.6,92.1,96.6,101.0,104.9,107.9,104.8,100.8,96.5,92.2,88.6,93.4,95.3,97.3,98.3,97.7,95.8,93.7,92.7,86.9,82.5,80.9,83.1,87.7,92.5,93.7,91.5,87.1,85.0,83.9,83.5,84.5,86.4,89.2,90.5,90.8,90.7,90.0,88.9,89.4,90.4,89.6,87.6,85.4,84.4,85.1,87.2,88.8,84.4,82.9,85.3,90.0,94.5,95.9,94.0,89.4,86.9,85.6,85.7,87.0,88.9,91.7,92.9,93.2,93.0,92.2,91.2,91.5,92.5,91.9,89.9,87.9,86.9,87.5,89.4,402.1,401.7,402.1,403.0,403.9,404.7,403.9,403.0,405.2,402.6,400.7,400.2,401.4,403.5,406.0,404.2,402.2,401.3,401.8,403.3,403.8,404.3,404.4,404.3,403.9,403.5,403.3,403.4,394.7,394.9,395.1,395.2,395.1,394.9,394.7,394.9,395.2,393.9,393.1,392.8,393.9,396.1,398.3,396.4,394.1,392.5,392.6,393.9,395.6,395.7,395.8,395.9,395.9,395.9,395.8,395.7,70.9,133.0,426.9,0.027,0.123,-0.006,640.0,637.9,637.6,641.0,650.3,669.0,697.1,735.8,781.6,827.6,864.7,895.0,912.9,920.8,925.1,927.6,926.7,672.8,690.2,714.4,741.4,764.9,815.6,840.9,865.9,887.8,900.6,791.4,790.9,790.9,790.8,758.3,773.4,788.0,802.5,815.6,697.5,713.5,732.3,747.7,731.3,713.3,828.8,845.9,864.3,877.7,863.6,845.9,722.6,744.8,771.7,787.2,802.9,827.8,843.9,827.6,803.6,786.1,768.4,741.9,732.3,771.2,786.8,802.7,835.0,802.6,786.0,769.8,565.6,596.7,626.9,657.7,690.6,725.3,760.0,792.6,802.6,788.7,754.0,715.5,677.7,640.5,608.6,578.5,549.8,509.5,496.9,493.0,499.4,512.4,516.2,506.1,504.3,511.4,525.8,553.7,576.5,598.9,622.5,643.4,648.4,652.5,649.1,645.1,549.6,542.3,544.2,554.5,557.6,555.9,558.2,551.5,553.0,560.5,565.3,564.4,696.9,683.2,679.1,683.9,680.2,686.1,699.9,736.6,752.9,755.0,752.6,735.8,697.1,696.7,698.2,697.7,700.5,727.9,729.6,727.1,0.00,0.00,0.00,0.00,0.00,0.00,0.00,0.00,0.00,0.00,0.00,0.00,0.00,0.00,0.00,0.00,0.00,0.00,0.00,0.00,0.00,0.00,0.00,0.00,0.00,0.00,0.00,0.00,0.00,0.00,0.00,0.00,0.00,0.00,0.00
68,0,2.233,0.03,0,0.000000,0.000000,0.000000,0.000000,0.000000,0.000000,0.000,0.000,713.7,718.1,727.4,736.2,739.4,735.5,725.7,716.9,698.6,706.6,715.9,726.1,735.4,741.9,746.3,740.6,732.8,723.7,714.5,705.8,721.9,725.8,729.8,731.7,730.3,726.5,722.4,720.5,838.9,843.7,853.7,863.0,866.1,861.3,851.3,841.3,832.6,838.5,846.4,856.4,865.6,872.8,878.0,872.3,864.9,856.5,847.0,838.5,847.9,852.0,856.3,858.5,857.1,853.0,848.7,846.5,549.8,540.3,536.6,540.9,550.7,560.9,563.9,559.6,548.6,545.2,543.5,542.9,544.7,548.1,552.9,556.6,558.0,558.1,556.4,553.4,554.3,556.2,554.6,550.4,546.1,544.2,545.8,550.0,558.4,548.9,545.6,550.5,560.8,570.3,573.6,569.3,558.9,553.9,551.6,551.7,554.2,557.5,562.8,566.0,567.6,567.9,566.2,563.4,563.7,565.8,564.4,560.2,555.7,553.5,555.0,559.2,33.7,35.7,40.0,44.2,45.7,44.0,39.4,35.2,26.9,30.4,34.6,39.2,43.6,46.9,49.2,46.3,42.5,38.2,34.0,30.1,37.6,39.4,41.3,42.2,41.5,39.7,37.8,36.9,92.2,94.5,99.1,103.4,104.9,102.6,98.0,93.4,89.5,91.9,95.3,99.8,104.4,108.2,111.3,108.1,104.1,99.8,95.5,91.9,96.6,98.5,100.5,101.5,100.9,99.0,97.0,96.0,86.7,82.4,80.9,83.1,87.8,92.5,93.6,91.4,86.7,84.7,83.6,83.3,84.4,86.5,89.3,90.5,90.5,90.3,89.6,88.5,89.2,90.2,89.5,87.6,85.6,84.6,85.3,87.2,92.0,87.6,86.1,88.4,93.1,97.5,99.1,97.1,92.4,89.8,88.5,88.5,89.8,91.8,94.8,95.8,96.1,95.9,95.1,94.2,94.6,95.6,95.0,93.0,91.0,89.9,90.6,92.6,399.8,399.9,400.8,402.0,402.7,403.0,401.7,400.6,402.4,400.1,398.6,398.4,400.0,402.3,404.9,402.6,400.2,399.0,399.2,400.5,401.8,402.3,402.7,402.7,402.4,401.9,401.5,401.5,405.7,405.8,405.8,405.8,405.8,405.8,405.7,406.0,406.4,405.0,404.0,403.7,404.7,406.8,409.2,407.2,404.9,403.4,403.6,405.0,406.6,406.6,406.6,406.6,406.6,406.6,406.6,406.6,71.3,133.3,426.6,0.030,0.124,-0.002,640.9,639.0,638.7,642.0,651.0,669.6,697.6,735.8,781.4,827.5,865.0,895.7,913.9,922.0,926.4,929.1,928.6,673.6,691.2,715.6,742.5,766.3,818.0,843.3,868.0,889.7,902.5,793.3,792.6,792.5,792.3,759.8,774.7,789.2,803.7,816.7,698.9,715.0,733.8,748.9,732.6,714.6,830.5,847.5,865.8,879.1,865.0,847.4,724.1,746.3,773.0,788.2,803.5,827.7,843.4,827.2,803.6,786.5,769.1,743.0,733.7,772.5,787.7,803.2,834.6,802.9,786.7,770.9,563.2,595.3,626.4,658.0,691.6,726.4,760.7,793.0,803.1,789.5,755.1,716.6,678.7,641.4,609.3,579.1,550.1,509.8,497.3,493.5,500.0,512.8,516.8,507.5,506.0,512.7,526.7,554.3,577.2,599.7,623.4,644.0,649.2,653.4,650.1,646.0,549.9,542.9,544.7,555.0,558.1,556.3,558.9,552.5,554.1,561.6,566.4,565.2,698.1,684.4,680.3,685.3,681.6,687.7,701.5,737.3,753.1,755.1,752.7,736.2,698.2,697.7,699.2,698.9,702.1,728.2,729.9,727.4,0.00,0.00,0.00,0.00,0.00,0.00,0.00,0.00,0.00,0.00,0.00,0.00,0.00,0.00,0.00,0.00,0.00,0.00,0.00,0.00,0.00,0.00,0.00,0.00,0.00,0.00,0.00,0.00,0.00,0.00,0.00,0.00,0.00,0.00,0.00
69,0,2.267,0.03,0,0.000000,0.000000,0.000000,0.000000,0.000000,0.000000,0.000,0.000,714.0,718.4,728.0,737.0,740.4,736.5,726.4,717.4,700.1,707.5,716.3,726.3,735.8,742.7,747.4,741.3,733.3,724.0,715.0,706.7,722.4,726.6,730.9,732.9,731.4,727.3,722.9,720.9,840.0,844.9,855.0,864.3,867.4,862.4,852.4,842.3,833.6,839.7,847.8,857.8,866.9,873.8,878.6,873.2,866.1,857.9,848.4,839.7,848.8,852.9,857.4,859.6,858.3,854.1,849.6,847.4,549.6,540.1,536.5,540.9,550.8,561.1,564.0,559.5,548.9,545.3,543.5,542.8,544.6,548.1,553.3,556.9,558.2,558.3,556.6,553.6,554.4,556.5,554.8,550.5,546.0,544.0,545.6,549.9,557.8,548.2,545.0,550.0,560.4,570.0,573.2,568.8,558.8,554.0,551.8,552.0,554.4,557.6,562.7,566.0,567.7,568.0,566.2,563.4,563.2,565.5,564.1,559.8,555.2,552.9,554.3,558.6,33.9,36.0,40.4,44.6,46.2,44.5,39.7,35.5,27.7,31.0,34.9,39.4,43.8,47.2,49.7,46.6,42.7,38.4,34.3,30.6,37.9,39.9,41.9,42.8,42.1,40.2,38.1,37.2,91.9,94.2,98.9,103.3,104.7,102.4,97.6,93.0,89.0,91.6,95.1,99.7,104.2,108.0,110.9,107.8,103.9,99.7,95.3,91.6,96.2,98.1,100.2,101.3,100.7,98.7,96.6,95.6,86.9,82.5,81.0,83.2,87.9,92.6,93.8,91.5,87.2,85.0,83.8,83.4,84.5,86.5,89.4,90.6,90.7,90.6,89.9,88.9,89.4,90.5,89.8,87.8,85.7,84.7,85.4,87.3,90.9,86.5,85.1,87.5,92.3,96.6,98.0,96.0,91.4,88.9,87.8,87.9,89.3,91.3,94.2,95.2,95.4,95.1,94.3,93.3,93.6,94.7,94.1,92.1,90.0,88.9,89.6,91.5,400.9,401.1,401.7,402.5,402.9,403.2,402.2,401.4,403.8,401.5,399.7,399.3,400.5,402.5,404.7,402.7,400.6,399.7,400.2,401.8,402.5,402.9,403.2,403.2,403.0,402.7,402.4,402.3,402.0,402.3,402.7,403.0,402.9,402.6,402.2,402.2,402.4,401.3,400.6,400.5,401.8,404.2,406.6,404.4,402.0,400.2,400.1,401.2,403.1,403.2,403.4,403.5,403.6,403.4,403.3,403.1,71.7,133.5,427.2,0.035,0.121,-0.003,641.6,639.6,639.2,642.1,650.8,669.2,697.3,736.0,782.0,828.4,865.9,896.7,914.7,922.7,927.0,929.6,928.9,674.6,692.2,716.2,742.7,766.2,819.4,844.4,868.4,889.7,902.7,794.2,793.6,793.5,793.4,760.9,775.7,790.1,804.5,817.4,699.7,715.8,734.6,749.6,733.3,715.3,831.5,848.5,866.8,880.0,865.9,848.3,724.7,747.0,773.8,788.9,804.0,828.1,843.7,827.4,803.7,786.9,769.7,743.5,734.2,773.2,788.3,803.6,834.9,803.2,787.2,771.5,564.9,596.3,626.7,657.9,691.2,726.1,760.7,793.4,803.4,789.5,754.6,715.6,677.4,639.9,607.9,577.9,549.3,509.6,497.4,493.7,500.1,512.5,516.5,507.4,506.0,512.5,526.1,554.3,577.2,599.7,623.5,644.0,649.2,653.4,650.2,646.1,550.0,542.9,544.8,555.1,558.3,556.5,558.8,552.4,554.1,561.6,566.4,565.3,698.0,684.3,680.3,685.2,681.6,687.7,701.6,737.6,753.2,755.2,752.7,736.3,698.1,697.7,699.2,699.0,702.2,728.3,729.9,727.4,0.00,0.00,0.00,0.00,0.00,0.00,0.00,0.00,0.00,0.00,0.00,0.00,0.00,0.00,0.00,0.00,0.00,0.00,0.00,0.00,0.00,0.00,0.00,0.00,0.00,0.00,0.00,0.00,0.00,0.00,0.00,0.00,0.00,0.00,0.00
70,0,2.300,0.03,0,0.000000,0.000000,0.000000,0.000000,0.000000,0.000000,0.000,0.000,715.4,719.8,729.0,737.6,740.5,736.5,726.8,718.3,701.5,709.0,717.8,727.7,736.8,743.3,747.5,741.7,733.9,724.9,716.1,707.9,723.4,727.1,731.2,733.1,731.8,728.1,724.1,722.1,840.8,845.4,855.1,864.4,867.7,863.1,853.4,843.4,834.8,840.5,848.4,858.4,867.6,874.5,879.4,874.2,867.3,859.2,849.8,841.0,849.8,853.8,857.9,859.9,858.5,854.5,850.3,848.4,548.9,539.8,536.4,540.8,550.4,560.1,562.8,558.4,547.5,544.3,542.8,542.5,544.4,547.8,552.7,556.5,557.8,557.8,555.9,552.5,553.3,555.2,553.8,549.8,545.6,543.7,545.2,549.2,558.3,548.8,545.5,550.1,560.1,569.6,573.0,569.0,559.4,554.1,551.5,551.3,553.7,557.2,562.8,566.1,567.8,568.0,566.5,563.9,563.4,565.4,563.9,559.9,555.6,553.6,555.0,559.1,35.5,37.6,42.0,46.2,47.6,45.8,41.1,36.9,29.2,32.5,36.6,41.2,45.6,48.9,51.2,48.2,44.3,39.9,35.8,32.1,39.5,41.3,43.2,44.1,43.5,41.7,39.7,38.8,93.2,95.4,100.0,104.3,105.8,103.6,98.9,94.3,90.4,92.9,96.3,101.0,105.6,109.4,112.3,109.3,105.4,101.2,96.8,93.0,97.5,99.4,101.4,102.3,101.7,99.9,97.9,96.9,89.0,84.7,83.2,85.5,90.2,94.9,96.0,93.7,88.9,86.9,85.8,85.6,86.8,88.9,91.8,93.1,93.2,93.0,92.2,90.9,91.5,92.5,91.9,90.0,87.9,86.9,87.6,89.4,92.0,87.7,86.2,88.4,93.0,97.3,98.7,96.9,92.5,89.9,88.5,88.4,89.8,91.9,95.2,96.2,96.3,96.0,95.2,94.4,94.5,95.5,94.8,93.0,91.1,90.1,90.7,92.6,412.2,412.2,412.8,413.8,414.5,415.0,414.0,413.0,415.0,412.6,410.9,410.6,412.0,414.2,416.7,414.7,412.4,411.4,411.7,413.2,414.1,414.5,414.8,414.7,414.4,414.0,413.7,413.7,405.8,406.4,406.8,406.9,406.6,406.0,405.6,405.7,406.2,405.2,404.5,404.5,405.8,408.1,410.5,408.2,405.6,403.8,403.6,404.9,406.8,406.8,407.0,407.2,407.4,407.3,407.1,406.9,72.2,133.2,426.5,0.021,0.119,0.003,642.5,640.3,639.8,642.7,651.5,669.9,697.9,736.3,782.2,828.4,866.0,896.9,915.1,923.3,927.7,930.5,929.8,675.7,693.5,718.0,744.9,768.7,820.1,845.6,870.4,892.1,904.7,795.5,794.9,794.9,794.8,762.1,776.9,791.2,805.6,818.5,700.8,716.9,735.8,751.0,734.6,716.4,832.4,849.5,867.8,881.1,866.9,849.3,726.2,748.7,775.4,790.3,805.3,829.1,844.4,828.2,804.8,788.2,771.1,745.1,735.8,774.6,789.6,804.8,835.6,804.3,788.4,772.9,563.9,595.8,626.8,658.2,691.4,726.1,760.6,793.3,803.6,790.2,755.5,716.6,678.3,640.5,608.1,578.0,549.2,509.7,497.3,493.5,500.1,512.9,517.3,508.2,506.8,513.8,528.0,554.1,577.2,599.8,623.8,644.2,649.4,653.7,650.4,646.4,549.2,542.2,544.1,554.6,557.7,555.9,558.8,552.3,554.1,561.8,566.5,565.2,698.2,684.5,680.4,685.4,681.8,688.1,702.0,737.6,752.9,754.7,752.3,735.9,698.4,698.0,699.6,699.4,702.5,727.6,729.1,726.6,0.00,0.00,0.00,0.00,0.00,0.00,0.00,0.00,0.00,0.00,0.00,0.00,0.00,0.00,0.00,0.00,0.00,0.00,0.00,0.00,0.00,0.00,0.00,0.00,0.00,0.00,0.00,0.00,0.00,0.00,0.00,0.00,0.00,0.00,0.00
71,0,2.333,0.03,0,0.000000,0.000000,0.000000,0.000000,0.000000,0.000000,0.000,0.000,715.8,720.3,729.7,738.6,741.7,737.7,727.7,718.8,701.7,709.1,718.1,728.1,737.5,744.4,749.0,743.1,735.1,725.9,716.7,708.3,724.2,728.0,732.1,734.0,732.7,728.9,724.8,722.9,841.4,846.4,856.5,865.9,869.0,864.0,853.9,843.7,835.1,841.3,849.5,859.7,868.7,875.1,879.6,874.6,868.0,860.1,850.7,841.6,850.2,854.3,858.7,860.8,859.5,855.4,851.0,848.8,548.4,539.0,535.5,540.0,549.8,559.8,562.6,558.2,547.2,544.2,542.7,542.2,544.0,547.4,552.3,555.8,557.0,557.1,555.3,552.1,552.8,554.7,553.2,549.2,545.1,543.2,544.7,548.7,557.1,547.3,544.2,549.4,560.0,569.8,573.0,568.4,559.0,553.8,551.5,551.7,554.2,557.4,562.7,566.0,567.7,568.1,566.4,563.5,562.7,565.0,563.6,559.4,554.8,552.5,553.9,558.1,35.0,37.0,41.5,45.7,47.2,45.4,40.7,36.5,28.7,31.9,35.9,40.5,44.9,48.4,50.8,47.9,43.9,39.5,35.4,31.6,39.1,40.9,42.7,43.6,43.0,41.2,39.3,38.4,90.8,93.2,98.0,102.3,103.7,101.3,96.5,91.8,87.9,90.5,94.1,98.8,103.3,106.9,109.6,106.7,103.0,98.9,94.5,90.6,95.1,97.0,99.1,100.1,99.5,97.6,95.5,94.5,87.0,82.6,81.1,83.4,88.0,92.8,93.9,91.7,87.1,85.1,84.0,83.8,84.8,86.8,89.7,90.9,91.0,90.8,90.1,88.9,89.4,90.4,89.7,87.9,85.9,84.9,85.5,87.4,88.8,84.6,83.3,85.8,90.6,94.9,96.1,94.0,89.6,87.1,86.0,86.2,87.7,89.7,92.7,93.7,93.8,93.5,92.6,91.5,91.7,92.8,92.3,90.4,88.3,87.2,87.8,89.6,404.0,403.8,404.4,405.3,406.0,406.5,405.6,404.7,407.0,404.5,402.6,402.1,403.4,405.6,408.1,406.1,404.0,403.0,403.4,405.0,405.7,406.1,406.3,406.3,405.9,405.6,405.3,405.4,394.3,395.0,395.9,396.5,396.5,395.8,394.9,394.5,394.2,393.4,393.1,393.5,395.1,397.7,400.3,398.0,395.2,393.1,392.5,393.3,395.8,396.0,396.4,396.7,396.7,396.5,396.1,395.8,72.3,133.0,425.9,0.023,0.121,0.004,643.1,641.0,640.6,643.7,652.6,671.0,698.8,736.7,782.4,828.8,866.4,897.3,915.6,923.7,928.2,931.0,930.5,676.0,694.0,718.6,745.7,769.6,821.0,846.8,871.7,893.4,905.8,796.4,795.7,795.6,795.5,762.5,777.3,791.7,806.2,819.2,701.4,717.5,736.4,751.5,735.1,717.0,833.0,850.3,868.5,881.7,867.5,849.9,726.5,748.9,775.8,790.6,805.6,829.5,844.7,828.4,805.0,788.4,771.3,745.2,736.0,775.1,790.0,805.1,835.9,804.6,788.8,773.3,562.8,595.1,626.7,658.5,692.1,726.8,761.0,793.5,803.9,790.3,755.3,716.1,677.8,640.1,608.1,578.3,549.8,509.2,497.0,493.1,499.6,512.5,517.0,508.2,506.9,514.0,528.2,553.8,576.8,599.5,623.3,643.9,649.1,653.5,650.2,646.1,548.8,541.8,543.8,554.2,557.2,555.4,558.6,552.2,554.2,561.8,566.4,565.0,698.3,684.5,680.4,685.4,681.9,688.2,702.1,738.1,753.6,755.4,753.0,736.4,698.5,697.9,699.5,699.3,702.7,728.2,729.7,727.3,0.00,0.00,0.00,0.00,0.00,0.00,0.00,0.00,0.00,0.00,0.00,0.00,0.00,0.00,0.00,0.00,0.00,0.00,0.00,0.00,0.00,0.00,0.00,0.00,0.00,0.00,0.00,0.00,0.00,0.00,0.00,0.00,0.00,0.00,0.00
72,0,2.367,0.03,0,0.000000,0.000000,0.000000,0.000000,0.000000,0.000000,0.000,0.000,716.2,720.6,729.9,738.7,741.7,737.7,727.9,719.2,702.9,710.1,719.0,729.0,738.4,745.0,749.2,743.4,735.4,726.2,717.3,709.2,724.7,728.3,732.1,733.9,732.7,729.1,725.3,723.4,842.5,846.9,856.7,866.3,869.9,865.5,855.6,845.3,836.0,842.0,850.1,860.4,869.4,875.6,879.9,875.4,869.3,861.8,852.3,842.9,851.4,855.5,859.7,861.6,860.0,856.0,851.8,849.9,548.1,538.9,535.5,539.9,549.5,559.4,562.2,557.8,547.2,543.6,541.9,541.4,543.4,547.0,552.3,555.6,556.6,556.6,554.8,551.8,552.4,554.2,552.8,549.0,545.1,543.3,544.7,548.4,557.6,547.7,544.1,549.1,559.6,569.6,573.1,568.9,560.0,554.0,551.0,550.6,553.0,556.5,562.3,565.9,567.8,568.3,566.9,564.4,563.0,565.1,563.6,559.3,554.9,552.7,554.3,558.5,35.8,37.9,42.3,46.5,48.1,46.3,41.5,37.3,29.8,33.0,37.0,41.7,46.2,49.6,51.9,48.9,44.9,40.5,36.3,32.6,40.0,41.7,43.6,44.4,43.8,42.1,40.2,39.4,90.1,92.3,97.1,101.5,103.1,100.9,96.2,91.4,87.2,89.7,93.3,98.1,102.6,106.1,108.7,106.0,102.5,98.5,94.1,90.1,94.5,96.4,98.4,99.4,98.7,96.8,94.8,93.8,88.5,84.2,82.6,84.9,89.6,94.4,95.5,93.2,88.7,86.5,85.3,85.0,86.2,88.3,91.4,92.5,92.5,92.2,91.5,90.4,90.9,91.8,91.2,89.4,87.5,86.5,87.2,89.0,88.0,83.8,82.5,84.8,89.5,93.8,95.0,93.0,89.0,86.2,84.9,84.8,86.3,88.5,91.7,92.7,92.9,92.5,91.7,90.7,90.7,91.8,91.2,89.4,87.4,86.4,86.9,88.7,411.8,411.6,412.1,412.9,413.5,414.0,413.2,412.4,414.6,412.1,410.3,409.8,411.2,413.3,415.7,413.7,411.6,410.6,411.1,412.7,413.4,413.7,413.9,413.8,413.6,413.2,413.1,413.1,389.5,390.6,391.9,392.7,392.5,391.5,390.2,389.5,389.2,388.7,388.7,389.4,391.3,394.0,396.5,394.0,391.0,388.7,387.9,388.4,391.1,391.5,392.0,392.5,392.5,392.2,391.6,391.2,72.9,133.4,427.2,0.017,0.122,0.007,643.9,641.6,641.2,644.4,653.6,672.2,699.8,737.5,782.9,828.9,866.5,897.5,915.8,924.3,928.8,931.5,930.8,677.4,695.8,720.5,747.4,770.9,821.9,847.4,872.2,893.9,906.4,797.3,796.6,796.4,796.1,763.0,777.9,792.3,806.9,819.9,702.3,718.4,737.4,752.5,736.0,717.8,834.0,851.1,869.5,882.6,868.6,850.9,726.4,748.8,775.4,790.9,806.8,830.7,845.8,829.5,805.9,788.4,770.6,744.9,736.0,774.6,790.2,806.3,836.9,805.6,788.9,772.7,562.2,595.1,627.1,659.3,692.9,727.5,761.5,793.4,803.5,790.5,756.3,717.6,679.3,641.3,608.8,578.4,549.2,509.0,496.7,493.2,499.8,512.5,517.1,508.1,506.8,513.9,528.2,553.3,576.4,599.1,623.0,643.7,649.0,653.5,650.4,646.4,548.4,541.1,543.1,554.1,557.0,555.2,558.7,551.8,553.7,561.7,566.5,565.2,698.4,684.3,680.2,685.4,681.8,688.4,702.9,737.5,752.6,754.3,751.6,735.2,698.6,697.8,699.6,699.4,703.3,727.5,728.9,726.2,0.00,0.00,0.00,0.00,0.00,0.00,0.00,0.00,0.00,0.00,0.00,0.00,0.00,0.00,0.00,0.00,0.00,0.00,0.00,0.00,0.00,0.00,0.00,0.00,0.00,0.00,0.00,0.00,0.00,0.00,0.00,0.00,0.00,0.00,0.00
73,0,2.400,0.03,0,0.000000,0.000000,0.000000,0.000000,0.000000,0.000000,0.000,0.000,716.5,721.0,730.6,739.7,742.9,738.9,728.8,719.7,703.3,710.6,719.6,729.4,738.8,745.8,750.4,744.5,736.5,727.3,718.1,709.7,725.2,729.1,733.2,735.1,733.7,729.8,725.7,723.8,842.8,847.8,858.1,867.5,870.7,865.7,855.5,845.1,836.2,842.6,851.0,861.3,870.2,876.5,880.7,875.9,869.5,861.7,852.2,843.0,851.4,855.7,860.3,862.6,861.1,856.8,852.2,850.0,547.4,537.9,534.4,538.9,548.8,559.0,561.8,557.3,546.3,543.2,541.7,541.4,543.3,546.8,551.9,554.9,555.8,555.7,553.9,550.8,552.0,553.9,552.4,548.3,544.1,542.1,543.7,547.7,556.9,546.9,543.7,549.0,559.9,569.9,573.1,568.4,559.3,553.8,551.2,551.2,553.7,557.0,562.4,566.0,568.0,568.5,566.8,563.9,562.8,565.2,563.7,559.2,554.3,551.9,553.3,557.9,35.4,37.5,42.0,46.2,47.8,46.0,41.2,36.9,29.5,32.7,36.7,41.2,45.7,49.1,51.6,48.6,44.6,40.2,36.1,32.3,39.6,41.4,43.3,44.2,43.5,41.7,39.8,38.9,89.0,91.4,96.2,100.6,102.0,99.6,94.8,90.1,86.0,88.7,92.4,97.1,101.5,105.0,107.6,104.8,101.2,97.2,92.8,88.9,93.2,95.2,97.4,98.5,97.8,95.8,93.6,92.6,86.7,82.3,80.7,83.0,87.7,92.5,93.7,91.4,86.8,84.8,83.8,83.5,84.7,86.7,89.6,90.6,90.5,90.2,89.5,88.4,89.1,90.1,89.4,87.5,85.5,84.6,85.2,87.1,86.4,82.2,81.0,83.6,88.4,92.6,93.8,91.5,87.4,84.9,83.7,83.8,85.3,87.4,90.5,91.5,91.7,91.4,90.5,89.3,89.4,90.6,90.0,88.1,85.9,84.8,85.3,87.2,404.7,404.6,405.1,405.9,406.4,406.8,406.0,405.3,407.5,405.2,403.4,402.9,404.2,406.2,408.6,406.6,404.5,403.5,404.0,405.6,406.3,406.6,406.8,406.8,406.5,406.2,406.0,406.0,384.1,384.8,386.0,386.9,387.0,386.3,385.1,384.3,383.9,383.2,383.1,383.7,385.6,388.4,391.1,388.7,385.8,383.5,382.7,383.2,385.8,386.2,386.7,387.1,387.0,386.6,386.1,385.7,72.7,133.0,425.5,0.006,0.130,0.010,644.0,641.9,641.7,645.1,654.4,673.0,700.3,737.6,783.1,829.6,867.5,898.6,916.8,925.0,929.3,932.2,931.2,677.8,695.9,720.6,747.7,771.7,822.0,847.6,872.7,894.8,907.1,798.1,797.3,797.1,796.8,763.5,778.4,792.7,807.3,820.3,702.7,718.9,737.8,753.1,736.5,718.3,834.2,851.6,870.0,883.2,869.0,851.1,726.1,748.0,774.8,790.3,806.2,830.4,845.6,828.9,804.7,787.2,769.3,743.7,735.8,773.8,789.6,805.6,836.6,804.7,788.0,771.7,561.7,594.9,627.0,659.4,693.3,728.0,762.2,794.1,804.5,791.9,757.4,718.0,679.3,641.1,608.7,578.3,549.0,509.2,496.6,492.7,499.4,512.5,517.3,508.1,506.7,513.9,528.6,552.8,575.6,598.2,622.0,643.4,648.6,653.1,650.3,646.6,547.7,540.7,542.7,553.5,556.3,554.5,558.4,551.9,554.0,562.1,566.6,565.0,699.6,684.9,680.5,686.1,682.7,690.4,705.9,740.7,755.2,756.5,753.5,736.4,700.0,699.1,701.1,701.4,706.1,728.8,729.7,726.8,0.00,0.00,0.00,0.00,0.00,0.00,0.00,0.00,0.00,0.00,0.00,0.00,0.00,0.00,0.00,0.00,0.00,0.00,0.00,0.00,0.00,0.00,0.00,0.00,0.00,0.00,0.00,0.00,0.00,0.00,0.00,0.00,0.00,0.00,0.00
74,0,2.433,0.03,0,0.000000,0.000000,0.000000,0.000000,0.000000,0.000000,0.000,0.000,717.1,721.6,731.1,740.1,743.3,739.5,729.3,720.3,705.8,712.0,719.8,729.1,738.7,746.2,751.5,745.0,736.3,726.9,718.3,711.0,726.1,729.9,734.0,735.8,734.5,730.7,726.7,724.8,843.1,847.5,857.4,866.9,870.5,866.1,856.3,845.9,837.0,842.9,851.0,861.1,869.9,876.3,880.7,876.1,869.8,862.1,852.8,843.7,852.1,856.2,860.4,862.3,860.7,856.7,852.5,850.6,547.1,537.7,534.3,538.8,548.6,558.7,561.4,556.9,546.0,542.6,541.0,540.6,542.6,546.2,551.4,554.5,555.3,555.0,553.3,550.4,551.7,553.6,552.2,548.2,544.1,542.2,543.6,547.6,557.7,547.8,544.3,549.2,559.7,569.5,573.0,568.8,560.7,554.4,551.1,550.7,553.1,556.7,562.5,565.9,567.7,568.3,567.0,564.7,563.0,565.1,563.6,559.4,555.0,552.9,554.4,558.6,36.5,38.6,43.1,47.3,48.8,47.0,42.3,38.0,31.5,34.2,37.7,41.9,46.5,50.1,52.8,49.6,45.3,40.9,37.0,33.7,40.8,42.6,44.5,45.4,44.8,43.0,41.1,40.2,91.6,93.8,98.6,103.0,104.6,102.3,97.6,92.8,88.7,91.3,94.9,99.6,104.0,107.6,110.3,107.5,103.8,99.8,95.5,91.6,96.0,97.9,99.9,100.9,100.2,98.3,96.3,95.3,88.6,84.1,82.4,84.5,89.1,94.0,95.3,93.2,88.9,86.7,85.4,85.0,86.0,87.9,90.7,91.9,91.9,91.8,91.3,90.4,90.9,91.8,91.1,89.2,87.2,86.3,87.1,88.9,89.1,84.9,83.6,85.9,90.6,94.8,96.1,94.1,90.4,87.4,86.0,85.9,87.3,89.5,92.7,93.7,93.9,93.6,92.9,92.0,91.9,92.9,92.3,90.5,88.5,87.5,88.1,89.9,414.2,414.0,413.7,413.5,413.4,413.9,413.9,414.1,418.1,415.3,412.9,411.6,411.9,413.1,414.7,413.3,411.9,411.7,413.1,415.5,414.8,414.7,414.6,414.5,414.5,414.6,414.8,414.8,394.5,395.5,396.7,397.3,397.0,396.0,394.8,394.4,394.1,393.6,393.5,394.1,395.8,398.4,400.8,398.3,395.4,393.2,392.6,393.3,395.9,396.2,396.7,397.1,397.3,397.0,396.5,396.1,72.8,133.0,426.0,0.002,0.136,0.012,644.5,642.3,642.1,645.4,654.7,673.2,700.2,737.6,783.1,829.9,868.2,899.4,917.5,925.5,929.7,932.4,931.4,678.6,696.4,720.9,747.8,771.6,822.6,848.1,873.1,895.0,907.2,798.2,797.3,797.0,796.5,763.4,778.3,792.6,807.1,820.2,703.3,719.4,738.3,753.5,737.0,718.9,834.7,852.0,870.5,883.6,869.4,851.6,725.4,747.2,773.8,789.8,806.2,830.7,845.9,829.1,804.6,786.6,768.2,742.8,735.2,772.8,789.0,805.5,836.9,804.6,787.4,770.7,561.8,594.6,626.4,658.6,692.5,727.5,762.3,794.5,805.0,792.4,757.6,717.9,678.9,640.6,608.2,577.8,548.6,508.6,496.0,492.1,499.1,512.3,517.4,508.0,506.5,513.7,528.6,552.6,575.3,597.7,621.4,642.9,648.2,652.7,650.0,646.5,547.1,540.2,542.1,553.0,555.8,553.9,558.3,552.0,554.1,562.2,566.7,565.0,699.2,684.5,680.1,685.9,682.6,690.4,706.3,740.5,754.7,755.9,752.6,735.5,699.7,699.1,701.3,701.6,706.4,728.2,729.1,725.9,0.00,0.00,0.00,0.00,0.00,0.00,0.00,0.00,0.00,0.00,0.00,0.00,0.00,0.00,0.00,0.00,0.00,0.00,0.00,0.00,0.00,0.00,0.00,0.00,0.00,0.00,0.00,0.00,0.00,0.00,0.00,0.00,0.00,0.00,0.00
75,0,2.467,0.03,0,0.000000,0.000000,0.000000,0.000000,0.000000,0.000000,0.000,0.000,717.1,721.5,731.0,740.0,743.1,739.2,729.2,720.3,704.1,711.0,719.7,729.6,739.0,745.9,750.4,744.4,736.4,727.2,718.2,710.1,725.8,729.6,733.5,735.4,734.0,730.3,726.3,724.5,843.0,847.9,858.0,867.3,870.5,865.6,855.6,845.3,836.9,843.3,851.8,862.0,870.8,876.9,880.9,876.2,869.9,862.1,852.8,843.6,851.8,855.8,860.1,862.2,860.9,856.8,852.5,850.4,546.3,537.0,533.5,537.9,547.7,557.7,560.5,556.1,545.4,542.1,540.7,540.3,542.3,545.9,551.2,554.1,555.0,554.9,553.0,549.9,550.7,552.6,551.1,547.2,543.1,541.3,542.7,546.6,556.9,547.1,543.9,549.2,559.8,569.7,572.9,568.3,559.9,554.1,551.3,551.2,553.7,557.3,562.9,566.3,568.1,568.4,566.8,564.2,562.5,564.8,563.4,559.2,554.6,552.3,553.7,557.9,36.1,38.2,42.6,46.9,48.5,46.7,41.9,37.6,30.2,33.3,37.2,41.7,46.3,49.7,52.1,49.1,45.1,40.7,36.6,32.9,40.3,42.1,44.0,44.9,44.2,42.4,40.5,39.7,89.9,92.2,97.0,101.4,102.8,100.4,95.6,91.0,87.1,89.8,93.5,98.2,102.6,106.1,108.7,105.8,102.2,98.2,93.9,89.9,94.1,96.0,98.1,99.1,98.5,96.6,94.6,93.5,87.3,82.8,81.3,83.5,88.2,93.0,94.2,91.9,87.5,85.4,84.3,84.0,85.2,87.3,90.2,91.2,91.2,91.0,90.2,89.2,89.6,90.6,89.9,88.0,86.1,85.2,85.8,87.7,87.2,83.0,81.8,84.3,89.1,93.3,94.4,92.2,88.4,85.7,84.4,84.6,86.1,88.4,91.5,92.4,92.5,92.1,91.2,90.2,90.0,91.1,90.6,88.8,86.8,85.7,86.2,88.0,409.7,409.6,409.9,410.5,411.1,411.6,410.9,410.3,412.8,410.3,408.3,407.7,408.9,410.8,413.0,411.2,409.3,408.4,409.1,410.8,411.2,411.5,411.6,411.5,411.3,411.0,410.9,411.0,387.4,388.2,389.4,390.2,390.2,389.4,388.2,387.5,387.1,386.4,386.3,387.0,389.0,391.9,394.6,392.1,389.1,386.8,386.0,386.4,389.0,389.4,389.9,390.2,390.2,389.9,389.4,389.0,72.6,133.0,426.0,-0.000,0.142,0.011,644.8,642.7,642.4,645.7,655.0,673.6,700.5,737.6,783.1,830.2,868.7,900.0,917.9,925.7,929.8,932.4,931.2,678.3,696.1,720.7,747.7,771.6,822.5,848.2,873.3,895.3,907.3,798.2,797.2,796.7,796.1,762.8,777.7,792.1,806.8,819.9,703.0,719.1,738.0,753.1,736.6,718.5,834.7,852.1,870.6,883.6,869.4,851.6,724.0,746.0,772.9,789.0,805.5,830.4,846.0,828.7,803.8,785.7,767.2,741.5,733.7,771.9,788.2,804.9,837.0,804.0,786.6,769.8,562.7,595.6,627.4,659.6,693.6,728.6,763.3,795.5,805.9,792.9,757.5,717.4,678.1,639.7,607.4,577.4,548.5,508.1,495.5,491.6,498.6,511.9,517.3,507.9,506.6,513.9,528.8,552.3,575.0,597.4,621.1,642.7,648.1,652.8,650.1,646.5,546.7,539.7,541.8,552.7,555.5,553.6,558.3,552.1,554.2,562.5,566.9,565.1,698.4,684.2,680.2,686.0,682.8,690.4,706.0,740.6,754.9,756.1,752.7,735.2,699.0,699.0,701.3,701.6,706.1,728.5,729.4,726.2,0.00,0.00,0.00,0.00,0.00,0.00,0.00,0.00,0.00,0.00,0.00,0.00,0.00,0.00,0.00,0.00,0.00,0.00,0.00,0.00,0.00,0.00,0.00,0.00,0.00,0.00,0.00,0.00,0.00,0.00,0.00,0.00,0.00,0.00,0.00
76,0,2.500,0.03,0,0.000000,0.000000,0.000000,0.000000,0.000000,0.000000,0.000,0.000,716.7,721.2,730.6,739.4,742.4,738.6,728.6,719.8,705.4,711.4,719.2,728.6,738.0,745.1,749.9,743.6,735.1,726.0,717.6,710.4,725.6,729.3,733.1,734.9,733.7,730.0,726.2,724.4,843.1,847.4,857.1,866.5,870.1,865.8,856.2,846.0,837.2,842.9,850.9,861.0,870.0,876.4,880.8,876.2,869.8,862.2,852.9,843.9,852.2,856.1,860.1,861.9,860.4,856.5,852.5,850.7,546.3,537.2,533.9,538.4,548.1,557.9,560.5,555.9,545.7,541.9,540.1,539.7,541.8,545.7,551.4,554.4,555.1,554.9,553.0,550.0,550.8,552.7,551.3,547.6,543.6,541.8,543.1,546.9,557.5,547.9,544.4,549.1,559.2,568.8,572.3,568.3,560.9,554.5,551.0,550.4,552.9,556.7,562.8,566.1,567.6,568.0,566.7,564.7,562.6,564.5,563.1,559.1,554.9,552.9,554.4,558.4,36.9,39.0,43.5,47.7,49.2,47.3,42.5,38.3,31.7,34.4,37.9,42.3,46.8,50.4,52.9,49.7,45.5,41.1,37.2,33.9,41.2,42.9,44.8,45.7,45.0,43.3,41.5,40.6,92.5,94.7,99.4,103.8,105.3,103.1,98.4,93.7,89.7,92.2,95.8,100.5,105.0,108.7,111.3,108.5,104.8,100.8,96.4,92.6,96.9,98.7,100.7,101.6,101.0,99.2,97.2,96.3,89.5,85.1,83.5,85.6,90.2,95.0,96.3,94.1,90.0,87.6,86.2,85.8,86.9,89.0,92.1,93.2,93.3,93.1,92.5,91.6,91.8,92.7,92.0,90.2,88.3,87.4,88.1,89.9,89.9,85.8,84.4,86.7,91.2,95.3,96.7,94.8,91.4,88.4,86.8,86.6,88.1,90.4,93.7,94.7,94.7,94.4,93.7,92.9,92.5,93.5,92.9,91.2,89.3,88.4,88.9,90.7,420.2,420.1,419.9,419.8,419.8,420.3,420.1,420.3,424.0,421.3,418.9,417.8,418.2,419.5,421.2,419.7,418.3,418.0,419.3,421.6,421.0,420.9,420.9,420.8,420.8,420.8,420.9,421.0,398.5,399.6,400.7,401.0,400.5,399.4,398.4,398.1,398.2,397.6,397.4,397.9,399.5,402.1,404.4,402.0,399.1,397.0,396.4,397.2,399.7,399.9,400.3,400.8,401.0,400.8,400.4,399.9,72.8,133.1,426.2,-0.002,0.142,0.009,644.7,642.7,642.4,645.8,655.3,674.1,701.0,738.2,783.8,830.9,869.2,900.4,918.2,925.9,929.9,932.4,931.2,678.1,696.1,720.8,747.7,771.6,822.3,848.1,873.3,895.3,907.2,798.1,797.1,796.6,796.1,762.6,777.7,792.2,807.0,820.2,702.8,718.9,737.8,752.9,736.3,718.2,834.7,852.0,870.5,883.6,869.4,851.6,724.1,746.2,773.1,789.3,805.9,830.9,846.5,829.4,804.5,786.2,767.7,741.9,733.9,772.2,788.6,805.4,837.5,804.5,787.1,770.2,563.2,596.0,627.8,660.1,694.0,729.0,763.7,795.9,806.2,793.0,757.4,717.1,677.9,639.6,607.4,577.6,548.9,508.0,495.5,491.6,498.4,511.7,517.2,507.9,506.7,514.2,529.1,552.3,575.0,597.5,621.2,642.7,648.1,652.8,650.1,646.4,546.7,539.6,541.6,552.7,555.5,553.5,558.2,551.8,554.0,562.4,566.8,565.0,698.6,684.1,680.0,685.7,682.4,689.9,705.6,740.3,754.8,756.1,752.7,735.4,699.1,698.8,701.0,701.3,705.8,728.5,729.5,726.3,0.00,0.00,0.00,0.00,0.00,0.00,0.00,0.00,0.00,0.00,0.00,0.00,0.00,0.00,0.00,0.00,0.00,0.00,0.00,0.00,0.00,0.00,0.00,0.00,0.00,0.00,0.00,0.00,0.00,0.00,0.00,0.00,0.00,0.00,0.00
77,0,2.533,0.03,0,0.000000,0.000000,0.000000,0.000000,0.000000,0.000000,0.000,0.000,716.9,721.4,731.0,740.0,743.3,739.4,729.2,720.2,705.0,711.2,719.1,728.6,738.2,745.5,750.5,744.0,735.4,726.1,717.5,710.2,725.9,729.8,733.9,735.8,734.4,730.5,726.4,724.5,843.0,847.9,858.0,867.4,870.5,865.5,855.4,845.3,836.8,843.1,851.5,861.8,870.6,877.0,881.2,876.4,869.8,861.9,852.5,843.5,851.9,855.8,860.1,862.1,860.8,856.9,852.6,850.6,545.9,536.5,533.1,537.6,547.4,557.5,560.2,555.7,545.6,541.8,540.1,539.7,541.8,545.7,551.3,554.3,555.0,554.8,553.0,549.9,550.6,552.5,551.1,547.1,542.9,541.0,542.4,546.4,556.3,546.6,543.5,548.9,559.5,569.2,572.3,567.7,559.5,553.9,551.2,551.2,553.7,557.3,562.8,566.2,567.8,568.1,566.4,563.8,562.0,564.3,563.0,558.9,554.4,552.1,553.4,557.5,36.1,38.2,42.7,46.9,48.4,46.6,41.8,37.6,30.8,33.5,37.0,41.3,45.8,49.4,51.9,48.7,44.5,40.2,36.3,33.0,40.4,42.2,44.1,45.0,44.3,42.5,40.6,39.7,90.4,92.8,97.6,101.9,103.3,100.8,96.1,91.4,87.6,90.2,93.9,98.6,103.0,106.6,109.3,106.4,102.7,98.6,94.3,90.4,94.7,96.5,98.6,99.6,99.0,97.2,95.2,94.2,87.2,82.8,81.2,83.3,87.8,92.6,93.9,91.8,87.8,85.5,84.2,83.8,84.8,87.0,90.0,91.0,91.0,90.9,90.3,89.4,89.5,90.4,89.7,87.9,85.9,85.0,85.7,87.6,87.5,83.3,82.2,84.7,89.4,93.6,94.7,92.5,88.8,86.2,84.9,85.0,86.6,88.8,91.9,92.8,92.8,92.4,91.6,90.5,90.3,91.4,90.9,89.2,87.2,86.1,86.6,88.3,410.3,410.3,410.2,410.1,410.1,410.4,410.2,410.2,414.1,411.5,409.1,408.0,408.4,409.7,411.4,409.9,408.5,408.2,409.5,411.8,411.1,411.0,411.0,411.0,411.0,411.0,411.1,411.1,389.8,390.7,391.7,392.3,392.1,391.3,390.2,389.8,389.5,388.8,388.6,389.1,390.9,393.7,396.3,393.8,390.9,388.7,388.1,388.7,391.2,391.5,391.9,392.3,392.4,392.1,391.7,391.3,72.8,132.9,425.9,0.002,0.141,0.006,644.7,642.6,642.2,645.6,655.2,674.1,701.2,738.7,784.5,831.6,869.9,900.9,918.5,926.1,929.9,932.4,931.1,678.1,696.0,720.6,747.4,771.3,822.2,848.1,873.3,895.3,907.1,797.8,796.7,796.2,795.7,762.4,777.5,792.1,806.9,820.2,702.7,718.8,737.7,752.8,736.3,718.2,834.7,852.0,870.5,883.5,869.3,851.5,724.4,746.4,773.4,789.7,806.4,831.5,847.1,830.3,805.5,787.1,768.5,742.5,734.2,772.7,789.1,806.0,838.1,805.3,787.8,770.8,563.1,595.8,627.5,659.7,693.6,728.8,763.7,796.2,806.4,792.9,757.1,716.8,677.6,639.3,607.2,577.5,549.0,507.8,495.4,491.5,498.4,511.8,517.2,507.9,506.7,514.3,529.3,552.4,575.1,597.5,621.2,642.7,648.1,652.7,649.8,646.1,546.7,539.5,541.6,552.6,555.4,553.4,558.1,551.8,554.0,562.3,566.6,564.9,698.4,683.9,679.8,685.5,682.1,689.3,704.9,739.9,754.8,756.3,753.1,735.7,698.8,698.6,700.7,700.8,705.0,728.6,729.7,726.6,0.00,0.00,0.00,0.00,0.00,0.00,0.00,0.00,0.00,0.00,0.00,0.00,0.00,0.00,0.00,0.00,0.00,0.00,0.00,0.00,0.00,0.00,0.00,0.00,0.00,0.00,0.00,0.00,0.00,0.00,0.00,0.00,0.00,0.00,0.00
78,0,2.567,0.03,0,0.000000,0.000000,0.000000,0.000000,0.000000,0.000000,0.000,0.000,716.8,721.1,730.5,739.4,742.5,738.8,728.8,719.9,705.2,711.2,719.1,728.6,738.2,745.3,750.2,743.8,735.2,725.8,717.4,710.2,725.7,729.4,733.3,735.1,733.7,730.1,726.2,724.4,842.6,847.3,857.1,866.4,869.7,865.1,855.2,845.2,836.9,842.8,850.9,861.1,870.1,876.7,881.1,876.3,869.6,861.6,852.3,843.4,851.6,855.5,859.7,861.6,860.3,856.3,852.2,850.2,546.2,537.0,533.7,538.1,547.7,557.5,560.2,555.8,545.9,541.9,539.9,539.4,541.6,545.5,551.1,554.0,554.7,554.5,552.9,550.1,550.7,552.5,551.1,547.3,543.3,541.5,542.9,546.7,557.0,547.5,544.3,549.2,559.4,568.9,572.1,567.9,560.3,554.2,551.0,550.5,553.1,557.0,563.0,566.3,567.8,568.1,566.7,564.4,562.3,564.4,563.0,559.1,554.8,552.7,554.0,558.0,36.6,38.7,43.1,47.3,48.8,47.0,42.3,38.1,31.3,34.0,37.6,42.0,46.6,50.1,52.6,49.4,45.1,40.7,36.8,33.5,40.9,42.6,44.5,45.4,44.7,43.0,41.1,40.3,92.1,94.4,99.1,103.4,104.8,102.4,97.7,93.2,89.5,92.0,95.5,100.2,104.7,108.4,111.1,108.2,104.4,100.3,96.0,92.2,96.4,98.2,100.2,101.2,100.6,98.8,96.8,95.8,88.7,84.4,82.7,84.8,89.3,94.1,95.3,93.2,89.4,86.9,85.5,85.0,86.1,88.3,91.3,92.3,92.3,92.2,91.7,90.9,91.0,91.9,91.2,89.4,87.5,86.6,87.3,89.1,89.5,85.4,84.1,86.4,91.0,95.1,96.3,94.4,91.0,88.1,86.5,86.4,87.9,90.2,93.5,94.5,94.5,94.2,93.4,92.6,92.2,93.1,92.6,90.9,89.0,88.0,88.5,90.3,416.9,417.0,416.9,416.7,416.5,416.7,416.6,416.8,420.9,418.2,415.8,414.7,415.1,416.3,417.9,416.4,414.9,414.7,416.1,418.4,417.6,417.5,417.5,417.5,417.5,417.6,417.7,417.6,397.6,398.5,399.3,399.6,399.1,398.2,397.4,397.3,397.5,396.7,396.4,396.7,398.3,400.8,403.2,400.8,398.0,396.0,395.6,396.4,398.7,398.8,399.1,399.5,399.7,399.6,399.2,398.9,72.8,132.9,425.7,0.000,0.142,0.005,644.7,642.6,642.3,645.7,655.4,674.4,701.7,739.3,785.1,832.1,870.3,901.1,918.7,926.2,930.1,932.5,931.3,678.0,695.9,720.5,747.5,771.4,821.8,847.7,873.1,895.1,907.1,797.6,796.5,796.0,795.5,762.3,777.5,792.1,807.0,820.3,702.6,718.7,737.6,752.7,736.2,718.1,834.6,852.0,870.4,883.6,869.3,851.5,724.7,747.0,774.0,790.0,806.4,831.6,847.7,830.7,805.8,787.8,769.4,743.3,734.5,773.4,789.5,806.1,838.6,805.6,788.3,771.6,563.5,596.1,627.8,660.0,693.8,728.9,763.8,796.2,806.3,792.7,756.9,716.8,677.7,639.6,607.6,578.1,549.8,507.7,495.2,491.3,498.3,511.8,517.4,508.0,506.7,514.3,529.3,552.5,575.2,597.6,621.3,642.9,648.3,652.9,649.9,646.0,546.7,539.4,541.5,552.6,555.4,553.4,558.2,551.8,553.9,562.2,566.6,564.9,698.2,684.1,680.0,685.6,682.2,689.2,704.3,739.6,754.6,756.2,753.1,735.9,698.7,698.7,700.7,700.7,704.6,728.5,729.7,726.7,0.00,0.00,0.00,0.00,0.00,0.00,0.00,0.00,0.00,0.00,0.00,0.00,0.00,0.00,0.00,0.00,0.00,0.00,0.00,0.00,0.00,0.00,0.00,0.00,0.00,0.00,0.00,0.00,0.00,0.00,0.00,0.00,0.00,0.00,0.00
79,0,2.600,0.03,0,0.000000,0.000000,0.000000,0.000000,0.000000,0.000000,0.000,0.000,716.7,721.1,730.7,739.8,743.1,739.2,729.1,720.0,704.9,711.3,719.5,729.2,738.7,745.9,750.6,744.5,736.1,726.7,717.9,710.3,725.6,729.5,733.5,735.4,734.0,730.2,726.1,724.3,843.1,848.1,858.2,867.4,870.3,865.3,855.2,845.2,837.1,843.4,851.7,861.8,870.5,876.9,881.2,876.2,869.5,861.5,852.3,843.5,851.7,855.7,860.1,862.3,861.0,857.0,852.6,850.4,546.6,537.2,533.8,538.3,548.0,558.1,560.8,556.3,546.2,542.5,540.7,540.3,542.3,546.1,551.6,554.5,555.3,555.1,553.4,550.5,551.2,553.1,551.6,547.7,543.5,541.6,543.1,547.0,556.7,547.2,544.2,549.6,560.0,569.5,572.5,567.8,559.5,554.1,551.5,551.5,554.1,557.7,563.2,566.5,568.2,568.4,566.7,563.9,562.4,564.7,563.4,559.3,554.7,552.4,553.7,557.8,36.1,38.2,42.7,47.0,48.6,46.8,41.9,37.7,30.8,33.6,37.3,41.8,46.4,49.9,52.3,49.2,45.1,40.6,36.6,33.2,40.4,42.2,44.1,45.0,44.4,42.6,40.6,39.8,91.9,94.4,99.1,103.4,104.7,102.3,97.5,92.9,89.2,91.8,95.5,100.1,104.5,108.2,110.9,107.9,104.1,100.0,95.7,91.9,96.1,98.0,100.1,101.2,100.6,98.7,96.6,95.6,87.8,83.4,81.8,84.0,88.6,93.4,94.6,92.4,88.4,86.1,84.8,84.5,85.6,87.7,90.7,91.7,91.7,91.5,90.9,90.0,90.2,91.1,90.4,88.6,86.6,85.7,86.4,88.3,89.0,84.9,83.7,86.2,91.0,95.1,96.3,94.1,90.3,87.7,86.4,86.5,88.0,90.3,93.4,94.3,94.4,94.1,93.1,92.1,91.9,93.0,92.5,90.7,88.6,87.5,88.0,89.9,411.9,412.0,412.1,412.2,412.3,412.5,412.1,412.0,415.4,413.0,410.8,410.0,410.8,412.3,414.1,412.4,410.7,410.2,411.2,413.3,412.9,413.0,413.0,413.0,413.0,413.0,412.9,412.9,396.0,396.7,397.6,398.1,397.9,397.2,396.4,396.1,396.0,395.1,394.7,395.1,396.8,399.5,402.1,399.7,396.9,394.8,394.3,395.1,397.3,397.6,397.9,398.2,398.3,398.1,397.7,397.4,72.9,132.9,425.4,0.010,0.141,0.003,644.7,642.6,642.3,645.6,655.3,674.5,702.1,739.9,785.7,832.6,870.7,901.5,919.1,926.6,930.4,932.7,931.4,678.1,695.9,720.6,747.5,771.5,822.2,848.0,873.3,895.2,907.1,797.9,796.9,796.4,795.9,762.7,777.9,792.5,807.3,820.6,703.1,719.1,737.9,753.0,736.6,718.5,834.8,852.0,870.4,883.4,869.2,851.6,725.1,747.5,774.6,790.5,806.7,831.7,847.9,830.8,806.1,788.2,770.1,743.8,734.8,774.0,790.0,806.4,838.9,805.9,788.8,772.2,562.2,595.1,627.1,659.7,693.9,729.2,764.0,796.4,806.4,792.7,757.0,717.1,678.2,640.2,608.0,578.2,549.6,507.9,495.2,491.3,498.4,511.9,517.4,508.0,506.8,514.2,529.2,552.9,575.8,598.4,622.2,643.3,648.8,653.4,650.3,646.3,547.2,540.1,542.2,553.0,555.8,553.9,558.5,552.2,554.3,562.5,566.8,565.1,697.9,684.3,680.5,686.0,682.6,689.2,703.7,739.5,754.7,756.3,753.3,736.0,698.4,698.7,700.7,700.6,704.2,728.9,730.2,727.3,0.00,0.00,0.00,0.00,0.00,0.00,0.00,0.00,0.00,0.00,0.00,0.00,0.00,0.00,0.00,0.00,0.00,0.00,0.00,0.00,0.00,0.00,0.00,0.00,0.00,0.00,0.00,0.00,0.00,0.00,0.00,0.00,0.00,0.00,0.00
80,0,2.633,0.03,0,0.000000,0.000000,0.000000,0.000000,0.000000,0.000000,0.000,0.000,716.5,721.0,730.5,739.5,742.6,738.6,728.5,719.6,705.2,711.5,719.7,729.3,738.8,745.9,750.7,744.6,736.3,727.0,718.2,710.6,725.3,729.1,733.1,735.0,733.7,729.9,725.9,724.0,843.8,848.3,857.9,867.0,870.2,865.7,856.0,846.2,837.7,843.6,851.6,861.5,870.2,876.6,880.8,876.0,869.5,861.8,852.8,844.1,852.4,856.3,860.4,862.3,861.0,857.1,853.0,851.0,547.3,538.1,534.8,539.4,549.1,558.9,561.5,557.0,546.4,542.8,541.2,540.7,542.6,546.2,551.6,554.8,555.9,555.8,554.0,550.9,551.7,553.6,552.3,548.4,544.4,542.5,543.8,547.7,558.0,548.7,545.5,550.3,560.4,569.7,572.9,568.8,560.9,554.8,551.7,551.3,553.9,557.7,563.6,567.0,568.7,569.1,567.6,565.1,563.2,565.3,563.9,559.9,555.6,553.6,554.9,558.9,36.4,38.5,43.0,47.2,48.8,47.0,42.2,37.9,31.2,34.1,37.8,42.2,46.8,50.4,52.9,49.8,45.7,41.2,37.1,33.7,40.7,42.5,44.4,45.3,44.6,42.8,40.9,40.0,94.5,96.8,101.5,105.8,107.3,104.9,100.3,95.6,91.7,94.2,97.8,102.5,107.0,110.6,113.3,110.4,106.6,102.5,98.2,94.4,98.8,100.7,102.7,103.7,103.1,101.2,99.2,98.2,89.0,84.6,83.0,85.2,89.9,94.8,96.0,93.7,89.3,87.1,85.8,85.4,86.5,88.6,91.6,92.7,92.9,92.7,92.1,91.0,91.4,92.3,91.7,89.8,87.8,86.9,87.5,89.4,91.8,87.7,86.4,88.7,93.4,97.5,98.8,96.8,93.1,90.2,88.6,88.6,90.1,92.4,95.8,96.8,97.0,96.6,95.8,94.9,94.6,95.6,95.0,93.2,91.2,90.2,90.8,92.6,416.0,415.5,415.4,415.7,416.2,416.9,416.7,416.4,419.3,416.7,414.5,413.6,414.5,416.1,418.2,416.6,414.9,414.4,415.3,417.3,417.1,417.2,417.1,417.0,416.7,416.6,416.7,416.9,405.8,406.6,407.4,407.9,407.7,406.9,406.1,405.8,405.7,404.9,404.6,405.0,406.6,409.3,411.8,409.3,406.6,404.5,404.0,404.8,407.1,407.3,407.7,408.0,408.1,407.9,407.5,407.2,73.0,133.1,425.7,0.010,0.141,0.003,644.9,642.9,642.5,646.0,655.6,674.8,702.6,740.5,786.1,832.8,870.7,901.4,918.8,926.3,930.2,932.7,931.6,678.4,696.2,720.8,747.9,771.8,822.5,848.1,873.2,895.1,907.0,798.2,797.1,796.7,796.1,763.1,778.1,792.7,807.3,820.4,703.6,719.6,738.3,753.3,737.0,719.0,834.8,852.1,870.4,883.4,869.2,851.6,726.1,748.3,775.2,790.6,806.3,830.9,846.8,829.9,805.6,788.3,770.6,744.6,735.6,774.6,790.1,805.9,837.9,805.5,788.9,772.8,563.1,596.0,628.0,660.6,694.8,730.0,764.6,796.7,806.3,792.4,756.7,717.0,678.3,640.3,608.2,578.5,550.0,508.1,495.3,491.3,498.3,512.0,517.3,508.1,506.9,514.3,529.0,553.2,576.2,598.9,622.8,643.6,649.0,653.6,650.6,646.5,547.6,540.6,542.7,553.4,556.3,554.3,558.9,552.7,554.8,562.8,567.2,565.6,697.7,684.2,680.5,685.8,682.4,689.1,703.4,739.2,754.3,755.9,753.0,736.0,698.1,698.3,700.2,700.1,703.9,728.9,730.2,727.4,0.00,0.00,0.00,0.00,0.00,0.00,0.00,0.00,0.00,0.00,0.00,0.00,0.00,0.00,0.00,0.00,0.00,0.00,0.00,0.00,0.00,0.00,0.00,0.00,0.00,0.00,0.00,0.00,0.00,0.00,0.00,0.00,0.00,0.00,0.00
81,0,2.667,0.03,0,0.000000,0.000000,0.000000,0.000000,0.000000,0.000000,0.000,0.000,717.7,722.2,731.8,740.7,743.9,739.9,729.8,720.8,705.1,711.9,720.4,730.1,739.6,746.6,751.3,745.3,737.0,727.6,718.7,710.8,726.6,730.3,734.2,736.1,734.8,731.1,727.1,725.3,843.8,848.9,859.0,868.2,871.1,866.0,855.9,845.9,837.6,843.9,852.0,862.0,870.8,877.3,881.9,876.5,869.6,861.6,852.5,843.8,852.5,856.5,860.9,863.2,861.9,857.9,853.5,851.2,548.0,538.7,535.4,539.9,549.6,559.6,562.3,557.8,546.6,543.4,542.0,541.8,543.7,547.3,552.4,555.6,556.6,556.4,554.5,551.2,552.4,554.3,552.9,549.1,545.0,543.2,544.6,548.4,557.9,548.4,545.4,550.7,561.2,570.7,573.7,569.1,559.6,554.4,552.0,552.4,555.0,558.5,564.0,567.5,569.3,569.6,567.6,564.5,563.6,565.9,564.6,560.5,555.9,553.6,554.9,559.0,36.5,38.6,43.1,47.4,48.9,47.1,42.3,38.1,30.9,33.9,37.7,42.1,46.7,50.2,52.7,49.7,45.5,41.1,37.0,33.4,40.8,42.6,44.5,45.3,44.7,42.9,41.1,40.2,93.3,95.7,100.5,104.8,106.1,103.6,98.9,94.2,90.4,93.1,96.7,101.2,105.6,109.3,112.1,109.0,105.1,101.0,96.7,93.0,97.5,99.4,101.5,102.6,102.0,100.1,98.0,97.0,88.4,84.0,82.4,84.7,89.4,94.2,95.3,93.1,88.4,86.4,85.3,85.0,86.2,88.2,91.1,92.2,92.3,92.0,91.3,90.2,90.8,91.7,91.0,89.2,87.3,86.3,87.0,88.8,90.6,86.3,85.1,87.6,92.4,96.6,97.9,95.7,91.4,88.7,87.6,87.7,89.3,91.4,94.5,95.6,95.8,95.5,94.5,93.3,93.5,94.6,94.0,92.2,90.1,89.0,89.5,91.4,411.3,411.1,411.2,411.8,412.3,412.9,412.4,411.9,414.6,412.1,410.0,409.3,410.3,412.1,414.2,412.6,410.7,410.0,410.7,412.6,412.7,412.9,413.0,412.9,412.6,412.4,412.3,412.5,400.4,400.9,401.6,402.0,401.8,401.3,400.7,400.5,400.4,399.4,398.9,399.1,400.5,402.9,405.4,403.2,400.6,398.7,398.4,399.4,401.6,401.8,402.1,402.3,402.3,402.2,401.9,401.7,73.4,133.4,426.1,0.006,0.141,0.002,645.3,643.3,643.0,646.4,656.1,675.6,703.5,741.6,787.4,834.0,871.9,902.5,919.7,926.8,930.4,932.7,931.3,678.9,696.9,721.5,748.1,772.0,823.0,848.3,873.1,894.9,907.0,798.7,797.7,797.3,796.8,764.0,779.0,793.4,808.1,821.2,703.9,719.9,738.7,753.7,737.3,719.2,835.1,852.4,870.7,883.8,869.6,851.9,726.7,749.0,775.9,791.4,807.1,831.7,847.8,830.8,806.6,789.3,771.6,745.4,736.3,775.4,791.0,806.8,838.7,806.3,789.8,773.7,561.4,594.7,627.4,660.6,695.3,730.6,765.1,796.8,806.4,792.7,757.3,717.6,678.9,640.8,608.6,578.6,550.0,508.4,496.0,492.2,499.2,512.7,518.0,508.9,507.6,514.4,528.9,553.5,576.4,599.0,622.9,644.1,649.4,654.0,650.9,646.9,548.2,541.3,543.4,554.0,557.0,555.0,559.2,553.1,555.1,563.1,567.5,565.9,699.0,685.1,681.1,686.4,682.9,689.8,704.5,739.9,754.7,756.3,753.5,736.8,699.4,699.5,701.3,701.2,704.9,728.7,729.9,727.3,0.00,0.00,0.00,0.00,0.00,0.00,0.00,0.00,0.00,0.00,0.00,0.00,0.00,0.00,0.00,0.00,0.00,0.00,0.00,0.00,0.00,0.00,0.00,0.00,0.00,0.00,0.00,0.00,0.00,0.00,0.00,0.00,0.00,0.00,0.00
82,0,2.700,0.03,0,0.000000,0.000000,0.000000,0.000000,0.000000,0.000000,0.000,0.000,718.2,722.8,732.2,740.9,743.8,739.8,729.8,721.1,707.0,713.2,720.9,730.3,739.6,746.6,751.3,745.1,736.6,727.4,719.1,712.0,727.0,730.6,734.5,736.4,735.2,731.6,727.7,725.8,844.5,848.9,858.5,867.6,870.9,866.5,856.9,847.1,838.6,844.3,852.1,861.8,870.7,877.6,882.4,877.0,870.0,862.0,853.0,844.6,853.3,857.3,861.4,863.3,861.9,857.9,853.8,851.9,548.5,539.5,536.5,541.1,550.8,560.5,562.9,558.2,547.6,543.8,542.1,541.7,543.7,547.5,553.2,556.4,557.3,557.1,555.2,552.1,553.2,555.1,553.9,550.1,546.2,544.2,545.5,549.2,559.8,550.4,547.0,551.5,561.4,570.8,574.2,570.3,561.8,555.8,552.6,552.3,554.9,558.7,564.7,568.1,569.9,570.2,568.7,566.2,564.8,566.7,565.2,561.2,556.9,555.0,556.4,560.5,37.8,40.1,44.6,48.8,50.2,48.3,43.5,39.3,32.7,35.5,39.0,43.4,48.0,51.5,54.0,50.8,46.5,42.1,38.2,34.9,42.2,43.9,45.8,46.7,46.1,44.4,42.5,41.6,95.9,98.1,102.7,107.0,108.5,106.3,101.7,97.1,93.2,95.6,99.1,103.6,108.1,111.9,114.8,111.7,107.7,103.5,99.4,95.7,100.3,102.1,104.1,105.1,104.5,102.6,100.6,99.7,91.2,86.8,85.3,87.6,92.3,97.0,98.2,95.9,91.5,89.1,87.8,87.4,88.5,90.6,93.7,94.9,95.0,94.9,94.2,93.2,93.6,94.6,94.0,92.1,90.2,89.3,89.9,91.7,93.7,89.5,87.9,90.1,94.6,98.9,100.4,98.6,94.7,91.7,90.0,89.8,91.3,93.6,96.9,98.1,98.3,98.1,97.3,96.5,96.3,97.2,96.5,94.7,92.7,91.8,92.4,94.3,423.2,423.1,422.9,422.9,423.1,423.5,423.4,423.4,426.7,424.2,421.9,420.8,421.4,422.7,424.5,423.0,421.4,421.1,422.4,424.6,424.1,424.1,424.1,424.0,423.9,423.9,424.0,424.0,410.5,411.1,411.5,411.5,411.0,410.4,410.1,410.3,410.7,409.6,408.9,408.8,410.0,412.2,414.5,412.2,409.8,408.1,408.1,409.4,411.3,411.3,411.5,411.7,411.9,411.9,411.8,411.5,73.8,134.0,427.1,0.005,0.138,0.004,645.5,643.4,643.2,646.5,656.3,676.0,704.0,742.3,788.0,834.4,872.3,902.7,919.8,927.0,930.4,932.6,931.2,679.2,697.2,721.9,748.6,772.5,824.0,849.2,873.8,895.4,907.4,799.6,798.7,798.3,797.9,764.8,779.9,794.2,808.8,821.9,704.6,720.5,739.4,754.3,737.9,719.8,835.7,852.8,871.2,884.2,870.2,852.5,726.7,749.1,776.1,791.9,807.9,832.5,848.6,831.4,807.1,789.4,771.4,745.3,736.3,775.5,791.4,807.6,839.4,807.0,790.1,773.6,560.7,594.4,627.3,660.7,695.7,731.3,765.9,797.5,807.0,793.4,758.1,718.6,680.0,642.1,609.9,579.8,551.1,509.0,496.2,492.4,499.4,513.0,518.5,509.3,508.0,514.7,529.1,554.1,576.8,599.2,622.9,644.5,649.7,654.4,651.4,647.4,548.8,541.7,543.8,554.7,557.7,555.6,560.0,553.6,555.6,563.8,568.3,566.7,699.4,685.5,681.6,687.0,683.6,690.5,705.2,740.1,754.8,756.3,753.4,736.7,699.8,700.0,701.9,701.8,705.7,729.0,730.3,727.6,0.00,0.00,0.00,0.00,0.00,0.00,0.00,0.00,0.00,0.00,0.00,0.00,0.00,0.00,0.00,0.00,0.00,0.00,0.00,0.00,0.00,0.00,0.00,0.00,0.00,0.00,0.00,0.00,0.00,0.00,0.00,0.00,0.00,0.00,0.00
83,0,2.733,0.03,0,0.000000,0.000000,0.000000,0.000000,0.000000,0.000000,0.000,0.000,719.6,724.2,733.8,742.7,745.7,741.7,731.6,722.7,705.7,712.8,721.5,731.6,741.3,748.1,752.6,746.5,738.1,728.7,719.8,711.8,728.1,732.0,736.1,738.0,736.7,732.9,728.8,726.8,845.1,850.0,860.1,869.3,872.4,867.5,857.5,847.5,839.2,845.2,853.1,863.3,872.4,879.2,884.0,878.5,871.5,863.5,854.3,845.7,854.0,858.0,862.4,864.6,863.2,859.2,854.8,852.6,548.8,539.6,536.1,540.6,550.3,560.2,563.0,558.6,547.1,544.0,542.7,542.4,544.2,547.4,552.3,555.9,557.3,557.3,555.3,552.0,553.2,555.1,553.6,549.6,545.4,543.5,545.0,549.0,559.6,549.9,546.7,551.8,562.2,571.9,575.1,570.7,562.1,556.2,553.3,553.1,555.7,559.2,564.9,568.5,570.5,571.1,569.5,566.6,565.1,567.3,565.9,561.7,557.1,554.8,556.2,560.5,36.8,38.9,43.4,47.6,49.2,47.4,42.6,38.4,30.7,33.8,37.6,42.2,46.8,50.2,52.6,49.5,45.4,41.0,36.9,33.3,41.0,42.8,44.7,45.6,45.0,43.1,41.2,40.3,93.2,95.5,100.2,104.5,105.8,103.5,98.8,94.2,90.4,92.9,96.3,100.9,105.4,109.2,112.1,108.9,105.1,101.0,96.8,93.1,97.4,99.3,101.4,102.4,101.8,99.9,97.9,96.8,87.4,83.0,81.5,83.7,88.5,93.3,94.4,92.1,87.3,85.3,84.3,84.0,85.1,87.0,89.8,91.1,91.3,91.1,90.4,89.2,89.8,90.8,90.1,88.2,86.2,85.2,85.9,87.8,90.6,86.3,85.0,87.4,92.1,96.4,97.7,95.7,91.7,88.8,87.4,87.3,88.8,90.9,94.1,95.2,95.5,95.4,94.6,93.5,93.4,94.4,93.8,92.0,89.9,88.8,89.4,91.3,405.1,404.6,404.9,405.8,406.8,407.7,407.0,406.1,408.3,405.6,403.6,403.0,404.2,406.3,408.7,406.9,405.0,404.2,404.9,406.4,406.8,407.2,407.4,407.2,406.7,406.3,406.2,406.4,397.4,397.8,398.3,398.6,398.4,398.0,397.5,397.5,397.2,396.1,395.5,395.6,397.0,399.4,401.9,399.7,397.1,395.3,395.1,396.1,398.5,398.6,398.8,399.0,399.0,398.9,398.7,398.5,73.9,133.9,426.4,-0.013,0.142,0.012,645.6,643.7,643.8,647.2,657.1,676.8,704.8,743.0,788.6,834.8,872.6,902.7,919.8,926.8,930.5,933.0,932.0,679.3,697.8,722.8,749.8,774.0,824.8,850.2,875.1,897.0,909.2,800.5,799.5,799.1,798.6,765.2,780.4,794.8,809.5,822.6,704.8,721.0,740.0,755.2,738.5,720.2,836.5,854.0,872.5,885.7,871.5,853.6,726.6,749.0,776.1,792.2,808.5,833.3,849.4,832.0,807.4,789.5,771.1,745.1,736.3,775.5,791.6,808.1,840.0,807.4,790.3,773.6,559.5,593.8,627.3,661.2,696.5,732.4,767.1,798.3,807.7,794.4,759.5,720.5,682.4,644.7,612.7,582.7,553.9,509.4,496.3,492.4,499.5,513.3,519.0,509.8,508.5,515.2,529.8,554.0,576.6,599.0,622.8,644.6,649.7,654.5,651.6,647.7,548.8,541.7,543.8,554.8,557.8,555.7,560.6,554.1,556.1,564.5,569.0,567.3,699.7,685.3,681.0,686.5,683.1,690.6,706.1,740.7,755.1,756.6,753.8,737.0,700.2,700.0,701.9,701.9,706.5,728.5,729.7,727.0,0.00,0.00,0.00,0.00,0.00,0.00,0.00,0.00,0.00,0.00,0.00,0.00,0.00,0.00,0.00,0.00,0.00,0.00,0.00,0.00,0.00,0.00,0.00,0.00,0.00,0.00,0.00,0.00,0.00,0.00,0.00,0.00,0.00,0.00,0.00
84,0,2.767,0.03,0,0.000000,0.000000,0.000000,0.000000,0.000000,0.000000,0.000,0.000,720.2,724.9,734.2,742.6,745.3,741.0,731.3,722.9,705.3,712.9,721.9,732.2,741.5,747.9,751.9,746.2,738.3,729.0,720.0,711.7,728.3,731.8,735.6,737.5,736.4,732.9,729.1,727.2,845.7,850.2,859.9,869.1,872.4,867.9,858.3,848.3,839.4,845.1,852.9,862.8,871.8,878.5,883.3,878.0,871.2,863.4,854.3,845.7,854.5,858.5,862.7,864.7,863.2,859.2,855.0,853.1,549.1,540.1,536.8,541.2,550.8,560.4,563.1,558.6,547.5,544.2,542.8,542.4,544.2,547.4,552.2,556.0,557.5,557.5,555.7,552.4,553.2,555.1,553.7,550.0,546.1,544.3,545.6,549.3,560.1,550.5,547.1,551.8,561.9,571.4,574.8,570.8,561.8,556.1,553.3,553.1,555.6,559.0,564.7,568.4,570.4,570.9,569.3,566.5,565.2,567.2,565.7,561.6,557.2,555.2,556.6,560.8,37.4,39.6,44.0,48.1,49.5,47.5,42.9,38.8,30.7,34.0,38.1,42.8,47.3,50.6,52.8,49.9,45.9,41.5,37.3,33.5,41.4,43.1,44.9,45.8,45.2,43.5,41.7,40.8,95.6,97.8,102.4,106.8,108.3,106.1,101.4,96.8,92.6,95.1,98.5,103.1,107.7,111.4,114.3,111.2,107.4,103.3,99.0,95.3,99.9,101.8,103.9,104.8,104.2,102.3,100.3,99.3,88.2,83.9,82.6,84.9,89.6,94.3,95.3,92.9,88.1,86.0,85.0,84.7,85.9,87.9,90.8,92.1,92.3,92.1,91.3,90.0,90.6,91.6,91.0,89.2,87.3,86.3,86.9,88.7,93.0,88.7,87.2,89.4,94.1,98.4,99.8,98.0,93.8,90.9,89.4,89.4,90.8,92.9,96.2,97.4,97.7,97.5,96.7,95.7,95.6,96.6,95.9,94.0,92.0,91.0,91.7,93.6,408.2,407.8,408.5,409.9,411.0,411.7,410.6,409.3,411.0,408.5,406.8,406.5,408.1,410.5,413.2,411.3,408.9,407.8,408.1,409.3,410.3,410.8,411.1,411.0,410.5,410.0,409.7,409.8,406.5,407.1,407.7,408.0,407.8,407.2,406.6,406.6,406.6,405.6,404.9,405.0,406.3,408.7,411.1,408.9,406.4,404.5,404.3,405.4,407.6,407.8,408.0,408.3,408.4,408.2,408.0,407.7,74.0,133.7,426.0,-0.016,0.141,0.013,645.7,643.8,643.9,647.4,657.3,677.1,705.2,743.2,788.8,835.0,872.6,902.7,919.8,926.8,930.5,933.1,932.1,679.6,698.3,723.2,750.1,774.4,825.2,850.8,875.7,897.5,909.6,800.9,799.9,799.6,799.2,765.7,780.8,795.2,809.8,822.9,705.0,721.2,740.2,755.4,738.7,720.5,836.4,854.0,872.4,885.7,871.3,853.5,726.9,749.4,776.6,792.5,808.6,833.3,849.3,831.8,807.4,789.6,771.5,745.4,736.7,776.0,792.0,808.2,840.0,807.5,790.5,774.0,559.0,593.3,627.0,661.1,696.6,732.5,767.1,798.2,807.5,794.2,759.2,720.2,682.3,645.0,613.3,583.6,555.1,509.3,496.5,492.5,499.5,513.2,518.8,509.8,508.6,515.4,529.8,553.9,576.5,598.9,622.6,644.5,649.6,654.3,651.5,647.6,548.9,542.0,544.0,554.8,557.7,555.8,560.4,554.1,556.3,564.5,568.8,567.1,699.8,685.3,680.8,686.3,682.9,690.6,706.1,740.7,755.2,756.8,754.0,737.2,700.3,700.0,701.9,701.9,706.5,728.1,729.4,726.7,0.00,0.00,0.00,0.00,0.00,0.00,0.00,0.00,0.00,0.00,0.00,0.00,0.00,0.00,0.00,0.00,0.00,0.00,0.00,0.00,0.00,0.00,0.00,0.00,0.00,0.00,0.00,0.00,0.00,0.00,0.00,0.00,0.00,0.00,0.00
85,0,2.800,0.03,0,0.000000,0.000000,0.000000,0.000000,0.000000,0.000000,0.000,0.000,720.4,725.1,734.6,743.4,746.3,742.0,732.0,723.3,705.7,713.3,722.5,732.6,742.0,748.7,753.0,747.2,739.2,730.0,720.8,712.3,728.7,732.4,736.4,738.4,737.2,733.5,729.5,727.5,845.7,850.7,860.7,869.9,872.9,868.0,858.0,847.9,839.3,845.5,853.6,863.8,872.7,879.3,883.7,878.6,871.8,863.9,854.6,845.8,854.4,858.4,862.8,865.0,863.6,859.6,855.2,853.1,548.6,539.3,535.9,540.3,550.1,560.0,562.8,558.3,546.9,543.8,542.5,542.1,543.8,547.1,552.0,555.6,557.0,557.1,555.3,551.9,552.9,554.8,553.3,549.4,545.3,543.4,544.9,548.8,559.5,549.9,546.7,551.9,562.4,572.0,575.2,570.7,561.5,556.2,553.7,553.7,556.2,559.5,564.9,568.5,570.5,571.0,569.2,566.3,565.0,567.3,565.9,561.7,557.1,554.8,556.2,560.5,36.9,39.0,43.5,47.6,49.1,47.2,42.5,38.3,30.4,33.7,37.7,42.3,46.8,50.2,52.5,49.6,45.6,41.3,37.1,33.3,40.9,42.7,44.6,45.5,44.9,43.1,41.2,40.3,93.2,95.5,100.3,104.6,106.0,103.6,98.9,94.3,90.3,92.8,96.4,101.1,105.6,109.2,112.0,109.0,105.2,101.1,96.8,93.0,97.5,99.4,101.4,102.5,101.9,100.0,97.9,96.8,86.6,82.3,80.8,83.1,87.8,92.6,93.7,91.3,86.4,84.5,83.5,83.3,84.4,86.4,89.2,90.5,90.6,90.4,89.6,88.3,89.0,90.0,89.4,87.5,85.5,84.6,85.2,87.0,90.4,86.1,84.8,87.3,92.1,96.4,97.6,95.5,91.3,88.6,87.4,87.5,89.0,91.1,94.2,95.3,95.5,95.3,94.4,93.2,93.2,94.3,93.7,91.9,89.8,88.7,89.2,91.1,401.8,401.4,402.0,403.3,404.4,405.1,404.1,402.9,404.6,402.1,400.4,400.0,401.6,403.9,406.6,404.6,402.4,401.3,401.5,402.9,403.8,404.3,404.6,404.4,404.0,403.5,403.2,403.3,396.4,396.8,397.6,398.2,398.3,397.8,397.0,396.7,396.3,395.3,394.8,395.2,396.8,399.4,402.1,399.7,397.1,395.1,394.6,395.4,397.8,398.0,398.4,398.6,398.5,398.3,397.9,397.7,74.0,133.8,426.3,-0.012,0.141,0.016,646.0,643.8,643.7,647.1,656.8,676.4,704.1,742.1,787.8,834.3,872.3,902.5,919.6,926.7,930.5,933.2,932.1,680.7,699.3,724.1,750.8,774.8,825.8,851.3,876.0,897.7,909.7,801.2,800.3,799.8,799.4,765.8,780.8,795.1,809.6,822.7,705.6,721.8,740.7,755.8,739.2,721.1,836.9,854.4,872.8,885.9,871.6,853.9,726.5,748.7,775.6,791.8,808.3,833.0,848.5,831.2,806.6,788.4,769.8,744.2,736.2,774.7,791.1,807.8,839.2,806.8,789.4,772.5,559.8,593.5,626.6,660.2,695.5,731.5,766.5,798.0,807.6,794.4,759.2,719.7,681.4,643.8,612.0,582.3,553.7,508.9,496.3,492.5,499.6,513.2,518.9,509.7,508.4,515.2,529.6,553.8,576.3,598.6,622.3,644.2,649.4,654.1,651.5,647.8,548.5,541.6,543.7,554.5,557.4,555.4,560.3,554.2,556.4,564.6,569.0,567.1,699.9,685.4,681.0,686.8,683.5,691.5,707.5,741.4,755.4,756.7,753.5,736.6,700.5,700.3,702.5,702.7,707.7,728.4,729.4,726.5,0.00,0.00,0.00,0.00,0.00,0.00,0.00,0.00,0.00,0.00,0.00,0.00,0.00,0.00,0.00,0.00,0.00,0.00,0.00,0.00,0.00,0.00,0.00,0.00,0.00,0.00,0.00,0.00,0.00,0.00,0.00,0.00,0.00,0.00,0.00
86,0,2.833,0.03,0,0.000000,0.000000,0.000000,0.000000,0.000000,0.000000,0.000,0.000,720.2,724.9,734.3,742.9,745.6,741.2,731.5,722.9,705.4,713.4,722.7,732.8,741.9,748.4,752.5,747.1,739.4,730.2,721.0,712.3,728.3,731.8,735.7,737.7,736.6,733.0,729.1,727.2,846.1,850.7,860.4,869.6,872.9,868.2,858.5,848.5,839.5,845.6,853.6,863.7,872.6,878.9,883.2,878.4,872.0,864.4,855.1,846.0,854.7,858.7,862.9,864.9,863.5,859.5,855.3,853.3,548.3,539.0,535.6,540.1,549.8,559.7,562.5,558.0,546.2,543.3,542.1,541.7,543.4,546.4,550.9,554.9,556.4,556.6,554.7,551.3,552.5,554.4,552.9,549.1,545.1,543.2,544.6,548.5,560.1,550.4,547.1,552.0,562.3,572.0,575.3,571.0,561.5,556.2,553.7,553.6,556.0,559.3,564.8,568.5,570.5,571.1,569.4,566.5,565.3,567.5,566.0,561.9,557.4,555.3,556.7,560.9,37.0,39.2,43.6,47.7,49.1,47.2,42.5,38.4,30.4,33.9,38.1,42.7,47.1,50.4,52.7,49.9,46.0,41.6,37.3,33.4,41.0,42.7,44.5,45.4,44.9,43.2,41.3,40.4,93.9,96.2,100.9,105.3,106.8,104.5,99.8,95.1,90.9,93.5,97.1,101.8,106.3,109.9,112.7,109.8,106.1,102.0,97.6,93.7,98.2,100.1,102.2,103.2,102.5,100.6,98.6,97.6,86.9,82.6,81.2,83.6,88.3,93.1,94.1,91.7,86.4,84.7,83.8,83.6,84.7,86.7,89.4,90.7,90.9,90.7,89.8,88.5,89.4,90.4,89.8,88.0,86.0,85.0,85.6,87.4,91.2,87.0,85.7,88.1,92.8,97.0,98.3,96.3,91.9,89.3,88.0,88.1,89.6,91.7,94.9,96.0,96.3,96.0,95.0,93.9,94.0,95.0,94.5,92.6,90.6,89.5,90.1,91.9,403.9,403.7,404.6,406.0,407.2,407.8,406.5,405.1,406.3,404.0,402.6,402.5,404.3,406.8,409.6,407.5,404.9,403.5,403.6,404.7,406.2,406.8,407.1,407.0,406.5,405.9,405.6,405.7,398.9,399.6,400.6,401.3,401.3,400.6,399.6,399.1,398.8,398.0,397.7,398.2,400.0,402.6,405.4,402.9,400.0,397.9,397.2,397.9,400.4,400.7,401.2,401.4,401.4,401.1,400.7,400.4,73.8,133.6,425.8,-0.020,0.141,0.020,646.1,643.7,643.5,647.0,656.8,676.4,703.9,741.6,787.2,833.8,871.7,902.0,919.3,926.6,930.5,933.2,932.1,681.3,699.8,724.5,751.1,775.0,826.4,851.8,876.5,898.0,909.9,801.6,800.7,800.3,799.8,766.1,781.0,795.2,809.8,822.8,705.6,721.9,740.6,755.8,739.2,721.2,837.1,854.7,873.1,886.1,871.8,854.1,726.0,748.3,775.4,791.5,808.0,832.8,848.4,830.6,805.7,787.6,769.1,743.6,735.8,774.3,790.7,807.3,839.1,806.1,788.8,772.0,560.1,593.6,626.5,660.0,695.3,731.3,766.4,798.1,808.0,795.1,759.9,720.4,682.0,644.4,612.7,583.0,554.5,508.4,496.0,492.2,499.3,513.0,518.9,509.7,508.4,515.4,529.8,553.4,575.8,598.1,621.6,643.9,649.1,653.8,651.3,647.8,547.9,541.2,543.2,553.9,556.7,554.7,560.1,554.2,556.5,564.8,569.0,567.0,699.8,685.4,681.1,687.0,683.9,692.1,708.3,742.0,755.7,756.8,753.4,736.2,700.5,700.7,702.9,703.3,708.4,728.5,729.3,726.2,0.00,0.00,0.00,0.00,0.00,0.00,0.00,0.00,0.00,0.00,0.00,0.00,0.00,0.00,0.00,0.00,0.00,0.00,0.00,0.00,0.00,0.00,0.00,0.00,0.00,0.00,0.00,0.00,0.00,0.00,0.00,0.00,0.00,0.00,0.00
87,0,2.867,0.03,0,0.000000,0.000000,0.000000,0.000000,0.000000,0.000000,0.000,0.000,719.1,723.8,733.7,742.7,745.8,741.5,731.2,722.1,704.9,712.5,721.7,731.7,741.1,748.0,752.4,746.7,738.8,729.5,720.1,711.5,727.7,731.5,735.7,737.7,736.4,732.5,728.4,726.4,845.9,850.8,860.8,869.9,872.9,868.0,858.0,848.0,838.7,845.2,853.6,863.8,872.8,879.2,883.5,878.4,871.7,863.7,854.3,845.2,854.5,858.4,862.7,864.9,863.6,859.6,855.3,853.2,548.3,538.7,535.0,539.3,549.2,559.3,562.5,558.2,546.1,543.5,542.4,542.1,543.5,546.4,551.0,554.7,556.4,556.6,554.7,551.1,552.4,554.2,552.6,548.6,544.4,542.6,544.1,548.2,559.5,549.9,546.6,551.7,562.2,571.9,575.1,570.6,560.9,555.9,553.5,553.6,556.1,559.3,564.6,568.3,570.3,570.8,568.9,565.9,564.9,567.1,565.7,561.5,557.0,554.7,556.1,560.3,35.9,38.0,42.5,46.8,48.4,46.5,41.7,37.4,29.6,32.9,37.0,41.5,45.9,49.3,51.7,48.8,44.9,40.6,36.4,32.5,40.0,41.8,43.8,44.7,44.0,42.2,40.3,39.4,92.6,94.9,99.6,103.9,105.4,103.0,98.3,93.7,89.4,92.1,95.7,100.4,104.9,108.6,111.3,108.3,104.5,100.4,96.0,92.1,96.8,98.7,100.8,101.8,101.1,99.3,97.2,96.2,85.5,81.0,79.4,81.7,86.5,91.4,92.6,90.3,85.0,83.3,82.5,82.3,83.3,85.1,87.8,89.1,89.3,89.2,88.3,87.0,87.8,88.8,88.1,86.2,84.2,83.2,83.9,85.8,89.7,85.5,84.2,86.7,91.5,95.7,97.0,94.8,90.4,87.9,86.7,86.8,88.4,90.5,93.5,94.6,94.9,94.6,93.6,92.4,92.5,93.6,93.0,91.2,89.1,88.0,88.6,90.4,397.2,396.6,397.2,398.6,400.0,401.0,400.0,398.6,399.5,397.3,395.7,395.5,397.1,399.5,402.2,400.4,398.1,396.9,397.0,398.2,399.4,400.0,400.3,400.0,399.4,398.8,398.6,398.8,393.4,393.8,394.7,395.5,395.8,395.4,394.6,394.0,393.6,392.5,392.1,392.5,394.4,397.2,400.1,397.6,394.8,392.7,392.0,392.7,395.1,395.5,395.8,396.0,395.9,395.5,395.1,395.0,73.4,133.3,425.4,-0.015,0.146,0.018,645.5,643.3,643.0,646.7,656.7,676.4,704.0,741.4,786.9,833.5,871.5,901.9,919.2,926.6,930.5,933.2,932.1,680.6,699.1,723.7,750.4,774.2,825.4,850.7,875.5,897.2,909.2,800.7,799.6,799.1,798.5,764.9,779.9,794.2,808.8,821.9,704.9,721.1,739.9,755.1,738.4,720.4,836.6,854.2,872.6,885.7,871.3,853.6,725.2,747.4,774.4,790.6,807.1,832.1,848.0,830.1,805.1,786.9,768.4,742.8,735.0,773.5,789.8,806.5,838.7,805.4,788.1,771.2,560.4,593.7,626.2,659.6,694.7,730.8,766.1,797.9,807.7,794.5,759.1,719.6,681.3,643.8,612.1,582.4,554.0,508.0,495.4,491.6,498.8,512.7,518.4,509.1,507.8,514.8,529.4,553.3,575.8,598.0,621.6,643.5,648.8,653.5,651.0,647.5,547.8,541.2,543.2,553.8,556.6,554.7,559.9,554.1,556.4,564.5,568.8,566.8,698.7,684.6,680.5,686.3,683.1,691.2,707.0,741.3,755.3,756.5,753.2,735.8,699.4,699.8,702.0,702.3,707.1,728.4,729.3,726.3,0.00,0.00,0.00,0.00,0.00,0.00,0.00,0.00,0.00,0.00,0.00,0.00,0.00,0.00,0.00,0.00,0.00,0.00,0.00,0.00,0.00,0.00,0.00,0.00,0.00,0.00,0.00,0.00,0.00,0.00,0.00,0.00,0.00,0.00,0.00
88,0,2.900,0.03,0,0.000000,0.000000,0.000000,0.000000,0.000000,0.000000,0.000,0.000,718.7,723.3,732.7,741.5,744.4,740.3,730.4,721.6,704.7,712.3,721.3,731.3,740.6,747.2,751.5,745.7,737.8,728.6,719.6,711.2,727.1,730.7,734.6,736.5,735.3,731.7,727.8,725.9,844.4,849.1,859.1,868.6,872.1,867.4,857.4,847.0,837.9,844.1,852.4,862.7,871.6,878.0,882.3,877.7,871.4,863.6,854.0,844.6,853.2,857.4,861.9,864.0,862.5,858.2,853.7,851.6,548.3,539.0,535.5,539.8,549.5,559.3,562.3,557.9,546.1,543.2,542.1,541.8,543.4,546.5,551.2,555.0,556.6,556.7,554.8,551.2,552.3,554.1,552.7,548.8,544.8,543.0,544.5,548.4,558.9,549.1,545.8,550.9,561.4,571.2,574.6,570.2,560.5,555.2,552.7,552.6,555.1,558.5,564.3,568.0,569.9,570.3,568.5,565.6,564.6,566.9,565.4,561.0,556.3,554.0,555.5,559.9,36.6,38.7,43.1,47.3,48.8,47.0,42.3,38.0,30.3,33.6,37.7,42.2,46.7,50.1,52.4,49.5,45.5,41.1,36.9,33.2,40.7,42.4,44.3,45.2,44.5,42.8,40.9,40.1,90.5,92.8,97.5,101.9,103.4,101.1,96.3,91.6,87.6,90.2,93.8,98.5,103.0,106.5,109.2,106.4,102.8,98.7,94.3,90.3,94.7,96.7,98.8,99.8,99.2,97.2,95.1,94.0,87.5,83.1,81.6,83.9,88.6,93.4,94.6,92.3,87.1,85.2,84.3,84.1,85.2,87.1,89.9,91.3,91.5,91.3,90.4,89.1,89.9,90.8,90.2,88.3,86.3,85.4,86.0,87.9,88.0,83.9,82.7,85.1,89.8,93.9,95.1,93.0,88.7,86.3,85.1,85.2,86.7,88.8,92.0,93.1,93.2,92.9,91.9,90.8,90.9,92.0,91.5,89.6,87.5,86.4,87.0,88.8,406.7,406.2,406.8,408.0,409.2,410.0,409.1,407.9,409.2,406.8,405.1,404.9,406.4,408.8,411.4,409.5,407.3,406.1,406.4,407.6,408.7,409.3,409.5,409.3,408.8,408.3,408.0,408.2,387.2,388.3,389.5,390.1,389.9,388.9,387.7,387.2,387.2,386.6,386.5,387.2,388.9,391.6,394.1,391.5,388.6,386.3,385.6,386.3,388.7,389.0,389.5,390.0,390.1,389.8,389.3,388.8,73.3,133.3,425.6,-0.013,0.146,0.012,644.9,642.7,642.7,646.6,657.1,677.0,704.5,741.8,787.2,833.5,871.4,901.7,918.9,926.3,930.3,933.1,932.2,680.2,698.8,723.4,750.0,773.6,824.1,849.4,874.2,896.0,908.3,799.7,798.6,798.0,797.4,764.1,779.2,793.6,808.2,821.3,704.4,720.7,739.5,754.7,738.1,720.0,835.8,853.4,871.9,885.0,870.7,852.9,725.5,747.6,774.6,790.5,806.8,831.8,847.7,830.2,805.4,787.5,769.2,743.5,735.3,773.8,789.9,806.3,838.5,805.5,788.4,771.7,561.2,594.6,627.3,660.8,695.7,731.5,766.6,798.0,807.5,794.0,758.6,719.0,680.5,642.9,611.0,581.4,552.9,507.9,495.4,491.7,498.8,512.4,518.0,508.7,507.4,514.4,529.1,552.9,575.4,597.5,621.0,643.3,648.5,653.1,650.4,646.8,547.8,541.0,543.0,553.8,556.7,554.7,559.6,553.6,555.8,564.0,568.3,566.5,699.0,684.6,680.1,685.8,682.5,690.4,706.3,741.0,755.3,756.7,753.5,736.3,699.6,699.4,701.5,701.6,706.5,728.4,729.5,726.6,0.00,0.00,0.00,0.00,0.00,0.00,0.00,0.00,0.00,0.00,0.00,0.00,0.00,0.00,0.00,0.00,0.00,0.00,0.00,0.00,0.00,0.00,0.00,0.00,0.00,0.00,0.00,0.00,0.00,0.00,0.00,0.00,0.00,0.00,0.00
89,0,2.933,0.03,0,0.000000,0.000000,0.000000,0.000000,0.000000,0.000000,0.000,0.000,716.6,721.5,731.2,740.0,742.8,738.4,728.3,719.5,702.2,710.0,719.4,729.6,739.0,745.6,749.9,744.2,736.3,727.0,717.6,708.9,725.0,728.7,732.8,734.8,733.6,729.9,725.9,723.8,843.1,848.1,858.3,867.7,870.8,865.7,855.6,845.4,836.6,842.9,851.1,861.4,870.7,877.7,882.8,877.0,869.7,861.3,851.9,843.1,852.0,856.2,860.7,862.9,861.6,857.4,852.9,850.6,548.2,538.8,535.3,539.8,549.6,559.6,562.5,558.0,546.0,543.2,542.2,541.9,543.6,546.7,551.4,555.1,556.7,556.8,554.8,551.1,552.4,554.3,552.8,548.8,544.7,542.8,544.3,548.3,558.3,548.5,545.3,550.5,561.1,570.8,574.1,569.5,560.2,555.1,552.7,552.7,555.2,558.4,563.5,567.2,569.2,569.7,568.0,565.0,563.9,566.2,564.7,560.4,555.7,553.4,554.8,559.2,34.8,37.0,41.4,45.6,47.0,45.1,40.4,36.2,28.4,31.8,35.9,40.5,44.9,48.3,50.6,47.7,43.8,39.5,35.2,31.4,38.8,40.6,42.5,43.4,42.8,41.0,39.1,38.2,90.8,93.1,97.7,102.0,103.4,101.1,96.4,91.9,87.9,90.4,93.9,98.4,103.0,106.8,109.8,106.6,102.6,98.5,94.2,90.5,95.0,96.9,99.0,100.0,99.4,97.5,95.4,94.4,85.5,81.1,79.6,82.0,86.7,91.5,92.6,90.3,85.0,83.3,82.4,82.3,83.4,85.3,88.1,89.3,89.5,89.3,88.4,87.0,87.9,88.9,88.2,86.4,84.4,83.4,84.0,85.9,88.6,84.3,82.9,85.3,90.1,94.4,95.7,93.7,89.5,86.9,85.7,85.7,87.1,89.1,92.1,93.2,93.5,93.3,92.5,91.4,91.4,92.4,91.8,89.9,87.8,86.7,87.3,89.3,397.5,397.0,397.6,399.0,400.3,401.2,400.1,398.8,399.9,397.6,395.9,395.8,397.4,399.9,402.6,400.7,398.3,397.1,397.2,398.4,399.6,400.2,400.5,400.3,399.7,399.1,398.9,399.1,391.1,391.3,391.7,392.0,392.0,391.8,391.4,391.3,391.2,389.9,389.1,389.1,390.6,393.1,395.8,393.4,391.0,389.2,389.0,390.1,392.2,392.3,392.5,392.6,392.6,392.5,392.3,392.2,72.7,132.6,424.1,-0.002,0.148,0.006,643.9,641.8,641.7,645.8,656.5,676.7,704.8,742.1,787.6,834.0,871.8,902.0,919.1,926.2,930.1,932.6,931.5,678.1,697.1,721.8,748.3,771.9,822.5,848.0,872.9,894.5,906.7,798.0,796.7,796.1,795.5,762.3,777.6,792.3,807.0,820.3,702.3,718.6,737.4,752.8,736.0,717.9,834.5,852.1,870.6,883.9,869.5,851.6,724.6,746.7,773.7,790.0,806.9,832.2,848.3,831.3,806.6,788.0,769.3,743.1,734.3,773.3,789.7,806.8,839.0,806.4,788.6,771.6,559.8,593.2,626.1,659.9,695.1,731.1,766.1,797.7,806.9,792.8,756.9,717.6,679.6,642.7,611.4,582.3,554.4,507.1,495.0,491.5,498.6,512.3,517.6,508.5,507.2,514.2,528.7,553.4,575.9,598.1,621.6,643.6,648.6,653.2,650.3,646.5,547.9,541.0,543.2,554.0,556.7,554.7,559.6,553.3,555.3,563.4,567.7,566.1,698.2,683.9,679.4,684.8,681.2,688.4,703.7,738.9,754.5,756.5,753.7,736.6,698.6,698.2,700.1,699.8,704.1,728.2,729.9,727.2,0.00,0.00,0.00,0.00,0.00,0.00,0.00,0.00,0.00,0.00,0.00,0.00,0.00,0.00,0.00,0.00,0.00,0.00,0.00,0.00,0.00,0.00,0.00,0.00,0.00,0.00,0.00,0.00,0.00,0.00,0.00,0.00,0.00,0.00,0.00
90,0,2.967,0.03,0,0.000000,0.000000,0.000000,0.000000,0.000000,0.000000,0.000,0.000,716.4,720.9,730.1,738.5,741.2,737.1,727.5,719.1,703.0,710.5,719.2,729.1,738.1,744.5,748.8,743.1,735.2,726.1,717.3,709.2,724.6,728.0,731.8,733.6,732.5,729.0,725.3,723.5,842.7,847.3,857.2,866.7,870.2,865.6,855.7,845.4,835.7,841.8,850.1,860.5,869.7,876.2,880.5,875.8,869.3,861.4,851.7,842.3,851.8,855.7,859.8,861.7,860.3,856.4,852.3,850.4,548.1,539.2,536.1,540.6,550.0,559.6,562.1,557.6,546.0,542.9,541.7,541.5,543.5,546.9,551.6,555.5,556.7,556.7,554.7,551.2,552.5,554.3,553.0,549.3,545.5,543.6,544.9,548.6,559.0,549.0,545.4,550.3,560.8,570.8,574.4,570.2,560.7,555.1,552.3,552.0,554.5,557.7,563.4,567.2,569.3,569.9,568.3,565.5,564.0,566.0,564.5,560.4,556.1,554.1,555.5,559.7,36.6,38.7,43.2,47.3,48.7,46.8,42.1,38.0,30.3,33.8,37.8,42.5,46.9,50.2,52.6,49.6,45.5,41.1,37.0,33.2,40.7,42.3,44.2,45.1,44.5,42.8,41.0,40.1,90.1,92.3,97.0,101.4,103.0,100.8,96.1,91.4,87.0,89.6,93.2,97.9,102.5,106.1,108.8,106.0,102.3,98.3,93.8,89.8,94.6,96.4,98.3,99.3,98.6,96.8,94.8,93.9,90.1,85.8,84.4,86.7,91.4,96.1,97.1,94.8,89.6,87.7,86.7,86.5,87.8,89.8,92.7,94.1,94.2,93.9,93.0,91.7,92.5,93.5,92.9,91.1,89.2,88.2,88.8,90.6,88.5,84.2,82.8,85.1,89.9,94.2,95.6,93.6,89.3,86.6,85.3,85.3,86.8,88.8,92.0,93.2,93.4,93.2,92.3,91.2,91.1,92.1,91.5,89.7,87.8,86.8,87.4,89.1,418.9,418.7,419.2,420.1,420.9,421.4,420.5,419.6,421.7,419.2,417.5,417.1,418.5,420.6,423.1,421.1,418.8,417.7,418.1,419.7,420.6,421.0,421.2,421.1,420.8,420.4,420.2,420.3,389.1,389.7,390.7,391.5,391.7,391.1,390.1,389.5,389.2,388.3,388.0,388.6,390.4,393.1,395.8,393.4,390.6,388.4,387.7,388.4,390.8,391.1,391.5,391.7,391.7,391.3,390.9,390.7,72.6,132.6,424.1,0.024,0.145,-0.004,643.2,640.8,640.6,644.9,656.3,677.1,705.5,743.1,788.5,834.7,872.1,902.0,918.9,926.0,929.7,932.0,930.9,677.8,696.6,721.1,747.5,770.8,822.2,847.8,872.9,894.4,906.0,797.0,795.6,794.9,794.2,761.0,776.6,791.5,806.5,820.1,702.1,718.2,737.1,752.2,735.6,717.5,833.8,851.3,869.7,882.9,868.7,850.9,724.0,746.5,773.7,790.2,807.2,832.8,849.4,832.4,807.7,789.0,770.2,743.5,733.7,773.5,790.0,807.3,840.1,807.2,789.2,772.1,558.1,591.8,625.2,659.4,694.8,730.9,766.0,797.5,806.2,791.4,755.1,715.5,677.4,640.4,609.1,579.9,551.9,506.9,494.9,491.4,498.4,512.0,517.4,508.2,506.9,514.3,529.2,553.6,576.5,598.9,622.7,644.1,649.2,653.7,650.5,646.2,547.9,541.0,543.2,554.0,556.8,554.7,559.5,553.2,555.1,563.1,567.5,566.1,697.4,684.2,680.2,685.4,681.7,687.7,701.6,737.6,753.9,756.3,753.7,736.5,697.9,698.4,700.1,699.5,702.3,728.5,730.5,727.9,0.00,0.00,0.00,0.00,0.00,0.00,0.00,0.00,0.00,0.00,0.00,0.00,0.00,0.00,0.00,0.00,0.00,0.00,0.00,0.00,0.00,0.00,0.00,0.00,0.00,0.00,0.00,0.00,0.00,0.00,0.00,0.00,0.00,0.00,0.00
91,0,3.000,0.03,0,0.000000,0.000000,0.000000,0.000000,0.000000,0.000000,0.000,0.000,715.7,720.3,729.6,738.2,741.1,736.9,727.1,718.6,701.2,708.9,718.1,727.9,736.9,743.4,747.5,741.9,734.2,725.3,716.3,707.8,723.8,727.5,731.4,733.3,732.1,728.5,724.6,722.6,841.2,846.1,856.2,865.6,868.8,863.9,853.8,843.6,834.9,840.9,849.0,859.0,868.2,875.2,880.2,874.7,867.4,859.1,849.8,841.2,850.3,854.4,858.7,860.8,859.4,855.4,851.1,849.0,548.8,539.6,536.1,540.5,550.0,559.9,562.8,558.4,546.3,543.5,542.3,542.2,544.0,547.3,552.3,555.8,557.0,557.0,555.0,551.4,553.0,554.8,553.3,549.4,545.4,543.6,545.0,548.9,558.4,548.7,545.4,550.5,560.9,570.6,573.9,569.5,560.9,555.5,552.8,552.8,555.3,558.6,563.9,567.4,569.3,569.7,568.1,565.4,563.8,566.0,564.6,560.4,555.9,553.7,555.1,559.3,35.4,37.5,41.9,46.1,47.6,45.7,41.0,36.8,28.8,32.2,36.3,40.9,45.3,48.6,50.9,48.0,44.1,39.8,35.6,31.8,39.4,41.1,43.0,43.9,43.3,41.5,39.7,38.8,91.5,93.9,98.6,102.9,104.2,101.9,97.2,92.6,88.7,91.1,94.6,99.2,103.6,107.4,110.3,107.2,103.3,99.1,94.9,91.3,95.9,97.7,99.8,100.8,100.2,98.3,96.3,95.3,88.2,83.9,82.4,84.7,89.4,94.2,95.3,93.0,87.6,85.8,84.9,84.8,86.0,88.0,90.9,92.2,92.2,91.9,91.0,89.6,90.7,91.6,91.0,89.2,87.1,86.2,86.8,88.7,90.2,85.9,84.5,86.8,91.5,95.8,97.2,95.3,91.4,88.7,87.3,87.3,88.7,90.7,93.6,94.8,95.0,94.8,94.1,93.1,92.9,93.9,93.3,91.4,89.4,88.4,89.0,90.9,408.9,408.6,409.3,410.7,411.8,412.5,411.4,410.1,411.4,409.1,407.4,407.2,408.9,411.2,413.9,411.9,409.6,408.3,408.4,409.7,411.0,411.6,411.9,411.8,411.3,410.7,410.4,410.5,397.9,398.4,398.8,398.9,398.6,398.1,397.7,397.9,398.1,397.0,396.2,396.1,397.3,399.6,401.9,399.8,397.4,395.7,395.7,396.9,398.9,398.9,399.1,399.3,399.4,399.4,399.2,399.0,72.3,132.6,424.2,0.028,0.147,-0.011,642.2,640.1,640.0,644.4,656.1,677.3,706.2,744.2,789.9,835.9,872.9,902.3,919.0,925.8,929.3,931.4,930.3,676.2,694.8,719.3,745.9,769.4,820.1,846.0,871.2,892.9,904.5,795.4,794.0,793.4,792.7,759.8,775.5,790.6,805.8,819.5,700.9,716.9,735.7,750.8,734.4,716.3,832.5,849.9,868.2,881.6,867.3,849.6,723.7,746.4,773.7,790.0,806.7,832.6,850.0,833.0,808.3,789.9,771.4,744.1,733.4,773.9,790.1,807.1,840.8,807.5,789.8,772.9,558.0,591.8,625.2,659.4,694.8,731.1,766.1,797.6,805.9,790.6,754.3,715.1,677.3,640.5,609.3,580.3,552.6,508.0,495.6,491.8,498.7,512.4,517.7,508.5,507.2,514.7,529.7,554.1,576.7,599.0,622.6,644.2,649.2,653.6,650.1,645.6,548.6,541.6,543.8,554.4,557.3,555.2,559.8,553.5,555.3,563.1,567.5,566.2,696.5,684.0,680.2,685.1,681.3,686.6,699.5,736.2,753.1,755.7,753.4,736.5,697.0,697.8,699.3,698.5,700.4,728.2,730.5,728.1,0.00,0.00,0.00,0.00,0.00,0.00,0.00,0.00,0.00,0.00,0.00,0.00,0.00,0.00,0.00,0.00,0.00,0.00,0.00,0.00,0.00,0.00,0.00,0.00,0.00,0.00,0.00,0.00,0.00,0.00,0.00,0.00,0.00,0.00,0.00
92,0,3.033,0.03,0,0.000000,0.000000,0.000000,0.000000,0.000000,0.000000,0.000,0.000,714.8,719.5,729.0,737.5,740.2,735.9,726.1,717.5,700.6,708.5,717.5,727.4,736.4,742.6,746.5,740.7,733.1,724.2,715.3,707.1,722.5,726.4,730.7,732.8,731.6,727.7,723.5,721.3,840.4,845.2,855.2,864.7,868.1,863.3,853.2,842.9,833.7,839.9,848.1,858.3,867.3,874.2,879.0,873.8,866.8,858.6,849.1,840.1,849.5,853.5,857.8,859.8,858.4,854.4,850.2,848.1,548.8,539.6,536.2,540.7,550.4,560.2,563.0,558.5,546.2,543.5,542.5,542.4,544.4,547.7,552.6,556.2,557.6,557.5,555.2,551.5,553.4,555.4,553.9,549.7,545.3,543.3,544.8,549.0,558.8,549.1,545.7,550.8,561.2,570.9,574.2,569.9,561.2,555.6,552.7,552.5,555.0,558.5,564.1,567.7,569.5,569.9,568.3,565.7,564.2,566.3,564.9,560.8,556.4,554.3,555.7,559.8,34.8,37.0,41.5,45.6,47.0,45.1,40.3,36.2,28.4,31.9,36.0,40.6,44.9,48.1,50.2,47.3,43.5,39.2,35.1,31.3,38.6,40.5,42.6,43.6,42.9,41.0,39.0,38.0,90.2,92.6,97.3,101.7,103.1,100.7,96.0,91.4,87.3,89.9,93.5,98.1,102.5,106.2,109.0,106.1,102.2,98.0,93.7,89.9,94.6,96.5,98.5,99.5,98.9,97.0,95.0,94.0,87.9,83.6,82.2,84.6,89.4,94.1,95.1,92.7,87.2,85.5,84.7,84.7,85.9,88.0,90.9,92.1,92.2,91.9,90.8,89.3,90.5,91.6,91.0,89.0,86.9,85.8,86.4,88.4,89.5,85.3,84.0,86.3,91.0,95.2,96.5,94.5,90.7,87.9,86.5,86.5,87.9,90.0,93.1,94.2,94.4,94.1,93.3,92.4,92.2,93.2,92.6,90.9,88.9,87.9,88.5,90.3,407.5,407.3,408.1,409.5,410.7,411.3,410.1,408.7,409.8,407.6,406.1,406.1,407.8,410.1,412.7,410.7,408.4,407.1,407.1,408.2,409.7,410.3,410.7,410.6,410.1,409.5,409.1,409.2,394.1,394.9,395.6,395.9,395.6,394.8,394.0,393.9,394.2,393.4,392.9,393.1,394.5,396.9,399.2,396.9,394.2,392.3,392.1,393.1,395.2,395.3,395.6,396.0,396.1,396.0,395.7,395.4,71.8,132.3,423.1,0.032,0.151,-0.014,641.2,639.0,639.1,643.8,655.7,677.2,706.4,744.7,790.3,836.3,873.1,902.4,918.8,925.4,928.8,930.9,929.6,675.6,694.1,718.4,744.9,768.4,819.4,844.9,870.1,891.8,903.6,794.7,793.4,792.7,792.0,759.3,774.9,790.0,805.0,818.7,700.2,716.2,734.9,750.1,733.7,715.6,831.6,849.1,867.5,880.9,866.5,848.8,723.7,746.1,773.2,788.9,804.8,830.5,848.3,830.9,806.3,788.7,770.8,743.9,733.3,773.4,789.0,805.2,839.0,805.6,788.7,772.5,557.1,591.1,624.8,659.2,694.8,731.0,765.9,797.0,805.1,789.8,753.7,714.5,676.7,639.9,608.8,579.5,551.6,508.7,496.2,492.3,499.3,513.0,518.2,508.9,507.3,514.6,529.6,554.2,577.2,599.8,623.7,644.7,649.7,654.2,650.6,646.1,548.7,541.9,544.1,554.7,557.5,555.5,560.0,553.6,555.4,563.1,567.7,566.3,696.8,684.6,680.9,685.8,682.1,687.6,700.2,736.9,753.2,755.6,753.3,736.5,697.3,698.4,699.9,699.2,701.2,728.3,730.3,728.1,0.00,0.00,0.00,0.00,0.00,0.00,0.00,0.00,0.00,0.00,0.00,0.00,0.00,0.00,0.00,0.00,0.00,0.00,0.00,0.00,0.00,0.00,0.00,0.00,0.00,0.00,0.00,0.00,0.00,0.00,0.00,0.00,0.00,0.00,0.00
93,0,3.067,0.03,0,0.000000,0.000000,0.000000,0.000000,0.000000,0.000000,0.000,0.000,714.8,719.4,728.8,737.6,740.5,736.4,726.5,717.8,700.9,708.3,717.1,726.8,735.9,742.5,746.8,741.0,733.1,724.1,715.3,707.2,722.9,726.8,731.0,733.1,731.7,727.9,723.7,721.6,840.4,845.4,855.6,865.0,868.2,863.2,853.0,842.9,834.3,839.9,847.8,857.6,867.1,875.0,881.0,874.6,866.3,857.3,848.0,839.9,850.0,854.0,858.3,860.4,859.1,855.1,850.8,848.6,549.6,540.4,537.0,541.5,551.2,561.1,563.8,559.3,547.6,544.7,543.6,543.5,545.4,548.8,553.8,557.2,558.4,558.2,556.1,552.6,554.2,556.2,554.7,550.6,546.3,544.3,545.8,549.9,558.9,549.0,545.6,550.5,561.0,570.9,574.3,570.1,560.9,555.7,553.1,553.2,555.7,559.0,564.2,567.8,569.7,570.0,568.3,565.6,564.2,566.3,564.9,560.7,556.2,554.1,555.6,559.8,35.1,37.2,41.7,45.9,47.4,45.5,40.8,36.5,28.8,32.1,36.1,40.5,44.9,48.3,50.6,47.6,43.7,39.4,35.3,31.6,39.1,40.9,43.0,43.9,43.3,41.4,39.4,38.4,90.5,92.8,97.3,101.3,102.6,100.3,95.8,91.6,87.9,90.1,93.3,97.5,101.8,105.8,109.0,105.6,101.4,97.1,93.2,90.0,94.8,96.6,98.5,99.4,98.9,97.2,95.3,94.3,88.9,84.6,83.1,85.4,90.2,95.0,96.0,93.7,88.6,86.7,85.8,85.7,86.9,89.0,91.8,93.0,93.1,92.8,91.9,90.5,91.5,92.5,91.9,89.9,87.8,86.8,87.4,89.4,89.8,85.4,83.7,85.8,90.4,94.8,96.4,94.8,90.9,88.2,86.7,86.5,87.7,89.6,92.3,93.6,94.0,93.9,93.4,92.6,92.2,93.1,92.4,90.5,88.6,87.7,88.4,90.3,410.4,410.2,410.9,411.9,412.8,413.3,412.3,411.2,413.2,410.9,409.1,408.8,410.1,412.2,414.6,412.7,410.6,409.6,409.9,411.4,412.3,412.7,413.0,412.9,412.6,412.1,411.8,411.9,395.1,395.3,394.9,394.1,393.4,393.2,393.7,394.8,395.9,394.2,392.8,391.9,392.2,393.8,395.7,394.0,392.2,391.3,392.1,394.1,395.2,394.9,394.7,394.8,395.0,395.4,395.6,395.5,71.7,132.7,423.7,0.028,0.153,-0.014,640.6,638.9,639.2,643.7,655.3,676.4,705.7,744.2,790.1,836.5,873.6,903.0,918.9,925.1,928.4,930.7,929.6,674.7,693.3,717.8,744.4,768.3,819.1,844.7,869.8,891.6,903.7,794.7,793.3,792.5,791.8,759.1,774.7,789.6,804.6,818.1,700.0,716.1,734.8,749.9,733.5,715.4,831.5,848.9,867.3,880.8,866.4,848.6,723.7,745.8,772.7,788.1,803.7,829.0,846.6,829.3,805.0,787.7,770.1,743.5,733.2,772.9,788.2,804.1,837.3,804.4,787.9,771.9,557.9,591.9,625.6,660.2,695.7,731.8,766.4,797.2,805.1,789.5,753.2,714.0,676.0,639.5,608.5,579.5,551.6,509.5,496.9,493.0,500.0,513.7,518.5,509.3,507.7,514.6,529.3,554.7,577.5,599.9,623.6,644.8,649.7,654.1,650.8,646.4,549.6,542.9,545.0,555.5,558.5,556.5,560.3,554.0,555.7,563.4,568.0,566.8,698.1,685.1,681.2,686.0,682.3,688.2,701.4,737.4,753.3,755.6,753.4,737.0,698.3,698.7,700.1,699.4,702.2,728.4,730.4,728.3,0.00,0.00,0.00,0.00,0.00,0.00,0.00,0.00,0.00,0.00,0.00,0.00,0.00,0.00,0.00,0.00,0.00,0.00,0.00,0.00,0.00,0.00,0.00,0.00,0.00,0.00,0.00,0.00,0.00,0.00,0.00,0.00,0.00,0.00,0.00
94,0,3.100,0.03,0,0.000000,0.000000,0.000000,0.000000,0.000000,0.000000,0.000,0.000,714.9,719.6,729.0,737.9,740.9,736.8,726.8,717.9,701.3,708.3,717.0,726.8,736.3,743.0,747.4,741.3,733.2,724.1,715.2,707.4,723.1,727.2,731.5,733.6,732.2,728.2,723.9,721.8,840.9,845.4,855.2,864.5,867.9,863.4,853.7,843.6,834.0,840.1,848.3,858.2,866.9,873.4,877.8,873.0,866.4,858.6,849.2,840.3,850.0,853.7,857.7,859.6,858.2,854.4,850.4,848.6,550.5,541.4,538.0,542.4,552.0,561.7,564.5,560.1,548.3,545.3,544.1,543.9,545.9,549.5,554.7,557.9,559.1,558.9,556.9,553.3,555.0,557.0,555.5,551.3,546.9,544.9,546.4,550.6,560.0,550.3,546.8,551.6,561.9,571.6,575.1,571.0,562.0,556.2,553.4,553.2,555.5,558.9,564.4,568.1,570.1,570.7,569.1,566.5,565.0,566.9,565.5,561.6,557.4,555.4,556.8,560.8,35.0,37.1,41.6,45.8,47.3,45.5,40.7,36.5,28.9,32.0,35.8,40.3,44.8,48.2,50.6,47.5,43.5,39.2,35.1,31.6,39.0,40.9,43.0,43.9,43.2,41.3,39.3,38.3,92.3,94.5,99.2,103.7,105.3,103.0,98.3,93.5,89.1,91.7,95.4,100.1,104.5,108.1,110.9,108.0,104.2,100.1,95.7,91.8,96.8,98.6,100.5,101.5,100.8,99.0,97.1,96.1,89.0,84.6,83.1,85.3,90.0,94.8,96.0,93.7,88.7,86.7,85.7,85.4,86.6,88.7,91.7,92.8,93.0,92.7,91.9,90.6,91.5,92.5,91.8,89.8,87.6,86.6,87.3,89.3,91.9,87.6,86.2,88.5,93.3,97.6,98.9,96.9,92.8,90.0,88.6,88.6,90.0,92.2,95.3,96.5,96.7,96.5,95.6,94.6,94.5,95.5,94.9,93.1,91.2,90.2,90.8,92.6,408.7,408.1,408.3,409.2,410.3,411.2,410.6,409.7,412.0,409.3,407.1,406.4,407.6,409.6,412.1,410.4,408.6,407.9,408.5,410.1,410.4,410.8,410.9,410.7,410.2,409.8,409.7,410.0,401.8,402.6,403.6,404.2,404.2,403.4,402.5,402.0,401.9,401.1,400.9,401.3,402.9,405.4,407.8,405.5,402.7,400.6,400.2,401.0,403.4,403.6,404.0,404.3,404.3,404.1,403.7,403.4,71.7,133.0,423.4,0.022,0.147,-0.013,640.3,638.7,639.2,643.7,654.8,675.5,704.5,743.1,789.5,836.3,873.9,903.3,919.2,925.2,928.3,930.6,929.4,674.5,692.6,717.3,744.3,768.6,818.9,844.5,869.7,891.7,903.7,795.0,793.8,793.2,792.7,760.0,775.5,790.3,805.2,818.6,700.2,716.2,735.0,750.2,733.8,715.6,831.6,849.0,867.4,880.8,866.5,848.7,724.0,745.8,772.4,788.5,804.9,829.9,846.7,829.9,805.8,787.8,769.6,743.4,733.7,772.5,788.5,805.1,837.3,805.2,788.0,771.4,559.1,593.0,626.3,660.5,695.9,732.0,766.9,797.9,806.2,790.9,754.3,714.5,676.1,639.2,608.3,579.4,551.5,511.2,498.2,493.9,500.8,514.3,519.0,509.6,507.9,514.9,529.7,555.2,578.0,600.6,624.4,646.1,651.0,655.4,652.2,648.0,550.4,543.6,545.5,556.2,559.2,557.3,560.6,554.3,556.1,563.8,568.6,567.2,701.0,687.4,683.1,688.2,684.4,690.8,704.8,739.2,754.4,756.7,754.2,738.3,701.2,701.3,702.9,702.4,705.4,728.9,730.8,728.4,0.00,0.00,0.00,0.00,0.00,0.00,0.00,0.00,0.00,0.00,0.00,0.00,0.00,0.00,0.00,0.00,0.00,0.00,0.00,0.00,0.00,0.00,0.00,0.00,0.00,0.00,0.00,0.00,0.00,0.00,0.00,0.00,0.00,0.00,0.00
95,0,3.133,0.03,0,0.000000,0.000000,0.000000,0.000000,0.000000,0.000000,0.000,0.000,715.0,719.6,729.1,738.0,741.1,737.0,726.9,718.0,700.9,708.2,717.1,726.9,736.3,743.1,747.6,741.6,733.6,724.4,715.4,707.2,723.2,727.2,731.6,733.7,732.3,728.2,723.9,721.8,840.9,845.7,855.7,865.1,868.3,863.6,853.6,843.4,834.1,840.3,848.5,858.5,867.5,874.2,878.9,873.7,866.7,858.6,849.2,840.4,850.1,853.9,858.0,860.0,858.7,854.8,850.7,848.7,550.4,541.1,537.7,542.1,551.8,561.7,564.6,560.1,548.3,545.5,544.2,544.1,546.0,549.5,554.5,557.8,558.9,558.7,556.7,553.3,555.0,557.0,555.5,551.2,546.8,544.8,546.3,550.6,559.4,549.6,546.3,551.3,561.7,571.5,574.8,570.5,561.6,556.2,553.6,553.7,556.1,559.3,564.4,568.1,570.0,570.6,568.9,566.1,564.5,566.6,565.2,561.2,556.9,554.8,556.2,560.2,34.7,36.8,41.3,45.5,47.0,45.2,40.5,36.2,28.4,31.6,35.6,40.1,44.5,47.9,50.3,47.3,43.4,39.0,34.9,31.2,38.7,40.6,42.7,43.6,42.9,41.0,39.0,38.0,91.7,94.0,98.8,103.2,104.7,102.3,97.6,92.9,88.7,91.2,94.8,99.4,103.9,107.6,110.4,107.4,103.6,99.4,95.1,91.3,96.2,98.0,100.0,100.9,100.3,98.5,96.6,95.6,88.2,83.8,82.3,84.6,89.3,94.0,95.2,92.9,87.9,86.0,85.1,84.9,86.0,88.1,90.9,92.1,92.1,91.9,91.0,89.8,90.7,91.7,91.1,89.1,86.9,85.9,86.6,88.6,91.0,86.7,85.3,87.7,92.4,96.8,98.2,96.1,92.1,89.4,88.1,88.1,89.6,91.6,94.5,95.7,95.9,95.7,94.9,93.9,93.7,94.7,94.1,92.3,90.3,89.4,89.9,91.7,405.2,404.9,405.3,406.3,407.2,407.9,407.1,406.1,408.3,405.8,403.9,403.4,404.7,406.8,409.2,407.4,405.4,404.4,404.9,406.4,407.0,407.4,407.6,407.5,407.1,406.7,406.4,406.6,399.5,400.0,400.7,401.1,401.1,400.6,399.9,399.7,399.6,398.6,398.0,398.2,399.6,402.0,404.4,402.3,399.7,397.8,397.6,398.6,400.8,401.0,401.3,401.5,401.5,401.3,401.0,400.8,71.6,133.2,423.7,0.021,0.149,-0.012,640.9,639.3,639.5,643.8,654.3,674.6,703.6,742.4,788.8,835.8,873.1,902.7,918.7,924.9,928.3,930.7,929.5,674.9,692.8,717.3,744.3,768.5,818.9,844.4,869.5,891.5,903.6,795.1,793.9,793.4,792.8,760.2,775.5,790.2,805.0,818.1,700.3,716.3,735.0,750.2,733.8,715.8,831.7,849.1,867.4,880.7,866.5,848.7,724.4,746.2,772.7,788.0,803.4,828.1,844.9,827.9,804.0,786.9,769.5,743.4,734.0,772.6,787.9,803.5,835.8,803.5,787.2,771.4,562.2,595.2,627.6,661.0,695.9,731.8,766.9,798.3,806.8,791.4,754.7,714.6,676.0,638.9,607.9,579.0,551.3,511.4,498.3,494.0,500.9,514.4,519.0,509.7,507.9,514.8,529.6,555.2,578.1,600.8,624.8,646.0,651.0,655.4,652.3,648.0,550.4,543.6,545.5,556.1,559.1,557.3,560.5,554.3,556.1,563.8,568.6,567.2,700.7,687.3,683.1,688.2,684.6,691.1,705.1,740.0,754.8,756.7,754.3,738.2,700.9,701.0,702.7,702.3,705.6,729.4,731.1,728.7,0.00,0.00,0.00,0.00,0.00,0.00,0.00,0.00,0.00,0.00,0.00,0.00,0.00,0.00,0.00,0.00,0.00,0.00,0.00,0.00,0.00,0.00,0.00,0.00,0.00,0.00,0.00,0.00,0.00,0.00,0.00,0.00,0.00,0.00,0.00
96,0,3.167,0.03,0,0.000000,0.000000,0.000000,0.000000,0.000000,0.000000,0.000,0.000,714.8,719.4,728.9,737.9,741.0,737.0,726.9,717.9,701.0,708.3,717.2,727.2,736.6,743.4,747.8,741.7,733.7,724.5,715.4,707.3,723.1,727.2,731.5,733.6,732.2,728.1,723.8,721.7,841.1,845.7,855.5,864.8,868.2,863.6,853.8,843.7,834.2,840.2,848.4,858.5,867.4,873.9,878.3,873.5,866.9,859.1,849.6,840.5,850.2,854.0,858.0,859.8,858.5,854.7,850.7,848.8,550.3,541.0,537.5,541.9,551.6,561.5,564.4,560.0,548.4,545.3,544.1,543.8,545.8,549.3,554.5,557.7,558.9,558.7,556.7,553.3,554.8,556.8,555.2,551.0,546.6,544.6,546.2,550.4,560.0,550.3,546.8,551.7,562.0,571.7,575.2,571.0,561.7,556.3,553.6,553.5,555.9,559.1,564.5,568.2,570.2,570.7,569.0,566.3,565.0,566.9,565.5,561.6,557.4,555.5,556.8,560.8,34.5,36.6,41.0,45.3,46.8,45.0,40.3,36.0,28.4,31.5,35.5,40.0,44.5,47.9,50.2,47.2,43.3,38.9,34.8,31.2,38.5,40.5,42.5,43.4,42.7,40.8,38.8,37.8,92.1,94.3,99.0,103.5,105.0,102.8,98.0,93.3,88.9,91.5,95.1,99.8,104.3,108.0,110.7,107.9,104.1,100.0,95.5,91.6,96.6,98.4,100.3,101.2,100.6,98.8,96.9,96.0,87.8,83.4,81.9,84.1,88.8,93.6,94.8,92.5,87.6,85.7,84.6,84.4,85.6,87.7,90.7,91.7,91.8,91.6,90.8,89.5,90.3,91.3,90.6,88.6,86.5,85.5,86.2,88.2,91.6,87.2,85.9,88.2,93.0,97.3,98.7,96.6,92.3,89.7,88.4,88.4,89.9,91.9,95.0,96.2,96.4,96.1,95.3,94.2,94.2,95.1,94.6,92.8,90.9,89.9,90.5,92.3,403.8,403.4,403.7,404.7,405.7,406.5,405.8,404.8,406.9,404.4,402.4,401.9,403.2,405.3,407.8,406.0,404.1,403.2,403.6,405.1,405.6,406.1,406.2,406.0,405.6,405.1,405.0,405.2,400.5,401.2,402.1,402.8,402.8,402.1,401.2,400.7,400.7,399.8,399.5,399.8,401.5,404.0,406.5,404.2,401.5,399.3,398.9,399.7,402.0,402.3,402.7,402.9,402.9,402.7,402.3,402.0,71.6,133.1,423.7,0.025,0.144,-0.007,641.1,639.4,639.5,643.4,653.5,673.4,702.0,740.6,787.0,834.1,871.9,902.0,918.5,925.0,928.4,930.8,929.6,675.1,693.1,717.7,744.7,768.9,819.3,844.8,869.8,891.7,903.8,795.5,794.4,794.0,793.5,760.7,775.9,790.6,805.3,818.4,700.4,716.4,735.2,750.4,734.0,715.9,831.9,849.2,867.6,880.9,866.7,848.9,724.2,746.0,772.6,788.2,803.9,828.6,845.0,828.1,804.0,786.6,768.8,742.8,733.9,772.3,787.9,803.9,835.8,803.7,787.0,770.9,560.2,593.5,626.1,659.4,694.4,730.3,765.3,797.0,806.1,791.4,755.1,715.1,676.5,639.2,607.9,578.7,550.7,511.2,498.3,494.1,501.0,514.4,519.0,509.7,508.0,514.7,529.3,555.2,578.1,600.7,624.6,645.9,650.9,655.3,652.3,648.2,550.3,543.6,545.6,556.2,559.1,557.2,560.6,554.3,556.2,563.9,568.6,567.2,700.9,687.1,682.9,688.1,684.5,691.4,705.8,740.3,755.1,756.9,754.3,738.1,701.2,701.1,702.8,702.6,706.2,729.4,730.9,728.5,0.00,0.00,0.00,0.00,0.00,0.00,0.00,0.00,0.00,0.00,0.00,0.00,0.00,0.00,0.00,0.00,0.00,0.00,0.00,0.00,0.00,0.00,0.00,0.00,0.00,0.00,0.00,0.00,0.00,0.00,0.00,0.00,0.00,0.00,0.00
97,0,3.200,0.03,0,0.000000,0.000000,0.000000,0.000000,0.000000,0.000000,0.000,0.000,715.6,720.2,729.9,739.0,742.2,738.1,727.9,718.8,701.3,708.8,717.8,727.6,737.0,743.9,748.5,742.4,734.3,725.0,715.9,707.7,724.0,728.1,732.5,734.6,733.2,729.0,724.6,722.5,840.8,845.8,856.0,865.4,868.5,863.5,853.4,843.2,834.6,840.7,848.8,858.8,867.7,874.7,879.7,874.2,866.9,858.5,849.2,840.7,849.9,854.0,858.4,860.5,859.2,855.1,850.7,848.6,550.7,541.2,537.6,542.1,552.1,562.3,565.2,560.7,548.4,545.6,544.4,544.4,546.5,550.0,555.1,558.3,559.2,558.9,556.8,553.4,555.5,557.5,555.9,551.6,547.1,545.0,546.6,551.0,559.2,549.5,546.3,551.5,561.9,571.6,574.8,570.4,562.1,556.6,554.0,553.9,556.3,559.5,564.6,568.1,570.0,570.5,568.9,566.3,564.7,566.9,565.5,561.4,556.8,554.6,556.0,560.2,34.6,36.7,41.2,45.4,47.0,45.1,40.4,36.1,28.2,31.5,35.5,39.9,44.3,47.7,50.1,47.1,43.1,38.8,34.7,31.0,38.6,40.5,42.6,43.5,42.8,40.9,38.8,37.9,91.7,94.1,98.8,103.2,104.5,102.1,97.4,92.8,88.9,91.4,95.0,99.5,103.9,107.7,110.6,107.4,103.5,99.2,95.0,91.4,96.1,97.9,100.0,101.0,100.4,98.6,96.5,95.5,87.2,82.8,81.3,83.6,88.3,93.1,94.2,91.9,86.8,85.0,84.1,84.0,85.2,87.3,90.1,91.1,91.1,90.7,89.9,88.7,89.8,90.8,90.1,88.1,86.0,85.0,85.6,87.6,91.0,86.6,85.3,87.6,92.4,96.7,98.1,96.0,92.3,89.6,88.2,88.2,89.5,91.5,94.4,95.5,95.8,95.6,94.9,94.0,93.7,94.7,94.1,92.3,90.2,89.2,89.8,91.6,400.2,400.1,400.6,401.6,402.3,402.7,401.8,400.9,403.2,400.8,398.9,398.5,399.7,401.7,404.1,402.2,400.2,399.2,399.7,401.3,401.9,402.3,402.6,402.5,402.2,401.8,401.5,401.6,399.5,399.9,400.4,400.5,400.3,399.8,399.4,399.5,399.7,398.6,397.9,397.9,399.0,401.3,403.6,401.5,399.0,397.3,397.4,398.6,400.5,400.5,400.7,400.9,401.0,401.0,400.8,400.6,71.9,133.3,424.2,0.014,0.140,-0.005,642.1,640.2,640.1,643.6,653.4,672.9,701.3,740.0,786.5,833.6,871.7,901.9,918.6,925.2,928.6,930.8,929.4,675.4,693.2,717.8,744.9,769.3,819.3,845.1,870.3,892.3,904.5,795.8,795.0,794.7,794.4,761.1,776.5,791.2,806.0,819.3,700.8,716.9,735.7,751.1,734.6,716.4,831.9,849.4,867.9,881.3,866.9,849.1,723.6,745.5,772.3,788.8,805.6,830.5,846.5,829.7,805.5,787.0,768.3,742.2,733.4,771.9,788.4,805.5,837.3,805.1,787.4,770.3,561.8,594.7,626.8,659.6,694.1,729.8,764.9,796.6,805.9,791.5,755.1,714.8,676.2,638.6,607.2,578.0,549.9,511.5,498.6,494.4,501.2,514.5,519.3,509.7,507.8,514.7,529.5,555.4,578.1,600.5,624.1,646.0,651.0,655.4,652.4,648.5,550.5,543.9,545.8,556.5,559.3,557.5,560.7,554.5,556.4,564.0,568.8,567.3,701.7,687.6,683.0,688.5,684.8,692.0,706.8,740.5,755.1,756.9,754.1,737.9,702.0,702.1,704.0,703.9,707.1,728.5,729.9,727.2,0.00,0.00,0.00,0.00,0.00,0.00,0.00,0.00,0.00,0.00,0.00,0.00,0.00,0.00,0.00,0.00,0.00,0.00,0.00,0.00,0.00,0.00,0.00,0.00,0.00,0.00,0.00,0.00,0.00,0.00,0.00,0.00,0.00,0.00,0.00
98,0,3.233,0.03,0,0.000000,0.000000,0.000000,0.000000,0.000000,0.000000,0.000,0.000,716.4,721.0,730.5,739.5,742.6,738.5,728.4,719.5,701.6,709.3,718.5,728.3,737.6,744.4,749.0,743.1,735.2,726.1,716.8,708.3,724.6,728.6,732.9,735.0,733.6,729.6,725.3,723.2,841.1,846.0,855.9,865.0,868.0,863.1,853.2,843.4,835.1,841.0,848.9,858.6,867.7,875.1,880.5,874.7,867.0,858.5,849.2,840.9,850.3,854.0,858.1,860.1,858.9,855.2,851.1,849.1,550.9,541.4,537.8,542.3,552.2,562.3,565.2,560.7,548.6,545.7,544.3,544.2,546.2,549.8,554.9,558.1,559.0,558.8,556.9,553.5,555.5,557.5,555.9,551.7,547.2,545.2,546.8,551.1,560.2,550.7,547.6,552.6,562.8,572.3,575.5,571.1,561.4,556.6,554.3,554.3,556.6,559.6,564.5,568.2,570.1,570.6,568.9,566.1,565.3,567.4,566.1,562.2,558.0,555.9,557.2,561.1,35.0,37.1,41.5,45.7,47.3,45.4,40.7,36.5,28.4,31.8,35.8,40.3,44.7,48.1,50.5,47.5,43.6,39.3,35.1,31.4,38.9,40.8,42.9,43.8,43.1,41.2,39.2,38.3,93.7,96.0,100.6,104.8,106.2,103.9,99.3,94.8,91.0,93.4,96.9,101.3,105.7,109.7,112.9,109.6,105.4,101.1,96.9,93.4,98.2,99.9,101.8,102.7,102.2,100.4,98.6,97.6,87.4,83.0,81.6,83.8,88.6,93.3,94.4,92.1,87.0,85.2,84.2,84.0,85.2,87.3,90.3,91.3,91.2,90.9,90.1,88.8,90.0,91.0,90.4,88.4,86.2,85.2,85.9,87.8,93.3,88.9,87.4,89.7,94.4,98.8,100.3,98.4,94.0,91.4,90.1,90.0,91.3,93.2,96.0,97.2,97.6,97.5,96.8,95.8,95.9,96.8,96.2,94.4,92.4,91.5,92.1,93.9,400.8,400.7,401.4,402.5,403.3,403.7,402.7,401.6,403.7,401.3,399.5,399.2,400.6,402.7,405.2,403.2,401.0,399.9,400.2,401.7,402.7,403.1,403.5,403.4,403.1,402.6,402.3,402.3,407.8,407.8,407.7,407.6,407.4,407.4,407.5,407.9,408.3,406.8,405.7,405.3,406.2,408.3,410.7,408.6,406.4,405.0,405.3,406.9,408.5,408.4,408.4,408.4,408.4,408.5,408.6,408.6,71.8,133.2,423.8,0.022,0.139,-0.004,642.3,640.5,640.4,643.8,653.3,672.3,700.4,738.9,785.6,833.0,871.3,901.7,918.5,925.3,928.8,931.2,930.1,675.8,693.5,718.2,745.3,769.6,819.8,845.5,870.8,892.8,904.9,796.0,795.1,794.7,794.3,761.0,776.4,791.2,806.1,819.4,701.2,717.3,736.1,751.5,734.9,716.9,832.3,849.9,868.2,881.6,867.2,849.5,723.7,745.5,772.3,788.9,805.8,830.7,846.7,830.0,805.6,787.0,768.2,742.1,733.4,771.9,788.5,805.6,837.5,805.3,787.4,770.3,561.8,594.8,626.7,659.3,693.5,729.0,764.1,796.3,806.1,791.9,755.9,715.8,676.9,639.2,607.7,578.2,549.7,511.6,498.6,494.4,501.2,514.6,519.0,509.5,507.7,514.8,529.7,555.5,578.4,600.9,624.7,645.8,650.9,655.5,652.4,648.4,550.6,544.0,545.9,556.4,559.2,557.4,560.8,554.6,556.4,564.0,568.7,567.3,700.9,686.8,682.6,688.1,684.5,691.3,706.0,740.2,755.3,757.2,754.3,737.7,701.2,701.0,703.0,702.8,706.3,729.5,731.1,728.3,0.00,0.00,0.00,0.00,0.00,0.00,0.00,0.00,0.00,0.00,0.00,0.00,0.00,0.00,0.00,0.00,0.00,0.00,0.00,0.00,0.00,0.00,0.00,0.00,0.00,0.00,0.00,0.00,0.00,0.00,0.00,0.00,0.00,0.00,0.00
99,0,3.267,0.03,0,0.000000,0.000000,0.000000,0.000000,0.000000,0.000000,0.000,0.000,716.6,721.3,730.9,739.9,742.9,738.6,728.5,719.6,701.6,709.5,718.8,729.0,738.4,745.0,749.3,743.4,735.4,726.3,717.0,708.4,724.8,728.8,733.0,735.1,733.8,729.8,725.6,723.5,841.9,846.9,857.1,866.7,870.0,865.1,854.8,844.3,835.2,841.5,850.0,860.4,869.4,875.9,880.4,875.5,868.9,860.9,851.2,841.9,851.1,855.0,859.3,861.4,860.0,856.0,851.8,849.7,549.8,540.2,536.7,541.4,551.4,561.7,564.5,559.8,548.0,545.1,543.8,543.6,545.7,549.3,554.5,557.7,558.7,558.4,556.4,553.0,554.6,556.6,555.1,550.8,546.4,544.4,545.9,550.1,559.5,549.4,546.0,551.3,562.2,572.3,575.7,571.0,561.4,556.2,553.9,554.0,556.4,559.5,564.7,568.4,570.4,571.0,569.2,566.2,565.0,567.2,565.8,561.6,557.1,554.9,556.3,560.4,34.6,36.8,41.2,45.4,46.8,44.9,40.2,36.1,28.0,31.5,35.5,40.1,44.5,47.8,50.0,47.1,43.2,38.9,34.8,31.0,38.5,40.4,42.4,43.3,42.7,40.8,38.9,37.9,89.0,91.3,96.1,100.6,102.1,99.7,94.9,90.1,86.0,88.6,92.3,97.0,101.4,105.0,107.7,104.9,101.2,97.1,92.7,88.8,93.4,95.3,97.3,98.3,97.6,95.8,93.8,92.8,85.8,81.5,80.1,82.4,87.2,91.9,92.9,90.5,85.6,83.8,82.8,82.7,84.0,86.1,89.0,90.0,89.9,89.6,88.7,87.4,88.4,89.5,88.8,86.9,84.8,83.8,84.4,86.3,87.9,83.6,82.4,84.9,89.7,94.0,95.3,93.1,88.7,86.3,85.2,85.4,86.8,88.8,91.7,92.8,93.0,92.8,91.8,90.7,90.7,91.8,91.3,89.5,87.5,86.4,86.9,88.7,395.6,395.7,396.5,397.7,398.5,398.8,397.6,396.4,398.2,396.0,394.4,394.2,395.7,398.0,400.4,398.3,396.1,394.9,395.1,396.4,397.6,398.1,398.5,398.5,398.2,397.7,397.3,397.3,385.7,386.4,387.4,388.2,388.3,387.6,386.5,385.9,385.5,384.7,384.5,385.0,386.8,389.4,392.0,389.7,386.9,384.7,384.0,384.7,387.3,387.6,388.1,388.4,388.3,388.0,387.6,387.3,72.2,133.3,424.4,0.018,0.137,0.001,643.2,641.0,640.6,643.9,653.2,672.1,699.9,738.3,784.8,832.2,870.4,901.1,918.4,925.5,929.1,931.5,930.3,676.9,694.7,719.3,746.5,770.6,820.4,846.2,871.7,893.8,906.0,796.8,795.9,795.6,795.2,761.7,777.0,791.8,806.6,820.0,701.7,717.8,736.8,752.2,735.6,717.4,833.2,850.8,869.3,882.6,868.3,850.4,723.4,746.0,773.0,789.3,806.0,831.2,847.5,830.1,805.3,787.0,768.4,742.2,733.1,772.3,788.7,805.6,838.4,805.0,787.5,770.6,563.7,596.1,627.5,659.4,693.1,728.2,763.2,795.6,805.7,792.0,756.3,716.2,677.4,639.5,607.7,578.2,549.7,510.8,498.0,494.0,500.9,514.3,519.2,509.3,507.6,515.0,530.1,555.2,578.1,600.7,624.6,646.0,651.2,655.7,652.7,648.8,550.0,543.1,545.2,556.0,558.8,557.0,560.8,554.4,556.3,564.3,569.0,567.5,700.3,687.0,683.2,688.8,685.3,692.0,706.2,740.6,755.3,756.9,753.9,737.0,700.8,701.8,703.9,703.9,706.5,729.3,730.5,727.6,0.00,0.00,0.00,0.00,0.00,0.00,0.00,0.00,0.00,0.00,0.00,0.00,0.00,0.00,0.00,0.00,0.00,0.00,0.00,0.00,0.00,0.00,0.00,0.00,0.00,0.00,0.00,0.00,0.00,0.00,0.00,0.00,0.00,0.00,0.00
100,0,3.300,0.03,0,0.000000,0.000000,0.000000,0.000000,0.000000,0.000000,0.000,0.000,716.7,721.4,730.9,739.7,742.6,738.3,728.4,719.6,701.7,710.0,719.5,729.5,738.5,744.8,748.8,743.2,735.7,726.7,717.5,708.7,724.6,728.6,732.9,735.0,733.7,729.7,725.4,723.3,842.3,846.7,856.6,866.0,869.6,865.2,855.4,845.0,835.3,841.6,850.0,860.3,869.1,875.3,879.3,874.9,868.8,861.3,851.7,842.0,851.3,855.2,859.1,860.9,859.5,855.7,851.7,849.9,549.2,539.7,536.3,541.0,551.2,561.4,564.1,559.4,547.6,544.6,543.2,543.1,545.3,549.0,554.3,557.6,558.5,558.2,556.2,552.6,554.3,556.4,554.9,550.6,546.0,543.9,545.4,549.7,560.4,550.3,546.6,551.5,562.1,572.2,575.9,571.7,561.5,556.2,553.7,553.7,556.1,559.2,564.6,568.4,570.5,571.1,569.4,566.5,565.4,567.4,565.9,561.8,557.5,555.5,557.0,561.1,34.7,36.8,41.3,45.4,46.8,44.8,40.2,36.0,28.0,31.6,35.8,40.3,44.6,47.7,49.9,47.0,43.3,39.1,34.9,31.1,38.4,40.3,42.3,43.3,42.6,40.8,38.8,37.8,89.7,91.8,96.5,101.0,102.7,100.5,95.8,91.0,86.5,89.2,92.9,97.6,102.1,105.6,108.2,105.5,102.0,98.0,93.5,89.3,94.1,95.9,97.8,98.7,98.1,96.3,94.4,93.5,85.5,81.3,80.0,82.4,87.2,91.8,92.7,90.2,85.2,83.4,82.6,82.5,83.9,86.1,89.1,90.1,89.9,89.4,88.5,87.1,88.2,89.3,88.8,86.9,84.7,83.6,84.2,86.1,88.8,84.5,83.2,85.6,90.4,94.7,96.0,93.9,89.3,86.8,85.7,85.9,87.4,89.4,92.5,93.6,93.8,93.5,92.5,91.3,91.5,92.5,91.9,90.2,88.3,87.3,87.8,89.6,395.3,395.7,396.9,398.2,398.9,398.9,397.3,396.0,397.4,395.6,394.3,394.4,396.2,398.6,401.1,398.8,396.3,394.8,394.7,395.8,397.4,398.0,398.6,398.7,398.4,397.8,397.3,397.1,387.8,388.7,390.0,391.1,391.3,390.4,389.0,388.1,387.6,387.0,387.0,387.9,389.9,392.7,395.5,392.9,389.8,387.4,386.4,386.9,389.7,390.2,390.7,391.0,391.0,390.5,390.0,389.7,72.3,133.5,425.8,0.016,0.136,0.005,643.5,641.0,640.3,643.3,652.3,670.9,698.3,736.8,783.3,830.6,869.2,900.2,918.0,925.5,929.3,931.9,930.9,677.4,694.9,719.2,746.0,769.9,820.8,846.5,871.7,893.7,906.2,796.4,795.6,795.2,794.7,761.3,776.7,791.4,806.2,819.7,702.0,718.1,737.1,752.4,735.8,717.6,833.3,850.8,869.4,882.7,868.4,850.5,722.8,745.6,772.7,789.1,806.0,831.3,847.6,830.1,805.2,786.7,768.0,741.8,732.8,771.8,788.5,805.5,838.5,804.8,787.2,770.0,564.0,595.7,626.4,657.7,690.9,726.1,761.4,794.4,804.8,791.5,756.3,716.5,677.8,639.9,608.0,578.3,549.7,509.8,497.2,493.4,500.3,513.6,518.9,509.0,507.4,514.7,529.8,555.1,577.8,600.3,624.1,645.3,650.6,655.1,652.0,648.3,549.5,542.7,544.8,555.6,558.5,556.6,560.6,554.5,556.4,564.3,569.0,567.5,699.2,686.0,682.2,687.8,684.4,691.2,705.6,739.8,754.4,755.9,752.8,735.9,699.8,701.2,703.3,703.4,705.8,728.0,729.1,726.0,0.00,0.00,0.00,0.00,0.00,0.00,0.00,0.00,0.00,0.00,0.00,0.00,0.00,0.00,0.00,0.00,0.00,0.00,0.00,0.00,0.00,0.00,0.00,0.00,0.00,0.00,0.00,0.00,0.00,0.00,0.00,0.00,0.00,0.00,0.00
101,0,3.333,0.03,0,0.000000,0.000000,0.000000,0.000000,0.000000,0.000000,0.000,0.000,716.8,721.5,731.2,740.1,743.1,738.8,728.7,719.8,701.6,709.8,719.2,729.2,738.3,744.9,749.1,743.5,735.8,726.8,717.4,708.6,724.8,728.9,733.2,735.3,734.0,730.0,725.6,723.5,841.9,846.9,857.1,866.6,869.7,864.8,854.6,844.2,835.2,841.6,850.0,860.3,869.3,875.7,880.0,875.2,868.7,860.8,851.2,842.0,850.9,854.9,859.2,861.3,859.9,855.9,851.6,849.5,549.1,539.5,536.0,540.7,550.9,561.3,564.1,559.3,547.4,544.5,543.2,543.1,545.2,548.9,554.1,557.3,558.3,558.0,555.9,552.4,554.2,556.3,554.7,550.4,545.8,543.6,545.2,549.6,559.3,549.3,546.0,551.4,562.2,572.2,575.5,570.8,561.8,556.4,553.8,553.9,556.3,559.4,564.7,568.2,570.2,570.8,569.1,566.3,564.9,567.1,565.7,561.5,557.0,554.7,556.1,560.3,34.5,36.7,41.1,45.3,46.7,44.8,40.1,35.9,27.9,31.4,35.5,40.0,44.3,47.5,49.7,46.9,43.2,38.9,34.7,30.9,38.3,40.2,42.2,43.2,42.6,40.7,38.7,37.7,89.3,91.7,96.5,100.9,102.4,100.0,95.2,90.4,86.3,89.0,92.7,97.4,101.8,105.4,108.0,105.2,101.5,97.5,93.1,89.1,93.7,95.6,97.6,98.6,98.0,96.1,94.1,93.1,85.0,80.7,79.4,81.8,86.6,91.3,92.2,89.8,84.7,83.0,82.2,82.1,83.4,85.6,88.5,89.4,89.3,88.9,87.9,86.6,87.7,88.8,88.2,86.3,84.1,83.1,83.7,85.6,88.2,83.9,82.7,85.3,90.1,94.4,95.6,93.3,89.2,86.7,85.5,85.7,87.1,89.2,92.1,93.2,93.3,93.0,92.1,91.1,91.0,92.1,91.6,89.8,87.8,86.7,87.2,89.0,393.3,393.6,394.7,396.0,396.7,396.8,395.3,394.0,395.6,393.7,392.3,392.4,394.1,396.4,398.8,396.6,394.2,392.7,392.7,393.9,395.4,396.0,396.5,396.6,396.3,395.7,395.2,395.1,387.2,387.9,389.0,389.8,389.9,389.2,388.1,387.4,386.9,386.2,386.1,386.7,388.5,391.2,393.8,391.4,388.5,386.3,385.6,386.2,388.8,389.2,389.6,390.0,389.9,389.6,389.1,388.8,72.4,133.5,426.4,0.016,0.136,0.006,643.6,641.1,640.4,643.4,652.4,670.8,698.1,736.3,782.7,830.0,868.6,899.9,917.9,925.5,929.3,931.9,931.0,677.3,695.0,719.4,746.1,769.9,821.0,846.8,872.0,894.0,906.3,796.3,795.4,795.0,794.5,761.1,776.5,791.2,806.0,819.4,701.9,718.0,737.0,752.2,735.7,717.5,833.2,850.6,869.2,882.5,868.2,850.3,723.1,745.9,772.9,789.2,805.9,831.1,847.3,830.0,805.2,786.9,768.3,742.1,733.0,772.0,788.5,805.5,838.2,804.8,787.3,770.3,563.7,595.7,626.6,658.0,691.0,725.9,760.8,793.6,804.0,790.9,755.9,716.3,677.7,639.7,607.9,578.3,549.8,509.5,497.1,493.3,500.2,513.5,518.7,509.0,507.5,514.9,530.0,555.0,577.7,600.1,623.7,645.0,650.2,654.7,651.6,647.8,549.4,542.6,544.7,555.5,558.4,556.4,560.7,554.4,556.3,564.2,568.9,567.4,698.8,685.4,681.4,687.0,683.5,690.3,704.7,738.8,753.6,755.1,752.1,735.4,699.3,700.3,702.3,702.4,705.0,727.4,728.5,725.5,0.00,0.00,0.00,0.00,0.00,0.00,0.00,0.00,0.00,0.00,0.00,0.00,0.00,0.00,0.00,0.00,0.00,0.00,0.00,0.00,0.00,0.00,0.00,0.00,0.00,0.00,0.00,0.00,0.00,0.00,0.00,0.00,0.00,0.00,0.00
102,0,3.367,0.03,0,0.000000,0.000000,0.000000,0.000000,0.000000,0.000000,0.000,0.000,716.7,721.5,731.3,740.3,743.2,738.9,728.7,719.7,702.0,709.8,719.2,729.1,738.3,744.9,749.1,743.3,735.5,726.5,717.2,708.6,724.8,728.9,733.4,735.5,734.2,730.1,725.7,723.5,842.0,846.7,856.5,865.7,869.0,864.3,854.5,844.5,835.4,841.7,849.9,860.0,868.8,874.9,878.9,874.5,868.4,860.8,851.3,842.0,850.8,854.6,858.7,860.6,859.3,855.4,851.4,849.4,549.1,539.5,536.0,540.8,550.9,561.2,564.0,559.3,547.0,544.0,542.7,542.6,544.8,548.8,554.5,557.5,558.4,558.0,555.8,552.1,554.1,556.2,554.7,550.3,545.7,543.5,545.1,549.5,559.7,550.0,546.6,551.6,562.1,571.9,575.2,570.9,561.7,556.4,553.7,553.6,555.9,559.1,564.4,568.1,570.1,570.6,569.1,566.3,564.9,567.0,565.7,561.6,557.2,555.1,556.5,560.6,34.6,36.7,41.2,45.4,46.9,44.9,40.2,36.0,28.1,31.5,35.6,40.0,44.3,47.6,49.8,46.9,43.1,38.9,34.8,31.0,38.4,40.3,42.4,43.4,42.7,40.8,38.8,37.8,91.0,93.3,98.0,102.4,104.0,101.7,96.9,92.2,88.0,90.7,94.4,99.1,103.6,107.1,109.7,107.0,103.4,99.3,94.9,90.8,95.4,97.2,99.2,100.2,99.5,97.7,95.7,94.8,85.2,80.9,79.5,81.9,86.7,91.4,92.4,90.0,84.8,83.0,82.1,82.1,83.4,85.7,88.8,89.7,89.6,89.1,88.1,86.8,87.9,89.0,88.4,86.4,84.2,83.2,83.8,85.7,90.0,85.7,84.5,87.0,91.8,96.0,97.2,95.1,90.8,88.3,87.1,87.2,88.7,90.8,93.8,94.9,95.1,94.8,93.9,92.7,92.7,93.8,93.3,91.5,89.5,88.5,89.0,90.8,394.3,394.4,395.3,396.6,397.4,397.7,396.4,395.2,396.8,394.8,393.3,393.2,394.7,396.9,399.4,397.4,395.1,393.8,393.9,395.2,396.4,396.9,397.4,397.4,397.0,396.5,396.1,396.0,394.2,395.0,396.2,397.1,397.2,396.5,395.2,394.5,394.0,393.4,393.4,394.1,396.1,398.9,401.6,399.1,396.0,393.7,392.8,393.3,396.0,396.4,396.9,397.2,397.1,396.7,396.2,395.9,72.3,133.5,426.3,0.027,0.134,0.005,643.6,641.1,640.4,643.4,652.4,670.9,698.3,736.4,782.5,829.4,867.6,898.9,917.0,925.1,929.3,932.0,931.3,677.3,695.0,719.4,746.1,769.7,821.2,846.9,872.0,893.9,906.1,796.2,795.2,794.8,794.3,761.0,776.3,791.0,805.8,819.1,701.9,718.1,737.0,752.1,735.6,717.5,833.2,850.5,869.0,882.3,868.1,850.2,723.5,746.1,773.2,789.2,805.6,830.6,846.6,829.5,804.9,786.9,768.6,742.3,733.2,772.4,788.5,805.1,837.7,804.6,787.3,770.6,563.5,595.5,626.5,657.9,691.0,725.8,760.5,793.3,803.8,790.5,755.8,716.6,678.2,640.5,608.5,578.6,549.9,509.2,496.8,493.1,500.1,513.3,518.4,508.9,507.4,514.7,529.6,555.1,577.8,600.2,623.8,644.5,649.8,654.3,651.1,647.2,549.3,542.4,544.7,555.5,558.3,556.2,560.6,554.2,556.1,563.9,568.6,567.3,697.8,684.5,680.8,686.2,682.8,689.2,703.3,738.5,753.8,755.4,752.5,735.5,698.2,698.8,700.8,700.8,703.7,728.5,729.7,726.8,0.00,0.00,0.00,0.00,0.00,0.00,0.00,0.00,0.00,0.00,0.00,0.00,0.00,0.00,0.00,0.00,0.00,0.00,0.00,0.00,0.00,0.00,0.00,0.00,0.00,0.00,0.00,0.00,0.00,0.00,0.00,0.00,0.00,0.00,0.00
103,0,3.400,0.03,0,0.000000,0.000000,0.000000,0.000000,0.000000,0.000000,0.000,0.000,716.7,721.4,730.9,739.7,742.6,738.3,728.3,719.6,701.5,709.6,719.1,729.2,738.3,744.8,749.0,743.4,735.7,726.7,717.3,708.5,724.7,728.6,732.8,734.8,733.6,729.7,725.5,723.4,841.5,846.6,856.7,866.0,869.0,864.0,853.8,843.8,835.4,841.6,849.7,859.7,868.8,875.9,881.0,875.2,867.8,859.4,850.1,841.6,850.6,854.6,858.8,861.0,859.7,855.8,851.5,849.4,548.6,539.1,535.7,540.3,550.2,560.4,563.2,558.6,546.7,543.9,542.7,542.6,544.6,548.0,552.9,556.4,557.5,557.4,555.4,551.9,553.3,555.3,553.8,549.6,545.2,543.2,544.7,548.9,559.2,549.5,546.4,551.5,562.0,571.7,574.9,570.3,561.2,555.9,553.5,553.6,556.1,559.5,564.7,568.2,570.0,570.4,568.7,565.8,564.6,566.8,565.5,561.4,556.9,554.7,556.1,560.2,34.7,36.9,41.3,45.4,46.8,44.9,40.2,36.1,28.0,31.5,35.7,40.3,44.6,47.8,50.1,47.2,43.5,39.2,35.0,31.1,38.6,40.4,42.3,43.3,42.7,40.9,38.9,38.0,91.8,94.2,98.9,103.1,104.5,102.1,97.4,92.9,89.0,91.6,95.1,99.6,104.0,107.8,110.8,107.6,103.6,99.3,95.2,91.6,96.2,98.0,100.0,101.0,100.4,98.6,96.6,95.6,85.4,81.1,79.8,82.1,86.9,91.6,92.5,90.1,85.1,83.4,82.5,82.5,83.7,85.8,88.6,89.7,89.7,89.3,88.4,87.1,88.0,89.1,88.5,86.6,84.5,83.4,84.0,85.9,90.8,86.4,85.0,87.4,92.2,96.5,97.9,95.9,91.7,89.0,87.7,87.8,89.2,91.2,94.2,95.2,95.5,95.3,94.5,93.5,93.5,94.5,93.9,92.0,90.0,89.0,89.6,91.4,396.2,396.3,397.3,398.7,399.6,399.9,398.5,397.2,398.7,396.6,395.2,395.2,396.9,399.3,402.0,399.8,397.3,395.9,395.8,397.0,398.4,399.0,399.5,399.5,399.1,398.5,398.0,398.0,398.7,399.0,399.3,399.3,399.2,398.9,398.6,398.8,398.8,397.6,396.7,396.6,397.8,400.1,402.5,400.3,397.9,396.3,396.3,397.6,399.6,399.7,399.8,399.9,400.0,399.9,399.8,399.7,72.0,133.1,425.3,0.016,0.137,0.007,643.3,641.1,640.5,643.4,652.3,670.5,697.9,736.0,782.3,829.4,867.9,899.2,917.2,925.1,929.3,932.2,931.5,676.6,694.2,718.8,745.9,769.9,820.4,846.5,871.9,894.1,906.4,796.0,795.1,794.6,794.1,760.7,776.0,790.8,805.6,818.9,701.7,717.9,736.8,752.1,735.5,717.4,832.9,850.4,868.9,882.3,867.8,850.0,723.4,745.7,772.6,788.8,805.5,830.4,846.3,829.4,804.8,786.5,768.0,741.9,733.2,771.8,788.2,805.0,837.2,804.5,786.9,770.0,563.4,595.5,626.4,657.8,690.9,725.6,760.5,793.3,803.9,790.7,756.0,716.9,678.5,640.6,608.6,578.8,550.1,508.8,496.2,492.5,499.5,513.0,518.2,508.7,507.3,514.9,529.9,554.7,577.4,599.7,623.2,644.1,649.5,654.0,650.9,647.2,548.7,542.0,544.2,554.9,557.6,555.7,560.3,554.1,556.2,564.0,568.5,567.0,698.4,684.6,680.6,686.2,682.8,689.7,704.3,739.1,754.2,755.8,752.8,735.7,698.7,699.0,701.1,701.1,704.5,728.4,729.5,726.5,0.00,0.00,0.00,0.00,0.00,0.00,0.00,0.00,0.00,0.00,0.00,0.00,0.00,0.00,0.00,0.00,0.00,0.00,0.00,0.00,0.00,0.00,0.00,0.00,0.00,0.00,0.00,0.00,0.00,0.00,0.00,0.00,0.00,0.00,0.00
104,0,3.433,0.03,0,0.000000,0.000000,0.000000,0.000000,0.000000,0.000000,0.000,0.000,716.7,721.4,730.9,739.7,742.6,738.3,728.3,719.6,701.5,709.6,719.1,729.2,738.3,744.8,749.0,743.4,735.7,726.7,717.3,708.5,724.7,728.6,732.8,734.8,733.6,729.7,725.5,723.4,841.5,846.6,856.7,866.0,869.0,864.0,853.8,843.8,835.4,841.6,849.7,859.7,868.8,875.9,881.0,875.2,867.8,859.4,850.1,841.6,850.6,854.6,858.8,861.0,859.7,855.8,851.5,849.4,548.6,539.1,535.7,540.3,550.2,560.4,563.2,558.6,546.7,543.9,542.7,542.6,544.6,548.0,552.9,556.4,557.5,557.4,555.4,551.9,553.3,555.3,553.8,549.6,545.2,543.2,544.7,548.9,559.2,549.5,546.4,551.5,562.0,571.7,574.9,570.3,561.2,555.9,553.5,553.6,556.1,559.5,564.7,568.2,570.0,570.4,568.7,565.8,564.6,566.8,565.5,561.4,556.9,554.7,556.1,560.2,34.7,36.9,41.3,45.4,46.8,44.9,40.2,36.1,28.0,31.5,35.7,40.3,44.6,47.8,50.1,47.2,43.5,39.2,35.0,31.1,38.6,40.4,42.3,43.3,42.7,40.9,38.9,38.0,91.8,94.2,98.9,103.1,104.5,102.1,97.4,92.9,89.0,91.6,95.1,99.6,104.0,107.8,110.8,107.6,103.6,99.3,95.2,91.6,96.2,98.0,100.0,101.0,100.4,98.6,96.6,95.6,85.4,81.1,79.8,82.1,86.9,91.6,92.5,90.1,85.1,83.4,82.5,82.5,83.7,85.8,88.6,89.7,89.7,89.3,88.4,87.1,88.0,89.1,88.5,86.6,84.5,83.4,84.0,85.9,90.8,86.4,85.0,87.4,92.2,96.5,97.9,95.9,91.7,89.0,87.7,87.8,89.2,91.2,94.2,95.2,95.5,95.3,94.5,93.5,93.5,94.5,93.9,92.0,90.0,89.0,89.6,91.4,396.2,396.3,397.3,398.7,399.6,399.9,398.5,397.2,398.7,396.6,395.2,395.2,396.9,399.3,402.0,399.8,397.3,395.9,395.8,397.0,398.4,399.0,399.5,399.5,399.1,398.5,398.0,398.0,398.7,399.0,399.3,399.3,399.2,398.9,398.6,398.8,398.8,397.6,396.7,396.6,397.8,400.1,402.5,400.3,397.9,396.3,396.3,397.6,399.6,399.7,399.8,399.9,400.0,399.9,399.8,399.7,72.0,133.1,425.3,0.016,0.137,0.007,643.3,641.1,640.5,643.4,652.3,670.5,697.9,736.0,782.3,829.4,867.9,899.2,917.2,925.1,929.3,932.2,931.5,676.6,694.2,718.8,745.9,769.9,820.4,846.5,871.9,894.1,906.4,796.0,795.1,794.6,794.1,760.7,776.0,790.8,805.6,818.9,701.7,717.9,736.8,752.1,735.5,717.4,832.9,850.4,868.9,882.3,867.8,850.0,723.4,745.7,772.6,788.8,805.5,830.4,846.3,829.4,804.8,786.5,768.0,741.9,733.2,771.8,788.2,805.0,837.2,804.5,786.9,770.0,563.4,595.5,626.4,657.8,690.9,725.6,760.5,793.3,803.9,790.7,756.0,716.9,678.5,640.6,608.6,578.8,550.1,508.8,496.2,492.5,499.5,513.0,518.2,508.7,507.3,514.9,529.9,554.7,577.4,599.7,623.2,644.1,649.5,654.0,650.9,647.2,548.7,542.0,544.2,554.9,557.6,555.7,560.3,554.1,556.2,564.0,568.5,567.0,698.4,684.6,680.6,686.2,682.8,689.7,704.3,739.1,754.2,755.8,752.8,735.7,698.7,699.0,701.1,701.1,704.5,728.4,729.5,726.5,0.00,0.00,0.00,0.00,0.00,0.00,0.00,0.00,0.00,0.00,0.00,0.00,0.00,0.00,0.00,0.00,0.00,0.00,0.00,0.00,0.00,0.00,0.00,0.00,0.00,0.00,0.00,0.00,0.00,0.00,0.00,0.00,0.00,0.00,0.00
105,0,3.467,0.03,0,0.000000,0.000000,0.000000,0.000000,0.000000,0.000000,0.000,0.000,716.7,721.4,730.9,739.7,742.6,738.3,728.3,719.6,701.5,709.6,719.1,729.2,738.3,744.8,749.0,743.4,735.7,726.7,717.3,708.5,724.7,728.6,732.8,734.8,733.6,729.7,725.5,723.4,841.5,846.6,856.7,866.0,869.0,864.0,853.8,843.8,835.4,841.6,849.7,859.7,868.8,875.9,881.0,875.2,867.8,859.4,850.1,841.6,850.6,854.6,858.8,861.0,859.7,855.8,851.5,849.4,548.6,539.1,535.7,540.3,550.2,560.4,563.2,558.6,546.7,543.9,542.7,542.6,544.6,548.0,552.9,556.4,557.5,557.4,555.4,551.9,553.3,555.3,553.8,549.6,545.2,543.2,544.7,548.9,559.2,549.5,546.4,551.5,562.0,571.7,574.9,570.3,561.2,555.9,553.5,553.6,556.1,559.5,564.7,568.2,570.0,570.4,568.7,565.8,564.6,566.8,565.5,561.4,556.9,554.7,556.1,560.2,34.7,36.9,41.3,45.4,46.8,44.9,40.2,36.1,28.0,31.5,35.7,40.3,44.6,47.8,50.1,47.2,43.5,39.2,35.0,31.1,38.6,40.4,42.3,43.3,42.7,40.9,38.9,38.0,91.8,94.2,98.9,103.1,104.5,102.1,97.4,92.9,89.0,91.6,95.1,99.6,104.0,107.8,110.8,107.6,103.6,99.3,95.2,91.6,96.2,98.0,100.0,101.0,100.4,98.6,96.6,95.6,85.4,81.1,79.8,82.1,86.9,91.6,92.5,90.1,85.1,83.4,82.5,82.5,83.7,85.8,88.6,89.7,89.7,89.3,88.4,87.1,88.0,89.1,88.5,86.6,84.5,83.4,84.0,85.9,90.8,86.4,85.0,87.4,92.2,96.5,97.9,95.9,91.7,89.0,87.7,87.8,89.2,91.2,94.2,95.2,95.5,95.3,94.5,93.5,93.5,94.5,93.9,92.0,90.0,89.0,89.6,91.4,396.2,396.3,397.3,398.7,399.6,399.9,398.5,397.2,398.7,396.6,395.2,395.2,396.9,399.3,402.0,399.8,397.3,395.9,395.8,397.0,398.4,399.0,399.5,399.5,399.1,398.5,398.0,398.0,398.7,399.0,399.3,399.3,399.2,398.9,398.6,398.8,398.8,397.6,396.7,396.6,397.8,400.1,402.5,400.3,397.9,396.3,396.3,397.6,399.6,399.7,399.8,399.9,400.0,399.9,399.8,399.7,72.0,133.1,425.3,0.016,0.137,0.007,643.3,641.1,640.5,643.4,652.3,670.5,697.9,736.0,782.3,829.4,867.9,899.2,917.2,925.1,929.3,932.2,931.5,676.6,694.2,718.8,745.9,769.9,820.4,846.5,871.9,894.1,906.4,796.0,795.1,794.6,794.1,760.7,776.0,790.8,805.6,818.9,701.7,717.9,736.8,752.1,735.5,717.4,832.9,850.4,868.9,882.3,867.8,850.0,723.4,745.7,772.6,788.8,805.5,830.4,846.3,829.4,804.8,786.5,768.0,741.9,733.2,771.8,788.2,805.0,837.2,804.5,786.9,770.0,563.4,595.5,626.4,657.8,690.9,725.6,760.5,793.3,803.9,790.7,756.0,716.9,678.5,640.6,608.6,578.8,550.1,508.8,496.2,492.5,499.5,513.0,518.2,508.7,507.3,514.9,529.9,554.7,577.4,599.7,623.2,644.1,649.5,654.0,650.9,647.2,548.7,542.0,544.2,554.9,557.6,555.7,560.3,554.1,556.2,564.0,568.5,567.0,698.4,684.6,680.6,686.2,682.8,689.7,704.3,739.1,754.2,755.8,752.8,735.7,698.7,699.0,701.1,701.1,704.5,728.4,729.5,726.5,0.00,0.00,0.00,0.00,0.00,0.00,0.00,0.00,0.00,0.00,0.00,0.00,0.00,0.00,0.00,0.00,0.00,0.00,0.00,0.00,0.00,0.00,0.00,0.00,0.00,0.00,0.00,0.00,0.00,0.00,0.00,0.00,0.00,0.00,0.00
106,0,3.500,0.03,0,0.000000,0.000000,0.000000,0.000000,0.000000,0.000000,0.000,0.000,716.7,721.4,730.9,739.7,742.6,738.3,728.3,719.6,701.5,709.6,719.1,729.2,738.3,744.8,749.0,743.4,735.7,726.7,717.3,708.5,724.7,728.6,732.8,734.8,733.6,729.7,725.5,723.4,841.5,846.6,856.7,866.0,869.0,864.0,853.8,843.8,835.4,841.6,849.7,859.7,868.8,875.9,881.0,875.2,867.8,859.4,850.1,841.6,850.6,854.6,858.8,861.0,859.7,855.8,851.5,849.4,548.6,539.1,535.7,540.3,550.2,560.4,563.2,558.6,546.7,543.9,542.7,542.6,544.6,548.0,552.9,556.4,557.5,557.4,555.4,551.9,553.3,555.3,553.8,549.6,545.2,543.2,544.7,548.9,559.2,549.5,546.4,551.5,562.0,571.7,574.9,570.3,561.2,555.9,553.5,553.6,556.1,559.5,564.7,568.2,570.0,570.4,568.7,565.8,564.6,566.8,565.5,561.4,556.9,554.7,556.1,560.2,34.7,36.9,41.3,45.4,46.8,44.9,40.2,36.1,28.0,31.5,35.7,40.3,44.6,47.8,50.1,47.2,43.5,39.2,35.0,31.1,38.6,40.4,42.3,43.3,42.7,40.9,38.9,38.0,91.8,94.2,98.9,103.1,104.5,102.1,97.4,92.9,89.0,91.6,95.1,99.6,104.0,107.8,110.8,107.6,103.6,99.3,95.2,91.6,96.2,98.0,100.0,101.0,100.4,98.6,96.6,95.6,85.4,81.1,79.8,82.1,86.9,91.6,92.5,90.1,85.1,83.4,82.5,82.5,83.7,85.8,88.6,89.7,89.7,89.3,88.4,87.1,88.0,89.1,88.5,86.6,84.5,83.4,84.0,85.9,90.8,86.4,85.0,87.4,92.2,96.5,97.9,95.9,91.7,89.0,87.7,87.8,89.2,91.2,94.2,95.2,95.5,95.3,94.5,93.5,93.5,94.5,93.9,92.0,90.0,89.0,89.6,91.4,396.2,396.3,397.3,398.7,399.6,399.9,398.5,397.2,398.7,396.6,395.2,395.2,396.9,399.3,402.0,399.8,397.3,395.9,395.8,397.0,398.4,399.0,399.5,399.5,399.1,398.5,398.0,398.0,398.7,399.0,399.3,399.3,399.2,398.9,398.6,398.8,398.8,397.6,396.7,396.6,397.8,400.1,402.5,400.3,397.9,396.3,396.3,397.6,399.6,399.7,399.8,399.9,400.0,399.9,399.8,399.7,72.0,133.1,425.3,0.016,0.137,0.007,643.3,641.1,640.5,643.4,652.3,670.5,697.9,736.0,782.3,829.4,867.9,899.2,917.2,925.1,929.3,932.2,931.5,676.6,694.2,718.8,745.9,769.9,820.4,846.5,871.9,894.1,906.4,796.0,795.1,794.6,794.1,760.7,776.0,790.8,805.6,818.9,701.7,717.9,736.8,752.1,735.5,717.4,832.9,850.4,868.9,882.3,867.8,850.0,723.4,745.7,772.6,788.8,805.5,830.4,846.3,829.4,804.8,786.5,768.0,741.9,733.2,771.8,788.2,805.0,837.2,804.5,786.9,770.0,563.4,595.5,626.4,657.8,690.9,725.6,760.5,793.3,803.9,790.7,756.0,716.9,678.5,640.6,608.6,578.8,550.1,508.8,496.2,492.5,499.5,513.0,518.2,508.7,507.3,514.9,529.9,554.7,577.4,599.7,623.2,644.1,649.5,654.0,650.9,647.2,548.7,542.0,544.2,554.9,557.6,555.7,560.3,554.1,556.2,564.0,568.5,567.0,698.4,684.6,680.6,686.2,682.8,689.7,704.3,739.1,754.2,755.8,752.8,735.7,698.7,699.0,701.1,701.1,704.5,728.4,729.5,726.5,0.00,0.00,0.00,0.00,0.00,0.00,0.00,0.00,0.00,0.00,0.00,0.00,0.00,0.00,0.00,0.00,0.00,0.00,0.00,0.00,0.00,0.00,0.00,0.00,0.00,0.00,0.00,0.00,0.00,0.00,0.00,0.00,0.00,0.00,0.00
107,0,3.533,0.03,0,0.000000,0.000000,0.000000,0.000000,0.000000,0.000000,0.000,0.000,716.7,721.4,730.9,739.7,742.6,738.3,728.3,719.6,701.5,709.6,719.1,729.2,738.3,744.8,749.0,743.4,735.7,726.7,717.3,708.5,724.7,728.6,732.8,734.8,733.6,729.7,725.5,723.4,841.5,846.6,856.7,866.0,869.0,864.0,853.8,843.8,835.4,841.6,849.7,859.7,868.8,875.9,881.0,875.2,867.8,859.4,850.1,841.6,850.6,854.6,858.8,861.0,859.7,855.8,851.5,849.4,548.6,539.1,535.7,540.3,550.2,560.4,563.2,558.6,546.7,543.9,542.7,542.6,544.6,548.0,552.9,556.4,557.5,557.4,555.4,551.9,553.3,555.3,553.8,549.6,545.2,543.2,544.7,548.9,559.2,549.5,546.4,551.5,562.0,571.7,574.9,570.3,561.2,555.9,553.5,553.6,556.1,559.5,564.7,568.2,570.0,570.4,568.7,565.8,564.6,566.8,565.5,561.4,556.9,554.7,556.1,560.2,34.7,36.9,41.3,45.4,46.8,44.9,40.2,36.1,28.0,31.5,35.7,40.3,44.6,47.8,50.1,47.2,43.5,39.2,35.0,31.1,38.6,40.4,42.3,43.3,42.7,40.9,38.9,38.0,91.8,94.2,98.9,103.1,104.5,102.1,97.4,92.9,89.0,91.6,95.1,99.6,104.0,107.8,110.8,107.6,103.6,99.3,95.2,91.6,96.2,98.0,100.0,101.0,100.4,98.6,96.6,95.6,85.4,81.1,79.8,82.1,86.9,91.6,92.5,90.1,85.1,83.4,82.5,82.5,83.7,85.8,88.6,89.7,89.7,89.3,88.4,87.1,88.0,89.1,88.5,86.6,84.5,83.4,84.0,85.9,90.8,86.4,85.0,87.4,92.2,96.5,97.9,95.9,91.7,89.0,87.7,87.8,89.2,91.2,94.2,95.2,95.5,95.3,94.5,93.5,93.5,94.5,93.9,92.0,90.0,89.0,89.6,91.4,396.2,396.3,397.3,398.7,399.6,399.9,398.5,397.2,398.7,396.6,395.2,395.2,396.9,399.3,402.0,399.8,397.3,395.9,395.8,397.0,398.4,399.0,399.5,399.5,399.1,398.5,398.0,398.0,398.7,399.0,399.3,399.3,399.2,398.9,398.6,398.8,398.8,397.6,396.7,396.6,397.8,400.1,402.5,400.3,397.9,396.3,396.3,397.6,399.6,399.7,399.8,399.9,400.0,399.9,399.8,399.7,72.0,133.1,425.3,0.016,0.137,0.007,643.3,641.1,640.5,643.4,652.3,670.5,697.9,736.0,782.3,829.4,867.9,899.2,917.2,925.1,929.3,932.2,931.5,676.6,694.2,718.8,745.9,769.9,820.4,846.5,871.9,894.1,906.4,796.0,795.1,794.6,794.1,760.7,776.0,790.8,805.6,818.9,701.7,717.9,736.8,752.1,735.5,717.4,832.9,850.4,868.9,882.3,867.8,850.0,723.4,745.7,772.6,788.8,805.5,830.4,846.3,829.4,804.8,786.5,768.0,741.9,733.2,771.8,788.2,805.0,837.2,804.5,786.9,770.0,563.4,595.5,626.4,657.8,690.9,725.6,760.5,793.3,803.9,790.7,756.0,716.9,678.5,640.6,608.6,578.8,550.1,508.8,496.2,492.5,499.5,513.0,518.2,508.7,507.3,514.9,529.9,554.7,577.4,599.7,623.2,644.1,649.5,654.0,650.9,647.2,548.7,542.0,544.2,554.9,557.6,555.7,560.3,554.1,556.2,564.0,568.5,567.0,698.4,684.6,680.6,686.2,682.8,689.7,704.3,739.1,754.2,755.8,752.8,735.7,698.7,699.0,701.1,701.1,704.5,728.4,729.5,726.5,0.00,0.00,0.00,0.00,0.00,0.00,0.00,0.00,0.00,0.00,0.00,0.00,0.00,0.00,0.00,0.00,0.00,0.00,0.00,0.00,0.00,0.00,0.00,0.00,0.00,0.00,0.00,0.00,0.00,0.00,0.00,0.00,0.00,0.00,0.00
108,0,3.567,0.03,0,0.000000,0.000000,0.000000,0.000000,0.000000,0.000000,0.000,0.000,716.7,721.4,730.9,739.7,742.6,738.3,728.3,719.6,701.5,709.6,719.1,729.2,738.3,744.8,749.0,743.4,735.7,726.7,717.3,708.5,724.7,728.6,732.8,734.8,733.6,729.7,725.5,723.4,841.5,846.6,856.7,866.0,869.0,864.0,853.8,843.8,835.4,841.6,849.7,859.7,868.8,875.9,881.0,875.2,867.8,859.4,850.1,841.6,850.6,854.6,858.8,861.0,859.7,855.8,851.5,849.4,548.6,539.1,535.7,540.3,550.2,560.4,563.2,558.6,546.7,543.9,542.7,542.6,544.6,548.0,552.9,556.4,557.5,557.4,555.4,551.9,553.3,555.3,553.8,549.6,545.2,543.2,544.7,548.9,559.2,549.5,546.4,551.5,562.0,571.7,574.9,570.3,561.2,555.9,553.5,553.6,556.1,559.5,564.7,568.2,570.0,570.4,568.7,565.8,564.6,566.8,565.5,561.4,556.9,554.7,556.1,560.2,34.7,36.9,41.3,45.4,46.8,44.9,40.2,36.1,28.0,31.5,35.7,40.3,44.6,47.8,50.1,47.2,43.5,39.2,35.0,31.1,38.6,40.4,42.3,43.3,42.7,40.9,38.9,38.0,91.8,94.2,98.9,103.1,104.5,102.1,97.4,92.9,89.0,91.6,95.1,99.6,104.0,107.8,110.8,107.6,103.6,99.3,95.2,91.6,96.2,98.0,100.0,101.0,100.4,98.6,96.6,95.6,85.4,81.1,79.8,82.1,86.9,91.6,92.5,90.1,85.1,83.4,82.5,82.5,83.7,85.8,88.6,89.7,89.7,89.3,88.4,87.1,88.0,89.1,88.5,86.6,84.5,83.4,84.0,85.9,90.8,86.4,85.0,87.4,92.2,96.5,97.9,95.9,91.7,89.0,87.7,87.8,89.2,91.2,94.2,95.2,95.5,95.3,94.5,93.5,93.5,94.5,93.9,92.0,90.0,89.0,89.6,91.4,396.2,396.3,397.3,398.7,399.6,399.9,398.5,397.2,398.7,396.6,395.2,395.2,396.9,399.3,402.0,399.8,397.3,395.9,395.8,397.0,398.4,399.0,399.5,399.5,399.1,398.5,398.0,398.0,398.7,399.0,399.3,399.3,399.2,398.9,398.6,398.8,398.8,397.6,396.7,396.6,397.8,400.1,402.5,400.3,397.9,396.3,396.3,397.6,399.6,399.7,399.8,399.9,400.0,399.9,399.8,399.7,72.0,133.1,425.3,0.016,0.137,0.007,643.3,641.1,640.5,643.4,652.3,670.5,697.9,736.0,782.3,829.4,867.9,899.2,917.2,925.1,929.3,932.2,931.5,676.6,694.2,718.8,745.9,769.9,820.4,846.5,871.9,894.1,906.4,796.0,795.1,794.6,794.1,760.7,776.0,790.8,805.6,818.9,701.7,717.9,736.8,752.1,735.5,717.4,832.9,850.4,868.9,882.3,867.8,850.0,723.4,745.7,772.6,788.8,805.5,830.4,846.3,829.4,804.8,786.5,768.0,741.9,733.2,771.8,788.2,805.0,837.2,804.5,786.9,770.0,563.4,595.5,626.4,657.8,690.9,725.6,760.5,793.3,803.9,790.7,756.0,716.9,678.5,640.6,608.6,578.8,550.1,508.8,496.2,492.5,499.5,513.0,518.2,508.7,507.3,514.9,529.9,554.7,577.4,599.7,623.2,644.1,649.5,654.0,650.9,647.2,548.7,542.0,544.2,554.9,557.6,555.7,560.3,554.1,556.2,564.0,568.5,567.0,698.4,684.6,680.6,686.2,682.8,689.7,704.3,739.1,754.2,755.8,752.8,735.7,698.7,699.0,701.1,701.1,704.5,728.4,729.5,726.5,0.00,0.00,0.00,0.00,0.00,0.00,0.00,0.00,0.00,0.00,0.00,0.00,0.00,0.00,0.00,0.00,0.00,0.00,0.00,0.00,0.00,0.00,0.00,0.00,0.00,0.00,0.00,0.00,0.00,0.00,0.00,0.00,0.00,0.00,0.00
109,0,3.600,0.03,0,0.000000,0.000000,0.000000,0.000000,0.000000,0.000000,0.000,0.000,716.7,721.4,730.9,739.7,742.6,738.3,728.3,719.6,701.5,709.6,719.1,729.2,738.3,744.8,749.0,743.4,735.7,726.7,717.3,708.5,724.7,728.6,732.8,734.8,733.6,729.7,725.5,723.4,841.5,846.6,856.7,866.0,869.0,864.0,853.8,843.8,835.4,841.6,849.7,859.7,868.8,875.9,881.0,875.2,867.8,859.4,850.1,841.6,850.6,854.6,858.8,861.0,859.7,855.8,851.5,849.4,548.6,539.1,535.7,540.3,550.2,560.4,563.2,558.6,546.7,543.9,542.7,542.6,544.6,548.0,552.9,556.4,557.5,557.4,555.4,551.9,553.3,555.3,553.8,549.6,545.2,543.2,544.7,548.9,559.2,549.5,546.4,551.5,562.0,571.7,574.9,570.3,561.2,555.9,553.5,553.6,556.1,559.5,564.7,568.2,570.0,570.4,568.7,565.8,564.6,566.8,565.5,561.4,556.9,554.7,556.1,560.2,34.7,36.9,41.3,45.4,46.8,44.9,40.2,36.1,28.0,31.5,35.7,40.3,44.6,47.8,50.1,47.2,43.5,39.2,35.0,31.1,38.6,40.4,42.3,43.3,42.7,40.9,38.9,38.0,91.8,94.2,98.9,103.1,104.5,102.1,97.4,92.9,89.0,91.6,95.1,99.6,104.0,107.8,110.8,107.6,103.6,99.3,95.2,91.6,96.2,98.0,100.0,101.0,100.4,98.6,96.6,95.6,85.4,81.1,79.8,82.1,86.9,91.6,92.5,90.1,85.1,83.4,82.5,82.5,83.7,85.8,88.6,89.7,89.7,89.3,88.4,87.1,88.0,89.1,88.5,86.6,84.5,83.4,84.0,85.9,90.8,86.4,85.0,87.4,92.2,96.5,97.9,95.9,91.7,89.0,87.7,87.8,89.2,91.2,94.2,95.2,95.5,95.3,94.5,93.5,93.5,94.5,93.9,92.0,90.0,89.0,89.6,91.4,396.2,396.3,397.3,398.7,399.6,399.9,398.5,397.2,398.7,396.6,395.2,395.2,396.9,399.3,402.0,399.8,397.3,395.9,395.8,397.0,398.4,399.0,399.5,399.5,399.1,398.5,398.0,398.0,398.7,399.0,399.3,399.3,399.2,398.9,398.6,398.8,398.8,397.6,396.7,396.6,397.8,400.1,402.5,400.3,397.9,396.3,396.3,397.6,399.6,399.7,399.8,399.9,400.0,399.9,399.8,399.7,72.0,133.1,425.3,0.016,0.137,0.007,643.3,641.1,640.5,643.4,652.3,670.5,697.9,736.0,782.3,829.4,867.9,899.2,917.2,925.1,929.3,932.2,931.5,676.6,694.2,718.8,745.9,769.9,820.4,846.5,871.9,894.1,906.4,796.0,795.1,794.6,794.1,760.7,776.0,790.8,805.6,818.9,701.7,717.9,736.8,752.1,735.5,717.4,832.9,850.4,868.9,882.3,867.8,850.0,723.4,745.7,772.6,788.8,805.5,830.4,846.3,829.4,804.8,786.5,768.0,741.9,733.2,771.8,788.2,805.0,837.2,804.5,786.9,770.0,563.4,595.5,626.4,657.8,690.9,725.6,760.5,793.3,803.9,790.7,756.0,716.9,678.5,640.6,608.6,578.8,550.1,508.8,496.2,492.5,499.5,513.0,518.2,508.7,507.3,514.9,529.9,554.7,577.4,599.7,623.2,644.1,649.5,654.0,650.9,647.2,548.7,542.0,544.2,554.9,557.6,555.7,560.3,554.1,556.2,564.0,568.5,567.0,698.4,684.6,680.6,686.2,682.8,689.7,704.3,739.1,754.2,755.8,752.8,735.7,698.7,699.0,701.1,701.1,704.5,728.4,729.5,726.5,0.00,0.00,0.00,0.00,0.00,0.00,0.00,0.00,0.00,0.00,0.00,0.00,0.00,0.00,0.00,0.00,0.00,0.00,0.00,0.00,0.00,0.00,0.00,0.00,0.00,0.00,0.00,0.00,0.00,0.00,0.00,0.00,0.00,0.00,0.00
110,0,3.633,0.03,1,-0.026435,0.083111,-0.996190,-0.269928,0.087939,-0.958856,-0.150,0.087,713.9,718.4,728.0,737.0,740.2,736.1,726.1,717.1,699.5,707.4,716.8,727.0,736.3,742.9,747.1,741.4,733.5,724.3,714.9,706.3,722.1,726.2,730.5,732.6,731.1,727.1,722.8,720.7,840.7,845.3,854.9,864.0,867.2,862.7,853.0,843.1,834.2,840.4,848.5,858.4,867.1,873.1,877.1,872.6,866.5,859.0,849.7,840.7,849.3,853.1,857.2,859.1,857.8,853.9,849.9,848.0,549.3,539.7,536.1,540.7,550.6,560.9,563.8,559.3,547.6,544.2,542.6,542.3,544.4,548.0,553.1,556.7,557.8,557.6,555.8,552.5,554.1,556.2,554.5,550.2,545.7,543.7,545.3,549.6,558.9,549.4,546.1,551.0,561.3,570.9,574.1,569.9,560.5,555.3,552.8,552.8,555.2,558.4,563.8,567.4,569.3,569.7,568.1,565.2,564.1,566.2,564.8,560.8,556.5,554.4,555.8,559.8,33.5,35.6,40.0,44.2,45.7,43.9,39.2,35.0,27.1,30.6,34.7,39.3,43.7,46.9,49.2,46.3,42.4,38.1,33.9,30.1,37.4,39.3,41.3,42.2,41.6,39.7,37.7,36.7,92.2,94.4,99.2,103.6,105.1,102.8,98.0,93.3,89.2,91.8,95.5,100.3,104.7,108.2,110.8,108.1,104.5,100.4,96.0,92.0,96.5,98.4,100.4,101.3,100.7,98.9,96.9,95.9,85.8,81.5,80.0,82.3,87.0,91.7,92.7,90.4,85.5,83.6,82.5,82.4,83.7,85.8,88.6,89.8,89.7,89.4,88.6,87.4,88.4,89.4,88.8,86.8,84.7,83.7,84.3,86.3,91.4,87.1,85.9,88.3,93.1,97.3,98.6,96.4,92.1,89.5,88.3,88.5,90.0,92.1,95.2,96.3,96.5,96.2,95.2,94.1,94.1,95.2,94.6,92.9,90.9,89.8,90.3,92.1,396.5,396.6,397.5,398.6,399.2,399.4,398.2,397.1,399.0,396.9,395.5,395.4,397.0,399.2,401.6,399.4,397.0,395.7,395.9,397.2,398.3,398.8,399.2,399.3,399.0,398.5,398.1,398.1,401.8,402.6,403.7,404.6,404.7,403.9,402.8,402.1,401.7,401.1,400.9,401.6,403.5,406.3,408.9,406.5,403.5,401.2,400.4,401.0,403.5,403.9,404.4,404.7,404.7,404.3,403.8,403.5,74.5,136.2,443.2,-0.089,0.137,0.031,642.5,640.4,639.9,643.3,655.1,678.0,707.4,743.1,782.7,822.6,856.9,886.8,908.2,920.7,927.0,930.5,931.4,674.4,694.1,719.7,746.0,769.5,820.1,845.5,869.9,892.3,907.2,794.6,793.9,793.6,793.2,759.5,774.5,789.3,804.2,817.8,700.4,716.3,734.7,749.1,732.9,715.1,832.2,848.8,866.6,879.8,866.1,849.0,723.2,749.1,771.9,787.4,804.1,825.6,843.8,824.1,802.3,784.8,767.9,745.7,732.1,770.8,786.6,803.4,835.5,802.4,785.5,769.6,560.3,594.4,627.7,661.7,695.1,727.0,755.6,780.4,787.1,777.9,752.1,723.2,691.2,655.4,620.1,586.7,554.0,509.8,497.0,493.9,500.2,512.3,517.0,509.0,508.3,514.7,528.8,552.3,575.8,599.3,623.6,642.1,648.1,653.3,650.0,646.1,549.1,542.1,543.9,554.4,558.1,556.4,560.5,553.1,554.9,563.2,567.9,566.7,687.4,681.3,679.8,684.6,681.7,685.6,692.8,713.1,721.2,722.3,719.6,709.5,689.0,693.8,696.2,695.1,693.8,702.3,703.4,700.8,0.00,0.00,0.00,0.00,0.00,0.00,0.00,0.00,0.00,0.00,0.00,0.00,0.00,0.00,0.00,0.00,0.00,0.00,0.00,0.00,0.00,0.00,0.00,0.00,0.00,0.00,0.00,0.00,0.00,0.00,0.00,0.00,0.00,0.00,0.00
111,0,3.667,0.03,0,0.000000,0.000000,0.000000,0.000000,0.000000,0.000000,0.000,0.000,715.3,719.8,729.3,738.3,741.4,737.4,727.4,718.4,701.8,709.0,717.6,727.2,736.4,743.5,748.2,742.2,734.1,725.0,716.1,708.0,723.9,727.7,731.7,733.6,732.3,728.5,724.5,722.6,842.0,846.8,856.9,866.3,869.4,864.6,854.5,844.3,835.7,841.9,850.0,860.1,869.1,875.6,880.3,875.2,868.5,860.6,851.1,842.0,850.9,854.9,859.2,861.3,860.0,856.0,851.6,849.5,548.7,539.4,535.9,540.3,550.1,560.1,562.9,558.5,546.9,544.0,542.8,542.5,544.2,547.5,552.3,555.9,557.3,557.3,555.4,551.9,553.1,555.0,553.5,549.5,545.4,543.5,545.0,549.0,558.3,548.7,545.4,550.5,561.0,570.6,573.9,569.4,559.0,554.3,552.2,552.5,555.0,558.1,563.4,567.3,569.3,569.7,567.7,564.4,563.8,566.0,564.6,560.4,555.9,553.7,555.1,559.3,35.3,37.4,41.9,46.1,47.7,45.9,41.1,36.8,29.2,32.3,36.2,40.6,45.1,48.6,51.1,48.1,44.0,39.7,35.6,31.9,39.5,41.3,43.2,44.1,43.4,41.6,39.7,38.8,91.6,94.0,98.8,103.1,104.5,102.2,97.4,92.7,88.8,91.4,95.0,99.6,104.1,107.7,110.5,107.6,103.8,99.7,95.3,91.4,96.0,97.9,99.9,100.9,100.3,98.5,96.4,95.4,88.4,84.0,82.4,84.7,89.4,94.2,95.4,93.1,88.2,86.3,85.3,85.0,86.1,88.0,90.8,92.1,92.3,92.1,91.4,90.1,90.8,91.8,91.1,89.2,87.2,86.2,86.9,88.8,90.0,85.7,84.4,86.8,91.6,95.8,97.1,95.0,90.3,88.0,86.9,87.1,88.6,90.5,93.6,94.8,95.1,94.8,93.8,92.5,92.8,93.8,93.2,91.4,89.4,88.3,88.9,90.7,409.8,409.5,409.9,410.7,411.5,412.1,411.4,410.6,412.8,410.3,408.3,407.8,408.9,410.9,413.2,411.5,409.5,408.7,409.3,410.9,411.5,411.8,412.0,411.9,411.5,411.2,411.0,411.1,397.0,397.6,398.4,398.8,398.7,398.0,397.3,397.1,397.1,396.2,395.7,396.0,397.5,399.9,402.5,400.1,397.5,395.5,395.0,396.0,398.3,398.5,398.8,399.1,399.1,398.9,398.6,398.3,73.6,133.9,432.0,0.023,0.122,-0.001,643.4,641.1,640.1,643.4,654.8,676.2,705.4,741.8,785.0,828.7,864.6,894.6,913.8,923.5,928.4,930.6,930.1,675.5,693.9,719.1,746.5,770.4,819.9,845.3,870.5,892.5,905.3,795.8,794.8,794.4,794.1,759.9,775.7,791.2,806.6,820.5,701.0,717.2,735.6,750.6,734.3,716.6,833.6,850.7,868.7,882.0,867.9,850.6,720.8,746.9,774.5,791.1,808.8,834.2,852.6,833.8,808.9,789.8,771.2,743.8,729.8,774.1,790.7,808.7,844.2,808.5,790.0,772.7,562.3,595.4,627.3,659.5,692.4,725.2,756.7,786.1,794.6,781.6,749.2,714.6,679.4,643.4,611.2,581.1,551.9,509.0,496.7,493.0,499.7,513.2,517.6,508.3,507.2,514.7,529.0,554.2,577.1,599.8,623.5,643.1,648.8,653.5,649.7,645.2,549.1,542.0,544.0,554.5,557.2,555.5,560.2,552.9,554.5,562.5,566.8,565.8,688.3,681.1,680.2,684.8,681.0,683.5,690.8,725.2,742.0,744.8,742.3,725.6,689.5,694.2,696.1,694.5,692.4,721.8,724.2,721.5,0.00,0.00,0.00,0.00,0.00,0.00,0.00,0.00,0.00,0.00,0.00,0.00,0.00,0.00,0.00,0.00,0.00,0.00,0.00,0.00,0.00,0.00,0.00,0.00,0.00,0.00,0.00,0.00,0.00,0.00,0.00,0.00,0.00,0.00,0.00
112,0,3.700,0.03,0,0.000000,0.000000,0.000000,0.000000,0.000000,0.000000,0.000,0.000,718.1,722.5,731.8,740.6,743.8,739.9,730.1,721.3,703.7,710.6,719.3,729.0,738.4,745.3,750.0,744.2,736.1,727.0,718.0,709.8,726.5,730.3,734.3,736.2,734.8,731.1,727.0,725.2,842.6,847.6,857.6,866.8,869.9,865.0,855.0,844.8,836.1,842.7,851.0,860.9,869.6,875.8,880.3,875.3,868.9,861.3,851.8,842.6,851.2,855.3,859.7,861.9,860.5,856.4,852.0,849.8,548.1,538.9,535.4,539.6,549.1,558.9,561.8,557.6,546.7,543.8,542.5,542.2,543.8,547.0,551.6,555.0,556.2,556.3,554.6,551.4,552.3,554.1,552.6,548.6,544.5,542.7,544.2,548.2,557.6,547.9,544.8,550.1,560.7,570.3,573.4,568.8,558.0,553.9,552.3,552.8,555.3,558.2,563.0,567.0,569.0,569.3,567.2,563.7,563.3,565.7,564.3,560.0,555.4,553.0,554.4,558.7,36.7,38.7,43.1,47.4,49.0,47.2,42.5,38.2,30.2,33.2,37.1,41.6,46.1,49.6,52.2,49.2,45.1,40.8,36.6,32.9,40.8,42.6,44.5,45.4,44.7,42.9,41.0,40.1,91.2,93.7,98.5,102.8,104.2,101.8,96.9,92.3,88.3,91.0,94.7,99.3,103.7,107.2,110.0,107.1,103.4,99.3,94.9,91.0,95.5,97.4,99.5,100.6,100.0,98.0,95.9,94.9,88.3,83.9,82.4,84.5,89.2,94.0,95.2,93.0,88.4,86.5,85.5,85.2,86.2,88.1,90.8,92.0,92.2,92.0,91.3,90.2,90.7,91.6,90.9,89.0,87.0,86.1,86.8,88.7,89.0,84.8,83.6,86.2,90.9,95.1,96.3,94.0,89.1,87.1,86.3,86.7,88.2,90.1,93.0,94.2,94.4,94.0,92.9,91.5,91.9,93.0,92.5,90.7,88.6,87.4,88.0,89.8,410.9,410.5,411.0,411.9,412.8,413.5,412.7,411.8,414.3,411.7,409.7,409.0,410.2,412.3,414.7,413.0,411.0,410.2,410.7,412.4,412.6,413.0,413.2,413.1,412.7,412.3,412.1,412.2,394.0,394.8,395.9,396.7,396.6,395.7,394.6,394.1,393.8,393.1,392.9,393.5,395.3,397.9,400.7,398.1,395.2,392.9,392.2,392.9,395.5,395.8,396.3,396.7,396.7,396.4,395.9,395.5,73.5,133.7,429.7,0.031,0.120,0.000,643.7,641.4,640.4,643.5,653.9,674.2,702.7,740.2,784.9,830.0,867.0,897.1,915.4,923.9,928.3,930.8,930.3,676.9,694.7,719.8,747.4,771.7,820.0,845.9,871.2,893.4,906.1,796.7,795.7,795.3,794.9,760.9,776.7,791.8,807.1,821.0,702.6,718.9,737.4,752.4,736.1,718.4,834.1,851.4,869.4,882.6,868.3,851.0,722.0,746.7,774.7,791.7,809.4,835.0,852.0,834.5,809.5,790.3,771.1,743.4,731.6,774.2,791.3,809.2,843.1,808.9,790.4,772.7,561.5,594.2,625.9,658.0,691.5,725.8,759.5,790.5,799.4,785.5,751.3,714.1,677.5,640.8,609.3,579.8,551.2,509.1,496.6,492.7,499.5,513.0,517.7,508.3,507.2,514.9,529.6,553.9,576.7,599.2,622.9,643.3,648.7,653.2,649.5,645.2,548.5,541.7,543.7,553.8,556.5,554.7,559.1,552.9,554.8,562.5,566.5,565.1,693.3,682.5,679.9,684.9,681.0,685.4,696.6,732.4,749.5,752.2,749.6,732.5,694.1,696.6,698.5,697.4,697.7,725.4,727.6,724.8,0.00,0.00,0.00,0.00,0.00,0.00,0.00,0.00,0.00,0.00,0.00,0.00,0.00,0.00,0.00,0.00,0.00,0.00,0.00,0.00,0.00,0.00,0.00,0.00,0.00,0.00,0.00,0.00,0.00,0.00,0.00,0.00,0.00,0.00,0.00
113,0,3.733,0.03,0,0.000000,0.000000,0.000000,0.000000,0.000000,0.000000,0.000,0.000,718.8,723.1,732.3,740.9,744.0,740.2,730.5,721.9,705.4,712.2,720.7,730.2,739.3,745.9,750.1,744.4,736.6,727.8,719.1,711.3,726.9,730.7,734.8,736.7,735.3,731.5,727.5,725.6,844.2,848.8,858.4,867.5,870.6,866.1,856.5,846.6,837.7,843.9,852.1,861.8,870.3,876.5,880.7,876.0,869.7,862.1,853.0,844.0,852.7,856.6,860.8,862.8,861.4,857.5,853.3,851.3,547.4,538.4,535.0,539.2,548.7,558.3,561.1,556.9,546.3,543.0,541.5,541.1,542.9,546.4,551.6,554.6,555.6,555.5,553.8,550.7,551.8,553.7,552.2,548.2,544.1,542.2,543.7,547.7,557.8,548.4,545.2,550.2,560.3,569.7,572.8,568.6,559.5,554.5,552.1,552.0,554.4,557.7,563.0,566.7,568.5,568.9,567.2,564.4,563.1,565.3,563.9,559.8,555.4,553.3,554.6,558.7,37.9,40.0,44.5,48.8,50.3,48.5,43.8,39.5,31.7,34.8,38.8,43.3,47.8,51.2,53.5,50.5,46.5,42.2,38.1,34.4,42.0,43.9,45.9,46.8,46.1,44.2,42.3,41.3,94.2,96.5,101.3,105.6,107.1,104.7,100.0,95.3,91.2,93.9,97.6,102.2,106.6,110.2,112.9,110.0,106.3,102.2,97.8,93.9,98.5,100.4,102.4,103.4,102.8,100.9,98.9,97.8,90.3,85.9,84.4,86.6,91.3,96.1,97.2,95.0,90.4,88.3,87.2,86.9,88.0,90.1,93.1,94.2,94.2,94.0,93.2,92.1,92.7,93.7,93.1,91.1,89.0,88.1,88.7,90.7,91.2,87.1,85.9,88.3,93.0,97.1,98.3,96.2,92.0,89.6,88.4,88.5,90.0,92.1,95.2,96.3,96.5,96.1,95.2,94.0,94.0,95.1,94.6,92.8,90.8,89.7,90.2,92.0,421.4,421.2,421.8,422.6,423.3,423.8,422.9,422.1,424.5,422.1,420.2,419.7,420.9,422.9,425.2,423.4,421.4,420.5,421.0,422.6,423.1,423.5,423.7,423.6,423.3,422.9,422.7,422.8,403.6,404.5,405.7,406.3,406.2,405.3,404.1,403.6,403.6,402.9,402.7,403.3,405.1,407.8,410.5,407.9,404.9,402.7,402.0,402.7,405.1,405.4,405.9,406.3,406.4,406.1,405.6,405.2,73.3,133.3,427.7,0.037,0.122,0.002,644.1,641.9,641.0,643.9,653.9,673.5,701.6,739.2,784.5,830.5,868.0,898.3,916.3,924.5,928.8,931.3,930.6,677.6,695.2,720.2,747.6,771.7,822.1,847.8,873.0,894.7,906.7,797.6,796.5,796.0,795.4,761.4,777.1,792.2,807.5,821.2,703.3,719.5,738.1,753.0,736.7,719.0,835.1,852.4,870.5,883.5,869.4,852.0,722.7,746.5,774.3,791.6,809.7,835.2,851.2,834.3,809.4,789.7,770.1,742.9,732.2,773.7,791.1,809.4,842.4,809.0,790.0,772.0,561.4,594.3,625.8,657.9,691.7,726.5,761.1,793.0,802.5,788.4,753.3,715.0,677.3,640.1,608.5,578.9,550.2,509.0,496.2,492.4,499.3,512.8,517.6,508.4,507.4,515.2,530.1,553.8,576.8,599.4,623.2,643.0,648.6,653.3,649.7,645.3,547.9,540.9,542.9,553.3,555.9,554.0,558.9,552.6,554.5,562.4,566.5,565.1,694.0,682.2,679.6,684.7,680.9,685.7,698.1,734.2,751.4,754.1,751.2,733.5,694.6,696.1,698.1,697.2,698.9,727.8,730.0,727.0,0.00,0.00,0.00,0.00,0.00,0.00,0.00,0.00,0.00,0.00,0.00,0.00,0.00,0.00,0.00,0.00,0.00,0.00,0.00,0.00,0.00,0.00,0.00,0.00,0.00,0.00,0.00,0.00,0.00,0.00,0.00,0.00,0.00,0.00,0.00
114,0,3.767,0.03,0,0.000000,0.000000,0.000000,0.000000,0.000000,0.000000,0.000,0.000,719.3,723.7,732.8,741.3,744.3,740.3,730.8,722.3,704.6,712.3,721.3,731.1,740.0,746.3,750.5,745.1,737.6,728.8,719.8,711.4,727.2,730.9,734.9,736.8,735.5,731.8,727.8,725.9,845.0,849.6,859.2,868.1,871.1,866.4,856.8,847.1,838.1,844.6,852.9,862.9,871.3,877.1,880.8,876.3,870.4,862.9,853.8,844.8,853.0,856.9,861.2,863.2,861.9,858.0,853.8,851.7,546.5,537.3,534.1,538.7,548.4,558.3,560.8,556.2,545.7,542.3,540.6,540.2,542.4,546.2,551.5,554.5,555.2,554.9,553.1,550.1,551.3,553.3,551.9,547.9,543.7,541.7,543.1,547.1,557.2,547.7,544.6,549.8,560.1,569.6,572.7,568.2,559.5,554.5,552.1,552.1,554.7,558.1,563.3,566.7,568.4,568.7,566.9,564.1,562.8,565.1,563.7,559.5,554.9,552.6,554.0,558.2,37.3,39.4,43.8,47.9,49.4,47.5,42.8,38.7,30.6,34.0,38.2,42.7,47.1,50.3,52.6,49.7,45.9,41.6,37.4,33.6,41.2,43.0,44.9,45.8,45.2,43.4,41.5,40.5,92.7,95.0,99.7,104.0,105.4,103.1,98.4,93.7,89.5,92.4,96.1,100.8,105.2,108.7,111.2,108.3,104.8,100.8,96.4,92.4,96.8,98.7,100.8,101.8,101.2,99.3,97.2,96.2,87.7,83.5,82.2,84.6,89.2,93.9,94.7,92.3,87.8,85.8,84.7,84.5,85.9,88.1,91.2,92.1,91.8,91.4,90.6,89.5,90.4,91.4,90.8,89.0,87.0,85.9,86.5,88.3,89.2,85.1,84.0,86.6,91.3,95.4,96.5,94.3,90.2,87.8,86.7,86.9,88.6,90.8,93.9,94.8,94.8,94.4,93.3,92.1,92.2,93.3,92.8,91.0,88.9,87.7,88.2,90.1,411.4,412.0,413.1,414.1,414.4,414.2,412.7,411.7,413.9,412.0,410.6,410.5,412.0,414.2,416.4,414.1,411.6,410.3,410.5,411.9,413.2,413.6,414.1,414.4,414.3,413.8,413.3,413.1,395.8,396.7,398.0,399.1,399.2,398.4,397.0,396.1,395.5,394.9,394.9,395.8,398.0,401.0,404.0,401.1,398.0,395.6,394.5,394.9,397.7,398.1,398.7,399.1,399.0,398.6,398.0,397.6,73.6,133.6,428.6,0.029,0.125,0.006,644.9,642.6,641.7,644.3,653.9,673.1,700.7,738.4,783.9,830.3,868.4,899.1,917.1,925.1,929.3,931.7,931.0,678.5,696.0,721.0,748.4,772.4,822.6,848.2,873.2,895.0,907.1,798.3,797.3,796.8,796.2,762.0,777.7,792.7,808.0,821.8,704.1,720.3,738.9,753.8,737.5,719.7,835.7,852.9,871.1,884.0,870.0,852.6,722.2,746.1,774.1,791.6,809.9,835.6,851.8,834.5,809.2,789.2,769.5,742.1,731.9,773.4,791.0,809.5,842.8,808.9,789.7,771.5,561.0,593.8,625.4,657.4,691.5,726.7,761.7,794.2,804.1,790.4,755.2,716.2,678.0,640.3,608.4,578.8,550.1,508.7,495.8,491.9,498.9,512.5,517.7,508.5,507.5,515.1,530.0,553.3,576.2,598.8,622.6,642.7,648.4,653.3,649.7,645.5,547.4,540.2,542.3,553.0,555.6,553.5,558.8,552.6,554.5,562.7,566.7,565.1,694.3,682.0,679.2,684.6,681.0,686.3,699.6,735.4,752.0,754.3,751.3,733.5,695.0,696.6,698.7,698.1,700.3,727.5,729.4,726.3,0.00,0.00,0.00,0.00,0.00,0.00,0.00,0.00,0.00,0.00,0.00,0.00,0.00,0.00,0.00,0.00,0.00,0.00,0.00,0.00,0.00,0.00,0.00,0.00,0.00,0.00,0.00,0.00,0.00,0.00,0.00,0.00,0.00,0.00,0.00
115,0,3.800,0.03,0,0.000000,0.000000,0.000000,0.000000,0.000000,0.000000,0.000,0.000,719.5,724.0,733.2,741.9,744.8,740.9,731.1,722.5,707.0,713.1,721.0,730.5,739.8,746.7,751.2,745.1,736.9,727.9,719.5,712.3,727.8,731.6,735.7,737.7,736.4,732.6,728.5,726.5,845.6,850.1,859.7,868.8,872.0,867.4,857.8,847.9,838.3,844.7,852.9,862.9,871.7,877.7,881.6,877.0,870.9,863.4,854.0,844.9,853.9,857.9,862.1,864.1,862.7,858.7,854.4,852.4,546.5,537.6,534.5,539.0,548.4,558.0,560.4,556.0,545.7,542.2,540.6,540.2,542.2,545.9,551.4,554.2,555.1,554.9,553.1,550.0,551.1,553.1,551.7,547.8,543.6,541.6,543.0,546.9,557.7,548.1,544.8,549.7,559.9,569.5,572.9,568.7,558.8,553.8,551.4,551.5,554.2,557.6,563.1,566.6,568.3,568.6,566.7,563.7,563.1,565.2,563.7,559.5,554.9,552.8,554.2,558.5,38.4,40.6,45.0,49.3,50.7,48.9,44.1,39.9,32.7,35.5,39.1,43.5,48.1,51.6,54.0,50.9,46.7,42.3,38.4,35.1,42.6,44.4,46.4,47.4,46.7,44.9,42.9,41.9,93.3,95.5,100.2,104.6,106.1,103.8,99.1,94.4,90.0,92.7,96.4,101.1,105.6,109.1,111.7,108.8,105.2,101.2,96.8,92.8,97.4,99.4,101.5,102.5,101.8,99.9,97.8,96.8,90.2,85.8,84.3,86.6,91.2,96.0,97.1,94.9,90.6,88.3,87.1,86.7,87.8,89.9,93.0,94.0,94.1,93.9,93.3,92.3,92.7,93.7,93.0,91.1,89.0,88.0,88.7,90.6,89.7,85.5,84.3,86.7,91.4,95.6,96.9,94.7,90.2,87.8,86.7,86.9,88.5,90.7,93.9,94.9,95.0,94.5,93.5,92.2,92.5,93.6,93.1,91.2,89.1,88.0,88.6,90.4,423.1,422.7,422.8,423.1,423.6,424.3,424.0,423.6,426.9,424.2,421.9,420.8,421.5,423.1,425.1,423.6,422.1,421.7,422.8,424.8,424.3,424.5,424.5,424.3,424.1,424.0,423.9,424.1,397.0,397.7,399.0,399.9,400.1,399.3,398.1,397.3,397.0,396.3,396.1,396.8,398.9,401.7,404.5,401.8,398.9,396.5,395.6,396.2,398.7,399.2,399.7,400.1,400.0,399.6,399.0,398.7,73.5,133.7,428.8,0.010,0.134,0.012,644.8,642.8,642.3,645.3,654.7,673.6,700.6,738.0,783.4,830.0,868.3,899.3,917.2,925.1,929.3,932.2,931.8,678.7,696.2,721.1,748.4,772.6,823.3,849.1,874.2,896.2,908.3,798.8,797.7,797.0,796.3,762.4,777.8,792.6,807.7,821.2,704.2,720.4,739.2,754.0,737.6,719.7,836.2,853.4,871.7,884.6,870.4,852.9,723.6,746.5,773.9,790.6,807.7,833.0,848.8,831.5,806.4,787.6,768.6,742.2,733.4,773.0,789.9,807.2,839.7,806.4,788.3,770.9,561.3,594.2,625.8,658.1,692.1,727.4,762.4,794.6,804.7,791.4,756.3,717.0,678.6,641.0,609.1,579.4,550.7,508.8,495.7,491.6,498.6,512.2,517.6,508.4,507.3,514.8,529.9,552.8,575.7,598.2,622.0,642.3,647.9,652.7,649.5,645.6,547.0,540.0,542.0,552.7,555.5,553.4,558.3,552.4,554.5,562.7,566.7,565.0,696.4,682.4,678.8,684.4,680.9,687.7,702.8,738.0,753.4,755.1,752.0,734.6,696.9,697.3,699.4,699.3,703.2,727.5,728.8,725.7,0.00,0.00,0.00,0.00,0.00,0.00,0.00,0.00,0.00,0.00,0.00,0.00,0.00,0.00,0.00,0.00,0.00,0.00,0.00,0.00,0.00,0.00,0.00,0.00,0.00,0.00,0.00,0.00,0.00,0.00,0.00,0.00,0.00,0.00,0.00
116,0,3.833,0.03,0,0.000000,0.000000,0.000000,0.000000,0.000000,0.000000,0.000,0.000,719.4,723.9,733.4,742.2,745.3,741.3,731.3,722.5,705.8,712.6,721.0,730.7,740.2,747.2,752.0,745.9,737.7,728.6,719.7,711.9,727.8,731.7,735.9,737.9,736.5,732.6,728.5,726.5,845.4,850.4,860.5,869.6,872.4,867.4,857.3,847.3,837.5,844.5,853.1,863.4,872.2,878.2,881.9,877.2,870.8,863.0,853.5,844.1,853.6,857.6,862.1,864.4,863.1,859.0,854.6,852.3,546.2,537.0,533.6,538.1,547.8,557.6,560.4,555.9,545.1,542.0,540.5,540.0,541.7,545.1,550.2,553.2,554.3,554.2,552.5,549.5,550.8,552.7,551.3,547.2,542.9,540.9,542.4,546.5,557.2,547.4,544.2,549.5,560.2,570.0,573.2,568.5,558.3,553.7,551.5,551.8,554.4,557.7,562.9,566.6,568.6,568.8,566.8,563.5,562.8,565.2,563.7,559.4,554.6,552.3,553.7,558.0,37.4,39.5,44.0,48.2,49.8,47.9,43.2,38.9,31.2,34.2,38.0,42.5,47.0,50.6,53.1,50.0,46.0,41.6,37.5,34.0,41.5,43.4,45.4,46.3,45.6,43.8,41.8,40.8,90.1,92.4,97.2,101.5,102.9,100.5,95.8,91.1,86.7,89.5,93.3,98.0,102.4,105.9,108.4,105.5,101.9,97.9,93.4,89.4,94.2,96.1,98.2,99.3,98.7,96.7,94.6,93.6,87.7,83.3,81.8,84.0,88.7,93.6,94.7,92.4,87.9,85.9,84.7,84.4,85.4,87.3,90.2,91.3,91.4,91.2,90.6,89.5,90.2,91.2,90.5,88.6,86.5,85.5,86.1,88.1,86.5,82.3,81.2,83.8,88.6,92.8,93.9,91.6,87.0,84.8,83.8,84.2,85.8,87.9,90.9,92.0,92.1,91.6,90.5,89.1,89.4,90.6,90.1,88.2,86.1,84.9,85.4,87.3,412.1,411.8,412.1,412.8,413.5,414.2,413.5,412.9,415.5,412.9,410.8,410.0,411.0,412.8,415.0,413.3,411.5,410.8,411.6,413.4,413.7,414.0,414.1,414.0,413.7,413.4,413.2,413.4,383.8,384.4,385.6,386.9,387.4,386.8,385.5,384.5,383.9,383.1,383.0,383.9,386.1,389.1,392.1,389.4,386.4,384.0,383.0,383.3,385.8,386.4,386.9,387.2,387.0,386.4,385.9,385.6,73.1,133.0,426.5,-0.003,0.137,0.015,644.8,642.6,642.3,645.5,654.8,673.6,700.7,738.2,783.9,830.8,869.2,900.1,917.7,925.2,929.3,932.3,931.5,679.1,696.6,721.3,748.3,772.5,823.4,849.0,873.9,895.9,908.1,799.1,798.0,797.3,796.7,763.0,778.2,792.9,807.7,821.2,704.3,720.6,739.4,754.5,738.0,720.0,835.8,853.2,871.6,884.7,870.3,852.6,724.0,746.5,774.0,790.4,807.1,832.3,848.0,830.7,805.7,787.3,768.5,742.2,733.9,773.1,789.7,806.6,838.8,805.7,788.1,771.0,560.9,593.8,625.7,658.2,692.5,728.1,763.3,795.5,805.6,792.3,756.9,717.1,678.5,640.8,609.2,579.8,551.4,508.1,495.3,491.2,498.3,511.9,517.6,508.4,507.3,514.6,529.4,552.2,575.1,597.6,621.5,642.5,647.9,652.7,649.7,645.9,546.3,539.5,541.5,552.2,554.9,552.9,558.0,552.3,554.5,562.6,566.7,564.8,697.7,683.3,679.2,684.9,681.5,689.1,704.9,739.9,754.9,756.4,753.2,735.7,698.3,698.6,700.7,700.9,705.2,727.6,728.6,725.6,0.00,0.00,0.00,0.00,0.00,0.00,0.00,0.00,0.00,0.00,0.00,0.00,0.00,0.00,0.00,0.00,0.00,0.00,0.00,0.00,0.00,0.00,0.00,0.00,0.00,0.00,0.00,0.00,0.00,0.00,0.00,0.00,0.00,0.00,0.00
117,0,3.867,0.03,0,0.000000,0.000000,0.000000,0.000000,0.000000,0.000000,0.000,0.000,719.5,723.8,733.1,742.0,745.3,741.6,731.6,722.7,706.8,713.0,721.0,730.5,740.1,747.3,752.5,746.1,737.7,728.5,719.9,712.4,728.1,732.0,736.1,738.0,736.6,732.7,728.6,726.7,845.5,850.4,860.2,869.2,872.1,867.2,857.4,847.5,837.6,844.3,852.8,863.0,871.8,877.9,881.8,877.1,870.7,862.9,853.4,844.1,853.8,857.7,861.9,864.1,862.8,858.9,854.6,852.5,546.3,537.1,533.7,538.1,547.7,557.5,560.3,555.9,545.3,541.9,540.3,539.8,541.5,544.9,549.9,553.1,554.2,554.2,552.6,549.6,550.7,552.6,551.2,547.1,543.0,541.1,542.6,546.6,557.5,547.9,544.8,550.0,560.5,570.1,573.2,568.6,558.2,553.6,551.5,551.7,554.4,557.8,563.1,566.8,568.6,568.7,566.7,563.4,563.0,565.2,563.9,559.7,555.2,552.9,554.3,558.4,37.8,39.8,44.2,48.4,50.1,48.4,43.6,39.3,32.1,34.8,38.3,42.7,47.3,50.9,53.6,50.4,46.3,41.9,37.9,34.5,42.0,43.9,45.8,46.7,46.0,44.1,42.2,41.3,91.9,94.3,99.0,103.3,104.7,102.3,97.6,92.9,88.5,91.3,95.0,99.7,104.2,107.8,110.4,107.5,103.8,99.6,95.2,91.2,96.1,98.0,100.0,101.0,100.5,98.6,96.5,95.5,88.5,84.1,82.4,84.5,89.2,94.1,95.3,93.2,88.9,86.7,85.4,84.9,85.8,87.7,90.6,91.8,92.0,91.9,91.4,90.4,90.9,91.8,91.1,89.1,87.1,86.2,86.9,88.8,88.4,84.2,83.1,85.7,90.4,94.6,95.7,93.4,88.7,86.5,85.5,85.8,87.4,89.6,92.7,93.7,93.8,93.3,92.2,90.9,91.2,92.4,91.9,90.1,88.0,86.9,87.4,89.2,415.8,415.3,415.2,415.5,416.0,416.8,416.6,416.3,419.7,416.8,414.4,413.2,413.8,415.3,417.3,415.8,414.3,414.0,415.2,417.3,416.9,417.0,417.0,416.8,416.6,416.4,416.5,416.7,391.5,392.2,393.4,394.4,394.7,394.0,392.8,392.0,391.7,390.9,390.7,391.4,393.5,396.3,399.3,396.6,393.6,391.2,390.4,390.9,393.3,393.8,394.3,394.6,394.5,394.0,393.5,393.2,73.3,133.1,426.7,-0.006,0.138,0.014,644.8,642.7,642.3,645.6,655.1,674.1,701.3,738.7,784.4,831.2,869.7,900.5,918.0,925.5,929.5,932.3,931.5,679.2,696.7,721.3,748.3,772.4,823.5,849.1,873.9,895.8,908.0,799.1,798.0,797.4,796.7,763.1,778.3,793.0,807.9,821.4,704.4,720.6,739.4,754.4,738.0,720.0,835.8,853.3,871.6,884.7,870.3,852.6,724.0,746.6,774.1,790.7,807.7,833.0,848.8,831.5,806.4,787.7,768.7,742.4,733.9,773.2,790.0,807.2,839.6,806.4,788.5,771.2,561.1,594.0,625.8,658.3,692.6,728.2,763.3,795.4,805.5,792.3,756.8,717.2,678.7,641.2,609.6,580.3,552.0,508.0,495.3,491.2,498.3,511.9,517.7,508.4,507.3,514.6,529.4,552.2,575.0,597.6,621.4,642.6,648.0,652.8,649.8,646.0,546.3,539.5,541.5,552.1,554.9,552.9,558.0,552.2,554.5,562.6,566.7,564.7,697.7,683.5,679.3,685.1,681.7,689.1,704.7,739.4,754.4,755.9,752.7,735.4,698.3,698.8,700.9,701.0,705.0,727.0,728.2,725.1,0.00,0.00,0.00,0.00,0.00,0.00,0.00,0.00,0.00,0.00,0.00,0.00,0.00,0.00,0.00,0.00,0.00,0.00,0.00,0.00,0.00,0.00,0.00,0.00,0.00,0.00,0.00,0.00,0.00,0.00,0.00,0.00,0.00,0.00,0.00
118,0,3.900,0.03,0,0.000000,0.000000,0.000000,0.000000,0.000000,0.000000,0.000,0.000,719.4,723.9,733.3,742.2,745.3,741.3,731.4,722.5,706.1,712.7,720.9,730.6,740.0,747.1,752.1,745.9,737.7,728.5,719.8,712.0,727.9,731.8,735.9,737.9,736.5,732.6,728.5,726.5,845.5,850.5,860.5,869.4,872.2,867.2,857.3,847.4,837.6,844.6,853.3,863.5,872.1,878.1,881.8,877.1,870.8,863.0,853.5,844.1,853.7,857.6,861.9,864.1,862.9,859.0,854.7,852.5,546.2,537.0,533.6,538.1,547.8,557.6,560.3,555.9,545.2,542.0,540.5,540.0,541.7,545.1,550.2,553.2,554.3,554.2,552.5,549.5,550.8,552.8,551.3,547.2,542.9,541.0,542.4,546.5,557.1,547.4,544.3,549.7,560.3,570.0,573.1,568.4,558.4,553.7,551.5,551.7,554.3,557.7,562.9,566.7,568.6,568.8,566.7,563.5,562.7,565.0,563.7,559.4,554.8,552.5,553.9,558.1,37.5,39.6,44.1,48.3,49.9,48.1,43.3,39.1,31.5,34.4,38.1,42.6,47.1,50.7,53.3,50.2,46.1,41.7,37.7,34.2,41.7,43.6,45.5,46.5,45.8,43.9,41.9,41.0,90.5,92.9,97.6,101.9,103.2,100.8,96.1,91.5,87.0,89.9,93.8,98.5,102.9,106.3,108.8,106.0,102.3,98.2,93.8,89.8,94.6,96.5,98.5,99.6,99.0,97.1,95.1,94.0,88.0,83.6,82.1,84.3,89.0,93.8,95.0,92.7,88.3,86.2,85.1,84.6,85.6,87.6,90.4,91.5,91.6,91.5,90.9,89.9,90.5,91.5,90.8,88.8,86.8,85.8,86.5,88.4,86.8,82.7,81.6,84.2,89.0,93.2,94.3,91.9,87.4,85.2,84.2,84.5,86.1,88.3,91.3,92.4,92.5,92.0,90.8,89.5,89.7,90.9,90.4,88.6,86.5,85.4,85.8,87.7,413.7,413.4,413.5,414.1,414.7,415.3,414.8,414.3,417.3,414.6,412.4,411.5,412.3,414.0,416.1,414.5,412.7,412.2,413.1,415.0,415.1,415.3,415.4,415.2,415.0,414.7,414.7,414.8,385.4,386.0,387.3,388.6,389.0,388.4,387.0,386.0,385.4,384.7,384.6,385.5,387.7,390.8,393.9,391.1,388.0,385.5,384.5,384.8,387.4,387.9,388.5,388.8,388.6,388.1,387.5,387.2,73.2,133.1,426.5,-0.008,0.138,0.015,644.8,642.7,642.4,645.6,655.1,674.1,701.2,738.7,784.5,831.4,869.9,900.6,918.1,925.5,929.5,932.4,931.5,679.2,696.9,721.8,748.9,773.1,823.1,848.7,873.8,895.9,908.1,799.2,798.1,797.5,796.9,763.1,778.4,793.1,808.0,821.5,704.4,720.7,739.4,754.5,738.0,720.0,835.8,853.3,871.6,884.6,870.3,852.6,723.9,746.5,774.1,790.6,807.6,832.9,848.8,831.3,806.2,787.6,768.6,742.3,733.8,773.2,789.9,807.1,839.5,806.2,788.4,771.1,561.0,593.8,625.7,658.2,692.7,728.3,763.6,795.9,806.0,792.8,757.2,717.4,678.9,641.3,609.8,580.5,552.3,508.1,495.3,491.2,498.3,512.2,517.9,508.5,507.3,514.6,529.6,552.3,575.1,597.6,621.4,642.5,648.0,652.8,649.8,646.0,546.3,539.5,541.5,552.2,554.9,552.9,558.0,552.3,554.5,562.7,566.7,564.7,697.6,683.4,679.3,685.0,681.6,689.1,704.8,739.6,754.5,756.1,752.9,735.5,698.2,698.7,700.9,700.9,705.1,727.3,728.4,725.3,0.00,0.00,0.00,0.00,0.00,0.00,0.00,0.00,0.00,0.00,0.00,0.00,0.00,0.00,0.00,0.00,0.00,0.00,0.00,0.00,0.00,0.00,0.00,0.00,0.00,0.00,0.00,0.00,0.00,0.00,0.00,0.00,0.00,0.00,0.00
119,0,3.933,0.03,0,0.000000,0.000000,0.000000,0.000000,0.000000,0.000000,0.000,0.000,719.3,723.8,733.1,741.7,744.7,740.8,730.9,722.3,707.0,712.9,720.6,730.0,739.4,746.4,751.2,744.9,736.5,727.4,719.2,712.1,727.7,731.5,735.6,737.6,736.3,732.5,728.4,726.4,845.6,850.3,860.0,869.0,872.0,867.3,857.6,847.8,837.8,844.3,852.6,862.8,871.7,877.8,881.7,877.1,870.7,862.9,853.4,844.2,853.9,857.8,862.0,864.1,862.8,858.9,854.6,852.5,546.2,537.3,534.2,538.7,548.3,557.9,560.3,555.8,545.3,541.8,540.2,539.8,541.8,545.5,551.0,553.9,554.7,554.5,552.6,549.6,550.9,552.9,551.5,547.6,543.4,541.5,542.8,546.7,557.4,547.9,544.7,549.7,559.9,569.4,572.6,568.3,558.8,553.6,550.9,550.7,553.4,557.0,562.7,566.4,568.3,568.6,566.7,563.7,562.7,564.9,563.5,559.3,554.8,552.6,554.0,558.2,38.3,40.4,44.9,49.0,50.5,48.7,43.9,39.7,32.6,35.3,38.8,43.1,47.7,51.3,53.8,50.6,46.4,42.0,38.2,34.9,42.4,44.3,46.2,47.2,46.5,44.7,42.7,41.8,92.5,94.7,99.4,103.7,105.1,102.8,98.2,93.5,89.0,91.7,95.4,100.2,104.7,108.3,110.8,108.0,104.3,100.2,95.7,91.7,96.6,98.5,100.5,101.5,100.9,99.0,97.0,96.0,89.9,85.5,83.9,86.2,90.8,95.6,96.8,94.5,90.3,88.0,86.7,86.2,87.3,89.4,92.4,93.5,93.6,93.4,92.8,91.9,92.3,93.3,92.6,90.7,88.7,87.7,88.4,90.3,88.8,84.6,83.4,85.9,90.6,94.7,95.9,93.8,89.5,86.9,85.7,85.8,87.4,89.7,93.0,94.0,94.2,93.8,92.7,91.5,91.5,92.6,92.1,90.3,88.2,87.1,87.7,89.5,422.2,421.8,421.7,421.8,422.2,422.9,422.7,422.6,426.3,423.4,420.9,419.7,420.1,421.5,423.4,422.0,420.6,420.4,421.7,423.9,423.2,423.3,423.2,423.1,422.9,422.8,422.9,423.0,393.5,394.1,395.2,396.2,396.5,395.9,394.7,393.9,393.8,393.0,392.8,393.4,395.5,398.4,401.3,398.6,395.6,393.3,392.5,393.0,395.3,395.7,396.2,396.5,396.3,395.9,395.4,395.1,73.4,133.2,426.8,-0.008,0.134,0.013,644.7,642.5,642.2,645.6,655.2,674.4,701.8,739.5,785.2,831.8,869.8,900.4,917.8,925.3,929.5,932.3,931.5,679.1,696.9,721.6,748.6,772.5,823.3,848.7,873.6,895.4,907.5,799.2,798.1,797.6,797.1,763.4,778.6,793.3,808.2,821.5,704.1,720.3,739.2,754.2,737.7,719.6,835.8,853.2,871.6,884.7,870.4,852.7,725.1,747.7,775.2,791.3,807.7,832.7,848.5,831.4,806.6,788.6,770.1,743.7,735.0,774.4,790.7,807.3,839.2,806.5,789.3,772.5,562.2,595.0,626.8,659.3,693.5,729.0,763.9,795.9,805.8,792.3,756.7,717.1,678.7,641.4,610.1,581.1,553.3,507.9,495.2,491.2,498.2,512.1,517.8,508.5,507.2,514.3,529.0,552.4,575.2,597.8,621.6,642.8,648.1,652.8,649.8,645.9,546.4,539.3,541.5,552.5,555.2,553.1,558.1,551.9,554.1,562.4,566.6,564.8,697.9,683.4,679.0,684.6,681.1,688.5,704.1,739.4,754.6,756.3,753.3,736.2,698.4,698.3,700.2,700.3,704.5,727.6,728.9,726.0,0.00,0.00,0.00,0.00,0.00,0.00,0.00,0.00,0.00,0.00,0.00,0.00,0.00,0.00,0.00,0.00,0.00,0.00,0.00,0.00,0.00,0.00,0.00,0.00,0.00,0.00,0.00,0.00,0.00,0.00,0.00,0.00,0.00,0.00,0.00
120,0,3.967,0.03,0,0.000000,0.000000,0.000000,0.000000,0.000000,0.000000,0.000,0.000,719.3,723.9,733.4,742.4,745.4,741.4,731.3,722.3,705.8,712.4,720.8,730.3,739.6,746.7,751.5,745.2,737.1,728.0,719.3,711.6,727.8,731.7,735.9,737.9,736.6,732.6,728.5,726.4,845.6,850.5,860.4,869.4,872.3,867.4,857.5,847.6,837.8,844.6,853.1,863.4,872.2,878.3,882.0,877.3,870.9,863.0,853.6,844.4,853.9,857.8,862.1,864.3,863.0,859.1,854.8,852.6,546.0,536.7,533.4,538.0,547.9,557.9,560.5,555.9,545.1,541.8,540.3,539.9,542.0,545.8,551.4,554.2,554.9,554.6,552.7,549.5,550.9,552.9,551.4,547.4,543.0,541.0,542.4,546.5,557.1,547.4,544.2,549.4,559.9,569.5,572.7,568.2,559.1,553.6,550.9,550.8,553.4,557.0,562.7,566.3,568.2,568.6,566.7,563.8,562.5,564.8,563.4,559.1,554.5,552.3,553.7,557.9,37.2,39.4,43.9,48.1,49.6,47.7,42.9,38.7,31.1,34.1,37.8,42.2,46.6,50.1,52.6,49.5,45.4,41.1,37.1,33.7,41.3,43.2,45.2,46.1,45.5,43.6,41.6,40.7,91.2,93.5,98.2,102.5,103.9,101.5,96.9,92.2,87.8,90.6,94.3,99.0,103.5,107.0,109.5,106.7,103.0,98.9,94.5,90.5,95.3,97.2,99.3,100.3,99.7,97.8,95.7,94.7,87.3,82.9,81.4,83.7,88.4,93.2,94.3,92.0,87.6,85.5,84.3,84.0,85.1,87.3,90.3,91.3,91.2,91.0,90.2,89.2,89.8,90.8,90.2,88.3,86.2,85.2,85.9,87.8,87.4,83.2,82.0,84.6,89.4,93.6,94.7,92.5,88.3,85.7,84.4,84.6,86.2,88.5,91.7,92.7,92.9,92.5,91.5,90.3,90.2,91.4,90.9,89.0,86.9,85.8,86.3,88.2,410.5,410.6,410.9,411.4,411.8,412.1,411.4,410.9,413.9,411.5,409.4,408.6,409.4,411.0,412.9,411.3,409.5,408.9,409.8,411.7,411.9,412.1,412.3,412.3,412.1,411.9,411.7,411.7,388.0,388.6,389.7,390.8,391.3,390.8,389.6,388.7,388.2,387.3,387.1,387.8,390.0,393.0,396.0,393.3,390.3,388.0,387.1,387.5,390.0,390.4,391.0,391.2,391.0,390.5,390.0,389.8,73.4,133.2,426.9,-0.009,0.135,0.013,644.5,642.5,642.3,645.7,655.4,674.7,702.1,739.8,785.4,832.0,870.0,900.7,918.2,925.6,929.7,932.4,931.4,679.0,696.8,721.6,748.6,772.6,823.3,848.8,873.7,895.7,907.7,799.3,798.2,797.7,797.2,763.4,778.7,793.4,808.2,821.7,704.0,720.2,739.1,754.2,737.6,719.4,835.8,853.2,871.7,884.8,870.5,852.7,725.0,747.7,775.1,791.1,807.4,832.5,848.5,831.2,806.3,788.4,770.0,743.6,734.8,774.4,790.5,807.0,839.2,806.3,789.1,772.4,561.7,594.7,626.8,659.4,693.6,728.9,763.5,795.3,805.2,791.9,756.6,717.1,678.9,641.6,610.1,581.0,552.9,508.1,495.2,491.1,498.1,512.0,517.7,508.3,507.1,514.3,529.2,552.4,575.2,597.7,621.5,642.8,648.2,652.9,649.9,646.1,546.4,539.3,541.4,552.7,555.4,553.3,558.3,551.8,553.9,562.4,566.7,564.9,698.1,683.6,679.4,684.9,681.5,688.9,704.5,739.6,754.6,756.1,753.1,736.0,698.6,698.6,700.6,700.6,704.8,727.7,728.9,726.0,0.00,0.00,0.00,0.00,0.00,0.00,0.00,0.00,0.00,0.00,0.00,0.00,0.00,0.00,0.00,0.00,0.00,0.00,0.00,0.00,0.00,0.00,0.00,0.00,0.00,0.00,0.00,0.00,0.00,0.00,0.00,0.00,0.00,0.00,0.00
121,0,4.000,0.03,0,0.000000,0.000000,0.000000,0.000000,0.000000,0.000000,0.000,0.000,719.3,723.9,733.3,742.0,745.0,741.0,731.0,722.2,706.5,712.8,720.6,729.9,739.3,746.4,751.3,744.8,736.5,727.4,719.1,711.9,727.7,731.6,735.8,737.8,736.5,732.6,728.5,726.4,845.6,850.5,860.2,869.2,872.1,867.3,857.6,847.7,837.8,844.3,852.6,862.8,871.7,877.9,881.8,877.0,870.5,862.6,853.2,844.1,854.0,857.8,862.1,864.2,862.9,859.0,854.8,852.7,546.2,537.1,534.0,538.7,548.4,558.1,560.6,555.9,545.2,541.9,540.3,540.0,542.1,545.9,551.6,554.4,555.2,554.9,552.9,549.7,551.1,553.2,551.8,547.8,543.5,541.4,542.8,546.8,557.2,547.7,544.6,549.7,560.0,569.5,572.6,568.1,558.8,553.4,550.6,550.5,553.2,557.0,562.8,566.4,568.2,568.4,566.5,563.6,562.6,564.7,563.4,559.3,554.8,552.6,554.0,558.1,37.8,40.0,44.5,48.7,50.1,48.2,43.4,39.2,32.0,34.8,38.3,42.6,47.1,50.6,53.2,49.9,45.8,41.5,37.6,34.4,41.9,43.8,45.8,46.7,46.1,44.3,42.3,41.3,92.9,95.2,99.9,104.2,105.6,103.3,98.6,93.9,89.4,92.2,95.8,100.6,105.1,108.7,111.3,108.4,104.6,100.5,96.0,92.1,97.1,98.9,101.0,102.0,101.4,99.5,97.5,96.5,88.8,84.4,82.9,85.2,89.9,94.6,95.7,93.5,89.2,87.0,85.7,85.3,86.4,88.5,91.6,92.6,92.7,92.5,91.8,90.8,91.3,92.3,91.7,89.7,87.7,86.7,87.3,89.3,89.1,84.9,83.7,86.2,91.0,95.2,96.3,94.1,89.9,87.2,85.9,86.0,87.7,90.0,93.3,94.4,94.5,94.1,93.0,91.9,91.9,93.0,92.5,90.7,88.6,87.5,88.0,89.9,417.2,417.0,417.0,417.2,417.4,417.9,417.6,417.4,421.1,418.4,416.0,414.8,415.3,416.6,418.4,416.9,415.5,415.2,416.5,418.7,418.2,418.3,418.3,418.2,418.1,418.0,418.0,418.1,395.3,395.9,396.9,397.9,398.1,397.5,396.5,395.7,395.6,394.7,394.5,395.0,397.0,399.8,402.6,400.0,397.1,394.9,394.2,394.8,397.0,397.4,397.9,398.1,398.0,397.6,397.2,396.9,73.4,133.3,427.0,-0.009,0.134,0.011,644.5,642.4,642.2,645.6,655.4,674.7,702.5,740.3,785.9,832.4,870.3,900.8,918.1,925.5,929.7,932.3,931.3,678.9,696.7,721.3,748.2,772.2,823.2,848.4,873.0,894.9,907.1,799.2,798.2,797.7,797.2,763.5,778.8,793.4,808.3,821.7,704.1,720.3,739.2,754.2,737.7,719.5,835.7,853.1,871.5,884.6,870.3,852.6,725.0,747.7,775.2,791.3,807.6,832.7,848.7,831.4,806.6,788.6,770.2,743.7,734.9,774.5,790.7,807.3,839.4,806.5,789.4,772.6,562.0,594.9,626.9,659.6,693.9,729.3,764.0,795.6,805.4,792.0,756.6,717.1,678.8,641.6,610.1,580.9,552.8,508.2,495.5,491.4,498.4,512.1,517.8,508.6,507.3,514.2,528.8,552.4,575.3,597.8,621.6,643.0,648.3,653.0,650.0,646.1,546.6,539.5,541.6,552.8,555.5,553.4,558.2,551.8,553.9,562.3,566.6,564.9,698.3,683.9,679.6,685.1,681.6,689.0,704.5,739.6,754.7,756.3,753.3,736.2,698.7,698.8,700.7,700.7,704.9,727.8,729.0,726.2,0.00,0.00,0.00,0.00,0.00,0.00,0.00,0.00,0.00,0.00,0.00,0.00,0.00,0.00,0.00,0.00,0.00,0.00,0.00,0.00,0.00,0.00,0.00,0.00,0.00,0.00,0.00,0.00,0.00,0.00,0.00,0.00,0.00,0.00,0.00
122,0,4.033,0.03,0,0.000000,0.000000,0.000000,0.000000,0.000000,0.000000,0.000,0.000,719.3,723.8,733.3,742.3,745.4,741.4,731.3,722.4,706.0,712.6,720.9,730.3,739.7,746.7,751.6,745.3,737.2,728.2,719.4,711.8,727.8,731.7,735.9,737.9,736.6,732.6,728.4,726.4,845.6,850.6,860.4,869.4,872.2,867.2,857.3,847.5,837.6,844.2,852.7,862.9,871.7,877.9,881.8,876.9,870.3,862.3,853.0,844.0,853.8,857.7,862.0,864.2,862.9,859.1,854.8,852.6,546.5,537.2,533.9,538.4,548.2,558.2,560.9,556.3,545.3,542.1,540.5,540.2,542.2,546.0,551.7,554.4,555.2,554.9,552.9,549.8,551.3,553.3,551.8,547.7,543.4,541.4,542.8,547.0,556.7,547.2,544.1,549.4,559.9,569.4,572.5,567.8,559.2,553.5,550.7,550.6,553.3,557.0,562.8,566.3,568.1,568.3,566.5,563.7,562.2,564.5,563.2,559.1,554.5,552.2,553.5,557.7,37.3,39.5,44.0,48.3,49.8,47.9,43.1,38.8,31.3,34.3,38.0,42.3,46.8,50.3,52.8,49.7,45.7,41.4,37.4,33.9,41.5,43.4,45.4,46.3,45.6,43.8,41.8,40.8,92.1,94.5,99.2,103.5,104.9,102.5,97.7,93.1,88.6,91.4,95.1,99.8,104.3,107.9,110.4,107.5,103.7,99.5,95.2,91.3,96.3,98.1,100.2,101.2,100.6,98.8,96.7,95.7,87.9,83.5,81.9,84.2,88.9,93.7,94.8,92.6,88.0,86.0,84.8,84.5,85.6,87.7,90.8,91.7,91.7,91.4,90.7,89.7,90.4,91.4,90.7,88.8,86.7,85.7,86.4,88.3,88.2,84.0,82.9,85.5,90.3,94.4,95.5,93.2,89.3,86.6,85.2,85.3,87.0,89.3,92.6,93.6,93.7,93.3,92.3,91.2,91.0,92.2,91.7,89.9,87.8,86.7,87.2,89.0,412.1,412.0,412.3,412.8,413.2,413.7,413.1,412.6,415.6,413.1,410.9,410.1,410.9,412.5,414.5,412.8,411.1,410.5,411.4,413.4,413.5,413.7,413.8,413.8,413.6,413.4,413.3,413.3,392.2,392.7,393.9,394.9,395.2,394.6,393.5,392.6,392.3,391.5,391.2,391.8,393.8,396.7,399.6,396.9,394.0,391.8,391.1,391.6,394.0,394.4,394.9,395.2,395.0,394.6,394.1,393.8,73.7,133.3,427.3,0.003,0.131,0.006,644.7,642.6,642.3,645.7,656.0,675.8,703.7,741.3,786.5,832.6,870.2,900.6,918.2,925.7,929.8,932.2,931.2,678.6,696.5,721.2,748.0,771.9,823.3,848.6,873.4,895.1,907.1,798.8,797.7,797.3,796.8,763.1,778.6,793.4,808.4,822.0,704.2,720.3,739.2,754.1,737.7,719.6,835.5,852.8,871.2,884.2,870.1,852.4,724.6,748.0,775.9,792.3,809.2,834.6,851.0,833.7,808.9,790.4,771.6,744.5,734.3,775.4,791.9,809.0,841.8,808.5,790.8,773.7,561.8,594.7,627.0,659.9,694.3,729.7,764.4,796.1,805.6,791.7,756.1,716.9,678.9,641.7,610.2,581.0,553.0,508.1,495.5,491.6,498.5,512.2,517.7,508.6,507.5,514.8,529.5,552.8,575.7,598.3,622.1,643.2,648.6,653.3,649.9,645.8,546.9,539.6,541.8,552.9,555.6,553.5,558.4,551.7,553.7,562.2,566.4,564.8,696.2,683.1,679.5,684.7,681.0,687.0,700.9,736.9,753.1,755.2,752.5,735.2,696.8,697.7,699.5,698.9,701.6,727.3,729.1,726.3,0.00,0.00,0.00,0.00,0.00,0.00,0.00,0.00,0.00,0.00,0.00,0.00,0.00,0.00,0.00,0.00,0.00,0.00,0.00,0.00,0.00,0.00,0.00,0.00,0.00,0.00,0.00,0.00,0.00,0.00,0.00,0.00,0.00,0.00,0.00
123,0,4.067,0.03,0,0.000000,0.000000,0.000000,0.000000,0.000000,0.000000,0.000,0.000,719.9,724.7,734.3,743.0,745.6,741.3,731.2,722.6,706.9,713.2,721.2,730.7,740.2,747.2,751.9,745.4,737.0,727.9,719.5,712.3,728.3,732.1,736.3,738.4,737.2,733.4,729.2,727.1,846.1,850.8,860.6,869.7,872.8,868.1,858.3,848.3,838.0,844.1,852.2,862.4,871.4,877.9,882.0,877.0,870.3,862.4,853.1,844.4,854.4,858.5,862.9,865.0,863.6,859.5,855.2,853.0,546.7,537.7,534.8,539.7,549.5,559.2,561.4,556.5,545.6,542.0,540.4,540.1,542.4,546.6,552.6,555.2,555.7,555.3,553.2,550.0,551.7,553.9,552.6,548.7,544.4,542.2,543.5,547.4,557.5,548.0,544.8,549.8,560.1,569.6,572.8,568.5,559.9,553.7,550.6,550.3,553.1,556.9,563.0,566.5,568.4,568.7,567.1,564.3,563.0,565.2,563.8,559.5,554.9,552.6,554.1,558.4,37.8,40.1,44.6,48.7,50.0,48.1,43.3,39.1,32.0,34.8,38.3,42.7,47.2,50.7,53.2,49.9,45.7,41.4,37.6,34.3,41.9,43.7,45.7,46.7,46.1,44.3,42.3,41.3,93.8,96.1,100.9,105.2,106.7,104.4,99.6,95.0,90.3,92.8,96.4,101.1,105.6,109.3,112.0,109.0,105.2,101.1,96.8,93.0,98.0,100.0,102.1,103.2,102.5,100.5,98.4,97.4,88.4,84.1,82.7,85.1,89.8,94.5,95.5,93.1,88.7,86.4,85.1,84.7,85.9,88.2,91.4,92.4,92.3,92.0,91.3,90.3,91.0,92.0,91.4,89.5,87.5,86.4,87.0,88.9,90.0,85.7,84.5,86.9,91.7,95.9,97.2,95.0,91.1,88.1,86.6,86.5,88.1,90.5,93.9,95.0,95.2,94.9,94.0,92.9,92.8,93.9,93.4,91.5,89.3,88.2,88.8,90.7,414.2,413.9,413.9,414.1,414.5,415.1,414.8,414.5,418.2,415.4,412.9,411.7,412.2,413.6,415.5,414.0,412.6,412.4,413.6,415.8,415.3,415.4,415.4,415.3,415.1,415.0,415.0,415.1,398.5,399.1,400.1,400.9,401.0,400.4,399.4,398.8,398.9,398.0,397.5,397.9,399.5,402.2,404.7,402.4,399.7,397.7,397.2,398.0,400.1,400.5,400.9,401.2,401.1,400.7,400.3,400.0,73.6,133.2,426.6,0.012,0.137,0.002,645.1,643.0,642.7,646.1,656.3,676.2,704.6,742.7,788.2,834.2,871.4,901.5,918.6,926.0,930.0,932.4,931.4,678.7,696.7,721.6,748.8,772.8,822.9,848.2,873.1,895.1,907.1,799.1,797.8,797.2,796.6,763.1,778.5,793.4,808.4,821.8,704.4,720.6,739.4,754.3,737.9,719.7,835.6,853.0,871.3,884.4,870.3,852.6,725.4,748.7,776.6,792.1,807.9,833.0,850.0,832.4,807.8,790.3,772.5,745.3,734.9,776.2,791.7,807.8,840.9,807.5,790.8,774.6,560.5,594.0,626.9,660.4,695.2,730.7,765.3,796.7,805.8,791.4,755.7,716.6,678.6,641.4,609.9,580.6,552.6,508.5,495.5,491.5,498.7,512.8,518.1,508.8,507.6,514.5,529.3,553.2,576.1,598.7,622.6,643.3,648.7,653.3,649.9,645.6,547.1,539.8,542.1,553.4,556.1,553.9,558.8,551.9,553.7,562.2,566.6,565.2,695.7,683.0,679.7,684.7,681.1,686.8,700.1,737.2,753.4,755.5,753.0,735.8,696.2,697.0,698.6,698.1,701.0,728.6,730.4,727.9,0.00,0.00,0.00,0.00,0.00,0.00,0.00,0.00,0.00,0.00,0.00,0.00,0.00,0.00,0.00,0.00,0.00,0.00,0.00,0.00,0.00,0.00,0.00,0.00,0.00,0.00,0.00,0.00,0.00,0.00,0.00,0.00,0.00,0.00,0.00
124,0,4.100,0.03,0,0.000000,0.000000,0.000000,0.000000,0.000000,0.000000,0.000,0.000,720.0,724.7,734.5,743.5,746.4,742.2,731.9,722.9,707.0,713.3,721.3,730.6,740.1,747.4,752.4,745.8,737.5,728.4,719.9,712.5,728.6,732.6,736.9,739.0,737.7,733.7,729.4,727.3,846.0,851.1,861.0,870.1,873.0,867.9,858.0,848.0,837.9,844.6,853.1,863.4,872.1,878.2,882.0,877.0,870.5,862.6,853.4,844.5,854.2,858.3,862.7,865.0,863.7,859.6,855.2,852.9,546.6,537.3,534.1,539.0,549.0,559.1,561.5,556.7,545.9,542.3,540.6,540.1,542.2,546.3,552.5,554.9,555.5,555.2,553.2,550.1,551.7,553.9,552.5,548.3,543.9,541.8,543.2,547.3,557.4,547.5,544.3,549.6,560.2,570.1,573.3,568.6,560.1,553.8,550.7,550.7,553.4,557.2,563.0,566.5,568.4,568.9,567.2,564.3,562.9,565.3,563.8,559.4,554.7,552.3,553.8,558.2,37.4,39.7,44.2,48.5,49.9,48.0,43.1,38.9,31.7,34.4,37.9,42.2,46.7,50.2,52.8,49.5,45.5,41.2,37.3,34.1,41.6,43.5,45.5,46.5,45.9,44.0,42.0,41.0,91.4,93.8,98.5,102.9,104.3,101.9,97.2,92.5,87.8,90.6,94.3,99.0,103.5,107.0,109.5,106.5,102.9,98.8,94.5,90.6,95.6,97.5,99.6,100.7,100.1,98.1,96.0,94.9,87.4,83.0,81.5,83.8,88.6,93.4,94.5,92.1,87.9,85.6,84.3,83.9,84.9,87.1,90.4,91.2,91.2,91.0,90.3,89.3,90.0,91.0,90.4,88.4,86.3,85.3,86.0,87.9,87.6,83.3,82.2,84.8,89.7,93.9,95.1,92.8,88.8,85.8,84.4,84.5,86.2,88.5,91.8,92.8,93.0,92.7,91.7,90.6,90.5,91.7,91.2,89.3,87.1,85.9,86.4,88.3,409.7,409.6,409.7,409.9,410.1,410.6,410.2,410.0,413.4,410.8,408.5,407.4,407.9,409.2,411.0,409.5,408.1,407.8,409.0,411.2,410.8,410.9,410.9,410.9,410.8,410.7,410.6,410.7,388.3,388.8,390.0,391.2,391.8,391.3,390.1,389.0,388.4,387.5,387.3,387.9,389.9,392.9,395.8,393.3,390.5,388.2,387.5,387.9,390.3,390.9,391.4,391.7,391.4,390.9,390.3,390.1,73.9,133.3,426.8,0.005,0.141,-0.003,645.1,643.3,643.2,646.8,657.5,678.0,706.9,745.2,790.6,836.5,873.4,903.0,919.4,926.3,930.1,932.4,931.3,678.6,696.8,721.7,748.7,772.8,823.1,848.3,873.2,895.2,907.2,799.3,797.9,797.3,796.6,763.2,778.7,793.7,808.8,822.3,704.8,720.9,739.8,754.7,738.3,720.0,835.6,853.0,871.5,884.5,870.4,852.7,725.6,748.9,776.7,792.5,808.6,833.8,851.0,833.5,808.9,791.2,773.2,745.8,735.1,776.6,792.3,808.7,841.8,808.6,791.6,775.2,560.2,594.2,627.8,662.0,697.3,732.9,767.3,798.1,806.3,791.3,755.2,715.9,677.8,640.7,609.3,580.4,552.5,508.7,495.7,491.6,498.7,512.8,518.3,509.2,507.9,514.7,529.4,553.1,575.9,598.5,622.3,643.4,648.7,653.4,649.9,645.4,547.2,539.8,542.1,553.5,556.2,554.0,558.9,551.9,553.7,562.3,566.7,565.3,695.8,683.1,679.6,684.6,680.9,686.6,699.8,736.6,752.9,755.2,752.8,735.8,696.3,697.0,698.6,697.9,700.8,728.1,730.1,727.7,0.00,0.00,0.00,0.00,0.00,0.00,0.00,0.00,0.00,0.00,0.00,0.00,0.00,0.00,0.00,0.00,0.00,0.00,0.00,0.00,0.00,0.00,0.00,0.00,0.00,0.00,0.00,0.00,0.00,0.00,0.00,0.00,0.00,0.00,0.00
125,0,4.133,0.03,0,0.000000,0.000000,0.000000,0.000000,0.000000,0.000000,0.000,0.000,720.2,725.0,734.7,743.7,746.6,742.4,732.1,723.2,708.0,713.7,721.1,730.3,740.0,747.4,752.5,745.5,736.8,727.7,719.6,713.0,728.9,733.0,737.4,739.5,738.2,734.2,729.8,727.6,846.5,851.4,861.3,870.3,873.3,868.4,858.5,848.6,838.3,844.5,852.6,862.8,871.8,878.3,882.5,877.3,870.5,862.5,853.3,844.6,854.8,858.9,863.3,865.5,864.2,860.1,855.7,853.5,546.3,537.0,533.9,538.8,548.9,558.9,561.3,556.4,546.1,542.2,540.3,539.8,542.0,546.3,552.8,555.1,555.7,555.3,553.3,550.3,551.6,553.8,552.4,548.2,543.7,541.5,542.9,547.1,557.5,548.0,544.8,550.0,560.4,570.0,573.1,568.6,560.1,553.7,550.5,550.2,553.0,557.0,563.2,566.7,568.6,569.0,567.3,564.5,563.1,565.4,564.0,559.7,555.0,552.7,554.1,558.4,37.3,39.5,44.0,48.1,49.5,47.6,42.8,38.7,32.0,34.4,37.6,41.7,46.2,49.7,52.3,48.9,44.8,40.6,37.0,34.1,41.4,43.3,45.3,46.3,45.7,43.8,41.8,40.8,93.6,96.0,100.7,105.1,106.5,104.1,99.4,94.7,90.0,92.6,96.2,100.8,105.4,109.0,111.7,108.6,104.8,100.7,96.4,92.7,97.8,99.8,101.9,103.0,102.3,100.4,98.2,97.2,86.7,82.3,80.8,83.0,87.7,92.4,93.6,91.4,87.5,85.1,83.6,83.0,84.1,86.3,89.6,90.4,90.5,90.3,89.8,88.9,89.3,90.3,89.6,87.6,85.5,84.5,85.2,87.2,89.6,85.3,84.1,86.7,91.5,95.7,96.9,94.7,90.8,87.7,86.1,86.1,87.7,90.1,93.6,94.6,94.8,94.6,93.7,92.6,92.5,93.6,93.1,91.2,89.0,87.9,88.4,90.3,407.1,406.9,406.5,406.2,406.1,406.7,406.8,407.1,411.5,408.6,405.8,404.2,404.2,405.1,406.5,405.5,404.5,404.7,406.4,408.9,407.7,407.6,407.4,407.3,407.3,407.4,407.6,407.7,396.8,397.3,398.3,399.1,399.3,398.8,397.9,397.2,397.1,396.2,395.7,396.0,397.6,400.3,402.9,400.6,397.9,395.9,395.5,396.3,398.4,398.8,399.2,399.5,399.4,399.0,398.6,398.3,73.9,133.1,426.7,0.011,0.142,-0.004,645.4,643.4,643.2,646.8,657.5,678.1,707.2,745.6,791.1,836.9,873.7,903.2,919.5,926.3,930.1,932.4,931.3,678.8,696.9,721.8,748.9,773.0,823.2,848.4,873.3,895.2,907.2,799.4,798.0,797.3,796.6,763.3,778.8,793.7,808.8,822.3,704.9,721.1,740.0,754.8,738.4,720.1,835.8,853.3,871.7,884.7,870.7,852.9,725.6,749.1,777.0,792.5,808.5,833.7,851.1,833.4,808.8,791.3,773.5,746.0,735.0,776.8,792.4,808.5,842.0,808.5,791.7,775.5,559.6,593.6,627.0,661.3,696.6,732.4,766.9,797.9,806.1,790.8,754.5,715.1,677.0,639.9,608.5,579.5,551.6,508.5,495.3,491.3,498.4,512.6,518.0,508.9,507.7,514.5,529.2,553.0,575.8,598.3,622.1,643.1,648.4,653.1,649.6,645.1,547.1,539.7,542.0,553.5,556.2,554.0,559.0,551.9,553.7,562.2,566.7,565.4,694.7,682.6,679.4,684.3,680.6,685.9,698.6,735.9,752.3,754.6,752.3,735.2,695.2,696.3,697.9,697.1,699.6,728.0,730.1,727.7,0.00,0.00,0.00,0.00,0.00,0.00,0.00,0.00,0.00,0.00,0.00,0.00,0.00,0.00,0.00,0.00,0.00,0.00,0.00,0.00,0.00,0.00,0.00,0.00,0.00,0.00,0.00,0.00,0.00,0.00,0.00,0.00,0.00,0.00,0.00
126,0,4.167,0.03,0,0.000000,0.000000,0.000000,0.000000,0.000000,0.000000,0.000,0.000,720.4,725.2,735.1,744.2,747.3,743.1,732.6,723.4,707.8,713.8,721.5,730.7,740.2,747.7,753.0,746.1,737.6,728.5,720.1,713.1,729.1,733.3,737.8,740.0,738.7,734.5,730.0,727.8,846.7,851.7,861.8,870.9,873.8,868.7,858.7,848.7,838.4,845.1,853.6,864.0,872.8,878.9,882.7,877.7,871.2,863.3,854.0,845.1,854.9,859.0,863.5,865.8,864.5,860.4,855.9,853.6,546.2,536.7,533.5,538.4,548.6,558.8,561.3,556.4,545.6,541.9,540.1,539.6,541.8,546.1,552.5,555.0,555.7,555.3,553.3,550.0,551.5,553.8,552.3,548.0,543.3,541.0,542.5,546.8,557.3,547.4,544.2,549.6,560.3,570.2,573.4,568.7,560.0,553.7,550.7,550.6,553.5,557.3,563.2,566.7,568.6,569.0,567.3,564.4,563.0,565.4,563.9,559.5,554.7,552.3,553.7,558.2,37.1,39.3,43.8,48.0,49.4,47.5,42.7,38.5,31.6,34.1,37.5,41.5,45.9,49.5,52.1,48.8,44.8,40.6,36.9,33.8,41.2,43.1,45.2,46.2,45.6,43.6,41.6,40.5,91.3,93.6,98.4,102.8,104.2,101.8,97.0,92.3,87.6,90.4,94.1,98.8,103.2,106.7,109.2,106.3,102.6,98.5,94.2,90.4,95.4,97.3,99.5,100.6,99.9,98.0,95.8,94.8,85.9,81.4,79.9,82.2,86.9,91.7,92.8,90.6,86.4,84.2,82.8,82.3,83.3,85.5,88.8,89.7,89.8,89.6,89.0,88.0,88.5,89.5,88.8,86.8,84.6,83.6,84.3,86.3,87.1,82.9,81.7,84.4,89.3,93.5,94.6,92.3,88.3,85.4,84.0,84.1,85.8,88.1,91.4,92.4,92.6,92.2,91.3,90.1,90.1,91.3,90.8,88.9,86.7,85.5,86.0,87.9,403.5,403.4,403.2,403.1,403.1,403.6,403.5,403.6,407.6,404.8,402.2,400.8,401.0,402.0,403.6,402.4,401.3,401.3,402.7,405.1,404.3,404.3,404.2,404.1,404.1,404.1,404.2,404.3,386.4,387.0,388.2,389.4,389.9,389.3,388.1,387.0,386.4,385.6,385.4,386.0,388.0,390.9,393.7,391.3,388.4,386.1,385.4,385.8,388.4,388.9,389.5,389.8,389.6,389.0,388.5,388.2,73.8,132.9,426.0,0.010,0.146,-0.001,645.7,643.7,643.4,647.1,657.9,678.4,707.2,745.6,791.0,837.0,873.9,903.5,919.9,926.6,930.4,932.7,931.5,679.6,697.8,722.6,749.6,773.6,823.8,849.2,874.2,896.2,908.0,800.0,798.4,797.6,796.8,763.4,778.8,793.7,808.8,822.3,705.1,721.3,740.3,755.1,738.6,720.2,836.1,853.6,872.2,885.2,871.1,853.2,725.6,748.7,776.5,791.9,807.7,832.9,850.2,832.4,807.6,790.3,772.6,745.3,735.1,776.3,791.7,807.6,841.0,807.4,790.8,774.7,558.3,592.5,626.2,660.8,696.4,732.4,767.2,798.2,806.6,791.4,755.1,715.4,677.1,639.9,608.3,579.1,550.9,508.0,494.8,490.8,498.0,512.2,517.9,508.8,507.6,514.7,529.8,552.9,575.5,597.8,621.5,642.8,648.0,652.7,649.4,645.1,546.7,539.3,541.7,553.4,556.1,553.8,559.0,551.9,553.8,562.5,567.0,565.5,695.5,682.7,679.2,684.2,680.7,686.7,700.3,737.8,753.9,756.0,753.5,736.1,696.0,696.6,698.3,697.8,701.1,729.1,730.9,728.5,0.00,0.00,0.00,0.00,0.00,0.00,0.00,0.00,0.00,0.00,0.00,0.00,0.00,0.00,0.00,0.00,0.00,0.00,0.00,0.00,0.00,0.00,0.00,0.00,0.00,0.00,0.00,0.00,0.00,0.00,0.00,0.00,0.00,0.00,0.00
127,0,4.200,0.03,0,0.000000,0.000000,0.000000,0.000000,0.000000,0.000000,0.000,0.000,720.8,725.6,735.2,744.0,746.7,742.5,732.3,723.6,708.7,714.3,721.6,730.8,740.4,747.7,752.8,745.8,737.1,728.1,720.1,713.5,729.4,733.3,737.5,739.7,738.5,734.6,730.3,728.1,847.2,852.0,861.9,871.1,874.1,869.2,859.3,849.3,838.6,845.0,853.4,863.7,872.7,879.0,883.0,878.0,871.3,863.3,854.0,845.1,855.5,859.6,864.0,866.2,864.8,860.7,856.3,854.2,545.7,536.6,533.7,538.6,548.6,558.4,560.6,555.7,545.4,541.4,539.6,539.1,541.3,545.6,552.0,554.6,555.3,555.0,553.0,549.8,551.0,553.2,551.9,547.8,543.4,541.1,542.5,546.5,557.4,547.7,544.5,549.6,560.1,569.9,573.1,568.6,560.1,553.8,550.6,550.4,553.2,557.1,563.2,566.8,568.7,569.2,567.4,564.6,562.9,565.2,563.8,559.5,554.8,552.5,553.9,558.3,37.9,40.2,44.6,48.7,50.0,48.1,43.3,39.2,32.6,35.0,38.2,42.3,46.8,50.3,52.9,49.5,45.3,41.1,37.6,34.7,42.0,43.8,45.8,46.8,46.2,44.4,42.4,41.4,92.5,94.8,99.5,103.9,105.4,103.0,98.3,93.6,88.8,91.4,95.1,99.8,104.3,107.9,110.4,107.5,103.7,99.6,95.3,91.5,96.7,98.6,100.7,101.8,101.1,99.2,97.1,96.0,87.2,82.8,81.4,83.6,88.3,93.1,94.1,91.9,88.0,85.5,84.0,83.5,84.5,86.7,90.0,91.0,91.1,91.0,90.4,89.5,89.8,90.8,90.1,88.2,86.1,85.1,85.7,87.7,88.2,83.9,82.7,85.3,90.1,94.3,95.5,93.3,89.4,86.4,84.9,84.9,86.6,88.9,92.3,93.4,93.6,93.3,92.4,91.3,91.0,92.2,91.7,89.8,87.6,86.5,87.0,88.9,410.8,410.5,410.0,409.7,409.8,410.4,410.6,410.8,415.3,412.2,409.4,407.8,407.7,408.7,410.2,409.2,408.2,408.5,410.1,412.7,411.4,411.3,411.1,410.9,410.9,411.0,411.2,411.4,390.7,391.3,392.4,393.5,393.8,393.2,392.1,391.3,391.1,390.2,389.8,390.3,392.1,394.9,397.6,395.2,392.4,390.3,389.7,390.4,392.6,393.0,393.5,393.8,393.7,393.2,392.7,392.4,74.1,132.8,426.3,0.006,0.147,-0.001,646.1,644.0,643.7,647.4,658.5,679.4,708.3,746.4,791.7,837.6,874.6,904.1,920.3,926.9,930.4,932.5,931.1,679.9,698.3,723.3,750.3,774.2,824.2,849.5,874.6,896.5,908.1,800.2,798.7,797.8,797.0,763.6,779.1,794.0,809.0,822.5,705.5,721.7,740.6,755.5,739.0,720.6,836.2,853.9,872.4,885.4,871.3,853.5,725.4,748.6,776.2,792.3,808.9,834.3,851.4,833.8,809.0,790.7,772.4,745.2,734.8,776.0,792.1,809.0,842.1,808.8,791.3,774.5,557.7,592.3,626.4,661.4,697.1,733.1,767.7,798.3,806.3,791.0,754.6,715.0,676.6,639.3,607.7,578.5,550.5,507.5,494.4,490.6,497.9,512.2,517.8,508.7,507.4,514.6,529.7,552.5,575.2,597.6,621.4,642.7,647.9,652.7,649.4,645.1,546.4,539.0,541.4,553.1,555.7,553.4,558.8,551.8,553.7,562.4,566.8,565.4,694.8,682.2,678.8,683.9,680.2,686.1,699.6,736.4,752.5,754.7,752.1,734.8,695.3,696.3,698.0,697.4,700.5,727.7,729.7,727.1,0.00,0.00,0.00,0.00,0.00,0.00,0.00,0.00,0.00,0.00,0.00,0.00,0.00,0.00,0.00,0.00,0.00,0.00,0.00,0.00,0.00,0.00,0.00,0.00,0.00,0.00,0.00,0.00,0.00,0.00,0.00,0.00,0.00,0.00,0.00
128,0,4.233,0.03,0,0.000000,0.000000,0.000000,0.000000,0.000000,0.000000,0.000,0.000,721.0,725.8,735.6,744.5,747.5,743.3,732.9,723.9,708.3,714.5,722.2,731.4,740.8,748.2,753.4,746.7,738.2,729.2,720.8,713.6,729.7,733.7,738.0,740.2,738.8,734.9,730.5,728.4,847.2,852.4,862.6,871.7,874.5,869.4,859.2,849.1,838.7,845.6,854.3,864.7,873.4,879.3,883.0,878.1,871.7,863.8,854.5,845.4,855.4,859.5,864.1,866.4,865.1,861.0,856.4,854.1,545.2,535.8,532.7,537.6,547.7,557.7,560.2,555.3,544.3,540.8,539.0,538.7,540.8,545.0,551.2,554.0,554.8,554.5,552.4,549.0,550.3,552.5,551.1,547.0,542.5,540.3,541.7,545.9,557.1,547.1,543.9,549.4,560.4,570.4,573.6,568.7,560.2,553.8,550.6,550.6,553.3,557.1,563.0,566.6,568.6,569.1,567.4,564.5,563.0,565.4,564.0,559.5,554.5,552.1,553.5,558.0,37.7,39.9,44.5,48.7,50.1,48.1,43.3,39.1,32.1,34.8,38.2,42.3,46.7,50.3,52.9,49.6,45.5,41.3,37.5,34.4,41.9,43.7,45.7,46.7,46.1,44.2,42.2,41.2,90.0,92.4,97.1,101.5,102.9,100.5,95.6,90.9,86.2,89.0,92.8,97.5,101.9,105.3,107.7,104.9,101.3,97.2,92.9,89.1,94.0,96.0,98.1,99.2,98.6,96.6,94.5,93.4,86.2,81.9,80.4,82.6,87.4,92.2,93.2,91.0,86.6,84.4,83.1,82.7,83.7,85.9,89.2,90.2,90.3,90.1,89.4,88.3,88.8,89.9,89.2,87.2,85.1,84.1,84.8,86.7,85.6,81.3,80.3,83.0,87.9,92.1,93.2,90.8,86.9,83.9,82.6,82.7,84.4,86.7,90.0,91.0,91.2,90.8,89.8,88.6,88.6,89.8,89.4,87.4,85.2,84.0,84.5,86.4,407.5,407.3,407.2,407.2,407.4,407.8,407.7,407.6,411.4,408.7,406.2,404.9,405.2,406.3,408.0,406.7,405.4,405.3,406.7,409.0,408.4,408.4,408.3,408.3,408.2,408.2,408.2,408.3,379.8,380.4,381.9,383.3,383.9,383.2,381.8,380.5,379.8,379.0,379.0,379.8,381.9,385.0,387.8,385.3,382.4,380.0,379.1,379.4,382.0,382.6,383.3,383.6,383.3,382.7,382.0,381.7,73.8,132.7,426.1,0.001,0.152,0.004,646.2,644.1,643.9,647.5,658.1,678.6,707.3,745.6,790.9,836.9,873.9,903.5,919.7,926.4,930.3,932.8,931.8,680.1,698.4,723.4,750.6,774.7,824.4,849.8,875.0,897.0,908.7,800.6,798.9,798.0,797.1,763.8,779.0,793.7,808.5,821.8,705.6,721.9,740.9,755.8,739.2,720.8,836.4,854.2,872.7,885.7,871.6,853.6,725.9,748.4,775.7,791.2,807.0,831.9,848.5,831.0,806.4,789.0,771.2,744.6,735.4,775.4,790.9,806.9,839.3,806.5,789.8,773.6,558.2,592.5,626.3,661.0,696.7,732.8,767.7,798.5,806.7,791.5,755.0,715.2,676.7,639.2,607.6,578.5,550.4,507.3,494.0,490.0,497.4,511.8,517.7,508.7,507.5,514.7,529.9,552.1,574.7,597.1,620.8,642.1,647.4,652.1,649.1,645.1,545.6,538.3,540.7,552.6,555.2,552.8,558.6,551.7,553.8,562.5,567.0,565.4,695.5,682.1,678.4,683.7,680.2,687.1,701.7,738.3,753.7,755.5,752.8,735.4,695.9,696.2,698.1,697.8,702.2,728.3,729.9,727.3,0.00,0.00,0.00,0.00,0.00,0.00,0.00,0.00,0.00,0.00,0.00,0.00,0.00,0.00,0.00,0.00,0.00,0.00,0.00,0.00,0.00,0.00,0.00,0.00,0.00,0.00,0.00,0.00,0.00,0.00,0.00,0.00,0.00,0.00,0.00
129,0,4.267,0.03,0,0.000000,0.000000,0.000000,0.000000,0.000000,0.000000,0.000,0.000,720.8,725.7,735.4,744.3,747.3,743.1,732.7,723.8,708.7,714.5,722.0,731.2,740.8,748.3,753.5,746.5,737.6,728.5,720.4,713.6,729.6,733.6,738.0,740.1,738.8,734.8,730.5,728.3,847.3,852.2,862.3,871.5,874.5,869.5,859.5,849.3,838.7,845.4,854.0,864.3,873.2,879.4,883.2,878.2,871.7,863.8,854.4,845.3,855.5,859.7,864.2,866.4,865.1,860.9,856.4,854.2,545.0,535.7,532.6,537.5,547.6,557.6,560.0,555.1,543.9,540.2,538.5,538.2,540.4,544.7,550.9,553.9,554.7,554.4,552.2,548.8,550.2,552.4,551.0,546.9,542.4,540.2,541.5,545.7,557.3,547.4,544.2,549.5,560.3,570.2,573.4,568.7,559.9,553.5,550.3,550.2,553.1,557.1,563.3,567.0,568.9,569.3,567.5,564.5,563.1,565.5,564.0,559.6,554.7,552.3,553.8,558.2,37.4,39.6,44.1,48.2,49.5,47.7,42.9,38.8,32.1,34.6,37.8,41.9,46.3,49.9,52.5,49.1,44.9,40.7,37.1,34.2,41.5,43.4,45.4,46.4,45.7,43.9,41.9,40.9,90.8,93.2,97.9,102.3,103.7,101.3,96.5,91.8,87.1,89.9,93.6,98.3,102.7,106.2,108.6,105.8,102.1,98.0,93.7,89.8,94.9,96.9,99.0,100.1,99.4,97.5,95.3,94.3,85.6,81.2,79.7,82.0,86.6,91.4,92.5,90.3,86.1,83.7,82.3,81.9,82.9,85.1,88.3,89.4,89.6,89.5,88.8,87.8,88.2,89.2,88.5,86.5,84.4,83.4,84.1,86.1,86.5,82.3,81.1,83.7,88.6,92.8,93.9,91.6,87.6,84.6,83.2,83.3,85.0,87.4,90.8,91.9,92.0,91.7,90.7,89.5,89.4,90.6,90.1,88.2,86.0,84.9,85.4,87.3,405.1,404.7,404.2,404.0,404.1,404.7,404.9,405.1,409.4,406.4,403.6,402.0,402.0,403.0,404.5,403.5,402.5,402.7,404.3,406.8,405.7,405.5,405.3,405.2,405.2,405.3,405.5,405.6,383.4,384.1,385.4,386.6,386.9,386.2,384.9,383.9,383.5,382.8,382.6,383.3,385.3,388.2,390.9,388.4,385.5,383.2,382.5,382.9,385.3,385.9,386.5,386.8,386.6,386.1,385.5,385.2,73.8,132.6,426.0,0.000,0.150,0.006,646.2,643.9,643.5,647.0,657.7,678.2,706.9,745.1,790.5,836.6,873.9,903.5,919.9,926.7,930.5,933.0,931.8,680.3,698.6,723.6,750.5,774.5,824.6,850.1,875.2,897.2,908.8,800.4,798.8,797.8,796.9,763.6,778.9,793.6,808.4,821.8,705.6,721.9,741.0,755.9,739.3,720.8,836.4,854.3,872.9,885.9,871.7,853.7,725.0,747.6,775.0,791.3,808.2,833.5,850.0,832.5,807.7,789.2,770.5,743.8,734.5,774.6,791.0,808.0,840.7,807.6,789.9,772.9,558.4,592.3,625.6,660.0,695.5,731.6,766.9,798.0,806.4,791.4,754.8,715.1,676.8,639.4,607.8,578.7,550.7,506.3,493.4,489.6,497.1,511.5,517.6,508.4,507.3,514.7,529.8,552.1,574.6,596.9,620.5,642.1,647.3,652.0,649.1,645.2,545.3,537.9,540.4,552.3,554.9,552.5,558.6,551.8,553.8,562.6,567.1,565.5,695.1,681.8,678.2,683.6,680.0,686.8,701.4,737.8,753.5,755.5,752.6,734.9,695.6,696.3,698.3,697.9,701.9,727.9,729.5,726.7,0.00,0.00,0.00,0.00,0.00,0.00,0.00,0.00,0.00,0.00,0.00,0.00,0.00,0.00,0.00,0.00,0.00,0.00,0.00,0.00,0.00,0.00,0.00,0.00,0.00,0.00,0.00,0.00,0.00,0.00,0.00,0.00,0.00,0.00,0.00
130,0,4.300,0.03,0,0.000000,0.000000,0.000000,0.000000,0.000000,0.000000,0.000,0.000,720.7,725.7,735.5,744.6,747.5,743.2,732.7,723.6,707.8,714.2,722.2,731.5,741.1,748.5,753.8,746.9,738.2,729.0,720.5,713.2,729.5,733.5,737.9,740.1,738.8,734.8,730.4,728.2,847.2,852.4,862.5,871.7,874.5,869.4,859.2,849.1,838.5,845.5,854.3,864.8,873.6,879.5,883.0,878.2,871.9,864.0,854.6,845.3,855.3,859.5,864.1,866.4,865.1,860.9,856.3,854.0,544.8,535.4,532.3,537.3,547.5,557.7,560.1,555.0,543.4,539.9,538.3,538.1,540.4,544.8,551.2,554.1,554.8,554.4,552.1,548.5,550.1,552.4,551.0,546.8,542.2,540.0,541.4,545.6,557.2,547.1,543.8,549.3,560.3,570.4,573.7,568.8,559.6,553.3,550.3,550.3,553.2,557.0,563.1,566.7,568.8,569.2,567.3,564.2,563.1,565.6,564.1,559.5,554.5,552.0,553.4,558.0,37.0,39.2,43.7,47.8,49.2,47.3,42.4,38.3,31.3,34.1,37.5,41.6,46.0,49.5,52.2,48.8,44.7,40.5,36.8,33.6,41.0,42.9,44.9,45.9,45.3,43.5,41.4,40.4,89.0,91.3,96.1,100.4,101.8,99.4,94.6,89.9,85.2,88.0,91.8,96.5,100.9,104.3,106.6,103.8,100.3,96.3,91.9,88.0,93.0,94.9,97.1,98.2,97.6,95.6,93.4,92.3,84.6,80.3,78.8,81.1,85.8,90.6,91.6,89.3,84.8,82.6,81.3,81.0,82.1,84.4,87.6,88.7,88.7,88.5,87.8,86.6,87.2,88.3,87.6,85.7,83.6,82.5,83.2,85.1,84.6,80.4,79.4,82.1,87.0,91.2,92.2,89.8,85.6,82.8,81.5,81.7,83.4,85.8,89.1,90.1,90.3,89.9,88.8,87.5,87.7,88.9,88.4,86.5,84.3,83.0,83.5,85.5,400.6,400.3,400.2,400.2,400.4,400.9,400.8,400.7,404.6,401.7,399.2,397.9,398.2,399.4,401.1,399.8,398.5,398.4,399.7,402.0,401.4,401.5,401.4,401.3,401.2,401.2,401.3,401.4,375.6,376.3,377.8,379.2,379.8,379.2,377.7,376.4,375.5,374.8,374.9,375.7,378.0,381.0,384.0,381.4,378.4,375.9,374.9,375.1,377.8,378.5,379.2,379.5,379.2,378.6,377.9,377.6,74.0,132.6,426.3,0.005,0.147,0.002,646.4,643.9,643.2,646.9,658.1,679.0,707.7,745.7,790.7,836.4,873.4,903.0,919.6,926.6,930.4,932.6,931.3,680.4,698.8,723.8,750.6,774.3,824.4,849.9,875.2,897.1,908.6,800.0,798.4,797.5,796.6,763.2,778.7,793.6,808.5,822.1,705.5,721.7,740.9,755.9,739.2,720.6,836.4,854.2,872.9,885.8,871.8,853.7,724.3,747.8,775.5,792.0,809.0,834.7,851.8,834.1,808.9,790.2,771.5,744.3,733.8,775.2,791.6,808.9,842.6,808.6,790.7,773.6,559.8,593.6,626.9,661.2,696.5,732.3,767.4,798.6,806.8,791.6,755.2,715.4,676.9,639.2,607.3,577.9,549.6,505.9,493.1,489.5,497.0,511.3,517.4,508.0,506.9,514.7,530.2,552.0,574.5,596.8,620.4,642.2,647.5,652.1,648.9,644.9,545.3,537.7,540.2,552.3,554.9,552.6,558.7,551.5,553.4,562.4,566.9,565.4,693.8,681.5,678.4,683.6,680.0,685.9,699.2,736.5,752.8,754.9,752.1,734.2,694.5,696.0,697.9,697.2,700.1,727.9,729.8,726.9,0.00,0.00,0.00,0.00,0.00,0.00,0.00,0.00,0.00,0.00,0.00,0.00,0.00,0.00,0.00,0.00,0.00,0.00,0.00,0.00,0.00,0.00,0.00,0.00,0.00,0.00,0.00,0.00,0.00,0.00,0.00,0.00,0.00,0.00,0.00
131,0,4.333,0.03,0,0.000000,0.000000,0.000000,0.000000,0.000000,0.000000,0.000,0.000,720.5,725.4,735.3,744.3,747.3,743.1,732.6,723.5,708.9,714.6,721.9,731.1,740.8,748.5,754.0,746.7,737.6,728.2,720.1,713.5,729.6,733.6,737.9,740.0,738.7,734.8,730.4,728.3,847.1,851.9,861.9,871.2,874.3,869.5,859.5,849.4,838.7,845.3,853.7,864.0,872.9,879.2,883.1,878.2,871.8,863.9,854.5,845.3,855.5,859.6,864.1,866.3,864.9,860.7,856.2,854.0,544.6,535.2,532.0,537.0,547.2,557.5,559.9,554.9,543.3,539.6,537.9,537.7,540.1,544.5,550.8,553.8,554.6,554.1,551.9,548.3,549.9,552.1,550.7,546.5,542.0,539.8,541.2,545.4,557.5,547.6,544.3,549.6,560.3,570.2,573.5,568.9,559.8,553.4,550.2,550.0,552.8,556.9,563.2,566.9,568.9,569.4,567.5,564.6,563.2,565.6,564.1,559.7,554.9,552.5,554.0,558.4,36.7,38.9,43.3,47.3,48.7,46.8,42.1,38.0,31.8,34.1,37.2,41.2,45.5,49.1,51.8,48.4,44.1,39.9,36.4,33.6,40.9,42.6,44.6,45.5,45.0,43.2,41.2,40.3,91.0,93.4,98.1,102.5,103.9,101.6,96.8,92.1,87.4,90.1,93.8,98.5,102.9,106.4,108.9,106.0,102.4,98.3,94.0,90.1,95.2,97.1,99.3,100.3,99.7,97.7,95.6,94.5,84.1,79.7,78.2,80.3,85.0,89.7,90.9,88.8,84.5,82.1,80.8,80.3,81.4,83.5,86.7,87.8,88.0,87.9,87.2,86.2,86.6,87.6,86.9,84.9,82.9,81.9,82.6,84.6,86.8,82.6,81.5,84.0,88.8,93.0,94.2,91.9,87.9,84.9,83.5,83.5,85.2,87.6,91.0,92.1,92.3,91.9,91.0,89.8,89.8,90.9,90.4,88.5,86.4,85.2,85.7,87.6,398.7,398.3,397.6,397.1,397.0,397.7,398.1,398.6,403.4,400.2,397.3,395.5,395.3,396.1,397.5,396.5,395.7,396.1,397.9,400.6,399.0,398.8,398.5,398.3,398.4,398.6,398.9,399.1,384.6,385.4,386.8,387.9,388.1,387.3,386.0,385.0,384.7,384.0,384.0,384.6,386.5,389.3,391.9,389.4,386.5,384.2,383.5,384.0,386.5,387.0,387.6,388.0,387.9,387.4,386.8,386.4,73.7,132.3,425.6,0.011,0.149,0.004,646.4,643.8,643.0,646.5,657.4,678.0,706.6,744.6,789.7,835.7,872.8,902.8,919.6,926.7,930.5,932.8,931.6,680.4,698.7,723.7,750.6,774.3,824.4,849.9,875.2,897.2,908.7,800.0,798.3,797.3,796.3,762.9,778.4,793.2,808.2,821.8,705.4,721.7,740.8,755.8,739.1,720.5,836.3,854.2,872.9,885.8,871.7,853.7,724.2,747.6,775.4,791.6,808.3,833.9,851.1,833.2,808.0,789.6,771.1,743.9,733.7,775.0,791.2,808.2,841.8,807.8,790.2,773.3,557.6,591.4,624.9,659.3,694.8,731.0,766.3,797.8,806.4,791.3,754.9,715.2,676.7,639.1,607.1,577.6,549.3,505.6,492.7,489.2,496.7,511.1,517.3,508.1,507.0,514.7,530.3,551.9,574.6,596.9,620.6,642.0,647.3,652.0,648.8,644.8,544.9,537.5,540.1,552.1,554.6,552.2,558.5,551.5,553.6,562.4,566.9,565.3,693.5,681.3,678.2,683.4,679.8,685.8,699.2,736.6,752.8,754.9,752.1,734.2,694.1,695.8,697.7,697.2,700.0,727.8,729.6,726.8,0.00,0.00,0.00,0.00,0.00,0.00,0.00,0.00,0.00,0.00,0.00,0.00,0.00,0.00,0.00,0.00,0.00,0.00,0.00,0.00,0.00,0.00,0.00,0.00,0.00,0.00,0.00,0.00,0.00,0.00,0.00,0.00,0.00,0.00,0.00
132,0,4.367,0.03,0,0.000000,0.000000,0.000000,0.000000,0.000000,0.000000,0.000,0.000,720.4,725.4,735.4,744.5,747.4,743.0,732.4,723.2,707.8,714.2,722.2,731.6,741.3,748.7,753.8,746.9,738.1,728.8,720.3,713.1,729.1,733.2,737.8,740.1,738.8,734.6,730.1,727.8,847.1,852.2,862.4,871.6,874.4,869.3,859.1,849.0,838.6,845.5,854.3,864.7,873.4,879.4,883.0,878.1,871.8,863.9,854.4,845.3,855.2,859.4,864.0,866.3,865.0,860.8,856.3,853.9,544.3,534.8,531.8,536.9,547.2,557.3,559.7,554.6,542.7,539.3,537.8,537.7,540.2,544.5,550.9,553.8,554.5,553.9,551.5,547.8,549.7,552.0,550.6,546.4,541.7,539.4,540.8,545.0,557.1,547.0,543.8,549.4,560.4,570.4,573.6,568.7,559.4,553.3,550.3,550.4,553.3,557.2,563.2,566.9,568.9,569.3,567.3,564.1,563.0,565.5,564.0,559.5,554.5,552.0,553.5,558.0,36.6,38.9,43.4,47.6,48.9,47.0,42.1,38.0,31.2,33.9,37.3,41.5,45.9,49.4,51.9,48.6,44.5,40.3,36.5,33.4,40.7,42.6,44.7,45.7,45.1,43.2,41.1,40.1,89.5,91.9,96.7,101.0,102.4,100.0,95.2,90.5,85.8,88.7,92.4,97.2,101.5,104.9,107.3,104.4,100.8,96.8,92.5,88.6,93.6,95.5,97.7,98.8,98.2,96.2,94.0,92.9,84.0,79.6,78.2,80.5,85.2,90.0,91.1,88.7,84.1,82.0,80.8,80.5,81.6,83.9,87.1,88.1,88.2,87.9,87.1,85.9,86.7,87.7,87.1,85.1,82.9,81.9,82.5,84.5,85.2,81.0,79.9,82.6,87.5,91.7,92.8,90.4,86.2,83.4,82.1,82.3,84.1,86.4,89.7,90.7,90.9,90.5,89.4,88.1,88.2,89.5,89.0,87.1,84.9,83.6,84.1,86.0,398.8,398.5,398.3,398.3,398.5,399.1,399.0,399.0,402.7,399.9,397.4,396.1,396.4,397.6,399.3,398.0,396.8,396.7,398.0,400.3,399.7,399.6,399.6,399.4,399.3,399.4,399.4,399.6,378.2,378.9,380.4,381.8,382.2,381.5,380.1,378.9,378.1,377.5,377.5,378.4,380.5,383.4,386.2,383.7,380.7,378.3,377.4,377.7,380.4,381.0,381.6,382.0,381.7,381.1,380.5,380.1,73.6,132.4,425.9,0.003,0.152,0.009,646.2,643.7,643.1,646.6,657.2,677.6,706.0,744.0,789.0,834.8,872.0,902.1,919.0,926.3,930.4,933.1,932.0,680.3,698.7,723.7,750.7,774.6,824.2,849.7,875.0,897.2,909.0,800.1,798.4,797.3,796.3,762.7,778.1,793.0,808.0,821.5,705.5,721.8,741.0,755.9,739.1,720.5,836.3,854.1,872.8,885.9,871.7,853.6,724.2,747.3,775.0,790.8,807.0,832.4,849.4,831.4,806.3,788.5,770.3,743.4,733.8,774.5,790.4,806.8,840.1,806.3,789.2,772.7,557.5,591.6,625.2,659.8,695.3,731.3,766.5,797.6,806.2,791.5,755.6,716.1,677.7,640.0,607.9,578.3,549.8,505.6,492.5,488.8,496.4,510.9,517.3,508.2,507.1,514.6,530.3,551.7,574.3,596.7,620.4,641.7,647.1,651.9,648.8,644.9,544.5,537.2,539.8,552.0,554.5,552.0,558.5,551.5,553.6,562.5,567.1,565.5,694.3,681.3,677.9,683.2,679.8,686.5,700.8,737.7,753.3,755.1,752.3,734.6,694.9,695.9,697.9,697.6,701.4,727.7,729.2,726.4,0.00,0.00,0.00,0.00,0.00,0.00,0.00,0.00,0.00,0.00,0.00,0.00,0.00,0.00,0.00,0.00,0.00,0.00,0.00,0.00,0.00,0.00,0.00,0.00,0.00,0.00,0.00,0.00,0.00,0.00,0.00,0.00,0.00,0.00,0.00
133,0,4.400,0.03,0,0.000000,0.000000,0.000000,0.000000,0.000000,0.000000,0.000,0.000,720.5,725.5,735.3,744.3,747.1,742.8,732.3,723.3,709.0,714.6,721.8,730.9,740.6,748.2,753.5,746.2,737.0,727.7,719.8,713.4,729.3,733.4,737.8,740.1,738.8,734.8,730.3,728.1,847.4,852.4,862.5,871.6,874.4,869.3,859.3,849.3,839.1,845.5,853.9,864.0,872.8,879.1,883.1,878.0,871.2,863.2,853.9,845.3,855.6,859.7,864.2,866.5,865.2,861.1,856.6,854.3,544.5,535.1,532.0,537.1,547.3,557.5,559.8,554.7,543.4,539.6,538.0,537.8,540.2,544.6,550.8,553.9,554.7,554.2,551.9,548.3,549.9,552.2,550.8,546.6,542.0,539.7,541.1,545.3,556.9,547.3,544.4,549.7,560.3,569.8,572.8,568.1,560.0,553.5,550.3,550.2,553.1,557.1,563.4,566.9,568.8,569.1,567.3,564.3,562.7,565.1,563.8,559.4,554.7,552.3,553.6,557.9,36.8,39.0,43.5,47.5,48.8,46.9,42.1,38.1,31.9,34.2,37.3,41.2,45.6,49.1,51.7,48.2,44.0,39.8,36.4,33.7,40.9,42.7,44.7,45.7,45.1,43.3,41.3,40.3,93.2,95.6,100.4,104.7,106.1,103.6,98.8,94.1,89.5,92.2,95.9,100.6,105.0,108.6,111.0,108.1,104.3,100.1,95.9,92.1,97.3,99.2,101.4,102.5,101.9,100.0,97.8,96.7,84.3,80.0,78.4,80.6,85.3,90.0,91.2,89.0,84.8,82.4,81.1,80.6,81.7,83.8,86.9,88.1,88.3,88.2,87.5,86.5,86.9,87.9,87.2,85.2,83.1,82.1,82.8,84.8,88.5,84.3,83.2,85.8,90.6,94.8,95.9,93.6,89.9,86.8,85.3,85.4,87.0,89.5,92.9,94.0,94.2,93.8,92.9,91.7,91.5,92.7,92.2,90.3,88.1,86.9,87.4,89.3,400.0,399.7,399.0,398.4,398.2,398.8,399.2,399.8,404.7,401.5,398.6,396.8,396.6,397.3,398.6,397.7,396.9,397.4,399.3,402.0,400.3,400.0,399.7,399.6,399.6,399.9,400.2,400.4,393.1,393.8,394.9,395.8,396.0,395.4,394.3,393.5,393.5,392.7,392.4,392.8,394.5,397.2,399.6,397.4,394.6,392.6,392.1,392.8,394.8,395.3,395.8,396.1,396.0,395.6,395.0,394.8,73.7,132.5,425.6,-0.002,0.151,0.007,646.2,643.8,643.3,647.0,657.9,678.4,706.9,744.9,789.9,835.6,872.6,902.4,919.3,926.5,930.5,933.2,932.1,680.1,698.5,723.4,750.3,774.2,824.2,849.7,875.0,897.2,909.1,800.1,798.4,797.5,796.5,763.0,778.5,793.4,808.4,822.0,705.4,721.7,740.9,755.9,739.2,720.6,836.2,854.1,872.8,885.9,871.7,853.6,724.6,747.7,775.4,791.4,807.7,833.3,850.4,832.5,807.4,789.4,771.1,744.1,734.2,775.1,791.1,807.6,841.0,807.2,790.0,773.4,558.3,592.5,626.1,660.6,696.0,732.0,767.1,798.1,806.5,791.8,755.9,716.3,678.0,640.4,608.4,578.8,550.3,506.1,493.1,489.4,496.8,511.1,517.5,508.4,507.4,514.9,530.5,551.7,574.4,596.8,620.4,642.0,647.3,652.0,648.9,644.9,544.9,537.5,540.1,552.1,554.7,552.3,558.6,551.6,553.8,562.6,567.1,565.4,694.8,681.8,678.2,683.6,680.1,686.8,701.0,737.9,753.6,755.4,752.6,735.0,695.4,696.4,698.4,698.0,701.7,727.6,729.1,726.3,0.00,0.00,0.00,0.00,0.00,0.00,0.00,0.00,0.00,0.00,0.00,0.00,0.00,0.00,0.00,0.00,0.00,0.00,0.00,0.00,0.00,0.00,0.00,0.00,0.00,0.00,0.00,0.00,0.00,0.00,0.00,0.00,0.00,0.00,0.00
134,0,4.433,0.03,0,0.000000,0.000000,0.000000,0.000000,0.000000,0.000000,0.000,0.000,720.7,725.6,735.6,744.8,747.8,743.4,732.8,723.6,706.1,713.5,722.4,732.1,741.5,748.8,753.7,747.1,738.9,729.8,720.7,712.6,729.2,733.3,737.8,740.1,738.7,734.6,730.1,727.9,847.4,852.5,862.6,871.7,874.5,869.3,859.3,849.3,839.0,845.7,854.1,864.5,873.2,879.3,883.1,878.2,871.7,863.8,854.5,845.7,855.5,859.6,864.2,866.5,865.2,861.1,856.5,854.2,545.0,535.3,531.9,536.9,547.2,557.6,560.3,555.4,543.1,540.1,538.7,538.5,540.7,544.8,550.8,553.8,554.7,554.4,552.1,548.3,550.2,552.4,550.9,546.5,541.9,539.6,541.1,545.5,556.8,547.0,543.9,549.5,560.3,570.1,573.1,568.2,560.4,553.9,550.7,550.6,553.3,557.2,563.2,566.7,568.6,569.1,567.4,564.6,562.7,565.2,563.9,559.4,554.5,552.0,553.4,557.8,36.2,38.5,43.0,47.2,48.7,46.7,41.9,37.6,29.9,33.1,36.9,41.1,45.5,48.9,51.4,48.3,44.4,40.2,36.2,32.7,40.2,42.1,44.2,45.2,44.6,42.7,40.6,39.6,91.2,93.7,98.5,102.8,104.1,101.7,96.9,92.2,87.6,90.3,94.0,98.7,103.1,106.6,109.0,106.2,102.5,98.4,94.2,90.4,95.3,97.3,99.4,100.5,99.9,98.0,95.8,94.7,83.1,78.7,77.3,79.7,84.5,89.3,90.3,87.9,82.9,81.0,80.0,79.8,80.9,83.2,86.4,87.3,87.4,87.0,86.1,84.8,85.8,86.9,86.2,84.3,82.1,81.0,81.7,83.6,86.6,82.4,81.4,84.1,89.0,93.2,94.2,91.7,88.2,85.2,83.7,83.8,85.5,87.9,91.1,92.1,92.3,92.0,91.0,89.9,89.7,90.9,90.4,88.5,86.3,85.1,85.6,87.5,393.1,393.0,393.5,394.3,395.0,395.4,394.6,393.8,396.1,393.7,391.7,391.0,392.0,393.8,396.0,394.3,392.5,391.7,392.4,394.1,394.8,395.1,395.3,395.3,395.0,394.7,394.5,394.5,385.0,385.7,387.1,388.3,388.7,387.9,386.5,385.5,384.9,384.3,384.2,384.9,386.8,389.8,392.5,390.0,387.1,384.8,384.1,384.4,387.0,387.5,388.1,388.5,388.3,387.8,387.2,386.8,73.8,132.4,425.3,0.002,0.149,0.006,646.2,643.8,643.3,646.9,657.7,678.2,706.9,745.2,790.5,836.1,873.1,902.8,919.6,926.7,930.7,933.3,932.2,680.2,698.6,723.6,750.5,774.4,824.1,849.7,875.0,897.1,909.1,800.1,798.6,797.7,796.8,763.2,778.7,793.7,808.7,822.3,705.4,721.7,740.9,756.0,739.2,720.6,836.3,854.1,872.8,886.0,871.8,853.7,725.1,748.2,775.8,791.9,808.3,833.8,850.8,833.1,808.2,790.1,771.8,744.7,734.7,775.5,791.6,808.3,841.4,807.9,790.6,773.9,557.4,591.7,625.4,660.0,695.4,731.5,766.7,797.7,806.1,791.4,755.6,716.3,678.1,640.5,608.5,578.9,550.4,506.3,493.3,489.6,497.0,511.3,517.5,508.5,507.4,514.9,530.5,551.9,574.6,597.1,620.8,642.3,647.6,652.3,649.0,645.0,545.1,537.8,540.4,552.4,554.9,552.5,558.7,551.7,553.8,562.5,567.1,565.5,695.2,682.1,678.3,683.6,680.1,686.7,700.9,737.6,753.5,755.4,752.7,735.3,695.7,696.5,698.4,698.0,701.6,727.5,729.1,726.4,0.00,0.00,0.00,0.00,0.00,0.00,0.00,0.00,0.00,0.00,0.00,0.00,0.00,0.00,0.00,0.00,0.00,0.00,0.00,0.00,0.00,0.00,0.00,0.00,0.00,0.00,0.00,0.00,0.00,0.00,0.00,0.00,0.00,0.00,0.00
135,0,4.467,0.03,0,0.000000,0.000000,0.000000,0.000000,0.000000,0.000000,0.000,0.000,720.1,725.1,735.1,744.4,747.3,742.9,732.3,723.1,706.8,713.6,722.0,731.4,741.0,748.3,753.2,746.4,737.9,728.7,720.0,712.4,728.9,733.0,737.5,739.7,738.4,734.3,729.8,727.5,847.3,852.1,862.0,871.2,874.3,869.5,859.6,849.6,839.3,845.4,853.7,863.9,872.7,879.1,883.0,878.2,871.6,863.7,854.5,845.7,855.8,859.8,864.1,866.2,864.8,860.8,856.5,854.5,545.4,535.8,532.6,537.6,547.9,558.3,560.8,555.8,543.7,540.4,539.0,538.9,541.1,545.4,551.6,554.6,555.5,555.1,552.7,548.9,550.7,553.0,551.5,547.2,542.6,540.3,541.8,546.1,557.2,547.6,544.4,549.5,560.0,569.7,572.9,568.4,561.2,554.2,550.6,550.2,552.9,556.9,563.2,566.8,568.7,569.2,567.7,565.2,562.8,565.0,563.6,559.4,554.9,552.6,554.0,558.2,36.4,38.7,43.2,47.5,48.9,46.9,42.0,37.8,30.6,33.5,37.1,41.3,45.7,49.2,51.6,48.4,44.3,40.1,36.3,33.0,40.5,42.4,44.5,45.5,44.9,43.0,40.9,39.9,93.2,95.5,100.3,104.7,106.2,103.8,99.0,94.3,89.7,92.2,95.9,100.6,105.0,108.6,111.1,108.3,104.6,100.4,96.2,92.4,97.5,99.4,101.4,102.5,101.8,99.9,97.9,96.8,84.3,79.9,78.5,80.8,85.6,90.4,91.4,89.0,84.2,82.2,81.0,80.8,81.9,84.2,87.4,88.5,88.5,88.2,87.4,86.1,86.9,88.0,87.3,85.4,83.2,82.2,82.8,84.8,88.7,84.5,83.3,85.9,90.6,94.8,96.0,93.8,90.5,87.2,85.5,85.5,87.0,89.5,92.9,94.0,94.2,93.9,93.1,92.1,91.6,92.7,92.2,90.3,88.3,87.2,87.7,89.5,397.6,397.5,397.7,398.0,398.3,398.8,398.3,397.9,401.0,398.4,396.2,395.2,395.8,397.3,399.2,397.7,396.2,395.8,396.8,398.9,398.8,399.0,399.0,399.0,398.9,398.7,398.6,398.7,393.4,394.2,395.4,396.4,396.4,395.7,394.4,393.7,393.6,392.9,392.7,393.2,394.9,397.6,400.0,397.8,395.0,392.8,392.3,392.9,395.1,395.5,396.1,396.4,396.4,396.0,395.4,395.1,73.9,132.5,425.3,0.001,0.145,0.004,646.1,643.7,643.3,647.0,658.1,679.0,707.9,746.0,791.1,836.6,873.4,903.0,919.7,926.8,930.7,933.1,931.7,680.1,698.9,723.9,750.6,774.3,824.9,850.4,875.6,897.5,909.1,800.5,799.0,798.2,797.4,763.7,779.3,794.1,809.1,822.6,705.2,721.5,740.7,755.8,739.0,720.4,836.3,854.1,872.9,886.0,871.8,853.7,725.6,748.6,776.3,792.4,809.0,834.3,851.0,833.6,808.8,790.7,772.2,745.1,735.2,776.0,792.2,808.9,841.6,808.6,791.2,774.4,557.2,591.7,626.0,661.0,696.7,732.7,767.6,798.3,806.5,791.6,755.6,716.1,677.9,640.4,608.5,578.9,550.5,506.5,493.8,490.1,497.4,511.5,517.6,508.7,507.6,515.1,530.5,552.3,575.0,597.4,621.1,642.7,647.9,652.5,649.4,645.3,545.7,538.4,540.9,552.9,555.4,553.1,558.9,551.8,553.8,562.6,567.2,565.6,695.7,682.3,678.4,683.7,680.0,686.6,700.9,737.6,753.6,755.6,753.0,735.6,696.2,696.7,698.5,698.0,701.6,727.6,729.4,726.7,0.00,0.00,0.00,0.00,0.00,0.00,0.00,0.00,0.00,0.00,0.00,0.00,0.00,0.00,0.00,0.00,0.00,0.00,0.00,0.00,0.00,0.00,0.00,0.00,0.00,0.00,0.00,0.00,0.00,0.00,0.00,0.00,0.00,0.00,0.00
136,0,4.500,0.03,0,0.000000,0.000000,0.000000,0.000000,0.000000,0.000000,0.000,0.000,720.5,725.4,735.4,744.8,747.9,743.6,733.0,723.7,706.9,713.9,722.4,731.9,741.5,748.9,753.9,747.3,738.9,729.7,720.8,712.9,729.4,733.5,738.0,740.2,738.8,734.6,730.1,728.0,847.3,852.3,862.3,871.5,874.5,869.6,859.6,849.5,839.1,845.8,854.5,864.7,873.4,879.4,883.0,878.2,871.9,864.0,854.7,845.8,855.6,859.7,864.2,866.3,865.0,860.9,856.5,854.3,545.5,535.7,532.3,537.2,547.6,558.0,560.7,555.8,544.0,540.7,539.1,538.9,541.1,545.4,551.8,554.5,555.3,554.9,552.6,549.0,550.6,552.8,551.3,547.0,542.3,540.2,541.7,546.0,557.2,547.2,543.9,549.2,560.0,570.0,573.2,568.6,560.8,554.3,551.0,550.8,553.5,557.3,563.2,566.7,568.7,569.2,567.5,564.8,562.8,565.2,563.7,559.3,554.5,552.2,553.6,558.0,36.4,38.6,43.1,47.4,48.9,47.0,42.1,37.8,30.5,33.4,37.1,41.3,45.7,49.2,51.7,48.5,44.5,40.4,36.4,33.0,40.5,42.4,44.5,45.4,44.8,42.9,40.8,39.9,91.0,93.4,98.1,102.5,104.0,101.6,96.8,92.1,87.4,90.2,94.0,98.7,103.0,106.5,108.9,106.1,102.4,98.4,94.1,90.2,95.2,97.1,99.2,100.3,99.6,97.7,95.6,94.5,83.8,79.4,77.9,80.2,85.0,89.8,90.8,88.5,83.8,81.8,80.7,80.4,81.5,83.8,87.1,88.0,88.0,87.7,86.8,85.6,86.4,87.4,86.8,84.8,82.7,81.7,82.3,84.3,86.5,82.3,81.2,83.8,88.7,92.9,94.0,91.7,88.1,85.1,83.7,83.8,85.4,87.8,91.0,92.0,92.2,91.8,90.9,89.8,89.5,90.7,90.2,88.3,86.1,85.0,85.5,87.4,395.3,395.3,395.6,396.0,396.3,396.7,396.1,395.6,398.6,396.2,394.0,393.1,393.8,395.3,397.3,395.7,394.2,393.6,394.5,396.5,396.6,396.8,396.9,396.9,396.8,396.6,396.4,396.5,384.1,384.8,386.3,387.6,388.0,387.2,385.8,384.7,384.1,383.4,383.4,384.2,386.2,389.3,392.0,389.5,386.5,384.2,383.4,383.7,386.2,386.8,387.4,387.7,387.5,387.0,386.3,386.0,74.1,132.5,425.2,0.004,0.141,0.004,646.3,643.8,643.2,646.8,657.9,678.9,708.0,746.3,791.3,836.7,873.2,902.7,919.5,926.7,930.6,932.9,931.5,680.3,698.8,724.0,751.0,774.9,825.0,850.7,876.0,897.9,909.4,800.9,799.5,798.8,798.2,764.2,779.8,794.7,809.7,823.2,705.7,721.9,741.1,756.2,739.4,720.8,836.5,854.4,873.0,886.0,871.9,853.9,725.9,749.3,777.0,793.1,809.6,834.8,851.4,833.9,809.3,791.2,772.9,745.8,735.5,776.7,792.8,809.5,842.1,809.1,791.8,775.1,557.1,591.5,625.6,660.5,696.3,732.4,767.5,798.5,806.7,791.6,755.5,716.0,677.9,640.4,608.4,578.8,550.5,506.9,493.9,490.1,497.5,511.8,517.9,508.9,507.8,515.4,530.9,552.6,575.4,597.9,621.7,642.9,648.2,652.9,649.6,645.4,545.8,538.4,541.0,552.9,555.5,553.2,559.1,551.9,553.9,562.6,567.2,565.7,695.2,682.4,678.8,684.0,680.4,686.5,700.2,736.9,752.9,755.0,752.4,735.1,695.7,696.6,698.4,697.8,701.0,727.5,729.4,726.7,0.00,0.00,0.00,0.00,0.00,0.00,0.00,0.00,0.00,0.00,0.00,0.00,0.00,0.00,0.00,0.00,0.00,0.00,0.00,0.00,0.00,0.00,0.00,0.00,0.00,0.00,0.00,0.00,0.00,0.00,0.00,0.00,0.00,0.00,0.00
137,0,4.533,0.03,0,0.000000,0.000000,0.000000,0.000000,0.000000,0.000000,0.000,0.000,721.2,726.1,736.1,745.3,748.4,744.2,733.6,724.3,708.5,714.8,722.8,732.1,741.7,749.2,754.3,747.4,738.7,729.5,721.0,713.7,730.1,734.3,738.8,741.0,739.6,735.4,730.9,728.8,848.1,852.8,862.7,871.9,875.0,870.3,860.4,850.3,839.7,846.2,854.7,864.9,873.5,879.5,883.1,878.5,872.3,864.6,855.3,846.3,856.2,860.4,864.8,867.0,865.6,861.4,857.0,854.8,545.5,535.9,532.6,537.5,547.8,558.1,560.7,555.8,544.4,540.7,539.0,538.8,541.2,545.7,552.2,554.9,555.5,555.0,552.8,549.2,550.8,553.0,551.5,547.2,542.6,540.4,541.9,546.2,557.9,548.0,544.6,549.8,560.5,570.5,573.8,569.3,561.1,554.4,551.0,550.8,553.5,557.4,563.5,567.1,569.1,569.6,568.0,565.3,563.6,565.9,564.4,559.9,555.1,552.7,554.3,558.8,37.0,39.2,43.8,48.0,49.4,47.5,42.6,38.4,31.5,34.2,37.6,41.7,46.1,49.6,52.1,48.8,44.8,40.6,36.8,33.7,41.2,43.0,45.1,46.1,45.4,43.6,41.5,40.5,91.9,94.2,99.0,103.4,104.9,102.6,97.8,93.0,88.2,91.0,94.7,99.4,103.8,107.2,109.6,106.8,103.2,99.2,94.9,91.0,96.0,98.0,100.2,101.2,100.6,98.6,96.4,95.4,84.5,80.2,78.6,80.9,85.5,90.3,91.4,89.2,84.9,82.6,81.3,81.0,82.1,84.4,87.7,88.6,88.6,88.4,87.7,86.6,87.1,88.1,87.4,85.5,83.4,82.4,83.1,85.0,87.4,83.2,82.1,84.7,89.5,93.8,94.9,92.6,88.8,85.7,84.3,84.3,86.0,88.4,91.7,92.8,92.9,92.6,91.7,90.6,90.4,91.6,91.1,89.2,87.0,85.8,86.3,88.2,398.7,398.7,398.6,398.5,398.5,398.8,398.6,398.7,402.7,400.0,397.5,396.2,396.5,397.6,399.2,397.9,396.7,396.6,397.9,400.3,399.5,399.4,399.4,399.4,399.4,399.5,399.5,399.5,386.5,387.4,388.9,390.2,390.6,389.8,388.2,387.1,386.5,385.9,386.0,386.8,388.8,391.8,394.4,392.0,389.0,386.6,385.7,386.1,388.6,389.2,389.9,390.3,390.1,389.5,388.8,388.5,74.2,132.9,425.9,0.003,0.144,0.007,646.6,644.2,643.8,647.4,658.3,679.1,707.9,746.1,790.9,836.2,872.9,902.4,919.2,926.6,930.8,933.4,932.4,680.8,699.3,724.4,751.3,775.1,825.5,850.8,875.7,897.5,909.1,801.3,799.7,798.9,798.1,764.4,779.8,794.6,809.6,823.0,706.2,722.5,741.7,756.6,739.9,721.3,836.9,854.6,873.3,886.2,872.3,854.2,726.3,749.2,776.8,792.7,809.1,834.0,850.5,833.0,808.5,790.5,772.3,745.4,735.8,776.4,792.3,808.9,841.2,808.5,791.2,774.6,556.8,591.4,625.7,660.8,696.8,733.1,768.1,798.9,807.1,792.3,756.4,717.2,679.1,641.8,610.0,580.4,552.0,507.3,494.0,490.1,497.5,511.8,517.8,509.0,507.8,514.9,530.1,552.6,575.4,597.9,621.7,642.9,648.2,653.0,649.8,645.7,546.0,538.5,541.1,553.3,555.8,553.4,559.4,552.1,554.0,562.9,567.6,566.1,695.6,682.4,678.8,684.0,680.5,687.0,701.2,737.6,753.4,755.4,752.7,735.5,696.1,696.5,698.4,697.9,701.9,728.1,729.9,727.3,0.00,0.00,0.00,0.00,0.00,0.00,0.00,0.00,0.00,0.00,0.00,0.00,0.00,0.00,0.00,0.00,0.00,0.00,0.00,0.00,0.00,0.00,0.00,0.00,0.00,0.00,0.00,0.00,0.00,0.00,0.00,0.00,0.00,0.00,0.00
138,0,4.567,0.03,0,0.000000,0.000000,0.000000,0.000000,0.000000,0.000000,0.000,0.000,721.6,726.4,736.4,745.7,748.9,744.7,734.1,724.8,709.2,715.4,723.3,732.5,742.1,749.7,755.0,748.1,739.4,730.1,721.5,714.3,730.7,734.8,739.2,741.3,739.9,735.8,731.4,729.3,848.1,853.0,862.9,872.1,875.2,870.3,860.4,850.2,839.4,846.2,854.9,865.2,873.8,879.6,883.1,878.5,872.3,864.6,855.3,846.2,856.2,860.4,864.9,867.1,865.7,861.5,857.0,854.8,545.4,535.8,532.4,537.3,547.5,557.9,560.5,555.6,544.5,540.8,539.0,538.8,541.1,545.5,551.9,554.7,555.3,554.9,552.7,549.3,550.6,552.7,551.3,547.0,542.5,540.4,541.8,546.1,557.8,547.7,544.3,549.6,560.5,570.7,574.1,569.4,561.3,554.6,551.1,550.9,553.5,557.4,563.3,566.9,568.9,569.5,567.9,565.3,563.6,566.0,564.4,559.8,554.9,552.5,554.0,558.6,37.2,39.4,43.9,48.1,49.5,47.7,42.8,38.6,31.9,34.5,37.8,41.9,46.2,49.8,52.4,49.1,45.0,40.8,37.1,34.0,41.4,43.3,45.3,46.2,45.6,43.7,41.7,40.8,90.3,92.6,97.3,101.7,103.2,100.9,96.1,91.3,86.5,89.3,93.1,97.8,102.1,105.5,107.8,105.1,101.6,97.5,93.2,89.3,94.3,96.3,98.5,99.6,98.9,96.9,94.7,93.7,84.5,80.1,78.5,80.7,85.3,90.1,91.3,89.1,84.9,82.7,81.3,81.0,82.1,84.3,87.5,88.5,88.5,88.3,87.6,86.6,87.0,87.9,87.3,85.3,83.3,82.3,83.0,84.9,85.8,81.6,80.4,83.1,88.0,92.3,93.4,91.0,87.3,84.2,82.8,82.9,84.5,86.9,90.2,91.1,91.3,91.0,90.1,88.9,88.8,90.0,89.5,87.6,85.4,84.2,84.7,86.6,398.7,398.7,398.5,398.3,398.2,398.5,398.3,398.5,402.8,400.1,397.6,396.3,396.4,397.4,398.9,397.7,396.5,396.4,397.9,400.3,399.3,399.3,399.2,399.2,399.3,399.3,399.4,399.4,379.5,380.3,382.0,383.5,384.1,383.3,381.6,380.2,379.4,378.8,379.0,380.0,382.1,385.3,388.0,385.5,382.4,380.0,379.0,379.1,381.8,382.5,383.3,383.6,383.4,382.7,381.9,381.6,74.4,133.0,426.0,-0.002,0.145,0.007,646.9,644.6,644.3,647.8,658.5,679.3,708.4,746.7,791.9,837.4,874.1,903.4,919.8,926.9,930.9,933.5,932.5,680.9,699.2,724.2,751.1,775.1,825.9,851.1,875.8,897.4,908.8,801.5,799.9,799.1,798.3,764.8,780.2,794.9,809.8,823.2,706.8,723.0,742.1,756.9,740.3,721.9,837.1,854.7,873.3,886.2,872.2,854.3,726.4,749.4,777.0,793.1,809.7,834.7,851.4,833.9,809.3,791.1,772.8,745.7,735.8,776.8,792.9,809.6,842.1,809.3,791.8,775.1,557.1,591.8,626.0,661.1,697.2,733.6,768.6,799.3,807.5,792.6,756.6,717.5,679.8,642.8,611.4,582.3,554.3,507.5,494.1,490.0,497.3,511.6,517.7,509.0,507.9,515.0,529.9,552.5,575.4,598.0,621.8,643.0,648.3,653.2,650.0,645.7,546.0,538.5,541.0,553.2,555.7,553.3,559.4,552.0,553.9,563.0,567.5,566.0,695.1,682.2,678.8,684.0,680.5,686.7,700.5,737.1,753.2,755.4,752.8,735.5,695.6,696.3,698.1,697.6,701.4,728.3,730.2,727.7,0.00,0.00,0.00,0.00,0.00,0.00,0.00,0.00,0.00,0.00,0.00,0.00,0.00,0.00,0.00,0.00,0.00,0.00,0.00,0.00,0.00,0.00,0.00,0.00,0.00,0.00,0.00,0.00,0.00,0.00,0.00,0.00,0.00,0.00,0.00
139,0,4.600,0.03,0,0.000000,0.000000,0.000000,0.000000,0.000000,0.000000,0.000,0.000,721.7,726.4,736.3,745.4,748.6,744.5,734.0,724.8,709.7,715.5,723.0,732.1,741.8,749.5,755.0,748.0,739.1,729.8,721.4,714.5,730.7,734.8,739.2,741.3,739.9,735.8,731.4,729.3,848.5,853.1,862.9,871.9,875.1,870.4,860.7,850.7,840.5,846.8,855.0,865.1,873.6,879.5,883.2,878.6,872.5,864.9,855.8,846.9,856.6,860.7,865.0,867.1,865.7,861.7,857.3,855.2,545.2,535.7,532.3,537.1,547.2,557.5,560.1,555.4,544.8,540.7,538.6,538.0,540.3,544.7,551.1,554.0,554.7,554.5,552.5,549.4,550.4,552.5,551.0,546.8,542.3,540.2,541.7,545.9,557.7,548.0,544.8,549.9,560.4,570.1,573.4,568.9,561.0,554.3,550.9,550.6,553.3,557.2,563.4,566.9,568.8,569.2,567.7,565.0,563.3,565.6,564.2,559.8,555.1,552.8,554.3,558.6,37.3,39.5,43.9,48.1,49.5,47.6,42.9,38.7,32.2,34.6,37.8,41.8,46.2,49.8,52.5,49.2,45.0,40.8,37.1,34.2,41.5,43.3,45.3,46.3,45.6,43.8,41.8,40.9,93.9,96.2,101.0,105.4,106.9,104.6,99.8,95.0,90.3,93.0,96.8,101.5,105.8,109.3,111.7,108.9,105.3,101.3,97.0,93.1,98.1,100.1,102.2,103.3,102.6,100.6,98.5,97.4,84.6,80.3,78.7,80.7,85.3,90.1,91.3,89.2,85.4,82.9,81.4,80.8,81.8,84.0,87.2,88.3,88.4,88.3,87.8,86.9,87.1,88.0,87.3,85.4,83.3,82.4,83.1,85.1,89.1,84.9,83.7,86.3,91.2,95.4,96.5,94.2,90.5,87.4,85.9,85.9,87.6,90.0,93.4,94.5,94.6,94.3,93.4,92.3,92.1,93.2,92.7,90.8,88.7,87.5,88.0,89.9,399.8,399.8,399.4,398.9,398.6,399.0,399.1,399.5,404.4,401.5,398.8,397.2,397.1,397.9,399.2,398.1,397.1,397.3,399.0,401.7,400.2,400.0,399.9,399.8,400.0,400.2,400.3,400.4,394.2,395.0,396.5,397.8,398.0,397.1,395.7,394.6,394.2,393.6,393.7,394.5,396.4,399.3,401.8,399.5,396.5,394.1,393.3,393.7,396.2,396.7,397.4,397.8,397.7,397.1,396.4,396.0,74.4,132.9,425.9,-0.002,0.147,0.007,646.9,644.7,644.5,648.1,658.7,679.5,708.5,746.8,792.1,837.8,874.8,904.0,920.3,927.2,931.2,933.7,932.7,681.3,699.7,724.7,751.5,775.4,826.1,851.0,875.5,897.0,908.8,801.8,800.2,799.3,798.5,764.9,780.3,795.1,810.1,823.5,706.9,723.2,742.1,756.9,740.3,722.0,837.7,855.3,873.7,886.5,872.6,854.8,726.6,749.2,776.7,793.1,810.1,835.1,851.3,834.2,809.6,791.0,772.3,745.5,736.1,776.4,792.8,810.0,842.1,809.6,791.8,774.7,556.4,591.3,625.6,660.8,697.2,733.8,768.9,799.6,807.7,792.9,757.0,718.0,680.0,642.7,611.1,581.6,553.2,506.9,493.7,489.9,497.2,511.5,517.6,509.0,508.1,514.9,529.4,552.1,574.9,597.5,621.3,642.4,647.8,652.7,649.6,645.4,545.7,538.2,540.7,552.5,555.0,552.7,558.9,551.9,553.9,562.8,567.1,565.5,695.6,682.1,678.5,683.8,680.3,686.8,701.4,737.6,753.5,755.6,752.9,735.6,696.0,696.1,698.0,697.4,702.1,728.6,730.5,727.8,0.00,0.00,0.00,0.00,0.00,0.00,0.00,0.00,0.00,0.00,0.00,0.00,0.00,0.00,0.00,0.00,0.00,0.00,0.00,0.00,0.00,0.00,0.00,0.00,0.00,0.00,0.00,0.00,0.00,0.00,0.00,0.00,0.00,0.00,0.00
140,0,4.633,0.03,0,0.000000,0.000000,0.000000,0.000000,0.000000,0.000000,0.000,0.000,721.7,726.5,736.5,745.9,749.2,745.0,734.3,724.9,708.8,714.8,722.6,732.0,742.0,750.2,756.3,748.9,739.6,730.1,721.3,713.9,731.1,735.1,739.5,741.6,740.2,736.1,731.7,729.7,848.1,853.3,863.5,872.7,875.6,870.4,860.2,850.0,839.9,846.7,855.4,865.8,874.4,880.3,883.9,879.1,872.7,864.8,855.4,846.5,856.3,860.5,865.1,867.5,866.1,861.9,857.3,855.0,544.7,534.9,531.4,536.2,546.6,557.2,560.0,555.1,544.4,540.5,538.4,537.9,540.3,544.8,551.0,554.0,554.7,554.5,552.6,549.3,549.9,552.0,550.5,546.2,541.7,539.6,541.2,545.4,556.9,547.0,543.9,549.5,560.5,570.4,573.5,568.5,560.5,554.1,551.0,551.0,553.8,557.7,563.7,567.0,568.7,569.0,567.2,564.5,563.0,565.5,564.1,559.6,554.6,552.1,553.4,558.0,36.0,38.1,42.4,46.5,47.9,46.1,41.4,37.4,30.7,33.1,36.3,40.2,44.5,48.2,51.1,47.7,43.5,39.4,35.7,32.7,40.1,41.9,43.8,44.7,44.1,42.3,40.4,39.5,90.7,93.1,97.9,102.3,103.7,101.2,96.3,91.6,87.1,89.9,93.7,98.4,102.7,106.1,108.4,105.7,102.0,98.0,93.7,89.8,94.7,96.7,98.9,100.0,99.4,97.4,95.2,94.1,81.3,77.0,75.4,77.4,81.9,86.6,87.9,85.8,82.2,79.9,78.3,77.7,78.8,80.9,83.9,85.0,85.1,85.0,84.6,83.7,83.7,84.6,83.9,82.0,80.0,79.1,79.8,81.7,85.7,81.6,80.6,83.3,88.2,92.4,93.4,90.9,87.3,84.4,83.1,83.3,84.9,87.3,90.6,91.5,91.5,91.1,90.1,89.0,88.9,90.1,89.7,87.8,85.6,84.3,84.8,86.7,385.2,385.2,384.8,384.2,383.9,384.2,384.4,384.9,390.1,387.0,384.1,382.4,382.2,383.1,384.5,383.3,382.4,382.6,384.3,387.1,385.6,385.3,385.2,385.1,385.3,385.5,385.7,385.7,381.1,382.0,383.5,384.8,385.1,384.2,382.7,381.6,381.1,380.5,380.6,381.5,383.4,386.5,389.1,386.7,383.6,381.3,380.4,380.7,383.1,383.7,384.4,384.8,384.7,384.1,383.4,383.0,74.2,132.4,424.8,-0.008,0.153,0.007,647.1,644.9,644.8,648.5,659.4,680.2,709.3,747.4,792.6,838.3,875.1,904.4,920.5,927.4,931.2,933.7,932.5,681.3,700.0,725.0,751.8,775.6,826.0,850.8,875.4,897.0,908.9,801.9,800.2,799.2,798.3,764.9,780.2,794.9,809.8,823.2,706.7,723.0,742.1,757.0,740.3,721.8,837.5,855.3,873.8,886.8,872.7,854.8,726.9,749.6,777.0,792.7,808.9,833.7,850.5,832.8,808.3,790.5,772.6,745.8,736.2,776.8,792.4,808.8,841.2,808.5,791.4,775.1,555.6,590.8,625.7,661.4,698.1,734.6,769.5,799.9,807.9,793.0,757.1,717.9,679.8,642.4,610.6,581.1,552.7,506.7,493.5,489.6,497.0,511.4,517.6,509.1,508.1,514.9,529.6,551.7,574.3,596.7,620.4,641.9,647.2,652.1,649.1,644.9,545.4,538.0,540.5,552.6,555.1,552.7,559.0,551.9,553.9,562.9,567.3,565.7,695.0,681.8,678.2,683.4,679.9,686.6,700.9,737.6,753.2,755.2,752.6,735.3,695.4,695.6,697.4,697.0,701.7,728.3,730.2,727.6,0.00,0.00,0.00,0.00,0.00,0.00,0.00,0.00,0.00,0.00,0.00,0.00,0.00,0.00,0.00,0.00,0.00,0.00,0.00,0.00,0.00,0.00,0.00,0.00,0.00,0.00,0.00,0.00,0.00,0.00,0.00,0.00,0.00,0.00,0.00
141,0,4.667,0.03,0,0.000000,0.000000,0.000000,0.000000,0.000000,0.000000,0.000,0.000,721.9,726.6,736.4,745.6,748.7,744.6,734.2,725.0,709.1,715.1,723.0,732.3,742.1,749.9,755.5,748.6,739.7,730.2,721.6,714.3,730.9,734.9,739.2,741.3,739.9,735.9,731.6,729.5,848.0,852.8,862.8,872.0,875.1,870.3,860.3,850.2,840.0,846.4,854.8,865.0,873.8,879.9,883.7,879.0,872.5,864.7,855.4,846.5,856.2,860.5,865.0,867.2,865.8,861.6,857.0,854.8,544.8,535.3,532.0,536.8,546.9,557.1,559.7,554.9,544.0,540.3,538.3,537.8,540.0,544.2,550.2,553.2,554.0,553.8,551.9,548.7,549.9,552.0,550.5,546.4,541.9,539.8,541.3,545.4,557.2,547.5,544.4,549.6,560.3,570.0,573.1,568.5,560.8,554.0,550.5,550.2,553.1,557.3,563.7,567.1,568.8,569.1,567.4,564.8,563.1,565.5,564.0,559.6,554.8,552.4,553.8,558.2,37.3,39.4,43.8,48.0,49.4,47.6,42.9,38.7,31.8,34.3,37.7,41.8,46.2,49.9,52.6,49.3,45.1,40.9,37.1,34.0,41.4,43.3,45.2,46.1,45.5,43.7,41.7,40.8,92.3,94.7,99.5,103.9,105.3,102.9,98.1,93.4,88.9,91.5,95.3,100.0,104.4,107.9,110.2,107.4,103.8,99.7,95.4,91.6,96.5,98.5,100.6,101.7,101.1,99.1,96.9,95.8,84.1,79.8,78.2,80.4,84.9,89.7,90.9,88.7,84.7,82.4,80.9,80.4,81.4,83.6,86.6,87.7,87.8,87.7,87.2,86.3,86.6,87.5,86.8,84.9,82.9,81.9,82.6,84.5,87.6,83.5,82.3,84.9,89.7,93.8,94.9,92.6,89.2,86.0,84.5,84.5,86.2,88.7,92.1,93.1,93.2,92.8,91.9,90.8,90.6,91.8,91.3,89.4,87.2,86.0,86.5,88.4,398.3,398.1,397.8,397.6,397.6,398.1,398.1,398.3,402.9,399.9,397.2,395.7,395.8,396.9,398.5,397.3,396.1,396.2,397.7,400.2,399.0,398.9,398.8,398.7,398.7,398.7,398.9,399.0,388.5,389.4,390.8,391.8,391.9,391.0,389.6,388.8,388.7,388.1,388.1,388.8,390.6,393.4,395.8,393.4,390.5,388.3,387.6,388.1,390.3,390.8,391.4,391.8,391.8,391.3,390.7,390.3,74.1,132.3,424.5,-0.009,0.156,0.008,646.9,644.8,644.8,648.6,659.5,680.4,709.4,747.4,792.6,838.4,875.3,904.5,920.5,927.3,931.2,933.8,932.8,681.3,699.9,725.0,751.8,775.8,826.2,851.2,875.9,897.5,909.1,801.9,800.1,799.0,798.0,764.8,780.0,794.6,809.5,822.7,706.9,723.2,742.1,756.9,740.3,722.0,837.4,855.1,873.6,886.5,872.4,854.6,726.8,749.1,776.5,792.1,808.3,833.1,849.7,832.1,807.7,789.9,771.9,745.3,736.1,776.2,791.9,808.2,840.5,807.9,790.8,774.5,555.4,590.8,625.8,661.7,698.5,735.0,770.0,800.2,808.1,793.1,756.9,717.7,679.6,642.3,610.8,581.6,553.4,506.6,493.3,489.3,496.7,511.1,517.2,508.8,507.9,514.9,529.6,551.4,574.0,596.3,619.9,641.6,646.9,651.8,648.9,644.7,545.1,537.8,540.2,552.1,554.6,552.2,558.7,551.7,553.8,562.8,567.1,565.4,695.3,681.9,678.2,683.4,680.1,687.0,701.6,738.1,753.6,755.6,752.9,735.5,695.8,695.5,697.4,697.0,702.3,728.8,730.6,728.0,0.00,0.00,0.00,0.00,0.00,0.00,0.00,0.00,0.00,0.00,0.00,0.00,0.00,0.00,0.00,0.00,0.00,0.00,0.00,0.00,0.00,0.00,0.00,0.00,0.00,0.00,0.00,0.00,0.00,0.00,0.00,0.00,0.00,0.00,0.00
142,0,4.700,0.03,0,0.000000,0.000000,0.000000,0.000000,0.000000,0.000000,0.000,0.000,721.7,726.5,736.4,745.5,748.6,744.4,733.9,724.7,708.3,714.8,722.9,732.4,742.0,749.7,755.3,748.5,739.6,730.3,721.4,713.9,730.6,734.6,738.9,741.0,739.7,735.7,731.4,729.3,847.7,852.9,863.1,872.2,875.0,869.7,859.5,849.5,839.8,846.4,854.9,865.1,873.7,879.7,883.4,878.5,872.0,864.2,854.9,846.1,855.9,860.0,864.6,866.9,865.7,861.6,857.0,854.6,544.0,534.5,531.3,536.2,546.4,556.6,559.1,554.2,543.2,539.5,537.5,537.1,539.4,543.7,549.9,552.8,553.4,553.1,551.2,547.9,549.2,551.3,549.9,545.8,541.3,539.2,540.6,544.8,556.5,546.8,543.8,549.3,560.1,569.9,572.8,567.9,558.6,552.7,550.0,550.4,553.4,557.3,563.3,566.3,567.9,568.0,566.0,562.9,562.4,564.9,563.6,559.2,554.3,551.8,553.2,557.5,37.0,39.2,43.7,47.8,49.2,47.4,42.6,38.4,31.3,34.0,37.5,41.6,46.0,49.7,52.4,49.1,45.0,40.7,36.9,33.6,41.2,43.0,45.0,45.9,45.3,43.5,41.5,40.6,93.0,95.5,100.4,104.8,106.1,103.6,98.7,93.9,89.5,92.3,96.1,100.8,105.1,108.6,111.0,108.1,104.4,100.3,96.0,92.2,97.1,99.1,101.3,102.5,101.9,99.9,97.7,96.5,83.5,79.2,77.7,79.9,84.5,89.2,90.3,88.1,84.0,81.7,80.3,79.8,80.9,83.1,86.3,87.3,87.3,87.1,86.5,85.6,86.0,87.0,86.3,84.4,82.4,81.4,82.1,84.0,88.0,83.8,82.7,85.4,90.4,94.6,95.7,93.2,89.0,86.1,84.9,85.2,87.0,89.3,92.6,93.5,93.6,93.1,92.0,90.8,91.1,92.3,91.9,89.9,87.7,86.5,87.0,88.9,396.9,396.9,396.8,396.8,396.8,397.1,396.9,396.9,401.2,398.4,395.8,394.5,394.8,396.0,397.6,396.2,394.9,394.8,396.1,398.5,397.7,397.7,397.7,397.6,397.6,397.7,397.7,397.7,391.8,392.5,393.7,394.8,395.2,394.5,393.3,392.3,392.0,391.2,391.1,391.6,393.4,396.3,398.8,396.6,393.8,391.6,390.9,391.4,393.7,394.2,394.8,395.1,395.0,394.4,393.9,393.6,73.7,132.0,424.4,-0.013,0.168,0.010,646.6,644.8,644.7,648.5,659.2,680.0,709.2,747.3,792.6,838.6,875.4,904.6,920.6,927.4,931.4,934.4,933.9,681.1,699.9,725.1,752.0,776.1,825.6,851.1,876.2,898.1,909.9,801.4,799.3,797.9,796.6,763.7,778.7,793.4,808.2,821.4,706.7,723.0,741.9,756.5,740.0,721.8,837.2,854.9,873.2,886.2,872.0,854.2,726.3,748.2,775.3,790.5,806.1,830.8,847.7,829.9,805.4,788.2,770.7,744.3,735.5,775.1,790.2,806.0,838.6,805.7,789.2,773.3,555.3,590.7,625.7,661.8,698.6,735.1,770.1,800.5,808.4,793.3,757.4,718.6,680.4,643.1,611.2,581.5,552.8,505.7,492.4,488.5,495.8,510.3,516.3,508.1,507.5,514.8,529.6,550.5,573.3,595.7,619.5,640.4,645.8,650.9,648.0,643.9,544.2,536.9,539.4,551.2,553.7,551.3,558.0,551.2,553.4,562.3,566.5,564.8,693.5,679.9,676.6,681.8,678.6,685.6,700.5,737.9,753.3,755.1,752.3,734.6,693.9,693.4,695.3,695.0,701.0,728.8,730.5,727.9,0.00,0.00,0.00,0.00,0.00,0.00,0.00,0.00,0.00,0.00,0.00,0.00,0.00,0.00,0.00,0.00,0.00,0.00,0.00,0.00,0.00,0.00,0.00,0.00,0.00,0.00,0.00,0.00,0.00,0.00,0.00,0.00,0.00,0.00,0.00
143,0,4.733,0.03,0,0.000000,0.000000,0.000000,0.000000,0.000000,0.000000,0.000,0.000,721.5,726.2,735.9,744.9,747.9,743.8,733.5,724.5,709.0,715.0,722.7,732.0,741.7,749.4,755.1,748.1,739.1,729.7,721.2,714.1,730.4,734.3,738.6,740.6,739.3,735.4,731.1,729.1,847.9,853.0,863.0,872.0,874.8,869.7,859.7,849.8,840.1,846.6,854.8,864.9,873.5,879.5,883.3,878.3,871.9,864.2,855.0,846.3,856.0,860.1,864.6,867.0,865.7,861.6,857.0,854.7,544.0,534.7,531.5,536.4,546.4,556.5,559.0,554.1,542.9,539.2,537.3,536.9,539.2,543.3,549.3,552.5,553.3,553.1,551.1,547.7,549.1,551.2,549.8,545.8,541.4,539.2,540.6,544.7,556.6,547.0,544.1,549.5,560.1,569.6,572.5,567.7,558.2,552.5,549.9,550.3,553.4,557.2,563.2,566.4,567.9,568.0,566.0,562.8,562.4,564.9,563.5,559.2,554.4,551.9,553.3,557.6,37.4,39.5,43.9,48.0,49.4,47.6,42.8,38.7,32.0,34.5,37.8,41.9,46.3,49.9,52.7,49.4,45.2,40.9,37.2,34.2,41.5,43.3,45.2,46.2,45.6,43.8,41.8,40.9,94.5,97.0,101.9,106.3,107.6,105.1,100.2,95.5,91.1,93.8,97.5,102.2,106.6,110.1,112.5,109.6,105.9,101.9,97.5,93.7,98.7,100.7,102.9,104.0,103.4,101.4,99.2,98.1,84.4,80.0,78.5,80.7,85.3,90.0,91.2,89.0,84.8,82.5,81.1,80.5,81.6,83.7,86.8,88.0,88.1,88.0,87.5,86.5,86.8,87.8,87.1,85.2,83.2,82.2,82.9,84.8,89.4,85.2,84.1,86.8,91.7,95.9,97.0,94.6,90.2,87.4,86.2,86.5,88.3,90.7,94.0,94.9,95.0,94.5,93.4,92.1,92.5,93.7,93.2,91.3,89.1,87.9,88.3,90.3,401.2,400.9,400.4,400.2,400.2,400.9,401.1,401.3,405.9,402.8,400.0,398.3,398.3,399.4,401.0,399.9,398.8,399.0,400.6,403.1,401.8,401.7,401.5,401.4,401.3,401.5,401.6,401.8,398.0,398.6,399.8,400.9,401.1,400.4,399.2,398.4,398.2,397.4,397.3,397.8,399.5,402.2,404.7,402.5,399.7,397.5,396.9,397.5,399.8,400.2,400.8,401.1,401.0,400.5,400.0,399.7,73.6,131.9,424.1,-0.013,0.168,0.010,646.5,644.7,644.7,648.5,659.2,679.9,708.9,746.9,792.1,838.2,875.2,904.4,920.5,927.3,931.3,934.3,933.8,681.1,699.8,724.9,751.9,776.0,825.5,851.0,876.2,898.2,909.9,801.3,799.2,797.8,796.5,763.6,778.6,793.3,808.1,821.3,706.8,723.1,741.8,756.5,740.0,721.8,837.2,854.9,873.2,886.2,871.9,854.2,726.3,748.1,775.1,790.3,806.1,830.8,847.5,829.8,805.3,787.9,770.3,744.0,735.4,774.8,790.0,805.9,838.4,805.6,788.9,773.0,555.3,590.8,625.8,661.8,698.5,735.1,770.2,800.6,808.7,793.7,757.9,718.9,680.5,642.9,610.8,580.9,552.0,505.7,492.2,488.3,495.7,510.3,516.4,508.1,507.5,514.8,529.8,550.4,573.2,595.7,619.6,640.2,645.8,650.9,648.0,643.9,544.0,536.8,539.2,551.0,553.4,551.0,557.8,551.2,553.5,562.3,566.5,564.6,693.6,679.9,676.6,681.8,678.6,685.8,700.8,738.2,753.6,755.3,752.5,734.7,694.0,693.4,695.3,695.1,701.3,729.1,730.8,728.0,0.00,0.00,0.00,0.00,0.00,0.00,0.00,0.00,0.00,0.00,0.00,0.00,0.00,0.00,0.00,0.00,0.00,0.00,0.00,0.00,0.00,0.00,0.00,0.00,0.00,0.00,0.00,0.00,0.00,0.00,0.00,0.00,0.00,0.00,0.00
144,0,4.767,0.03,0,0.000000,0.000000,0.000000,0.000000,0.000000,0.000000,0.000,0.000,721.4,726.2,736.0,745.2,748.2,744.0,733.5,724.4,709.2,715.1,722.8,732.0,741.7,749.6,755.3,748.3,739.2,729.9,721.3,714.2,730.4,734.4,738.7,740.8,739.5,735.5,731.2,729.1,847.7,852.9,863.1,872.1,874.8,869.5,859.4,849.5,839.7,846.4,855.0,865.2,873.7,879.7,883.3,878.4,871.9,864.1,854.8,846.0,855.9,859.9,864.4,866.7,865.5,861.5,857.0,854.7,543.8,534.3,531.1,536.1,546.2,556.5,559.0,554.0,542.8,539.1,537.3,536.9,539.2,543.4,549.6,552.5,553.2,552.9,550.9,547.6,549.0,551.1,549.7,545.6,541.1,539.0,540.4,544.5,556.5,546.8,543.9,549.4,560.2,569.9,572.8,567.9,558.4,552.6,550.0,550.4,553.4,557.2,563.2,566.2,567.7,567.8,565.8,562.7,562.3,564.8,563.5,559.2,554.4,552.0,553.3,557.6,37.1,39.2,43.6,47.7,49.1,47.3,42.5,38.4,31.9,34.3,37.6,41.6,46.0,49.6,52.4,49.1,44.9,40.7,36.9,33.9,41.2,43.0,45.0,45.9,45.3,43.5,41.6,40.6,93.1,95.6,100.5,104.9,106.2,103.6,98.7,94.0,89.5,92.4,96.2,100.9,105.2,108.7,111.1,108.2,104.5,100.4,96.1,92.2,97.3,99.2,101.3,102.5,101.9,99.9,97.8,96.7,83.7,79.3,77.8,79.9,84.5,89.3,90.5,88.3,84.2,81.9,80.4,79.9,81.0,83.1,86.2,87.3,87.4,87.3,86.7,85.8,86.2,87.1,86.4,84.5,82.5,81.5,82.2,84.1,88.1,83.9,82.8,85.6,90.5,94.7,95.8,93.3,89.0,86.2,85.0,85.3,87.1,89.4,92.7,93.6,93.6,93.1,92.0,90.8,91.1,92.4,91.9,90.0,87.9,86.6,87.1,89.0,398.4,398.1,397.6,397.2,397.2,397.8,398.0,398.3,403.0,399.9,397.1,395.5,395.4,396.4,397.9,396.8,395.7,395.9,397.5,400.2,398.9,398.7,398.5,398.4,398.4,398.5,398.7,398.9,392.2,392.8,394.1,395.3,395.6,395.0,393.7,392.7,392.3,391.5,391.4,392.0,393.9,396.8,399.4,397.1,394.2,392.0,391.2,391.7,394.1,394.7,395.2,395.5,395.3,394.8,394.2,394.0,73.6,132.0,424.3,-0.012,0.170,0.011,646.5,644.7,644.7,648.6,659.4,680.1,709.0,746.8,792.0,838.1,875.1,904.4,920.4,927.3,931.3,934.3,933.8,681.2,700.0,725.0,751.8,775.7,825.7,851.1,876.0,898.0,909.7,801.3,799.1,797.7,796.3,763.5,778.4,793.1,807.9,821.1,706.7,723.0,741.8,756.4,739.9,721.7,837.1,854.8,873.1,886.1,871.9,854.1,726.4,748.1,775.1,790.0,805.4,830.1,847.0,829.1,804.6,787.5,770.2,744.0,735.5,774.8,789.7,805.3,837.9,804.9,788.6,772.9,555.1,590.7,625.8,662.0,698.7,735.2,770.2,800.6,808.6,793.8,758.2,719.3,680.9,643.3,611.1,581.0,551.9,505.5,492.1,488.3,495.7,510.3,516.3,508.1,507.3,514.5,529.4,550.3,573.2,595.8,619.8,640.2,645.8,650.9,648.0,643.9,543.9,536.7,539.1,550.9,553.4,551.0,557.8,551.1,553.4,562.2,566.4,564.6,693.6,679.8,676.5,681.7,678.6,685.8,701.0,738.6,753.8,755.4,752.6,734.7,694.0,693.3,695.2,695.1,701.5,729.3,730.8,728.1,0.00,0.00,0.00,0.00,0.00,0.00,0.00,0.00,0.00,0.00,0.00,0.00,0.00,0.00,0.00,0.00,0.00,0.00,0.00,0.00,0.00,0.00,0.00,0.00,0.00,0.00,0.00,0.00,0.00,0.00,0.00,0.00,0.00,0.00,0.00
145,0,4.800,0.03,0,0.000000,0.000000,0.000000,0.000000,0.000000,0.000000,0.000,0.000,721.2,726.1,735.8,744.5,747.3,743.0,732.7,724.0,708.3,714.3,722.1,731.5,741.2,748.5,753.6,746.7,738.0,728.8,720.5,713.5,729.8,733.6,737.9,740.0,738.8,735.0,730.7,728.6,847.7,852.8,862.7,871.6,874.3,869.2,859.3,849.5,839.9,846.1,854.2,864.2,873.0,879.3,883.4,878.1,871.4,863.5,854.4,845.9,855.9,859.9,864.3,866.6,865.4,861.4,857.0,854.7,543.8,534.7,531.8,536.8,546.7,556.5,558.7,553.7,542.9,539.0,537.1,536.7,539.1,543.6,550.1,552.9,553.6,553.3,551.2,547.8,548.9,551.1,549.8,545.8,541.5,539.3,540.5,544.5,556.8,547.5,544.6,549.9,560.2,569.5,572.4,567.7,557.7,552.1,549.6,550.0,553.1,557.0,563.1,566.3,567.9,567.9,565.8,562.5,562.4,564.8,563.5,559.4,554.7,552.4,553.7,557.8,37.6,39.8,44.3,48.3,49.6,47.7,42.9,38.9,32.0,34.5,37.9,42.1,46.5,50.0,52.6,49.3,45.1,40.9,37.2,34.2,41.7,43.4,45.4,46.4,45.8,44.0,42.1,41.1,96.3,98.8,103.6,108.0,109.3,106.8,102.0,97.3,92.9,95.5,99.1,103.8,108.2,111.8,114.5,111.4,107.6,103.4,99.1,95.4,100.5,102.5,104.6,105.8,105.2,103.2,101.1,100.0,85.1,80.8,79.4,81.7,86.4,91.0,92.1,89.7,85.6,83.2,81.7,81.2,82.4,84.7,88.1,89.1,89.2,89.0,88.4,87.3,87.6,88.7,88.0,86.2,84.1,83.1,83.7,85.6,91.3,87.1,85.9,88.5,93.4,97.6,98.7,96.5,91.8,89.0,87.7,88.0,89.7,92.1,95.5,96.5,96.6,96.2,95.1,93.8,94.3,95.4,94.9,93.0,90.9,89.7,90.2,92.1,405.1,404.7,404.4,404.4,404.7,405.3,405.3,405.4,409.6,406.5,403.8,402.2,402.4,403.6,405.4,404.2,403.1,403.1,404.6,407.0,405.9,405.9,405.8,405.6,405.5,405.5,405.6,405.8,405.9,406.4,407.3,408.0,408.1,407.6,406.8,406.3,406.4,405.4,404.9,405.1,406.6,409.0,411.5,409.3,406.8,404.8,404.5,405.4,407.5,407.8,408.2,408.4,408.3,408.0,407.6,407.4,73.4,131.9,424.4,-0.006,0.168,0.010,646.1,644.2,644.0,647.8,658.8,679.8,708.7,746.5,791.6,837.6,874.5,903.9,920.1,927.1,931.1,934.0,933.3,680.7,699.7,724.8,751.7,775.6,825.2,851.0,876.2,898.3,909.9,800.8,798.7,797.2,795.8,762.6,777.7,792.5,807.6,821.0,706.0,722.3,741.1,755.7,739.2,721.0,836.8,854.4,872.7,885.7,871.5,853.8,724.8,747.0,774.2,789.5,805.5,830.6,847.7,829.5,804.6,787.0,769.3,742.9,734.0,773.9,789.2,805.4,838.6,805.0,788.1,772.0,554.3,589.8,625.0,661.2,698.1,734.7,769.8,800.2,808.2,793.2,757.4,718.4,680.1,642.5,610.3,580.2,551.0,505.2,492.0,488.3,495.7,510.0,516.0,507.7,507.1,514.6,529.8,550.4,573.1,595.6,619.5,640.0,645.6,650.8,647.9,643.8,544.0,536.7,539.2,550.9,553.4,551.0,557.6,551.0,553.2,562.1,566.2,564.4,693.0,679.7,676.6,681.9,678.7,685.5,700.2,737.7,753.1,754.9,752.0,734.0,693.4,693.4,695.3,695.0,700.8,728.9,730.6,727.8,0.00,0.00,0.00,0.00,0.00,0.00,0.00,0.00,0.00,0.00,0.00,0.00,0.00,0.00,0.00,0.00,0.00,0.00,0.00,0.00,0.00,0.00,0.00,0.00,0.00,0.00,0.00,0.00,0.00,0.00,0.00,0.00,0.00,0.00,0.00
146,0,4.833,0.03,0,0.000000,0.000000,0.000000,0.000000,0.000000,0.000000,0.000,0.000,720.6,725.5,735.4,744.4,747.3,743.1,732.6,723.6,708.4,714.0,721.5,730.8,740.6,748.4,754.0,746.9,737.9,728.5,720.1,713.2,729.6,733.6,737.9,740.1,738.8,734.8,730.5,728.3,847.2,852.3,862.4,871.4,874.2,869.0,859.0,849.1,839.3,845.8,854.1,864.2,872.9,879.1,883.1,877.9,871.1,863.2,854.0,845.4,855.4,859.5,864.0,866.3,865.1,861.0,856.5,854.2,543.7,534.3,531.2,536.2,546.4,556.6,558.9,553.9,543.3,539.2,537.0,536.5,538.9,543.5,550.2,553.1,553.8,553.4,551.4,548.1,549.0,551.2,549.8,545.7,541.2,539.0,540.4,544.5,556.7,547.2,544.2,549.6,560.1,569.6,572.6,567.8,558.0,552.3,549.8,550.2,553.2,557.0,562.9,566.1,567.8,567.9,565.8,562.6,562.4,564.8,563.5,559.2,554.5,552.1,553.4,557.7,36.5,38.7,43.1,47.1,48.4,46.6,41.8,37.8,31.3,33.7,36.8,40.8,45.2,48.8,51.5,48.2,44.0,39.8,36.2,33.3,40.6,42.4,44.3,45.3,44.7,42.9,41.0,40.0,94.7,97.1,102.0,106.4,107.7,105.2,100.4,95.7,91.2,93.9,97.6,102.3,106.7,110.3,112.8,109.8,106.0,101.8,97.5,93.8,98.9,100.8,103.0,104.1,103.5,101.6,99.4,98.3,83.1,78.8,77.3,79.5,84.1,88.8,89.9,87.7,84.0,81.5,79.9,79.3,80.3,82.6,85.9,87.0,87.1,87.0,86.5,85.6,85.6,86.6,85.9,84.0,82.0,81.0,81.7,83.6,89.9,85.7,84.5,87.1,92.0,96.3,97.4,95.1,90.6,87.8,86.5,86.8,88.5,90.8,94.2,95.1,95.2,94.8,93.8,92.5,92.9,94.1,93.6,91.7,89.5,88.3,88.8,90.7,396.0,395.6,395.1,394.7,394.6,395.2,395.5,395.9,400.8,397.8,394.8,393.0,392.9,393.8,395.2,394.2,393.3,393.6,395.3,398.1,396.4,396.2,396.0,395.8,395.9,396.0,396.3,396.4,399.9,400.3,401.3,402.2,402.5,402.1,401.1,400.4,400.2,399.3,398.9,399.2,400.8,403.5,406.0,403.8,401.2,399.1,398.7,399.4,401.6,402.0,402.4,402.7,402.5,402.1,401.7,401.5,73.4,131.8,424.6,0.003,0.164,0.007,645.6,643.7,643.5,647.4,658.6,679.7,708.4,746.2,791.4,837.5,874.8,904.2,920.4,927.3,931.0,933.6,932.7,680.4,699.0,724.0,750.7,774.5,825.1,850.8,876.1,897.9,909.2,800.2,798.1,796.8,795.4,762.2,777.6,792.4,807.5,821.0,705.6,721.8,740.7,755.3,738.8,720.5,836.5,854.0,872.5,885.4,871.3,853.5,724.7,746.4,773.4,789.8,806.9,832.1,848.6,831.2,806.3,787.5,768.8,742.6,734.0,773.1,789.4,806.8,839.5,806.5,788.4,771.3,553.1,588.6,623.5,659.6,696.4,733.2,768.6,799.3,807.5,792.6,756.7,717.5,679.0,641.2,608.9,578.6,549.1,505.3,492.0,488.4,495.8,509.9,515.9,507.4,506.8,514.5,530.0,550.8,573.2,595.4,618.9,640.0,645.5,650.6,647.7,643.7,544.3,536.8,539.2,551.1,553.7,551.3,557.8,550.9,553.1,562.0,566.3,564.6,693.8,679.9,676.5,681.9,678.6,685.4,700.6,737.3,753.0,754.9,751.8,733.9,694.1,693.6,695.7,695.3,701.0,728.9,730.7,727.7,0.00,0.00,0.00,0.00,0.00,0.00,0.00,0.00,0.00,0.00,0.00,0.00,0.00,0.00,0.00,0.00,0.00,0.00,0.00,0.00,0.00,0.00,0.00,0.00,0.00,0.00,0.00,0.00,0.00,0.00,0.00,0.00,0.00,0.00,0.00
147,0,4.867,0.03,0,0.000000,0.000000,0.000000,0.000000,0.000000,0.000000,0.000,0.000,720.5,725.4,735.1,744.0,746.9,742.7,732.4,723.4,707.7,713.7,721.4,730.9,740.6,748.1,753.5,746.5,737.5,728.3,719.9,712.8,729.3,733.2,737.5,739.7,738.4,734.4,730.2,728.0,847.4,852.4,862.2,871.2,874.0,869.0,859.1,849.4,840.0,846.0,854.0,863.8,872.6,879.0,883.1,877.8,871.0,863.1,854.0,845.7,855.7,859.7,864.1,866.4,865.1,861.1,856.7,854.4,544.2,534.9,531.8,536.8,546.8,556.9,559.3,554.3,543.8,539.7,537.6,537.0,539.3,543.7,550.1,553.2,554.1,553.9,551.9,548.6,549.4,551.6,550.3,546.1,541.7,539.5,540.9,545.0,556.9,547.6,544.7,549.8,560.0,569.3,572.2,567.7,558.2,552.3,549.6,549.9,552.9,556.8,563.0,566.2,567.8,567.9,565.8,562.7,562.4,564.7,563.4,559.3,554.7,552.4,553.7,557.8,36.8,39.0,43.4,47.5,48.8,47.0,42.2,38.2,31.3,33.8,37.1,41.2,45.7,49.2,51.9,48.5,44.3,40.1,36.5,33.5,40.9,42.7,44.7,45.6,45.0,43.2,41.3,40.3,97.3,99.7,104.5,108.9,110.2,107.8,103.0,98.3,93.9,96.5,100.1,104.8,109.2,112.8,115.4,112.4,108.5,104.3,100.0,96.4,101.5,103.5,105.6,106.7,106.1,104.2,102.0,100.9,84.2,79.9,78.5,80.7,85.3,90.0,91.1,88.9,85.0,82.5,81.0,80.4,81.4,83.7,86.9,88.1,88.2,88.2,87.6,86.6,86.8,87.7,87.1,85.2,83.2,82.2,82.8,84.7,92.4,88.1,86.9,89.4,94.2,98.5,99.7,97.5,93.1,90.1,88.7,88.9,90.6,93.0,96.4,97.4,97.6,97.2,96.2,95.0,95.3,96.4,95.9,94.0,91.8,90.6,91.2,93.1,400.1,399.9,399.6,399.4,399.4,399.9,400.0,400.2,404.7,401.6,398.9,397.3,397.4,398.5,400.1,398.8,397.7,397.9,399.4,401.9,400.8,400.7,400.6,400.5,400.5,400.5,400.7,400.8,410.4,410.8,411.5,412.1,412.2,411.8,411.1,410.8,411.0,410.0,409.4,409.5,410.8,413.2,415.5,413.5,411.0,409.2,409.0,410.0,411.8,412.1,412.4,412.6,412.5,412.3,411.9,411.8,73.4,131.7,423.9,0.006,0.161,0.004,645.6,643.5,643.4,647.5,659.2,680.5,708.8,746.0,790.8,836.9,874.3,904.0,920.5,927.5,931.0,933.3,932.2,680.2,698.8,723.8,750.4,774.1,825.3,851.0,876.2,898.0,909.1,800.2,798.2,796.9,795.7,762.3,777.8,792.7,807.9,821.5,705.3,721.7,740.6,755.4,738.7,720.4,836.4,854.0,872.6,885.6,871.4,853.5,724.4,746.4,773.5,790.4,808.0,833.5,850.0,832.6,807.5,788.1,769.0,742.6,733.7,773.2,790.0,807.9,840.8,807.6,789.0,771.5,552.7,588.6,624.0,660.4,697.4,734.1,769.3,799.8,807.9,793.1,757.1,717.4,678.7,640.7,608.1,577.5,547.8,505.6,492.5,488.8,496.1,510.0,515.9,507.3,506.6,514.4,530.1,550.7,573.4,595.9,619.6,640.7,646.2,651.2,648.2,644.2,544.6,537.3,539.6,551.3,553.9,551.6,557.7,551.1,553.2,562.0,566.2,564.5,694.1,680.4,676.9,682.4,678.9,685.6,700.6,737.4,753.4,755.4,752.3,734.2,694.6,694.5,696.6,696.1,701.2,728.6,730.4,727.3,0.00,0.00,0.00,0.00,0.00,0.00,0.00,0.00,0.00,0.00,0.00,0.00,0.00,0.00,0.00,0.00,0.00,0.00,0.00,0.00,0.00,0.00,0.00,0.00,0.00,0.00,0.00,0.00,0.00,0.00,0.00,0.00,0.00,0.00,0.00
148,0,4.900,0.03,0,0.000000,0.000000,0.000000,0.000000,0.000000,0.000000,0.000,0.000,720.8,725.6,735.4,744.5,747.5,743.3,733.0,723.9,705.6,712.7,721.5,731.3,740.8,748.2,753.4,746.9,738.6,729.5,720.3,712.1,729.4,733.4,737.7,739.8,738.5,734.5,730.2,728.1,847.1,852.2,862.3,871.4,874.2,869.0,858.9,849.0,839.2,845.8,854.2,864.3,872.9,879.1,883.0,877.9,871.2,863.2,854.0,845.4,855.3,859.4,863.9,866.3,865.0,860.9,856.4,854.1,544.9,535.3,531.9,536.7,546.9,557.2,559.9,555.1,543.8,540.3,538.4,537.9,539.9,544.1,550.3,553.2,554.1,554.0,552.1,548.7,549.9,552.0,550.5,546.3,541.8,539.7,541.2,545.4,556.5,546.9,543.9,549.3,559.9,569.5,572.5,567.7,558.5,552.6,549.8,550.2,553.1,557.0,563.0,566.1,567.7,567.8,565.8,562.8,562.3,564.7,563.4,559.0,554.3,551.8,553.2,557.5,36.4,38.6,43.0,47.2,48.6,46.8,42.0,37.9,29.8,32.8,36.6,40.9,45.3,48.8,51.4,48.3,44.3,40.2,36.1,32.6,40.4,42.3,44.3,45.2,44.6,42.7,40.8,39.8,93.8,96.3,101.1,105.5,106.9,104.3,99.5,94.8,90.3,93.1,96.8,101.5,105.8,109.4,111.9,108.9,105.1,101.0,96.7,92.9,98.0,99.9,102.1,103.3,102.7,100.7,98.5,97.4,83.3,79.0,77.5,79.8,84.5,89.3,90.3,88.0,83.6,81.4,80.1,79.7,80.8,83.1,86.3,87.3,87.3,87.1,86.4,85.3,85.9,86.9,86.3,84.3,82.3,81.3,81.9,83.8,89.0,84.8,83.6,86.3,91.2,95.5,96.6,94.2,90.0,87.1,85.8,86.0,87.7,90.1,93.4,94.3,94.4,94.0,93.0,91.8,92.0,93.2,92.7,90.8,88.6,87.4,87.9,89.8,394.2,394.2,394.7,395.4,395.8,396.2,395.4,394.7,397.8,395.2,393.0,392.1,392.9,394.7,396.8,395.1,393.4,392.8,393.5,395.5,395.7,396.0,396.2,396.2,396.0,395.7,395.5,395.5,396.3,396.9,398.0,399.0,399.3,398.7,397.6,396.8,396.6,395.7,395.4,395.9,397.6,400.3,402.8,400.6,397.8,395.7,395.2,395.9,398.1,398.6,399.0,399.3,399.2,398.7,398.3,398.0,73.4,131.8,424.0,0.002,0.160,0.003,645.7,643.7,643.6,647.5,658.7,679.6,708.1,745.9,791.3,837.6,875.0,904.5,920.7,927.5,930.9,933.3,932.0,679.8,698.3,723.2,749.9,773.8,824.7,850.4,875.7,897.6,909.1,799.9,798.1,797.0,795.9,762.4,778.0,792.9,808.0,821.7,705.0,721.3,740.3,755.2,738.5,720.3,836.3,854.1,872.6,885.6,871.5,853.6,723.8,746.0,773.3,790.2,808.0,833.7,850.5,832.9,807.5,788.0,768.8,742.2,733.2,772.9,789.8,807.8,841.2,807.5,788.8,771.1,555.7,590.6,624.9,660.3,696.7,733.3,768.9,800.0,808.2,793.2,756.9,717.1,678.1,640.0,607.6,577.2,547.7,506.2,493.0,489.3,496.5,510.4,516.2,507.2,506.3,514.1,529.6,551.0,573.6,596.0,619.7,640.9,646.4,651.4,648.4,644.4,545.1,537.7,540.0,551.6,554.2,552.0,557.8,551.2,553.2,561.9,566.2,564.6,694.3,680.8,677.4,682.9,679.4,686.1,701.0,737.6,753.3,755.2,752.0,734.0,694.8,694.9,697.1,696.7,701.4,728.5,730.2,727.1,0.00,0.00,0.00,0.00,0.00,0.00,0.00,0.00,0.00,0.00,0.00,0.00,0.00,0.00,0.00,0.00,0.00,0.00,0.00,0.00,0.00,0.00,0.00,0.00,0.00,0.00,0.00,0.00,0.00,0.00,0.00,0.00,0.00,0.00,0.00
149,0,4.933,0.03,0,0.000000,0.000000,0.000000,0.000000,0.000000,0.000000,0.000,0.000,720.8,725.7,735.4,744.3,747.1,742.7,732.5,723.6,706.4,713.3,721.8,731.3,740.8,748.1,753.2,746.6,738.1,729.1,720.2,712.4,729.4,733.2,737.4,739.5,738.3,734.4,730.2,728.1,847.2,852.1,862.0,871.2,874.3,869.4,859.5,849.5,839.9,845.8,853.8,863.7,872.5,879.2,883.7,878.3,871.3,863.2,854.1,845.8,855.9,860.0,864.4,866.6,865.2,861.1,856.7,854.5,545.4,536.1,533.0,537.9,548.0,558.0,560.4,555.4,543.9,540.4,538.6,538.2,540.4,544.7,550.9,553.9,554.8,554.5,552.4,549.0,550.4,552.5,551.2,547.2,542.8,540.7,542.0,546.1,557.3,547.9,544.8,549.8,560.0,569.5,572.6,568.2,558.9,552.8,550.0,550.1,553.0,557.0,563.2,566.5,568.1,568.3,566.4,563.4,562.8,565.1,563.7,559.5,554.9,552.7,554.1,558.3,37.1,39.3,43.8,48.0,49.3,47.4,42.6,38.4,30.8,33.8,37.4,41.7,46.1,49.6,52.2,49.0,44.9,40.7,36.8,33.4,41.2,43.0,44.9,45.9,45.3,43.5,41.5,40.6,96.4,98.8,103.6,108.0,109.4,107.0,102.2,97.5,93.2,95.7,99.2,103.8,108.2,111.9,114.6,111.5,107.6,103.4,99.2,95.6,100.8,102.7,104.8,105.9,105.3,103.4,101.2,100.1,85.1,80.8,79.5,81.8,86.5,91.3,92.2,89.9,85.3,83.0,81.7,81.3,82.5,84.8,88.1,89.1,89.2,89.0,88.2,87.1,87.7,88.8,88.2,86.3,84.3,83.2,83.8,85.7,91.8,87.6,86.2,88.7,93.4,97.7,99.0,96.9,92.7,89.7,88.2,88.2,89.8,92.2,95.6,96.7,96.9,96.5,95.7,94.6,94.7,95.8,95.2,93.3,91.1,90.1,90.6,92.6,401.8,401.7,401.9,402.4,402.8,403.3,402.7,402.3,405.7,402.9,400.5,399.4,400.0,401.7,403.7,402.1,400.6,400.1,401.1,403.2,403.1,403.3,403.5,403.4,403.2,403.0,402.9,403.0,407.3,407.8,408.4,408.7,408.6,408.1,407.5,407.4,407.9,406.8,406.2,406.1,407.2,409.4,411.5,409.6,407.2,405.5,405.5,406.7,408.4,408.6,408.9,409.1,409.2,409.0,408.7,408.5,73.3,131.8,423.2,0.000,0.156,0.005,645.7,643.8,643.7,647.4,658.4,679.1,707.5,745.3,790.6,837.1,874.7,904.4,920.9,927.7,931.2,933.6,932.2,679.7,698.1,723.1,750.0,774.2,824.8,850.5,875.8,897.9,909.5,800.5,798.9,797.9,796.9,763.1,778.6,793.6,808.7,822.4,705.1,721.4,740.4,755.4,738.6,720.4,836.5,854.4,872.9,886.0,871.7,853.8,723.8,746.0,773.4,790.6,808.6,834.2,850.7,833.1,807.6,788.0,768.5,741.9,733.3,772.9,790.2,808.3,841.4,807.8,788.9,771.0,555.5,590.3,624.4,659.7,696.2,733.0,768.8,800.1,808.7,793.9,757.4,717.2,678.2,640.1,607.7,577.3,547.9,506.5,493.4,489.5,496.8,510.8,516.6,507.6,506.6,514.3,529.7,551.4,573.9,596.3,619.9,641.5,646.9,651.9,649.0,645.2,545.4,538.2,540.4,551.9,554.5,552.3,558.0,551.5,553.7,562.2,566.5,564.8,695.8,681.9,678.3,684.0,680.5,687.6,702.9,739.0,754.6,756.5,753.1,735.0,696.3,696.5,698.8,698.5,703.2,729.0,730.6,727.4,0.00,0.00,0.00,0.00,0.00,0.00,0.00,0.00,0.00,0.00,0.00,0.00,0.00,0.00,0.00,0.00,0.00,0.00,0.00,0.00,0.00,0.00,0.00,0.00,0.00,0.00,0.00,0.00,0.00,0.00,0.00,0.00,0.00,0.00,0.00
150,0,4.967,0.03,0,0.000000,0.000000,0.000000,0.000000,0.000000,0.000000,0.000,0.000,721.2,726.0,735.8,744.7,747.6,743.2,733.0,724.1,706.0,713.7,722.7,732.2,741.4,748.6,753.6,747.4,739.3,730.3,721.2,712.7,729.7,733.5,737.6,739.7,738.5,734.7,730.5,728.4,847.5,852.6,862.7,871.9,874.7,869.5,859.4,849.4,839.6,846.2,854.6,864.6,873.3,879.7,883.8,878.5,871.6,863.5,854.3,845.7,855.8,859.9,864.5,866.8,865.6,861.4,856.8,854.5,545.6,536.1,532.9,537.9,548.2,558.4,560.8,555.9,544.0,540.8,539.0,538.8,541.0,545.3,551.4,554.4,555.1,554.8,552.6,549.1,550.8,552.9,551.5,547.5,543.1,541.0,542.3,546.4,556.9,547.4,544.4,549.7,560.3,569.9,572.9,568.1,558.8,553.1,550.4,550.8,553.7,557.5,563.3,566.6,568.3,568.4,566.4,563.3,562.7,565.2,563.8,559.5,554.7,552.3,553.6,557.9,36.9,39.1,43.6,47.8,49.1,47.1,42.4,38.2,30.2,33.5,37.4,41.7,46.0,49.5,52.1,48.9,45.0,40.9,36.8,33.1,40.9,42.7,44.6,45.6,45.0,43.2,41.3,40.3,93.9,96.4,101.2,105.6,106.9,104.4,99.6,94.9,90.4,93.2,96.9,101.5,105.9,109.5,112.1,109.0,105.2,101.0,96.7,93.0,98.1,100.1,102.3,103.4,102.8,100.8,98.6,97.5,84.3,80.1,78.8,81.2,85.9,90.6,91.5,89.0,84.2,82.3,81.1,80.9,82.1,84.4,87.7,88.6,88.5,88.1,87.3,86.1,87.0,88.1,87.5,85.7,83.7,82.6,83.2,85.0,89.2,84.9,83.8,86.4,91.3,95.5,96.6,94.3,90.1,87.3,86.0,86.2,87.9,90.2,93.5,94.5,94.6,94.2,93.2,92.0,92.2,93.3,92.8,90.9,88.7,87.5,88.0,90.0,397.5,397.8,398.6,399.4,399.7,399.6,398.5,397.8,400.6,398.2,396.4,395.8,396.8,398.6,400.8,398.8,396.8,395.9,396.4,398.3,399.1,399.4,399.7,399.9,399.8,399.4,399.1,398.9,396.1,396.6,397.6,398.4,398.7,398.1,397.2,396.5,396.5,395.5,395.2,395.5,397.1,399.8,402.3,400.0,397.3,395.3,394.9,395.7,397.7,398.1,398.6,398.8,398.7,398.3,397.9,397.6,73.7,132.2,424.3,0.004,0.155,0.003,646.0,643.9,643.7,647.6,658.7,679.5,707.9,745.7,790.9,837.1,874.6,904.3,920.7,927.6,931.1,933.5,932.2,680.4,698.8,723.7,750.3,774.2,825.5,851.0,876.0,897.9,909.5,800.7,799.1,798.1,797.1,763.6,779.0,793.8,808.8,822.4,705.6,722.0,741.0,756.0,739.3,720.9,836.7,854.5,873.1,886.2,872.0,854.0,724.8,747.1,774.5,791.2,808.5,834.0,850.5,833.0,807.8,788.8,769.8,743.2,734.4,774.0,790.8,808.3,841.2,807.9,789.6,772.2,555.8,590.7,625.0,660.4,696.7,733.3,768.8,799.7,808.1,793.2,756.9,716.7,677.9,639.8,607.6,577.4,548.1,507.0,494.0,490.2,497.5,511.3,517.0,508.0,506.8,514.3,529.6,551.7,574.3,596.8,620.5,642.0,647.3,652.2,649.2,645.3,545.7,538.6,540.8,552.4,555.0,552.8,558.2,551.7,553.8,562.3,566.8,565.1,695.8,682.1,678.4,683.9,680.4,687.4,702.5,738.7,754.2,756.1,752.9,735.2,696.4,696.7,698.9,698.6,703.0,728.3,729.9,726.9,0.00,0.00,0.00,0.00,0.00,0.00,0.00,0.00,0.00,0.00,0.00,0.00,0.00,0.00,0.00,0.00,0.00,0.00,0.00,0.00,0.00,0.00,0.00,0.00,0.00,0.00,0.00,0.00,0.00,0.00,0.00,0.00,0.00,0.00,0.00
151,0,5.000,0.03,0,0.000000,0.000000,0.000000,0.000000,0.000000,0.000000,0.000,0.000,721.6,726.5,736.3,745.2,748.1,743.7,733.4,724.5,706.8,714.1,722.9,732.4,741.7,748.8,753.6,747.2,739.1,730.2,721.3,713.2,729.9,733.9,738.3,740.5,739.2,735.2,730.8,728.6,848.2,853.1,862.9,872.1,875.1,870.3,860.4,850.4,839.9,846.2,854.4,864.4,873.3,879.7,884.0,878.7,871.9,863.9,854.6,845.9,856.6,860.7,865.1,867.3,865.9,861.9,857.5,855.3,545.6,536.2,533.0,537.9,548.1,558.3,560.8,555.8,544.1,540.8,539.1,538.8,541.0,545.3,551.5,554.4,555.3,555.0,552.8,549.2,550.8,553.1,551.6,547.4,542.8,540.6,542.0,546.3,557.7,548.2,545.0,550.1,560.4,570.0,573.1,568.7,558.6,552.9,550.3,550.5,553.5,557.4,563.4,566.9,568.5,568.7,566.6,563.5,563.2,565.5,564.0,559.8,555.2,552.9,554.3,558.6,37.3,39.5,44.1,48.2,49.6,47.6,42.8,38.6,30.8,33.9,37.7,42.0,46.3,49.8,52.3,49.1,45.2,41.0,37.1,33.5,41.2,43.1,45.2,46.2,45.6,43.7,41.6,40.6,95.5,97.9,102.7,107.1,108.5,106.1,101.3,96.6,91.9,94.5,98.2,102.8,107.3,110.9,113.5,110.5,106.6,102.5,98.1,94.4,99.8,101.8,103.9,105.0,104.3,102.4,100.2,99.2,84.8,80.5,79.2,81.6,86.4,91.1,92.0,89.6,84.8,82.8,81.6,81.3,82.5,84.8,88.1,89.1,89.1,88.8,87.9,86.6,87.5,88.6,88.0,86.1,84.0,82.9,83.5,85.4,90.7,86.5,85.2,87.7,92.5,96.8,98.0,95.8,91.3,88.5,87.1,87.3,89.0,91.3,94.7,95.7,95.9,95.5,94.5,93.3,93.6,94.7,94.2,92.3,90.1,89.0,89.6,91.5,399.7,399.8,400.4,401.2,401.7,402.0,401.0,400.2,402.9,400.5,398.5,397.8,398.7,400.5,402.6,400.9,399.0,398.3,398.9,400.7,401.3,401.7,402.0,402.0,401.8,401.5,401.2,401.1,401.5,402.1,403.0,403.8,403.9,403.3,402.3,401.8,402.1,401.1,400.7,400.9,402.4,404.8,407.2,405.0,402.4,400.4,400.1,401.1,403.0,403.4,403.8,404.1,404.0,403.7,403.3,403.0,73.7,132.2,424.4,0.004,0.153,0.004,646.1,643.9,643.8,647.6,658.5,679.2,707.5,745.3,790.6,836.9,874.5,904.3,920.7,927.5,931.1,933.6,932.4,680.6,698.9,723.9,750.7,774.7,825.1,850.5,875.5,897.5,909.4,800.8,799.2,798.2,797.2,763.7,779.1,794.0,809.0,822.6,705.9,722.2,741.2,756.3,739.5,721.2,837.0,854.9,873.4,886.5,872.2,854.3,724.9,747.3,774.7,791.5,808.9,834.4,850.9,833.4,808.2,789.1,770.0,743.4,734.5,774.2,791.0,808.7,841.5,808.2,789.9,772.4,555.6,590.4,624.6,659.8,696.1,732.7,768.3,799.4,807.9,793.2,757.0,716.9,677.9,639.7,607.3,576.9,547.5,507.3,494.2,490.4,497.7,511.5,517.1,508.1,507.0,514.4,529.8,551.5,574.2,596.8,620.6,642.0,647.4,652.2,649.2,645.3,545.8,538.7,540.9,552.3,555.0,552.8,558.1,551.8,554.0,562.4,566.8,565.0,695.9,682.2,678.5,684.1,680.5,687.5,702.6,738.7,754.2,756.1,753.0,735.3,696.5,697.0,699.1,698.8,703.1,728.2,729.8,726.7,0.00,0.00,0.00,0.00,0.00,0.00,0.00,0.00,0.00,0.00,0.00,0.00,0.00,0.00,0.00,0.00,0.00,0.00,0.00,0.00,0.00,0.00,0.00,0.00,0.00,0.00,0.00,0.00,0.00,0.00,0.00,0.00,0.00,0.00,0.00
152,0,5.033,0.03,0,0.000000,0.000000,0.000000,0.000000,0.000000,0.000000,0.000,0.000,722.1,726.9,736.6,745.6,748.4,744.1,733.9,725.0,707.5,714.8,723.5,732.9,742.1,749.3,754.3,748.1,739.9,730.9,721.9,713.8,730.5,734.4,738.6,740.7,739.4,735.6,731.3,729.3,848.6,853.7,863.9,873.0,875.8,870.6,860.5,850.4,840.5,847.5,856.2,866.3,874.7,880.6,884.2,879.3,872.8,865.0,855.7,846.9,856.9,860.8,865.3,867.5,866.3,862.3,857.9,855.6,545.9,536.5,533.4,538.3,548.4,558.6,561.0,556.1,544.3,541.1,539.5,539.2,541.3,545.3,551.1,554.3,555.1,554.9,552.8,549.3,551.1,553.2,551.8,547.8,543.4,541.2,542.6,546.7,557.6,547.8,544.7,550.1,561.0,570.8,573.9,569.1,559.6,553.7,551.0,551.4,554.3,558.1,563.8,567.0,568.7,568.8,566.9,563.9,563.3,565.7,564.3,560.1,555.3,553.0,554.3,558.6,37.8,40.0,44.6,48.8,50.2,48.2,43.3,39.1,31.3,34.5,38.3,42.6,46.9,50.4,53.0,49.9,45.9,41.7,37.6,34.0,41.8,43.6,45.6,46.6,46.0,44.2,42.2,41.2,92.9,95.4,100.2,104.7,106.1,103.6,98.7,93.9,89.3,92.3,96.2,100.8,105.1,108.5,110.9,108.0,104.3,100.2,95.9,92.1,97.1,99.1,101.2,102.3,101.7,99.8,97.6,96.5,85.6,81.3,80.0,82.4,87.2,91.9,92.8,90.3,85.5,83.5,82.4,82.2,83.3,85.5,88.6,89.7,89.6,89.3,88.5,87.3,88.3,89.3,88.8,86.9,84.8,83.8,84.4,86.2,88.1,83.8,82.7,85.4,90.4,94.7,95.7,93.3,88.9,86.1,84.9,85.3,87.0,89.4,92.6,93.5,93.5,93.0,92.0,90.7,91.1,92.3,91.8,89.9,87.8,86.6,87.1,88.9,402.8,403.1,403.7,404.4,404.7,404.8,403.8,403.1,406.0,403.6,401.7,401.1,402.0,403.7,405.8,403.9,402.0,401.2,401.9,403.8,404.3,404.6,404.9,405.0,404.9,404.6,404.3,404.2,389.8,390.5,391.8,393.1,393.6,393.0,391.6,390.5,389.9,389.1,389.1,389.8,391.8,394.8,397.4,395.1,392.1,389.8,389.0,389.4,391.9,392.5,393.1,393.4,393.2,392.6,392.0,391.7,74.1,132.5,424.6,0.003,0.148,0.006,646.7,644.5,644.2,647.8,658.6,679.1,707.4,745.1,790.5,837.0,874.7,904.6,921.1,927.9,931.4,933.7,932.4,681.3,699.5,724.5,751.5,775.6,826.1,851.4,876.3,898.1,909.7,801.8,800.2,799.3,798.4,764.7,780.1,794.9,810.0,823.5,706.6,722.9,741.8,756.7,740.1,721.9,838.0,855.8,874.2,887.1,873.0,855.2,725.8,748.4,775.9,792.6,810.0,835.3,851.5,834.1,809.1,790.0,771.0,744.4,735.3,775.3,792.1,809.7,842.2,809.2,790.9,773.5,556.0,591.0,625.2,660.3,696.7,733.1,768.5,799.6,808.3,793.8,757.6,717.4,678.4,640.2,607.9,577.7,548.5,507.5,494.3,490.4,497.9,512.0,517.8,508.8,507.6,514.8,529.9,552.0,574.6,596.9,620.6,642.2,647.6,652.5,649.5,645.5,546.0,538.9,541.1,552.5,555.1,552.9,558.6,552.3,554.4,562.9,567.2,565.4,696.4,682.8,679.3,684.8,681.3,688.1,703.0,739.0,754.6,756.5,753.4,735.6,696.9,697.3,699.4,699.1,703.5,729.2,730.9,727.8,0.00,0.00,0.00,0.00,0.00,0.00,0.00,0.00,0.00,0.00,0.00,0.00,0.00,0.00,0.00,0.00,0.00,0.00,0.00,0.00,0.00,0.00,0.00,0.00,0.00,0.00,0.00,0.00,0.00,0.00,0.00,0.00,0.00,0.00,0.00
153,0,5.067,0.03,0,0.000000,0.000000,0.000000,0.000000,0.000000,0.000000,0.000,0.000,722.1,726.9,736.5,745.1,747.8,743.5,733.3,724.7,710.2,715.9,723.2,732.4,741.9,749.1,754.1,747.2,738.5,729.5,721.5,714.9,730.7,734.4,738.5,740.6,739.5,735.8,731.6,729.5,848.9,853.7,863.5,872.6,875.6,870.8,861.0,851.1,841.0,847.4,855.6,865.5,874.1,880.1,884.0,879.2,872.7,865.0,855.8,847.1,857.3,861.2,865.5,867.6,866.3,862.3,858.0,855.9,546.0,537.0,534.3,539.3,549.2,558.8,560.9,555.9,544.7,540.8,539.1,538.8,541.3,545.7,552.3,554.9,555.5,554.9,552.7,549.3,551.1,553.2,552.1,548.2,543.9,541.7,542.9,546.8,558.1,548.5,545.4,550.5,560.9,570.5,573.6,569.1,559.8,553.8,550.9,551.0,553.8,557.6,563.6,566.9,568.6,568.9,567.0,564.1,563.5,565.8,564.4,560.2,555.7,553.4,554.8,559.0,38.8,41.1,45.5,49.6,50.9,49.0,44.2,40.1,33.6,36.0,39.3,43.4,47.9,51.4,53.9,50.6,46.4,42.1,38.5,35.6,43.0,44.8,46.7,47.6,47.1,45.3,43.4,42.4,96.0,98.4,103.2,107.7,109.1,106.7,101.9,97.1,92.4,95.2,98.9,103.6,108.0,111.5,114.0,111.1,107.4,103.3,98.9,95.1,100.3,102.2,104.4,105.4,104.8,102.8,100.7,99.7,88.0,83.7,82.3,84.6,89.3,94.1,95.1,92.8,88.4,85.9,84.5,84.0,85.1,87.5,90.9,91.9,92.0,91.8,91.1,90.0,90.6,91.6,91.0,89.1,87.1,86.0,86.6,88.5,91.0,86.8,85.6,88.2,93.0,97.3,98.5,96.2,91.9,88.9,87.6,87.7,89.4,91.8,95.2,96.2,96.3,95.9,94.9,93.7,94.0,95.1,94.6,92.7,90.6,89.5,90.0,91.8,414.2,413.5,413.0,412.8,413.1,414.0,414.3,414.5,418.7,415.5,412.7,411.0,411.0,412.1,413.8,412.8,411.8,412.0,413.7,416.2,414.9,414.8,414.5,414.3,414.1,414.2,414.4,414.7,402.1,402.8,404.0,405.1,405.3,404.6,403.4,402.5,402.3,401.6,401.4,402.0,403.7,406.4,408.9,406.6,403.8,401.6,401.0,401.6,404.0,404.4,405.0,405.3,405.2,404.7,404.2,403.9,74.2,132.6,425.1,0.010,0.148,0.006,647.1,644.7,644.3,647.8,658.5,679.0,707.4,745.3,790.5,836.9,874.4,904.3,920.9,927.9,931.5,933.9,932.6,681.5,699.7,724.8,751.7,775.6,826.2,851.5,876.3,898.1,909.7,801.8,800.2,799.3,798.3,764.6,780.0,794.9,810.0,823.5,706.7,723.0,741.9,756.8,740.2,721.9,838.0,855.8,874.2,887.0,873.0,855.2,725.8,748.4,775.8,792.6,810.1,835.3,851.5,834.1,809.2,790.0,770.9,744.3,735.2,775.3,792.1,809.8,842.3,809.2,790.9,773.4,556.0,590.8,624.9,659.9,696.2,732.7,768.1,799.4,808.2,793.6,757.4,717.5,678.5,640.3,607.9,577.6,548.2,507.5,494.2,490.4,497.9,511.9,517.6,508.6,507.5,514.7,529.9,552.2,575.0,597.5,621.3,642.2,647.7,652.7,649.6,645.5,546.1,538.9,541.3,552.7,555.3,553.0,558.8,552.3,554.3,562.8,567.2,565.5,695.6,682.2,678.9,684.4,680.8,687.4,702.0,738.2,753.9,755.9,752.9,735.1,696.1,696.5,698.7,698.3,702.6,729.0,730.7,727.7,0.00,0.00,0.00,0.00,0.00,0.00,0.00,0.00,0.00,0.00,0.00,0.00,0.00,0.00,0.00,0.00,0.00,0.00,0.00,0.00,0.00,0.00,0.00,0.00,0.00,0.00,0.00,0.00,0.00,0.00,0.00,0.00,0.00,0.00,0.00
154,0,5.100,0.03,0,0.000000,0.000000,0.000000,0.000000,0.000000,0.000000,0.000,0.000,722.5,727.4,737.1,745.9,748.7,744.2,734.0,725.2,707.6,715.1,724.0,733.4,742.6,749.6,754.5,748.3,740.2,731.3,722.3,714.0,730.8,734.6,738.7,740.8,739.6,735.9,731.7,729.6,848.9,853.9,863.9,873.0,876.0,871.0,861.0,850.9,840.5,847.4,856.1,866.2,874.6,880.5,884.1,879.4,873.1,865.3,856.0,847.0,857.1,861.1,865.6,867.8,866.5,862.4,858.0,855.8,545.8,536.5,533.5,538.6,548.8,558.9,561.1,556.0,544.2,541.0,539.3,539.1,541.4,545.7,551.7,554.6,555.2,554.7,552.6,549.1,551.1,553.3,552.0,548.0,543.6,541.4,542.7,546.7,557.6,547.7,544.6,550.0,560.9,570.8,573.9,569.1,559.9,554.0,551.3,551.6,554.3,558.1,563.8,566.9,568.6,568.8,566.9,564.1,563.5,565.9,564.5,560.1,555.2,552.8,554.2,558.6,37.9,40.2,44.8,48.9,50.2,48.1,43.3,39.2,31.3,34.6,38.5,42.8,47.1,50.5,53.0,49.9,46.0,41.8,37.7,34.1,41.9,43.7,45.6,46.6,46.1,44.3,42.3,41.3,92.6,95.1,99.9,104.3,105.7,103.3,98.4,93.7,88.9,91.8,95.7,100.4,104.6,108.1,110.5,107.6,104.0,99.9,95.6,91.7,96.8,98.8,100.9,102.0,101.4,99.4,97.2,96.2,85.4,81.2,80.0,82.5,87.2,91.9,92.6,90.1,85.3,83.3,82.2,82.0,83.3,85.6,88.8,89.7,89.5,89.1,88.3,87.1,88.2,89.3,88.7,86.9,84.9,83.8,84.3,86.1,87.6,83.4,82.4,85.1,90.0,94.2,95.3,92.9,88.6,85.9,84.7,85.0,86.7,89.0,92.2,93.0,93.1,92.6,91.5,90.4,90.7,91.9,91.5,89.6,87.4,86.2,86.6,88.5,402.1,402.6,403.5,404.2,404.4,404.2,403.0,402.3,405.2,403.0,401.2,400.7,401.7,403.4,405.4,403.4,401.4,400.4,401.1,402.9,403.7,404.0,404.4,404.6,404.5,404.2,403.8,403.6,388.0,388.8,390.4,391.7,392.1,391.3,389.7,388.5,388.0,387.4,387.4,388.3,390.3,393.2,395.9,393.4,390.4,388.0,387.1,387.5,390.1,390.7,391.4,391.8,391.6,391.0,390.3,390.0,74.3,132.5,424.7,0.010,0.148,0.003,647.1,644.8,644.4,648.0,658.9,679.6,708.2,746.2,791.4,837.7,875.1,904.8,921.2,928.2,931.7,934.0,932.8,681.5,699.7,724.8,751.7,775.6,826.2,851.3,876.1,897.8,909.4,801.7,800.2,799.3,798.3,764.8,780.2,795.1,810.1,823.7,706.9,723.2,742.1,757.0,740.4,722.2,838.0,855.8,874.2,887.1,873.1,855.3,726.4,749.0,776.4,793.1,810.5,835.7,851.9,834.8,810.0,791.0,772.0,745.2,735.9,776.0,792.7,810.3,842.7,810.0,791.7,774.3,556.0,591.0,625.4,660.6,697.0,733.5,768.9,800.0,808.5,793.6,757.4,717.4,678.4,640.1,607.6,577.4,548.1,507.4,494.0,490.3,497.8,511.9,517.7,508.8,507.5,514.6,529.7,552.2,574.9,597.3,621.1,642.3,647.8,652.6,649.4,645.3,546.0,538.9,541.3,552.7,555.3,553.0,558.8,552.3,554.3,562.8,567.1,565.5,695.6,682.3,678.9,684.3,680.7,687.1,701.6,738.0,753.9,755.9,753.0,735.4,696.1,696.5,698.6,698.1,702.2,729.0,730.8,727.9,0.00,0.00,0.00,0.00,0.00,0.00,0.00,0.00,0.00,0.00,0.00,0.00,0.00,0.00,0.00,0.00,0.00,0.00,0.00,0.00,0.00,0.00,0.00,0.00,0.00,0.00,0.00,0.00,0.00,0.00,0.00,0.00,0.00,0.00,0.00
155,0,5.133,0.03,0,0.000000,0.000000,0.000000,0.000000,0.000000,0.000000,0.000,0.000,722.5,727.5,737.2,745.9,748.6,744.1,733.9,725.1,708.9,715.7,724.0,733.3,742.5,749.5,754.3,747.8,739.5,730.6,722.1,714.6,730.9,734.7,738.9,741.0,739.9,736.1,731.9,729.8,849.1,853.8,863.6,872.8,876.0,871.3,861.5,851.4,841.1,847.5,855.8,865.8,874.2,880.2,884.1,879.4,873.1,865.5,856.3,847.4,857.5,861.5,865.8,867.9,866.5,862.5,858.1,856.1,545.9,536.7,533.9,539.0,549.0,558.9,561.1,556.0,544.4,540.7,538.9,538.7,541.3,546.0,552.7,555.0,555.2,554.5,552.3,548.9,551.2,553.4,552.2,548.2,543.9,541.7,542.9,546.9,557.9,548.2,544.9,550.1,560.6,570.3,573.6,569.1,559.2,553.6,551.0,551.3,554.1,557.8,563.6,566.9,568.5,568.7,566.8,563.8,563.5,565.7,564.3,560.0,555.4,553.1,554.5,558.8,38.6,41.0,45.6,49.7,51.0,48.9,44.0,39.9,32.6,35.5,39.2,43.5,47.8,51.3,53.7,50.5,46.4,42.2,38.3,35.0,42.7,44.5,46.5,47.5,46.9,45.2,43.2,42.2,95.2,97.6,102.5,107.0,108.5,106.1,101.2,96.4,91.6,94.4,98.2,102.9,107.2,110.7,113.2,110.3,106.7,102.6,98.2,94.3,99.5,101.5,103.6,104.7,104.0,102.1,99.9,98.9,87.1,82.8,81.5,84.0,88.7,93.4,94.2,91.8,87.1,84.9,83.5,83.2,84.6,87.0,90.6,91.3,91.1,90.6,89.8,88.7,89.8,90.8,90.3,88.5,86.4,85.4,85.9,87.7,90.1,85.9,84.7,87.3,92.2,96.4,97.6,95.3,90.8,88.1,86.9,87.2,88.8,91.1,94.4,95.3,95.4,95.0,93.9,92.7,93.1,94.3,93.8,91.9,89.7,88.6,89.1,91.0,409.8,409.9,410.2,410.5,410.6,410.7,410.1,409.9,413.4,410.9,408.6,407.6,408.2,409.5,411.3,409.7,408.1,407.7,408.7,411.0,410.9,411.0,411.2,411.2,411.2,411.1,410.9,410.9,398.6,399.5,400.9,402.0,402.2,401.2,399.8,398.9,398.7,398.1,398.1,398.7,400.5,403.2,405.6,403.3,400.4,398.0,397.3,397.9,400.5,400.9,401.6,402.0,401.9,401.4,400.8,400.4,74.4,132.6,425.1,0.007,0.149,0.004,647.3,645.0,644.6,648.2,659.1,679.8,708.5,746.4,791.6,837.9,875.3,905.1,921.4,928.3,931.9,934.3,933.0,682.0,700.4,725.6,752.5,776.4,826.2,851.3,876.0,897.8,909.5,802.2,800.6,799.6,798.6,765.0,780.4,795.2,810.3,823.8,707.2,723.5,742.3,757.1,740.5,722.4,838.3,856.1,874.4,887.1,873.1,855.4,726.8,749.4,776.9,793.1,810.0,834.9,851.2,833.9,809.3,790.8,772.3,745.6,736.2,776.4,792.7,809.8,842.0,809.4,791.6,774.7,556.1,591.1,625.6,660.9,697.4,733.9,769.1,800.0,808.5,793.6,757.3,717.3,678.4,640.3,607.9,577.9,548.8,507.3,494.0,490.2,497.8,512.0,517.7,508.9,507.6,514.5,529.5,552.0,574.8,597.3,621.2,642.2,647.7,652.6,649.5,645.3,545.9,539.0,541.3,552.7,555.2,552.9,558.6,552.3,554.3,562.7,567.0,565.4,695.7,682.3,678.9,684.3,680.7,687.2,701.8,738.2,753.9,755.9,753.1,735.6,696.2,696.5,698.5,698.0,702.4,728.9,730.7,728.0,0.00,0.00,0.00,0.00,0.00,0.00,0.00,0.00,0.00,0.00,0.00,0.00,0.00,0.00,0.00,0.00,0.00,0.00,0.00,0.00,0.00,0.00,0.00,0.00,0.00,0.00,0.00,0.00,0.00,0.00,0.00,0.00,0.00,0.00,0.00
156,0,5.167,0.03,0,0.000000,0.000000,0.000000,0.000000,0.000000,0.000000,0.000,0.000,722.6,727.6,737.3,746.1,748.8,744.3,734.1,725.3,707.7,715.1,723.9,733.3,742.4,749.5,754.4,748.2,740.1,731.2,722.2,714.0,730.9,734.7,738.9,741.0,739.8,736.1,731.9,729.7,848.7,853.8,863.8,873.0,875.9,870.9,860.8,850.8,840.6,847.3,855.7,865.8,874.3,880.4,884.3,879.3,872.8,865.0,855.7,846.9,857.0,861.1,865.6,867.9,866.6,862.5,858.0,855.7,545.3,536.1,533.2,538.3,548.5,558.6,560.7,555.5,543.6,540.5,538.9,538.8,541.2,545.5,551.5,554.2,554.6,554.0,551.9,548.5,550.7,553.0,551.7,547.7,543.3,541.1,542.3,546.3,557.4,547.6,544.5,549.9,560.5,570.3,573.4,568.7,559.2,553.6,551.1,551.5,554.3,557.9,563.5,566.7,568.3,568.5,566.5,563.5,563.1,565.5,564.1,559.8,555.0,552.6,554.0,558.3,38.1,40.4,45.0,49.1,50.4,48.3,43.4,39.3,31.4,34.7,38.6,42.9,47.1,50.6,53.1,50.0,46.1,41.8,37.8,34.2,42.0,43.8,45.8,46.8,46.3,44.5,42.5,41.5,94.3,96.8,101.6,106.1,107.5,105.0,100.1,95.4,90.7,93.5,97.3,102.0,106.3,109.8,112.3,109.4,105.7,101.5,97.2,93.4,98.5,100.5,102.7,103.8,103.2,101.2,99.0,97.9,85.4,81.2,80.1,82.6,87.4,92.0,92.7,90.1,85.3,83.4,82.3,82.1,83.4,85.7,89.0,89.8,89.5,89.1,88.2,87.1,88.2,89.3,88.8,87.0,85.0,83.9,84.4,86.2,89.2,84.9,83.8,86.5,91.4,95.7,96.8,94.4,90.0,87.3,86.2,86.5,88.2,90.4,93.6,94.5,94.6,94.1,93.1,91.9,92.2,93.4,92.9,91.0,88.8,87.6,88.1,90.0,403.3,403.8,404.6,405.3,405.5,405.3,404.1,403.4,406.5,404.2,402.4,401.8,402.7,404.5,406.5,404.5,402.5,401.6,402.3,404.2,404.8,405.1,405.5,405.7,405.6,405.3,404.9,404.7,395.4,396.1,397.4,398.5,398.8,398.1,396.8,395.9,395.6,394.8,394.7,395.2,397.0,399.7,402.2,400.0,397.1,394.9,394.3,394.9,397.3,397.8,398.4,398.7,398.6,398.1,397.5,397.2,74.1,132.3,424.5,0.002,0.157,0.003,647.4,645.1,644.7,648.4,659.3,680.0,708.8,746.8,792.1,838.6,875.9,905.5,921.5,928.1,931.7,934.1,932.9,682.0,700.5,725.4,752.2,776.0,826.3,851.4,876.1,897.7,909.2,802.0,800.1,799.0,797.8,764.5,779.8,794.6,809.5,822.9,707.0,723.3,742.0,756.8,740.2,722.1,838.0,855.8,874.0,886.9,872.8,855.1,727.1,749.2,776.5,792.1,808.3,833.1,849.5,832.2,807.7,789.9,771.9,745.4,736.3,776.1,791.8,808.1,840.3,807.8,790.7,774.4,556.4,591.5,626.2,661.8,698.4,734.8,769.9,800.5,808.7,793.4,756.9,716.8,677.7,639.7,607.5,577.7,548.9,506.9,493.6,489.9,497.4,511.7,517.5,508.8,507.6,514.5,529.5,551.6,574.3,596.7,620.4,641.5,647.0,651.9,648.8,644.7,545.4,538.5,540.9,552.3,554.8,552.4,558.4,552.1,554.2,562.6,566.9,565.2,695.3,681.7,678.2,683.5,680.0,686.8,701.6,738.4,753.9,755.8,753.1,735.6,695.7,695.6,697.5,697.2,702.2,729.1,730.9,728.2,0.00,0.00,0.00,0.00,0.00,0.00,0.00,0.00,0.00,0.00,0.00,0.00,0.00,0.00,0.00,0.00,0.00,0.00,0.00,0.00,0.00,0.00,0.00,0.00,0.00,0.00,0.00,0.00,0.00,0.00,0.00,0.00,0.00,0.00,0.00
157,0,5.200,0.03,0,0.000000,0.000000,0.000000,0.000000,0.000000,0.000000,0.000,0.000,722.3,727.3,737.1,746.0,748.7,744.2,733.8,725.0,708.3,715.0,723.2,732.5,741.8,749.2,754.3,747.7,739.2,730.2,721.5,713.9,730.8,734.7,738.9,741.1,740.0,736.1,731.8,729.6,848.5,853.5,863.4,872.6,875.5,870.6,860.6,850.6,840.8,847.2,855.4,865.4,873.9,880.0,884.0,879.1,872.6,864.9,855.7,847.0,856.9,860.9,865.3,867.5,866.2,862.2,857.8,855.6,544.9,535.7,532.8,537.9,548.0,557.9,560.1,555.0,543.4,540.0,538.2,538.0,540.5,545.0,551.4,554.0,554.5,554.0,551.8,548.3,550.2,552.4,551.2,547.2,542.7,540.5,541.8,545.8,557.5,547.9,544.8,550.1,560.6,570.2,573.3,568.7,559.5,553.7,551.0,551.2,554.0,557.6,563.4,566.6,568.3,568.6,566.7,563.8,563.2,565.5,564.1,559.9,555.2,552.9,554.2,558.5,38.0,40.3,44.9,49.0,50.3,48.2,43.4,39.3,31.9,34.8,38.3,42.5,46.8,50.4,53.0,49.7,45.7,41.5,37.6,34.3,42.0,43.8,45.8,46.9,46.3,44.5,42.5,41.5,95.4,97.8,102.7,107.2,108.6,106.1,101.2,96.4,91.9,94.6,98.4,103.1,107.4,110.9,113.5,110.6,106.8,102.7,98.4,94.6,99.7,101.6,103.8,104.9,104.3,102.3,100.1,99.0,85.4,81.1,79.8,82.3,87.0,91.6,92.5,90.1,85.6,83.4,82.1,81.8,83.0,85.4,88.7,89.6,89.5,89.2,88.4,87.3,88.1,89.1,88.6,86.7,84.7,83.6,84.2,86.0,90.3,86.1,85.0,87.6,92.5,96.7,97.9,95.5,91.3,88.5,87.2,87.5,89.1,91.3,94.5,95.5,95.7,95.3,94.3,93.1,93.4,94.5,94.0,92.1,90.0,88.8,89.3,91.2,404.1,404.1,404.3,404.6,404.8,405.0,404.5,404.2,408.2,405.5,403.1,401.9,402.4,403.7,405.6,404.1,402.6,402.3,403.4,405.7,405.2,405.3,405.4,405.4,405.4,405.2,405.1,405.1,400.3,401.1,402.3,403.3,403.4,402.7,401.4,400.7,400.5,399.8,399.6,400.1,401.8,404.4,406.8,404.6,401.8,399.6,399.1,399.8,402.1,402.5,403.1,403.4,403.3,402.9,402.4,402.0,73.8,132.0,424.0,-0.001,0.161,0.006,647.1,644.7,644.3,648.1,659.0,679.8,708.8,746.9,792.1,838.2,875.2,904.9,921.1,927.9,931.6,934.1,933.0,681.8,700.3,725.2,751.8,775.6,826.4,851.3,876.0,897.7,909.3,801.8,799.9,798.7,797.5,764.6,779.6,794.2,808.9,822.1,706.9,723.1,742.0,756.8,740.2,721.9,837.6,855.4,873.8,886.8,872.6,854.8,727.4,749.6,776.7,791.4,806.4,830.9,847.8,829.9,805.5,788.9,772.0,745.6,736.5,776.4,791.0,806.2,838.6,805.8,789.9,774.6,555.2,590.4,625.4,661.4,698.1,734.7,769.7,800.2,808.5,793.4,757.3,717.5,678.6,640.6,608.1,577.9,548.8,506.4,493.0,489.2,496.9,511.3,517.3,508.7,507.5,514.4,529.4,551.3,573.8,596.0,619.6,641.0,646.3,651.2,648.3,644.2,545.0,538.1,540.6,552.2,554.8,552.4,558.5,552.0,554.1,562.6,567.1,565.5,694.8,681.4,678.0,683.2,679.9,686.9,701.4,738.9,754.0,755.6,752.9,735.4,695.2,695.1,696.9,696.7,702.1,729.4,730.9,728.4,0.00,0.00,0.00,0.00,0.00,0.00,0.00,0.00,0.00,0.00,0.00,0.00,0.00,0.00,0.00,0.00,0.00,0.00,0.00,0.00,0.00,0.00,0.00,0.00,0.00,0.00,0.00,0.00,0.00,0.00,0.00,0.00,0.00,0.00,0.00
158,0,5.233,0.03,0,0.000000,0.000000,0.000000,0.000000,0.000000,0.000000,0.000,0.000,721.9,727.0,736.9,745.8,748.5,744.0,733.5,724.6,708.3,714.9,723.1,732.3,741.7,749.3,754.7,748.0,739.3,730.2,721.4,713.9,730.6,734.5,738.7,740.9,739.8,735.9,731.7,729.5,848.3,853.4,863.4,872.5,875.4,870.3,860.2,850.2,840.0,846.8,855.3,865.4,874.0,880.1,884.0,879.0,872.5,864.6,855.3,846.5,856.5,860.6,865.1,867.3,866.0,862.0,857.5,855.3,544.7,535.4,532.5,537.7,547.9,558.0,560.1,554.9,543.3,539.9,538.1,538.0,540.5,545.1,551.6,554.2,554.5,554.0,551.7,548.2,550.1,552.3,551.0,547.0,542.6,540.4,541.7,545.7,557.2,547.5,544.4,549.9,560.6,570.3,573.4,568.5,559.7,553.9,551.1,551.4,554.2,557.9,563.6,566.7,568.3,568.5,566.6,563.8,563.0,565.4,564.1,559.8,555.0,552.6,553.9,558.2,37.5,39.8,44.4,48.5,49.7,47.7,42.8,38.7,31.6,34.4,37.9,42.0,46.3,49.9,52.7,49.4,45.3,41.1,37.2,33.9,41.6,43.4,45.3,46.3,45.8,44.0,42.1,41.0,93.3,95.8,100.6,105.0,106.4,103.9,99.0,94.3,89.6,92.5,96.3,101.0,105.3,108.8,111.3,108.4,104.7,100.5,96.2,92.4,97.5,99.4,101.6,102.7,102.1,100.1,98.0,96.9,84.6,80.3,79.0,81.4,86.1,90.7,91.6,89.3,84.8,82.7,81.3,81.0,82.2,84.6,87.9,88.8,88.7,88.3,87.6,86.5,87.2,88.3,87.7,85.8,83.8,82.8,83.4,85.2,88.3,84.1,83.1,85.8,90.7,94.9,95.9,93.5,89.5,86.7,85.5,85.7,87.4,89.7,92.9,93.7,93.8,93.3,92.3,91.2,91.4,92.6,92.1,90.3,88.1,86.9,87.3,89.2,400.6,400.6,400.6,400.7,400.8,401.1,400.8,400.7,404.9,402.1,399.5,398.2,398.6,399.8,401.6,400.1,398.8,398.5,399.8,402.2,401.5,401.6,401.6,401.6,401.5,401.5,401.5,401.5,392.0,392.8,394.1,395.2,395.4,394.7,393.4,392.4,392.1,391.4,391.3,391.9,393.7,396.6,399.2,396.7,393.8,391.6,390.9,391.5,393.9,394.4,395.0,395.3,395.2,394.7,394.1,393.8,73.7,131.9,423.7,0.003,0.163,0.006,646.8,644.5,644.2,648.0,659.0,679.9,709.0,747.1,792.2,838.2,875.2,904.8,920.9,927.7,931.5,934.1,933.1,681.6,700.4,725.4,752.1,775.8,826.3,851.3,876.0,897.7,909.3,801.7,799.7,798.4,797.1,764.1,779.1,793.8,808.6,821.7,706.6,722.9,741.8,756.5,739.9,721.6,837.4,855.3,873.7,886.6,872.5,854.6,727.3,749.1,776.0,790.9,806.2,830.6,847.1,829.5,805.4,788.4,771.2,745.0,736.4,775.7,790.6,806.0,837.9,805.7,789.4,773.8,552.8,588.7,624.3,660.8,698.0,734.7,769.7,799.9,807.9,792.8,757.0,717.5,678.7,640.6,608.1,577.8,548.4,506.1,492.7,489.1,496.8,511.1,517.1,508.8,507.7,514.5,529.5,551.2,573.9,596.2,620.0,640.9,646.3,651.2,648.3,644.3,544.8,537.9,540.4,552.2,554.6,552.1,558.6,552.0,554.1,562.7,567.2,565.5,694.9,681.1,677.5,682.7,679.4,686.6,701.6,738.8,753.9,755.6,752.9,735.4,695.2,694.5,696.3,696.1,702.2,729.3,730.9,728.3,0.00,0.00,0.00,0.00,0.00,0.00,0.00,0.00,0.00,0.00,0.00,0.00,0.00,0.00,0.00,0.00,0.00,0.00,0.00,0.00,0.00,0.00,0.00,0.00,0.00,0.00,0.00,0.00,0.00,0.00,0.00,0.00,0.00,0.00,0.00
159,0,5.267,0.03,0,0.000000,0.000000,0.000000,0.000000,0.000000,0.000000,0.000,0.000,721.5,726.4,736.0,744.7,747.5,743.3,733.0,724.3,709.8,715.3,722.4,731.4,740.9,748.3,753.5,746.7,737.9,728.8,720.8,714.3,730.3,734.1,738.2,740.3,739.1,735.3,731.2,729.1,848.2,853.1,863.0,872.0,874.9,869.9,860.1,850.2,840.2,846.5,854.7,864.7,873.2,879.2,883.1,878.4,872.1,864.4,855.2,846.5,856.3,860.3,864.8,867.0,865.7,861.6,857.2,855.0,544.7,535.7,532.8,537.9,547.8,557.5,559.7,554.7,543.3,539.5,537.8,537.5,539.8,544.1,550.5,553.3,554.0,553.6,551.4,548.0,549.8,552.0,550.8,546.8,542.5,540.3,541.6,545.5,556.9,547.4,544.6,550.0,560.5,570.0,572.8,568.0,559.8,553.9,551.0,551.1,553.8,557.7,563.6,566.7,568.3,568.4,566.7,564.0,562.8,565.3,564.0,559.7,555.0,552.5,553.8,558.1,38.4,40.7,45.1,49.2,50.5,48.6,43.8,39.8,33.3,35.6,38.7,42.8,47.2,50.8,53.4,50.1,45.9,41.6,38.1,35.2,42.6,44.4,46.3,47.3,46.7,44.9,43.0,42.0,94.9,97.4,102.2,106.6,107.9,105.4,100.5,95.8,91.2,94.0,97.7,102.4,106.8,110.3,112.7,109.9,106.2,102.1,97.8,93.9,99.0,100.9,103.1,104.3,103.7,101.7,99.5,98.4,87.1,82.7,81.2,83.5,88.2,93.0,94.1,91.8,87.4,84.9,83.5,83.0,84.1,86.3,89.6,90.7,90.9,90.8,90.1,89.1,89.6,90.6,90.0,88.1,86.0,85.0,85.6,87.5,89.7,85.6,84.6,87.3,92.1,96.2,97.2,94.8,91.1,88.2,86.9,87.1,88.7,91.1,94.4,95.3,95.3,94.8,93.9,92.8,92.8,94.0,93.6,91.8,89.6,88.4,88.8,90.6,412.4,411.8,411.2,410.9,411.1,412.0,412.4,412.6,417.1,414.0,411.1,409.3,409.2,410.1,411.7,410.7,409.9,410.2,411.9,414.6,413.0,412.9,412.6,412.3,412.2,412.3,412.6,412.9,398.6,399.7,401.1,402.1,402.1,401.1,399.6,398.8,398.7,398.2,398.2,398.8,400.5,403.3,405.7,403.3,400.4,398.1,397.5,398.0,400.4,400.9,401.5,402.0,402.0,401.5,400.9,400.4,73.6,131.9,424.1,0.007,0.166,0.004,646.7,644.3,643.9,647.7,658.9,680.1,709.3,747.2,792.3,838.4,875.4,904.9,921.0,927.8,931.4,933.8,932.7,681.5,700.2,725.1,751.9,775.6,825.7,850.8,875.6,897.4,908.8,801.3,799.1,797.7,796.4,763.4,778.5,793.2,808.1,821.4,706.5,722.7,741.5,756.1,739.6,721.4,837.0,854.8,873.1,886.0,871.9,854.1,726.0,748.3,775.6,790.4,805.6,830.4,847.8,829.5,804.8,788.0,770.9,744.3,735.1,775.4,790.1,805.4,838.6,805.1,789.0,773.5,552.9,588.8,624.4,661.0,698.1,734.8,769.7,800.0,808.0,792.7,756.6,717.1,678.3,640.4,608.0,577.8,548.8,505.8,492.3,488.5,496.2,510.8,516.8,508.3,507.3,514.4,529.6,551.1,573.7,596.1,619.9,640.7,646.1,651.1,648.1,644.0,544.6,537.6,540.2,551.9,554.3,551.8,558.5,552.0,554.0,562.7,567.0,565.3,693.2,680.3,677.3,682.4,679.2,685.9,700.0,738.3,753.7,755.4,752.8,734.8,693.7,694.0,695.8,695.5,700.8,729.6,731.2,728.6,0.00,0.00,0.00,0.00,0.00,0.00,0.00,0.00,0.00,0.00,0.00,0.00,0.00,0.00,0.00,0.00,0.00,0.00,0.00,0.00,0.00,0.00,0.00,0.00,0.00,0.00,0.00,0.00,0.00,0.00,0.00,0.00,0.00,0.00,0.00
160,0,5.300,0.03,0,0.000000,0.000000,0.000000,0.000000,0.000000,0.000000,0.000,0.000,720.5,725.5,735.4,744.3,747.1,742.6,732.3,723.3,705.7,713.2,722.0,731.4,740.6,747.8,752.7,746.4,738.2,729.1,720.1,712.0,728.9,732.8,737.1,739.3,738.1,734.2,729.9,727.7,845.9,851.2,861.5,870.8,873.5,868.1,857.8,847.8,838.5,844.5,852.5,862.4,871.5,878.7,883.6,877.6,869.9,861.3,852.3,844.2,854.7,858.8,863.3,865.7,864.5,860.4,855.9,853.5,544.3,534.9,531.8,537.0,547.3,557.5,559.8,554.6,542.3,539.3,537.8,537.8,540.0,544.2,550.1,552.9,553.5,552.9,550.7,547.2,549.7,551.9,550.6,546.5,542.0,539.8,541.1,545.2,556.2,546.7,543.9,549.3,559.9,569.4,572.2,567.4,559.0,553.0,550.2,550.6,553.5,557.5,563.5,566.5,567.9,567.9,566.0,563.2,562.1,564.5,563.3,559.1,554.4,552.0,553.3,557.4,36.9,39.2,43.8,48.0,49.3,47.2,42.4,38.2,30.3,33.6,37.4,41.7,46.0,49.5,52.0,48.8,44.9,40.6,36.6,33.0,40.9,42.7,44.7,45.7,45.2,43.3,41.3,40.3,94.4,97.0,101.7,106.0,107.1,104.5,99.8,95.3,91.2,93.6,97.1,101.5,105.8,109.6,112.4,109.2,105.1,100.8,96.8,93.5,98.6,100.5,102.6,103.7,103.2,101.4,99.3,98.1,84.4,80.1,78.9,81.4,86.2,90.9,91.7,89.2,84.1,82.2,81.2,81.1,82.3,84.5,87.7,88.6,88.4,88.0,87.1,85.9,87.2,88.3,87.7,85.9,83.8,82.7,83.2,85.1,90.0,85.7,84.4,86.9,91.7,95.9,97.2,95.1,91.4,88.4,86.9,86.9,88.5,90.7,93.9,94.9,95.0,94.7,93.9,93.0,92.8,93.9,93.4,91.5,89.4,88.3,88.9,90.7,400.6,400.9,401.7,402.4,402.7,402.7,401.6,400.8,403.7,401.5,399.6,399.0,399.9,401.6,403.7,401.8,399.8,399.0,399.7,401.5,402.1,402.5,402.8,402.9,402.8,402.5,402.2,402.0,401.2,401.6,401.9,401.8,401.4,401.0,400.7,401.1,401.9,400.6,399.7,399.2,399.9,401.9,403.7,402.0,399.9,398.6,399.0,400.5,402.0,401.9,402.0,402.2,402.4,402.4,402.3,402.1,72.8,131.1,422.3,0.012,0.171,-0.001,645.3,643.3,643.2,647.4,658.8,680.0,709.2,746.9,792.3,838.8,875.9,905.3,921.0,927.4,930.9,933.4,932.3,679.9,698.8,723.8,750.4,774.2,824.4,849.9,875.3,897.1,908.3,799.8,797.7,796.2,794.9,762.2,777.3,792.0,806.8,819.9,705.1,721.3,740.1,754.8,738.3,720.1,835.3,853.2,871.5,884.6,870.3,852.5,725.3,747.0,774.0,789.2,805.0,829.9,846.9,829.2,804.7,787.3,769.8,743.3,734.2,773.9,789.0,804.9,837.9,804.9,788.2,772.3,554.0,589.6,624.9,661.1,697.7,734.0,768.9,799.3,807.1,791.5,754.9,715.4,676.6,638.9,606.9,577.3,548.6,505.1,492.2,488.4,496.0,510.5,516.3,507.8,506.9,514.6,529.8,550.8,573.7,596.2,620.1,640.7,646.0,650.9,648.0,644.0,544.2,537.2,539.7,551.3,553.8,551.4,558.0,551.4,553.6,562.1,566.4,564.7,692.8,679.8,676.8,682.0,678.7,685.3,699.4,737.4,753.1,755.0,752.2,734.1,693.2,693.3,695.2,694.8,700.0,729.0,730.8,728.1,0.00,0.00,0.00,0.00,0.00,0.00,0.00,0.00,0.00,0.00,0.00,0.00,0.00,0.00,0.00,0.00,0.00,0.00,0.00,0.00,0.00,0.00,0.00,0.00,0.00,0.00,0.00,0.00,0.00,0.00,0.00,0.00,0.00,0.00,0.00
161,0,5.333,0.03,0,0.000000,0.000000,0.000000,0.000000,0.000000,0.000000,0.000,0.000,720.1,725.1,734.9,743.8,746.7,742.3,732.0,723.0,707.2,713.4,721.3,730.5,739.9,747.3,752.4,745.7,737.1,728.0,719.5,712.4,728.9,732.8,737.1,739.2,738.0,734.1,729.8,727.6,846.1,851.3,861.5,870.7,873.6,868.4,858.2,848.2,838.6,844.7,852.9,862.9,871.8,878.5,883.0,877.5,870.4,862.2,853.0,844.6,854.8,858.9,863.4,865.7,864.4,860.3,855.8,853.6,544.4,535.1,532.0,537.0,547.1,557.1,559.4,554.4,543.0,539.4,537.6,537.4,539.7,544.1,550.5,553.1,553.6,553.1,550.9,547.6,549.6,551.7,550.4,546.4,542.0,539.8,541.1,545.2,556.6,547.1,544.3,549.7,560.2,569.7,572.5,567.7,559.1,553.0,550.2,550.4,553.4,557.6,563.7,566.9,568.3,568.3,566.3,563.5,562.5,564.9,563.7,559.5,554.9,552.5,553.7,557.9,37.3,39.6,44.1,48.3,49.6,47.6,42.8,38.6,31.6,34.3,37.7,41.8,46.2,49.8,52.4,49.1,45.0,40.7,36.9,33.8,41.4,43.3,45.2,46.2,45.7,43.8,41.8,40.9,94.3,96.8,101.7,106.0,107.2,104.6,99.8,95.2,90.9,93.5,97.1,101.7,106.0,109.7,112.3,109.2,105.3,101.1,96.9,93.4,98.5,100.4,102.5,103.7,103.2,101.3,99.1,98.0,85.8,81.4,80.0,82.3,87.0,91.8,92.8,90.5,86.0,83.7,82.4,82.0,83.2,85.4,88.8,89.7,89.6,89.4,88.7,87.6,88.4,89.4,88.8,86.9,84.8,83.8,84.4,86.3,89.9,85.8,84.6,87.2,91.9,96.0,97.2,95.0,91.2,88.2,86.8,86.9,88.5,90.9,94.2,95.1,95.2,94.8,93.9,92.9,92.9,94.0,93.5,91.7,89.6,88.5,89.0,90.8,407.0,406.9,406.9,406.9,407.0,407.4,407.2,407.2,411.2,408.5,405.9,404.6,404.9,406.0,407.7,406.4,405.1,405.0,406.3,408.7,407.9,408.0,407.9,407.9,407.8,407.8,407.8,407.9,400.2,401.0,401.8,402.0,401.6,400.8,400.0,399.9,400.5,399.7,399.2,399.2,400.2,402.4,404.4,402.4,399.9,398.1,398.2,399.4,401.2,401.3,401.7,402.1,402.2,402.1,401.8,401.4,72.8,131.0,422.2,0.016,0.168,-0.001,645.1,643.0,642.8,646.9,658.5,679.9,709.4,747.2,792.3,838.3,875.2,904.5,920.6,927.3,931.0,933.5,932.5,679.5,698.4,723.3,750.0,773.8,824.2,849.6,874.7,896.5,907.9,799.6,797.4,796.0,794.7,761.8,777.1,791.9,806.8,820.2,704.7,721.0,739.8,754.6,738.0,719.7,835.4,853.3,871.7,884.9,870.6,852.7,725.1,747.1,774.3,789.6,805.5,830.5,847.8,830.0,805.4,787.9,770.3,743.6,734.1,774.3,789.4,805.5,838.7,805.6,788.7,772.7,552.0,587.9,623.6,660.2,697.1,733.6,768.3,798.5,806.3,790.8,754.8,715.7,677.3,639.7,607.5,577.4,548.4,505.1,492.1,488.4,496.0,510.5,516.3,508.0,507.1,514.5,529.6,551.0,573.9,596.4,620.2,640.7,646.1,651.0,648.0,643.8,544.3,537.3,539.9,551.6,553.9,551.5,558.2,551.5,553.6,562.1,566.5,564.9,692.4,679.8,676.8,681.9,678.5,684.8,698.5,736.6,752.7,754.7,752.1,734.1,692.8,693.0,694.9,694.4,699.3,729.0,730.9,728.3,0.00,0.00,0.00,0.00,0.00,0.00,0.00,0.00,0.00,0.00,0.00,0.00,0.00,0.00,0.00,0.00,0.00,0.00,0.00,0.00,0.00,0.00,0.00,0.00,0.00,0.00,0.00,0.00,0.00,0.00,0.00,0.00,0.00,0.00,0.00
162,0,5.367,0.03,0,0.000000,0.000000,0.000000,0.000000,0.000000,0.000000,0.000,0.000,720.1,725.1,734.8,743.6,746.3,741.8,731.6,722.8,705.8,712.8,721.4,730.7,739.9,747.0,751.9,745.6,737.4,728.4,719.5,711.6,728.5,732.3,736.4,738.6,737.4,733.7,729.5,727.4,845.8,850.9,861.1,870.4,873.4,868.3,858.1,847.9,837.9,844.3,852.7,862.8,871.5,878.0,882.3,877.0,870.1,862.0,852.8,844.2,854.4,858.5,863.0,865.3,864.0,859.8,855.3,853.0,544.2,535.0,532.2,537.3,547.4,557.4,559.5,554.4,542.8,539.5,537.8,537.7,540.3,544.8,551.2,553.5,553.7,552.9,550.8,547.4,549.6,551.8,550.6,546.7,542.3,540.2,541.4,545.3,556.1,546.5,543.6,549.1,559.9,569.5,572.4,567.5,559.2,553.2,550.4,550.6,553.5,557.5,563.3,566.4,567.8,567.9,566.1,563.3,562.2,564.7,563.4,559.1,554.3,551.9,553.2,557.4,37.1,39.5,44.1,48.2,49.5,47.4,42.5,38.4,30.8,33.9,37.7,41.9,46.2,49.7,52.2,49.0,45.0,40.8,36.8,33.3,41.2,42.9,44.9,45.9,45.4,43.6,41.6,40.6,92.7,95.2,100.1,104.5,105.8,103.2,98.3,93.6,89.1,91.9,95.6,100.2,104.5,108.1,110.7,107.6,103.8,99.6,95.4,91.7,96.9,98.8,101.0,102.1,101.6,99.6,97.5,96.3,85.4,81.2,80.0,82.5,87.2,91.8,92.6,90.1,85.5,83.5,82.3,82.1,83.4,85.8,89.2,89.8,89.5,89.0,88.2,87.1,88.2,89.2,88.7,86.9,84.9,83.9,84.4,86.2,88.3,84.2,83.1,85.8,90.6,94.7,95.7,93.4,89.7,86.9,85.5,85.7,87.3,89.7,92.9,93.7,93.7,93.3,92.4,91.4,91.4,92.6,92.1,90.3,88.1,87.0,87.4,89.3,405.7,406.1,406.7,407.2,407.1,407.0,406.1,405.6,409.2,406.9,404.9,404.1,404.8,406.3,408.1,406.3,404.5,403.8,404.7,406.8,406.9,407.1,407.4,407.6,407.6,407.4,407.1,406.9,394.0,395.0,396.2,396.8,396.5,395.6,394.4,394.0,394.1,393.4,393.2,393.5,394.9,397.4,399.6,397.3,394.6,392.6,392.3,393.2,395.5,395.7,396.3,396.7,396.8,396.5,396.0,395.6,72.8,131.3,422.7,0.018,0.169,-0.004,644.9,642.8,642.7,646.9,658.7,680.3,709.9,747.6,792.5,838.5,875.2,904.5,920.4,927.1,930.9,933.4,932.4,679.2,698.0,722.9,749.7,773.6,823.8,849.0,874.1,895.9,907.2,799.3,797.1,795.6,794.3,761.6,776.8,791.6,806.5,819.7,704.5,720.8,739.5,754.2,737.7,719.5,835.2,852.9,871.3,884.4,870.2,852.3,724.8,746.6,773.8,789.1,805.1,830.1,847.3,829.7,805.1,787.5,769.9,743.1,733.8,773.8,789.0,805.1,838.2,805.3,788.4,772.4,553.3,589.0,624.4,660.9,697.8,734.2,769.0,799.0,806.5,790.6,754.0,714.7,676.3,638.9,607.2,577.6,549.1,505.5,492.4,488.6,496.1,510.6,516.2,508.0,506.9,514.2,529.2,551.1,573.8,596.3,620.0,640.8,646.0,650.9,647.9,643.8,544.4,537.5,540.0,551.8,554.1,551.6,558.2,551.4,553.5,562.0,566.4,564.8,692.6,679.9,676.9,682.0,678.6,684.9,698.7,736.9,753.1,755.2,752.6,734.5,693.1,693.2,695.1,694.5,699.5,729.3,731.3,728.7,0.00,0.00,0.00,0.00,0.00,0.00,0.00,0.00,0.00,0.00,0.00,0.00,0.00,0.00,0.00,0.00,0.00,0.00,0.00,0.00,0.00,0.00,0.00,0.00,0.00,0.00,0.00,0.00,0.00,0.00,0.00,0.00,0.00,0.00,0.00
163,0,5.400,0.03,0,0.000000,0.000000,0.000000,0.000000,0.000000,0.000000,0.000,0.000,719.4,724.3,733.9,742.6,745.4,741.2,731.0,722.2,706.9,712.8,720.5,729.6,739.0,746.4,751.6,745.0,736.4,727.2,718.8,711.8,728.1,731.9,736.0,738.0,736.9,733.1,729.0,726.9,845.9,851.0,861.0,870.2,873.1,868.0,858.0,848.0,838.1,844.2,852.3,862.2,871.0,877.4,881.7,876.6,869.8,861.9,852.8,844.3,854.4,858.4,862.8,865.1,863.8,859.8,855.4,853.1,544.5,535.4,532.5,537.4,547.3,557.0,559.3,554.4,543.5,539.7,537.9,537.6,540.0,544.4,550.8,553.3,553.7,553.2,551.2,548.0,549.5,551.6,550.3,546.5,542.3,540.2,541.4,545.3,556.3,546.9,544.1,549.6,560.1,569.5,572.3,567.5,559.0,553.0,550.1,550.3,553.2,557.2,563.2,566.3,567.8,567.8,566.0,563.3,562.3,564.7,563.5,559.3,554.7,552.3,553.5,557.6,37.4,39.7,44.1,48.2,49.6,47.6,42.8,38.7,31.9,34.4,37.8,41.9,46.3,49.9,52.6,49.3,45.2,40.9,37.1,34.0,41.6,43.3,45.3,46.2,45.7,43.9,42.0,41.0,94.7,97.3,102.2,106.5,107.8,105.2,100.3,95.6,91.1,93.8,97.4,102.0,106.4,110.0,112.6,109.6,105.8,101.6,97.4,93.7,98.9,100.8,103.0,104.1,103.6,101.7,99.5,98.4,86.9,82.6,81.1,83.4,88.1,92.8,93.8,91.5,87.4,85.0,83.6,83.1,84.3,86.6,89.9,90.8,90.8,90.5,89.9,89.0,89.4,90.4,89.8,87.9,85.9,84.9,85.6,87.4,90.2,86.1,85.1,87.8,92.5,96.6,97.6,95.3,91.5,88.6,87.3,87.4,89.0,91.3,94.6,95.6,95.6,95.2,94.3,93.2,93.3,94.5,94.0,92.2,90.1,89.0,89.4,91.2,412.0,411.8,411.6,411.4,411.5,412.0,412.0,412.1,416.7,413.8,411.0,409.6,409.7,410.8,412.4,411.2,410.0,410.0,411.5,414.1,412.8,412.7,412.6,412.5,412.5,412.5,412.6,412.7,402.3,403.4,404.5,405.0,404.7,403.6,402.5,402.1,402.4,401.8,401.5,401.8,403.1,405.4,407.5,405.3,402.6,400.7,400.4,401.4,403.7,403.9,404.4,404.9,405.0,404.8,404.3,403.8,72.6,131.2,423.0,0.015,0.170,-0.004,644.8,642.6,642.2,646.3,657.9,679.6,709.4,747.5,792.8,839.0,875.7,904.8,920.6,927.2,930.8,933.2,932.2,679.3,697.9,722.6,749.3,773.2,823.3,848.7,873.9,895.6,906.9,798.7,796.5,795.1,793.7,761.1,776.3,791.1,806.1,819.4,704.2,720.3,739.0,753.7,737.3,719.2,834.9,852.7,870.9,884.0,869.8,852.0,724.0,746.0,773.1,788.6,804.6,829.9,847.3,829.5,804.7,787.0,769.3,742.6,733.1,773.1,788.5,804.7,838.3,804.8,787.8,771.7,553.8,588.9,623.7,659.7,696.6,733.4,768.5,798.8,806.2,790.0,753.1,713.8,675.5,638.4,607.0,577.7,549.5,505.5,492.5,488.6,496.0,510.4,515.9,507.5,506.6,514.1,529.1,551.1,573.6,595.9,619.5,640.7,645.8,650.7,647.8,643.7,544.6,537.6,540.1,551.6,554.0,551.7,557.9,551.4,553.4,561.9,566.2,564.6,692.8,680.3,677.2,682.3,678.9,685.2,698.8,736.4,752.3,754.5,751.8,734.0,693.3,693.7,695.6,695.0,699.6,728.6,730.6,728.1,0.00,0.00,0.00,0.00,0.00,0.00,0.00,0.00,0.00,0.00,0.00,0.00,0.00,0.00,0.00,0.00,0.00,0.00,0.00,0.00,0.00,0.00,0.00,0.00,0.00,0.00,0.00,0.00,0.00,0.00,0.00,0.00,0.00,0.00,0.00
164,0,5.433,0.03,0,0.000000,0.000000,0.000000,0.000000,0.000000,0.000000,0.000,0.000,719.6,724.5,734.2,743.2,746.1,741.7,731.5,722.5,704.6,711.8,720.5,729.9,739.1,746.5,751.6,745.3,737.1,728.1,719.0,710.8,728.1,732.0,736.2,738.3,737.0,733.2,728.9,726.8,845.7,851.1,861.4,870.7,873.5,868.1,857.8,847.7,837.9,844.0,852.1,862.2,871.2,878.0,882.6,876.9,869.7,861.4,852.2,844.0,854.3,858.5,863.2,865.7,864.4,860.2,855.5,853.1,545.1,535.7,532.6,537.6,547.8,557.9,560.2,555.3,543.8,540.6,538.9,538.7,540.9,545.0,550.9,553.8,554.4,554.0,552.0,548.6,550.3,552.5,551.1,547.1,542.7,540.5,541.9,545.9,556.2,546.6,543.7,549.3,560.0,569.6,572.5,567.5,558.8,552.7,550.0,550.5,553.5,557.4,563.4,566.2,567.6,567.7,565.8,562.9,562.3,564.8,563.5,559.2,554.3,551.8,553.1,557.4,36.5,38.8,43.3,47.5,48.9,46.8,42.0,37.9,29.9,33.0,36.8,41.1,45.4,48.9,51.5,48.4,44.5,40.2,36.2,32.6,40.5,42.3,44.3,45.3,44.7,42.9,40.9,39.9,93.7,96.3,101.2,105.6,106.8,104.2,99.3,94.6,90.3,92.8,96.4,100.9,105.3,109.0,111.6,108.5,104.6,100.4,96.2,92.8,97.9,99.9,102.1,103.3,102.8,100.8,98.6,97.4,84.9,80.6,79.4,81.8,86.5,91.2,92.0,89.6,85.0,83.0,81.9,81.6,82.8,85.0,88.2,89.1,89.0,88.6,87.9,86.7,87.6,88.6,88.1,86.3,84.2,83.2,83.7,85.5,89.4,85.1,84.0,86.6,91.5,95.7,96.9,94.6,90.7,87.7,86.3,86.5,88.1,90.4,93.6,94.4,94.5,94.2,93.3,92.3,92.4,93.6,93.1,91.2,89.0,87.8,88.3,90.2,401.2,401.5,402.2,402.9,403.1,403.1,402.0,401.4,404.7,402.3,400.3,399.6,400.5,402.1,404.2,402.3,400.4,399.7,400.4,402.4,402.7,402.9,403.3,403.4,403.3,403.0,402.7,402.6,398.7,399.3,400.0,400.3,400.1,399.5,398.9,398.7,399.1,398.0,397.4,397.3,398.3,400.5,402.5,400.7,398.3,396.7,396.7,397.9,399.9,400.0,400.3,400.6,400.7,400.5,400.2,400.0,72.6,131.3,422.4,0.017,0.166,-0.005,644.4,642.4,642.3,646.6,658.2,679.8,709.4,747.2,792.5,838.6,875.5,904.7,920.6,927.2,930.9,933.3,932.1,678.7,697.4,722.1,748.8,772.9,823.2,848.7,873.7,895.5,906.9,798.9,796.8,795.5,794.3,761.5,776.8,791.6,806.5,819.9,703.8,720.1,738.8,753.7,737.2,719.0,834.9,852.7,871.1,884.3,869.9,852.1,724.0,746.0,773.6,789.1,805.2,830.8,848.2,830.4,805.4,787.7,769.8,742.7,733.2,773.7,789.1,805.3,839.1,805.4,788.4,772.2,554.2,589.3,624.2,660.2,697.0,733.5,768.5,798.7,806.3,790.3,753.3,713.7,675.5,638.6,607.4,578.2,550.2,506.1,493.3,489.2,496.3,510.4,515.8,507.4,506.5,514.1,529.0,551.3,573.7,595.9,619.4,641.2,646.2,650.9,648.0,644.0,545.3,538.3,540.6,552.2,554.6,552.3,558.1,551.4,553.5,562.0,566.3,564.7,693.8,680.8,677.4,682.6,679.1,685.6,699.5,738.0,754.5,756.7,754.1,735.8,694.2,694.6,696.3,695.8,700.3,729.7,731.7,729.2,0.00,0.00,0.00,0.00,0.00,0.00,0.00,0.00,0.00,0.00,0.00,0.00,0.00,0.00,0.00,0.00,0.00,0.00,0.00,0.00,0.00,0.00,0.00,0.00,0.00,0.00,0.00,0.00,0.00,0.00,0.00,0.00,0.00,0.00,0.00
165,0,5.467,0.03,0,0.000000,0.000000,0.000000,0.000000,0.000000,0.000000,0.000,0.000,719.5,724.1,733.7,742.6,745.6,741.5,731.4,722.5,706.5,712.4,720.2,729.3,738.8,746.3,751.7,745.1,736.5,727.3,718.8,711.6,728.2,732.0,736.2,738.2,736.9,733.1,728.9,726.9,845.7,850.8,861.0,870.3,873.3,868.2,858.0,848.0,838.8,844.2,851.7,861.7,870.9,878.1,883.1,877.3,869.8,861.5,852.5,844.6,854.7,858.9,863.4,865.7,864.3,860.2,855.6,853.4,545.5,536.4,533.2,537.9,547.8,557.6,560.1,555.3,544.8,541.0,539.1,538.6,540.8,545.0,550.9,553.7,554.3,554.0,552.2,549.2,550.4,552.5,551.1,547.2,542.9,540.9,542.2,546.2,557.2,547.6,544.5,549.6,560.0,569.5,572.6,568.2,560.1,553.6,550.5,550.6,553.5,557.4,563.6,566.6,568.1,568.4,566.7,564.0,562.8,565.1,563.7,559.5,554.8,552.5,553.9,558.2,37.3,39.4,43.9,48.1,49.5,47.6,42.9,38.7,31.5,34.1,37.5,41.7,46.1,49.8,52.5,49.2,45.1,40.8,36.9,33.7,41.5,43.3,45.2,46.2,45.5,43.7,41.8,40.8,95.5,98.0,102.7,106.9,108.2,105.7,101.0,96.5,92.4,94.6,97.9,102.3,106.7,110.5,113.3,110.2,106.2,102.0,98.0,94.8,99.8,101.7,103.8,104.9,104.4,102.5,100.3,99.2,87.0,82.7,81.2,83.4,88.0,92.8,93.8,91.6,87.7,85.3,83.8,83.3,84.4,86.6,89.7,90.7,90.8,90.6,90.1,89.2,89.5,90.5,89.8,87.9,85.9,85.0,85.6,87.5,91.5,87.2,85.8,88.1,92.8,97.1,98.5,96.6,93.0,89.7,88.1,88.0,89.4,91.6,94.9,95.9,96.2,96.0,95.4,94.5,94.3,95.3,94.7,92.7,90.6,89.6,90.2,92.2,410.4,410.3,410.3,410.2,410.3,410.7,410.5,410.5,415.1,412.3,409.6,408.3,408.5,409.6,411.2,409.9,408.7,408.6,410.0,412.5,411.3,411.3,411.2,411.2,411.2,411.2,411.2,411.2,406.2,406.6,406.7,406.4,405.9,405.4,405.3,405.9,406.8,405.6,404.6,403.9,404.4,406.1,407.8,406.3,404.4,403.2,403.7,405.4,406.7,406.6,406.6,406.8,407.1,407.2,407.2,407.0,72.8,131.6,423.3,0.012,0.163,-0.002,644.3,642.4,642.4,646.5,657.8,679.0,708.2,746.0,791.5,838.0,875.3,904.7,920.6,927.1,930.7,933.2,932.1,678.9,697.4,722.0,748.7,772.7,823.6,848.9,873.7,895.3,906.9,799.0,797.1,795.9,794.7,761.9,777.2,791.9,806.8,820.1,703.9,720.2,738.9,753.8,737.3,719.2,835.2,852.9,871.3,884.5,870.1,852.3,724.3,746.0,773.2,789.2,805.9,831.1,847.8,830.5,805.7,787.4,769.0,742.5,733.6,773.0,789.1,805.9,838.6,805.8,788.2,771.5,554.9,589.8,624.1,659.7,696.2,732.8,768.0,798.4,806.2,790.6,753.8,714.1,675.8,638.6,607.3,578.2,550.0,506.4,493.6,489.6,496.8,510.7,516.1,507.7,506.7,514.0,528.7,551.5,574.1,596.4,620.0,641.5,646.6,651.4,648.6,644.7,545.7,538.7,541.0,552.4,554.9,552.6,558.2,551.9,554.0,562.3,566.7,565.0,695.1,681.5,677.7,683.1,679.6,686.5,701.3,737.9,753.7,755.8,753.0,735.3,695.5,695.4,697.3,696.9,701.8,728.6,730.5,727.8,0.00,0.00,0.00,0.00,0.00,0.00,0.00,0.00,0.00,0.00,0.00,0.00,0.00,0.00,0.00,0.00,0.00,0.00,0.00,0.00,0.00,0.00,0.00,0.00,0.00,0.00,0.00,0.00,0.00,0.00,0.00,0.00,0.00,0.00,0.00
166,0,5.500,0.03,0,0.000000,0.000000,0.000000,0.000000,0.000000,0.000000,0.000,0.000,720.0,724.8,734.5,743.5,746.4,742.2,731.9,723.0,706.0,712.5,720.8,730.3,739.7,747.0,752.1,745.7,737.4,728.2,719.4,711.7,728.5,732.5,736.8,739.0,737.6,733.7,729.3,727.2,846.1,851.4,861.6,870.8,873.5,868.3,858.0,848.0,838.3,844.4,852.6,862.7,871.5,878.1,882.4,876.9,870.0,862.0,852.9,844.5,854.4,858.7,863.4,865.8,864.5,860.3,855.6,853.2,545.5,536.3,533.1,538.0,547.9,557.9,560.3,555.5,544.6,541.2,539.4,539.1,541.3,545.4,551.3,553.9,554.5,554.1,552.2,549.1,550.6,552.8,551.4,547.3,542.8,540.7,542.1,546.2,556.2,546.7,543.9,549.5,560.2,569.7,572.5,567.5,559.3,553.3,550.6,551.0,554.0,557.9,563.7,566.7,568.1,568.2,566.3,563.4,562.4,565.0,563.7,559.3,554.4,551.8,553.1,557.5,37.1,39.3,43.8,48.0,49.4,47.5,42.7,38.5,30.9,33.7,37.4,41.6,46.1,49.6,52.2,49.1,45.0,40.7,36.7,33.4,41.2,43.0,45.1,46.0,45.4,43.5,41.5,40.5,93.9,96.5,101.4,105.7,106.9,104.3,99.4,94.7,90.3,92.9,96.5,101.1,105.5,109.1,111.7,108.6,104.8,100.7,96.5,92.9,98.0,100.0,102.2,103.4,102.9,100.9,98.6,97.4,86.0,81.7,80.3,82.6,87.3,92.0,93.0,90.7,86.4,84.3,83.0,82.6,83.8,86.0,89.1,90.0,89.9,89.6,89.0,88.0,88.6,89.7,89.1,87.1,85.1,84.0,84.6,86.6,89.3,85.2,84.1,86.8,91.6,95.8,96.9,94.5,90.8,87.9,86.6,86.8,88.4,90.7,93.9,94.8,94.8,94.4,93.5,92.5,92.5,93.7,93.2,91.3,89.1,87.9,88.3,90.3,405.6,405.6,405.9,406.3,406.6,406.9,406.3,405.9,409.6,407.1,404.7,403.7,404.3,405.8,407.7,406.1,404.5,404.1,405.1,407.3,406.8,407.0,407.1,407.2,407.0,406.9,406.7,406.7,398.5,399.3,400.2,400.8,400.6,399.8,398.9,398.5,398.6,397.8,397.4,397.5,398.8,401.1,403.3,401.2,398.7,396.9,396.7,397.7,399.8,400.1,400.5,400.9,401.0,400.7,400.3,399.9,73.0,131.9,423.8,0.014,0.158,-0.004,644.4,642.5,642.5,646.5,657.7,678.9,708.1,746.3,791.9,838.5,875.8,905.0,920.8,927.1,930.6,932.9,931.7,678.9,697.1,721.7,748.4,772.6,823.6,848.8,873.5,895.1,906.6,799.1,797.3,796.3,795.2,762.3,777.7,792.5,807.4,820.8,704.3,720.6,739.3,754.2,737.7,719.7,835.3,853.0,871.4,884.4,870.2,852.4,724.1,745.9,773.2,789.9,807.4,832.8,849.3,832.3,807.4,788.3,769.2,742.5,733.5,773.1,789.8,807.5,840.1,807.4,789.0,771.5,555.0,589.9,624.1,659.5,696.1,732.8,768.2,798.8,806.6,791.0,754.1,714.3,675.8,638.4,607.0,577.7,549.3,507.0,494.0,489.9,497.0,510.9,516.4,507.9,506.8,514.0,528.7,551.6,574.2,596.5,620.1,641.8,646.9,651.7,648.8,644.8,545.9,538.9,541.1,552.4,554.9,552.7,558.3,552.0,554.0,562.4,566.7,565.0,695.5,681.9,678.2,683.7,680.1,686.9,701.7,738.1,754.1,756.4,753.4,735.7,695.9,696.1,698.1,697.6,702.2,728.8,730.7,727.9,0.00,0.00,0.00,0.00,0.00,0.00,0.00,0.00,0.00,0.00,0.00,0.00,0.00,0.00,0.00,0.00,0.00,0.00,0.00,0.00,0.00,0.00,0.00,0.00,0.00,0.00,0.00,0.00,0.00,0.00,0.00,0.00,0.00,0.00,0.00
167,0,5.533,0.03,0,0.000000,0.000000,0.000000,0.000000,0.000000,0.000000,0.000,0.000,720.3,725.2,734.9,743.9,746.7,742.4,732.0,723.1,707.9,713.8,721.4,730.5,739.9,747.4,752.8,746.1,737.4,728.2,719.8,712.8,728.8,732.9,737.3,739.6,738.3,734.2,729.8,727.5,846.8,851.8,861.7,870.7,873.5,868.5,858.5,848.8,839.3,844.7,852.2,862.1,871.5,878.7,883.7,877.9,870.3,862.0,852.9,844.9,855.5,859.4,863.8,866.0,864.8,860.8,856.5,854.2,545.5,536.4,533.5,538.5,548.4,558.3,560.5,555.5,544.6,541.0,539.3,539.0,541.2,545.5,551.5,554.2,554.7,554.3,552.3,549.1,550.9,553.2,551.8,547.7,543.1,540.8,542.2,546.3,557.3,548.1,545.2,550.3,560.4,569.7,572.6,568.1,559.7,553.8,551.0,551.0,554.0,557.9,564.1,567.1,568.5,568.6,566.8,564.0,562.9,565.2,563.9,559.8,555.4,553.1,554.4,558.4,37.5,39.7,44.3,48.4,49.7,47.8,42.9,38.8,32.1,34.6,37.9,42.0,46.4,50.0,52.7,49.4,45.3,41.0,37.2,34.2,41.5,43.4,45.5,46.6,45.9,44.1,42.0,40.9,96.8,99.2,103.9,108.0,109.2,106.8,102.1,97.7,93.5,95.7,99.0,103.4,107.9,111.8,114.7,111.5,107.4,103.2,99.1,95.8,101.0,102.8,104.9,106.0,105.4,103.6,101.5,100.5,86.6,82.3,80.9,83.2,87.9,92.6,93.6,91.3,87.2,84.9,83.5,83.1,84.2,86.4,89.5,90.5,90.5,90.3,89.7,88.7,89.3,90.4,89.7,87.7,85.6,84.5,85.2,87.2,92.4,88.1,86.8,89.1,93.8,98.0,99.3,97.4,93.7,90.6,89.1,88.9,90.4,92.7,96.0,97.0,97.2,97.0,96.2,95.4,95.1,96.1,95.5,93.7,91.6,90.6,91.2,93.1,408.6,408.3,408.1,408.0,408.0,408.5,408.5,408.6,413.2,410.4,407.7,406.3,406.4,407.4,409.0,407.7,406.6,406.6,408.2,410.6,409.3,409.2,409.1,409.0,409.0,409.1,409.2,409.3,409.5,409.9,410.0,409.8,409.3,408.9,408.8,409.3,410.5,409.2,408.0,407.3,408.0,409.8,411.7,409.9,408.0,406.7,407.2,408.9,410.1,410.0,410.0,410.2,410.4,410.5,410.5,410.3,73.2,131.8,423.4,0.011,0.154,-0.003,644.7,642.8,642.7,646.6,657.8,678.9,708.2,746.3,792.0,838.4,875.8,905.0,920.8,927.2,930.6,932.9,931.6,678.9,696.8,721.4,748.2,772.5,824.0,849.1,873.8,895.4,907.0,799.6,798.0,797.0,796.1,762.7,778.3,793.3,808.3,821.9,704.9,721.1,739.9,755.0,738.4,720.2,835.6,853.5,871.9,885.0,870.7,852.9,723.7,746.1,773.7,790.9,808.9,834.6,851.3,834.0,808.8,789.2,769.7,742.7,733.1,773.5,790.8,809.0,842.0,808.8,789.9,772.0,555.5,590.2,624.1,659.3,695.7,732.4,768.0,798.8,806.7,791.2,754.2,714.3,675.8,638.4,606.9,577.7,549.2,507.2,494.2,490.0,497.2,511.1,516.8,508.1,507.0,514.3,529.1,552.0,574.6,597.0,620.7,642.4,647.6,652.4,649.4,645.4,546.1,539.1,541.3,552.7,555.2,553.1,558.6,552.2,554.3,562.7,567.0,565.3,695.6,682.7,679.2,684.7,681.0,687.4,701.5,737.5,753.6,755.9,752.9,735.2,696.1,697.1,699.2,698.6,702.2,728.3,730.3,727.4,0.00,0.00,0.00,0.00,0.00,0.00,0.00,0.00,0.00,0.00,0.00,0.00,0.00,0.00,0.00,0.00,0.00,0.00,0.00,0.00,0.00,0.00,0.00,0.00,0.00,0.00,0.00,0.00,0.00,0.00,0.00,0.00,0.00,0.00,0.00
168,0,5.567,0.03,0,0.000000,0.000000,0.000000,0.000000,0.000000,0.000000,0.000,0.000,720.5,725.4,735.2,744.3,747.3,742.9,732.6,723.5,706.3,713.1,721.4,730.8,740.1,747.6,753.0,746.6,738.2,729.0,720.0,712.2,729.0,733.1,737.6,739.8,738.4,734.3,729.8,727.6,846.6,851.9,862.1,871.4,874.2,869.0,858.7,848.7,839.3,844.8,852.6,862.6,872.1,879.6,884.9,878.7,870.8,862.0,852.9,845.0,855.6,859.7,864.3,866.7,865.4,861.3,856.7,854.3,545.5,536.1,533.0,537.9,548.0,558.1,560.5,555.6,544.4,541.3,539.7,539.4,541.3,545.1,550.6,553.7,554.6,554.4,552.5,549.2,550.8,553.1,551.6,547.3,542.7,540.5,541.9,546.2,556.8,547.2,544.2,549.6,560.1,569.7,572.7,568.0,559.5,553.8,551.1,551.4,554.4,558.2,564.0,567.0,568.4,568.5,566.6,563.8,562.6,565.0,563.6,559.4,554.7,552.3,553.6,557.9,37.0,39.2,43.8,48.0,49.4,47.4,42.6,38.4,30.7,33.7,37.3,41.5,45.9,49.5,52.2,49.1,45.0,40.7,36.7,33.3,41.0,42.9,45.0,46.0,45.4,43.5,41.4,40.4,94.2,96.6,101.3,105.4,106.6,104.2,99.5,95.1,91.1,93.2,96.5,100.8,105.2,109.1,112.1,108.8,104.7,100.5,96.5,93.3,98.4,100.3,102.3,103.4,102.9,101.0,99.0,97.9,85.2,80.9,79.5,81.9,86.6,91.3,92.3,89.9,85.5,83.5,82.4,82.0,83.1,85.1,88.1,89.1,89.2,88.9,88.3,87.2,87.9,89.0,88.4,86.4,84.3,83.2,83.8,85.8,89.7,85.4,84.0,86.4,91.1,95.4,96.8,94.8,91.2,88.2,86.7,86.7,88.1,90.3,93.4,94.4,94.6,94.4,93.6,92.8,92.5,93.5,92.9,91.0,88.9,87.8,88.4,90.4,401.9,402.0,402.4,402.9,403.1,403.3,402.6,402.1,405.7,403.2,401.1,400.2,400.8,402.3,404.2,402.6,400.9,400.3,401.3,403.4,403.2,403.4,403.6,403.6,403.5,403.3,403.1,403.1,398.9,399.1,399.0,398.6,398.3,398.1,398.2,398.8,399.8,398.3,397.0,396.2,396.7,398.5,400.4,398.8,397.0,395.9,396.5,398.3,399.4,399.3,399.2,399.3,399.5,399.6,399.7,399.6,73.4,131.8,423.4,0.015,0.151,-0.004,645.4,643.2,642.8,646.6,657.8,679.0,708.3,746.6,792.2,838.4,875.5,904.7,920.7,927.2,930.6,932.7,931.4,679.3,697.4,722.1,748.8,772.8,824.4,849.6,874.5,896.0,907.5,799.6,798.0,797.1,796.2,762.8,778.4,793.5,808.6,822.2,704.8,721.1,739.9,755.1,738.4,720.2,835.9,853.8,872.2,885.4,871.1,853.3,723.8,747.0,775.0,791.9,809.5,835.4,852.6,835.0,809.7,790.5,771.3,743.8,733.2,774.9,791.7,809.6,843.4,809.5,791.0,773.4,556.5,590.8,624.6,659.6,695.7,732.4,768.0,799.1,807.0,791.1,754.0,714.1,675.7,638.5,607.1,578.1,550.1,506.9,494.1,490.1,497.3,511.3,517.1,508.3,507.3,514.9,529.8,552.2,574.8,597.2,620.9,642.4,647.6,652.3,649.0,644.9,546.1,539.0,541.3,552.5,555.0,552.9,558.6,552.2,554.3,562.6,566.8,565.2,694.0,681.9,678.7,683.9,680.1,685.8,699.0,736.3,753.1,755.6,752.9,735.0,694.7,696.2,698.1,697.3,700.0,728.1,730.3,727.5,0.00,0.00,0.00,0.00,0.00,0.00,0.00,0.00,0.00,0.00,0.00,0.00,0.00,0.00,0.00,0.00,0.00,0.00,0.00,0.00,0.00,0.00,0.00,0.00,0.00,0.00,0.00,0.00,0.00,0.00,0.00,0.00,0.00,0.00,0.00
169,0,5.600,0.03,0,0.000000,0.000000,0.000000,0.000000,0.000000,0.000000,0.000,0.000,720.8,725.5,735.3,744.4,747.5,743.3,733.0,723.9,706.9,713.6,721.9,731.2,740.6,748.0,753.2,746.8,738.5,729.4,720.5,712.7,729.3,733.5,737.9,740.1,738.7,734.5,730.1,727.9,846.9,852.2,862.4,871.5,874.2,868.9,858.7,848.9,839.8,845.3,852.9,862.9,872.2,879.7,884.9,878.8,871.0,862.3,853.2,845.3,855.7,859.8,864.4,866.8,865.6,861.5,856.9,854.5,545.6,536.2,532.9,537.7,547.8,557.9,560.5,555.7,544.6,541.1,539.4,539.0,541.0,545.1,551.1,553.8,554.5,554.2,552.3,549.1,550.8,553.0,551.5,547.2,542.6,540.4,541.9,546.2,557.1,547.7,544.9,550.2,560.6,570.0,572.9,568.2,559.3,553.6,551.0,551.3,554.3,558.2,564.2,567.2,568.6,568.6,566.6,563.7,563.0,565.3,564.1,559.8,555.2,552.8,554.1,558.3,37.3,39.5,44.0,48.3,49.8,47.8,43.0,38.7,31.2,34.1,37.7,41.9,46.3,49.9,52.5,49.4,45.3,41.1,37.1,33.7,41.4,43.3,45.4,46.4,45.7,43.8,41.7,40.7,95.4,97.9,102.5,106.6,107.8,105.3,100.6,96.3,92.4,94.6,97.8,102.1,106.5,110.4,113.3,110.1,106.0,101.7,97.7,94.5,99.6,101.4,103.5,104.6,104.1,102.3,100.2,99.1,85.7,81.3,79.9,82.2,86.9,91.6,92.7,90.4,86.0,83.9,82.6,82.2,83.3,85.5,88.7,89.5,89.5,89.3,88.6,87.6,88.3,89.4,88.7,86.7,84.6,83.6,84.2,86.2,90.9,86.6,85.2,87.6,92.3,96.6,97.9,96.0,92.2,89.2,87.7,87.6,89.1,91.3,94.5,95.5,95.7,95.5,94.7,93.8,93.7,94.7,94.1,92.2,90.1,89.0,89.6,91.6,403.8,403.9,404.2,404.6,404.9,405.1,404.4,404.1,407.6,405.2,402.9,402.0,402.7,404.0,405.9,404.3,402.7,402.2,403.2,405.3,405.1,405.2,405.4,405.4,405.3,405.2,405.0,405.0,403.4,403.5,403.4,402.9,402.5,402.4,402.6,403.3,404.5,403.0,401.8,400.9,401.3,403.0,404.8,403.3,401.5,400.4,401.1,402.9,403.8,403.7,403.6,403.6,403.8,404.0,404.1,404.0,73.5,132.0,423.8,0.008,0.150,-0.001,645.9,643.6,643.1,646.7,657.6,678.3,707.5,746.0,791.9,838.5,875.7,904.8,920.7,927.0,930.4,932.7,931.3,679.9,698.3,722.9,749.6,773.6,824.6,850.0,874.9,896.4,907.9,800.1,798.5,797.6,796.8,763.0,778.6,793.7,808.8,822.4,704.9,721.2,740.0,755.2,738.5,720.3,836.3,854.2,872.6,885.7,871.4,853.6,724.1,746.9,774.8,791.7,809.2,834.9,851.6,834.3,809.2,790.0,770.8,743.5,733.6,774.6,791.5,809.2,842.3,809.0,790.6,773.0,557.5,591.5,624.9,659.6,695.5,732.2,767.9,799.1,807.1,791.2,754.0,713.8,675.4,638.2,607.1,578.4,550.8,506.7,494.2,490.3,497.5,511.4,517.2,508.6,507.7,515.2,530.0,552.2,574.8,597.1,620.8,642.3,647.5,652.2,649.1,645.1,545.9,538.9,541.2,552.4,554.9,552.8,558.5,552.2,554.3,562.6,566.8,565.1,695.4,682.2,678.5,683.9,680.2,686.5,700.8,737.4,753.8,756.2,753.4,735.7,695.9,696.6,698.5,697.9,701.5,728.1,730.2,727.4,0.00,0.00,0.00,0.00,0.00,0.00,0.00,0.00,0.00,0.00,0.00,0.00,0.00,0.00,0.00,0.00,0.00,0.00,0.00,0.00,0.00,0.00,0.00,0.00,0.00,0.00,0.00,0.00,0.00,0.00,0.00,0.00,0.00,0.00,0.00
170,0,5.633,0.03,0,0.000000,0.000000,0.000000,0.000000,0.000000,0.000000,0.000,0.000,721.0,725.8,735.6,744.6,747.6,743.3,733.0,724.0,705.3,712.8,721.8,731.4,740.7,747.9,752.9,746.9,738.8,729.8,720.4,712.0,729.2,733.3,737.8,740.0,738.6,734.5,730.0,727.8,847.4,852.6,862.8,872.0,874.7,869.5,859.3,849.4,839.7,845.4,853.3,863.3,872.6,879.8,884.7,878.7,871.0,862.5,853.4,845.4,856.1,860.2,864.8,867.2,866.0,861.8,857.2,854.8,545.4,535.8,532.6,537.5,547.8,558.1,560.6,555.6,544.2,541.1,539.4,539.1,541.2,545.2,550.9,553.8,554.5,554.2,552.3,549.0,550.7,553.0,551.5,547.2,542.5,540.2,541.7,546.1,556.7,547.2,544.4,549.7,560.2,569.6,572.5,567.7,559.1,553.4,550.9,551.3,554.3,558.1,564.0,567.0,568.5,568.5,566.5,563.5,562.5,564.9,563.6,559.4,554.6,552.2,553.5,557.8,36.6,38.8,43.3,47.5,48.9,46.9,42.1,37.9,29.7,33.0,36.9,41.1,45.5,48.9,51.5,48.5,44.6,40.4,36.3,32.6,40.4,42.4,44.4,45.5,44.8,42.9,40.8,39.8,95.3,97.8,102.5,106.7,107.9,105.4,100.7,96.2,92.0,94.3,97.7,102.1,106.5,110.4,113.2,109.9,105.9,101.6,97.6,94.3,99.5,101.4,103.5,104.7,104.1,102.2,100.1,99.0,83.7,79.5,78.2,80.6,85.3,90.0,90.9,88.4,83.8,82.0,80.9,80.6,81.8,84.0,87.0,87.9,87.8,87.5,86.7,85.6,86.5,87.6,87.0,85.1,82.9,81.8,82.4,84.3,90.4,86.1,84.8,87.3,92.0,96.3,97.6,95.5,91.7,88.8,87.4,87.4,89.0,91.2,94.3,95.3,95.5,95.3,94.4,93.4,93.3,94.4,93.8,91.9,89.7,88.6,89.2,91.1,395.1,395.5,396.4,397.3,397.7,397.7,396.4,395.5,398.3,396.1,394.3,393.9,394.9,396.8,399.0,397.0,394.9,394.0,394.5,396.2,396.8,397.2,397.7,397.8,397.7,397.3,396.8,396.7,402.2,402.4,402.6,402.5,402.3,402.1,401.9,402.2,403.1,401.7,400.6,400.0,400.8,402.7,404.7,403.0,401.0,399.7,400.1,401.7,403.0,403.0,403.0,403.1,403.2,403.3,403.2,403.1,73.6,132.0,424.1,0.006,0.150,0.000,645.7,643.5,643.1,646.8,657.6,678.3,707.4,745.8,791.7,838.2,875.5,904.7,920.6,927.0,930.5,932.8,931.4,679.9,698.3,723.1,749.7,773.8,824.6,849.9,874.7,896.3,907.9,800.2,798.6,797.8,796.9,763.2,778.8,793.8,808.8,822.4,705.0,721.3,740.1,755.3,738.6,720.4,836.3,854.3,872.7,885.7,871.4,853.6,724.4,747.1,774.8,791.7,809.2,834.8,851.3,834.1,809.1,789.9,770.7,743.6,733.9,774.5,791.4,809.2,842.0,809.0,790.5,772.9,557.4,591.4,624.8,659.4,695.4,731.9,767.6,798.8,806.9,791.3,754.1,714.1,675.6,638.3,607.2,578.4,550.6,506.7,494.2,490.3,497.5,511.5,517.3,508.6,507.6,515.0,529.7,552.1,574.6,596.9,620.5,642.2,647.4,652.1,649.1,645.0,545.8,538.8,541.0,552.3,554.9,552.7,558.4,552.1,554.2,562.6,566.8,565.1,695.5,682.2,678.4,683.9,680.2,686.7,701.2,737.3,753.4,755.7,752.8,735.3,696.0,696.6,698.6,698.1,701.8,727.7,729.6,726.8,0.00,0.00,0.00,0.00,0.00,0.00,0.00,0.00,0.00,0.00,0.00,0.00,0.00,0.00,0.00,0.00,0.00,0.00,0.00,0.00,0.00,0.00,0.00,0.00,0.00,0.00,0.00,0.00,0.00,0.00,0.00,0.00,0.00,0.00,0.00
171,0,5.667,0.03,0,0.000000,0.000000,0.000000,0.000000,0.000000,0.000000,0.000,0.000,720.9,725.8,735.6,744.6,747.6,743.2,732.9,723.9,706.0,713.2,722.0,731.6,740.9,748.1,753.0,746.8,738.6,729.5,720.4,712.3,729.1,733.3,737.8,740.1,738.7,734.6,730.0,727.8,847.5,852.5,862.5,871.7,874.8,869.8,859.7,849.7,839.9,845.4,853.0,862.9,872.2,879.4,884.3,878.5,870.9,862.5,853.4,845.5,856.4,860.5,864.9,867.0,865.7,861.7,857.3,855.1,545.3,535.8,532.7,537.7,547.9,558.1,560.5,555.5,544.2,540.7,538.9,538.5,540.7,545.0,551.1,553.9,554.6,554.2,552.2,548.9,550.7,553.0,551.6,547.2,542.5,540.2,541.7,546.0,557.7,548.2,545.1,550.2,560.5,570.0,573.1,568.7,559.8,553.7,550.8,551.0,554.0,557.9,564.1,567.1,568.6,568.8,566.9,564.1,563.2,565.4,564.1,559.9,555.4,553.2,554.6,558.7,36.8,39.0,43.6,47.7,49.1,47.1,42.3,38.1,30.2,33.4,37.2,41.5,45.8,49.3,51.8,48.7,44.7,40.5,36.5,33.0,40.7,42.6,44.7,45.7,45.1,43.2,41.1,40.0,96.7,99.1,103.8,108.1,109.4,107.0,102.3,97.7,93.4,95.6,98.9,103.4,107.8,111.6,114.4,111.3,107.2,103.0,98.9,95.6,101.0,102.9,105.0,106.0,105.5,103.6,101.5,100.5,84.2,80.0,78.7,81.1,85.8,90.5,91.3,88.9,84.4,82.4,81.1,80.8,82.0,84.3,87.5,88.4,88.3,87.9,87.2,86.1,87.0,88.1,87.5,85.6,83.4,82.3,82.9,84.8,92.1,87.8,86.4,88.7,93.4,97.8,99.2,97.2,93.3,90.2,88.6,88.6,90.1,92.3,95.6,96.6,96.9,96.6,95.9,95.0,94.9,95.9,95.3,93.4,91.3,90.3,90.9,92.8,397.6,398.0,398.7,399.4,399.6,399.6,398.6,397.9,401.1,398.8,396.8,396.2,397.1,398.7,400.7,398.9,397.0,396.2,396.9,398.8,399.1,399.4,399.8,399.9,399.8,399.5,399.2,399.0,407.7,408.1,408.3,408.2,407.8,407.4,407.2,407.6,408.7,407.4,406.4,405.7,406.3,408.1,409.9,408.3,406.3,405.0,405.5,407.2,408.5,408.4,408.5,408.6,408.8,408.9,408.8,408.6,73.5,132.0,423.9,0.004,0.153,0.001,645.9,643.7,643.3,647.0,657.8,678.4,707.5,745.9,791.7,838.2,875.4,904.7,920.7,927.1,930.6,933.0,931.8,680.2,698.6,723.3,750.0,774.0,824.6,849.8,874.7,896.3,907.9,800.2,798.6,797.7,796.8,763.4,778.8,793.7,808.6,822.0,705.1,721.4,740.3,755.4,738.7,720.5,836.3,854.3,872.7,885.7,871.5,853.6,725.3,747.8,775.3,791.5,808.2,833.6,850.2,832.9,808.1,789.7,771.2,744.3,734.7,775.1,791.3,808.2,841.0,808.0,790.4,773.6,557.5,591.6,625.2,659.9,695.8,732.3,767.8,799.0,807.2,791.7,754.8,714.8,676.3,638.9,607.6,578.7,550.9,506.6,493.8,489.9,497.2,511.3,517.2,508.5,507.5,514.9,529.7,552.0,574.6,596.9,620.6,642.1,647.3,652.1,649.0,645.0,545.7,538.6,540.9,552.4,554.9,552.7,558.6,552.1,554.3,562.7,567.0,565.3,695.2,681.9,678.3,683.6,680.0,686.6,701.1,737.8,753.7,755.9,753.1,735.6,695.7,696.2,698.1,697.6,701.7,728.2,730.0,727.3,0.00,0.00,0.00,0.00,0.00,0.00,0.00,0.00,0.00,0.00,0.00,0.00,0.00,0.00,0.00,0.00,0.00,0.00,0.00,0.00,0.00,0.00,0.00,0.00,0.00,0.00,0.00,0.00,0.00,0.00,0.00,0.00,0.00,0.00,0.00
172,0,5.700,0.03,0,0.000000,0.000000,0.000000,0.000000,0.000000,0.000000,0.000,0.000,720.6,725.5,735.4,744.6,747.6,743.2,732.8,723.7,705.0,712.5,721.6,731.4,740.8,748.1,752.9,746.8,738.7,729.5,720.2,711.7,729.0,733.1,737.6,739.8,738.4,734.3,729.8,727.7,846.6,851.9,862.3,871.6,874.5,869.1,858.8,848.7,839.2,845.3,853.5,863.5,872.5,879.6,884.4,878.3,870.7,862.2,853.0,845.0,855.6,859.7,864.2,866.6,865.3,861.2,856.7,854.4,544.7,535.0,531.7,536.7,547.0,557.4,560.1,555.1,543.5,540.4,538.8,538.5,540.7,544.8,550.8,553.5,554.3,553.9,551.8,548.4,550.0,552.2,550.7,546.4,541.7,539.5,541.0,545.3,556.8,547.1,544.1,549.5,560.2,569.9,572.9,568.1,558.5,552.7,550.2,551.0,554.2,558.2,564.1,567.0,568.4,568.4,566.2,563.0,562.6,564.9,563.6,559.4,554.7,552.3,553.7,557.9,36.0,38.2,42.7,46.9,48.4,46.4,41.6,37.4,29.3,32.5,36.4,40.7,45.0,48.4,50.9,47.9,44.0,39.9,35.7,32.1,39.9,41.8,43.9,44.9,44.2,42.3,40.3,39.3,94.3,96.8,101.6,105.9,107.2,104.7,99.9,95.3,91.1,93.6,97.1,101.5,105.8,109.6,112.3,109.1,105.1,100.8,96.8,93.5,98.7,100.6,102.7,103.8,103.2,101.3,99.2,98.1,82.5,78.2,76.9,79.3,84.0,88.8,89.7,87.2,82.6,80.7,79.6,79.4,80.6,82.9,86.0,86.8,86.7,86.3,85.5,84.3,85.2,86.3,85.7,83.8,81.7,80.6,81.2,83.1,89.9,85.5,84.2,86.7,91.5,95.9,97.2,95.1,90.8,87.8,86.5,86.7,88.4,90.6,93.8,94.8,94.9,94.6,93.7,92.5,92.7,93.8,93.2,91.3,89.2,88.1,88.7,90.6,390.7,390.9,391.8,392.8,393.2,393.3,392.1,391.1,393.7,391.6,389.7,389.3,390.4,392.3,394.5,392.6,390.6,389.6,390.1,391.7,392.4,392.9,393.2,393.4,393.2,392.7,392.3,392.2,399.6,399.9,400.0,400.1,399.9,399.7,399.5,399.7,400.3,398.9,397.9,397.4,398.2,400.2,402.2,400.6,398.5,397.1,397.5,399.0,400.5,400.5,400.6,400.7,400.8,400.8,400.7,400.6,73.4,131.8,423.9,0.002,0.155,0.002,645.9,643.6,643.1,646.9,657.9,678.8,707.9,746.1,791.7,838.0,875.1,904.6,920.6,927.0,930.5,932.8,931.5,680.1,698.8,723.5,750.1,774.0,824.4,849.7,874.5,896.1,907.8,800.2,798.4,797.4,796.5,763.2,778.6,793.4,808.3,821.7,704.9,721.2,740.1,755.2,738.5,720.2,836.1,854.0,872.5,885.6,871.2,853.3,724.8,747.9,775.7,791.4,807.4,832.9,850.2,832.3,807.3,789.6,771.6,744.4,734.2,775.6,791.2,807.5,841.0,807.3,790.3,774.0,556.8,591.0,625.0,660.2,696.3,732.8,768.1,799.1,807.1,791.6,754.6,714.7,676.4,639.2,608.0,579.2,551.7,505.7,493.4,489.6,496.9,511.1,517.1,508.5,507.6,514.9,529.6,551.5,574.2,596.7,620.4,642.0,647.2,651.9,648.8,644.7,545.2,538.1,540.5,552.0,554.5,552.3,558.2,551.8,554.0,562.5,566.7,564.9,694.0,681.4,678.0,683.1,679.5,685.9,699.7,737.2,753.3,755.5,752.9,735.2,694.6,695.9,697.6,697.1,700.5,727.6,729.4,726.9,0.00,0.00,0.00,0.00,0.00,0.00,0.00,0.00,0.00,0.00,0.00,0.00,0.00,0.00,0.00,0.00,0.00,0.00,0.00,0.00,0.00,0.00,0.00,0.00,0.00,0.00,0.00,0.00,0.00,0.00,0.00,0.00,0.00,0.00,0.00
173,0,5.733,0.03,0,0.000000,0.000000,0.000000,0.000000,0.000000,0.000000,0.000,0.000,720.3,725.2,735.0,744.1,747.1,742.7,732.3,723.3,704.7,712.1,721.2,731.1,740.5,747.7,752.4,746.2,738.0,728.9,719.6,711.2,728.7,732.7,737.1,739.3,738.0,733.9,729.5,727.3,846.2,851.3,861.5,870.8,873.7,868.5,858.3,848.4,839.0,844.8,852.6,862.4,871.3,878.4,883.2,877.4,869.8,861.5,852.5,844.5,855.2,859.2,863.6,865.8,864.6,860.6,856.2,854.0,544.2,534.6,531.3,536.2,546.5,556.8,559.4,554.5,543.1,539.8,538.2,537.9,540.1,544.4,550.4,553.2,554.0,553.6,551.5,548.0,549.4,551.6,550.1,545.9,541.3,539.0,540.5,544.8,556.8,547.3,544.3,549.5,559.9,569.5,572.5,567.9,558.6,552.6,550.0,550.4,553.4,557.2,563.2,566.4,568.0,568.2,566.2,563.0,562.3,564.6,563.3,559.2,554.7,552.4,553.7,557.8,36.0,38.2,42.7,46.8,48.2,46.3,41.5,37.3,29.2,32.4,36.3,40.6,44.9,48.4,50.8,47.7,43.9,39.7,35.6,32.0,39.9,41.7,43.8,44.8,44.1,42.3,40.2,39.3,96.2,98.6,103.4,107.7,109.0,106.6,101.8,97.2,93.0,95.4,98.8,103.2,107.5,111.3,114.1,110.9,106.9,102.7,98.6,95.3,100.6,102.5,104.5,105.6,105.0,103.2,101.1,100.0,82.5,78.2,76.9,79.3,84.0,88.7,89.6,87.2,82.6,80.7,79.6,79.3,80.5,82.8,86.0,86.9,86.8,86.4,85.6,84.4,85.2,86.2,85.7,83.8,81.6,80.6,81.1,83.1,91.8,87.4,86.0,88.5,93.3,97.7,99.1,97.0,92.8,89.7,88.3,88.4,89.9,92.1,95.3,96.4,96.7,96.5,95.7,94.6,94.6,95.6,95.0,93.1,91.0,90.0,90.6,92.5,391.7,391.9,392.7,393.6,394.1,394.3,393.1,392.2,394.9,392.6,390.7,390.1,391.2,393.1,395.4,393.5,391.6,390.7,391.2,392.9,393.4,393.9,394.2,394.3,394.1,393.7,393.3,393.2,408.1,408.4,408.5,408.5,408.3,408.1,407.9,408.2,408.9,407.6,406.6,406.0,406.7,408.6,410.4,408.9,406.9,405.6,406.0,407.6,409.0,409.0,409.0,409.1,409.2,409.2,409.1,409.0,73.0,131.5,423.3,0.003,0.159,0.003,645.5,643.1,642.7,646.4,657.4,678.3,707.5,745.5,790.9,837.3,874.5,904.1,920.3,926.9,930.5,932.9,931.5,679.7,698.5,723.2,749.7,773.4,824.3,849.6,874.4,896.0,907.5,799.7,797.8,796.7,795.6,762.5,777.8,792.5,807.2,820.5,704.7,720.9,739.8,754.7,738.0,719.8,835.4,853.3,871.7,884.8,870.4,852.6,724.5,747.0,774.5,790.0,806.1,831.3,848.2,830.5,805.7,788.1,770.2,743.3,733.9,774.3,789.8,806.1,839.0,805.8,788.9,772.7,555.6,589.9,624.2,659.6,696.0,732.7,768.1,799.0,807.2,791.7,754.9,715.1,676.7,639.5,608.0,578.8,550.8,505.2,492.8,489.1,496.5,510.7,516.6,508.2,507.3,514.7,529.5,551.2,573.7,596.0,619.5,641.2,646.4,651.1,648.2,644.3,544.7,537.6,540.0,551.6,554.1,551.8,557.8,551.3,553.5,562.0,566.4,564.6,694.0,681.0,677.6,682.8,679.3,685.9,700.0,737.4,753.2,755.2,752.5,734.8,694.5,695.2,697.0,696.5,700.7,727.9,729.7,727.1,0.00,0.00,0.00,0.00,0.00,0.00,0.00,0.00,0.00,0.00,0.00,0.00,0.00,0.00,0.00,0.00,0.00,0.00,0.00,0.00,0.00,0.00,0.00,0.00,0.00,0.00,0.00,0.00,0.00,0.00,0.00,0.00,0.00,0.00,0.00
174,0,5.767,0.03,0,0.000000,0.000000,0.000000,0.000000,0.000000,0.000000,0.000,0.000,720.1,725.0,734.7,743.6,746.5,742.1,731.9,722.9,704.4,711.9,720.9,730.6,739.9,747.0,751.9,745.7,737.8,728.8,719.5,711.0,728.3,732.3,736.6,738.8,737.5,733.5,729.2,727.0,845.9,851.2,861.5,870.9,873.8,868.5,858.2,848.0,838.2,844.5,852.9,863.0,871.8,878.3,882.7,877.2,870.1,861.9,852.6,844.2,854.8,858.8,863.3,865.5,864.3,860.3,855.8,853.5,543.8,534.3,531.0,536.0,546.2,556.4,558.9,554.0,542.4,539.4,537.8,537.6,539.7,543.8,549.7,552.5,553.2,552.9,550.8,547.3,548.9,551.1,549.7,545.5,541.0,538.8,540.2,544.4,556.2,546.5,543.5,549.0,559.8,569.5,572.5,567.6,558.1,552.3,549.8,550.4,553.4,557.3,563.1,566.2,567.8,567.8,565.7,562.6,562.0,564.4,563.1,558.9,554.3,551.9,553.2,557.4,36.2,38.4,42.9,47.1,48.5,46.5,41.7,37.6,29.3,32.6,36.5,40.8,45.1,48.6,51.1,48.0,44.2,40.0,35.9,32.2,40.1,42.0,44.0,45.0,44.4,42.5,40.5,39.5,93.6,96.1,101.0,105.4,106.8,104.2,99.3,94.5,90.1,92.8,96.5,101.1,105.4,109.0,111.6,108.5,104.6,100.4,96.2,92.6,97.9,99.8,102.0,103.1,102.5,100.6,98.5,97.4,83.1,78.8,77.5,80.0,84.8,89.4,90.3,87.8,83.1,81.3,80.2,80.0,81.2,83.4,86.6,87.5,87.3,87.0,86.1,84.9,85.8,86.9,86.4,84.5,82.3,81.2,81.8,83.7,89.2,84.9,83.7,86.3,91.2,95.5,96.7,94.4,90.1,87.2,86.0,86.3,87.9,90.2,93.4,94.4,94.5,94.1,93.1,91.9,92.1,93.3,92.8,90.9,88.8,87.6,88.2,90.0,395.6,395.8,396.7,397.7,398.3,398.4,397.2,396.2,398.7,396.5,394.6,394.1,395.3,397.2,399.5,397.6,395.6,394.6,395.0,396.7,397.4,397.9,398.3,398.4,398.1,397.7,397.3,397.2,397.6,398.2,399.0,399.6,399.6,399.0,398.1,397.8,397.9,397.0,396.5,396.5,397.8,400.1,402.3,400.4,397.9,396.0,395.9,397.0,399.0,399.2,399.6,399.9,399.9,399.6,399.3,399.0,72.6,131.1,422.3,0.006,0.161,0.005,645.2,642.8,642.2,645.9,657.0,677.8,707.0,744.9,790.3,836.7,873.7,903.3,919.6,926.5,930.4,932.9,931.8,679.6,698.3,723.1,749.7,773.5,824.1,849.8,875.0,896.7,907.9,799.4,797.3,796.1,794.8,761.7,776.9,791.7,806.5,819.9,704.3,720.5,739.3,754.1,737.5,719.4,835.4,853.3,871.6,884.6,870.3,852.5,724.4,746.6,774.1,789.3,805.0,830.1,846.9,829.2,804.5,787.2,769.6,742.8,733.6,773.9,789.0,804.9,837.8,804.7,788.0,772.2,554.9,589.4,623.8,659.4,696.0,732.7,768.1,799.2,807.5,791.8,755.0,715.2,676.7,639.4,607.8,578.6,550.4,504.9,492.3,488.6,496.0,510.3,516.3,508.0,507.3,515.0,530.0,551.0,573.4,595.5,619.0,640.4,645.7,650.5,647.6,643.6,544.1,537.0,539.5,551.0,553.4,551.1,557.6,551.2,553.5,561.9,566.1,564.4,693.5,680.5,677.2,682.3,678.9,685.6,699.7,737.7,753.7,755.7,753.0,735.0,694.0,694.2,696.0,695.6,700.4,729.1,730.9,728.2,0.00,0.00,0.00,0.00,0.00,0.00,0.00,0.00,0.00,0.00,0.00,0.00,0.00,0.00,0.00,0.00,0.00,0.00,0.00,0.00,0.00,0.00,0.00,0.00,0.00,0.00,0.00,0.00,0.00,0.00,0.00,0.00,0.00,0.00,0.00
175,0,5.800,0.03,0,0.000000,0.000000,0.000000,0.000000,0.000000,0.000000,0.000,0.000,719.7,724.5,734.2,743.1,746.1,741.8,731.6,722.7,703.9,711.6,720.5,730.2,739.5,746.5,751.4,745.3,737.1,728.0,718.9,710.5,727.8,731.9,736.3,738.5,737.1,733.1,728.6,726.4,845.4,850.4,860.4,869.6,872.6,867.6,857.6,847.7,838.3,844.1,852.0,861.7,870.6,877.4,882.0,876.5,869.2,861.0,852.0,843.9,854.4,858.3,862.5,864.6,863.4,859.5,855.2,853.1,543.4,533.8,530.6,535.5,545.8,556.0,558.5,553.6,542.0,538.8,537.2,536.8,538.7,542.4,547.8,551.4,552.6,552.5,550.5,547.1,548.7,551.0,549.5,545.2,540.5,538.2,539.7,544.0,556.1,546.6,543.6,548.6,558.9,568.3,571.4,567.0,557.5,551.7,549.1,549.5,552.5,556.3,562.3,565.4,566.9,567.0,565.0,562.0,561.4,563.6,562.3,558.3,553.9,551.8,553.1,557.1,36.0,38.2,42.7,46.9,48.3,46.3,41.6,37.4,29.1,32.4,36.3,40.6,45.0,48.4,50.9,47.8,43.9,39.7,35.6,32.0,39.9,41.8,43.9,44.9,44.2,42.3,40.3,39.3,96.6,99.0,103.8,108.2,109.5,107.0,102.2,97.6,93.4,95.8,99.3,103.8,108.2,111.9,114.6,111.5,107.5,103.3,99.1,95.7,101.0,102.8,104.9,105.9,105.4,103.5,101.5,100.4,82.9,78.7,77.4,79.9,84.6,89.3,90.1,87.6,82.9,81.0,79.9,79.7,80.8,82.8,85.8,87.0,87.1,86.8,86.0,84.8,85.7,86.9,86.3,84.4,82.2,81.1,81.6,83.6,92.2,87.8,86.5,88.9,93.6,97.9,99.3,97.3,93.0,90.0,88.6,88.7,90.3,92.5,95.8,96.9,97.0,96.7,95.9,94.8,94.9,95.9,95.3,93.5,91.5,90.5,91.0,92.9,395.7,396.2,397.2,398.2,398.6,398.5,397.1,396.1,398.7,396.5,394.8,394.4,395.6,397.5,399.7,397.6,395.5,394.5,395.0,396.7,397.5,398.0,398.4,398.6,398.4,398.0,397.5,397.3,411.3,411.8,412.2,412.2,411.9,411.4,411.0,411.2,412.0,410.8,410.0,409.7,410.5,412.4,414.3,412.6,410.4,408.9,409.2,410.7,412.2,412.2,412.4,412.6,412.7,412.7,412.5,412.3,72.3,130.8,421.9,0.005,0.166,0.002,644.7,642.5,642.1,645.9,657.1,678.0,707.2,745.3,790.9,837.5,874.6,903.9,919.9,926.5,930.1,932.5,931.4,679.0,697.7,722.4,749.1,772.9,823.1,848.9,874.3,896.2,907.5,798.5,796.4,795.0,793.7,760.9,776.1,790.9,805.8,819.2,703.9,720.1,738.8,753.7,737.2,719.0,834.6,852.4,870.7,883.8,869.4,851.7,723.8,746.0,773.5,788.6,804.2,829.6,847.1,829.1,804.2,786.9,769.4,742.5,733.0,773.4,788.5,804.3,837.9,804.2,787.7,771.9,554.6,589.3,623.9,659.7,696.3,733.1,768.5,799.6,807.7,791.8,754.9,715.1,676.5,639.2,607.6,578.4,550.2,504.5,491.9,488.2,495.6,510.0,515.9,507.4,506.7,514.5,529.6,550.3,572.7,594.9,618.5,639.9,645.2,650.0,647.0,642.9,543.6,536.4,538.8,550.2,552.7,550.4,556.8,550.4,552.7,561.2,565.3,563.5,692.9,680.0,676.8,681.9,678.5,684.9,698.9,737.5,753.7,755.7,753.0,734.8,693.3,693.7,695.4,695.0,699.6,729.1,730.9,728.3,0.00,0.00,0.00,0.00,0.00,0.00,0.00,0.00,0.00,0.00,0.00,0.00,0.00,0.00,0.00,0.00,0.00,0.00,0.00,0.00,0.00,0.00,0.00,0.00,0.00,0.00,0.00,0.00,0.00,0.00,0.00,0.00,0.00,0.00,0.00
176,0,5.833,0.03,0,0.000000,0.000000,0.000000,0.000000,0.000000,0.000000,0.000,0.000,719.2,724.0,733.8,742.9,746.0,741.7,731.4,722.2,703.9,711.3,720.1,729.7,739.1,746.4,751.5,745.2,737.1,728.0,718.8,710.5,727.5,731.7,736.2,738.4,737.0,732.8,728.3,726.1,845.2,850.3,860.5,869.9,872.9,867.8,857.6,847.4,837.6,843.8,851.9,861.8,870.7,877.7,882.5,876.7,869.2,860.8,851.7,843.5,854.2,858.2,862.7,864.9,863.6,859.5,855.1,852.9,543.2,533.6,530.2,535.0,545.2,555.5,558.2,553.4,541.7,538.8,537.3,537.0,538.9,542.6,548.1,551.3,552.4,552.3,550.3,546.8,548.4,550.6,549.0,544.6,540.0,537.8,539.3,543.7,555.7,546.1,542.9,548.2,558.8,568.5,571.6,567.0,557.7,551.6,548.9,549.3,552.2,556.1,562.0,565.1,566.7,566.8,564.9,562.0,561.4,563.7,562.3,558.1,553.5,551.2,552.6,556.8,35.8,38.0,42.5,46.7,48.2,46.3,41.5,37.2,29.1,32.3,36.1,40.4,44.7,48.2,50.9,47.8,43.9,39.7,35.6,32.0,39.7,41.7,43.7,44.8,44.1,42.2,40.1,39.1,94.2,96.7,101.5,105.9,107.2,104.8,99.9,95.3,90.9,93.5,97.0,101.5,105.8,109.5,112.3,109.1,105.1,100.8,96.7,93.3,98.6,100.5,102.6,103.7,103.1,101.2,99.1,98.0,82.8,78.5,77.1,79.5,84.2,89.0,89.9,87.6,82.8,81.0,80.0,79.7,80.8,82.8,85.8,86.9,86.9,86.7,85.9,84.7,85.5,86.6,86.0,84.0,81.8,80.8,81.4,83.4,89.9,85.6,84.2,86.7,91.5,95.9,97.2,95.1,90.9,87.9,86.5,86.6,88.1,90.4,93.6,94.6,94.8,94.4,93.6,92.6,92.7,93.8,93.2,91.3,89.3,88.2,88.8,90.6,395.6,395.8,396.5,397.4,397.9,398.1,397.0,396.2,398.9,396.5,394.6,394.0,395.0,396.9,399.1,397.3,395.3,394.5,395.1,396.8,397.3,397.7,398.1,398.1,397.9,397.5,397.2,397.1,401.9,402.4,402.9,403.1,402.9,402.4,401.9,401.9,402.5,401.3,400.6,400.3,401.2,403.3,405.3,403.5,401.2,399.6,399.9,401.2,403.0,403.0,403.2,403.5,403.5,403.5,403.3,403.0,72.1,130.6,421.5,0.004,0.171,0.002,644.6,642.4,642.0,646.0,657.2,678.3,707.9,746.0,791.7,838.2,874.9,903.9,919.7,926.4,930.2,932.9,931.9,678.9,697.8,722.5,749.1,772.9,823.2,849.1,874.5,896.4,907.7,798.4,796.2,794.7,793.3,760.2,775.5,790.5,805.5,818.9,703.6,719.8,738.5,753.3,736.8,718.7,834.6,852.5,870.7,883.8,869.4,851.7,723.2,745.1,772.3,787.7,803.8,829.1,846.3,828.5,803.6,785.9,768.1,741.6,732.3,772.2,787.6,803.8,837.3,803.8,786.8,770.6,554.6,589.4,623.9,659.8,696.4,733.2,768.7,799.3,807.0,790.9,753.9,714.5,676.1,639.1,607.7,578.5,550.2,504.4,491.9,488.1,495.5,509.8,515.5,507.2,506.6,514.6,529.7,550.2,572.7,594.9,618.5,639.6,644.9,649.8,647.0,642.9,543.4,536.2,538.6,550.2,552.6,550.3,556.9,550.2,552.4,561.1,565.2,563.5,692.6,679.7,676.5,681.6,678.3,684.8,698.9,736.7,752.6,754.7,751.9,733.8,693.0,692.9,694.7,694.3,699.5,728.8,730.7,728.0,0.00,0.00,0.00,0.00,0.00,0.00,0.00,0.00,0.00,0.00,0.00,0.00,0.00,0.00,0.00,0.00,0.00,0.00,0.00,0.00,0.00,0.00,0.00,0.00,0.00,0.00,0.00,0.00,0.00,0.00,0.00,0.00,0.00,0.00,0.00
177,0,5.867,0.03,0,0.000000,0.000000,0.000000,0.000000,0.000000,0.000000,0.000,0.000,719.5,724.2,733.8,742.8,745.7,741.5,731.4,722.5,703.9,711.4,720.3,730.1,739.4,746.4,751.1,745.1,737.1,728.0,718.9,710.5,727.6,731.7,736.1,738.2,736.9,732.8,728.4,726.2,845.3,850.2,860.4,869.8,872.9,868.0,857.9,847.7,837.5,843.5,851.6,861.6,870.7,877.7,882.5,876.8,869.4,861.0,851.8,843.4,854.5,858.4,862.7,864.7,863.4,859.5,855.3,853.2,543.0,533.5,530.2,534.9,545.0,555.1,557.7,553.0,541.9,538.7,537.0,536.6,538.5,542.3,547.7,551.0,552.0,552.0,550.1,546.8,548.0,550.2,548.7,544.4,539.8,537.6,539.1,543.4,556.1,546.5,543.3,548.4,558.8,568.5,571.7,567.2,558.2,551.7,548.6,548.7,551.7,555.9,562.2,565.3,566.8,566.8,565.0,562.4,561.5,563.7,562.3,558.3,554.0,551.8,553.2,557.2,36.2,38.3,42.8,47.0,48.4,46.5,41.7,37.6,29.3,32.5,36.4,40.8,45.2,48.6,51.1,48.1,44.2,40.0,35.8,32.2,40.0,41.9,44.0,45.0,44.3,42.4,40.4,39.4,94.2,96.7,101.5,105.8,107.2,104.7,99.9,95.3,90.7,93.3,96.9,101.4,105.7,109.5,112.2,109.1,105.0,100.8,96.6,93.2,98.7,100.5,102.5,103.5,103.0,101.1,99.1,98.1,83.2,79.0,77.6,80.0,84.7,89.4,90.3,87.9,83.4,81.4,80.3,80.0,81.2,83.3,86.3,87.3,87.4,87.1,86.4,85.2,85.9,87.0,86.4,84.5,82.3,81.2,81.8,83.8,90.0,85.7,84.4,86.8,91.5,95.7,97.1,95.1,91.1,87.9,86.3,86.3,87.9,90.2,93.6,94.6,94.7,94.3,93.6,92.7,92.7,93.7,93.1,91.4,89.4,88.4,89.0,90.7,398.0,398.1,399.0,400.1,400.7,400.9,399.6,398.6,401.1,398.8,397.0,396.6,397.8,399.8,402.1,400.2,398.1,397.1,397.6,399.2,399.8,400.3,400.7,400.8,400.5,400.0,399.6,399.5,401.5,402.3,402.9,403.0,402.6,401.9,401.3,401.3,402.1,401.1,400.4,400.1,401.1,403.1,405.0,403.1,400.7,399.1,399.3,400.8,402.5,402.6,402.8,403.1,403.3,403.2,403.0,402.7,72.0,130.5,421.1,0.004,0.171,0.003,644.4,642.3,642.0,646.1,657.2,678.1,707.6,745.7,791.3,837.7,874.4,903.4,919.2,925.9,930.0,932.9,932.3,678.6,697.4,722.3,749.1,773.0,823.1,849.2,874.9,896.9,908.1,798.3,796.0,794.4,793.0,760.1,775.3,790.1,805.0,818.3,703.6,719.9,738.7,753.5,737.0,718.8,834.4,852.4,870.7,883.9,869.5,851.6,723.9,745.3,772.2,787.4,803.3,828.2,844.9,827.5,803.2,785.7,768.1,741.8,733.0,772.2,787.3,803.3,835.9,803.3,786.5,770.6,555.0,589.8,624.3,660.1,696.6,733.3,768.8,799.3,806.8,790.5,753.4,713.9,675.6,638.6,607.4,578.5,550.5,504.6,491.8,487.9,495.3,509.7,515.4,507.2,506.4,514.5,529.7,550.1,572.8,595.2,618.9,639.7,645.0,649.9,647.0,643.0,543.2,535.9,538.4,550.2,552.5,550.2,556.9,550.1,552.3,560.9,565.2,563.5,693.0,679.6,676.1,681.3,677.9,684.7,699.2,737.0,752.9,755.0,752.2,734.3,693.2,692.6,694.5,694.1,699.8,728.7,730.7,728.0,0.00,0.00,0.00,0.00,0.00,0.00,0.00,0.00,0.00,0.00,0.00,0.00,0.00,0.00,0.00,0.00,0.00,0.00,0.00,0.00,0.00,0.00,0.00,0.00,0.00,0.00,0.00,0.00,0.00,0.00,0.00,0.00,0.00,0.00,0.00
178,0,5.900,0.03,0,0.000000,0.000000,0.000000,0.000000,0.000000,0.000000,0.000,0.000,719.9,724.7,734.3,743.1,746.0,741.7,731.6,722.8,704.2,711.6,720.5,730.3,739.6,746.6,751.4,745.3,737.3,728.3,719.2,710.8,728.1,732.0,736.3,738.4,737.1,733.2,728.9,726.8,845.2,850.2,860.4,869.9,873.0,868.0,857.8,847.5,837.5,843.6,851.8,861.8,870.6,877.6,882.3,876.7,869.4,861.0,851.8,843.5,854.2,858.3,862.7,864.9,863.5,859.4,855.0,852.8,543.6,534.2,530.9,535.6,545.6,555.6,558.3,553.5,542.2,539.2,537.7,537.4,539.4,543.3,549.0,551.8,552.7,552.5,550.5,547.1,548.4,550.5,549.0,544.9,540.5,538.4,539.8,544.0,556.0,546.3,543.1,548.4,558.9,568.6,571.8,567.2,558.8,552.4,549.2,549.3,552.0,556.0,561.9,565.1,566.8,567.1,565.4,562.8,561.6,563.9,562.5,558.3,553.7,551.4,552.8,557.0,36.5,38.7,43.1,47.3,48.7,46.8,42.0,37.9,29.6,32.7,36.7,41.0,45.4,48.9,51.3,48.3,44.4,40.3,36.1,32.4,40.4,42.3,44.2,45.2,44.6,42.8,40.8,39.8,93.7,96.2,101.0,105.4,106.8,104.3,99.5,94.8,90.3,92.9,96.5,101.0,105.3,109.1,111.8,108.7,104.7,100.4,96.3,92.8,98.1,100.0,102.1,103.2,102.6,100.7,98.6,97.5,83.8,79.5,78.2,80.5,85.3,90.0,91.0,88.6,83.9,82.0,80.9,80.6,81.8,84.0,87.1,88.0,88.0,87.7,86.9,85.7,86.4,87.5,86.9,85.0,82.9,81.8,82.4,84.3,89.5,85.2,83.9,86.4,91.2,95.5,96.7,94.6,90.9,87.8,86.2,86.2,87.7,90.0,93.1,94.2,94.4,94.1,93.4,92.5,92.4,93.4,92.9,91.0,88.9,87.9,88.4,90.3,399.6,399.5,400.3,401.3,402.1,402.5,401.4,400.4,402.9,400.4,398.4,397.8,398.9,401.0,403.4,401.6,399.7,398.7,399.2,400.9,401.5,401.9,402.2,402.2,401.9,401.4,401.1,401.1,399.7,400.4,401.1,401.4,401.1,400.4,399.7,399.7,400.2,399.2,398.7,398.5,399.5,401.7,403.7,401.7,399.3,397.7,397.8,399.0,400.9,401.0,401.3,401.6,401.7,401.6,401.3,401.0,72.2,130.9,422.5,0.008,0.166,0.004,644.5,642.4,642.1,645.8,656.6,677.4,706.9,745.1,790.5,836.8,873.5,902.8,918.9,925.8,929.9,932.8,932.0,678.4,696.8,721.9,749.0,773.2,823.2,849.2,874.9,896.9,908.0,798.7,796.6,795.3,794.0,760.8,776.0,790.8,805.6,818.8,703.8,720.1,738.9,753.7,737.2,719.0,834.5,852.4,870.7,883.8,869.5,851.7,723.8,745.2,772.0,787.6,803.9,828.6,844.9,827.7,803.3,785.5,767.5,741.3,732.9,771.8,787.4,803.8,835.8,803.6,786.4,770.1,554.9,589.5,623.5,658.9,695.4,732.1,767.7,798.5,806.2,790.1,753.0,713.4,675.1,638.1,606.8,577.8,549.7,505.8,492.4,488.3,495.6,510.1,515.7,507.3,506.4,514.5,529.9,550.8,573.4,595.7,619.3,640.0,645.2,650.1,647.3,643.4,543.7,536.5,539.0,550.8,553.2,550.8,557.3,550.4,552.6,561.2,565.5,563.9,693.4,679.7,676.1,681.5,678.1,685.1,700.0,737.0,752.7,754.6,751.7,733.9,693.7,693.1,695.0,694.7,700.5,728.2,730.0,727.3,0.00,0.00,0.00,0.00,0.00,0.00,0.00,0.00,0.00,0.00,0.00,0.00,0.00,0.00,0.00,0.00,0.00,0.00,0.00,0.00,0.00,0.00,0.00,0.00,0.00,0.00,0.00,0.00,0.00,0.00,0.00,0.00,0.00,0.00,0.00
179,0,5.933,0.03,0,0.000000,0.000000,0.000000,0.000000,0.000000,0.000000,0.000,0.000,720.7,725.3,734.7,743.2,746.0,741.7,732.0,723.4,704.2,712.1,721.3,731.1,740.2,746.8,751.2,745.4,737.7,728.9,719.8,711.2,728.4,732.2,736.4,738.5,737.2,733.4,729.2,727.1,845.5,850.3,860.3,869.6,872.8,867.9,857.9,847.9,838.5,844.0,851.7,861.5,870.6,877.8,882.8,877.2,869.6,861.2,852.1,844.1,854.7,858.6,862.8,864.8,863.5,859.6,855.5,853.4,544.1,534.7,531.5,536.2,546.1,556.1,558.7,554.0,542.8,539.7,538.0,537.6,539.5,543.3,548.8,552.1,553.2,553.1,551.2,547.9,549.0,551.1,549.6,545.4,541.0,538.9,540.4,544.5,556.6,547.1,543.9,548.8,559.0,568.5,571.7,567.5,559.0,552.7,549.5,549.5,552.2,556.1,562.2,565.3,566.9,567.1,565.5,563.0,561.8,563.9,562.5,558.6,554.3,552.3,553.6,557.6,36.9,39.0,43.4,47.5,48.9,46.9,42.3,38.2,29.5,33.0,37.1,41.5,45.8,49.1,51.5,48.5,44.7,40.6,36.4,32.6,40.6,42.4,44.4,45.4,44.8,43.0,41.0,40.0,96.2,98.6,103.3,107.6,108.9,106.5,101.8,97.3,93.1,95.4,98.8,103.2,107.6,111.4,114.2,111.2,107.1,102.8,98.7,95.4,100.7,102.5,104.4,105.4,104.9,103.1,101.1,100.1,84.1,79.9,78.7,81.1,85.8,90.4,91.3,88.8,84.2,82.2,81.1,80.9,82.1,84.3,87.4,88.4,88.4,88.1,87.3,86.1,86.8,87.9,87.4,85.5,83.4,82.3,82.8,84.7,92.0,87.7,86.2,88.5,93.1,97.5,98.9,97.1,93.4,90.1,88.5,88.3,89.7,91.9,95.1,96.2,96.5,96.3,95.7,94.9,94.6,95.6,95.0,93.1,91.2,90.3,90.9,92.7,400.0,400.2,401.4,402.7,403.5,403.6,402.1,400.8,402.8,400.5,398.9,398.6,400.1,402.4,405.0,402.9,400.6,399.4,399.6,400.9,402.1,402.7,403.2,403.3,403.0,402.4,401.9,401.8,409.7,410.2,410.4,410.1,409.5,409.0,408.9,409.4,410.5,409.3,408.3,407.7,408.3,410.1,411.7,410.1,408.1,406.7,407.3,409.0,410.3,410.2,410.2,410.4,410.7,410.8,410.7,410.5,72.5,131.3,423.3,0.007,0.162,0.005,645.0,642.7,642.2,645.8,656.5,677.1,706.0,743.9,789.3,835.7,872.9,902.6,919.2,926.3,930.1,932.5,931.3,679.3,697.7,722.4,749.1,773.0,823.6,849.2,874.5,896.3,907.6,799.0,797.2,796.0,794.9,761.5,776.8,791.5,806.4,819.7,704.1,720.4,739.2,754.2,737.6,719.4,834.8,852.6,871.0,884.1,869.8,852.0,722.8,744.7,772.0,788.2,805.1,830.5,846.9,829.3,804.2,785.6,767.0,740.6,732.2,771.6,787.8,804.8,837.8,804.4,786.6,769.6,555.8,590.0,623.8,658.7,694.7,731.3,767.0,798.0,806.2,790.9,754.1,714.4,675.9,638.5,606.9,577.4,548.9,505.9,492.9,489.0,496.2,510.3,515.9,507.1,506.2,514.1,529.6,550.8,573.4,595.7,619.4,640.4,645.6,650.5,647.7,644.0,544.2,537.1,539.5,551.1,553.4,551.1,557.3,550.7,552.8,561.4,565.7,564.0,693.7,680.0,676.4,682.0,678.7,685.8,700.9,737.9,753.5,755.3,752.1,733.9,694.1,694.3,696.4,696.3,701.4,728.0,729.5,726.6,0.00,0.00,0.00,0.00,0.00,0.00,0.00,0.00,0.00,0.00,0.00,0.00,0.00,0.00,0.00,0.00,0.00,0.00,0.00,0.00,0.00,0.00,0.00,0.00,0.00,0.00,0.00,0.00,0.00,0.00,0.00,0.00,0.00,0.00,0.00
180,0,5.967,0.03,0,0.000000,0.000000,0.000000,0.000000,0.000000,0.000000,0.000,0.000,721.0,725.8,735.2,743.9,746.6,742.3,732.4,723.8,704.9,712.9,722.2,732.1,741.3,747.9,752.3,746.5,738.7,729.8,720.6,711.9,728.9,732.7,736.9,739.0,737.8,734.0,729.7,727.6,846.3,851.5,861.9,871.2,874.2,869.0,858.7,848.4,838.2,844.9,853.4,863.6,872.5,879.1,883.6,878.0,870.9,862.6,853.3,844.7,854.9,859.1,863.8,866.2,864.9,860.6,855.9,853.5,544.2,534.8,531.5,536.3,546.3,556.4,558.9,554.2,542.7,539.6,538.0,537.7,539.7,543.5,549.0,552.2,553.2,553.0,551.1,547.7,549.1,551.2,549.8,545.6,541.1,539.0,540.5,544.7,556.7,546.9,543.9,549.5,560.4,570.1,573.1,568.2,559.5,553.2,550.3,550.5,553.5,557.7,563.7,566.7,568.2,568.3,566.4,563.6,562.8,565.4,564.0,559.6,554.6,552.1,553.5,557.9,36.8,39.0,43.4,47.5,48.9,46.9,42.2,38.2,29.7,33.2,37.2,41.7,46.0,49.3,51.7,48.7,44.9,40.7,36.6,32.8,40.6,42.4,44.4,45.4,44.8,43.0,41.0,40.0,91.7,94.2,99.1,103.4,104.7,102.2,97.3,92.7,88.1,90.9,94.6,99.2,103.5,107.2,109.8,106.6,102.8,98.6,94.4,90.8,95.9,97.8,100.1,101.2,100.6,98.6,96.4,95.3,83.7,79.5,78.2,80.6,85.4,90.0,90.9,88.4,83.6,81.7,80.7,80.5,81.7,83.9,87.0,88.0,87.9,87.6,86.7,85.5,86.4,87.5,86.9,85.0,82.9,81.8,82.4,84.3,87.4,83.3,82.1,84.8,89.6,93.8,94.9,92.6,88.7,85.7,84.4,84.5,86.2,88.6,91.8,92.6,92.6,92.2,91.3,90.3,90.5,91.7,91.2,89.3,87.1,85.9,86.4,88.3,397.7,397.9,399.0,400.3,401.0,401.2,399.7,398.4,400.4,398.2,396.6,396.3,397.8,400.1,402.7,400.5,398.2,397.0,397.2,398.5,399.8,400.3,400.8,400.9,400.6,400.0,399.5,399.4,388.9,389.7,390.7,391.4,391.3,390.5,389.5,389.0,389.0,388.2,387.9,388.1,389.6,392.1,394.4,392.0,389.4,387.4,387.2,388.1,390.4,390.7,391.1,391.5,391.5,391.2,390.8,390.4,72.9,131.6,424.0,0.002,0.159,0.009,645.9,643.4,642.8,646.1,656.4,676.6,705.1,743.1,788.8,835.5,873.3,903.3,919.9,926.7,930.4,933.0,931.9,680.0,698.1,722.9,749.7,773.6,824.3,850.0,875.2,897.1,908.6,799.5,797.7,796.5,795.3,761.9,777.3,792.2,807.1,820.6,704.9,721.3,740.2,755.2,738.5,720.3,835.8,853.7,872.3,885.4,871.0,853.1,723.0,745.4,773.0,789.4,806.5,832.2,849.0,831.1,805.8,787.0,768.2,741.4,732.5,772.6,789.1,806.3,839.7,805.8,787.8,770.7,556.1,590.2,623.8,658.4,694.3,730.8,766.6,798.1,806.7,791.6,755.1,715.2,676.6,638.9,607.3,578.0,549.8,505.8,492.9,489.1,496.4,510.7,516.8,508.0,507.2,515.1,530.5,551.2,573.7,595.9,619.4,640.9,646.1,650.9,648.0,644.3,544.3,537.2,539.6,551.3,553.7,551.3,558.0,551.5,553.8,562.4,566.6,564.8,693.6,680.2,676.7,682.3,678.9,685.9,700.9,737.7,753.5,755.3,752.2,734.1,694.2,694.9,697.1,696.9,701.3,727.6,729.1,726.1,0.00,0.00,0.00,0.00,0.00,0.00,0.00,0.00,0.00,0.00,0.00,0.00,0.00,0.00,0.00,0.00,0.00,0.00,0.00,0.00,0.00,0.00,0.00,0.00,0.00,0.00,0.00,0.00,0.00,0.00,0.00,0.00,0.00,0.00,0.00
181,0,6.000,0.03,0,0.000000,0.000000,0.000000,0.000000,0.000000,0.000000,0.000,0.000,720.9,725.6,735.1,743.9,746.8,742.6,732.5,723.7,707.2,713.8,722.1,731.5,740.7,747.7,752.4,746.2,738.0,729.0,720.3,712.7,729.2,733.1,737.3,739.3,738.1,734.2,730.0,728.0,846.6,851.5,861.5,870.8,873.8,868.9,858.9,848.9,839.1,845.0,853.0,863.0,872.0,878.8,883.5,878.0,870.8,862.7,853.5,845.1,855.4,859.4,863.8,866.0,864.6,860.6,856.2,854.0,544.3,535.2,532.1,536.9,546.7,556.5,558.9,554.1,543.3,539.6,537.8,537.4,539.6,543.8,549.7,552.7,553.5,553.2,551.2,547.9,549.3,551.4,550.0,546.0,541.7,539.6,541.0,545.0,557.4,547.9,544.8,549.9,560.3,569.8,572.9,568.4,559.3,553.1,550.2,550.3,553.2,557.2,563.4,566.6,568.0,568.2,566.4,563.6,563.0,565.3,563.9,559.7,555.2,552.9,554.3,558.5,38.1,40.3,44.9,49.1,50.5,48.5,43.7,39.5,31.9,34.9,38.6,42.9,47.3,50.8,53.3,50.1,46.1,41.8,37.8,34.4,42.2,44.0,46.0,47.0,46.4,44.5,42.5,41.6,95.3,97.8,102.6,106.9,108.3,105.8,101.0,96.4,92.0,94.5,98.1,102.6,107.0,110.8,113.5,110.4,106.4,102.2,98.0,94.5,99.7,101.6,103.7,104.7,104.2,102.3,100.2,99.1,86.8,82.5,81.2,83.5,88.2,92.9,93.9,91.5,87.1,84.8,83.6,83.2,84.4,86.7,89.9,91.0,90.9,90.7,90.0,88.8,89.4,90.5,89.9,88.0,85.9,84.9,85.5,87.4,91.1,86.9,85.6,88.0,92.7,97.0,98.2,96.2,92.1,89.0,87.6,87.6,89.1,91.5,94.8,95.8,95.9,95.6,94.7,93.8,93.9,95.0,94.4,92.6,90.5,89.5,90.0,91.9,412.2,412.3,412.7,413.2,413.5,413.7,413.0,412.5,415.9,413.4,411.3,410.4,411.2,412.7,414.7,413.0,411.3,410.8,411.7,413.7,413.5,413.7,413.9,413.9,413.8,413.6,413.4,413.4,403.9,404.6,405.3,405.5,405.1,404.4,403.7,403.7,404.3,403.4,402.8,402.6,403.7,405.8,407.8,405.7,403.3,401.6,401.7,403.0,404.9,405.0,405.3,405.6,405.8,405.7,405.4,405.1,73.2,131.8,424.4,0.004,0.155,0.006,646.2,643.7,642.9,646.3,656.8,677.1,705.5,743.5,789.1,835.8,873.5,903.6,920.2,927.0,930.5,932.8,931.5,680.1,698.3,723.1,749.9,773.7,824.2,849.9,875.2,897.1,908.4,799.5,797.8,796.7,795.6,762.0,777.6,792.6,807.6,821.2,705.0,721.3,740.3,755.3,738.6,720.3,835.8,853.7,872.2,885.3,871.0,853.1,723.3,746.0,773.8,790.4,807.7,833.6,850.4,832.7,807.4,788.4,769.4,742.3,732.8,773.5,790.1,807.6,841.1,807.3,789.0,771.7,556.6,590.7,624.3,658.9,694.6,731.1,766.7,798.2,806.9,791.7,755.0,715.0,676.3,638.5,606.8,577.6,549.4,505.8,493.1,489.3,496.8,511.1,517.2,508.2,507.3,515.1,530.7,551.6,574.0,596.2,619.6,641.0,646.4,651.1,648.0,644.1,544.5,537.4,539.8,551.4,553.8,551.5,558.1,551.5,553.7,562.2,566.4,564.7,693.5,680.2,676.7,682.2,678.6,685.2,699.8,736.9,753.1,755.1,752.1,734.1,694.0,694.9,696.9,696.5,700.4,727.4,729.1,726.2,0.00,0.00,0.00,0.00,0.00,0.00,0.00,0.00,0.00,0.00,0.00,0.00,0.00,0.00,0.00,0.00,0.00,0.00,0.00,0.00,0.00,0.00,0.00,0.00,0.00,0.00,0.00,0.00,0.00,0.00,0.00,0.00,0.00,0.00,0.00
182,0,6.033,0.03,0,0.000000,0.000000,0.000000,0.000000,0.000000,0.000000,0.000,0.000,720.9,725.6,735.3,744.3,747.3,743.0,732.8,723.8,707.6,714.0,722.1,731.5,741.0,748.4,753.4,746.9,738.4,729.2,720.5,713.1,729.5,733.4,737.7,739.8,738.5,734.6,730.3,728.2,846.2,851.4,861.8,871.4,874.5,869.3,858.8,848.4,838.5,845.0,853.6,863.7,872.6,879.4,884.1,878.5,871.2,862.7,853.4,844.8,855.1,859.3,864.0,866.3,865.0,860.7,856.0,853.7,544.1,534.8,531.7,536.6,546.5,556.5,558.9,554.1,543.4,539.7,537.8,537.5,539.8,544.0,550.1,552.8,553.4,553.0,551.0,547.9,549.2,551.4,550.0,545.9,541.5,539.3,540.7,544.8,556.8,547.0,543.9,549.4,560.3,570.2,573.2,568.4,559.8,553.5,550.5,550.7,553.5,557.5,563.4,566.5,568.1,568.3,566.5,563.8,562.9,565.4,564.0,559.6,554.7,552.3,553.6,558.0,37.5,39.8,44.3,48.5,49.8,47.9,43.1,38.9,31.7,34.5,38.0,42.3,46.7,50.3,52.9,49.6,45.5,41.2,37.3,34.1,41.6,43.5,45.5,46.5,45.9,44.0,42.0,41.0,91.7,94.2,99.1,103.5,104.8,102.2,97.4,92.7,88.3,91.0,94.7,99.3,103.5,107.2,109.9,106.8,102.8,98.6,94.5,90.9,96.0,97.9,100.1,101.2,100.6,98.7,96.5,95.4,85.5,81.2,79.7,82.0,86.7,91.4,92.4,90.1,86.0,83.7,82.4,82.0,83.1,85.4,88.6,89.5,89.4,89.2,88.6,87.6,88.1,89.1,88.4,86.5,84.5,83.5,84.1,86.0,87.5,83.3,82.1,84.7,89.5,93.7,94.9,92.7,88.9,85.9,84.5,84.6,86.1,88.4,91.6,92.5,92.6,92.2,91.4,90.5,90.5,91.7,91.2,89.3,87.1,86.0,86.5,88.4,406.2,406.2,406.4,406.5,406.6,406.9,406.4,406.3,410.3,407.7,405.3,404.1,404.6,405.9,407.7,406.2,404.7,404.4,405.6,407.9,407.2,407.3,407.3,407.3,407.3,407.2,407.2,407.2,389.1,389.9,390.8,391.3,391.0,390.2,389.4,389.1,389.3,388.5,388.1,388.2,389.5,391.9,394.0,391.8,389.2,387.4,387.3,388.3,390.4,390.6,391.0,391.4,391.5,391.3,390.9,390.5,73.2,131.7,424.1,0.002,0.155,0.008,646.0,643.4,642.7,646.1,656.5,676.7,705.3,743.4,789.1,835.7,873.4,903.4,920.0,926.9,930.6,933.1,932.0,680.4,698.5,723.3,750.0,773.9,824.8,850.4,875.6,897.5,908.8,800.0,798.2,797.1,796.0,762.3,777.8,792.7,807.7,821.3,705.4,721.8,740.8,755.8,739.1,720.7,836.0,853.9,872.5,885.5,871.3,853.3,723.5,746.1,773.8,790.3,807.3,832.9,849.6,831.8,806.6,787.9,769.1,742.2,733.0,773.4,789.9,807.1,840.3,806.6,788.7,771.5,556.2,590.4,624.2,658.9,694.7,731.1,766.8,798.2,806.8,791.7,755.2,715.2,676.5,638.7,607.0,577.7,549.4,506.0,493.2,489.4,496.8,511.0,517.2,508.4,507.4,515.3,530.8,551.6,574.1,596.3,619.9,641.1,646.4,651.2,648.2,644.4,544.5,537.3,539.8,551.6,554.0,551.6,558.2,551.6,553.7,562.4,566.7,564.9,693.8,680.3,676.8,682.3,678.8,685.7,700.5,737.4,753.3,755.2,752.2,734.2,694.3,694.9,697.0,696.7,701.0,727.6,729.2,726.2,0.00,0.00,0.00,0.00,0.00,0.00,0.00,0.00,0.00,0.00,0.00,0.00,0.00,0.00,0.00,0.00,0.00,0.00,0.00,0.00,0.00,0.00,0.00,0.00,0.00,0.00,0.00,0.00,0.00,0.00,0.00,0.00,0.00,0.00,0.00
183,0,6.067,0.03,0,0.000000,0.000000,0.000000,0.000000,0.000000,0.000000,0.000,0.000,721.2,725.8,735.4,744.3,747.3,743.3,733.1,724.2,708.0,714.4,722.5,731.9,741.4,748.6,753.6,747.2,738.7,729.6,721.0,713.5,729.6,733.7,738.0,740.1,738.8,734.7,730.3,728.2,847.9,852.7,862.5,871.7,874.8,870.0,860.1,850.2,840.2,846.2,854.3,864.1,872.9,879.4,883.9,878.6,871.8,863.8,854.7,846.3,856.5,860.5,864.8,866.8,865.5,861.5,857.3,855.2,544.0,534.9,531.7,536.4,546.2,556.1,558.6,553.9,544.0,540.0,537.8,537.3,539.5,543.8,549.8,552.6,553.3,553.0,551.3,548.3,549.2,551.3,549.9,545.7,541.3,539.1,540.6,544.7,557.4,548.0,544.9,550.0,560.4,569.8,572.9,568.4,559.4,553.2,550.3,550.3,553.2,557.2,563.3,566.4,568.0,568.1,566.3,563.7,563.0,565.2,563.9,559.8,555.3,553.1,554.4,558.5,37.8,40.0,44.5,48.7,50.1,48.2,43.4,39.3,32.0,34.8,38.4,42.7,47.1,50.6,53.2,50.0,45.9,41.6,37.7,34.4,41.9,43.8,45.8,46.8,46.2,44.3,42.2,41.2,96.5,98.9,103.7,108.1,109.5,107.0,102.2,97.5,92.9,95.6,99.2,103.8,108.2,111.9,114.6,111.5,107.6,103.4,99.2,95.5,100.8,102.7,104.8,105.9,105.3,103.4,101.3,100.2,85.8,81.6,80.1,82.4,86.9,91.6,92.6,90.4,86.6,84.2,82.8,82.3,83.4,85.7,88.9,89.8,89.8,89.6,89.0,88.2,88.4,89.4,88.8,86.9,84.8,83.8,84.4,86.3,91.6,87.4,86.2,88.7,93.4,97.7,98.8,96.7,92.6,89.5,88.1,88.2,89.8,92.1,95.5,96.4,96.5,96.1,95.3,94.3,94.5,95.6,95.1,93.2,91.2,90.1,90.6,92.5,408.0,408.2,408.4,408.5,408.4,408.5,408.0,407.9,412.1,409.5,407.2,406.1,406.6,407.9,409.6,408.0,406.5,406.2,407.4,409.6,408.9,409.0,409.1,409.1,409.2,409.2,409.1,409.0,406.0,406.9,407.9,408.4,408.1,407.2,406.3,406.0,406.3,405.5,405.1,405.3,406.6,408.9,411.0,408.7,406.1,404.2,404.0,405.1,407.4,407.6,408.0,408.4,408.5,408.3,407.8,407.5,73.5,131.9,424.5,-0.001,0.151,0.011,646.5,644.1,643.5,646.6,656.6,676.6,705.0,743.0,788.7,835.5,873.3,903.2,919.9,926.8,930.5,933.0,931.8,680.7,698.8,723.5,750.3,774.4,825.4,850.8,875.7,897.3,908.9,800.8,799.2,798.2,797.2,763.3,778.7,793.6,808.5,822.0,705.8,722.1,741.0,756.1,739.4,721.1,836.8,854.7,873.2,886.2,871.9,854.0,723.7,746.4,774.2,790.9,808.2,833.6,849.8,832.2,807.0,788.0,769.0,742.1,733.2,773.6,790.4,807.8,840.6,807.2,789.0,771.6,557.0,591.1,624.4,658.9,694.7,731.1,766.9,798.4,807.2,792.3,755.7,715.6,676.8,639.1,607.5,578.3,550.1,506.2,493.4,489.5,496.8,510.8,516.9,508.4,507.6,515.2,530.3,551.2,573.9,596.3,620.0,641.1,646.5,651.4,648.5,644.7,544.5,537.4,539.8,551.3,553.7,551.4,557.9,551.5,553.8,562.4,566.5,564.6,694.5,680.8,677.2,682.9,679.4,686.5,701.6,738.2,754.0,755.9,752.8,734.7,695.0,695.5,697.7,697.5,702.1,727.9,729.5,726.5,0.00,0.00,0.00,0.00,0.00,0.00,0.00,0.00,0.00,0.00,0.00,0.00,0.00,0.00,0.00,0.00,0.00,0.00,0.00,0.00,0.00,0.00,0.00,0.00,0.00,0.00,0.00,0.00,0.00,0.00,0.00,0.00,0.00,0.00,0.00
184,0,6.100,0.03,0,0.000000,0.000000,0.000000,0.000000,0.000000,0.000000,0.000,0.000,721.4,726.1,735.8,744.9,748.0,743.7,733.5,724.4,706.7,713.9,722.8,732.5,741.9,749.1,753.9,747.6,739.6,730.5,721.4,713.1,729.7,733.8,738.3,740.4,739.0,734.9,730.5,728.4,847.4,852.5,862.7,872.1,875.1,870.0,859.7,849.5,838.8,845.7,854.4,864.7,873.5,880.0,884.3,878.9,872.0,863.7,854.4,845.5,855.7,860.0,864.7,867.1,865.7,861.4,856.7,854.4,543.9,534.4,531.1,535.9,546.0,556.2,558.8,554.0,543.2,539.7,537.9,537.6,539.9,544.3,550.4,552.9,553.4,553.0,551.0,547.8,549.1,551.3,549.8,545.5,540.9,538.7,540.2,544.5,556.8,546.9,543.9,549.5,560.5,570.3,573.3,568.4,559.9,553.7,550.6,550.6,553.5,557.7,563.7,566.6,568.0,568.1,566.3,563.8,563.0,565.6,564.2,559.7,554.7,552.1,553.5,558.0,37.0,39.2,43.7,47.9,49.3,47.4,42.6,38.4,30.6,33.7,37.6,41.9,46.3,49.7,52.2,49.1,45.2,41.0,36.9,33.3,40.9,42.8,44.9,45.9,45.2,43.3,41.3,40.3,90.9,93.3,98.2,102.5,103.8,101.3,96.5,91.8,87.1,90.0,93.7,98.4,102.7,106.3,108.9,105.8,101.9,97.8,93.6,89.8,94.9,96.9,99.1,100.3,99.7,97.7,95.5,94.3,83.6,79.3,78.0,80.3,84.9,89.6,90.6,88.2,84.0,81.9,80.7,80.4,81.6,84.0,87.2,88.0,87.8,87.4,86.7,85.6,86.3,87.3,86.7,84.8,82.7,81.6,82.2,84.1,86.2,82.1,81.1,83.7,88.6,92.7,93.7,91.3,87.6,84.7,83.3,83.4,85.1,87.6,90.8,91.5,91.4,90.9,90.1,89.1,89.3,90.6,90.1,88.2,86.0,84.8,85.3,87.1,397.7,398.0,398.6,399.3,399.5,399.6,398.6,398.0,401.1,398.8,396.7,396.1,397.1,398.8,400.9,399.1,397.2,396.4,397.1,398.9,399.2,399.5,399.8,399.9,399.8,399.5,399.2,399.1,383.4,384.4,385.7,386.6,386.5,385.5,384.2,383.5,383.4,382.7,382.6,383.1,384.8,387.5,390.0,387.4,384.4,382.4,381.9,382.5,385.0,385.4,386.0,386.5,386.5,386.1,385.5,385.1,73.4,131.8,423.8,-0.011,0.151,0.014,646.8,644.1,643.4,646.5,656.4,676.1,704.5,742.8,788.7,835.7,873.6,903.7,920.2,926.9,930.6,933.0,931.6,681.3,699.5,724.1,750.6,774.4,825.8,850.9,875.6,897.1,908.6,801.0,799.4,798.5,797.5,763.8,779.1,793.8,808.5,821.8,705.9,722.3,741.3,756.5,739.7,721.2,836.5,854.7,873.2,886.3,872.0,853.9,724.3,746.7,774.4,790.9,808.0,833.3,849.2,831.8,806.8,788.0,769.1,742.4,734.0,773.8,790.4,807.6,839.8,806.9,789.0,771.8,557.0,590.9,624.3,658.8,694.5,731.0,766.9,798.5,807.5,792.9,756.2,715.9,677.1,639.3,607.9,578.8,550.8,505.7,493.1,489.3,496.7,510.8,517.1,508.6,507.6,515.0,529.9,551.3,573.7,595.9,619.4,641.3,646.5,651.3,648.6,644.9,544.4,537.3,539.7,551.6,553.9,551.6,558.2,551.6,553.9,562.6,566.9,565.0,695.5,681.1,677.0,682.7,679.3,687.0,702.9,739.3,754.9,756.6,753.5,735.5,696.0,696.1,698.2,698.2,703.3,728.0,729.4,726.4,0.00,0.00,0.00,0.00,0.00,0.00,0.00,0.00,0.00,0.00,0.00,0.00,0.00,0.00,0.00,0.00,0.00,0.00,0.00,0.00,0.00,0.00,0.00,0.00,0.00,0.00,0.00,0.00,0.00,0.00,0.00,0.00,0.00,0.00,0.00
185,0,6.133,0.03,0,0.000000,0.000000,0.000000,0.000000,0.000000,0.000000,0.000,0.000,721.3,726.1,735.8,744.8,747.8,743.6,733.2,724.2,708.7,714.8,722.8,732.1,741.6,749.0,754.0,747.5,739.0,729.8,721.2,713.9,729.9,733.9,738.4,740.5,739.2,735.1,730.7,728.5,847.9,852.7,862.7,871.9,875.0,870.2,860.2,850.2,839.8,845.8,853.9,863.9,873.0,879.9,884.7,879.2,872.0,863.7,854.5,845.9,856.6,860.6,865.0,867.1,865.8,861.7,857.3,855.2,543.9,534.6,531.5,536.4,546.3,556.3,558.7,553.9,543.3,539.5,537.6,537.2,539.5,543.9,550.2,552.7,553.3,552.9,550.9,547.8,549.1,551.3,549.9,545.7,541.2,539.0,540.4,544.6,557.7,548.2,545.1,550.2,560.6,570.1,573.2,568.7,559.9,553.6,550.5,550.3,553.2,557.2,563.5,566.6,568.1,568.3,566.6,564.1,563.3,565.6,564.2,560.0,555.5,553.2,554.6,558.8,37.8,40.0,44.5,48.7,50.1,48.1,43.3,39.1,32.2,34.9,38.4,42.6,47.0,50.6,53.1,49.9,45.8,41.5,37.7,34.5,41.8,43.7,45.8,46.8,46.2,44.3,42.2,41.2,95.2,97.6,102.4,106.8,108.1,105.7,100.9,96.3,91.6,94.2,97.7,102.3,106.8,110.6,113.4,110.2,106.2,102.0,97.8,94.2,99.5,101.4,103.5,104.6,104.0,102.1,100.0,98.9,85.4,81.1,79.7,81.9,86.6,91.3,92.3,90.1,86.1,83.7,82.3,81.9,83.0,85.3,88.6,89.5,89.4,89.2,88.6,87.6,88.1,89.1,88.4,86.5,84.4,83.3,84.0,85.9,90.6,86.4,85.1,87.5,92.2,96.5,97.7,95.6,91.7,88.6,87.1,87.0,88.5,90.9,94.3,95.2,95.3,95.0,94.2,93.3,93.4,94.5,93.9,92.1,90.0,89.0,89.5,91.4,406.6,406.5,406.5,406.5,406.5,406.8,406.6,406.6,410.8,408.1,405.6,404.4,404.7,405.9,407.6,406.2,404.9,404.7,406.0,408.3,407.4,407.4,407.4,407.4,407.3,407.4,407.4,407.4,400.9,401.6,402.4,402.7,402.5,401.7,401.0,400.8,401.4,400.5,399.9,399.9,401.0,403.3,405.4,403.2,400.6,398.9,398.9,400.1,402.1,402.2,402.5,402.9,403.0,402.8,402.5,402.2,73.3,131.7,423.6,-0.011,0.151,0.015,646.9,644.3,643.6,646.7,656.4,676.0,704.5,742.6,788.6,835.5,873.3,903.4,919.9,926.7,930.6,933.2,932.0,681.3,699.5,724.2,750.8,774.6,825.7,850.9,875.7,897.2,908.7,801.0,799.4,798.5,797.5,763.8,779.1,793.8,808.6,821.9,706.0,722.4,741.4,756.6,739.8,721.4,836.6,854.7,873.3,886.3,872.1,854.0,724.5,746.8,774.5,790.9,808.0,833.2,849.1,831.7,806.7,788.0,769.2,742.5,734.0,773.9,790.4,807.7,839.8,807.0,789.0,771.8,557.1,591.0,624.3,658.7,694.3,730.8,766.7,798.4,807.4,792.8,756.3,716.2,677.4,639.6,608.1,579.0,551.0,505.7,493.1,489.3,496.6,510.8,517.1,508.6,507.7,515.1,530.1,551.2,573.7,596.0,619.6,641.3,646.5,651.4,648.6,645.0,544.2,537.1,539.6,551.5,553.8,551.5,558.3,551.5,553.8,562.6,566.9,565.0,695.1,681.1,677.2,682.8,679.4,687.0,702.6,738.7,754.1,755.8,752.7,734.9,695.7,695.8,697.9,697.9,703.0,727.8,729.3,726.2,0.00,0.00,0.00,0.00,0.00,0.00,0.00,0.00,0.00,0.00,0.00,0.00,0.00,0.00,0.00,0.00,0.00,0.00,0.00,0.00,0.00,0.00,0.00,0.00,0.00,0.00,0.00,0.00,0.00,0.00,0.00,0.00,0.00,0.00,0.00
186,0,6.167,0.03,0,0.000000,0.000000,0.000000,0.000000,0.000000,0.000000,0.000,0.000,721.5,726.4,736.2,745.2,748.2,743.9,733.6,724.5,707.1,714.1,722.9,732.4,741.8,749.0,754.0,747.8,739.7,730.6,721.5,713.4,729.8,734.0,738.5,740.8,739.4,735.2,730.7,728.4,847.6,852.9,863.2,872.6,875.4,870.2,859.8,849.6,838.9,845.8,854.4,864.8,873.7,880.4,884.8,879.3,872.2,863.7,854.4,845.6,856.1,860.3,865.0,867.4,866.1,861.8,857.1,854.8,543.6,534.1,530.9,535.7,545.9,556.0,558.6,553.7,542.5,539.4,537.7,537.4,539.5,543.5,549.3,552.1,552.9,552.7,550.7,547.3,548.8,551.1,549.6,545.2,540.5,538.3,539.8,544.1,557.0,547.2,544.1,549.8,560.7,570.6,573.6,568.6,560.0,553.8,550.8,550.9,553.7,557.7,563.5,566.6,568.1,568.3,566.6,564.0,563.1,565.7,564.3,559.8,554.9,552.3,553.7,558.2,37.2,39.4,44.0,48.2,49.6,47.7,42.8,38.6,30.9,33.9,37.7,42.0,46.4,49.9,52.4,49.4,45.5,41.2,37.1,33.6,41.1,43.1,45.2,46.2,45.6,43.6,41.5,40.5,91.4,93.9,98.7,103.1,104.4,101.9,97.0,92.3,87.6,90.4,94.1,98.8,103.1,106.8,109.5,106.3,102.4,98.2,94.0,90.3,95.5,97.5,99.7,100.8,100.2,98.2,96.0,94.9,83.8,79.5,78.1,80.5,85.2,89.9,90.9,88.5,84.0,82.1,80.9,80.6,81.8,84.0,87.1,88.0,88.0,87.7,86.9,85.7,86.5,87.6,87.0,85.0,82.8,81.7,82.3,84.3,86.7,82.5,81.4,84.1,89.0,93.2,94.3,91.9,88.1,85.2,83.8,83.9,85.5,87.8,91.0,91.8,91.8,91.5,90.6,89.6,89.8,91.0,90.5,88.6,86.4,85.2,85.7,87.6,399.3,399.3,399.9,400.6,401.1,401.4,400.5,399.8,402.6,400.3,398.3,397.7,398.6,400.4,402.5,400.8,399.0,398.1,398.8,400.6,400.8,401.2,401.4,401.5,401.3,400.9,400.7,400.6,385.1,385.8,386.9,387.7,387.9,387.2,386.2,385.5,385.3,384.4,384.1,384.4,386.1,388.8,391.3,388.9,386.1,384.1,383.8,384.5,386.8,387.2,387.7,388.0,387.9,387.5,387.0,386.7,73.2,131.6,423.3,-0.009,0.156,0.015,647.1,644.5,643.7,646.9,656.6,676.1,704.7,742.8,788.7,835.6,873.3,903.3,919.7,926.6,930.6,933.4,932.3,681.7,700.0,724.7,751.4,775.1,825.7,850.9,875.8,897.3,908.8,801.1,799.3,798.2,797.1,763.5,778.7,793.4,808.2,821.4,706.0,722.4,741.3,756.4,739.7,721.4,836.8,854.9,873.4,886.4,872.1,854.1,724.8,747.0,774.5,790.4,806.9,831.8,847.8,830.3,805.5,787.4,769.1,742.7,734.2,773.9,789.9,806.5,838.6,805.8,788.4,771.8,557.3,591.1,624.4,658.8,694.5,731.0,766.9,798.4,807.3,792.5,755.9,715.9,677.2,639.6,608.3,579.5,551.8,505.4,492.7,489.0,496.5,510.8,517.1,508.7,507.8,515.4,530.3,551.2,573.7,596.1,619.7,641.1,646.4,651.2,648.5,644.8,543.9,536.9,539.4,551.3,553.5,551.1,558.2,551.7,554.0,562.7,566.9,565.0,695.0,681.0,677.1,682.7,679.3,686.9,702.5,738.8,754.1,755.8,752.8,735.0,695.5,695.3,697.4,697.4,702.9,728.1,729.6,726.6,0.00,0.00,0.00,0.00,0.00,0.00,0.00,0.00,0.00,0.00,0.00,0.00,0.00,0.00,0.00,0.00,0.00,0.00,0.00,0.00,0.00,0.00,0.00,0.00,0.00,0.00,0.00,0.00,0.00,0.00,0.00,0.00,0.00,0.00,0.00
187,0,6.200,0.03,0,0.000000,0.000000,0.000000,0.000000,0.000000,0.000000,0.000,0.000,721.1,725.9,735.4,744.1,746.9,742.6,732.6,723.9,706.9,714.1,722.8,732.3,741.4,748.4,753.0,747.1,739.2,730.1,721.1,713.0,729.4,733.1,737.1,739.1,738.0,734.3,730.3,728.3,847.3,852.6,862.9,872.2,875.1,869.9,859.5,849.4,839.6,845.8,853.9,863.9,873.1,880.3,885.4,879.4,871.7,863.1,853.8,845.5,856.3,860.4,864.9,867.3,866.0,861.9,857.3,855.0,544.1,534.9,531.7,536.4,546.3,556.1,558.6,553.9,542.3,539.1,537.7,537.5,539.6,543.5,549.0,552.0,552.8,552.5,550.5,547.1,548.7,550.7,549.4,545.5,541.4,539.4,540.7,544.6,557.4,547.8,544.9,550.3,560.9,570.4,573.4,568.7,559.4,553.4,550.7,550.9,553.8,557.9,564.0,567.2,568.6,568.6,566.6,563.8,563.3,565.7,564.4,560.2,555.5,553.1,554.4,558.7,38.0,40.2,44.8,49.0,50.4,48.4,43.6,39.4,31.6,34.8,38.7,43.1,47.5,51.0,53.4,50.4,46.5,42.1,38.0,34.3,42.1,43.9,45.8,46.7,46.1,44.4,42.4,41.5,94.1,96.6,101.4,105.6,106.8,104.3,99.5,95.0,90.7,93.2,96.7,101.2,105.5,109.3,112.2,108.9,104.8,100.5,96.4,93.1,98.3,100.2,102.3,103.4,102.9,101.0,98.9,97.8,86.2,81.9,80.6,83.0,87.8,92.5,93.4,91.0,86.1,84.1,83.1,82.9,84.1,86.3,89.4,90.4,90.3,90.0,89.2,87.9,88.8,89.8,89.3,87.4,85.4,84.4,85.0,86.8,89.6,85.4,84.1,86.5,91.2,95.4,96.7,94.6,90.6,87.6,86.2,86.2,87.7,90.0,93.3,94.2,94.3,94.0,93.2,92.3,92.4,93.5,93.0,91.1,89.0,87.9,88.5,90.4,410.0,410.0,410.6,411.5,412.2,412.6,411.6,410.7,413.2,410.8,408.9,408.4,409.6,411.5,413.8,412.0,409.9,409.0,409.5,411.2,411.8,412.1,412.4,412.4,412.1,411.7,411.4,411.5,397.0,397.6,398.0,397.9,397.4,396.8,396.4,396.7,397.7,396.5,395.7,395.2,396.1,398.0,400.0,398.0,395.7,394.3,394.6,396.2,397.8,397.7,397.9,398.2,398.4,398.4,398.2,398.0,73.0,131.4,422.9,-0.001,0.159,0.013,646.5,643.8,642.9,646.3,656.5,676.6,705.4,743.5,789.3,836.0,873.5,903.3,919.7,926.5,930.6,933.4,932.7,681.2,699.5,724.2,750.9,774.8,825.5,851.0,875.9,897.5,908.9,800.6,798.5,797.2,795.9,762.5,777.8,792.6,807.5,820.9,705.7,722.0,740.8,755.8,739.2,721.0,836.8,855.0,873.3,886.4,872.0,854.1,724.5,747.1,774.7,790.1,805.9,831.1,847.8,829.9,805.1,787.6,769.8,743.1,733.9,774.3,789.7,805.7,838.6,805.2,788.5,772.4,556.0,590.0,623.6,658.3,694.3,731.1,766.9,798.4,807.0,791.7,755.1,715.4,676.9,639.7,608.6,579.8,552.2,505.3,492.6,488.8,496.3,510.8,517.0,508.7,507.9,515.6,530.6,551.2,573.8,596.2,619.9,640.9,646.2,651.0,648.1,644.2,543.9,537.1,539.6,551.1,553.4,551.0,558.1,552.0,554.3,562.8,566.9,565.0,693.6,680.6,677.2,682.5,679.1,686.1,700.6,737.8,753.5,755.4,752.7,734.8,694.2,694.8,696.7,696.5,701.2,728.1,729.7,727.0,0.00,0.00,0.00,0.00,0.00,0.00,0.00,0.00,0.00,0.00,0.00,0.00,0.00,0.00,0.00,0.00,0.00,0.00,0.00,0.00,0.00,0.00,0.00,0.00,0.00,0.00,0.00,0.00,0.00,0.00,0.00,0.00,0.00,0.00,0.00
188,0,6.233,0.03,0,0.000000,0.000000,0.000000,0.000000,0.000000,0.000000,0.000,0.000,719.4,724.2,733.7,742.4,745.1,740.8,730.8,722.2,704.9,712.2,721.1,730.9,740.2,747.1,751.8,745.8,737.8,728.7,719.6,711.3,727.7,731.4,735.4,737.4,736.2,732.6,728.6,726.6,845.5,850.9,861.1,870.3,873.0,867.6,857.3,847.2,837.5,844.4,853.1,863.2,871.6,877.7,881.7,876.5,869.8,861.8,852.5,843.8,853.5,857.8,862.6,865.1,863.8,859.6,854.8,852.3,544.3,535.2,532.1,536.7,546.5,556.2,558.7,554.1,542.4,539.4,538.0,537.8,539.8,543.4,548.6,551.7,552.7,552.5,550.6,547.2,548.8,550.8,549.5,545.6,541.6,539.6,540.9,544.7,556.9,547.2,544.4,550.1,561.0,570.7,573.5,568.4,559.2,553.8,551.3,551.8,554.6,558.2,563.7,567.0,568.8,568.9,566.9,563.7,563.2,565.8,564.5,560.0,554.9,552.3,553.6,558.1,37.1,39.3,43.8,47.9,49.3,47.3,42.6,38.4,30.5,33.8,37.7,42.2,46.7,50.2,52.7,49.7,45.7,41.3,37.1,33.4,41.1,42.9,44.8,45.7,45.1,43.4,41.5,40.6,91.3,93.9,98.8,103.1,104.4,101.8,96.9,92.2,87.8,90.7,94.5,99.1,103.4,106.9,109.4,106.4,102.6,98.5,94.2,90.4,95.3,97.4,99.7,100.9,100.3,98.2,95.9,94.7,86.0,81.7,80.3,82.7,87.5,92.2,93.2,90.8,85.8,83.9,82.8,82.6,83.7,85.9,88.9,89.9,89.9,89.7,88.9,87.7,88.5,89.5,88.9,87.1,85.1,84.1,84.7,86.5,87.5,83.3,82.3,85.1,90.1,94.2,95.2,92.7,88.6,86.0,84.9,85.2,86.8,89.1,92.1,93.1,93.2,92.7,91.7,90.4,90.7,92.0,91.5,89.6,87.3,86.0,86.5,88.4,408.3,408.0,408.5,409.5,410.4,411.1,410.2,409.2,411.6,409.1,407.0,406.4,407.7,409.8,412.3,410.4,408.4,407.5,408.0,409.6,410.1,410.6,410.8,410.6,410.3,409.8,409.6,409.8,388.8,389.5,390.7,391.8,392.1,391.4,390.2,389.3,389.0,388.2,388.1,388.7,390.5,393.3,395.9,393.5,390.6,388.5,387.9,388.4,390.7,391.2,391.7,392.1,391.9,391.4,390.9,390.5,72.5,131.4,422.5,0.009,0.165,0.008,645.4,642.9,642.3,645.9,656.5,676.9,705.7,743.6,789.3,835.9,873.3,903.1,919.6,926.7,930.7,933.4,932.6,680.1,698.8,723.7,750.6,774.4,823.5,849.5,875.0,896.9,908.2,799.1,797.1,795.7,794.5,761.6,776.7,791.3,806.0,819.2,704.5,720.7,739.3,754.1,737.7,719.7,835.3,853.1,871.2,884.2,869.8,852.2,724.9,746.8,773.9,788.8,804.1,829.0,845.6,828.0,803.5,786.5,769.3,742.9,734.1,773.6,788.5,804.0,836.6,803.7,787.4,771.8,555.9,590.1,623.9,658.8,694.9,731.4,766.9,798.6,807.3,792.0,755.5,716.1,677.7,640.3,608.8,579.7,552.0,504.5,492.0,488.4,496.1,510.8,517.0,508.7,507.9,515.8,530.8,551.5,574.1,596.3,619.9,640.7,646.1,650.9,648.0,644.0,544.0,537.2,539.7,550.9,553.3,550.9,558.2,552.2,554.6,562.9,566.9,565.0,693.5,680.5,677.3,682.5,679.3,686.1,700.4,738.2,753.9,755.7,752.9,734.9,693.9,694.2,696.0,695.8,701.0,729.3,731.0,728.3,0.00,0.00,0.00,0.00,0.00,0.00,0.00,0.00,0.00,0.00,0.00,0.00,0.00,0.00,0.00,0.00,0.00,0.00,0.00,0.00,0.00,0.00,0.00,0.00,0.00,0.00,0.00,0.00,0.00,0.00,0.00,0.00,0.00,0.00,0.00
189,0,6.267,0.03,0,0.000000,0.000000,0.000000,0.000000,0.000000,0.000000,0.000,0.000,719.7,724.5,733.8,742.3,744.9,740.5,730.8,722.3,704.2,712.1,721.3,731.4,740.5,747.0,751.3,745.6,737.8,728.7,719.5,710.9,727.7,731.2,735.1,737.1,736.0,732.5,728.6,726.6,845.0,850.2,860.3,869.4,872.3,867.2,857.1,847.0,836.8,843.8,852.6,862.6,871.1,877.4,881.5,876.4,869.6,861.4,852.1,843.2,853.4,857.5,861.9,864.2,862.9,858.9,854.4,852.1,544.7,535.5,532.3,536.9,546.6,556.4,559.0,554.4,542.4,539.4,538.2,538.0,540.1,543.6,548.5,551.9,552.9,552.7,550.8,547.4,549.1,551.0,549.7,545.8,541.8,539.9,541.2,545.0,557.6,548.0,545.1,550.7,561.4,571.1,573.9,569.0,560.0,554.3,551.6,551.7,554.5,558.6,564.3,567.4,568.9,568.8,567.0,564.3,563.6,566.1,564.8,560.6,555.8,553.4,554.6,558.9,36.9,39.1,43.5,47.6,48.9,47.0,42.3,38.2,30.0,33.4,37.6,42.2,46.6,49.9,52.2,49.3,45.4,41.0,36.8,32.9,40.8,42.5,44.4,45.3,44.8,43.0,41.2,40.3,91.3,93.8,98.6,103.0,104.3,101.7,96.9,92.2,87.7,90.6,94.5,99.1,103.4,106.9,109.5,106.5,102.6,98.4,94.1,90.3,95.4,97.4,99.5,100.6,100.1,98.1,96.0,94.9,85.5,81.3,79.9,82.3,87.1,91.7,92.7,90.2,85.0,83.2,82.3,82.2,83.4,85.6,88.4,89.6,89.5,89.1,88.3,87.0,88.0,89.0,88.5,86.7,84.7,83.7,84.3,86.0,88.0,83.9,82.9,85.6,90.4,94.5,95.5,93.1,89.1,86.4,85.2,85.4,87.0,89.4,92.6,93.4,93.3,92.8,91.9,90.8,91.1,92.3,91.8,90.0,87.9,86.7,87.1,89.0,405.2,405.1,405.9,407.2,408.3,408.8,407.5,406.2,408.1,405.7,404.0,403.8,405.4,407.8,410.4,408.3,406.0,404.7,404.9,406.2,407.3,407.9,408.2,408.2,407.8,407.2,406.8,406.9,389.7,390.6,391.9,392.8,392.8,391.8,390.5,389.8,389.8,389.1,389.0,389.6,391.3,394.2,396.7,394.1,391.0,388.9,388.3,389.0,391.3,391.7,392.3,392.7,392.7,392.4,391.8,391.4,72.3,131.1,421.8,0.013,0.167,0.006,645.0,642.6,642.0,645.8,656.7,677.4,706.5,744.4,790.1,836.7,874.0,903.5,919.8,926.6,930.5,933.3,932.5,679.7,698.3,723.2,750.0,773.8,823.5,849.6,875.1,897.0,908.1,798.8,796.7,795.3,793.9,761.1,776.2,791.0,805.8,819.0,704.3,720.4,739.0,753.9,737.4,719.5,834.9,852.8,870.9,884.0,869.6,851.9,724.5,746.3,773.5,788.5,803.9,828.9,845.8,828.1,803.6,786.5,769.2,742.7,733.6,773.4,788.3,803.9,836.7,803.8,787.3,771.7,554.5,589.1,623.3,658.7,695.0,731.7,767.2,798.5,806.8,791.1,754.4,715.0,676.7,639.6,608.3,579.4,551.8,504.6,492.1,488.4,496.0,510.7,516.9,508.7,507.9,515.8,530.9,551.6,574.2,596.4,620.0,640.8,646.1,650.9,648.0,643.9,544.2,537.5,540.0,551.1,553.5,551.1,558.4,552.4,554.8,563.0,567.0,565.2,693.5,680.7,677.5,682.6,679.4,686.1,700.1,738.0,753.8,755.7,753.0,735.1,694.0,694.3,696.1,695.9,700.8,729.1,730.9,728.3,0.00,0.00,0.00,0.00,0.00,0.00,0.00,0.00,0.00,0.00,0.00,0.00,0.00,0.00,0.00,0.00,0.00,0.00,0.00,0.00,0.00,0.00,0.00,0.00,0.00,0.00,0.00,0.00,0.00,0.00,0.00,0.00,0.00,0.00,0.00
190,0,6.300,0.03,0,0.000000,0.000000,0.000000,0.000000,0.000000,0.000000,0.000,0.000,717.6,722.4,732.2,741.3,744.4,740.1,729.8,720.7,703.6,711.2,720.3,730.2,739.6,746.6,751.3,745.3,737.2,727.9,718.7,710.2,726.1,730.1,734.5,736.7,735.3,731.2,726.8,724.7,843.4,848.7,859.0,868.2,870.9,865.6,855.3,845.3,836.1,842.7,851.1,861.0,869.8,876.6,881.3,875.5,868.2,859.7,850.5,842.1,851.8,856.1,860.9,863.4,862.1,857.8,853.0,850.5,545.1,535.6,532.1,536.7,546.7,556.9,559.7,555.1,542.7,539.9,538.6,538.5,540.4,543.9,549.0,552.2,553.3,553.2,551.1,547.6,549.8,551.9,550.3,546.1,541.6,539.5,541.1,545.3,557.9,548.4,545.5,550.9,561.4,571.0,573.9,569.1,558.8,553.9,551.8,552.3,555.1,558.7,564.0,567.2,568.7,568.8,566.6,563.5,563.9,566.4,565.0,560.6,555.6,553.1,554.4,558.9,35.4,37.5,42.0,46.3,47.8,45.9,41.1,36.8,29.2,32.5,36.5,40.9,45.3,48.8,51.2,48.2,44.3,40.0,35.8,32.1,39.4,41.3,43.3,44.3,43.6,41.7,39.7,38.7,92.7,95.2,100.0,104.3,105.6,103.1,98.3,93.7,89.6,92.3,95.9,100.4,104.8,108.5,111.3,108.1,104.1,99.8,95.6,92.0,96.9,98.9,101.2,102.3,101.7,99.7,97.4,96.3,84.3,79.9,78.4,80.8,85.5,90.3,91.4,89.1,83.8,82.0,81.1,80.9,82.1,84.1,87.0,88.1,88.1,87.8,87.0,85.7,86.9,87.9,87.3,85.3,83.1,82.1,82.8,84.7,90.2,85.9,84.7,87.3,92.1,96.4,97.6,95.4,90.8,88.3,87.2,87.4,89.0,91.2,94.1,95.1,95.2,94.8,93.8,92.7,93.2,94.5,93.9,91.9,89.6,88.4,89.0,91.0,398.6,398.3,398.8,399.8,400.8,401.4,400.6,399.6,401.5,399.1,397.2,396.8,398.1,400.3,402.8,400.9,398.8,397.8,398.2,399.7,400.5,400.9,401.2,401.0,400.6,400.2,399.9,400.1,399.0,399.2,399.7,400.2,400.3,400.0,399.5,399.3,399.6,398.4,397.7,397.7,399.0,401.3,403.8,401.5,399.1,397.4,397.3,398.5,400.2,400.4,400.7,400.8,400.8,400.6,400.3,400.2,71.9,130.8,420.8,0.012,0.171,0.001,644.3,642.0,641.6,645.7,657.0,678.1,707.4,745.2,791.0,837.6,874.8,904.3,920.2,926.7,930.3,932.8,931.7,678.8,697.6,722.4,749.2,773.1,822.2,848.4,874.3,896.4,907.5,798.1,796.0,794.6,793.3,760.5,775.7,790.5,805.3,818.6,703.8,719.9,738.4,753.3,736.9,718.9,833.6,851.5,869.7,882.9,868.2,850.6,723.8,745.7,772.9,787.9,803.3,828.5,845.8,827.9,803.2,786.2,768.9,742.3,732.9,772.9,787.8,803.4,836.7,803.3,787.0,771.4,554.6,589.2,623.8,659.5,695.9,732.5,767.9,799.0,807.0,791.1,754.0,714.3,676.0,638.9,607.7,578.9,551.3,504.6,492.2,488.5,496.2,511.0,517.1,508.6,507.8,515.9,531.2,551.8,574.3,596.4,619.9,641.1,646.3,651.0,648.2,644.1,544.4,537.9,540.3,551.3,553.7,551.4,558.4,552.5,554.9,563.0,567.0,565.1,693.4,681.0,677.9,683.0,679.8,686.3,699.9,737.9,753.7,755.7,752.9,734.9,693.9,694.7,696.5,696.2,700.5,728.9,730.7,728.1,0.00,0.00,0.00,0.00,0.00,0.00,0.00,0.00,0.00,0.00,0.00,0.00,0.00,0.00,0.00,0.00,0.00,0.00,0.00,0.00,0.00,0.00,0.00,0.00,0.00,0.00,0.00,0.00,0.00,0.00,0.00,0.00,0.00,0.00,0.00
191,0,6.333,0.03,0,0.000000,0.000000,0.000000,0.000000,0.000000,0.000000,0.000,0.000,717.2,721.9,731.5,740.3,743.2,739.0,728.9,720.1,703.9,711.2,720.0,729.8,739.0,745.7,750.0,744.0,736.0,726.9,718.0,709.9,725.4,729.4,733.6,735.7,734.4,730.5,726.3,724.2,843.5,848.6,858.7,867.9,870.8,865.7,855.6,845.6,836.2,842.3,850.4,860.4,869.6,876.7,881.7,875.8,868.3,859.7,850.4,842.0,852.2,856.3,860.9,863.2,861.9,857.7,853.2,850.9,545.2,536.0,532.8,537.4,547.3,557.1,559.7,555.0,543.5,540.3,539.0,538.9,541.1,544.9,550.4,553.4,554.3,553.9,551.9,548.4,550.0,552.1,550.7,546.6,542.2,540.1,541.6,545.7,558.5,549.1,546.1,551.3,561.7,571.1,574.1,569.5,560.3,554.5,551.7,551.8,554.7,558.7,564.8,567.8,569.2,569.2,567.3,564.6,564.2,566.6,565.2,561.0,556.4,554.0,555.4,559.6,36.0,38.2,42.7,46.9,48.3,46.4,41.6,37.4,30.0,33.2,37.2,41.7,46.1,49.5,51.8,48.7,44.7,40.4,36.3,32.7,40.0,41.9,43.9,44.9,44.2,42.4,40.3,39.4,93.1,95.6,100.3,104.5,105.8,103.3,98.6,94.1,90.0,92.5,96.0,100.5,104.9,108.8,111.6,108.3,104.3,100.0,95.8,92.3,97.3,99.2,101.3,102.4,101.9,100.0,97.9,96.8,86.4,82.0,80.6,83.0,87.7,92.4,93.4,91.1,86.2,84.2,83.2,83.1,84.3,86.6,89.6,90.6,90.6,90.2,89.4,88.1,89.0,90.0,89.4,87.5,85.4,84.3,84.9,86.9,90.8,86.6,85.3,87.7,92.4,96.6,97.9,95.9,91.8,88.9,87.4,87.4,89.0,91.3,94.6,95.5,95.6,95.2,94.4,93.5,93.7,94.7,94.2,92.3,90.2,89.1,89.7,91.6,408.0,407.9,408.4,409.2,409.8,410.3,409.4,408.6,411.0,408.6,406.7,406.2,407.5,409.5,411.9,410.0,408.0,407.1,407.6,409.1,409.6,410.0,410.2,410.2,409.9,409.5,409.3,409.3,400.4,400.8,401.2,401.2,400.9,400.5,400.1,400.4,401.2,400.0,399.2,398.9,399.8,402.0,404.1,402.0,399.7,398.2,398.4,399.8,401.3,401.3,401.4,401.6,401.8,401.8,401.6,401.4,71.8,131.1,420.8,0.012,0.173,-0.001,644.1,642.0,641.7,645.9,657.2,678.2,707.7,745.6,791.4,838.2,875.2,904.5,920.3,926.7,930.4,932.9,931.9,678.5,697.3,721.9,748.6,772.5,822.6,848.7,874.4,896.3,907.2,798.0,795.9,794.5,793.2,760.4,775.6,790.4,805.1,818.3,703.3,719.4,738.0,753.0,736.5,718.4,833.5,851.5,869.7,883.0,868.4,850.6,723.8,745.4,772.4,787.4,802.8,827.9,845.1,827.3,802.8,785.7,768.4,741.9,732.8,772.5,787.3,802.9,836.1,803.0,786.6,771.0,556.2,590.7,625.1,660.6,696.7,733.1,768.3,799.2,807.2,791.0,753.8,714.1,675.8,638.9,608.0,579.5,552.2,505.6,493.1,489.1,496.5,511.0,517.0,508.7,507.9,516.0,531.3,552.3,575.0,597.5,621.2,642.0,647.1,651.9,649.1,645.0,545.2,538.5,541.0,552.3,554.6,552.3,559.1,552.9,555.2,563.4,567.6,565.8,693.8,681.2,678.1,683.3,680.0,686.6,700.3,738.2,754.0,756.0,753.2,735.2,694.2,694.8,696.6,696.3,700.9,729.4,731.2,728.6,0.00,0.00,0.00,0.00,0.00,0.00,0.00,0.00,0.00,0.00,0.00,0.00,0.00,0.00,0.00,0.00,0.00,0.00,0.00,0.00,0.00,0.00,0.00,0.00,0.00,0.00,0.00,0.00,0.00,0.00,0.00,0.00,0.00,0.00,0.00
192,0,6.367,0.03,0,0.000000,0.000000,0.000000,0.000000,0.000000,0.000000,0.000,0.000,716.8,721.6,731.4,740.3,743.2,738.9,728.7,719.7,702.9,710.5,719.8,730.0,739.5,746.3,750.8,744.8,736.7,727.4,718.0,709.5,725.2,729.2,733.4,735.5,734.3,730.3,726.1,724.0,842.9,848.1,858.5,867.9,870.9,865.6,855.3,845.0,835.7,842.1,850.5,860.7,869.8,876.7,881.6,875.9,868.6,860.1,850.6,841.9,851.6,855.9,860.7,863.1,861.7,857.4,852.6,850.2,546.9,537.5,534.2,538.8,548.7,558.6,561.4,556.7,544.8,542.0,540.9,540.8,542.9,546.4,551.4,554.4,555.3,555.1,553.1,549.7,551.5,553.5,552.0,547.9,543.6,541.6,543.0,547.1,558.7,549.0,545.9,551.3,562.0,571.7,574.8,570.1,560.1,554.8,552.4,552.7,555.5,559.2,564.8,568.0,569.6,569.6,567.7,564.7,564.7,567.2,565.7,561.3,556.4,553.9,555.3,559.8,35.0,37.2,41.7,45.9,47.3,45.4,40.7,36.5,28.9,32.2,36.3,40.9,45.3,48.7,51.1,48.1,44.2,39.8,35.6,31.8,39.1,40.9,42.9,43.8,43.2,41.3,39.4,38.4,90.9,93.3,98.1,102.4,103.7,101.3,96.5,91.9,87.7,90.4,94.0,98.5,102.9,106.7,109.5,106.3,102.4,98.1,93.9,90.2,95.0,97.0,99.2,100.4,99.8,97.8,95.6,94.4,85.2,80.9,79.4,81.8,86.5,91.2,92.3,90.0,84.9,83.1,82.2,82.1,83.3,85.4,88.3,89.2,89.2,88.8,88.0,86.8,87.7,88.8,88.1,86.2,84.1,83.1,83.7,85.7,89.0,84.7,83.5,86.0,90.8,95.0,96.3,94.1,89.7,87.1,85.9,86.0,87.6,89.8,92.8,93.7,93.9,93.5,92.6,91.5,91.9,93.1,92.5,90.6,88.4,87.2,87.8,89.7,399.1,398.7,399.1,400.1,401.1,401.9,401.1,400.1,402.1,399.6,397.7,397.3,398.7,401.0,403.5,401.6,399.5,398.4,398.8,400.2,401.0,401.4,401.6,401.4,400.9,400.5,400.3,400.5,391.8,392.3,392.9,393.2,393.1,392.7,392.1,392.0,392.3,391.2,390.6,390.6,391.9,394.2,396.6,394.4,391.9,390.1,390.0,391.2,393.0,393.2,393.4,393.7,393.7,393.5,393.3,393.1,71.9,131.3,421.1,0.025,0.169,-0.006,643.7,641.6,641.3,645.3,656.4,677.3,706.8,745.1,791.3,838.2,875.6,905.1,920.9,927.0,930.3,932.6,931.6,677.8,696.1,720.6,747.2,771.3,822.2,848.1,873.5,895.3,906.6,797.4,795.4,794.1,792.9,760.4,775.6,790.4,805.2,818.5,703.1,719.2,737.9,753.0,736.5,718.4,833.3,851.3,869.6,883.0,868.4,850.6,723.5,745.4,772.5,787.9,803.7,829.1,846.5,828.7,804.1,786.6,768.9,742.3,732.7,772.6,787.9,803.9,837.4,804.0,787.2,771.2,555.3,589.6,623.6,658.9,694.9,731.4,766.9,798.0,806.0,789.9,752.9,713.3,675.1,638.2,607.2,578.5,550.7,507.0,494.4,490.4,497.7,512.0,517.5,508.9,507.8,515.6,530.8,553.2,575.9,598.4,622.2,643.1,648.1,652.8,649.8,645.7,546.6,539.9,542.3,553.4,555.9,553.7,559.5,553.4,555.5,563.5,567.9,566.3,694.7,682.5,679.4,684.5,681.1,687.3,700.5,737.9,753.8,755.9,753.3,735.6,695.1,696.4,698.2,697.7,701.3,729.0,730.9,728.3,0.00,0.00,0.00,0.00,0.00,0.00,0.00,0.00,0.00,0.00,0.00,0.00,0.00,0.00,0.00,0.00,0.00,0.00,0.00,0.00,0.00,0.00,0.00,0.00,0.00,0.00,0.00,0.00,0.00,0.00,0.00,0.00,0.00,0.00,0.00
193,0,6.400,0.03,0,0.000000,0.000000,0.000000,0.000000,0.000000,0.000000,0.000,0.000,716.9,721.6,731.2,739.9,742.6,738.3,728.3,719.7,703.2,710.6,719.5,729.5,738.9,745.5,749.7,743.7,735.7,726.5,717.6,709.5,725.0,728.9,733.1,735.2,734.0,730.1,725.9,723.8,843.1,848.0,858.2,867.5,870.6,865.6,855.5,845.4,835.9,842.1,850.3,860.3,869.4,876.4,881.4,875.7,868.3,859.9,850.5,841.9,851.9,856.1,860.7,862.9,861.5,857.3,852.7,850.5,546.9,537.8,534.6,539.2,548.8,558.5,561.1,556.5,544.7,541.8,540.7,540.6,542.6,546.0,551.0,554.3,555.4,555.2,553.2,549.7,551.4,553.5,552.0,548.0,543.7,541.7,543.1,547.2,559.4,549.9,546.7,551.8,562.2,571.8,574.9,570.5,560.5,555.1,552.6,552.8,555.5,559.3,565.0,568.2,569.7,569.7,567.9,565.1,565.1,567.4,566.0,561.6,556.9,554.6,556.1,560.4,35.9,38.1,42.5,46.7,48.1,46.2,41.4,37.3,29.7,33.0,37.0,41.6,46.1,49.4,51.7,48.7,44.7,40.3,36.2,32.5,39.9,41.7,43.7,44.7,44.1,42.2,40.2,39.2,92.7,95.1,99.8,104.2,105.5,103.1,98.4,93.8,89.6,92.2,95.7,100.2,104.7,108.5,111.4,108.1,104.1,99.9,95.6,92.0,97.0,98.9,101.1,102.1,101.5,99.6,97.4,96.4,87.2,82.9,81.5,83.8,88.6,93.3,94.3,92.0,86.9,85.0,84.0,83.9,85.1,87.2,90.1,91.2,91.3,91.0,90.1,88.8,89.8,90.8,90.2,88.3,86.1,85.1,85.7,87.7,91.1,86.8,85.4,87.8,92.5,96.8,98.1,96.1,91.7,89.0,87.7,87.7,89.2,91.4,94.6,95.5,95.6,95.3,94.4,93.5,93.9,94.9,94.3,92.4,90.3,89.2,89.8,91.7,408.5,408.0,408.4,409.4,410.4,411.3,410.5,409.5,411.5,408.9,407.0,406.5,407.9,410.1,412.7,410.8,408.8,407.8,408.2,409.7,410.3,410.8,410.9,410.7,410.3,409.8,409.6,409.9,399.5,400.0,400.4,400.6,400.3,399.9,399.4,399.5,400.2,399.1,398.3,398.1,399.2,401.4,403.7,401.5,399.1,397.5,397.5,398.9,400.5,400.6,400.8,401.0,401.1,401.0,400.8,400.6,71.9,131.3,421.1,0.021,0.168,-0.003,643.6,641.5,641.2,645.2,656.3,677.0,706.5,744.7,790.8,837.8,875.2,904.8,920.7,927.0,930.3,932.8,931.8,677.8,696.1,720.6,747.3,771.4,822.6,848.7,874.3,896.1,907.2,797.5,795.6,794.3,793.1,760.5,775.7,790.5,805.2,818.5,703.0,719.2,737.9,752.9,736.4,718.3,833.3,851.3,869.6,883.0,868.4,850.6,723.9,745.5,772.5,787.8,803.7,828.8,845.8,828.4,803.9,786.4,768.7,742.3,733.1,772.5,787.8,803.8,836.7,803.9,787.1,771.1,555.8,590.1,624.1,659.1,695.0,731.3,766.7,797.9,806.0,790.0,753.0,713.5,675.2,638.3,607.4,578.7,551.0,507.1,494.5,490.5,497.8,512.0,517.6,509.2,508.1,516.2,531.4,553.3,576.1,598.6,622.4,643.1,648.1,652.8,649.8,645.8,546.5,540.0,542.4,553.3,555.8,553.6,559.6,553.6,555.8,563.7,568.0,566.3,695.1,682.5,679.2,684.4,680.9,687.5,701.1,738.2,754.0,756.1,753.3,735.7,695.5,696.3,698.2,697.8,701.7,728.9,730.7,728.1,0.00,0.00,0.00,0.00,0.00,0.00,0.00,0.00,0.00,0.00,0.00,0.00,0.00,0.00,0.00,0.00,0.00,0.00,0.00,0.00,0.00,0.00,0.00,0.00,0.00,0.00,0.00,0.00,0.00,0.00,0.00,0.00,0.00,0.00,0.00
194,0,6.433,0.03,0,0.000000,0.000000,0.000000,0.000000,0.000000,0.000000,0.000,0.000,717.5,722.2,731.8,740.8,743.9,739.7,729.6,720.6,703.1,710.8,720.1,730.1,739.5,746.3,750.6,744.8,736.8,727.6,718.3,709.8,725.9,729.9,734.1,736.2,734.8,730.8,726.6,724.5,843.4,848.8,859.1,868.2,870.9,865.5,855.2,845.2,835.7,842.6,851.1,861.2,870.1,876.7,881.3,875.9,869.0,860.7,851.2,842.1,851.8,855.9,860.5,862.9,861.7,857.6,853.0,850.6,547.8,538.3,534.7,539.2,549.1,559.3,562.2,557.7,545.9,543.2,542.1,542.0,543.8,547.1,551.9,555.1,556.1,556.0,554.1,550.7,552.3,554.3,552.8,548.6,544.2,542.2,543.8,548.0,558.6,549.0,546.4,552.1,562.9,572.4,575.1,570.0,559.6,555.4,553.6,554.1,556.8,560.3,565.4,568.9,570.5,570.4,568.2,564.9,564.8,567.4,566.2,561.9,557.1,554.5,555.7,560.0,35.4,37.5,41.9,46.2,47.7,45.8,41.1,36.9,29.0,32.3,36.4,40.9,45.4,48.7,51.1,48.1,44.2,39.9,35.7,31.9,39.4,41.2,43.2,44.2,43.5,41.6,39.6,38.7,90.3,92.9,97.7,102.0,103.1,100.5,95.7,91.1,86.9,89.8,93.5,98.1,102.4,106.1,108.9,105.7,101.9,97.7,93.3,89.5,94.4,96.3,98.4,99.6,99.1,97.2,95.0,93.8,85.7,81.3,79.8,82.1,86.8,91.6,92.7,90.4,85.4,83.7,82.8,82.7,83.8,85.8,88.6,89.6,89.6,89.3,88.4,87.2,88.2,89.2,88.5,86.6,84.5,83.5,84.1,86.1,88.2,84.1,83.1,85.8,90.6,94.7,95.6,93.2,88.7,86.6,85.7,86.0,87.6,89.7,92.7,93.6,93.6,93.1,92.0,90.8,91.3,92.5,92.1,90.2,88.1,86.8,87.3,89.1,399.1,399.0,399.6,400.8,401.7,402.2,401.2,400.0,401.9,399.5,397.8,397.5,399.0,401.3,403.9,401.9,399.7,398.5,398.8,400.1,401.1,401.6,401.9,401.8,401.4,400.9,400.6,400.7,388.4,389.2,390.3,390.9,390.8,389.9,388.9,388.5,388.6,387.8,387.4,387.8,389.5,392.1,394.8,392.1,389.2,387.2,386.7,387.5,389.8,390.1,390.6,391.0,391.0,390.7,390.3,389.9,72.3,132.0,422.0,0.019,0.160,-0.003,644.0,641.8,641.4,645.3,656.2,676.8,705.8,744.1,790.3,837.4,875.1,904.9,921.0,927.0,930.0,932.4,931.2,677.9,695.9,720.4,747.2,771.4,822.7,848.9,874.4,896.3,907.5,797.7,796.0,795.0,794.0,761.4,776.6,791.3,806.0,819.2,703.2,719.3,738.0,753.2,736.7,718.7,833.7,851.7,869.9,883.3,868.6,850.9,724.8,746.8,773.7,789.1,804.8,829.8,846.7,829.4,805.1,787.8,770.1,743.7,734.2,773.7,789.1,805.0,837.4,804.8,788.2,772.2,557.1,590.9,624.4,659.0,694.7,731.0,766.6,798.0,806.4,790.6,753.5,713.4,675.0,637.8,606.8,578.2,550.5,507.6,495.3,491.3,498.6,512.6,518.4,509.7,508.6,516.5,531.7,553.9,576.9,599.7,623.7,644.6,649.6,654.2,651.1,647.0,547.5,541.2,543.4,553.8,556.6,554.5,559.7,554.4,556.8,564.3,568.6,566.7,697.4,685.0,681.4,686.7,683.1,689.7,703.0,739.3,754.6,756.7,754.0,736.9,697.9,699.5,701.3,700.9,703.7,728.2,729.8,727.3,0.00,0.00,0.00,0.00,0.00,0.00,0.00,0.00,0.00,0.00,0.00,0.00,0.00,0.00,0.00,0.00,0.00,0.00,0.00,0.00,0.00,0.00,0.00,0.00,0.00,0.00,0.00,0.00,0.00,0.00,0.00,0.00,0.00,0.00,0.00
195,0,6.467,0.03,0,0.000000,0.000000,0.000000,0.000000,0.000000,0.000000,0.000,0.000,717.7,722.5,732.3,741.3,744.3,740.0,729.8,720.8,703.3,711.0,720.3,730.4,739.9,746.7,751.0,744.9,736.8,727.4,718.2,709.8,726.2,730.1,734.4,736.5,735.2,731.2,726.9,724.9,844.3,849.2,859.3,868.7,871.9,866.9,856.8,846.6,836.7,843.1,851.3,861.4,870.5,877.3,882.1,876.6,869.6,861.5,851.9,843.0,852.9,857.2,861.9,864.1,862.7,858.4,853.7,851.4,548.3,538.9,535.4,539.8,549.7,559.7,562.7,558.2,545.8,543.1,542.2,542.2,544.1,547.4,552.3,555.6,556.8,556.6,554.5,550.9,552.7,554.7,553.2,549.0,544.7,542.7,544.3,548.4,560.8,551.1,547.9,553.0,563.6,573.3,576.5,572.0,561.0,556.1,553.9,554.2,556.9,560.5,566.1,569.5,571.2,571.3,569.3,566.2,566.6,569.0,567.5,563.0,558.2,555.8,557.2,561.7,35.3,37.4,41.9,46.1,47.6,45.7,41.0,36.7,28.9,32.2,36.3,40.8,45.3,48.7,50.9,47.9,44.0,39.6,35.5,31.7,39.3,41.2,43.1,44.1,43.4,41.6,39.6,38.7,92.1,94.5,99.2,103.6,105.0,102.6,97.8,93.2,88.7,91.4,95.0,99.6,104.0,107.7,110.6,107.5,103.6,99.4,95.1,91.3,96.3,98.3,100.5,101.6,101.0,98.9,96.7,95.6,85.5,81.1,79.6,81.9,86.6,91.4,92.5,90.2,84.9,83.2,82.4,82.3,83.5,85.5,88.2,89.4,89.4,89.1,88.2,86.9,87.9,88.9,88.2,86.3,84.2,83.2,83.9,85.8,90.5,86.3,85.0,87.5,92.2,96.4,97.7,95.6,90.7,88.3,87.1,87.3,88.9,91.0,94.2,95.2,95.3,94.9,93.9,92.7,93.4,94.6,94.0,92.0,89.8,88.7,89.3,91.2,397.1,396.6,397.1,398.3,399.4,400.3,399.4,398.2,399.9,397.4,395.6,395.2,396.7,399.0,401.6,399.8,397.6,396.6,396.9,398.2,399.0,399.6,399.8,399.6,399.1,398.6,398.3,398.5,394.4,395.0,395.8,396.4,396.3,395.7,394.8,394.5,394.8,393.8,393.3,393.5,394.9,397.3,399.9,397.4,394.8,392.9,392.6,393.6,395.7,396.0,396.3,396.6,396.7,396.4,396.1,395.8,72.3,132.3,422.2,0.013,0.158,0.003,644.5,642.2,641.8,645.5,656.0,676.1,704.6,742.6,788.8,836.0,874.1,904.1,920.5,927.0,930.2,932.6,931.2,678.7,696.7,721.1,747.8,772.0,823.2,849.3,874.9,896.8,908.1,798.4,796.8,795.9,794.9,761.6,776.9,791.7,806.6,820.0,703.3,719.5,738.3,753.6,737.0,718.9,834.3,852.4,870.8,884.1,869.4,851.6,723.6,745.5,772.2,788.7,805.7,830.9,847.2,829.8,805.1,786.4,767.6,741.8,733.1,771.8,788.3,805.5,837.9,805.0,787.2,770.1,558.0,591.7,624.8,658.9,694.1,730.1,765.6,797.0,805.9,791.2,754.8,714.8,676.2,638.5,607.1,577.8,549.2,508.3,496.0,492.1,499.4,513.1,518.9,510.1,509.0,517.0,532.4,554.2,577.1,599.8,623.7,644.9,650.0,654.8,652.0,648.2,547.7,541.4,543.5,554.3,556.9,554.9,560.4,554.8,557.2,565.0,569.4,567.5,698.9,686.0,682.3,688.1,684.6,691.8,706.2,740.8,755.5,757.1,753.8,736.5,699.5,700.9,703.1,703.1,706.5,728.9,730.2,727.1,0.00,0.00,0.00,0.00,0.00,0.00,0.00,0.00,0.00,0.00,0.00,0.00,0.00,0.00,0.00,0.00,0.00,0.00,0.00,0.00,0.00,0.00,0.00,0.00,0.00,0.00,0.00,0.00,0.00,0.00,0.00,0.00,0.00,0.00,0.00
196,0,6.500,0.03,0,0.000000,0.000000,0.000000,0.000000,0.000000,0.000000,0.000,0.000,717.6,722.4,732.2,741.4,744.5,740.2,729.9,720.7,703.2,710.9,720.2,730.4,740.0,746.9,751.3,745.2,737.1,727.7,718.3,709.7,726.2,730.2,734.5,736.6,735.2,731.2,726.9,724.8,844.2,849.6,860.0,869.3,872.2,866.8,856.4,846.2,836.8,843.4,851.7,861.9,871.0,877.8,882.8,877.0,869.7,861.4,851.9,843.0,852.7,857.1,862.0,864.5,863.1,858.8,853.9,851.4,548.0,538.3,534.7,539.4,549.5,559.8,562.7,558.1,546.0,543.2,542.1,542.0,544.1,547.6,552.7,555.9,556.8,556.6,554.5,551.0,552.6,554.6,553.1,548.9,544.4,542.4,544.0,548.2,560.1,550.4,547.5,553.0,563.8,573.5,576.4,571.5,560.1,555.7,554.0,554.6,557.4,560.8,566.1,569.6,571.3,571.4,569.1,565.6,566.2,568.8,567.5,562.9,557.9,555.3,556.7,561.2,34.9,37.0,41.5,45.7,47.2,45.4,40.6,36.3,28.6,31.9,35.9,40.4,44.9,48.3,50.6,47.6,43.7,39.3,35.1,31.4,38.9,40.8,42.7,43.7,43.0,41.2,39.2,38.3,91.2,93.7,98.5,102.8,104.1,101.6,96.7,92.1,88.0,90.6,94.2,98.7,103.2,106.8,109.8,106.5,102.6,98.4,94.1,90.5,95.3,97.3,99.6,100.7,100.2,98.1,95.9,94.7,84.4,80.0,78.6,80.9,85.6,90.4,91.5,89.2,84.2,82.4,81.5,81.4,82.6,84.7,87.5,88.5,88.5,88.1,87.3,86.0,86.9,87.9,87.3,85.4,83.3,82.3,82.9,84.9,89.3,85.1,83.9,86.5,91.3,95.6,96.7,94.5,89.5,87.2,86.3,86.6,88.2,90.2,93.2,94.2,94.4,94.0,92.9,91.6,92.4,93.6,93.1,91.1,88.8,87.6,88.2,90.1,393.0,392.9,393.5,394.5,395.4,395.9,394.9,393.9,395.8,393.5,391.8,391.4,392.9,395.1,397.5,395.6,393.4,392.3,392.7,394.1,394.9,395.3,395.6,395.5,395.2,394.7,394.4,394.5,390.7,391.1,391.8,392.3,392.3,391.8,391.2,390.9,391.1,390.0,389.3,389.4,390.8,393.1,395.7,393.4,390.9,389.0,388.8,389.9,392.0,392.2,392.5,392.7,392.7,392.5,392.2,392.0,72.2,132.2,421.6,0.020,0.156,0.004,644.6,642.2,641.8,645.5,656.0,676.0,704.0,741.6,787.6,834.9,873.2,903.5,920.3,927.1,930.4,932.7,931.2,678.8,696.9,721.4,748.2,772.2,823.3,849.5,875.2,897.3,908.5,798.5,797.0,796.1,795.1,761.6,777.0,791.8,806.7,820.2,703.3,719.5,738.3,753.7,737.0,718.9,834.5,852.5,871.0,884.2,869.6,851.7,723.0,745.0,771.8,788.6,806.1,831.5,847.8,830.2,805.0,785.9,766.8,741.0,732.4,771.1,788.0,805.8,838.6,805.1,786.8,769.3,558.0,591.7,624.7,658.6,693.7,729.5,765.2,797.1,806.5,792.3,756.1,716.0,677.0,639.0,606.9,576.9,547.6,508.3,496.0,492.3,499.8,513.4,519.2,510.0,508.9,517.2,532.8,554.4,577.4,600.2,624.3,645.0,650.4,655.2,652.5,648.8,547.8,541.3,543.5,554.3,556.9,555.0,560.6,554.9,557.2,565.1,569.5,567.6,698.3,686.0,682.8,688.7,685.3,692.2,706.1,740.8,755.4,757.0,753.4,735.7,699.0,700.9,703.3,703.3,706.4,729.7,730.9,727.5,0.00,0.00,0.00,0.00,0.00,0.00,0.00,0.00,0.00,0.00,0.00,0.00,0.00,0.00,0.00,0.00,0.00,0.00,0.00,0.00,0.00,0.00,0.00,0.00,0.00,0.00,0.00,0.00,0.00,0.00,0.00,0.00,0.00,0.00,0.00
197,0,6.533,0.03,0,0.000000,0.000000,0.000000,0.000000,0.000000,0.000000,0.000,0.000,717.9,722.8,732.6,741.7,744.7,740.3,730.0,720.9,703.5,711.2,720.5,730.7,740.2,747.0,751.4,745.3,737.1,727.6,718.3,709.8,726.5,730.4,734.6,736.7,735.4,731.5,727.3,725.2,843.8,849.0,859.3,868.8,871.9,866.7,856.4,846.1,837.0,843.3,851.5,861.8,871.2,878.2,883.4,877.7,870.5,862.3,852.6,843.4,852.7,857.0,861.6,864.0,862.6,858.3,853.7,851.3,548.7,539.1,535.7,540.3,550.4,560.7,563.5,558.8,546.2,543.2,542.1,542.1,544.3,547.9,553.1,556.4,557.4,557.1,554.9,551.3,553.4,555.4,553.9,549.7,545.4,543.4,544.9,549.0,560.7,551.0,547.9,553.3,563.9,573.6,576.7,572.1,560.6,556.1,554.2,554.7,557.5,560.9,566.5,570.1,571.7,571.7,569.6,566.2,566.7,569.1,567.7,563.3,558.5,556.1,557.5,561.9,35.1,37.3,41.8,46.0,47.5,45.6,40.8,36.6,28.8,32.1,36.2,40.7,45.1,48.5,50.8,47.8,43.8,39.4,35.3,31.6,39.2,41.0,42.9,43.9,43.2,41.4,39.5,38.6,90.7,93.2,97.9,102.2,103.5,101.0,96.2,91.7,87.8,90.3,93.8,98.3,102.9,106.6,109.6,106.4,102.5,98.4,94.0,90.3,94.9,96.8,99.0,100.1,99.5,97.6,95.4,94.3,85.1,80.7,79.3,81.6,86.3,91.1,92.2,89.8,84.5,82.7,81.8,81.7,83.0,85.1,88.0,89.1,89.1,88.7,87.8,86.4,87.6,88.6,88.0,86.1,84.0,83.0,83.6,85.5,89.3,85.1,83.9,86.3,91.0,95.2,96.4,94.3,89.3,87.1,86.1,86.3,87.8,89.9,93.0,94.0,94.1,93.7,92.7,91.5,92.2,93.3,92.7,90.9,88.8,87.7,88.2,90.1,394.4,394.2,394.8,395.9,396.8,397.3,396.3,395.3,397.2,394.8,393.1,392.7,394.2,396.4,398.8,396.9,394.7,393.6,394.0,395.4,396.3,396.7,397.0,396.9,396.5,396.1,395.8,395.9,389.4,390.1,390.7,390.8,390.4,389.7,389.1,389.2,389.7,388.6,387.9,388.0,389.3,391.5,394.0,391.5,389.0,387.2,387.0,388.2,390.3,390.4,390.7,391.0,391.2,391.1,390.8,390.5,72.1,132.0,420.0,0.013,0.150,0.008,645.9,642.9,641.9,645.1,655.3,675.1,703.1,740.8,787.0,834.4,872.5,903.0,920.2,927.2,930.5,932.5,930.6,679.1,696.6,721.1,748.1,772.4,823.3,849.6,875.6,897.9,909.0,798.8,797.5,796.8,796.0,762.2,777.6,792.4,807.4,821.1,703.5,719.5,738.4,754.1,737.2,719.0,834.7,853.0,871.6,884.8,870.1,852.2,722.7,745.8,772.6,789.4,806.9,832.5,849.5,831.0,805.6,786.5,767.6,741.8,732.1,771.8,788.7,806.5,840.3,805.6,787.4,770.0,558.4,591.6,624.0,657.4,692.3,728.2,764.0,796.5,806.7,793.0,757.1,716.9,677.8,639.6,607.1,576.8,547.1,508.6,496.2,492.4,500.1,513.8,519.9,510.2,508.9,517.6,533.5,554.8,577.6,600.4,624.4,646.3,651.7,656.5,653.8,650.1,548.0,541.5,543.6,554.4,557.2,555.4,561.0,555.1,557.5,565.6,570.1,568.1,699.6,689.4,686.8,692.8,689.4,695.7,707.7,741.5,755.5,756.8,753.2,735.6,700.7,704.7,707.3,707.1,708.1,730.1,731.1,727.5,0.00,0.00,0.00,0.00,0.00,0.00,0.00,0.00,0.00,0.00,0.00,0.00,0.00,0.00,0.00,0.00,0.00,0.00,0.00,0.00,0.00,0.00,0.00,0.00,0.00,0.00,0.00,0.00,0.00,0.00,0.00,0.00,0.00,0.00,0.00
198,0,6.567,0.03,0,0.000000,0.000000,0.000000,0.000000,0.000000,0.000000,0.000,0.000,717.8,722.5,732.4,741.7,744.9,740.6,730.3,721.0,703.3,711.2,720.6,730.7,740.1,747.0,751.4,745.4,737.3,727.9,718.5,709.9,726.3,730.5,734.9,737.0,735.6,731.4,727.0,724.8,843.9,849.5,860.1,869.5,872.2,866.6,856.0,845.7,837.6,843.9,852.1,862.7,872.0,878.9,883.7,878.2,871.1,862.8,853.1,844.0,852.6,856.9,861.7,864.2,863.0,858.7,854.0,851.4,548.3,538.5,534.8,539.5,549.7,560.2,563.2,558.5,546.1,543.3,542.2,542.3,544.4,548.0,553.1,556.5,557.5,557.2,555.0,551.3,553.2,555.3,553.7,549.2,544.6,542.5,544.2,548.6,560.0,550.3,547.5,553.3,564.3,574.0,576.7,571.6,560.9,556.4,554.5,555.1,557.9,561.3,566.9,570.4,572.1,572.2,570.0,566.4,566.3,568.9,567.7,563.3,558.3,555.7,557.0,561.3,34.7,36.8,41.3,45.5,47.1,45.2,40.4,36.2,28.4,31.8,35.8,40.3,44.7,48.0,50.3,47.3,43.4,39.1,35.0,31.2,38.6,40.6,42.6,43.6,42.9,40.9,38.9,38.0,89.7,92.3,97.1,101.3,102.5,99.9,95.1,90.5,86.9,89.5,93.0,97.6,102.1,105.8,108.6,105.5,101.7,97.6,93.2,89.5,93.8,95.7,97.9,99.1,98.6,96.7,94.5,93.3,83.9,79.6,78.1,80.4,85.1,89.9,91.0,88.6,83.5,81.8,81.0,81.0,82.2,84.3,87.1,88.2,88.1,87.7,86.8,85.5,86.5,87.6,86.9,84.9,82.8,81.8,82.4,84.4,88.0,83.8,82.7,85.4,90.2,94.3,95.4,93.1,88.4,86.2,85.3,85.5,87.1,89.1,92.2,93.2,93.3,92.9,91.9,90.6,91.0,92.2,91.7,89.8,87.7,86.5,87.0,88.9,390.0,390.0,390.8,391.9,392.6,392.9,391.8,390.7,392.6,390.5,388.9,388.8,390.2,392.4,394.7,392.7,390.5,389.3,389.5,390.9,391.9,392.3,392.7,392.7,392.4,391.9,391.6,391.5,384.9,385.4,386.0,386.4,386.2,385.7,385.1,385.0,385.0,384.0,383.5,383.6,385.0,387.4,389.9,387.6,385.1,383.2,382.8,383.9,386.1,386.2,386.5,386.7,386.8,386.6,386.4,386.1,72.4,132.4,421.5,0.016,0.146,0.011,646.1,643.1,641.9,645.0,654.9,674.2,701.9,739.8,786.3,833.8,872.1,902.8,920.2,927.3,930.6,932.7,931.0,679.7,697.2,721.8,748.8,772.9,823.7,850.2,876.3,898.5,909.6,798.9,797.6,797.0,796.2,762.3,777.8,792.6,807.6,821.3,703.5,719.6,738.5,754.2,737.3,719.0,835.2,853.4,872.0,885.3,870.6,852.6,723.0,746.0,773.0,790.0,807.5,833.2,849.8,831.8,806.3,787.1,768.0,742.0,732.8,772.2,789.2,807.0,840.5,806.2,787.9,770.4,559.3,591.9,623.8,656.5,690.9,726.8,763.0,796.4,806.9,793.3,757.3,717.1,678.1,639.9,607.7,577.7,548.5,508.5,496.2,492.5,500.2,514.0,520.2,510.4,509.3,518.0,534.2,555.3,578.1,600.7,624.7,646.0,651.5,656.2,653.4,649.7,548.2,541.5,543.8,554.6,557.4,555.5,561.3,555.4,557.8,565.9,570.3,568.4,699.4,688.0,684.9,690.9,687.5,694.0,707.2,741.6,756.1,757.5,753.9,736.2,700.3,703.4,705.9,705.8,707.5,730.1,731.1,727.6,0.00,0.00,0.00,0.00,0.00,0.00,0.00,0.00,0.00,0.00,0.00,0.00,0.00,0.00,0.00,0.00,0.00,0.00,0.00,0.00,0.00,0.00,0.00,0.00,0.00,0.00,0.00,0.00,0.00,0.00,0.00,0.00,0.00,0.00,0.00
199,0,6.600,0.03,0,0.000000,0.000000,0.000000,0.000000,0.000000,0.000000,0.000,0.000,717.4,722.2,732.0,741.1,744.0,739.6,729.3,720.3,703.1,710.8,720.0,730.1,739.5,746.2,750.4,744.3,736.2,726.9,717.7,709.4,725.7,729.7,734.1,736.3,735.0,730.9,726.6,724.4,844.1,849.2,859.5,868.8,871.8,866.6,856.4,846.3,837.5,843.5,851.4,861.9,871.5,878.6,883.7,877.9,870.6,862.3,852.7,843.8,853.1,857.1,861.6,863.8,862.6,858.5,854.0,851.8,548.6,539.1,535.6,540.3,550.4,560.5,563.3,558.6,546.1,543.2,542.1,542.1,544.3,548.0,553.4,556.5,557.5,557.1,554.9,551.2,553.3,555.4,553.9,549.7,545.2,543.1,544.6,548.8,561.1,551.5,548.4,553.7,564.3,573.9,577.0,572.4,561.8,556.7,554.4,554.8,557.8,561.6,567.7,571.0,572.5,572.5,570.4,567.1,566.9,569.2,567.8,563.7,559.1,556.8,558.1,562.3,35.1,37.3,41.8,46.0,47.5,45.5,40.7,36.5,28.8,32.1,36.2,40.7,45.1,48.4,50.6,47.6,43.7,39.3,35.2,31.6,39.1,41.0,43.0,44.0,43.3,41.4,39.4,38.4,91.3,93.8,98.5,102.6,103.9,101.4,96.7,92.3,88.5,90.9,94.2,98.8,103.4,107.2,110.1,106.9,103.0,98.8,94.6,90.9,95.6,97.4,99.4,100.5,100.0,98.1,96.1,95.0,85.5,81.2,79.8,82.1,86.9,91.6,92.7,90.3,85.0,83.2,82.3,82.3,83.6,85.7,88.7,89.7,89.7,89.3,88.3,87.0,88.1,89.2,88.6,86.6,84.5,83.4,84.1,86.0,90.0,85.8,84.5,86.9,91.5,95.7,97.0,95.0,90.4,87.8,86.6,86.7,88.4,90.5,93.9,94.8,94.9,94.5,93.5,92.4,92.8,93.8,93.2,91.4,89.4,88.4,88.9,90.8,397.0,396.8,397.4,398.4,399.4,400.0,399.0,397.9,399.8,397.4,395.6,395.3,396.7,398.9,401.3,399.5,397.3,396.3,396.6,398.0,398.9,399.4,399.6,399.5,399.1,398.6,398.4,398.5,391.6,392.2,392.6,392.5,392.1,391.5,391.2,391.4,391.9,390.8,389.9,389.7,390.9,393.0,395.4,393.1,390.8,389.1,389.0,390.4,392.4,392.4,392.6,392.8,393.0,393.0,392.9,392.6,72.5,132.5,422.0,0.017,0.145,0.011,645.9,642.9,641.8,644.8,654.7,673.9,701.5,739.2,785.6,833.2,871.8,902.7,920.1,927.2,930.5,932.6,931.0,679.5,697.4,722.2,749.1,772.9,823.0,849.5,875.6,897.7,908.8,798.5,797.2,796.6,795.8,761.7,777.4,792.4,807.5,821.3,703.0,719.1,738.1,753.8,736.9,718.6,834.9,853.1,871.8,885.1,870.4,852.4,722.5,745.6,772.8,790.3,808.5,834.5,850.9,833.2,807.6,787.8,768.1,741.8,732.3,772.1,789.6,808.1,841.6,807.5,788.4,770.3,558.8,591.5,623.6,656.3,690.6,726.4,762.3,795.8,806.4,792.9,757.3,717.3,678.5,640.4,608.4,578.5,549.7,508.0,496.0,492.6,500.2,514.0,520.2,510.7,509.7,518.4,534.4,555.6,578.4,601.0,624.8,646.0,651.4,656.3,653.3,649.5,548.2,541.6,543.9,554.9,557.5,555.5,561.6,555.6,558.0,566.1,570.5,568.6,698.7,686.8,683.7,689.6,686.1,692.4,705.9,740.3,755.6,757.3,753.8,736.0,699.5,702.2,704.7,704.5,706.2,729.7,730.9,727.4,0.00,0.00,0.00,0.00,0.00,0.00,0.00,0.00,0.00,0.00,0.00,0.00,0.00,0.00,0.00,0.00,0.00,0.00,0.00,0.00,0.00,0.00,0.00,0.00,0.00,0.00,0.00,0.00,0.00,0.00,0.00,0.00,0.00,0.00,0.00
200,0,6.633,0.03,0,0.000000,0.000000,0.000000,0.000000,0.000000,0.000000,0.000,0.000,717.0,721.9,731.8,741.0,744.0,739.6,729.2,720.0,702.6,710.2,719.5,729.6,739.2,746.0,750.4,744.3,736.1,726.7,717.4,709.0,725.5,729.6,734.0,736.2,734.8,730.7,726.3,724.1,843.7,849.3,859.9,869.3,872.0,866.4,855.8,845.6,837.2,843.3,851.5,862.0,871.5,878.7,883.9,877.9,870.4,861.9,852.2,843.3,852.8,856.9,861.5,863.9,862.8,858.7,854.0,851.6,548.4,538.8,535.3,540.0,550.2,560.5,563.3,558.6,546.2,543.3,542.2,542.2,544.4,548.1,553.4,556.6,557.5,557.2,554.9,551.3,553.3,555.4,553.8,549.5,545.0,542.9,544.4,548.7,560.2,550.5,547.7,553.4,564.3,574.0,576.8,571.8,561.1,556.5,554.7,555.4,558.3,561.7,567.3,570.8,572.4,572.5,570.2,566.6,566.3,568.8,567.5,563.3,558.6,556.1,557.3,561.6,34.5,36.7,41.2,45.5,46.9,45.0,40.2,36.0,28.3,31.6,35.5,40.0,44.5,47.8,50.1,47.1,43.1,38.8,34.7,31.0,38.5,40.4,42.4,43.4,42.8,40.9,38.9,37.9,90.1,92.7,97.4,101.6,102.7,100.2,95.4,91.0,87.3,89.7,93.1,97.7,102.2,105.9,108.9,105.7,101.7,97.6,93.3,89.7,94.4,96.2,98.2,99.4,98.9,97.0,95.0,93.9,84.5,80.2,78.7,81.1,85.8,90.6,91.7,89.3,84.1,82.3,81.5,81.4,82.7,84.8,87.7,88.7,88.7,88.3,87.4,86.0,87.1,88.2,87.5,85.6,83.4,82.4,83.0,85.0,88.6,84.4,83.2,85.7,90.5,94.7,95.9,93.7,89.1,86.7,85.7,86.0,87.5,89.5,92.6,93.6,93.8,93.4,92.4,91.2,91.5,92.6,92.1,90.2,88.1,87.0,87.6,89.4,392.5,392.3,393.0,394.0,394.9,395.4,394.4,393.4,395.3,393.0,391.3,391.0,392.3,394.4,396.8,394.9,392.8,391.8,392.2,393.6,394.4,394.9,395.1,395.1,394.7,394.2,393.9,394.0,387.1,387.5,387.7,387.7,387.5,387.2,386.9,387.1,387.4,386.2,385.2,385.0,386.1,388.3,390.7,388.6,386.4,384.7,384.7,386.1,388.0,388.0,388.1,388.3,388.4,388.4,388.2,388.1,72.7,132.8,424.0,0.021,0.147,0.008,645.9,642.8,641.5,644.6,654.7,674.3,702.0,739.8,785.9,833.1,871.5,902.4,920.1,927.1,930.2,932.1,930.5,679.2,697.5,722.3,749.0,772.6,822.7,849.2,875.2,897.2,908.5,797.7,796.4,795.6,794.8,760.9,776.7,791.8,806.9,820.7,702.4,718.5,737.6,753.2,736.2,717.9,834.7,852.8,871.5,884.8,870.2,852.2,722.3,746.1,773.5,790.4,807.9,834.0,851.3,833.1,807.6,788.5,769.5,742.7,732.1,773.0,789.9,807.7,841.9,807.2,788.9,771.4,558.7,591.2,623.3,656.2,690.5,726.4,762.1,795.6,805.8,791.8,756.0,716.4,677.9,640.2,608.3,578.9,550.7,507.7,495.8,492.6,500.2,514.2,520.4,511.0,510.0,518.8,535.0,555.8,578.7,601.3,625.2,645.8,651.3,656.0,652.7,648.7,548.3,541.6,544.0,555.0,557.7,555.5,561.7,555.6,557.9,566.0,570.3,568.5,696.3,685.0,682.1,687.6,684.0,689.6,702.2,737.6,753.4,755.4,752.4,734.8,697.2,700.5,702.6,702.1,702.8,727.7,729.2,726.1,0.00,0.00,0.00,0.00,0.00,0.00,0.00,0.00,0.00,0.00,0.00,0.00,0.00,0.00,0.00,0.00,0.00,0.00,0.00,0.00,0.00,0.00,0.00,0.00,0.00,0.00,0.00,0.00,0.00,0.00,0.00,0.00,0.00,0.00,0.00
201,0,6.667,0.03,0,0.000000,0.000000,0.000000,0.000000,0.000000,0.000000,0.000,0.000,716.9,721.7,731.5,740.5,743.5,739.2,728.9,719.9,702.5,710.3,719.5,729.6,739.0,745.7,750.0,744.0,735.9,726.6,717.4,708.9,725.3,729.3,733.6,735.7,734.4,730.4,726.1,724.0,843.8,848.9,859.3,868.8,871.9,866.7,856.4,846.1,837.0,842.9,851.0,861.5,871.2,878.5,883.7,877.9,870.4,862.0,852.2,843.3,853.0,857.1,861.6,863.8,862.5,858.4,853.9,851.7,548.7,539.1,535.7,540.3,550.4,560.6,563.4,558.7,546.2,543.2,542.0,542.0,544.2,548.0,553.3,556.6,557.5,557.1,554.9,551.3,553.4,555.4,553.9,549.8,545.3,543.3,544.8,549.0,561.1,551.3,548.1,553.4,564.0,573.8,577.0,572.4,561.9,556.8,554.6,554.9,557.8,561.4,567.4,570.9,572.4,572.5,570.4,567.2,566.8,569.1,567.7,563.4,558.8,556.6,558.0,562.2,34.9,37.0,41.5,45.7,47.2,45.3,40.5,36.3,28.5,31.9,35.9,40.4,44.8,48.2,50.4,47.4,43.5,39.2,35.0,31.3,38.9,40.7,42.7,43.6,43.0,41.2,39.2,38.2,90.5,92.9,97.6,101.8,103.1,100.7,96.0,91.5,87.6,90.0,93.3,97.9,102.4,106.2,109.2,106.0,102.1,97.9,93.6,90.0,94.8,96.6,98.7,99.7,99.2,97.3,95.3,94.3,85.5,81.2,79.7,82.1,86.8,91.6,92.6,90.3,85.0,83.1,82.2,82.2,83.5,85.6,88.6,89.7,89.6,89.2,88.3,86.9,88.1,89.1,88.5,86.6,84.5,83.5,84.1,86.0,89.3,85.1,83.7,86.1,90.7,94.9,96.2,94.3,89.8,87.2,86.0,86.1,87.7,89.7,93.0,94.0,94.1,93.8,92.8,91.8,92.0,93.0,92.5,90.6,88.6,87.6,88.2,90.0,396.6,396.5,397.2,398.2,399.1,399.5,398.5,397.4,399.4,397.1,395.3,395.1,396.5,398.7,401.1,399.1,396.9,395.8,396.1,397.6,398.5,399.0,399.3,399.2,398.8,398.4,398.1,398.1,388.7,389.2,389.5,389.4,389.0,388.5,388.1,388.5,389.1,387.9,386.9,386.6,387.7,389.8,392.1,390.0,387.7,386.0,386.1,387.6,389.4,389.4,389.5,389.8,389.9,390.0,389.8,389.6,72.5,132.8,423.7,0.018,0.153,0.010,645.5,642.7,641.6,644.7,654.7,674.2,702.0,739.5,785.5,832.8,871.3,902.3,919.9,927.0,930.3,932.5,931.1,679.0,697.4,722.0,748.7,772.3,823.1,849.5,875.3,897.2,908.4,797.9,796.4,795.4,794.5,760.7,776.3,791.3,806.3,819.9,702.4,718.5,737.5,753.0,736.1,717.8,834.7,852.8,871.4,884.7,870.1,852.1,722.4,745.5,772.7,789.1,806.2,831.9,848.9,830.7,805.4,786.7,768.1,741.8,732.0,772.1,788.6,805.9,839.6,805.3,787.4,770.3,559.0,591.6,623.7,656.7,691.0,726.8,762.4,795.4,805.5,791.5,755.7,716.2,677.9,640.5,609.0,579.8,551.8,507.7,495.8,492.5,500.1,514.0,520.1,511.0,510.2,518.8,534.6,555.6,578.6,601.4,625.3,645.6,651.1,655.8,652.8,649.0,548.1,541.4,543.9,555.0,557.6,555.4,561.7,555.6,558.0,566.1,570.4,568.6,696.6,684.8,681.8,687.4,683.9,690.1,703.3,738.5,753.8,755.6,752.4,734.9,697.4,700.1,702.2,701.9,703.8,728.1,729.4,726.4,0.00,0.00,0.00,0.00,0.00,0.00,0.00,0.00,0.00,0.00,0.00,0.00,0.00,0.00,0.00,0.00,0.00,0.00,0.00,0.00,0.00,0.00,0.00,0.00,0.00,0.00,0.00,0.00,0.00,0.00,0.00,0.00,0.00,0.00,0.00
202,0,6.700,0.03,0,0.000000,0.000000,0.000000,0.000000,0.000000,0.000000,0.000,0.000,715.9,720.8,730.7,740.0,743.1,738.7,728.3,719.0,701.8,709.3,718.6,728.9,738.6,745.5,749.9,743.7,735.5,726.0,716.6,708.1,724.5,728.6,733.1,735.3,733.9,729.7,725.3,723.1,843.0,848.6,859.2,868.6,871.3,865.7,855.1,845.0,836.8,842.7,850.7,860.8,870.3,878.1,884.1,877.5,869.1,860.1,850.6,842.3,852.4,856.4,861.1,863.5,862.3,858.3,853.7,851.2,548.0,538.3,534.8,539.5,549.6,559.9,562.8,558.1,546.1,543.1,542.0,541.9,544.1,547.8,553.1,556.2,557.2,556.9,554.7,551.1,552.8,554.9,553.3,548.9,544.4,542.3,543.9,548.2,560.3,550.6,547.6,553.2,564.1,573.8,576.8,571.9,560.6,556.3,554.7,555.5,558.5,561.9,567.4,570.9,572.5,572.5,570.0,566.3,566.4,568.8,567.5,563.3,558.6,556.1,557.4,561.6,33.9,36.0,40.5,44.7,46.2,44.4,39.6,35.3,27.8,31.0,35.0,39.5,43.9,47.3,49.6,46.6,42.7,38.3,34.2,30.5,37.9,39.8,41.8,42.8,42.1,40.2,38.2,37.2,90.0,92.5,97.1,101.1,102.1,99.6,95.0,90.8,87.5,89.7,92.9,97.1,101.4,105.3,108.5,105.1,100.9,96.7,92.6,89.4,94.2,95.9,97.9,99.0,98.6,96.9,94.9,93.8,83.9,79.5,78.0,80.3,85.0,89.8,90.9,88.6,83.6,81.8,80.9,80.8,82.1,84.2,87.1,88.1,88.1,87.7,86.8,85.5,86.4,87.4,86.8,84.8,82.7,81.6,82.3,84.3,88.8,84.5,83.1,85.5,90.1,94.4,95.8,93.9,89.1,86.8,85.8,86.0,87.4,89.3,92.1,93.3,93.6,93.3,92.4,91.2,91.5,92.5,91.9,90.1,88.0,87.0,87.6,89.5,390.3,390.0,390.5,391.5,392.4,393.1,392.3,391.3,393.3,390.9,389.1,388.7,390.1,392.3,394.7,392.9,390.8,389.8,390.2,391.6,392.2,392.6,392.8,392.7,392.3,391.8,391.6,391.8,388.0,388.1,387.7,387.0,386.4,386.3,386.7,387.7,388.8,387.1,385.7,384.9,385.3,386.8,388.8,387.1,385.3,384.2,384.9,386.9,388.1,387.8,387.7,387.7,388.0,388.3,388.5,388.4,72.1,132.5,422.6,0.019,0.155,0.008,645.0,642.2,641.2,644.6,654.9,674.5,702.2,739.3,785.2,832.6,871.2,902.3,920.0,927.1,930.5,932.7,931.4,678.5,696.9,721.5,748.1,771.7,822.5,849.0,874.9,896.8,907.9,797.2,795.6,794.6,793.7,760.3,775.9,790.7,805.6,819.2,701.8,717.9,736.9,752.4,735.5,717.2,834.0,852.0,870.6,884.1,869.3,851.3,722.3,745.4,772.7,788.8,805.7,831.6,848.9,830.6,805.2,786.8,768.4,741.9,731.9,772.3,788.5,805.5,839.6,805.0,787.4,770.6,559.0,591.5,623.8,656.9,691.2,726.9,762.3,795.4,805.6,791.6,755.8,716.4,678.3,641.0,609.7,580.8,553.1,507.2,495.7,492.3,499.8,513.7,519.8,510.8,510.1,518.9,534.5,555.5,578.5,601.2,625.1,645.8,651.2,655.8,652.8,649.0,548.0,541.3,543.8,554.8,557.4,555.2,561.5,555.5,558.0,566.0,570.3,568.4,696.3,685.0,682.2,687.6,684.1,690.1,702.8,738.4,754.1,755.9,752.9,735.2,697.2,700.3,702.4,702.1,703.4,728.3,729.7,726.7,0.00,0.00,0.00,0.00,0.00,0.00,0.00,0.00,0.00,0.00,0.00,0.00,0.00,0.00,0.00,0.00,0.00,0.00,0.00,0.00,0.00,0.00,0.00,0.00,0.00,0.00,0.00,0.00,0.00,0.00,0.00,0.00,0.00,0.00,0.00
203,0,6.733,0.03,0,0.000000,0.000000,0.000000,0.000000,0.000000,0.000000,0.000,0.000,714.6,719.3,729.2,738.3,741.3,737.0,726.7,717.6,700.9,708.3,717.4,727.5,737.0,743.9,748.3,742.2,734.0,724.6,715.4,707.1,723.1,727.1,731.4,733.5,732.2,728.2,723.9,721.8,841.3,846.3,856.7,866.3,869.6,864.6,854.3,843.9,834.2,840.0,848.1,858.7,868.8,876.7,882.3,875.9,867.8,858.8,849.2,840.6,850.9,855.0,859.4,861.6,860.1,856.0,851.6,849.5,548.6,539.2,535.7,540.3,550.3,560.3,563.2,558.6,546.5,543.5,542.3,542.1,544.1,547.6,552.8,556.3,557.5,557.4,555.3,551.6,553.2,555.2,553.7,549.6,545.2,543.2,544.7,548.8,561.3,551.2,547.7,552.8,563.5,573.6,577.1,572.7,564.4,557.6,554.0,553.6,556.7,561.1,567.7,570.5,571.7,571.8,570.3,568.1,566.8,569.0,567.5,563.2,558.6,556.4,557.9,562.2,33.9,36.0,40.5,44.8,46.3,44.4,39.6,35.4,27.9,31.1,35.1,39.6,44.1,47.4,49.7,46.7,42.8,38.4,34.3,30.6,38.0,39.8,41.8,42.8,42.1,40.2,38.3,37.3,88.0,90.3,94.8,99.0,100.3,98.0,93.4,89.1,85.0,87.2,90.5,95.0,99.6,103.5,106.5,103.2,99.1,94.9,90.8,87.4,92.3,94.1,96.0,97.0,96.4,94.7,92.7,91.7,85.8,81.4,79.9,82.2,87.0,91.7,92.9,90.5,85.4,83.5,82.6,82.4,83.6,85.7,88.6,89.8,89.9,89.6,88.8,87.4,88.3,89.3,88.6,86.7,84.6,83.6,84.2,86.2,88.0,83.7,82.2,84.3,88.9,93.1,94.7,92.9,89.5,86.2,84.4,84.1,85.6,87.9,91.3,92.0,92.1,91.8,91.3,90.7,90.5,91.4,90.8,88.9,87.0,86.1,86.7,88.6,397.9,397.5,397.9,398.9,399.9,400.7,399.9,398.9,400.8,398.3,396.5,396.1,397.4,399.5,402.0,400.2,398.2,397.2,397.6,399.1,399.7,400.2,400.3,400.2,399.7,399.3,399.1,399.3,382.5,383.0,383.0,382.6,382.1,381.6,381.6,382.2,383.0,381.7,380.5,379.9,380.7,382.7,384.7,382.7,380.6,379.3,379.7,381.4,383.0,382.8,382.9,383.0,383.3,383.4,383.4,383.2,71.5,131.9,421.5,0.036,0.157,-0.002,643.4,640.5,639.6,643.4,654.4,674.5,702.7,740.1,786.2,833.4,871.6,902.4,920.0,927.1,930.5,932.4,931.3,676.8,695.5,719.8,746.2,769.5,820.5,847.1,873.3,895.1,906.2,794.9,793.2,792.1,791.1,758.1,773.9,789.1,804.3,818.2,700.4,716.5,735.5,751.0,734.2,715.8,832.1,850.0,868.7,882.4,867.7,849.6,720.7,744.5,772.0,788.2,805.2,831.8,850.5,831.8,806.1,787.4,769.1,741.8,730.2,772.0,788.1,805.4,841.2,805.5,787.6,770.8,557.1,590.3,623.4,657.0,691.4,727.1,762.1,794.9,804.4,789.9,754.0,715.1,677.2,640.4,609.3,580.6,553.0,507.4,496.0,492.6,499.9,513.7,519.6,510.5,509.6,518.5,534.4,555.8,578.8,601.3,625.1,646.0,651.2,655.8,652.4,648.1,548.5,541.4,544.0,555.3,557.9,555.7,562.0,555.1,557.2,565.5,570.0,568.5,694.3,684.5,682.1,687.1,683.5,688.0,698.8,735.5,752.3,754.7,752.0,734.3,695.1,698.9,700.8,700.0,699.8,728.4,730.3,727.5,0.00,0.00,0.00,0.00,0.00,0.00,0.00,0.00,0.00,0.00,0.00,0.00,0.00,0.00,0.00,0.00,0.00,0.00,0.00,0.00,0.00,0.00,0.00,0.00,0.00,0.00,0.00,0.00,0.00,0.00,0.00,0.00,0.00,0.00,0.00
204,0,6.767,0.03,0,0.000000,0.000000,0.000000,0.000000,0.000000,0.000000,0.000,0.000,713.6,718.4,728.2,737.4,740.6,736.3,726.0,716.8,700.3,707.7,716.7,726.7,736.3,743.3,747.8,741.7,733.4,724.0,714.8,706.5,722.4,726.4,730.6,732.7,731.3,727.3,723.1,721.0,840.9,846.3,857.0,866.7,869.8,864.4,853.7,843.2,833.8,839.8,848.1,858.8,868.8,876.7,882.4,875.9,867.6,858.4,848.7,840.1,850.5,854.7,859.2,861.5,860.2,856.1,851.5,849.2,548.7,539.1,535.7,540.3,550.4,560.7,563.5,558.8,547.1,543.9,542.6,542.4,544.5,548.1,553.4,556.7,557.8,557.5,555.5,552.0,553.5,555.5,554.0,549.8,545.5,543.4,545.0,549.1,560.6,550.5,547.2,552.7,563.7,573.9,577.1,572.4,563.5,557.2,554.1,554.2,557.2,561.4,567.7,570.6,571.9,571.9,570.2,567.6,566.5,568.8,567.4,563.1,558.4,556.1,557.5,561.8,33.5,35.6,40.1,44.4,45.9,44.0,39.2,35.0,27.6,30.8,34.7,39.3,43.7,47.1,49.5,46.4,42.4,38.1,33.9,30.3,37.6,39.4,41.4,42.3,41.7,39.8,37.9,36.9,86.8,89.2,93.9,98.0,99.1,96.7,92.1,87.7,83.9,86.2,89.5,93.9,98.4,102.3,105.3,102.0,97.8,93.6,89.5,86.2,91.1,92.8,94.8,95.9,95.4,93.6,91.6,90.6,85.8,81.4,79.9,82.2,86.9,91.7,92.8,90.5,85.7,83.7,82.7,82.6,83.8,85.8,88.8,89.9,89.9,89.5,88.7,87.5,88.3,89.3,88.7,86.7,84.7,83.7,84.3,86.2,86.7,82.4,81.0,83.3,87.9,92.2,93.6,91.7,88.1,85.1,83.5,83.3,84.8,87.0,90.2,91.0,91.1,90.8,90.2,89.5,89.4,90.3,89.7,87.9,85.9,85.0,85.6,87.4,397.7,397.6,398.1,398.8,399.5,399.9,399.1,398.3,400.6,398.3,396.4,396.0,397.3,399.3,401.5,399.7,397.6,396.6,397.2,398.7,399.3,399.7,399.9,399.8,399.5,399.2,399.0,399.0,378.2,378.6,378.6,378.1,377.6,377.2,377.2,377.9,378.6,377.3,376.2,375.5,376.2,378.1,380.2,378.2,376.1,374.9,375.4,377.1,378.6,378.5,378.4,378.6,378.8,379.0,379.0,378.9,70.8,131.9,420.3,0.029,0.159,0.002,642.3,639.5,638.8,642.5,653.0,672.8,701.4,739.3,785.5,832.6,870.7,901.6,919.2,926.4,930.1,932.5,931.5,675.9,694.2,718.6,745.4,769.2,819.7,846.2,872.4,894.6,906.1,794.7,793.0,792.0,791.0,758.3,773.7,788.5,803.3,816.7,699.6,715.8,735.0,750.5,733.7,715.1,831.6,849.7,868.5,882.3,867.5,849.2,721.7,744.4,771.5,786.6,802.1,827.9,845.8,827.3,802.3,785.1,767.8,741.3,731.3,771.3,786.4,802.1,836.5,801.9,785.5,769.8,558.5,591.0,623.3,656.4,690.7,726.5,762.0,794.9,804.5,789.8,753.8,714.7,676.9,640.2,609.4,580.9,553.5,508.1,496.2,492.5,500.0,514.2,519.9,510.7,509.6,518.2,534.0,556.2,579.2,601.7,625.6,646.6,651.5,655.9,653.0,649.1,548.5,541.6,544.2,555.7,558.3,556.1,562.2,555.4,557.5,565.7,570.5,568.9,697.1,686.0,682.8,687.9,684.5,690.5,702.8,739.2,754.9,756.8,754.1,736.6,697.7,700.5,702.2,701.9,703.5,729.6,731.1,728.4,0.00,0.00,0.00,0.00,0.00,0.00,0.00,0.00,0.00,0.00,0.00,0.00,0.00,0.00,0.00,0.00,0.00,0.00,0.00,0.00,0.00,0.00,0.00,0.00,0.00,0.00,0.00,0.00,0.00,0.00,0.00,0.00,0.00,0.00,0.00
205,0,6.800,0.03,0,0.000000,0.000000,0.000000,0.000000,0.000000,0.000000,0.000,0.000,713.4,718.1,728.0,737.2,740.4,736.2,725.9,716.6,699.0,706.7,716.0,726.4,736.2,743.1,747.5,741.4,733.0,723.4,714.0,705.5,722.3,726.2,730.3,732.3,730.9,727.0,722.9,720.9,840.6,845.6,855.9,865.5,868.8,863.8,853.5,843.1,833.2,839.4,847.8,858.4,868.2,875.5,880.5,874.5,867.0,858.4,848.8,839.9,849.9,854.0,858.4,860.5,859.1,855.0,850.6,848.5,549.2,539.5,535.9,540.5,550.7,561.0,564.0,559.4,547.5,544.3,543.0,542.8,544.9,548.5,553.7,556.9,557.8,557.5,555.5,552.2,553.8,555.7,554.2,550.1,545.8,543.9,545.4,549.5,561.3,551.3,547.9,553.1,563.9,573.9,577.3,572.8,564.3,557.6,554.3,554.1,557.1,561.4,567.9,570.7,572.0,572.1,570.5,568.1,566.9,569.1,567.7,563.4,558.8,556.6,558.0,562.3,32.9,35.0,39.5,43.7,45.2,43.4,38.6,34.4,26.7,29.9,34.0,38.6,43.1,46.4,48.7,45.7,41.7,37.3,33.1,29.4,37.0,38.8,40.7,41.6,40.9,39.2,37.3,36.4,87.9,90.2,94.9,99.1,100.5,98.2,93.5,89.0,84.7,87.2,90.6,95.3,99.9,103.7,106.5,103.2,99.3,95.1,90.9,87.3,92.2,94.0,96.0,97.0,96.4,94.6,92.6,91.6,84.8,80.4,78.9,81.2,85.9,90.7,91.8,89.5,84.7,82.7,81.7,81.6,82.8,84.9,87.8,88.7,88.7,88.3,87.5,86.4,87.2,88.2,87.6,85.7,83.7,82.8,83.4,85.2,88.2,84.0,82.6,84.9,89.5,93.8,95.2,93.2,89.5,86.4,84.7,84.6,86.3,88.7,92.1,92.7,92.7,92.4,91.7,90.9,90.9,91.9,91.3,89.5,87.5,86.5,87.1,88.9,392.1,392.0,392.6,393.5,394.3,394.7,393.8,392.8,395.0,392.6,390.8,390.4,391.8,394.0,396.4,394.4,392.3,391.2,391.7,393.2,393.9,394.3,394.5,394.5,394.2,393.8,393.5,393.6,383.4,384.0,384.5,384.6,384.3,383.8,383.2,383.3,383.5,382.4,381.7,381.6,382.9,385.2,387.5,385.2,382.7,381.0,381.0,382.2,384.4,384.5,384.7,384.9,385.0,385.0,384.8,384.5,70.6,132.2,421.4,0.025,0.162,0.003,641.6,639.2,638.7,642.4,652.6,672.2,700.7,738.5,784.6,831.8,870.0,901.1,918.8,926.0,929.7,932.2,931.3,675.2,693.4,717.9,744.8,768.9,818.8,845.3,871.3,893.6,905.4,794.2,792.6,791.6,790.6,758.2,773.4,788.0,802.6,815.8,698.9,715.1,734.2,749.7,732.9,714.4,831.2,849.2,867.9,881.7,866.8,848.6,722.5,744.7,771.2,785.7,800.3,825.5,843.1,824.8,800.3,784.1,767.3,741.5,732.1,771.0,785.5,800.3,833.8,800.0,784.5,769.5,558.4,591.0,623.2,656.3,690.4,726.1,761.2,793.5,803.1,788.8,753.2,714.5,676.8,640.0,609.2,580.6,553.2,508.9,496.8,493.0,500.2,514.3,519.8,511.0,509.9,518.3,534.0,555.9,579.1,601.9,626.0,646.6,651.6,656.0,653.1,649.4,548.7,542.1,544.6,555.8,558.5,556.3,561.9,555.6,557.8,565.8,570.6,568.8,698.1,686.4,682.8,688.0,684.6,691.4,704.3,739.6,754.3,755.9,753.2,736.5,698.7,701.0,702.7,702.7,704.8,728.2,729.4,726.8,0.00,0.00,0.00,0.00,0.00,0.00,0.00,0.00,0.00,0.00,0.00,0.00,0.00,0.00,0.00,0.00,0.00,0.00,0.00,0.00,0.00,0.00,0.00,0.00,0.00,0.00,0.00,0.00,0.00,0.00,0.00,0.00,0.00,0.00,0.00
206,0,6.833,0.03,0,0.000000,0.000000,0.000000,0.000000,0.000000,0.000000,0.000,0.000,713.1,717.8,727.5,736.7,740.0,735.8,725.6,716.4,698.8,706.5,715.8,726.2,735.8,742.5,746.8,740.8,732.7,723.2,713.9,705.3,721.8,725.8,730.0,731.9,730.6,726.6,722.4,720.4,840.1,845.6,856.1,865.5,868.3,862.9,852.3,842.2,834.0,839.7,847.5,857.8,867.7,875.5,881.5,874.7,866.4,857.4,847.9,839.7,849.3,853.6,858.4,860.9,859.6,855.3,850.5,848.0,549.0,539.2,535.6,540.2,550.3,560.7,563.7,559.1,547.7,544.5,543.1,542.9,544.9,548.5,553.6,556.8,557.7,557.4,555.5,552.3,553.6,555.6,554.0,549.8,545.5,543.5,545.1,549.3,560.2,550.3,547.2,552.6,563.4,573.3,576.4,571.7,561.4,556.3,554.2,554.7,557.8,561.6,567.4,570.9,572.5,572.5,570.2,566.7,566.2,568.7,567.3,562.8,557.9,555.4,556.8,561.3,32.9,34.9,39.4,43.7,45.2,43.3,38.6,34.4,26.6,29.9,34.0,38.6,43.0,46.3,48.5,45.6,41.7,37.3,33.1,29.4,36.9,38.7,40.7,41.6,40.9,39.1,37.2,36.3,87.9,90.3,94.8,98.8,99.8,97.4,93.0,88.8,85.4,87.5,90.6,94.8,99.2,103.1,106.3,102.8,98.7,94.6,90.6,87.5,92.0,93.8,95.8,96.9,96.4,94.6,92.6,91.5,84.9,80.5,79.0,81.3,86.0,90.8,91.9,89.6,84.9,82.9,82.0,81.9,83.1,85.2,88.0,89.0,88.9,88.5,87.7,86.6,87.4,88.4,87.7,85.8,83.8,82.8,83.5,85.3,87.9,83.6,82.1,84.4,89.0,93.3,94.7,92.9,88.6,86.0,84.8,84.8,86.2,88.2,91.3,92.4,92.6,92.4,91.6,90.6,90.6,91.6,90.9,89.0,86.9,85.9,86.5,88.5,393.0,393.0,393.8,394.8,395.5,395.8,394.7,393.7,395.7,393.5,391.8,391.6,393.1,395.3,397.7,395.7,393.4,392.3,392.6,393.9,394.8,395.3,395.6,395.6,395.3,394.9,394.6,394.5,384.4,384.5,384.0,383.2,382.6,382.6,383.1,384.1,385.1,383.5,382.0,381.0,381.4,383.0,385.0,383.3,381.6,380.6,381.3,383.3,384.5,384.1,383.9,384.0,384.2,384.6,384.8,384.8,70.7,132.4,422.1,0.025,0.160,0.004,641.5,639.1,638.7,642.5,652.6,672.1,700.3,737.6,783.5,830.9,869.4,900.8,918.5,925.6,929.3,931.9,930.9,675.0,693.3,717.7,744.5,768.6,819.3,845.8,871.7,893.9,905.5,794.4,792.7,791.6,790.6,758.3,773.3,787.8,802.4,815.5,698.9,715.0,734.0,749.4,732.7,714.3,831.3,849.1,867.7,881.4,866.6,848.4,722.9,745.0,771.4,785.5,799.8,824.6,841.9,823.8,799.5,783.6,767.2,741.6,732.4,771.1,785.3,799.8,832.7,799.4,784.2,769.5,558.6,591.3,623.8,657.0,691.2,726.5,761.0,793.0,802.7,788.6,753.2,714.4,676.7,640.0,609.2,580.7,553.3,508.8,496.9,493.1,500.3,514.2,519.7,511.0,510.0,518.2,533.7,555.9,579.1,602.0,626.1,646.6,651.6,656.0,653.2,649.4,548.7,542.2,544.6,555.7,558.4,556.2,561.6,555.5,557.8,565.7,570.4,568.6,698.6,686.5,683.0,688.2,684.8,691.6,704.7,739.8,754.2,755.7,753.1,736.5,699.1,701.2,702.9,702.9,705.2,728.1,729.2,726.7,0.00,0.00,0.00,0.00,0.00,0.00,0.00,0.00,0.00,0.00,0.00,0.00,0.00,0.00,0.00,0.00,0.00,0.00,0.00,0.00,0.00,0.00,0.00,0.00,0.00,0.00,0.00,0.00,0.00,0.00,0.00,0.00,0.00,0.00,0.00
207,0,6.867,0.03,0,0.000000,0.000000,0.000000,0.000000,0.000000,0.000000,0.000,0.000,713.9,718.4,727.9,736.9,740.1,736.1,726.1,717.1,698.8,706.8,716.3,726.6,736.0,742.6,747.0,741.2,733.2,723.8,714.4,705.6,722.2,726.2,730.3,732.3,730.9,726.9,722.8,720.8,840.8,845.5,855.7,865.4,869.0,864.3,854.1,843.6,833.7,839.9,848.2,858.8,868.5,875.5,880.4,874.7,867.5,859.2,849.5,840.5,850.0,854.3,858.8,860.8,859.3,855.0,850.6,848.5,549.9,540.3,536.8,541.4,551.5,561.8,564.6,560.0,548.8,545.3,543.7,543.4,545.5,549.2,554.2,557.9,558.9,558.8,556.9,553.7,554.8,556.8,555.3,551.1,546.7,544.7,546.2,550.4,561.8,551.7,548.1,553.1,563.7,573.8,577.4,573.2,564.4,557.9,554.7,554.5,557.4,561.4,567.7,570.9,572.5,572.8,571.2,568.6,567.3,569.5,567.9,563.5,558.8,556.6,558.2,562.6,33.1,35.2,39.6,43.8,45.2,43.4,38.8,34.6,26.5,30.0,34.2,38.7,43.1,46.4,48.6,45.7,41.9,37.5,33.3,29.5,37.0,38.9,40.8,41.7,41.0,39.2,37.3,36.4,87.9,90.1,94.7,99.1,100.5,98.3,93.7,89.0,84.8,87.2,90.7,95.4,100.0,103.7,106.5,103.3,99.5,95.4,91.1,87.4,92.2,94.1,96.1,97.1,96.4,94.5,92.5,91.5,85.2,81.0,79.6,81.9,86.5,91.2,92.1,89.8,85.2,83.2,82.2,82.1,83.3,85.5,88.3,89.4,89.3,89.0,88.2,87.1,87.8,88.8,88.2,86.3,84.3,83.3,83.9,85.8,88.3,84.0,82.6,84.8,89.5,93.7,95.1,93.3,89.4,86.4,84.9,84.8,86.4,88.7,92.0,92.8,92.9,92.6,91.8,91.0,90.9,91.9,91.3,89.4,87.4,86.4,87.0,88.9,392.4,392.9,393.9,394.9,395.4,395.3,393.9,392.9,395.1,393.0,391.6,391.5,393.0,395.3,397.7,395.4,392.9,391.7,391.9,393.2,394.3,394.7,395.2,395.4,395.2,394.7,394.3,394.1,382.8,383.4,384.1,384.4,384.2,383.5,382.8,382.7,382.8,381.9,381.3,381.4,382.9,385.2,387.6,385.2,382.6,380.8,380.6,381.7,383.9,384.0,384.4,384.6,384.8,384.6,384.3,384.0,70.8,132.7,422.0,0.025,0.154,0.006,641.5,639.1,638.7,642.3,652.1,671.3,699.6,737.5,783.8,831.0,869.2,900.3,918.2,925.7,929.6,932.2,931.3,675.4,693.7,718.1,744.9,768.9,819.6,846.1,872.1,894.3,906.2,794.6,793.2,792.4,791.5,758.7,773.9,788.5,803.2,816.5,699.0,715.2,734.4,749.9,733.1,714.6,831.5,849.4,868.2,882.0,867.2,848.9,722.7,744.8,771.2,786.0,801.1,826.0,843.0,825.0,800.6,783.9,766.9,741.4,732.3,770.8,785.7,800.9,833.8,800.4,784.5,769.1,559.2,591.9,624.1,656.9,690.7,725.8,760.5,792.7,802.6,788.8,753.9,715.4,677.7,640.8,609.8,580.9,552.9,510.2,498.1,494.4,501.5,515.2,520.4,511.5,510.4,518.6,534.2,556.8,580.1,603.0,627.1,647.3,652.4,656.8,654.0,650.3,549.8,542.9,545.4,556.8,559.5,557.4,562.7,555.9,558.0,566.1,571.0,569.4,699.7,687.3,683.4,688.8,685.5,692.4,706.0,740.4,754.8,756.2,753.4,736.8,700.2,701.6,703.5,703.6,706.4,729.0,730.0,727.3,0.00,0.00,0.00,0.00,0.00,0.00,0.00,0.00,0.00,0.00,0.00,0.00,0.00,0.00,0.00,0.00,0.00,0.00,0.00,0.00,0.00,0.00,0.00,0.00,0.00,0.00,0.00,0.00,0.00,0.00,0.00,0.00,0.00,0.00,0.00
208,0,6.900,0.03,0,0.000000,0.000000,0.000000,0.000000,0.000000,0.000000,0.000,0.000,713.9,718.7,728.6,737.9,741.1,736.9,726.5,717.2,699.1,707.0,716.6,726.8,736.4,743.4,747.8,741.8,733.6,724.1,714.6,705.8,722.5,726.6,731.0,733.1,731.7,727.6,723.2,721.1,840.9,846.2,856.6,866.2,869.3,864.1,853.6,843.1,833.5,840.1,848.6,859.3,868.9,875.9,880.5,874.8,867.6,859.1,849.4,840.2,849.9,854.1,858.8,861.1,859.8,855.5,850.8,848.5,550.3,540.5,536.9,541.6,552.0,562.5,565.4,560.7,548.9,545.8,544.4,544.2,546.2,549.8,554.9,558.4,559.4,559.2,557.3,553.9,555.3,557.4,555.8,551.4,546.9,544.8,546.4,550.7,561.0,550.9,547.7,553.1,564.1,574.2,577.4,572.6,563.3,557.5,554.8,554.9,557.9,561.8,567.7,571.0,572.7,572.9,571.0,567.9,566.9,569.3,567.9,563.4,558.5,556.1,557.5,562.0,32.7,34.8,39.2,43.5,45.0,43.1,38.3,34.1,26.3,29.6,33.7,38.2,42.6,45.9,48.2,45.3,41.4,37.1,32.9,29.1,36.6,38.5,40.5,41.4,40.8,38.9,36.9,35.9,86.8,89.2,93.9,98.2,99.5,97.1,92.4,87.8,83.6,86.2,89.8,94.4,99.0,102.6,105.4,102.2,98.4,94.3,90.0,86.3,91.0,92.9,95.0,96.0,95.5,93.5,91.4,90.4,84.0,79.7,78.3,80.6,85.4,90.1,91.1,88.7,84.0,82.2,81.2,81.1,82.3,84.4,87.2,88.2,88.2,87.8,87.0,85.8,86.7,87.7,87.1,85.2,83.1,82.0,82.6,84.6,86.8,82.6,81.3,83.8,88.6,92.8,94.0,91.9,87.8,85.1,83.8,83.9,85.6,87.8,91.0,91.9,92.0,91.6,90.7,89.6,89.7,90.8,90.2,88.3,86.2,85.1,85.7,87.6,386.4,386.5,387.4,388.5,389.1,389.3,388.0,387.0,389.0,386.9,385.3,385.2,386.7,388.9,391.3,389.2,386.9,385.7,385.9,387.3,388.2,388.7,389.1,389.2,388.9,388.4,388.0,388.0,377.9,378.4,379.1,379.7,379.7,379.2,378.5,378.2,378.0,377.0,376.5,376.7,378.2,380.8,383.4,381.0,378.3,376.4,376.1,377.0,379.3,379.5,379.8,380.1,380.0,379.8,379.5,379.3,71.1,132.9,422.3,0.021,0.147,0.005,642.1,639.7,639.1,642.4,651.9,670.9,699.0,737.1,783.5,830.9,869.4,900.7,918.7,926.0,929.6,932.1,930.9,675.4,693.5,718.0,744.9,769.1,819.4,846.1,872.2,894.6,906.6,795.0,793.8,793.1,792.5,759.3,774.7,789.4,804.3,817.7,699.3,715.6,734.8,750.5,733.6,714.9,831.6,849.5,868.4,882.3,867.4,849.0,722.5,745.3,772.2,787.4,802.8,828.0,845.3,827.1,802.5,785.5,768.0,742.0,732.3,771.7,787.0,802.6,835.8,802.1,785.9,770.1,559.9,592.3,624.3,656.8,690.3,725.3,760.1,792.6,802.8,789.3,754.2,715.2,677.3,640.3,609.3,580.4,552.5,510.3,498.4,494.7,501.8,515.5,520.9,511.7,510.4,518.6,534.3,557.2,580.4,603.2,627.3,648.0,653.0,657.4,654.5,650.7,550.2,543.4,545.8,557.2,559.9,557.8,562.7,556.0,558.2,566.2,571.1,569.4,700.6,688.4,684.5,689.8,686.4,693.1,706.4,740.7,755.3,756.7,754.0,737.5,701.2,703.3,705.1,705.2,706.8,728.6,729.6,726.9,0.00,0.00,0.00,0.00,0.00,0.00,0.00,0.00,0.00,0.00,0.00,0.00,0.00,0.00,0.00,0.00,0.00,0.00,0.00,0.00,0.00,0.00,0.00,0.00,0.00,0.00,0.00,0.00,0.00,0.00,0.00,0.00,0.00,0.00,0.00
209,0,6.933,0.03,0,0.000000,0.000000,0.000000,0.000000,0.000000,0.000000,0.000,0.000,714.6,719.1,728.7,737.9,741.3,737.2,727.1,717.9,699.6,707.6,717.2,727.4,737.0,743.8,748.3,742.5,734.3,724.9,715.3,706.4,723.2,727.1,731.3,733.3,731.8,727.9,723.7,721.7,841.1,845.9,856.2,865.9,869.5,864.7,854.5,843.8,833.9,840.4,848.9,859.6,869.0,875.6,880.0,874.9,868.2,860.2,850.4,841.0,850.2,854.5,859.0,861.1,859.5,855.2,850.7,848.6,550.5,540.8,537.1,541.7,551.8,562.3,565.2,560.6,549.0,545.7,544.2,543.9,546.1,549.8,554.8,558.1,558.9,558.6,556.8,553.7,555.3,557.2,555.6,551.4,547.1,545.1,546.7,550.9,561.6,551.4,547.9,553.1,564.1,574.3,577.8,573.3,564.1,557.9,554.8,554.8,557.7,561.7,567.9,571.2,572.7,573.0,571.2,568.5,567.4,569.7,568.2,563.7,558.9,556.6,558.1,562.6,33.3,35.4,39.8,44.0,45.6,43.8,39.1,34.8,26.8,30.3,34.4,39.0,43.4,46.7,49.0,46.1,42.2,37.8,33.6,29.7,37.3,39.2,41.1,42.0,41.3,39.5,37.6,36.7,86.3,88.6,93.3,97.7,99.2,96.9,92.1,87.4,83.1,85.8,89.4,94.1,98.6,102.2,104.7,101.8,98.2,94.2,89.8,85.9,90.5,92.5,94.5,95.5,94.9,93.0,90.9,89.9,85.1,80.8,79.4,81.6,86.3,91.0,92.0,89.8,85.0,83.1,82.1,82.0,83.2,85.4,88.2,89.1,89.0,88.5,87.8,86.7,87.6,88.6,88.0,86.1,84.1,83.2,83.8,85.6,86.5,82.3,81.1,83.5,88.2,92.4,93.6,91.5,87.5,84.7,83.4,83.4,85.1,87.4,90.7,91.5,91.5,91.1,90.2,89.2,89.3,90.4,89.9,88.0,86.0,84.9,85.5,87.3,391.0,391.3,392.2,393.2,393.7,393.7,392.5,391.5,393.8,391.6,390.0,389.9,391.4,393.6,396.0,393.8,391.4,390.2,390.4,391.8,392.8,393.2,393.6,393.7,393.5,393.1,392.7,392.6,375.4,376.4,377.6,378.3,378.1,377.1,375.9,375.4,375.1,374.5,374.4,374.9,376.7,379.3,381.8,379.2,376.4,374.1,373.5,374.2,376.9,377.2,377.7,378.2,378.2,377.9,377.4,377.0,71.3,133.0,422.4,0.021,0.144,0.008,642.6,639.9,639.2,642.4,651.6,670.3,698.3,736.3,782.9,830.3,869.0,900.4,918.5,925.9,929.6,932.1,930.8,676.2,694.1,718.5,745.3,769.3,819.9,846.2,872.0,894.2,906.3,795.4,794.3,793.7,793.1,759.8,775.2,789.9,804.7,818.2,699.8,716.1,735.3,751.1,734.1,715.6,832.0,850.0,868.8,882.6,867.8,849.5,722.5,745.3,772.3,787.8,803.5,828.8,845.7,827.7,803.0,785.6,767.8,741.8,732.4,771.7,787.3,803.3,836.3,802.7,786.1,770.0,560.8,592.9,624.4,656.5,689.7,724.8,759.9,792.6,803.0,789.7,754.6,715.4,677.5,640.4,609.5,580.8,553.2,510.4,498.6,495.0,502.2,515.9,521.3,512.1,510.7,518.6,534.1,557.2,580.6,603.6,627.8,648.2,653.3,657.7,654.7,651.0,550.0,543.4,545.8,557.1,559.6,557.6,562.7,556.2,558.4,566.3,571.1,569.4,700.7,688.3,684.4,689.9,686.4,693.4,707.0,741.1,755.7,757.1,754.2,737.6,701.3,703.5,705.5,705.6,707.4,728.5,729.5,726.6,0.00,0.00,0.00,0.00,0.00,0.00,0.00,0.00,0.00,0.00,0.00,0.00,0.00,0.00,0.00,0.00,0.00,0.00,0.00,0.00,0.00,0.00,0.00,0.00,0.00,0.00,0.00,0.00,0.00,0.00,0.00,0.00,0.00,0.00,0.00
210,0,6.967,0.03,0,0.000000,0.000000,0.000000,0.000000,0.000000,0.000000,0.000,0.000,714.9,719.4,729.1,738.3,741.6,737.6,727.3,718.2,700.5,708.0,717.1,727.2,736.8,743.9,748.6,742.6,734.2,724.8,715.4,706.9,723.6,727.6,731.8,733.8,732.4,728.4,724.1,722.1,841.8,847.1,857.6,867.2,870.3,865.1,854.6,844.1,834.2,840.8,849.5,860.3,869.6,876.3,880.5,875.1,868.1,859.7,850.1,841.0,850.6,855.0,859.8,862.2,860.7,856.3,851.6,849.2,550.1,540.5,536.9,541.5,551.5,561.9,564.7,560.1,548.8,545.7,544.2,544.0,546.1,549.8,554.8,557.9,558.7,558.5,556.6,553.5,554.9,556.9,555.3,551.1,546.7,544.7,546.3,550.5,560.8,550.7,547.4,552.9,564.0,574.1,577.4,572.5,564.4,558.2,555.2,555.3,558.2,562.1,568.0,571.1,572.8,573.0,571.2,568.5,566.8,569.4,567.9,563.3,558.2,555.7,557.2,561.8,33.9,36.0,40.4,44.7,46.2,44.4,39.6,35.4,27.6,30.8,34.8,39.3,43.8,47.2,49.7,46.7,42.6,38.3,34.1,30.4,38.0,39.8,41.8,42.7,42.0,40.2,38.2,37.3,86.6,88.9,93.7,98.1,99.4,97.0,92.3,87.6,83.3,85.9,89.6,94.3,98.7,102.3,104.9,101.9,98.1,94.0,89.8,86.0,90.7,92.7,94.9,96.0,95.3,93.3,91.2,90.1,86.0,81.7,80.2,82.5,87.1,91.8,92.9,90.7,86.2,84.2,83.2,83.0,84.2,86.3,89.0,90.0,89.9,89.6,88.9,87.8,88.5,89.5,88.9,87.0,85.0,84.0,84.6,86.5,86.1,81.9,80.7,83.3,88.1,92.3,93.5,91.2,87.7,84.8,83.4,83.6,85.2,87.5,90.7,91.5,91.6,91.2,90.3,89.2,89.1,90.2,89.7,87.8,85.6,84.4,85.0,86.9,396.0,396.2,396.8,397.5,397.9,398.1,397.2,396.5,399.3,396.9,395.1,394.6,395.8,397.8,400.0,398.0,395.9,394.9,395.5,397.2,397.6,397.9,398.2,398.2,398.1,397.7,397.5,397.4,375.2,375.8,376.8,377.6,377.7,377.2,376.2,375.6,375.3,374.4,374.1,374.5,376.2,379.0,381.6,379.2,376.5,374.4,373.9,374.6,376.8,377.2,377.6,377.9,377.8,377.5,377.0,376.8,71.5,133.2,422.8,0.026,0.139,0.009,643.7,640.7,639.6,642.4,651.2,669.7,697.5,735.5,782.1,829.8,868.6,900.0,918.2,926.0,929.8,932.1,930.6,676.7,694.6,718.9,745.6,769.3,820.5,846.7,872.3,894.3,906.1,795.6,794.6,794.1,793.6,759.9,775.4,790.2,805.2,818.8,700.3,716.4,735.5,751.2,734.3,715.9,832.4,850.3,869.0,882.6,867.9,849.8,721.7,744.7,771.7,788.3,805.5,830.9,847.3,829.7,804.7,786.0,767.2,741.0,731.6,771.0,787.7,805.1,838.1,804.4,786.5,769.3,561.6,593.4,624.3,655.8,689.1,724.2,759.5,792.7,803.5,790.3,755.0,715.7,677.7,640.5,609.6,580.8,553.1,510.0,498.6,495.1,502.4,515.9,521.5,512.2,510.8,518.8,533.9,557.6,580.9,603.8,627.9,648.4,653.6,658.2,655.2,651.4,550.1,543.4,545.8,557.0,559.5,557.5,562.9,556.4,558.5,566.5,571.2,569.5,700.8,688.9,685.2,691.0,687.4,693.9,707.1,740.5,755.3,757.0,753.8,737.0,701.5,704.1,706.3,706.3,707.5,728.9,730.0,726.9,0.00,0.00,0.00,0.00,0.00,0.00,0.00,0.00,0.00,0.00,0.00,0.00,0.00,0.00,0.00,0.00,0.00,0.00,0.00,0.00,0.00,0.00,0.00,0.00,0.00,0.00,0.00,0.00,0.00,0.00,0.00,0.00,0.00,0.00,0.00
211,0,7.000,0.03,0,0.000000,0.000000,0.000000,0.000000,0.000000,0.000000,0.000,0.000,715.4,720.0,729.8,739.0,742.3,738.3,728.0,718.7,700.8,708.2,717.3,727.3,737.0,744.2,749.1,742.9,734.4,724.9,715.6,707.1,724.3,728.2,732.4,734.3,732.9,729.0,724.8,722.9,842.5,847.6,858.2,868.0,871.3,866.2,855.7,845.1,835.2,840.9,849.0,859.8,870.0,877.8,883.0,876.9,868.9,859.9,850.2,841.5,852.2,856.4,861.0,863.2,861.7,857.5,852.9,850.7,549.4,539.8,536.2,540.9,551.0,561.4,564.2,559.6,548.4,545.0,543.4,543.2,545.4,549.3,554.7,557.7,558.4,558.0,556.2,553.0,554.2,556.2,554.7,550.6,546.3,544.3,545.8,549.9,560.8,550.7,547.1,552.4,563.2,573.4,576.9,572.4,564.5,557.7,554.2,554.1,557.2,561.3,567.7,570.7,572.2,572.4,570.8,568.3,566.4,568.6,567.1,562.7,558.0,555.8,557.3,561.7,33.9,36.0,40.5,44.7,46.2,44.4,39.7,35.4,27.6,30.8,34.7,39.1,43.6,47.1,49.5,46.5,42.4,38.1,34.0,30.3,38.1,39.9,41.8,42.7,42.0,40.2,38.3,37.4,87.9,90.2,94.8,99.0,100.4,98.1,93.5,89.1,84.9,87.1,90.3,94.8,99.4,103.3,106.2,103.0,99.0,94.8,90.7,87.4,92.3,94.1,96.1,97.1,96.5,94.7,92.7,91.7,85.2,80.9,79.5,81.7,86.3,91.0,92.1,89.8,85.5,83.4,82.3,82.1,83.3,85.5,88.4,89.3,89.2,88.8,88.1,87.1,87.7,88.7,88.0,86.2,84.2,83.3,83.9,85.7,87.2,82.8,81.3,83.5,88.2,92.6,94.1,92.2,88.9,85.7,83.9,83.7,85.2,87.5,90.8,91.7,91.8,91.6,91.0,90.3,89.8,90.7,90.1,88.2,86.2,85.2,85.9,87.7,393.6,393.9,394.5,395.1,395.4,395.5,394.5,393.9,397.0,394.6,392.7,392.1,393.2,395.1,397.2,395.3,393.3,392.4,393.0,394.8,395.1,395.4,395.6,395.8,395.6,395.4,395.1,395.0,379.9,380.1,380.1,380.0,379.7,379.5,379.5,379.9,380.6,379.2,378.0,377.4,378.2,380.2,382.3,380.6,378.7,377.4,377.7,379.3,380.6,380.5,380.5,380.6,380.7,380.8,380.8,380.7,71.3,132.6,420.9,0.020,0.137,0.011,644.5,641.3,640.0,642.6,651.5,669.7,697.1,734.7,781.3,829.0,867.8,899.3,917.8,925.8,929.8,932.0,930.4,676.9,694.4,718.7,745.6,769.6,820.9,847.4,873.4,895.5,907.3,796.0,795.1,794.7,794.1,760.1,775.6,790.5,805.5,819.3,700.5,716.6,735.7,751.7,734.7,716.2,832.9,851.1,869.8,883.4,868.7,850.5,721.2,744.8,771.9,788.5,805.8,831.3,848.2,829.9,804.6,785.8,767.0,740.9,731.0,770.9,787.7,805.2,839.1,804.4,786.4,769.2,563.3,594.6,625.0,656.1,689.1,724.1,759.6,793.1,804.3,791.5,756.1,716.5,678.0,640.4,608.8,579.5,551.0,509.9,498.4,494.8,502.2,515.7,521.2,511.4,509.9,518.4,534.1,556.9,580.1,603.1,627.3,648.3,653.7,658.2,655.3,651.6,549.5,542.8,545.0,556.1,558.8,557.0,562.2,555.6,557.8,565.9,570.6,568.9,700.5,690.0,687.0,692.8,689.3,695.3,707.3,740.5,755.0,756.4,753.0,736.0,701.5,705.4,707.7,707.7,707.7,729.2,730.1,726.8,0.00,0.00,0.00,0.00,0.00,0.00,0.00,0.00,0.00,0.00,0.00,0.00,0.00,0.00,0.00,0.00,0.00,0.00,0.00,0.00,0.00,0.00,0.00,0.00,0.00,0.00,0.00,0.00,0.00,0.00,0.00,0.00,0.00,0.00,0.00
212,0,7.033,0.03,0,0.000000,0.000000,0.000000,0.000000,0.000000,0.000000,0.000,0.000,715.9,720.3,730.0,739.3,742.7,738.8,728.6,719.3,700.9,708.7,717.9,727.8,737.2,744.4,749.3,743.3,735.0,725.7,716.2,707.5,724.7,728.7,732.8,734.7,733.2,729.2,725.1,723.2,842.5,848.0,858.8,868.4,871.3,865.8,855.0,844.5,834.9,841.8,850.6,861.1,870.6,877.8,882.8,876.8,869.0,860.1,850.2,841.2,851.5,855.9,860.7,863.1,861.8,857.5,852.7,850.2,548.8,539.0,535.4,540.0,550.2,560.6,563.5,558.9,547.5,544.5,543.0,542.9,545.0,548.7,553.6,556.9,557.7,557.4,555.6,552.4,553.6,555.6,554.0,549.9,545.5,543.5,545.1,549.3,559.9,550.0,547.0,552.6,563.7,573.6,576.6,571.6,561.1,556.3,554.2,554.8,557.8,561.6,567.2,570.8,572.4,572.2,569.9,566.4,566.0,568.6,567.2,562.8,557.8,555.3,556.6,561.1,34.1,36.1,40.6,44.9,46.4,44.6,39.9,35.7,27.6,30.9,34.9,39.3,43.7,47.2,49.6,46.7,42.7,38.4,34.2,30.4,38.2,40.0,42.0,42.8,42.2,40.3,38.4,37.5,87.1,89.6,94.3,98.6,99.8,97.3,92.6,88.0,84.0,86.7,90.3,94.8,99.2,102.9,105.8,102.6,98.5,94.3,90.0,86.4,91.3,93.2,95.3,96.4,95.9,94.0,91.8,90.7,84.8,80.6,79.1,81.4,86.0,90.7,91.7,89.4,84.9,83.1,82.1,82.0,83.2,85.2,87.9,89.0,88.8,88.5,87.7,86.7,87.4,88.3,87.7,85.9,83.9,82.9,83.6,85.4,86.0,81.8,80.6,83.1,87.9,92.1,93.2,91.1,86.7,84.3,83.2,83.5,85.1,87.3,90.3,91.3,91.4,90.9,89.9,88.7,88.9,90.0,89.5,87.6,85.5,84.4,84.9,86.8,393.2,393.7,394.6,395.4,395.6,395.4,394.2,393.4,396.3,394.1,392.4,392.1,393.3,395.3,397.5,395.3,393.1,392.0,392.5,394.2,394.8,395.1,395.5,395.8,395.7,395.3,394.9,394.7,376.4,376.8,377.3,377.6,377.5,377.1,376.6,376.6,377.1,375.8,375.0,375.0,376.4,378.8,381.3,379.0,376.5,374.8,374.7,375.8,377.5,377.7,377.9,378.1,378.1,378.0,377.7,377.6,71.3,132.5,420.7,0.018,0.136,0.012,644.6,641.5,640.1,642.7,651.4,669.5,696.8,734.5,781.2,829.2,868.1,899.7,918.0,925.8,929.7,931.9,930.5,677.1,694.4,719.0,746.2,770.4,820.6,847.0,873.1,895.4,907.3,796.3,795.3,794.8,794.2,760.3,775.8,790.7,805.8,819.5,700.9,717.0,736.0,751.9,735.0,716.7,833.3,851.5,870.1,883.6,868.9,850.8,721.3,745.1,772.4,788.9,806.0,831.6,848.5,830.2,804.9,786.2,767.5,741.3,731.1,771.4,788.1,805.5,839.4,804.7,786.8,769.7,563.1,594.4,624.9,656.0,689.1,724.2,759.7,793.5,804.9,792.0,756.6,716.9,678.2,640.4,608.7,579.4,550.9,509.6,497.8,494.2,501.8,515.5,521.1,511.3,509.9,518.3,533.9,556.4,579.6,602.5,626.7,647.8,653.3,657.8,654.9,651.1,549.0,542.3,544.5,555.4,558.1,556.3,561.7,555.4,557.7,565.7,570.2,568.4,700.1,689.7,686.9,692.6,689.1,695.1,707.0,740.6,755.3,756.8,753.5,736.3,701.2,705.1,707.4,707.3,707.4,729.6,730.6,727.3,0.00,0.00,0.00,0.00,0.00,0.00,0.00,0.00,0.00,0.00,0.00,0.00,0.00,0.00,0.00,0.00,0.00,0.00,0.00,0.00,0.00,0.00,0.00,0.00,0.00,0.00,0.00,0.00,0.00,0.00,0.00,0.00,0.00,0.00,0.00
213,0,7.067,0.03,0,0.000000,0.000000,0.000000,0.000000,0.000000,0.000000,0.000,0.000,715.9,720.3,730.0,739.3,742.7,738.8,728.6,719.3,700.9,708.7,717.9,727.8,737.2,744.4,749.3,743.3,735.0,725.7,716.2,707.5,724.7,728.7,732.8,734.7,733.2,729.2,725.1,723.2,842.5,848.0,858.8,868.4,871.3,865.8,855.0,844.5,834.9,841.8,850.6,861.1,870.6,877.8,882.8,876.8,869.0,860.1,850.2,841.2,851.5,855.9,860.7,863.1,861.8,857.5,852.7,850.2,548.8,539.0,535.4,540.0,550.2,560.6,563.5,558.9,547.5,544.5,543.0,542.9,545.0,548.7,553.6,556.9,557.7,557.4,555.6,552.4,553.6,555.6,554.0,549.9,545.5,543.5,545.1,549.3,559.9,550.0,547.0,552.6,563.7,573.6,576.6,571.6,561.1,556.3,554.2,554.8,557.8,561.6,567.2,570.8,572.4,572.2,569.9,566.4,566.0,568.6,567.2,562.8,557.8,555.3,556.6,561.1,34.1,36.1,40.6,44.9,46.4,44.6,39.9,35.7,27.6,30.9,34.9,39.3,43.7,47.2,49.6,46.7,42.7,38.4,34.2,30.4,38.2,40.0,42.0,42.8,42.2,40.3,38.4,37.5,87.1,89.6,94.3,98.6,99.8,97.3,92.6,88.0,84.0,86.7,90.3,94.8,99.2,102.9,105.8,102.6,98.5,94.3,90.0,86.4,91.3,93.2,95.3,96.4,95.9,94.0,91.8,90.7,84.8,80.6,79.1,81.4,86.0,90.7,91.7,89.4,84.9,83.1,82.1,82.0,83.2,85.2,87.9,89.0,88.8,88.5,87.7,86.7,87.4,88.3,87.7,85.9,83.9,82.9,83.6,85.4,86.0,81.8,80.6,83.1,87.9,92.1,93.2,91.1,86.7,84.3,83.2,83.5,85.1,87.3,90.3,91.3,91.4,90.9,89.9,88.7,88.9,90.0,89.5,87.6,85.5,84.4,84.9,86.8,393.2,393.7,394.6,395.4,395.6,395.4,394.2,393.4,396.3,394.1,392.4,392.1,393.3,395.3,397.5,395.3,393.1,392.0,392.5,394.2,394.8,395.1,395.5,395.8,395.7,395.3,394.9,394.7,376.4,376.8,377.3,377.6,377.5,377.1,376.6,376.6,377.1,375.8,375.0,375.0,376.4,378.8,381.3,379.0,376.5,374.8,374.7,375.8,377.5,377.7,377.9,378.1,378.1,378.0,377.7,377.6,71.3,132.5,420.7,0.018,0.136,0.012,644.6,641.5,640.1,642.7,651.4,669.5,696.8,734.5,781.2,829.2,868.1,899.7,918.0,925.8,929.7,931.9,930.5,677.1,694.4,719.0,746.2,770.4,820.6,847.0,873.1,895.4,907.3,796.3,795.3,794.8,794.2,760.3,775.8,790.7,805.8,819.5,700.9,717.0,736.0,751.9,735.0,716.7,833.3,851.5,870.1,883.6,868.9,850.8,721.3,745.1,772.4,788.9,806.0,831.6,848.5,830.2,804.9,786.2,767.5,741.3,731.1,771.4,788.1,805.5,839.4,804.7,786.8,769.7,563.1,594.4,624.9,656.0,689.1,724.2,759.7,793.5,804.9,792.0,756.6,716.9,678.2,640.4,608.7,579.4,550.9,509.6,497.8,494.2,501.8,515.5,521.1,511.3,509.9,518.3,533.9,556.4,579.6,602.5,626.7,647.8,653.3,657.8,654.9,651.1,549.0,542.3,544.5,555.4,558.1,556.3,561.7,555.4,557.7,565.7,570.2,568.4,700.1,689.7,686.9,692.6,689.1,695.1,707.0,740.6,755.3,756.8,753.5,736.3,701.2,705.1,707.4,707.3,707.4,729.6,730.6,727.3,0.00,0.00,0.00,0.00,0.00,0.00,0.00,0.00,0.00,0.00,0.00,0.00,0.00,0.00,0.00,0.00,0.00,0.00,0.00,0.00,0.00,0.00,0.00,0.00,0.00,0.00,0.00,0.00,0.00,0.00,0.00,0.00,0.00,0.00,0.00
214,0,7.100,0.03,0,0.000000,0.000000,0.000000,0.000000,0.000000,0.000000,0.000,0.000,715.9,720.3,730.0,739.3,742.7,738.8,728.6,719.3,700.9,708.7,717.9,727.8,737.2,744.4,749.3,743.3,735.0,725.7,716.2,707.5,724.7,728.7,732.8,734.7,733.2,729.2,725.1,723.2,842.5,848.0,858.8,868.4,871.3,865.8,855.0,844.5,834.9,841.8,850.6,861.1,870.6,877.8,882.8,876.8,869.0,860.1,850.2,841.2,851.5,855.9,860.7,863.1,861.8,857.5,852.7,850.2,548.8,539.0,535.4,540.0,550.2,560.6,563.5,558.9,547.5,544.5,543.0,542.9,545.0,548.7,553.6,556.9,557.7,557.4,555.6,552.4,553.6,555.6,554.0,549.9,545.5,543.5,545.1,549.3,559.9,550.0,547.0,552.6,563.7,573.6,576.6,571.6,561.1,556.3,554.2,554.8,557.8,561.6,567.2,570.8,572.4,572.2,569.9,566.4,566.0,568.6,567.2,562.8,557.8,555.3,556.6,561.1,34.1,36.1,40.6,44.9,46.4,44.6,39.9,35.7,27.6,30.9,34.9,39.3,43.7,47.2,49.6,46.7,42.7,38.4,34.2,30.4,38.2,40.0,42.0,42.8,42.2,40.3,38.4,37.5,87.1,89.6,94.3,98.6,99.8,97.3,92.6,88.0,84.0,86.7,90.3,94.8,99.2,102.9,105.8,102.6,98.5,94.3,90.0,86.4,91.3,93.2,95.3,96.4,95.9,94.0,91.8,90.7,84.8,80.6,79.1,81.4,86.0,90.7,91.7,89.4,84.9,83.1,82.1,82.0,83.2,85.2,87.9,89.0,88.8,88.5,87.7,86.7,87.4,88.3,87.7,85.9,83.9,82.9,83.6,85.4,86.0,81.8,80.6,83.1,87.9,92.1,93.2,91.1,86.7,84.3,83.2,83.5,85.1,87.3,90.3,91.3,91.4,90.9,89.9,88.7,88.9,90.0,89.5,87.6,85.5,84.4,84.9,86.8,393.2,393.7,394.6,395.4,395.6,395.4,394.2,393.4,396.3,394.1,392.4,392.1,393.3,395.3,397.5,395.3,393.1,392.0,392.5,394.2,394.8,395.1,395.5,395.8,395.7,395.3,394.9,394.7,376.4,376.8,377.3,377.6,377.5,377.1,376.6,376.6,377.1,375.8,375.0,375.0,376.4,378.8,381.3,379.0,376.5,374.8,374.7,375.8,377.5,377.7,377.9,378.1,378.1,378.0,377.7,377.6,71.3,132.5,420.7,0.018,0.136,0.012,644.6,641.5,640.1,642.7,651.4,669.5,696.8,734.5,781.2,829.2,868.1,899.7,918.0,925.8,929.7,931.9,930.5,677.1,694.4,719.0,746.2,770.4,820.6,847.0,873.1,895.4,907.3,796.3,795.3,794.8,794.2,760.3,775.8,790.7,805.8,819.5,700.9,717.0,736.0,751.9,735.0,716.7,833.3,851.5,870.1,883.6,868.9,850.8,721.3,745.1,772.4,788.9,806.0,831.6,848.5,830.2,804.9,786.2,767.5,741.3,731.1,771.4,788.1,805.5,839.4,804.7,786.8,769.7,563.1,594.4,624.9,656.0,689.1,724.2,759.7,793.5,804.9,792.0,756.6,716.9,678.2,640.4,608.7,579.4,550.9,509.6,497.8,494.2,501.8,515.5,521.1,511.3,509.9,518.3,533.9,556.4,579.6,602.5,626.7,647.8,653.3,657.8,654.9,651.1,549.0,542.3,544.5,555.4,558.1,556.3,561.7,555.4,557.7,565.7,570.2,568.4,700.1,689.7,686.9,692.6,689.1,695.1,707.0,740.6,755.3,756.8,753.5,736.3,701.2,705.1,707.4,707.3,707.4,729.6,730.6,727.3,0.00,0.00,0.00,0.00,0.00,0.00,0.00,0.00,0.00,0.00,0.00,0.00,0.00,0.00,0.00,0.00,0.00,0.00,0.00,0.00,0.00,0.00,0.00,0.00,0.00,0.00,0.00,0.00,0.00,0.00,0.00,0.00,0.00,0.00,0.00
215,0,7.133,0.03,0,0.000000,0.000000,0.000000,0.000000,0.000000,0.000000,0.000,0.000,715.9,720.3,730.0,739.3,742.7,738.8,728.6,719.3,700.9,708.7,717.9,727.8,737.2,744.4,749.3,743.3,735.0,725.7,716.2,707.5,724.7,728.7,732.8,734.7,733.2,729.2,725.1,723.2,842.5,848.0,858.8,868.4,871.3,865.8,855.0,844.5,834.9,841.8,850.6,861.1,870.6,877.8,882.8,876.8,869.0,860.1,850.2,841.2,851.5,855.9,860.7,863.1,861.8,857.5,852.7,850.2,548.8,539.0,535.4,540.0,550.2,560.6,563.5,558.9,547.5,544.5,543.0,542.9,545.0,548.7,553.6,556.9,557.7,557.4,555.6,552.4,553.6,555.6,554.0,549.9,545.5,543.5,545.1,549.3,559.9,550.0,547.0,552.6,563.7,573.6,576.6,571.6,561.1,556.3,554.2,554.8,557.8,561.6,567.2,570.8,572.4,572.2,569.9,566.4,566.0,568.6,567.2,562.8,557.8,555.3,556.6,561.1,34.1,36.1,40.6,44.9,46.4,44.6,39.9,35.7,27.6,30.9,34.9,39.3,43.7,47.2,49.6,46.7,42.7,38.4,34.2,30.4,38.2,40.0,42.0,42.8,42.2,40.3,38.4,37.5,87.1,89.6,94.3,98.6,99.8,97.3,92.6,88.0,84.0,86.7,90.3,94.8,99.2,102.9,105.8,102.6,98.5,94.3,90.0,86.4,91.3,93.2,95.3,96.4,95.9,94.0,91.8,90.7,84.8,80.6,79.1,81.4,86.0,90.7,91.7,89.4,84.9,83.1,82.1,82.0,83.2,85.2,87.9,89.0,88.8,88.5,87.7,86.7,87.4,88.3,87.7,85.9,83.9,82.9,83.6,85.4,86.0,81.8,80.6,83.1,87.9,92.1,93.2,91.1,86.7,84.3,83.2,83.5,85.1,87.3,90.3,91.3,91.4,90.9,89.9,88.7,88.9,90.0,89.5,87.6,85.5,84.4,84.9,86.8,393.2,393.7,394.6,395.4,395.6,395.4,394.2,393.4,396.3,394.1,392.4,392.1,393.3,395.3,397.5,395.3,393.1,392.0,392.5,394.2,394.8,395.1,395.5,395.8,395.7,395.3,394.9,394.7,376.4,376.8,377.3,377.6,377.5,377.1,376.6,376.6,377.1,375.8,375.0,375.0,376.4,378.8,381.3,379.0,376.5,374.8,374.7,375.8,377.5,377.7,377.9,378.1,378.1,378.0,377.7,377.6,71.3,132.5,420.7,0.018,0.136,0.012,644.6,641.5,640.1,642.7,651.4,669.5,696.8,734.5,781.2,829.2,868.1,899.7,918.0,925.8,929.7,931.9,930.5,677.1,694.4,719.0,746.2,770.4,820.6,847.0,873.1,895.4,907.3,796.3,795.3,794.8,794.2,760.3,775.8,790.7,805.8,819.5,700.9,717.0,736.0,751.9,735.0,716.7,833.3,851.5,870.1,883.6,868.9,850.8,721.3,745.1,772.4,788.9,806.0,831.6,848.5,830.2,804.9,786.2,767.5,741.3,731.1,771.4,788.1,805.5,839.4,804.7,786.8,769.7,563.1,594.4,624.9,656.0,689.1,724.2,759.7,793.5,804.9,792.0,756.6,716.9,678.2,640.4,608.7,579.4,550.9,509.6,497.8,494.2,501.8,515.5,521.1,511.3,509.9,518.3,533.9,556.4,579.6,602.5,626.7,647.8,653.3,657.8,654.9,651.1,549.0,542.3,544.5,555.4,558.1,556.3,561.7,555.4,557.7,565.7,570.2,568.4,700.1,689.7,686.9,692.6,689.1,695.1,707.0,740.6,755.3,756.8,753.5,736.3,701.2,705.1,707.4,707.3,707.4,729.6,730.6,727.3,0.00,0.00,0.00,0.00,0.00,0.00,0.00,0.00,0.00,0.00,0.00,0.00,0.00,0.00,0.00,0.00,0.00,0.00,0.00,0.00,0.00,0.00,0.00,0.00,0.00,0.00,0.00,0.00,0.00,0.00,0.00,0.00,0.00,0.00,0.00
216,0,7.167,0.03,0,0.000000,0.000000,0.000000,0.000000,0.000000,0.000000,0.000,0.000,715.9,720.3,730.0,739.3,742.7,738.8,728.6,719.3,700.9,708.7,717.9,727.8,737.2,744.4,749.3,743.3,735.0,725.7,716.2,707.5,724.7,728.7,732.8,734.7,733.2,729.2,725.1,723.2,842.5,848.0,858.8,868.4,871.3,865.8,855.0,844.5,834.9,841.8,850.6,861.1,870.6,877.8,882.8,876.8,869.0,860.1,850.2,841.2,851.5,855.9,860.7,863.1,861.8,857.5,852.7,850.2,548.8,539.0,535.4,540.0,550.2,560.6,563.5,558.9,547.5,544.5,543.0,542.9,545.0,548.7,553.6,556.9,557.7,557.4,555.6,552.4,553.6,555.6,554.0,549.9,545.5,543.5,545.1,549.3,559.9,550.0,547.0,552.6,563.7,573.6,576.6,571.6,561.1,556.3,554.2,554.8,557.8,561.6,567.2,570.8,572.4,572.2,569.9,566.4,566.0,568.6,567.2,562.8,557.8,555.3,556.6,561.1,34.1,36.1,40.6,44.9,46.4,44.6,39.9,35.7,27.6,30.9,34.9,39.3,43.7,47.2,49.6,46.7,42.7,38.4,34.2,30.4,38.2,40.0,42.0,42.8,42.2,40.3,38.4,37.5,87.1,89.6,94.3,98.6,99.8,97.3,92.6,88.0,84.0,86.7,90.3,94.8,99.2,102.9,105.8,102.6,98.5,94.3,90.0,86.4,91.3,93.2,95.3,96.4,95.9,94.0,91.8,90.7,84.8,80.6,79.1,81.4,86.0,90.7,91.7,89.4,84.9,83.1,82.1,82.0,83.2,85.2,87.9,89.0,88.8,88.5,87.7,86.7,87.4,88.3,87.7,85.9,83.9,82.9,83.6,85.4,86.0,81.8,80.6,83.1,87.9,92.1,93.2,91.1,86.7,84.3,83.2,83.5,85.1,87.3,90.3,91.3,91.4,90.9,89.9,88.7,88.9,90.0,89.5,87.6,85.5,84.4,84.9,86.8,393.2,393.7,394.6,395.4,395.6,395.4,394.2,393.4,396.3,394.1,392.4,392.1,393.3,395.3,397.5,395.3,393.1,392.0,392.5,394.2,394.8,395.1,395.5,395.8,395.7,395.3,394.9,394.7,376.4,376.8,377.3,377.6,377.5,377.1,376.6,376.6,377.1,375.8,375.0,375.0,376.4,378.8,381.3,379.0,376.5,374.8,374.7,375.8,377.5,377.7,377.9,378.1,378.1,378.0,377.7,377.6,71.3,132.5,420.7,0.018,0.136,0.012,644.6,641.5,640.1,642.7,651.4,669.5,696.8,734.5,781.2,829.2,868.1,899.7,918.0,925.8,929.7,931.9,930.5,677.1,694.4,719.0,746.2,770.4,820.6,847.0,873.1,895.4,907.3,796.3,795.3,794.8,794.2,760.3,775.8,790.7,805.8,819.5,700.9,717.0,736.0,751.9,735.0,716.7,833.3,851.5,870.1,883.6,868.9,850.8,721.3,745.1,772.4,788.9,806.0,831.6,848.5,830.2,804.9,786.2,767.5,741.3,731.1,771.4,788.1,805.5,839.4,804.7,786.8,769.7,563.1,594.4,624.9,656.0,689.1,724.2,759.7,793.5,804.9,792.0,756.6,716.9,678.2,640.4,608.7,579.4,550.9,509.6,497.8,494.2,501.8,515.5,521.1,511.3,509.9,518.3,533.9,556.4,579.6,602.5,626.7,647.8,653.3,657.8,654.9,651.1,549.0,542.3,544.5,555.4,558.1,556.3,561.7,555.4,557.7,565.7,570.2,568.4,700.1,689.7,686.9,692.6,689.1,695.1,707.0,740.6,755.3,756.8,753.5,736.3,701.2,705.1,707.4,707.3,707.4,729.6,730.6,727.3,0.00,0.00,0.00,0.00,0.00,0.00,0.00,0.00,0.00,0.00,0.00,0.00,0.00,0.00,0.00,0.00,0.00,0.00,0.00,0.00,0.00,0.00,0.00,0.00,0.00,0.00,0.00,0.00,0.00,0.00,0.00,0.00,0.00,0.00,0.00
217,0,7.200,0.03,0,0.000000,0.000000,0.000000,0.000000,0.000000,0.000000,0.000,0.000,715.9,720.3,730.0,739.3,742.7,738.8,728.6,719.3,700.9,708.7,717.9,727.8,737.2,744.4,749.3,743.3,735.0,725.7,716.2,707.5,724.7,728.7,732.8,734.7,733.2,729.2,725.1,723.2,842.5,848.0,858.8,868.4,871.3,865.8,855.0,844.5,834.9,841.8,850.6,861.1,870.6,877.8,882.8,876.8,869.0,860.1,850.2,841.2,851.5,855.9,860.7,863.1,861.8,857.5,852.7,850.2,548.8,539.0,535.4,540.0,550.2,560.6,563.5,558.9,547.5,544.5,543.0,542.9,545.0,548.7,553.6,556.9,557.7,557.4,555.6,552.4,553.6,555.6,554.0,549.9,545.5,543.5,545.1,549.3,559.9,550.0,547.0,552.6,563.7,573.6,576.6,571.6,561.1,556.3,554.2,554.8,557.8,561.6,567.2,570.8,572.4,572.2,569.9,566.4,566.0,568.6,567.2,562.8,557.8,555.3,556.6,561.1,34.1,36.1,40.6,44.9,46.4,44.6,39.9,35.7,27.6,30.9,34.9,39.3,43.7,47.2,49.6,46.7,42.7,38.4,34.2,30.4,38.2,40.0,42.0,42.8,42.2,40.3,38.4,37.5,87.1,89.6,94.3,98.6,99.8,97.3,92.6,88.0,84.0,86.7,90.3,94.8,99.2,102.9,105.8,102.6,98.5,94.3,90.0,86.4,91.3,93.2,95.3,96.4,95.9,94.0,91.8,90.7,84.8,80.6,79.1,81.4,86.0,90.7,91.7,89.4,84.9,83.1,82.1,82.0,83.2,85.2,87.9,89.0,88.8,88.5,87.7,86.7,87.4,88.3,87.7,85.9,83.9,82.9,83.6,85.4,86.0,81.8,80.6,83.1,87.9,92.1,93.2,91.1,86.7,84.3,83.2,83.5,85.1,87.3,90.3,91.3,91.4,90.9,89.9,88.7,88.9,90.0,89.5,87.6,85.5,84.4,84.9,86.8,393.2,393.7,394.6,395.4,395.6,395.4,394.2,393.4,396.3,394.1,392.4,392.1,393.3,395.3,397.5,395.3,393.1,392.0,392.5,394.2,394.8,395.1,395.5,395.8,395.7,395.3,394.9,394.7,376.4,376.8,377.3,377.6,377.5,377.1,376.6,376.6,377.1,375.8,375.0,375.0,376.4,378.8,381.3,379.0,376.5,374.8,374.7,375.8,377.5,377.7,377.9,378.1,378.1,378.0,377.7,377.6,71.3,132.5,420.7,0.018,0.136,0.012,644.6,641.5,640.1,642.7,651.4,669.5,696.8,734.5,781.2,829.2,868.1,899.7,918.0,925.8,929.7,931.9,930.5,677.1,694.4,719.0,746.2,770.4,820.6,847.0,873.1,895.4,907.3,796.3,795.3,794.8,794.2,760.3,775.8,790.7,805.8,819.5,700.9,717.0,736.0,751.9,735.0,716.7,833.3,851.5,870.1,883.6,868.9,850.8,721.3,745.1,772.4,788.9,806.0,831.6,848.5,830.2,804.9,786.2,767.5,741.3,731.1,771.4,788.1,805.5,839.4,804.7,786.8,769.7,563.1,594.4,624.9,656.0,689.1,724.2,759.7,793.5,804.9,792.0,756.6,716.9,678.2,640.4,608.7,579.4,550.9,509.6,497.8,494.2,501.8,515.5,521.1,511.3,509.9,518.3,533.9,556.4,579.6,602.5,626.7,647.8,653.3,657.8,654.9,651.1,549.0,542.3,544.5,555.4,558.1,556.3,561.7,555.4,557.7,565.7,570.2,568.4,700.1,689.7,686.9,692.6,689.1,695.1,707.0,740.6,755.3,756.8,753.5,736.3,701.2,705.1,707.4,707.3,707.4,729.6,730.6,727.3,0.00,0.00,0.00,0.00,0.00,0.00,0.00,0.00,0.00,0.00,0.00,0.00,0.00,0.00,0.00,0.00,0.00,0.00,0.00,0.00,0.00,0.00,0.00,0.00,0.00,0.00,0.00,0.00,0.00,0.00,0.00,0.00,0.00,0.00,0.00
218,0,7.233,0.03,0,0.000000,0.000000,0.000000,0.000000,0.000000,0.000000,0.000,0.000,715.9,720.3,730.0,739.3,742.7,738.8,728.6,719.3,700.9,708.7,717.9,727.8,737.2,744.4,749.3,743.3,735.0,725.7,716.2,707.5,724.7,728.7,732.8,734.7,733.2,729.2,725.1,723.2,842.5,848.0,858.8,868.4,871.3,865.8,855.0,844.5,834.9,841.8,850.6,861.1,870.6,877.8,882.8,876.8,869.0,860.1,850.2,841.2,851.5,855.9,860.7,863.1,861.8,857.5,852.7,850.2,548.8,539.0,535.4,540.0,550.2,560.6,563.5,558.9,547.5,544.5,543.0,542.9,545.0,548.7,553.6,556.9,557.7,557.4,555.6,552.4,553.6,555.6,554.0,549.9,545.5,543.5,545.1,549.3,559.9,550.0,547.0,552.6,563.7,573.6,576.6,571.6,561.1,556.3,554.2,554.8,557.8,561.6,567.2,570.8,572.4,572.2,569.9,566.4,566.0,568.6,567.2,562.8,557.8,555.3,556.6,561.1,34.1,36.1,40.6,44.9,46.4,44.6,39.9,35.7,27.6,30.9,34.9,39.3,43.7,47.2,49.6,46.7,42.7,38.4,34.2,30.4,38.2,40.0,42.0,42.8,42.2,40.3,38.4,37.5,87.1,89.6,94.3,98.6,99.8,97.3,92.6,88.0,84.0,86.7,90.3,94.8,99.2,102.9,105.8,102.6,98.5,94.3,90.0,86.4,91.3,93.2,95.3,96.4,95.9,94.0,91.8,90.7,84.8,80.6,79.1,81.4,86.0,90.7,91.7,89.4,84.9,83.1,82.1,82.0,83.2,85.2,87.9,89.0,88.8,88.5,87.7,86.7,87.4,88.3,87.7,85.9,83.9,82.9,83.6,85.4,86.0,81.8,80.6,83.1,87.9,92.1,93.2,91.1,86.7,84.3,83.2,83.5,85.1,87.3,90.3,91.3,91.4,90.9,89.9,88.7,88.9,90.0,89.5,87.6,85.5,84.4,84.9,86.8,393.2,393.7,394.6,395.4,395.6,395.4,394.2,393.4,396.3,394.1,392.4,392.1,393.3,395.3,397.5,395.3,393.1,392.0,392.5,394.2,394.8,395.1,395.5,395.8,395.7,395.3,394.9,394.7,376.4,376.8,377.3,377.6,377.5,377.1,376.6,376.6,377.1,375.8,375.0,375.0,376.4,378.8,381.3,379.0,376.5,374.8,374.7,375.8,377.5,377.7,377.9,378.1,378.1,378.0,377.7,377.6,71.3,132.5,420.7,0.018,0.136,0.012,644.6,641.5,640.1,642.7,651.4,669.5,696.8,734.5,781.2,829.2,868.1,899.7,918.0,925.8,929.7,931.9,930.5,677.1,694.4,719.0,746.2,770.4,820.6,847.0,873.1,895.4,907.3,796.3,795.3,794.8,794.2,760.3,775.8,790.7,805.8,819.5,700.9,717.0,736.0,751.9,735.0,716.7,833.3,851.5,870.1,883.6,868.9,850.8,721.3,745.1,772.4,788.9,806.0,831.6,848.5,830.2,804.9,786.2,767.5,741.3,731.1,771.4,788.1,805.5,839.4,804.7,786.8,769.7,563.1,594.4,624.9,656.0,689.1,724.2,759.7,793.5,804.9,792.0,756.6,716.9,678.2,640.4,608.7,579.4,550.9,509.6,497.8,494.2,501.8,515.5,521.1,511.3,509.9,518.3,533.9,556.4,579.6,602.5,626.7,647.8,653.3,657.8,654.9,651.1,549.0,542.3,544.5,555.4,558.1,556.3,561.7,555.4,557.7,565.7,570.2,568.4,700.1,689.7,686.9,692.6,689.1,695.1,707.0,740.6,755.3,756.8,753.5,736.3,701.2,705.1,707.4,707.3,707.4,729.6,730.6,727.3,0.00,0.00,0.00,0.00,0.00,0.00,0.00,0.00,0.00,0.00,0.00,0.00,0.00,0.00,0.00,0.00,0.00,0.00,0.00,0.00,0.00,0.00,0.00,0.00,0.00,0.00,0.00,0.00,0.00,0.00,0.00,0.00,0.00,0.00,0.00
219,0,7.267,0.03,1,-0.019995,0.068686,-0.997438,-0.272480,0.058542,-0.960379,-0.148,0.065,715.2,720.0,729.4,737.9,740.5,736.1,726.3,717.8,701.3,708.7,717.6,727.6,736.7,742.9,746.6,740.7,733.0,724.1,715.4,707.4,723.2,726.8,730.9,732.9,731.8,728.2,724.1,722.0,841.1,846.1,856.2,865.5,868.6,863.6,853.5,843.3,833.7,840.5,849.3,859.5,868.3,874.8,879.0,873.9,866.9,858.5,849.1,840.1,849.7,853.8,858.3,860.5,859.2,855.0,850.5,848.3,547.7,538.7,535.7,540.3,550.0,559.6,562.1,557.4,546.4,543.2,541.9,541.8,544.0,547.7,553.2,556.3,557.3,557.0,554.8,551.3,552.4,554.4,553.1,549.2,545.0,543.0,544.3,548.2,559.2,549.6,546.5,551.8,562.3,572.0,575.1,570.5,562.4,556.4,553.2,553.0,555.8,560.1,566.0,569.4,570.9,570.9,569.1,566.6,565.0,567.3,566.0,561.7,557.0,554.6,556.0,560.3,35.4,37.7,42.1,46.2,47.6,45.6,40.8,36.7,29.0,32.4,36.4,41.0,45.5,48.7,50.7,47.7,43.8,39.5,35.5,31.8,39.3,41.1,43.0,44.0,43.5,41.7,39.7,38.8,88.6,91.0,95.7,100.0,101.3,98.9,94.2,89.6,85.4,88.3,92.1,96.7,101.0,104.6,107.2,104.2,100.3,96.1,91.8,88.1,92.8,94.7,96.8,97.8,97.2,95.3,93.2,92.2,88.4,84.1,82.8,85.2,90.0,94.7,95.6,93.1,88.3,86.3,85.3,85.2,86.5,88.8,91.9,93.0,92.9,92.5,91.6,90.2,91.0,92.0,91.5,89.6,87.5,86.5,87.1,88.9,87.8,83.7,82.6,85.0,89.7,93.8,94.9,92.8,89.3,86.4,85.0,85.0,86.6,89.1,92.4,93.3,93.2,92.7,91.9,90.9,90.7,91.8,91.3,89.5,87.4,86.3,86.8,88.6,411.8,411.7,412.4,413.5,414.4,414.9,413.8,412.7,414.4,412.1,410.4,410.1,411.6,413.9,416.4,414.4,412.2,411.1,411.5,412.8,413.7,414.2,414.5,414.5,414.1,413.6,413.3,413.3,385.6,386.4,387.4,388.0,387.9,387.2,386.2,385.7,385.9,385.1,384.8,385.3,387.1,389.9,392.5,389.8,386.9,384.8,384.4,385.0,387.0,387.3,387.8,388.1,388.2,387.9,387.4,387.1,74.7,135.0,445.0,-0.095,0.157,0.033,642.2,640.5,639.9,643.0,655.2,678.7,708.6,742.6,782.2,823.7,860.1,891.5,912.3,924.0,929.7,933.0,934.0,674.2,693.8,720.2,746.9,771.3,820.6,846.3,871.5,894.1,908.3,795.8,794.2,792.9,791.7,758.0,773.2,788.0,803.1,816.6,701.2,717.1,735.3,749.1,733.1,715.2,832.8,849.6,867.4,880.4,866.5,849.4,723.9,750.2,770.5,785.4,802.2,821.5,840.0,819.3,799.4,782.2,766.2,746.8,732.0,769.2,784.6,801.7,831.6,800.5,783.7,768.6,556.1,590.8,624.5,659.0,691.5,721.3,746.7,768.1,773.2,763.9,738.1,710.7,679.8,645.7,613.2,583.1,553.0,509.4,496.7,493.1,500.2,513.3,518.3,511.2,510.3,517.1,531.8,553.3,577.3,601.5,626.1,643.0,649.3,654.6,652.0,648.0,547.4,541.1,543.2,554.5,557.9,556.0,561.6,554.1,556.1,564.6,569.5,568.3,684.1,681.9,681.6,686.6,683.8,686.6,690.5,700.6,704.8,705.6,702.9,696.9,685.7,694.6,697.2,696.0,691.2,688.7,689.7,687.3,0.00,0.00,0.00,0.00,0.00,0.00,0.00,0.00,0.00,0.00,0.00,0.00,0.00,0.00,0.00,0.00,0.00,0.00,0.00,0.00,0.00,0.00,0.00,0.00,0.00,0.00,0.00,0.00,0.00,0.00,0.00,0.00,0.00,0.00,0.00
220,0,7.300,0.03,0,0.000000,0.000000,0.000000,0.000000,0.000000,0.000000,0.000,0.000,713.1,717.5,726.5,734.9,737.8,733.9,724.5,716.0,700.9,707.4,715.7,724.9,733.9,740.4,744.8,739.5,732.1,723.3,714.7,706.9,721.1,724.8,728.7,730.6,729.4,725.7,721.7,719.8,841.0,846.1,855.4,863.6,865.9,860.9,851.5,842.7,834.9,840.6,848.0,856.5,864.5,871.5,877.3,870.9,863.2,854.9,846.7,839.6,849.3,852.8,856.8,858.9,858.0,854.5,850.5,848.3,553.7,545.6,542.3,545.8,554.0,562.4,565.4,561.9,551.3,550.6,550.8,550.7,551.1,552.2,554.3,557.3,559.1,559.5,558.1,555.2,556.7,558.2,556.8,553.2,549.6,548.1,549.5,553.1,562.9,554.4,551.9,557.0,566.7,575.2,577.6,573.1,562.3,560.2,559.9,561.3,563.6,565.9,569.0,571.2,572.0,571.5,569.3,566.4,568.2,570.4,569.3,565.7,561.5,559.3,560.4,564.0,36.9,38.9,43.5,47.9,49.6,47.9,43.0,38.6,30.9,34.0,38.0,42.7,47.3,50.9,53.4,50.5,46.6,42.1,37.7,33.9,41.1,43.1,45.1,46.0,45.2,43.3,41.3,40.4,103.4,105.9,110.6,114.7,115.8,113.3,108.6,104.3,100.5,102.9,106.4,110.5,114.7,118.8,122.4,118.6,114.2,109.7,105.7,102.5,107.7,109.5,111.5,112.6,112.1,110.3,108.3,107.2,97.8,93.3,91.7,93.7,98.3,103.1,104.6,102.4,97.1,96.2,95.9,95.8,96.3,97.4,99.1,100.3,100.7,100.7,100.0,98.8,99.8,100.7,100.0,98.0,96.0,95.1,95.8,97.8,104.3,99.9,98.5,101.0,106.0,110.4,111.8,109.6,104.3,102.8,102.2,102.7,104.0,105.7,107.8,108.4,108.4,107.9,107.0,106.0,107.2,108.2,107.6,105.7,103.6,102.5,103.1,105.0,441.6,440.0,439.9,441.4,443.7,445.8,445.4,443.9,444.4,441.8,439.9,439.4,440.9,443.4,446.3,444.7,442.7,441.6,441.9,443.1,444.0,444.7,444.6,443.9,442.9,442.2,442.3,443.0,450.0,449.7,449.2,448.7,448.6,448.9,449.4,450.2,451.1,449.0,447.3,446.5,447.1,448.9,451.2,449.3,447.5,446.5,447.3,449.3,450.4,450.2,450.0,449.9,449.9,450.1,450.3,450.5,74.0,136.3,444.0,-0.065,0.162,0.017,642.2,640.5,639.5,642.6,654.0,676.6,705.7,740.1,781.8,825.9,864.0,895.6,915.3,925.0,929.0,931.9,932.6,674.7,693.2,718.3,744.8,769.3,819.2,845.2,869.7,891.6,905.3,794.2,792.7,791.5,790.4,757.1,772.3,787.2,802.2,815.6,700.2,715.8,732.2,746.2,730.9,715.3,832.0,848.4,864.7,877.8,862.9,847.4,723.5,748.0,769.4,784.6,800.9,821.0,838.0,818.9,798.4,781.4,764.9,744.5,731.9,768.4,784.0,800.5,829.7,799.2,782.7,767.3,560.6,593.9,626.2,659.5,692.1,722.8,749.7,772.8,778.7,767.2,738.1,707.7,675.7,641.6,610.6,581.9,554.0,509.5,497.8,493.8,500.7,513.6,518.1,511.1,510.2,516.7,529.7,556.1,579.1,602.1,625.9,643.2,649.2,654.4,651.7,647.7,552.3,549.2,550.4,556.4,560.1,558.7,562.4,560.4,562.9,567.6,571.0,569.1,690.8,684.3,682.5,687.5,684.3,688.7,695.7,711.5,718.4,719.9,717.3,709.2,692.0,697.9,700.1,699.2,696.5,698.0,699.2,697.2,0.00,0.00,0.00,0.00,0.00,0.00,0.00,0.00,0.00,0.00,0.00,0.00,0.00,0.00,0.00,0.00,0.00,0.00,0.00,0.00,0.00,0.00,0.00,0.00,0.00,0.00,0.00,0.00,0.00,0.00,0.00,0.00,0.00,0.00,0.00
221,0,7.333,0.03,0,0.000000,0.000000,0.000000,0.000000,0.000000,0.000000,0.000,0.000,710.5,714.8,723.9,732.3,735.2,731.4,721.9,713.4,698.4,705.1,713.5,722.8,731.8,738.6,743.2,737.8,730.3,721.5,712.7,704.7,718.6,722.2,726.1,728.0,726.7,723.1,719.2,717.4,839.6,844.6,854.2,862.6,865.0,860.0,850.4,841.4,834.0,839.3,846.6,855.5,864.1,871.8,878.0,871.3,863.1,854.3,845.7,838.7,848.3,851.9,856.0,858.1,857.1,853.5,849.4,847.3,553.0,544.8,541.6,545.3,553.6,562.2,565.1,561.4,550.6,550.2,550.5,550.6,551.1,552.2,554.1,557.2,558.9,559.3,557.9,554.8,556.1,557.7,556.3,552.8,549.2,547.7,549.0,552.5,562.2,553.4,550.9,556.2,566.2,575.1,577.6,572.8,562.4,560.0,559.5,560.8,563.2,565.7,568.9,571.0,571.8,571.3,569.2,566.4,567.7,569.9,568.8,565.1,560.8,558.5,559.6,563.4,35.3,37.3,41.8,46.2,47.9,46.2,41.3,36.9,29.5,32.6,36.7,41.3,45.9,49.5,52.2,49.3,45.3,40.8,36.4,32.5,39.6,41.4,43.4,44.3,43.5,41.7,39.7,38.9,98.2,100.5,104.9,108.9,110.0,107.7,103.3,99.2,95.7,97.8,100.9,104.9,109.2,113.4,117.0,113.3,108.9,104.5,100.6,97.6,102.5,104.2,106.1,107.0,106.5,104.9,103.0,102.0,96.7,92.2,90.6,92.7,97.3,102.1,103.5,101.3,96.1,95.3,95.0,94.9,95.5,96.6,98.2,99.4,99.8,99.8,99.1,97.9,98.7,99.6,98.9,97.0,95.0,94.1,94.8,96.7,99.5,95.0,93.5,95.9,100.8,105.3,106.8,104.8,99.9,98.2,97.5,97.8,99.0,100.6,102.7,103.4,103.4,103.0,102.3,101.4,102.2,103.2,102.6,100.6,98.5,97.5,98.1,100.1,438.2,436.6,436.4,437.8,439.8,441.8,441.6,440.3,441.2,438.5,436.5,435.9,437.3,439.8,442.7,441.0,439.0,438.0,438.3,439.6,440.4,440.9,440.8,440.2,439.3,438.7,438.8,439.5,430.5,429.8,428.6,427.8,427.7,428.4,429.6,430.8,431.9,429.5,427.4,426.2,426.4,428.0,430.1,428.6,427.2,426.6,427.7,429.9,430.5,430.2,429.7,429.4,429.4,429.8,430.2,430.6,71.7,134.6,432.4,0.040,0.152,-0.003,642.1,639.7,638.3,641.9,652.8,674.0,702.8,737.8,781.2,826.8,864.1,895.6,915.2,924.8,928.9,931.2,930.7,674.8,692.3,716.8,743.9,768.0,817.2,843.3,868.6,890.5,902.8,793.1,791.6,790.6,789.7,756.3,771.5,786.7,802.0,815.4,697.9,713.7,730.3,745.1,729.5,713.7,831.1,848.0,864.5,877.9,862.8,846.8,722.4,745.2,769.9,784.5,799.9,823.0,839.7,821.8,798.7,782.1,765.4,741.5,731.0,769.3,784.1,799.5,831.6,799.0,783.0,767.7,562.0,594.8,626.0,657.6,690.0,721.9,752.2,779.8,788.2,775.0,743.0,709.0,674.4,638.9,607.8,578.1,549.7,509.4,497.5,493.6,500.9,514.7,518.6,510.3,509.0,516.6,530.5,557.6,580.6,603.1,626.7,643.9,649.6,654.5,651.5,647.4,552.4,549.0,550.5,557.0,559.7,558.1,562.8,560.1,562.5,567.2,570.5,568.8,693.8,684.4,682.6,687.7,684.4,689.2,698.7,729.2,742.5,744.4,741.7,726.5,694.7,697.4,699.3,698.9,699.4,721.1,722.5,720.0,0.00,0.00,0.00,0.00,0.00,0.00,0.00,0.00,0.00,0.00,0.00,0.00,0.00,0.00,0.00,0.00,0.00,0.00,0.00,0.00,0.00,0.00,0.00,0.00,0.00,0.00,0.00,0.00,0.00,0.00,0.00,0.00,0.00,0.00,0.00
222,0,7.367,0.03,0,0.000000,0.000000,0.000000,0.000000,0.000000,0.000000,0.000,0.000,709.9,714.0,722.9,731.5,734.6,731.1,721.6,713.0,697.3,703.9,712.5,722.3,731.6,738.5,743.2,737.7,730.0,720.9,711.9,703.6,718.2,721.8,725.6,727.3,726.0,722.4,718.6,716.9,838.4,843.5,853.1,861.7,864.2,859.2,849.5,840.3,832.4,838.0,845.4,854.4,863.0,870.3,876.4,869.9,862.1,853.7,844.8,837.3,847.2,850.8,854.8,857.0,855.9,852.3,848.2,846.1,552.0,543.5,540.1,543.8,552.5,561.6,564.5,560.8,550.7,549.5,549.1,549.0,550.0,551.8,554.4,557.1,558.2,558.4,557.3,554.7,555.4,557.0,555.6,551.9,548.3,546.7,548.1,551.7,561.7,552.7,550.1,555.2,565.2,574.2,576.8,572.2,559.7,557.9,557.9,559.5,562.0,564.2,567.6,570.2,571.2,570.8,568.3,564.9,566.9,569.1,568.0,564.2,560.0,557.8,559.0,562.7,34.3,36.2,40.6,44.9,46.6,45.0,40.3,36.0,28.4,31.5,35.5,40.2,44.9,48.6,51.2,48.3,44.3,39.7,35.3,31.4,38.6,40.4,42.3,43.1,42.3,40.5,38.7,37.9,97.9,100.3,104.9,109.0,110.2,107.8,103.2,98.9,95.1,97.4,100.7,104.9,109.2,113.3,116.9,113.2,108.9,104.5,100.4,97.1,102.3,104.0,106.0,107.0,106.5,104.7,102.8,101.8,94.3,89.9,88.2,90.2,94.8,99.6,101.0,99.0,94.5,93.3,92.6,92.4,93.2,94.6,96.5,97.4,97.5,97.4,96.9,96.0,96.4,97.3,96.5,94.7,92.7,91.8,92.6,94.4,99.5,95.0,93.5,96.0,100.9,105.4,106.8,104.7,98.7,97.4,97.0,97.6,98.9,100.4,102.7,103.5,103.6,103.1,102.1,100.9,102.2,103.2,102.6,100.7,98.6,97.6,98.2,100.1,429.8,428.7,428.6,429.5,431.0,432.5,432.2,431.3,433.4,430.5,428.3,427.6,429.0,431.4,434.2,432.3,430.2,429.3,429.8,431.4,431.6,432.0,431.9,431.5,430.9,430.5,430.5,431.0,431.6,431.2,430.6,430.1,430.1,430.5,431.1,431.9,432.6,430.5,428.8,428.0,428.6,430.3,432.7,430.9,429.1,428.1,428.7,430.8,432.0,431.8,431.6,431.4,431.4,431.6,431.9,432.0,70.7,133.7,427.7,0.053,0.148,-0.009,641.7,639.1,637.7,641.1,651.4,671.7,700.1,736.3,780.8,827.1,864.9,896.4,915.8,924.6,928.1,930.0,928.7,673.9,691.3,715.7,742.6,766.7,815.0,841.5,867.3,889.6,901.9,791.4,790.2,789.6,789.0,755.7,771.1,786.3,801.6,815.2,696.6,712.5,729.6,745.0,729.0,712.6,829.4,846.6,863.6,877.3,862.0,845.6,721.0,743.6,769.6,784.9,800.6,825.2,842.0,824.7,800.7,783.4,765.9,740.4,730.3,769.2,784.6,800.5,833.5,800.2,783.7,767.7,561.0,593.2,624.4,655.9,688.9,722.4,755.2,785.6,795.0,781.3,747.9,711.3,675.1,638.3,606.5,576.1,547.2,509.3,497.8,494.1,501.3,514.7,518.7,509.8,508.4,516.4,531.0,557.0,580.3,603.0,627.0,644.9,650.4,655.0,651.6,647.5,551.9,548.1,549.7,556.5,559.1,557.6,561.4,558.7,561.1,565.8,569.2,567.5,696.4,685.3,682.5,687.7,684.1,689.5,700.7,735.1,750.3,752.3,749.6,733.0,697.2,699.3,701.1,700.7,701.4,725.5,726.9,724.3,0.00,0.00,0.00,0.00,0.00,0.00,0.00,0.00,0.00,0.00,0.00,0.00,0.00,0.00,0.00,0.00,0.00,0.00,0.00,0.00,0.00,0.00,0.00,0.00,0.00,0.00,0.00,0.00,0.00,0.00,0.00,0.00,0.00,0.00,0.00
223,0,7.400,0.03,0,0.000000,0.000000,0.000000,0.000000,0.000000,0.000000,0.000,0.000,708.4,712.7,721.9,730.7,733.9,730.3,720.5,711.7,696.9,703.4,711.7,721.2,730.6,737.8,742.7,737.0,729.1,720.0,711.0,703.0,717.0,720.8,724.8,726.6,725.2,721.4,717.4,715.6,837.5,842.5,852.4,861.2,863.9,858.8,849.0,839.4,831.5,837.8,845.8,855.0,863.4,870.4,876.0,869.8,862.2,853.9,845.0,836.9,846.3,850.0,854.1,856.3,855.1,851.4,847.3,845.2,551.1,542.2,538.8,542.9,552.1,561.5,564.3,560.2,550.2,548.7,548.2,548.1,549.2,551.4,554.4,557.0,558.0,558.1,556.8,554.1,555.0,556.7,555.3,551.5,547.5,545.7,547.2,551.0,559.7,550.6,547.7,552.9,563.0,572.1,575.0,570.5,559.0,556.8,556.4,557.7,560.1,562.4,565.8,568.9,570.2,570.0,567.6,564.2,565.1,567.2,566.0,562.2,557.9,555.8,557.0,560.8,33.3,35.3,39.8,44.1,45.8,44.2,39.4,35.0,27.9,30.9,34.8,39.4,44.0,47.7,50.5,47.5,43.4,38.9,34.6,30.8,37.6,39.5,41.5,42.3,41.6,39.7,37.8,36.9,95.1,97.5,102.3,106.5,107.7,105.2,100.5,96.0,92.3,94.9,98.5,102.8,107.1,111.0,114.4,110.8,106.6,102.2,98.0,94.5,99.5,101.2,103.2,104.3,103.7,102.0,100.0,98.9,93.1,88.5,86.9,89.0,93.7,98.6,99.9,97.8,93.4,92.1,91.4,91.1,91.9,93.4,95.5,96.4,96.4,96.3,95.8,94.9,95.3,96.2,95.5,93.5,91.5,90.6,91.3,93.3,96.1,91.8,90.4,92.8,97.6,102.0,103.4,101.3,95.9,94.4,94.0,94.5,95.9,97.5,99.8,100.7,100.8,100.3,99.3,98.0,98.9,99.9,99.3,97.5,95.4,94.4,95.0,96.9,426.2,425.3,425.1,425.7,426.8,428.0,427.9,427.3,429.7,426.9,424.7,423.9,425.0,427.2,429.7,427.9,426.0,425.3,425.9,427.7,427.7,427.9,427.9,427.5,427.0,426.7,426.8,427.2,421.2,421.4,421.3,421.1,420.8,420.7,420.7,421.2,421.7,420.0,418.7,418.3,419.4,421.4,424.1,421.8,419.6,418.2,418.4,420.1,421.9,421.8,421.7,421.8,421.9,422.0,422.0,422.0,70.2,133.1,425.3,0.054,0.146,-0.009,641.2,638.5,637.1,640.3,650.1,669.7,697.4,734.3,779.8,827.1,865.7,897.5,916.8,925.1,928.2,929.9,928.4,673.2,690.6,715.0,742.1,766.1,813.7,840.4,866.5,889.2,901.6,790.4,789.3,788.7,788.2,755.0,770.6,785.9,801.3,815.1,695.9,711.8,729.3,744.9,728.7,712.0,828.9,846.1,863.5,877.3,862.1,845.3,719.3,742.3,769.4,785.0,801.0,826.8,844.7,826.7,801.7,784.0,766.1,739.4,728.9,769.1,784.8,801.0,835.9,800.8,784.0,767.7,560.9,592.6,623.6,654.8,687.9,722.4,756.5,789.2,799.7,786.1,751.7,713.5,676.2,639.0,607.0,576.7,548.0,509.7,498.1,494.5,501.5,515.0,518.9,509.2,507.7,515.8,530.8,556.7,579.8,602.4,626.4,645.2,650.7,655.2,651.6,647.3,551.6,547.0,548.7,556.1,558.8,557.2,560.6,557.1,559.4,564.8,568.3,566.6,696.4,685.2,682.5,687.6,683.9,689.0,700.3,736.9,753.3,755.4,752.8,735.3,697.2,699.8,701.5,701.1,701.1,728.0,729.5,726.9,0.00,0.00,0.00,0.00,0.00,0.00,0.00,0.00,0.00,0.00,0.00,0.00,0.00,0.00,0.00,0.00,0.00,0.00,0.00,0.00,0.00,0.00,0.00,0.00,0.00,0.00,0.00,0.00,0.00,0.00,0.00,0.00,0.00,0.00,0.00
224,0,7.433,0.03,0,0.000000,0.000000,0.000000,0.000000,0.000000,0.000000,0.000,0.000,707.9,712.0,721.2,730.1,733.5,730.0,720.1,711.2,696.9,703.3,711.5,721.0,730.4,737.7,742.9,737.0,728.9,719.8,710.8,702.9,716.5,720.5,724.5,726.3,724.9,720.9,716.9,715.0,836.2,841.0,850.9,860.1,863.2,858.3,848.4,838.6,830.3,836.8,845.1,854.5,863.0,869.8,875.2,869.4,862.1,853.8,844.7,836.2,845.3,849.1,853.2,855.2,853.9,850.1,846.0,844.0,550.4,541.3,537.9,542.0,551.4,561.1,563.9,559.8,550.1,547.7,546.4,546.0,547.5,550.2,554.2,556.9,557.7,557.8,556.5,554.0,554.7,556.5,555.0,551.0,546.8,545.0,546.5,550.5,559.9,550.4,547.2,552.2,562.3,571.8,574.9,570.7,559.3,556.3,555.3,556.2,558.5,561.0,564.9,568.1,569.5,569.4,567.4,564.3,565.1,567.1,565.8,561.8,557.6,555.5,556.9,560.8,32.8,34.7,39.2,43.5,45.1,43.5,38.8,34.5,27.7,30.6,34.5,38.9,43.5,47.3,50.0,47.0,42.9,38.4,34.2,30.5,37.1,39.0,40.9,41.8,41.1,39.2,37.2,36.3,92.7,95.1,99.9,104.2,105.6,103.1,98.4,93.8,89.9,92.7,96.4,100.8,105.1,108.9,112.2,108.8,104.7,100.4,96.1,92.4,97.2,99.0,101.0,102.0,101.4,99.6,97.6,96.6,92.0,87.5,85.8,87.8,92.5,97.3,98.7,96.7,92.7,90.9,89.8,89.4,90.2,92.0,94.4,95.3,95.3,95.2,94.8,94.0,94.3,95.2,94.5,92.5,90.4,89.5,90.3,92.3,94.4,90.1,88.6,91.0,95.7,100.0,101.5,99.5,94.2,92.5,91.8,92.2,93.6,95.3,97.8,98.7,98.7,98.3,97.3,96.2,97.1,98.1,97.5,95.6,93.7,92.7,93.3,95.1,422.9,422.4,422.1,422.2,422.7,423.6,423.5,423.4,426.5,423.7,421.3,420.4,421.2,423.1,425.4,423.6,421.9,421.3,422.2,424.2,423.9,424.0,423.9,423.6,423.4,423.4,423.5,423.7,413.4,413.9,414.3,414.3,413.9,413.4,413.0,413.3,413.7,412.3,411.4,411.3,412.6,414.9,417.5,415.0,412.5,410.8,410.8,412.2,414.3,414.3,414.4,414.6,414.8,414.8,414.6,414.4,69.5,132.6,423.7,0.056,0.151,-0.008,639.1,636.9,636.1,639.6,649.3,668.6,696.2,733.4,779.3,826.8,865.6,897.6,916.6,924.6,927.9,929.9,928.7,671.7,688.9,713.3,740.5,764.7,813.5,840.1,866.0,888.6,901.1,789.7,788.6,788.0,787.3,754.7,770.0,785.1,800.2,813.8,695.4,711.3,729.1,744.5,728.3,711.3,828.2,845.2,862.9,876.7,861.7,844.7,719.4,741.9,768.7,783.5,798.7,824.2,842.1,824.0,799.1,782.3,765.2,738.9,729.0,768.4,783.3,798.6,833.2,798.4,782.4,766.9,559.1,591.1,622.4,654.1,687.7,722.7,757.3,790.4,801.1,787.6,753.1,714.6,676.9,639.6,607.7,577.4,548.4,510.5,498.2,494.3,501.2,514.6,518.4,508.9,507.5,515.4,530.6,556.1,579.6,602.5,626.9,645.3,650.8,655.4,651.9,647.7,550.9,545.6,547.4,555.7,558.6,556.9,560.0,555.8,557.9,564.0,567.9,566.3,696.9,685.4,682.5,687.6,684.1,689.5,701.4,738.0,753.7,755.5,752.9,735.7,697.6,699.7,701.4,701.2,702.2,728.5,729.9,727.4,0.00,0.00,0.00,0.00,0.00,0.00,0.00,0.00,0.00,0.00,0.00,0.00,0.00,0.00,0.00,0.00,0.00,0.00,0.00,0.00,0.00,0.00,0.00,0.00,0.00,0.00,0.00,0.00,0.00,0.00,0.00,0.00,0.00,0.00,0.00
225,0,7.467,0.03,0,0.000000,0.000000,0.000000,0.000000,0.000000,0.000000,0.000,0.000,707.1,711.4,720.7,729.6,732.8,729.1,719.2,710.3,695.8,702.4,710.9,720.4,729.7,736.6,741.3,735.6,727.9,718.9,710.0,702.0,715.7,719.5,723.6,725.5,724.1,720.2,716.1,714.2,835.9,840.5,850.2,859.3,862.5,858.0,848.3,838.3,829.9,836.6,844.9,854.4,862.5,868.6,872.9,868.1,861.7,854.1,845.0,836.3,844.4,848.4,852.7,854.7,853.3,849.3,845.0,843.0,550.1,541.0,537.5,541.8,551.2,560.9,563.7,559.5,549.7,547.1,545.9,545.5,546.8,549.7,554.1,556.7,557.6,557.7,556.3,553.6,554.3,556.1,554.6,550.7,546.6,544.7,546.2,550.2,558.9,549.4,546.2,551.1,561.2,570.7,574.0,569.8,560.3,556.2,554.4,554.7,556.9,559.6,563.8,567.0,568.6,568.9,567.2,564.6,564.2,566.4,565.0,560.8,556.4,554.2,555.6,559.8,32.4,34.5,39.0,43.3,45.0,43.2,38.4,34.1,27.2,30.2,34.1,38.7,43.3,46.8,49.4,46.4,42.5,38.1,33.8,30.0,36.7,38.6,40.6,41.5,40.7,38.8,36.9,36.0,91.7,94.0,98.8,103.3,104.8,102.4,97.6,92.9,88.9,91.8,95.6,100.2,104.4,108.0,110.8,107.8,104.1,99.9,95.6,91.7,96.0,98.0,100.1,101.1,100.5,98.5,96.4,95.4,91.9,87.4,85.7,87.9,92.6,97.5,98.8,96.6,92.3,90.6,89.5,89.2,90.1,92.0,94.6,95.5,95.5,95.3,94.8,93.8,94.3,95.2,94.5,92.5,90.4,89.5,90.2,92.2,93.1,88.8,87.5,90.0,94.7,99.0,100.3,98.2,93.7,91.6,90.7,91.0,92.4,94.3,97.0,97.9,97.9,97.5,96.6,95.5,95.9,97.0,96.4,94.6,92.5,91.4,92.0,93.9,423.0,422.4,422.5,423.0,423.9,424.8,424.4,423.8,425.9,423.4,421.4,420.8,422.0,424.1,426.5,424.7,422.8,421.8,422.4,424.1,424.4,424.7,424.7,424.5,424.1,423.9,423.9,424.1,409.5,410.3,411.3,412.0,411.9,411.1,410.1,409.6,409.4,408.6,408.3,408.9,410.7,413.5,416.3,413.6,410.7,408.5,407.8,408.5,411.0,411.3,411.8,412.1,412.1,411.8,411.4,411.1,68.9,132.3,422.5,0.068,0.149,-0.009,636.3,634.4,634.3,638.1,648.0,667.4,695.3,733.0,779.1,826.7,865.6,897.6,916.3,924.2,927.6,929.8,929.0,670.4,687.9,712.7,740.1,764.4,813.1,839.6,865.5,888.0,900.5,789.3,788.2,787.6,787.0,754.7,769.8,784.7,799.6,813.0,694.7,710.6,728.7,743.7,727.7,710.4,827.8,844.4,862.3,875.9,861.3,844.1,720.4,742.3,768.8,782.9,797.2,822.2,839.8,821.9,797.6,781.7,765.3,739.5,730.0,768.5,782.7,797.2,830.8,797.1,781.9,767.0,555.9,588.7,620.8,653.2,687.4,723.0,757.5,790.7,801.3,787.8,753.3,714.8,676.8,639.6,607.7,577.4,548.5,511.3,498.4,494.4,501.3,514.7,518.3,509.0,507.5,515.1,530.4,555.9,579.5,602.6,627.0,645.4,650.8,655.4,651.9,647.6,550.6,544.8,546.7,555.6,558.6,556.7,559.7,554.8,556.7,563.4,567.5,566.0,697.9,685.7,682.5,687.4,684.0,689.7,702.2,738.2,753.4,755.1,752.7,736.1,698.3,699.5,701.0,700.9,702.9,728.8,730.1,727.8,0.00,0.00,0.00,0.00,0.00,0.00,0.00,0.00,0.00,0.00,0.00,0.00,0.00,0.00,0.00,0.00,0.00,0.00,0.00,0.00,0.00,0.00,0.00,0.00,0.00,0.00,0.00,0.00,0.00,0.00,0.00,0.00,0.00,0.00,0.00
226,0,7.500,0.03,0,0.000000,0.000000,0.000000,0.000000,0.000000,0.000000,0.000,0.000,706.8,711.1,720.4,729.3,732.5,728.8,718.9,710.0,695.6,702.3,710.6,720.1,729.5,736.6,741.5,735.6,727.6,718.6,709.7,701.7,715.4,719.3,723.4,725.3,723.9,719.9,715.8,713.9,835.0,839.4,848.8,857.6,860.8,856.4,847.0,837.4,829.4,835.9,844.1,853.6,861.9,867.9,872.0,867.5,861.2,853.6,844.7,835.9,843.3,847.2,851.3,853.2,851.8,848.0,843.9,841.9,549.8,540.6,537.2,541.6,551.1,560.9,563.7,559.3,549.4,546.5,545.0,544.5,546.2,549.4,554.0,556.7,557.4,557.4,555.9,553.3,554.3,556.2,554.7,550.7,546.5,544.6,546.1,550.1,558.7,549.6,546.4,551.1,560.9,570.1,573.2,569.2,560.6,556.2,553.8,553.6,555.8,558.9,563.6,566.8,568.3,568.5,567.0,564.8,563.8,565.9,564.5,560.5,556.2,554.2,555.5,559.5,32.1,34.2,38.7,43.0,44.6,42.8,38.0,33.7,27.0,30.0,33.9,38.4,42.9,46.6,49.2,46.1,42.1,37.7,33.5,29.8,36.4,38.3,40.3,41.2,40.5,38.6,36.6,35.7,91.7,94.0,98.6,102.9,104.4,102.1,97.5,92.8,89.1,91.9,95.7,100.3,104.7,108.4,111.1,108.1,104.4,100.3,95.9,91.9,95.9,97.8,99.8,100.8,100.2,98.3,96.3,95.3,91.4,86.9,85.3,87.4,92.1,97.0,98.2,96.1,91.9,89.9,88.7,88.4,89.3,91.3,94.0,94.9,94.8,94.7,94.1,93.3,93.8,94.7,94.0,92.0,90.0,89.0,89.8,91.7,93.4,89.3,88.0,90.4,95.0,99.1,100.4,98.4,94.3,92.1,90.9,91.0,92.4,94.6,97.5,98.3,98.3,97.9,97.0,96.1,96.2,97.2,96.6,94.8,92.8,91.8,92.3,94.2,421.3,421.1,421.0,421.2,421.6,422.2,421.9,421.7,424.6,421.9,419.8,419.0,419.9,421.8,424.0,422.2,420.4,419.6,420.4,422.3,422.4,422.5,422.5,422.4,422.2,422.1,422.2,422.3,411.4,412.2,413.1,413.7,413.6,412.9,411.9,411.5,411.4,410.6,410.3,411.0,413.1,416.0,419.1,416.0,412.9,410.7,409.9,410.5,412.8,413.1,413.5,413.8,413.9,413.6,413.2,412.9,68.4,131.5,420.5,0.088,0.144,-0.011,634.5,632.3,632.2,636.3,646.4,666.1,694.5,732.9,779.3,826.7,865.3,897.0,915.7,923.6,927.1,929.3,928.5,669.9,687.2,711.8,739.1,763.2,813.1,839.2,864.8,887.2,899.6,788.6,787.5,786.9,786.3,754.2,769.3,784.1,799.0,812.4,694.1,710.0,728.4,743.3,727.3,709.8,827.2,843.9,862.0,875.5,861.1,843.7,720.6,742.4,768.8,782.6,796.6,821.5,839.2,821.3,797.2,781.6,765.5,739.7,730.3,768.5,782.4,796.5,830.0,796.4,781.6,767.1,552.4,585.3,617.5,650.2,685.0,721.4,756.8,790.5,801.2,787.5,753.1,714.5,676.2,639.0,607.0,576.4,546.9,511.5,498.5,494.5,501.5,514.7,518.3,508.8,507.2,514.7,530.1,555.8,579.6,602.9,627.5,645.6,650.9,655.4,651.8,647.4,550.3,544.2,546.2,555.5,558.5,556.6,559.5,554.3,556.0,562.8,567.2,565.9,697.7,685.9,682.8,687.6,684.2,689.6,701.8,738.3,753.6,755.2,752.9,736.4,698.0,699.6,701.0,700.8,702.6,729.3,730.6,728.4,0.00,0.00,0.00,0.00,0.00,0.00,0.00,0.00,0.00,0.00,0.00,0.00,0.00,0.00,0.00,0.00,0.00,0.00,0.00,0.00,0.00,0.00,0.00,0.00,0.00,0.00,0.00,0.00,0.00,0.00,0.00,0.00,0.00,0.00,0.00
227,0,7.533,0.03,0,0.000000,0.000000,0.000000,0.000000,0.000000,0.000000,0.000,0.000,705.8,710.2,719.7,728.7,732.0,728.0,718.0,709.0,693.2,700.4,709.3,719.1,728.5,735.6,740.6,734.8,726.9,717.8,708.5,700.0,714.3,718.3,722.5,724.5,723.1,719.1,714.8,712.9,834.1,838.8,848.6,857.7,860.8,856.1,846.3,836.4,828.7,835.4,843.8,853.4,861.6,867.7,871.9,867.2,860.9,853.2,844.1,835.2,842.7,846.6,850.8,852.8,851.5,847.6,843.4,841.3,549.8,540.5,537.0,541.5,551.3,561.3,564.1,559.6,549.9,546.9,545.3,544.7,546.2,549.5,554.1,557.0,557.9,558.0,556.7,554.0,554.5,556.5,554.9,550.8,546.4,544.4,546.0,550.1,558.1,548.5,545.4,550.4,560.6,570.1,573.3,569.0,559.8,555.3,553.2,553.4,555.5,558.5,563.0,566.5,568.2,568.6,566.9,564.3,563.4,565.5,564.1,560.1,555.7,553.5,554.9,559.0,30.6,32.7,37.2,41.4,43.0,41.2,36.4,32.2,25.0,28.2,32.2,36.7,41.2,44.7,47.3,44.4,40.5,36.2,31.9,28.0,34.7,36.6,38.6,39.5,38.9,37.0,35.0,34.0,89.5,91.8,96.5,100.9,102.4,100.0,95.3,90.6,86.9,89.8,93.6,98.2,102.5,106.1,108.8,105.9,102.2,98.1,93.7,89.8,93.8,95.7,97.7,98.7,98.1,96.2,94.2,93.2,88.5,84.1,82.5,84.7,89.4,94.2,95.3,93.1,89.1,87.2,86.0,85.7,86.6,88.6,91.3,92.2,92.2,92.0,91.5,90.6,90.9,91.9,91.2,89.3,87.2,86.2,86.9,88.9,91.3,87.1,85.8,88.3,93.0,97.2,98.5,96.4,92.0,89.8,88.8,89.0,90.5,92.5,95.2,96.2,96.3,95.9,95.0,93.9,94.1,95.2,94.6,92.8,90.8,89.7,90.2,92.1,407.7,407.6,407.9,408.5,409.0,409.5,408.8,408.2,410.8,408.3,406.4,405.9,407.1,409.2,411.7,409.7,407.5,406.5,407.0,408.7,409.2,409.4,409.6,409.5,409.3,409.0,408.9,408.9,403.4,404.1,405.0,405.7,405.7,405.0,404.0,403.5,403.1,402.3,402.1,402.8,404.8,407.6,410.5,407.8,404.7,402.5,401.7,402.3,404.8,405.1,405.5,405.8,405.9,405.6,405.2,404.9,68.0,131.5,419.8,0.074,0.146,-0.012,633.2,631.7,632.3,636.7,647.1,666.8,695.1,732.8,778.9,826.3,864.9,896.6,915.2,923.3,927.3,930.0,929.6,668.2,686.2,711.1,738.6,763.1,811.7,838.2,864.1,886.8,899.7,788.1,787.1,786.5,786.0,753.7,768.8,783.7,798.6,811.9,693.0,709.0,727.5,742.5,726.4,708.7,826.5,843.2,861.4,875.1,860.5,843.0,720.7,741.9,768.0,782.0,796.1,820.6,837.8,820.5,796.7,780.9,764.7,739.3,730.4,767.8,781.8,796.1,828.7,796.1,781.1,766.5,554.5,587.6,620.2,653.0,687.6,723.3,758.0,790.9,801.1,787.6,753.1,714.6,676.7,639.7,608.1,577.8,548.7,511.7,498.9,494.8,501.5,514.7,517.9,508.7,507.2,514.4,529.5,555.7,579.5,602.8,627.4,645.9,651.2,655.7,652.3,648.0,550.5,544.3,546.2,555.8,558.8,556.9,559.4,553.8,555.5,562.5,567.0,565.7,699.7,686.7,682.9,687.7,684.3,690.4,703.6,738.9,753.9,755.7,753.3,737.2,699.8,699.9,701.3,701.2,704.1,729.3,730.7,728.5,0.00,0.00,0.00,0.00,0.00,0.00,0.00,0.00,0.00,0.00,0.00,0.00,0.00,0.00,0.00,0.00,0.00,0.00,0.00,0.00,0.00,0.00,0.00,0.00,0.00,0.00,0.00,0.00,0.00,0.00,0.00,0.00,0.00,0.00,0.00
228,0,7.567,0.03,0,0.000000,0.000000,0.000000,0.000000,0.000000,0.000000,0.000,0.000,705.0,709.5,719.1,728.4,731.9,728.0,717.8,708.5,692.5,699.5,708.4,718.1,727.6,735.0,740.1,734.3,726.3,717.1,707.7,699.2,713.8,718.0,722.3,724.3,722.8,718.6,714.2,712.2,832.9,837.4,847.0,856.2,859.5,855.0,845.4,835.5,827.7,834.4,842.7,852.4,860.8,867.0,871.3,866.5,860.1,852.3,843.3,834.4,841.5,845.6,849.8,851.8,850.3,846.3,842.0,840.1,550.1,540.5,536.8,541.2,551.1,561.4,564.4,560.0,550.2,546.9,545.0,544.2,545.6,548.8,553.8,556.9,558.1,558.4,557.1,554.4,554.8,556.8,555.1,550.8,546.3,544.3,545.9,550.3,558.7,549.1,545.7,550.4,560.5,570.0,573.4,569.4,560.2,555.5,553.0,552.9,555.0,558.1,562.8,566.1,567.8,568.2,566.7,564.4,563.8,565.8,564.3,560.1,555.7,553.6,555.1,559.3,29.9,31.9,36.4,40.7,42.4,40.7,35.9,31.5,24.3,27.4,31.3,35.8,40.2,43.8,46.4,43.5,39.7,35.3,31.1,27.3,34.0,36.0,38.0,39.0,38.2,36.3,34.2,33.3,89.0,91.2,95.8,100.2,101.7,99.5,94.9,90.2,86.6,89.4,93.2,97.8,102.2,105.8,108.6,105.6,101.8,97.7,93.4,89.4,93.3,95.2,97.2,98.2,97.5,95.6,93.6,92.6,87.4,83.0,81.3,83.5,88.2,93.0,94.3,92.1,88.1,86.1,84.8,84.3,85.2,87.1,89.9,90.9,91.1,91.0,90.5,89.6,89.9,90.9,90.1,88.1,86.0,85.0,85.8,87.8,91.6,87.3,85.9,88.2,92.9,97.2,98.6,96.6,92.3,89.9,88.7,88.8,90.2,92.3,95.2,96.1,96.2,95.8,95.0,94.0,94.3,95.3,94.7,92.8,90.7,89.7,90.4,92.2,402.4,402.2,402.6,403.2,403.7,404.2,403.5,402.9,405.3,403.0,401.1,400.6,401.7,403.7,406.1,404.2,402.2,401.2,401.7,403.4,403.8,404.1,404.3,404.2,404.0,403.7,403.5,403.6,403.6,404.1,404.9,405.5,405.5,405.0,404.2,403.8,403.4,402.5,402.2,402.8,404.8,407.7,410.7,407.8,404.8,402.6,401.9,402.5,405.0,405.2,405.6,405.8,405.8,405.5,405.2,404.9,67.4,131.1,418.4,0.087,0.139,-0.014,630.3,629.1,630.1,635.0,645.8,665.8,694.0,732.0,778.3,825.4,864.1,895.6,914.5,922.8,927.0,929.9,929.6,666.7,685.1,709.9,737.3,761.7,810.8,837.4,863.2,886.1,899.5,787.1,786.3,785.9,785.6,753.2,768.4,783.3,798.3,811.7,691.9,708.1,726.8,741.9,725.7,707.8,825.7,842.3,860.7,874.6,860.0,842.3,719.6,740.8,766.8,781.6,796.6,821.5,838.4,821.3,797.3,780.6,763.5,738.3,729.6,766.5,781.4,796.5,829.2,796.5,780.6,765.1,552.9,586.3,618.8,651.6,686.2,722.3,757.4,790.6,800.9,787.8,753.6,715.1,676.9,639.6,607.5,576.5,546.5,512.0,499.4,495.7,502.2,514.9,518.0,508.5,506.8,514.0,529.1,555.7,579.7,603.1,627.9,646.3,651.6,656.0,652.6,648.4,550.7,544.2,546.0,555.7,558.9,557.1,559.2,553.4,555.1,562.1,566.8,565.6,700.4,687.2,683.1,688.2,684.8,691.0,704.6,739.3,754.3,755.9,753.3,737.2,700.5,700.6,702.2,702.2,705.0,729.3,730.6,728.1,0.00,0.00,0.00,0.00,0.00,0.00,0.00,0.00,0.00,0.00,0.00,0.00,0.00,0.00,0.00,0.00,0.00,0.00,0.00,0.00,0.00,0.00,0.00,0.00,0.00,0.00,0.00,0.00,0.00,0.00,0.00,0.00,0.00,0.00,0.00
229,0,7.600,0.03,0,0.000000,0.000000,0.000000,0.000000,0.000000,0.000000,0.000,0.000,703.6,708.0,717.7,727.0,730.5,726.7,716.4,707.0,691.9,698.7,707.2,716.9,726.4,733.8,739.0,733.0,724.9,715.7,706.5,698.2,712.5,716.6,720.9,722.9,721.4,717.2,712.9,710.9,832.6,837.1,846.8,856.1,859.5,854.9,845.2,835.1,827.5,834.2,842.6,852.2,860.4,866.4,870.6,866.0,859.8,852.1,843.1,834.1,841.2,845.3,849.5,851.5,850.0,846.0,841.8,839.8,550.3,540.6,537.0,541.4,551.4,561.7,564.6,560.2,550.3,547.0,545.3,544.5,545.9,549.2,554.3,557.3,558.4,558.7,557.2,554.4,554.9,556.9,555.3,551.0,546.6,544.6,546.2,550.5,558.0,548.4,544.9,549.8,560.1,569.7,573.1,569.0,559.7,555.1,552.9,553.0,555.1,558.1,562.5,566.0,567.8,568.2,566.7,564.1,563.3,565.4,563.9,559.7,555.2,553.1,554.6,558.8,29.5,31.5,36.0,40.4,42.0,40.3,35.5,31.1,24.2,27.2,31.1,35.5,39.9,43.6,46.2,43.2,39.3,35.0,30.8,27.1,33.7,35.6,37.7,38.6,37.8,35.9,33.9,33.0,88.2,90.4,95.1,99.5,101.1,98.8,94.1,89.4,85.7,88.6,92.5,97.0,101.3,104.8,107.5,104.6,100.9,96.9,92.6,88.6,92.5,94.4,96.5,97.4,96.8,94.8,92.8,91.8,88.2,83.7,82.0,84.2,88.9,93.8,95.1,92.9,88.8,86.8,85.6,85.1,85.9,87.9,90.7,91.7,91.8,91.7,91.2,90.3,90.6,91.6,90.9,88.8,86.7,85.8,86.5,88.5,90.6,86.4,85.0,87.4,92.1,96.4,97.7,95.7,91.3,89.1,88.0,88.2,89.7,91.7,94.4,95.4,95.5,95.1,94.2,93.1,93.4,94.4,93.9,92.0,89.9,88.9,89.5,91.3,405.6,405.4,405.5,405.9,406.3,406.9,406.4,406.0,408.5,406.1,404.1,403.5,404.5,406.3,408.5,406.8,404.8,404.0,404.7,406.5,406.9,407.0,407.1,407.0,406.8,406.7,406.6,406.7,400.5,401.3,402.3,403.0,403.0,402.2,401.2,400.7,400.1,399.4,399.3,400.1,402.1,405.0,407.9,405.0,402.0,399.6,398.8,399.3,402.0,402.3,402.8,403.1,403.1,402.8,402.4,402.0,67.3,131.4,419.1,0.080,0.135,-0.012,629.9,628.6,629.5,634.2,645.0,665.0,693.0,731.1,777.4,824.6,863.4,894.9,913.8,922.0,925.8,928.5,928.0,666.1,684.4,709.4,736.8,761.1,810.3,837.0,863.0,885.8,899.0,786.3,785.6,785.3,785.1,752.6,767.9,782.8,797.8,811.4,690.9,707.0,725.7,741.0,724.7,706.8,825.2,841.8,860.2,874.1,859.5,841.8,718.6,740.0,766.1,781.4,797.0,822.1,839.0,822.0,797.7,780.5,762.9,737.5,728.7,765.7,781.2,796.9,829.7,796.8,780.4,764.4,553.6,586.9,619.4,652.1,686.6,722.7,757.8,791.2,801.7,788.7,754.6,716.0,677.7,640.3,608.1,577.0,546.9,512.2,499.6,495.8,502.3,514.8,517.9,508.3,506.7,514.1,529.4,555.7,579.7,603.3,628.2,646.8,652.1,656.5,653.0,648.8,551.0,544.4,546.1,555.8,559.0,557.3,559.2,553.3,555.0,562.1,566.7,565.5,701.0,687.6,683.5,688.6,685.1,691.1,704.8,739.2,754.3,756.1,753.4,737.3,701.2,701.3,702.9,702.8,705.2,729.0,730.4,727.8,0.00,0.00,0.00,0.00,0.00,0.00,0.00,0.00,0.00,0.00,0.00,0.00,0.00,0.00,0.00,0.00,0.00,0.00,0.00,0.00,0.00,0.00,0.00,0.00,0.00,0.00,0.00,0.00,0.00,0.00,0.00,0.00,0.00,0.00,0.00
230,0,7.633,0.03,0,0.000000,0.000000,0.000000,0.000000,0.000000,0.000000,0.000,0.000,703.0,707.4,716.9,726.1,729.5,725.7,715.6,706.4,691.2,698.0,706.5,716.1,725.5,732.7,737.7,731.8,723.8,714.6,705.6,697.5,711.8,715.8,720.1,722.0,720.5,716.4,712.2,710.2,831.5,835.8,845.4,854.7,858.2,853.9,844.3,834.3,825.8,832.1,840.3,850.3,859.1,865.3,869.5,864.9,858.6,850.9,841.6,832.6,840.2,844.3,848.5,850.4,848.8,844.7,840.5,838.7,550.7,541.2,537.6,542.0,551.8,562.0,564.9,560.5,550.5,547.1,545.3,544.6,546.3,549.8,555.0,557.8,558.7,558.8,557.3,554.5,555.3,557.3,555.7,551.5,547.1,545.2,546.8,551.0,559.2,549.4,545.7,550.2,560.2,570.0,573.8,570.0,561.1,555.8,553.0,552.6,554.7,557.7,562.6,565.9,567.7,568.3,567.1,564.9,564.0,566.0,564.3,560.0,555.6,553.7,555.3,559.6,29.6,31.6,36.1,40.5,42.1,40.3,35.5,31.2,24.2,27.3,31.1,35.6,40.0,43.6,46.2,43.2,39.2,34.9,30.7,27.0,33.8,35.7,37.7,38.6,37.9,36.0,34.0,33.1,87.6,89.6,94.2,98.7,100.3,98.3,93.7,88.9,84.9,87.6,91.3,96.0,100.5,104.1,106.9,104.0,100.3,96.3,91.9,87.9,91.9,93.9,95.9,96.8,96.0,94.1,92.1,91.2,89.5,85.1,83.4,85.6,90.2,95.1,96.3,94.2,90.1,88.0,86.7,86.3,87.2,89.3,92.2,93.1,93.1,92.9,92.4,91.5,92.0,92.9,92.2,90.2,88.1,87.2,87.9,89.9,91.1,86.7,85.2,87.4,92.1,96.5,98.0,96.1,91.9,89.3,88.0,87.9,89.3,91.4,94.3,95.2,95.4,95.1,94.4,93.5,93.7,94.6,94.0,92.0,90.0,89.0,89.7,91.6,410.8,410.7,410.9,411.3,411.5,411.9,411.4,411.1,413.8,411.4,409.4,408.8,409.8,411.5,413.6,411.8,409.9,409.1,409.8,411.7,412.0,412.1,412.2,412.2,412.1,411.9,411.8,411.9,400.1,400.5,401.4,402.1,402.4,402.0,401.2,400.6,400.0,399.0,398.7,399.3,401.4,404.3,407.3,404.6,401.7,399.4,398.7,399.2,401.7,402.1,402.4,402.6,402.5,402.2,401.8,401.6,66.9,131.8,419.7,0.077,0.139,-0.015,629.7,628.2,629.0,633.8,644.5,664.4,692.4,730.5,777.0,824.5,863.5,895.0,913.6,921.4,924.8,927.1,926.3,665.0,682.9,707.4,734.5,758.7,809.4,835.8,861.6,884.2,897.0,784.7,784.0,783.7,783.3,751.2,766.6,781.5,796.6,810.2,689.8,705.9,724.6,739.9,723.7,705.7,823.8,840.3,858.9,872.8,858.3,840.5,716.9,738.2,764.3,780.1,796.2,821.8,839.1,822.0,797.4,779.6,761.6,736.0,727.0,764.1,780.0,796.3,829.8,796.3,779.3,762.9,554.1,587.4,619.8,652.3,686.9,723.0,758.2,791.4,801.9,788.9,754.7,715.9,677.8,640.6,608.7,577.9,548.0,513.0,500.3,496.4,503.0,515.5,518.6,508.6,506.8,514.0,529.4,556.1,580.1,603.7,628.5,647.4,652.6,657.0,653.5,649.2,551.4,544.7,546.4,556.4,559.5,557.8,559.6,553.4,554.9,562.2,566.9,565.8,701.5,688.4,684.3,689.5,685.9,691.7,705.3,739.2,754.4,756.3,753.6,737.6,701.8,702.4,704.1,703.9,705.8,729.0,730.4,727.8,0.00,0.00,0.00,0.00,0.00,0.00,0.00,0.00,0.00,0.00,0.00,0.00,0.00,0.00,0.00,0.00,0.00,0.00,0.00,0.00,0.00,0.00,0.00,0.00,0.00,0.00,0.00,0.00,0.00,0.00,0.00,0.00,0.00,0.00,0.00
231,0,7.667,0.03,0,0.000000,0.000000,0.000000,0.000000,0.000000,0.000000,0.000,0.000,701.7,706.0,715.6,724.9,728.5,724.7,714.5,705.2,689.5,696.3,704.9,714.7,724.3,731.4,736.1,730.2,722.2,713.0,704.0,695.8,710.5,714.6,718.8,720.7,719.2,715.1,710.9,709.0,830.8,835.5,845.4,854.7,858.0,853.3,843.3,833.2,825.0,831.3,839.6,849.6,858.3,864.5,868.8,864.0,857.7,850.1,840.7,831.6,839.5,843.5,847.9,849.9,848.5,844.4,840.1,838.0,551.1,541.5,537.7,542.0,552.0,562.3,565.4,561.1,551.5,547.9,546.0,545.2,546.5,549.9,555.2,558.3,559.7,559.9,558.4,555.6,555.7,557.6,555.9,551.7,547.3,545.4,547.1,551.3,557.9,548.1,544.6,549.5,559.9,569.7,573.2,569.0,558.8,554.2,552.2,552.4,554.6,557.4,562.1,565.9,568.1,568.7,566.9,563.9,563.1,565.2,563.7,559.4,554.9,552.7,554.2,558.5,28.5,30.5,35.0,39.4,41.1,39.4,34.6,30.2,23.0,26.1,29.9,34.4,38.9,42.4,44.8,41.9,38.0,33.7,29.5,25.9,32.7,34.7,36.7,37.5,36.8,34.9,32.9,32.0,86.4,88.6,93.3,97.8,99.3,97.1,92.3,87.6,83.7,86.4,90.1,94.8,99.2,102.7,105.4,102.6,99.0,95.0,90.6,86.6,90.7,92.7,94.7,95.7,95.0,93.1,91.0,90.0,88.4,83.9,82.3,84.4,89.1,94.0,95.3,93.1,89.2,87.0,85.8,85.3,86.1,88.1,91.0,92.1,92.3,92.2,91.6,90.7,90.9,91.8,91.1,89.1,87.0,86.1,86.8,88.8,89.6,85.3,83.9,86.3,91.1,95.5,96.8,94.8,90.0,87.7,86.7,87.0,88.4,90.3,93.1,94.3,94.6,94.3,93.4,92.1,92.4,93.4,92.8,90.9,88.8,87.8,88.4,90.3,404.8,404.7,405.1,405.7,406.2,406.7,406.0,405.4,407.5,405.2,403.3,402.9,404.1,406.0,408.2,406.4,404.4,403.5,404.1,405.7,406.3,406.6,406.7,406.7,406.5,406.2,406.0,406.1,396.3,396.8,397.7,398.5,398.7,398.3,397.4,396.8,396.1,395.2,394.9,395.5,397.4,400.2,403.1,400.6,397.8,395.5,394.7,395.3,398.0,398.3,398.7,398.9,398.8,398.4,398.0,397.8,66.5,131.7,419.4,0.089,0.132,-0.019,628.1,627.1,628.1,632.8,643.5,663.4,691.5,729.7,776.3,824.0,863.0,894.5,913.0,920.8,924.1,926.3,925.4,663.3,681.5,706.1,733.2,757.5,808.3,834.8,860.4,882.8,895.8,783.8,783.2,783.0,782.8,750.4,765.9,780.9,796.1,809.7,688.5,704.4,723.3,738.5,722.3,704.2,823.0,839.3,857.9,871.7,857.4,839.6,716.1,737.4,763.6,779.8,796.3,821.9,839.0,822.2,797.6,779.3,761.0,735.3,726.1,763.5,779.7,796.5,829.7,796.6,779.1,762.3,554.2,587.3,619.5,652.0,686.7,722.9,758.0,791.6,802.0,788.9,754.3,715.5,677.3,640.2,608.4,577.5,547.5,513.5,501.1,497.2,503.5,515.6,518.2,508.4,506.8,514.0,529.0,556.5,580.5,604.1,628.9,647.6,652.9,657.3,653.8,649.5,552.2,545.1,546.8,556.8,560.1,558.4,559.4,552.9,554.3,561.8,566.5,565.5,701.6,688.4,684.3,689.4,685.6,691.0,704.5,738.6,754.3,756.4,753.8,737.7,701.7,702.0,703.7,703.2,705.0,729.6,731.3,728.7,0.00,0.00,0.00,0.00,0.00,0.00,0.00,0.00,0.00,0.00,0.00,0.00,0.00,0.00,0.00,0.00,0.00,0.00,0.00,0.00,0.00,0.00,0.00,0.00,0.00,0.00,0.00,0.00,0.00,0.00,0.00,0.00,0.00,0.00,0.00
232,0,7.700,0.03,0,0.000000,0.000000,0.000000,0.000000,0.000000,0.000000,0.000,0.000,700.1,704.4,714.1,723.5,727.1,723.4,713.2,703.7,688.6,695.5,704.1,714.0,723.6,730.7,735.4,729.4,721.4,712.1,703.1,694.9,709.0,713.3,717.6,719.6,717.9,713.7,709.3,707.4,830.3,834.4,844.0,853.4,857.1,852.9,843.3,833.1,823.9,830.0,838.2,848.2,857.0,863.3,867.5,862.8,856.5,848.9,839.7,830.7,839.0,843.1,847.3,849.2,847.6,843.4,839.2,837.4,552.0,542.2,538.3,542.6,552.5,562.9,566.2,561.9,551.9,548.3,546.5,545.6,546.8,550.0,555.1,558.5,560.1,560.5,559.0,556.1,556.5,558.4,556.7,552.3,547.8,545.8,547.6,552.0,558.8,548.9,545.1,549.5,559.7,569.6,573.4,569.6,560.9,555.2,552.3,551.9,554.1,557.2,562.4,565.9,567.9,568.5,567.3,564.9,563.6,565.6,563.9,559.6,555.1,553.2,554.9,559.2,27.8,29.7,34.2,38.6,40.3,38.7,33.9,29.5,22.6,25.6,29.5,34.0,38.5,42.0,44.4,41.4,37.5,33.2,29.1,25.4,32.0,34.0,36.0,36.9,36.1,34.1,32.1,31.2,86.7,88.8,93.4,97.9,99.6,97.5,92.9,88.1,83.8,86.4,90.0,94.7,99.2,102.8,105.5,102.6,99.0,95.0,90.7,86.7,91.1,93.0,95.1,96.0,95.2,93.3,91.2,90.3,88.6,84.1,82.3,84.4,89.1,94.1,95.5,93.3,89.2,87.0,85.8,85.2,86.1,87.9,90.8,92.0,92.3,92.3,91.7,90.7,91.1,92.0,91.2,89.1,87.0,86.1,86.9,88.9,90.6,86.2,84.7,86.9,91.6,96.0,97.5,95.6,91.5,88.8,87.4,87.3,88.8,90.8,93.8,94.8,95.1,94.9,94.1,93.2,93.2,94.2,93.5,91.6,89.5,88.6,89.2,91.1,404.1,403.8,404.0,404.6,405.1,405.7,405.1,404.6,406.5,404.2,402.4,401.9,403.1,405.0,407.2,405.4,403.5,402.6,403.2,404.8,405.5,405.7,405.8,405.7,405.4,405.2,405.1,405.2,398.8,399.4,400.4,401.3,401.4,400.8,399.8,399.2,398.7,397.8,397.6,398.2,400.1,402.8,405.6,403.1,400.2,398.0,397.3,397.9,400.4,400.8,401.2,401.5,401.4,401.1,400.6,400.4,66.3,131.6,418.8,0.093,0.125,-0.026,628.6,627.0,627.6,632.2,643.0,662.9,691.1,729.6,776.5,824.1,862.8,894.1,912.7,920.3,923.3,924.7,923.1,662.7,680.5,705.0,732.0,755.9,806.8,833.3,859.1,881.6,894.3,782.4,782.0,782.1,782.1,749.5,765.4,780.6,796.0,809.9,687.5,703.4,722.2,737.7,721.4,703.3,821.5,838.0,856.6,870.5,856.2,838.5,715.0,737.5,764.2,780.7,797.5,823.7,841.7,824.6,799.7,781.1,762.5,735.9,725.1,764.3,780.7,797.9,832.4,798.3,780.4,763.4,556.0,588.8,620.9,653.0,687.2,723.1,758.2,792.1,802.7,789.1,754.1,714.7,676.2,638.9,606.9,576.2,546.3,514.2,501.8,497.9,504.1,516.2,518.8,508.5,506.5,514.0,529.4,557.0,581.2,604.9,629.8,648.6,653.9,658.2,654.2,649.4,553.0,545.6,547.3,557.2,560.5,559.0,559.6,552.8,554.0,561.4,566.2,565.4,700.5,688.8,685.1,690.0,686.0,690.0,701.6,736.9,753.8,756.3,753.9,737.5,700.8,702.5,704.0,703.1,702.5,729.5,731.5,729.0,0.00,0.00,0.00,0.00,0.00,0.00,0.00,0.00,0.00,0.00,0.00,0.00,0.00,0.00,0.00,0.00,0.00,0.00,0.00,0.00,0.00,0.00,0.00,0.00,0.00,0.00,0.00,0.00,0.00,0.00,0.00,0.00,0.00,0.00,0.00
233,0,7.733,0.03,0,0.000000,0.000000,0.000000,0.000000,0.000000,0.000000,0.000,0.000,699.6,703.8,713.5,723.0,726.8,723.1,712.8,703.3,687.4,694.4,703.1,713.0,722.6,730.0,735.1,729.3,721.1,711.7,702.4,694.0,708.6,712.9,717.2,719.1,717.4,713.2,708.8,706.9,829.4,833.9,843.6,852.9,856.4,851.9,842.2,832.0,822.5,829.2,837.8,847.8,856.3,862.3,866.3,861.9,855.8,848.2,838.8,829.4,838.1,842.0,846.2,848.1,846.6,842.7,838.5,836.6,552.3,542.5,538.6,542.8,552.8,563.2,566.5,562.3,552.4,549.1,547.3,546.4,547.6,550.5,555.1,558.7,560.2,560.6,559.3,556.6,556.8,558.7,557.0,552.6,548.1,546.2,548.0,552.4,557.4,547.5,544.0,549.0,559.5,569.5,572.9,568.6,559.6,554.7,552.2,552.1,554.3,557.4,562.3,566.1,568.1,568.6,567.0,564.3,562.7,564.8,563.3,559.1,554.7,552.5,554.0,558.2,27.3,29.2,33.7,38.1,39.8,38.2,33.4,29.0,21.8,24.9,28.8,33.3,37.8,41.3,43.9,41.0,37.1,32.7,28.5,24.8,31.5,33.5,35.5,36.4,35.6,33.6,31.6,30.7,83.9,86.1,90.8,95.2,96.7,94.5,89.9,85.1,80.8,83.6,87.4,92.1,96.4,99.8,102.4,99.7,96.1,92.2,87.8,83.7,88.2,90.1,92.0,93.0,92.3,90.5,88.5,87.5,88.0,83.5,81.8,83.8,88.5,93.4,94.8,92.7,88.7,86.7,85.5,85.0,85.7,87.5,90.1,91.3,91.5,91.5,91.1,90.2,90.4,91.4,90.6,88.5,86.5,85.5,86.3,88.3,87.5,83.3,82.0,84.5,89.2,93.4,94.6,92.5,88.4,86.1,85.0,85.1,86.6,88.6,91.5,92.6,92.7,92.3,91.4,90.3,90.2,91.3,90.8,89.0,87.0,85.9,86.5,88.2,400.6,400.5,400.8,401.3,401.8,402.2,401.5,401.0,403.4,401.1,399.2,398.7,399.9,401.8,404.0,402.2,400.1,399.2,399.8,401.5,402.0,402.2,402.3,402.3,402.1,401.9,401.7,401.8,387.7,388.7,390.1,391.1,391.2,390.3,388.8,387.9,387.4,386.8,386.8,387.7,389.9,392.9,395.9,393.0,389.8,387.4,386.4,386.7,389.6,390.0,390.6,391.0,391.0,390.5,389.9,389.5,66.2,131.8,419.2,0.089,0.125,-0.031,629.4,627.5,627.8,632.0,642.5,662.4,690.8,729.8,776.9,824.4,862.9,894.1,912.8,920.3,923.0,924.0,922.0,662.1,679.3,703.7,731.0,755.2,804.9,831.4,857.6,880.4,893.4,781.2,781.0,781.2,781.3,748.8,764.8,780.2,795.7,809.7,686.9,702.7,721.5,737.2,720.9,702.8,820.6,837.3,855.8,869.8,855.5,837.7,713.7,736.9,764.1,780.7,797.7,824.5,843.3,825.7,800.4,781.7,763.0,735.7,723.9,764.2,780.8,798.2,834.0,798.7,780.7,763.6,558.8,591.0,622.6,654.1,687.7,723.3,758.4,792.5,803.0,789.1,753.8,714.2,675.6,638.0,606.0,575.4,545.8,515.0,502.6,498.5,504.8,517.1,519.6,508.8,506.5,514.0,529.6,557.5,581.8,605.6,630.7,649.4,654.8,659.1,654.7,649.7,553.5,546.2,547.8,557.6,560.8,559.4,559.9,553.0,554.1,561.4,566.1,565.4,699.8,689.2,686.0,690.7,686.6,690.0,700.3,736.4,753.8,756.4,754.1,737.5,700.3,703.3,704.7,703.7,701.5,729.3,731.4,728.9,0.00,0.00,0.00,0.00,0.00,0.00,0.00,0.00,0.00,0.00,0.00,0.00,0.00,0.00,0.00,0.00,0.00,0.00,0.00,0.00,0.00,0.00,0.00,0.00,0.00,0.00,0.00,0.00,0.00,0.00,0.00,0.00,0.00,0.00,0.00
234,0,7.767,0.03,0,0.000000,0.000000,0.000000,0.000000,0.000000,0.000000,0.000,0.000,699.3,703.5,713.2,722.7,726.5,722.9,712.6,703.1,686.7,693.5,702.3,712.2,722.0,729.4,734.4,728.5,720.3,710.9,701.5,693.1,708.3,712.6,717.0,718.9,717.2,712.9,708.5,706.6,828.6,833.0,842.5,851.6,854.9,850.6,841.1,831.1,822.3,828.9,837.3,847.3,855.9,861.8,865.5,861.1,855.1,847.7,838.5,829.3,837.1,841.0,845.0,846.9,845.5,841.6,837.5,835.7,553.2,543.4,539.4,543.6,553.5,564.0,567.3,563.1,553.2,549.8,548.0,547.1,548.4,551.5,556.4,559.5,560.8,561.2,559.9,557.2,557.7,559.5,557.7,553.3,548.8,547.0,548.8,553.2,559.2,549.4,545.7,550.3,560.5,570.4,574.1,570.1,560.4,555.1,552.4,552.2,554.6,557.8,562.9,566.3,568.2,568.8,567.3,564.8,564.0,566.0,564.4,560.2,555.8,553.9,555.4,559.7,27.0,28.9,33.4,37.8,39.6,38.0,33.2,28.8,21.5,24.4,28.3,32.8,37.3,40.9,43.4,40.5,36.6,32.2,28.0,24.3,31.3,33.3,35.3,36.1,35.3,33.3,31.3,30.5,85.1,87.2,91.8,96.2,97.8,95.7,91.1,86.4,82.2,85.0,88.8,93.5,98.0,101.4,103.9,101.1,97.7,93.7,89.3,85.2,89.4,91.3,93.2,94.1,93.4,91.6,89.6,88.7,88.1,83.6,81.8,83.9,88.5,93.4,94.8,92.8,88.8,86.7,85.5,84.9,85.8,87.6,90.4,91.4,91.5,91.5,91.0,90.2,90.5,91.4,90.6,88.6,86.4,85.5,86.3,88.4,89.9,85.6,84.2,86.5,91.3,95.6,97.0,95.0,90.4,87.8,86.6,86.7,88.3,90.4,93.5,94.4,94.5,94.2,93.3,92.2,92.6,93.6,93.0,91.1,89.1,88.0,88.7,90.5,399.1,398.9,399.1,399.7,400.3,400.9,400.3,399.7,402.2,399.8,397.8,397.2,398.3,400.2,402.5,400.7,398.8,397.9,398.6,400.3,400.5,400.8,400.9,400.8,400.5,400.3,400.2,400.3,395.0,395.5,396.6,397.7,398.2,397.7,396.6,395.7,394.5,393.8,393.7,394.7,397.0,400.1,403.2,400.3,397.2,394.7,393.6,394.0,396.9,397.4,397.9,398.1,397.9,397.4,396.9,396.7,66.1,132.4,420.3,0.085,0.123,-0.033,628.8,627.0,627.2,631.4,641.8,661.7,690.3,729.5,776.6,824.2,862.7,894.0,912.6,919.9,922.4,923.4,921.3,661.3,678.4,703.0,730.4,754.7,803.8,830.4,856.7,879.7,892.7,780.5,780.3,780.6,780.8,748.5,764.4,779.7,795.0,809.0,685.9,701.6,720.5,736.2,719.9,701.8,820.2,836.7,855.3,869.3,855.0,837.2,714.1,737.0,764.0,780.3,796.9,823.5,842.2,824.9,799.8,781.5,763.1,736.0,724.3,764.2,780.5,797.4,832.9,798.0,780.4,763.5,560.8,592.6,623.7,654.8,688.1,723.5,758.2,792.1,802.5,788.5,753.2,713.7,675.2,637.7,605.7,575.3,546.1,515.8,503.2,499.0,505.2,517.5,519.8,508.9,506.5,514.0,529.6,558.0,582.2,605.9,631.0,650.1,655.2,659.4,655.1,650.2,554.3,547.0,548.6,558.3,561.6,560.2,560.1,553.3,554.3,561.6,566.4,565.7,701.2,690.0,686.5,691.1,687.0,690.6,701.3,736.9,753.9,756.5,754.3,738.2,701.6,704.1,705.5,704.4,702.4,729.2,731.2,728.9,0.00,0.00,0.00,0.00,0.00,0.00,0.00,0.00,0.00,0.00,0.00,0.00,0.00,0.00,0.00,0.00,0.00,0.00,0.00,0.00,0.00,0.00,0.00,0.00,0.00,0.00,0.00,0.00,0.00,0.00,0.00,0.00,0.00,0.00,0.00
235,0,7.800,0.03,0,0.000000,0.000000,0.000000,0.000000,0.000000,0.000000,0.000,0.000,697.1,701.4,711.2,720.9,724.6,720.9,710.5,700.9,684.1,691.3,700.5,710.9,720.8,727.9,732.7,726.8,718.8,709.3,699.8,691.1,706.1,710.4,714.9,716.8,715.1,710.8,706.3,704.4,827.7,832.3,842.1,851.4,854.8,850.2,840.4,830.2,821.1,827.9,836.4,846.5,855.1,861.1,865.0,860.4,854.3,846.8,837.5,828.1,836.3,840.3,844.6,846.6,845.1,841.1,836.8,834.8,554.3,544.3,540.3,544.7,554.9,565.6,568.9,564.5,555.5,551.4,549.0,547.9,549.3,552.9,558.5,561.4,562.6,562.9,561.7,559.3,559.1,561.1,559.3,554.7,550.1,548.2,550.0,554.5,558.1,548.1,544.5,549.4,560.1,570.1,573.7,569.4,559.6,554.7,552.4,552.5,554.9,557.9,562.8,566.5,568.6,569.2,567.5,564.5,563.4,565.6,564.0,559.6,555.0,552.9,554.4,558.8,25.4,27.4,31.8,36.1,37.8,36.2,31.5,27.1,19.8,22.9,26.8,31.4,35.9,39.3,41.7,38.8,35.1,30.8,26.6,22.8,29.5,31.5,33.5,34.4,33.6,31.6,29.6,28.8,82.8,85.0,89.6,94.0,95.6,93.4,88.7,84.0,79.8,82.7,86.4,91.1,95.4,98.8,101.3,98.5,95.1,91.2,86.8,82.8,87.0,88.9,91.0,91.9,91.2,89.3,87.3,86.4,86.5,82.1,80.4,82.5,87.1,92.0,93.2,91.1,87.6,85.3,83.9,83.3,84.2,86.3,89.3,90.1,90.1,90.0,89.6,88.9,89.0,89.9,89.2,87.2,85.1,84.1,84.9,86.9,87.4,83.1,81.8,84.3,89.1,93.4,94.7,92.5,88.0,85.6,84.6,84.9,86.4,88.4,91.3,92.4,92.5,92.2,91.2,90.0,90.2,91.3,90.7,88.8,86.7,85.7,86.2,88.1,389.5,389.7,390.3,391.0,391.3,391.4,390.5,389.8,392.0,389.9,388.3,388.0,389.3,391.3,393.5,391.5,389.3,388.2,388.7,390.2,391.0,391.3,391.6,391.6,391.5,391.2,390.9,390.8,386.1,386.7,388.0,389.2,389.5,388.8,387.5,386.6,385.5,384.9,384.9,385.9,388.1,391.1,394.1,391.3,388.2,385.7,384.6,385.0,388.0,388.5,389.1,389.4,389.2,388.7,388.2,387.9,65.8,132.6,420.4,0.089,0.119,-0.040,626.4,625.1,625.9,630.7,641.8,662.2,690.7,729.8,776.8,824.2,862.7,893.9,912.4,919.5,921.9,922.8,920.7,659.5,677.1,701.3,728.3,752.3,802.9,829.1,854.9,877.7,891.3,779.2,779.2,779.6,780.0,748.0,763.9,779.2,794.5,808.5,684.2,700.0,719.2,735.0,718.5,700.2,819.1,835.6,854.4,868.7,854.3,836.3,713.7,736.9,764.0,780.2,796.5,823.3,842.5,825.1,799.9,781.9,763.6,736.3,724.0,764.4,780.5,797.2,833.1,797.9,780.6,763.9,561.3,593.1,624.5,655.7,688.9,724.1,758.5,792.1,802.1,788.2,752.9,713.2,674.7,637.5,605.7,575.4,546.2,516.4,504.3,500.2,506.0,517.7,519.7,508.9,506.6,513.7,528.9,558.4,582.6,606.4,631.3,651.0,656.0,659.9,655.5,650.6,555.8,548.2,549.7,559.5,563.2,561.9,560.6,553.5,554.5,561.7,566.9,566.3,701.9,690.8,686.9,691.4,687.1,690.6,701.0,736.9,754.2,756.9,754.9,739.0,702.3,704.9,706.0,704.9,702.2,729.2,731.3,729.1,0.00,0.00,0.00,0.00,0.00,0.00,0.00,0.00,0.00,0.00,0.00,0.00,0.00,0.00,0.00,0.00,0.00,0.00,0.00,0.00,0.00,0.00,0.00,0.00,0.00,0.00,0.00,0.00,0.00,0.00,0.00,0.00,0.00,0.00,0.00
236,0,7.833,0.03,0,0.000000,0.000000,0.000000,0.000000,0.000000,0.000000,0.000,0.000,697.6,701.9,711.7,721.2,724.8,721.0,710.7,701.2,684.1,691.4,700.7,711.2,721.1,728.1,732.7,726.9,718.9,709.3,699.8,691.0,706.4,710.6,715.1,717.0,715.4,711.1,706.7,704.7,827.1,831.5,841.0,850.2,853.6,849.2,839.6,829.6,820.2,826.8,835.2,845.4,854.4,860.5,864.5,859.8,853.6,846.1,836.7,827.2,835.6,839.6,843.7,845.6,844.2,840.2,836.0,834.1,554.6,544.6,540.7,545.1,555.3,565.9,569.1,564.7,555.4,551.3,549.1,548.0,549.5,553.0,558.4,561.4,562.7,562.9,561.7,559.2,559.3,561.3,559.5,555.1,550.5,548.5,550.2,554.7,559.5,549.5,545.7,550.3,560.6,570.6,574.4,570.5,560.1,555.0,552.6,552.4,554.8,557.8,562.9,566.7,568.8,569.4,567.8,564.9,564.3,566.3,564.7,560.3,555.9,553.9,555.5,559.8,25.6,27.6,32.0,36.3,38.0,36.3,31.6,27.3,19.8,22.9,26.9,31.6,36.1,39.5,41.7,38.9,35.1,30.8,26.6,22.8,29.7,31.6,33.6,34.5,33.8,31.8,29.8,28.9,83.4,85.5,90.0,94.4,96.0,94.0,89.4,84.7,80.3,83.1,86.7,91.5,96.0,99.5,102.2,99.3,95.8,91.8,87.4,83.3,87.7,89.6,91.5,92.4,91.7,89.8,87.8,87.0,86.6,82.2,80.6,82.7,87.4,92.2,93.4,91.3,87.6,85.3,83.9,83.4,84.4,86.4,89.3,90.2,90.3,90.1,89.6,88.9,89.1,90.1,89.4,87.4,85.3,84.3,85.0,87.0,89.0,84.6,83.1,85.4,90.2,94.6,96.0,94.0,89.2,86.7,85.6,85.7,87.2,89.3,92.3,93.4,93.6,93.3,92.3,91.2,91.6,92.6,92.0,90.0,88.0,87.0,87.6,89.5,389.6,389.6,390.3,391.1,391.6,391.9,390.9,390.1,392.2,390.0,388.4,388.2,389.6,391.7,394.0,391.9,389.7,388.6,388.9,390.4,391.2,391.6,391.9,391.9,391.7,391.3,391.0,391.0,390.3,390.7,391.7,392.8,393.3,392.9,391.9,391.0,389.9,389.1,388.8,389.6,392.0,394.9,398.2,395.2,392.2,389.8,388.8,389.2,392.2,392.7,393.1,393.3,393.1,392.6,392.1,392.0,65.3,132.5,419.7,0.094,0.121,-0.041,623.9,623.1,624.6,629.9,641.2,661.7,690.5,729.8,776.8,824.2,862.8,893.9,911.9,918.8,921.4,922.7,920.8,658.5,676.4,700.8,727.8,752.1,801.9,827.7,853.2,876.1,890.2,779.1,779.0,779.4,779.8,748.0,763.7,778.9,794.0,807.8,684.0,699.8,719.0,734.6,718.3,699.8,818.5,834.8,853.7,867.9,853.5,835.5,714.5,737.1,763.7,779.1,794.4,820.5,839.5,822.1,797.5,780.4,763.0,736.3,724.7,764.0,779.4,795.1,830.0,795.7,779.4,763.5,560.3,592.7,624.4,656.1,689.5,724.7,758.8,791.6,801.2,787.4,752.3,712.8,674.2,637.1,605.5,575.2,545.9,517.2,504.8,500.6,506.6,518.4,520.3,509.5,506.9,513.3,528.3,558.4,582.7,606.4,631.4,651.0,655.9,659.7,655.6,650.8,555.7,548.3,549.7,559.8,563.5,562.1,560.6,553.5,554.4,561.7,567.0,566.5,703.3,691.4,687.1,691.7,687.6,691.8,703.1,738.0,754.2,756.6,754.5,739.3,703.5,705.2,706.3,705.4,704.1,729.3,731.0,729.0,0.00,0.00,0.00,0.00,0.00,0.00,0.00,0.00,0.00,0.00,0.00,0.00,0.00,0.00,0.00,0.00,0.00,0.00,0.00,0.00,0.00,0.00,0.00,0.00,0.00,0.00,0.00,0.00,0.00,0.00,0.00,0.00,0.00,0.00,0.00
237,0,7.867,0.03,0,0.000000,0.000000,0.000000,0.000000,0.000000,0.000000,0.000,0.000,698.6,702.7,712.3,721.8,725.6,722.0,711.8,702.3,684.9,691.7,700.5,710.6,720.4,727.7,732.6,726.5,718.2,708.7,699.5,691.2,707.6,711.7,716.0,717.8,716.1,711.9,707.7,705.9,827.6,832.4,842.4,851.7,855.0,850.2,840.2,829.9,819.7,826.8,835.6,846.1,855.0,860.9,864.5,860.1,854.1,846.4,836.7,827.0,835.8,840.1,844.7,846.8,845.3,841.1,836.5,834.4,554.4,544.6,540.6,544.8,554.7,565.3,568.5,564.3,555.1,551.3,549.2,548.3,549.9,553.4,558.6,561.6,562.6,562.7,561.4,558.9,558.9,560.8,559.0,554.7,550.4,548.5,550.2,554.6,558.1,547.7,543.9,549.0,559.9,570.3,574.0,569.7,560.0,554.7,552.0,551.8,554.0,557.0,561.9,565.9,568.2,568.9,567.4,564.7,563.5,565.8,564.1,559.4,554.4,552.1,553.8,558.6,26.6,28.5,32.9,37.2,39.0,37.3,32.6,28.3,20.5,23.5,27.4,31.9,36.4,39.9,42.4,39.4,35.4,31.1,27.0,23.3,30.8,32.7,34.6,35.4,34.7,32.8,30.8,30.0,79.5,81.7,86.2,90.6,92.2,90.0,85.4,80.7,76.1,79.0,82.7,87.4,91.8,95.1,97.6,94.9,91.5,87.6,83.2,79.1,83.5,85.5,87.6,88.6,87.9,85.9,83.8,82.8,88.2,83.8,82.1,84.1,88.7,93.5,94.8,92.7,89.2,87.0,85.6,85.1,86.0,88.0,90.8,91.7,91.8,91.6,91.2,90.5,90.5,91.4,90.7,88.8,86.8,85.9,86.6,88.5,84.0,79.7,78.4,80.9,85.7,90.0,91.3,89.1,84.7,82.3,81.2,81.3,82.8,84.9,87.7,88.8,89.0,88.7,87.8,86.6,86.8,88.0,87.4,85.4,83.2,82.1,82.7,84.6,397.0,397.2,397.7,398.2,398.4,398.5,397.7,397.2,400.3,397.9,395.9,395.3,396.3,398.1,400.1,398.3,396.4,395.6,396.4,398.2,398.3,398.5,398.8,398.9,398.8,398.6,398.3,398.2,371.0,371.5,373.0,374.5,375.2,374.6,373.2,371.8,370.7,370.0,370.0,371.2,373.7,376.9,380.2,377.2,374.1,371.5,370.2,370.3,373.2,373.9,374.6,374.8,374.5,373.8,373.2,372.9,65.2,132.5,419.9,0.084,0.124,-0.039,624.8,623.9,625.4,630.5,641.3,661.3,690.1,729.3,776.2,823.7,862.2,893.4,911.3,918.2,921.0,922.4,920.5,658.8,676.5,700.9,728.0,752.3,802.3,827.9,853.2,876.1,890.2,779.5,779.4,779.7,780.0,748.2,763.7,778.7,793.7,807.2,684.1,700.0,719.2,734.8,718.4,700.0,818.5,835.0,853.8,868.0,853.7,835.6,715.9,737.6,763.5,778.2,792.8,817.9,836.0,819.1,795.3,779.0,762.2,736.4,726.0,763.6,778.4,793.3,826.6,793.7,778.2,763.0,560.3,592.8,624.7,656.6,690.2,725.4,759.5,791.9,801.4,787.5,752.5,712.6,673.5,636.0,604.0,573.4,543.8,517.8,505.0,500.7,506.7,518.6,520.2,509.6,506.9,513.0,528.0,558.0,582.4,606.3,631.5,650.7,655.6,659.5,655.6,650.9,555.4,548.2,549.6,559.8,563.4,562.0,560.2,553.2,554.1,561.2,566.7,566.1,704.7,691.8,687.0,691.7,687.6,692.8,705.1,739.2,754.2,756.2,754.1,739.5,704.8,705.2,706.3,705.7,706.0,728.9,730.4,728.4,0.00,0.00,0.00,0.00,0.00,0.00,0.00,0.00,0.00,0.00,0.00,0.00,0.00,0.00,0.00,0.00,0.00,0.00,0.00,0.00,0.00,0.00,0.00,0.00,0.00,0.00,0.00,0.00,0.00,0.00,0.00,0.00,0.00,0.00,0.00
238,0,7.900,0.03,0,0.000000,0.000000,0.000000,0.000000,0.000000,0.000000,0.000,0.000,700.7,704.7,714.1,723.4,727.1,723.7,713.7,704.4,688.1,693.9,701.7,711.0,720.6,728.2,733.7,727.5,719.0,709.7,701.0,693.5,709.8,713.8,717.9,719.7,718.1,714.0,709.9,708.2,829.0,833.6,843.4,852.7,856.1,851.6,841.8,831.5,820.4,827.2,835.8,846.4,855.3,861.2,864.7,860.5,854.7,847.2,837.4,827.7,837.2,841.4,845.9,847.9,846.4,842.1,837.7,835.7,554.4,544.9,541.1,545.1,554.8,564.9,568.1,564.0,554.9,551.1,548.9,548.0,549.6,553.1,558.4,561.2,562.2,562.3,561.1,558.7,558.7,560.5,558.9,554.7,550.5,548.7,550.4,554.6,558.3,547.8,543.8,548.6,559.5,570.0,574.0,569.9,559.8,554.0,551.0,550.5,552.7,555.9,561.3,565.0,567.3,568.1,566.8,564.2,563.5,565.7,563.9,559.2,554.3,552.1,553.9,558.6,28.5,30.4,34.8,39.2,40.9,39.3,34.6,30.3,22.8,25.4,28.9,33.2,37.7,41.4,44.1,41.1,37.0,32.6,28.6,25.2,32.8,34.7,36.7,37.5,36.7,34.8,32.9,32.1,80.6,82.7,87.3,91.7,93.3,91.3,86.7,81.9,76.9,79.7,83.4,88.1,92.6,95.9,98.3,95.7,92.4,88.5,84.1,79.9,84.7,86.7,88.7,89.7,88.9,86.9,84.9,84.0,91.3,86.9,85.1,87.0,91.5,96.3,97.7,95.8,92.5,90.1,88.6,87.9,88.7,90.6,93.5,94.5,94.6,94.6,94.4,93.8,93.6,94.4,93.6,91.7,89.7,88.9,89.6,91.6,84.6,80.2,78.9,81.3,86.2,90.6,91.9,89.7,85.2,82.5,81.3,81.3,82.9,84.9,88.0,89.0,89.2,89.0,88.1,87.0,87.4,88.5,87.9,85.9,83.7,82.6,83.2,85.2,411.0,411.1,411.1,411.1,411.0,411.3,411.0,411.0,415.3,412.7,410.2,409.0,409.4,410.7,412.3,410.9,409.5,409.3,410.6,412.9,411.9,411.9,411.9,411.9,411.9,411.9,411.9,411.9,373.2,373.8,375.5,377.2,378.0,377.4,375.8,374.2,373.0,372.4,372.5,373.7,376.2,379.4,382.6,379.8,376.6,373.9,372.6,372.6,375.7,376.5,377.2,377.5,377.1,376.4,375.6,375.4,65.5,133.2,422.1,0.083,0.126,-0.037,625.7,624.8,626.1,630.8,641.0,660.7,689.4,728.9,775.7,823.2,861.6,892.9,910.7,917.8,920.8,922.6,921.0,659.5,676.6,701.0,728.2,752.5,803.0,828.5,853.5,876.4,890.6,779.8,779.5,779.7,779.8,748.4,763.6,778.5,793.3,806.6,685.1,701.0,720.1,735.3,719.2,700.9,819.4,835.7,854.4,868.3,854.3,836.3,716.7,738.0,763.5,777.8,791.8,816.3,834.1,817.4,794.0,778.3,761.9,736.6,726.7,763.5,777.8,792.2,824.9,792.5,777.5,762.8,562.7,594.8,625.9,657.3,690.7,725.9,760.1,792.3,801.7,787.5,752.5,712.8,673.7,636.3,604.3,573.7,543.9,518.4,505.3,500.9,507.0,518.8,520.0,509.5,506.7,512.6,527.5,557.8,582.2,606.3,631.7,650.4,655.4,659.2,655.4,650.8,555.1,547.8,549.2,559.4,563.1,561.6,559.6,552.6,553.3,560.6,566.1,565.6,705.2,691.8,687.1,691.7,687.7,693.1,705.9,739.4,753.9,755.7,753.8,739.5,705.1,705.0,706.1,705.6,706.7,729.0,730.4,728.5,0.00,0.00,0.00,0.00,0.00,0.00,0.00,0.00,0.00,0.00,0.00,0.00,0.00,0.00,0.00,0.00,0.00,0.00,0.00,0.00,0.00,0.00,0.00,0.00,0.00,0.00,0.00,0.00,0.00,0.00,0.00,0.00,0.00,0.00,0.00
239,0,7.933,0.03,0,0.000000,0.000000,0.000000,0.000000,0.000000,0.000000,0.000,0.000,700.3,704.4,713.9,723.2,726.8,723.2,713.2,703.9,686.3,692.9,701.4,710.9,720.5,727.9,733.0,727.0,719.0,709.9,700.8,692.6,709.0,713.2,717.4,719.2,717.6,713.5,709.3,707.4,830.1,834.8,844.5,853.5,856.6,852.0,842.3,832.3,820.6,827.7,836.5,846.9,855.7,861.6,865.1,860.6,854.4,846.6,837.1,827.6,838.2,842.2,846.5,848.5,847.2,843.1,838.9,836.8,553.7,544.1,540.3,544.5,554.3,564.6,567.8,563.5,554.5,550.9,548.7,547.8,549.3,552.9,558.2,560.9,561.8,561.9,560.7,558.2,558.3,560.2,558.5,554.2,549.9,548.0,549.7,553.9,557.7,547.6,543.8,548.5,559.1,569.2,573.0,568.9,559.3,553.7,550.8,550.4,552.8,556.0,561.3,565.1,567.3,568.0,566.4,563.7,562.7,564.8,563.1,558.6,553.9,551.8,553.5,558.0,27.9,29.8,34.3,38.6,40.3,38.7,33.9,29.6,21.6,24.5,28.3,32.7,37.2,40.8,43.3,40.4,36.5,32.3,28.1,24.4,32.1,34.0,36.0,36.8,36.1,34.1,32.2,31.3,82.6,84.7,89.3,93.6,95.2,93.1,88.5,83.8,78.5,81.4,85.2,89.9,94.4,97.8,100.2,97.4,93.9,89.9,85.5,81.4,86.7,88.6,90.6,91.6,90.9,88.9,86.9,86.0,89.6,85.2,83.6,85.7,90.3,95.1,96.3,94.2,90.7,88.6,87.1,86.6,87.5,89.5,92.4,93.2,93.2,93.1,92.7,92.0,92.1,93.0,92.3,90.3,88.3,87.3,88.1,90.0,85.9,81.6,80.2,82.7,87.5,91.9,93.2,91.0,86.6,84.0,82.7,82.8,84.3,86.5,89.5,90.6,90.8,90.5,89.6,88.4,88.6,89.7,89.1,87.2,85.1,84.0,84.6,86.5,404.9,405.1,405.7,406.2,406.5,406.6,405.7,405.1,408.3,406.0,403.9,403.3,404.2,405.9,408.0,406.2,404.4,403.6,404.3,406.2,406.3,406.5,406.8,406.9,406.8,406.5,406.3,406.2,380.1,380.5,382.0,383.7,384.6,384.2,382.8,381.2,380.2,379.4,379.3,380.3,382.8,386.1,389.3,386.4,383.3,380.8,379.6,379.8,382.6,383.3,384.0,384.2,383.8,383.0,382.4,382.2,65.2,132.7,420.7,0.083,0.126,-0.034,624.7,623.9,625.4,630.5,640.8,660.4,689.0,728.2,775.0,822.6,861.2,892.5,910.5,917.6,920.8,922.8,921.4,659.5,677.0,701.4,728.6,752.9,803.3,828.7,853.8,876.7,891.0,780.1,779.8,780.0,780.1,748.7,763.7,778.4,793.2,806.4,685.0,701.0,720.0,735.3,719.1,700.8,819.4,835.7,854.4,868.4,854.2,836.3,716.9,738.0,763.5,777.3,791.0,815.3,833.0,816.0,792.7,777.4,761.4,736.4,726.8,763.3,777.3,791.2,823.7,791.4,776.8,762.4,560.8,593.1,624.7,656.5,690.1,725.3,759.5,791.7,801.3,787.5,752.7,713.0,673.8,636.3,604.2,573.5,543.5,518.1,505.2,500.9,506.9,518.6,519.8,509.4,506.7,512.5,527.3,557.2,581.8,606.0,631.5,650.1,655.1,659.0,655.3,650.8,554.6,547.5,548.9,559.0,562.6,561.2,559.2,552.4,553.3,560.4,566.0,565.3,705.1,691.7,687.0,691.6,687.8,693.6,706.6,740.0,754.0,755.6,753.5,739.2,705.1,704.9,706.1,705.8,707.3,728.8,730.0,728.1,0.00,0.00,0.00,0.00,0.00,0.00,0.00,0.00,0.00,0.00,0.00,0.00,0.00,0.00,0.00,0.00,0.00,0.00,0.00,0.00,0.00,0.00,0.00,0.00,0.00,0.00,0.00,0.00,0.00,0.00,0.00,0.00,0.00,0.00,0.00
240,0,7.967,0.03,0,0.000000,0.000000,0.000000,0.000000,0.000000,0.000000,0.000,0.000,700.9,705.0,714.4,723.6,727.2,723.7,713.7,704.5,687.6,693.7,701.8,711.1,720.6,728.3,733.8,727.7,719.4,710.1,701.2,693.3,710.0,713.8,717.8,719.5,718.0,714.1,710.2,708.5,829.7,834.4,844.2,853.4,856.6,851.9,842.1,832.0,820.0,827.2,836.0,846.5,855.4,861.6,865.4,860.8,854.4,846.3,836.6,827.1,837.9,842.0,846.4,848.5,847.1,843.0,838.5,836.4,553.7,544.2,540.5,544.6,554.3,564.5,567.5,563.3,554.1,550.5,548.3,547.5,549.1,552.6,557.8,560.6,561.4,561.5,560.3,557.9,558.0,559.7,558.2,554.2,550.1,548.4,549.9,553.9,557.5,547.4,543.7,548.7,559.4,569.6,573.3,568.9,559.9,553.9,550.6,550.1,552.4,556.0,561.4,564.9,566.9,567.4,566.0,563.8,562.9,565.1,563.5,558.9,554.1,551.8,553.5,558.1,28.6,30.5,34.9,39.3,41.0,39.3,34.6,30.3,22.6,25.3,28.9,33.2,37.7,41.4,44.2,41.2,37.1,32.8,28.7,25.1,32.9,34.7,36.6,37.4,36.7,34.9,33.0,32.2,81.7,83.8,88.4,92.8,94.3,92.1,87.5,82.8,77.5,80.4,84.2,89.0,93.4,96.9,99.4,96.6,93.0,88.9,84.5,80.5,85.7,87.7,89.7,90.7,90.0,88.0,86.0,85.0,90.9,86.4,84.7,86.7,91.3,96.1,97.4,95.4,92.0,89.7,88.2,87.6,88.4,90.4,93.2,94.2,94.2,94.2,93.9,93.2,93.1,94.0,93.2,91.4,89.5,88.6,89.3,91.2,85.0,80.8,79.5,82.0,86.8,91.1,92.4,90.1,86.1,83.3,81.9,81.9,83.4,85.7,88.8,89.6,89.7,89.4,88.5,87.6,87.9,89.0,88.4,86.5,84.3,83.2,83.8,85.7,410.5,410.6,410.8,411.0,411.1,411.2,410.8,410.6,414.6,412.1,409.7,408.7,409.2,410.6,412.4,410.8,409.3,408.8,410.0,412.2,411.5,411.6,411.7,411.8,411.7,411.6,411.6,411.5,376.7,377.3,378.7,380.3,381.0,380.4,378.9,377.5,376.8,376.1,376.0,377.0,379.3,382.6,385.7,382.7,379.5,377.1,376.0,376.3,379.0,379.7,380.3,380.6,380.3,379.6,378.9,378.7,65.4,133.0,421.7,0.069,0.128,-0.030,626.5,625.6,626.7,631.3,640.9,659.8,688.2,727.4,774.3,821.9,860.3,891.8,910.1,917.6,921.0,923.1,921.7,659.9,677.1,701.4,728.6,753.0,803.3,829.1,854.4,877.5,891.7,780.1,779.9,780.1,780.2,748.7,763.7,778.4,793.1,806.3,685.2,701.1,720.1,735.4,719.3,701.0,819.4,835.8,854.4,868.4,854.2,836.2,717.0,738.0,763.4,777.1,790.6,814.8,832.3,815.5,792.3,777.1,761.2,736.2,727.1,763.2,777.1,790.8,823.2,790.9,776.6,762.3,563.8,595.4,626.2,657.2,690.2,725.1,759.3,791.7,801.7,788.1,753.4,713.6,674.5,636.9,604.8,574.2,544.5,518.0,505.1,500.8,506.8,518.5,519.8,509.4,506.6,512.5,527.2,557.2,581.7,605.9,631.3,649.9,655.0,658.9,655.2,650.7,554.4,547.3,548.7,558.8,562.4,561.0,559.1,552.3,553.2,560.3,565.8,565.1,705.5,691.7,686.8,691.5,687.7,693.8,707.3,740.6,754.4,755.9,753.7,739.5,705.5,705.0,706.1,706.0,707.9,728.7,729.8,727.8,0.00,0.00,0.00,0.00,0.00,0.00,0.00,0.00,0.00,0.00,0.00,0.00,0.00,0.00,0.00,0.00,0.00,0.00,0.00,0.00,0.00,0.00,0.00,0.00,0.00,0.00,0.00,0.00,0.00,0.00,0.00,0.00,0.00,0.00,0.00
241,0,8.000,0.03,0,0.000000,0.000000,0.000000,0.000000,0.000000,0.000000,0.000,0.000,700.5,704.6,714.0,723.1,726.8,723.3,713.4,704.2,686.7,693.2,701.6,711.1,720.6,728.0,733.0,727.2,719.2,710.2,701.1,692.9,709.4,713.3,717.3,719.1,717.5,713.6,709.5,707.8,830.5,835.1,844.9,854.1,857.3,852.6,842.9,832.8,820.9,827.8,836.5,846.8,855.6,861.8,865.8,860.9,854.4,846.2,836.7,827.5,838.8,842.8,847.2,849.2,847.8,843.7,839.4,837.3,553.2,543.6,539.8,544.0,553.7,563.9,567.0,562.9,554.1,550.3,548.1,547.1,548.7,552.4,557.8,560.3,561.1,561.2,560.0,557.7,557.6,559.4,557.7,553.6,549.4,547.7,549.3,553.4,557.1,547.1,543.5,548.3,558.8,568.8,572.4,568.2,559.2,553.2,550.0,549.7,552.1,555.7,561.2,564.7,566.7,567.2,565.7,563.2,562.2,564.4,562.8,558.3,553.7,551.5,553.1,557.6,28.3,30.2,34.6,39.0,40.7,39.1,34.3,30.0,22.0,24.9,28.7,33.1,37.6,41.2,43.8,40.9,37.0,32.7,28.5,24.8,32.5,34.4,36.3,37.1,36.4,34.5,32.6,31.8,84.3,86.4,91.1,95.5,97.1,94.9,90.3,85.5,80.1,83.0,86.8,91.5,95.9,99.5,102.0,99.1,95.4,91.3,86.9,82.9,88.4,90.4,92.5,93.4,92.7,90.8,88.7,87.7,90.2,85.8,84.2,86.2,90.8,95.6,96.9,94.8,91.4,89.2,87.7,87.1,88.0,90.1,93.1,93.8,93.8,93.7,93.3,92.7,92.6,93.5,92.8,90.9,88.9,88.0,88.7,90.6,87.2,82.9,81.6,84.0,88.8,93.2,94.5,92.3,88.2,85.4,83.9,83.9,85.5,87.8,90.9,91.9,92.0,91.7,90.9,89.9,90.0,91.1,90.5,88.6,86.4,85.3,85.9,87.8,408.8,409.1,409.6,410.1,410.3,410.4,409.5,409.0,412.2,410.0,407.9,407.2,408.1,409.8,411.8,410.0,408.2,407.4,408.2,410.1,410.1,410.4,410.6,410.7,410.6,410.4,410.2,410.1,387.2,387.6,389.0,390.4,391.0,390.6,389.2,388.0,387.5,386.7,386.5,387.2,389.3,392.4,395.3,392.6,389.6,387.3,386.5,386.9,389.4,390.0,390.6,390.8,390.5,389.9,389.3,389.1,65.3,132.7,421.3,0.079,0.124,-0.028,626.4,625.3,626.4,630.7,639.8,658.4,686.7,726.4,773.5,821.1,859.6,891.2,909.8,917.5,921.1,923.3,922.1,659.9,676.7,701.1,728.5,753.0,803.5,829.4,854.9,878.0,892.2,780.1,780.1,780.3,780.5,749.1,764.0,778.6,793.2,806.3,685.3,701.1,720.2,735.5,719.4,701.2,819.5,835.9,854.5,868.4,854.3,836.4,717.2,738.3,763.7,777.3,790.6,814.7,832.2,815.3,791.9,777.0,761.3,736.3,727.2,763.4,777.1,790.6,823.1,790.6,776.5,762.3,563.6,594.8,624.9,655.3,688.0,723.0,757.6,790.8,801.4,788.0,753.4,713.8,674.6,636.9,604.5,573.6,543.6,517.9,504.7,500.3,506.3,518.1,519.3,508.7,505.9,512.1,527.0,557.1,581.7,605.9,631.3,649.6,654.7,658.6,654.9,650.5,554.2,546.8,548.3,558.4,562.0,560.6,558.8,551.9,552.8,559.9,565.5,564.9,704.5,691.1,686.5,691.3,687.6,693.5,706.6,740.3,754.1,755.4,753.2,738.7,704.5,704.4,705.6,705.6,707.2,728.8,729.8,727.7,0.00,0.00,0.00,0.00,0.00,0.00,0.00,0.00,0.00,0.00,0.00,0.00,0.00,0.00,0.00,0.00,0.00,0.00,0.00,0.00,0.00,0.00,0.00,0.00,0.00,0.00,0.00,0.00,0.00,0.00,0.00,0.00,0.00,0.00,0.00
242,0,8.033,0.03,0,0.000000,0.000000,0.000000,0.000000,0.000000,0.000000,0.000,0.000,701.1,705.1,714.4,723.5,727.1,723.6,713.8,704.7,687.0,693.4,701.8,711.4,721.0,728.4,733.6,727.7,719.5,710.4,701.3,693.1,710.0,713.8,717.7,719.3,717.8,714.0,710.2,708.5,830.2,834.6,844.3,853.7,857.3,853.0,843.2,833.0,821.5,827.7,836.0,846.1,855.2,861.9,866.3,861.1,854.2,846.0,836.6,827.8,839.1,843.1,847.4,849.2,847.7,843.6,839.4,837.5,553.0,543.6,539.8,543.9,553.4,563.5,566.7,562.6,553.4,549.6,547.5,546.5,548.2,551.8,557.2,559.9,560.8,560.9,559.7,557.3,557.1,558.8,557.2,553.3,549.3,547.6,549.2,553.1,557.5,547.6,543.8,548.4,558.6,568.5,572.3,568.4,560.0,553.1,549.4,548.8,551.5,555.4,561.6,564.7,566.4,566.9,565.6,563.5,562.3,564.3,562.7,558.4,553.9,551.9,553.6,557.9,28.6,30.4,34.8,39.1,40.8,39.2,34.6,30.3,22.2,25.0,28.8,33.2,37.8,41.4,44.1,41.1,37.1,32.8,28.6,24.9,32.8,34.6,36.5,37.2,36.5,34.7,32.9,32.1,86.6,88.7,93.3,97.9,99.6,97.5,92.8,88.0,82.8,85.4,89.1,93.7,98.2,102.0,104.6,101.6,97.8,93.6,89.2,85.5,91.0,93.0,95.0,95.9,95.2,93.2,91.2,90.3,90.2,85.8,84.1,86.1,90.7,95.5,96.8,94.8,91.3,88.9,87.4,86.8,87.8,89.8,92.8,93.7,93.7,93.6,93.3,92.6,92.4,93.3,92.6,90.7,88.8,88.0,88.7,90.5,89.9,85.5,84.0,86.3,91.0,95.4,96.9,95.0,91.2,87.8,86.1,85.9,87.4,89.8,93.2,94.1,94.2,94.0,93.3,92.6,92.5,93.5,92.9,90.9,88.9,87.9,88.5,90.5,409.0,409.0,409.3,409.9,410.2,410.6,409.9,409.4,412.9,410.4,408.1,407.2,408.0,409.7,411.8,410.1,408.4,407.7,408.6,410.6,410.4,410.6,410.7,410.7,410.6,410.3,410.2,410.2,398.4,398.9,399.8,400.7,401.0,400.5,399.5,398.9,399.0,398.0,397.6,397.9,399.5,402.1,404.4,402.1,399.4,397.5,397.2,398.1,400.1,400.5,400.9,401.1,401.0,400.6,400.2,400.0,65.3,132.7,421.8,0.081,0.122,-0.028,626.8,625.6,626.6,630.7,639.5,657.7,686.0,725.7,772.8,820.5,859.1,890.8,909.3,917.2,920.9,923.1,921.9,660.0,676.8,701.0,728.1,752.3,803.6,828.9,853.8,876.5,891.0,780.0,779.9,780.2,780.4,749.1,763.9,778.5,793.1,806.1,685.3,701.2,720.3,735.6,719.5,701.2,819.6,835.8,854.6,868.4,854.5,836.5,717.1,737.9,763.3,777.2,790.9,815.0,832.2,815.6,792.3,776.9,760.8,735.9,727.1,762.9,777.0,790.9,823.2,791.0,776.4,761.8,563.9,595.0,624.9,655.1,687.8,722.7,757.2,790.3,800.9,787.7,753.4,713.8,674.7,636.8,604.5,573.5,543.5,517.1,504.0,499.8,505.8,517.5,518.7,508.1,505.2,510.9,525.3,556.8,581.2,605.3,630.5,649.0,654.2,658.0,654.5,650.1,553.8,546.4,547.9,558.3,561.9,560.4,558.7,551.5,552.2,559.5,565.2,564.7,704.4,690.5,685.9,690.6,687.0,693.0,706.6,739.9,753.8,755.2,752.9,738.4,704.3,703.7,705.0,705.0,707.1,728.8,729.8,727.7,0.00,0.00,0.00,0.00,0.00,0.00,0.00,0.00,0.00,0.00,0.00,0.00,0.00,0.00,0.00,0.00,0.00,0.00,0.00,0.00,0.00,0.00,0.00,0.00,0.00,0.00,0.00,0.00,0.00,0.00,0.00,0.00,0.00,0.00,0.00
243,0,8.067,0.03,0,0.000000,0.000000,0.000000,0.000000,0.000000,0.000000,0.000,0.000,700.9,704.9,714.1,723.1,726.6,723.1,713.4,704.5,685.9,692.9,701.9,712.0,721.5,728.4,732.8,727.3,719.5,710.4,701.2,692.6,709.4,713.2,717.2,718.9,717.4,713.5,709.6,707.9,830.2,834.5,844.2,853.6,857.1,852.8,843.1,833.0,821.7,827.4,835.2,845.2,854.8,862.2,867.4,861.5,853.9,845.3,836.0,827.7,839.1,843.3,847.6,849.5,847.9,843.8,839.5,837.6,551.8,542.3,538.6,542.7,552.4,562.6,565.6,561.5,553.4,549.2,546.8,545.7,547.5,551.3,556.9,559.8,560.8,560.9,559.8,557.4,556.2,558.0,556.4,552.3,548.2,546.4,548.0,552.0,556.4,546.7,543.0,547.5,557.5,567.2,570.9,567.1,558.8,552.2,548.7,548.0,550.6,554.4,560.3,563.8,565.7,566.3,564.9,562.6,561.2,563.2,561.6,557.2,552.8,550.8,552.4,556.7,27.9,29.8,34.1,38.3,40.0,38.3,33.8,29.6,21.2,24.3,28.3,32.9,37.4,40.7,43.0,40.3,36.5,32.2,28.0,24.2,31.9,33.7,35.6,36.4,35.7,33.9,32.0,31.2,87.5,89.5,94.1,98.4,100.1,98.0,93.5,88.9,83.9,86.2,89.5,94.0,98.7,102.6,105.6,102.3,98.3,94.0,89.8,86.3,91.9,93.8,95.8,96.7,96.0,94.1,92.0,91.1,87.9,83.7,82.1,84.2,88.8,93.4,94.6,92.4,89.3,86.9,85.4,84.9,86.0,88.2,91.3,92.2,92.1,91.9,91.5,90.7,90.3,91.2,90.6,88.7,86.8,85.9,86.5,88.4,90.4,85.9,84.3,86.4,91.0,95.5,97.1,95.4,91.7,88.4,86.5,86.1,87.5,89.8,93.0,94.1,94.5,94.5,93.9,93.2,92.8,93.8,93.0,91.1,89.0,88.1,88.8,90.8,401.1,401.5,402.5,403.4,403.7,403.6,402.3,401.5,404.2,402.0,400.3,399.9,401.3,403.4,405.6,403.6,401.4,400.3,400.7,402.2,402.8,403.2,403.6,403.8,403.6,403.2,402.8,402.7,402.6,402.7,403.0,403.2,403.3,403.2,403.0,403.0,403.8,402.3,401.3,400.9,401.9,404.1,406.3,404.2,402.0,400.7,400.9,402.4,403.7,403.8,403.9,404.0,404.0,403.8,403.7,403.7,65.2,132.6,421.8,0.083,0.122,-0.028,627.6,626.3,627.0,630.9,639.5,657.5,685.7,725.2,772.1,819.6,858.1,890.0,908.6,916.7,920.6,922.7,921.6,659.9,676.7,701.0,728.4,752.5,803.2,828.5,853.6,876.4,890.7,779.7,779.5,779.7,779.8,749.0,763.6,778.0,792.4,805.3,685.3,701.2,720.4,735.7,719.5,701.1,819.3,835.6,854.3,868.1,854.3,836.3,716.9,737.9,763.3,777.0,790.4,814.5,831.6,815.0,791.8,776.6,760.8,735.7,726.8,762.9,776.7,790.4,822.8,790.5,776.1,761.8,564.8,595.5,625.3,655.3,687.9,722.8,757.3,790.5,801.1,787.7,753.2,713.7,674.6,636.7,604.3,573.3,543.3,516.5,503.4,499.3,505.3,517.1,518.0,507.4,504.6,510.5,525.0,556.3,580.6,604.5,629.7,648.7,653.8,657.5,654.0,649.8,553.4,545.6,547.2,557.9,561.5,560.0,558.3,550.5,551.2,558.8,564.7,564.3,703.5,690.1,685.7,690.4,686.7,692.3,705.4,739.5,753.8,755.3,753.1,738.4,703.4,703.1,704.3,704.2,705.9,729.4,730.6,728.5,0.00,0.00,0.00,0.00,0.00,0.00,0.00,0.00,0.00,0.00,0.00,0.00,0.00,0.00,0.00,0.00,0.00,0.00,0.00,0.00,0.00,0.00,0.00,0.00,0.00,0.00,0.00,0.00,0.00,0.00,0.00,0.00,0.00,0.00,0.00
244,0,8.100,0.03,0,0.000000,0.000000,0.000000,0.000000,0.000000,0.000000,0.000,0.000,701.1,705.3,714.9,724.3,727.9,724.3,714.1,704.8,687.2,693.5,701.8,711.5,721.3,728.8,734.0,727.8,719.6,710.3,701.2,693.2,710.0,714.2,718.5,720.4,718.7,714.6,710.3,708.4,830.3,834.4,844.0,853.5,857.2,853.0,843.4,833.3,821.6,827.3,835.1,845.2,854.7,862.1,867.1,861.4,854.0,845.4,836.1,827.7,839.2,843.4,847.7,849.5,847.9,843.7,839.4,837.6,552.4,542.7,538.9,543.2,553.1,563.4,566.5,562.2,553.4,549.2,546.7,545.7,547.4,551.4,557.3,559.9,560.8,560.9,559.7,557.2,557.0,559.0,557.3,552.9,548.5,546.6,548.3,552.6,557.0,547.3,543.4,547.7,557.7,567.4,571.3,567.7,558.9,552.3,548.7,548.1,550.6,554.4,560.5,563.8,565.6,566.1,564.8,562.6,561.7,563.6,561.9,557.5,553.1,551.2,552.9,557.3,27.9,29.9,34.3,38.6,40.3,38.6,33.9,29.6,21.8,24.5,28.2,32.5,37.1,40.6,43.2,40.2,36.3,32.0,27.9,24.4,32.1,34.0,36.0,36.9,36.1,34.2,32.2,31.3,87.8,89.8,94.3,98.7,100.5,98.5,94.0,89.3,84.1,86.4,89.8,94.3,99.0,103.0,105.9,102.7,98.7,94.4,90.1,86.6,92.2,94.2,96.2,97.1,96.3,94.3,92.3,91.4,87.9,83.5,81.9,83.9,88.5,93.3,94.5,92.5,89.2,86.8,85.1,84.5,85.4,87.5,90.7,91.5,91.6,91.5,91.1,90.5,90.3,91.2,90.5,88.5,86.5,85.6,86.3,88.3,90.9,86.5,84.8,86.8,91.5,96.0,97.7,95.9,92.1,88.7,86.8,86.5,87.9,90.1,93.5,94.5,94.8,94.7,94.2,93.5,93.4,94.3,93.5,91.5,89.5,88.6,89.3,91.3,399.8,399.9,400.3,400.7,400.9,401.1,400.4,400.0,403.6,401.2,399.0,398.1,398.8,400.3,402.2,400.6,399.0,398.4,399.4,401.4,401.0,401.2,401.4,401.4,401.4,401.2,401.0,401.0,403.9,404.0,404.4,404.8,404.9,404.8,404.4,404.3,405.0,403.6,402.7,402.3,403.4,405.7,408.0,405.8,403.6,402.1,402.3,403.7,405.1,405.2,405.4,405.5,405.4,405.2,405.1,405.0,65.0,132.3,421.1,0.083,0.121,-0.027,626.9,625.7,626.5,630.6,639.4,657.6,685.8,725.2,771.8,819.1,857.5,889.4,908.2,916.5,920.5,922.8,921.8,659.9,677.0,701.3,728.6,752.8,803.1,828.4,853.5,876.4,891.0,779.9,779.8,780.0,780.0,748.9,763.6,778.1,792.5,805.5,685.3,701.3,720.6,735.9,719.6,701.1,819.2,835.6,854.4,868.3,854.4,836.2,716.7,737.8,763.5,776.9,790.1,814.1,831.4,814.5,791.2,776.3,760.7,735.6,726.5,763.0,776.6,790.0,822.5,790.0,775.9,761.8,563.3,594.5,624.8,655.2,688.0,722.7,757.0,790.0,800.5,787.3,753.1,713.8,674.8,637.0,604.3,573.2,542.9,516.5,503.4,499.2,505.2,517.0,517.9,507.4,504.6,510.5,525.1,556.2,580.5,604.4,629.6,648.5,653.6,657.3,653.9,649.6,553.3,545.7,547.3,558.0,561.5,560.1,558.3,550.6,551.3,558.9,564.7,564.3,703.1,689.8,685.4,690.1,686.4,692.2,705.1,739.6,753.9,755.3,753.2,738.3,703.1,702.7,704.0,703.9,705.7,729.4,730.5,728.4,0.00,0.00,0.00,0.00,0.00,0.00,0.00,0.00,0.00,0.00,0.00,0.00,0.00,0.00,0.00,0.00,0.00,0.00,0.00,0.00,0.00,0.00,0.00,0.00,0.00,0.00,0.00,0.00,0.00,0.00,0.00,0.00,0.00,0.00,0.00
245,0,8.133,0.03,0,0.000000,0.000000,0.000000,0.000000,0.000000,0.000000,0.000,0.000,701.2,705.4,715.0,724.2,727.8,724.1,714.0,704.8,686.8,693.4,702.0,711.9,721.5,728.8,733.6,727.6,719.6,710.5,701.3,693.1,709.9,714.0,718.2,720.1,718.5,714.4,710.2,708.4,830.5,834.9,844.6,853.9,857.4,853.0,843.3,833.3,821.9,827.4,835.0,844.9,854.5,862.3,867.8,861.6,853.7,844.8,835.6,827.6,839.5,843.6,848.0,850.0,848.4,844.2,839.9,837.9,551.8,542.2,538.5,542.8,552.7,563.1,566.1,561.7,553.4,549.2,546.8,545.7,547.5,551.6,557.7,560.0,560.8,560.8,559.5,557.1,556.5,558.4,556.8,552.6,548.2,546.3,547.9,552.1,556.2,546.6,543.0,547.5,557.5,567.1,570.7,566.8,558.8,552.3,548.7,548.1,550.6,554.5,560.5,563.7,565.4,565.9,564.6,562.4,561.1,563.1,561.5,557.2,552.8,550.7,552.4,556.6,28.0,29.9,34.3,38.6,40.3,38.6,33.9,29.6,21.6,24.4,28.3,32.7,37.2,40.7,43.1,40.1,36.3,32.1,28.0,24.3,32.1,33.9,35.9,36.8,36.0,34.1,32.2,31.3,88.1,90.2,94.7,99.0,100.5,98.5,94.0,89.4,84.5,86.7,89.9,94.3,98.9,103.0,106.0,102.7,98.5,94.2,90.1,86.8,92.5,94.4,96.4,97.3,96.6,94.7,92.7,91.8,87.6,83.3,81.7,83.9,88.4,93.2,94.3,92.2,89.1,86.7,85.1,84.5,85.5,87.8,91.0,91.7,91.6,91.5,91.0,90.3,90.1,91.0,90.3,88.4,86.4,85.5,86.2,88.1,90.8,86.3,84.7,86.7,91.3,95.7,97.4,95.7,92.4,89.0,87.1,86.6,87.9,90.1,93.3,94.4,94.7,94.7,94.2,93.7,93.2,94.1,93.4,91.4,89.4,88.4,89.2,91.2,399.7,400.0,400.7,401.3,401.5,401.5,400.5,399.9,403.0,400.8,398.8,398.1,399.2,400.9,402.9,401.1,399.3,398.5,399.2,401.0,401.1,401.4,401.7,401.8,401.8,401.5,401.2,401.0,404.8,404.9,404.9,404.8,404.7,404.6,404.6,405.0,406.5,404.9,403.6,402.8,403.4,405.3,407.3,405.4,403.5,402.5,403.1,404.9,405.6,405.5,405.5,405.6,405.6,405.7,405.7,405.6,65.2,132.5,421.7,0.083,0.119,-0.025,626.8,625.6,626.5,630.5,639.2,657.3,685.5,724.9,771.6,819.0,857.5,889.4,908.2,916.5,920.6,923.0,922.0,660.0,677.1,701.3,728.5,752.6,803.4,828.6,853.4,876.2,890.8,780.1,779.9,780.0,780.1,749.0,763.7,778.2,792.7,805.7,685.6,701.6,720.8,736.0,719.9,701.4,819.3,835.5,854.2,868.1,854.2,836.2,716.8,738.0,763.7,777.2,790.5,814.5,831.7,815.0,791.7,776.7,761.0,735.8,726.7,763.3,776.9,790.5,822.8,790.5,776.3,762.1,563.1,594.3,624.6,655.0,687.8,722.6,756.8,789.8,800.4,787.4,753.3,714.1,675.3,637.7,605.3,574.3,544.1,516.4,503.5,499.3,505.2,516.9,517.9,507.5,504.8,510.5,524.8,556.2,580.4,604.2,629.2,648.4,653.4,657.2,653.7,649.4,553.3,545.7,547.3,558.0,561.5,560.0,558.2,550.6,551.3,558.8,564.6,564.2,703.6,690.0,685.4,690.0,686.3,692.2,705.3,739.6,754.0,755.5,753.3,738.6,703.5,702.8,704.0,703.9,705.9,729.4,730.5,728.5,0.00,0.00,0.00,0.00,0.00,0.00,0.00,0.00,0.00,0.00,0.00,0.00,0.00,0.00,0.00,0.00,0.00,0.00,0.00,0.00,0.00,0.00,0.00,0.00,0.00,0.00,0.00,0.00,0.00,0.00,0.00,0.00,0.00,0.00,0.00
246,0,8.167,0.03,0,0.000000,0.000000,0.000000,0.000000,0.000000,0.000000,0.000,0.000,701.7,705.9,715.3,724.5,728.1,724.6,714.5,705.3,688.6,694.2,702.0,711.5,721.3,728.8,734.1,727.8,719.3,710.1,701.4,693.9,710.6,714.7,718.9,720.8,719.2,715.1,710.9,709.0,830.5,834.7,844.2,853.6,857.3,853.2,843.6,833.5,821.7,827.4,835.2,845.3,854.9,862.1,867.1,861.5,854.1,845.6,836.2,827.7,839.4,843.6,847.8,849.7,848.0,843.9,839.6,837.8,551.9,542.5,538.8,543.0,552.7,562.8,565.8,561.6,553.5,549.1,546.5,545.4,547.3,551.5,557.6,559.9,560.6,560.6,559.4,557.2,556.5,558.4,556.8,552.6,548.3,546.4,548.0,552.2,557.0,547.3,543.5,547.7,557.6,567.3,571.2,567.6,558.6,552.1,548.6,548.1,550.7,554.5,560.6,563.7,565.3,565.8,564.4,562.3,561.6,563.5,561.8,557.5,553.1,551.2,552.9,557.2,28.6,30.6,34.9,39.2,40.8,39.2,34.5,30.3,22.8,25.3,28.7,33.0,37.5,41.1,43.8,40.7,36.6,32.4,28.4,25.1,32.8,34.7,36.7,37.5,36.8,34.9,32.9,32.1,88.2,90.2,94.7,99.2,100.9,99.0,94.4,89.7,84.4,86.7,90.1,94.7,99.4,103.4,106.3,103.1,99.1,94.8,90.5,86.9,92.7,94.6,96.6,97.5,96.7,94.7,92.7,91.9,89.0,84.7,83.0,84.9,89.3,94.1,95.4,93.4,90.7,88.1,86.3,85.6,86.5,88.7,91.8,92.6,92.7,92.6,92.4,91.9,91.3,92.2,91.4,89.5,87.5,86.6,87.4,89.3,91.3,86.8,85.1,87.1,91.8,96.2,97.9,96.2,92.3,88.9,87.1,86.8,88.2,90.5,93.9,94.8,95.1,94.9,94.3,93.7,93.7,94.6,93.8,91.8,89.8,88.9,89.6,91.6,405.7,405.9,406.0,405.9,405.7,405.9,405.5,405.6,410.3,407.6,405.0,403.7,404.1,405.2,406.8,405.4,404.2,404.0,405.4,407.8,406.5,406.5,406.5,406.6,406.7,406.7,406.7,406.6,405.2,405.4,405.8,406.2,406.4,406.3,405.8,405.7,406.5,405.1,404.1,403.7,404.9,407.2,409.6,407.4,405.2,403.7,403.8,405.2,406.5,406.7,406.9,406.9,406.8,406.7,406.5,406.4,65.2,132.3,421.1,0.084,0.115,-0.026,626.4,625.3,626.3,630.5,639.3,657.5,685.5,724.6,771.4,818.9,857.6,889.5,908.3,916.5,920.7,923.1,922.1,660.0,677.1,701.2,728.3,752.4,803.4,828.4,853.0,875.7,890.5,780.1,779.9,780.2,780.3,749.0,763.9,778.5,793.1,806.3,685.7,701.7,720.9,736.2,720.0,701.5,819.4,835.6,854.4,868.3,854.4,836.3,716.5,737.7,763.6,777.8,791.9,816.1,833.2,816.6,793.2,777.4,761.1,735.7,726.6,763.2,777.5,791.9,824.2,791.9,776.9,762.1,562.6,594.1,624.6,655.0,687.9,722.7,756.9,789.9,800.6,787.8,753.8,714.5,675.5,637.8,605.4,574.3,544.0,516.4,503.5,499.4,505.2,516.8,517.8,507.4,504.6,510.2,524.5,555.9,580.3,604.2,629.3,648.5,653.5,657.3,653.8,649.4,553.3,545.7,547.2,557.8,561.3,559.8,558.1,550.5,551.2,558.7,564.4,564.0,703.8,690.1,685.4,690.1,686.3,692.1,705.4,739.5,754.1,755.8,753.6,738.8,703.8,703.1,704.4,704.2,706.0,729.3,730.5,728.4,0.00,0.00,0.00,0.00,0.00,0.00,0.00,0.00,0.00,0.00,0.00,0.00,0.00,0.00,0.00,0.00,0.00,0.00,0.00,0.00,0.00,0.00,0.00,0.00,0.00,0.00,0.00,0.00,0.00,0.00,0.00,0.00,0.00,0.00,0.00
247,0,8.200,0.03,0,0.000000,0.000000,0.000000,0.000000,0.000000,0.000000,0.000,0.000,701.8,706.0,715.5,724.8,728.4,724.9,714.8,705.5,688.2,694.3,702.6,712.2,722.0,729.5,734.6,728.4,720.1,711.0,702.0,694.0,710.7,714.9,719.1,720.9,719.3,715.2,711.0,709.1,831.5,835.9,845.6,854.9,858.5,854.1,844.4,834.3,822.6,828.4,836.2,846.3,855.7,863.0,868.0,862.2,854.7,846.2,836.9,828.6,840.3,844.5,848.9,850.9,849.3,845.1,840.7,838.7,552.4,542.8,539.0,543.2,553.0,563.3,566.4,562.2,553.7,549.5,547.0,546.0,547.8,551.9,557.9,560.3,561.0,561.0,559.8,557.4,557.0,558.9,557.2,552.9,548.6,546.7,548.4,552.7,556.4,546.7,543.0,547.4,557.5,567.2,570.9,567.1,558.6,552.3,549.0,548.6,551.2,554.8,560.5,563.9,565.9,566.5,565.0,562.5,561.2,563.3,561.6,557.2,552.6,550.6,552.3,556.7,28.4,30.4,34.8,39.1,40.8,39.1,34.4,30.1,22.4,25.1,28.7,33.1,37.6,41.2,43.7,40.7,36.8,32.5,28.5,25.0,32.6,34.5,36.5,37.4,36.6,34.7,32.7,31.9,88.2,90.3,94.8,99.3,101.0,98.9,94.4,89.7,84.4,86.7,90.1,94.7,99.3,103.2,106.1,102.9,98.9,94.7,90.4,86.9,92.6,94.6,96.7,97.6,96.8,94.8,92.7,91.8,88.5,84.1,82.5,84.5,89.0,93.7,95.0,93.0,90.0,87.5,85.8,85.2,86.1,88.3,91.5,92.2,92.2,92.1,91.8,91.2,90.9,91.7,91.0,89.1,87.1,86.2,86.9,88.9,90.5,86.0,84.4,86.6,91.3,95.8,97.4,95.6,91.8,88.6,86.8,86.6,88.0,90.1,93.3,94.5,94.9,94.8,94.2,93.3,93.0,94.0,93.3,91.3,89.1,88.1,88.9,90.9,402.5,402.7,403.1,403.3,403.3,403.4,402.7,402.5,406.4,404.0,401.7,400.7,401.3,402.8,404.5,402.9,401.4,400.9,402.0,404.1,403.6,403.7,403.8,403.9,403.9,403.8,403.7,403.6,403.2,403.2,403.6,404.1,404.4,404.4,404.0,403.8,404.4,402.9,401.9,401.5,402.7,405.0,407.4,405.4,403.2,401.7,401.9,403.2,404.5,404.8,404.9,404.9,404.8,404.6,404.4,404.4,65.6,132.4,420.8,0.095,0.106,-0.027,626.1,625.0,626.0,630.0,639.0,657.3,685.4,725.0,772.2,819.7,858.5,890.1,908.9,917.2,921.3,923.6,922.6,660.1,677.1,701.4,728.7,752.8,803.8,829.0,853.8,876.6,891.4,780.5,780.6,781.0,781.3,749.5,764.8,779.6,794.5,808.0,686.3,702.3,721.5,736.9,720.7,702.2,820.3,836.4,855.2,869.1,855.2,837.2,716.2,737.9,764.1,779.6,795.1,819.9,836.8,820.6,796.8,779.5,761.9,736.0,726.5,763.7,779.3,795.1,827.7,795.2,778.8,762.7,562.3,593.7,623.7,653.8,686.5,721.7,756.5,790.2,801.1,788.4,754.3,714.8,675.8,638.0,605.6,574.4,543.8,516.9,504.0,500.0,505.8,517.3,518.4,507.7,505.0,510.8,525.3,556.8,581.1,604.9,630.0,649.0,654.2,658.0,654.2,649.7,553.9,546.1,547.6,558.2,561.6,560.2,558.5,550.9,551.5,559.1,564.7,564.3,704.1,690.5,685.9,690.7,686.7,691.9,705.1,738.9,754.4,756.4,754.1,739.1,704.0,703.7,705.1,704.7,705.7,729.6,731.1,728.8,0.00,0.00,0.00,0.00,0.00,0.00,0.00,0.00,0.00,0.00,0.00,0.00,0.00,0.00,0.00,0.00,0.00,0.00,0.00,0.00,0.00,0.00,0.00,0.00,0.00,0.00,0.00,0.00,0.00,0.00,0.00,0.00,0.00,0.00,0.00
248,0,8.233,0.03,0,0.000000,0.000000,0.000000,0.000000,0.000000,0.000000,0.000,0.000,702.6,706.8,716.4,725.7,729.5,726.0,715.7,706.3,690.1,695.7,703.5,712.9,722.7,730.4,735.8,729.3,720.8,711.5,702.8,695.4,711.8,715.9,720.2,722.0,720.4,716.2,712.0,710.1,832.3,836.2,845.6,854.8,858.6,854.6,845.3,835.3,823.6,828.9,836.4,846.3,855.8,863.0,868.1,862.5,855.3,847.0,837.8,829.5,841.1,845.2,849.4,851.1,849.4,845.3,841.2,839.4,553.2,543.5,539.7,543.9,553.6,564.0,567.1,562.9,554.4,549.9,547.3,546.2,548.0,552.2,558.4,560.7,561.4,561.4,560.2,557.9,557.8,559.6,557.9,553.7,549.3,547.4,549.1,553.4,557.6,548.0,544.1,548.1,557.8,567.4,571.3,567.9,559.5,553.0,549.5,548.8,551.2,554.7,560.6,564.2,566.3,567.1,565.8,563.5,562.0,563.8,562.0,557.8,553.5,551.7,553.4,557.7,28.9,30.8,35.3,39.6,41.3,39.7,34.9,30.6,23.4,25.8,29.2,33.5,38.0,41.6,44.3,41.2,37.1,32.8,28.9,25.7,33.2,35.1,37.1,37.9,37.2,35.3,33.3,32.4,90.5,92.4,96.9,101.3,103.2,101.3,96.8,92.1,86.7,88.9,92.2,96.7,101.4,105.4,108.4,105.2,101.3,97.0,92.8,89.2,95.0,96.9,98.9,99.8,99.0,97.0,95.0,94.2,89.2,84.7,83.0,84.9,89.3,94.1,95.5,93.6,90.7,88.1,86.3,85.5,86.4,88.5,91.7,92.5,92.5,92.5,92.3,91.8,91.4,92.3,91.5,89.5,87.5,86.7,87.5,89.5,93.0,88.5,86.7,88.7,93.4,97.9,99.7,98.0,94.2,90.8,88.9,88.5,89.9,92.0,95.3,96.6,97.1,97.1,96.5,95.8,95.4,96.3,95.5,93.5,91.4,90.5,91.3,93.3,403.9,404.0,404.0,403.8,403.6,403.7,403.5,403.6,408.2,405.6,403.1,401.8,402.1,403.1,404.6,403.2,402.0,401.9,403.3,405.7,404.5,404.5,404.5,404.5,404.6,404.7,404.7,404.6,412.0,412.0,412.4,412.7,413.0,412.9,412.6,412.5,413.2,411.8,410.7,410.2,411.3,413.4,415.8,413.8,411.7,410.3,410.5,411.9,413.2,413.4,413.5,413.6,413.5,413.3,413.1,413.1,66.3,133.0,422.4,0.090,0.104,-0.027,628.2,626.9,627.6,631.2,640.0,658.3,686.4,726.1,773.2,820.5,859.1,890.7,909.4,917.6,921.6,923.8,922.6,661.3,678.3,702.6,729.7,753.7,805.0,830.4,855.2,877.8,892.2,781.5,781.6,782.0,782.3,750.2,765.6,780.5,795.5,809.0,687.3,703.2,722.5,737.7,721.5,703.0,821.0,837.1,855.9,869.6,855.8,837.9,717.4,739.2,765.3,780.7,796.2,820.7,837.3,821.4,798.0,780.8,763.2,737.3,727.7,765.0,780.5,796.3,828.2,796.4,780.0,764.0,563.2,594.4,624.4,654.6,687.6,722.8,757.5,791.0,801.6,788.4,753.9,714.2,675.4,637.8,605.7,574.9,545.0,517.0,504.3,500.2,506.1,517.6,518.8,508.3,505.6,511.4,525.7,557.4,581.7,605.5,630.5,649.4,654.6,658.5,654.6,649.9,554.3,546.5,548.1,558.7,562.1,560.6,558.8,551.2,551.8,559.3,564.9,564.6,704.8,690.9,685.9,690.7,686.5,691.6,704.9,738.2,753.7,755.9,753.8,739.3,704.6,704.0,705.2,704.6,705.6,728.8,730.5,728.4,0.00,0.00,0.00,0.00,0.00,0.00,0.00,0.00,0.00,0.00,0.00,0.00,0.00,0.00,0.00,0.00,0.00,0.00,0.00,0.00,0.00,0.00,0.00,0.00,0.00,0.00,0.00,0.00,0.00,0.00,0.00,0.00,0.00,0.00,0.00
249,0,8.267,0.03,0,0.000000,0.000000,0.000000,0.000000,0.000000,0.000000,0.000,0.000,703.7,707.7,717.2,726.6,730.5,727.0,716.9,707.5,690.0,696.2,704.6,714.3,724.0,731.5,736.6,730.5,722.3,713.1,704.0,696.0,712.6,716.8,721.1,722.9,721.2,717.0,712.7,710.9,833.0,837.0,846.6,856.1,859.9,855.8,846.2,836.0,824.0,829.6,837.4,847.4,857.0,864.2,869.2,863.6,856.3,848.0,838.7,830.2,841.8,846.1,850.4,852.2,850.5,846.3,841.9,840.1,553.3,543.6,539.6,543.7,553.5,563.9,567.3,563.1,554.3,550.1,547.7,546.6,548.2,552.0,557.9,560.4,561.4,561.5,560.3,557.9,557.8,559.6,557.9,553.5,549.2,547.3,549.1,553.4,557.6,547.7,543.7,547.9,557.9,567.7,571.7,568.2,559.9,553.3,549.9,549.2,551.5,554.9,560.5,564.3,566.7,567.6,566.3,563.9,562.1,564.0,562.2,557.8,553.3,551.4,553.2,557.7,29.2,31.1,35.5,39.9,41.6,40.1,35.4,31.0,23.2,25.9,29.6,33.9,38.5,42.1,44.6,41.6,37.7,33.4,29.4,25.8,33.5,35.4,37.4,38.2,37.4,35.5,33.5,32.7,88.7,90.6,95.1,99.6,101.5,99.6,95.1,90.3,84.8,87.1,90.5,95.0,99.7,103.6,106.6,103.4,99.5,95.3,91.0,87.4,93.1,95.2,97.2,98.1,97.2,95.2,93.2,92.3,88.8,84.3,82.6,84.5,89.1,93.9,95.3,93.3,90.0,87.6,86.0,85.3,86.2,88.3,91.4,92.2,92.3,92.2,91.9,91.2,91.1,92.0,91.2,89.2,87.2,86.3,87.1,89.1,90.9,86.3,84.6,86.7,91.3,95.9,97.6,95.9,92.1,88.8,87.0,86.7,88.0,90.1,93.2,94.5,95.1,95.1,94.6,93.7,93.3,94.2,93.5,91.4,89.3,88.3,89.1,91.2,401.8,401.9,402.3,402.6,402.9,403.1,402.4,402.0,405.5,403.1,400.9,400.0,400.8,402.3,404.2,402.6,400.9,400.4,401.3,403.3,403.0,403.2,403.4,403.4,403.3,403.1,403.0,402.9,402.4,402.4,402.9,403.5,403.9,403.9,403.4,403.1,403.4,402.0,401.1,400.8,402.1,404.4,406.8,404.8,402.5,401.0,401.0,402.3,403.8,404.1,404.3,404.4,404.2,403.9,403.7,403.7,66.8,133.0,422.2,0.088,0.102,-0.027,629.0,627.6,628.3,631.9,640.4,658.4,686.7,726.7,774.1,821.4,860.0,891.3,910.0,918.0,922.1,924.3,923.1,662.3,679.3,703.6,730.7,754.7,805.7,831.0,855.8,878.4,892.9,782.4,782.6,783.1,783.6,751.5,766.8,781.7,796.6,810.0,688.3,704.3,723.6,739.0,722.7,704.2,821.6,837.8,856.6,870.5,856.7,838.6,718.6,740.4,766.5,782.1,797.7,822.1,838.6,822.8,799.5,782.1,764.5,738.6,728.9,766.1,781.8,797.7,829.5,797.8,781.3,765.2,564.2,595.2,625.0,654.8,687.2,722.2,756.9,790.4,801.0,787.9,753.5,714.0,675.2,637.6,605.6,574.9,545.1,517.0,504.3,500.2,506.2,517.8,519.2,508.5,505.6,511.3,525.8,557.6,582.0,605.9,631.0,649.9,655.0,658.8,654.9,650.3,554.3,546.6,548.2,558.9,562.3,560.8,559.2,551.5,552.1,559.5,565.2,565.0,704.9,691.0,686.0,690.7,686.6,691.9,705.2,738.3,753.8,756.0,753.8,739.4,704.7,704.2,705.5,705.0,705.8,728.6,730.1,728.0,0.00,0.00,0.00,0.00,0.00,0.00,0.00,0.00,0.00,0.00,0.00,0.00,0.00,0.00,0.00,0.00,0.00,0.00,0.00,0.00,0.00,0.00,0.00,0.00,0.00,0.00,0.00,0.00,0.00,0.00,0.00,0.00,0.00,0.00,0.00
250,0,8.300,0.03,0,0.000000,0.000000,0.000000,0.000000,0.000000,0.000000,0.000,0.000,704.8,708.9,718.5,727.9,731.6,728.2,718.0,708.6,692.4,697.9,705.6,715.1,725.1,732.8,738.2,731.7,723.2,713.9,705.2,697.8,714.0,718.2,722.4,724.2,722.6,718.4,714.2,712.4,833.7,837.6,847.1,856.6,860.5,856.6,847.1,837.0,825.3,830.5,838.0,847.9,857.6,865.1,870.7,864.8,857.2,848.6,839.4,831.2,843.0,847.1,851.2,852.9,851.2,847.1,843.0,841.3,553.4,543.7,539.8,544.0,553.8,564.1,567.3,563.2,554.7,550.2,547.6,546.5,548.2,552.3,558.5,560.8,561.6,561.6,560.5,558.2,557.9,559.7,558.0,553.7,549.4,547.6,549.3,553.6,558.3,548.5,544.4,548.4,558.2,568.0,572.1,568.8,559.9,553.4,550.0,549.3,551.6,555.0,560.7,564.6,566.9,567.9,566.6,564.1,562.5,564.3,562.5,558.2,554.0,552.3,554.0,558.3,29.9,31.7,36.1,40.4,42.2,40.6,35.9,31.6,24.4,26.8,30.2,34.4,39.0,42.7,45.3,42.2,38.2,33.9,30.0,26.7,34.2,36.1,38.0,38.8,38.1,36.2,34.2,33.4,90.2,92.0,96.4,100.8,102.7,100.9,96.5,91.8,86.5,88.6,91.8,96.2,100.9,104.9,108.1,104.9,100.8,96.6,92.4,89.0,94.7,96.7,98.6,99.3,98.5,96.6,94.7,93.9,89.1,84.6,82.8,84.7,89.2,94.0,95.5,93.6,90.7,88.0,86.2,85.4,86.3,88.4,91.6,92.4,92.4,92.5,92.3,91.8,91.3,92.2,91.3,89.4,87.4,86.5,87.4,89.3,92.3,87.7,85.8,87.7,92.3,96.9,98.8,97.3,93.3,90.0,88.1,87.6,88.9,90.9,94.1,95.5,96.1,96.2,95.7,95.0,94.5,95.3,94.5,92.5,90.5,89.7,90.5,92.5,403.1,403.1,402.9,402.8,402.7,403.0,402.9,403.1,407.5,404.8,402.2,400.8,401.1,402.2,403.7,402.5,401.3,401.2,402.7,405.1,403.8,403.8,403.7,403.7,403.7,403.8,403.8,403.9,407.3,407.2,407.2,407.4,407.6,407.7,407.7,407.8,408.7,407.0,405.7,405.0,405.9,407.8,410.0,408.3,406.3,405.1,405.5,407.2,408.3,408.4,408.4,408.3,408.3,408.2,408.2,408.2,67.5,133.4,423.3,0.081,0.099,-0.026,631.0,629.4,629.9,633.3,641.6,659.5,687.6,727.7,775.1,822.3,860.7,892.0,910.5,918.5,922.4,924.4,922.9,663.9,680.7,704.9,732.0,755.8,806.7,831.8,856.6,879.1,893.6,783.6,783.8,784.5,785.0,752.8,768.2,783.0,797.9,811.4,689.5,705.5,724.8,740.3,724.0,705.4,822.6,838.9,857.7,871.5,857.8,839.7,719.2,741.4,767.8,783.5,799.2,823.9,840.6,824.5,800.9,783.5,765.7,739.6,729.5,767.4,783.2,799.2,831.4,799.3,782.7,766.4,565.0,595.9,625.7,655.4,687.6,722.4,756.8,790.2,800.9,788.0,753.8,714.2,675.5,637.9,605.9,575.3,545.6,517.1,504.4,500.3,506.2,517.8,519.3,508.4,505.5,511.2,525.7,557.7,582.0,605.8,630.8,650.1,655.2,659.0,655.0,650.4,554.6,546.8,548.4,559.2,562.6,561.2,559.5,551.5,552.1,559.7,565.4,565.2,705.0,691.4,686.4,691.2,687.1,692.2,705.2,738.5,754.1,756.2,754.1,739.5,704.9,704.8,706.1,705.6,705.9,728.8,730.3,728.1,0.00,0.00,0.00,0.00,0.00,0.00,0.00,0.00,0.00,0.00,0.00,0.00,0.00,0.00,0.00,0.00,0.00,0.00,0.00,0.00,0.00,0.00,0.00,0.00,0.00,0.00,0.00,0.00,0.00,0.00,0.00,0.00,0.00,0.00,0.00
251,0,8.333,0.03,0,0.000000,0.000000,0.000000,0.000000,0.000000,0.000000,0.000,0.000,705.8,710.0,719.5,728.9,732.7,729.2,719.0,709.6,692.5,698.6,706.7,716.1,725.7,733.2,738.4,732.1,724.0,714.8,706.0,698.3,714.6,719.0,723.5,725.5,723.7,719.3,714.8,712.8,833.9,838.2,848.2,858.0,861.9,857.6,847.6,837.2,825.8,830.7,838.0,848.0,858.1,866.5,872.7,866.1,857.6,848.4,839.0,831.2,843.4,848.0,852.7,854.7,852.9,848.3,843.7,841.6,553.6,543.9,540.1,544.3,554.0,564.4,567.5,563.4,554.2,550.1,547.7,546.8,548.5,552.4,558.3,560.7,561.4,561.4,560.2,557.8,558.4,560.3,558.5,554.0,549.4,547.4,549.2,553.8,557.4,547.3,543.1,547.3,557.4,567.5,571.7,568.3,560.1,553.5,549.8,549.1,551.6,555.4,561.5,565.0,566.9,567.5,566.2,564.1,562.5,564.4,562.5,557.8,553.0,551.1,553.0,557.7,30.5,32.4,36.9,41.3,43.0,41.4,36.6,32.2,24.6,27.2,30.8,35.1,39.6,43.2,45.8,42.7,38.8,34.5,30.5,27.1,34.6,36.7,38.8,39.7,38.9,36.9,34.7,33.8,86.3,88.3,92.7,96.9,98.4,96.4,92.0,87.6,83.1,85.0,87.9,92.0,96.4,100.4,103.6,100.2,96.1,91.9,88.0,85.1,90.5,92.5,94.5,95.5,94.8,92.8,90.8,89.8,89.7,85.2,83.5,85.5,90.1,94.9,96.2,94.2,90.8,88.4,86.8,86.1,87.1,89.2,92.3,93.0,93.1,93.0,92.6,92.0,92.1,93.1,92.3,90.2,88.0,87.1,87.9,90.0,87.9,83.4,81.5,83.2,87.5,91.9,93.8,92.6,89.5,86.2,84.3,83.6,84.7,86.6,89.7,90.9,91.4,91.5,91.2,90.8,90.1,90.9,90.0,87.9,85.9,85.2,86.1,88.1,405.3,405.5,405.8,406.0,406.1,406.2,405.6,405.4,409.3,406.9,404.6,403.6,404.2,405.5,407.2,405.7,404.3,403.8,404.9,407.1,406.4,406.5,406.7,406.7,406.7,406.6,406.5,406.4,389.5,389.9,389.6,388.7,387.8,387.4,387.7,388.9,391.4,389.9,388.3,387.0,386.9,388.0,389.4,387.9,386.4,385.8,386.9,389.3,389.5,389.1,388.9,389.1,389.5,389.9,390.1,389.9,68.0,133.3,423.5,0.082,0.099,-0.029,632.3,630.8,631.2,634.6,643.0,660.9,689.3,729.0,776.2,823.4,861.6,892.7,911.0,918.8,922.6,924.4,922.8,664.6,681.3,705.3,732.2,756.0,808.0,832.7,857.0,879.1,893.2,784.5,784.8,785.5,786.1,753.9,769.2,784.1,798.9,812.3,690.3,706.3,725.5,741.0,724.7,706.2,823.1,839.4,858.1,871.9,858.1,840.1,720.4,742.6,769.1,784.7,800.3,824.8,841.2,825.4,802.2,784.8,767.1,740.8,730.6,768.8,784.5,800.4,832.1,800.6,784.0,767.9,564.7,595.9,625.9,655.8,688.3,723.0,757.1,790.0,800.5,787.3,752.6,712.8,674.2,636.8,605.3,575.2,546.1,517.0,504.4,500.2,506.1,517.7,519.1,508.6,505.6,511.1,525.1,557.6,582.0,605.8,630.8,650.0,655.0,658.8,654.8,650.1,554.6,546.9,548.5,559.2,562.5,561.1,559.4,551.5,552.1,559.5,565.2,564.9,704.4,690.9,685.9,690.6,686.4,691.3,704.1,737.5,753.4,755.7,753.8,739.2,704.3,704.1,705.3,704.7,704.9,728.1,729.9,727.8,0.00,0.00,0.00,0.00,0.00,0.00,0.00,0.00,0.00,0.00,0.00,0.00,0.00,0.00,0.00,0.00,0.00,0.00,0.00,0.00,0.00,0.00,0.00,0.00,0.00,0.00,0.00,0.00,0.00,0.00,0.00,0.00,0.00,0.00,0.00
252,0,8.367,0.03,0,0.000000,0.000000,0.000000,0.000000,0.000000,0.000000,0.000,0.000,707.4,711.6,721.3,730.8,734.7,731.2,720.8,711.3,694.2,700.1,707.9,717.3,727.2,734.9,740.4,733.9,725.3,715.9,707.2,699.7,716.5,720.9,725.4,727.3,725.6,721.1,716.6,714.7,834.8,839.3,849.4,859.2,862.9,858.5,848.4,837.8,825.7,831.6,839.7,850.1,859.9,867.7,873.1,867.0,859.0,850.0,840.4,831.8,844.2,848.5,853.0,854.9,853.3,849.0,844.5,842.6,553.7,543.9,539.9,544.1,554.0,564.5,567.8,563.6,553.8,549.7,547.4,546.4,548.0,551.7,557.5,560.2,561.2,561.4,560.1,557.6,558.4,560.3,558.5,554.0,549.4,547.4,549.2,553.8,558.1,548.0,544.1,548.7,559.1,569.2,573.1,569.2,560.1,553.2,549.5,548.9,551.7,555.9,562.4,565.8,567.6,568.0,566.5,564.2,563.1,565.1,563.4,559.0,554.4,552.4,554.1,558.5,30.9,32.8,37.3,41.7,43.4,41.9,37.1,32.7,25.1,27.7,31.1,35.3,39.8,43.4,46.1,43.0,39.0,34.7,30.8,27.5,35.1,37.2,39.3,40.1,39.3,37.3,35.2,34.3,86.5,88.6,93.2,97.6,99.2,97.1,92.6,87.9,82.8,85.1,88.5,93.0,97.5,101.5,104.5,101.2,97.1,92.8,88.6,85.2,91.0,92.9,94.9,95.8,95.1,93.2,91.1,90.2,88.8,84.3,82.5,84.4,89.0,93.9,95.3,93.3,89.8,87.3,85.7,85.0,85.8,87.8,90.8,91.7,91.9,91.9,91.6,91.0,91.2,92.1,91.2,89.1,87.0,86.1,87.0,89.0,88.0,83.6,81.9,84.0,88.6,93.0,94.7,93.0,89.2,85.8,83.9,83.6,85.0,87.3,90.7,91.8,92.0,91.9,91.3,90.7,90.5,91.4,90.7,88.7,86.7,85.8,86.5,88.4,401.1,401.1,401.2,401.3,401.3,401.6,401.3,401.2,405.4,402.8,400.4,399.2,399.5,400.6,402.2,400.9,399.6,399.4,400.8,403.1,402.1,402.1,402.1,402.1,402.1,402.1,402.1,402.1,388.7,389.0,389.4,389.5,389.4,389.1,388.7,388.8,390.1,388.7,387.7,387.2,388.1,390.1,392.1,390.1,387.9,386.6,387.0,388.6,389.7,389.8,389.9,390.1,390.1,390.1,389.9,389.8,68.4,133.3,423.5,0.068,0.100,-0.025,633.6,632.0,632.2,635.4,643.5,661.4,689.9,729.8,777.1,824.2,862.3,893.2,911.3,918.9,922.7,924.6,923.0,665.4,681.9,706.3,733.6,757.9,808.4,833.4,858.2,880.6,894.6,785.6,785.9,786.5,787.0,754.7,770.1,784.9,799.7,813.0,691.3,707.4,726.7,742.4,725.9,707.3,823.8,840.6,859.4,873.1,859.3,841.2,720.9,743.1,769.8,785.5,801.2,825.7,842.0,826.2,802.9,785.4,767.6,741.3,731.1,769.4,785.2,801.3,832.9,801.4,784.7,768.4,564.6,595.8,625.9,656.1,688.6,723.2,757.4,790.3,800.7,787.3,752.5,712.9,674.3,636.8,605.2,575.2,546.1,517.0,504.0,499.6,505.7,517.7,519.4,508.8,505.8,511.5,525.8,557.5,581.7,605.4,630.3,649.9,654.9,658.7,654.8,650.2,554.1,546.4,548.1,559.0,562.2,560.8,559.6,551.5,552.2,559.8,565.5,565.2,704.3,690.8,685.8,690.6,686.3,691.5,704.4,737.9,753.7,756.0,754.1,739.4,704.2,704.1,705.4,704.8,705.2,728.2,730.0,727.8,0.00,0.00,0.00,0.00,0.00,0.00,0.00,0.00,0.00,0.00,0.00,0.00,0.00,0.00,0.00,0.00,0.00,0.00,0.00,0.00,0.00,0.00,0.00,0.00,0.00,0.00,0.00,0.00,0.00,0.00,0.00,0.00,0.00,0.00,0.00
253,0,8.400,0.03,0,0.000000,0.000000,0.000000,0.000000,0.000000,0.000000,0.000,0.000,708.0,712.2,721.6,730.9,734.5,731.0,720.9,711.7,694.9,701.1,709.1,718.4,727.9,735.3,740.4,734.2,725.9,716.8,708.0,700.5,716.7,721.0,725.4,727.3,725.6,721.4,717.0,715.1,836.1,840.5,850.6,860.4,864.3,859.9,849.8,839.1,827.0,833.5,842.0,852.4,861.8,869.0,873.9,868.2,860.8,852.0,842.4,833.4,845.3,849.7,854.2,856.2,854.4,850.0,845.5,843.5,552.9,543.4,539.6,543.8,553.5,563.7,566.7,562.5,552.9,549.1,547.0,546.3,548.1,551.8,557.2,560.1,561.0,561.0,559.6,556.9,557.6,559.5,557.8,553.4,549.0,547.0,548.7,553.1,557.8,547.6,543.6,548.3,558.8,569.0,572.9,569.0,560.6,553.8,550.0,549.5,552.1,556.1,562.2,565.7,567.6,568.1,566.7,564.5,562.9,565.0,563.3,558.7,554.0,551.9,553.6,558.2,31.9,33.8,38.3,42.6,44.3,42.7,37.9,33.6,26.0,28.7,32.3,36.5,41.0,44.6,47.2,44.2,40.1,35.8,31.8,28.4,36.0,38.0,40.1,41.0,40.2,38.2,36.1,35.2,86.0,88.0,92.7,97.2,98.9,96.8,92.1,87.4,82.1,84.8,88.4,92.9,97.4,101.2,104.0,100.9,96.9,92.7,88.4,84.7,90.3,92.3,94.4,95.4,94.6,92.6,90.5,89.6,90.3,85.9,84.2,86.2,90.7,95.5,96.8,94.8,91.2,88.9,87.4,86.9,87.8,89.8,92.8,93.8,93.9,93.8,93.4,92.6,92.8,93.7,92.9,90.9,88.8,87.8,88.6,90.7,86.7,82.4,80.8,83.0,87.6,92.0,93.5,91.7,88.1,84.9,83.1,82.9,84.4,86.7,89.9,90.9,91.2,91.0,90.3,89.6,89.3,90.3,89.6,87.6,85.6,84.6,85.3,87.2,409.8,409.9,410.2,410.4,410.4,410.5,409.9,409.8,413.8,411.3,409.0,408.0,408.6,409.9,411.6,410.0,408.5,408.1,409.3,411.5,410.8,410.8,411.0,411.0,411.1,411.0,410.9,410.8,383.6,384.1,385.0,385.7,385.7,385.2,384.3,383.9,384.4,383.4,382.8,382.9,384.3,386.8,389.1,386.8,384.2,382.4,382.3,383.4,385.1,385.4,385.7,386.0,386.0,385.7,385.3,385.0,69.0,133.7,424.9,0.055,0.102,-0.019,635.4,633.4,633.3,636.0,643.6,661.2,689.8,730.3,777.9,825.1,863.1,893.8,911.7,919.2,923.0,925.0,923.5,666.9,683.0,707.1,734.2,758.4,810.7,835.5,859.8,881.8,895.7,786.9,787.0,787.6,788.0,755.7,771.0,785.7,800.4,813.7,692.4,708.4,727.6,743.3,726.8,708.3,825.5,842.3,861.1,874.7,860.9,842.8,721.3,743.6,770.2,785.9,801.5,825.9,842.3,826.2,802.8,785.5,767.7,741.5,731.6,769.7,785.5,801.5,833.1,801.4,784.9,768.7,566.0,596.6,625.9,655.5,687.9,722.7,757.3,790.5,801.2,787.8,753.1,713.7,675.4,638.2,606.8,577.0,548.2,516.3,503.2,498.9,505.1,517.3,519.3,508.7,505.7,511.3,525.2,557.4,581.4,605.1,629.9,649.5,654.5,658.4,654.6,650.0,553.7,546.1,547.8,558.7,561.9,560.4,559.7,551.9,552.6,560.2,565.9,565.4,704.1,690.5,685.6,690.4,686.3,691.8,705.0,738.2,753.6,755.8,753.8,739.1,704.1,704.1,705.4,704.9,705.8,728.0,729.6,727.5,0.00,0.00,0.00,0.00,0.00,0.00,0.00,0.00,0.00,0.00,0.00,0.00,0.00,0.00,0.00,0.00,0.00,0.00,0.00,0.00,0.00,0.00,0.00,0.00,0.00,0.00,0.00,0.00,0.00,0.00,0.00,0.00,0.00,0.00,0.00
254,0,8.433,0.03,0,0.000000,0.000000,0.000000,0.000000,0.000000,0.000000,0.000,0.000,708.8,713.0,722.4,731.5,734.9,731.3,721.3,712.2,696.1,702.0,709.8,719.0,728.5,735.7,740.7,734.4,726.1,717.1,708.6,701.3,717.4,721.5,725.9,727.8,726.2,722.1,717.8,715.8,836.8,841.0,850.9,860.7,864.7,860.5,850.6,840.1,828.5,834.3,842.3,852.5,862.1,869.4,874.3,868.6,861.3,852.7,843.2,834.6,846.2,850.5,854.9,856.7,855.0,850.6,846.2,844.4,552.3,543.0,539.5,543.7,553.3,563.3,566.1,561.9,552.5,548.6,546.5,545.8,547.7,551.5,557.3,560.1,561.1,561.0,559.4,556.7,557.0,559.0,557.4,553.1,548.7,546.7,548.3,552.6,558.8,548.6,544.5,548.8,559.0,569.2,573.3,569.7,561.1,553.9,550.0,549.4,552.1,556.2,562.6,566.1,568.1,568.8,567.4,565.0,563.5,565.4,563.6,559.1,554.5,552.6,554.4,558.9,32.5,34.6,39.0,43.3,44.9,43.3,38.5,34.2,26.8,29.5,33.0,37.2,41.7,45.3,47.8,44.7,40.6,36.3,32.4,29.2,36.7,38.7,40.7,41.7,40.9,38.9,36.9,36.0,88.5,90.5,95.0,99.6,101.4,99.4,94.8,90.0,84.9,87.3,90.7,95.3,99.8,103.7,106.5,103.4,99.5,95.2,91.0,87.5,93.0,95.0,97.0,97.9,97.1,95.1,93.1,92.2,91.0,86.6,85.0,87.0,91.5,96.3,97.6,95.5,92.0,89.6,88.1,87.5,88.5,90.6,93.7,94.7,94.8,94.8,94.3,93.5,93.4,94.4,93.6,91.6,89.5,88.6,89.3,91.4,89.4,84.9,83.1,85.2,89.8,94.3,96.0,94.4,90.7,87.1,85.2,84.9,86.4,88.7,92.1,93.2,93.6,93.5,92.9,92.1,91.8,92.7,91.9,89.9,87.9,87.0,87.7,89.7,414.0,414.1,414.2,414.4,414.4,414.6,414.2,414.1,418.2,415.6,413.2,412.2,412.6,413.9,415.5,414.1,412.7,412.5,413.7,415.9,415.0,415.0,415.1,415.1,415.1,415.1,415.0,415.0,393.4,393.8,394.3,394.7,394.8,394.5,393.9,393.8,394.4,393.2,392.4,392.2,393.3,395.5,397.6,395.7,393.4,391.8,391.9,393.2,394.7,394.9,395.1,395.3,395.3,395.1,394.8,394.7,69.5,134.3,426.4,0.047,0.104,-0.014,636.5,634.7,634.6,637.2,644.5,661.9,690.2,730.3,777.8,825.0,863.2,894.0,911.9,919.3,923.1,925.2,924.0,667.6,684.0,708.6,736.2,760.5,810.8,835.8,860.6,882.8,896.6,787.7,787.8,788.2,788.5,756.2,771.4,786.1,800.8,814.0,693.1,709.0,728.3,743.9,727.4,708.9,826.2,843.0,861.8,875.3,861.5,843.5,721.5,743.8,770.3,786.1,801.8,826.3,842.6,826.4,802.9,785.4,767.6,741.4,731.7,769.8,785.7,801.8,833.4,801.7,785.0,768.7,567.0,597.6,626.9,656.4,688.6,723.1,757.3,790.4,801.3,788.2,753.8,714.9,676.9,640.0,608.8,579.3,551.0,516.0,502.7,498.4,504.9,517.5,519.7,508.9,506.0,511.4,525.4,557.5,581.4,605.0,629.7,649.5,654.6,658.6,654.9,650.4,553.6,545.8,547.6,558.8,561.9,560.2,560.1,552.0,552.8,560.7,566.3,565.8,704.2,690.4,685.7,690.5,686.4,692.0,705.5,738.4,753.7,755.8,753.8,739.1,704.2,704.2,705.5,705.0,706.2,728.3,730.0,727.8,0.00,0.00,0.00,0.00,0.00,0.00,0.00,0.00,0.00,0.00,0.00,0.00,0.00,0.00,0.00,0.00,0.00,0.00,0.00,0.00,0.00,0.00,0.00,0.00,0.00,0.00,0.00,0.00,0.00,0.00,0.00,0.00,0.00,0.00,0.00
255,0,8.467,0.03,0,0.000000,0.000000,0.000000,0.000000,0.000000,0.000000,0.000,0.000,709.5,713.7,723.1,732.2,735.6,732.0,722.0,712.9,696.0,702.2,710.3,719.7,729.1,736.4,741.5,735.4,727.2,718.2,709.4,701.7,718.0,722.2,726.5,728.4,726.8,722.7,718.4,716.5,837.8,842.1,851.8,861.4,865.1,860.8,851.1,840.8,829.3,835.1,843.2,853.5,862.9,869.8,874.2,868.9,861.8,853.4,844.0,835.5,846.7,851.0,855.3,857.3,855.6,851.3,847.0,845.1,551.6,542.2,538.7,543.0,552.7,562.7,565.5,561.2,552.1,548.3,546.1,545.4,547.2,551.2,556.9,559.6,560.5,560.4,559.0,556.3,556.4,558.4,556.8,552.5,548.1,546.1,547.7,552.0,557.8,547.9,544.0,548.4,558.5,568.4,572.4,568.6,561.0,554.1,550.4,549.9,552.6,556.4,562.4,565.6,567.5,568.1,566.7,564.4,562.6,564.5,562.8,558.4,553.8,551.9,553.6,558.1,32.5,34.5,39.0,43.3,44.9,43.2,38.4,34.1,26.5,29.2,32.9,37.1,41.6,45.2,47.8,44.7,40.7,36.5,32.4,29.0,36.6,38.6,40.6,41.5,40.8,38.8,36.8,35.9,89.9,91.9,96.5,101.1,102.9,100.8,96.2,91.4,86.3,88.7,92.2,96.8,101.4,105.2,107.9,104.9,101.0,96.8,92.5,88.9,94.4,96.4,98.4,99.3,98.6,96.5,94.5,93.6,89.7,85.4,83.8,85.9,90.4,95.1,96.3,94.2,90.8,88.5,87.0,86.4,87.4,89.6,92.6,93.6,93.6,93.5,93.0,92.3,92.2,93.1,92.4,90.4,88.4,87.4,88.1,90.1,90.0,85.5,83.8,86.0,90.7,95.2,96.8,95.0,91.6,88.2,86.4,86.1,87.6,89.9,93.2,94.2,94.5,94.4,93.7,93.0,92.5,93.4,92.7,90.7,88.6,87.6,88.4,90.4,409.6,409.9,410.3,410.5,410.5,410.5,409.9,409.6,413.6,411.2,408.9,408.0,408.6,410.0,411.7,410.1,408.6,408.1,409.1,411.3,410.7,410.8,411.0,411.1,411.1,411.0,410.9,410.7,397.9,398.1,398.8,399.5,399.8,399.6,398.9,398.5,398.8,397.5,396.8,396.8,398.2,400.7,403.0,401.0,398.6,396.9,396.8,397.8,399.4,399.7,400.0,400.1,400.0,399.7,399.4,399.3,69.9,134.6,427.3,0.041,0.107,-0.012,637.2,635.3,635.3,638.0,645.5,663.1,691.2,731.1,778.5,825.7,863.9,894.4,912.2,919.5,923.3,925.4,924.3,668.6,685.1,709.7,737.0,761.3,811.7,836.8,861.4,883.4,897.0,788.3,788.2,788.5,788.7,756.3,771.6,786.3,801.1,814.5,693.9,709.7,728.8,744.2,727.9,709.6,827.0,843.6,862.3,875.6,862.0,844.1,721.6,743.7,770.2,786.3,802.3,827.0,843.3,827.1,803.5,785.7,767.5,741.4,731.8,769.8,786.0,802.3,834.1,802.2,785.2,768.6,566.3,597.1,626.6,656.3,688.9,723.8,758.1,791.1,801.8,788.7,754.4,715.7,678.1,641.5,610.7,581.3,553.1,515.7,502.4,498.1,504.5,517.2,519.5,508.8,506.0,511.6,525.5,557.0,580.9,604.4,629.2,649.0,654.2,658.3,654.6,650.0,553.2,545.4,547.1,558.1,561.2,559.6,559.8,551.9,552.8,560.8,566.1,565.4,704.2,690.2,685.3,690.2,686.1,691.9,705.8,738.3,753.6,755.8,753.7,739.0,704.3,704.0,705.3,704.8,706.4,728.1,729.8,727.7,0.00,0.00,0.00,0.00,0.00,0.00,0.00,0.00,0.00,0.00,0.00,0.00,0.00,0.00,0.00,0.00,0.00,0.00,0.00,0.00,0.00,0.00,0.00,0.00,0.00,0.00,0.00,0.00,0.00,0.00,0.00,0.00,0.00,0.00,0.00
256,0,8.500,0.03,0,0.000000,0.000000,0.000000,0.000000,0.000000,0.000000,0.000,0.000,709.8,714.1,723.8,733.2,736.8,733.2,722.8,713.4,697.2,702.9,710.7,720.2,730.1,737.7,742.9,736.2,727.6,718.3,709.7,702.5,718.7,723.1,727.7,729.7,728.0,723.6,719.1,717.1,837.4,841.6,851.5,861.3,865.2,861.0,851.1,840.6,829.3,835.0,842.9,853.1,862.6,870.1,875.2,869.3,861.8,853.0,843.6,835.3,846.6,851.1,855.7,857.6,855.8,851.3,846.7,844.8,551.7,542.0,538.3,542.7,552.6,563.0,566.0,561.6,552.2,547.8,545.4,544.5,546.6,550.9,557.4,559.7,560.4,560.2,558.7,556.1,556.6,558.7,557.0,552.5,547.8,545.8,547.5,552.0,558.2,548.1,544.1,548.4,558.5,568.5,572.6,569.0,561.2,554.1,550.3,549.8,552.4,556.4,562.6,565.9,567.7,568.2,566.9,564.7,563.1,565.1,563.2,558.6,553.9,551.9,553.8,558.4,31.9,33.8,38.2,42.5,44.1,42.5,37.8,33.5,26.4,28.8,32.2,36.4,40.9,44.5,47.0,43.8,39.8,35.6,31.8,28.7,36.0,38.0,40.1,41.0,40.2,38.2,36.2,35.2,89.2,91.2,95.7,100.2,102.0,100.0,95.4,90.7,85.8,88.1,91.5,95.9,100.5,104.4,107.2,104.0,100.1,95.8,91.7,88.2,93.6,95.6,97.8,98.7,97.9,95.8,93.7,92.8,87.5,83.1,81.3,83.3,87.8,92.6,94.0,92.0,88.7,86.1,84.4,83.7,84.7,86.9,90.2,91.0,91.0,91.0,90.6,90.0,89.9,90.8,90.0,88.0,85.8,84.9,85.7,87.8,89.6,85.1,83.3,85.3,89.9,94.3,96.1,94.5,91.2,87.7,85.8,85.4,86.8,89.1,92.4,93.4,93.7,93.6,93.1,92.5,92.0,92.9,92.1,90.1,88.0,87.0,87.8,89.9,399.4,399.4,399.2,399.0,398.9,399.2,399.1,399.3,403.9,401.2,398.5,397.1,397.3,398.3,399.8,398.6,397.5,397.5,399.0,401.4,400.1,400.0,399.9,399.9,400.0,400.0,400.1,400.2,395.4,395.8,396.1,396.3,396.1,395.8,395.4,395.6,396.6,395.3,394.4,394.0,394.9,396.9,398.8,397.0,394.8,393.5,393.8,395.3,396.4,396.5,396.6,396.8,396.9,396.8,396.7,396.5,69.9,134.5,427.0,0.036,0.110,-0.011,637.4,635.7,635.8,638.6,646.3,663.8,691.8,731.6,778.9,826.0,864.1,894.6,912.2,919.5,923.4,925.7,924.5,668.7,685.3,709.9,737.3,761.5,811.9,837.0,861.7,883.9,897.6,788.6,788.5,788.8,789.0,756.6,771.8,786.5,801.3,814.6,694.2,710.1,729.4,744.9,728.5,710.0,826.9,843.6,862.4,875.9,862.1,844.1,721.4,743.5,770.1,786.1,802.2,826.9,843.2,827.0,803.2,785.4,767.2,741.1,731.7,769.6,785.8,802.2,834.0,802.0,785.0,768.4,566.7,597.7,627.4,657.3,689.8,724.5,758.7,791.4,802.0,789.1,754.8,715.9,678.2,641.4,610.3,580.8,552.4,515.2,502.0,497.8,504.2,517.0,519.5,508.7,505.8,511.3,525.2,556.8,580.6,604.1,628.7,648.8,654.0,658.1,654.5,650.0,552.9,545.0,546.8,558.0,561.1,559.5,559.9,551.8,552.7,560.8,566.2,565.6,704.2,690.0,685.2,690.2,686.1,692.2,706.2,738.8,753.9,756.0,753.8,738.9,704.2,703.9,705.4,705.0,706.8,728.2,729.8,727.5,0.00,0.00,0.00,0.00,0.00,0.00,0.00,0.00,0.00,0.00,0.00,0.00,0.00,0.00,0.00,0.00,0.00,0.00,0.00,0.00,0.00,0.00,0.00,0.00,0.00,0.00,0.00,0.00,0.00,0.00,0.00,0.00,0.00,0.00,0.00
257,0,8.533,0.03,0,0.000000,0.000000,0.000000,0.000000,0.000000,0.000000,0.000,0.000,709.7,714.0,723.6,732.9,736.3,732.6,722.4,713.2,696.7,702.7,710.7,720.2,729.9,737.3,742.3,735.8,727.4,718.3,709.5,702.1,718.4,722.7,727.2,729.2,727.6,723.3,718.8,716.7,837.5,841.9,851.9,861.7,865.6,861.2,851.2,840.7,829.3,835.0,843.0,853.1,862.8,870.5,875.7,869.6,861.7,852.7,843.3,835.1,846.8,851.3,855.9,858.0,856.2,851.7,847.1,845.0,551.2,541.8,538.2,542.6,552.4,562.5,565.4,561.0,551.7,547.5,545.2,544.5,546.7,550.9,557.2,559.6,560.2,560.0,558.5,555.7,556.2,558.2,556.6,552.1,547.6,545.5,547.2,551.6,557.6,547.5,543.6,548.0,558.3,568.3,572.3,568.5,561.2,554.1,550.3,549.9,552.6,556.6,562.7,565.8,567.6,568.0,566.7,564.5,562.6,564.7,562.9,558.2,553.5,551.4,553.3,557.9,32.2,34.2,38.6,42.9,44.5,42.8,38.0,33.8,26.4,29.0,32.6,36.8,41.4,44.9,47.4,44.2,40.2,36.0,32.1,28.8,36.2,38.2,40.3,41.3,40.5,38.5,36.5,35.5,88.7,90.7,95.3,99.7,101.3,99.3,94.8,90.1,85.3,87.5,90.9,95.3,99.8,103.8,106.6,103.4,99.3,95.0,90.9,87.6,93.0,95.1,97.2,98.1,97.3,95.3,93.2,92.3,88.3,83.9,82.3,84.3,88.8,93.6,94.8,92.8,89.4,86.9,85.3,84.8,85.8,88.1,91.3,92.1,92.1,92.0,91.5,90.8,90.7,91.7,90.9,88.9,86.8,85.8,86.6,88.6,88.7,84.2,82.5,84.5,89.1,93.5,95.3,93.6,90.6,87.2,85.2,84.9,86.3,88.5,91.6,92.7,93.0,92.9,92.4,91.8,91.2,92.1,91.3,89.2,87.1,86.2,87.0,89.1,403.9,403.9,404.0,404.1,404.1,404.3,403.9,403.9,408.2,405.6,403.1,402.0,402.4,403.6,405.3,403.9,402.6,402.4,403.6,405.8,404.8,404.8,404.9,404.9,404.9,404.9,404.8,404.8,392.9,393.1,393.3,393.3,393.1,392.9,392.7,393.0,394.2,392.8,391.8,391.2,391.9,393.8,395.7,393.9,391.9,390.7,391.3,392.9,393.7,393.7,393.8,393.9,394.0,394.0,393.9,393.8,69.8,134.4,426.8,0.032,0.116,-0.010,637.5,635.9,636.1,639.1,647.0,664.6,692.7,732.1,778.9,825.9,863.7,894.3,911.9,919.4,923.4,925.7,924.6,668.7,685.6,710.3,737.8,762.1,812.2,837.4,862.3,884.6,897.9,789.0,788.7,788.9,788.9,756.4,771.6,786.3,801.0,814.2,694.3,710.2,729.4,744.8,728.4,710.0,826.9,843.7,862.4,875.8,862.1,844.1,721.4,743.2,769.6,785.3,801.2,825.6,841.7,825.4,801.8,784.2,766.3,740.5,731.4,769.1,785.0,801.1,832.7,800.9,784.1,767.7,567.3,598.5,628.5,658.6,691.2,725.7,759.7,791.9,802.3,789.2,754.8,716.2,678.5,641.7,610.5,580.9,552.4,514.9,501.5,497.3,503.9,516.9,519.5,508.7,505.8,511.5,525.7,556.7,580.6,604.1,628.8,648.5,653.8,658.0,654.5,650.0,552.5,544.7,546.6,557.9,560.9,559.2,560.0,551.8,552.7,560.9,566.4,565.7,703.3,689.3,684.7,689.7,685.8,691.8,705.8,738.6,753.5,755.5,753.2,738.2,703.4,702.9,704.4,704.0,706.3,728.5,730.1,727.8,0.00,0.00,0.00,0.00,0.00,0.00,0.00,0.00,0.00,0.00,0.00,0.00,0.00,0.00,0.00,0.00,0.00,0.00,0.00,0.00,0.00,0.00,0.00,0.00,0.00,0.00,0.00,0.00,0.00,0.00,0.00,0.00,0.00,0.00,0.00
258,0,8.567,0.03,0,0.000000,0.000000,0.000000,0.000000,0.000000,0.000000,0.000,0.000,710.0,714.4,724.2,733.5,737.0,733.2,722.8,713.4,697.0,702.8,710.8,720.4,730.3,737.9,743.0,736.4,727.8,718.5,709.7,702.3,718.9,723.2,727.7,729.8,728.2,723.9,719.3,717.3,837.1,841.5,851.7,861.6,865.4,861.0,850.8,840.3,829.5,834.9,842.7,852.8,862.7,870.8,876.5,870.0,861.6,852.3,842.9,835.1,846.7,851.2,855.9,857.9,856.2,851.6,847.0,845.0,551.2,541.6,538.0,542.5,552.5,562.8,565.7,561.1,551.5,547.2,545.0,544.2,546.4,550.8,557.2,559.5,560.1,559.9,558.2,555.5,556.2,558.3,556.6,552.2,547.5,545.4,547.1,551.5,558.0,547.9,543.8,548.1,558.4,568.6,572.7,569.1,561.4,554.3,550.4,549.8,552.6,556.8,563.2,566.1,567.6,567.9,566.7,564.7,563.1,565.1,563.3,558.6,553.9,551.9,553.8,558.4,31.9,33.9,38.3,42.6,44.1,42.5,37.7,33.4,26.2,28.7,32.2,36.4,40.9,44.5,47.0,43.9,39.8,35.6,31.7,28.5,36.0,37.9,40.0,41.0,40.2,38.2,36.2,35.2,87.7,89.7,94.2,98.4,99.9,97.8,93.4,89.0,84.6,86.7,89.9,94.1,98.5,102.5,105.3,102.1,97.9,93.6,89.7,86.7,92.0,93.9,95.9,96.9,96.2,94.3,92.2,91.3,87.0,82.6,81.0,83.0,87.6,92.4,93.6,91.6,88.1,85.6,84.0,83.4,84.4,86.7,90.0,90.7,90.7,90.6,90.2,89.4,89.5,90.4,89.7,87.6,85.5,84.6,85.3,87.4,88.1,83.6,81.7,83.5,87.9,92.4,94.2,92.9,89.9,86.4,84.4,83.9,85.2,87.4,90.5,91.5,91.7,91.7,91.4,91.0,90.4,91.2,90.3,88.3,86.3,85.5,86.3,88.4,398.3,398.2,398.1,398.1,398.2,398.6,398.4,398.4,402.8,400.1,397.4,396.1,396.4,397.6,399.3,398.0,396.8,396.7,398.1,400.4,399.2,399.2,399.1,399.1,399.0,399.0,399.1,399.1,389.1,389.5,389.2,388.6,387.8,387.5,387.7,388.7,390.7,389.3,388.0,386.9,387.0,388.4,389.7,388.2,386.6,385.8,386.8,388.9,389.3,389.0,388.9,389.0,389.4,389.7,389.8,389.6,69.9,134.3,426.4,0.024,0.117,-0.012,637.6,635.9,636.2,639.6,648.0,666.0,694.0,733.0,779.7,826.6,864.4,894.9,912.4,919.8,923.6,925.7,924.4,668.9,685.9,710.5,737.9,762.1,812.0,837.2,862.3,884.6,898.0,788.9,788.7,789.0,789.1,756.6,771.9,786.6,801.4,814.8,694.3,710.2,729.5,745.1,728.6,710.0,826.8,843.7,862.6,876.1,862.2,844.1,721.2,743.2,769.7,785.9,802.2,827.1,843.6,827.2,803.2,785.2,766.8,740.8,731.3,769.3,785.6,802.2,834.4,802.1,784.9,768.1,567.8,599.1,629.2,659.5,692.1,726.4,760.3,792.3,802.6,789.6,755.2,716.4,678.6,641.7,610.5,580.9,552.4,514.7,501.5,497.2,503.8,516.9,519.7,508.6,505.7,511.6,526.0,556.4,580.3,603.7,628.4,648.8,653.9,658.1,654.6,650.2,552.4,544.5,546.4,557.8,560.8,559.1,560.0,551.8,552.8,561.0,566.4,565.7,703.7,689.7,685.0,690.1,686.1,692.2,706.1,738.9,754.0,756.0,753.6,738.4,703.8,703.7,705.2,704.8,706.6,728.2,729.8,727.4,0.00,0.00,0.00,0.00,0.00,0.00,0.00,0.00,0.00,0.00,0.00,0.00,0.00,0.00,0.00,0.00,0.00,0.00,0.00,0.00,0.00,0.00,0.00,0.00,0.00,0.00,0.00,0.00,0.00,0.00,0.00,0.00,0.00,0.00,0.00
259,0,8.600,0.03,0,0.000000,0.000000,0.000000,0.000000,0.000000,0.000000,0.000,0.000,709.7,714.0,723.7,732.9,736.4,732.6,722.4,713.2,696.6,702.6,710.6,720.1,729.9,737.2,742.2,735.8,727.4,718.2,709.5,702.0,718.4,722.7,727.2,729.2,727.6,723.3,718.8,716.8,837.3,841.8,852.1,862.0,865.8,861.2,851.0,840.3,828.7,834.8,843.1,853.5,863.2,870.7,875.6,869.7,861.9,852.8,843.3,834.8,846.4,851.1,855.9,858.0,856.3,851.6,846.8,844.7,550.8,541.3,537.7,542.1,551.9,562.0,564.9,560.5,551.3,547.1,544.8,544.1,546.2,550.6,556.9,559.3,559.9,559.7,558.1,555.3,555.7,557.7,556.0,551.7,547.1,545.1,546.7,551.1,557.4,547.2,543.3,547.9,558.4,568.6,572.5,568.6,561.1,554.1,550.4,550.0,552.7,556.7,562.6,565.8,567.6,568.1,566.7,564.5,562.7,564.8,563.0,558.2,553.3,551.1,553.0,557.7,32.1,34.1,38.6,42.8,44.4,42.7,38.0,33.7,26.3,28.9,32.5,36.7,41.2,44.8,47.3,44.1,40.2,35.9,32.0,28.7,36.2,38.2,40.2,41.2,40.4,38.5,36.4,35.5,87.0,89.1,93.7,98.2,99.9,97.8,93.2,88.5,83.6,85.9,89.4,93.9,98.4,102.3,105.0,101.9,97.9,93.6,89.4,86.0,91.4,93.5,95.6,96.6,95.8,93.7,91.5,90.6,87.9,83.5,81.9,83.9,88.4,93.2,94.4,92.4,89.0,86.5,84.9,84.4,85.5,87.8,91.0,91.8,91.8,91.6,91.2,90.4,90.3,91.3,90.5,88.5,86.4,85.5,86.2,88.2,87.1,82.7,81.0,83.1,87.8,92.2,93.9,92.1,89.0,85.6,83.8,83.6,85.0,87.2,90.3,91.3,91.6,91.5,90.9,90.2,89.7,90.7,89.9,87.8,85.6,84.6,85.4,87.5,403.0,403.1,403.2,403.3,403.3,403.5,403.1,403.0,407.3,404.7,402.2,401.1,401.6,402.8,404.5,403.2,401.8,401.6,402.8,405.0,403.9,404.0,404.0,404.1,404.1,404.0,404.0,403.9,386.1,386.3,386.6,386.9,387.1,386.9,386.6,386.5,387.4,386.0,385.2,384.8,385.8,388.0,390.0,388.2,386.0,384.6,384.9,386.2,387.3,387.4,387.6,387.7,387.6,387.5,387.3,387.2,69.9,134.2,426.1,0.023,0.116,-0.012,637.8,635.9,636.0,639.3,648.0,666.2,694.3,733.5,780.3,827.1,864.7,895.1,912.6,920.0,923.7,925.6,924.0,669.1,686.1,710.6,737.9,761.9,812.1,837.4,862.6,884.9,898.0,788.9,788.8,789.1,789.3,756.6,772.0,786.8,801.6,815.0,694.2,710.1,729.3,745.0,728.5,709.9,826.7,843.7,862.5,876.0,862.2,844.1,720.5,742.9,769.6,786.1,802.9,828.0,844.5,828.1,803.9,785.4,766.7,740.5,730.7,769.1,785.8,802.9,835.4,802.8,785.1,768.0,568.1,599.2,629.1,659.4,692.0,726.5,760.7,793.1,803.4,790.2,755.5,716.4,678.5,641.5,610.1,580.5,552.0,514.3,501.3,497.1,503.7,516.7,519.7,508.6,505.8,511.9,526.5,556.4,580.2,603.5,628.0,648.7,653.8,658.0,654.4,650.1,552.3,544.3,546.1,557.6,560.6,559.0,560.0,551.8,552.8,561.0,566.4,565.7,703.3,689.6,685.0,690.1,686.0,691.9,705.6,738.7,753.9,756.0,753.5,738.1,703.6,703.7,705.3,704.8,706.2,728.2,729.9,727.4,0.00,0.00,0.00,0.00,0.00,0.00,0.00,0.00,0.00,0.00,0.00,0.00,0.00,0.00,0.00,0.00,0.00,0.00,0.00,0.00,0.00,0.00,0.00,0.00,0.00,0.00,0.00,0.00,0.00,0.00,0.00,0.00,0.00,0.00,0.00
260,0,8.633,0.03,0,0.000000,0.000000,0.000000,0.000000,0.000000,0.000000,0.000,0.000,710.4,714.7,724.3,733.7,737.2,733.5,723.2,713.9,697.0,702.8,710.8,720.5,730.4,738.0,743.4,736.8,728.1,718.7,709.9,702.4,719.2,723.5,728.0,730.0,728.4,724.1,719.6,717.6,837.1,841.5,851.7,861.7,865.7,861.3,851.0,840.3,829.0,835.0,843.3,853.6,863.2,870.6,875.5,869.7,862.1,853.2,843.6,835.1,846.4,851.1,855.8,857.8,856.0,851.4,846.7,844.6,551.0,541.5,537.8,542.2,552.0,562.3,565.3,560.9,551.3,547.1,544.8,544.0,546.1,550.4,556.5,559.1,559.9,559.7,558.2,555.5,555.9,557.9,556.2,551.8,547.2,545.2,546.9,551.3,558.1,547.9,543.8,548.3,558.8,569.1,573.1,569.3,561.7,554.3,550.4,549.9,552.6,556.7,563.0,566.1,568.0,568.4,567.1,565.0,563.3,565.4,563.5,558.8,553.9,551.8,553.7,558.4,32.0,33.9,38.3,42.6,44.2,42.5,37.8,33.6,26.2,28.7,32.1,36.4,40.9,44.5,47.1,44.0,39.9,35.6,31.7,28.5,36.1,38.1,40.1,41.0,40.2,38.3,36.3,35.3,87.1,89.1,93.7,98.2,100.0,97.9,93.3,88.5,83.7,86.1,89.6,94.1,98.6,102.4,105.1,102.1,98.1,93.8,89.6,86.2,91.5,93.6,95.7,96.6,95.8,93.8,91.6,90.7,86.8,82.5,80.8,82.8,87.3,92.0,93.3,91.3,88.0,85.4,83.8,83.2,84.2,86.4,89.6,90.4,90.5,90.4,90.1,89.3,89.2,90.1,89.4,87.3,85.3,84.3,85.1,87.1,87.5,83.1,81.4,83.4,88.1,92.6,94.2,92.5,89.4,85.8,83.9,83.6,85.1,87.4,90.6,91.6,91.8,91.7,91.2,90.5,90.1,91.0,90.3,88.2,86.1,85.1,85.9,87.9,397.7,397.5,397.5,397.5,397.6,398.0,397.8,397.8,402.4,399.6,396.9,395.5,395.9,397.1,398.8,397.5,396.3,396.2,397.5,399.9,398.6,398.6,398.5,398.5,398.4,398.4,398.5,398.5,386.6,386.9,387.4,387.7,387.7,387.3,386.9,386.8,387.7,386.5,385.7,385.5,386.4,388.6,390.5,388.7,386.4,385.0,385.2,386.5,387.7,387.9,388.1,388.2,388.3,388.1,387.9,387.8,69.9,134.1,426.1,0.023,0.116,-0.011,637.7,636.0,636.2,639.5,648.0,666.2,694.5,733.7,780.5,827.3,864.9,895.0,912.4,919.8,923.6,925.6,924.1,669.0,686.0,710.6,737.8,761.9,813.0,838.3,863.3,885.4,898.2,789.2,789.1,789.3,789.5,756.7,772.1,786.8,801.6,814.9,694.4,710.3,729.6,745.1,728.6,710.1,826.9,843.9,862.7,876.1,862.4,844.3,720.9,742.8,769.2,785.9,803.1,827.8,843.8,827.8,803.9,785.0,766.2,740.2,730.9,768.7,785.6,803.0,834.7,802.9,784.8,767.5,567.4,598.8,629.0,659.5,692.2,726.8,761.1,793.4,803.5,790.2,755.4,716.6,678.7,641.6,610.2,580.4,551.7,514.5,501.3,497.1,503.5,516.3,519.2,508.5,506.0,512.3,526.7,556.4,580.2,603.7,628.2,648.5,653.7,657.9,654.5,650.2,552.4,544.3,546.1,557.6,560.6,559.0,560.2,551.8,552.8,561.2,566.5,565.8,703.3,689.3,684.6,689.8,685.7,691.7,705.8,738.4,753.6,755.7,753.2,737.9,703.5,703.0,704.6,704.1,706.3,728.5,730.2,727.7,0.00,0.00,0.00,0.00,0.00,0.00,0.00,0.00,0.00,0.00,0.00,0.00,0.00,0.00,0.00,0.00,0.00,0.00,0.00,0.00,0.00,0.00,0.00,0.00,0.00,0.00,0.00,0.00,0.00,0.00,0.00,0.00,0.00,0.00,0.00
261,0,8.667,0.03,0,0.000000,0.000000,0.000000,0.000000,0.000000,0.000000,0.000,0.000,710.3,714.5,724.0,733.2,736.6,733.0,722.9,713.8,697.0,702.9,710.9,720.5,730.2,737.6,742.7,736.2,727.8,718.6,709.9,702.4,718.9,723.2,727.6,729.6,728.0,723.7,719.2,717.2,837.5,842.0,852.2,862.1,865.9,861.3,851.1,840.4,828.9,835.2,843.7,854.2,863.6,870.6,875.0,869.5,862.3,853.6,844.0,835.3,846.4,851.1,855.9,858.0,856.2,851.6,846.8,844.6,551.0,541.6,538.0,542.3,551.9,562.0,564.9,560.6,551.6,547.4,545.0,544.2,546.4,550.6,556.7,559.3,560.0,559.9,558.4,555.7,555.8,557.8,556.2,551.8,547.2,545.2,546.9,551.3,557.7,547.4,543.4,548.1,558.7,569.0,573.0,569.0,561.6,554.3,550.3,549.9,552.5,556.5,562.6,566.0,568.0,568.7,567.3,565.0,563.0,565.2,563.3,558.5,553.5,551.3,553.2,558.0,32.4,34.4,38.8,43.0,44.6,43.0,38.3,34.1,26.6,29.2,32.7,37.0,41.5,45.0,47.6,44.4,40.4,36.2,32.3,29.0,36.5,38.5,40.5,41.5,40.7,38.7,36.7,35.7,86.2,88.3,93.0,97.5,99.2,97.2,92.5,87.7,82.7,85.2,88.8,93.4,97.9,101.6,104.2,101.2,97.3,93.1,88.9,85.3,90.5,92.7,94.9,95.8,95.0,92.9,90.7,89.7,88.2,83.8,82.2,84.2,88.7,93.4,94.6,92.6,89.4,86.9,85.2,84.6,85.7,88.0,91.2,92.0,92.1,91.9,91.5,90.8,90.6,91.5,90.8,88.7,86.6,85.7,86.5,88.5,86.3,81.9,80.3,82.6,87.3,91.7,93.3,91.4,88.2,84.8,83.0,82.8,84.3,86.6,89.8,90.8,91.1,91.0,90.3,89.5,89.0,90.1,89.4,87.3,85.0,84.0,84.7,86.8,403.9,404.0,404.1,404.1,404.2,404.4,404.0,404.0,408.5,405.8,403.2,402.0,402.5,403.7,405.4,404.0,402.7,402.5,403.7,406.0,404.9,404.9,404.9,404.9,404.9,404.9,404.9,404.9,382.1,382.4,383.3,384.1,384.4,384.1,383.3,382.7,382.9,381.8,381.4,381.5,382.9,385.5,387.8,385.7,383.2,381.4,381.2,382.1,383.7,384.1,384.5,384.7,384.5,384.1,383.8,383.6,70.1,134.3,426.5,0.024,0.116,-0.012,638.0,636.2,636.4,639.6,648.2,666.5,694.8,734.2,781.1,827.7,865.1,895.2,912.6,919.8,923.6,925.6,924.2,669.2,686.0,710.6,737.9,762.0,812.8,838.1,863.3,885.4,898.3,789.1,789.0,789.2,789.4,756.8,772.2,786.9,801.7,815.0,694.6,710.4,729.8,745.3,728.8,710.3,827.0,843.9,862.8,876.2,862.5,844.4,721.1,743.2,769.6,786.2,803.1,828.1,844.2,828.2,804.2,785.5,766.8,740.7,731.2,769.2,785.9,803.1,835.1,803.0,785.2,768.0,567.7,598.9,628.9,659.3,692.0,726.6,761.0,793.3,803.4,790.0,755.4,716.6,678.7,641.7,610.3,580.5,551.8,514.7,501.3,497.1,503.5,516.4,519.3,508.5,505.9,512.3,526.9,556.5,580.2,603.5,627.9,648.5,653.6,657.8,654.3,650.0,552.5,544.3,546.1,557.7,560.8,559.2,560.3,551.8,552.8,561.2,566.7,566.0,703.4,689.5,684.8,689.9,685.9,691.7,705.7,738.7,754.0,756.1,753.7,738.3,703.5,703.2,704.8,704.2,706.2,728.8,730.6,728.1,0.00,0.00,0.00,0.00,0.00,0.00,0.00,0.00,0.00,0.00,0.00,0.00,0.00,0.00,0.00,0.00,0.00,0.00,0.00,0.00,0.00,0.00,0.00,0.00,0.00,0.00,0.00,0.00,0.00,0.00,0.00,0.00,0.00,0.00,0.00
262,0,8.700,0.03,0,0.000000,0.000000,0.000000,0.000000,0.000000,0.000000,0.000,0.000,710.7,714.9,724.2,733.2,736.5,732.8,722.9,714.0,697.4,703.2,711.2,720.7,730.3,737.4,742.2,736.0,727.7,718.6,710.1,702.7,719.1,723.2,727.5,729.4,727.9,723.8,719.5,717.5,837.7,842.0,852.1,861.9,865.8,861.5,851.4,840.8,829.4,835.3,843.5,853.9,863.3,870.4,875.1,869.5,862.2,853.7,844.2,835.6,846.8,851.3,855.9,857.9,856.1,851.6,847.0,845.0,551.0,541.8,538.4,542.6,552.1,562.0,564.8,560.5,551.7,547.3,545.0,544.1,546.1,550.3,556.3,559.2,560.1,560.1,558.6,555.8,555.7,557.7,556.1,551.9,547.5,545.5,547.1,551.3,558.2,548.0,544.0,548.4,558.8,569.0,573.1,569.3,561.6,554.2,550.3,549.8,552.5,556.5,562.7,566.0,568.1,568.8,567.4,565.1,563.2,565.3,563.4,558.7,553.9,551.9,553.8,558.4,33.2,35.2,39.6,43.8,45.4,43.7,39.0,34.8,27.3,29.9,33.4,37.8,42.3,45.8,48.2,45.2,41.1,36.8,32.9,29.6,37.3,39.2,41.3,42.2,41.5,39.5,37.5,36.5,88.0,90.0,94.7,99.2,101.0,99.0,94.4,89.5,84.5,86.9,90.4,95.0,99.5,103.3,106.0,103.0,99.1,94.9,90.7,87.1,92.4,94.5,96.7,97.6,96.8,94.7,92.5,91.6,89.8,85.5,83.9,85.9,90.5,95.2,96.4,94.3,91.1,88.4,86.8,86.2,87.2,89.5,92.7,93.7,93.9,93.8,93.3,92.5,92.2,93.2,92.5,90.5,88.4,87.4,88.2,90.2,88.3,83.8,82.1,84.2,89.0,93.5,95.1,93.3,90.0,86.4,84.6,84.3,85.8,88.1,91.4,92.4,92.8,92.7,92.1,91.3,90.8,91.8,91.1,89.0,86.8,85.9,86.6,88.7,411.4,411.4,411.5,411.8,411.9,412.2,411.7,411.5,415.7,413.1,410.6,409.5,410.1,411.5,413.2,411.8,410.4,410.1,411.3,413.4,412.4,412.5,412.6,412.6,412.6,412.5,412.4,412.4,389.7,390.0,390.6,391.2,391.5,391.2,390.6,390.2,390.5,389.4,388.8,388.7,389.9,392.3,394.4,392.5,390.2,388.5,388.5,389.6,391.1,391.4,391.7,391.9,391.8,391.5,391.2,391.0,70.2,134.5,427.1,0.024,0.116,-0.013,638.0,636.3,636.5,639.8,648.4,666.7,695.0,734.4,781.2,827.9,865.3,895.3,912.7,920.0,923.7,925.6,924.2,669.4,686.0,710.6,738.0,762.2,812.8,838.2,863.4,885.6,898.4,789.2,789.0,789.3,789.5,757.0,772.3,787.0,801.7,815.0,694.8,710.6,729.8,745.3,728.9,710.4,827.2,844.1,862.9,876.2,862.6,844.5,721.4,743.4,769.8,786.3,803.2,828.1,844.3,828.2,804.2,785.7,767.0,741.0,731.5,769.3,786.0,803.1,835.2,803.1,785.4,768.2,568.1,599.3,629.2,659.5,692.1,726.7,761.1,793.5,803.6,790.1,755.4,716.6,678.7,641.7,610.3,580.6,551.9,515.1,501.6,497.2,503.6,516.4,519.4,508.5,506.0,512.6,527.3,556.6,580.2,603.4,627.8,648.5,653.6,657.7,654.3,649.9,552.7,544.4,546.2,557.7,560.9,559.2,560.3,551.8,552.9,561.3,566.7,566.0,703.5,689.5,684.8,689.9,685.9,691.7,705.7,738.7,754.0,756.1,753.7,738.3,703.5,703.2,704.7,704.2,706.2,729.0,730.7,728.2,0.00,0.00,0.00,0.00,0.00,0.00,0.00,0.00,0.00,0.00,0.00,0.00,0.00,0.00,0.00,0.00,0.00,0.00,0.00,0.00,0.00,0.00,0.00,0.00,0.00,0.00,0.00,0.00,0.00,0.00,0.00,0.00,0.00,0.00,0.00
263,0,8.733,0.03,0,0.000000,0.000000,0.000000,0.000000,0.000000,0.000000,0.000,0.000,710.7,714.9,724.2,733.2,736.6,733.0,723.1,714.0,697.5,703.4,711.3,720.7,730.3,737.6,742.6,736.4,728.1,719.0,710.4,702.9,719.2,723.3,727.6,729.6,728.0,723.9,719.6,717.6,838.2,842.7,852.7,862.4,866.0,861.5,851.5,840.9,829.0,835.8,844.5,854.9,863.9,870.6,874.8,869.5,862.5,853.9,844.3,835.4,846.9,851.3,855.9,858.0,856.3,851.9,847.3,845.2,550.9,541.6,538.1,542.4,552.0,561.9,564.7,560.4,551.7,547.5,545.1,544.2,546.3,550.5,556.6,559.3,560.1,560.1,558.7,555.9,555.6,557.6,556.0,551.7,547.3,545.3,546.9,551.2,558.0,547.8,543.8,548.4,558.9,569.2,573.2,569.2,560.9,554.1,550.5,550.2,552.8,556.7,562.5,565.9,567.9,568.5,566.9,564.5,563.1,565.3,563.4,558.7,553.9,551.7,553.5,558.3,33.0,35.0,39.4,43.6,45.2,43.5,38.8,34.6,27.2,29.7,33.3,37.6,42.1,45.6,48.2,45.1,41.1,36.8,32.9,29.6,37.1,39.0,41.1,42.0,41.2,39.3,37.3,36.4,86.7,88.8,93.4,98.0,99.7,97.7,93.0,88.1,82.9,85.6,89.4,94.0,98.4,102.1,104.6,101.6,97.8,93.6,89.3,85.5,91.0,93.1,95.2,96.2,95.4,93.3,91.2,90.2,89.2,84.9,83.3,85.3,89.8,94.5,95.7,93.7,90.6,88.0,86.3,85.7,86.7,89.0,92.2,93.2,93.3,93.2,92.8,92.0,91.6,92.6,91.8,89.8,87.8,86.8,87.6,89.6,86.7,82.3,80.7,83.0,87.8,92.2,93.7,91.8,88.1,84.9,83.2,83.2,84.7,87.1,90.2,91.2,91.4,91.2,90.4,89.5,89.4,90.4,89.7,87.7,85.5,84.4,85.1,87.2,409.0,408.9,409.0,409.2,409.3,409.6,409.2,409.1,413.4,410.7,408.2,407.0,407.5,408.8,410.6,409.2,407.9,407.6,408.8,411.0,409.9,410.0,410.0,410.0,410.0,409.9,409.9,409.9,383.0,383.3,384.4,385.5,386.1,385.7,384.7,383.8,383.7,382.7,382.3,382.7,384.5,387.3,389.8,387.5,384.8,382.7,382.3,383.0,384.9,385.4,385.9,386.1,385.8,385.3,384.8,384.7,70.3,134.6,427.4,0.026,0.115,-0.012,638.1,636.6,636.8,640.0,648.6,666.9,695.2,734.5,781.3,828.0,865.4,895.3,912.6,919.9,923.6,925.6,924.2,669.7,686.5,711.1,738.4,762.6,813.0,838.4,863.5,885.6,898.4,789.6,789.4,789.6,789.8,757.0,772.4,787.2,802.0,815.3,695.0,710.8,730.0,745.4,729.0,710.7,827.5,844.3,863.0,876.3,862.6,844.7,721.2,743.1,769.5,786.3,803.4,828.3,844.3,828.3,804.2,785.4,766.5,740.5,731.1,769.0,785.9,803.3,835.3,803.2,785.2,767.8,568.7,599.8,629.5,659.7,692.2,726.7,761.1,793.4,803.4,790.0,755.2,716.5,678.7,641.8,610.5,580.8,552.1,515.3,501.9,497.5,503.8,516.5,519.3,508.5,506.1,512.7,527.3,556.6,580.4,603.8,628.4,648.4,653.6,657.9,654.5,650.1,552.7,544.5,546.3,557.7,560.7,559.1,560.1,551.8,552.9,561.3,566.5,565.7,703.1,689.1,684.6,689.7,685.7,691.5,705.5,738.5,753.9,756.1,753.5,738.0,703.2,702.7,704.3,703.8,706.0,729.1,730.9,728.3,0.00,0.00,0.00,0.00,0.00,0.00,0.00,0.00,0.00,0.00,0.00,0.00,0.00,0.00,0.00,0.00,0.00,0.00,0.00,0.00,0.00,0.00,0.00,0.00,0.00,0.00,0.00,0.00,0.00,0.00,0.00,0.00,0.00,0.00,0.00
264,0,8.767,0.03,0,0.000000,0.000000,0.000000,0.000000,0.000000,0.000000,0.000,0.000,711.3,715.5,724.8,733.7,737.0,733.3,723.4,714.6,697.4,703.6,711.8,721.3,730.8,737.9,742.7,736.6,728.4,719.3,710.6,703.0,719.6,723.7,727.9,729.8,728.3,724.3,720.1,718.1,838.4,842.6,852.5,862.3,866.2,861.9,852.0,841.5,829.8,836.1,844.6,854.8,864.0,870.9,875.4,870.1,862.9,854.4,844.9,836.1,847.5,851.8,856.2,858.0,856.3,852.0,847.6,845.8,550.9,541.7,538.3,542.7,552.2,562.0,564.7,560.4,551.8,547.4,545.0,544.1,546.1,550.2,556.1,559.1,560.1,560.1,558.7,556.0,555.6,557.6,556.1,551.9,547.6,545.6,547.1,551.3,558.6,548.5,544.4,548.8,559.2,569.3,573.4,569.6,561.9,554.5,550.4,549.8,552.4,556.5,562.7,566.4,568.4,569.0,567.7,565.5,563.4,565.4,563.6,559.1,554.6,552.6,554.4,558.9,33.4,35.4,39.8,44.0,45.6,43.9,39.2,35.0,27.2,29.9,33.6,38.0,42.5,46.0,48.5,45.4,41.4,37.1,33.1,29.7,37.4,39.4,41.4,42.3,41.6,39.7,37.7,36.7,88.1,90.1,94.7,99.2,101.0,99.0,94.4,89.6,84.5,87.0,90.7,95.3,99.7,103.5,106.1,103.1,99.3,95.0,90.7,87.0,92.5,94.5,96.6,97.5,96.7,94.7,92.6,91.7,89.5,85.3,83.8,85.9,90.4,95.0,96.1,94.0,90.9,88.2,86.6,86.0,87.1,89.3,92.5,93.5,93.6,93.6,93.1,92.3,92.0,93.0,92.3,90.4,88.3,87.3,88.0,90.0,88.2,83.8,82.2,84.3,89.0,93.4,95.0,93.2,89.8,86.3,84.4,84.2,85.6,88.0,91.4,92.5,92.8,92.6,92.0,91.2,90.7,91.7,90.9,89.0,86.9,86.0,86.7,88.6,410.3,410.6,411.0,411.3,411.4,411.4,410.7,410.4,414.5,411.9,409.7,408.7,409.4,410.9,412.7,411.1,409.5,409.1,410.1,412.2,411.5,411.6,411.8,411.9,411.9,411.7,411.6,411.4,388.5,389.0,389.9,390.7,390.9,390.4,389.5,389.0,389.3,388.3,387.9,388.1,389.5,392.1,394.4,392.2,389.6,387.7,387.5,388.5,390.1,390.5,390.9,391.1,391.0,390.7,390.3,390.0,70.4,134.5,427.0,0.029,0.113,-0.012,638.3,636.6,636.8,640.0,648.6,667.0,695.2,734.5,781.2,827.8,865.2,895.2,912.8,920.1,923.9,925.9,924.4,669.9,686.8,711.3,738.5,762.6,813.6,838.9,863.9,885.9,898.8,789.9,789.7,790.1,790.3,757.5,772.8,787.6,802.4,815.7,695.1,711.0,730.2,745.8,729.3,710.8,827.8,844.7,863.5,876.9,863.2,845.1,720.9,743.2,769.8,786.8,804.2,829.4,845.4,829.3,805.0,785.9,766.7,740.5,731.0,769.3,786.4,804.1,836.4,803.9,785.6,768.0,567.9,599.0,628.8,659.0,691.7,726.4,761.0,793.4,803.4,790.0,755.2,716.4,678.6,641.7,610.4,580.7,552.1,515.1,502.1,497.8,504.0,516.6,519.5,508.8,506.5,513.1,527.5,556.6,580.3,603.7,628.1,648.6,653.7,657.9,654.5,650.2,552.7,544.5,546.2,557.6,560.7,559.1,560.2,551.9,553.0,561.4,566.7,565.9,703.1,689.4,684.8,690.0,686.0,691.7,705.6,738.6,754.1,756.3,753.8,738.1,703.3,703.3,704.9,704.3,706.1,729.0,730.7,728.1,0.00,0.00,0.00,0.00,0.00,0.00,0.00,0.00,0.00,0.00,0.00,0.00,0.00,0.00,0.00,0.00,0.00,0.00,0.00,0.00,0.00,0.00,0.00,0.00,0.00,0.00,0.00,0.00,0.00,0.00,0.00,0.00,0.00,0.00,0.00
265,0,8.800,0.03,0,0.000000,0.000000,0.000000,0.000000,0.000000,0.000000,0.000,0.000,711.5,715.7,725.1,734.2,737.6,734.0,724.1,715.0,697.4,703.7,711.9,721.5,731.0,738.3,743.4,737.3,729.1,720.0,711.1,703.3,720.1,724.2,728.5,730.4,728.8,724.7,720.4,718.5,838.5,843.1,853.3,863.2,866.9,862.2,852.0,841.3,829.5,836.2,845.0,855.4,864.7,871.8,876.2,870.6,863.1,854.2,844.6,835.8,847.5,852.0,856.7,858.8,857.1,852.6,848.0,845.9,551.0,541.6,538.0,542.2,551.8,561.8,564.8,560.6,551.5,547.4,545.1,544.3,546.1,550.0,555.7,558.8,560.0,560.2,558.7,555.9,555.6,557.5,555.8,551.6,547.2,545.3,546.9,551.2,558.1,547.9,543.9,548.5,559.1,569.3,573.3,569.3,560.7,553.9,550.4,550.2,553.0,556.9,562.9,566.4,568.4,568.8,567.2,564.5,563.1,565.2,563.4,558.8,554.0,551.8,553.6,558.3,33.2,35.1,39.5,43.8,45.4,43.8,39.1,34.8,26.9,29.6,33.3,37.6,42.1,45.7,48.2,45.2,41.3,37.0,33.0,29.5,37.3,39.2,41.2,42.1,41.3,39.4,37.4,36.5,86.6,88.7,93.3,97.9,99.6,97.6,92.9,88.1,83.0,85.6,89.3,93.8,98.3,102.1,104.7,101.6,97.7,93.4,89.2,85.5,91.0,93.1,95.2,96.1,95.3,93.3,91.1,90.2,88.6,84.3,82.6,84.7,89.2,93.9,95.2,93.1,89.7,87.3,85.7,85.1,86.1,88.2,91.4,92.5,92.6,92.6,92.2,91.3,91.0,91.9,91.2,89.2,87.2,86.2,87.0,88.9,86.5,82.0,80.4,82.7,87.4,91.9,93.4,91.6,87.9,84.6,82.9,82.9,84.4,86.7,89.9,91.0,91.3,91.1,90.3,89.4,89.1,90.1,89.4,87.3,85.2,84.1,84.9,86.9,405.9,405.9,406.2,406.7,407.0,407.3,406.6,406.2,410.0,407.4,405.1,404.1,404.9,406.4,408.4,406.9,405.3,404.8,405.8,407.8,407.2,407.4,407.5,407.5,407.4,407.2,407.0,407.0,382.0,382.1,382.8,383.6,384.2,384.1,383.4,382.8,383.1,381.7,381.1,381.2,382.7,385.3,387.8,385.8,383.3,381.5,381.3,382.2,383.7,384.1,384.4,384.4,384.2,383.8,383.5,383.4,70.4,134.5,426.3,0.018,0.114,-0.009,638.7,636.9,637.0,640.2,648.8,667.2,695.3,734.4,781.2,827.9,865.4,895.4,912.8,920.1,924.0,926.1,924.6,670.3,687.3,711.6,738.6,762.8,814.0,839.1,863.8,885.9,899.1,790.4,790.4,790.8,791.0,758.4,773.6,788.1,802.8,816.0,695.5,711.3,730.6,746.2,729.7,711.3,828.0,845.0,863.8,877.3,863.4,845.3,721.1,743.6,770.3,787.0,804.0,829.2,845.6,828.9,804.5,785.8,766.9,740.8,731.2,769.7,786.6,803.9,836.5,803.5,785.7,768.4,568.5,599.3,629.0,659.1,691.9,726.6,761.2,793.5,803.7,790.7,755.8,716.7,678.9,642.1,610.9,581.5,553.0,514.6,502.1,497.9,504.2,516.7,519.8,509.0,506.4,512.5,526.4,556.2,579.9,603.2,627.8,649.2,654.2,658.3,655.0,650.9,552.5,544.5,546.1,557.3,560.5,559.1,559.9,551.9,553.1,561.4,566.7,565.8,704.2,691.1,686.6,691.9,687.9,693.9,707.4,739.7,754.5,756.5,753.9,738.4,704.7,705.6,707.2,706.8,708.0,728.5,730.0,727.4,0.00,0.00,0.00,0.00,0.00,0.00,0.00,0.00,0.00,0.00,0.00,0.00,0.00,0.00,0.00,0.00,0.00,0.00,0.00,0.00,0.00,0.00,0.00,0.00,0.00,0.00,0.00,0.00,0.00,0.00,0.00,0.00,0.00,0.00,0.00
266,0,8.833,0.03,0,0.000000,0.000000,0.000000,0.000000,0.000000,0.000000,0.000,0.000,712.1,716.3,725.6,734.5,737.9,734.2,724.4,715.4,697.5,704.0,712.3,722.0,731.5,738.6,743.5,737.5,729.3,720.2,711.3,703.5,720.4,724.4,728.7,730.6,729.1,725.0,720.8,718.8,838.7,843.0,853.1,863.0,866.9,862.5,852.4,841.8,830.3,836.2,844.6,854.7,864.2,871.7,876.6,870.9,863.0,853.9,844.5,836.1,848.1,852.5,856.9,858.9,857.1,852.8,848.4,846.4,551.0,541.7,538.2,542.5,552.0,561.9,564.8,560.5,551.6,547.5,545.2,544.2,545.8,549.4,554.8,558.4,559.9,560.2,558.9,556.1,555.6,557.5,555.9,551.7,547.4,545.4,547.0,551.2,558.4,548.4,544.4,548.9,559.1,569.2,573.2,569.4,562.1,554.5,550.3,549.6,552.5,556.9,563.5,566.7,568.3,568.6,567.3,565.3,563.3,565.3,563.6,559.1,554.6,552.6,554.4,558.8,33.5,35.5,39.9,44.1,45.7,44.0,39.4,35.1,27.0,29.9,33.6,38.0,42.5,46.0,48.5,45.5,41.5,37.2,33.2,29.7,37.5,39.5,41.5,42.4,41.6,39.7,37.7,36.8,88.9,90.9,95.5,100.0,101.7,99.6,95.0,90.3,85.4,87.8,91.3,95.8,100.2,104.1,106.8,103.7,99.6,95.3,91.1,87.7,93.3,95.3,97.3,98.2,97.5,95.5,93.5,92.6,88.9,84.6,83.1,85.2,89.7,94.4,95.6,93.4,90.0,87.5,86.0,85.4,86.4,88.4,91.4,92.7,93.0,93.0,92.5,91.7,91.4,92.3,91.6,89.7,87.6,86.6,87.3,89.3,88.8,84.4,82.7,84.7,89.2,93.6,95.3,93.7,90.7,87.0,85.0,84.6,86.0,88.5,91.9,92.9,93.1,92.9,92.4,91.9,91.2,92.1,91.3,89.4,87.4,86.5,87.2,89.2,407.2,407.3,407.8,408.5,408.9,409.1,408.3,407.6,411.1,408.6,406.5,405.7,406.6,408.3,410.4,408.7,406.9,406.3,407.2,409.0,408.7,409.0,409.2,409.3,409.1,408.8,408.6,408.5,391.4,391.8,392.2,392.4,392.1,391.7,391.3,391.4,392.7,391.5,390.7,390.3,391.1,393.2,395.0,393.2,390.9,389.6,390.0,391.5,392.4,392.4,392.6,392.8,392.9,392.8,392.6,392.5,70.6,134.4,426.0,0.021,0.111,-0.010,639.0,637.1,637.2,640.4,649.0,667.4,695.4,734.5,781.3,828.0,865.6,895.6,913.1,920.4,924.1,926.0,924.4,670.4,687.3,711.6,738.8,763.0,814.1,839.4,864.3,886.4,899.5,790.5,790.6,791.1,791.4,758.6,773.9,788.5,803.3,816.7,695.8,711.6,730.8,746.6,730.1,711.6,828.2,845.2,864.0,877.4,863.5,845.5,721.0,744.0,770.8,787.9,805.4,830.7,847.2,830.5,805.9,786.9,767.6,741.3,731.3,770.2,787.5,805.2,838.1,804.9,786.6,768.9,568.0,599.0,628.7,658.9,691.7,726.5,761.2,793.7,804.0,791.0,756.0,716.8,678.8,641.7,610.5,581.1,552.5,514.6,502.2,498.0,504.3,516.9,520.1,509.1,506.6,513.0,527.1,556.4,580.1,603.4,627.9,649.4,654.4,658.6,655.2,650.9,552.6,544.5,546.1,557.2,560.5,559.1,560.0,552.0,553.3,561.6,566.8,565.8,704.2,691.5,687.0,692.3,688.3,694.0,707.0,739.3,754.4,756.5,753.8,738.2,704.7,706.0,707.7,707.2,707.7,728.4,730.0,727.3,0.00,0.00,0.00,0.00,0.00,0.00,0.00,0.00,0.00,0.00,0.00,0.00,0.00,0.00,0.00,0.00,0.00,0.00,0.00,0.00,0.00,0.00,0.00,0.00,0.00,0.00,0.00,0.00,0.00,0.00,0.00,0.00,0.00,0.00,0.00
267,0,8.867,0.03,0,0.000000,0.000000,0.000000,0.000000,0.000000,0.000000,0.000,0.000,712.1,716.2,725.5,734.5,738.0,734.4,724.5,715.5,698.3,704.5,712.6,722.2,731.7,738.9,743.9,737.8,729.6,720.4,711.7,704.0,720.5,724.6,728.9,730.8,729.2,725.1,720.9,719.0,838.9,843.5,853.7,863.6,867.4,862.8,852.6,841.9,830.5,836.6,845.1,855.4,864.8,872.2,876.9,871.1,863.3,854.2,844.7,836.3,848.3,852.7,857.3,859.4,857.7,853.3,848.7,846.6,551.0,541.8,538.2,542.4,551.9,561.8,564.7,560.5,551.4,547.4,545.1,544.3,546.0,549.8,555.3,558.7,559.9,560.2,558.7,555.9,555.6,557.5,555.9,551.6,547.3,545.4,547.0,551.3,557.8,547.7,543.8,548.4,558.8,569.0,572.9,568.9,561.6,554.3,550.4,550.1,553.0,557.1,563.4,566.5,568.3,568.6,567.1,564.9,562.8,564.9,563.2,558.6,553.9,551.9,553.6,558.1,33.7,35.6,40.0,44.3,45.9,44.3,39.6,35.3,27.5,30.3,33.9,38.3,42.8,46.3,48.9,45.9,41.8,37.5,33.5,30.1,37.8,39.7,41.7,42.6,41.9,39.9,37.9,37.0,88.3,90.3,95.0,99.5,101.2,99.1,94.5,89.7,84.8,87.3,90.8,95.3,99.7,103.6,106.2,103.2,99.1,94.8,90.6,87.2,92.7,94.7,96.8,97.8,97.0,95.0,92.9,92.0,89.3,85.0,83.4,85.4,89.9,94.7,95.9,93.8,90.4,88.0,86.4,85.8,86.8,88.9,91.9,93.1,93.3,93.3,92.9,92.0,91.7,92.7,91.9,90.0,87.9,87.0,87.7,89.7,87.8,83.3,81.7,83.8,88.5,92.9,94.6,92.8,89.8,86.3,84.3,84.1,85.6,87.9,91.2,92.2,92.5,92.3,91.7,91.0,90.3,91.3,90.5,88.5,86.4,85.4,86.2,88.2,409.2,409.2,409.5,409.9,410.2,410.5,409.9,409.5,413.3,410.7,408.4,407.4,408.2,409.7,411.7,410.1,408.5,408.1,409.1,411.1,410.4,410.6,410.7,410.7,410.6,410.4,410.3,410.3,388.3,388.5,388.8,389.2,389.3,389.2,388.8,388.8,389.8,388.4,387.5,387.1,388.1,390.4,392.3,390.7,388.5,387.1,387.4,388.7,389.5,389.7,389.8,389.9,389.8,389.7,389.5,389.5,71.0,134.6,427.0,0.027,0.105,-0.012,639.2,637.5,637.4,640.4,649.2,667.5,695.4,734.6,781.5,828.1,865.8,895.8,913.4,920.5,924.2,925.9,924.3,670.4,687.4,712.0,739.4,763.5,813.9,839.4,864.5,886.6,899.6,790.5,790.5,791.0,791.4,758.3,774.0,788.9,803.8,817.4,696.1,712.0,731.2,746.9,730.4,711.9,828.4,845.3,864.1,877.5,863.7,845.7,720.5,744.2,771.7,789.2,807.2,833.0,849.7,833.2,808.4,788.8,769.1,741.9,730.7,771.2,788.9,807.2,840.5,807.1,788.3,770.1,568.5,599.5,629.3,659.3,691.8,726.4,761.0,794.1,804.4,791.1,755.9,716.8,678.9,641.9,610.7,581.5,553.3,514.7,502.1,498.0,504.4,517.2,520.4,509.3,507.0,513.7,528.1,556.9,580.5,603.8,628.2,649.2,654.3,658.5,654.7,650.2,552.8,544.4,546.1,557.4,560.5,559.0,560.3,552.0,553.1,561.6,566.6,565.8,702.2,689.7,685.6,690.6,686.4,691.1,703.5,737.3,753.8,756.5,754.0,738.1,702.7,704.0,705.6,704.6,704.4,728.6,730.7,728.1,0.00,0.00,0.00,0.00,0.00,0.00,0.00,0.00,0.00,0.00,0.00,0.00,0.00,0.00,0.00,0.00,0.00,0.00,0.00,0.00,0.00,0.00,0.00,0.00,0.00,0.00,0.00,0.00,0.00,0.00,0.00,0.00,0.00,0.00,0.00
268,0,8.900,0.03,0,0.000000,0.000000,0.000000,0.000000,0.000000,0.000000,0.000,0.000,712.5,716.7,725.8,734.7,738.0,734.3,724.6,715.8,698.5,704.9,713.1,722.7,732.2,739.0,743.5,737.5,729.4,720.3,711.7,704.1,720.7,724.7,729.0,730.9,729.4,725.3,721.1,719.2,839.0,843.2,853.1,862.9,866.8,862.6,852.7,842.3,831.1,836.8,845.0,854.9,864.3,871.9,876.8,871.1,863.2,854.3,845.0,836.8,848.6,852.8,857.1,858.9,857.2,853.0,848.7,846.9,550.9,541.9,538.4,542.7,552.1,561.9,564.6,560.3,551.5,547.1,544.8,544.0,546.0,549.9,555.6,559.0,560.0,560.1,558.6,555.9,555.7,557.6,556.0,551.9,547.5,545.6,547.1,551.3,558.8,548.8,544.8,549.0,559.1,569.0,573.1,569.5,562.2,554.8,550.7,550.1,552.9,557.2,563.7,566.9,568.5,568.9,567.6,565.6,563.4,565.2,563.5,559.2,554.9,553.1,554.8,559.1,34.2,36.2,40.6,44.8,46.4,44.7,40.0,35.8,27.9,30.7,34.4,38.9,43.4,46.8,49.2,46.2,42.1,37.8,33.8,30.4,38.2,40.1,42.2,43.1,42.4,40.4,38.4,37.5,90.4,92.4,97.0,101.4,103.1,101.1,96.5,91.8,87.1,89.4,92.9,97.3,101.7,105.7,108.4,105.3,101.2,96.8,92.7,89.4,94.9,96.8,98.8,99.7,98.9,97.0,95.1,94.2,90.1,85.9,84.4,86.5,91.0,95.6,96.7,94.6,91.2,88.6,87.1,86.5,87.7,89.9,93.0,94.2,94.3,94.2,93.7,92.8,92.6,93.6,92.9,90.9,88.9,87.9,88.6,90.5,90.3,85.9,84.1,86.0,90.5,94.9,96.7,95.1,92.2,88.5,86.4,86.1,87.5,89.8,93.2,94.3,94.5,94.4,93.9,93.4,92.6,93.4,92.6,90.7,88.8,88.0,88.7,90.6,412.9,413.2,413.7,414.2,414.3,414.3,413.5,413.0,416.8,414.4,412.3,411.5,412.4,414.0,415.8,414.1,412.4,411.8,412.7,414.6,414.1,414.4,414.6,414.8,414.7,414.5,414.2,414.1,397.4,397.9,398.2,398.1,397.7,397.3,397.0,397.3,398.8,397.6,396.6,396.1,396.8,398.7,400.4,398.7,396.6,395.3,395.8,397.4,398.2,398.2,398.3,398.5,398.7,398.7,398.6,398.4,71.2,134.6,427.1,0.030,0.107,-0.015,639.4,637.6,637.5,640.7,649.9,668.6,696.7,736.0,782.7,829.1,866.3,896.1,913.6,920.8,924.4,926.1,924.5,670.6,687.8,712.3,739.5,763.5,814.1,839.7,864.9,887.0,899.9,790.5,790.5,790.9,791.2,758.1,773.9,788.9,803.9,817.5,696.2,712.1,731.3,747.0,730.5,712.0,828.4,845.4,864.2,877.7,863.8,845.8,720.6,744.6,772.3,789.4,807.0,833.0,850.2,833.4,808.6,789.4,770.1,742.5,730.7,772.0,789.2,807.1,841.0,807.2,788.7,771.0,568.3,599.5,629.7,660.0,692.6,727.1,761.5,794.3,804.3,790.8,755.7,716.7,678.8,641.9,610.7,581.5,553.2,514.4,501.9,497.9,504.2,517.1,520.4,509.4,507.1,513.9,528.4,557.0,580.7,604.1,628.6,649.3,654.5,658.7,654.7,650.0,552.8,544.4,546.2,557.5,560.6,559.1,560.5,552.2,553.3,561.7,566.8,566.0,701.2,689.3,685.4,690.3,686.1,690.4,702.1,736.8,753.6,756.3,754.0,737.9,701.7,703.5,705.0,703.9,703.2,728.6,730.7,728.3,0.00,0.00,0.00,0.00,0.00,0.00,0.00,0.00,0.00,0.00,0.00,0.00,0.00,0.00,0.00,0.00,0.00,0.00,0.00,0.00,0.00,0.00,0.00,0.00,0.00,0.00,0.00,0.00,0.00,0.00,0.00,0.00,0.00,0.00,0.00
269,0,8.933,0.03,0,0.000000,0.000000,0.000000,0.000000,0.000000,0.000000,0.000,0.000,712.0,716.1,725.5,734.5,738.0,734.5,724.6,715.5,698.3,704.4,712.5,722.1,731.8,739.0,744.0,737.9,729.6,720.4,711.6,703.9,720.5,724.7,729.0,730.9,729.3,725.1,720.8,718.9,839.5,844.1,854.2,863.8,867.3,862.7,852.6,842.2,831.0,837.2,845.7,856.0,865.2,872.2,876.4,870.9,863.5,854.8,845.5,837.0,848.5,852.8,857.3,859.3,857.8,853.5,849.0,846.9,551.0,541.7,538.1,542.3,551.8,561.7,564.7,560.5,551.6,547.4,544.9,544.1,546.0,550.1,555.9,558.9,559.9,560.0,558.6,555.9,555.6,557.5,555.8,551.6,547.2,545.3,547.0,551.2,558.0,548.0,544.3,549.0,559.3,569.3,573.0,569.0,562.0,554.7,550.8,550.5,553.3,557.3,563.5,566.6,568.4,568.9,567.4,565.1,562.9,565.0,563.4,558.9,554.3,552.2,553.9,558.3,33.5,35.4,39.7,44.0,45.6,44.0,39.4,35.1,27.4,30.0,33.7,38.0,42.6,46.1,48.6,45.6,41.6,37.3,33.3,29.8,37.5,39.5,41.5,42.4,41.6,39.7,37.7,36.8,89.4,91.5,96.2,100.7,102.4,100.2,95.6,90.8,85.8,88.3,91.9,96.5,101.0,104.8,107.3,104.4,100.4,96.1,91.9,88.4,93.8,95.8,97.9,98.8,98.1,96.1,94.0,93.0,88.8,84.5,82.8,84.8,89.3,94.0,95.2,93.2,90.0,87.5,85.8,85.2,86.3,88.5,91.6,92.6,92.8,92.7,92.3,91.5,91.2,92.1,91.3,89.4,87.3,86.4,87.1,89.1,88.7,84.3,82.7,85.0,89.8,94.2,95.8,93.8,90.8,87.2,85.3,85.1,86.7,89.1,92.4,93.4,93.6,93.4,92.8,92.0,91.3,92.3,91.6,89.6,87.5,86.5,87.2,89.2,406.7,406.8,407.0,407.3,407.5,407.8,407.2,406.9,411.1,408.5,406.1,405.0,405.7,407.2,409.0,407.5,406.0,405.6,406.7,408.8,407.9,408.0,408.1,408.1,408.0,407.9,407.8,407.8,392.1,392.1,392.7,393.5,394.0,393.9,393.3,392.8,393.2,391.8,391.1,391.1,392.4,395.0,397.3,395.5,393.1,391.4,391.4,392.3,393.7,394.0,394.2,394.3,394.1,393.7,393.5,393.4,71.2,134.8,427.7,0.034,0.109,-0.015,639.5,637.7,637.5,640.8,650.0,668.9,697.2,736.6,783.2,829.3,866.2,895.8,913.3,920.7,924.4,926.1,924.7,670.7,687.9,712.4,739.6,763.7,814.4,840.0,865.3,887.4,900.2,790.6,790.5,790.8,791.1,757.9,773.6,788.7,803.8,817.5,696.2,712.0,731.3,746.8,730.3,711.9,828.7,845.6,864.4,877.8,864.0,846.0,720.4,744.3,772.0,789.0,806.3,832.3,849.6,832.7,807.9,788.8,769.7,742.2,730.5,771.7,788.7,806.4,840.5,806.5,788.3,770.6,568.5,599.6,629.6,660.0,692.4,727.0,761.4,794.1,803.9,790.2,755.2,716.5,678.9,642.1,610.9,581.5,553.1,514.6,501.9,497.8,504.2,517.1,520.4,509.5,507.3,514.2,528.8,557.1,580.9,604.4,629.0,649.0,654.4,658.6,654.6,649.9,552.7,544.4,546.2,557.5,560.6,559.0,560.6,552.3,553.4,561.9,566.9,566.1,700.4,688.6,685.1,689.9,685.8,690.0,701.7,736.6,753.4,756.0,753.7,737.4,700.9,702.8,704.3,703.3,702.7,728.8,730.9,728.4,0.00,0.00,0.00,0.00,0.00,0.00,0.00,0.00,0.00,0.00,0.00,0.00,0.00,0.00,0.00,0.00,0.00,0.00,0.00,0.00,0.00,0.00,0.00,0.00,0.00,0.00,0.00,0.00,0.00,0.00,0.00,0.00,0.00,0.00,0.00
270,0,8.967,0.03,0,0.000000,0.000000,0.000000,0.000000,0.000000,0.000000,0.000,0.000,712.6,716.8,725.9,734.7,738.0,734.3,724.7,715.9,698.6,705.0,713.1,722.8,732.1,738.9,743.4,737.5,729.3,720.2,711.7,704.2,720.7,724.8,729.0,730.9,729.4,725.4,721.1,719.2,839.3,843.8,853.8,863.3,866.9,862.4,852.5,842.1,830.3,837.0,845.6,855.9,864.9,871.8,876.1,870.7,863.4,854.7,845.2,836.4,848.5,852.5,856.7,858.6,857.1,853.0,848.8,847.0,550.7,541.7,538.4,542.6,552.0,561.7,564.4,560.1,551.5,547.2,544.8,544.0,546.0,549.9,555.5,558.9,560.0,560.0,558.6,555.9,555.5,557.5,555.9,551.8,547.5,545.5,547.0,551.2,558.7,548.7,544.9,549.5,559.8,569.8,573.7,569.7,561.6,554.6,550.8,550.4,553.2,557.3,563.5,566.9,568.8,569.1,567.6,565.2,563.4,565.4,563.8,559.5,555.2,553.2,554.9,559.1,34.4,36.4,40.8,45.0,46.6,44.8,40.1,35.9,28.0,30.9,34.6,39.1,43.6,47.0,49.3,46.3,42.2,37.9,33.9,30.5,38.3,40.3,42.3,43.3,42.5,40.6,38.6,37.6,89.0,91.1,95.7,100.2,101.9,99.8,95.2,90.4,85.2,87.9,91.6,96.2,100.7,104.5,107.0,104.0,100.0,95.7,91.4,87.7,93.5,95.4,97.3,98.2,97.5,95.6,93.6,92.8,90.3,86.1,84.7,86.8,91.2,95.8,96.9,94.8,91.6,89.0,87.4,86.9,88.0,90.2,93.2,94.4,94.6,94.5,94.0,93.1,92.9,93.8,93.2,91.2,89.2,88.2,88.9,90.8,88.7,84.3,82.8,85.0,89.8,94.2,95.7,93.8,90.2,86.8,85.0,84.9,86.5,88.9,92.3,93.3,93.5,93.2,92.5,91.7,91.2,92.2,91.5,89.7,87.7,86.7,87.4,89.2,414.3,414.8,415.4,415.8,415.8,415.7,414.8,414.4,418.3,415.9,413.9,413.1,413.9,415.5,417.3,415.5,413.8,413.2,414.1,416.1,415.6,415.8,416.1,416.2,416.2,416.0,415.8,415.6,390.7,391.0,391.8,392.6,393.0,392.7,391.9,391.3,391.7,390.5,389.9,390.1,391.6,394.3,396.6,394.5,391.9,390.0,389.8,390.8,392.3,392.7,393.0,393.2,393.0,392.7,392.3,392.2,71.1,134.5,427.1,0.032,0.109,-0.015,639.6,637.5,637.1,640.2,649.6,668.8,697.1,736.4,783.1,829.3,866.4,896.1,913.7,920.9,924.4,926.0,924.3,671.0,688.2,712.5,739.6,763.6,814.2,839.7,865.0,887.2,900.1,790.5,790.4,790.7,791.0,757.8,773.6,788.7,803.8,817.6,696.2,712.1,731.2,746.9,730.4,712.0,828.4,845.5,864.3,877.8,863.8,845.8,719.3,744.1,772.2,789.2,806.5,833.0,851.0,833.4,808.1,789.1,770.0,741.9,729.4,771.9,789.0,806.7,841.9,806.7,788.5,770.9,567.6,598.6,628.8,659.3,692.0,726.6,761.1,794.0,804.0,790.2,755.0,716.1,678.4,641.6,610.4,581.2,553.0,514.2,501.9,497.9,504.3,517.2,520.6,509.5,507.3,514.3,528.9,556.9,580.6,604.0,628.5,649.2,654.4,658.6,654.5,649.8,552.6,544.4,546.2,557.3,560.5,559.0,560.5,552.3,553.5,561.8,566.8,566.0,699.7,689.0,685.7,690.4,686.2,690.1,700.8,736.3,753.2,755.9,753.6,737.2,700.4,703.5,705.0,703.9,702.0,728.3,730.4,727.9,0.00,0.00,0.00,0.00,0.00,0.00,0.00,0.00,0.00,0.00,0.00,0.00,0.00,0.00,0.00,0.00,0.00,0.00,0.00,0.00,0.00,0.00,0.00,0.00,0.00,0.00,0.00,0.00,0.00,0.00,0.00,0.00,0.00,0.00,0.00
271,0,9.000,0.03,0,0.000000,0.000000,0.000000,0.000000,0.000000,0.000000,0.000,0.000,712.2,716.3,725.6,734.6,738.1,734.5,724.7,715.7,697.5,704.0,712.5,722.3,731.8,739.1,744.1,738.1,729.8,720.5,711.5,703.5,720.7,724.7,728.9,730.7,729.2,725.1,721.0,719.2,838.9,843.5,853.6,863.4,867.1,862.5,852.4,841.8,830.6,836.9,845.4,855.6,864.9,872.3,877.1,871.3,863.4,854.3,844.8,836.5,848.4,852.6,857.0,859.0,857.4,853.1,848.8,846.8,550.8,541.5,538.0,542.2,551.8,561.8,564.6,560.4,551.7,547.4,544.9,544.0,546.1,550.3,556.1,559.0,559.8,559.8,558.5,555.9,555.5,557.4,555.8,551.6,547.4,545.5,547.1,551.2,558.2,548.2,544.4,549.1,559.4,569.5,573.2,569.3,561.7,554.7,550.9,550.6,553.4,557.6,563.8,566.8,568.3,568.5,567.0,564.9,563.2,565.2,563.5,559.2,554.7,552.7,554.3,558.7,33.3,35.2,39.6,43.8,45.4,43.7,39.1,34.9,26.8,29.7,33.4,37.8,42.3,45.8,48.4,45.4,41.3,37.0,33.0,29.4,37.4,39.2,41.2,42.0,41.3,39.4,37.5,36.6,89.1,91.2,95.8,100.2,101.9,99.8,95.1,90.4,85.6,88.1,91.8,96.2,100.6,104.5,107.2,104.1,99.9,95.5,91.4,88.0,93.5,95.5,97.5,98.4,97.7,95.8,93.7,92.8,88.0,83.8,82.3,84.3,88.8,93.4,94.5,92.5,89.4,86.9,85.2,84.6,85.8,88.0,91.1,92.1,92.0,91.9,91.5,90.8,90.5,91.4,90.7,88.8,86.8,85.9,86.6,88.5,88.7,84.3,82.7,84.8,89.5,93.9,95.5,93.7,90.6,87.1,85.3,85.0,86.5,88.9,92.1,93.0,93.2,92.9,92.4,91.8,91.2,92.1,91.4,89.5,87.5,86.6,87.3,89.2,403.7,404.1,404.6,405.0,405.0,405.0,404.1,403.7,407.9,405.4,403.3,402.4,403.1,404.7,406.5,404.8,403.1,402.5,403.4,405.5,404.9,405.1,405.3,405.5,405.5,405.3,405.1,404.9,391.7,392.0,392.4,392.6,392.6,392.3,391.9,391.9,393.0,391.7,390.9,390.5,391.5,393.7,395.6,393.8,391.5,390.1,390.4,391.8,392.8,392.9,393.1,393.2,393.2,393.1,393.0,392.8,71.0,134.0,425.9,0.048,0.109,-0.018,639.9,637.4,636.6,639.6,649.6,669.5,698.3,737.5,783.9,829.7,866.4,896.0,914.0,921.5,924.7,925.6,923.7,670.6,688.0,712.3,739.4,763.4,814.0,839.5,864.9,887.3,900.1,790.2,790.1,790.5,790.9,757.3,773.4,788.8,804.2,818.3,696.0,711.9,731.0,747.0,730.3,711.8,828.1,845.5,864.3,878.0,864.0,845.9,715.4,742.4,772.2,789.7,807.9,835.9,856.0,836.7,809.9,790.1,770.4,740.4,725.5,772.0,789.6,808.1,846.9,808.3,789.3,771.1,566.0,597.2,627.9,658.6,691.3,726.1,760.8,794.2,804.2,790.2,754.9,716.2,678.9,642.3,610.9,581.4,552.9,514.0,502.0,497.9,504.3,517.3,520.7,509.2,507.1,514.5,529.3,556.9,580.8,604.4,629.2,649.6,654.9,659.2,654.7,649.7,552.8,544.5,546.3,557.3,560.4,558.9,560.8,552.4,553.4,561.9,566.7,565.9,694.6,687.3,685.8,690.3,686.0,688.0,695.2,733.9,752.9,756.0,753.7,735.6,696.0,702.6,704.1,702.4,697.2,728.7,731.1,728.6,0.00,0.00,0.00,0.00,0.00,0.00,0.00,0.00,0.00,0.00,0.00,0.00,0.00,0.00,0.00,0.00,0.00,0.00,0.00,0.00,0.00,0.00,0.00,0.00,0.00,0.00,0.00,0.00,0.00,0.00,0.00,0.00,0.00,0.00,0.00
272,0,9.033,0.03,0,0.000000,0.000000,0.000000,0.000000,0.000000,0.000000,0.000,0.000,712.2,716.3,725.5,734.3,737.7,734.1,724.4,715.5,697.5,704.1,712.6,722.4,731.8,738.7,743.1,737.3,729.2,720.0,711.2,703.3,720.4,724.4,728.5,730.4,728.9,724.9,720.7,718.9,839.0,843.6,853.5,863.0,866.5,862.0,852.1,841.9,831.6,837.0,844.8,854.6,864.2,872.2,877.7,871.4,862.9,853.7,844.6,836.9,848.7,852.7,856.9,858.8,857.3,853.3,849.1,847.2,550.6,541.5,538.1,542.4,551.9,561.7,564.4,560.1,551.6,547.1,544.7,543.9,546.0,550.0,555.7,559.0,559.9,559.9,558.5,555.8,555.4,557.3,555.8,551.7,547.4,545.5,547.0,551.1,558.5,548.7,544.9,549.3,559.4,569.2,573.0,569.4,562.1,554.9,550.9,550.2,553.1,557.5,564.1,567.0,568.3,568.5,567.2,565.4,563.4,565.3,563.7,559.5,555.3,553.4,555.0,559.2,33.7,35.7,40.0,44.2,45.8,44.1,39.4,35.3,27.1,30.0,33.9,38.4,42.9,46.2,48.5,45.6,41.6,37.2,33.2,29.6,37.6,39.5,41.5,42.4,41.7,39.8,37.8,36.9,90.4,92.6,97.1,101.2,102.6,100.4,95.9,91.6,87.4,89.5,92.8,97.0,101.3,105.3,108.1,104.8,100.6,96.2,92.4,89.4,94.8,96.6,98.4,99.4,98.8,97.0,95.2,94.2,88.9,84.8,83.4,85.5,90.0,94.5,95.5,93.4,90.2,87.6,86.1,85.6,86.8,89.1,92.1,93.2,93.2,93.0,92.5,91.7,91.5,92.5,91.8,90.0,88.0,87.0,87.6,89.5,90.2,85.9,84.1,85.9,90.3,94.6,96.4,95.0,92.2,88.6,86.5,85.9,87.2,89.6,92.8,93.8,94.0,93.9,93.5,93.2,92.4,93.2,92.5,90.6,88.8,88.0,88.7,90.6,408.3,409.0,409.8,410.4,410.3,410.0,408.9,408.3,412.0,409.8,408.0,407.5,408.5,410.1,411.9,409.9,408.0,407.3,408.0,409.9,409.7,409.9,410.3,410.6,410.6,410.4,410.0,409.7,397.6,398.1,397.9,397.1,396.1,395.6,395.8,396.9,399.0,397.6,396.4,395.3,395.4,396.8,398.0,396.4,394.7,393.9,395.0,397.1,397.6,397.3,397.2,397.4,397.8,398.1,398.2,398.0,70.7,133.8,425.2,0.049,0.112,-0.015,639.1,636.8,636.5,639.8,649.4,668.8,697.5,736.8,783.3,829.3,866.3,895.9,913.6,921.0,924.5,926.0,924.4,670.7,688.1,712.6,739.7,763.7,814.4,840.0,865.3,887.4,900.0,790.4,790.2,790.4,790.6,757.3,773.1,788.3,803.4,817.2,695.9,711.8,730.9,746.6,730.0,711.6,828.2,845.4,864.2,877.7,863.8,845.8,719.3,743.7,771.5,788.6,806.1,832.3,850.1,832.6,807.6,788.4,769.3,741.5,729.3,771.3,788.4,806.2,840.9,806.2,787.9,770.3,563.2,595.0,626.1,657.4,690.9,726.1,760.9,793.8,803.5,789.6,754.6,715.9,678.3,641.5,610.2,580.5,551.7,514.2,501.8,497.8,504.3,517.1,520.2,509.6,507.4,514.5,529.2,556.9,580.9,604.5,629.4,649.1,654.4,658.8,654.7,649.9,552.5,544.4,546.2,557.3,560.4,558.8,560.5,552.3,553.5,561.7,566.8,566.0,699.1,688.6,685.5,690.3,686.1,689.8,700.3,735.9,753.1,755.8,753.5,737.0,699.8,702.8,704.3,703.1,701.6,728.7,730.9,728.4,0.00,0.00,0.00,0.00,0.00,0.00,0.00,0.00,0.00,0.00,0.00,0.00,0.00,0.00,0.00,0.00,0.00,0.00,0.00,0.00,0.00,0.00,0.00,0.00,0.00,0.00,0.00,0.00,0.00,0.00,0.00,0.00,0.00,0.00,0.00
273,0,9.067,0.03,0,0.000000,0.000000,0.000000,0.000000,0.000000,0.000000,0.000,0.000,711.8,715.9,725.2,734.1,737.5,733.9,724.1,715.2,697.3,703.6,712.0,721.9,731.4,738.6,743.5,737.5,729.2,720.0,711.0,703.1,720.2,724.2,728.4,730.2,728.7,724.7,720.5,718.7,838.5,843.1,853.2,863.0,866.6,861.9,851.8,841.3,830.0,836.7,845.4,855.6,864.8,871.8,876.2,870.5,863.1,854.3,844.8,836.2,847.6,851.9,856.4,858.4,856.8,852.5,848.0,846.0,550.5,541.3,537.8,542.1,551.6,561.5,564.3,560.0,551.8,547.3,544.7,543.8,545.8,549.9,555.7,558.7,559.5,559.6,558.3,555.9,555.2,557.1,555.6,551.5,547.2,545.3,546.9,551.0,558.5,548.4,544.5,549.2,559.7,569.8,573.7,569.6,561.4,554.4,550.8,550.6,553.5,557.5,563.5,566.6,568.3,568.6,567.0,564.7,563.5,565.6,563.9,559.4,554.7,552.6,554.3,558.8,33.3,35.2,39.6,43.8,45.4,43.7,39.0,34.9,26.8,29.6,33.4,37.8,42.4,45.8,48.3,45.3,41.3,37.0,32.9,29.4,37.3,39.2,41.1,42.0,41.3,39.4,37.5,36.6,88.1,90.2,94.9,99.4,101.1,99.0,94.3,89.5,84.5,87.2,91.0,95.5,99.9,103.7,106.3,103.2,99.3,94.9,90.7,87.1,92.5,94.5,96.6,97.6,96.8,94.8,92.7,91.8,88.3,84.1,82.7,84.7,89.1,93.7,94.8,92.7,89.8,87.2,85.6,84.9,86.1,88.3,91.4,92.4,92.3,92.2,91.9,91.2,90.8,91.7,91.0,89.2,87.2,86.3,86.9,88.8,88.1,83.7,82.1,84.3,89.1,93.6,95.1,93.2,89.6,86.2,84.5,84.4,86.0,88.4,91.6,92.5,92.7,92.4,91.7,90.9,90.7,91.7,91.0,89.0,86.9,85.9,86.6,88.6,405.6,406.1,406.7,407.1,407.0,406.8,405.9,405.6,409.8,407.4,405.3,404.5,405.2,406.8,408.5,406.8,405.0,404.4,405.4,407.4,406.8,407.0,407.2,407.4,407.5,407.3,407.0,406.8,388.5,388.7,389.3,390.1,390.4,390.3,389.6,389.1,389.3,388.1,387.5,387.6,389.0,391.6,393.9,391.8,389.3,387.5,387.4,388.4,390.0,390.4,390.7,390.8,390.6,390.3,390.0,389.9,70.7,133.8,425.5,0.056,0.114,-0.018,639.4,636.9,636.2,639.4,649.5,669.3,698.0,737.1,783.3,829.1,866.0,895.8,913.7,921.1,924.3,925.4,923.6,670.4,687.6,712.2,739.4,763.4,814.1,839.8,865.3,887.7,900.1,789.9,789.6,789.9,790.1,756.8,772.7,787.9,803.2,817.1,695.6,711.5,730.7,746.4,729.8,711.3,827.9,845.2,864.0,877.6,863.6,845.6,717.0,742.7,771.7,788.5,805.9,833.2,852.6,833.8,807.7,788.7,769.7,740.6,727.0,771.5,788.4,806.1,843.4,806.3,788.0,770.5,563.4,595.1,626.4,657.7,691.1,726.2,760.9,794.2,804.1,789.9,754.6,715.8,678.3,641.6,610.1,580.4,551.7,514.2,501.7,497.7,504.1,517.2,520.4,509.3,507.1,514.5,529.7,556.8,581.0,604.8,629.8,649.3,654.7,659.0,654.6,649.6,552.4,544.3,546.2,557.1,560.2,558.7,560.5,552.3,553.4,561.8,566.7,565.9,695.4,687.1,685.2,689.8,685.6,688.2,696.5,734.7,753.0,755.9,753.7,735.9,696.5,702.0,703.5,702.1,698.2,728.7,731.0,728.6,0.00,0.00,0.00,0.00,0.00,0.00,0.00,0.00,0.00,0.00,0.00,0.00,0.00,0.00,0.00,0.00,0.00,0.00,0.00,0.00,0.00,0.00,0.00,0.00,0.00,0.00,0.00,0.00,0.00,0.00,0.00,0.00,0.00,0.00,0.00
274,0,9.100,0.03,0,0.000000,0.000000,0.000000,0.000000,0.000000,0.000000,0.000,0.000,711.9,716.0,725.1,734.0,737.3,733.6,724.0,715.2,697.1,703.7,712.1,721.9,731.3,738.2,742.8,737.0,728.8,719.6,710.8,702.9,720.1,724.0,728.1,730.0,728.5,724.5,720.4,718.6,838.6,843.0,852.9,862.5,866.2,861.8,851.9,841.5,830.6,836.9,845.3,855.2,864.2,871.2,875.7,870.3,862.8,854.1,844.8,836.5,847.8,851.9,856.2,858.0,856.4,852.3,848.1,846.3,550.6,541.5,538.1,542.5,551.9,561.7,564.4,560.1,551.7,547.2,544.8,543.9,545.8,549.7,555.2,558.6,559.7,559.8,558.5,555.9,555.4,557.3,555.8,551.7,547.5,545.6,547.1,551.1,559.0,549.1,545.3,549.8,560.0,570.0,573.8,569.9,561.8,554.7,550.8,550.5,553.2,557.4,563.6,566.6,568.3,568.5,567.2,565.1,563.8,565.7,564.1,559.9,555.5,553.6,555.2,559.5,33.6,35.6,40.0,44.2,45.7,44.0,39.4,35.2,27.0,29.9,33.7,38.2,42.7,46.1,48.5,45.6,41.5,37.2,33.1,29.6,37.6,39.5,41.4,42.3,41.6,39.8,37.8,36.9,90.8,92.9,97.6,102.1,103.8,101.7,97.0,92.2,87.3,90.0,93.7,98.2,102.6,106.4,109.0,106.0,101.9,97.6,93.4,89.8,95.3,97.3,99.3,100.2,99.4,97.5,95.5,94.6,89.2,85.1,83.6,85.8,90.3,94.8,95.8,93.6,90.5,87.9,86.4,85.8,87.0,89.1,92.1,93.3,93.4,93.3,92.8,92.0,91.7,92.7,92.1,90.2,88.2,87.3,87.9,89.7,91.0,86.6,84.9,87.1,91.8,96.3,97.9,96.0,92.5,89.0,87.1,86.9,88.4,90.9,94.2,95.1,95.3,95.0,94.4,93.7,93.5,94.4,93.7,91.8,89.8,88.9,89.6,91.5,409.5,410.0,410.8,411.4,411.4,411.2,410.1,409.5,413.2,411.0,409.1,408.5,409.4,411.1,413.0,411.0,409.1,408.4,409.2,411.0,410.9,411.1,411.5,411.7,411.7,411.4,411.1,410.8,400.0,400.4,401.1,401.5,401.6,401.2,400.6,400.3,401.0,399.9,399.3,399.3,400.4,402.8,404.8,402.8,400.3,398.6,398.8,399.9,401.4,401.6,401.8,402.0,402.0,401.8,401.5,401.3,70.7,133.8,425.3,0.055,0.111,-0.017,639.0,636.7,636.2,639.5,649.4,669.2,697.9,737.0,783.3,829.2,866.1,895.8,913.7,921.2,924.5,925.7,924.0,670.3,687.6,712.2,739.5,763.6,814.0,839.8,865.3,887.6,900.0,790.0,789.8,790.2,790.4,757.0,773.0,788.2,803.5,817.3,695.4,711.3,730.4,746.2,729.6,711.2,828.0,845.2,863.9,877.5,863.5,845.6,718.1,743.3,771.9,788.9,806.3,833.2,851.9,833.8,808.1,789.0,769.9,741.3,728.2,771.7,788.7,806.5,842.7,806.7,788.3,770.7,563.1,594.9,626.0,657.4,690.8,726.0,760.9,794.2,804.1,790.0,754.7,715.9,678.5,641.8,610.4,580.8,552.2,514.3,501.8,497.7,504.2,517.2,520.4,509.5,507.4,514.7,529.8,557.0,581.3,605.1,630.1,649.5,654.9,659.2,654.9,649.9,552.6,544.4,546.3,557.2,560.3,558.7,560.5,552.4,553.5,561.8,566.6,565.8,697.0,687.8,685.4,690.0,685.8,688.7,697.9,735.0,753.0,755.9,753.7,736.5,698.0,702.4,703.9,702.5,699.5,728.6,730.9,728.5,0.00,0.00,0.00,0.00,0.00,0.00,0.00,0.00,0.00,0.00,0.00,0.00,0.00,0.00,0.00,0.00,0.00,0.00,0.00,0.00,0.00,0.00,0.00,0.00,0.00,0.00,0.00,0.00,0.00,0.00,0.00,0.00,0.00,0.00,0.00
275,0,9.133,0.03,0,0.000000,0.000000,0.000000,0.000000,0.000000,0.000000,0.000,0.000,711.7,715.8,725.1,734.1,737.5,733.9,724.1,715.1,696.9,703.4,711.8,721.6,731.2,738.4,743.4,737.4,729.0,719.7,710.7,702.7,720.1,724.1,728.3,730.1,728.6,724.6,720.5,718.6,838.5,843.0,853.1,862.7,866.4,861.8,851.8,841.3,829.8,836.8,845.6,855.7,864.6,871.3,875.6,870.2,863.1,854.5,844.9,836.0,847.4,851.7,856.2,858.2,856.6,852.3,847.8,845.8,550.8,541.6,538.1,542.4,552.0,561.9,564.6,560.3,551.8,547.4,544.9,544.0,546.0,549.8,555.2,558.6,559.6,559.8,558.6,556.0,555.5,557.5,555.9,551.8,547.6,545.6,547.2,551.3,558.7,548.6,544.7,549.4,559.8,570.0,573.9,569.9,560.6,554.3,551.0,550.9,553.6,557.5,563.3,566.6,568.4,568.6,567.0,564.5,563.7,565.8,564.1,559.6,554.9,552.9,554.6,559.1,33.2,35.1,39.5,43.7,45.3,43.6,38.9,34.7,26.6,29.4,33.2,37.6,42.1,45.7,48.2,45.2,41.1,36.7,32.7,29.1,37.2,39.1,41.0,41.9,41.2,39.3,37.4,36.5,88.0,90.1,94.8,99.4,101.1,99.0,94.2,89.4,84.4,87.2,91.0,95.6,100.0,103.7,106.2,103.2,99.3,95.0,90.7,86.9,92.4,94.4,96.5,97.5,96.7,94.7,92.6,91.7,88.2,84.1,82.6,84.7,89.1,93.7,94.7,92.6,89.6,87.1,85.5,84.9,86.0,88.1,91.0,92.1,92.2,92.1,91.8,91.1,90.7,91.6,91.0,89.1,87.2,86.2,86.9,88.7,88.1,83.7,82.2,84.5,89.2,93.7,95.2,93.2,89.2,86.1,84.6,84.6,86.2,88.5,91.7,92.6,92.7,92.4,91.6,90.7,90.8,91.8,91.1,89.1,87.0,86.0,86.7,88.6,404.7,405.2,405.9,406.3,406.2,406.0,405.0,404.6,408.9,406.5,404.5,403.6,404.4,405.9,407.7,405.9,404.0,403.5,404.4,406.5,405.9,406.1,406.4,406.6,406.6,406.5,406.2,406.0,388.1,388.4,389.4,390.3,390.7,390.4,389.4,388.7,388.8,387.8,387.4,387.8,389.4,392.1,394.5,392.2,389.5,387.5,387.2,388.0,389.8,390.3,390.7,390.8,390.7,390.2,389.8,389.7,70.8,133.6,425.2,0.065,0.109,-0.021,639.6,636.8,635.8,638.8,649.2,669.8,698.7,737.9,784.0,829.6,866.3,895.9,914.1,921.7,924.5,925.1,922.8,670.2,687.7,712.1,739.2,763.2,813.7,839.5,865.1,887.5,900.0,789.9,789.8,790.2,790.6,756.4,772.8,788.5,804.1,818.5,695.4,711.2,730.3,746.3,729.5,711.2,827.7,845.1,863.8,877.6,863.5,845.6,713.2,741.2,771.8,789.5,807.9,836.8,857.8,837.6,810.1,790.0,770.2,739.2,723.3,771.8,789.5,808.2,848.7,808.4,789.2,770.8,563.4,594.9,626.1,657.4,690.7,725.9,760.8,794.7,804.5,790.1,754.3,715.4,678.2,641.7,610.5,580.9,552.4,513.8,501.9,497.9,504.3,517.3,520.7,509.1,507.1,514.8,529.9,557.0,581.3,605.3,630.6,649.9,655.4,659.9,655.0,649.7,552.7,544.5,546.4,557.0,560.1,558.6,560.5,552.3,553.4,561.8,566.4,565.5,691.8,686.1,685.5,690.0,685.6,686.5,692.1,732.5,752.4,755.8,753.6,734.6,693.4,702.0,703.6,701.6,694.3,728.3,731.0,728.5,0.00,0.00,0.00,0.00,0.00,0.00,0.00,0.00,0.00,0.00,0.00,0.00,0.00,0.00,0.00,0.00,0.00,0.00,0.00,0.00,0.00,0.00,0.00,0.00,0.00,0.00,0.00,0.00,0.00,0.00,0.00,0.00,0.00,0.00,0.00
276,0,9.167,0.03,0,0.000000,0.000000,0.000000,0.000000,0.000000,0.000000,0.000,0.000,712.7,716.8,726.0,734.9,738.2,734.5,724.8,716.0,697.3,704.3,713.0,722.8,732.2,738.9,743.4,737.7,729.7,720.7,711.7,703.5,720.7,724.8,729.0,730.9,729.4,725.3,721.1,719.2,839.1,843.4,853.4,863.1,866.9,862.5,852.5,842.1,831.4,837.6,846.0,856.1,865.1,872.1,876.7,871.2,863.9,855.3,846.0,837.6,848.4,852.5,856.8,858.7,857.1,852.9,848.6,846.8,551.2,542.0,538.7,543.1,552.7,562.6,565.2,560.8,551.9,547.7,545.3,544.6,546.7,550.8,556.5,559.5,560.2,560.1,558.7,556.1,556.2,558.2,556.7,552.5,548.1,546.0,547.6,551.8,559.3,549.3,545.4,550.0,560.4,570.4,574.2,570.4,562.8,555.3,551.3,550.8,553.5,557.8,564.1,567.3,568.9,569.3,568.0,566.0,564.2,566.2,564.5,560.3,555.8,553.9,555.5,559.8,33.7,35.7,40.1,44.3,45.8,44.0,39.4,35.2,26.8,29.9,33.8,38.3,42.8,46.1,48.4,45.5,41.6,37.3,33.2,29.6,37.6,39.5,41.5,42.4,41.7,39.8,37.8,36.9,89.9,92.1,96.7,101.2,102.9,100.8,96.1,91.3,86.6,89.2,92.9,97.4,101.8,105.6,108.2,105.2,101.2,96.9,92.7,89.2,94.5,96.4,98.4,99.3,98.6,96.7,94.7,93.7,88.6,84.6,83.2,85.4,89.9,94.4,95.3,93.1,89.8,87.3,85.9,85.4,86.7,88.9,92.0,93.0,92.8,92.6,92.0,91.2,91.3,92.3,91.7,89.8,87.8,86.8,87.4,89.3,90.1,85.7,84.1,86.2,90.9,95.3,96.9,95.1,91.8,88.2,86.3,86.0,87.5,90.0,93.3,94.3,94.4,94.2,93.6,93.0,92.6,93.5,92.8,90.9,88.9,88.0,88.7,90.6,405.7,406.5,407.5,408.3,408.3,407.8,406.5,405.7,409.2,407.1,405.4,405.0,406.2,407.9,409.8,407.7,405.6,404.7,405.3,407.0,407.2,407.6,408.1,408.4,408.4,408.1,407.6,407.3,395.4,396.0,396.6,397.1,397.0,396.4,395.7,395.5,396.0,395.0,394.5,394.5,395.7,398.1,400.0,398.0,395.5,393.8,393.8,395.0,396.7,396.8,397.1,397.4,397.4,397.2,396.9,396.7,71.2,133.5,424.3,0.064,0.101,-0.022,640.2,637.3,636.1,638.9,649.5,670.2,699.2,738.5,784.8,830.2,866.8,896.1,914.5,922.2,925.2,925.6,923.2,670.6,688.1,712.4,739.6,763.6,814.1,839.5,864.9,887.2,900.2,790.4,790.5,791.2,791.8,757.2,774.0,789.8,805.6,820.2,696.1,712.1,731.3,747.6,730.6,712.1,828.2,845.9,864.8,878.7,864.6,846.5,712.4,741.3,772.5,791.5,811.4,840.7,861.9,841.7,813.8,792.3,771.2,739.5,722.6,772.4,791.4,811.7,852.6,812.0,791.3,771.6,562.8,594.7,625.9,657.2,690.4,725.6,760.7,794.7,804.6,790.6,755.0,716.2,679.1,642.4,610.8,581.0,552.1,514.0,502.1,498.2,504.6,517.6,521.1,509.3,507.2,514.6,529.6,557.4,581.6,605.5,630.6,650.6,656.0,660.5,655.4,650.1,553.2,545.0,546.9,557.7,560.7,559.3,561.4,552.8,553.8,562.3,567.0,566.2,691.8,686.8,686.4,690.9,686.3,686.6,691.5,731.7,752.5,756.3,754.0,734.8,693.6,702.8,704.5,702.2,693.9,728.6,731.6,729.0,0.00,0.00,0.00,0.00,0.00,0.00,0.00,0.00,0.00,0.00,0.00,0.00,0.00,0.00,0.00,0.00,0.00,0.00,0.00,0.00,0.00,0.00,0.00,0.00,0.00,0.00,0.00,0.00,0.00,0.00,0.00,0.00,0.00,0.00,0.00
277,0,9.200,0.03,0,0.000000,0.000000,0.000000,0.000000,0.000000,0.000000,0.000,0.000,712.6,716.7,726.0,735.1,738.6,735.0,725.1,716.1,698.2,704.9,713.4,723.1,732.6,739.8,744.9,738.9,730.6,721.4,712.3,704.3,721.1,725.2,729.4,731.2,729.7,725.6,721.4,719.5,839.5,843.8,853.9,863.8,867.7,863.3,853.3,842.5,831.2,837.9,846.6,857.2,866.2,872.7,876.6,871.6,865.0,856.7,847.0,837.9,848.5,852.9,857.4,859.3,857.5,853.2,848.7,846.8,551.7,542.4,538.7,543.0,552.6,562.7,565.6,561.4,551.9,548.0,545.7,544.9,546.9,550.7,556.1,559.4,560.3,560.4,559.0,556.3,556.4,558.3,556.7,552.5,548.2,546.2,547.9,552.1,559.5,549.0,544.8,549.4,560.2,570.7,574.9,571.0,563.1,555.6,551.5,551.1,553.9,558.0,564.3,567.4,569.3,569.8,568.5,566.3,564.6,566.6,564.7,560.1,555.3,553.3,555.1,559.8,33.5,35.5,39.9,44.1,45.8,44.1,39.4,35.2,27.2,30.1,33.9,38.3,42.8,46.3,48.9,45.9,41.8,37.5,33.4,29.8,37.6,39.5,41.5,42.4,41.6,39.7,37.8,36.9,86.0,88.0,92.7,97.3,99.1,97.0,92.4,87.5,82.5,85.2,89.0,93.7,98.1,101.6,104.0,101.2,97.5,93.4,89.1,85.3,90.4,92.4,94.5,95.4,94.6,92.6,90.5,89.6,88.6,84.4,82.8,84.9,89.4,94.0,95.2,93.1,89.6,87.2,85.7,85.2,86.3,88.4,91.4,92.4,92.5,92.4,91.9,91.1,91.1,92.0,91.3,89.4,87.4,86.5,87.2,89.1,86.0,81.6,80.1,82.3,87.1,91.6,93.1,91.1,87.6,84.2,82.5,82.4,84.0,86.5,89.8,90.6,90.7,90.4,89.7,88.9,88.7,89.7,89.0,87.0,84.9,83.9,84.6,86.6,404.6,404.9,405.5,406.0,406.0,406.0,405.1,404.6,408.5,406.0,404.0,403.2,404.1,405.7,407.6,405.8,403.9,403.3,404.1,406.1,405.8,406.0,406.3,406.5,406.4,406.2,406.0,405.8,377.3,377.9,379.1,380.3,380.7,380.2,378.9,377.9,377.6,376.8,376.8,377.4,379.3,382.1,384.5,382.3,379.4,377.1,376.5,377.0,379.3,379.8,380.4,380.6,380.4,379.9,379.4,379.1,71.5,133.9,425.7,0.071,0.099,-0.023,641.2,637.8,636.2,638.6,648.9,669.7,699.0,739.0,785.6,831.1,867.7,896.8,915.0,922.5,925.1,925.0,922.3,671.4,688.8,713.0,739.9,763.8,814.4,839.4,864.5,886.7,899.9,790.8,791.0,791.8,792.4,757.7,774.5,790.4,806.2,820.8,696.6,712.6,731.8,748.1,731.1,712.7,828.6,846.4,865.3,879.3,865.2,847.1,709.9,740.1,772.4,791.7,812.0,842.4,864.8,843.4,814.4,792.5,771.0,738.1,720.1,772.3,791.7,812.3,855.6,812.5,791.4,771.4,564.5,595.8,626.5,657.1,689.9,725.0,760.2,794.7,804.6,790.4,754.5,715.6,678.5,641.7,610.3,580.8,552.1,513.9,502.2,498.3,504.8,517.9,521.4,509.2,507.0,514.2,529.0,557.5,581.6,605.6,630.8,650.8,656.2,660.8,655.6,650.2,553.5,545.2,547.0,557.9,560.9,559.5,561.8,553.1,553.9,562.7,567.3,566.6,689.0,685.8,686.4,690.9,686.3,685.8,689.2,731.0,752.4,756.3,754.0,733.8,691.2,702.7,704.4,702.0,691.9,728.7,731.7,729.0,0.00,0.00,0.00,0.00,0.00,0.00,0.00,0.00,0.00,0.00,0.00,0.00,0.00,0.00,0.00,0.00,0.00,0.00,0.00,0.00,0.00,0.00,0.00,0.00,0.00,0.00,0.00,0.00,0.00,0.00,0.00,0.00,0.00,0.00,0.00
278,0,9.233,0.03,0,0.000000,0.000000,0.000000,0.000000,0.000000,0.000000,0.000,0.000,712.7,716.9,726.1,734.9,738.2,734.6,724.9,716.0,698.2,705.0,713.6,723.4,732.7,739.5,744.0,738.3,730.2,721.1,712.2,704.2,720.8,724.9,729.1,731.0,729.5,725.4,721.2,719.3,840.1,844.2,853.8,863.4,867.3,863.2,853.5,843.2,831.7,838.2,846.7,856.8,865.7,872.2,876.3,871.4,864.7,856.5,847.1,838.2,849.1,853.1,857.2,858.9,857.3,853.3,849.2,847.4,551.4,542.3,538.9,543.2,552.8,562.7,565.3,561.0,552.1,547.9,545.6,544.9,546.9,550.8,556.3,559.6,560.5,560.5,559.1,556.4,556.3,558.3,556.7,552.6,548.2,546.2,547.8,551.9,560.5,550.3,546.2,550.5,560.7,570.9,575.1,571.5,563.4,555.9,551.7,551.0,553.7,557.8,564.1,567.4,569.3,569.9,568.7,566.7,565.0,566.8,565.1,560.7,556.4,554.6,556.3,560.7,33.9,35.9,40.3,44.5,46.1,44.3,39.7,35.5,27.4,30.4,34.3,38.8,43.3,46.7,49.0,46.1,42.1,37.7,33.7,30.1,37.8,39.8,41.8,42.7,42.0,40.1,38.1,37.1,89.5,91.4,96.0,100.6,102.5,100.5,95.9,91.0,85.8,88.5,92.2,96.9,101.4,105.0,107.6,104.7,100.9,96.7,92.4,88.6,94.0,95.9,97.9,98.7,97.9,96.0,94.0,93.2,89.3,85.2,83.8,85.9,90.4,95.0,96.0,93.8,90.4,88.0,86.5,86.1,87.3,89.4,92.4,93.5,93.5,93.3,92.8,91.9,91.9,92.9,92.3,90.4,88.3,87.3,88.0,89.9,89.7,85.2,83.6,85.8,90.5,95.0,96.6,94.7,91.0,87.5,85.6,85.4,87.0,89.5,92.9,93.9,94.0,93.8,93.1,92.4,92.1,93.1,92.4,90.5,88.5,87.6,88.2,90.1,408.3,408.9,409.8,410.4,410.4,410.1,409.0,408.3,411.8,409.6,407.8,407.4,408.4,410.2,412.1,410.1,408.0,407.2,407.9,409.6,409.7,410.0,410.4,410.7,410.7,410.4,410.0,409.7,391.3,391.8,392.9,394.0,394.5,394.0,392.9,392.0,391.7,390.8,390.6,391.1,393.0,395.8,398.3,395.9,393.0,390.9,390.4,391.0,393.3,393.7,394.2,394.4,394.2,393.7,393.3,393.1,71.5,133.8,425.5,0.075,0.101,-0.024,641.1,637.9,636.4,638.9,649.5,670.5,699.6,739.2,785.6,831.2,867.9,897.0,915.2,922.7,925.1,925.0,922.1,671.4,689.1,713.3,740.2,763.9,814.6,839.4,864.4,886.5,899.7,790.9,791.1,791.8,792.3,757.5,774.4,790.4,806.4,821.2,696.6,712.7,731.8,748.1,731.1,712.6,828.7,846.5,865.4,879.3,865.2,847.2,709.4,739.8,772.3,791.8,812.3,842.9,865.7,843.9,814.7,792.5,770.9,737.8,719.5,772.2,791.8,812.7,856.4,812.9,791.5,771.3,562.5,594.7,626.2,657.6,690.8,725.9,760.9,795.1,805.0,791.1,755.4,716.5,679.4,642.5,610.9,581.0,551.8,513.9,502.2,498.4,504.9,518.0,521.5,509.3,507.1,514.1,528.8,557.3,581.6,605.7,631.1,650.7,656.3,661.0,655.7,650.1,553.6,545.3,547.2,558.0,561.0,559.6,561.9,553.1,553.9,562.7,567.2,566.6,688.1,685.3,686.3,690.7,686.1,685.2,688.3,730.4,752.2,756.1,753.8,733.4,690.4,702.2,704.0,701.4,691.1,729.0,732.2,729.4,0.00,0.00,0.00,0.00,0.00,0.00,0.00,0.00,0.00,0.00,0.00,0.00,0.00,0.00,0.00,0.00,0.00,0.00,0.00,0.00,0.00,0.00,0.00,0.00,0.00,0.00,0.00,0.00,0.00,0.00,0.00,0.00,0.00,0.00,0.00
279,0,9.267,0.03,0,0.000000,0.000000,0.000000,0.000000,0.000000,0.000000,0.000,0.000,712.7,716.9,726.3,735.3,738.8,735.1,725.2,716.1,698.2,704.8,713.3,723.1,732.6,739.9,745.0,738.9,730.6,721.3,712.2,704.2,721.2,725.3,729.5,731.4,729.9,725.8,721.5,719.6,839.6,844.0,854.0,863.9,867.7,863.3,853.3,842.6,831.4,838.1,846.9,857.3,866.2,872.7,876.7,871.7,865.0,856.6,847.0,838.0,848.8,853.0,857.3,859.2,857.5,853.3,849.0,847.1,551.6,542.3,538.7,543.0,552.7,562.7,565.5,561.2,552.0,548.0,545.7,545.0,547.0,550.9,556.3,559.7,560.7,560.8,559.4,556.5,556.4,558.3,556.7,552.5,548.1,546.2,547.8,552.0,559.8,549.4,545.3,549.9,560.6,571.1,575.2,571.2,563.6,556.0,551.9,551.3,554.0,558.0,564.2,567.4,569.2,569.7,568.5,566.6,564.7,566.7,565.0,560.5,555.9,553.9,555.6,560.1,33.4,35.4,39.7,44.0,45.6,43.9,39.2,35.0,27.0,29.9,33.7,38.1,42.5,46.0,48.6,45.6,41.6,37.2,33.2,29.6,37.4,39.3,41.3,42.2,41.5,39.6,37.6,36.7,87.0,89.0,93.7,98.3,100.1,98.0,93.3,88.5,83.5,86.2,90.0,94.7,99.1,102.7,105.1,102.3,98.6,94.4,90.0,86.2,91.5,93.4,95.5,96.3,95.6,93.6,91.6,90.7,88.1,83.9,82.3,84.4,88.8,93.5,94.6,92.5,89.2,86.8,85.3,84.8,85.8,88.0,90.9,92.1,92.1,92.0,91.6,90.7,90.5,91.5,90.8,88.9,86.8,85.9,86.6,88.5,87.1,82.7,81.1,83.4,88.2,92.7,94.2,92.2,88.8,85.3,83.5,83.4,84.9,87.4,90.7,91.5,91.6,91.4,90.7,90.0,89.7,90.7,90.0,88.1,86.0,85.1,85.7,87.6,402.2,402.5,403.1,403.5,403.5,403.5,402.7,402.3,406.4,403.8,401.7,400.9,401.7,403.2,405.1,403.3,401.6,401.0,401.9,403.9,403.4,403.6,403.8,404.0,404.0,403.8,403.6,403.4,381.3,381.9,383.1,384.3,384.7,384.1,382.9,382.0,381.6,380.8,380.8,381.3,383.2,386.1,388.5,386.2,383.3,381.1,380.5,381.1,383.3,383.8,384.3,384.6,384.4,383.9,383.4,383.1,71.7,134.1,426.0,0.068,0.103,-0.024,641.4,638.2,636.7,639.3,649.9,670.9,700.0,739.6,785.9,831.3,867.8,897.0,915.2,922.8,925.3,925.2,922.4,671.5,689.1,713.3,740.2,764.0,814.6,839.6,864.6,886.9,900.0,791.0,791.2,791.9,792.5,757.6,774.6,790.5,806.4,821.1,696.7,712.7,731.8,748.1,731.1,712.7,828.8,846.5,865.4,879.4,865.3,847.3,709.4,739.9,772.3,791.7,812.0,842.7,865.6,843.7,814.3,792.4,770.9,737.8,719.6,772.3,791.7,812.4,856.3,812.6,791.4,771.3,564.7,596.3,627.3,658.3,691.3,726.3,761.3,795.5,805.3,791.2,755.3,716.4,679.5,642.9,611.6,582.0,553.4,514.1,502.3,498.4,504.8,517.9,521.5,509.3,507.0,514.2,529.0,557.5,581.6,605.5,630.8,650.9,656.3,661.0,655.7,650.3,553.7,545.3,547.2,558.1,561.1,559.7,562.1,553.2,554.0,562.9,567.4,566.7,688.7,685.7,686.5,691.0,686.4,685.7,688.9,731.0,752.5,756.4,754.1,733.7,691.0,702.7,704.5,702.0,691.7,729.0,732.0,729.4,0.00,0.00,0.00,0.00,0.00,0.00,0.00,0.00,0.00,0.00,0.00,0.00,0.00,0.00,0.00,0.00,0.00,0.00,0.00,0.00,0.00,0.00,0.00,0.00,0.00,0.00,0.00,0.00,0.00,0.00,0.00,0.00,0.00,0.00,0.00
280,0,9.300,0.03,0,0.000000,0.000000,0.000000,0.000000,0.000000,0.000000,0.000,0.000,713.1,717.3,726.8,735.9,739.3,735.6,725.6,716.5,698.3,705.1,713.8,723.8,733.5,740.5,745.1,739.1,730.9,721.5,712.5,704.4,721.5,725.6,729.9,731.9,730.3,726.2,721.9,719.9,840.2,844.3,853.9,863.4,867.2,863.1,853.5,843.2,832.0,838.5,847.0,857.2,866.0,872.2,876.1,871.4,865.0,857.1,847.7,838.6,849.0,853.1,857.2,858.9,857.3,853.2,849.1,847.4,551.5,542.1,538.5,542.8,552.6,562.8,565.7,561.3,551.8,547.8,545.6,544.8,546.6,550.4,555.9,559.2,560.3,560.4,558.9,556.1,556.3,558.3,556.7,552.4,547.9,545.9,547.5,551.9,560.5,550.3,546.1,550.5,560.8,571.1,575.3,571.6,563.5,555.9,551.7,550.9,553.5,557.5,563.9,567.2,569.2,569.9,568.8,566.8,565.1,567.0,565.2,560.8,556.4,554.5,556.3,560.7,33.4,35.4,39.8,44.1,45.7,43.9,39.3,35.0,26.9,29.9,33.7,38.2,42.7,46.1,48.5,45.5,41.6,37.2,33.2,29.6,37.4,39.4,41.4,42.3,41.5,39.6,37.6,36.7,88.8,90.7,95.3,99.9,101.7,99.8,95.2,90.3,85.2,87.9,91.7,96.4,100.8,104.3,106.8,104.0,100.4,96.3,91.9,88.0,93.2,95.2,97.1,98.0,97.2,95.2,93.3,92.4,87.6,83.4,81.9,84.0,88.6,93.3,94.4,92.2,88.5,86.2,84.8,84.3,85.4,87.4,90.4,91.5,91.6,91.5,90.9,90.1,90.2,91.2,90.5,88.5,86.4,85.5,86.1,88.1,88.9,84.5,82.9,85.2,89.9,94.4,95.9,94.0,90.3,86.7,84.9,84.7,86.3,88.8,92.2,93.2,93.3,93.1,92.4,91.6,91.5,92.4,91.8,89.8,87.8,86.9,87.5,89.4,400.3,400.6,401.4,402.1,402.4,402.4,401.4,400.7,403.9,401.5,399.6,399.1,400.1,401.9,404.0,402.1,400.1,399.4,400.1,401.8,401.9,402.2,402.5,402.7,402.5,402.2,401.9,401.7,388.1,388.6,389.9,391.2,391.7,391.2,389.9,388.8,388.2,387.5,387.4,388.1,390.2,393.2,395.8,393.4,390.4,388.1,387.3,387.7,390.2,390.8,391.3,391.5,391.3,390.7,390.2,390.0,71.7,133.7,425.2,0.071,0.103,-0.024,641.5,638.4,637.0,639.6,650.3,671.3,700.5,740.0,786.5,831.9,868.5,897.5,915.5,922.9,925.4,925.4,922.6,671.6,689.4,713.7,740.7,764.5,815.0,840.0,865.2,887.3,900.4,791.3,791.4,792.1,792.6,757.9,774.8,790.7,806.6,821.3,697.1,713.1,732.3,748.6,731.6,713.2,829.0,846.8,865.7,879.6,865.5,847.5,710.4,740.4,772.5,792.1,812.8,843.1,865.4,844.1,815.2,792.9,771.2,738.4,720.5,772.5,792.1,813.2,856.1,813.4,791.9,771.6,562.9,595.0,626.5,657.8,691.1,726.3,761.4,795.5,805.1,790.9,755.0,716.2,679.2,642.4,611.0,581.3,552.4,513.6,501.9,498.2,504.7,517.9,521.4,509.4,507.2,514.4,529.0,557.2,581.4,605.4,630.6,650.5,656.0,660.6,655.4,649.9,553.3,545.0,546.8,557.6,560.6,559.2,561.7,553.0,553.9,562.6,567.1,566.4,688.8,685.4,686.1,690.6,685.9,685.3,688.8,730.6,752.3,756.3,754.0,733.7,691.0,702.0,703.8,701.2,691.6,728.9,732.1,729.4,0.00,0.00,0.00,0.00,0.00,0.00,0.00,0.00,0.00,0.00,0.00,0.00,0.00,0.00,0.00,0.00,0.00,0.00,0.00,0.00,0.00,0.00,0.00,0.00,0.00,0.00,0.00,0.00,0.00,0.00,0.00,0.00,0.00,0.00,0.00
281,0,9.333,0.03,0,0.000000,0.000000,0.000000,0.000000,0.000000,0.000000,0.000,0.000,713.2,717.3,726.7,735.7,739.2,735.6,725.7,716.7,698.1,705.0,713.8,723.9,733.5,740.7,745.6,739.6,731.4,722.1,712.8,704.4,721.7,725.7,729.8,731.7,730.1,726.1,722.0,720.2,840.2,844.8,854.8,864.5,868.1,863.6,853.5,842.9,831.5,838.5,847.4,858.0,866.9,873.0,876.7,871.8,865.4,857.4,847.7,838.5,848.8,853.2,857.8,859.9,858.2,853.8,849.2,847.1,551.0,541.6,538.0,542.2,551.8,561.9,564.9,560.7,551.3,547.5,545.3,544.6,546.5,550.3,555.6,558.8,559.7,559.7,558.4,555.7,555.6,557.5,555.8,551.6,547.4,545.5,547.1,551.3,559.5,548.9,544.6,549.3,560.2,570.8,575.1,571.1,562.7,555.5,551.7,551.3,553.9,557.7,563.6,567.0,569.1,569.8,568.4,566.1,564.6,566.7,564.8,560.0,555.0,552.9,554.8,559.6,33.5,35.4,39.7,43.9,45.5,43.9,39.3,35.1,26.8,29.8,33.7,38.2,42.7,46.2,48.7,45.7,41.7,37.4,33.2,29.6,37.5,39.3,41.3,42.1,41.4,39.5,37.6,36.8,85.1,87.2,91.8,96.3,98.1,96.1,91.4,86.5,81.4,84.2,88.0,92.7,97.1,100.5,102.9,100.1,96.6,92.5,88.2,84.3,89.3,91.4,93.5,94.5,93.7,91.6,89.5,88.5,87.3,83.0,81.5,83.6,88.1,92.7,93.9,91.8,88.3,86.0,84.5,84.0,85.2,87.3,90.2,91.2,91.2,91.1,90.6,89.8,89.7,90.6,89.9,88.0,86.0,85.1,85.8,87.7,84.8,80.4,78.9,81.2,86.1,90.6,92.0,90.0,86.2,83.0,81.3,81.4,83.0,85.3,88.5,89.4,89.6,89.3,88.5,87.6,87.5,88.6,88.0,85.9,83.7,82.6,83.3,85.3,399.9,400.1,400.7,401.4,401.7,401.8,400.8,400.2,403.7,401.2,399.2,398.5,399.5,401.4,403.5,401.6,399.7,398.9,399.6,401.4,401.3,401.6,401.9,402.0,401.9,401.6,401.3,401.2,372.1,372.5,373.9,375.5,376.3,375.9,374.5,373.1,372.1,371.3,371.2,372.1,374.4,377.6,380.4,377.9,375.0,372.5,371.6,371.8,374.4,375.1,375.8,376.0,375.6,374.9,374.2,374.0,71.8,133.7,425.4,0.059,0.104,-0.021,641.8,638.6,637.0,639.5,650.0,671.0,700.3,740.1,786.7,832.2,868.8,897.7,915.8,923.1,925.6,925.6,922.8,671.9,689.6,713.7,740.6,764.5,815.3,840.4,865.6,887.8,900.9,791.6,791.8,792.5,793.1,758.2,775.1,791.0,806.9,821.5,697.2,713.2,732.3,748.7,731.7,713.3,829.1,847.0,865.9,879.9,865.6,847.6,709.6,740.1,772.7,792.1,812.6,843.3,866.1,844.2,814.9,792.8,771.2,738.0,719.8,772.6,792.1,812.9,856.8,813.1,791.9,771.7,564.9,596.1,626.9,657.7,690.6,725.8,761.2,795.7,805.6,791.3,755.2,716.3,679.3,642.8,611.5,582.2,553.8,513.0,501.6,497.8,504.2,517.4,521.3,509.1,507.0,514.4,529.0,556.9,580.9,604.7,629.8,650.3,655.7,660.3,655.2,649.8,553.0,544.7,546.5,557.3,560.3,558.9,561.6,553.0,553.9,562.7,567.1,566.3,688.3,685.4,686.2,690.7,686.1,685.6,688.8,731.0,752.5,756.3,753.9,733.5,690.7,702.4,704.2,701.8,691.6,728.6,731.6,728.9,0.00,0.00,0.00,0.00,0.00,0.00,0.00,0.00,0.00,0.00,0.00,0.00,0.00,0.00,0.00,0.00,0.00,0.00,0.00,0.00,0.00,0.00,0.00,0.00,0.00,0.00,0.00,0.00,0.00,0.00,0.00,0.00,0.00,0.00,0.00
282,0,9.367,0.03,0,0.000000,0.000000,0.000000,0.000000,0.000000,0.000000,0.000,0.000,713.1,717.4,726.6,735.3,738.4,734.6,724.9,716.2,698.0,705.2,714.1,724.3,733.7,740.2,744.4,738.7,730.8,721.7,712.7,704.4,721.1,725.0,729.1,731.1,729.7,725.8,721.6,719.7,840.9,845.1,854.7,863.9,867.5,863.2,853.6,843.5,832.6,838.9,847.2,857.5,866.3,872.4,876.1,871.4,865.1,857.2,848.0,839.2,849.3,853.4,857.6,859.5,858.0,853.8,849.6,847.7,550.8,541.6,538.2,542.6,552.2,562.1,564.8,560.4,551.0,547.0,544.9,544.1,546.2,550.0,555.4,558.6,559.6,559.6,558.1,555.4,555.5,557.5,556.0,551.8,547.5,545.5,547.1,551.2,559.9,549.9,546.0,550.4,560.6,570.6,574.6,570.8,563.3,556.0,552.0,551.3,553.9,557.7,563.9,567.2,569.3,570.0,568.8,566.6,564.6,566.6,564.8,560.4,555.8,553.9,555.6,560.1,33.9,35.9,40.2,44.4,45.9,44.1,39.5,35.4,27.1,30.3,34.3,38.9,43.4,46.7,48.9,46.0,42.1,37.8,33.6,29.9,37.7,39.6,41.6,42.5,41.8,39.9,38.0,37.1,90.0,92.0,96.5,101.1,102.8,100.8,96.2,91.4,86.3,88.9,92.6,97.4,101.9,105.4,107.8,105.0,101.4,97.4,93.0,89.2,94.2,96.2,98.3,99.2,98.4,96.4,94.4,93.5,88.4,84.2,82.8,85.0,89.6,94.3,95.2,92.9,89.2,86.8,85.5,85.1,86.3,88.5,91.6,92.6,92.5,92.3,91.7,90.8,91.0,92.0,91.4,89.5,87.4,86.4,87.0,88.9,89.6,85.1,83.6,85.9,90.7,95.1,96.6,94.6,91.1,87.6,85.8,85.6,87.3,89.7,93.1,94.1,94.3,94.1,93.4,92.5,92.2,93.2,92.5,90.5,88.4,87.4,88.1,90.0,405.4,405.7,406.6,407.6,408.0,408.0,406.8,405.8,408.5,406.3,404.6,404.3,405.6,407.7,409.9,407.8,405.6,404.6,405.0,406.6,407.1,407.5,408.0,408.1,407.9,407.5,407.1,406.9,391.9,392.3,393.5,394.8,395.5,395.2,394.0,392.8,392.2,391.2,391.0,391.7,393.8,396.9,399.6,397.3,394.4,392.1,391.3,391.7,394.1,394.7,395.2,395.4,395.0,394.5,393.9,393.8,71.8,133.5,425.0,0.057,0.101,-0.020,641.7,638.5,637.0,639.6,650.1,670.9,700.0,739.7,786.2,831.7,868.3,897.4,915.6,923.1,925.7,925.8,923.1,672.1,689.7,713.8,740.7,764.5,815.4,840.5,865.7,887.9,901.0,791.6,791.8,792.6,793.2,758.6,775.4,791.2,806.9,821.5,697.3,713.2,732.4,748.8,731.7,713.4,829.1,847.0,865.9,879.8,865.6,847.6,711.6,741.6,773.6,792.7,812.7,842.8,864.8,843.8,815.1,793.5,772.3,739.7,721.8,773.5,792.7,813.0,855.6,813.3,792.4,772.6,563.7,595.3,626.4,657.4,690.4,725.6,760.8,795.3,805.3,791.4,755.7,716.8,679.5,642.5,610.8,581.1,552.3,512.4,501.0,497.3,503.9,517.1,521.2,509.2,507.1,514.5,529.1,556.8,580.5,604.0,628.8,649.7,655.1,659.6,654.5,649.2,552.7,544.5,546.4,557.0,560.1,558.7,561.5,553.1,554.2,562.7,567.2,566.4,689.7,685.8,685.9,690.4,685.9,685.9,690.0,731.5,752.6,756.2,753.9,734.0,691.9,702.3,704.0,701.7,692.6,728.7,731.6,728.9,0.00,0.00,0.00,0.00,0.00,0.00,0.00,0.00,0.00,0.00,0.00,0.00,0.00,0.00,0.00,0.00,0.00,0.00,0.00,0.00,0.00,0.00,0.00,0.00,0.00,0.00,0.00,0.00,0.00,0.00,0.00,0.00,0.00,0.00,0.00
283,0,9.400,0.03,0,0.000000,0.000000,0.000000,0.000000,0.000000,0.000000,0.000,0.000,712.2,716.4,725.9,735.1,738.5,734.8,724.8,715.6,697.5,704.9,713.9,724.0,733.6,740.6,745.2,739.5,731.3,721.9,712.6,704.1,720.6,724.7,729.0,731.0,729.4,725.3,721.0,719.0,840.0,844.4,854.3,863.9,867.6,863.1,853.3,842.7,831.4,838.3,847.1,857.9,867.0,872.7,876.0,871.7,865.8,858.1,848.4,838.7,848.5,852.8,857.2,859.2,857.5,853.2,848.8,846.8,550.7,541.1,537.5,542.0,551.9,562.1,565.0,560.6,550.7,546.8,544.7,544.0,545.9,549.6,554.9,558.4,559.4,559.5,558.0,555.2,555.6,557.6,556.0,551.6,547.1,545.1,546.8,551.1,559.7,548.9,544.6,549.3,560.2,571.0,575.4,571.4,563.0,556.0,552.3,551.7,554.2,557.8,563.7,567.1,569.1,569.9,568.7,566.5,564.7,566.8,564.9,560.1,555.2,553.1,555.0,559.8,32.7,34.7,39.1,43.3,44.9,43.2,38.5,34.3,26.3,29.5,33.4,38.0,42.4,45.8,48.2,45.3,41.4,37.0,32.9,29.1,36.6,38.6,40.6,41.5,40.8,38.8,36.8,35.9,83.5,85.5,90.1,94.5,96.3,94.3,89.7,84.9,79.9,82.6,86.4,91.2,95.6,98.9,101.1,98.6,95.3,91.4,87.0,82.9,87.7,89.7,91.7,92.6,91.8,89.8,87.8,86.9,86.4,82.1,80.7,82.9,87.4,92.1,93.1,90.9,87.1,84.9,83.5,83.2,84.3,86.4,89.2,90.4,90.3,90.1,89.6,88.7,88.9,89.9,89.3,87.4,85.3,84.3,85.0,86.9,83.4,79.0,77.6,79.9,84.7,89.2,90.6,88.5,84.7,81.7,80.2,80.2,81.8,84.1,87.3,88.1,88.2,87.9,87.1,86.2,86.1,87.2,86.5,84.6,82.4,81.3,82.0,84.0,396.4,396.8,397.7,398.4,398.6,398.5,397.3,396.6,399.5,397.4,395.7,395.4,396.6,398.6,400.7,398.6,396.4,395.3,395.8,397.4,397.9,398.3,398.6,398.9,398.8,398.4,398.0,397.8,365.5,366.1,367.7,369.5,370.4,369.8,368.2,366.5,365.3,364.7,364.8,366.1,368.6,371.9,374.9,372.3,369.1,366.5,365.2,365.1,368.0,368.8,369.6,369.8,369.4,368.6,367.9,367.6,71.8,133.4,424.8,0.053,0.102,-0.020,641.4,638.5,637.3,640.1,650.5,671.0,700.2,740.0,786.7,832.3,868.9,897.8,915.7,923.0,925.9,926.3,924.0,671.8,689.6,714.1,741.2,765.0,815.1,840.5,865.8,887.9,900.8,791.4,791.6,792.2,792.8,758.5,775.2,790.9,806.6,821.0,697.1,713.0,732.2,748.5,731.5,713.1,829.3,847.1,865.9,879.8,865.6,847.6,714.5,742.9,773.7,792.7,812.6,841.8,862.4,842.8,815.3,793.8,772.7,741.2,724.6,773.8,792.8,813.0,853.1,813.4,792.7,773.0,562.8,594.8,626.0,657.3,690.6,725.8,761.0,795.2,805.0,791.0,755.5,717.0,679.8,642.8,611.1,581.5,552.9,512.2,500.3,496.7,503.3,516.6,520.8,509.2,507.2,514.5,529.0,556.8,580.3,603.4,627.9,649.1,654.4,658.8,653.9,648.7,552.5,544.3,546.2,557.0,560.0,558.6,561.6,553.1,554.1,562.7,567.3,566.5,692.2,686.2,685.3,689.7,685.2,686.0,692.0,731.8,752.4,756.1,754.0,735.2,693.9,701.6,703.2,701.0,694.2,729.0,732.0,729.4,0.00,0.00,0.00,0.00,0.00,0.00,0.00,0.00,0.00,0.00,0.00,0.00,0.00,0.00,0.00,0.00,0.00,0.00,0.00,0.00,0.00,0.00,0.00,0.00,0.00,0.00,0.00,0.00,0.00,0.00,0.00,0.00,0.00,0.00,0.00
284,0,9.433,0.03,0,0.000000,0.000000,0.000000,0.000000,0.000000,0.000000,0.000,0.000,711.2,715.9,725.9,735.2,738.4,734.1,723.7,714.4,696.5,704.0,713.4,723.8,733.6,740.5,744.8,738.8,730.6,721.1,711.6,703.0,719.6,723.9,728.5,730.6,729.2,724.9,720.3,718.2,838.1,842.5,852.3,861.8,865.5,861.1,851.3,840.8,830.4,837.0,845.8,856.6,865.7,871.6,875.0,870.7,864.7,857.0,847.3,837.6,847.0,850.9,854.9,856.7,855.2,851.3,847.3,845.6,551.0,541.2,537.7,542.4,552.6,563.1,566.0,561.3,550.2,546.3,544.4,543.9,545.9,549.8,555.6,558.7,559.7,559.5,557.8,554.7,556.1,558.2,556.6,552.1,547.4,545.2,546.9,551.4,560.1,549.6,545.6,550.5,561.4,571.9,575.9,571.7,563.8,556.7,552.7,552.0,554.7,558.7,565.0,568.1,569.8,570.3,569.1,567.2,565.0,567.0,565.4,561.1,556.7,554.7,556.3,560.6,31.5,33.6,38.1,42.3,43.8,42.0,37.2,33.0,25.2,28.4,32.4,37.0,41.5,44.7,46.9,44.0,40.2,35.8,31.7,28.0,35.4,37.4,39.4,40.4,39.7,37.8,35.7,34.7,84.1,86.1,90.6,95.1,96.8,94.7,90.1,85.4,80.7,83.4,87.1,92.0,96.5,99.9,102.1,99.6,96.1,92.2,87.8,83.7,88.4,90.2,92.0,92.9,92.2,90.4,88.5,87.7,84.5,80.2,78.8,81.1,85.8,90.5,91.6,89.2,84.8,82.6,81.4,81.1,82.3,84.5,87.6,88.5,88.5,88.2,87.5,86.4,87.2,88.3,87.6,85.6,83.5,82.4,83.0,85.0,84.9,80.6,79.3,81.6,86.4,90.7,92.1,90.0,86.4,83.2,81.6,81.5,83.2,85.7,89.1,89.8,89.7,89.3,88.5,87.7,87.5,88.5,88.0,86.2,84.2,83.3,83.8,85.6,387.2,387.3,388.1,389.2,389.8,390.1,388.9,387.9,390.1,387.9,386.3,386.1,387.6,389.7,392.0,390.0,387.8,386.6,387.0,388.4,389.1,389.5,389.9,390.0,389.7,389.2,388.8,388.8,371.3,372.0,373.6,375.0,375.5,374.8,373.2,372.0,370.9,370.4,370.5,371.6,374.1,377.3,380.3,377.5,374.3,371.7,370.5,370.6,373.6,374.1,374.8,375.0,374.8,374.2,373.6,373.4,71.4,133.5,425.2,0.047,0.111,-0.018,640.7,637.8,636.9,640.1,650.6,671.0,700.4,740.2,786.6,831.8,868.1,897.1,914.9,922.4,925.6,926.4,924.3,671.9,689.8,714.1,740.8,764.2,815.3,840.7,865.9,887.7,900.3,790.9,790.8,791.3,791.8,758.1,774.4,789.8,805.1,819.2,696.5,712.3,731.6,747.7,730.8,712.3,828.4,846.0,864.9,878.7,864.6,846.5,717.1,743.6,773.1,791.0,809.4,837.4,857.0,838.3,811.9,791.8,771.9,741.9,727.2,773.2,791.0,809.8,847.7,810.2,790.9,772.4,562.5,594.5,626.0,657.6,691.1,726.4,761.3,794.9,804.5,790.3,755.2,716.8,679.7,642.8,611.1,581.5,553.2,511.8,499.9,496.3,502.9,516.0,520.5,509.6,507.5,514.7,529.3,557.0,580.2,603.0,627.2,648.5,653.5,657.8,653.3,648.3,552.2,544.1,546.2,557.4,560.3,558.7,561.9,553.5,554.6,563.0,567.9,567.2,694.2,686.1,684.0,688.5,684.3,686.6,694.7,733.3,752.4,755.6,753.6,735.7,695.4,700.8,702.3,700.7,696.5,728.5,731.1,728.7,0.00,0.00,0.00,0.00,0.00,0.00,0.00,0.00,0.00,0.00,0.00,0.00,0.00,0.00,0.00,0.00,0.00,0.00,0.00,0.00,0.00,0.00,0.00,0.00,0.00,0.00,0.00,0.00,0.00,0.00,0.00,0.00,0.00,0.00,0.00
285,0,9.467,0.03,0,0.000000,0.000000,0.000000,0.000000,0.000000,0.000000,0.000,0.000,710.9,715.5,725.3,734.5,737.8,733.6,723.4,714.2,696.1,703.9,713.4,723.9,733.5,740.2,744.5,738.7,730.7,721.3,711.8,703.0,719.4,723.5,727.9,729.9,728.5,724.3,720.0,718.0,838.2,842.6,852.5,862.1,865.8,861.4,851.5,841.0,830.3,837.0,845.8,856.7,865.8,871.7,875.1,870.8,864.8,857.0,847.3,837.6,847.1,851.1,855.2,857.1,855.5,851.5,847.4,845.6,551.0,541.2,537.5,542.1,552.3,562.8,565.8,561.2,550.3,546.4,544.5,543.9,545.9,549.9,555.8,558.9,559.8,559.7,558.0,554.9,555.8,557.9,556.2,551.8,547.3,545.3,546.9,551.3,559.8,549.1,545.0,549.8,560.8,571.4,575.5,571.4,563.6,556.6,552.8,552.1,554.7,558.5,564.6,567.7,569.6,570.2,569.0,567.0,564.7,566.7,565.0,560.5,556.0,554.0,555.7,560.1,31.4,33.5,37.9,42.1,43.6,41.8,37.1,32.9,25.0,28.3,32.4,37.0,41.5,44.7,46.9,44.0,40.2,36.0,31.8,28.0,35.3,37.2,39.2,40.1,39.4,37.6,35.6,34.7,83.5,85.5,90.0,94.5,96.2,94.2,89.6,84.8,80.1,82.8,86.5,91.3,95.8,99.2,101.4,98.9,95.5,91.5,87.1,83.1,87.8,89.6,91.5,92.4,91.7,89.8,87.9,87.1,84.6,80.3,78.8,81.1,85.8,90.5,91.6,89.3,84.9,82.7,81.5,81.2,82.5,84.7,87.8,88.8,88.7,88.3,87.6,86.5,87.2,88.2,87.5,85.6,83.5,82.5,83.1,85.1,84.1,79.8,78.4,80.8,85.5,89.9,91.3,89.2,85.7,82.6,81.0,81.0,82.6,85.0,88.3,89.0,89.0,88.7,87.9,87.0,86.7,87.8,87.2,85.3,83.3,82.3,82.9,84.8,387.6,387.7,388.6,389.7,390.4,390.6,389.4,388.3,390.2,388.1,386.6,386.4,388.0,390.2,392.6,390.5,388.2,387.0,387.2,388.5,389.5,390.0,390.4,390.4,390.2,389.7,389.3,389.2,368.5,369.1,370.7,372.2,372.8,372.2,370.6,369.3,368.2,367.6,367.7,368.8,371.3,374.6,377.5,374.8,371.6,369.0,367.8,367.9,370.8,371.4,372.1,372.4,372.1,371.5,370.8,370.5,71.3,133.5,425.1,0.047,0.112,-0.016,640.3,637.4,636.7,640.2,650.7,671.1,700.1,739.4,785.6,830.9,867.3,896.6,914.5,922.1,925.5,926.6,924.7,672.1,690.0,714.2,740.8,764.1,815.3,840.7,865.8,887.6,900.1,790.8,790.6,791.0,791.4,758.1,774.2,789.4,804.6,818.6,696.4,712.4,731.7,747.7,730.8,712.2,828.4,845.9,864.9,878.6,864.6,846.4,718.7,744.3,773.1,790.6,808.5,835.8,854.6,836.6,810.8,791.2,771.7,742.6,728.8,773.1,790.5,808.8,845.3,809.2,790.4,772.3,561.7,593.9,625.7,657.5,691.2,726.5,761.3,794.5,804.1,790.1,755.2,716.7,679.4,642.4,610.6,580.8,552.3,511.8,499.7,496.1,502.7,515.7,520.1,509.4,507.3,514.5,529.3,556.8,580.0,602.7,626.8,648.4,653.3,657.5,653.2,648.4,552.1,544.1,546.2,557.5,560.5,558.8,561.8,553.5,554.6,563.0,568.0,567.3,696.3,687.0,684.1,688.7,684.5,687.6,697.0,734.6,753.0,756.1,754.0,736.6,697.3,701.4,702.8,701.4,698.5,728.8,731.2,728.7,0.00,0.00,0.00,0.00,0.00,0.00,0.00,0.00,0.00,0.00,0.00,0.00,0.00,0.00,0.00,0.00,0.00,0.00,0.00,0.00,0.00,0.00,0.00,0.00,0.00,0.00,0.00,0.00,0.00,0.00,0.00,0.00,0.00,0.00,0.00
286,0,9.500,0.03,0,0.000000,0.000000,0.000000,0.000000,0.000000,0.000000,0.000,0.000,710.7,715.4,725.3,734.7,738.0,733.8,723.4,714.0,695.9,703.7,713.2,723.8,733.6,740.4,744.6,738.7,730.5,721.0,711.4,702.6,719.3,723.5,727.9,730.0,728.5,724.4,720.0,717.9,837.9,842.2,851.9,861.3,864.9,860.6,850.9,840.6,830.2,836.8,845.4,856.0,865.1,871.1,874.7,870.3,864.3,856.5,847.0,837.4,846.6,850.5,854.6,856.4,854.9,851.0,846.9,845.1,551.0,541.1,537.4,542.0,552.3,562.8,565.9,561.3,550.3,546.3,544.4,543.8,545.8,549.7,555.5,558.8,560.0,560.0,558.2,555.0,555.8,557.9,556.2,551.8,547.2,545.2,546.8,551.2,560.2,549.8,545.9,550.6,561.3,571.6,575.5,571.5,563.6,556.7,552.9,552.2,554.8,558.6,564.8,568.0,569.8,570.3,569.1,567.1,565.0,567.0,565.4,561.1,556.6,554.6,556.3,560.6,31.0,33.1,37.5,41.7,43.3,41.5,36.8,32.6,24.7,28.0,32.0,36.6,41.1,44.3,46.5,43.6,39.8,35.5,31.3,27.5,35.0,36.9,38.9,39.8,39.1,37.2,35.2,34.3,85.2,87.2,91.7,96.1,97.8,95.8,91.2,86.5,81.8,84.5,88.2,93.0,97.6,101.0,103.4,100.7,97.2,93.3,88.9,84.8,89.5,91.3,93.2,94.1,93.4,91.5,89.6,88.8,83.8,79.5,78.0,80.3,85.0,89.7,90.8,88.5,84.1,81.9,80.7,80.4,81.6,83.8,86.9,87.9,87.9,87.6,86.9,85.8,86.3,87.4,86.7,84.8,82.7,81.7,82.3,84.2,86.2,81.9,80.5,82.8,87.6,91.9,93.2,91.2,87.6,84.5,82.9,82.7,84.4,86.8,90.2,90.9,91.0,90.6,89.8,89.0,88.8,89.8,89.2,87.4,85.4,84.4,85.0,86.8,383.9,383.9,384.7,385.8,386.6,387.0,385.8,384.7,386.6,384.4,382.8,382.6,384.2,386.5,388.9,386.9,384.7,383.4,383.7,385.0,385.8,386.3,386.7,386.7,386.3,385.8,385.5,385.5,376.7,377.4,378.8,380.1,380.6,379.9,378.5,377.4,376.4,375.8,375.8,376.8,379.2,382.4,385.4,382.6,379.4,376.9,375.8,376.0,378.9,379.4,380.0,380.3,380.1,379.5,378.9,378.7,71.1,133.7,425.4,0.042,0.114,-0.013,639.8,637.2,636.8,640.4,650.5,670.4,699.4,738.6,784.8,830.2,866.7,896.1,913.9,921.6,925.3,926.9,925.2,672.1,689.9,714.1,740.7,764.0,815.6,840.9,865.9,887.6,900.0,790.9,790.7,791.0,791.2,758.1,773.9,788.9,803.9,817.6,696.3,712.2,731.4,747.2,730.5,711.9,828.4,845.7,864.5,878.0,864.1,846.0,721.0,744.8,772.4,789.3,806.7,832.8,850.0,833.2,808.4,789.3,770.3,742.8,731.0,772.2,789.2,806.9,840.8,807.1,788.8,771.2,562.3,594.4,625.8,657.5,691.1,726.3,761.0,793.7,803.3,789.6,754.9,716.6,679.3,642.4,610.7,580.9,552.3,512.0,499.7,496.1,502.7,515.5,519.8,509.5,507.4,514.4,528.9,557.0,580.1,602.9,626.9,648.1,653.0,657.2,653.4,648.7,552.0,544.1,546.2,557.5,560.5,558.8,561.7,553.5,554.7,562.9,568.1,567.3,699.0,687.7,684.0,688.8,684.8,689.1,700.5,735.9,753.0,755.6,753.4,736.9,699.6,701.5,703.0,702.0,701.5,728.7,730.8,728.4,0.00,0.00,0.00,0.00,0.00,0.00,0.00,0.00,0.00,0.00,0.00,0.00,0.00,0.00,0.00,0.00,0.00,0.00,0.00,0.00,0.00,0.00,0.00,0.00,0.00,0.00,0.00,0.00,0.00,0.00,0.00,0.00,0.00,0.00,0.00
287,0,9.533,0.03,0,0.000000,0.000000,0.000000,0.000000,0.000000,0.000000,0.000,0.000,710.4,714.9,724.6,733.8,737.0,733.0,722.8,713.7,696.6,703.9,713.1,723.5,733.1,739.9,744.1,738.3,730.3,720.9,711.5,703.0,718.9,723.0,727.3,729.3,727.9,723.8,719.4,717.4,837.1,841.6,851.7,861.5,865.2,860.7,850.6,839.9,829.8,836.3,845.1,855.9,865.1,871.2,874.8,870.4,864.2,856.4,846.6,837.0,846.1,850.3,854.5,856.4,854.9,850.7,846.5,844.6,550.8,541.2,537.7,542.2,552.3,562.6,565.4,560.8,550.9,546.8,544.8,544.1,546.2,550.2,556.1,559.0,559.9,559.8,558.2,555.3,555.7,557.7,556.1,551.8,547.4,545.3,546.9,551.2,559.6,549.0,545.0,549.9,560.9,571.5,575.6,571.3,563.6,556.7,553.1,552.5,555.1,558.8,564.7,567.9,569.8,570.4,569.2,567.1,564.7,566.8,565.1,560.6,556.0,553.9,555.6,560.1,31.7,33.8,38.2,42.4,44.0,42.2,37.4,33.2,25.7,28.8,32.9,37.5,42.0,45.3,47.5,44.6,40.7,36.4,32.2,28.5,35.7,37.6,39.6,40.5,39.8,37.9,35.9,35.0,83.2,85.3,89.9,94.4,96.1,94.0,89.3,84.5,80.0,82.7,86.4,91.2,95.7,99.1,101.4,98.8,95.4,91.4,87.0,83.0,87.5,89.4,91.4,92.2,91.5,89.6,87.7,86.8,86.0,81.7,80.2,82.5,87.1,91.8,92.9,90.6,86.7,84.4,83.1,82.7,84.0,86.2,89.4,90.3,90.2,89.9,89.2,88.2,88.5,89.6,88.9,87.0,84.9,83.9,84.5,86.5,84.3,79.9,78.5,80.9,85.7,90.1,91.4,89.3,85.9,82.8,81.3,81.3,82.9,85.2,88.4,89.2,89.2,88.9,88.1,87.2,86.9,87.9,87.4,85.5,83.5,82.5,83.1,84.9,394.3,394.5,395.2,396.0,396.5,396.6,395.6,394.8,397.2,395.0,393.3,393.1,394.5,396.6,398.8,396.8,394.6,393.5,393.9,395.4,396.0,396.3,396.6,396.7,396.5,396.1,395.8,395.8,369.3,370.0,371.5,372.8,373.2,372.5,371.1,369.9,369.0,368.4,368.5,369.5,371.8,375.0,377.7,375.2,372.1,369.6,368.5,368.7,371.5,372.0,372.6,372.9,372.7,372.2,371.6,371.3,71.0,133.8,425.5,0.039,0.116,-0.013,639.7,637.2,636.9,640.7,650.8,670.5,699.4,738.5,784.6,830.1,866.7,896.2,913.9,921.5,925.2,926.9,925.3,671.9,689.4,713.7,740.5,764.0,815.5,841.0,866.2,887.9,900.2,790.8,790.5,790.8,791.0,758.1,773.8,788.8,803.7,817.3,696.3,712.2,731.4,747.2,730.5,712.0,828.2,845.4,864.2,877.8,863.9,845.8,721.9,745.3,772.6,789.2,806.1,831.9,849.0,832.3,807.9,789.3,770.6,743.4,731.9,772.5,789.1,806.3,839.8,806.6,788.7,771.5,562.1,594.4,626.1,658.0,691.5,726.5,760.8,793.3,802.9,789.2,754.7,716.5,679.2,642.4,610.8,581.1,552.7,512.3,499.7,495.9,502.5,515.5,519.8,509.5,507.3,514.4,529.1,557.1,580.4,603.2,627.2,648.2,653.1,657.3,653.5,648.8,552.2,544.4,546.5,557.8,560.8,559.0,561.9,553.7,555.0,563.1,568.3,567.6,699.5,687.8,683.9,688.6,684.7,689.2,700.9,736.3,753.1,755.7,753.5,737.3,700.0,701.4,702.9,702.0,701.9,728.7,730.7,728.3,0.00,0.00,0.00,0.00,0.00,0.00,0.00,0.00,0.00,0.00,0.00,0.00,0.00,0.00,0.00,0.00,0.00,0.00,0.00,0.00,0.00,0.00,0.00,0.00,0.00,0.00,0.00,0.00,0.00,0.00,0.00,0.00,0.00,0.00,0.00
288,0,9.567,0.03,0,0.000000,0.000000,0.000000,0.000000,0.000000,0.000000,0.000,0.000,710.4,714.9,724.7,733.9,737.3,733.2,723.0,713.7,696.3,703.8,713.1,723.5,733.2,739.9,744.2,738.3,730.3,720.8,711.4,702.9,718.8,723.1,727.5,729.6,728.1,723.8,719.4,717.3,837.6,842.0,851.9,861.6,865.3,860.9,850.9,840.4,830.4,836.5,844.9,855.5,864.7,871.0,874.9,870.3,864.1,856.4,846.7,837.4,846.5,850.7,855.0,856.9,855.3,851.1,846.8,844.9,551.2,541.5,537.9,542.5,552.6,563.0,565.9,561.4,551.1,547.2,545.2,544.6,546.6,550.4,555.9,559.1,560.2,560.2,558.5,555.5,556.2,558.3,556.6,552.2,547.6,545.5,547.2,551.6,560.4,550.0,546.0,550.8,561.4,571.8,575.8,571.7,563.8,556.9,553.2,552.6,555.0,558.5,564.5,567.8,569.9,570.8,569.6,567.4,565.4,567.5,565.7,561.2,556.6,554.5,556.2,560.7,31.5,33.5,38.0,42.2,43.8,42.0,37.2,33.0,25.4,28.6,32.6,37.2,41.7,45.0,47.2,44.3,40.4,36.1,31.9,28.2,35.4,37.3,39.4,40.3,39.6,37.7,35.7,34.7,86.1,88.2,92.8,97.3,99.1,97.0,92.3,87.5,83.0,85.5,89.0,93.8,98.4,101.9,104.4,101.7,98.2,94.3,89.9,85.9,90.4,92.4,94.4,95.4,94.6,92.6,90.6,89.7,85.5,81.2,79.8,82.0,86.7,91.4,92.4,90.2,86.1,83.8,82.6,82.3,83.5,85.7,88.7,89.7,89.6,89.4,88.7,87.7,88.1,89.2,88.5,86.5,84.4,83.4,84.0,86.0,87.3,82.9,81.4,83.8,88.6,93.0,94.4,92.4,88.8,85.6,84.0,83.9,85.4,87.6,90.8,91.8,92.0,91.8,91.1,90.2,90.0,91.0,90.4,88.4,86.3,85.3,86.0,87.9,391.3,391.5,392.3,393.2,393.7,393.9,392.8,391.9,394.1,391.9,390.3,390.1,391.6,393.8,396.1,394.0,391.8,390.6,391.0,392.4,393.1,393.5,393.8,393.9,393.7,393.3,392.9,392.8,381.3,381.9,383.1,384.3,384.7,384.1,382.9,382.0,381.2,380.4,380.3,381.1,383.1,386.0,388.7,386.4,383.5,381.2,380.3,380.7,383.3,383.8,384.3,384.6,384.4,383.9,383.4,383.1,71.0,133.9,425.5,0.042,0.117,-0.013,639.8,637.3,637.1,640.8,650.7,670.4,699.3,738.5,784.7,830.2,866.8,896.3,914.0,921.6,925.3,927.0,925.4,672.1,689.8,714.0,740.6,764.0,815.8,841.2,866.3,888.0,900.4,791.0,790.7,791.0,791.3,758.4,774.0,788.9,803.8,817.4,696.4,712.3,731.5,747.4,730.7,712.1,828.2,845.5,864.3,878.0,864.0,845.9,721.7,745.2,772.5,789.1,805.9,831.6,848.9,832.0,807.5,788.9,770.3,743.2,731.8,772.3,788.9,806.0,839.7,806.1,788.4,771.3,562.4,594.5,626.0,657.7,691.0,726.0,760.5,792.8,802.5,788.8,754.4,716.3,679.1,642.4,611.0,581.3,552.8,512.4,500.2,496.4,503.0,515.9,520.0,509.6,507.4,514.4,529.0,557.3,580.7,603.7,628.0,648.7,653.6,657.8,653.9,649.3,552.4,544.7,546.8,557.9,560.9,559.2,561.9,553.9,555.1,563.2,568.4,567.6,699.8,688.3,684.3,689.2,685.2,689.9,701.5,736.7,753.3,755.7,753.5,737.3,700.3,702.1,703.6,702.8,702.6,728.4,730.3,727.9,0.00,0.00,0.00,0.00,0.00,0.00,0.00,0.00,0.00,0.00,0.00,0.00,0.00,0.00,0.00,0.00,0.00,0.00,0.00,0.00,0.00,0.00,0.00,0.00,0.00,0.00,0.00,0.00,0.00,0.00,0.00,0.00,0.00,0.00,0.00
289,0,9.600,0.03,0,0.000000,0.000000,0.000000,0.000000,0.000000,0.000000,0.000,0.000,710.1,714.6,724.5,733.8,737.2,733.1,722.8,713.4,696.4,704.0,713.2,723.4,733.1,740.1,744.7,738.8,730.6,721.2,711.7,703.1,718.6,722.9,727.5,729.6,728.1,723.7,719.1,717.0,837.8,842.3,852.3,862.1,865.8,861.3,851.2,840.6,830.2,836.7,845.3,856.0,865.3,871.6,875.4,870.7,864.5,856.6,846.9,837.4,846.6,851.0,855.4,857.4,855.8,851.4,847.0,845.0,551.5,541.8,538.2,542.9,553.0,563.5,566.3,561.7,551.4,547.7,545.8,545.2,547.0,550.7,555.9,559.3,560.4,560.4,558.8,555.9,556.7,558.8,557.2,552.6,547.9,545.7,547.4,551.9,560.5,549.9,545.8,550.5,561.3,571.9,576.0,572.0,564.3,557.5,553.8,553.1,555.4,558.8,564.5,567.9,570.1,571.0,569.9,567.7,565.5,567.6,565.8,561.1,556.3,554.2,556.0,560.7,31.3,33.4,37.9,42.1,43.7,41.9,37.1,32.9,25.4,28.6,32.6,37.2,41.6,45.0,47.3,44.4,40.5,36.2,32.0,28.3,35.3,37.2,39.3,40.3,39.6,37.6,35.5,34.5,84.4,86.4,91.0,95.6,97.3,95.3,90.6,85.8,81.2,83.7,87.4,92.2,96.7,100.2,102.6,99.9,96.5,92.5,88.1,84.2,88.7,90.7,92.7,93.7,92.9,90.9,88.8,87.9,85.6,81.3,79.9,82.1,86.7,91.5,92.5,90.3,86.2,84.0,82.8,82.5,83.6,85.7,88.6,89.6,89.6,89.4,88.7,87.8,88.3,89.3,88.6,86.6,84.5,83.4,84.1,86.1,85.6,81.1,79.6,82.0,86.8,91.2,92.7,90.7,87.2,84.1,82.5,82.4,83.9,86.0,89.2,90.1,90.3,90.1,89.4,88.5,88.2,89.2,88.6,86.6,84.5,83.5,84.1,86.1,391.2,391.4,392.1,392.8,393.2,393.3,392.3,391.6,394.0,391.8,390.2,389.9,391.2,393.3,395.5,393.5,391.3,390.2,390.6,392.1,392.7,393.1,393.4,393.5,393.3,393.0,392.7,392.6,373.4,373.9,375.2,376.5,377.1,376.7,375.4,374.3,373.4,372.5,372.4,373.3,375.5,378.6,381.5,379.1,376.1,373.7,372.7,373.0,375.6,376.2,376.7,376.9,376.7,376.1,375.5,375.3,71.0,134.0,425.4,0.033,0.116,-0.010,639.3,637.0,637.0,640.7,650.4,669.9,698.9,738.3,784.6,830.3,866.9,896.4,914.0,921.5,925.3,927.1,925.5,672.1,689.9,714.2,740.9,764.4,815.8,841.0,865.9,887.6,900.3,791.5,791.4,791.8,792.1,759.0,774.6,789.4,804.2,817.6,696.4,712.3,731.6,747.5,730.7,712.1,828.4,845.7,864.6,878.3,864.2,846.0,722.8,745.6,772.4,789.0,805.7,830.9,847.4,830.9,806.8,788.4,769.8,743.3,733.0,772.1,788.8,805.7,838.1,805.7,788.1,771.0,562.1,594.3,625.7,657.4,690.8,726.0,760.5,792.6,802.2,788.9,754.6,716.4,679.3,642.6,611.3,581.7,553.3,512.8,500.5,496.7,503.5,516.5,520.6,510.3,507.9,514.4,528.7,557.6,581.0,603.9,628.1,648.9,653.7,657.9,654.3,650.0,552.6,545.1,547.1,558.4,561.3,559.6,562.2,554.3,555.5,563.5,568.8,567.9,702.1,689.2,684.5,689.5,685.6,691.4,704.6,738.3,753.9,756.1,753.8,738.2,702.5,703.1,704.6,704.1,705.3,728.2,729.8,727.4,0.00,0.00,0.00,0.00,0.00,0.00,0.00,0.00,0.00,0.00,0.00,0.00,0.00,0.00,0.00,0.00,0.00,0.00,0.00,0.00,0.00,0.00,0.00,0.00,0.00,0.00,0.00,0.00,0.00,0.00,0.00,0.00,0.00,0.00,0.00
290,0,9.633,0.03,0,0.000000,0.000000,0.000000,0.000000,0.000000,0.000000,0.000,0.000,710.6,715.1,724.8,734.0,737.3,733.3,723.0,713.8,696.8,704.2,713.4,723.6,733.3,740.0,744.4,738.5,730.5,721.1,711.8,703.4,718.9,723.2,727.7,729.8,728.3,724.0,719.5,717.4,837.5,841.6,851.4,861.2,865.2,861.1,851.2,840.6,830.2,836.5,845.0,855.5,864.6,870.9,874.9,870.6,864.5,856.7,846.9,837.4,846.5,850.7,854.9,856.6,854.9,850.8,846.6,844.8,552.1,542.5,539.0,543.6,553.6,563.9,566.8,562.2,551.8,548.1,546.3,545.7,547.7,551.4,556.9,559.9,560.7,560.6,559.0,556.1,557.1,559.3,557.6,553.2,548.6,546.4,548.1,552.5,561.1,550.6,546.6,551.3,562.0,572.5,576.5,572.5,564.6,557.9,554.1,553.3,555.6,559.2,565.1,568.5,570.4,571.1,570.0,568.1,566.1,568.1,566.4,562.0,557.4,555.4,557.1,561.6,31.9,34.0,38.5,42.7,44.3,42.5,37.7,33.5,25.9,29.1,33.1,37.7,42.2,45.5,47.8,44.9,41.0,36.6,32.5,28.8,35.9,37.9,39.9,40.9,40.2,38.2,36.1,35.2,85.0,87.0,91.6,96.1,97.9,95.8,91.2,86.4,81.8,84.4,88.1,92.8,97.3,100.8,103.3,100.7,97.2,93.2,88.8,84.7,89.3,91.2,93.2,94.1,93.3,91.4,89.4,88.6,87.0,82.7,81.2,83.5,88.1,92.9,93.9,91.6,87.5,85.3,84.1,83.8,85.0,87.1,90.1,91.0,90.9,90.6,90.0,89.0,89.6,90.7,90.0,88.0,85.8,84.8,85.5,87.5,86.5,82.2,80.8,83.1,87.8,92.1,93.5,91.5,88.0,85.0,83.4,83.2,84.7,87.0,90.2,91.0,91.1,90.8,90.1,89.4,89.1,90.1,89.5,87.7,85.7,84.7,85.3,87.2,396.1,396.2,396.9,397.7,398.2,398.4,397.4,396.6,399.0,396.8,395.1,394.8,396.2,398.2,400.5,398.5,396.3,395.2,395.7,397.1,397.8,398.1,398.4,398.5,398.3,397.9,397.6,397.5,376.5,377.4,378.9,380.1,380.2,379.3,377.8,376.8,376.2,375.8,375.9,376.8,379.0,382.0,384.7,382.0,378.9,376.4,375.4,375.7,378.4,378.9,379.6,379.9,379.9,379.4,378.8,378.4,71.0,134.1,425.0,0.033,0.117,-0.009,639.7,637.4,637.4,640.9,650.3,669.6,698.4,737.7,784.1,829.9,866.7,896.4,914.1,921.6,925.5,927.5,925.9,672.0,689.7,714.0,740.8,764.6,815.7,841.1,866.0,887.9,900.7,791.6,791.5,791.8,792.1,759.0,774.6,789.4,804.2,817.7,696.6,712.5,731.7,747.6,730.9,712.3,828.4,845.8,864.5,878.3,864.1,846.0,723.2,745.9,772.6,789.0,805.5,830.5,846.9,830.5,806.6,788.4,770.0,743.6,733.3,772.3,788.8,805.6,837.6,805.5,788.1,771.2,562.1,594.4,625.9,657.5,691.1,726.2,760.6,792.7,802.5,789.3,755.0,716.7,679.5,642.8,611.5,581.9,553.5,513.3,500.9,497.2,503.9,516.9,521.0,510.8,508.3,514.6,528.9,558.0,581.4,604.4,628.7,649.3,654.2,658.4,654.9,650.4,553.0,545.7,547.7,558.8,561.7,560.0,562.4,554.7,556.0,563.8,569.1,568.2,703.0,690.1,685.4,690.4,686.5,692.4,705.4,738.8,754.3,756.5,754.2,738.8,703.4,703.9,705.4,704.9,706.2,728.4,730.1,727.7,0.00,0.00,0.00,0.00,0.00,0.00,0.00,0.00,0.00,0.00,0.00,0.00,0.00,0.00,0.00,0.00,0.00,0.00,0.00,0.00,0.00,0.00,0.00,0.00,0.00,0.00,0.00,0.00,0.00,0.00,0.00,0.00,0.00,0.00,0.00
291,0,9.667,0.03,0,0.000000,0.000000,0.000000,0.000000,0.000000,0.000000,0.000,0.000,710.9,715.4,725.3,734.7,738.1,734.0,723.7,714.3,697.0,704.5,713.9,724.2,733.9,740.8,745.2,739.2,731.2,721.9,712.4,703.8,719.4,723.8,728.4,730.5,728.9,724.5,719.9,717.8,837.7,842.3,852.6,862.5,866.3,861.8,851.5,840.6,830.3,836.9,845.7,856.6,865.8,872.2,876.1,871.5,865.2,857.2,847.2,837.5,846.6,851.2,855.9,857.9,856.2,851.7,847.0,844.9,552.4,542.6,538.9,543.5,553.7,564.2,567.2,562.6,552.2,548.4,546.4,545.8,547.9,552.0,557.9,560.4,561.1,560.8,559.1,556.3,557.5,559.6,557.9,553.4,548.6,546.4,548.1,552.7,560.8,550.1,546.1,551.0,562.0,572.6,576.7,572.5,564.2,557.8,554.4,553.9,556.2,559.5,565.2,568.8,570.9,571.7,570.4,568.1,566.2,568.5,566.6,561.8,556.7,554.5,556.3,561.2,31.6,33.6,38.1,42.4,44.0,42.2,37.4,33.2,25.6,28.8,32.8,37.4,41.9,45.2,47.4,44.5,40.7,36.4,32.2,28.5,35.5,37.5,39.6,40.6,39.9,37.9,35.8,34.8,82.9,85.0,89.6,94.1,95.9,93.8,89.1,84.3,79.8,82.4,86.1,90.8,95.3,98.8,101.2,98.6,95.1,91.1,86.7,82.7,87.1,89.2,91.3,92.3,91.5,89.4,87.3,86.4,85.7,81.4,79.9,82.2,86.8,91.6,92.6,90.4,86.3,84.1,82.9,82.6,83.8,86.1,89.2,89.9,89.7,89.3,88.6,87.7,88.4,89.4,88.7,86.7,84.5,83.5,84.2,86.2,84.2,79.9,78.5,80.8,85.5,89.9,91.3,89.3,85.6,82.8,81.4,81.3,82.8,84.9,88.0,88.9,89.1,88.8,88.1,87.2,87.0,88.0,87.4,85.4,83.2,82.2,82.8,84.8,390.0,390.2,391.0,391.8,392.2,392.3,391.2,390.4,392.8,390.7,389.0,388.8,390.2,392.2,394.4,392.4,390.2,389.1,389.4,390.9,391.6,392.0,392.3,392.4,392.3,391.9,391.5,391.4,367.0,367.6,368.9,370.2,370.6,369.9,368.6,367.6,366.9,366.2,366.2,367.1,369.2,372.3,375.1,372.6,369.7,367.2,366.2,366.5,369.0,369.5,370.1,370.4,370.2,369.7,369.1,368.8,71.2,134.3,425.3,0.029,0.117,-0.009,640.3,638.0,638.0,641.4,650.4,669.4,698.0,737.5,784.2,830.3,867.3,897.0,914.4,921.8,925.7,927.7,926.2,672.5,690.2,714.5,741.3,765.0,815.9,841.2,866.1,888.0,901.0,792.0,791.9,792.3,792.5,759.3,774.9,789.8,804.7,818.2,696.9,713.0,732.3,748.3,731.4,712.8,828.8,846.3,865.1,878.9,864.8,846.5,723.0,745.7,772.5,789.2,806.2,831.3,847.6,831.2,807.2,788.5,769.7,743.3,733.2,772.1,789.0,806.2,838.2,806.1,788.3,770.9,563.5,595.6,626.8,658.2,691.4,726.4,760.9,793.1,803.0,789.8,755.4,716.8,679.3,642.3,611.0,581.4,553.0,513.7,501.3,497.6,504.3,517.2,521.2,510.9,508.4,514.7,528.9,558.1,581.6,604.7,628.9,649.8,654.7,658.9,655.4,651.0,553.3,545.9,547.9,559.2,562.1,560.4,562.8,554.9,556.2,564.0,569.5,568.6,703.8,690.6,685.7,690.9,686.9,693.0,706.5,739.2,754.5,756.6,754.2,738.9,704.2,704.5,706.2,705.7,707.1,728.4,730.0,727.6,0.00,0.00,0.00,0.00,0.00,0.00,0.00,0.00,0.00,0.00,0.00,0.00,0.00,0.00,0.00,0.00,0.00,0.00,0.00,0.00,0.00,0.00,0.00,0.00,0.00,0.00,0.00,0.00,0.00,0.00,0.00,0.00,0.00,0.00,0.00
292,0,9.700,0.03,0,0.000000,0.000000,0.000000,0.000000,0.000000,0.000000,0.000,0.000,711.5,716.1,726.0,735.4,738.8,734.7,724.3,714.9,697.7,705.3,714.6,724.9,734.5,741.3,745.6,739.7,731.7,722.4,713.0,704.4,720.0,724.4,729.1,731.2,729.6,725.2,720.6,718.4,838.2,842.5,852.6,862.5,866.5,862.2,852.2,841.3,830.8,837.4,846.1,856.9,866.0,872.1,876.0,871.9,866.0,858.2,848.2,838.2,847.3,851.6,855.9,857.8,856.1,851.8,847.4,845.5,552.8,542.9,539.1,543.7,553.9,564.5,567.5,563.0,552.1,548.3,546.5,545.9,547.9,551.9,557.7,560.4,561.2,560.9,559.2,556.3,557.8,559.9,558.2,553.6,548.8,546.6,548.4,553.0,561.5,550.8,546.8,551.7,562.8,573.6,577.6,573.4,564.9,558.2,554.4,553.6,555.9,559.6,565.6,569.1,571.1,571.8,570.7,568.7,566.9,569.1,567.3,562.7,557.9,555.7,557.5,562.1,31.9,34.0,38.5,42.8,44.4,42.6,37.8,33.5,25.9,29.2,33.2,37.7,42.2,45.5,47.7,44.8,41.0,36.7,32.6,28.8,35.9,37.9,40.0,41.0,40.2,38.2,36.1,35.1,82.4,84.4,89.0,93.5,95.3,93.2,88.6,83.8,79.2,81.9,85.6,90.4,94.8,98.2,100.5,98.1,94.7,90.8,86.3,82.2,86.7,88.6,90.6,91.5,90.7,88.8,86.8,85.9,86.0,81.6,80.1,82.4,87.1,91.9,93.0,90.7,86.3,84.2,83.0,82.7,83.9,86.1,89.3,90.0,89.9,89.5,88.8,87.8,88.7,89.7,89.0,87.0,84.7,83.7,84.4,86.5,83.8,79.5,78.2,80.6,85.3,89.6,90.8,88.8,85.1,82.2,80.7,80.7,82.1,84.4,87.6,88.4,88.5,88.1,87.4,86.6,86.5,87.6,87.0,85.1,83.1,82.1,82.6,84.5,390.6,390.7,391.4,392.3,392.9,393.2,392.1,391.2,393.2,391.1,389.4,389.2,390.7,392.8,395.1,393.1,391.0,389.8,390.1,391.5,392.3,392.8,393.1,393.1,392.9,392.4,392.1,392.0,363.7,364.7,366.4,367.7,368.0,366.9,365.3,364.1,363.4,363.0,363.3,364.5,366.8,369.9,372.7,370.0,366.7,364.1,362.9,363.0,365.8,366.4,367.1,367.6,367.5,366.9,366.1,365.7,71.4,134.3,425.0,0.020,0.112,-0.004,640.7,638.4,638.3,641.4,650.1,668.8,697.5,737.0,783.9,830.2,867.5,897.1,914.7,922.1,926.0,928.2,926.7,673.0,690.7,715.2,742.1,766.0,816.6,841.9,866.7,888.6,901.8,793.0,793.0,793.5,794.0,760.5,776.0,790.8,805.6,819.0,697.6,713.6,732.9,749.0,732.1,713.5,829.5,847.1,865.9,879.6,865.4,847.2,723.4,746.2,773.0,790.0,807.3,832.2,848.2,831.8,807.7,788.8,769.7,743.4,733.7,772.4,789.6,807.1,838.9,806.8,788.7,771.1,564.1,595.9,626.7,657.7,690.9,725.9,760.7,793.2,803.4,790.5,756.1,717.5,680.0,642.9,611.6,582.1,553.7,513.6,501.4,497.7,504.4,517.3,521.4,511.1,508.6,514.6,528.5,558.1,581.4,604.4,628.7,650.0,654.9,659.1,655.8,651.6,553.3,546.0,547.9,559.1,562.0,560.4,562.8,555.0,556.4,564.3,569.7,568.7,704.6,691.3,686.4,691.8,687.9,694.3,708.0,740.0,754.9,756.9,754.4,739.1,705.1,705.6,707.4,707.0,708.5,728.4,729.9,727.3,0.00,0.00,0.00,0.00,0.00,0.00,0.00,0.00,0.00,0.00,0.00,0.00,0.00,0.00,0.00,0.00,0.00,0.00,0.00,0.00,0.00,0.00,0.00,0.00,0.00,0.00,0.00,0.00,0.00,0.00,0.00,0.00,0.00,0.00,0.00
293,0,9.733,0.03,0,0.000000,0.000000,0.000000,0.000000,0.000000,0.000000,0.000,0.000,711.7,716.2,726.2,735.8,739.4,735.5,724.9,715.3,698.2,705.6,714.9,725.1,734.9,741.9,746.4,740.3,732.2,722.9,713.5,704.9,720.4,725.0,729.7,731.8,730.1,725.6,720.9,718.7,838.8,843.7,854.1,864.0,867.5,862.6,852.2,841.4,831.1,838.2,847.3,858.2,867.4,873.4,877.1,872.6,866.5,858.5,848.5,838.5,847.5,852.0,856.8,859.0,857.4,852.9,848.1,845.9,552.9,542.9,538.9,543.3,553.6,564.2,567.6,563.1,552.1,548.5,546.8,546.2,548.0,551.8,557.5,560.2,561.2,561.2,559.4,556.4,557.7,559.8,558.0,553.3,548.4,546.3,548.2,552.9,561.0,550.2,546.2,551.5,562.8,573.6,577.5,573.0,563.8,557.6,554.4,554.0,556.5,560.0,565.7,569.3,571.4,572.1,570.6,568.0,566.7,569.1,567.3,562.4,557.2,554.8,556.6,561.5,31.8,33.8,38.3,42.7,44.4,42.7,37.9,33.5,26.0,29.2,33.1,37.6,42.1,45.5,47.7,44.8,41.0,36.7,32.6,28.9,35.9,37.9,40.1,41.0,40.2,38.2,36.0,35.1,81.3,83.4,88.1,92.5,94.1,91.9,87.3,82.5,78.1,80.9,84.6,89.4,93.8,97.1,99.4,96.8,93.5,89.5,85.1,81.1,85.4,87.4,89.5,90.5,89.8,87.8,85.6,84.7,85.7,81.2,79.5,81.7,86.4,91.3,92.6,90.4,85.9,83.8,82.6,82.3,83.4,85.5,88.6,89.4,89.4,89.1,88.4,87.4,88.2,89.2,88.5,86.3,84.1,83.1,83.9,86.0,82.2,77.9,76.6,79.1,83.9,88.2,89.5,87.3,83.3,80.6,79.4,79.5,81.0,83.2,86.3,87.2,87.3,86.9,86.0,84.9,85.0,86.2,85.6,83.6,81.5,80.3,80.9,82.9,388.5,388.4,388.9,389.8,390.5,391.1,390.2,389.3,391.2,389.0,387.1,386.8,388.2,390.3,392.6,390.8,388.8,387.7,388.1,389.6,390.3,390.7,390.9,390.9,390.5,390.1,389.9,389.9,357.8,358.5,360.0,361.5,362.0,361.4,359.8,358.5,357.6,357.1,357.2,358.4,360.8,364.0,367.0,364.3,361.1,358.5,357.3,357.3,360.0,360.7,361.4,361.7,361.4,360.8,360.1,359.8,71.3,134.2,424.0,0.017,0.113,-0.000,641.0,638.7,638.5,641.6,650.2,668.8,697.0,736.2,783.2,829.8,867.4,897.4,915.0,922.4,926.3,928.5,927.0,673.4,691.0,715.5,742.6,766.7,817.3,842.8,867.7,889.7,902.7,793.7,793.6,794.0,794.4,761.0,776.3,791.0,805.7,819.1,698.0,714.1,733.3,749.4,732.5,713.9,830.1,847.7,866.5,880.1,865.9,847.7,724.0,746.8,773.3,790.0,806.9,831.5,847.4,830.8,806.9,788.3,769.6,743.8,734.3,772.6,789.4,806.6,838.1,806.1,788.4,771.3,563.4,595.3,626.4,657.6,691.1,726.1,760.8,793.3,803.9,791.3,756.9,717.9,680.1,642.9,611.6,582.1,553.6,513.7,501.5,497.7,504.5,517.3,521.5,511.2,508.7,514.8,528.9,558.1,581.3,604.2,628.4,650.3,655.2,659.4,656.3,652.1,553.2,546.0,547.9,559.0,562.1,560.5,562.7,555.1,556.6,564.6,570.0,568.8,706.0,692.9,688.0,693.5,689.6,696.2,709.9,741.2,755.5,757.3,754.7,739.6,706.5,707.3,709.1,708.9,710.3,729.0,730.3,727.7,0.00,0.00,0.00,0.00,0.00,0.00,0.00,0.00,0.00,0.00,0.00,0.00,0.00,0.00,0.00,0.00,0.00,0.00,0.00,0.00,0.00,0.00,0.00,0.00,0.00,0.00,0.00,0.00,0.00,0.00,0.00,0.00,0.00,0.00,0.00
294,0,9.767,0.03,0,0.000000,0.000000,0.000000,0.000000,0.000000,0.000000,0.000,0.000,712.1,716.5,726.5,736.2,739.9,735.9,725.4,715.7,698.5,706.1,715.5,725.8,735.6,742.6,747.0,740.9,732.8,723.3,713.9,705.2,720.8,725.4,730.1,732.2,730.5,725.9,721.2,719.1,839.0,843.2,853.4,863.5,867.7,863.6,853.4,842.3,831.4,838.2,847.1,858.0,867.2,873.4,877.4,873.3,867.3,859.4,849.3,839.1,848.2,852.7,857.1,858.9,857.1,852.6,848.2,846.4,553.2,543.1,539.0,543.5,553.8,564.6,567.9,563.5,552.2,548.6,546.8,546.2,548.0,551.6,557.1,560.2,561.3,561.3,559.6,556.6,558.1,560.2,558.3,553.5,548.7,546.6,548.5,553.2,561.8,550.8,546.6,551.6,562.8,573.8,578.0,573.8,565.0,558.2,554.5,553.7,556.1,559.8,565.9,569.5,571.4,572.1,570.9,568.9,567.3,569.5,567.6,562.8,557.9,555.7,557.6,562.4,31.8,33.8,38.3,42.7,44.4,42.7,37.9,33.5,26.0,29.2,33.2,37.7,42.2,45.5,47.8,44.8,41.0,36.7,32.6,28.9,35.8,37.9,40.0,41.0,40.2,38.1,36.0,35.1,81.1,83.1,87.6,92.1,93.9,91.9,87.3,82.5,77.9,80.6,84.3,89.0,93.4,96.8,99.2,96.7,93.4,89.5,85.1,80.9,85.3,87.3,89.3,90.2,89.4,87.4,85.4,84.6,85.3,80.9,79.2,81.4,86.1,90.9,92.2,90.0,85.5,83.4,82.2,81.9,83.0,85.1,88.0,89.0,89.0,88.7,88.0,87.0,87.9,88.9,88.2,86.0,83.8,82.8,83.6,85.7,82.2,78.0,76.6,79.0,83.7,87.9,89.2,87.2,83.4,80.6,79.2,79.1,80.6,82.9,86.1,86.9,86.9,86.5,85.7,84.9,85.0,86.0,85.4,83.6,81.5,80.5,81.1,82.9,386.5,386.5,387.1,388.0,388.7,389.0,388.0,387.1,389.0,386.9,385.2,385.0,386.4,388.5,390.8,388.8,386.7,385.6,386.0,387.4,388.2,388.6,388.9,388.9,388.7,388.2,387.9,387.9,356.5,357.6,359.4,360.7,360.9,359.8,358.0,356.8,356.1,355.8,356.2,357.4,359.8,362.9,365.7,362.8,359.5,356.8,355.6,355.7,358.6,359.2,360.0,360.5,360.4,359.8,359.0,358.6,71.4,133.9,422.3,0.002,0.108,0.001,641.9,639.3,638.9,641.8,650.6,669.1,697.4,736.4,783.5,830.2,867.8,897.8,915.4,922.8,926.9,929.0,927.2,673.8,691.3,715.7,742.9,767.1,817.3,842.7,867.7,889.8,902.9,794.2,794.5,795.2,795.7,762.1,777.5,792.1,806.8,820.3,698.6,714.6,733.9,750.2,733.3,714.6,830.4,848.3,867.1,880.7,866.4,848.1,724.4,747.8,774.3,791.4,808.8,833.6,849.5,832.8,808.7,789.7,770.6,744.8,734.7,773.4,790.7,808.5,840.3,808.0,789.8,772.3,565.7,597.2,627.7,658.6,691.8,726.6,761.4,794.1,804.8,792.5,757.9,718.5,680.5,643.1,611.6,582.2,553.7,513.5,501.6,497.7,504.5,517.3,521.8,511.2,508.6,514.9,528.9,557.9,581.0,603.9,628.1,651.3,656.1,660.3,657.3,653.2,553.2,546.1,547.8,558.8,561.9,560.7,562.8,555.2,556.8,564.8,570.2,569.0,707.2,695.3,690.6,696.2,692.3,698.7,711.3,741.6,755.5,757.4,754.6,739.6,708.0,710.2,712.1,711.8,711.7,728.9,730.1,727.3,0.00,0.00,0.00,0.00,0.00,0.00,0.00,0.00,0.00,0.00,0.00,0.00,0.00,0.00,0.00,0.00,0.00,0.00,0.00,0.00,0.00,0.00,0.00,0.00,0.00,0.00,0.00,0.00,0.00,0.00,0.00,0.00,0.00,0.00,0.00
295,0,9.800,0.03,0,0.000000,0.000000,0.000000,0.000000,0.000000,0.000000,0.000,0.000,712.7,717.2,727.3,737.0,740.6,736.7,726.1,716.4,698.7,706.5,716.0,726.3,736.2,743.2,747.8,741.7,733.6,724.2,714.5,705.7,721.5,726.0,730.7,732.8,731.1,726.6,721.9,719.8,839.6,844.5,855.0,865.0,868.6,863.7,853.2,842.2,831.7,838.8,848.0,859.2,868.4,874.5,878.1,873.6,867.4,859.3,849.2,839.2,848.3,852.9,857.8,860.1,858.4,853.8,848.9,846.6,552.7,542.5,538.6,543.2,553.6,564.5,567.7,563.1,552.4,548.7,546.7,546.1,548.1,552.0,557.8,560.6,561.4,561.3,559.6,556.7,557.8,560.0,558.1,553.4,548.5,546.4,548.2,552.9,560.9,550.0,546.0,551.4,562.9,573.8,577.8,573.2,564.7,558.0,554.5,554.0,556.6,560.3,566.2,569.8,571.9,572.5,571.1,568.6,566.9,569.4,567.5,562.4,557.1,554.6,556.4,561.5,31.8,33.8,38.2,42.6,44.2,42.5,37.7,33.4,25.8,29.1,33.1,37.6,42.0,45.4,47.7,44.7,40.9,36.7,32.5,28.8,35.8,37.8,39.9,40.8,40.1,38.0,35.9,35.0,80.2,82.4,87.0,91.4,93.0,90.9,86.2,81.4,77.0,79.8,83.5,88.2,92.6,96.0,98.2,95.6,92.3,88.4,84.0,80.0,84.3,86.3,88.5,89.5,88.7,86.7,84.5,83.5,84.2,79.8,78.3,80.4,85.1,89.9,91.1,88.9,84.6,82.6,81.4,81.1,82.2,84.4,87.4,88.2,88.1,87.7,87.1,86.1,86.8,87.9,87.1,85.1,82.9,81.9,82.6,84.6,80.8,76.5,75.3,77.8,82.6,86.8,88.0,85.9,82.2,79.5,78.1,78.1,79.7,82.0,85.1,85.9,86.0,85.6,84.8,83.8,83.7,84.9,84.3,82.3,80.1,78.9,79.5,81.5,382.4,382.7,383.5,384.3,384.7,384.8,383.7,382.8,385.0,382.9,381.3,381.1,382.5,384.6,386.8,384.8,382.6,381.4,381.8,383.2,384.1,384.5,384.8,384.9,384.8,384.4,384.0,383.9,351.7,352.5,354.1,355.6,356.1,355.3,353.8,352.4,351.6,351.0,351.2,352.3,354.8,358.1,361.0,358.3,355.2,352.6,351.3,351.3,354.0,354.6,355.4,355.7,355.5,354.8,354.1,353.7,71.6,134.0,422.2,-0.000,0.104,0.002,641.9,639.4,639.1,642.1,650.6,668.9,697.2,736.4,783.7,830.4,867.8,897.7,915.2,922.6,926.8,929.0,927.4,674.0,691.4,715.9,743.3,767.6,818.0,843.5,868.7,890.7,903.5,794.7,794.9,795.6,796.2,762.5,777.9,792.5,807.2,820.5,699.0,715.1,734.4,750.7,733.8,715.0,830.7,848.6,867.5,881.0,866.8,848.5,725.1,748.3,774.8,791.9,809.3,833.9,849.6,833.1,809.2,790.3,771.2,745.3,735.3,774.0,791.2,808.9,840.4,808.5,790.3,772.8,567.0,598.5,628.8,659.5,692.4,726.9,761.7,794.5,805.3,793.0,758.5,719.3,681.2,643.7,612.1,582.7,554.1,513.9,501.7,497.7,504.4,517.3,521.8,511.2,508.8,515.5,529.6,558.1,581.2,604.0,628.0,651.2,656.0,660.2,657.2,653.1,553.5,546.0,547.8,559.1,562.2,560.9,563.2,555.2,556.9,565.1,570.6,569.4,707.3,695.0,690.3,695.8,691.9,698.3,711.1,742.0,756.2,758.0,755.3,740.1,707.9,709.4,711.3,710.9,711.5,730.1,731.4,728.5,0.00,0.00,0.00,0.00,0.00,0.00,0.00,0.00,0.00,0.00,0.00,0.00,0.00,0.00,0.00,0.00,0.00,0.00,0.00,0.00,0.00,0.00,0.00,0.00,0.00,0.00,0.00,0.00,0.00,0.00,0.00,0.00,0.00,0.00,0.00
296,0,9.833,0.03,0,0.000000,0.000000,0.000000,0.000000,0.000000,0.000000,0.000,0.000,713.1,717.7,727.8,737.4,740.9,736.7,726.2,716.6,698.8,706.9,716.5,727.0,736.7,743.5,747.7,741.7,733.7,724.2,714.7,705.8,721.7,726.1,730.8,733.0,731.4,726.9,722.2,720.0,839.9,844.3,854.5,864.5,868.5,864.1,853.9,842.9,832.6,839.3,848.1,858.9,868.1,874.2,878.0,873.6,867.6,859.9,850.0,840.1,848.8,853.3,858.0,860.0,858.1,853.6,848.9,846.9,552.0,541.9,538.0,542.8,553.4,564.3,567.4,562.6,551.5,547.6,545.7,545.2,547.2,551.1,556.9,560.0,560.9,560.8,558.9,555.9,557.4,559.6,557.8,553.1,548.2,545.9,547.7,552.4,561.7,550.8,546.6,551.7,563.0,573.9,578.1,573.8,565.6,558.3,554.3,553.7,556.2,560.1,566.4,569.9,571.9,572.6,571.4,569.2,567.4,569.7,567.8,562.8,557.7,555.4,557.3,562.2,31.8,33.8,38.3,42.6,44.2,42.4,37.6,33.3,25.7,29.1,33.2,37.7,42.1,45.3,47.4,44.5,40.8,36.5,32.4,28.7,35.7,37.7,39.8,40.7,40.0,38.0,35.9,34.9,81.9,83.9,88.5,93.0,94.8,92.7,88.1,83.2,78.8,81.4,85.1,89.9,94.2,97.6,99.9,97.3,94.0,90.2,85.8,81.8,86.0,88.1,90.2,91.1,90.3,88.3,86.2,85.3,83.5,79.1,77.7,80.0,84.7,89.5,90.5,88.2,83.7,81.6,80.5,80.3,81.5,83.6,86.7,87.6,87.4,87.1,86.3,85.3,86.2,87.3,86.6,84.6,82.4,81.3,82.0,84.0,82.6,78.4,77.0,79.4,84.2,88.5,89.8,87.7,84.1,81.0,79.5,79.5,81.1,83.4,86.6,87.5,87.5,87.2,86.4,85.5,85.5,86.6,86.0,84.0,81.9,80.8,81.4,83.3,380.3,380.7,381.7,382.8,383.2,383.2,381.8,380.7,382.4,380.5,379.2,379.2,380.8,383.0,385.3,383.1,380.7,379.4,379.6,380.8,382.1,382.6,383.1,383.3,383.1,382.6,382.1,381.9,358.5,359.4,361.1,362.5,362.9,361.9,360.2,358.9,358.0,357.7,358.0,359.2,361.5,364.6,367.3,364.7,361.5,358.8,357.7,357.7,360.6,361.3,362.0,362.5,362.3,361.7,360.9,360.5,71.8,134.2,423.2,-0.006,0.115,0.002,642.2,640.0,639.9,643.1,652.0,670.4,698.2,736.9,783.7,830.5,868.3,898.6,916.2,923.6,927.7,929.9,928.1,674.6,692.1,716.5,743.5,767.7,818.1,843.4,868.4,890.5,903.5,795.0,795.0,795.5,795.9,762.4,777.8,792.4,807.1,820.5,699.3,715.4,734.8,750.9,734.0,715.2,831.2,848.9,867.9,881.5,867.2,848.8,724.7,747.9,774.7,791.3,808.2,833.1,849.3,832.3,808.0,789.6,770.9,744.8,734.9,774.0,790.7,807.9,839.9,807.3,789.8,772.7,566.7,598.5,629.4,660.5,693.7,728.4,763.0,795.5,806.2,794.0,759.4,719.9,681.7,644.1,612.4,583.0,554.7,513.0,500.9,496.9,503.7,516.8,521.6,511.3,509.0,515.4,529.6,557.5,580.7,603.5,627.6,650.5,655.5,659.7,656.7,652.7,552.6,545.1,547.0,558.5,561.6,560.1,562.9,555.1,556.8,565.2,570.5,569.1,706.3,693.4,688.5,694.1,690.4,697.2,710.8,742.6,756.8,758.4,755.6,740.1,707.0,708.3,710.1,710.0,711.2,729.8,730.9,728.1,0.00,0.00,0.00,0.00,0.00,0.00,0.00,0.00,0.00,0.00,0.00,0.00,0.00,0.00,0.00,0.00,0.00,0.00,0.00,0.00,0.00,0.00,0.00,0.00,0.00,0.00,0.00,0.00,0.00,0.00,0.00,0.00,0.00,0.00,0.00
297,0,9.867,0.03,0,0.000000,0.000000,0.000000,0.000000,0.000000,0.000000,0.000,0.000,713.2,717.8,727.8,737.5,741.1,737.0,726.5,716.9,698.6,707.0,716.8,727.2,736.7,743.6,748.0,742.3,734.5,725.2,715.4,706.1,721.7,726.3,731.1,733.3,731.5,726.9,722.2,720.0,840.3,845.5,856.0,865.6,868.7,863.5,853.0,842.3,832.4,839.9,849.1,860.0,869.0,874.8,878.1,873.6,867.6,859.7,849.8,839.8,848.6,853.0,857.9,860.3,858.9,854.4,849.5,847.1,551.8,541.5,537.6,542.4,553.1,564.1,567.3,562.5,551.2,547.6,545.8,545.2,547.1,550.8,556.4,559.6,560.6,560.5,558.7,555.7,557.3,559.6,557.7,552.8,547.7,545.5,547.3,552.2,560.8,550.1,546.4,551.9,563.4,574.2,577.9,573.0,562.9,557.2,554.4,554.4,557.0,560.5,566.1,570.2,572.5,573.1,571.2,568.0,566.8,569.4,567.7,562.7,557.4,554.8,556.5,561.5,31.5,33.5,37.9,42.3,43.9,42.1,37.4,33.1,25.3,28.8,33.0,37.4,41.7,44.9,47.1,44.4,40.7,36.6,32.3,28.5,35.3,37.4,39.5,40.5,39.7,37.6,35.5,34.6,80.8,83.1,87.7,92.1,93.5,91.2,86.5,81.9,77.6,80.5,84.3,89.0,93.3,96.5,98.8,96.1,92.8,88.9,84.6,80.5,84.7,86.7,88.9,90.0,89.3,87.3,85.1,84.1,82.5,78.2,76.7,79.0,83.8,88.5,89.5,87.2,82.6,80.7,79.7,79.5,80.7,82.8,85.7,86.6,86.4,86.0,85.3,84.2,85.3,86.4,85.7,83.6,81.4,80.3,81.0,83.0,81.1,76.9,75.7,78.3,83.2,87.4,88.5,86.2,81.9,79.4,78.3,78.6,80.3,82.4,85.5,86.5,86.7,86.3,85.2,83.8,84.0,85.3,84.7,82.8,80.5,79.3,79.8,81.8,376.2,376.8,378.0,379.2,379.6,379.4,377.8,376.6,378.2,376.5,375.3,375.5,377.3,379.6,382.0,379.6,377.1,375.5,375.5,376.6,378.1,378.7,379.3,379.6,379.4,378.8,378.2,377.9,353.2,353.8,355.4,357.0,357.8,357.1,355.6,354.1,352.9,352.4,352.6,353.9,356.4,359.7,362.9,360.1,356.9,354.2,352.8,352.7,355.6,356.3,357.1,357.3,357.0,356.3,355.5,355.2,71.5,133.7,421.7,0.004,0.113,0.004,642.4,640.0,639.7,642.7,651.4,669.7,697.3,735.8,782.7,829.9,868.0,898.4,916.1,923.7,927.8,930.0,928.5,674.7,692.2,716.6,743.9,768.2,818.2,843.6,868.8,890.9,903.9,795.2,795.1,795.6,795.9,762.5,777.8,792.3,807.0,820.4,699.7,715.7,734.9,751.1,734.2,715.6,831.4,849.2,868.0,881.5,867.2,849.0,724.5,747.9,774.6,791.3,808.4,833.2,849.4,832.3,808.0,789.4,770.6,744.6,734.6,773.8,790.6,808.0,840.3,807.4,789.6,772.5,565.8,597.5,628.2,659.2,692.3,727.0,761.7,794.7,805.9,793.9,759.3,719.8,681.4,643.6,611.7,582.2,553.5,512.7,500.8,496.9,503.8,516.9,521.6,511.3,509.0,515.6,529.7,557.4,580.6,603.5,627.7,650.7,655.7,660.0,657.0,653.0,552.4,545.1,546.9,558.1,561.2,559.8,562.7,555.2,557.0,565.3,570.5,569.0,706.0,694.4,690.3,695.9,692.2,698.5,710.9,742.5,756.6,758.2,755.3,739.6,706.8,709.2,711.2,711.1,711.4,730.4,731.6,728.6,0.00,0.00,0.00,0.00,0.00,0.00,0.00,0.00,0.00,0.00,0.00,0.00,0.00,0.00,0.00,0.00,0.00,0.00,0.00,0.00,0.00,0.00,0.00,0.00,0.00,0.00,0.00,0.00,0.00,0.00,0.00,0.00,0.00,0.00,0.00
298,0,9.900,0.03,0,0.000000,0.000000,0.000000,0.000000,0.000000,0.000000,0.000,0.000,713.0,717.6,727.5,736.9,740.3,736.1,725.7,716.3,698.8,707.0,716.6,726.9,736.4,743.2,747.5,741.6,733.7,724.3,714.8,706.0,721.4,725.8,730.4,732.5,731.0,726.6,722.0,719.8,840.2,844.7,854.8,864.6,868.3,863.8,853.7,842.9,832.9,839.6,848.4,859.3,868.3,874.3,877.9,873.7,867.8,860.1,850.3,840.5,848.9,853.2,857.7,859.7,858.1,853.7,849.3,847.3,551.6,541.7,538.0,542.7,553.1,563.8,566.7,562.0,550.4,547.0,545.4,545.1,547.0,550.7,556.0,559.2,560.2,560.0,558.1,555.0,556.8,559.0,557.3,552.7,547.9,545.6,547.4,552.0,561.8,551.0,547.1,552.3,563.6,574.3,578.2,573.8,565.9,558.5,554.6,553.7,556.3,560.3,566.6,570.1,572.1,572.8,571.6,569.5,567.4,569.7,567.9,563.2,558.3,556.0,557.7,562.4,32.3,34.3,38.8,43.1,44.6,42.8,38.0,33.8,26.1,29.7,33.8,38.3,42.7,45.9,48.1,45.2,41.4,37.2,33.0,29.2,36.1,38.1,40.2,41.2,40.5,38.5,36.4,35.4,82.4,84.5,89.1,93.5,95.2,93.1,88.4,83.7,79.3,82.0,85.7,90.5,94.9,98.2,100.5,98.0,94.6,90.8,86.4,82.4,86.6,88.5,90.5,91.5,90.8,88.8,86.8,85.9,84.7,80.4,78.9,81.2,86.0,90.7,91.7,89.4,84.6,82.7,81.7,81.5,82.8,84.9,87.8,88.7,88.6,88.2,87.4,86.3,87.4,88.5,87.8,85.8,83.6,82.5,83.2,85.2,83.1,78.9,77.6,80.1,84.9,89.1,90.3,88.2,84.7,81.6,80.0,79.9,81.6,84.0,87.3,88.1,88.1,87.7,87.0,86.1,85.9,87.0,86.5,84.6,82.5,81.4,82.0,83.8,386.7,387.1,388.0,389.0,389.5,389.6,388.3,387.2,389.0,387.0,385.6,385.6,387.2,389.4,391.8,389.5,387.1,385.8,386.0,387.2,388.6,389.0,389.5,389.6,389.4,388.9,388.5,388.3,360.4,361.3,363.0,364.4,364.8,363.8,362.1,360.8,359.8,359.5,359.9,361.1,363.6,366.8,369.6,366.8,363.5,360.8,359.6,359.6,362.5,363.2,363.9,364.3,364.2,363.6,362.8,362.4,71.5,133.9,422.6,0.005,0.118,0.004,641.9,639.9,639.9,643.1,651.8,669.8,697.4,735.8,782.6,829.7,867.7,898.1,915.7,923.3,927.7,930.2,928.9,674.7,692.4,717.0,744.2,768.3,818.2,843.6,868.7,890.7,903.8,795.0,794.8,795.0,795.2,761.7,777.0,791.7,806.5,819.9,699.4,715.6,734.8,750.8,733.9,715.3,831.4,849.2,867.9,881.5,867.1,849.0,724.5,747.1,773.7,790.4,807.5,832.2,847.8,831.2,807.1,788.4,769.6,743.8,734.5,772.9,789.7,807.1,838.7,806.6,788.7,771.4,565.8,597.9,628.9,660.0,693.1,727.6,762.2,795.0,806.0,793.9,759.5,720.3,681.9,644.0,612.2,582.5,553.9,512.5,500.4,496.7,503.6,516.7,521.4,511.5,509.3,515.8,529.8,557.3,580.7,603.8,628.0,649.7,655.0,659.4,656.4,652.3,551.9,544.6,546.6,558.0,560.8,559.2,562.7,555.2,557.0,565.2,570.4,568.9,705.2,692.1,687.7,693.3,689.6,696.4,710.3,742.4,756.8,758.4,755.5,739.6,705.8,706.4,708.4,708.3,710.5,730.8,732.0,729.1,0.00,0.00,0.00,0.00,0.00,0.00,0.00,0.00,0.00,0.00,0.00,0.00,0.00,0.00,0.00,0.00,0.00,0.00,0.00,0.00,0.00,0.00,0.00,0.00,0.00,0.00,0.00,0.00,0.00,0.00,0.00,0.00,0.00,0.00,0.00
299,0,9.933,0.03,0,0.000000,0.000000,0.000000,0.000000,0.000000,0.000000,0.000,0.000,712.7,717.2,727.2,736.7,740.2,736.1,725.7,716.2,698.9,706.9,716.4,726.6,736.2,743.1,747.5,741.6,733.6,724.3,714.8,706.0,721.3,725.7,730.3,732.4,730.8,726.4,721.8,719.6,840.2,845.4,855.8,865.4,868.4,863.2,852.7,842.2,832.0,839.6,848.9,859.9,868.9,874.6,877.8,873.5,867.5,859.7,849.7,839.5,848.5,852.8,857.5,859.9,858.5,854.2,849.4,847.1,551.5,541.4,537.6,542.3,552.7,563.5,566.6,561.9,550.5,547.0,545.4,544.9,546.8,550.5,555.9,559.1,560.0,559.9,558.1,555.0,556.7,558.8,557.1,552.4,547.6,545.4,547.2,551.8,560.7,550.1,546.5,552.1,563.7,574.4,577.9,573.0,562.7,557.2,554.5,554.4,557.1,560.7,566.3,570.4,572.6,573.0,571.1,567.9,566.8,569.4,567.7,562.9,557.7,555.1,556.7,561.6,32.1,34.2,38.7,43.0,44.6,42.8,38.0,33.7,26.2,29.6,33.7,38.2,42.6,45.9,48.1,45.2,41.4,37.2,33.0,29.2,36.1,38.1,40.2,41.2,40.4,38.4,36.3,35.4,80.5,82.7,87.4,91.6,93.0,90.7,86.1,81.5,77.1,80.1,83.9,88.6,92.9,96.1,98.3,95.7,92.4,88.6,84.2,80.1,84.4,86.3,88.4,89.4,88.8,86.9,84.8,83.7,84.7,80.3,78.8,81.0,85.8,90.6,91.7,89.4,84.7,82.8,81.7,81.5,82.7,84.8,87.7,88.6,88.5,88.1,87.4,86.3,87.3,88.4,87.7,85.7,83.5,82.4,83.1,85.2,80.7,76.6,75.5,78.1,83.0,87.1,88.2,85.8,81.4,79.1,78.0,78.3,80.0,82.2,85.3,86.3,86.4,85.9,84.8,83.4,83.7,84.9,84.4,82.5,80.3,79.1,79.6,81.5,386.9,387.2,388.1,389.0,389.5,389.5,388.3,387.3,389.1,387.1,385.7,385.7,387.2,389.3,391.6,389.4,387.1,385.8,386.0,387.4,388.6,389.1,389.5,389.6,389.4,389.0,388.6,388.4,351.7,352.5,354.2,355.8,356.4,355.7,354.0,352.5,351.4,350.9,351.2,352.5,355.2,358.5,361.8,358.8,355.5,352.7,351.3,351.1,354.1,354.8,355.6,355.9,355.7,354.9,354.2,353.8,71.5,134.0,423.0,0.008,0.121,0.004,641.8,639.6,639.6,643.0,652.1,670.5,698.1,736.1,782.5,829.3,867.2,897.6,915.5,923.2,927.7,930.2,929.1,674.6,692.5,717.1,744.2,768.2,818.0,843.5,868.7,890.7,903.8,794.6,794.2,794.4,794.4,761.1,776.4,791.1,806.0,819.4,699.2,715.4,734.6,750.5,733.7,715.1,831.3,849.0,867.8,881.3,867.0,848.8,724.0,746.6,773.3,790.0,807.3,832.1,848.0,831.3,807.1,788.2,769.3,743.4,734.0,772.5,789.4,807.0,838.8,806.5,788.4,771.1,565.2,597.6,628.8,660.3,693.6,728.2,762.7,795.2,806.0,793.8,759.4,720.4,682.1,644.3,612.4,582.7,553.9,512.3,500.3,496.7,503.5,516.7,521.4,511.5,509.4,516.0,530.1,557.2,580.6,603.7,628.0,649.7,655.0,659.4,656.3,652.2,551.8,544.6,546.6,557.9,560.7,559.1,562.7,555.3,557.1,565.3,570.4,569.0,704.8,691.9,687.5,693.1,689.4,696.1,709.8,742.0,756.6,758.4,755.4,739.5,705.5,706.3,708.4,708.2,710.1,730.5,731.8,728.9,0.00,0.00,0.00,0.00,0.00,0.00,0.00,0.00,0.00,0.00,0.00,0.00,0.00,0.00,0.00,0.00,0.00,0.00,0.00,0.00,0.00,0.00,0.00,0.00,0.00,0.00,0.00,0.00,0.00,0.00,0.00,0.00,0.00,0.00,0.00
300,0,9.967,0.03,0,0.000000,0.000000,0.000000,0.000000,0.000000,0.000000,0.000,0.000,713.1,717.8,727.8,737.1,740.3,736.1,725.7,716.3,698.8,707.0,716.6,727.0,736.6,743.2,747.3,741.4,733.6,724.3,714.9,706.0,721.4,725.7,730.4,732.6,731.1,726.7,722.1,719.8,840.2,844.8,854.8,864.4,867.9,863.4,853.3,842.8,832.7,839.5,848.3,859.1,868.1,873.8,877.2,873.2,867.5,859.9,850.1,840.2,848.8,852.9,857.2,859.2,857.7,853.6,849.3,847.3,551.5,541.5,537.8,542.5,552.8,563.5,566.5,561.9,550.5,547.0,545.3,544.8,546.7,550.4,555.9,559.0,560.1,560.0,558.2,555.1,556.6,558.8,557.1,552.4,547.5,545.3,547.1,551.7,561.6,551.0,547.2,552.5,563.8,574.5,578.2,573.7,565.7,558.5,554.6,553.8,556.4,560.5,566.9,570.3,572.2,572.8,571.5,569.4,567.3,569.6,568.0,563.4,558.5,556.3,557.9,562.4,32.2,34.3,38.7,43.0,44.5,42.6,37.9,33.7,26.0,29.5,33.6,38.2,42.6,45.8,47.9,45.0,41.3,37.1,32.9,29.1,36.0,38.0,40.1,41.1,40.4,38.4,36.3,35.3,82.3,84.5,89.0,93.4,95.0,92.8,88.2,83.5,79.1,81.9,85.6,90.4,94.7,98.0,100.2,97.7,94.5,90.6,86.2,82.2,86.4,88.3,90.3,91.2,90.5,88.7,86.7,85.8,84.3,79.9,78.5,80.8,85.5,90.3,91.4,89.0,84.3,82.4,81.3,81.1,82.3,84.4,87.4,88.3,88.2,87.9,87.1,86.0,87.0,88.1,87.4,85.4,83.1,82.0,82.7,84.8,82.9,78.8,77.6,80.2,84.9,89.1,90.2,88.0,84.5,81.5,79.9,79.9,81.6,84.0,87.4,88.1,88.1,87.7,86.8,85.9,85.8,86.9,86.4,84.6,82.6,81.5,82.0,83.8,385.2,385.3,386.2,387.4,388.1,388.4,387.1,385.9,387.4,385.3,383.8,383.8,385.5,387.9,390.4,388.2,385.9,384.5,384.6,385.8,387.2,387.7,388.1,388.2,387.8,387.3,386.9,386.8,359.9,360.9,362.7,364.3,364.6,363.6,361.8,360.4,359.3,359.1,359.5,360.8,363.4,366.7,369.7,366.7,363.3,360.6,359.2,359.1,362.2,362.8,363.6,364.1,363.9,363.3,362.5,362.0,71.7,134.1,423.8,0.013,0.119,0.002,642.0,639.7,639.4,642.7,651.8,670.3,697.8,736.0,782.5,829.3,867.4,897.8,915.8,923.5,927.6,930.0,928.8,674.7,692.5,717.0,744.0,767.9,817.8,843.3,868.5,890.6,903.7,794.2,793.9,794.1,794.1,760.8,776.3,791.1,806.0,819.6,699.4,715.5,734.7,750.6,733.8,715.3,831.2,848.8,867.6,881.2,866.9,848.7,723.0,746.4,773.5,790.6,808.3,833.6,850.0,833.0,808.4,789.2,769.9,743.4,733.2,772.8,790.1,808.0,840.7,807.6,789.2,771.5,564.9,596.9,627.9,659.1,692.3,727.2,762.1,795.1,805.9,793.6,759.0,719.9,681.7,643.9,612.1,582.5,553.9,512.0,500.2,496.7,503.5,516.7,521.5,511.4,509.4,516.1,530.3,557.3,580.7,603.7,627.9,649.7,654.9,659.3,655.9,651.8,552.0,544.6,546.6,557.8,560.7,559.1,562.6,555.3,557.1,565.3,570.3,568.9,703.4,691.2,687.0,692.5,688.7,694.7,707.7,740.6,755.8,757.8,755.0,738.9,704.2,705.9,707.8,707.4,708.3,729.7,731.2,728.2,0.00,0.00,0.00,0.00,0.00,0.00,0.00,0.00,0.00,0.00,0.00,0.00,0.00,0.00,0.00,0.00,0.00,0.00,0.00,0.00,0.00,0.00,0.00,0.00,0.00,0.00,0.00,0.00,0.00,0.00,0.00,0.00,0.00,0.00,0.00
