frame,face_id,timestamp,confidence,success,gaze_0_x,gaze_0_y,gaze_0_z,gaze_1_x,gaze_1_y,gaze_1_z,gaze_angle_x,gaze_angle_y,eye_lmk_x_0,eye_lmk_x_1,eye_lmk_x_2,eye_lmk_x_3,eye_lmk_x_4,eye_lmk_x_5,eye_lmk_x_6,eye_lmk_x_7,eye_lmk_x_8,eye_lmk_x_9,eye_lmk_x_10,eye_lmk_x_11,eye_lmk_x_12,eye_lmk_x_13,eye_lmk_x_14,eye_lmk_x_15,eye_lmk_x_16,eye_lmk_x_17,eye_lmk_x_18,eye_lmk_x_19,eye_lmk_x_20,eye_lmk_x_21,eye_lmk_x_22,eye_lmk_x_23,eye_lmk_x_24,eye_lmk_x_25,eye_lmk_x_26,eye_lmk_x_27,eye_lmk_x_28,eye_lmk_x_29,eye_lmk_x_30,eye_lmk_x_31,eye_lmk_x_32,eye_lmk_x_33,eye_lmk_x_34,eye_lmk_x_35,eye_lmk_x_36,eye_lmk_x_37,eye_lmk_x_38,eye_lmk_x_39,eye_lmk_x_40,eye_lmk_x_41,eye_lmk_x_42,eye_lmk_x_43,eye_lmk_x_44,eye_lmk_x_45,eye_lmk_x_46,eye_lmk_x_47,eye_lmk_x_48,eye_lmk_x_49,eye_lmk_x_50,eye_lmk_x_51,eye_lmk_x_52,eye_lmk_x_53,eye_lmk_x_54,eye_lmk_x_55,eye_lmk_y_0,eye_lmk_y_1,eye_lmk_y_2,eye_lmk_y_3,eye_lmk_y_4,eye_lmk_y_5,eye_lmk_y_6,eye_lmk_y_7,eye_lmk_y_8,eye_lmk_y_9,eye_lmk_y_10,eye_lmk_y_11,eye_lmk_y_12,eye_lmk_y_13,eye_lmk_y_14,eye_lmk_y_15,eye_lmk_y_16,eye_lmk_y_17,eye_lmk_y_18,eye_lmk_y_19,eye_lmk_y_20,eye_lmk_y_21,eye_lmk_y_22,eye_lmk_y_23,eye_lmk_y_24,eye_lmk_y_25,eye_lmk_y_26,eye_lmk_y_27,eye_lmk_y_28,eye_lmk_y_29,eye_lmk_y_30,eye_lmk_y_31,eye_lmk_y_32,eye_lmk_y_33,eye_lmk_y_34,eye_lmk_y_35,eye_lmk_y_36,eye_lmk_y_37,eye_lmk_y_38,eye_lmk_y_39,eye_lmk_y_40,eye_lmk_y_41,eye_lmk_y_42,eye_lmk_y_43,eye_lmk_y_44,eye_lmk_y_45,eye_lmk_y_46,eye_lmk_y_47,eye_lmk_y_48,eye_lmk_y_49,eye_lmk_y_50,eye_lmk_y_51,eye_lmk_y_52,eye_lmk_y_53,eye_lmk_y_54,eye_lmk_y_55,eye_lmk_X_0,eye_lmk_X_1,eye_lmk_X_2,eye_lmk_X_3,eye_lmk_X_4,eye_lmk_X_5,eye_lmk_X_6,eye_lmk_X_7,eye_lmk_X_8,eye_lmk_X_9,eye_lmk_X_10,eye_lmk_X_11,eye_lmk_X_12,eye_lmk_X_13,eye_lmk_X_14,eye_lmk_X_15,eye_lmk_X_16,eye_lmk_X_17,eye_lmk_X_18,eye_lmk_X_19,eye_lmk_X_20,eye_lmk_X_21,eye_lmk_X_22,eye_lmk_X_23,eye_lmk_X_24,eye_lmk_X_25,eye_lmk_X_26,eye_lmk_X_27,eye_lmk_X_28,eye_lmk_X_29,eye_lmk_X_30,eye_lmk_X_31,eye_lmk_X_32,eye_lmk_X_33,eye_lmk_X_34,eye_lmk_X_35,eye_lmk_X_36,eye_lmk_X_37,eye_lmk_X_38,eye_lmk_X_39,eye_lmk_X_40,eye_lmk_X_41,eye_lmk_X_42,eye_lmk_X_43,eye_lmk_X_44,eye_lmk_X_45,eye_lmk_X_46,eye_lmk_X_47,eye_lmk_X_48,eye_lmk_X_49,eye_lmk_X_50,eye_lmk_X_51,eye_lmk_X_52,eye_lmk_X_53,eye_lmk_X_54,eye_lmk_X_55,eye_lmk_Y_0,eye_lmk_Y_1,eye_lmk_Y_2,eye_lmk_Y_3,eye_lmk_Y_4,eye_lmk_Y_5,eye_lmk_Y_6,eye_lmk_Y_7,eye_lmk_Y_8,eye_lmk_Y_9,eye_lmk_Y_10,eye_lmk_Y_11,eye_lmk_Y_12,eye_lmk_Y_13,eye_lmk_Y_14,eye_lmk_Y_15,eye_lmk_Y_16,eye_lmk_Y_17,eye_lmk_Y_18,eye_lmk_Y_19,eye_lmk_Y_20,eye_lmk_Y_21,eye_lmk_Y_22,eye_lmk_Y_23,eye_lmk_Y_24,eye_lmk_Y_25,eye_lmk_Y_26,eye_lmk_Y_27,eye_lmk_Y_28,eye_lmk_Y_29,eye_lmk_Y_30,eye_lmk_Y_31,eye_lmk_Y_32,eye_lmk_Y_33,eye_lmk_Y_34,eye_lmk_Y_35,eye_lmk_Y_36,eye_lmk_Y_37,eye_lmk_Y_38,eye_lmk_Y_39,eye_lmk_Y_40,eye_lmk_Y_41,eye_lmk_Y_42,eye_lmk_Y_43,eye_lmk_Y_44,eye_lmk_Y_45,eye_lmk_Y_46,eye_lmk_Y_47,eye_lmk_Y_48,eye_lmk_Y_49,eye_lmk_Y_50,eye_lmk_Y_51,eye_lmk_Y_52,eye_lmk_Y_53,eye_lmk_Y_54,eye_lmk_Y_55,eye_lmk_Z_0,eye_lmk_Z_1,eye_lmk_Z_2,eye_lmk_Z_3,eye_lmk_Z_4,eye_lmk_Z_5,eye_lmk_Z_6,eye_lmk_Z_7,eye_lmk_Z_8,eye_lmk_Z_9,eye_lmk_Z_10,eye_lmk_Z_11,eye_lmk_Z_12,eye_lmk_Z_13,eye_lmk_Z_14,eye_lmk_Z_15,eye_lmk_Z_16,eye_lmk_Z_17,eye_lmk_Z_18,eye_lmk_Z_19,eye_lmk_Z_20,eye_lmk_Z_21,eye_lmk_Z_22,eye_lmk_Z_23,eye_lmk_Z_24,eye_lmk_Z_25,eye_lmk_Z_26,eye_lmk_Z_27,eye_lmk_Z_28,eye_lmk_Z_29,eye_lmk_Z_30,eye_lmk_Z_31,eye_lmk_Z_32,eye_lmk_Z_33,eye_lmk_Z_34,eye_lmk_Z_35,eye_lmk_Z_36,eye_lmk_Z_37,eye_lmk_Z_38,eye_lmk_Z_39,eye_lmk_Z_40,eye_lmk_Z_41,eye_lmk_Z_42,eye_lmk_Z_43,eye_lmk_Z_44,eye_lmk_Z_45,eye_lmk_Z_46,eye_lmk_Z_47,eye_lmk_Z_48,eye_lmk_Z_49,eye_lmk_Z_50,eye_lmk_Z_51,eye_lmk_Z_52,eye_lmk_Z_53,eye_lmk_Z_54,eye_lmk_Z_55,pose_Tx,pose_Ty,pose_Tz,pose_Rx,pose_Ry,pose_Rz,x_0,x_1,x_2,x_3,x_4,x_5,x_6,x_7,x_8,x_9,x_10,x_11,x_12,x_13,x_14,x_15,x_16,x_17,x_18,x_19,x_20,x_21,x_22,x_23,x_24,x_25,x_26,x_27,x_28,x_29,x_30,x_31,x_32,x_33,x_34,x_35,x_36,x_37,x_38,x_39,x_40,x_41,x_42,x_43,x_44,x_45,x_46,x_47,x_48,x_49,x_50,x_51,x_52,x_53,x_54,x_55,x_56,x_57,x_58,x_59,x_60,x_61,x_62,x_63,x_64,x_65,x_66,x_67,y_0,y_1,y_2,y_3,y_4,y_5,y_6,y_7,y_8,y_9,y_10,y_11,y_12,y_13,y_14,y_15,y_16,y_17,y_18,y_19,y_20,y_21,y_22,y_23,y_24,y_25,y_26,y_27,y_28,y_29,y_30,y_31,y_32,y_33,y_34,y_35,y_36,y_37,y_38,y_39,y_40,y_41,y_42,y_43,y_44,y_45,y_46,y_47,y_48,y_49,y_50,y_51,y_52,y_53,y_54,y_55,y_56,y_57,y_58,y_59,y_60,y_61,y_62,y_63,y_64,y_65,y_66,y_67,AU01_r,AU02_r,AU04_r,AU05_r,AU06_r,AU07_r,AU09_r,AU10_r,AU12_r,AU14_r,AU15_r,AU17_r,AU20_r,AU23_r,AU25_r,AU26_r,AU45_r,AU01_c,AU02_c,AU04_c,AU05_c,AU06_c,AU07_c,AU09_c,AU10_c,AU12_c,AU14_c,AU15_c,AU17_c,AU20_c,AU23_c,AU25_c,AU26_c,AU28_c,AU45_c
1,0,0.000,0.57,1,-0.128869,0.071766,-0.989061,-0.139724,0.036336,-0.989524,-0.135,0.055,643.9,647.0,654.7,662.4,665.6,663.0,654.7,647.0,636.5,640.4,646.5,654.5,663.1,669.5,674.0,668.8,661.3,653.5,646.5,640.5,651.6,655.0,658.4,659.8,658.4,655.0,651.6,650.2,745.7,748.5,757.4,767.1,771.9,769.0,760.1,749.7,737.3,742.9,750.6,759.5,767.3,774.2,779.6,775.2,768.9,760.8,752.6,744.4,754.7,758.7,762.4,763.6,761.6,757.7,754.0,752.8,412.9,405.0,401.4,404.3,411.9,420.5,423.5,420.6,416.9,410.8,406.8,404.7,406.2,410.3,416.7,419.7,421.0,421.8,421.4,420.0,416.4,417.7,416.1,412.6,409.2,407.9,409.5,413.0,406.1,396.7,393.0,397.4,407.1,416.6,420.2,416.7,414.6,406.0,400.3,397.9,399.0,402.8,407.7,410.9,412.8,414.3,415.1,415.5,411.1,412.9,411.5,407.6,403.5,401.7,403.2,407.1,2.1,3.8,8.0,12.2,13.8,12.4,8.0,3.8,-1.9,0.2,3.5,7.9,12.5,16.0,18.5,15.6,11.5,7.3,3.5,0.3,6.3,8.2,10.0,10.8,10.0,8.2,6.3,5.6,48.7,50.3,54.7,59.3,61.4,59.7,55.3,50.4,44.7,47.3,50.9,55.1,58.9,62.6,65.5,62.9,59.4,55.4,51.5,47.9,53.1,55.0,56.8,57.5,56.6,54.7,52.9,52.2,28.8,24.5,22.5,24.0,28.1,32.7,34.3,32.8,31.2,27.7,25.4,24.2,25.0,27.3,30.8,32.3,32.9,33.3,33.3,32.7,30.6,31.3,30.4,28.5,26.7,26.1,26.9,28.8,21.2,17.0,15.4,17.4,21.9,26.2,27.7,26.1,25.1,21.1,18.6,17.5,18.0,20.0,22.4,23.7,24.3,24.9,25.3,25.4,23.6,24.5,23.9,22.1,20.3,19.4,20.0,21.8,475.8,476.4,475.9,474.7,473.4,472.9,473.2,474.5,479.5,477.3,474.9,473.5,473.4,473.8,474.5,473.2,472.1,472.3,474.0,476.7,475.3,474.8,474.6,474.9,475.4,476.0,476.2,475.9,403.1,405.2,407.3,408.1,407.2,405.0,402.9,402.2,401.7,401.9,402.4,403.2,405.0,408.0,410.3,406.9,403.4,401.2,400.7,401.1,404.6,405.0,405.9,406.7,407.1,406.8,405.9,405.0,41.2,67.7,555.8,-0.077,0.247,-0.033,607.1,608.7,612.0,616.5,625.4,638.9,656.0,677.6,705.4,736.9,767.6,794.4,810.7,817.6,820.2,822.7,824.1,611.5,623.1,641.8,661.6,679.9,721.2,740.3,761.3,782.5,798.1,702.8,701.2,699.7,698.2,678.3,690.0,701.5,713.5,724.8,634.7,646.3,662.2,675.0,661.0,645.3,735.9,749.9,766.6,779.7,768.3,751.8,659.8,674.2,688.5,700.2,713.2,731.0,750.7,730.9,712.8,698.7,686.4,672.1,666.2,688.8,700.6,713.9,742.1,713.1,699.3,687.5,419.5,448.7,477.2,505.5,532.3,555.3,573.6,587.7,590.2,584.4,567.7,547.1,522.4,494.0,465.7,437.5,409.3,385.8,368.4,362.8,365.8,375.3,372.0,360.6,356.4,359.0,373.1,406.0,425.4,444.6,464.4,479.2,483.2,486.4,482.6,478.9,414.5,405.7,406.1,416.0,420.5,420.5,412.7,401.8,400.5,407.8,414.6,416.1,514.7,504.7,500.2,502.7,499.0,502.6,510.3,522.8,528.3,530.2,530.2,526.4,514.5,512.3,512.8,510.9,511.0,514.5,516.5,516.3,0.83,0.00,0.00,0.00,0.15,0.00,0.00,0.49,0.64,0.00,0.00,1.37,0.63,0.00,1.40,1.01,0.00,0.00,0.00,0.00,1.00,0.00,0.00,0.00,0.00,0.00,0.00,0.00,0.00,1.00,1.00,1.00,1.00,0.00,0.00
2,0,0.033,0.88,1,-0.129253,0.088287,-0.987674,-0.178513,0.111266,-0.977626,-0.155,0.101,643.9,646.8,654.2,661.9,665.2,662.9,654.8,647.2,636.5,640.1,646.0,654.1,662.8,669.3,673.8,668.6,661.1,653.3,646.3,640.5,651.6,655.0,658.3,659.5,658.1,654.7,651.5,650.2,747.3,750.2,758.3,766.9,771.0,768.1,760.0,750.9,741.3,744.6,750.4,758.2,766.3,774.2,780.3,774.9,767.7,759.9,752.7,746.4,756.1,759.7,763.2,764.4,762.7,759.0,755.6,754.3,413.8,405.8,402.1,405.0,412.6,421.2,424.3,421.4,417.6,411.8,408.1,405.9,407.1,410.8,416.5,419.8,421.4,422.3,422.1,420.7,417.0,418.3,416.7,413.2,409.8,408.6,410.2,413.7,408.0,399.0,394.8,397.8,406.2,415.2,419.4,417.2,414.0,406.1,401.0,398.5,399.2,401.8,406.3,410.0,412.8,414.8,415.4,415.3,411.3,412.6,410.8,407.0,403.4,402.1,403.9,407.7,2.1,3.7,7.8,11.9,13.7,12.5,8.1,3.9,-2.0,0.0,3.3,7.7,12.4,16.0,18.5,15.6,11.5,7.2,3.5,0.3,6.4,8.2,10.0,10.7,9.9,8.1,6.3,5.6,56.9,58.5,62.7,67.2,69.2,67.6,63.4,58.7,53.8,55.4,58.3,62.3,66.6,70.9,74.4,71.3,67.2,63.1,59.4,56.3,61.5,63.4,65.3,65.9,65.1,63.2,61.3,60.7,29.5,25.1,23.1,24.6,28.7,33.4,35.1,33.6,31.9,28.5,26.3,25.0,25.7,27.7,30.9,32.6,33.4,34.0,33.9,33.4,31.3,31.9,31.0,29.1,27.3,26.6,27.5,29.4,25.5,20.7,18.4,20.0,24.4,29.1,31.4,30.3,28.7,24.4,21.7,20.3,20.6,22.1,24.5,26.4,27.8,28.8,29.2,29.3,27.2,27.9,26.9,24.9,23.0,22.3,23.3,25.3,479.7,479.9,479.2,478.1,477.2,477.1,477.6,478.8,483.8,481.2,478.6,476.9,476.8,477.5,478.5,477.3,476.3,476.7,478.5,481.1,479.4,478.9,478.6,478.7,479.1,479.6,479.9,479.8,464.0,464.3,463.9,463.1,462.2,461.9,462.3,463.4,465.1,463.7,462.3,461.0,461.0,462.5,463.7,462.1,460.5,460.0,461.3,463.3,464.0,463.6,463.4,463.6,463.9,464.3,464.4,464.3,41.6,69.0,553.6,-0.034,0.277,-0.056,606.6,609.3,613.1,618.1,627.0,639.4,655.3,676.9,705.6,739.6,772.2,800.3,815.8,820.7,822.0,824.1,825.8,611.1,622.4,640.6,660.3,678.3,722.6,741.9,762.3,782.7,797.6,702.7,701.2,699.9,698.5,678.2,690.5,702.4,714.8,726.3,635.0,646.1,661.8,673.8,660.6,645.5,738.1,750.1,766.6,779.4,768.4,752.5,663.0,675.1,689.2,701.5,715.1,733.6,752.1,734.6,716.3,701.4,688.5,674.0,669.6,689.7,701.9,715.9,743.3,716.4,701.8,689.3,418.6,449.1,478.4,507.0,534.8,559.1,578.5,594.0,596.7,589.4,570.1,546.7,519.8,490.6,462.6,434.6,406.9,384.1,367.3,362.4,366.1,375.9,372.4,360.8,356.0,357.7,371.0,408.2,427.2,445.9,465.1,480.2,484.6,487.8,483.7,479.1,415.8,406.9,407.2,416.7,421.5,421.0,412.4,401.9,400.2,407.3,413.8,415.7,523.5,508.9,503.1,505.3,501.2,505.1,516.5,530.4,537.7,540.1,540.4,536.3,522.4,515.5,515.4,513.5,517.1,524.7,527.3,527.2,0.68,0.00,0.22,0.00,0.18,0.00,0.04,0.78,0.42,0.07,0.41,1.00,0.96,0.00,1.84,1.88,0.00,0.00,0.00,0.00,1.00,0.00,0.00,0.00,1.00,0.00,0.00,0.00,0.00,1.00,0.00,1.00,1.00,0.00,0.00
3,0,0.067,0.88,1,-0.137083,0.095352,-0.985959,-0.205543,0.127355,-0.970326,-0.173,0.113,643.7,646.3,653.6,661.3,665.0,663.1,655.1,647.4,636.5,639.8,645.5,653.5,662.4,669.1,673.9,668.7,661.3,653.4,646.5,640.6,651.7,655.0,658.2,659.3,657.7,654.4,651.2,650.1,747.6,750.5,758.5,766.8,770.7,767.7,759.8,751.2,743.0,745.3,750.3,757.6,765.7,774.4,780.8,775.2,767.2,759.1,752.3,747.0,756.6,760.2,763.5,764.8,763.2,759.6,756.2,755.0,414.2,406.0,402.1,404.8,412.4,421.0,424.4,421.8,418.0,412.2,408.5,406.1,407.1,410.5,416.2,419.6,421.5,422.7,422.5,421.1,417.1,418.2,416.5,413.0,409.7,408.5,410.2,413.8,407.6,398.1,393.5,396.7,405.7,415.2,419.7,417.3,414.0,406.1,400.9,398.5,399.1,401.5,406.2,410.1,413.1,415.2,415.8,415.5,411.0,412.4,410.4,406.4,402.6,401.2,403.2,407.2,2.0,3.4,7.4,11.6,13.5,12.5,8.2,4.0,-1.9,-0.1,3.0,7.3,12.1,15.8,18.4,15.6,11.5,7.3,3.5,0.3,6.4,8.2,9.9,10.5,9.6,7.8,6.1,5.5,54.3,55.7,59.5,63.4,65.1,63.7,60.0,56.0,52.2,53.2,55.4,58.7,62.6,66.9,70.2,67.3,63.3,59.3,56.3,54.0,58.7,60.3,61.9,62.5,61.8,60.1,58.5,57.9,29.5,25.1,22.9,24.3,28.4,33.1,35.0,33.6,31.9,28.6,26.3,25.0,25.5,27.4,30.5,32.3,33.3,34.0,34.0,33.4,31.1,31.7,30.7,28.8,27.0,26.4,27.4,29.3,24.0,19.2,16.8,18.3,22.7,27.5,29.9,28.8,27.4,23.3,20.5,19.2,19.5,20.7,23.0,24.9,26.4,27.5,28.0,28.0,25.7,26.3,25.3,23.2,21.4,20.7,21.7,23.8,476.9,476.7,475.9,474.8,474.1,474.4,475.1,476.2,481.2,478.5,475.6,473.8,473.6,474.4,475.6,474.6,473.7,474.1,476.0,478.7,476.6,476.1,475.8,475.7,476.0,476.5,476.8,476.9,441.5,441.2,439.4,437.3,436.0,436.4,438.2,440.7,443.8,441.8,439.6,437.1,435.7,435.9,436.1,435.7,435.3,436.1,438.5,441.4,440.2,439.3,438.6,438.4,438.9,439.8,440.6,440.7,41.6,70.0,545.5,0.002,0.288,-0.075,605.7,608.1,613.0,619.7,629.3,641.3,655.8,677.7,706.6,741.6,775.0,804.4,820.1,824.3,824.1,824.7,824.7,611.8,622.2,639.5,659.5,678.2,723.1,742.5,762.7,782.6,795.9,702.0,700.9,699.8,698.5,679.5,692.1,704.1,716.6,728.5,634.9,645.6,661.5,673.8,661.1,646.0,739.0,749.7,766.6,779.5,768.7,752.6,665.1,675.0,689.1,702.3,716.2,736.9,755.5,739.7,720.3,704.7,690.7,676.1,672.3,690.8,703.8,718.3,746.3,718.3,703.3,689.9,419.8,449.9,479.1,507.2,534.9,559.8,580.3,597.2,601.0,593.8,572.9,546.8,518.5,488.5,460.2,431.6,403.5,383.2,367.5,362.6,366.5,375.9,372.8,360.0,354.8,357.2,371.0,408.7,426.7,444.4,462.8,483.3,486.8,489.4,485.8,481.8,416.4,407.3,407.4,416.8,421.9,421.6,411.9,401.7,400.1,407.2,413.9,415.6,535.5,517.7,509.4,512.2,507.8,513.4,528.0,542.5,550.3,552.5,552.4,547.7,534.1,526.7,526.3,524.8,528.3,532.3,534.3,533.9,0.56,0.00,0.33,0.00,0.19,0.00,0.04,0.90,0.26,0.26,0.71,0.68,1.11,0.00,1.87,2.52,0.00,0.00,0.00,0.00,1.00,0.00,0.00,0.00,0.00,0.00,0.00,1.00,0.00,1.00,0.00,1.00,1.00,0.00,0.00
4,0,0.100,0.88,1,-0.145343,0.139217,-0.979538,-0.207382,0.179807,-0.961594,-0.180,0.163,643.8,646.3,653.6,661.3,665.1,663.2,655.3,647.5,636.5,639.9,645.7,653.7,662.5,669.1,673.9,668.9,661.6,653.8,646.7,640.7,651.7,655.1,658.3,659.4,657.8,654.4,651.2,650.1,747.9,750.9,758.8,766.9,770.6,767.6,759.7,751.3,743.3,745.5,750.5,757.7,766.0,774.7,781.1,775.3,767.2,759.0,752.3,747.1,756.8,760.2,763.5,764.8,763.3,759.8,756.5,755.3,414.1,406.0,402.0,404.6,412.2,420.8,424.2,421.7,417.8,412.1,408.4,406.1,407.0,410.5,416.1,419.4,421.3,422.5,422.3,420.9,417.0,418.1,416.4,412.8,409.5,408.4,410.1,413.7,408.0,398.5,394.0,397.3,406.3,415.8,420.3,417.7,414.0,406.0,400.8,398.4,399.3,402.0,407.1,410.6,413.4,415.2,415.8,415.5,411.4,412.8,411.0,407.0,403.2,401.8,403.7,407.7,2.1,3.4,7.4,11.6,13.7,12.7,8.3,4.1,-1.9,-0.1,3.1,7.5,12.2,15.9,18.6,15.8,11.8,7.5,3.7,0.4,6.4,8.3,10.0,10.6,9.7,7.9,6.1,5.5,54.2,55.7,59.4,63.1,64.8,63.3,59.7,55.8,52.2,53.1,55.3,58.5,62.4,66.7,69.9,67.1,63.0,59.1,56.0,53.8,58.5,60.1,61.6,62.2,61.5,60.0,58.4,57.8,29.7,25.2,23.0,24.4,28.4,33.2,35.1,33.8,32.0,28.7,26.5,25.1,25.6,27.5,30.7,32.4,33.4,34.1,34.1,33.5,31.2,31.8,30.8,28.9,27.1,26.5,27.5,29.4,24.1,19.3,17.0,18.5,23.0,27.7,30.0,28.9,27.3,23.1,20.4,19.1,19.5,20.8,23.3,25.1,26.4,27.4,27.8,27.9,25.8,26.4,25.4,23.4,21.6,20.9,21.9,23.9,479.7,479.6,478.8,477.8,477.2,477.5,478.1,479.1,483.9,481.2,478.4,476.7,476.7,477.5,478.8,477.7,476.8,477.1,478.8,481.4,479.5,479.1,478.8,478.7,479.0,479.4,479.8,479.8,439.7,439.3,437.4,435.2,433.9,434.3,436.2,438.8,442.1,440.2,437.8,435.1,433.7,433.7,433.8,433.5,433.3,434.2,436.7,439.7,438.3,437.3,436.5,436.4,436.9,437.8,438.6,438.8,41.2,69.7,536.3,0.047,0.292,-0.087,606.0,608.1,612.8,619.8,629.1,641.2,655.7,678.2,707.9,744.1,778.5,808.3,823.9,827.4,825.9,824.7,823.3,611.9,621.6,638.8,659.0,678.2,722.9,742.3,763.0,783.2,796.6,702.0,700.8,699.6,698.1,680.6,692.9,704.5,716.9,728.7,635.2,645.7,661.5,674.0,661.3,646.3,739.1,749.9,766.8,779.7,768.9,753.0,665.7,676.6,690.5,703.2,716.2,737.1,756.9,739.1,719.1,704.3,691.1,677.0,672.6,691.9,704.3,717.9,747.9,717.1,703.1,690.4,419.4,449.4,478.5,506.4,534.1,559.4,580.4,598.4,603.3,596.3,575.1,547.3,517.8,486.7,457.4,427.6,397.9,383.1,367.5,362.8,367.0,376.3,373.3,359.7,354.3,357.0,371.2,408.2,426.3,444.2,463.1,484.9,488.6,491.2,488.0,484.0,416.1,407.4,407.3,416.2,421.7,421.6,411.6,401.9,400.4,407.4,414.4,415.9,537.7,523.6,516.9,520.0,515.9,520.8,532.4,547.0,553.5,554.9,554.3,549.0,537.0,533.2,533.3,532.2,533.0,536.2,537.3,536.6,0.36,0.00,0.41,0.00,0.15,0.00,0.03,0.91,0.13,0.60,1.03,0.51,1.27,0.00,1.53,3.15,0.00,0.00,0.00,0.00,1.00,0.00,0.00,0.00,0.00,0.00,0.00,1.00,0.00,1.00,0.00,1.00,1.00,0.00,0.00
5,0,0.133,0.88,1,-0.157013,0.165270,-0.973670,-0.228627,0.200743,-0.952592,-0.198,0.188,643.8,646.2,653.4,661.2,665.0,663.3,655.4,647.6,636.6,639.9,645.7,653.6,662.3,669.0,673.9,668.9,661.6,653.9,646.8,640.8,651.8,655.2,658.3,659.4,657.7,654.3,651.2,650.1,747.6,750.6,758.5,766.5,770.0,767.0,759.2,750.9,743.3,745.6,750.5,757.6,765.8,774.5,781.0,775.2,767.0,758.9,752.3,747.1,756.4,759.8,763.1,764.4,762.9,759.5,756.2,754.9,414.3,406.1,402.1,404.5,412.0,420.7,424.2,421.8,417.9,412.2,408.4,406.0,406.9,410.3,415.9,419.3,421.2,422.5,422.4,421.0,417.0,418.1,416.3,412.8,409.5,408.5,410.2,413.7,407.6,398.3,394.1,397.6,406.8,416.1,420.3,417.4,413.8,405.9,400.8,398.5,399.3,402.0,407.0,410.6,413.5,415.3,415.7,415.3,411.3,412.8,411.1,407.1,403.3,401.8,403.5,407.5,2.1,3.4,7.4,11.6,13.7,12.7,8.4,4.2,-1.9,-0.1,3.1,7.4,12.2,15.9,18.6,15.8,11.8,7.6,3.7,0.4,6.5,8.3,10.0,10.6,9.7,7.9,6.1,5.6,54.4,55.8,59.5,63.2,64.8,63.4,59.8,55.9,52.5,53.4,55.5,58.7,62.6,67.0,70.3,67.3,63.2,59.3,56.3,54.1,58.6,60.2,61.7,62.3,61.6,60.1,58.5,57.9,29.8,25.3,23.1,24.4,28.4,33.2,35.1,33.9,32.1,28.7,26.5,25.1,25.6,27.5,30.6,32.4,33.4,34.1,34.2,33.6,31.3,31.8,30.9,28.9,27.2,26.6,27.6,29.5,24.1,19.3,17.1,18.8,23.3,28.0,30.2,28.9,27.3,23.2,20.5,19.2,19.6,20.9,23.4,25.2,26.6,27.6,28.0,27.9,25.8,26.5,25.6,23.6,21.7,21.0,21.9,23.9,480.5,480.4,479.6,478.6,478.0,478.3,478.9,479.8,484.7,482.0,479.2,477.5,477.5,478.3,479.6,478.5,477.6,477.9,479.6,482.2,480.3,479.9,479.5,479.5,479.8,480.2,480.5,480.6,442.0,441.2,439.2,437.0,435.9,436.7,438.7,441.3,444.4,442.2,439.8,437.1,435.6,435.8,436.0,435.7,435.5,436.5,439.0,442.0,440.5,439.6,438.8,438.4,438.9,439.8,440.7,441.0,40.8,69.3,530.0,0.068,0.312,-0.100,606.6,608.8,613.4,620.1,629.1,641.0,655.0,678.0,709.3,747.9,784.6,815.1,829.5,830.3,825.8,822.1,819.0,611.9,621.3,638.4,658.6,677.7,723.1,742.4,763.1,783.1,796.3,701.5,700.2,699.0,697.3,681.3,693.2,704.5,716.7,728.3,635.4,645.6,661.3,674.0,661.3,646.4,739.1,749.9,766.6,779.4,768.8,753.1,666.6,678.3,692.1,703.9,715.9,737.1,758.4,737.9,717.0,703.2,691.1,677.7,672.9,692.8,704.4,717.1,749.1,715.6,702.5,690.8,417.5,448.3,478.1,506.5,534.4,560.1,581.2,600.4,606.3,599.4,578.3,549.3,517.8,485.1,454.4,423.4,392.1,383.1,367.4,362.8,367.4,376.5,373.5,359.4,354.1,356.9,371.8,407.5,425.9,444.3,463.9,485.7,489.8,492.6,489.3,485.1,416.3,407.4,407.2,415.5,421.6,421.7,411.2,401.9,400.4,407.6,414.5,415.9,537.7,526.3,521.3,524.4,520.5,524.2,533.2,548.1,553.5,554.2,553.5,548.3,537.3,536.0,536.2,535.1,534.0,538.1,538.7,537.8,0.19,0.00,0.39,0.00,0.23,0.00,0.07,0.93,0.05,1.07,1.22,0.55,1.37,0.00,1.21,3.18,0.00,0.00,0.00,0.00,1.00,0.00,0.00,0.00,0.00,0.00,1.00,1.00,0.00,1.00,0.00,1.00,1.00,0.00,0.00
6,0,0.167,0.88,1,-0.166636,0.171138,-0.971053,-0.253146,0.203286,-0.945829,-0.216,0.193,643.9,646.2,653.4,661.3,665.2,663.5,655.6,647.7,636.6,639.9,645.7,653.6,662.3,669.0,673.9,669.0,661.7,654.0,646.9,640.9,651.9,655.3,658.4,659.5,657.8,654.4,651.2,650.2,747.2,750.2,758.1,766.1,769.7,766.6,758.8,750.5,743.2,745.5,750.4,757.6,765.8,774.6,781.0,775.3,767.1,758.9,752.3,747.1,756.0,759.4,762.7,764.0,762.5,759.1,755.8,754.5,414.4,406.2,402.1,404.5,412.0,420.7,424.3,421.9,418.0,412.3,408.4,406.0,406.8,410.2,415.8,419.3,421.2,422.5,422.5,421.1,417.1,418.1,416.4,412.8,409.5,408.5,410.3,413.8,407.4,398.1,394.1,397.8,407.0,416.3,420.3,417.2,413.8,405.8,400.7,398.5,399.4,402.1,407.0,410.7,413.6,415.4,415.8,415.3,411.2,412.8,411.1,407.2,403.3,401.7,403.4,407.3,2.1,3.4,7.4,11.6,13.7,12.8,8.5,4.2,-1.9,-0.0,3.1,7.4,12.2,15.9,18.6,15.8,11.9,7.6,3.8,0.5,6.5,8.4,10.1,10.7,9.7,7.9,6.2,5.6,54.1,55.5,59.1,62.9,64.5,63.1,59.5,55.6,52.3,53.2,55.4,58.6,62.5,66.9,70.2,67.3,63.2,59.2,56.2,54.0,58.3,59.9,61.4,62.0,61.3,59.8,58.2,57.6,29.9,25.4,23.1,24.4,28.4,33.2,35.2,33.9,32.1,28.8,26.5,25.1,25.6,27.5,30.6,32.4,33.4,34.1,34.2,33.7,31.3,31.9,30.9,28.9,27.2,26.6,27.6,29.6,23.9,19.2,17.1,18.8,23.4,28.1,30.2,28.8,27.2,23.1,20.4,19.2,19.6,20.9,23.4,25.2,26.7,27.6,27.9,27.9,25.7,26.5,25.6,23.6,21.7,20.9,21.8,23.8,480.3,480.2,479.5,478.5,477.9,478.2,478.8,479.7,484.6,481.9,479.1,477.4,477.4,478.2,479.5,478.4,477.5,477.8,479.5,482.1,480.2,479.8,479.5,479.4,479.7,480.1,480.4,480.5,441.3,440.4,438.3,436.2,435.3,436.1,438.3,440.8,443.6,441.3,438.9,436.2,434.8,435.1,435.4,435.1,434.9,435.9,438.4,441.2,440.0,439.0,438.1,437.8,438.1,439.0,439.9,440.3,40.4,68.7,524.4,0.069,0.336,-0.109,606.9,609.2,613.8,620.5,629.5,641.2,655.3,679.2,711.8,752.2,790.6,821.2,834.6,832.9,825.8,820.2,815.7,611.9,621.4,638.4,658.4,677.3,723.0,742.2,762.8,782.6,795.7,701.1,699.8,698.4,696.7,681.5,693.5,704.5,716.5,727.9,635.4,645.6,661.3,674.0,661.3,646.6,739.0,749.8,766.6,779.4,768.9,753.2,667.2,678.5,692.1,703.6,715.0,736.6,758.7,736.7,715.1,701.8,690.3,677.6,673.1,692.5,703.7,715.8,749.1,714.1,701.6,690.3,416.1,447.7,478.2,507.1,535.3,561.6,582.9,602.7,608.6,601.7,580.9,551.4,518.8,484.7,452.9,420.4,387.7,383.2,367.2,362.8,367.7,376.7,373.6,359.2,353.8,356.7,371.9,406.9,425.4,444.1,463.9,485.9,490.1,493.0,489.6,485.4,416.6,407.5,407.1,415.2,421.7,421.9,411.1,401.9,400.4,407.7,414.7,416.0,537.8,527.0,522.8,525.7,522.1,525.5,534.0,549.0,553.5,553.8,553.0,547.9,537.5,536.8,537.1,536.1,534.7,539.0,539.2,538.2,0.03,0.00,0.43,0.00,0.30,0.00,0.16,1.01,0.00,1.47,1.41,0.62,1.57,0.00,0.96,3.25,0.00,0.00,0.00,0.00,1.00,0.00,0.00,0.00,0.00,0.00,1.00,1.00,0.00,1.00,1.00,1.00,1.00,0.00,0.00
7,0,0.200,0.88,1,-0.175842,0.175137,-0.968714,-0.286109,0.199464,-0.937207,-0.238,0.194,643.9,646.2,653.4,661.2,665.1,663.5,655.6,647.8,636.7,639.9,645.6,653.5,662.2,669.0,674.0,669.0,661.7,654.0,646.9,640.9,651.9,655.3,658.5,659.5,657.8,654.4,651.2,650.2,746.8,749.8,757.6,765.6,769.2,766.2,758.4,750.1,743.3,745.4,750.3,757.4,765.5,774.5,781.0,775.4,767.1,758.9,752.3,747.1,755.6,759.0,762.3,763.6,762.1,758.7,755.3,754.1,414.5,406.3,402.2,404.6,412.1,420.8,424.4,422.0,418.1,412.4,408.5,406.1,406.9,410.2,415.8,419.2,421.2,422.6,422.5,421.2,417.1,418.2,416.4,412.8,409.6,408.5,410.3,413.9,406.9,397.6,393.8,397.7,407.1,416.5,420.3,416.9,413.6,405.7,400.7,398.6,399.5,402.1,406.9,410.7,413.7,415.6,415.8,415.1,410.9,412.6,411.0,407.0,403.0,401.3,402.9,406.9,2.1,3.4,7.3,11.6,13.7,12.8,8.5,4.3,-1.8,-0.1,3.0,7.3,12.1,15.8,18.6,15.8,11.8,7.6,3.8,0.5,6.5,8.4,10.1,10.6,9.7,7.9,6.1,5.6,53.1,54.5,58.0,61.7,63.3,62.0,58.5,54.8,51.7,52.5,54.6,57.7,61.5,65.9,69.1,66.3,62.3,58.4,55.5,53.3,57.3,58.9,60.4,61.0,60.3,58.7,57.2,56.6,29.9,25.4,23.1,24.4,28.4,33.2,35.2,33.9,32.1,28.8,26.5,25.1,25.5,27.4,30.5,32.3,33.4,34.1,34.2,33.7,31.3,31.9,30.9,28.9,27.1,26.6,27.6,29.5,23.3,18.6,16.7,18.5,23.1,27.8,29.8,28.3,26.8,22.8,20.1,19.0,19.4,20.6,23.0,24.8,26.3,27.3,27.6,27.4,25.3,26.0,25.2,23.2,21.2,20.4,21.3,23.3,479.6,479.4,478.6,477.6,477.1,477.4,478.0,479.0,483.9,481.2,478.3,476.6,476.5,477.4,478.6,477.6,476.7,477.0,478.8,481.4,479.4,479.0,478.6,478.6,478.8,479.2,479.6,479.7,435.4,434.2,431.8,429.6,428.9,430.1,432.5,435.1,437.8,435.3,432.7,429.9,428.4,428.7,429.0,428.9,428.8,430.0,432.6,435.5,434.0,433.0,432.0,431.5,431.8,432.7,433.8,434.3,40.1,68.2,520.0,0.071,0.361,-0.118,607.1,609.4,614.0,620.8,630.1,642.2,656.3,680.4,713.7,755.1,794.9,826.0,839.2,836.2,827.4,820.3,814.7,611.7,621.4,638.3,658.1,676.9,723.4,742.3,762.5,781.9,794.9,700.8,699.4,698.0,696.3,681.4,693.6,704.6,716.5,727.8,635.4,645.6,661.3,673.9,661.3,646.6,739.1,749.6,766.5,779.4,768.8,753.3,667.3,678.6,692.2,703.3,714.1,736.3,759.7,735.8,713.4,700.6,689.6,677.3,673.1,692.6,703.4,714.9,749.8,712.6,700.6,689.8,415.6,447.7,478.7,508.3,536.7,563.2,584.5,603.8,609.3,601.9,580.9,551.4,518.5,484.0,451.9,419.1,385.9,383.2,367.3,362.9,367.8,376.7,373.5,359.1,353.8,356.7,372.0,406.5,425.0,443.7,463.7,486.1,490.2,493.0,489.7,485.5,416.7,407.6,407.1,415.0,421.9,422.1,410.9,402.0,400.4,407.7,414.6,415.9,537.8,527.4,523.3,526.2,522.7,525.9,534.0,549.3,553.5,553.6,552.9,547.9,537.5,537.6,537.7,536.8,534.8,538.9,538.8,538.0,0.01,0.00,0.63,0.00,0.49,0.00,0.33,1.11,0.17,1.89,1.42,0.68,1.53,0.00,0.88,2.91,0.14,0.00,0.00,0.00,1.00,0.00,0.00,0.00,0.00,0.00,1.00,1.00,0.00,1.00,1.00,0.00,1.00,0.00,0.00
8,0,0.233,0.88,1,-0.173422,0.141180,-0.974676,-0.367631,0.191152,-0.910114,-0.280,0.175,638.8,640.9,648.1,656.0,660.1,658.6,650.8,642.9,630.7,634.3,640.4,648.5,657.2,663.8,668.5,663.7,656.7,649.0,641.8,635.4,646.8,650.2,653.3,654.2,652.4,649.0,646.0,645.0,743.9,746.4,752.9,759.6,762.5,760.0,753.5,746.7,741.3,742.9,746.8,753.5,761.8,770.5,777.0,770.7,762.9,755.4,749.3,744.7,751.3,754.3,757.2,758.3,757.0,754.0,751.1,750.0,412.2,404.1,400.0,402.3,409.6,418.2,421.9,419.6,415.7,410.9,407.7,405.5,406.0,408.8,413.5,417.0,419.2,420.6,420.5,419.0,414.6,415.6,413.8,410.3,407.2,406.2,408.0,411.5,404.2,395.8,392.4,396.0,404.4,412.8,416.2,413.2,410.3,402.7,397.9,395.9,397.3,400.5,405.9,408.5,410.4,411.5,411.6,411.3,408.0,409.6,408.1,404.3,400.6,399.0,400.5,404.2,-0.7,0.5,4.5,8.8,11.1,10.2,6.0,1.6,-5.2,-3.1,0.2,4.7,9.4,13.1,15.7,13.1,9.2,5.0,1.0,-2.6,3.8,5.6,7.3,7.8,6.9,5.0,3.3,2.8,55.5,56.7,59.8,63.0,64.4,63.3,60.2,56.9,54.3,54.8,56.6,59.7,63.9,68.5,72.0,68.7,64.6,60.8,57.9,55.8,59.2,60.7,62.0,62.6,61.9,60.5,59.1,58.6,28.9,24.3,22.0,23.3,27.3,32.1,34.2,32.9,31.1,28.2,26.3,25.0,25.3,26.9,29.6,31.5,32.6,33.4,33.4,32.7,30.2,30.7,29.7,27.8,26.0,25.5,26.5,28.5,23.6,19.1,17.2,19.0,23.4,27.8,29.8,28.4,27.0,22.8,20.1,18.9,19.6,21.3,24.1,25.5,26.5,27.1,27.3,27.3,25.6,26.3,25.5,23.4,21.5,20.7,21.5,23.6,483.3,483.0,482.4,482.0,481.9,482.5,482.8,483.3,487.5,484.6,481.9,480.5,480.9,482.2,484.0,482.9,481.7,481.7,483.1,485.4,483.7,483.5,483.3,483.1,483.2,483.3,483.6,483.7,467.2,466.0,463.3,460.9,460.0,461.3,463.9,466.8,469.0,466.4,463.5,460.5,459.1,459.3,460.1,459.7,459.8,461.0,463.5,466.4,465.5,464.4,463.3,462.7,463.1,464.2,465.4,465.9,37.8,65.6,510.9,0.056,0.388,-0.130,602.8,605.3,610.1,617.1,627.4,640.5,655.2,679.3,713.7,756.6,798.5,830.8,844.5,840.7,830.3,822.1,816.1,606.1,616.7,633.5,653.0,671.8,720.2,739.0,758.0,776.3,789.2,696.6,695.5,694.2,692.7,676.9,689.8,701.5,713.9,725.7,630.3,640.7,655.9,668.5,655.7,641.5,736.4,746.4,762.9,775.9,764.9,750.0,662.9,674.7,689.1,700.5,711.8,736.5,763.8,735.6,709.8,696.3,685.3,673.0,668.9,689.5,700.6,712.6,753.3,709.6,697.0,686.0,414.6,446.9,478.1,508.3,536.8,563.3,583.9,602.6,607.2,599.1,578.3,550.2,517.9,484.1,452.1,419.5,386.7,381.7,366.5,361.6,366.2,374.8,371.4,357.4,352.5,354.6,369.0,404.3,423.3,442.5,462.9,484.3,488.6,491.7,487.7,482.8,415.3,406.4,405.6,412.9,419.6,419.8,408.2,399.8,398.2,405.3,411.3,412.6,533.3,523.7,520.2,522.7,519.2,521.1,527.7,543.8,548.6,549.0,548.5,543.9,533.2,534.2,534.1,532.6,528.9,534.7,534.8,534.4,0.00,0.00,0.90,0.00,0.70,0.00,0.45,1.19,0.53,2.16,1.35,0.63,1.53,0.00,0.90,2.36,0.43,0.00,0.00,0.00,0.00,0.00,0.00,1.00,0.00,0.00,1.00,1.00,0.00,1.00,1.00,0.00,0.00,0.00,1.00
9,0,0.267,0.98,1,-0.189608,0.125066,-0.973862,-0.411149,0.132083,-0.901948,-0.310,0.136,638.7,640.7,647.8,655.7,659.8,658.4,650.7,642.8,630.9,634.0,639.8,647.8,656.7,663.5,668.5,663.6,656.3,648.5,641.4,635.3,646.7,650.2,653.2,654.1,652.3,648.9,645.8,645.0,743.7,745.6,751.3,757.6,760.7,758.8,753.0,746.8,741.5,742.3,745.5,751.7,760.3,769.2,776.4,769.9,762.0,754.5,748.5,744.4,751.0,753.7,756.2,757.0,755.7,753.0,750.5,749.7,412.4,404.3,400.2,402.5,409.9,418.5,422.1,419.8,415.8,411.2,408.1,405.9,406.3,409.0,413.5,417.2,419.5,420.9,420.8,419.1,414.8,415.8,414.0,410.5,407.3,406.3,408.1,411.6,403.7,394.6,390.0,392.5,400.8,410.0,414.6,412.7,409.8,402.4,397.4,395.0,396.0,398.8,403.7,407.2,409.7,411.2,411.6,411.3,406.6,407.7,405.7,401.8,398.2,397.1,399.1,403.0,-0.7,0.4,4.2,8.5,10.8,10.0,5.8,1.5,-5.0,-3.3,-0.1,4.3,9.1,12.8,15.6,12.8,8.9,4.6,0.8,-2.6,3.7,5.5,7.2,7.7,6.7,4.8,3.2,2.7,52.3,53.2,55.7,58.5,59.8,58.9,56.4,53.7,51.4,51.5,52.8,55.5,59.4,63.8,67.3,64.1,60.3,56.8,54.2,52.6,55.7,56.9,58.0,58.3,57.8,56.6,55.5,55.1,28.6,24.2,21.9,23.1,27.1,31.8,33.9,32.7,30.8,28.0,26.2,24.9,25.1,26.6,29.2,31.1,32.4,33.2,33.2,32.5,29.9,30.5,29.5,27.5,25.8,25.3,26.3,28.2,22.1,17.4,15.0,16.2,20.2,24.8,27.3,26.5,25.2,21.4,18.7,17.4,17.8,19.1,21.6,23.3,24.6,25.4,25.7,25.8,23.4,23.9,22.8,20.8,19.1,18.6,19.6,21.6,477.9,477.2,476.3,475.7,475.7,476.6,477.3,477.9,482.7,479.5,476.4,474.5,474.6,475.8,477.5,476.6,475.8,476.2,477.9,480.4,478.1,477.8,477.4,477.1,477.1,477.4,477.8,478.1,441.6,440.9,438.1,434.9,433.3,434.1,436.8,440.3,443.2,440.8,437.7,434.4,432.4,431.9,432.1,432.0,432.6,434.1,436.9,440.4,439.1,437.8,436.6,436.2,437.0,438.3,439.5,439.8,37.8,64.9,508.1,0.063,0.436,-0.148,604.0,606.0,610.2,617.2,628.4,641.4,655.7,679.2,713.6,757.8,802.1,837.0,851.8,847.0,834.3,824.5,817.4,604.9,616.6,633.6,652.8,671.5,720.5,738.7,756.4,773.3,785.2,695.7,694.9,693.8,692.6,676.0,689.8,702.0,714.8,727.0,629.9,640.3,655.6,668.2,655.4,641.4,736.5,745.1,761.7,774.9,764.1,749.5,662.5,673.6,688.5,700.4,712.4,740.1,771.1,739.8,710.4,696.0,684.5,672.4,669.1,689.5,701.1,713.7,760.1,710.0,696.4,685.0,415.4,447.7,479.3,509.6,537.8,564.3,584.3,602.8,606.6,597.6,576.5,548.8,517.1,483.7,452.2,420.4,388.4,380.9,366.7,362.1,366.5,374.9,371.0,356.7,351.9,354.1,368.2,404.9,423.4,442.1,462.1,484.6,488.4,491.2,486.8,481.7,415.9,406.5,405.8,413.6,420.1,420.0,407.9,399.0,396.9,404.3,410.0,411.7,531.8,521.4,517.5,519.5,515.5,516.3,522.9,541.3,548.1,549.1,549.1,544.5,531.7,532.8,532.1,530.1,524.6,533.5,533.9,533.9,0.00,0.00,1.26,0.00,1.03,0.00,0.60,1.31,1.00,2.39,1.38,0.63,1.63,0.00,1.07,1.76,0.71,0.00,0.00,0.00,0.00,0.00,0.00,1.00,0.00,0.00,1.00,1.00,0.00,1.00,1.00,0.00,0.00,0.00,1.00
10,0,0.300,0.98,1,-0.200672,0.121712,-0.972068,-0.372754,0.129097,-0.918906,-0.294,0.132,638.7,640.7,647.7,655.6,659.7,658.4,650.7,642.8,631.1,634.0,639.5,647.5,656.5,663.4,668.6,663.5,656.1,648.3,641.3,635.3,646.8,650.2,653.2,654.1,652.3,648.9,645.8,645.0,743.2,745.0,750.7,757.0,760.2,758.4,752.7,746.4,740.9,741.6,744.7,750.4,757.7,765.1,771.0,766.6,760.2,753.7,748.2,744.0,750.3,753.0,755.5,756.3,754.9,752.2,749.7,748.9,412.6,404.4,400.3,402.7,410.1,418.7,422.4,420.0,416.1,411.5,408.4,406.2,406.6,409.2,413.7,417.3,419.6,421.0,420.8,419.3,415.0,416.0,414.2,410.7,407.5,406.5,408.2,411.8,403.7,395.5,390.9,392.6,399.6,407.7,412.3,411.3,409.1,402.1,397.2,394.6,395.0,397.0,401.5,405.9,409.1,411.2,411.8,411.3,405.7,406.4,404.5,400.9,397.9,397.2,399.2,402.7,-0.7,0.4,4.2,8.4,10.6,9.9,5.8,1.5,-4.9,-3.3,-0.3,4.1,8.9,12.7,15.5,12.7,8.7,4.5,0.7,-2.5,3.7,5.5,7.2,7.6,6.7,4.8,3.2,2.7,59.4,60.5,63.5,66.7,68.3,67.3,64.3,61.1,58.3,58.5,60.0,62.9,66.8,70.9,74.2,71.7,68.1,64.6,61.7,59.8,63.3,64.6,65.9,66.4,65.7,64.3,63.0,62.6,28.5,24.1,21.8,23.1,27.1,31.8,33.8,32.6,30.8,28.1,26.2,24.9,25.1,26.6,29.1,31.0,32.2,33.0,33.0,32.4,29.9,30.4,29.4,27.5,25.7,25.2,26.2,28.1,25.2,20.4,17.7,18.6,22.5,27.1,29.9,29.5,28.3,24.2,21.3,19.7,19.8,21.0,23.5,26.0,27.8,29.1,29.6,29.5,26.2,26.6,25.4,23.4,21.7,21.3,22.5,24.5,475.1,474.4,473.3,472.5,472.4,473.4,474.3,475.1,480.3,476.9,473.7,471.5,471.4,472.4,474.0,473.3,472.7,473.3,475.2,477.8,475.1,474.8,474.3,474.0,474.0,474.3,474.8,475.2,503.8,503.7,501.5,498.7,496.7,496.9,499.0,502.2,505.5,503.8,501.4,498.4,496.5,496.0,495.9,495.7,495.8,496.7,499.4,502.8,501.6,500.4,499.5,499.4,500.2,501.5,502.4,502.5,37.9,64.6,507.6,0.067,0.466,-0.162,604.7,606.7,610.8,617.9,629.4,642.2,656.0,678.9,713.4,758.5,804.3,840.4,855.9,850.9,836.7,825.4,817.5,604.6,616.7,633.8,652.9,671.5,720.4,738.4,755.5,771.5,782.6,695.2,694.7,694.0,693.1,676.2,690.3,702.7,715.5,727.8,629.9,640.2,655.3,668.0,655.2,641.5,735.9,743.2,759.3,772.3,761.9,747.9,662.6,673.2,688.3,700.9,714.0,743.2,775.6,743.1,711.8,696.2,684.0,672.1,669.5,689.6,701.9,715.4,764.6,711.3,696.6,684.5,415.5,448.0,480.1,510.9,539.0,565.4,584.8,603.1,606.5,596.9,575.4,548.0,516.4,482.9,451.3,419.6,387.6,380.4,366.9,362.5,366.6,374.7,370.5,356.2,351.5,353.9,367.8,405.3,423.6,442.0,461.8,484.6,488.2,490.9,486.2,481.0,416.2,406.8,406.1,413.8,420.1,419.8,407.5,398.6,396.3,403.5,408.8,410.8,530.7,519.9,516.0,517.7,513.4,513.3,519.5,539.3,547.4,549.0,549.2,544.5,530.7,531.6,530.7,528.1,521.6,532.9,533.8,534.0,0.00,0.00,1.43,0.00,1.26,0.00,0.67,1.44,1.31,2.38,1.49,0.65,1.93,0.00,1.20,1.40,0.87,0.00,0.00,0.00,0.00,0.00,0.00,1.00,0.00,0.00,1.00,1.00,0.00,1.00,1.00,0.00,0.00,0.00,1.00
11,0,0.333,0.98,1,-0.202044,0.120601,-0.971923,-0.358074,0.124980,-0.925291,-0.287,0.129,638.6,640.7,647.7,655.6,659.7,658.3,650.6,642.7,631.1,633.9,639.4,647.4,656.4,663.4,668.6,663.5,656.1,648.2,641.2,635.3,646.7,650.1,653.2,654.1,652.3,648.9,645.8,644.9,742.7,744.5,750.4,756.9,760.3,758.5,752.6,746.0,740.1,741.0,744.4,750.1,757.1,764.1,769.8,765.7,759.6,753.3,747.7,743.4,749.9,752.7,755.3,756.1,754.6,751.8,749.2,748.4,412.5,404.4,400.3,402.7,410.2,418.8,422.4,420.0,416.1,411.5,408.5,406.3,406.6,409.3,413.8,417.3,419.6,421.0,420.9,419.3,415.0,416.0,414.3,410.7,407.5,406.4,408.2,411.7,403.3,395.3,391.0,392.7,399.6,407.6,412.0,410.8,408.3,401.7,397.2,394.9,395.3,397.2,401.4,405.8,409.2,411.3,411.6,410.8,405.4,406.2,404.3,400.8,397.8,397.1,399.0,402.4,-0.7,0.4,4.1,8.4,10.6,9.9,5.7,1.5,-4.8,-3.3,-0.3,4.0,8.8,12.6,15.4,12.6,8.6,4.4,0.7,-2.5,3.6,5.5,7.1,7.6,6.6,4.8,3.1,2.7,61.2,62.2,65.5,69.0,70.8,69.7,66.5,63.0,59.8,60.2,61.9,64.9,68.8,72.9,76.3,73.9,70.3,66.6,63.7,61.5,65.2,66.8,68.2,68.6,67.9,66.3,64.9,64.5,28.4,24.0,21.7,23.0,27.0,31.7,33.7,32.5,30.7,28.0,26.2,24.9,25.0,26.5,29.0,30.9,32.1,32.9,33.0,32.3,29.8,30.3,29.3,27.4,25.6,25.1,26.1,28.0,25.8,21.0,18.4,19.3,23.3,28.0,30.7,30.2,28.9,24.8,22.0,20.6,20.8,21.8,24.3,26.9,28.9,30.2,30.5,30.2,27.0,27.4,26.2,24.1,22.4,22.0,23.2,25.2,473.6,472.8,471.7,470.9,470.8,471.9,472.8,473.6,478.9,475.5,472.2,470.0,469.8,470.8,472.5,471.8,471.2,471.8,473.7,476.4,473.6,473.3,472.8,472.4,472.4,472.8,473.3,473.6,521.2,521.0,519.1,516.5,514.8,515.0,516.9,519.9,523.0,521.2,518.8,516.0,514.4,514.2,514.3,514.1,514.0,514.8,517.2,520.5,519.4,518.2,517.4,517.3,518.0,519.2,520.0,520.1,37.8,64.4,506.9,0.066,0.469,-0.164,604.9,607.0,611.3,618.5,630.0,642.8,656.4,679.1,713.6,758.8,804.7,841.1,856.9,851.9,837.5,825.7,817.5,604.8,616.7,633.7,652.9,671.5,720.0,737.9,754.9,770.9,781.8,695.1,694.6,693.9,693.1,676.1,690.2,702.7,715.6,727.9,630.0,640.2,655.2,667.9,655.1,641.5,735.5,742.6,758.6,771.6,761.2,747.3,662.7,673.0,688.2,700.8,714.0,743.3,775.9,743.5,712.2,696.4,684.1,672.1,669.7,689.6,701.9,715.6,764.8,711.6,696.7,684.5,415.5,448.2,480.5,511.4,539.6,565.8,585.0,603.2,606.4,596.8,575.2,547.9,516.4,482.8,451.0,419.1,387.1,380.5,366.9,362.4,366.5,374.7,370.4,356.1,351.5,354.0,367.9,405.4,423.6,442.0,461.7,484.5,488.1,490.8,486.0,480.8,416.2,406.9,406.3,413.8,420.0,419.7,407.4,398.6,396.3,403.4,408.6,410.6,530.8,519.7,515.6,517.3,512.9,512.9,519.2,539.2,547.6,549.2,549.5,544.7,530.7,531.3,530.4,527.8,521.3,532.9,533.8,534.1,0.00,0.00,1.54,0.00,1.40,0.00,0.71,1.51,1.42,2.28,1.61,0.70,2.15,0.00,1.27,1.35,0.87,0.00,0.00,0.00,0.00,0.00,0.00,1.00,1.00,0.00,1.00,1.00,0.00,1.00,1.00,0.00,0.00,0.00,1.00
12,0,0.367,0.98,1,-0.202718,0.120981,-0.971735,-0.362835,0.125513,-0.923362,-0.290,0.129,638.6,640.7,647.7,655.6,659.7,658.4,650.6,642.7,631.1,633.9,639.4,647.4,656.4,663.4,668.6,663.5,656.1,648.2,641.2,635.3,646.7,650.1,653.2,654.1,652.3,648.9,645.8,644.9,742.9,744.7,750.6,757.0,760.3,758.5,752.7,746.1,740.3,741.2,744.5,750.2,757.3,764.5,770.2,766.0,759.8,753.5,747.9,743.6,750.1,752.9,755.4,756.2,754.8,752.0,749.4,748.6,412.5,404.4,400.3,402.7,410.2,418.7,422.4,420.0,416.1,411.5,408.5,406.3,406.7,409.2,413.7,417.3,419.6,421.0,420.9,419.3,415.0,416.0,414.2,410.7,407.5,406.4,408.2,411.7,403.3,395.3,390.9,392.7,399.6,407.6,412.0,410.9,408.3,401.7,397.2,394.9,395.3,397.2,401.5,405.9,409.1,411.2,411.6,410.8,405.4,406.2,404.3,400.8,397.8,397.0,399.0,402.4,-0.7,0.4,4.1,8.4,10.6,9.9,5.7,1.5,-4.9,-3.3,-0.3,4.0,8.8,12.6,15.4,12.7,8.7,4.4,0.7,-2.5,3.6,5.5,7.1,7.6,6.6,4.8,3.1,2.7,60.8,61.8,65.0,68.4,70.1,69.1,65.9,62.5,59.4,59.7,61.4,64.4,68.3,72.4,75.8,73.3,69.7,66.1,63.2,61.1,64.7,66.2,67.6,68.0,67.3,65.8,64.4,64.0,28.4,24.0,21.7,23.0,27.0,31.7,33.7,32.5,30.7,28.0,26.2,24.9,25.0,26.5,29.0,30.9,32.1,32.9,33.0,32.3,29.7,30.3,29.3,27.4,25.6,25.1,26.1,28.0,25.6,20.8,18.2,19.1,23.1,27.7,30.4,29.9,28.6,24.6,21.9,20.4,20.5,21.6,24.1,26.7,28.6,29.8,30.2,30.0,26.7,27.1,25.9,23.9,22.2,21.8,22.9,25.0,473.6,472.8,471.6,470.8,470.8,471.8,472.8,473.6,478.8,475.4,472.1,469.9,469.8,470.8,472.4,471.8,471.2,471.8,473.7,476.3,473.6,473.2,472.7,472.4,472.4,472.7,473.2,473.6,516.5,516.3,514.3,511.7,509.9,510.1,512.1,515.1,518.4,516.5,514.1,511.3,509.5,509.3,509.3,509.1,509.1,509.9,512.4,515.7,514.6,513.4,512.6,512.5,513.2,514.4,515.3,515.3,37.9,64.4,506.6,0.065,0.470,-0.165,605.0,607.0,611.4,618.7,630.2,643.0,656.5,679.2,713.6,758.8,804.8,841.3,857.2,852.3,837.7,825.9,817.5,604.8,616.6,633.7,652.9,671.5,720.2,738.0,755.0,770.9,781.9,695.1,694.6,693.9,693.0,676.0,690.2,702.7,715.6,728.0,629.9,640.2,655.2,668.0,655.1,641.5,735.6,742.8,758.8,771.9,761.4,747.5,662.7,673.0,688.1,700.8,714.1,743.4,775.9,743.6,712.3,696.4,684.0,672.1,669.7,689.5,701.9,715.7,764.9,711.6,696.7,684.5,415.5,448.2,480.6,511.5,539.7,565.9,585.1,603.1,606.4,596.8,575.3,548.0,516.5,482.8,450.9,418.8,386.6,380.4,366.8,362.3,366.5,374.7,370.4,356.1,351.4,353.9,367.9,405.3,423.6,441.9,461.6,484.4,488.0,490.7,485.9,480.7,416.2,406.9,406.3,413.8,420.0,419.7,407.4,398.7,396.3,403.4,408.6,410.6,530.8,519.7,515.5,517.2,512.8,512.8,519.2,539.2,547.6,549.2,549.5,544.7,530.7,531.3,530.3,527.7,521.3,532.8,533.7,534.0,0.00,0.00,1.53,0.00,1.44,0.00,0.71,1.50,1.45,2.23,1.55,0.71,2.19,0.00,1.34,1.44,0.90,0.00,0.00,0.00,0.00,0.00,0.00,1.00,1.00,0.00,1.00,1.00,0.00,1.00,1.00,0.00,0.00,0.00,1.00
13,0,0.400,0.98,1,-0.202922,0.121997,-0.971566,-0.357654,0.126337,-0.925269,-0.287,0.130,638.6,640.7,647.7,655.6,659.7,658.4,650.6,642.7,631.1,633.9,639.4,647.4,656.4,663.4,668.6,663.5,656.1,648.2,641.3,635.3,646.7,650.1,653.2,654.1,652.3,648.9,645.8,644.9,742.7,744.5,750.4,756.9,760.3,758.5,752.6,745.9,740.0,741.0,744.4,750.1,757.1,764.1,769.7,765.7,759.6,753.3,747.7,743.3,749.9,752.7,755.3,756.1,754.6,751.8,749.2,748.4,412.5,404.4,400.3,402.7,410.2,418.8,422.4,420.0,416.1,411.5,408.5,406.3,406.7,409.3,413.8,417.3,419.6,421.0,420.9,419.3,415.0,416.0,414.2,410.7,407.5,406.4,408.2,411.7,403.2,395.3,390.9,392.7,399.6,407.6,411.9,410.8,408.1,401.5,397.1,395.0,395.3,397.2,401.3,405.8,409.2,411.3,411.6,410.7,405.4,406.2,404.3,400.8,397.8,397.0,398.9,402.4,-0.7,0.4,4.1,8.4,10.6,9.9,5.7,1.5,-4.8,-3.3,-0.3,4.0,8.8,12.6,15.4,12.7,8.7,4.4,0.7,-2.5,3.6,5.5,7.1,7.6,6.6,4.8,3.1,2.7,61.3,62.3,65.6,69.1,70.9,69.9,66.6,63.0,59.9,60.2,62.0,65.0,68.9,73.0,76.4,74.0,70.4,66.8,63.8,61.6,65.3,66.9,68.3,68.7,68.0,66.4,65.0,64.5,28.4,24.0,21.7,23.0,27.0,31.7,33.7,32.5,30.7,28.0,26.2,24.9,25.1,26.5,29.0,30.9,32.1,32.9,33.0,32.3,29.8,30.3,29.3,27.4,25.6,25.1,26.1,28.0,25.8,21.0,18.4,19.3,23.4,28.1,30.7,30.2,28.8,24.8,22.1,20.6,20.8,21.9,24.3,27.0,28.9,30.2,30.5,30.2,27.0,27.4,26.2,24.2,22.4,22.0,23.2,25.2,473.6,472.8,471.6,470.8,470.8,471.8,472.8,473.6,478.8,475.4,472.1,469.9,469.8,470.8,472.4,471.7,471.1,471.8,473.7,476.3,473.6,473.2,472.7,472.4,472.4,472.8,473.2,473.6,522.1,521.9,519.9,517.3,515.7,515.9,517.9,520.8,523.9,522.0,519.6,516.9,515.3,515.1,515.2,515.0,514.9,515.7,518.1,521.4,520.3,519.2,518.3,518.2,518.9,520.0,520.9,521.0,37.8,64.4,506.4,0.066,0.470,-0.166,604.9,607.0,611.4,618.8,630.3,643.1,656.6,679.3,713.7,758.9,804.9,841.5,857.4,852.6,837.9,825.9,817.3,604.8,616.6,633.7,652.9,671.6,720.0,737.9,754.9,770.9,781.9,695.1,694.6,693.9,693.0,676.0,690.2,702.7,715.6,728.0,629.9,640.2,655.2,667.9,655.2,641.5,735.4,742.5,758.6,771.6,761.1,747.3,662.8,673.0,688.0,700.8,714.1,743.4,775.9,743.6,712.3,696.4,684.1,672.2,669.7,689.5,701.9,715.7,764.8,711.7,696.7,684.5,415.5,448.2,480.6,511.6,539.8,565.9,585.1,603.2,606.4,596.7,575.2,547.9,516.4,482.6,450.6,418.4,386.1,380.5,366.9,362.4,366.5,374.7,370.4,356.1,351.4,354.0,368.1,405.4,423.6,441.9,461.5,484.4,488.0,490.7,485.9,480.7,416.2,407.0,406.3,413.8,420.0,419.7,407.4,398.6,396.3,403.4,408.5,410.5,530.8,519.7,515.5,517.2,512.8,512.8,519.2,539.2,547.7,549.3,549.5,544.7,530.8,531.3,530.3,527.7,521.3,532.9,533.8,534.0,0.00,0.00,1.52,0.00,1.47,0.00,0.72,1.46,1.48,2.26,1.43,0.68,2.17,0.00,1.40,1.52,0.89,0.00,0.00,0.00,0.00,0.00,0.00,1.00,1.00,0.00,1.00,1.00,0.00,1.00,1.00,0.00,0.00,0.00,1.00
14,0,0.433,0.98,1,-0.202730,0.121298,-0.971693,-0.360838,0.126588,-0.923997,-0.289,0.130,638.6,640.6,647.7,655.5,659.7,658.4,650.6,642.8,631.2,633.9,639.4,647.4,656.4,663.4,668.6,663.5,656.1,648.2,641.2,635.3,646.7,650.2,653.2,654.1,652.3,648.9,645.8,644.9,742.9,744.7,750.5,757.0,760.3,758.5,752.6,746.1,740.2,741.2,744.5,750.2,757.3,764.4,770.1,766.0,759.8,753.4,747.8,743.5,750.0,752.8,755.4,756.2,754.7,751.9,749.4,748.6,412.5,404.4,400.3,402.7,410.2,418.8,422.4,420.0,416.1,411.5,408.5,406.3,406.7,409.2,413.7,417.3,419.6,421.1,420.9,419.3,415.0,416.0,414.2,410.7,407.5,406.4,408.2,411.7,403.3,395.3,390.9,392.6,399.6,407.6,412.0,410.9,408.3,401.7,397.2,394.9,395.3,397.2,401.4,405.8,409.1,411.2,411.6,410.8,405.4,406.2,404.3,400.8,397.8,397.0,398.9,402.4,-0.8,0.3,4.1,8.4,10.6,9.9,5.7,1.5,-4.8,-3.3,-0.3,4.0,8.8,12.6,15.4,12.6,8.6,4.4,0.7,-2.5,3.6,5.5,7.1,7.6,6.6,4.8,3.1,2.7,60.8,61.8,65.1,68.5,70.2,69.2,66.0,62.5,59.4,59.8,61.4,64.5,68.4,72.5,75.8,73.4,69.8,66.2,63.2,61.1,64.8,66.3,67.7,68.1,67.4,65.9,64.5,64.0,28.4,24.0,21.7,23.0,27.0,31.6,33.7,32.4,30.6,27.9,26.1,24.8,25.0,26.5,29.0,30.9,32.1,32.9,33.0,32.3,29.7,30.3,29.3,27.3,25.6,25.1,26.0,28.0,25.6,20.8,18.2,19.1,23.1,27.8,30.5,30.0,28.6,24.6,21.9,20.4,20.6,21.7,24.1,26.7,28.6,29.9,30.2,30.0,26.7,27.1,26.0,23.9,22.2,21.8,23.0,25.0,473.1,472.3,471.1,470.3,470.3,471.4,472.3,473.1,478.4,475.0,471.7,469.4,469.2,470.3,471.9,471.3,470.7,471.4,473.3,475.9,473.1,472.8,472.3,471.9,471.9,472.3,472.8,473.1,517.1,516.9,514.9,512.3,510.5,510.7,512.7,515.7,518.9,517.0,514.6,511.8,510.1,509.9,509.9,509.7,509.7,510.5,513.0,516.3,515.2,514.0,513.1,513.1,513.8,515.0,515.8,515.9,37.9,64.3,506.4,0.066,0.470,-0.166,604.9,607.0,611.3,618.7,630.3,643.1,656.5,679.2,713.7,759.0,805.1,841.7,857.5,852.6,837.9,825.9,817.4,604.8,616.6,633.7,652.9,671.5,720.1,737.9,755.0,770.9,781.9,695.1,694.6,693.9,693.0,676.1,690.2,702.7,715.6,728.0,629.9,640.2,655.1,668.0,655.1,641.5,735.6,742.7,758.8,771.8,761.3,747.5,662.7,672.9,688.0,700.8,714.2,743.5,775.9,743.7,712.5,696.5,684.1,672.1,669.6,689.5,701.9,715.8,764.8,711.8,696.8,684.5,415.6,448.3,480.7,511.6,539.8,565.9,585.1,603.1,606.3,596.7,575.1,547.7,516.2,482.5,450.5,418.4,386.2,380.3,366.8,362.4,366.6,374.7,370.4,356.1,351.4,353.9,367.8,405.4,423.5,441.9,461.5,484.4,488.0,490.7,485.9,480.7,416.2,407.0,406.3,413.8,420.0,419.7,407.4,398.7,396.3,403.4,408.5,410.5,530.8,519.7,515.5,517.2,512.8,512.8,519.1,539.1,547.6,549.2,549.5,544.7,530.8,531.2,530.3,527.7,521.2,532.8,533.7,534.0,0.00,0.00,1.50,0.00,1.51,0.00,0.73,1.41,1.50,2.29,1.31,0.66,2.16,0.00,1.46,1.63,0.91,0.00,0.00,0.00,0.00,0.00,0.00,1.00,1.00,0.00,1.00,1.00,0.00,1.00,1.00,0.00,0.00,0.00,1.00
15,0,0.467,0.98,1,-0.202232,0.121625,-0.971756,-0.357611,0.126174,-0.925308,-0.287,0.130,638.6,640.7,647.7,655.6,659.7,658.4,650.6,642.8,631.1,633.9,639.4,647.4,656.4,663.4,668.6,663.5,656.1,648.2,641.2,635.3,646.7,650.1,653.2,654.1,652.3,648.9,645.8,644.9,742.7,744.5,750.4,756.9,760.3,758.5,752.6,745.9,740.0,741.0,744.4,750.1,757.1,764.1,769.8,765.7,759.6,753.3,747.7,743.4,749.9,752.7,755.3,756.1,754.6,751.8,749.2,748.4,412.5,404.4,400.3,402.7,410.2,418.8,422.4,420.0,416.1,411.5,408.5,406.3,406.7,409.2,413.7,417.3,419.6,421.0,420.9,419.3,415.0,416.0,414.2,410.7,407.5,406.4,408.2,411.7,403.3,395.3,390.9,392.7,399.6,407.6,411.9,410.8,408.2,401.6,397.2,395.0,395.4,397.2,401.4,405.8,409.1,411.2,411.6,410.7,405.4,406.2,404.3,400.8,397.8,397.0,398.9,402.4,-0.7,0.4,4.1,8.4,10.6,9.9,5.7,1.5,-4.8,-3.3,-0.3,4.0,8.8,12.6,15.4,12.7,8.7,4.4,0.7,-2.5,3.6,5.5,7.1,7.6,6.6,4.8,3.1,2.7,61.2,62.3,65.6,69.1,70.8,69.8,66.6,63.0,59.8,60.2,61.9,65.0,68.9,73.0,76.4,73.9,70.3,66.7,63.7,61.5,65.3,66.8,68.2,68.7,67.9,66.4,65.0,64.5,28.4,24.0,21.7,23.0,27.0,31.7,33.7,32.5,30.7,28.0,26.2,24.9,25.0,26.5,29.0,30.9,32.1,32.9,33.0,32.3,29.7,30.3,29.3,27.4,25.6,25.1,26.1,28.0,25.8,21.0,18.4,19.3,23.3,28.0,30.7,30.2,28.8,24.8,22.1,20.6,20.8,21.9,24.3,26.9,28.9,30.2,30.5,30.2,27.0,27.4,26.2,24.1,22.4,22.0,23.1,25.2,473.3,472.5,471.4,470.6,470.6,471.6,472.5,473.3,478.6,475.2,471.9,469.7,469.5,470.6,472.2,471.5,470.9,471.6,473.5,476.1,473.3,473.0,472.5,472.1,472.1,472.5,473.0,473.3,521.6,521.4,519.5,516.9,515.2,515.4,517.4,520.3,523.5,521.6,519.2,516.5,514.8,514.6,514.8,514.5,514.4,515.2,517.7,520.9,519.8,518.7,517.8,517.7,518.5,519.6,520.4,520.5,37.9,64.3,506.4,0.066,0.469,-0.166,604.9,607.0,611.4,618.8,630.3,643.1,656.6,679.3,713.8,759.1,805.2,841.7,857.6,852.6,837.9,825.9,817.3,604.9,616.6,633.7,652.9,671.6,720.0,737.8,754.9,770.8,781.8,695.1,694.6,693.9,693.0,676.1,690.2,702.7,715.6,728.0,629.9,640.2,655.1,667.9,655.2,641.5,735.4,742.5,758.6,771.6,761.1,747.3,662.7,672.9,688.0,700.8,714.2,743.5,775.9,743.7,712.4,696.5,684.1,672.1,669.7,689.5,701.9,715.8,764.8,711.8,696.8,684.5,415.6,448.2,480.7,511.7,539.8,566.0,585.1,603.1,606.3,596.6,575.0,547.6,516.0,482.3,450.4,418.3,386.1,380.5,366.9,362.4,366.5,374.7,370.4,356.1,351.4,354.0,368.0,405.4,423.5,441.9,461.5,484.4,487.9,490.6,485.8,480.7,416.2,407.0,406.3,413.8,420.0,419.7,407.4,398.7,396.3,403.4,408.5,410.5,530.8,519.7,515.5,517.2,512.8,512.8,519.1,539.1,547.6,549.2,549.5,544.7,530.8,531.3,530.3,527.7,521.2,532.8,533.7,534.0,0.00,0.00,1.51,0.00,1.51,0.00,0.75,1.42,1.51,2.32,1.24,0.66,2.19,0.00,1.46,1.62,0.93,0.00,0.00,0.00,0.00,0.00,0.00,1.00,1.00,0.00,1.00,1.00,0.00,1.00,1.00,0.00,0.00,0.00,1.00
16,0,0.500,0.98,1,-0.202805,0.121414,-0.971663,-0.361326,0.127390,-0.923697,-0.289,0.131,638.6,640.7,647.7,655.5,659.7,658.4,650.6,642.8,631.2,633.9,639.4,647.5,656.5,663.4,668.6,663.5,656.1,648.2,641.2,635.3,646.7,650.2,653.2,654.1,652.3,648.9,645.8,644.9,742.9,744.7,750.6,757.0,760.3,758.5,752.7,746.1,740.2,741.2,744.5,750.2,757.3,764.4,770.2,766.0,759.8,753.4,747.8,743.5,750.0,752.9,755.4,756.2,754.8,751.9,749.4,748.6,412.6,404.4,400.3,402.7,410.1,418.7,422.4,420.0,416.1,411.5,408.5,406.3,406.7,409.2,413.7,417.3,419.6,421.0,420.9,419.3,415.0,416.0,414.2,410.7,407.5,406.4,408.2,411.7,403.3,395.3,390.9,392.6,399.6,407.6,412.0,410.9,408.3,401.7,397.2,394.9,395.3,397.1,401.4,405.8,409.1,411.2,411.6,410.8,405.4,406.2,404.3,400.8,397.8,397.0,398.9,402.4,-0.7,0.4,4.1,8.4,10.6,9.9,5.8,1.5,-4.8,-3.3,-0.3,4.0,8.8,12.6,15.4,12.7,8.7,4.4,0.7,-2.5,3.6,5.5,7.1,7.6,6.6,4.8,3.1,2.7,60.7,61.8,65.0,68.4,70.1,69.1,65.9,62.4,59.4,59.7,61.4,64.4,68.3,72.4,75.8,73.3,69.7,66.1,63.1,61.0,64.7,66.2,67.6,68.0,67.3,65.8,64.4,64.0,28.5,24.0,21.7,23.0,27.0,31.7,33.7,32.5,30.7,28.0,26.2,24.9,25.1,26.5,29.0,30.9,32.1,32.9,33.0,32.3,29.8,30.3,29.3,27.4,25.6,25.1,26.1,28.0,25.6,20.8,18.1,19.1,23.1,27.7,30.4,29.9,28.6,24.6,21.8,20.4,20.5,21.6,24.1,26.7,28.6,29.8,30.2,29.9,26.7,27.1,25.9,23.9,22.2,21.8,22.9,25.0,473.8,473.0,471.9,471.0,471.0,472.0,472.9,473.7,479.0,475.6,472.3,470.1,470.0,471.0,472.6,471.9,471.3,472.0,473.9,476.5,473.8,473.4,472.9,472.6,472.6,472.9,473.4,473.8,516.5,516.3,514.3,511.6,509.9,510.1,512.1,515.1,518.3,516.4,514.0,511.2,509.5,509.2,509.3,509.1,509.0,509.9,512.4,515.7,514.5,513.4,512.5,512.4,513.2,514.3,515.2,515.3,37.9,64.3,506.3,0.067,0.469,-0.166,604.9,607.0,611.4,618.7,630.3,643.1,656.6,679.2,713.8,759.2,805.3,841.8,857.6,852.6,837.9,825.9,817.4,604.8,616.7,633.8,653.0,671.6,720.1,737.9,755.0,770.9,781.9,695.2,694.6,693.9,693.0,676.1,690.2,702.7,715.7,728.0,629.9,640.2,655.2,668.0,655.2,641.5,735.6,742.7,758.8,771.8,761.4,747.5,662.7,672.9,688.1,700.9,714.2,743.5,775.9,743.7,712.5,696.5,684.1,672.2,669.6,689.5,701.9,715.8,764.8,711.8,696.8,684.5,415.6,448.3,480.7,511.7,539.9,566.0,585.1,603.1,606.3,596.6,574.9,547.5,515.9,482.2,450.3,418.3,386.1,380.3,366.8,362.4,366.6,374.7,370.4,356.1,351.4,353.9,367.8,405.4,423.5,441.8,461.4,484.4,488.0,490.7,485.9,480.7,416.2,407.0,406.3,413.8,420.0,419.7,407.4,398.6,396.3,403.3,408.5,410.5,530.8,519.7,515.5,517.2,512.8,512.8,519.1,539.1,547.6,549.2,549.5,544.7,530.8,531.3,530.3,527.7,521.2,532.8,533.7,534.0,0.00,0.00,1.42,0.00,1.41,0.00,0.65,1.45,1.49,2.38,1.42,0.53,2.02,0.00,1.28,1.18,0.64,0.00,0.00,0.00,0.00,0.00,0.00,1.00,1.00,0.00,1.00,1.00,0.00,1.00,1.00,0.00,0.00,0.00,1.00
17,0,0.533,0.98,1,-0.201201,0.140404,-0.969435,-0.410293,0.217088,-0.885738,-0.318,0.190,638.2,640.4,647.6,655.6,659.7,658.4,650.4,642.4,631.0,633.6,638.9,646.9,656.2,663.6,669.4,663.9,656.0,647.9,640.9,635.0,646.7,650.1,653.0,653.9,652.2,648.9,645.9,645.0,744.7,747.1,753.5,760.1,763.1,760.7,754.2,747.4,741.6,743.7,747.9,754.7,763.1,771.5,777.3,771.4,763.7,756.2,749.9,745.0,752.0,754.7,757.4,758.5,757.2,754.4,751.7,750.7,413.2,404.9,400.9,403.7,411.5,420.3,423.8,421.1,415.9,411.3,408.4,406.3,406.8,409.5,414.1,417.7,420.0,421.3,421.1,419.3,415.7,416.9,415.2,411.8,408.5,407.4,409.0,412.5,405.8,397.9,394.1,396.7,404.1,412.1,415.9,413.9,411.8,403.1,397.1,394.1,395.5,399.6,406.1,408.6,410.3,411.4,412.0,412.4,408.6,409.7,408.1,404.8,401.6,400.5,402.1,405.5,-0.9,0.2,3.9,8.1,10.3,9.6,5.5,1.3,-4.8,-3.4,-0.6,3.6,8.4,12.3,15.3,12.5,8.4,4.1,0.5,-2.6,3.5,5.3,6.8,7.3,6.4,4.6,3.1,2.6,58.6,59.9,63.2,66.6,68.1,66.8,63.5,60.0,57.1,58.0,60.1,63.6,68.1,72.8,76.1,72.6,68.3,64.3,61.1,58.7,62.5,63.9,65.3,65.8,65.2,63.8,62.4,61.8,27.9,23.5,21.3,22.7,26.8,31.4,33.4,32.0,29.7,27.0,25.3,24.1,24.3,25.7,28.2,30.1,31.2,32.0,32.0,31.3,29.2,29.8,28.9,27.1,25.4,24.8,25.7,27.5,25.6,21.2,19.0,20.3,24.4,28.8,31.0,30.1,29.1,24.1,20.7,18.9,19.6,21.9,25.5,26.9,27.8,28.5,28.9,29.3,27.1,27.7,26.7,24.9,23.2,22.6,23.5,25.4,458.9,457.8,456.3,455.2,455.3,456.6,457.9,459.0,464.5,460.8,457.2,454.7,454.2,455.0,456.6,456.1,455.7,456.7,458.9,461.8,458.7,458.2,457.6,457.1,457.1,457.5,458.2,458.6,489.6,489.2,487.4,485.1,483.9,484.2,486.1,488.6,491.4,489.7,487.6,485.2,484.1,484.5,485.1,483.9,483.3,484.1,486.2,489.0,488.1,487.2,486.4,486.2,486.8,487.7,488.5,488.6,37.9,64.1,502.5,0.056,0.449,-0.155,605.3,607.0,610.8,617.5,629.1,642.1,656.3,679.5,714.4,760.1,805.9,842.1,857.3,852.1,838.3,827.8,820.3,604.4,616.0,633.5,653.1,672.6,720.2,737.8,755.8,772.7,784.7,696.0,694.8,693.4,691.9,675.0,689.6,702.4,715.7,728.5,629.3,639.7,655.3,668.6,655.3,641.0,737.8,746.5,763.3,776.9,765.8,751.0,660.4,671.7,687.5,701.1,715.5,745.0,777.7,745.1,713.4,696.4,683.2,670.6,667.4,688.6,701.8,716.8,766.2,713.2,697.1,684.1,416.5,449.0,480.7,511.4,539.7,566.2,586.1,604.6,607.6,597.7,575.5,547.8,515.9,482.3,450.9,419.7,388.4,380.8,366.4,361.8,366.4,375.7,371.9,357.2,352.4,354.6,368.9,406.0,424.1,442.3,461.8,485.3,489.0,491.8,486.9,481.8,416.5,406.8,406.2,414.6,420.8,420.5,408.9,399.4,397.1,404.7,410.2,412.2,530.8,520.2,516.3,518.1,513.4,513.3,519.5,538.5,547.0,548.9,549.3,544.6,530.8,531.7,531.0,528.1,521.5,532.9,534.2,534.4,0.00,0.00,1.28,0.00,1.31,0.00,0.53,1.49,1.48,2.46,1.59,0.40,1.78,0.00,1.19,0.60,0.43,0.00,0.00,0.00,0.00,0.00,0.00,1.00,1.00,0.00,1.00,1.00,0.00,1.00,1.00,0.00,0.00,0.00,1.00
18,0,0.567,0.88,1,-0.185540,0.147929,-0.971438,-0.403358,0.185539,-0.896034,-0.305,0.177,638.2,640.4,647.7,655.8,659.9,658.5,650.5,642.4,630.8,633.7,639.1,646.9,655.8,663.3,669.1,663.8,656.1,648.1,641.0,635.0,646.6,650.1,653.2,654.1,652.4,648.9,645.8,644.9,744.3,746.6,753.5,760.8,764.3,761.9,755.1,747.5,741.1,743.8,748.7,755.9,763.9,771.5,777.2,771.8,764.8,757.4,750.6,745.2,752.1,755.2,758.1,759.1,757.6,754.5,751.6,750.6,413.2,404.8,400.8,403.6,411.4,420.2,423.8,421.1,415.4,410.8,407.9,405.9,406.3,409.0,413.7,417.5,419.9,421.3,420.9,419.0,415.8,417.0,415.3,411.7,408.4,407.2,408.9,412.5,406.1,398.0,394.2,397.0,404.7,412.8,416.6,414.4,411.3,405.8,402.1,400.4,401.0,402.7,405.9,408.6,410.6,411.9,412.3,412.2,409.0,410.2,408.6,405.1,401.8,400.6,402.2,405.7,-1.0,0.2,4.0,8.3,10.4,9.7,5.5,1.2,-4.9,-3.4,-0.5,3.6,8.3,12.2,15.3,12.5,8.5,4.3,0.5,-2.7,3.5,5.3,6.9,7.4,6.5,4.7,3.1,2.6,59.8,61.1,64.8,68.7,70.6,69.3,65.7,61.6,58.2,59.5,62.0,65.8,70.3,74.8,78.2,75.0,70.8,66.6,63.0,60.2,64.2,65.9,67.4,68.0,67.2,65.5,63.9,63.3,28.1,23.6,21.4,22.8,27.0,31.7,33.6,32.2,29.6,26.9,25.2,24.0,24.2,25.7,28.2,30.2,31.4,32.2,32.2,31.3,29.5,30.1,29.1,27.2,25.4,24.9,25.8,27.7,26.5,21.8,19.5,21.1,25.4,30.0,32.3,31.2,29.5,26.2,24.0,23.0,23.3,24.3,26.2,27.6,28.7,29.5,29.8,29.9,28.1,28.7,27.8,25.7,23.9,23.2,24.2,26.2,461.9,460.8,459.4,458.4,458.5,459.8,461.0,462.0,467.1,463.6,460.1,457.8,457.4,458.2,459.8,459.2,458.8,459.6,461.7,464.5,461.7,461.3,460.7,460.3,460.2,460.6,461.2,461.7,501.9,501.2,499.5,497.8,497.1,497.8,499.5,501.5,503.3,501.1,498.8,496.8,496.3,497.3,498.7,497.6,496.6,496.9,498.7,501.2,501.0,500.2,499.5,499.2,499.5,500.3,501.0,501.3,38.0,64.2,501.2,0.056,0.432,-0.150,604.2,606.3,610.5,617.7,629.4,642.2,656.0,679.2,715.0,761.2,806.9,842.4,857.2,852.5,839.1,829.5,822.7,605.1,615.9,633.4,653.1,672.3,719.5,737.4,756.2,773.8,786.1,696.3,695.1,693.7,692.2,674.7,689.4,702.5,716.0,729.2,629.3,639.8,655.0,668.4,655.2,641.3,738.1,747.5,763.9,777.3,766.0,751.5,659.8,670.8,686.6,701.1,716.7,745.6,776.7,746.5,716.2,698.1,683.8,670.6,666.8,688.0,702.2,718.3,765.3,715.7,698.5,684.5,417.0,449.6,481.1,511.5,539.6,565.8,585.9,604.5,607.9,598.3,576.2,549.0,517.3,483.8,452.4,421.2,390.4,380.7,365.8,361.1,366.1,376.0,372.7,358.1,353.2,355.6,370.0,406.9,425.5,444.1,463.9,485.5,489.4,492.5,487.4,482.1,416.3,407.7,407.2,414.4,420.2,419.9,409.7,401.6,399.7,406.2,411.2,412.9,530.6,519.4,515.4,517.4,512.6,512.9,520.1,538.0,546.8,549.0,549.2,544.3,530.6,530.9,530.2,527.4,521.7,532.4,534.0,534.0,0.00,0.00,1.13,0.00,1.21,0.00,0.40,1.47,1.48,2.52,1.66,0.27,1.58,0.00,1.10,0.18,0.17,0.00,0.00,0.00,0.00,0.00,0.00,1.00,1.00,0.00,1.00,1.00,0.00,1.00,1.00,0.00,0.00,0.00,1.00
19,0,0.600,0.88,1,-0.191697,0.147385,-0.970325,-0.392406,0.191480,-0.899641,-0.303,0.179,638.3,640.5,647.8,655.8,660.0,658.5,650.5,642.4,631.3,634.3,639.5,647.1,655.8,663.3,669.1,663.9,656.3,648.3,641.3,635.5,646.8,650.2,653.2,654.2,652.4,649.0,646.0,645.0,744.5,746.7,753.6,761.0,764.7,762.4,755.5,747.9,741.2,743.9,748.9,756.1,764.1,771.7,777.4,772.0,764.9,757.5,750.7,745.3,752.4,755.6,758.5,759.5,757.9,754.7,751.8,750.8,413.4,405.0,400.9,403.6,411.5,420.4,424.0,421.3,415.7,411.2,408.4,406.3,406.7,409.2,413.7,417.4,419.7,421.2,420.9,419.1,416.1,417.2,415.5,411.9,408.6,407.5,409.2,412.7,406.7,398.5,394.6,397.3,405.1,413.3,417.2,415.0,411.4,406.0,402.4,400.9,401.5,403.1,406.3,408.9,411.0,412.4,412.7,412.5,409.6,410.8,409.1,405.5,402.2,401.0,402.7,406.2,-0.9,0.3,4.1,8.4,10.6,9.9,5.6,1.3,-4.7,-3.1,-0.2,3.8,8.4,12.4,15.5,12.7,8.6,4.4,0.7,-2.4,3.6,5.4,7.1,7.6,6.6,4.8,3.2,2.7,59.6,60.8,64.5,68.5,70.5,69.3,65.7,61.6,58.0,59.2,61.8,65.6,70.1,74.5,77.9,74.7,70.6,66.4,62.8,60.0,64.0,65.8,67.4,67.9,67.0,65.3,63.7,63.2,28.6,24.0,21.8,23.2,27.4,32.2,34.2,32.8,30.1,27.5,25.8,24.6,24.7,26.1,28.6,30.5,31.7,32.6,32.6,31.8,30.0,30.6,29.6,27.7,25.9,25.4,26.3,28.2,26.7,21.9,19.6,21.1,25.5,30.2,32.5,31.4,29.4,26.2,24.1,23.1,23.4,24.4,26.2,27.7,28.8,29.6,29.9,29.9,28.3,28.9,27.9,25.9,24.0,23.3,24.3,26.4,468.5,467.6,466.1,465.0,464.9,466.1,467.3,468.4,473.4,470.1,466.7,464.5,464.0,464.7,466.0,465.5,465.0,465.8,467.9,470.8,468.2,467.8,467.2,466.7,466.8,467.3,467.9,468.3,499.6,498.8,497.0,495.3,494.7,495.5,497.3,499.3,501.0,498.7,496.4,494.4,493.9,494.9,496.2,495.2,494.3,494.5,496.3,498.9,498.7,498.0,497.2,496.9,497.2,497.9,498.6,499.0,38.3,64.2,500.5,0.053,0.422,-0.149,604.2,606.4,610.7,618.0,629.5,642.4,656.4,679.7,715.9,761.9,807.3,842.4,857.1,853.2,840.6,831.6,825.3,605.3,616.1,633.7,653.4,672.6,718.9,737.0,756.5,774.5,787.3,696.7,695.6,694.4,693.0,675.4,690.1,703.2,716.7,729.9,629.6,640.2,655.2,668.7,655.5,641.6,738.2,747.9,764.0,777.5,766.0,751.6,659.5,670.6,686.7,701.7,718.1,746.7,777.1,747.9,718.1,699.3,684.4,670.7,666.5,688.2,702.9,719.8,765.9,717.5,699.5,685.0,418.1,450.4,481.8,512.0,539.9,565.9,586.0,604.5,607.8,598.2,575.9,548.9,517.5,484.3,453.2,422.4,391.9,380.9,366.0,361.3,366.2,376.2,373.0,358.4,353.4,355.9,370.2,407.3,426.0,444.7,464.5,485.9,489.8,492.9,487.9,482.6,416.4,408.1,407.6,414.6,420.2,419.9,410.0,402.1,400.2,406.6,411.4,413.1,530.6,519.4,515.4,517.4,512.6,512.9,520.1,537.8,546.8,549.3,549.4,544.4,530.6,530.8,530.3,527.3,521.8,532.2,534.1,534.0,0.00,0.00,1.08,0.00,1.19,0.00,0.40,1.41,1.52,2.52,1.53,0.23,1.51,0.00,1.21,0.23,0.30,0.00,0.00,0.00,0.00,0.00,0.00,1.00,1.00,0.00,1.00,1.00,0.00,1.00,1.00,0.00,0.00,0.00,1.00
20,0,0.633,0.88,1,-0.191660,0.143889,-0.970856,-0.394296,0.188219,-0.899502,-0.304,0.176,638.3,640.5,647.8,655.8,660.0,658.5,650.5,642.4,631.3,634.3,639.6,647.1,655.8,663.3,669.1,663.9,656.3,648.3,641.3,635.5,646.8,650.2,653.2,654.2,652.4,649.0,646.0,645.0,744.5,746.7,753.6,761.0,764.6,762.4,755.6,747.9,741.3,744.0,749.0,756.1,764.1,771.7,777.4,772.0,764.9,757.5,750.7,745.3,752.4,755.6,758.6,759.5,757.9,754.7,751.8,750.8,413.5,405.0,400.9,403.6,411.5,420.4,424.0,421.3,415.7,411.3,408.4,406.3,406.7,409.2,413.7,417.4,419.7,421.1,420.9,419.1,416.1,417.2,415.5,411.9,408.6,407.5,409.2,412.7,406.8,398.5,394.6,397.3,405.1,413.4,417.3,415.1,411.4,406.0,402.5,401.0,401.6,403.2,406.3,408.9,411.0,412.4,412.7,412.5,409.6,410.8,409.1,405.6,402.2,401.0,402.7,406.3,-0.9,0.3,4.1,8.4,10.6,9.9,5.6,1.3,-4.7,-3.1,-0.2,3.8,8.4,12.4,15.5,12.7,8.6,4.4,0.7,-2.4,3.6,5.4,7.1,7.6,6.6,4.8,3.2,2.7,59.6,60.8,64.4,68.4,70.4,69.2,65.6,61.5,57.9,59.2,61.7,65.5,70.0,74.4,77.8,74.6,70.5,66.3,62.7,60.0,64.0,65.7,67.3,67.8,66.9,65.2,63.6,63.1,28.6,24.0,21.8,23.2,27.3,32.2,34.2,32.8,30.1,27.5,25.8,24.6,24.7,26.1,28.6,30.5,31.7,32.5,32.5,31.8,30.0,30.6,29.6,27.7,25.9,25.3,26.3,28.2,26.7,21.9,19.6,21.1,25.5,30.2,32.5,31.4,29.4,26.2,24.1,23.1,23.5,24.4,26.2,27.7,28.8,29.6,29.8,29.9,28.3,28.9,27.9,25.8,24.0,23.3,24.3,26.4,468.2,467.2,465.8,464.6,464.5,465.6,466.9,468.0,473.0,469.7,466.3,464.1,463.6,464.2,465.6,465.0,464.6,465.4,467.5,470.4,467.8,467.3,466.7,466.3,466.4,466.9,467.5,467.9,499.0,498.2,496.4,494.6,494.0,494.8,496.6,498.7,500.5,498.1,495.8,493.7,493.1,494.1,495.3,494.4,493.5,493.8,495.7,498.3,498.1,497.3,496.6,496.2,496.5,497.2,498.0,498.4,38.4,64.2,499.7,0.049,0.418,-0.147,604.2,606.4,610.9,618.2,629.5,642.4,656.4,679.6,715.9,762.0,807.5,842.5,857.3,853.7,841.5,832.9,826.9,605.3,616.1,633.7,653.4,672.7,718.8,737.0,756.7,775.0,787.8,696.9,695.8,694.5,693.1,675.7,690.2,703.2,716.7,729.9,629.6,640.2,655.2,668.7,655.5,641.6,738.3,747.9,764.0,777.6,766.0,751.6,659.5,670.7,686.9,701.9,718.5,747.0,777.3,748.3,718.7,699.7,684.7,670.9,666.5,688.4,703.2,720.3,766.2,718.1,699.9,685.3,418.2,450.6,482.0,512.3,540.2,566.1,586.0,604.4,607.7,598.1,575.9,549.0,517.9,485.0,454.1,423.6,393.4,381.1,366.2,361.3,366.1,376.3,373.0,358.4,353.6,356.1,370.3,407.3,426.1,444.8,464.6,486.0,489.9,493.0,488.0,482.7,416.4,408.1,407.6,414.6,420.1,419.8,410.1,402.1,400.3,406.7,411.4,413.1,530.7,519.4,515.4,517.4,512.6,512.9,520.1,537.7,546.8,549.4,549.4,544.4,530.6,530.7,530.2,527.1,521.7,532.3,534.3,534.2,0.00,0.00,1.09,0.00,1.21,0.00,0.42,1.40,1.56,2.52,1.36,0.24,1.47,0.00,1.14,0.30,0.35,0.00,0.00,0.00,0.00,0.00,0.00,1.00,1.00,0.00,1.00,1.00,0.00,1.00,1.00,0.00,0.00,0.00,1.00
21,0,0.667,0.88,1,-0.191028,0.138642,-0.971744,-0.404820,0.182550,-0.895989,-0.309,0.170,638.9,641.3,648.6,656.7,660.7,659.1,651.0,643.0,631.4,634.6,640.2,648.1,657.1,664.4,669.9,664.6,657.0,648.9,641.7,635.7,647.2,650.7,654.0,655.0,653.2,649.7,646.5,645.5,744.7,746.8,753.4,760.7,764.5,762.4,755.8,748.2,741.8,744.4,749.2,756.2,764.1,771.7,777.5,772.0,765.0,757.5,750.9,745.7,752.6,755.7,758.6,759.5,757.9,754.7,751.8,750.9,413.8,405.6,401.8,404.7,412.5,421.1,424.4,421.6,415.5,411.8,409.4,407.9,408.3,410.8,414.9,418.3,420.4,421.6,421.1,419.1,416.6,417.8,416.1,412.6,409.2,407.9,409.6,413.2,407.1,399.1,395.4,398.2,405.9,414.0,417.7,415.3,411.7,406.8,403.5,402.1,402.6,403.9,406.6,409.4,411.7,413.1,413.3,412.9,410.0,411.2,409.6,406.1,402.8,401.5,403.1,406.6,-0.6,0.7,4.6,8.9,11.0,10.2,5.9,1.6,-4.7,-2.9,0.1,4.3,9.0,12.9,15.9,13.1,9.0,4.8,0.9,-2.3,3.9,5.7,7.5,8.0,7.0,5.2,3.5,2.9,60.2,61.2,64.7,68.6,70.7,69.7,66.2,62.2,58.7,59.8,62.3,66.0,70.4,74.8,78.3,75.1,71.0,66.8,63.3,60.6,64.5,66.3,67.8,68.2,67.3,65.6,64.1,63.6,28.8,24.3,22.2,23.7,27.9,32.5,34.4,33.0,30.0,27.8,26.3,25.4,25.6,27.0,29.3,31.0,32.1,32.8,32.7,31.8,30.2,30.9,30.0,28.0,26.2,25.6,26.5,28.4,27.1,22.4,20.2,21.7,26.1,30.8,33.0,31.8,29.8,26.8,24.8,23.9,24.2,25.0,26.5,28.1,29.4,30.2,30.4,30.3,28.7,29.3,28.4,26.3,24.4,23.7,24.7,26.7,467.9,466.7,465.3,464.5,464.8,466.3,467.4,468.2,473.1,469.5,466.1,463.9,463.7,464.7,466.5,465.9,465.3,466.0,467.9,470.6,468.0,467.6,467.0,466.5,466.4,466.7,467.3,467.8,502.5,501.3,499.2,497.5,497.2,498.4,500.4,502.6,504.3,501.7,499.1,496.9,496.3,497.2,498.5,497.7,497.0,497.5,499.4,502.1,501.6,500.9,500.0,499.4,499.6,500.4,501.3,501.8,38.7,64.5,500.5,0.043,0.420,-0.145,604.8,607.1,611.5,618.9,630.3,643.1,656.8,679.5,715.7,761.8,807.6,843.0,857.9,854.3,842.1,833.6,827.9,606.0,616.9,634.3,653.8,672.9,719.5,737.8,757.2,775.2,787.9,697.7,696.5,695.2,693.8,676.0,690.6,703.6,717.2,730.4,630.4,641.0,655.7,669.2,656.0,642.2,738.7,748.2,764.1,777.7,766.0,751.8,660.0,671.1,687.2,702.2,718.7,747.2,777.6,748.5,718.9,700.0,685.1,671.3,667.0,688.9,703.5,720.6,766.6,718.4,700.3,685.8,418.6,451.3,483.0,513.4,541.3,566.8,586.1,603.9,607.1,597.7,575.8,549.3,518.5,485.7,454.9,424.4,394.3,381.4,366.6,361.7,366.5,376.6,373.3,359.0,354.1,356.4,370.3,407.9,426.6,445.2,464.9,486.1,490.0,493.1,488.1,482.8,417.0,409.1,408.6,415.4,420.7,420.3,410.7,403.1,401.2,407.3,411.9,413.6,531.1,519.4,515.3,517.3,512.4,512.9,520.3,537.8,546.9,549.5,549.6,544.8,531.0,530.6,530.0,527.0,521.9,532.3,534.3,534.4,0.00,0.00,1.09,0.00,1.25,0.00,0.41,1.45,1.60,2.57,1.23,0.17,1.39,0.00,1.04,0.21,0.56,0.00,0.00,0.00,0.00,0.00,0.00,1.00,1.00,0.00,1.00,1.00,0.00,1.00,0.00,0.00,0.00,0.00,1.00
22,0,0.700,0.88,1,-0.187267,0.136677,-0.972754,-0.411086,0.183087,-0.893022,-0.310,0.170,639.7,642.0,649.4,657.5,661.5,659.9,651.8,643.7,632.2,635.4,640.9,648.7,657.6,664.9,670.6,665.2,657.5,649.5,642.3,636.4,647.9,651.5,654.8,655.9,654.1,650.5,647.1,646.1,745.0,746.9,753.3,760.6,764.3,762.4,756.0,748.6,742.4,744.7,749.3,756.1,764.0,771.7,777.7,772.2,765.1,757.7,751.2,746.1,752.8,756.0,758.7,759.6,757.9,754.8,752.0,751.2,414.1,406.0,402.2,405.1,413.0,421.6,424.9,422.0,415.7,412.2,410.0,408.6,409.1,411.5,415.4,418.9,421.0,422.1,421.6,419.4,417.1,418.4,416.7,413.0,409.5,408.2,409.9,413.6,407.6,399.5,395.8,398.7,406.4,414.5,418.2,415.8,412.3,407.5,404.3,402.8,403.0,404.0,406.4,409.4,411.9,413.5,413.8,413.4,410.4,411.7,410.1,406.6,403.2,402.0,403.6,407.1,-0.2,1.1,5.0,9.2,11.4,10.5,6.3,2.0,-4.2,-2.5,0.5,4.6,9.3,13.2,16.2,13.4,9.3,5.0,1.2,-1.9,4.2,6.1,7.9,8.4,7.5,5.6,3.8,3.2,60.2,61.1,64.5,68.3,70.4,69.6,66.2,62.3,58.9,59.9,62.2,65.8,70.1,74.6,78.2,75.0,70.8,66.7,63.3,60.8,64.5,66.2,67.7,68.1,67.2,65.5,64.0,63.6,28.8,24.4,22.4,23.8,28.0,32.7,34.5,33.0,30.0,27.9,26.6,25.7,25.9,27.2,29.4,31.2,32.3,33.0,32.8,31.9,30.4,31.1,30.1,28.1,26.3,25.6,26.5,28.5,27.3,22.6,20.4,21.9,26.3,31.0,33.2,32.0,30.1,27.2,25.2,24.2,24.3,24.9,26.3,28.0,29.4,30.3,30.6,30.6,28.8,29.5,28.5,26.5,24.6,23.9,24.9,26.9,466.1,464.9,463.4,462.5,462.8,464.3,465.5,466.4,471.5,467.9,464.4,462.1,461.8,462.7,464.4,463.9,463.4,464.2,466.2,468.9,466.1,465.7,465.1,464.5,464.4,464.8,465.4,466.0,501.6,500.3,498.0,496.1,495.7,497.1,499.4,501.7,503.4,500.8,498.1,495.7,494.8,495.6,496.7,496.0,495.5,496.2,498.4,501.1,500.5,499.7,498.7,498.1,498.3,499.1,500.1,500.7,38.9,64.6,500.1,0.040,0.419,-0.144,605.3,607.5,611.9,619.3,630.7,643.6,657.4,680.0,716.2,762.1,807.9,843.2,858.3,855.2,843.6,835.5,830.1,606.5,617.6,635.0,654.6,673.8,719.1,737.4,757.3,775.8,788.8,698.1,696.9,695.6,694.1,676.6,691.0,704.0,717.6,730.7,631.1,641.6,656.3,669.9,656.6,642.9,738.9,748.4,764.2,777.9,766.1,751.9,660.3,671.4,687.5,702.5,719.1,747.4,777.7,749.0,719.8,700.8,685.8,671.8,667.3,689.3,704.0,721.2,766.8,719.1,701.0,686.4,419.1,451.7,483.5,514.0,541.9,567.2,586.3,604.0,607.2,597.9,575.9,549.6,519.0,486.3,455.7,425.4,395.5,381.6,366.8,362.0,366.9,377.2,373.9,359.4,354.4,356.6,370.4,408.5,427.0,445.4,465.0,486.4,490.2,493.3,488.3,483.1,417.4,409.7,409.2,415.9,421.1,420.7,411.2,403.6,401.8,407.6,412.3,414.0,531.3,519.6,515.4,517.4,512.5,513.0,520.4,538.0,547.3,550.0,550.2,545.2,531.2,530.7,530.1,527.1,522.1,532.5,534.6,534.7,0.00,0.00,1.15,0.00,1.31,0.00,0.37,1.48,1.62,2.51,1.03,0.11,1.27,0.00,0.99,0.14,0.65,0.00,0.00,0.00,0.00,0.00,0.00,1.00,1.00,0.00,1.00,1.00,0.00,1.00,0.00,0.00,0.00,0.00,1.00
23,0,0.733,0.88,1,-0.198810,0.148329,-0.968748,-0.394706,0.194458,-0.897994,-0.308,0.182,640.2,642.5,649.8,657.8,661.9,660.3,652.3,644.2,633.3,636.2,641.5,649.2,658.1,665.5,671.2,665.8,658.1,650.1,643.0,637.3,648.5,652.1,655.3,656.3,654.5,651.0,647.7,646.7,745.4,747.2,753.7,761.2,765.2,763.4,756.9,749.2,742.5,744.9,749.5,756.4,764.2,771.9,777.9,772.5,765.5,758.1,751.5,746.4,753.4,756.6,759.5,760.3,758.5,755.3,752.4,751.6,414.7,406.5,402.8,405.8,413.7,422.3,425.6,422.6,416.1,412.5,410.3,408.9,409.4,411.9,416.0,419.3,421.4,422.4,421.8,419.7,417.6,418.9,417.3,413.7,410.1,408.8,410.5,414.1,408.5,400.4,396.6,399.4,407.1,415.2,419.0,416.7,412.8,408.2,405.2,403.7,403.8,404.5,406.5,409.6,412.3,414.1,414.4,414.0,411.2,412.4,410.8,407.3,403.9,402.7,404.3,407.9,0.1,1.3,5.2,9.4,11.5,10.8,6.5,2.3,-3.6,-2.0,0.8,4.8,9.5,13.5,16.5,13.6,9.6,5.3,1.6,-1.5,4.5,6.4,8.1,8.7,7.7,5.8,4.1,3.6,60.5,61.3,64.8,68.8,71.0,70.2,66.8,62.7,59.1,60.1,62.4,66.0,70.3,74.8,78.4,75.2,71.2,67.1,63.6,61.0,64.9,66.7,68.2,68.6,67.6,65.8,64.3,63.9,29.1,24.7,22.6,24.1,28.3,33.0,34.8,33.3,30.2,28.0,26.7,25.8,26.0,27.4,29.6,31.4,32.5,33.1,32.9,32.0,30.7,31.3,30.4,28.4,26.6,25.9,26.8,28.8,27.8,23.1,20.9,22.4,26.7,31.4,33.7,32.5,30.4,27.6,25.7,24.8,24.8,25.2,26.4,28.2,29.7,30.7,31.0,31.0,29.3,30.0,29.0,27.0,25.0,24.4,25.4,27.4,465.7,464.3,462.6,461.6,461.8,463.4,464.9,465.9,471.0,467.4,463.8,461.4,460.9,461.7,463.2,462.8,462.6,463.5,465.6,468.5,465.5,465.1,464.3,463.7,463.6,464.0,464.8,465.4,502.1,500.6,498.4,496.6,496.5,498.0,500.2,502.4,504.0,501.3,498.6,496.3,495.5,496.3,497.6,496.9,496.3,497.0,499.1,501.8,501.2,500.5,499.5,498.8,498.9,499.6,500.6,501.3,39.3,64.8,499.4,0.040,0.414,-0.145,605.9,608.1,612.5,619.9,631.3,644.2,658.2,680.9,717.0,762.6,808.1,843.4,858.8,856.3,845.5,837.9,832.8,607.0,617.9,635.6,655.4,674.7,717.9,736.2,756.6,775.8,789.5,698.5,697.2,695.8,694.2,677.1,691.5,704.3,717.9,731.0,632.0,642.4,656.9,670.5,657.3,643.6,739.1,748.7,764.4,778.3,766.3,752.2,661.1,672.4,688.6,703.4,720.0,747.8,778.0,749.5,721.0,702.2,687.3,673.1,668.1,690.5,705.0,722.1,767.1,720.3,702.2,687.8,419.8,452.3,484.1,514.6,542.5,567.6,586.4,603.9,607.1,597.8,575.9,549.9,519.7,487.4,456.8,426.7,397.1,381.9,367.0,362.3,367.4,378.2,375.1,360.4,355.0,356.9,370.4,409.2,427.6,445.8,465.2,486.9,490.6,493.6,488.7,483.4,417.6,410.1,409.7,416.4,421.4,421.1,411.8,404.2,402.3,408.1,412.8,414.5,531.6,520.2,516.0,518.0,513.1,513.6,520.6,538.2,547.5,550.4,550.6,545.8,531.5,530.9,530.3,527.3,522.3,533.1,535.3,535.5,0.00,0.00,1.13,0.00,1.28,0.01,0.32,1.47,1.64,2.50,0.93,0.02,1.21,0.00,1.04,0.07,0.79,0.00,0.00,0.00,0.00,0.00,0.00,1.00,1.00,0.00,1.00,1.00,0.00,1.00,0.00,0.00,0.00,0.00,1.00
24,0,0.767,0.88,1,-0.198463,0.161012,-0.966793,-0.378753,0.193382,-0.905069,-0.299,0.187,641.5,643.9,651.1,659.1,663.0,661.4,653.4,645.5,634.7,637.7,643.0,650.6,659.3,666.6,672.2,666.8,659.1,651.2,644.3,638.6,649.7,653.3,656.5,657.5,655.8,652.3,649.0,648.0,746.7,748.7,755.0,762.1,765.8,763.9,757.5,750.3,743.6,745.7,749.9,756.5,764.4,772.4,778.7,773.0,765.7,758.3,751.9,747.1,754.5,757.5,760.3,761.1,759.5,756.5,753.7,752.9,415.0,406.8,403.1,406.1,414.0,422.7,425.9,422.9,416.2,412.5,410.3,408.9,409.6,412.1,416.3,419.6,421.5,422.4,421.8,419.7,418.0,419.3,417.7,414.1,410.5,409.2,410.9,414.5,408.8,400.8,397.2,400.2,407.9,415.9,419.5,417.0,413.5,409.2,406.1,404.5,404.5,405.2,407.2,410.2,412.6,414.2,414.7,414.6,411.7,413.0,411.4,408.0,404.7,403.4,404.9,408.4,0.8,2.1,6.0,10.2,12.3,11.5,7.2,2.9,-2.9,-1.2,1.6,5.6,10.3,14.2,17.3,14.4,10.3,6.0,2.3,-0.7,5.3,7.1,8.9,9.4,8.5,6.6,4.9,4.3,61.3,62.2,65.6,69.3,71.4,70.5,67.2,63.3,59.8,60.7,62.7,66.1,70.5,75.1,78.8,75.5,71.3,67.2,63.9,61.5,65.6,67.2,68.6,69.0,68.2,66.5,65.1,64.7,29.7,25.2,23.1,24.7,28.9,33.7,35.5,34.0,30.7,28.4,27.1,26.2,26.5,27.9,30.2,31.9,32.9,33.5,33.3,32.4,31.3,32.0,31.1,29.1,27.2,26.5,27.4,29.4,28.0,23.4,21.2,22.8,27.2,31.8,34.0,32.8,30.9,28.2,26.3,25.2,25.2,25.6,26.8,28.5,29.8,30.8,31.2,31.3,29.6,30.3,29.4,27.4,25.5,24.8,25.7,27.7,472.5,471.2,469.6,468.5,468.6,470.0,471.5,472.6,477.6,474.0,470.5,468.1,467.6,468.3,469.8,469.3,469.0,469.9,472.1,474.9,472.2,471.7,471.0,470.4,470.4,470.9,471.6,472.2,502.4,501.1,498.7,496.7,496.3,497.7,500.1,502.4,505.0,502.3,499.3,496.7,495.6,496.1,497.1,496.4,496.1,497.1,499.5,502.5,501.3,500.4,499.4,498.8,499.0,499.8,500.8,501.4,39.8,64.9,498.4,0.040,0.411,-0.142,606.6,608.9,613.5,620.9,632.2,645.4,659.5,682.0,717.9,763.1,808.5,843.9,859.6,858.1,848.1,841.1,836.5,608.2,619.1,636.9,656.9,676.4,718.7,736.9,757.4,777.0,790.8,700.0,698.8,697.4,695.9,678.5,692.7,705.5,719.0,732.0,633.3,643.8,658.2,671.6,658.5,644.8,739.9,749.3,764.9,778.8,766.7,752.6,662.4,673.7,689.8,704.5,721.0,748.1,777.7,749.8,722.0,703.4,688.6,674.3,669.3,691.7,706.0,723.1,767.0,721.4,703.5,689.1,418.3,451.5,484.1,515.2,543.6,568.7,587.2,604.1,607.1,597.9,576.1,550.4,520.4,488.3,457.7,427.7,398.1,382.4,367.2,362.3,367.4,378.4,375.6,361.2,355.8,357.5,370.9,409.6,427.9,446.0,465.3,486.9,490.6,493.5,488.8,483.6,417.5,410.4,410.0,416.7,421.4,421.0,412.4,404.8,403.1,408.7,413.3,415.0,532.0,520.3,515.8,517.9,513.1,514.0,521.4,538.7,548.0,550.9,551.1,546.2,531.8,530.7,530.1,527.2,523.0,533.5,535.7,535.9,0.01,0.00,1.19,0.00,1.25,0.03,0.29,1.47,1.67,2.28,0.79,0.00,1.18,0.00,1.01,0.05,0.85,0.00,0.00,0.00,0.00,0.00,0.00,1.00,1.00,0.00,1.00,1.00,0.00,1.00,0.00,0.00,0.00,0.00,1.00
25,0,0.800,0.88,1,-0.207439,0.165754,-0.964103,-0.372989,0.198497,-0.906354,-0.301,0.192,642.1,644.4,651.6,659.6,663.6,662.1,654.1,646.1,635.6,638.5,643.7,651.2,660.0,667.4,673.1,667.7,660.0,652.0,645.1,639.4,650.4,653.9,657.1,658.1,656.3,652.8,649.7,648.7,747.8,749.8,756.1,763.0,766.6,764.7,758.4,751.2,744.4,746.4,750.4,757.0,765.1,773.0,779.5,773.6,766.4,759.0,752.6,747.8,755.5,758.4,761.1,761.9,760.4,757.4,754.8,754.0,414.8,406.6,402.9,405.9,413.8,422.4,425.7,422.7,415.9,412.3,410.2,408.8,409.3,411.7,415.6,419.1,421.2,422.2,421.6,419.5,417.7,419.0,417.4,413.8,410.3,409.0,410.6,414.2,409.0,401.0,397.5,400.4,408.0,416.0,419.5,417.1,413.2,409.1,406.2,404.6,404.7,405.5,407.7,410.5,412.7,414.2,414.6,414.5,411.8,413.1,411.6,408.2,404.9,403.7,405.2,408.6,1.2,2.4,6.2,10.4,12.6,11.8,7.6,3.3,-2.4,-0.8,2.0,6.0,10.6,14.6,17.7,14.8,10.7,6.4,2.7,-0.3,5.6,7.5,9.2,9.7,8.7,6.9,5.2,4.7,62.3,63.3,66.6,70.3,72.3,71.4,68.1,64.3,60.7,61.5,63.4,66.9,71.3,75.9,79.8,76.3,72.1,68.1,64.7,62.3,66.6,68.2,69.6,70.0,69.1,67.5,66.1,65.7,29.5,25.0,22.9,24.5,28.7,33.4,35.3,33.8,30.4,28.3,26.9,26.0,26.3,27.6,29.8,31.6,32.7,33.3,33.1,32.2,31.1,31.7,30.8,28.8,27.0,26.3,27.2,29.2,28.3,23.7,21.5,23.1,27.4,32.1,34.2,33.0,30.9,28.4,26.5,25.5,25.5,26.0,27.3,28.8,30.1,31.0,31.4,31.5,29.9,30.5,29.6,27.7,25.8,25.1,26.0,28.0,471.1,469.8,468.0,466.8,467.0,468.5,470.1,471.3,476.2,472.6,469.1,466.6,466.1,466.7,468.2,467.8,467.5,468.5,470.7,473.6,470.8,470.3,469.5,468.9,468.9,469.4,470.1,470.7,505.7,504.4,502.1,500.2,499.7,500.9,503.3,505.7,508.5,505.7,502.7,500.0,498.9,499.3,500.4,499.6,499.3,500.3,502.7,505.8,504.5,503.7,502.7,502.2,502.4,503.2,504.2,504.7,40.0,64.5,495.6,0.040,0.411,-0.136,606.7,608.8,613.4,620.8,632.0,645.4,659.7,682.0,717.9,763.0,808.6,844.3,860.7,860.4,851.4,845.2,841.3,609.1,620.0,637.8,657.9,677.5,719.6,738.0,758.6,778.4,792.4,701.0,699.6,698.1,696.5,679.0,693.1,705.9,719.5,732.5,634.1,644.6,659.0,672.3,659.2,645.5,740.7,750.1,765.5,779.6,767.3,753.3,662.4,673.7,689.8,704.5,721.3,748.1,777.4,749.8,722.4,703.7,688.8,674.4,669.4,691.8,706.3,723.5,766.8,721.7,703.6,689.2,417.3,450.6,483.4,514.8,543.4,568.6,587.3,603.9,606.8,597.8,576.0,550.6,521.1,489.2,458.8,429.0,399.4,382.4,367.3,362.1,367.1,378.1,375.4,361.3,355.9,357.6,370.9,409.5,428.0,446.2,465.6,487.1,490.8,493.8,489.1,484.1,417.1,410.2,409.9,416.6,421.0,420.6,412.4,404.9,403.3,408.8,413.3,414.9,532.0,520.3,515.8,518.0,513.2,514.5,522.1,539.0,548.3,551.1,551.2,546.4,531.8,530.9,530.5,527.7,523.7,533.1,535.4,535.5,0.04,0.00,1.19,0.00,1.18,0.03,0.29,1.53,1.67,2.07,0.68,0.00,1.12,0.00,1.02,0.00,1.06,0.00,0.00,0.00,0.00,0.00,0.00,1.00,1.00,0.00,1.00,1.00,0.00,1.00,0.00,0.00,0.00,0.00,1.00
26,0,0.833,0.88,1,-0.210109,0.173490,-0.962162,-0.377180,0.204256,-0.903335,-0.305,0.200,642.3,644.6,651.8,659.8,663.8,662.3,654.3,646.3,635.7,638.8,644.0,651.5,660.2,667.6,673.4,668.0,660.3,652.3,645.3,639.7,650.6,654.1,657.3,658.4,656.6,653.0,649.8,648.8,748.0,749.9,756.3,763.4,767.1,765.2,758.8,751.5,744.5,746.6,750.8,757.4,765.3,773.1,779.5,773.9,766.8,759.5,753.0,748.0,755.7,758.8,761.5,762.3,760.8,757.7,755.0,754.1,414.7,406.4,402.7,405.6,413.5,422.2,425.6,422.6,415.8,412.3,410.1,408.6,409.1,411.4,415.3,418.8,420.9,422.0,421.5,419.4,417.7,419.0,417.3,413.6,410.1,408.8,410.5,414.1,408.7,400.9,397.3,400.2,407.8,415.7,419.2,416.8,412.5,408.8,406.1,404.6,404.6,405.1,406.9,410.0,412.5,414.1,414.5,414.1,411.6,412.8,411.3,407.9,404.6,403.4,404.9,408.3,1.2,2.5,6.3,10.6,12.7,12.0,7.7,3.4,-2.3,-0.7,2.2,6.2,10.8,14.7,17.9,15.0,10.8,6.6,2.9,-0.2,5.7,7.6,9.3,9.8,8.9,7.0,5.3,4.7,63.0,63.9,67.3,71.2,73.3,72.4,69.0,65.1,61.3,62.2,64.3,67.7,72.1,76.7,80.6,77.2,73.1,69.0,65.5,63.0,67.4,69.0,70.5,70.9,70.0,68.3,66.9,66.5,29.5,25.0,22.8,24.4,28.6,33.4,35.3,33.8,30.4,28.3,26.9,26.0,26.2,27.4,29.6,31.5,32.6,33.2,33.1,32.2,31.1,31.7,30.8,28.8,26.9,26.2,27.1,29.2,28.4,23.8,21.6,23.2,27.6,32.2,34.4,33.2,30.8,28.4,26.7,25.7,25.7,26.0,27.1,28.9,30.3,31.2,31.6,31.5,30.0,30.7,29.8,27.8,25.9,25.2,26.1,28.1,471.6,470.3,468.6,467.4,467.5,468.9,470.5,471.6,476.6,473.0,469.5,467.2,466.6,467.2,468.7,468.2,467.9,468.8,471.0,473.9,471.2,470.7,470.0,469.4,469.4,469.9,470.6,471.2,510.3,508.9,506.7,504.9,504.5,505.9,508.2,510.4,513.0,510.2,507.3,504.7,503.7,504.2,505.4,504.6,504.3,505.2,507.4,510.5,509.3,508.5,507.5,507.0,507.1,507.9,508.8,509.4,40.1,64.1,493.0,0.044,0.410,-0.134,606.9,608.8,613.2,620.7,631.9,645.6,660.1,682.1,717.8,762.5,808.2,844.5,862.0,863.2,855.6,850.2,847.0,609.5,620.5,638.4,658.7,678.3,719.1,737.7,758.7,779.1,793.7,701.3,699.9,698.5,696.9,679.2,693.2,706.1,719.8,732.9,634.5,645.0,659.2,672.4,659.4,645.8,741.2,750.4,765.8,780.0,767.5,753.5,663.3,674.6,690.5,704.9,721.3,747.8,777.2,749.7,722.6,704.3,689.7,675.5,670.3,692.5,706.6,723.5,766.7,721.8,704.1,690.1,417.1,450.1,482.7,514.0,542.7,567.8,586.5,603.1,606.3,597.5,575.9,551.0,521.7,490.0,459.7,429.8,400.1,382.3,367.2,362.1,367.0,378.2,375.4,361.4,355.9,357.5,370.6,409.6,428.1,446.4,465.7,487.1,490.8,493.8,489.2,484.2,416.7,410.0,409.7,416.4,420.7,420.2,412.1,404.7,403.1,408.5,413.0,414.6,532.1,520.3,515.6,517.9,513.3,514.7,522.5,538.9,548.0,550.8,550.9,546.2,531.8,530.8,530.4,527.7,523.9,533.0,535.2,535.3,0.11,0.00,1.27,0.00,1.17,0.02,0.31,1.53,1.69,1.68,0.46,0.00,0.95,0.00,1.02,0.00,1.24,0.00,0.00,0.00,0.00,0.00,0.00,1.00,1.00,0.00,1.00,1.00,0.00,1.00,0.00,0.00,0.00,0.00,1.00
27,0,0.867,0.88,1,-0.198616,0.173813,-0.964542,-0.383453,0.207211,-0.900015,-0.303,0.202,642.7,645.3,652.8,660.7,664.5,662.7,654.5,646.5,635.8,639.1,644.5,651.9,660.5,667.8,673.6,668.2,660.4,652.5,645.5,639.8,650.9,654.5,657.8,659.0,657.3,653.7,650.4,649.2,748.4,750.2,756.5,763.5,767.1,765.3,759.0,751.9,745.1,747.0,751.0,757.4,765.0,772.8,779.2,773.6,766.5,759.3,753.1,748.4,756.0,759.0,761.7,762.5,760.9,757.9,755.3,754.5,414.2,405.9,402.1,405.2,413.3,422.1,425.3,422.3,415.6,412.0,409.8,408.3,408.8,411.1,414.9,418.7,420.8,421.9,421.3,419.3,417.4,418.8,417.1,413.4,409.8,408.4,410.1,413.8,408.6,400.6,397.1,400.1,407.8,415.7,419.2,416.7,412.3,408.6,406.0,404.6,404.7,405.2,406.9,410.1,412.6,414.1,414.4,413.9,411.5,412.7,411.2,407.8,404.5,403.2,404.7,408.2,1.5,2.9,6.8,11.1,13.1,12.1,7.8,3.5,-2.3,-0.5,2.4,6.3,10.9,14.8,18.0,15.0,10.9,6.7,2.9,-0.1,5.9,7.8,9.6,10.2,9.3,7.4,5.6,5.0,63.2,64.1,67.4,71.1,73.2,72.3,69.0,65.2,61.6,62.4,64.3,67.6,71.9,76.4,80.2,76.9,72.8,68.8,65.5,63.2,67.5,69.1,70.5,70.9,70.0,68.4,67.0,66.6,29.1,24.6,22.5,24.1,28.4,33.2,35.0,33.5,30.2,28.0,26.7,25.8,26.0,27.2,29.4,31.3,32.4,33.1,32.9,32.0,30.8,31.6,30.6,28.6,26.7,25.9,26.9,28.9,28.3,23.6,21.5,23.1,27.5,32.1,34.3,33.1,30.7,28.3,26.7,25.7,25.7,26.0,27.0,28.8,30.2,31.2,31.5,31.5,29.9,30.6,29.7,27.7,25.8,25.1,26.0,28.0,470.3,469.3,467.8,466.6,466.4,467.6,469.0,470.1,475.3,471.9,468.5,466.3,465.7,466.3,467.6,467.0,466.6,467.5,469.7,472.6,470.0,469.4,468.7,468.3,468.4,468.9,469.6,470.0,510.1,508.6,506.2,504.2,503.7,505.2,507.6,510.1,512.8,510.0,507.0,504.2,502.9,503.2,504.1,503.6,503.5,504.5,507.0,510.2,508.8,508.0,506.9,506.3,506.5,507.3,508.4,509.0,39.9,63.7,489.6,0.055,0.423,-0.135,607.1,608.7,613.0,620.4,631.8,645.9,660.6,682.2,717.5,761.7,807.5,844.4,863.2,866.4,860.6,856.6,854.9,609.5,620.7,638.6,659.1,678.8,718.1,737.1,758.3,779.3,794.9,701.1,699.9,698.6,697.1,679.0,693.0,706.0,719.9,733.0,634.8,645.4,659.6,672.5,659.5,645.9,741.5,750.3,765.6,780.1,767.4,753.5,663.6,674.7,690.4,704.6,721.2,747.6,777.1,749.5,722.3,703.9,689.4,675.5,670.7,692.2,706.2,723.2,766.8,721.6,703.8,689.8,416.3,449.5,482.1,513.5,542.2,567.5,586.3,602.9,606.0,597.4,576.1,551.7,522.7,491.0,460.2,429.9,399.7,382.3,367.3,362.2,367.0,378.0,375.3,361.4,355.9,357.3,370.0,409.6,428.2,446.6,465.9,486.9,490.7,493.7,489.2,484.3,416.3,409.8,409.6,416.3,420.4,419.9,412.1,404.7,403.1,408.4,412.9,414.6,531.6,519.8,515.1,517.5,513.0,514.7,522.7,538.8,547.9,550.7,550.6,545.8,531.3,530.1,530.0,527.3,524.0,533.0,535.2,535.2,0.16,0.00,1.32,0.00,1.09,0.00,0.36,1.44,1.69,1.48,0.32,0.00,0.69,0.00,1.11,0.00,1.33,0.00,0.00,0.00,0.00,0.00,0.00,1.00,1.00,1.00,1.00,1.00,0.00,1.00,0.00,0.00,0.00,0.00,1.00
28,0,0.900,0.88,1,-0.188439,0.159735,-0.969007,-0.375814,0.201309,-0.904565,-0.293,0.190,643.0,645.8,653.4,661.3,665.1,663.1,654.7,646.8,636.0,639.3,644.6,652.0,660.7,668.1,674.0,668.4,660.6,652.5,645.5,639.9,651.2,654.9,658.3,659.6,657.9,654.2,650.8,649.5,748.6,750.5,756.7,763.7,767.3,765.5,759.2,752.1,745.2,747.1,751.2,757.4,765.0,772.6,778.9,773.4,766.3,759.2,753.0,748.4,756.2,759.3,762.0,762.8,761.2,758.2,755.5,754.7,413.8,405.4,401.6,404.8,412.9,421.9,425.1,422.0,415.6,411.9,409.5,408.0,408.5,410.9,414.9,418.6,420.7,421.8,421.3,419.3,417.2,418.7,416.9,413.1,409.4,407.9,409.7,413.5,408.4,400.4,396.8,399.7,407.4,415.4,419.0,416.6,412.4,408.5,405.9,404.5,404.6,405.2,407.0,410.1,412.5,414.1,414.4,413.9,411.3,412.6,411.0,407.5,404.2,403.0,404.5,408.0,1.6,3.1,7.1,11.2,13.2,12.2,7.8,3.6,-2.1,-0.4,2.4,6.3,10.9,14.8,17.9,15.0,10.8,6.6,2.9,-0.0,6.0,7.9,9.7,10.3,9.4,7.5,5.7,5.1,63.4,64.3,67.6,71.4,73.4,72.5,69.2,65.4,61.7,62.5,64.5,67.8,71.9,76.4,80.1,76.9,72.8,68.8,65.6,63.3,67.7,69.3,70.7,71.1,70.3,68.6,67.2,66.8,28.5,24.0,22.0,23.6,27.9,32.6,34.4,32.9,29.9,27.6,26.2,25.3,25.5,26.8,28.9,30.9,31.9,32.6,32.5,31.6,30.3,31.1,30.1,28.1,26.1,25.4,26.3,28.4,28.3,23.5,21.3,22.9,27.3,32.0,34.3,33.1,30.7,28.3,26.6,25.7,25.7,26.0,27.1,28.8,30.3,31.2,31.6,31.5,29.9,30.6,29.6,27.5,25.6,24.9,25.9,28.0,464.3,463.4,462.0,460.7,460.4,461.4,462.7,464.0,469.5,466.1,462.8,460.5,459.8,460.3,461.5,460.9,460.5,461.4,463.7,466.7,463.9,463.3,462.6,462.3,462.4,463.0,463.6,464.0,510.9,509.5,507.1,505.0,504.4,505.8,508.2,510.7,513.6,510.8,507.8,505.0,503.7,503.9,504.7,504.2,504.2,505.3,507.8,511.0,509.6,508.6,507.6,507.0,507.2,508.2,509.2,509.8,40.0,63.4,487.8,0.058,0.423,-0.136,607.1,608.7,612.9,620.3,631.6,645.7,660.6,682.3,717.6,761.6,807.5,844.8,864.5,868.9,863.8,860.3,858.8,609.8,620.7,638.8,659.5,679.4,717.1,736.3,758.2,779.9,796.0,701.0,699.9,698.6,697.1,679.0,693.1,706.1,719.9,733.0,635.0,645.6,659.7,672.7,659.7,646.1,741.5,750.2,765.5,780.2,767.4,753.4,664.0,674.8,690.3,704.6,721.5,747.6,776.6,750.0,723.5,704.9,690.2,676.2,671.2,692.2,706.4,723.6,766.4,722.4,704.5,690.4,416.6,449.7,482.2,513.4,541.9,566.9,585.6,602.3,605.4,596.9,575.9,551.8,522.9,491.0,459.9,429.4,398.8,382.6,367.4,362.2,366.9,378.0,375.3,361.5,355.9,357.4,370.3,409.9,428.4,446.6,465.8,486.8,490.6,493.5,489.0,484.3,416.2,409.7,409.5,416.4,420.3,419.8,412.1,404.5,402.9,408.2,412.8,414.5,531.6,519.3,514.4,516.9,512.3,514.2,522.6,538.5,547.9,550.8,550.6,545.8,531.1,529.5,529.4,526.7,523.7,532.7,535.0,535.0,0.25,0.00,1.37,0.00,1.04,0.00,0.40,1.32,1.70,1.35,0.27,0.00,0.53,0.00,1.13,0.00,1.25,0.00,0.00,0.00,0.00,0.00,0.00,1.00,1.00,1.00,1.00,1.00,0.00,1.00,0.00,0.00,0.00,0.00,1.00
29,0,0.933,0.88,1,-0.188863,0.155884,-0.969552,-0.374302,0.199149,-0.905670,-0.292,0.187,643.0,645.8,653.4,661.4,665.1,663.1,654.7,646.7,636.0,639.3,644.6,652.1,660.7,668.2,674.0,668.5,660.6,652.5,645.5,639.9,651.2,654.9,658.4,659.6,657.9,654.3,650.8,649.6,748.6,750.4,756.7,763.7,767.3,765.5,759.2,752.1,745.2,747.1,751.1,757.4,764.9,772.6,779.0,773.4,766.3,759.2,753.0,748.4,756.2,759.3,762.0,762.8,761.2,758.2,755.5,754.7,413.8,405.3,401.5,404.7,412.9,421.9,425.2,422.0,415.7,411.9,409.5,408.0,408.5,411.0,415.0,418.6,420.6,421.7,421.2,419.3,417.2,418.7,417.0,413.1,409.3,407.9,409.6,413.5,408.4,400.3,396.7,399.5,407.2,415.3,419.0,416.6,412.4,408.4,405.8,404.4,404.5,405.1,406.9,410.0,412.5,414.1,414.4,413.9,411.3,412.5,410.9,407.4,404.1,402.8,404.4,407.9,1.6,3.1,7.1,11.3,13.2,12.1,7.8,3.6,-2.1,-0.4,2.4,6.3,10.8,14.8,17.9,14.9,10.8,6.6,2.9,-0.0,5.9,7.9,9.7,10.3,9.5,7.5,5.7,5.1,63.1,64.0,67.3,71.0,73.0,72.2,68.9,65.1,61.5,62.2,64.2,67.4,71.6,76.0,79.7,76.5,72.4,68.5,65.2,63.0,67.4,69.0,70.4,70.8,69.9,68.3,66.9,66.5,28.5,23.9,21.9,23.5,27.8,32.6,34.4,32.8,29.8,27.6,26.1,25.2,25.4,26.7,28.9,30.8,31.8,32.5,32.4,31.5,30.3,31.0,30.0,28.0,26.0,25.3,26.2,28.3,28.1,23.4,21.1,22.7,27.1,31.8,34.1,32.9,30.6,28.1,26.4,25.5,25.5,25.8,26.9,28.7,30.1,31.1,31.4,31.4,29.7,30.4,29.4,27.3,25.4,24.8,25.7,27.8,463.1,462.3,460.8,459.5,459.2,460.1,461.4,462.7,468.2,464.9,461.5,459.3,458.6,459.0,460.2,459.5,459.2,460.1,462.3,465.4,462.6,462.1,461.4,461.0,461.2,461.8,462.5,462.8,508.4,507.1,504.6,502.5,501.9,503.2,505.6,508.2,511.2,508.4,505.4,502.6,501.2,501.3,502.1,501.7,501.6,502.8,505.3,508.5,507.0,506.1,505.1,504.5,504.7,505.7,506.7,507.3,39.9,63.2,486.7,0.057,0.422,-0.135,606.9,608.4,612.6,620.0,631.4,645.5,660.6,682.5,717.9,761.9,807.7,845.2,865.2,870.1,865.2,861.7,860.1,609.8,620.7,638.8,659.6,679.6,716.7,736.0,758.2,780.2,796.5,701.0,699.9,698.6,697.2,679.1,693.1,706.2,720.0,733.0,635.0,645.6,659.7,672.8,659.8,646.2,741.4,750.1,765.4,780.2,767.4,753.3,663.7,674.2,689.7,704.3,721.5,747.6,776.4,750.5,724.2,705.3,690.2,676.0,671.1,691.8,706.2,723.8,766.3,722.9,704.6,690.2,416.5,449.5,481.8,513.0,541.5,566.6,585.4,602.2,605.3,596.8,575.7,551.8,523.1,491.2,459.9,429.1,398.5,382.6,367.4,362.3,367.0,378.1,375.4,361.4,355.8,357.4,370.4,410.2,428.5,446.6,465.6,486.8,490.4,493.3,488.9,484.3,416.1,409.7,409.5,416.5,420.3,419.8,412.2,404.5,402.8,408.1,412.7,414.5,531.7,519.0,513.7,516.3,511.6,513.7,522.6,538.5,548.1,551.1,550.9,546.0,531.1,529.2,529.1,526.4,523.6,532.5,534.9,534.8,0.28,0.00,1.48,0.00,1.00,0.00,0.44,1.25,1.73,1.36,0.26,0.00,0.37,0.00,1.08,0.00,1.13,0.00,0.00,0.00,0.00,0.00,0.00,1.00,1.00,1.00,1.00,1.00,0.00,1.00,0.00,0.00,0.00,0.00,1.00
30,0,0.967,0.88,1,-0.189415,0.163233,-0.968234,-0.373165,0.190305,-0.908037,-0.291,0.186,641.7,644.3,651.8,659.8,663.7,661.9,653.7,645.6,634.5,637.6,643.1,650.8,659.6,666.9,672.6,667.2,659.5,651.5,644.4,638.6,649.9,653.6,657.0,658.2,656.4,652.7,649.3,648.1,748.0,749.9,756.1,763.0,766.5,764.5,758.3,751.3,744.6,746.4,750.3,756.5,764.1,771.7,778.0,772.6,765.5,758.5,752.3,747.8,755.6,758.4,761.1,761.9,760.4,757.5,754.9,754.1,413.8,405.6,401.9,404.9,412.9,421.7,424.9,421.8,415.7,412.0,409.6,408.0,408.4,410.6,414.5,418.2,420.3,421.5,421.1,419.2,417.1,418.5,416.8,413.0,409.3,407.9,409.6,413.4,407.6,399.5,395.9,398.8,406.6,414.6,418.2,415.8,411.7,407.7,405.1,403.7,403.9,404.5,406.5,409.6,412.0,413.6,413.8,413.3,410.4,411.7,410.1,406.8,403.5,402.3,403.8,407.2,0.9,2.3,6.2,10.5,12.5,11.6,7.3,3.0,-3.0,-1.3,1.6,5.7,10.3,14.2,17.3,14.4,10.3,6.1,2.3,-0.8,5.3,7.2,9.1,9.7,8.7,6.8,4.9,4.3,62.9,63.9,67.2,70.8,72.7,71.8,68.5,64.8,61.3,62.0,63.9,67.1,71.3,75.6,79.4,76.2,72.2,68.2,65.0,62.8,67.1,68.7,70.1,70.5,69.7,68.1,66.7,66.3,28.7,24.3,22.2,23.8,28.0,32.8,34.6,33.0,30.1,27.8,26.4,25.4,25.6,26.8,29.0,30.9,32.0,32.7,32.6,31.7,30.5,31.2,30.2,28.2,26.2,25.5,26.4,28.5,27.7,23.0,20.8,22.4,26.8,31.5,33.7,32.5,30.3,27.8,26.1,25.2,25.2,25.6,26.8,28.5,29.9,30.8,31.2,31.1,29.3,30.0,29.0,27.0,25.2,24.5,25.4,27.4,467.0,465.9,464.4,463.4,463.6,464.9,466.1,467.1,472.2,468.7,465.4,463.1,462.6,463.4,464.9,464.3,463.8,464.6,466.7,469.5,466.9,466.5,465.8,465.3,465.2,465.7,466.4,466.9,509.8,508.6,506.1,503.9,503.2,504.4,506.9,509.5,512.5,509.8,506.8,503.9,502.4,502.5,503.2,502.8,502.8,504.0,506.6,509.8,508.3,507.4,506.4,505.8,506.1,507.1,508.1,508.6,39.5,63.1,486.5,0.057,0.424,-0.139,605.8,607.4,611.9,619.8,631.2,645.4,660.4,682.3,717.7,761.7,807.2,844.5,864.6,869.8,864.9,861.4,859.6,608.5,619.4,637.8,658.6,678.6,715.7,734.9,757.1,778.9,795.2,699.7,698.8,697.7,696.3,678.3,692.4,705.6,719.4,732.4,633.7,644.2,658.3,671.5,658.5,645.0,740.7,749.3,764.6,779.4,766.6,752.6,663.0,673.4,688.9,703.8,721.5,747.9,776.5,751.0,724.6,705.1,689.7,675.5,670.4,691.0,705.8,723.9,766.4,723.0,704.3,689.5,418.5,450.9,482.8,513.5,541.7,566.6,585.6,602.5,605.5,596.8,575.5,551.6,523.0,491.3,460.1,429.5,399.0,382.6,367.5,362.4,367.1,378.1,375.2,361.0,355.4,357.0,369.9,410.0,428.5,446.7,465.7,487.0,490.6,493.5,489.0,484.3,416.2,409.6,409.3,416.2,420.1,419.6,411.6,404.0,402.3,407.5,412.0,413.9,531.9,519.2,514.0,516.4,511.7,513.6,522.4,538.1,547.9,551.1,550.8,545.9,531.3,529.5,529.4,526.5,523.5,532.3,534.8,534.7,0.35,0.00,1.55,0.00,1.00,0.00,0.47,1.25,1.76,1.39,0.32,0.00,0.32,0.00,1.05,0.00,0.97,0.00,0.00,0.00,0.00,0.00,0.00,1.00,1.00,1.00,1.00,1.00,0.00,1.00,0.00,0.00,0.00,0.00,1.00
31,0,1.000,0.88,1,-0.200571,0.153028,-0.967654,-0.354290,0.185824,-0.916487,-0.286,0.178,641.6,644.1,651.5,659.4,663.2,661.4,653.3,645.4,634.4,637.5,643.0,650.7,659.4,666.6,672.2,666.8,659.2,651.2,644.2,638.4,649.6,653.2,656.6,657.8,656.0,652.4,649.0,647.9,747.6,749.9,756.4,763.3,766.5,764.1,757.6,750.6,744.3,745.4,749.0,755.2,763.1,771.4,777.5,772.0,764.7,757.5,751.7,747.4,755.2,758.1,760.9,761.9,760.5,757.6,754.8,753.8,413.8,405.6,402.0,404.9,412.9,421.5,424.7,421.7,415.9,412.1,409.7,408.0,408.4,410.7,414.5,418.1,420.2,421.4,421.0,419.2,417.0,418.4,416.7,413.0,409.3,408.0,409.6,413.4,406.9,398.6,394.7,397.5,405.5,413.8,417.7,415.5,413.4,405.2,399.7,397.0,398.0,401.1,406.7,409.6,411.8,413.4,414.0,414.1,410.0,411.2,409.6,406.0,402.6,401.3,403.0,406.6,0.8,2.2,6.2,10.4,12.4,11.5,7.2,2.9,-3.1,-1.3,1.6,5.7,10.4,14.3,17.3,14.4,10.3,6.0,2.2,-0.9,5.2,7.1,9.0,9.6,8.6,6.7,4.9,4.2,59.6,60.8,64.1,67.5,69.1,67.9,64.6,61.1,58.0,58.4,60.1,63.1,67.2,71.7,75.1,72.1,68.0,64.3,61.5,59.5,63.5,65.0,66.4,66.9,66.3,64.8,63.4,62.9,29.1,24.6,22.5,24.1,28.3,33.1,34.9,33.3,30.5,28.2,26.7,25.7,25.9,27.1,29.3,31.2,32.3,33.0,32.9,32.1,30.8,31.5,30.5,28.5,26.5,25.8,26.8,28.8,26.0,21.3,19.1,20.5,24.8,29.4,31.7,30.7,29.7,25.1,21.9,20.3,20.8,22.4,25.5,27.1,28.3,29.2,29.7,30.0,27.6,28.2,27.2,25.2,23.4,22.8,23.7,25.7,472.3,471.3,469.9,468.9,468.9,470.1,471.3,472.3,477.5,474.0,470.7,468.5,468.0,468.8,470.2,469.5,469.0,469.8,471.9,474.8,472.2,471.7,471.1,470.6,470.6,471.1,471.7,472.2,484.5,483.7,481.5,479.1,477.9,478.6,480.8,483.6,487.1,485.0,482.5,479.4,477.7,477.5,477.7,477.5,477.6,478.8,481.5,484.6,482.8,481.7,480.8,480.5,481.0,482.0,483.0,483.3,39.3,63.0,487.1,0.044,0.425,-0.137,605.8,607.3,611.6,619.1,630.6,644.7,660.2,682.1,717.0,760.8,806.6,844.1,864.1,868.9,864.1,860.7,859.0,607.7,619.0,637.1,657.3,677.1,716.1,735.3,757.1,778.6,794.7,699.1,698.2,697.1,695.6,678.5,692.3,705.1,718.5,731.4,633.3,643.6,658.3,671.6,658.4,644.3,739.9,748.0,763.8,778.9,766.3,751.8,663.1,672.8,688.2,703.0,720.6,747.0,775.7,750.0,723.4,704.2,689.0,675.1,670.5,690.4,705.0,723.0,765.4,722.0,703.4,688.8,417.6,450.2,482.3,513.2,541.5,566.4,585.3,602.0,604.8,596.3,575.3,551.4,522.8,491.2,460.3,430.0,399.3,382.7,368.1,363.2,367.4,377.8,374.4,360.4,354.8,356.4,369.0,409.4,427.9,446.1,465.1,487.3,490.7,493.4,489.0,484.4,416.0,408.1,407.9,416.5,420.4,420.0,411.2,401.7,399.7,406.1,411.2,413.4,532.7,519.2,513.6,515.9,511.0,513.0,522.3,537.5,547.2,550.5,550.4,545.9,531.8,529.2,528.9,525.9,523.3,531.9,534.5,534.5,0.32,0.00,1.63,0.00,0.96,0.00,0.45,1.23,1.79,1.41,0.31,0.00,0.31,0.00,0.99,0.00,0.88,0.00,0.00,0.00,0.00,0.00,0.00,1.00,1.00,1.00,1.00,1.00,0.00,1.00,0.00,0.00,0.00,0.00,1.00
32,0,1.033,0.88,1,-0.203040,0.147533,-0.967992,-0.314899,0.181297,-0.931649,-0.266,0.171,640.4,642.9,650.5,658.6,662.6,660.8,652.6,644.4,633.2,636.3,641.8,649.7,658.6,666.0,671.7,666.3,658.5,650.3,643.2,637.3,648.7,652.5,656.0,657.1,655.3,651.5,648.0,646.8,747.3,750.0,757.0,764.3,767.6,764.9,757.8,750.3,742.9,744.3,748.0,754.7,762.9,771.2,777.2,771.7,764.5,757.3,751.2,746.6,755.0,758.3,761.5,762.7,761.2,757.9,754.7,753.5,413.9,405.6,401.8,404.8,412.9,421.7,425.0,422.0,416.0,412.1,409.7,407.9,408.2,410.5,414.4,418.0,420.3,421.6,421.2,419.4,417.2,418.6,416.8,412.9,409.2,407.8,409.6,413.5,406.9,398.4,394.5,397.3,405.3,413.7,417.6,415.5,413.8,405.1,399.3,396.4,397.4,400.8,406.8,409.6,411.7,413.3,414.1,414.3,410.2,411.5,409.7,405.9,402.3,401.0,402.8,406.6,0.2,1.6,5.5,9.8,11.9,11.0,6.6,2.3,-3.6,-1.9,1.0,5.1,9.7,13.6,16.7,13.8,9.7,5.4,1.7,-1.4,4.6,6.6,8.4,9.0,8.0,6.1,4.2,3.6,59.2,60.6,64.3,68.0,69.5,68.1,64.5,60.7,57.0,57.6,59.4,62.7,67.0,71.5,74.8,71.7,67.8,64.0,61.0,58.7,63.2,64.9,66.6,67.2,66.5,64.8,63.2,62.5,28.5,24.0,22.0,23.5,27.7,32.4,34.3,32.8,29.9,27.6,26.2,25.1,25.2,26.5,28.6,30.5,31.6,32.4,32.3,31.6,30.2,30.9,30.0,27.9,25.9,25.2,26.2,28.2,25.8,21.2,18.9,20.4,24.7,29.3,31.6,30.5,29.8,24.9,21.6,19.9,20.4,22.2,25.5,27.0,28.1,29.1,29.6,30.0,27.6,28.3,27.2,25.1,23.2,22.5,23.6,25.7,462.4,461.3,459.9,458.9,459.0,460.3,461.5,462.4,467.6,464.2,460.8,458.6,458.1,458.9,460.3,459.7,459.2,460.0,462.1,464.9,462.3,461.8,461.2,460.7,460.7,461.1,461.8,462.3,482.4,482.2,480.5,478.3,477.0,477.3,479.0,481.5,484.9,483.3,481.0,478.3,476.8,476.8,477.1,476.6,476.4,477.3,479.6,482.4,481.1,480.2,479.4,479.3,479.9,480.8,481.6,481.7,38.9,62.9,486.6,0.041,0.426,-0.138,605.7,607.1,611.5,619.1,630.8,645.0,660.5,682.1,716.9,760.3,806.0,843.4,863.4,868.2,863.5,860.1,858.3,606.8,618.4,636.5,656.8,676.6,714.9,733.9,755.9,777.7,793.9,698.2,697.3,696.1,694.6,677.8,691.5,704.2,717.6,730.4,632.5,642.6,657.5,670.9,657.7,643.4,739.1,747.4,763.4,778.6,765.9,751.2,662.8,672.5,687.7,702.2,719.3,745.9,775.0,748.9,722.1,703.4,688.5,674.7,670.1,690.0,704.2,721.7,764.8,720.7,702.6,688.3,418.7,451.1,483.1,513.9,542.0,566.6,585.3,601.9,604.6,596.1,575.1,551.2,522.6,491.1,460.4,430.2,399.8,383.0,368.2,363.2,367.4,378.0,374.5,360.2,354.5,356.1,368.9,409.2,427.6,445.8,464.8,487.4,490.7,493.3,488.9,484.4,416.2,408.0,407.7,416.6,420.6,420.3,411.2,401.3,399.3,405.9,411.2,413.4,532.7,519.3,513.5,515.8,511.0,513.1,522.2,537.9,547.5,550.6,550.6,546.0,531.8,529.3,529.0,526.1,523.3,532.0,534.5,534.5,0.31,0.00,1.59,0.00,0.90,0.00,0.39,1.23,1.81,1.42,0.31,0.00,0.31,0.00,0.97,0.00,0.76,0.00,0.00,0.00,0.00,0.00,0.00,1.00,1.00,1.00,1.00,1.00,0.00,1.00,0.00,0.00,0.00,0.00,1.00
33,0,1.067,0.88,1,-0.206990,0.154243,-0.966108,-0.314509,0.182624,-0.931521,-0.268,0.176,640.2,642.7,650.3,658.5,662.5,660.7,652.4,644.2,633.3,636.3,641.7,649.5,658.5,665.9,671.7,666.2,658.3,650.1,643.0,637.3,648.5,652.3,655.9,657.0,655.2,651.3,647.8,646.7,747.3,750.0,757.0,764.3,767.5,764.8,757.8,750.3,742.9,744.3,748.0,754.7,762.9,771.1,777.2,771.7,764.5,757.3,751.2,746.5,755.0,758.3,761.5,762.7,761.2,757.9,754.7,753.5,413.9,405.5,401.7,404.8,413.0,421.9,425.2,422.1,415.8,411.9,409.5,407.8,408.1,410.4,414.5,418.1,420.3,421.6,421.1,419.2,417.3,418.7,416.9,413.0,409.2,407.8,409.5,413.5,406.9,398.4,394.5,397.3,405.3,413.8,417.7,415.5,413.8,405.1,399.3,396.4,397.5,400.8,406.8,409.6,411.7,413.3,414.1,414.3,410.3,411.5,409.7,405.9,402.3,401.0,402.8,406.6,0.1,1.4,5.4,9.6,11.7,10.8,6.5,2.2,-3.6,-2.0,0.9,4.9,9.6,13.5,16.6,13.7,9.5,5.3,1.6,-1.4,4.5,6.5,8.3,8.9,7.9,5.9,4.1,3.5,59.0,60.4,64.0,67.7,69.3,67.9,64.3,60.5,56.9,57.4,59.2,62.5,66.7,71.2,74.6,71.5,67.5,63.8,60.7,58.6,63.0,64.7,66.3,67.0,66.2,64.6,63.0,62.3,28.3,23.8,21.8,23.3,27.6,32.3,34.1,32.6,29.6,27.3,25.9,24.9,25.0,26.3,28.4,30.3,31.4,32.1,32.1,31.2,30.0,30.8,29.8,27.7,25.7,25.0,26.0,28.1,25.8,21.1,18.9,20.3,24.6,29.2,31.5,30.5,29.7,24.8,21.6,19.8,20.3,22.2,25.4,26.9,28.1,29.0,29.5,29.9,27.5,28.2,27.2,25.1,23.1,22.5,23.5,25.6,459.4,458.2,456.6,455.5,455.6,457.0,458.4,459.4,464.6,461.1,457.7,455.4,454.8,455.5,456.9,456.3,456.0,456.9,459.1,461.9,459.2,458.7,458.0,457.4,457.4,457.9,458.6,459.2,480.9,480.6,478.9,476.7,475.4,475.7,477.5,480.0,483.5,481.8,479.5,476.7,475.2,475.2,475.4,475.0,474.8,475.7,478.1,481.0,479.6,478.6,477.8,477.7,478.3,479.2,480.0,480.2,38.7,62.9,486.3,0.041,0.426,-0.138,605.6,606.9,611.2,618.7,630.5,644.8,660.4,682.1,716.7,760.1,805.8,843.3,863.1,867.8,863.1,859.8,858.1,606.6,618.2,636.2,656.5,676.4,714.9,734.0,755.8,777.5,793.7,698.2,697.2,696.0,694.5,677.6,691.4,704.1,717.5,730.4,632.4,642.6,657.4,670.8,657.6,643.2,739.0,747.3,763.4,778.6,765.9,751.1,662.6,672.4,687.7,702.0,718.8,745.5,775.1,748.3,721.3,702.9,688.3,674.5,670.0,689.9,704.0,721.2,764.8,720.0,702.2,688.1,418.1,450.7,482.9,513.8,542.0,566.8,585.4,601.9,604.6,596.2,575.3,551.3,522.5,491.0,460.3,430.1,399.7,383.1,368.1,363.0,367.2,377.7,374.3,360.1,354.4,355.9,368.7,408.9,427.4,445.6,464.6,487.3,490.6,493.2,488.8,484.2,416.1,407.9,407.6,416.5,420.6,420.2,411.3,401.3,399.2,405.9,411.2,413.4,532.6,519.3,513.5,515.8,511.0,513.2,522.3,538.1,547.5,550.5,550.5,546.0,531.8,529.3,529.0,526.2,523.4,532.0,534.4,534.4,0.17,0.00,1.59,0.00,0.87,0.00,0.33,1.19,1.78,1.42,0.21,0.00,0.31,0.00,0.96,0.00,0.65,0.00,0.00,0.00,0.00,0.00,0.00,1.00,1.00,1.00,1.00,1.00,0.00,1.00,0.00,0.00,0.00,0.00,1.00
34,0,1.100,0.88,1,-0.235926,0.118940,-0.964465,-0.288774,0.140673,-0.947006,-0.268,0.135,639.9,642.5,649.9,657.9,661.7,659.9,651.7,643.7,633.0,636.3,642.0,650.1,659.1,666.2,671.5,666.1,658.4,650.1,642.9,637.0,648.1,651.6,655.0,656.1,654.4,650.8,647.5,646.4,746.4,749.0,756.2,763.9,767.5,765.0,757.7,749.9,742.2,742.9,746.2,752.7,761.2,769.9,776.7,771.4,763.9,756.4,750.0,745.5,754.8,758.2,761.4,762.5,760.9,757.5,754.3,753.2,413.0,404.7,400.9,403.8,411.7,420.5,423.8,420.9,415.6,411.6,409.2,407.5,408.2,410.7,414.8,417.8,419.5,420.5,420.2,418.7,416.1,417.4,415.7,412.0,408.5,407.2,408.9,412.6,405.1,395.9,391.4,394.2,402.6,411.8,416.4,414.3,412.2,403.9,398.3,395.0,395.5,398.0,403.7,407.6,410.6,412.8,413.7,413.7,408.4,409.6,407.6,403.5,399.7,398.5,400.5,404.6,-0.0,1.3,5.3,9.5,11.6,10.6,6.3,2.0,-3.8,-2.0,1.1,5.4,10.2,14.0,16.8,13.9,9.8,5.4,1.6,-1.6,4.3,6.2,8.0,8.6,7.7,5.8,4.0,3.4,54.2,55.5,58.9,62.4,64.0,62.8,59.5,55.8,52.5,52.7,54.0,56.9,60.9,65.2,68.6,65.9,62.2,58.6,55.7,53.9,58.3,59.8,61.3,61.9,61.2,59.6,58.1,57.5,28.4,24.0,21.9,23.4,27.6,32.3,34.1,32.7,30.1,27.8,26.3,25.3,25.6,27.0,29.3,30.9,31.7,32.3,32.3,31.6,30.1,30.7,29.8,27.8,25.9,25.3,26.2,28.2,23.0,18.3,15.9,17.2,21.4,26.0,28.5,27.6,26.8,22.5,19.5,17.7,17.8,19.1,22.0,23.9,25.4,26.6,27.2,27.4,24.6,25.1,24.0,22.0,20.1,19.5,20.6,22.7,469.4,468.6,467.3,466.3,466.1,467.1,468.2,469.2,474.4,471.2,467.9,465.8,465.5,466.4,467.9,467.1,466.5,467.1,469.1,471.9,469.2,468.8,468.2,467.8,467.9,468.4,468.9,469.3,445.8,445.4,443.3,440.9,439.4,439.9,441.9,444.7,449.4,447.7,445.2,442.0,439.8,439.2,439.1,439.0,439.2,440.4,443.2,446.6,444.1,443.0,442.1,441.9,442.6,443.7,444.6,444.8,38.6,62.7,486.4,0.040,0.424,-0.141,605.5,606.7,610.9,618.4,630.0,644.2,660.0,681.8,716.5,759.9,805.8,843.3,863.3,867.8,863.0,859.0,856.9,606.2,617.6,635.5,655.6,675.3,714.4,733.4,755.4,777.0,793.2,697.5,696.5,695.2,693.7,677.8,691.4,703.8,717.0,729.7,632.5,642.5,657.4,671.0,657.7,643.3,738.1,746.1,762.2,777.5,764.9,750.2,662.8,672.9,688.2,702.3,718.9,745.6,775.4,748.3,721.3,703.1,688.6,674.8,670.1,690.5,704.4,721.5,765.2,719.9,702.2,688.3,418.6,450.9,482.9,513.7,541.8,566.6,585.2,601.8,604.4,595.8,574.7,550.6,521.9,490.6,459.9,429.8,399.3,383.1,368.5,363.4,367.5,377.8,373.9,359.4,353.5,355.1,367.9,408.3,426.7,444.9,463.9,487.3,490.4,492.7,488.4,483.9,415.8,407.3,407.0,416.1,420.3,420.0,410.2,399.7,397.5,404.4,409.8,412.2,532.4,519.7,514.1,516.2,511.3,513.0,521.1,537.2,546.7,549.8,550.0,545.6,531.7,529.6,529.1,526.0,522.5,531.4,533.9,534.1,0.09,0.00,1.59,0.00,0.89,0.00,0.30,1.21,1.76,1.46,0.18,0.00,0.35,0.00,0.93,0.00,0.53,0.00,0.00,0.00,0.00,0.00,0.00,1.00,1.00,1.00,1.00,1.00,0.00,1.00,0.00,0.00,0.00,0.00,1.00
35,0,1.133,0.88,1,-0.237983,0.118452,-0.964019,-0.288450,0.140990,-0.947058,-0.269,0.135,639.9,642.5,650.0,658.0,661.8,659.9,651.7,643.7,632.9,636.3,642.1,650.2,659.2,666.4,671.6,666.2,658.5,650.2,643.0,637.0,648.1,651.7,655.0,656.2,654.4,650.9,647.5,646.4,746.4,748.9,756.2,763.9,767.6,765.0,757.8,749.9,742.3,742.9,746.2,752.7,761.2,769.8,776.5,771.4,764.0,756.6,750.2,745.6,754.8,758.2,761.4,762.5,760.9,757.5,754.3,753.1,413.0,404.7,400.9,403.8,411.7,420.5,423.8,420.9,415.6,411.6,409.1,407.5,408.2,410.7,414.8,417.9,419.5,420.5,420.2,418.7,416.1,417.4,415.7,412.0,408.4,407.1,408.9,412.6,405.0,395.8,391.3,394.0,402.5,411.7,416.2,414.1,412.1,403.8,398.2,394.9,395.2,397.7,403.4,407.3,410.4,412.7,413.7,413.7,408.2,409.4,407.4,403.3,399.6,398.3,400.4,404.4,-0.0,1.3,5.3,9.6,11.6,10.6,6.3,2.0,-3.8,-2.0,1.1,5.4,10.2,14.0,16.9,14.0,9.8,5.5,1.6,-1.6,4.3,6.2,8.0,8.6,7.7,5.8,4.0,3.4,54.5,55.7,59.1,62.7,64.4,63.1,59.8,56.1,52.7,52.9,54.3,57.2,61.2,65.5,68.8,66.2,62.5,59.0,56.1,54.1,58.5,60.1,61.6,62.2,61.4,59.8,58.3,57.8,28.4,23.9,21.8,23.3,27.5,32.3,34.1,32.6,30.1,27.8,26.2,25.3,25.6,27.0,29.3,30.9,31.7,32.3,32.2,31.6,30.0,30.7,29.8,27.8,25.9,25.2,26.1,28.2,23.0,18.3,15.9,17.2,21.4,26.1,28.5,27.6,26.9,22.5,19.5,17.7,17.8,19.0,21.9,23.8,25.4,26.7,27.3,27.5,24.6,25.1,24.1,22.0,20.1,19.5,20.6,22.7,468.8,468.0,466.8,465.8,465.6,466.5,467.6,468.6,473.8,470.5,467.3,465.3,465.1,466.0,467.5,466.6,465.9,466.5,468.5,471.2,468.6,468.2,467.6,467.3,467.4,467.8,468.4,468.7,447.7,447.3,445.3,442.9,441.5,441.9,443.9,446.7,451.3,449.6,447.2,444.0,441.8,441.3,441.1,441.0,441.2,442.4,445.2,448.6,446.1,445.0,444.1,443.9,444.6,445.7,446.6,446.7,38.6,62.6,486.6,0.040,0.426,-0.141,605.5,606.7,610.8,618.2,629.8,644.1,659.8,681.6,716.4,759.8,805.8,843.3,863.3,867.8,862.8,858.8,856.8,606.2,617.7,635.6,655.7,675.4,714.4,733.4,755.2,776.9,793.1,697.4,696.4,695.2,693.7,677.8,691.4,703.8,717.0,729.8,632.5,642.5,657.4,671.1,657.8,643.3,738.1,746.1,762.2,777.5,765.0,750.2,662.6,672.8,688.1,702.4,719.1,745.9,775.8,748.5,721.3,702.9,688.4,674.6,669.9,690.4,704.4,721.6,765.5,719.9,702.0,688.0,418.2,450.6,482.7,513.7,541.8,566.7,585.3,601.7,604.3,595.7,574.7,550.7,522.0,490.5,459.8,429.5,398.8,383.2,368.5,363.6,367.6,377.8,373.7,359.2,353.4,354.9,367.6,408.1,426.5,444.7,463.8,487.3,490.3,492.7,488.3,483.8,415.9,407.2,406.9,416.1,420.3,420.0,410.1,399.6,397.3,404.2,409.7,412.1,532.3,519.7,514.1,516.2,511.2,512.9,520.9,537.0,546.5,549.7,549.8,545.5,531.7,529.6,529.1,526.0,522.3,531.2,533.8,533.9,0.04,0.00,1.65,0.00,0.91,0.00,0.31,1.21,1.74,1.48,0.20,0.00,0.41,0.00,0.87,0.00,0.37,0.00,0.00,0.00,0.00,0.00,0.00,1.00,1.00,1.00,1.00,1.00,0.00,1.00,0.00,0.00,0.00,0.00,1.00
36,0,1.167,0.88,1,-0.238320,0.117509,-0.964051,-0.289275,0.140485,-0.946881,-0.269,0.134,639.9,642.5,649.9,657.9,661.7,659.9,651.7,643.7,633.0,636.3,642.1,650.1,659.1,666.3,671.6,666.2,658.4,650.2,642.9,637.0,648.1,651.6,655.0,656.1,654.4,650.9,647.5,646.4,746.4,748.9,756.1,763.8,767.5,765.0,757.8,749.9,742.2,742.9,746.2,752.7,761.1,769.8,776.5,771.4,764.0,756.6,750.1,745.6,754.7,758.2,761.4,762.5,760.9,757.4,754.2,753.1,413.0,404.7,400.9,403.8,411.7,420.5,423.8,420.9,415.7,411.7,409.1,407.5,408.1,410.7,414.8,417.9,419.5,420.5,420.3,418.7,416.1,417.4,415.7,412.0,408.5,407.2,408.9,412.6,405.0,395.8,391.2,394.0,402.5,411.7,416.2,414.1,412.1,403.8,398.2,394.9,395.3,397.7,403.3,407.3,410.4,412.7,413.7,413.7,408.2,409.4,407.4,403.3,399.5,398.3,400.3,404.4,-0.1,1.3,5.3,9.5,11.6,10.6,6.2,2.0,-3.8,-2.0,1.1,5.4,10.2,14.0,16.9,14.0,9.8,5.4,1.6,-1.6,4.3,6.2,8.0,8.6,7.7,5.8,4.0,3.4,54.3,55.5,58.9,62.5,64.2,63.0,59.6,55.9,52.6,52.7,54.1,57.0,61.0,65.3,68.6,66.0,62.3,58.8,55.9,54.0,58.3,59.9,61.5,62.0,61.3,59.7,58.1,57.6,28.4,23.9,21.8,23.3,27.5,32.2,34.1,32.6,30.1,27.8,26.2,25.2,25.6,27.0,29.2,30.8,31.7,32.3,32.3,31.6,30.0,30.7,29.7,27.7,25.9,25.2,26.1,28.1,22.9,18.2,15.9,17.2,21.4,26.0,28.4,27.6,26.8,22.5,19.5,17.7,17.8,19.0,21.8,23.8,25.4,26.6,27.3,27.4,24.5,25.1,24.0,21.9,20.0,19.5,20.5,22.6,468.6,467.8,466.5,465.5,465.3,466.2,467.3,468.3,473.6,470.3,467.1,465.0,464.8,465.6,467.1,466.3,465.6,466.2,468.2,471.0,468.3,467.9,467.3,467.0,467.1,467.6,468.1,468.4,446.6,446.1,444.1,441.7,440.3,440.7,442.8,445.5,450.2,448.5,446.0,442.8,440.6,440.1,439.9,439.8,440.0,441.3,444.1,447.4,444.9,443.9,442.9,442.7,443.4,444.5,445.4,445.6,38.6,62.6,486.7,0.039,0.427,-0.141,605.6,606.8,610.9,618.2,629.8,644.0,659.7,681.5,716.3,759.7,805.7,843.3,863.2,867.7,862.7,858.8,856.7,606.3,617.7,635.6,655.6,675.3,714.2,733.2,755.0,776.5,792.8,697.3,696.3,695.1,693.6,677.7,691.3,703.7,717.0,729.7,632.5,642.5,657.4,671.0,657.7,643.3,738.0,746.0,762.2,777.5,765.0,750.2,662.5,672.6,687.9,702.2,719.0,745.8,775.8,748.4,721.1,702.7,688.2,674.4,669.7,690.2,704.2,721.4,765.5,719.7,701.9,687.9,418.3,450.7,482.7,513.6,541.7,566.6,585.2,601.7,604.2,595.7,574.8,550.8,522.0,490.5,459.6,429.3,398.6,383.1,368.5,363.6,367.5,377.7,373.7,359.2,353.4,354.8,367.5,408.1,426.5,444.7,463.7,487.2,490.2,492.6,488.3,483.8,415.9,407.3,407.0,416.1,420.3,420.0,410.1,399.6,397.3,404.2,409.7,412.1,532.3,519.6,514.0,516.1,511.2,512.8,520.9,537.0,546.5,549.6,549.8,545.5,531.7,529.5,529.0,525.9,522.3,531.2,533.7,533.9,0.04,0.00,1.67,0.00,0.89,0.00,0.32,1.23,1.73,1.45,0.26,0.00,0.41,0.00,0.85,0.00,0.36,0.00,0.00,0.00,0.00,0.00,0.00,1.00,1.00,1.00,1.00,1.00,0.00,1.00,0.00,0.00,0.00,0.00,1.00
37,0,1.200,0.88,1,-0.243099,0.115825,-0.963061,-0.290235,0.132449,-0.947745,-0.272,0.129,639.8,642.4,649.9,657.9,661.7,659.8,651.6,643.6,632.8,636.2,642.1,650.2,659.3,666.4,671.6,666.3,658.5,650.2,642.9,636.9,648.0,651.5,654.9,656.0,654.3,650.8,647.4,646.3,746.3,748.8,756.1,763.8,767.6,765.1,757.8,749.9,742.4,743.0,746.2,752.6,761.1,769.8,776.5,771.4,764.0,756.5,750.1,745.7,754.8,758.3,761.5,762.6,761.0,757.5,754.2,753.1,413.0,404.7,400.9,403.7,411.7,420.5,423.8,421.0,416.0,411.8,409.2,407.4,408.1,410.7,414.9,417.9,419.6,420.6,420.4,418.9,416.1,417.4,415.7,412.0,408.5,407.2,408.9,412.6,404.7,395.3,390.7,393.5,402.2,411.6,416.2,414.1,412.0,403.7,398.0,394.7,395.1,397.5,403.1,407.1,410.4,412.8,413.7,413.7,408.1,409.3,407.2,403.0,399.1,397.8,399.9,404.2,-0.1,1.3,5.3,9.5,11.5,10.5,6.2,1.9,-3.9,-2.0,1.1,5.4,10.2,14.0,16.9,14.0,9.8,5.4,1.6,-1.7,4.3,6.2,7.9,8.5,7.6,5.8,4.0,3.4,53.3,54.5,57.9,61.4,63.1,61.9,58.6,55.0,51.8,51.9,53.2,56.0,59.9,64.1,67.4,64.9,61.2,57.7,54.9,53.1,57.4,59.0,60.4,61.0,60.2,58.6,57.1,56.6,28.3,23.9,21.8,23.2,27.4,32.2,34.0,32.6,30.2,27.8,26.2,25.2,25.5,26.9,29.2,30.8,31.6,32.2,32.2,31.7,30.0,30.6,29.7,27.7,25.8,25.2,26.1,28.1,22.5,17.7,15.3,16.6,20.8,25.5,28.0,27.1,26.3,22.0,19.1,17.3,17.4,18.5,21.3,23.3,24.9,26.1,26.8,27.0,24.0,24.6,23.5,21.4,19.5,18.9,20.0,22.1,467.7,467.1,465.9,464.8,464.5,465.4,466.4,467.4,472.6,469.5,466.3,464.3,464.1,465.0,466.4,465.5,464.8,465.3,467.3,470.0,467.5,467.1,466.5,466.2,466.4,466.8,467.4,467.7,439.1,438.5,436.4,433.9,432.4,433.0,435.1,438.0,442.7,441.0,438.5,435.2,432.9,432.2,432.0,432.0,432.3,433.6,436.5,440.0,437.3,436.2,435.2,435.0,435.6,436.8,437.7,438.0,38.5,62.6,486.4,0.040,0.428,-0.142,605.6,606.6,610.6,618.1,629.8,644.2,660.1,682.0,716.6,759.9,805.8,843.2,863.2,867.8,862.8,858.9,856.8,606.2,617.8,635.7,655.7,675.4,714.4,733.2,754.9,776.5,792.9,697.3,696.3,695.0,693.5,677.6,691.2,703.7,717.0,729.8,632.5,642.5,657.5,671.0,657.7,643.3,738.0,746.0,762.2,777.5,765.0,750.2,662.6,672.7,688.0,702.2,718.7,745.6,775.9,748.1,720.7,702.5,688.1,674.4,669.8,690.3,704.1,721.2,765.5,719.3,701.7,687.8,417.9,450.4,482.6,513.6,541.9,566.9,585.6,602.0,604.4,595.8,574.9,550.9,522.2,490.6,459.7,429.2,398.2,383.2,368.6,363.6,367.6,377.8,373.7,359.1,353.3,354.6,367.3,408.0,426.4,444.6,463.7,487.2,490.2,492.6,488.3,483.8,415.9,407.3,406.9,416.1,420.4,420.1,410.1,399.5,397.1,404.1,409.6,412.1,532.3,519.8,514.1,516.2,511.3,513.0,520.9,537.1,546.4,549.5,549.7,545.4,531.7,529.7,529.2,526.1,522.4,531.3,533.7,533.9,0.03,0.00,1.68,0.00,0.87,0.06,0.35,1.23,1.75,1.38,0.35,0.00,0.39,0.00,0.85,0.00,0.31,0.00,0.00,0.00,0.00,0.00,0.00,1.00,1.00,1.00,1.00,1.00,0.00,1.00,0.00,0.00,0.00,0.00,1.00
38,0,1.233,0.98,1,-0.246566,0.113849,-0.962415,-0.300637,0.099153,-0.948571,-0.279,0.111,639.7,642.3,649.7,657.8,661.7,659.8,651.7,643.6,632.7,635.9,641.7,649.9,659.1,666.4,671.8,666.4,658.6,650.3,642.9,636.8,648.0,651.5,654.8,655.9,654.2,650.7,647.5,646.4,745.8,748.3,755.7,763.7,767.6,765.1,757.6,749.5,741.8,742.4,745.7,752.3,761.2,770.0,776.6,771.5,764.0,756.4,749.9,745.3,754.4,758.1,761.5,762.7,760.9,757.2,753.8,752.6,412.6,404.3,400.4,403.3,411.2,420.0,423.4,420.5,415.6,411.3,408.4,406.6,407.4,410.2,414.7,417.5,419.0,419.9,419.8,418.5,415.5,416.8,415.1,411.5,408.1,406.8,408.5,412.1,403.1,393.5,389.1,392.5,401.7,411.3,415.8,413.0,411.2,402.5,396.9,393.9,394.6,397.1,402.9,407.0,410.4,412.9,413.6,413.0,407.0,408.6,406.5,402.1,397.8,396.3,398.3,402.8,-0.1,1.2,5.1,9.4,11.4,10.5,6.2,1.9,-3.9,-2.2,0.9,5.2,10.0,13.9,16.8,13.9,9.8,5.4,1.5,-1.7,4.3,6.1,7.8,8.4,7.5,5.7,4.0,3.4,51.3,52.4,55.7,59.2,60.9,59.8,56.5,53.0,49.7,49.8,51.1,53.9,57.8,61.9,65.1,62.7,59.1,55.7,52.9,51.2,55.2,56.9,58.4,58.9,58.1,56.5,55.0,54.5,27.9,23.5,21.4,22.8,27.0,31.7,33.5,32.1,29.8,27.3,25.6,24.5,24.9,26.5,29.0,30.3,31.1,31.6,31.7,31.2,29.4,30.1,29.2,27.2,25.4,24.8,25.7,27.6,20.9,16.2,14.0,15.5,19.9,24.5,26.8,25.7,25.0,20.7,17.9,16.3,16.5,17.6,20.4,22.4,24.0,25.3,25.8,25.7,22.7,23.4,22.4,20.2,18.2,17.5,18.5,20.7,464.1,463.3,462.0,461.0,460.9,461.8,462.9,463.9,469.3,466.1,462.7,460.6,460.4,461.3,462.9,462.1,461.4,462.0,463.9,466.7,463.9,463.5,462.9,462.6,462.6,463.1,463.6,464.0,424.1,423.2,420.8,418.4,417.4,418.3,420.6,423.5,427.5,425.7,423.3,419.8,417.4,416.8,416.7,416.9,417.3,418.6,421.5,424.9,422.5,421.4,420.3,419.9,420.4,421.5,422.6,423.0,38.5,62.4,485.8,0.036,0.429,-0.140,605.7,606.7,610.5,617.8,629.3,643.6,659.4,681.3,716.0,759.5,805.8,843.5,863.7,868.1,862.9,858.7,856.5,606.0,617.5,635.2,654.9,674.4,715.2,734.3,755.9,777.1,793.1,697.1,696.1,694.7,693.1,677.4,691.0,703.4,716.7,729.5,632.3,642.4,657.5,671.2,657.8,643.2,737.9,745.7,762.1,777.5,764.9,750.0,662.4,672.5,687.9,702.1,718.7,746.1,776.7,748.6,720.6,702.4,688.0,674.3,669.7,690.3,704.1,721.1,766.3,719.2,701.6,687.7,418.1,450.5,482.7,513.9,542.0,566.8,585.3,601.6,604.0,595.5,574.9,551.0,522.4,490.8,459.7,429.2,398.0,382.7,368.5,363.6,367.5,377.3,373.3,358.9,353.3,355.0,367.6,407.6,426.0,444.1,463.1,487.1,490.0,492.4,488.1,483.7,415.5,406.4,406.1,415.7,420.0,419.7,409.8,398.8,396.5,403.7,409.3,411.8,532.1,519.6,514.0,516.0,511.1,512.7,520.5,537.2,546.8,549.8,550.0,545.5,531.5,529.6,529.1,525.9,522.0,531.4,533.8,533.9,0.00,0.00,1.70,0.00,0.90,0.06,0.42,1.21,1.80,1.34,0.38,0.00,0.40,0.00,0.88,0.00,0.41,0.00,0.00,0.00,0.00,0.00,0.00,1.00,1.00,1.00,1.00,1.00,0.00,1.00,0.00,0.00,0.00,0.00,1.00
39,0,1.267,0.98,1,-0.250071,0.121272,-0.960603,-0.320532,0.082423,-0.943645,-0.291,0.107,639.7,642.1,649.6,657.6,661.6,659.9,651.7,643.7,632.9,635.8,641.5,649.7,659.0,666.5,671.9,666.5,658.6,650.3,642.9,636.9,648.1,651.6,654.8,655.9,654.1,650.6,647.4,646.3,745.7,747.9,755.2,763.3,767.5,765.2,757.9,749.7,742.4,742.8,746.1,752.6,761.1,769.9,776.8,771.9,764.6,757.1,750.7,746.1,754.4,758.2,761.6,762.6,760.7,756.9,753.5,752.4,412.6,404.3,400.5,403.4,411.4,420.2,423.5,420.6,415.4,411.2,408.5,406.7,407.4,410.2,414.7,417.5,419.2,420.2,420.0,418.4,415.5,416.8,415.2,411.5,408.1,406.8,408.5,412.1,402.4,392.9,388.5,391.9,401.0,410.5,414.9,412.2,410.4,402.6,397.5,394.8,395.0,396.8,401.5,406.1,410.1,412.8,413.4,412.6,406.3,407.8,405.7,401.2,397.0,395.4,397.5,402.0,-0.2,1.1,5.0,9.2,11.3,10.4,6.1,1.9,-3.8,-2.2,0.8,5.1,9.9,13.8,16.7,13.8,9.7,5.4,1.5,-1.6,4.2,6.1,7.8,8.3,7.4,5.6,3.9,3.3,51.7,52.6,55.9,59.4,61.3,60.4,57.2,53.6,50.5,50.4,51.7,54.4,58.2,62.4,65.7,63.4,60.0,56.6,53.8,52.0,55.7,57.4,58.9,59.4,58.5,56.8,55.3,54.8,27.6,23.2,21.2,22.6,26.8,31.5,33.3,31.8,29.5,27.0,25.4,24.3,24.7,26.2,28.7,30.1,30.9,31.5,31.5,30.9,29.2,29.8,28.9,27.0,25.2,24.5,25.4,27.4,20.7,16.0,13.8,15.4,19.7,24.4,26.6,25.5,24.8,20.9,18.3,16.8,16.9,17.7,19.9,22.2,24.1,25.5,26.0,25.8,22.5,23.2,22.2,20.0,17.9,17.2,18.3,20.5,459.9,458.8,457.4,456.3,456.3,457.6,458.8,459.8,465.2,461.8,458.3,456.0,455.7,456.7,458.3,457.6,457.1,457.8,459.9,462.7,459.6,459.2,458.6,458.1,458.1,458.6,459.2,459.7,427.8,426.6,424.1,421.8,421.0,422.1,424.6,427.4,431.2,429.1,426.5,423.1,420.9,420.4,420.4,420.7,421.2,422.6,425.5,428.7,426.3,425.2,424.0,423.5,423.9,425.0,426.2,426.7,38.5,62.4,485.2,0.043,0.433,-0.143,606.0,606.9,610.7,617.9,629.4,643.6,659.3,681.2,716.1,759.7,806.1,843.9,864.2,868.8,863.5,859.2,856.8,606.1,617.7,635.5,655.4,674.9,714.9,734.0,755.7,777.0,793.0,697.1,696.1,694.6,693.0,677.5,691.1,703.5,716.8,729.6,632.3,642.4,657.5,671.2,657.8,643.2,738.3,746.1,762.4,777.8,765.3,750.5,662.3,672.9,688.4,702.5,719.1,746.7,777.5,749.3,721.1,702.8,688.4,674.5,669.6,690.6,704.6,721.6,767.3,719.5,701.8,687.9,418.4,450.8,483.1,514.2,542.2,567.0,585.5,601.8,604.3,595.8,575.1,551.2,522.5,490.7,459.4,428.5,397.1,383.0,368.8,363.9,367.7,377.4,373.3,358.9,353.3,355.0,367.6,407.4,425.8,444.0,463.1,487.3,490.2,492.4,488.2,483.9,415.5,406.6,406.3,415.6,419.9,419.7,409.5,398.7,396.4,403.5,409.1,411.5,532.0,520.1,514.8,516.8,511.9,513.2,520.3,537.5,547.2,550.3,550.5,545.9,531.6,530.3,529.8,526.5,522.0,531.9,534.3,534.4,0.00,0.00,1.67,0.00,1.00,0.07,0.45,1.19,1.83,1.26,0.42,0.00,0.47,0.00,0.80,0.00,0.45,0.00,0.00,0.00,0.00,0.00,0.00,1.00,1.00,1.00,1.00,1.00,0.00,1.00,0.00,0.00,0.00,0.00,1.00
40,0,1.300,0.98,1,-0.228974,0.125966,-0.965248,-0.308692,0.094133,-0.946492,-0.274,0.115,641.2,644.0,651.7,659.8,663.5,661.4,653.0,644.9,633.3,637.0,643.2,651.4,660.5,667.8,673.1,667.7,659.9,651.5,643.8,637.5,649.5,653.0,656.3,657.5,655.9,652.4,649.1,647.9,747.0,749.3,756.7,764.9,769.0,766.7,759.3,751.0,743.4,744.0,747.4,753.8,762.1,770.8,777.8,772.9,765.7,758.3,752.0,747.3,755.8,759.6,763.1,764.2,762.2,758.4,754.9,753.8,413.0,404.6,400.7,403.7,411.7,420.7,424.0,421.1,416.0,411.1,407.8,406.0,407.1,410.4,415.4,418.3,419.7,420.5,420.4,419.0,416.2,417.5,415.8,412.2,408.7,407.4,409.1,412.7,403.6,393.9,389.3,392.6,401.8,411.5,416.1,413.5,411.3,403.5,398.5,395.7,395.7,397.2,401.6,406.6,410.8,413.8,414.5,413.7,407.5,409.0,406.8,402.2,397.8,396.3,398.5,403.1,0.6,2.1,6.1,10.3,12.3,11.2,6.8,2.6,-3.6,-1.6,1.7,6.0,10.7,14.5,17.4,14.5,10.4,6.0,2.0,-1.3,5.0,6.8,8.5,9.2,8.3,6.5,4.8,4.1,52.2,53.2,56.5,60.1,61.9,61.0,57.8,54.1,50.8,50.9,52.2,54.9,58.6,62.7,66.0,63.7,60.3,57.0,54.3,52.4,56.3,58.0,59.5,60.0,59.1,57.4,55.8,55.4,27.8,23.4,21.3,22.8,27.0,31.7,33.5,32.0,29.7,26.9,25.0,24.0,24.5,26.3,29.0,30.5,31.1,31.6,31.6,31.1,29.5,30.1,29.2,27.3,25.5,24.9,25.7,27.7,21.3,16.5,14.2,15.7,20.1,24.8,27.2,26.1,25.2,21.3,18.7,17.2,17.1,17.8,19.9,22.3,24.4,25.9,26.4,26.2,23.1,23.8,22.6,20.4,18.3,17.6,18.7,21.0,459.1,458.7,457.8,456.9,456.4,456.9,457.6,458.6,464.1,461.1,458.0,456.1,456.0,456.9,458.3,457.2,456.4,456.8,458.6,461.4,458.9,458.5,458.1,458.0,458.2,458.6,459.0,459.1,426.9,425.9,423.5,421.0,420.0,421.0,423.5,426.3,429.9,428.0,425.5,422.1,419.9,419.4,419.2,419.5,419.9,421.2,424.1,427.4,425.4,424.2,423.0,422.5,423.0,424.2,425.4,425.9,39.0,62.8,485.7,0.044,0.434,-0.141,607.2,607.9,611.3,618.3,629.6,643.8,659.8,682.0,716.7,760.2,806.4,844.1,864.5,869.2,864.0,859.9,857.7,607.1,618.6,636.4,656.3,675.9,715.8,735.1,757.0,778.5,794.8,697.9,696.8,695.2,693.5,678.1,691.7,704.2,717.4,730.2,633.4,643.5,658.7,672.5,659.0,644.3,739.2,747.1,763.6,779.2,766.6,751.5,663.1,673.8,689.2,703.2,719.4,747.0,778.0,749.7,721.5,703.6,689.4,675.5,670.5,691.5,705.2,721.9,767.8,719.9,702.5,688.9,419.0,451.3,483.4,514.4,542.3,567.1,585.6,602.1,604.6,596.0,575.3,551.5,522.7,490.8,459.5,428.7,397.3,383.1,369.0,364.4,368.3,378.1,374.2,359.8,354.1,355.8,368.4,408.1,426.2,444.3,463.3,487.8,490.6,492.9,488.7,484.4,415.7,406.6,406.3,416.1,420.4,420.1,410.3,399.1,396.8,404.2,410.0,412.4,532.4,520.7,515.5,517.5,512.7,514.0,521.0,538.3,547.9,550.8,551.0,546.4,532.0,530.9,530.4,527.3,522.7,532.5,534.8,534.9,0.00,0.00,1.58,0.00,1.05,0.07,0.43,1.12,1.83,1.24,0.38,0.00,0.58,0.00,0.73,0.00,0.50,0.00,0.00,0.00,0.00,0.00,0.00,1.00,1.00,1.00,1.00,1.00,0.00,1.00,0.00,0.00,0.00,0.00,1.00
41,0,1.333,0.88,1,-0.197731,0.125226,-0.972225,-0.289695,0.114502,-0.950245,-0.248,0.124,642.8,645.7,653.5,661.6,665.3,663.1,654.6,646.5,634.6,638.1,644.1,652.3,661.2,668.5,673.8,668.5,660.8,652.6,645.1,638.9,651.0,654.6,658.0,659.3,657.7,654.1,650.7,649.4,748.6,751.0,758.3,766.3,770.3,767.9,760.5,752.3,744.3,744.8,748.1,754.7,763.2,771.7,778.5,773.6,766.6,759.4,752.9,748.1,757.0,760.8,764.3,765.5,763.6,759.7,756.2,755.1,413.2,404.8,401.1,404.2,412.2,421.1,424.3,421.3,416.6,411.7,408.4,406.4,407.1,410.3,415.3,418.5,420.2,421.3,421.1,419.7,416.5,417.8,416.2,412.5,408.9,407.6,409.2,412.9,404.6,395.3,390.9,394.0,402.7,412.0,416.4,414.0,411.5,403.4,398.2,395.1,395.5,397.6,403.0,407.7,411.6,414.3,414.9,414.0,408.3,409.8,407.7,403.2,399.0,397.5,399.7,404.1,1.5,3.0,7.1,11.3,13.3,12.1,7.7,3.4,-2.9,-1.0,2.2,6.4,11.1,15.0,17.8,15.0,10.9,6.6,2.7,-0.6,5.8,7.7,9.5,10.2,9.3,7.4,5.6,5.0,54.8,55.9,59.4,63.1,64.9,63.8,60.4,56.7,53.0,53.1,54.5,57.4,61.3,65.5,68.9,66.5,63.0,59.6,56.7,54.7,58.9,60.7,62.3,62.8,61.9,60.2,58.5,58.0,28.1,23.7,21.6,23.2,27.4,32.1,33.9,32.3,30.2,27.4,25.5,24.3,24.7,26.4,29.2,30.8,31.6,32.2,32.3,31.7,29.8,30.5,29.6,27.7,25.8,25.1,26.0,27.9,22.5,17.8,15.5,17.0,21.3,25.9,28.3,27.2,26.2,22.0,19.2,17.6,17.7,18.7,21.4,23.7,25.7,27.1,27.6,27.3,24.3,25.0,23.9,21.6,19.5,18.9,20.0,22.3,461.9,461.4,460.6,459.8,459.6,460.2,460.8,461.6,466.9,463.9,460.9,459.0,459.0,459.9,461.3,460.4,459.5,459.9,461.7,464.4,461.9,461.6,461.2,461.0,461.1,461.5,461.9,462.0,441.8,441.1,438.9,436.7,435.7,436.5,438.6,441.2,445.1,443.3,440.9,437.7,435.6,435.2,435.2,435.3,435.5,436.6,439.2,442.5,440.5,439.4,438.4,438.1,438.6,439.6,440.7,441.0,39.5,63.0,486.4,0.044,0.431,-0.137,608.0,608.7,612.1,618.8,629.9,644.1,660.1,682.1,716.9,760.6,806.9,844.9,865.3,869.9,864.8,860.6,858.2,608.5,620.1,638.2,658.5,678.4,716.7,736.3,758.7,780.8,797.0,699.4,698.1,696.5,694.7,679.2,692.7,705.0,718.2,730.9,634.5,644.6,659.8,673.5,660.0,645.3,740.3,748.1,764.6,780.0,767.5,752.5,663.9,675.0,690.4,704.0,719.9,747.0,777.9,749.4,721.5,704.1,690.3,676.4,671.3,692.6,705.9,722.2,767.7,720.0,703.1,689.8,417.5,450.0,482.6,513.8,542.2,567.1,585.5,602.1,604.8,596.2,575.3,551.1,522.3,490.5,459.6,429.1,397.9,383.6,369.4,364.6,368.7,378.9,375.0,360.3,354.6,356.5,369.6,408.6,426.8,444.8,463.7,488.2,491.2,493.5,489.4,485.2,415.9,406.8,406.6,416.5,420.8,420.4,410.7,399.4,397.1,404.7,410.5,412.8,532.7,521.3,516.2,518.3,513.6,515.0,521.8,539.0,548.4,551.2,551.3,546.6,532.2,531.6,531.1,528.1,523.4,533.1,535.2,535.3,0.00,0.00,1.56,0.00,1.05,0.07,0.34,1.05,1.79,1.13,0.33,0.00,0.58,0.00,0.61,0.00,0.44,0.00,0.00,0.00,0.00,0.00,0.00,1.00,1.00,1.00,1.00,1.00,0.00,1.00,0.00,0.00,0.00,0.00,1.00
42,0,1.367,0.88,1,-0.195569,0.130924,-0.971911,-0.314567,0.134623,-0.939640,-0.261,0.138,643.4,646.2,653.9,661.9,665.6,663.5,655.1,647.1,635.0,638.6,644.7,652.9,661.8,668.9,674.1,668.9,661.3,653.1,645.5,639.3,651.5,655.1,658.5,659.7,658.1,654.5,651.1,649.9,748.9,751.2,758.6,766.6,770.6,768.2,760.9,752.7,744.1,745.0,748.3,755.1,764.3,773.7,782.2,775.5,767.6,760.0,753.3,748.2,757.3,761.2,764.8,765.9,764.0,760.0,756.5,755.3,413.2,404.9,401.2,404.2,412.2,420.9,424.1,421.1,415.9,411.2,408.2,406.6,407.6,410.9,416.0,418.9,420.4,421.3,420.9,419.2,416.4,417.7,416.0,412.4,408.9,407.5,409.2,412.8,404.8,395.3,390.8,394.1,403.1,412.6,417.1,414.5,411.2,403.8,398.7,395.5,395.5,397.3,401.7,407.3,411.4,414.3,414.9,414.1,408.8,410.4,408.2,403.5,399.1,397.6,399.8,404.4,1.8,3.3,7.3,11.6,13.5,12.4,8.0,3.7,-2.7,-0.7,2.5,6.8,11.5,15.3,18.1,15.3,11.2,6.9,2.9,-0.4,6.1,8.0,9.8,10.4,9.6,7.7,5.9,5.2,52.4,53.5,56.7,60.2,62.0,61.0,57.8,54.2,50.5,50.7,51.9,54.8,58.9,63.3,67.5,64.2,60.5,57.0,54.2,52.1,56.3,58.0,59.6,60.1,59.2,57.5,55.9,55.4,28.2,23.8,21.8,23.3,27.5,32.2,33.9,32.4,29.9,27.3,25.5,24.5,25.1,26.9,29.6,31.1,31.9,32.3,32.3,31.5,29.9,30.5,29.7,27.7,25.8,25.2,26.1,28.0,21.6,17.0,14.7,16.2,20.5,25.0,27.3,26.2,24.9,21.1,18.6,16.9,16.8,17.7,19.8,22.4,24.4,25.8,26.3,26.1,23.4,24.1,23.0,20.8,18.7,18.0,19.1,21.4,463.5,463.0,462.2,461.5,461.3,462.1,462.7,463.4,468.8,465.7,462.5,460.7,460.7,461.7,463.3,462.3,461.5,461.9,463.6,466.2,463.7,463.4,463.0,462.8,462.8,463.1,463.5,463.7,421.5,420.6,418.4,416.2,415.3,416.1,418.3,420.9,424.5,422.2,419.5,416.5,414.8,414.5,415.0,414.5,414.6,415.9,418.4,421.6,420.1,419.1,418.0,417.6,418.1,419.2,420.2,420.6,39.8,62.9,484.6,0.050,0.415,-0.135,608.2,609.0,612.3,618.9,629.9,643.9,660.1,682.3,717.2,761.0,807.2,845.2,865.7,870.2,865.4,861.2,858.5,608.7,620.3,638.3,658.4,678.2,717.5,737.4,760.2,782.5,798.8,700.2,698.7,696.9,694.9,679.9,693.2,705.4,718.6,731.1,634.9,644.9,660.2,674.2,660.6,645.7,740.9,749.1,765.8,781.5,768.6,753.4,664.6,676.0,691.5,704.9,720.4,747.2,777.7,749.8,722.7,705.7,692.0,677.6,671.9,693.9,707.0,723.0,767.6,721.0,704.5,691.4,417.6,449.8,482.1,513.2,541.4,566.4,585.0,601.9,605.1,596.5,575.2,550.7,522.0,490.4,459.8,429.6,398.7,383.1,369.2,364.5,368.7,379.0,374.9,360.4,354.7,356.9,370.1,408.7,426.9,444.9,463.9,488.5,491.4,493.6,489.8,485.7,415.7,406.7,406.6,416.5,420.8,420.4,410.7,399.3,397.1,404.6,410.5,412.9,533.0,522.0,516.9,519.1,514.3,515.7,522.1,539.7,549.3,552.1,552.3,547.3,532.5,532.2,531.8,528.9,523.8,533.8,535.9,536.0,0.00,0.00,1.61,0.00,0.99,0.06,0.27,0.98,1.76,1.06,0.28,0.00,0.59,0.00,0.55,0.00,0.28,0.00,0.00,0.00,0.00,0.00,0.00,1.00,1.00,1.00,1.00,1.00,0.00,1.00,0.00,0.00,0.00,0.00,1.00
43,0,1.400,0.88,1,-0.204400,0.125560,-0.970801,-0.349136,0.121471,-0.929166,-0.283,0.129,643.7,646.5,654.2,662.2,665.9,663.8,655.5,647.4,635.4,639.1,645.3,653.4,662.3,669.5,674.7,669.4,661.9,653.8,646.2,639.8,651.9,655.4,658.8,660.0,658.4,654.8,651.4,650.2,749.3,751.5,758.9,767.1,771.3,769.1,761.7,753.3,744.4,745.7,749.2,756.4,766.3,776.4,785.4,778.1,769.5,761.3,754.0,748.5,758.0,761.8,765.2,766.2,764.3,760.5,757.1,756.1,413.0,404.8,401.1,404.0,412.0,420.7,424.0,421.0,415.6,411.0,408.0,406.3,407.4,410.7,415.8,418.8,420.3,421.2,420.8,419.0,416.2,417.5,415.9,412.2,408.7,407.4,409.0,412.7,404.8,395.1,390.5,393.6,402.6,412.2,416.9,414.5,411.8,404.6,399.2,395.4,395.0,396.7,400.7,406.6,410.9,413.8,414.8,414.5,408.4,409.8,407.6,403.1,399.0,397.6,399.8,404.2,2.0,3.4,7.5,11.7,13.7,12.6,8.2,3.9,-2.5,-0.5,2.8,7.1,11.8,15.6,18.4,15.6,11.6,7.3,3.3,-0.1,6.3,8.2,9.9,10.6,9.7,7.8,6.1,5.4,50.9,51.8,55.0,58.5,60.3,59.4,56.3,52.7,49.0,49.3,50.7,53.6,58.0,62.6,66.8,63.3,59.4,55.8,52.8,50.6,54.8,56.4,57.9,58.3,57.5,55.8,54.4,54.0,28.1,23.7,21.7,23.2,27.4,32.1,33.9,32.3,29.8,27.1,25.4,24.4,25.0,26.8,29.6,31.1,31.8,32.3,32.2,31.4,29.8,30.5,29.6,27.6,25.8,25.1,26.0,27.9,20.9,16.3,14.1,15.5,19.5,24.0,26.3,25.4,24.4,20.8,18.2,16.3,16.1,16.8,18.7,21.4,23.3,24.7,25.4,25.4,22.5,23.1,22.0,19.9,18.0,17.4,18.5,20.6,463.9,463.4,462.5,461.8,461.8,462.6,463.2,463.9,469.0,465.9,462.8,461.0,461.0,462.1,463.8,462.8,462.0,462.2,463.9,466.5,464.1,463.8,463.4,463.2,463.2,463.5,463.9,464.2,407.6,406.9,404.8,402.8,401.8,402.6,404.6,407.1,411.0,408.7,405.9,403.0,401.5,401.5,402.2,401.2,401.1,402.4,404.9,408.1,406.4,405.4,404.5,404.1,404.6,405.5,406.5,406.8,39.9,62.6,483.3,0.040,0.410,-0.129,608.6,609.3,612.5,619.0,630.1,644.0,660.1,682.3,717.2,761.2,807.6,845.7,866.0,870.2,865.4,861.4,859.0,608.9,620.9,639.0,659.0,678.6,718.5,738.4,761.2,783.6,800.0,701.1,699.5,697.6,695.5,680.0,693.5,705.8,719.0,731.7,635.2,645.4,660.9,675.0,661.3,646.1,741.7,750.5,767.5,783.5,770.4,754.8,664.4,675.7,691.1,704.6,720.2,747.2,777.8,749.5,722.2,705.1,691.4,677.1,671.6,693.6,706.7,722.8,767.5,720.7,704.1,691.0,417.5,449.9,482.2,513.4,541.5,566.5,585.1,601.8,604.7,596.3,575.3,550.9,522.2,490.6,460.2,430.0,399.3,383.1,369.0,364.4,368.6,378.9,374.8,360.3,354.7,356.8,370.3,408.4,426.7,444.8,463.8,488.2,491.1,493.2,489.5,485.5,415.5,406.3,406.3,416.5,420.7,420.3,410.8,399.0,396.8,404.4,410.4,412.8,532.9,521.3,515.8,518.0,513.2,515.1,522.2,539.6,549.1,551.9,552.1,547.2,532.4,531.4,530.9,528.1,523.8,533.2,535.3,535.4,0.00,0.00,1.62,0.00,0.98,0.01,0.25,0.96,1.75,0.98,0.29,0.00,0.58,0.00,0.46,0.00,0.17,0.00,0.00,0.00,0.00,0.00,0.00,1.00,1.00,1.00,1.00,1.00,0.00,1.00,0.00,0.00,0.00,0.00,1.00
44,0,1.433,0.88,1,-0.210094,0.128441,-0.969208,-0.378803,0.139601,-0.914888,-0.303,0.141,643.9,646.7,654.3,662.2,665.9,663.8,655.5,647.5,635.9,639.5,645.5,653.7,662.5,669.6,674.7,669.5,661.9,653.7,646.3,640.1,651.9,655.5,658.8,660.1,658.5,654.9,651.6,650.3,748.7,751.0,758.5,766.8,771.0,768.8,761.3,752.8,744.2,746.0,750.0,757.4,767.2,777.5,786.1,778.6,769.6,760.9,753.6,748.1,757.6,761.4,764.9,766.0,764.0,760.1,756.7,755.6,413.0,404.8,401.2,404.2,412.1,420.8,423.9,420.9,415.6,411.1,408.3,406.7,407.6,410.7,415.5,418.5,420.0,420.9,420.5,418.8,416.2,417.5,415.9,412.3,408.8,407.5,409.1,412.7,405.9,396.1,391.2,394.1,403.1,412.9,417.8,415.7,413.3,405.6,399.7,395.8,395.4,397.4,401.7,406.9,410.8,413.6,414.8,415.2,409.4,410.7,408.4,403.9,399.7,398.4,400.7,405.2,2.1,3.6,7.6,11.9,13.8,12.7,8.3,4.0,-2.2,-0.3,3.0,7.3,12.0,15.8,18.6,15.7,11.7,7.3,3.4,0.1,6.4,8.3,10.1,10.7,9.9,8.0,6.2,5.5,50.2,51.1,54.3,57.8,59.6,58.6,55.5,51.9,48.5,49.0,50.6,53.6,57.9,62.5,66.6,62.9,58.8,55.0,52.0,49.9,54.1,55.7,57.2,57.6,56.8,55.1,53.7,53.2,28.4,24.0,22.0,23.6,27.8,32.5,34.2,32.7,30.1,27.5,25.8,24.9,25.4,27.1,29.7,31.3,32.0,32.5,32.4,31.7,30.1,30.8,29.9,28.0,26.1,25.4,26.3,28.3,21.2,16.6,14.3,15.6,19.6,24.1,26.4,25.6,24.8,21.1,18.3,16.3,16.1,17.0,19.0,21.3,23.1,24.4,25.1,25.5,22.7,23.3,22.2,20.1,18.2,17.6,18.7,20.8,469.0,468.4,467.5,466.7,466.6,467.4,468.1,468.9,474.1,471.0,467.8,466.0,465.9,467.0,468.5,467.6,466.8,467.2,468.9,471.6,469.1,468.8,468.3,468.1,468.1,468.5,468.9,469.2,403.7,403.1,401.1,398.9,397.8,398.4,400.4,402.9,407.0,404.7,402.1,399.4,397.9,397.9,398.5,397.4,397.2,398.5,401.0,404.2,402.3,401.3,400.4,400.1,400.6,401.6,402.6,402.8,39.9,62.5,482.8,0.037,0.410,-0.125,608.8,609.3,612.4,618.9,630.1,644.2,660.2,682.2,717.2,761.2,807.8,845.8,866.1,870.2,865.3,861.4,859.1,609.1,621.0,639.0,658.9,678.5,719.0,739.2,762.2,784.6,800.9,701.3,699.6,697.6,695.4,679.8,693.4,705.7,719.0,731.9,635.3,645.6,661.1,675.2,661.4,646.2,741.9,751.0,767.9,783.9,770.6,755.0,664.1,675.4,690.8,704.5,720.2,747.4,778.2,749.4,721.8,704.5,690.6,676.6,671.2,693.2,706.5,722.8,767.8,720.4,703.6,690.3,416.8,449.4,481.9,513.2,541.5,566.5,585.0,601.5,604.4,596.1,575.3,551.0,522.4,490.9,460.4,430.1,399.3,382.8,368.7,363.9,368.2,378.6,374.5,360.1,354.6,357.0,370.7,408.4,426.6,444.6,463.5,488.0,490.9,493.1,489.4,485.4,415.5,406.5,406.4,416.4,420.6,420.3,411.0,399.6,397.4,404.9,410.9,413.2,532.7,521.3,515.9,518.2,513.4,515.3,522.3,539.2,548.5,551.2,551.3,546.5,532.2,531.5,531.1,528.3,523.9,532.7,534.7,534.7,0.00,0.00,1.58,0.00,0.97,0.01,0.26,0.96,1.74,0.96,0.34,0.00,0.60,0.00,0.47,0.00,0.11,0.00,0.00,0.00,0.00,0.00,0.00,1.00,1.00,1.00,1.00,1.00,0.00,1.00,0.00,0.00,0.00,0.00,1.00
45,0,1.467,0.88,1,-0.206857,0.127187,-0.970069,-0.378235,0.142482,-0.914679,-0.301,0.142,643.6,646.5,654.2,662.3,665.9,663.8,655.4,647.3,635.4,639.2,645.4,653.6,662.5,669.5,674.6,669.4,661.9,653.7,646.1,639.8,651.8,655.3,658.7,660.0,658.4,654.8,651.4,650.1,748.7,751.0,758.5,766.8,771.1,768.9,761.4,752.8,744.1,745.9,750.0,757.4,767.3,777.7,786.4,778.8,769.7,760.9,753.5,748.0,757.6,761.5,765.0,766.0,764.0,760.1,756.7,755.6,413.0,404.8,401.1,404.1,412.1,420.8,424.0,421.0,415.6,411.1,408.2,406.6,407.5,410.7,415.6,418.6,420.1,421.0,420.6,418.9,416.2,417.6,415.9,412.3,408.8,407.4,409.1,412.7,406.0,396.2,391.3,394.2,403.2,413.0,418.0,415.8,413.3,405.6,399.7,395.7,395.4,397.4,401.7,406.9,410.7,413.5,414.8,415.1,409.5,410.8,408.6,404.0,399.8,398.5,400.8,405.4,1.9,3.5,7.6,11.8,13.8,12.6,8.2,3.9,-2.5,-0.4,2.9,7.2,11.9,15.7,18.5,15.7,11.6,7.3,3.3,-0.1,6.3,8.2,10.0,10.6,9.8,7.9,6.1,5.4,49.9,50.9,54.0,57.5,59.3,58.4,55.3,51.7,48.2,48.7,50.3,53.3,57.6,62.3,66.4,62.7,58.6,54.8,51.8,49.6,53.8,55.4,56.9,57.3,56.5,54.9,53.4,53.0,28.3,23.9,21.9,23.4,27.7,32.4,34.1,32.5,30.0,27.4,25.7,24.7,25.2,27.0,29.7,31.2,31.9,32.4,32.3,31.6,30.0,30.7,29.8,27.9,26.0,25.3,26.2,28.1,21.1,16.6,14.3,15.5,19.5,24.0,26.4,25.6,24.7,21.0,18.1,16.2,16.0,16.9,18.9,21.2,22.9,24.2,25.0,25.3,22.7,23.2,22.1,20.0,18.1,17.6,18.7,20.8,466.9,466.4,465.6,464.9,464.8,465.6,466.2,466.8,471.8,468.8,465.7,464.0,464.1,465.2,466.9,465.9,464.9,465.1,466.8,469.3,467.1,466.8,466.5,466.2,466.3,466.6,466.9,467.2,401.6,401.0,399.1,396.9,395.8,396.4,398.4,400.9,405.0,402.7,400.1,397.3,395.9,395.9,396.5,395.4,395.2,396.5,399.0,402.2,400.3,399.3,398.4,398.1,398.6,399.6,400.5,400.8,39.7,62.4,482.0,0.036,0.410,-0.125,608.7,609.3,612.4,618.8,630.1,644.3,660.3,682.5,717.5,761.4,807.8,845.8,866.1,870.2,865.4,861.5,859.2,608.8,620.6,638.7,658.9,678.8,718.1,738.6,762.1,785.2,801.9,701.0,699.3,697.3,695.1,679.3,693.0,705.5,718.9,731.9,635.1,645.4,661.0,675.2,661.3,646.0,741.7,751.0,768.1,784.1,770.8,755.0,663.7,674.8,690.2,704.0,719.9,747.3,778.3,749.5,721.7,704.3,690.2,676.2,670.9,692.7,706.1,722.5,767.8,720.3,703.3,689.9,417.0,449.5,481.9,513.2,541.3,566.4,585.0,601.7,604.5,596.0,575.1,550.9,522.2,490.8,460.3,429.9,399.2,383.1,368.7,363.9,368.3,379.0,375.0,360.2,354.6,357.2,371.4,408.6,426.7,444.6,463.4,488.0,490.8,493.0,489.3,485.4,415.5,406.4,406.3,416.5,420.7,420.3,411.1,399.5,397.4,404.9,410.9,413.2,532.7,521.2,515.7,518.0,513.1,515.1,522.4,539.3,548.7,551.4,551.4,546.5,532.2,531.4,531.0,528.2,523.9,532.7,534.7,534.7,0.00,0.00,1.57,0.00,0.99,0.04,0.34,0.98,1.75,0.96,0.34,0.00,0.59,0.00,0.52,0.00,0.23,0.00,0.00,0.00,0.00,0.00,0.00,1.00,1.00,1.00,1.00,1.00,0.00,1.00,0.00,0.00,0.00,0.00,1.00
46,0,1.500,0.88,1,-0.203783,0.125361,-0.970957,-0.412647,0.150094,-0.898440,-0.319,0.146,643.2,646.0,653.6,661.6,665.3,663.2,654.9,646.9,635.2,638.7,644.7,652.8,661.7,668.8,674.1,668.8,661.2,653.1,645.6,639.4,651.3,654.9,658.3,659.5,657.9,654.3,650.9,649.7,748.6,751.0,758.4,766.5,770.6,768.2,760.7,752.4,745.0,746.8,751.0,758.2,767.6,777.8,786.3,778.9,769.9,761.2,754.1,748.8,757.3,761.1,764.7,765.8,763.9,760.0,756.5,755.3,412.9,404.7,401.0,404.0,411.9,420.6,423.8,420.8,415.6,411.2,408.3,406.6,407.5,410.6,415.4,418.4,420.0,420.9,420.5,418.9,416.1,417.4,415.8,412.1,408.6,407.2,408.9,412.6,405.9,396.0,391.0,393.8,402.9,412.8,417.8,415.7,412.8,405.0,399.1,395.4,395.2,397.3,401.7,406.7,410.5,413.1,414.3,414.6,409.5,410.8,408.5,403.7,399.5,398.1,400.5,405.2,1.7,3.2,7.2,11.5,13.4,12.3,8.0,3.7,-2.6,-0.7,2.5,6.8,11.5,15.3,18.2,15.3,11.3,7.0,3.0,-0.3,6.0,7.9,9.7,10.4,9.5,7.6,5.8,5.2,50.0,51.0,54.1,57.5,59.1,58.1,55.0,51.6,48.7,49.2,50.8,53.8,57.8,62.4,66.3,62.9,58.8,55.0,52.1,50.1,53.8,55.4,56.8,57.3,56.5,54.9,53.5,53.0,28.2,23.8,21.8,23.4,27.6,32.2,34.0,32.5,30.0,27.4,25.7,24.7,25.2,26.9,29.6,31.1,31.9,32.4,32.3,31.6,30.0,30.6,29.7,27.8,25.9,25.2,26.1,28.1,21.1,16.5,14.2,15.4,19.4,23.9,26.4,25.6,24.5,20.8,17.9,16.1,15.9,16.9,18.9,21.1,22.8,24.1,24.8,25.2,22.7,23.2,22.1,19.9,18.0,17.5,18.6,20.8,467.2,466.6,465.6,464.9,464.8,465.6,466.3,467.0,472.4,469.2,466.1,464.1,464.1,465.1,466.7,465.8,465.0,465.4,467.1,469.8,467.3,466.9,466.5,466.2,466.3,466.6,467.0,467.3,402.8,402.3,400.1,397.6,396.3,396.9,399.0,401.8,405.7,403.4,400.8,398.0,396.5,396.4,396.8,395.9,395.8,397.1,399.7,402.9,401.2,400.0,399.0,398.7,399.4,400.5,401.5,401.8,39.7,62.4,482.2,0.036,0.415,-0.125,608.2,608.9,612.1,618.5,629.9,643.9,659.9,682.1,717.2,761.5,807.9,846.1,866.5,870.4,865.2,861.2,859.0,608.5,620.2,638.3,658.5,678.3,719.2,740.2,763.6,786.3,802.6,700.8,699.2,697.2,695.1,679.0,692.8,705.4,718.8,731.8,634.5,644.9,660.4,674.5,660.7,645.6,742.3,751.4,768.5,784.4,771.1,755.5,663.6,674.6,690.1,703.9,719.7,747.4,778.5,749.7,721.7,704.2,690.2,676.1,670.9,692.6,706.1,722.4,767.9,720.1,703.1,689.7,416.9,449.3,481.7,512.8,541.0,566.2,585.0,601.9,604.9,596.2,575.0,550.6,521.9,490.5,460.1,429.9,399.3,383.3,369.0,364.1,368.2,378.5,374.4,359.9,354.5,357.4,371.6,408.5,426.7,444.7,463.6,487.9,490.8,493.1,489.2,485.2,415.5,406.5,406.3,416.2,420.5,420.2,410.6,399.3,397.2,404.7,410.5,412.8,532.8,521.1,515.6,517.9,513.0,514.8,522.2,539.2,548.7,551.5,551.6,546.7,532.3,531.6,531.1,528.2,523.7,532.5,534.6,534.7,0.00,0.00,1.56,0.00,1.05,0.09,0.40,0.99,1.79,0.89,0.32,0.00,0.56,0.00,0.60,0.00,0.39,0.00,0.00,0.00,0.00,0.00,0.00,1.00,1.00,1.00,1.00,1.00,0.00,1.00,0.00,0.00,0.00,0.00,1.00
47,0,1.533,0.88,1,-0.248908,0.122220,-0.960785,-0.308676,0.153072,-0.938769,-0.286,0.144,641.5,644.1,651.6,659.6,663.4,661.5,653.3,645.3,634.3,637.8,643.8,652.0,660.9,668.0,673.1,667.8,660.3,652.2,644.7,638.5,649.7,653.2,656.5,657.6,655.9,652.4,649.1,648.0,748.1,750.5,757.9,765.9,769.8,767.4,760.0,751.8,742.5,743.8,747.4,754.3,763.6,773.2,781.7,774.7,766.6,758.8,751.9,746.6,756.5,760.2,763.6,764.7,762.9,759.2,755.8,754.7,413.6,405.4,401.7,404.6,412.4,421.1,424.4,421.5,416.2,412.0,409.5,407.9,408.8,411.8,416.4,419.2,420.8,421.6,421.2,419.4,416.6,417.9,416.2,412.6,409.2,407.9,409.6,413.2,406.3,397.0,392.4,395.1,403.6,412.9,417.5,415.6,413.4,405.6,399.9,395.9,395.7,397.7,402.3,407.4,411.2,413.9,415.2,415.4,409.7,410.9,408.8,404.5,400.6,399.4,401.5,405.8,0.8,2.2,6.2,10.5,12.5,11.5,7.1,2.8,-3.1,-1.2,2.1,6.4,11.2,15.0,17.8,14.9,10.9,6.5,2.5,-0.8,5.2,7.1,8.8,9.4,8.5,6.7,4.9,4.3,53.2,54.4,57.8,61.4,63.2,62.0,58.6,54.9,50.9,51.3,52.7,55.8,60.1,64.8,69.0,65.4,61.4,57.8,54.7,52.5,57.2,58.9,60.4,61.0,60.2,58.5,56.9,56.4,28.8,24.3,22.3,23.8,28.0,32.7,34.5,33.0,30.5,28.0,26.5,25.5,26.0,27.7,30.3,31.7,32.5,33.0,32.8,32.1,30.4,31.1,30.2,28.2,26.4,25.7,26.6,28.6,22.8,18.2,15.9,17.1,21.2,25.7,28.1,27.3,26.5,22.5,19.6,17.5,17.3,18.3,20.6,23.0,24.8,26.2,27.0,27.3,24.4,25.0,23.9,21.8,19.9,19.3,20.4,22.5,469.9,469.2,468.0,467.1,467.1,468.1,469.0,469.9,474.8,471.6,468.4,466.5,466.5,467.6,469.3,468.4,467.7,468.0,469.8,472.4,469.9,469.5,469.0,468.7,468.7,469.1,469.6,469.9,431.0,430.7,429.1,427.0,425.7,425.9,427.6,430.0,434.1,432.1,429.6,426.9,425.5,425.5,426.1,424.9,424.6,425.7,428.0,431.2,429.7,428.7,428.0,427.9,428.5,429.4,430.2,430.3,39.3,62.6,483.0,0.046,0.414,-0.133,606.9,607.6,610.9,617.6,629.2,643.8,660.0,682.4,717.6,761.6,807.9,845.8,866.1,870.1,864.8,860.5,858.1,607.4,619.2,637.0,657.0,676.5,717.0,738.6,762.7,785.9,802.2,699.3,698.0,696.3,694.5,678.7,692.4,704.7,718.1,731.0,633.9,644.1,659.4,673.5,659.7,644.8,739.7,748.2,765.0,780.9,767.7,752.3,663.6,674.3,689.7,703.5,719.2,747.1,778.4,749.7,721.8,704.4,690.4,676.3,670.9,692.4,705.8,722.2,768.0,720.0,703.1,689.7,416.0,448.6,481.6,513.1,541.3,566.3,584.9,601.9,604.9,596.1,574.8,550.3,521.8,490.4,459.9,429.7,398.9,383.1,369.3,364.4,368.4,378.5,374.2,359.7,354.3,357.8,372.2,409.4,427.3,445.0,463.6,488.2,490.9,493.1,489.2,485.1,416.3,407.5,407.4,417.0,421.2,420.9,411.3,400.2,398.0,405.2,410.9,413.3,532.7,521.0,515.6,517.8,512.9,514.4,521.4,539.0,548.8,551.6,551.7,546.7,532.2,531.4,530.9,527.9,523.0,532.8,534.9,535.0,0.00,0.00,1.54,0.00,1.11,0.09,0.42,1.09,1.85,0.88,0.29,0.00,0.58,0.00,0.67,0.00,0.52,0.00,0.00,0.00,0.00,0.00,1.00,1.00,1.00,1.00,1.00,1.00,0.00,1.00,0.00,0.00,0.00,0.00,1.00
48,0,1.567,0.88,1,-0.244228,0.132848,-0.960575,-0.256059,0.167215,-0.952089,-0.256,0.156,640.5,643.3,650.8,658.8,662.5,660.5,652.3,644.3,633.4,636.9,642.9,651.1,660.1,667.3,672.5,667.1,659.3,650.9,643.5,637.4,648.8,652.3,655.5,656.7,655.1,651.6,648.4,647.2,747.3,749.8,757.2,765.2,769.1,766.6,759.2,750.8,741.0,742.2,746.0,753.2,762.0,770.3,776.9,772.0,765.1,758.0,751.1,745.5,755.4,759.0,762.4,763.5,761.7,758.1,754.7,753.6,414.4,406.2,402.4,405.4,413.4,422.2,425.4,422.4,416.9,412.9,410.5,409.0,409.8,412.5,416.7,419.7,421.3,422.1,421.8,420.1,417.5,418.8,417.2,413.6,410.2,408.9,410.5,414.1,407.3,399.0,394.9,397.4,405.1,413.4,417.5,415.7,415.0,406.5,400.4,396.5,396.7,399.4,405.1,408.9,411.8,414.1,415.4,416.0,410.5,411.6,409.7,405.9,402.5,401.3,403.2,407.0,0.3,1.7,5.7,10.0,11.9,10.9,6.5,2.3,-3.6,-1.7,1.5,5.9,10.6,14.5,17.3,14.4,10.2,5.8,1.9,-1.4,4.7,6.5,8.3,8.9,8.0,6.2,4.5,3.8,59.1,60.5,64.5,68.7,70.7,69.3,65.3,60.9,55.9,56.5,58.3,62.0,66.7,71.4,75.1,72.2,68.3,64.5,60.9,58.1,63.5,65.4,67.2,67.8,66.9,65.0,63.2,62.6,29.0,24.6,22.5,24.1,28.3,33.0,34.8,33.3,30.7,28.3,26.8,25.9,26.4,27.9,30.2,31.7,32.5,33.0,32.9,32.2,30.7,31.3,30.4,28.5,26.7,26.0,26.9,28.8,26.0,21.5,19.2,20.5,24.7,29.2,31.5,30.6,30.5,25.7,22.2,20.0,20.1,21.6,24.8,26.7,28.3,29.5,30.4,30.8,27.8,28.3,27.3,25.2,23.3,22.7,23.8,25.9,466.6,465.9,464.7,463.7,463.5,464.4,465.4,466.4,471.6,468.4,465.2,463.2,463.0,464.0,465.5,464.6,463.9,464.4,466.3,469.0,466.5,466.0,465.5,465.2,465.3,465.7,466.3,466.6,481.7,481.9,481.3,480.1,479.1,478.8,479.4,480.9,484.6,483.3,481.6,479.5,478.7,479.4,480.1,478.9,477.9,478.0,479.7,482.3,481.3,480.7,480.5,480.6,481.1,481.6,481.9,481.8,39.0,62.8,483.6,0.050,0.414,-0.139,605.7,606.7,610.1,617.1,628.6,643.4,659.8,682.4,717.7,761.7,808.0,845.7,865.8,869.8,864.4,859.8,857.3,606.5,618.0,635.7,655.9,675.8,714.6,736.0,760.2,783.7,800.2,698.1,696.9,695.4,693.8,678.1,691.8,704.1,717.4,730.4,633.1,643.2,658.3,672.4,658.7,644.0,738.1,746.4,762.8,778.6,765.5,750.5,662.9,673.5,689.0,703.1,719.2,746.8,778.1,749.8,722.2,704.4,690.2,675.8,670.3,691.9,705.5,722.2,767.7,720.4,703.1,689.5,415.7,448.6,481.8,513.5,541.9,566.7,585.2,602.1,605.1,596.2,574.7,550.3,521.8,490.3,459.8,429.8,399.1,383.7,369.5,364.4,368.4,378.9,374.9,360.3,354.7,357.9,372.0,410.3,427.9,445.4,463.8,488.4,491.2,493.4,489.3,485.0,417.1,408.6,408.4,417.6,421.8,421.5,412.1,401.4,399.2,406.1,411.7,414.1,532.7,521.1,515.7,517.9,513.0,514.3,521.1,538.8,548.8,551.8,552.0,547.0,532.2,531.3,530.8,527.7,522.7,533.2,535.5,535.6,0.00,0.00,1.42,0.00,1.16,0.06,0.40,1.10,1.88,0.95,0.32,0.00,0.58,0.00,0.68,0.00,0.58,0.00,0.00,0.00,0.00,0.00,1.00,1.00,1.00,1.00,1.00,1.00,0.00,1.00,0.00,0.00,0.00,0.00,1.00
49,0,1.600,0.88,1,-0.241050,0.138358,-0.960600,-0.257758,0.163951,-0.952198,-0.255,0.157,640.1,642.7,650.2,658.1,661.8,659.9,651.7,643.8,633.0,636.4,642.3,650.3,659.2,666.3,671.6,666.3,658.6,650.4,643.1,637.0,648.3,651.7,654.9,656.0,654.4,651.0,647.8,646.7,746.7,749.3,756.8,764.6,768.3,765.7,758.2,750.2,741.4,742.4,745.8,752.4,761.2,769.9,776.8,771.1,763.4,755.9,749.4,744.8,755.1,758.6,761.9,763.0,761.4,758.0,754.7,753.5,414.6,406.4,402.7,405.7,413.6,422.3,425.5,422.5,416.8,413.0,410.7,409.2,409.9,412.4,416.5,419.6,421.2,422.2,421.8,420.0,417.6,418.9,417.3,413.8,410.4,409.1,410.7,414.2,407.6,398.5,393.9,396.6,404.9,414.1,418.7,416.7,415.2,406.6,400.5,396.7,396.9,399.5,405.3,409.2,412.3,414.7,416.0,416.4,410.8,412.0,410.0,405.9,402.3,401.1,403.1,407.1,0.0,1.5,5.5,9.7,11.7,10.7,6.3,2.1,-3.8,-1.9,1.2,5.5,10.3,14.1,17.0,14.1,10.0,5.6,1.7,-1.6,4.5,6.3,8.0,8.6,7.8,6.0,4.2,3.6,54.4,55.8,59.3,63.0,64.6,63.3,59.8,56.1,52.2,52.5,54.0,57.0,61.1,65.5,68.9,65.9,62.1,58.5,55.5,53.6,58.5,60.2,61.7,62.3,61.6,60.0,58.4,57.8,29.5,25.0,23.0,24.6,28.8,33.5,35.3,33.8,31.0,28.7,27.3,26.4,26.7,28.2,30.4,32.0,32.9,33.4,33.3,32.6,31.1,31.8,30.9,29.0,27.2,26.5,27.4,29.3,24.3,19.6,17.2,18.5,22.6,27.3,29.7,28.9,28.4,23.9,20.7,18.6,18.6,19.9,22.8,24.7,26.3,27.6,28.4,28.9,25.9,26.4,25.3,23.3,21.4,20.9,21.9,24.0,472.9,472.0,470.8,469.8,469.7,470.8,471.8,472.8,477.8,474.5,471.3,469.3,469.1,470.0,471.6,470.8,470.0,470.6,472.5,475.3,472.8,472.3,471.8,471.4,471.5,471.9,472.4,472.8,446.4,446.3,444.6,442.4,440.8,440.9,442.6,445.3,450.2,448.7,446.6,443.5,441.4,440.9,440.6,440.1,440.1,441.2,443.9,447.3,445.0,443.9,443.2,443.1,443.8,444.8,445.6,445.6,38.6,62.8,483.3,0.051,0.419,-0.143,605.3,606.5,610.2,617.2,628.8,643.4,659.5,681.8,717.2,761.4,808.2,846.1,865.9,869.7,863.9,859.4,857.0,605.7,617.1,634.8,655.0,674.9,713.9,734.8,758.5,781.5,797.8,697.5,696.3,694.8,693.1,677.7,691.4,703.7,717.0,729.9,632.4,642.5,657.6,671.7,658.0,643.3,737.6,745.6,762.0,777.8,764.7,749.8,662.3,672.8,688.5,702.8,719.3,747.0,778.3,750.0,722.2,704.0,689.5,675.1,669.7,691.3,705.2,722.3,767.9,720.5,702.8,688.9,415.8,449.1,482.6,514.5,542.9,567.5,585.6,602.2,605.0,596.0,574.5,550.2,521.5,489.9,459.3,429.3,398.6,383.7,369.4,364.3,368.2,378.7,374.8,360.4,354.9,357.7,371.4,410.2,427.8,445.2,463.5,488.5,491.2,493.4,489.3,485.0,417.2,408.8,408.6,417.7,421.8,421.5,412.2,401.7,399.5,406.4,411.9,414.2,532.8,521.1,515.9,518.0,513.0,514.2,520.8,538.6,548.9,552.1,552.3,547.3,532.3,531.3,530.8,527.7,522.5,533.4,535.8,536.0,0.00,0.00,1.42,0.00,1.16,0.09,0.38,1.12,1.89,1.13,0.39,0.00,0.58,0.00,0.69,0.00,0.61,0.00,0.00,0.00,0.00,0.00,1.00,1.00,1.00,1.00,1.00,1.00,0.00,1.00,0.00,0.00,0.00,0.00,1.00
50,0,1.633,0.88,1,-0.245509,0.138323,-0.959475,-0.257675,0.158697,-0.953110,-0.257,0.154,639.7,642.3,649.8,657.8,661.6,659.7,651.5,643.5,632.5,636.0,642.0,650.1,659.0,666.2,671.5,666.2,658.4,650.1,642.8,636.7,648.0,651.4,654.6,655.7,654.1,650.7,647.5,646.4,746.5,749.2,756.6,764.4,768.0,765.4,758.0,750.0,741.4,742.3,745.6,752.1,760.8,769.6,776.6,770.7,762.9,755.4,749.0,744.6,755.0,758.5,761.7,762.9,761.3,757.8,754.6,753.4,414.8,406.5,402.8,405.8,413.7,422.5,425.7,422.7,417.0,413.1,410.8,409.3,409.9,412.5,416.5,419.6,421.2,422.2,421.8,420.1,417.7,419.0,417.4,413.9,410.5,409.3,410.9,414.4,407.6,398.2,393.6,396.3,404.9,414.2,418.9,416.8,415.2,406.5,400.5,396.7,396.9,399.5,405.2,409.3,412.5,415.0,416.2,416.6,410.8,412.0,410.0,405.9,402.1,400.9,402.9,407.0,-0.2,1.2,5.3,9.5,11.6,10.6,6.2,1.9,-4.1,-2.1,1.0,5.4,10.1,14.0,16.9,14.0,9.9,5.4,1.5,-1.8,4.3,6.1,7.8,8.4,7.6,5.7,4.0,3.4,53.5,54.8,58.2,61.8,63.4,62.1,58.7,55.1,51.3,51.6,53.0,55.9,59.9,64.2,67.6,64.6,60.8,57.2,54.4,52.6,57.5,59.1,60.6,61.2,60.5,58.9,57.4,56.8,29.5,25.0,22.9,24.5,28.7,33.5,35.3,33.7,30.9,28.7,27.2,26.3,26.6,28.0,30.3,31.9,32.7,33.3,33.2,32.5,31.0,31.7,30.8,28.9,27.1,26.4,27.3,29.2,23.9,19.2,16.8,18.1,22.2,26.9,29.3,28.5,28.0,23.5,20.3,18.3,18.3,19.6,22.4,24.4,26.0,27.3,28.1,28.5,25.4,26.0,24.9,22.8,21.0,20.4,21.5,23.6,470.5,469.6,468.3,467.4,467.4,468.5,469.5,470.5,475.3,472.1,468.9,466.9,466.7,467.8,469.4,468.5,467.8,468.3,470.1,472.9,470.4,470.0,469.5,469.1,469.1,469.5,470.0,470.4,439.2,439.0,437.2,434.8,433.2,433.4,435.3,438.0,443.1,441.6,439.3,436.2,433.9,433.1,432.7,432.4,432.5,433.8,436.7,440.2,437.6,436.5,435.7,435.6,436.3,437.4,438.2,438.3,38.5,62.9,483.4,0.050,0.422,-0.145,605.2,606.3,609.9,617.1,628.7,643.3,659.2,681.4,716.9,761.3,808.2,846.1,866.0,869.7,863.8,859.2,856.7,605.6,617.1,634.7,654.7,674.5,714.1,734.6,758.0,780.6,796.7,697.2,696.0,694.5,692.8,677.4,691.2,703.5,716.8,729.7,632.2,642.3,657.4,671.4,657.8,643.1,737.5,745.4,761.7,777.4,764.4,749.6,662.0,672.4,688.1,702.5,719.3,747.1,778.4,750.2,722.1,703.7,689.0,674.7,669.4,690.8,704.8,722.2,768.0,720.4,702.4,688.4,417.2,450.3,483.4,515.1,543.2,567.7,585.9,602.6,605.4,596.4,574.9,550.4,521.6,489.8,459.1,429.1,398.4,383.6,369.5,364.5,368.4,378.7,374.8,360.3,354.8,357.6,371.2,410.2,427.9,445.3,463.7,488.7,491.4,493.7,489.5,485.3,417.4,408.9,408.6,417.8,422.0,421.6,412.2,401.7,399.5,406.4,411.9,414.3,533.0,521.2,516.0,518.1,513.1,514.2,521.0,538.9,549.3,552.5,552.6,547.5,532.5,531.6,531.1,527.8,522.7,533.8,536.3,536.4,0.00,0.00,1.38,0.00,1.16,0.09,0.36,1.09,1.89,1.29,0.36,0.00,0.60,0.00,0.64,0.00,0.64,0.00,0.00,0.00,0.00,0.00,0.00,1.00,1.00,1.00,1.00,1.00,0.00,1.00,0.00,0.00,0.00,0.00,1.00
51,0,1.667,0.88,1,-0.234551,0.136895,-0.962417,-0.260605,0.156482,-0.952680,-0.253,0.152,639.7,642.3,649.8,657.8,661.7,659.8,651.6,643.6,632.4,635.7,641.7,649.8,658.8,666.0,671.4,666.1,658.4,650.1,642.7,636.5,648.1,651.5,654.7,655.7,654.1,650.7,647.5,646.4,746.4,749.0,756.4,764.3,767.9,765.3,757.9,749.9,741.4,742.3,745.6,752.1,760.8,769.7,776.6,770.8,762.9,755.3,748.9,744.6,754.9,758.4,761.6,762.8,761.2,757.7,754.5,753.3,414.9,406.7,403.0,405.9,413.8,422.5,425.8,422.8,417.2,413.3,410.9,409.3,410.0,412.5,416.6,419.6,421.3,422.3,422.0,420.4,417.8,419.1,417.5,414.0,410.6,409.4,410.9,414.4,407.5,398.0,393.3,396.1,404.8,414.2,419.0,416.9,415.2,406.5,400.5,396.8,397.0,399.5,405.1,409.2,412.5,415.0,416.2,416.5,410.8,412.0,409.9,405.8,401.9,400.7,402.8,407.0,-0.1,1.2,5.2,9.5,11.5,10.6,6.2,1.9,-4.1,-2.3,0.9,5.2,10.0,13.9,16.8,13.9,9.8,5.4,1.4,-1.9,4.3,6.1,7.8,8.4,7.5,5.7,4.0,3.4,52.8,54.1,57.5,61.0,62.6,61.3,58.0,54.4,50.8,51.0,52.4,55.2,59.2,63.4,66.8,63.9,60.1,56.5,53.8,52.0,56.8,58.4,59.9,60.4,59.7,58.2,56.7,56.1,29.4,25.0,22.9,24.4,28.6,33.3,35.1,33.6,31.0,28.7,27.2,26.2,26.5,28.0,30.2,31.8,32.6,33.2,33.2,32.5,30.9,31.6,30.7,28.8,27.0,26.4,27.2,29.1,23.6,18.9,16.4,17.7,21.9,26.6,29.0,28.2,27.6,23.2,20.1,18.1,18.1,19.3,22.0,24.0,25.6,27.0,27.7,28.1,25.1,25.6,24.6,22.5,20.7,20.1,21.2,23.3,468.4,467.5,466.3,465.4,465.4,466.6,467.6,468.5,473.6,470.2,466.9,464.9,464.7,465.8,467.5,466.6,465.9,466.4,468.3,471.0,468.4,468.0,467.5,467.1,467.1,467.5,468.0,468.4,434.3,434.1,432.1,429.6,428.0,428.3,430.3,433.1,438.1,436.6,434.2,431.0,428.7,427.9,427.5,427.3,427.5,428.8,431.7,435.2,432.6,431.5,430.7,430.5,431.2,432.3,433.2,433.3,38.5,63.1,483.5,0.052,0.420,-0.148,605.1,606.3,609.9,617.1,628.5,642.9,658.9,681.2,716.8,761.3,808.2,846.1,865.9,869.7,863.8,859.1,856.5,605.4,616.6,634.2,654.2,674.0,714.0,734.4,757.7,780.0,796.1,697.0,695.8,694.3,692.6,677.5,691.2,703.6,716.8,729.6,632.1,642.1,657.1,671.3,657.7,643.0,737.5,745.4,761.6,777.4,764.4,749.6,662.0,672.5,688.2,702.8,719.8,747.6,778.5,750.9,723.1,704.5,689.6,675.1,669.4,690.9,705.2,722.7,768.3,721.3,703.2,688.9,418.7,451.4,484.1,515.4,543.2,567.6,585.9,602.7,605.6,596.6,574.8,550.3,521.4,489.6,459.0,429.0,398.4,383.8,369.7,364.7,368.6,378.8,374.8,360.3,354.8,357.5,370.9,410.4,428.0,445.5,463.8,488.9,491.7,493.9,489.7,485.4,417.6,409.0,408.8,417.9,422.0,421.7,412.2,401.7,399.5,406.4,411.9,414.2,533.1,521.5,516.5,518.6,513.5,514.4,520.9,538.9,549.6,552.9,553.0,547.7,532.6,531.9,531.4,528.1,522.6,534.3,536.8,536.9,0.00,0.00,1.38,0.00,1.18,0.09,0.35,1.15,1.93,1.39,0.39,0.00,0.62,0.00,0.63,0.00,0.60,0.00,0.00,0.00,0.00,0.00,0.00,1.00,1.00,1.00,1.00,1.00,0.00,1.00,0.00,0.00,0.00,0.00,1.00
52,0,1.700,0.88,1,-0.225729,0.135436,-0.964730,-0.276417,0.150369,-0.949201,-0.257,0.148,639.7,642.2,649.8,657.8,661.8,659.9,651.7,643.6,632.0,635.3,641.2,649.5,658.6,666.0,671.4,666.0,658.2,649.8,642.4,636.2,648.1,651.5,654.7,655.8,654.1,650.7,647.5,646.4,746.5,749.1,756.6,764.4,768.1,765.4,758.0,749.9,741.6,742.6,746.0,752.7,761.5,770.4,777.3,771.3,763.3,755.6,749.1,744.7,755.0,758.5,761.7,762.9,761.3,757.9,754.6,753.4,415.1,406.9,403.3,406.3,414.2,422.8,426.0,423.0,417.1,413.4,411.1,409.6,410.2,412.6,416.6,419.8,421.7,422.7,422.3,420.5,417.9,419.2,417.6,414.2,410.8,409.5,411.1,414.6,407.9,398.4,393.6,396.3,404.9,414.4,419.2,417.3,415.5,406.8,400.7,397.0,397.4,400.1,405.9,409.7,412.7,415.0,416.3,416.7,411.1,412.3,410.2,406.0,402.2,401.0,403.1,407.3,-0.2,1.2,5.1,9.4,11.4,10.5,6.2,1.9,-4.3,-2.5,0.6,5.0,9.8,13.7,16.6,13.7,9.6,5.2,1.3,-2.0,4.3,6.1,7.8,8.3,7.4,5.6,4.0,3.4,52.6,53.9,57.3,60.8,62.3,61.0,57.7,54.1,50.6,50.9,52.3,55.2,59.2,63.4,66.7,63.8,59.9,56.3,53.5,51.8,56.6,58.1,59.6,60.2,59.5,57.9,56.4,55.9,29.1,24.8,22.8,24.3,28.5,33.1,34.9,33.3,30.6,28.4,27.0,26.0,26.3,27.7,29.9,31.5,32.5,33.1,33.0,32.2,30.6,31.3,30.4,28.6,26.8,26.1,27.0,28.9,23.7,19.0,16.5,17.7,21.8,26.5,28.9,28.2,27.6,23.2,20.1,18.2,18.2,19.5,22.3,24.1,25.6,26.8,27.6,28.0,25.1,25.7,24.6,22.5,20.7,20.2,21.2,23.3,463.0,461.8,460.5,459.8,460.1,461.5,462.6,463.3,468.3,464.8,461.5,459.3,459.2,460.3,462.1,461.4,460.7,461.3,463.2,465.9,463.1,462.8,462.2,461.7,461.6,461.9,462.4,462.9,432.0,431.9,430.0,427.4,425.8,425.9,427.8,430.7,435.8,434.2,431.9,428.7,426.4,425.7,425.2,425.0,425.2,426.5,429.4,432.9,430.3,429.1,428.3,428.2,429.0,430.1,430.9,431.0,38.3,63.1,483.4,0.047,0.429,-0.146,605.8,606.8,610.3,617.3,628.6,642.8,658.5,680.5,716.1,760.8,808.1,846.2,866.0,869.7,863.6,859.0,856.5,605.3,616.8,634.4,654.3,674.1,714.0,733.9,756.6,778.5,794.6,696.9,695.7,694.2,692.4,677.0,690.9,703.3,716.6,729.3,631.8,641.8,656.9,671.0,657.3,642.7,737.7,745.7,762.1,777.8,764.8,750.0,661.1,671.8,687.5,702.0,719.0,747.1,778.4,749.8,721.2,702.5,687.7,673.6,668.4,689.9,704.1,721.6,768.1,719.7,701.6,687.3,419.4,452.1,484.6,515.7,543.5,567.9,586.1,602.7,605.4,596.4,574.9,550.5,521.5,489.7,459.0,428.9,398.3,383.8,369.8,364.7,368.7,378.9,375.1,360.6,355.2,357.5,370.5,410.3,428.0,445.6,464.1,489.0,491.8,494.1,490.0,485.8,417.7,409.1,408.9,418.1,422.3,422.0,412.5,402.0,399.8,406.8,412.3,414.6,533.2,521.6,516.6,518.7,513.7,514.8,521.6,539.3,549.6,552.8,552.9,547.7,532.8,532.0,531.6,528.3,523.2,534.4,536.8,536.9,0.00,0.00,1.38,0.00,1.18,0.07,0.36,1.20,1.95,1.44,0.43,0.00,0.63,0.00,0.57,0.00,0.48,0.00,0.00,0.00,0.00,0.00,0.00,1.00,1.00,1.00,1.00,1.00,0.00,1.00,0.00,0.00,0.00,0.00,1.00
53,0,1.733,0.88,1,-0.231838,0.136598,-0.963116,-0.267044,0.149221,-0.952061,-0.255,0.148,639.7,642.3,649.8,657.8,661.7,659.9,651.6,643.6,632.3,635.4,641.2,649.3,658.5,665.9,671.4,666.0,658.2,649.9,642.5,636.4,648.1,651.5,654.7,655.9,654.2,650.7,647.5,646.4,746.6,749.2,756.7,764.5,768.2,765.5,758.1,750.0,741.7,742.8,746.3,752.7,761.3,770.2,777.1,771.0,762.9,755.2,748.8,744.6,755.1,758.6,761.9,763.1,761.5,758.0,754.7,753.5,415.1,406.9,403.3,406.4,414.4,423.0,426.1,423.1,417.1,413.3,411.0,409.5,410.2,412.8,416.9,420.1,421.9,422.8,422.4,420.5,418.1,419.4,417.8,414.3,410.9,409.6,411.1,414.6,408.0,398.5,393.6,396.3,404.9,414.5,419.3,417.4,415.6,406.9,400.9,397.2,397.5,400.1,405.7,409.8,412.9,415.3,416.6,417.0,411.2,412.4,410.3,406.0,402.2,401.0,403.2,407.4,-0.2,1.2,5.1,9.3,11.4,10.4,6.1,1.9,-4.1,-2.4,0.6,4.9,9.7,13.6,16.6,13.7,9.6,5.2,1.3,-1.9,4.2,6.1,7.8,8.3,7.5,5.6,3.9,3.4,52.4,53.7,57.1,60.6,62.1,60.8,57.5,53.9,50.5,50.8,52.3,55.0,58.9,63.1,66.3,63.4,59.5,55.9,53.2,51.6,56.4,57.9,59.4,60.0,59.3,57.8,56.3,55.7,29.1,24.7,22.7,24.3,28.5,33.1,34.9,33.3,30.5,28.2,26.8,25.9,26.2,27.7,30.0,31.6,32.5,33.0,33.0,32.2,30.6,31.3,30.5,28.6,26.8,26.1,27.0,28.8,23.6,18.9,16.4,17.6,21.7,26.4,28.9,28.2,27.6,23.2,20.1,18.2,18.2,19.4,22.1,24.1,25.6,26.9,27.7,28.1,25.1,25.6,24.5,22.4,20.6,20.1,21.2,23.3,461.8,460.6,459.1,458.3,458.6,460.0,461.2,462.0,467.3,463.7,460.3,458.0,457.7,458.8,460.5,459.9,459.3,460.0,462.0,464.8,461.8,461.4,460.8,460.3,460.2,460.5,461.1,461.6,430.2,430.1,428.1,425.6,423.9,424.0,426.0,428.9,434.3,432.7,430.3,427.1,424.8,423.9,423.3,423.1,423.3,424.8,427.8,431.4,428.4,427.3,426.4,426.4,427.1,428.2,429.1,429.2,38.3,63.2,483.7,0.048,0.428,-0.147,606.1,606.9,610.4,617.3,628.5,642.8,658.7,680.8,716.2,760.8,808.0,846.1,866.0,869.7,863.7,859.1,856.6,605.5,617.0,634.5,654.3,674.1,714.1,733.7,756.1,777.9,793.9,697.0,695.8,694.3,692.5,677.2,691.0,703.4,716.7,729.4,632.0,641.9,657.0,671.1,657.4,642.8,737.7,745.7,762.0,777.7,764.7,749.9,661.2,671.8,687.5,702.1,719.1,747.1,778.6,750.0,721.4,702.7,688.0,673.7,668.5,690.0,704.2,721.7,768.3,720.0,701.9,687.7,419.7,452.2,484.6,515.7,543.4,567.9,586.1,602.7,605.5,596.5,575.0,550.6,521.6,489.7,459.0,429.0,398.4,383.5,369.6,364.7,368.8,379.0,375.2,360.8,355.2,357.2,369.9,410.4,428.1,445.6,464.1,489.0,491.9,494.2,490.0,485.8,417.8,409.2,409.0,418.3,422.4,422.1,412.7,402.1,399.8,406.8,412.3,414.7,533.2,521.6,516.5,518.7,513.7,514.7,521.5,539.4,549.8,552.9,553.1,547.8,532.7,531.9,531.5,528.3,523.1,534.6,537.1,537.1,0.00,0.00,1.37,0.00,1.17,0.08,0.39,1.22,1.96,1.46,0.53,0.00,0.68,0.00,0.57,0.00,0.25,0.00,0.00,0.00,0.00,0.00,0.00,1.00,1.00,1.00,1.00,1.00,0.00,1.00,0.00,0.00,0.00,0.00,1.00
54,0,1.767,0.88,1,-0.230203,0.136111,-0.963577,-0.262266,0.151410,-0.953043,-0.252,0.149,639.8,642.4,650.0,658.2,662.1,660.2,651.9,643.7,632.3,635.6,641.5,649.7,658.8,666.2,671.6,666.3,658.5,650.1,642.6,636.4,648.3,651.7,654.9,656.1,654.4,650.9,647.7,646.6,746.7,749.4,756.9,764.8,768.4,765.7,758.2,750.2,741.8,742.8,746.3,752.7,761.3,770.2,777.1,771.0,763.0,755.3,749.0,744.7,755.3,758.8,762.1,763.3,761.7,758.2,754.9,753.7,415.0,406.8,403.2,406.3,414.2,422.9,426.1,423.0,417.1,413.3,411.0,409.5,410.2,412.7,416.8,419.9,421.8,422.7,422.3,420.4,417.9,419.3,417.7,414.2,410.8,409.5,411.1,414.6,408.0,398.4,393.6,396.3,405.0,414.6,419.4,417.5,415.7,407.0,400.9,397.2,397.5,400.1,405.7,409.8,413.1,415.6,416.8,417.1,411.3,412.5,410.4,406.1,402.2,401.0,403.2,407.5,-0.1,1.3,5.3,9.5,11.6,10.6,6.3,2.0,-4.1,-2.4,0.8,5.1,9.9,13.8,16.7,13.8,9.7,5.3,1.4,-1.9,4.4,6.2,7.9,8.5,7.6,5.8,4.1,3.5,52.4,53.7,57.1,60.6,62.1,60.8,57.5,53.9,50.4,50.8,52.2,54.9,58.8,63.0,66.2,63.2,59.4,55.9,53.2,51.5,56.3,57.9,59.4,60.0,59.3,57.7,56.2,55.7,29.1,24.7,22.7,24.3,28.5,33.1,34.9,33.3,30.5,28.3,26.9,26.0,26.3,27.7,30.0,31.6,32.5,33.0,32.9,32.1,30.6,31.3,30.4,28.6,26.8,26.1,27.0,28.8,23.6,18.9,16.4,17.6,21.8,26.4,28.9,28.1,27.6,23.2,20.1,18.1,18.2,19.4,22.1,24.1,25.6,26.9,27.7,28.1,25.1,25.6,24.5,22.4,20.6,20.0,21.1,23.2,462.4,461.3,459.9,459.2,459.5,460.9,462.0,462.7,467.7,464.3,460.9,458.8,458.6,459.7,461.5,460.8,460.1,460.7,462.6,465.3,462.5,462.2,461.6,461.1,461.0,461.3,461.9,462.4,429.5,429.3,427.4,424.8,423.1,423.3,425.2,428.2,433.5,431.9,429.6,426.4,424.0,423.1,422.5,422.3,422.6,424.0,427.0,430.6,427.7,426.5,425.7,425.6,426.3,427.5,428.4,428.4,38.4,63.1,483.4,0.051,0.429,-0.147,606.2,607.0,610.4,617.4,628.7,643.1,659.2,681.3,716.8,761.1,808.1,846.1,866.0,869.8,863.9,859.4,857.0,605.6,617.1,634.6,654.3,674.0,714.3,733.9,756.2,777.9,794.0,697.1,695.9,694.4,692.5,677.3,691.1,703.5,716.8,729.6,632.2,642.1,657.2,671.3,657.6,643.0,737.7,745.7,762.0,777.8,764.8,749.9,661.3,671.8,687.5,702.1,719.2,747.1,778.6,750.1,721.6,702.9,688.1,673.8,668.6,690.0,704.3,721.8,768.4,720.1,702.0,687.7,418.8,451.5,484.0,515.3,543.3,567.9,586.3,602.8,605.5,596.5,574.9,550.5,521.6,489.8,459.1,428.9,398.3,383.4,369.6,364.7,368.7,378.9,375.2,360.8,355.2,357.1,369.7,410.5,428.1,445.6,464.1,489.1,491.9,494.2,490.1,485.8,417.7,409.2,409.0,418.3,422.4,422.0,412.8,402.1,399.9,406.8,412.4,414.8,533.2,521.6,516.6,518.7,513.7,514.8,521.5,539.4,549.8,553.0,553.1,547.9,532.7,532.0,531.6,528.4,523.2,534.6,537.0,537.1,0.00,0.00,1.35,0.00,1.15,0.25,0.39,1.21,1.94,1.46,0.54,0.00,0.70,0.00,0.54,0.00,0.23,0.00,0.00,0.00,0.00,0.00,0.00,1.00,1.00,1.00,1.00,1.00,0.00,1.00,0.00,0.00,0.00,0.00,1.00
55,0,1.800,0.88,1,-0.235380,0.135258,-0.962446,-0.257702,0.152274,-0.954150,-0.252,0.149,640.1,642.7,650.3,658.5,662.4,660.4,652.1,644.0,632.6,635.9,641.8,650.1,659.3,666.7,672.1,666.7,658.9,650.4,643.0,636.8,648.5,652.0,655.2,656.3,654.7,651.2,648.0,646.9,747.1,749.8,757.3,765.1,768.7,765.9,758.5,750.4,742.0,743.1,746.6,753.0,761.6,770.3,777.1,771.2,763.2,755.5,749.3,745.0,755.6,759.0,762.3,763.6,762.0,758.5,755.2,754.0,415.0,406.7,403.1,406.2,414.2,422.9,426.1,423.0,417.2,413.4,411.1,409.6,410.2,412.8,416.9,419.9,421.7,422.7,422.2,420.4,417.9,419.2,417.7,414.2,410.8,409.5,411.0,414.5,408.0,398.6,393.8,396.5,405.1,414.6,419.4,417.4,415.7,407.0,400.9,397.2,397.4,400.1,405.8,409.9,413.1,415.6,416.8,417.2,411.3,412.5,410.4,406.2,402.4,401.2,403.3,407.5,0.0,1.4,5.4,9.7,11.7,10.7,6.4,2.1,-3.9,-2.2,0.9,5.3,10.1,14.0,16.9,14.0,9.9,5.5,1.6,-1.7,4.5,6.3,8.0,8.6,7.7,5.9,4.2,3.6,53.0,54.4,57.8,61.3,62.8,61.5,58.1,54.5,51.0,51.4,52.8,55.6,59.5,63.6,66.8,63.9,60.1,56.5,53.8,52.1,57.0,58.6,60.1,60.7,60.0,58.4,56.9,56.3,28.9,24.5,22.6,24.2,28.4,33.0,34.8,33.2,30.5,28.2,26.8,25.9,26.2,27.6,29.9,31.4,32.3,32.9,32.8,32.0,30.5,31.2,30.3,28.5,26.7,26.0,26.8,28.7,23.8,19.1,16.7,17.9,22.0,26.6,29.1,28.4,27.9,23.4,20.3,18.3,18.3,19.6,22.3,24.3,25.9,27.2,28.0,28.4,25.3,25.8,24.7,22.7,20.8,20.3,21.4,23.5,460.9,459.7,458.4,457.6,457.9,459.3,460.4,461.2,466.2,462.8,459.4,457.2,457.1,458.2,460.0,459.2,458.6,459.2,461.1,463.8,461.0,460.6,460.1,459.6,459.4,459.8,460.3,460.8,433.4,433.3,431.3,428.8,427.1,427.2,429.1,432.0,437.3,435.9,433.6,430.4,428.0,427.1,426.5,426.3,426.5,427.9,430.9,434.4,431.6,430.5,429.6,429.6,430.3,431.5,432.3,432.4,38.5,63.2,483.8,0.050,0.428,-0.146,606.4,607.2,610.5,617.4,628.7,643.3,659.4,681.7,717.0,761.2,807.9,845.8,865.7,869.8,864.0,859.5,857.0,606.1,617.7,635.2,655.0,674.8,714.4,734.0,756.3,778.2,794.3,697.4,696.2,694.6,692.8,677.6,691.3,703.7,717.0,729.8,632.6,642.6,657.6,671.6,657.9,643.3,737.9,746.0,762.3,777.9,765.0,750.2,661.5,672.3,688.1,702.5,719.3,747.1,778.7,749.8,721.4,702.9,688.3,674.1,668.8,690.5,704.6,721.9,768.4,719.9,702.0,687.9,418.9,451.5,483.9,515.2,543.3,568.0,586.5,603.1,605.7,596.7,575.1,550.6,521.8,489.9,459.2,429.1,398.4,383.4,369.6,364.8,368.9,379.2,375.5,361.0,355.4,357.2,369.8,410.4,428.1,445.6,464.1,489.2,492.0,494.3,490.2,485.9,417.6,409.2,409.0,418.3,422.4,422.1,412.8,402.2,399.9,406.9,412.5,414.8,533.1,522.0,517.0,519.2,514.2,515.3,521.7,539.4,549.6,552.7,552.8,547.7,532.7,532.4,532.0,528.8,523.4,534.3,536.7,536.8,0.00,0.00,1.34,0.00,1.15,0.28,0.36,1.16,1.93,1.42,0.51,0.00,0.73,0.00,0.59,0.00,0.29,0.00,0.00,0.00,0.00,0.00,1.00,1.00,1.00,1.00,1.00,1.00,0.00,1.00,0.00,0.00,0.00,0.00,1.00
56,0,1.833,0.88,1,-0.239960,0.134131,-0.961472,-0.254033,0.154501,-0.954776,-0.252,0.149,640.3,643.0,650.6,658.7,662.4,660.4,652.1,644.0,632.8,636.2,642.2,650.4,659.5,666.8,672.1,666.7,659.0,650.7,643.2,637.0,648.6,652.0,655.3,656.5,654.9,651.4,648.1,647.0,747.5,750.2,757.7,765.5,769.2,766.5,759.0,750.9,742.0,743.2,746.9,753.5,762.0,770.6,777.2,771.5,763.9,756.4,750.0,745.4,755.8,759.3,762.7,763.9,762.3,758.8,755.4,754.2,414.9,406.7,403.1,406.2,414.2,422.9,426.0,422.8,417.2,413.4,411.1,409.5,410.2,412.8,417.0,420.0,421.6,422.5,422.1,420.4,417.9,419.3,417.7,414.2,410.8,409.4,411.0,414.5,407.9,399.0,394.6,397.3,405.5,414.4,418.8,416.9,415.7,407.0,401.0,397.3,397.6,400.3,405.9,409.9,413.0,415.4,416.6,417.0,411.2,412.4,410.4,406.4,402.7,401.5,403.5,407.5,0.2,1.6,5.6,9.9,11.9,10.8,6.4,2.2,-3.9,-2.0,1.2,5.5,10.3,14.2,17.1,14.2,10.1,5.6,1.7,-1.6,4.6,6.4,8.1,8.7,7.9,6.1,4.3,3.7,55.9,57.3,61.0,64.8,66.4,65.0,61.4,57.5,53.5,54.0,55.6,58.7,62.8,67.2,70.6,67.5,63.6,59.9,56.9,54.9,60.1,61.8,63.4,64.0,63.3,61.6,59.9,59.3,29.2,24.8,22.8,24.4,28.7,33.3,35.1,33.5,30.8,28.5,27.1,26.2,26.5,28.0,30.3,31.8,32.6,33.2,33.1,32.3,30.8,31.5,30.7,28.8,27.0,26.3,27.1,29.0,24.9,20.3,17.9,19.2,23.4,28.0,30.4,29.5,29.2,24.6,21.3,19.3,19.4,20.7,23.6,25.6,27.2,28.5,29.3,29.7,26.6,27.1,26.1,24.0,22.1,21.5,22.6,24.7,465.8,464.8,463.5,462.7,462.9,464.2,465.2,466.0,470.9,467.6,464.3,462.2,462.1,463.3,465.0,464.2,463.4,463.9,465.8,468.5,465.9,465.5,465.0,464.5,464.5,464.8,465.3,465.8,455.1,455.1,453.6,451.4,450.0,450.0,451.5,454.0,458.9,457.5,455.4,452.5,450.6,450.2,449.9,449.4,449.2,450.3,452.9,456.2,453.8,452.9,452.2,452.2,452.8,453.8,454.5,454.5,38.6,63.2,483.8,0.047,0.431,-0.144,606.9,607.6,611.0,617.8,629.1,643.7,659.7,681.8,717.1,761.2,807.9,845.8,865.7,869.8,864.1,859.6,857.2,606.6,618.2,635.8,655.8,675.7,714.6,734.2,756.6,778.7,794.9,697.7,696.4,694.7,692.9,677.6,691.3,703.7,717.1,729.9,632.8,642.8,657.8,671.8,658.1,643.5,738.3,746.4,762.7,778.3,765.4,750.6,661.2,672.1,687.8,702.3,719.2,746.9,778.6,749.4,720.9,702.3,687.7,673.6,668.5,690.2,704.4,721.7,768.2,719.5,701.5,687.4,418.2,451.0,483.6,515.1,543.4,568.2,586.7,603.1,605.6,596.6,575.0,550.6,521.8,490.0,459.3,429.2,398.6,383.7,369.7,364.9,369.0,379.5,375.8,361.3,355.6,357.4,370.1,410.3,428.0,445.6,464.1,489.2,492.0,494.3,490.3,486.0,417.5,409.2,409.0,418.3,422.3,422.0,412.8,402.2,400.0,407.0,412.5,414.8,533.1,521.9,517.0,519.2,514.3,515.4,522.0,539.4,549.4,552.4,552.5,547.5,532.8,532.5,532.1,528.9,523.6,534.0,536.3,536.4,0.00,0.00,1.33,0.00,1.18,0.46,0.36,1.12,1.90,1.40,0.51,0.00,0.74,0.00,0.61,0.00,0.49,0.00,0.00,0.00,0.00,0.00,1.00,1.00,1.00,1.00,1.00,1.00,0.00,1.00,0.00,0.00,0.00,0.00,1.00
57,0,1.867,0.88,1,-0.241961,0.131192,-0.961376,-0.255671,0.151640,-0.954797,-0.254,0.147,640.3,643.0,650.6,658.6,662.4,660.4,652.1,644.1,632.9,636.2,642.2,650.4,659.5,666.8,672.2,666.8,659.0,650.7,643.2,637.1,648.6,652.1,655.3,656.5,654.9,651.4,648.2,647.0,747.5,750.2,757.7,765.5,769.2,766.4,759.0,750.9,742.1,743.3,746.9,753.4,761.9,770.5,777.2,771.5,763.8,756.2,749.9,745.4,755.9,759.4,762.7,764.0,762.3,758.8,755.5,754.2,414.8,406.6,403.1,406.2,414.2,422.9,426.0,422.8,417.3,413.4,411.0,409.5,410.1,412.8,417.0,420.0,421.7,422.6,422.2,420.5,417.9,419.2,417.7,414.2,410.8,409.4,411.0,414.5,408.0,398.9,394.3,397.0,405.4,414.4,419.0,417.0,415.6,407.0,401.0,397.3,397.5,400.2,405.8,409.9,413.1,415.5,416.7,417.0,411.3,412.5,410.4,406.3,402.6,401.4,403.4,407.5,0.2,1.6,5.6,9.8,11.8,10.8,6.4,2.2,-3.8,-2.0,1.1,5.5,10.3,14.2,17.0,14.2,10.0,5.6,1.7,-1.6,4.6,6.4,8.1,8.7,7.9,6.0,4.3,3.7,55.2,56.6,60.2,63.9,65.5,64.1,60.5,56.8,52.9,53.3,54.9,57.9,61.9,66.2,69.5,66.5,62.6,59.0,56.1,54.2,59.3,60.9,62.5,63.2,62.4,60.8,59.2,58.5,29.1,24.7,22.7,24.4,28.6,33.2,35.0,33.4,30.7,28.4,27.0,26.0,26.4,27.9,30.2,31.7,32.6,33.1,33.0,32.3,30.7,31.4,30.6,28.7,26.9,26.2,27.0,28.9,24.6,20.0,17.6,18.8,23.0,27.6,30.0,29.2,28.8,24.2,21.0,19.0,19.1,20.4,23.2,25.2,26.9,28.2,28.9,29.3,26.2,26.8,25.7,23.6,21.7,21.2,22.3,24.4,464.4,463.3,462.0,461.2,461.4,462.7,463.8,464.5,469.6,466.2,462.8,460.7,460.6,461.7,463.5,462.7,462.0,462.5,464.4,467.1,464.4,464.1,463.5,463.0,463.0,463.3,463.9,464.3,449.1,449.0,447.4,445.1,443.6,443.6,445.3,447.9,453.0,451.5,449.4,446.4,444.3,443.7,443.3,442.9,442.9,444.0,446.8,450.2,447.6,446.6,445.9,445.8,446.5,447.6,448.3,448.3,38.5,63.2,483.6,0.044,0.434,-0.143,607.1,607.8,611.1,617.9,629.3,643.8,659.9,682.0,717.3,761.4,808.2,846.1,865.9,869.9,864.1,859.7,857.2,606.6,618.2,635.8,655.7,675.6,714.7,734.4,756.8,778.8,794.9,697.7,696.4,694.7,692.8,677.4,691.2,703.6,717.0,729.9,632.8,642.8,657.9,671.8,658.1,643.5,738.2,746.4,762.7,778.3,765.3,750.5,661.3,672.0,687.7,702.0,718.6,746.5,778.5,748.9,720.2,701.9,687.5,673.5,668.6,690.2,704.1,721.2,768.1,718.8,701.1,687.2,418.8,451.4,483.9,515.3,543.5,568.4,586.8,603.2,605.6,596.4,574.8,550.4,521.6,490.0,459.4,429.5,398.9,383.8,369.8,364.8,368.9,379.4,375.7,361.2,355.6,357.5,370.3,410.3,428.1,445.7,464.3,489.2,492.1,494.4,490.3,486.0,417.5,409.1,409.0,418.3,422.4,422.0,412.8,402.2,399.9,407.0,412.5,414.8,533.3,522.0,516.9,519.1,514.2,515.4,522.1,539.6,549.4,552.4,552.6,547.6,532.9,532.5,532.1,529.0,523.8,534.0,536.3,536.4,0.02,0.00,1.33,0.00,1.18,0.38,0.37,1.11,1.88,1.37,0.49,0.00,0.77,0.00,0.64,0.00,0.58,0.00,0.00,0.00,0.00,0.00,1.00,1.00,1.00,1.00,1.00,1.00,0.00,1.00,0.00,0.00,0.00,0.00,1.00
58,0,1.900,0.88,1,-0.241001,0.131407,-0.961588,-0.255263,0.151988,-0.954851,-0.253,0.147,640.4,643.1,650.7,658.7,662.5,660.5,652.2,644.2,633.1,636.3,642.2,650.4,659.6,666.9,672.3,666.9,659.1,650.7,643.3,637.2,648.7,652.2,655.5,656.6,655.0,651.5,648.2,647.1,747.7,750.4,757.9,765.7,769.3,766.6,759.1,751.0,742.1,743.4,747.0,753.6,762.0,770.6,777.3,771.5,763.9,756.4,750.1,745.5,756.0,759.5,762.9,764.1,762.5,758.9,755.6,754.3,414.8,406.6,403.0,406.1,414.2,422.8,425.9,422.8,417.2,413.3,410.9,409.4,410.1,412.7,417.0,420.0,421.7,422.6,422.2,420.4,417.8,419.2,417.7,414.1,410.7,409.3,410.9,414.4,407.9,398.9,394.5,397.2,405.4,414.4,418.8,416.8,415.4,406.9,401.0,397.3,397.6,400.2,405.8,409.9,413.1,415.5,416.6,416.9,411.2,412.4,410.4,406.3,402.6,401.4,403.4,407.5,0.2,1.6,5.6,9.8,11.8,10.8,6.5,2.2,-3.7,-2.0,1.1,5.5,10.3,14.1,17.0,14.2,10.0,5.6,1.7,-1.5,4.6,6.4,8.2,8.8,7.9,6.1,4.3,3.7,55.9,57.3,61.0,64.7,66.4,65.0,61.4,57.5,53.5,53.9,55.6,58.6,62.7,67.0,70.4,67.4,63.5,59.8,56.9,54.9,60.0,61.7,63.4,64.0,63.2,61.5,59.9,59.3,29.0,24.6,22.6,24.2,28.4,33.1,34.8,33.2,30.6,28.3,26.8,25.9,26.3,27.7,30.1,31.6,32.4,33.0,32.9,32.1,30.6,31.3,30.4,28.5,26.7,26.0,26.9,28.7,24.9,20.2,17.8,19.1,23.3,27.9,30.3,29.4,29.0,24.5,21.3,19.3,19.3,20.7,23.5,25.6,27.2,28.5,29.2,29.6,26.5,27.1,26.0,23.9,22.0,21.4,22.5,24.6,462.6,461.5,460.1,459.3,459.5,460.8,462.0,462.8,467.9,464.5,461.1,458.9,458.8,459.8,461.6,460.8,460.2,460.8,462.7,465.4,462.6,462.2,461.7,461.2,461.1,461.5,462.0,462.5,454.2,454.2,452.6,450.5,449.0,449.0,450.6,453.1,458.1,456.7,454.6,451.7,449.7,449.2,448.9,448.4,448.2,449.4,452.0,455.3,452.9,451.9,451.2,451.2,451.9,452.8,453.5,453.6,38.5,63.2,483.4,0.043,0.436,-0.143,607.2,607.8,611.2,618.0,629.4,644.0,659.9,682.0,717.2,761.4,808.2,846.1,866.0,870.0,864.2,859.8,857.4,606.7,618.4,636.0,655.8,675.6,715.1,734.9,757.3,779.2,795.3,697.8,696.5,694.8,692.9,677.4,691.2,703.6,717.0,729.9,632.9,642.9,658.0,671.8,658.1,643.6,738.4,746.5,762.8,778.4,765.4,750.6,661.4,672.1,687.7,701.9,718.4,746.3,778.3,748.6,719.8,701.6,687.3,673.5,668.7,690.1,704.0,721.0,768.0,718.4,700.9,687.1,418.9,451.6,484.2,515.7,543.9,568.7,587.0,603.2,605.6,596.4,574.8,550.5,521.8,490.1,459.5,429.5,398.9,383.8,369.8,364.8,368.9,379.2,375.5,361.1,355.5,357.5,370.4,410.2,428.0,445.7,464.4,489.2,492.1,494.5,490.4,486.1,417.5,409.0,408.9,418.2,422.3,421.9,412.7,402.1,399.9,407.0,412.5,414.8,533.3,522.0,517.0,519.2,514.4,515.6,522.3,539.8,549.5,552.4,552.5,547.6,532.9,532.6,532.2,529.1,524.0,534.0,536.2,536.3,0.04,0.00,1.30,0.00,1.19,0.42,0.39,1.09,1.88,1.38,0.50,0.00,0.82,0.00,0.66,0.00,0.66,0.00,0.00,0.00,0.00,0.00,1.00,1.00,1.00,1.00,1.00,1.00,0.00,1.00,0.00,0.00,0.00,0.00,1.00
59,0,1.933,0.88,1,-0.239173,0.129200,-0.962343,-0.256523,0.148694,-0.955032,-0.253,0.144,640.5,643.2,650.8,658.8,662.6,660.6,652.3,644.3,633.2,636.4,642.3,650.5,659.6,666.9,672.2,666.9,659.1,650.7,643.4,637.3,648.8,652.3,655.6,656.7,655.1,651.6,648.3,647.2,747.7,750.4,757.9,765.8,769.4,766.7,759.2,751.0,742.2,743.4,747.0,753.6,762.0,770.6,777.3,771.6,763.9,756.4,750.0,745.5,756.0,759.6,762.9,764.2,762.6,759.0,755.6,754.4,414.7,406.6,403.0,406.1,414.1,422.8,425.8,422.7,417.2,413.2,410.9,409.3,410.1,412.8,417.0,420.0,421.7,422.7,422.3,420.5,417.8,419.2,417.6,414.1,410.6,409.3,410.8,414.4,407.9,398.8,394.2,396.9,405.3,414.4,418.9,416.9,415.4,406.9,400.9,397.3,397.5,400.1,405.7,409.8,413.0,415.5,416.6,416.9,411.2,412.4,410.3,406.2,402.5,401.3,403.3,407.4,0.3,1.7,5.7,9.9,11.9,10.9,6.5,2.3,-3.7,-1.9,1.2,5.5,10.3,14.2,17.1,14.2,10.1,5.7,1.8,-1.5,4.7,6.5,8.2,8.8,8.0,6.2,4.4,3.8,55.3,56.7,60.3,64.0,65.6,64.2,60.7,56.9,52.9,53.4,55.0,58.0,62.0,66.3,69.6,66.6,62.7,59.1,56.2,54.3,59.4,61.1,62.7,63.3,62.6,60.9,59.3,58.6,29.0,24.6,22.7,24.3,28.5,33.2,34.9,33.3,30.7,28.4,26.9,26.0,26.3,27.8,30.2,31.7,32.6,33.1,33.0,32.3,30.7,31.4,30.5,28.6,26.8,26.1,26.9,28.8,24.6,19.9,17.5,18.8,23.0,27.6,30.0,29.2,28.7,24.2,21.0,19.0,19.1,20.4,23.1,25.2,26.8,28.2,28.9,29.3,26.2,26.8,25.7,23.6,21.7,21.1,22.2,24.3,464.1,463.1,461.8,461.0,461.1,462.4,463.4,464.3,469.4,466.0,462.7,460.5,460.4,461.4,463.1,462.4,461.7,462.3,464.3,467.0,464.1,463.8,463.2,462.8,462.7,463.1,463.6,464.1,449.3,449.3,447.6,445.4,443.8,443.9,445.5,448.1,453.2,451.7,449.6,446.6,444.6,443.9,443.6,443.1,443.1,444.2,447.0,450.4,447.9,446.8,446.1,446.1,446.8,447.8,448.6,448.6,38.5,63.2,483.5,0.042,0.437,-0.141,607.3,607.8,611.1,617.9,629.3,644.0,659.9,682.0,717.2,761.3,808.1,846.0,866.0,870.0,864.2,859.7,857.3,606.8,618.5,636.0,655.8,675.5,715.6,735.6,757.9,779.8,795.7,697.9,696.6,694.9,693.0,677.3,691.2,703.6,717.1,729.9,632.9,643.0,658.1,671.9,658.2,643.6,738.4,746.5,762.9,778.5,765.5,750.6,661.5,672.1,687.7,701.8,718.1,746.2,778.5,748.6,719.6,701.5,687.3,673.5,668.8,690.1,703.9,720.7,768.1,718.2,700.7,687.0,418.6,451.3,484.0,515.5,543.7,568.5,586.9,603.1,605.5,596.3,574.8,550.5,521.8,490.2,459.6,429.5,398.9,383.6,369.8,364.8,368.8,379.0,375.2,360.9,355.5,357.6,370.6,410.2,428.0,445.7,464.4,489.1,492.0,494.4,490.3,486.0,417.5,409.0,408.9,418.2,422.3,421.9,412.7,402.1,399.9,407.0,412.5,414.8,533.2,521.8,516.7,518.9,514.1,515.4,522.2,539.9,549.6,552.5,552.6,547.6,532.8,532.5,532.1,529.0,523.9,533.9,536.1,536.2,0.08,0.00,1.32,0.00,1.18,0.33,0.40,1.10,1.92,1.40,0.52,0.00,0.86,0.00,0.67,0.00,0.61,0.00,0.00,0.00,0.00,0.00,1.00,1.00,1.00,1.00,1.00,1.00,0.00,1.00,0.00,0.00,0.00,0.00,1.00
60,0,1.967,0.88,1,-0.242059,0.128540,-0.961709,-0.260539,0.147866,-0.954073,-0.257,0.143,640.4,643.0,650.6,658.7,662.6,660.6,652.3,644.2,633.1,636.3,642.2,650.4,659.5,666.8,672.2,666.9,659.1,650.8,643.4,637.2,648.7,652.2,655.5,656.6,655.0,651.5,648.2,647.1,747.7,750.5,757.9,765.7,769.3,766.6,759.2,751.1,742.3,743.6,747.2,753.7,762.1,770.7,777.3,771.6,764.0,756.5,750.2,745.6,756.0,759.6,762.9,764.1,762.5,759.0,755.7,754.4,414.8,406.5,402.9,406.0,414.0,422.7,425.9,422.8,417.3,413.3,410.9,409.2,409.8,412.5,416.8,419.8,421.6,422.6,422.2,420.5,417.8,419.1,417.6,414.0,410.6,409.2,410.8,414.4,407.8,398.8,394.3,397.0,405.3,414.4,418.8,416.9,415.3,406.8,400.9,397.3,397.6,400.3,405.8,409.9,413.0,415.4,416.5,416.7,411.2,412.4,410.3,406.3,402.5,401.3,403.3,407.4,0.2,1.6,5.6,9.9,11.9,10.9,6.5,2.2,-3.7,-1.9,1.2,5.5,10.3,14.1,17.0,14.2,10.1,5.7,1.8,-1.5,4.6,6.5,8.2,8.8,7.9,6.1,4.4,3.7,55.7,57.1,60.7,64.4,66.0,64.6,61.1,57.3,53.3,53.8,55.4,58.4,62.4,66.7,70.1,67.1,63.2,59.5,56.6,54.7,59.8,61.4,63.1,63.7,63.0,61.3,59.7,59.0,29.0,24.6,22.6,24.2,28.5,33.1,34.9,33.3,30.7,28.4,26.9,25.9,26.2,27.7,30.1,31.6,32.5,33.0,33.0,32.3,30.7,31.3,30.5,28.6,26.7,26.1,26.9,28.8,24.7,20.0,17.7,19.0,23.1,27.8,30.1,29.3,28.8,24.3,21.1,19.2,19.2,20.6,23.4,25.4,27.0,28.3,29.1,29.4,26.3,26.9,25.8,23.7,21.9,21.3,22.4,24.5,464.1,463.0,461.7,460.9,461.0,462.3,463.4,464.2,469.2,465.8,462.5,460.4,460.3,461.3,463.0,462.3,461.6,462.2,464.1,466.8,464.1,463.7,463.2,462.7,462.6,463.0,463.6,464.0,452.1,452.0,450.4,448.1,446.6,446.7,448.3,450.9,456.0,454.5,452.3,449.3,447.3,446.7,446.4,446.0,445.9,447.1,449.8,453.2,450.7,449.7,448.9,448.9,449.6,450.6,451.3,451.4,38.5,63.2,483.6,0.040,0.438,-0.140,607.3,607.8,611.0,617.8,629.3,643.9,659.7,681.8,717.0,761.3,808.2,846.1,866.1,870.0,864.1,859.5,857.1,606.9,618.6,636.1,655.9,675.6,715.8,736.0,758.6,780.5,796.3,697.9,696.6,694.9,693.0,677.2,691.1,703.5,717.0,729.9,632.8,643.0,658.0,671.8,658.1,643.6,738.5,746.6,763.0,778.5,765.5,750.7,661.4,671.8,687.4,701.5,717.9,746.2,778.5,748.6,719.4,701.3,687.1,673.3,668.7,689.9,703.7,720.6,768.1,718.0,700.5,686.8,419.0,451.5,484.1,515.6,543.6,568.3,586.6,603.0,605.5,596.3,574.8,550.4,521.8,490.3,459.8,429.9,399.4,383.6,369.8,364.7,368.8,379.0,375.2,360.8,355.4,357.9,371.1,410.2,428.0,445.7,464.4,489.1,492.0,494.3,490.3,486.0,417.4,409.0,408.8,418.1,422.3,421.8,412.6,402.1,399.9,407.0,412.5,414.7,533.2,521.7,516.5,518.7,513.9,515.3,522.3,540.0,549.7,552.6,552.6,547.6,532.8,532.4,532.0,529.0,523.9,534.0,536.1,536.2,0.06,0.00,1.40,0.00,1.22,0.26,0.40,1.05,1.93,1.41,0.56,0.00,0.90,0.00,0.71,0.00,0.66,0.00,0.00,0.00,0.00,0.00,0.00,1.00,1.00,1.00,1.00,1.00,0.00,1.00,0.00,0.00,0.00,0.00,1.00
61,0,2.000,0.88,1,-0.255234,0.139518,-0.956760,-0.270704,0.164931,-0.948429,-0.269,0.158,639.8,642.6,650.2,658.3,662.2,660.1,651.8,643.6,632.6,636.1,642.2,650.5,659.6,666.8,672.0,666.7,658.9,650.5,643.0,636.8,648.2,651.7,655.1,656.3,654.6,651.0,647.7,646.5,747.6,750.1,757.4,765.0,768.7,766.1,758.9,750.8,741.5,743.1,747.0,753.8,762.1,770.3,776.6,771.4,764.4,757.2,750.7,745.4,755.3,758.9,762.2,763.3,761.7,758.2,754.9,753.7,415.1,406.8,403.2,406.3,414.3,423.1,426.2,423.1,417.2,413.3,410.9,409.4,410.2,412.9,417.2,420.1,421.7,422.6,422.1,420.4,418.2,419.6,418.0,414.4,410.8,409.5,411.1,414.7,408.1,400.0,396.0,398.6,406.1,414.2,418.2,416.3,415.4,407.1,401.2,397.5,397.8,400.7,406.3,410.2,413.1,415.3,416.4,416.7,411.3,412.4,410.6,406.9,403.4,402.3,404.1,407.8,-0.1,1.4,5.4,9.7,11.7,10.7,6.2,1.9,-4.0,-2.1,1.2,5.5,10.4,14.2,17.0,14.1,10.0,5.6,1.6,-1.7,4.3,6.2,8.0,8.6,7.7,5.8,4.1,3.4,60.2,61.7,65.6,69.7,71.6,70.1,66.2,62.0,57.2,57.9,59.9,63.5,67.9,72.6,76.2,73.1,69.0,65.1,61.7,59.1,64.5,66.4,68.2,68.8,68.0,66.1,64.3,63.7,29.3,24.8,22.8,24.4,28.7,33.4,35.1,33.5,30.7,28.4,27.0,26.0,26.4,27.9,30.3,31.8,32.6,33.1,33.0,32.2,30.9,31.6,30.7,28.8,26.9,26.2,27.1,29.0,26.9,22.4,20.1,21.5,25.7,30.2,32.4,31.5,31.2,26.5,23.1,20.9,21.1,22.7,25.8,27.9,29.5,30.7,31.5,31.8,28.7,29.3,28.2,26.2,24.3,23.7,24.7,26.8,464.8,463.8,462.5,461.7,461.9,463.1,464.1,464.9,469.6,466.4,463.1,461.2,461.2,462.3,464.0,463.2,462.4,462.8,464.6,467.2,464.8,464.5,463.9,463.5,463.4,463.8,464.3,464.8,489.9,490.1,489.2,487.9,486.7,486.6,487.4,489.1,493.2,491.8,490.1,487.9,486.9,487.3,487.8,486.5,485.6,486.1,488.1,490.8,489.3,488.7,488.3,488.4,488.9,489.6,490.0,489.9,38.4,63.2,483.3,0.042,0.439,-0.141,607.2,607.7,611.0,617.8,629.3,643.7,659.4,681.4,716.7,761.1,808.2,846.3,866.2,869.8,863.8,859.2,856.8,606.6,618.1,635.6,655.5,675.3,715.1,735.3,758.1,780.3,796.3,697.5,696.2,694.5,692.7,676.9,690.8,703.3,716.8,729.7,632.6,642.8,657.8,671.7,658.0,643.4,738.2,746.4,762.8,778.4,765.4,750.5,661.2,671.7,687.2,701.3,717.5,745.9,778.4,748.2,719.0,701.0,686.8,673.1,668.5,689.8,703.5,720.2,767.9,717.6,700.2,686.5,418.9,451.6,484.2,515.6,543.6,568.2,586.5,602.9,605.4,596.2,574.8,550.5,521.7,490.2,459.7,429.9,399.4,384.1,369.9,364.8,368.8,379.3,375.5,361.0,355.5,357.9,371.4,410.3,428.2,445.9,464.6,489.2,492.0,494.4,490.3,486.1,417.6,409.1,409.0,418.2,422.4,422.0,412.8,402.3,400.1,407.2,412.6,414.9,533.2,521.8,516.7,518.9,514.1,515.5,522.3,540.2,549.9,552.7,552.7,547.7,532.9,532.5,532.1,529.1,524.0,534.1,536.2,536.3,0.04,0.00,1.45,0.00,1.23,0.14,0.42,1.04,1.93,1.44,0.60,0.00,0.89,0.00,0.69,0.00,0.65,0.00,0.00,0.00,0.00,0.00,0.00,1.00,1.00,1.00,1.00,1.00,0.00,1.00,0.00,0.00,0.00,0.00,1.00
62,0,2.033,0.88,1,-0.256707,0.141028,-0.956145,-0.274554,0.162538,-0.947735,-0.272,0.158,639.8,642.5,650.1,658.3,662.1,660.1,651.8,643.6,632.7,636.1,642.1,650.4,659.6,666.8,672.0,666.6,658.9,650.5,643.0,636.9,648.1,651.7,655.0,656.2,654.5,651.0,647.6,646.5,747.5,750.1,757.3,765.0,768.6,766.1,758.8,750.8,741.4,743.0,747.0,753.8,762.2,770.4,776.7,771.5,764.4,757.2,750.7,745.4,755.3,758.8,762.2,763.3,761.7,758.1,754.8,753.7,415.1,406.8,403.2,406.3,414.4,423.1,426.3,423.2,417.2,413.2,411.0,409.4,410.1,412.9,417.2,420.1,421.7,422.6,422.1,420.3,418.2,419.6,418.0,414.4,410.9,409.5,411.1,414.7,408.0,399.9,395.9,398.5,406.0,414.2,418.1,416.2,415.4,407.1,401.2,397.6,397.9,400.7,406.3,410.1,413.0,415.2,416.3,416.7,411.2,412.4,410.5,406.8,403.4,402.2,404.0,407.8,-0.1,1.3,5.3,9.6,11.7,10.6,6.2,1.9,-3.9,-2.1,1.1,5.5,10.3,14.1,16.9,14.1,9.9,5.5,1.6,-1.7,4.3,6.2,8.0,8.6,7.7,5.8,4.1,3.4,60.0,61.5,65.4,69.5,71.4,69.9,66.0,61.8,57.0,57.8,59.7,63.3,67.8,72.4,76.0,72.9,68.9,64.9,61.6,59.0,64.3,66.2,68.0,68.7,67.8,65.9,64.1,63.5,29.2,24.8,22.8,24.4,28.7,33.4,35.1,33.5,30.7,28.3,26.9,26.0,26.4,27.9,30.3,31.8,32.6,33.1,32.9,32.2,30.9,31.6,30.7,28.8,26.9,26.2,27.1,29.0,26.8,22.3,20.0,21.4,25.5,30.0,32.3,31.3,31.1,26.4,23.0,20.9,21.0,22.6,25.7,27.8,29.4,30.6,31.3,31.7,28.6,29.2,28.1,26.1,24.2,23.5,24.6,26.7,464.1,463.0,461.7,460.9,461.1,462.4,463.5,464.3,469.0,465.7,462.4,460.4,460.3,461.4,463.2,462.4,461.6,462.1,464.0,466.6,464.2,463.8,463.2,462.7,462.7,463.0,463.6,464.1,488.6,488.8,488.0,486.6,485.4,485.2,486.1,487.7,491.9,490.5,488.8,486.6,485.6,486.0,486.5,485.2,484.3,484.8,486.7,489.5,488.0,487.4,487.0,487.1,487.6,488.3,488.6,488.5,38.4,63.2,483.3,0.042,0.440,-0.140,607.3,607.8,611.0,617.8,629.3,643.7,659.3,681.1,716.4,760.9,808.1,846.3,866.3,869.9,863.7,859.1,856.7,606.6,618.1,635.4,655.1,674.7,715.7,736.0,758.6,780.6,796.2,697.5,696.2,694.4,692.5,676.8,690.7,703.2,716.6,729.5,632.6,642.8,657.8,671.6,657.9,643.4,738.3,746.4,762.9,778.5,765.4,750.6,661.3,671.7,687.2,701.2,717.4,745.9,778.4,748.2,718.8,700.9,686.7,673.1,668.6,689.7,703.4,720.1,767.9,717.4,700.1,686.4,419.0,451.6,484.2,515.6,543.5,568.2,586.5,602.9,605.5,596.4,574.9,550.6,521.8,490.2,459.7,429.9,399.4,384.0,370.0,364.8,368.8,379.0,375.2,360.8,355.4,358.0,371.4,410.3,428.2,445.9,464.6,489.2,492.0,494.4,490.3,486.1,417.6,409.2,409.0,418.2,422.4,421.9,412.8,402.3,400.1,407.2,412.6,414.9,533.2,521.8,516.8,519.0,514.2,515.5,522.3,540.2,549.9,552.7,552.7,547.7,532.9,532.6,532.2,529.2,524.0,534.2,536.2,536.3,0.00,0.00,1.43,0.00,1.25,0.03,0.39,1.02,1.92,1.48,0.59,0.00,0.88,0.00,0.68,0.00,0.74,0.00,0.00,0.00,0.00,0.00,0.00,1.00,1.00,1.00,1.00,1.00,0.00,1.00,0.00,0.00,0.00,0.00,1.00
63,0,2.067,0.88,1,-0.256346,0.144080,-0.955787,-0.274336,0.168121,-0.946824,-0.272,0.163,639.8,642.4,650.0,658.2,662.0,660.0,651.7,643.6,632.8,636.1,642.0,650.3,659.4,666.7,672.0,666.6,658.8,650.4,643.0,636.9,648.1,651.6,655.0,656.1,654.5,650.9,647.6,646.4,747.2,749.8,757.1,764.8,768.3,765.7,758.4,750.4,741.4,742.9,746.7,753.5,761.9,770.2,776.6,771.4,764.2,756.9,750.4,745.2,755.1,758.6,761.8,763.0,761.4,757.9,754.6,753.5,415.1,406.9,403.3,406.4,414.5,423.2,426.3,423.2,417.3,413.3,411.1,409.6,410.3,413.0,417.3,420.1,421.7,422.5,422.1,420.3,418.2,419.6,418.0,414.4,410.9,409.6,411.1,414.7,408.1,399.8,395.8,398.4,406.1,414.3,418.4,416.5,415.5,407.2,401.3,397.6,397.8,400.6,406.2,410.0,412.9,415.1,416.3,416.7,411.3,412.4,410.6,406.9,403.4,402.3,404.1,407.8,-0.1,1.3,5.3,9.6,11.6,10.6,6.2,1.9,-3.9,-2.1,1.1,5.4,10.2,14.1,17.0,14.1,9.9,5.5,1.6,-1.7,4.3,6.2,7.9,8.5,7.6,5.8,4.0,3.4,59.1,60.5,64.4,68.4,70.2,68.7,64.9,60.7,56.3,56.9,58.8,62.3,66.7,71.3,74.9,71.8,67.8,63.9,60.6,58.1,63.3,65.1,66.9,67.5,66.7,64.9,63.2,62.5,29.2,24.8,22.8,24.4,28.7,33.4,35.1,33.5,30.7,28.4,27.0,26.1,26.4,27.9,30.3,31.7,32.5,33.0,32.9,32.2,30.9,31.6,30.7,28.8,26.9,26.2,27.1,29.0,26.5,22.0,19.7,21.1,25.2,29.7,32.0,31.1,30.8,26.1,22.7,20.6,20.7,22.2,25.3,27.3,28.9,30.1,30.9,31.3,28.2,28.8,27.8,25.7,23.9,23.3,24.3,26.3,464.1,463.0,461.6,460.7,460.9,462.3,463.4,464.3,469.1,465.8,462.4,460.3,460.2,461.3,463.0,462.3,461.6,462.1,464.0,466.7,464.1,463.7,463.1,462.6,462.5,462.9,463.5,464.0,482.3,482.4,481.4,479.8,478.5,478.4,479.4,481.4,485.7,484.3,482.5,480.1,478.9,479.1,479.4,478.3,477.6,478.2,480.3,483.2,481.5,480.8,480.3,480.3,480.9,481.7,482.1,482.1,38.3,63.2,482.9,0.046,0.436,-0.143,607.1,607.7,611.0,617.8,629.2,643.6,659.3,681.2,716.6,761.1,808.3,846.3,866.2,869.8,863.7,859.1,856.7,606.5,617.7,635.2,655.0,674.7,714.8,734.9,757.8,780.0,796.1,697.3,695.9,694.2,692.2,676.8,690.7,703.1,716.6,729.5,632.6,642.7,657.7,671.6,657.9,643.4,738.0,746.2,762.6,778.2,765.2,750.3,661.2,671.8,687.3,701.5,717.9,746.2,778.5,748.5,719.4,701.3,687.0,673.2,668.4,689.8,703.6,720.5,768.0,718.1,700.5,686.7,419.0,451.6,484.2,515.5,543.5,568.2,586.5,603.0,605.7,596.5,575.0,550.6,521.8,490.2,459.6,429.7,399.1,384.3,370.1,365.0,369.0,379.4,375.6,361.1,355.5,357.9,371.2,410.4,428.3,446.0,464.7,489.3,492.2,494.6,490.5,486.1,417.6,409.3,409.0,418.2,422.3,422.0,412.8,402.3,400.1,407.1,412.6,414.8,533.2,522.1,517.3,519.5,514.6,515.8,522.2,540.1,549.9,552.8,552.9,547.7,532.9,532.7,532.4,529.3,524.0,534.5,536.6,536.7,0.00,0.00,1.40,0.00,1.24,0.11,0.37,1.05,1.91,1.49,0.56,0.00,0.90,0.00,0.61,0.00,0.72,0.00,0.00,0.00,0.00,0.00,0.00,1.00,1.00,1.00,1.00,1.00,0.00,1.00,0.00,0.00,0.00,0.00,1.00
64,0,2.100,0.88,1,-0.254614,0.145670,-0.956008,-0.278336,0.168654,-0.945561,-0.273,0.164,639.7,642.4,650.0,658.1,661.9,660.0,651.7,643.6,632.7,636.0,641.9,650.1,659.3,666.6,672.0,666.5,658.7,650.4,642.9,636.8,648.1,651.6,654.9,656.1,654.4,650.9,647.5,646.4,747.2,749.8,757.1,764.8,768.3,765.7,758.5,750.5,741.3,742.9,746.8,753.7,762.0,770.3,776.6,771.3,764.3,757.0,750.5,745.3,755.1,758.5,761.8,763.0,761.4,757.9,754.6,753.4,415.1,406.9,403.3,406.5,414.5,423.2,426.3,423.1,417.2,413.4,411.2,409.7,410.4,413.0,417.3,420.1,421.7,422.5,422.1,420.3,418.2,419.6,418.0,414.5,410.9,409.6,411.1,414.7,408.0,399.9,395.9,398.5,406.1,414.3,418.2,416.3,415.4,407.1,401.3,397.7,398.0,400.9,406.4,410.2,413.0,415.1,416.2,416.6,411.2,412.4,410.6,406.9,403.4,402.3,404.1,407.8,-0.2,1.3,5.3,9.5,11.5,10.5,6.2,1.9,-3.9,-2.1,1.0,5.3,10.1,14.0,16.9,14.0,9.9,5.5,1.6,-1.7,4.3,6.1,7.9,8.5,7.6,5.7,4.0,3.4,59.7,61.2,65.1,69.1,70.9,69.5,65.6,61.4,56.8,57.5,59.5,63.0,67.5,72.1,75.6,72.6,68.5,64.6,61.3,58.7,64.0,65.8,67.6,68.2,67.4,65.6,63.8,63.1,29.2,24.8,22.8,24.4,28.7,33.3,35.1,33.5,30.6,28.4,27.0,26.1,26.4,27.9,30.3,31.7,32.5,33.0,32.9,32.1,30.8,31.5,30.7,28.7,26.9,26.2,27.0,29.0,26.7,22.2,20.0,21.3,25.5,30.0,32.2,31.3,31.0,26.3,23.0,20.9,21.0,22.6,25.7,27.7,29.2,30.4,31.2,31.5,28.5,29.1,28.1,26.0,24.1,23.5,24.5,26.6,463.3,462.1,460.7,459.8,460.1,461.5,462.7,463.6,468.4,465.0,461.6,459.5,459.3,460.4,462.2,461.4,460.8,461.4,463.3,466.0,463.3,462.9,462.3,461.8,461.7,462.0,462.7,463.2,487.1,487.2,486.3,484.8,483.7,483.5,484.5,486.3,490.4,489.0,487.1,484.9,483.8,484.2,484.6,483.4,482.6,483.1,485.2,487.9,486.4,485.8,485.3,485.4,485.9,486.6,487.0,487.0,38.3,63.2,482.9,0.048,0.438,-0.143,607.1,607.7,610.9,617.8,629.2,643.7,659.5,681.4,716.7,761.2,808.2,846.2,866.2,869.9,863.7,858.9,856.5,606.6,617.8,634.9,654.4,673.8,716.1,736.4,758.8,780.5,796.1,697.3,695.9,694.1,692.2,676.9,690.7,703.1,716.5,729.4,632.5,642.6,657.6,671.5,657.8,643.3,738.2,746.3,762.7,778.2,765.2,750.4,661.3,671.8,687.3,701.5,717.9,746.3,778.5,748.6,719.5,701.3,686.9,673.2,668.5,689.8,703.7,720.6,768.1,718.1,700.5,686.7,418.9,451.6,484.1,515.5,543.5,568.3,586.7,603.2,605.8,596.6,575.0,550.5,521.7,490.1,459.5,429.5,398.8,384.1,370.3,365.1,369.0,378.8,374.9,360.8,355.4,358.0,371.1,410.3,428.2,446.0,464.8,489.3,492.2,494.6,490.5,486.3,417.7,409.4,409.1,418.2,422.4,422.0,412.7,402.4,400.2,407.2,412.6,414.8,533.2,522.4,517.6,519.9,515.1,516.1,522.3,540.1,549.9,552.8,552.8,547.6,533.0,533.1,532.8,529.7,524.1,534.5,536.6,536.7,0.01,0.00,1.39,0.00,1.25,0.27,0.36,1.08,1.90,1.43,0.53,0.00,0.89,0.00,0.61,0.00,0.69,0.00,0.00,0.00,0.00,0.00,0.00,1.00,1.00,1.00,1.00,1.00,0.00,1.00,0.00,0.00,0.00,0.00,1.00
65,0,2.133,0.88,1,-0.252357,0.146848,-0.956427,-0.283339,0.180877,-0.941808,-0.275,0.171,639.7,642.4,650.0,658.1,662.0,660.0,651.7,643.6,632.7,636.0,641.9,650.2,659.4,666.7,672.0,666.6,658.8,650.4,643.0,636.8,648.1,651.6,655.0,656.1,654.5,650.9,647.6,646.4,746.9,749.4,756.6,764.3,768.0,765.5,758.3,750.3,741.0,742.6,746.6,753.7,761.9,769.7,775.8,771.1,764.6,757.7,751.0,745.4,754.6,758.1,761.4,762.5,760.8,757.3,754.0,752.9,415.1,406.9,403.3,406.5,414.5,423.2,426.3,423.2,417.2,413.4,411.2,409.7,410.4,413.0,417.3,420.0,421.6,422.5,422.0,420.3,418.2,419.6,418.1,414.5,410.9,409.6,411.1,414.7,408.2,400.2,396.4,398.9,406.3,414.2,418.1,416.2,415.3,407.0,401.1,397.5,397.8,400.6,406.2,409.9,412.8,415.0,416.1,416.4,411.3,412.4,410.7,407.0,403.6,402.5,404.2,407.9,-0.1,1.3,5.3,9.5,11.6,10.6,6.2,1.9,-3.9,-2.1,1.0,5.4,10.2,14.1,16.9,14.0,9.9,5.5,1.6,-1.7,4.3,6.2,7.9,8.5,7.6,5.8,4.0,3.4,61.4,62.8,66.9,71.2,73.2,71.7,67.7,63.2,58.3,59.1,61.2,65.0,69.6,74.3,77.9,75.0,71.1,67.1,63.5,60.6,65.8,67.7,69.6,70.3,69.3,67.4,65.5,64.8,29.2,24.8,22.8,24.5,28.7,33.4,35.1,33.5,30.7,28.4,27.0,26.1,26.5,27.9,30.3,31.7,32.5,33.0,32.9,32.1,30.9,31.6,30.7,28.8,26.9,26.2,27.1,29.0,27.6,23.1,20.9,22.3,26.5,31.0,33.2,32.2,31.9,27.1,23.6,21.5,21.6,23.3,26.5,28.6,30.1,31.4,32.1,32.4,29.4,30.1,29.0,27.0,25.0,24.4,25.4,27.5,463.6,462.4,461.0,460.2,460.4,461.8,463.0,463.8,468.7,465.3,461.9,459.8,459.7,460.8,462.6,461.8,461.1,461.7,463.6,466.3,463.6,463.2,462.6,462.1,462.0,462.4,463.0,463.5,502.4,502.6,502.2,501.2,500.3,500.0,500.5,501.8,504.9,503.7,502.2,500.4,499.9,501.0,501.9,500.4,499.1,499.1,500.6,502.9,502.2,501.8,501.6,501.7,502.1,502.6,502.8,502.7,38.3,63.3,483.3,0.049,0.436,-0.144,606.8,607.4,610.7,617.6,629.1,643.6,659.4,681.6,716.9,761.2,808.1,845.9,865.9,869.7,863.7,859.1,856.7,606.4,617.6,635.0,654.8,674.5,714.6,734.8,757.6,779.9,796.1,697.1,696.0,694.4,692.7,676.9,690.8,703.3,716.9,729.9,632.5,642.6,657.7,671.5,657.9,643.4,737.9,746.2,762.6,778.2,765.2,750.4,661.2,671.6,687.2,701.5,718.0,746.3,778.5,748.7,719.7,701.3,686.9,673.1,668.4,689.7,703.7,720.7,768.1,718.2,700.5,686.6,419.1,451.6,484.0,515.2,543.1,567.9,586.5,603.2,605.8,596.6,575.2,550.8,521.9,490.2,459.5,429.3,398.5,384.4,370.2,365.1,369.2,379.4,375.5,361.0,355.4,357.7,371.1,410.4,428.5,446.5,465.5,489.4,492.4,494.8,490.5,486.2,417.6,409.3,409.1,418.2,422.3,422.0,412.7,402.3,400.1,406.9,412.4,414.7,533.2,521.9,516.9,519.1,514.3,515.5,522.2,540.0,549.9,552.8,552.9,547.8,532.9,532.5,532.1,529.1,523.9,534.2,536.4,536.5,0.01,0.00,1.42,0.00,1.25,0.37,0.40,1.12,1.92,1.32,0.55,0.00,0.83,0.00,0.63,0.00,0.69,0.00,0.00,0.00,0.00,0.00,0.00,1.00,1.00,1.00,1.00,1.00,0.00,1.00,0.00,0.00,0.00,0.00,1.00
66,0,2.167,0.88,1,-0.249999,0.148636,-0.956769,-0.287295,0.179798,-0.940816,-0.276,0.171,639.8,642.5,650.1,658.2,662.0,660.1,651.7,643.6,632.7,636.0,641.9,650.2,659.3,666.6,672.0,666.5,658.7,650.4,642.9,636.8,648.1,651.7,655.0,656.2,654.5,651.0,647.6,646.5,747.1,749.5,756.7,764.4,768.0,765.6,758.4,750.3,741.0,742.7,746.8,753.8,762.0,769.7,775.8,771.2,764.7,757.9,751.2,745.5,754.6,758.2,761.5,762.6,760.9,757.3,754.0,752.9,415.2,407.0,403.4,406.6,414.6,423.2,426.3,423.2,417.2,413.4,411.1,409.6,410.4,413.0,417.3,420.1,421.6,422.5,422.0,420.3,418.3,419.7,418.1,414.5,411.0,409.6,411.2,414.8,408.0,400.1,396.3,398.9,406.2,414.1,417.8,415.9,415.2,406.9,401.0,397.5,397.7,400.5,406.0,409.8,412.7,414.9,416.0,416.4,411.1,412.3,410.5,406.9,403.5,402.4,404.1,407.7,-0.1,1.3,5.3,9.6,11.6,10.6,6.2,1.9,-3.9,-2.1,1.0,5.3,10.2,14.0,16.9,14.0,9.9,5.5,1.6,-1.7,4.3,6.2,8.0,8.6,7.7,5.8,4.0,3.4,61.9,63.3,67.4,71.7,73.7,72.3,68.2,63.7,58.7,59.5,61.7,65.5,70.2,74.8,78.4,75.6,71.7,67.7,64.1,61.0,66.2,68.2,70.1,70.8,69.8,67.9,66.0,65.3,29.3,24.9,22.9,24.5,28.8,33.4,35.2,33.6,30.7,28.4,27.0,26.1,26.5,28.0,30.4,31.8,32.5,33.0,32.9,32.2,30.9,31.7,30.8,28.8,27.0,26.3,27.1,29.1,27.7,23.2,21.0,22.4,26.6,31.1,33.3,32.3,32.1,27.2,23.7,21.6,21.7,23.4,26.6,28.7,30.3,31.5,32.3,32.6,29.5,30.2,29.2,27.1,25.1,24.5,25.5,27.6,464.6,463.4,462.0,461.2,461.4,462.8,464.0,464.8,469.7,466.3,462.9,460.8,460.6,461.7,463.5,462.7,462.1,462.6,464.6,467.2,464.6,464.2,463.6,463.1,463.0,463.3,464.0,464.5,505.6,505.9,505.6,504.7,503.9,503.6,503.9,505.0,508.0,506.8,505.4,503.8,503.4,504.6,505.6,504.0,502.6,502.5,503.9,506.0,505.6,505.2,505.0,505.2,505.6,506.0,506.1,506.0,38.4,63.3,483.5,0.049,0.439,-0.143,606.8,607.3,610.6,617.5,629.0,643.6,659.5,681.6,716.9,761.2,808.1,846.0,866.1,869.8,863.6,858.9,856.5,606.5,617.8,635.0,654.4,673.8,716.3,736.6,758.8,780.4,796.0,697.3,696.1,694.6,692.9,677.0,690.9,703.4,716.9,729.9,632.5,642.6,657.7,671.4,657.8,643.4,738.2,746.3,762.7,778.2,765.3,750.5,661.3,671.6,687.1,701.5,718.1,746.5,778.6,748.9,719.6,701.2,686.8,673.1,668.6,689.6,703.7,720.7,768.3,718.2,700.4,686.5,418.9,451.5,483.9,515.2,543.1,568.0,586.7,603.3,606.0,596.7,575.3,550.9,522.1,490.3,459.6,429.3,398.4,384.2,370.3,365.2,369.1,378.8,374.7,360.6,355.2,357.8,370.9,410.3,428.5,446.5,465.5,489.4,492.3,494.8,490.5,486.2,417.7,409.3,409.1,418.2,422.3,422.0,412.6,402.2,400.0,406.9,412.3,414.6,533.1,521.8,516.9,519.1,514.3,515.4,522.1,540.0,549.9,552.8,552.8,547.6,532.9,532.5,532.2,529.1,523.9,534.3,536.5,536.5,0.01,0.00,1.40,0.00,1.25,0.39,0.40,1.13,1.93,1.27,0.57,0.00,0.76,0.00,0.73,0.00,0.66,0.00,0.00,0.00,0.00,0.00,0.00,1.00,1.00,1.00,1.00,1.00,0.00,1.00,0.00,0.00,0.00,0.00,1.00
67,0,2.200,0.88,1,-0.250337,0.148566,-0.956692,-0.281245,0.182933,-0.942039,-0.273,0.173,639.8,642.5,650.1,658.2,662.0,660.0,651.7,643.6,632.7,636.1,642.0,650.2,659.4,666.7,672.0,666.6,658.8,650.4,643.0,636.8,648.1,651.7,655.0,656.1,654.5,651.0,647.6,646.5,746.9,749.4,756.5,764.2,767.9,765.5,758.3,750.3,741.0,742.6,746.6,753.5,761.7,769.6,775.7,771.1,764.6,757.7,751.0,745.4,754.6,758.1,761.4,762.5,760.8,757.3,754.0,752.9,415.2,407.0,403.4,406.5,414.5,423.2,426.3,423.2,417.3,413.4,411.1,409.7,410.4,413.0,417.3,420.1,421.6,422.5,422.0,420.3,418.3,419.6,418.1,414.5,411.0,409.6,411.2,414.8,408.2,400.2,396.4,398.9,406.3,414.2,418.0,416.2,415.3,407.0,401.1,397.5,397.7,400.5,405.9,409.8,412.8,415.0,416.1,416.5,411.3,412.4,410.6,407.0,403.6,402.5,404.2,407.9,-0.1,1.3,5.3,9.6,11.6,10.6,6.2,1.9,-3.9,-2.1,1.1,5.4,10.2,14.1,17.0,14.1,9.9,5.5,1.6,-1.7,4.3,6.2,7.9,8.6,7.7,5.8,4.1,3.4,61.5,62.9,67.0,71.2,73.2,71.8,67.8,63.3,58.4,59.1,61.2,65.0,69.6,74.3,77.9,75.1,71.2,67.2,63.6,60.7,65.9,67.8,69.7,70.3,69.4,67.4,65.6,64.9,29.3,24.9,22.9,24.6,28.8,33.5,35.2,33.6,30.8,28.5,27.1,26.2,26.6,28.0,30.4,31.8,32.6,33.1,33.0,32.2,31.0,31.7,30.8,28.9,27.0,26.3,27.2,29.1,27.7,23.1,20.9,22.3,26.5,31.0,33.2,32.3,31.9,27.1,23.6,21.5,21.6,23.2,26.4,28.5,30.1,31.4,32.2,32.5,29.5,30.1,29.1,27.0,25.0,24.4,25.5,27.5,465.1,464.0,462.6,461.8,462.0,463.3,464.5,465.3,470.2,466.8,463.5,461.4,461.2,462.3,464.1,463.3,462.6,463.1,465.1,467.7,465.1,464.7,464.1,463.7,463.6,463.9,464.5,465.0,503.1,503.3,502.8,501.8,500.9,500.7,501.2,502.5,505.7,504.4,502.9,501.1,500.6,501.6,502.5,501.0,499.8,499.8,501.3,503.6,502.9,502.4,502.2,502.3,502.7,503.2,503.4,503.3,38.3,63.3,483.5,0.050,0.437,-0.144,606.7,607.3,610.6,617.5,629.1,643.7,659.5,681.7,717.0,761.2,808.0,845.7,865.7,869.7,863.6,859.0,856.5,606.4,617.6,635.0,654.8,674.5,714.7,734.8,757.5,779.7,795.8,697.1,695.9,694.4,692.7,676.9,690.8,703.3,716.9,729.9,632.5,642.6,657.7,671.5,657.9,643.4,737.9,746.1,762.5,778.0,765.2,750.3,661.1,671.6,687.1,701.5,718.2,746.5,778.6,748.8,719.8,701.3,686.8,673.0,668.4,689.6,703.7,720.8,768.2,718.3,700.5,686.5,419.0,451.5,483.9,515.1,543.0,567.9,586.6,603.3,605.9,596.7,575.3,551.0,522.2,490.5,459.6,429.2,398.2,384.5,370.2,365.2,369.2,379.4,375.5,361.0,355.4,357.7,371.0,410.4,428.6,446.6,465.6,489.4,492.4,494.9,490.6,486.2,417.6,409.3,409.1,418.2,422.3,422.0,412.7,402.2,400.0,406.8,412.4,414.7,533.1,521.9,516.9,519.1,514.3,515.4,522.1,539.9,549.8,552.7,552.8,547.7,532.9,532.5,532.1,529.0,523.8,534.2,536.4,536.5,0.00,0.18,1.64,0.00,1.01,0.21,0.26,0.94,1.67,1.18,0.47,0.00,0.57,0.00,0.94,0.00,0.68,0.00,0.00,0.00,0.00,0.00,0.00,1.00,1.00,1.00,1.00,1.00,0.00,1.00,0.00,0.00,0.00,0.00,1.00
68,0,2.233,0.98,1,-0.165711,0.167384,-0.971865,-0.360148,0.180151,-0.915336,-0.272,0.182,642.6,645.0,652.2,660.0,663.7,662.0,654.1,646.3,635.1,637.9,643.0,650.3,658.9,666.4,672.5,666.9,659.2,651.5,644.6,639.0,650.6,654.1,657.3,658.4,656.7,653.2,650.0,648.9,749.5,752.2,759.9,768.1,772.1,769.4,761.7,752.9,743.2,747.6,754.1,762.6,770.7,777.0,781.5,777.7,771.9,764.8,756.6,748.9,757.5,761.0,764.2,765.4,763.7,760.2,757.0,755.8,415.5,407.6,404.1,407.2,415.0,423.4,426.5,423.4,416.6,413.3,411.2,409.9,410.6,412.9,416.6,420.3,422.4,423.4,422.8,420.6,418.7,420.1,418.5,414.9,411.4,410.0,411.6,415.1,410.5,402.2,398.4,401.3,409.2,417.5,421.3,419.1,414.9,410.0,406.5,404.8,405.6,407.8,411.7,415.0,417.0,418.0,418.0,417.4,413.8,415.0,413.4,409.9,406.5,405.3,406.9,410.4,1.4,2.7,6.5,10.6,12.7,11.8,7.6,3.4,-2.7,-1.1,1.6,5.5,10.0,14.0,17.3,14.4,10.3,6.1,2.5,-0.5,5.7,7.5,9.3,9.8,8.9,7.1,5.3,4.8,59.0,60.5,64.8,69.3,71.3,69.8,65.5,60.7,55.7,57.9,61.4,65.9,70.5,74.3,77.1,74.7,71.1,67.0,62.6,58.6,63.4,65.3,67.1,67.8,66.9,65.0,63.2,62.5,29.8,25.5,23.5,25.1,29.3,33.9,35.6,34.1,30.8,28.8,27.4,26.6,26.9,28.2,30.3,32.2,33.3,33.9,33.7,32.8,31.5,32.2,31.3,29.4,27.5,26.8,27.6,29.6,27.2,22.8,20.8,22.3,26.6,31.0,33.0,31.8,29.6,26.9,25.0,24.1,24.6,25.9,28.2,29.8,30.7,31.2,31.2,30.9,29.0,29.7,28.8,27.0,25.2,24.5,25.3,27.2,470.0,468.7,467.1,466.1,466.3,467.9,469.3,470.3,476.1,472.2,468.4,465.8,465.1,465.8,467.4,466.9,466.8,467.8,470.1,473.1,469.9,469.4,468.7,468.1,468.0,468.5,469.2,469.8,471.1,472.0,472.9,473.1,472.7,471.8,471.0,470.9,472.1,471.0,470.3,470.4,471.9,474.5,477.0,474.5,471.8,470.0,469.8,470.8,472.2,472.3,472.7,473.1,473.3,473.1,472.8,472.4,39.7,64.3,486.9,0.062,0.385,-0.124,605.6,606.9,610.8,617.4,628.0,642.4,659.7,682.9,717.8,760.2,803.4,839.5,859.1,864.4,861.7,860.1,859.3,608.7,619.5,637.7,658.7,679.1,716.2,735.1,756.7,778.9,796.7,700.9,699.6,698.1,696.4,678.8,692.6,705.6,719.4,732.3,633.6,644.2,658.8,672.3,659.0,644.9,742.7,753.3,769.4,784.5,771.3,756.3,663.7,675.8,691.5,704.9,720.3,745.1,773.5,747.6,722.5,705.6,691.8,676.8,671.0,693.0,706.3,721.9,763.5,721.5,705.2,692.0,417.2,449.4,480.4,510.4,539.1,564.9,585.0,603.2,607.6,599.8,579.3,554.9,525.6,493.0,461.3,430.4,399.7,384.4,368.6,363.6,368.4,379.7,377.6,364.2,358.1,357.9,369.4,411.2,429.6,447.7,466.8,488.2,492.1,495.0,490.6,485.9,417.6,411.1,411.0,418.5,422.6,422.3,414.8,406.4,405.0,410.5,415.9,417.6,533.6,521.9,516.8,519.5,515.3,518.0,526.5,542.9,551.6,553.9,553.9,548.9,533.3,531.4,531.5,529.4,527.5,536.7,538.5,538.4,0.00,0.37,1.81,0.00,0.75,0.12,0.12,0.76,1.40,1.04,0.37,0.00,0.44,0.00,1.08,0.00,0.74,0.00,0.00,1.00,0.00,0.00,0.00,1.00,0.00,0.00,1.00,0.00,0.00,1.00,0.00,1.00,0.00,0.00,1.00
69,0,2.267,0.98,1,-0.130704,0.169087,-0.976896,-0.341265,0.177634,-0.923030,-0.243,0.181,644.5,646.9,654.1,661.9,665.6,663.9,655.9,648.2,636.2,639.3,644.5,651.9,660.5,667.9,673.7,668.2,660.4,652.6,645.7,640.1,652.4,655.8,659.0,660.1,658.5,655.1,651.9,650.8,750.6,753.3,761.1,769.3,773.2,770.4,762.6,753.9,744.2,748.5,755.0,763.5,771.7,778.2,782.9,778.8,772.7,765.5,757.3,749.7,758.6,762.1,765.4,766.5,764.9,761.5,758.2,757.0,415.7,407.7,404.1,407.0,414.7,423.2,426.3,423.4,416.8,413.4,411.3,410.0,410.8,413.1,416.6,420.3,422.2,423.1,422.6,420.6,418.7,420.0,418.4,414.8,411.4,410.1,411.7,415.3,410.6,402.3,398.5,401.4,409.4,417.7,421.5,419.2,414.8,410.2,406.9,405.3,406.0,407.9,411.5,415.0,417.1,418.2,418.2,417.4,413.8,415.1,413.5,409.9,406.6,405.4,407.0,410.5,2.4,3.7,7.6,11.7,13.7,12.8,8.6,4.4,-2.1,-0.4,2.4,6.4,11.0,14.9,18.2,15.1,11.0,6.8,3.1,0.0,6.7,8.6,10.3,10.8,10.0,8.1,6.4,5.8,59.8,61.4,65.7,70.2,72.2,70.6,66.3,61.6,56.5,58.7,62.1,66.6,71.3,75.2,78.1,75.5,71.8,67.7,63.3,59.3,64.3,66.2,68.0,68.7,67.8,65.9,64.1,63.4,30.1,25.7,23.7,25.2,29.4,34.0,35.8,34.3,31.1,29.0,27.7,26.8,27.2,28.5,30.5,32.4,33.4,34.0,33.9,33.0,31.7,32.4,31.5,29.5,27.7,27.0,27.9,29.9,27.4,22.9,20.9,22.5,26.8,31.2,33.3,32.0,29.7,27.1,25.3,24.4,24.9,26.1,28.2,29.9,30.9,31.4,31.4,31.1,29.2,29.9,29.0,27.1,25.3,24.6,25.5,27.4,472.9,471.9,470.6,469.6,469.7,470.9,472.1,473.0,479.3,475.4,471.7,469.2,468.6,469.3,470.8,470.2,469.9,470.9,473.1,476.2,472.9,472.4,471.8,471.4,471.4,471.8,472.4,472.8,473.4,474.0,474.5,474.7,474.4,473.8,473.2,473.3,474.7,473.4,472.4,472.2,473.5,475.9,478.5,476.1,473.7,472.1,472.1,473.4,474.4,474.5,474.7,474.9,475.1,475.0,474.8,474.5,40.1,64.7,490.3,0.056,0.366,-0.105,605.5,606.5,610.3,616.7,626.7,641.1,658.8,683.0,717.2,757.8,798.9,834.0,854.5,861.8,860.9,860.0,859.4,610.5,621.0,639.2,660.5,681.0,717.0,736.3,758.3,781.2,799.7,701.9,700.8,699.6,698.0,679.6,693.4,706.4,720.4,733.4,634.7,645.6,660.2,673.6,660.3,646.2,743.2,754.5,770.5,785.5,772.4,757.2,663.7,675.7,691.3,705.0,720.5,744.5,771.6,746.9,722.8,705.8,691.6,676.8,671.1,692.7,706.4,722.1,761.7,721.5,705.1,691.5,416.0,447.0,476.9,506.4,535.4,562.0,583.6,602.6,607.5,600.6,581.2,557.7,529.3,496.9,464.4,432.4,400.6,384.5,368.5,363.7,368.4,379.5,377.5,363.9,357.9,358.0,369.9,411.3,429.8,448.2,467.5,488.0,492.1,495.1,490.9,486.4,417.4,411.2,411.0,418.4,422.5,422.2,414.9,406.7,405.4,410.6,416.2,417.9,534.1,522.2,516.7,519.7,515.7,519.2,528.5,543.6,551.6,553.6,553.3,548.4,533.7,531.9,532.3,530.5,529.2,535.6,537.2,536.8,0.00,0.62,1.99,0.00,0.48,0.00,0.00,0.65,1.17,0.90,0.39,0.00,0.29,0.00,1.16,0.00,0.75,0.00,0.00,1.00,0.00,0.00,0.00,1.00,0.00,0.00,1.00,0.00,0.00,1.00,0.00,1.00,0.00,0.00,1.00
70,0,2.300,0.98,1,-0.137539,0.171195,-0.975590,-0.337959,0.175097,-0.924730,-0.245,0.180,644.4,646.9,654.0,661.7,665.5,663.8,655.9,648.2,636.6,639.5,644.7,652.0,660.5,667.8,673.8,668.2,660.5,652.8,645.9,640.4,652.3,655.8,659.1,660.2,658.5,655.0,651.7,650.7,750.5,753.4,761.2,769.4,773.2,770.4,762.6,753.8,744.2,748.6,755.1,763.6,771.8,778.3,783.0,778.9,772.8,765.5,757.3,749.7,758.6,762.1,765.4,766.5,764.9,761.5,758.2,757.0,415.5,407.6,404.0,407.0,414.7,423.1,426.2,423.3,416.5,413.3,411.3,410.0,410.8,413.0,416.6,420.2,422.1,423.0,422.5,420.4,418.6,419.9,418.3,414.7,411.2,409.9,411.5,415.1,410.7,402.3,398.5,401.4,409.5,417.8,421.6,419.3,414.9,410.2,406.9,405.4,406.1,408.0,411.6,415.1,417.2,418.3,418.2,417.5,413.9,415.1,413.5,410.0,406.6,405.4,407.0,410.5,2.4,3.7,7.6,11.7,13.7,12.8,8.6,4.4,-1.9,-0.3,2.5,6.4,11.0,15.0,18.2,15.2,11.1,6.9,3.2,0.2,6.7,8.6,10.3,10.9,10.0,8.1,6.4,5.8,59.6,61.2,65.5,69.9,72.0,70.4,66.1,61.3,56.3,58.5,61.9,66.5,71.1,75.0,77.9,75.3,71.6,67.5,63.1,59.1,64.1,65.9,67.8,68.4,67.6,65.7,63.9,63.2,30.1,25.7,23.7,25.3,29.4,34.1,35.8,34.3,31.1,29.1,27.7,26.9,27.3,28.5,30.5,32.4,33.4,34.0,33.9,33.0,31.8,32.5,31.6,29.6,27.7,27.0,27.9,29.9,27.3,22.8,20.8,22.4,26.7,31.2,33.2,32.0,29.7,27.1,25.2,24.4,24.9,26.0,28.1,29.9,30.8,31.3,31.3,31.0,29.1,29.8,28.9,27.0,25.2,24.5,25.4,27.3,474.6,473.5,472.0,471.0,471.1,472.5,473.7,474.7,480.9,477.0,473.3,470.7,470.0,470.8,472.2,471.7,471.5,472.5,474.7,477.8,474.5,474.0,473.4,472.9,472.8,473.3,473.9,474.4,471.6,472.2,472.7,472.9,472.6,472.1,471.6,471.6,472.9,471.5,470.6,470.4,471.8,474.3,476.8,474.5,472.0,470.4,470.3,471.6,472.7,472.7,472.9,473.2,473.3,473.2,473.0,472.8,40.1,64.9,491.7,0.056,0.354,-0.094,605.6,606.3,609.9,616.0,625.3,639.2,657.0,681.3,715.3,755.3,795.9,831.0,852.3,860.6,860.5,860.1,859.8,610.9,621.1,639.3,660.6,681.1,716.7,736.5,758.9,782.2,801.0,701.6,700.7,699.6,698.1,679.7,693.3,706.3,720.3,733.4,634.9,645.6,660.3,673.8,660.5,646.4,743.1,754.6,770.6,785.5,772.4,757.2,663.6,675.7,691.4,705.1,720.6,744.5,771.2,747.1,723.3,706.3,692.1,677.0,671.2,692.8,706.5,722.3,761.5,721.8,705.5,691.7,415.0,445.2,474.2,502.9,531.8,558.8,581.3,601.7,607.8,601.7,582.9,559.8,531.8,499.6,466.9,434.5,402.6,384.3,368.3,363.7,368.4,379.5,377.5,363.9,358.0,358.4,370.4,411.6,430.1,448.4,467.7,487.8,492.0,495.1,490.8,486.4,417.2,411.1,411.0,418.3,422.3,422.1,414.9,406.7,405.6,410.8,416.3,417.9,533.9,522.0,516.6,519.6,515.6,519.3,528.7,543.8,551.8,553.8,553.4,548.4,533.6,531.7,532.1,530.4,529.3,535.8,537.4,536.8,0.00,0.69,1.95,0.00,0.31,0.00,0.00,0.61,1.14,0.73,0.55,0.01,0.20,0.00,1.13,0.00,0.66,0.00,0.00,1.00,0.00,0.00,0.00,1.00,0.00,0.00,1.00,0.00,0.00,1.00,0.00,1.00,0.00,0.00,1.00
71,0,2.333,0.98,1,-0.125169,0.171002,-0.977288,-0.347378,0.171103,-0.921983,-0.244,0.178,646.6,649.1,656.1,663.6,667.1,665.2,657.5,650.0,638.2,641.4,646.8,654.1,662.4,669.3,674.7,669.4,662.0,654.4,647.6,642.0,654.3,657.4,660.4,661.5,660.0,656.8,653.8,652.8,752.4,755.2,762.8,770.9,774.6,771.8,764.1,755.6,746.6,750.8,757.1,765.4,773.6,780.2,784.8,780.6,774.5,767.3,759.4,752.1,760.2,763.7,767.1,768.3,766.7,763.2,759.8,758.6,415.6,407.8,404.4,407.3,414.8,422.9,425.9,423.0,416.6,413.4,411.3,410.1,411.0,413.4,417.1,420.4,422.1,422.9,422.3,420.3,418.4,419.6,418.1,414.9,411.7,410.5,411.9,415.2,410.7,402.5,398.7,401.6,409.5,417.7,421.5,419.2,414.9,410.0,406.5,405.0,405.8,407.9,411.7,415.0,417.1,418.2,418.1,417.3,414.0,415.3,413.6,410.0,406.6,405.3,406.9,410.5,3.7,5.1,9.1,13.2,15.2,14.2,9.9,5.7,-1.1,0.8,3.8,7.9,12.5,16.5,19.5,16.5,12.4,8.1,4.3,1.1,8.1,9.8,11.5,12.1,11.3,9.5,7.8,7.2,61.5,63.1,67.3,71.8,73.8,72.2,67.9,63.3,58.5,60.6,63.9,68.4,73.1,77.0,80.0,77.3,73.6,69.5,65.2,61.3,65.9,67.9,69.7,70.4,69.5,67.6,65.7,65.0,31.4,27.0,25.0,26.5,30.7,35.4,37.2,35.6,32.3,30.3,28.9,28.1,28.6,30.0,32.1,34.0,34.9,35.4,35.2,34.3,33.0,33.6,32.8,30.9,29.1,28.4,29.3,31.2,27.8,23.3,21.2,22.8,27.1,31.6,33.6,32.4,30.1,27.3,25.4,24.5,25.1,26.3,28.5,30.2,31.2,31.7,31.7,31.4,29.6,30.3,29.4,27.4,25.6,24.9,25.8,27.7,494.0,493.2,492.0,491.2,491.3,492.5,493.4,494.1,500.0,496.2,492.8,490.4,490.0,491.0,492.5,491.8,491.3,492.1,494.1,497.0,494.1,493.8,493.3,492.9,492.9,493.2,493.7,494.1,479.0,479.4,479.7,479.7,479.4,479.0,478.7,478.9,480.1,478.6,477.5,477.2,478.5,480.9,483.5,481.1,478.8,477.3,477.4,478.7,479.8,479.8,479.9,480.1,480.2,480.2,480.1,479.9,40.8,65.4,494.8,0.047,0.347,-0.077,607.4,608.0,611.1,616.4,624.8,638.0,655.9,680.5,713.9,753.1,792.6,827.6,849.8,859.4,860.8,861.3,861.6,612.9,622.6,640.9,662.5,683.1,718.3,738.7,761.5,785.4,804.7,703.2,702.3,701.2,699.8,680.7,694.1,707.1,721.1,734.2,636.5,647.3,661.9,675.2,662.1,648.0,744.8,756.5,772.6,787.4,774.4,759.0,664.8,676.9,692.3,705.4,720.2,743.3,769.1,745.6,722.7,706.4,692.7,677.8,672.4,693.4,706.5,721.5,759.5,721.2,705.7,692.5,416.4,445.3,473.0,500.7,529.4,556.6,579.9,601.3,608.1,602.3,584.0,561.4,534.0,502.3,469.5,436.9,404.8,384.9,368.3,363.6,368.5,379.8,377.8,364.0,358.0,358.5,370.8,412.1,430.8,449.3,468.8,487.4,492.0,495.3,491.2,486.8,417.1,410.9,410.9,418.3,422.3,422.0,415.0,406.7,405.5,410.8,416.5,418.0,534.1,522.0,516.5,519.7,515.9,520.1,530.1,544.9,552.2,553.9,553.3,548.4,533.7,531.3,531.8,530.5,530.5,536.4,537.8,537.2,0.00,0.65,1.99,0.00,0.17,0.00,0.00,0.55,1.09,0.48,0.62,0.01,0.09,0.00,1.17,0.00,0.35,0.00,0.00,1.00,0.00,0.00,0.00,1.00,0.00,0.00,1.00,0.00,0.00,1.00,0.00,1.00,0.00,0.00,1.00
72,0,2.367,0.98,1,-0.055321,0.151207,-0.986953,-0.290895,0.092564,-0.952267,-0.177,0.125,650.4,653.3,660.7,668.2,671.5,669.1,661.1,653.6,639.9,644.1,650.2,657.9,666.1,672.4,677.0,672.0,664.9,657.3,650.3,644.3,657.8,661.1,664.2,665.5,664.1,660.9,657.7,656.5,755.6,758.1,765.8,774.4,778.7,776.2,768.5,759.2,748.5,752.9,759.7,768.7,777.0,783.0,786.9,783.0,777.5,770.5,762.5,754.7,763.6,767.2,770.5,771.6,769.7,766.1,762.8,761.7,414.4,406.7,403.4,406.4,414.0,422.2,425.0,422.0,416.3,412.8,410.7,409.5,410.3,412.9,416.9,420.1,421.7,422.5,421.8,419.8,417.5,418.8,417.4,414.1,410.8,409.6,411.0,414.3,407.6,398.8,394.9,398.3,406.8,415.6,419.5,416.9,414.8,405.9,400.1,397.9,400.2,405.0,412.0,414.7,416.1,416.8,416.7,416.3,411.5,412.9,411.3,407.5,403.8,402.4,404.1,407.8,5.9,7.6,11.8,16.0,17.9,16.5,12.0,7.7,-0.1,2.3,5.8,10.2,14.8,18.4,21.1,18.2,14.1,9.8,5.9,2.4,10.2,12.0,13.8,14.5,13.7,11.9,10.1,9.4,57.1,58.6,62.7,67.1,69.2,67.7,63.6,58.9,53.6,55.7,59.1,63.7,68.1,71.6,73.9,71.5,68.2,64.4,60.3,56.6,61.3,63.2,65.0,65.6,64.7,62.8,61.0,60.4,30.9,26.5,24.7,26.4,30.7,35.4,37.0,35.3,32.3,30.1,28.8,28.0,28.5,30.0,32.4,34.2,35.0,35.4,35.1,34.2,32.8,33.5,32.7,30.8,28.9,28.2,29.0,30.9,23.5,19.3,17.4,19.1,23.4,27.6,29.5,28.1,27.1,22.6,19.8,18.8,20.0,22.5,26.2,27.3,27.8,28.0,27.9,27.7,25.6,26.3,25.5,23.7,21.9,21.1,21.9,23.8,497.7,497.5,497.3,497.3,497.4,498.0,497.9,497.9,502.6,499.6,496.9,495.3,495.6,496.9,498.7,497.6,496.4,496.4,497.9,500.2,498.5,498.5,498.5,498.4,498.3,498.3,498.4,498.5,432.6,434.0,435.8,436.7,436.4,434.9,433.2,432.3,432.1,432.0,432.3,433.1,435.1,438.0,440.1,437.2,434.1,431.8,431.2,431.5,434.3,434.7,435.4,436.0,436.2,435.8,435.0,434.4,41.7,65.6,497.6,0.029,0.330,-0.058,609.3,609.6,612.2,616.7,624.2,636.7,655.0,680.2,713.2,751.5,789.9,824.5,847.1,857.7,860.9,862.5,863.4,615.4,625.3,643.6,665.3,685.8,720.9,741.5,764.4,788.8,808.5,705.5,704.4,703.2,701.6,682.7,695.7,708.4,722.1,734.9,638.9,649.8,665.1,678.3,664.9,650.2,746.8,758.7,775.4,790.2,777.4,761.3,667.3,679.3,694.2,706.3,719.7,741.7,766.6,743.6,721.6,706.9,694.3,679.8,674.9,695.0,707.1,720.7,757.3,720.3,706.3,694.2,417.3,444.7,471.0,497.8,526.0,553.7,578.0,600.1,607.3,602.0,584.4,562.0,534.9,503.9,471.6,439.1,406.7,385.3,368.6,364.1,368.8,379.9,377.4,363.4,357.3,358.0,370.7,411.2,430.5,449.6,469.6,487.4,492.2,495.5,491.7,487.5,416.0,408.5,408.7,417.9,421.9,421.7,414.0,403.7,402.4,409.0,415.5,417.1,534.5,522.2,516.5,519.7,516.0,520.8,531.2,545.6,551.9,553.1,552.6,547.9,533.8,531.0,531.6,530.4,531.4,536.3,537.4,536.7,0.00,0.65,2.10,0.00,0.03,0.00,0.00,0.42,1.03,0.24,0.61,0.03,0.00,0.01,1.21,0.11,0.13,0.00,0.00,1.00,0.00,0.00,0.00,1.00,0.00,0.00,0.00,0.00,0.00,1.00,0.00,1.00,0.00,0.00,1.00
73,0,2.400,0.98,1,-0.050961,0.151136,-0.987199,-0.289426,0.095314,-0.952443,-0.174,0.126,650.4,653.4,660.8,668.3,671.6,669.1,661.2,653.6,639.9,644.2,650.3,658.0,666.1,672.4,676.9,671.9,664.9,657.4,650.4,644.3,657.9,661.1,664.3,665.5,664.1,660.9,657.8,656.5,755.6,758.2,766.1,774.6,778.8,776.2,768.3,759.2,748.6,752.9,759.6,768.7,777.1,783.4,787.4,783.3,777.5,770.4,762.4,754.7,763.7,767.3,770.6,771.8,770.0,766.3,763.0,761.9,414.2,406.5,403.2,406.3,413.9,422.1,424.9,421.8,416.4,412.8,410.7,409.4,410.3,413.0,417.1,420.2,421.7,422.4,421.7,419.8,417.4,418.7,417.3,414.0,410.7,409.5,410.9,414.1,407.8,399.0,395.0,398.3,406.8,415.6,419.5,417.0,414.8,405.8,400.0,397.8,400.1,404.8,411.8,414.6,416.1,416.9,416.8,416.3,411.5,412.9,411.2,407.5,403.8,402.5,404.1,407.9,5.9,7.6,11.8,16.1,18.0,16.6,12.1,7.8,-0.0,2.4,5.8,10.2,14.8,18.5,21.1,18.2,14.2,9.9,5.9,2.5,10.2,12.0,13.8,14.6,13.8,11.9,10.1,9.4,57.7,59.1,63.3,67.7,69.7,68.2,64.1,59.4,54.1,56.3,59.6,64.2,68.7,72.3,74.7,72.2,68.8,64.9,60.8,57.1,61.9,63.8,65.5,66.2,65.3,63.4,61.6,61.0,30.9,26.5,24.6,26.3,30.7,35.4,37.0,35.2,32.4,30.2,28.8,28.0,28.5,30.1,32.6,34.3,35.1,35.5,35.2,34.2,32.7,33.5,32.7,30.8,28.9,28.2,29.0,30.9,23.8,19.5,17.6,19.2,23.5,27.8,29.7,28.4,27.3,22.8,19.9,18.9,20.1,22.6,26.2,27.5,28.1,28.3,28.2,28.0,25.8,26.5,25.7,23.8,22.0,21.3,22.1,24.0,498.4,498.2,498.1,498.1,498.2,498.6,498.5,498.5,503.1,500.2,497.6,496.1,496.4,497.7,499.5,498.3,497.0,497.0,498.5,500.8,499.2,499.2,499.1,499.1,499.0,499.1,499.1,499.2,436.4,437.6,439.0,439.8,439.5,438.2,436.8,436.2,436.2,435.8,435.8,436.4,438.3,441.0,443.2,440.5,437.5,435.5,435.0,435.5,437.9,438.2,438.8,439.4,439.5,439.2,438.6,438.0,41.7,65.5,497.8,0.034,0.317,-0.047,609.1,609.2,611.6,615.8,622.7,634.9,653.3,678.8,711.9,749.8,787.7,822.2,845.4,856.8,861.0,863.2,864.7,615.4,625.3,643.8,665.7,686.3,720.5,741.9,765.7,790.7,810.8,705.3,704.4,703.2,701.7,682.7,695.6,708.2,722.1,734.9,638.9,649.9,665.2,678.5,665.1,650.2,746.8,758.9,775.6,790.4,777.6,761.4,667.4,679.6,694.5,706.5,719.7,741.6,766.5,743.6,721.8,707.4,694.9,680.3,675.2,695.2,707.2,720.6,757.2,720.4,706.6,694.5,414.7,441.6,467.5,493.9,522.2,550.3,575.3,598.7,606.8,602.1,585.2,563.3,536.8,506.2,473.9,441.3,408.6,385.3,368.6,364.2,368.9,380.0,377.3,363.3,357.4,358.5,371.5,411.5,430.7,449.6,469.5,487.1,492.0,495.4,491.6,487.4,415.9,408.5,408.7,417.8,421.9,421.6,414.0,403.6,402.4,409.0,415.5,417.2,534.2,522.2,516.6,519.7,516.2,521.0,531.3,545.5,551.8,553.0,552.4,547.7,533.6,530.9,531.4,530.4,531.4,536.4,537.4,536.7,0.06,0.57,1.86,0.00,0.00,0.00,0.01,0.45,1.02,0.08,0.38,0.02,0.00,0.01,1.16,0.50,0.00,0.00,0.00,1.00,0.00,0.00,0.00,1.00,0.00,0.00,0.00,0.00,0.00,1.00,0.00,1.00,0.00,0.00,1.00
74,0,2.433,0.98,1,-0.136609,0.156981,-0.978108,-0.310302,-0.006028,-0.950619,-0.228,0.078,653.7,656.5,664.2,672.2,675.8,673.5,665.3,657.3,644.2,648.8,655.8,664.1,672.4,678.4,682.4,677.7,671.3,664.0,656.5,649.6,661.4,664.9,668.2,669.4,667.8,664.4,661.0,659.8,757.2,759.3,766.7,775.1,779.6,777.5,770.0,761.4,752.3,754.4,759.1,766.7,776.4,785.8,793.2,786.6,778.4,770.0,762.9,756.9,766.0,769.8,773.1,774.1,772.1,768.3,764.9,764.0,412.4,404.5,401.0,404.0,411.7,420.3,423.2,420.2,416.8,409.6,404.6,402.1,403.8,408.8,416.9,419.1,420.1,420.7,420.4,419.3,416.0,417.3,415.8,412.4,409.0,407.7,409.2,412.7,405.7,396.4,391.6,394.1,402.6,411.9,416.7,414.9,414.6,406.6,400.9,397.7,398.1,400.5,404.9,411.1,415.5,418.2,418.5,417.5,408.7,409.9,407.7,403.5,399.7,398.5,400.7,404.9,7.4,9.0,13.1,17.5,19.4,18.1,13.7,9.4,2.3,4.8,8.5,13.0,17.6,20.9,23.1,20.4,16.9,12.9,8.9,5.2,11.6,13.5,15.3,16.0,15.1,13.2,11.4,10.7,55.9,56.8,60.1,63.9,65.9,65.0,61.7,57.8,53.9,54.6,56.5,59.8,64.2,68.8,72.5,69.2,65.2,61.4,58.3,55.8,60.0,61.7,63.2,63.6,62.7,61.0,59.5,59.1,28.4,24.1,22.3,23.9,28.1,32.7,34.1,32.5,30.9,26.9,24.1,22.7,23.7,26.5,31.0,32.0,32.4,32.7,32.6,32.1,30.4,31.1,30.3,28.4,26.6,25.9,26.7,28.6,21.8,17.3,15.0,16.1,20.1,24.5,26.9,26.1,26.2,22.3,19.4,17.8,18.0,19.1,21.3,24.1,26.2,27.5,27.7,27.5,23.2,23.7,22.6,20.6,18.8,18.3,19.4,21.4,473.7,474.9,475.7,475.7,474.8,473.8,472.7,472.8,475.7,474.6,473.3,473.1,474.1,475.2,476.0,474.2,472.2,471.3,472.0,473.8,474.4,474.4,474.7,475.3,475.7,475.7,475.3,474.8,417.3,416.8,415.3,413.7,412.9,413.4,414.9,416.8,419.9,417.6,415.1,412.9,412.2,412.9,414.0,412.9,412.3,413.1,415.0,417.7,416.5,415.8,415.1,414.9,415.2,415.9,416.6,416.8,44.2,66.4,507.8,0.054,0.299,-0.033,611.9,611.8,614.1,617.9,623.9,634.5,653.0,679.3,712.4,749.7,786.9,821.0,843.8,854.9,859.6,861.9,863.2,620.5,630.8,649.1,670.3,689.8,727.5,748.6,771.7,795.3,813.3,709.8,709.0,708.1,706.7,688.6,700.6,712.2,724.5,736.1,644.5,655.4,671.4,684.1,671.1,655.5,749.0,759.8,777.2,791.5,779.7,763.1,674.6,685.1,699.0,709.7,720.9,740.6,761.8,743.0,724.3,711.8,700.5,686.4,682.6,700.1,710.6,722.2,752.7,722.4,710.4,699.6,413.8,439.7,465.0,490.5,517.9,545.9,571.3,595.3,603.7,599.4,582.4,560.4,534.5,505.2,474.8,443.6,412.3,383.3,368.0,364.4,369.4,380.1,377.7,364.3,358.6,360.8,374.6,411.9,431.3,450.4,470.2,487.5,491.8,494.6,491.5,488.0,413.2,404.2,405.1,416.8,420.7,419.9,413.6,401.1,399.7,407.9,415.2,417.0,535.3,521.1,514.2,517.4,514.0,519.9,532.4,546.0,551.9,552.8,552.2,547.9,533.9,529.9,530.2,529.7,532.1,535.0,535.7,534.9,0.06,0.56,1.64,0.00,0.00,0.00,0.03,0.47,0.99,0.06,0.19,0.02,0.00,0.01,1.09,0.89,0.00,0.00,0.00,1.00,0.00,0.00,0.00,0.00,0.00,0.00,0.00,0.00,0.00,0.00,0.00,1.00,0.00,0.00,1.00
75,0,2.467,0.98,1,-0.131083,0.152780,-0.979528,-0.332893,-0.017296,-0.942806,-0.237,0.070,653.6,656.5,664.3,672.4,676.1,673.7,665.4,657.3,644.2,648.8,655.8,664.2,672.5,678.6,682.6,677.9,671.5,664.2,656.7,649.6,661.4,664.9,668.4,669.6,668.0,664.4,661.0,659.7,757.6,759.8,767.6,776.5,781.1,778.9,771.1,761.9,752.6,755.6,761.2,769.4,778.8,787.4,794.0,788.5,781.0,772.8,765.1,758.2,766.5,770.5,774.0,775.0,772.9,768.9,765.3,764.3,412.0,403.9,400.4,403.5,411.5,420.2,423.1,420.0,416.4,409.3,404.4,401.8,403.4,408.5,416.7,418.9,419.9,420.5,420.2,419.0,415.8,417.2,415.6,412.0,408.6,407.2,408.7,412.3,405.4,396.2,391.3,393.8,402.0,411.2,416.1,414.4,414.8,406.8,401.0,397.8,398.0,400.3,404.5,410.5,414.9,417.6,418.1,417.4,408.3,409.4,407.2,403.0,399.3,398.2,400.4,404.6,7.3,8.8,13.1,17.4,19.4,18.1,13.6,9.2,2.2,4.7,8.5,12.9,17.4,20.7,22.9,20.3,16.8,12.9,8.9,5.1,11.5,13.4,15.2,15.9,15.1,13.1,11.3,10.6,56.9,58.0,61.7,65.8,68.0,66.9,63.3,59.0,54.7,55.9,58.4,62.1,66.7,71.1,74.6,71.7,67.8,63.8,60.3,57.2,61.2,63.1,64.8,65.3,64.3,62.4,60.7,60.2,27.9,23.6,21.7,23.4,27.6,32.3,33.7,32.1,30.3,26.4,23.7,22.4,23.3,26.1,30.5,31.6,32.0,32.2,32.1,31.6,29.9,30.7,29.9,28.0,26.1,25.4,26.2,28.1,22.0,17.5,15.1,16.3,20.2,24.7,27.1,26.3,26.6,22.7,19.7,18.1,18.3,19.4,21.6,24.4,26.4,27.7,28.0,27.8,23.4,23.9,22.8,20.8,19.0,18.5,19.6,21.6,468.6,469.8,470.7,470.8,469.9,468.9,467.8,467.7,470.4,469.4,468.1,468.0,469.1,470.2,471.1,469.3,467.3,466.3,466.9,468.6,469.4,469.4,469.8,470.4,470.7,470.7,470.3,469.8,423.5,423.4,422.8,422.0,421.5,421.6,422.2,423.3,425.2,423.2,421.4,420.1,420.5,422.2,424.0,422.3,420.8,420.5,421.6,423.5,423.5,423.1,422.9,422.9,423.1,423.4,423.7,423.7,44.5,66.2,506.9,0.053,0.287,-0.027,612.0,611.9,614.2,617.9,623.6,634.0,652.6,679.1,712.5,749.9,786.8,820.5,843.2,854.3,859.2,861.9,863.4,620.4,630.8,649.5,670.9,690.6,728.7,750.3,774.0,797.8,816.0,710.5,709.8,708.8,707.4,689.2,701.2,712.7,725.0,736.6,644.3,655.3,671.5,684.5,671.3,655.5,750.2,761.6,779.1,793.5,781.6,764.7,675.0,685.7,699.7,710.4,721.8,741.3,762.0,743.5,725.1,712.5,701.0,686.9,683.0,700.6,711.3,723.0,753.1,723.2,711.1,700.2,413.7,439.4,464.3,489.5,516.7,544.7,570.3,594.6,603.4,599.1,582.0,560.2,534.6,505.6,475.4,444.5,413.4,383.4,367.9,364.4,369.3,380.2,377.6,364.1,358.4,360.8,374.6,411.7,431.2,450.5,470.4,487.4,491.8,494.6,491.5,488.0,413.0,403.9,404.9,416.5,420.4,419.6,413.4,400.8,399.4,407.6,415.0,416.8,535.1,521.2,514.4,517.5,514.1,520.1,532.4,546.0,552.0,552.9,552.3,547.8,533.8,529.8,530.1,529.6,532.2,535.1,535.9,535.1,0.06,0.35,1.25,0.01,0.00,0.00,0.07,0.51,0.87,0.00,0.00,0.03,0.00,0.00,1.02,1.28,0.00,0.00,1.00,1.00,0.00,0.00,0.00,0.00,0.00,0.00,0.00,0.00,0.00,0.00,0.00,1.00,0.00,0.00,1.00
76,0,2.500,0.98,1,-0.147105,0.146960,-0.978142,-0.330340,-0.012561,-0.943778,-0.243,0.070,655.3,658.4,666.5,674.7,678.2,675.7,667.0,658.8,646.4,651.0,657.9,666.4,675.1,681.6,686.1,681.0,674.1,666.5,658.8,651.8,663.3,666.9,670.5,671.9,670.3,666.7,663.1,661.7,759.8,762.0,769.5,777.8,782.2,779.9,772.5,763.9,755.5,757.4,761.7,769.5,779.9,790.0,798.2,790.9,782.0,773.1,765.6,759.8,768.6,772.6,776.1,777.1,775.1,771.1,767.6,766.6,412.1,403.8,400.1,403.3,411.4,420.4,423.4,420.2,416.5,409.6,404.8,402.1,403.7,408.6,416.5,418.8,419.9,420.7,420.4,419.2,415.9,417.3,415.6,411.9,408.4,407.0,408.6,412.3,405.9,396.0,390.9,393.5,402.4,412.3,417.4,415.6,414.5,406.8,401.1,397.8,398.2,400.7,405.3,411.3,415.5,418.1,418.4,417.6,409.3,410.5,408.1,403.4,399.3,398.0,400.4,405.1,8.0,9.7,13.9,18.2,20.1,18.7,14.2,9.9,3.4,5.8,9.4,13.8,18.4,21.9,24.3,21.5,17.8,13.8,9.8,6.2,12.3,14.2,16.0,16.8,15.9,14.0,12.2,11.4,53.5,54.5,57.5,60.9,62.6,61.7,58.7,55.3,52.0,52.5,54.1,57.2,61.6,66.1,69.8,66.5,62.5,58.8,55.8,53.6,57.3,58.9,60.3,60.8,59.9,58.3,56.9,56.5,27.4,23.0,21.1,22.8,27.0,31.7,33.2,31.6,29.9,26.1,23.5,22.1,22.9,25.5,29.7,30.9,31.3,31.7,31.6,31.1,29.4,30.1,29.2,27.3,25.5,24.7,25.6,27.5,20.5,16.1,13.7,14.8,18.7,23.1,25.5,24.8,24.6,21.0,18.3,16.7,16.8,17.9,20.0,22.6,24.4,25.6,25.9,25.8,22.0,22.4,21.3,19.2,17.4,16.9,18.0,20.1,459.7,460.5,460.8,460.3,459.4,458.9,458.4,458.8,462.2,460.6,458.8,458.1,458.7,459.7,460.7,459.1,457.5,456.9,457.9,460.0,460.1,459.9,460.0,460.3,460.7,460.9,460.8,460.4,391.1,390.6,388.8,386.7,385.6,386.0,387.9,390.3,394.1,391.7,389.1,386.5,385.2,385.4,386.3,385.3,385.1,386.2,388.5,391.5,389.8,388.8,388.0,387.7,388.3,389.3,390.1,390.4,45.7,66.7,511.4,0.047,0.267,-0.016,613.5,613.3,615.5,619.1,624.3,634.2,652.6,679.3,712.8,749.6,785.7,818.4,840.5,851.3,856.4,859.6,861.7,622.9,633.6,652.2,673.6,692.8,732.4,754.4,778.0,801.5,818.9,713.1,712.2,711.0,709.5,691.3,703.0,714.2,726.1,737.4,646.5,657.8,674.2,687.0,673.8,657.8,751.8,763.4,781.0,795.2,783.3,766.4,677.9,688.7,702.2,712.1,722.3,740.6,759.9,742.5,725.4,714.0,703.4,689.6,685.9,702.9,712.8,723.3,751.2,723.6,712.7,702.6,413.7,439.2,464.2,489.4,516.4,544.1,569.3,593.2,602.0,597.9,581.3,559.7,534.3,505.6,475.9,445.2,414.2,382.9,367.6,364.3,369.2,379.8,377.1,364.0,358.6,361.4,375.5,411.6,431.1,450.3,470.1,486.9,491.2,494.0,491.1,487.7,413.0,403.9,404.9,416.6,420.7,419.9,413.6,401.0,399.7,408.0,415.5,417.2,535.2,520.9,513.9,516.9,513.6,520.0,532.6,546.1,551.6,552.4,551.9,547.5,533.7,529.1,529.3,528.9,532.2,534.6,535.3,534.6,0.00,0.20,1.16,0.11,0.00,0.00,0.11,0.42,0.75,0.00,0.00,0.10,0.00,0.00,1.02,1.49,0.00,0.00,1.00,1.00,0.00,0.00,0.00,0.00,0.00,0.00,0.00,0.00,0.00,0.00,0.00,1.00,1.00,0.00,1.00
77,0,2.533,0.98,1,-0.145437,0.143184,-0.978952,-0.326238,-0.026938,-0.944904,-0.240,0.060,655.3,658.4,666.4,674.7,678.3,675.8,667.2,658.9,646.3,651.0,658.0,666.5,675.2,681.6,686.1,681.0,674.3,666.7,658.9,651.8,663.3,667.0,670.5,671.9,670.3,666.6,663.1,661.7,760.1,762.6,770.6,779.5,784.0,781.5,773.5,764.3,755.5,758.0,763.2,771.5,781.8,791.7,799.2,792.6,783.9,774.9,766.8,760.3,769.2,773.4,777.2,778.4,776.3,772.1,768.3,767.1,412.1,403.7,400.0,403.2,411.3,420.4,423.4,420.2,416.5,409.6,404.8,402.1,403.6,408.5,416.5,418.8,419.9,420.6,420.3,419.1,415.8,417.2,415.6,411.9,408.3,406.9,408.5,412.2,405.8,395.9,390.8,393.4,402.3,412.2,417.3,415.5,414.8,407.0,401.1,397.8,398.2,400.7,405.5,411.4,415.5,418.0,418.4,417.7,409.2,410.5,408.0,403.4,399.2,398.0,400.4,405.1,8.0,9.7,13.9,18.2,20.1,18.7,14.2,9.9,3.3,5.8,9.4,13.9,18.4,21.8,24.2,21.5,17.9,13.9,9.9,6.2,12.2,14.1,16.0,16.8,15.9,14.0,12.1,11.4,53.9,55.0,58.4,62.1,63.9,62.8,59.5,55.7,52.2,53.0,55.0,58.4,62.9,67.4,70.9,67.8,63.8,59.9,56.6,54.0,57.9,59.6,61.2,61.7,60.8,59.1,57.5,57.0,27.3,22.9,21.0,22.7,26.9,31.6,33.2,31.5,29.8,26.0,23.4,22.0,22.8,25.5,29.7,30.8,31.3,31.6,31.5,31.0,29.3,30.0,29.2,27.3,25.4,24.7,25.5,27.4,20.6,16.1,13.8,14.9,18.7,23.2,25.5,24.8,24.8,21.1,18.4,16.8,17.0,18.1,20.2,22.8,24.6,25.7,26.1,25.9,22.0,22.5,21.4,19.3,17.5,17.0,18.1,20.2,458.8,459.7,460.0,459.8,459.0,458.3,457.7,458.0,461.1,459.6,457.9,457.3,458.2,459.2,460.3,458.6,456.9,456.2,457.1,459.1,459.3,459.2,459.4,459.7,460.1,460.2,460.1,459.7,392.6,392.4,391.0,389.3,388.2,388.4,389.8,391.8,395.2,393.1,390.9,388.7,388.0,388.6,389.7,388.5,387.8,388.3,390.2,393.0,391.7,390.9,390.2,390.1,390.6,391.5,392.1,392.2,46.0,66.7,512.1,0.039,0.256,-0.010,614.4,614.3,616.6,619.9,624.7,634.4,652.6,679.5,713.0,749.6,785.0,817.1,838.8,849.1,853.9,857.0,859.0,622.9,633.5,652.6,674.3,693.8,733.4,755.9,780.1,803.9,821.2,713.9,712.9,711.7,710.2,691.5,703.3,714.6,726.6,738.0,646.3,657.8,674.4,687.5,673.9,657.7,752.5,764.7,782.5,796.7,784.7,767.5,678.1,689.1,702.7,712.5,722.7,740.9,760.0,742.6,725.6,714.2,703.6,689.8,686.0,703.3,713.1,723.6,751.2,723.8,713.0,702.9,412.6,438.5,464.0,489.3,516.6,544.2,569.2,593.0,601.9,597.9,581.6,560.1,534.8,506.0,476.1,445.0,413.6,383.4,367.6,364.1,369.2,380.1,377.3,364.1,358.6,361.7,376.5,411.5,431.1,450.4,470.4,486.7,491.2,494.0,491.1,487.6,412.9,403.9,404.9,416.5,420.6,419.9,413.6,401.0,399.8,408.0,415.7,417.3,535.1,521.0,514.0,517.1,513.7,520.2,532.7,546.2,551.6,552.3,551.9,547.5,533.7,529.1,529.3,529.0,532.4,534.5,535.1,534.4,0.02,0.05,0.82,0.27,0.00,0.00,0.12,0.24,0.64,0.00,0.00,0.22,0.00,0.00,1.17,1.72,0.00,0.00,1.00,1.00,0.00,0.00,0.00,0.00,0.00,0.00,0.00,0.00,0.00,0.00,0.00,1.00,1.00,0.00,1.00
78,0,2.567,0.98,1,-0.198778,0.177027,-0.963924,-0.330467,-0.034616,-0.943182,-0.271,0.075,658.8,661.5,668.8,676.4,679.8,677.7,669.8,662.2,652.7,656.3,662.0,669.8,678.2,684.7,689.4,684.6,677.6,670.1,663.4,657.3,666.6,669.8,672.8,674.0,672.6,669.4,666.4,665.2,762.6,765.3,773.3,782.0,786.2,783.6,775.6,766.3,755.0,760.1,767.3,776.7,786.5,794.3,799.5,794.2,786.7,778.3,769.6,761.2,771.1,774.9,778.4,779.6,777.7,773.9,770.4,769.2,411.9,403.9,400.3,403.1,410.7,419.3,422.4,419.6,415.5,409.2,405.2,402.5,403.2,406.7,412.9,417.0,419.5,421.0,420.7,419.0,414.9,416.0,414.5,411.2,408.0,406.8,408.3,411.7,404.7,395.8,391.5,394.2,402.5,411.3,415.6,413.5,410.4,405.3,401.5,399.5,400.1,402.0,405.3,412.5,416.9,418.9,418.1,415.6,407.5,408.7,406.8,402.9,399.3,398.1,400.0,403.8,10.5,12.1,16.2,20.4,22.3,21.1,16.7,12.5,7.2,9.2,12.3,16.7,21.4,25.0,27.7,25.0,21.0,16.8,13.1,9.7,15.0,16.7,18.4,19.1,18.3,16.5,14.8,14.2,57.0,58.1,61.8,65.9,67.9,66.8,63.1,58.8,53.7,55.8,58.8,63.1,67.9,72.0,75.1,72.2,68.4,64.3,60.3,56.5,61.1,62.9,64.5,65.0,64.1,62.3,60.7,60.1,29.2,24.7,22.6,24.1,28.4,33.2,35.0,33.5,31.4,27.7,25.3,23.8,24.1,26.1,29.7,31.9,33.2,34.1,34.0,33.2,30.9,31.5,30.6,28.7,27.0,26.3,27.2,29.1,20.8,16.6,14.6,15.9,19.7,23.9,25.9,24.9,23.5,21.0,19.2,18.3,18.6,19.6,21.3,24.6,26.5,27.4,27.0,25.9,22.1,22.7,21.8,20.0,18.3,17.7,18.6,20.4,492.2,492.1,491.3,490.3,489.7,490.0,490.6,491.6,495.0,492.5,490.2,488.8,489.0,489.9,491.3,490.0,488.7,488.8,490.4,492.8,492.0,491.6,491.3,491.2,491.5,491.9,492.2,492.3,406.5,405.9,405.6,405.9,406.5,407.2,407.5,407.5,408.8,406.4,404.5,403.9,405.7,408.5,412.0,409.9,408.0,406.9,406.8,407.9,407.6,407.7,407.6,407.3,407.0,406.9,407.0,407.3,48.2,67.5,518.0,0.044,0.233,0.000,614.3,615.1,618.3,622.3,627.3,637.9,656.2,682.2,714.7,749.9,783.7,814.7,836.0,847.1,853.3,857.7,860.4,627.3,639.5,658.6,679.7,698.8,740.4,761.9,783.8,805.7,822.3,720.2,719.6,718.7,717.7,698.6,709.2,719.6,730.5,740.5,650.6,662.4,678.5,690.7,677.6,661.8,756.1,767.9,784.8,798.3,786.7,770.2,683.8,695.6,708.9,716.3,723.7,739.2,755.8,739.2,724.2,715.8,707.4,694.6,691.3,708.8,716.5,724.1,747.8,723.3,715.4,707.7,413.9,440.1,465.8,491.5,518.5,545.7,569.6,592.2,600.8,597.0,580.4,558.4,533.0,504.7,475.6,445.4,415.1,382.5,368.1,364.3,368.5,377.8,375.2,364.5,360.1,362.8,375.7,409.6,430.5,450.9,472.0,486.7,490.9,493.8,491.6,488.5,412.1,403.8,404.6,415.4,419.7,419.0,412.5,401.3,400.6,408.4,415.7,416.8,534.9,521.2,514.3,517.3,514.5,521.8,534.2,547.3,551.0,551.1,550.4,546.4,533.8,529.1,529.3,529.4,534.0,533.1,533.4,532.8,0.08,0.00,0.51,0.28,0.00,0.00,0.10,0.09,0.58,0.00,0.00,0.45,0.00,0.00,1.50,2.01,0.00,0.00,1.00,0.00,0.00,0.00,0.00,0.00,0.00,0.00,0.00,0.00,0.00,0.00,0.00,1.00,1.00,0.00,0.00
79,0,2.600,0.98,1,-0.171061,0.177250,-0.969186,-0.293549,-0.037916,-0.955192,-0.237,0.072,659.1,661.9,669.7,677.8,681.5,679.2,670.9,662.8,651.9,656.4,663.0,671.1,679.1,685.1,689.1,685.0,678.8,671.3,664.0,657.1,667.0,670.4,673.7,674.9,673.4,669.9,666.7,665.4,763.4,766.1,774.1,782.8,787.0,784.2,776.2,767.0,755.2,760.6,768.0,777.5,787.1,794.5,799.4,794.3,787.0,778.7,770.0,761.4,771.7,775.5,779.0,780.2,778.4,774.6,771.1,769.9,412.4,404.2,400.5,403.5,411.5,420.3,423.4,420.4,416.3,410.0,406.0,403.3,403.7,407.1,413.4,417.3,419.7,421.2,421.0,419.5,415.7,417.0,415.4,412.0,408.6,407.3,408.9,412.4,404.7,395.8,391.5,394.2,402.4,411.3,415.6,413.5,410.5,405.4,401.6,399.6,400.1,401.9,405.1,412.4,416.9,418.8,418.1,415.6,407.5,408.7,406.8,402.8,399.2,398.0,400.0,403.9,10.5,12.1,16.4,20.9,23.0,21.7,17.0,12.6,6.6,9.0,12.6,17.1,21.6,25.0,27.3,24.9,21.3,17.2,13.2,9.4,14.9,16.8,18.6,19.3,18.5,16.6,14.7,14.1,57.2,58.3,62.0,66.1,68.2,67.0,63.3,59.0,53.6,55.8,59.0,63.4,68.1,72.1,75.0,72.2,68.5,64.3,60.3,56.4,61.2,63.0,64.6,65.1,64.2,62.4,60.8,60.3,28.9,24.4,22.4,24.1,28.4,33.3,34.9,33.3,31.1,27.6,25.3,23.8,24.1,26.1,29.6,31.7,32.9,33.6,33.6,32.8,30.8,31.5,30.7,28.8,26.9,26.2,27.0,28.9,20.7,16.6,14.5,15.8,19.7,23.8,25.9,24.9,23.5,21.0,19.2,18.2,18.6,19.5,21.2,24.5,26.5,27.3,27.0,25.9,22.1,22.6,21.7,19.9,18.2,17.7,18.5,20.4,482.5,483.2,483.8,483.9,483.6,483.2,482.4,482.2,483.9,482.5,481.3,481.3,482.7,484.4,486.1,484.1,481.8,480.6,481.3,482.6,483.5,483.6,483.8,484.1,484.3,484.2,483.9,483.7,405.3,404.7,404.7,405.2,406.0,406.5,406.6,406.3,407.4,405.1,403.4,403.1,405.1,408.2,411.9,409.5,407.3,406.1,405.8,406.7,406.6,406.8,406.8,406.6,406.2,406.0,406.0,406.2,49.6,68.4,524.1,0.033,0.220,-0.017,617.0,618.6,622.6,626.7,632.6,644.1,662.2,687.2,718.6,753.2,786.1,815.3,833.7,842.0,845.9,848.7,849.6,627.2,640.0,659.2,679.8,698.6,744.2,764.3,784.6,804.9,820.0,723.0,722.2,721.4,720.4,700.9,711.3,721.7,732.7,742.5,651.1,662.9,679.1,691.5,678.0,662.0,756.4,768.6,785.3,798.3,787.1,770.8,685.0,697.6,711.0,719.1,727.3,741.6,757.2,741.2,726.9,717.8,708.9,695.8,691.9,711.1,719.3,727.8,749.1,726.7,718.0,709.7,410.3,440.4,470.3,499.6,528.9,555.7,577.2,595.8,602.0,597.0,579.1,555.5,529.1,499.9,470.7,440.4,410.0,382.0,367.6,363.8,368.1,377.1,374.5,364.7,360.2,361.5,373.4,408.8,430.0,451.0,472.5,487.1,491.4,494.5,492.1,488.3,412.7,404.5,405.2,415.7,420.3,419.7,412.5,401.5,400.6,408.2,415.6,416.7,535.0,521.9,515.4,518.5,515.4,521.9,533.1,545.6,549.4,549.9,549.5,546.0,534.0,529.4,529.6,529.3,533.4,532.2,533.0,532.8,0.16,0.00,0.17,0.35,0.00,0.00,0.04,0.00,0.39,0.00,0.00,0.61,0.00,0.00,1.90,2.21,0.00,0.00,1.00,0.00,0.00,0.00,0.00,0.00,0.00,0.00,0.00,0.00,0.00,0.00,0.00,1.00,1.00,0.00,0.00
80,0,2.633,0.88,1,-0.204938,0.144202,-0.968094,-0.014613,0.038354,-0.999157,-0.111,0.093,663.3,666.5,675.0,683.8,687.7,685.4,676.0,667.2,657.8,660.6,666.2,675.3,686.0,694.1,700.3,693.3,684.1,674.9,667.5,661.9,672.4,676.7,680.8,682.4,680.5,676.2,672.1,670.5,775.0,778.9,788.3,797.6,801.5,797.6,788.2,778.1,760.7,767.3,775.8,786.0,795.8,803.8,809.6,803.5,795.3,786.0,776.4,767.1,783.4,787.7,792.1,793.9,792.1,787.8,783.4,781.6,413.1,403.1,399.0,403.4,413.6,424.3,427.7,423.3,416.5,409.5,405.4,402.9,404.4,409.2,417.6,421.0,423.1,424.1,422.9,420.4,418.1,420.2,418.2,413.3,408.4,406.3,408.3,413.1,409.5,400.1,396.6,401.1,410.9,420.4,423.8,420.1,413.6,407.5,403.3,401.7,404.0,408.5,414.8,420.2,422.7,423.4,421.9,419.3,414.9,417.0,415.4,411.0,406.4,404.3,405.9,410.3,10.3,11.6,15.3,19.0,20.7,19.8,15.8,12.0,7.9,9.1,11.5,15.3,19.9,23.4,26.2,23.1,19.2,15.2,12.1,9.7,14.3,16.1,17.9,18.5,17.7,15.9,14.1,13.4,58.2,60.1,64.4,68.5,70.1,68.2,63.9,59.4,52.3,55.0,58.5,62.9,67.4,71.3,74.3,71.0,67.0,62.7,58.6,54.8,62.0,63.9,65.9,66.8,66.1,64.2,62.2,61.3,23.4,18.9,17.0,18.8,23.3,28.0,29.7,27.9,25.2,21.9,19.9,18.6,19.2,21.3,25.0,26.5,27.4,27.9,27.6,26.7,25.5,26.4,25.4,23.3,21.1,20.3,21.2,23.4,21.3,17.3,15.9,17.9,22.1,26.1,27.5,25.9,23.2,20.5,18.6,18.0,19.0,21.1,24.0,26.1,27.0,27.2,26.6,25.6,23.7,24.7,24.0,22.1,20.2,19.2,19.9,21.8,385.9,384.5,382.2,380.3,379.8,381.2,383.4,385.4,389.6,386.4,382.9,380.1,379.0,379.1,379.9,379.9,380.0,381.4,383.9,387.0,384.8,383.8,382.7,382.1,382.4,383.3,384.4,385.0,377.0,378.3,379.7,380.4,380.0,378.6,377.2,376.7,378.9,377.8,376.9,376.9,378.4,380.7,383.4,380.0,377.2,375.7,375.7,377.2,378.4,378.7,379.3,379.9,380.2,379.9,379.2,378.6,52.1,69.3,529.4,-0.009,0.217,-0.003,622.2,624.5,628.8,632.2,637.4,648.8,667.6,692.7,722.8,756.1,787.4,815.2,831.3,838.2,842.9,847.6,849.6,630.8,643.8,664.2,685.7,706.0,749.9,768.7,788.3,808.8,824.8,730.2,728.6,727.0,725.4,706.0,716.0,725.9,735.8,744.6,655.7,668.2,686.0,698.6,684.0,666.4,761.7,776.2,794.3,807.3,795.8,777.7,689.1,702.0,714.5,721.1,727.3,738.6,752.2,736.6,724.7,717.7,710.2,698.4,695.6,714.0,720.9,727.4,743.7,725.4,718.8,712.1,415.0,445.3,474.6,504.1,533.3,559.6,580.4,596.3,600.4,593.9,575.1,550.7,523.8,494.3,466.3,437.9,409.1,383.0,366.9,362.6,367.3,377.4,376.1,367.4,362.8,363.0,374.9,409.6,430.3,450.9,472.1,488.3,492.2,495.1,493.5,490.8,413.2,404.3,405.6,418.4,423.5,422.5,416.5,404.5,404.1,412.9,421.9,422.6,535.8,522.5,515.1,518.5,515.4,524.0,536.3,545.8,547.0,547.0,546.9,544.8,534.5,530.1,530.4,530.6,536.1,528.8,529.1,529.1,0.40,0.00,0.05,0.38,0.00,0.00,0.02,0.00,0.19,0.00,0.00,0.73,0.00,0.00,1.98,2.41,0.00,1.00,1.00,0.00,1.00,0.00,0.00,0.00,0.00,0.00,0.00,0.00,0.00,0.00,0.00,1.00,1.00,0.00,0.00
81,0,2.667,0.98,1,-0.241592,0.115376,-0.963494,0.000935,0.031933,-0.999490,-0.122,0.075,663.5,667.0,675.7,684.5,688.2,685.7,676.1,667.3,658.5,661.6,667.4,676.6,687.5,695.5,701.4,694.4,685.2,675.8,668.2,662.5,672.7,677.0,681.3,683.0,681.1,676.8,672.5,670.8,775.6,779.5,788.9,798.3,802.2,798.3,788.9,778.7,760.9,767.5,776.0,786.3,796.4,804.4,810.2,803.9,795.6,786.2,776.6,767.2,784.1,788.4,792.7,794.5,792.7,788.4,784.1,782.3,413.2,403.1,399.0,403.5,413.8,424.6,427.9,423.5,416.4,409.2,405.1,403.0,405.1,410.7,419.7,422.9,424.6,425.2,423.7,420.7,418.3,420.5,418.5,413.5,408.5,406.3,408.3,413.3,409.9,400.3,396.7,401.1,411.0,420.6,424.2,420.6,413.3,407.2,403.0,401.6,404.0,408.4,414.9,420.4,423.0,423.7,422.1,419.3,415.1,417.2,415.5,411.1,406.5,404.5,406.2,410.6,10.2,11.7,15.3,19.0,20.6,19.6,15.6,11.8,8.1,9.4,11.8,15.7,20.2,23.7,26.2,23.2,19.3,15.3,12.2,9.8,14.1,16.0,17.7,18.5,17.7,15.8,14.1,13.3,58.2,60.1,64.3,68.5,70.1,68.3,64.0,59.5,52.2,54.9,58.4,62.8,67.3,71.2,74.3,70.9,66.9,62.6,58.5,54.7,62.1,64.0,66.0,66.8,66.1,64.2,62.2,61.3,23.1,18.6,16.8,18.6,22.9,27.6,29.3,27.5,24.7,21.4,19.4,18.4,19.2,21.6,25.5,26.9,27.6,27.9,27.5,26.4,25.2,26.1,25.2,23.0,20.8,20.0,20.9,23.1,21.4,17.4,15.9,17.8,22.1,26.1,27.6,26.0,23.0,20.3,18.5,17.8,19.0,21.0,23.9,26.1,27.1,27.3,26.6,25.5,23.8,24.7,24.0,22.1,20.1,19.2,19.9,21.8,379.5,378.3,376.0,373.9,373.3,374.7,376.9,378.9,383.3,380.2,376.6,373.9,372.8,372.9,373.8,373.8,373.9,375.2,377.7,380.7,378.4,377.4,376.3,375.7,376.0,377.0,378.1,378.6,375.6,376.8,378.1,378.8,378.5,377.4,376.0,375.5,377.8,376.5,375.5,375.4,376.8,379.1,381.8,378.6,375.9,374.4,374.5,376.0,377.1,377.4,378.0,378.5,378.7,378.3,377.7,377.2,52.7,69.2,530.4,-0.030,0.215,-0.006,622.4,624.8,629.4,633.1,639.0,651.2,670.2,695.2,724.8,757.3,788.3,815.6,830.9,837.4,842.2,847.1,849.3,630.9,644.7,664.8,685.7,705.7,751.9,770.6,789.6,809.9,826.1,731.5,729.8,728.2,726.7,707.0,717.1,727.0,736.9,745.7,656.6,669.3,687.4,700.0,685.1,667.1,761.8,776.4,794.8,808.0,796.4,778.0,689.8,703.1,715.4,722.0,728.1,738.7,752.3,736.3,724.9,718.1,710.8,699.3,696.2,715.1,721.9,728.3,743.6,725.7,719.3,712.7,415.2,446.4,476.8,507.4,537.1,563.2,583.1,596.9,599.4,592.4,573.6,549.0,522.3,492.9,465.1,436.9,408.2,382.3,366.9,362.7,367.3,376.7,375.4,367.2,362.6,362.3,373.8,409.2,430.1,450.8,472.1,489.0,492.7,495.4,493.9,491.2,413.6,404.6,405.8,419.0,424.3,423.5,416.8,404.5,404.1,413.0,422.3,423.1,535.9,522.8,515.0,518.5,515.1,523.9,535.9,542.8,542.9,543.0,543.1,542.4,534.5,530.8,531.1,531.1,535.6,524.0,524.3,524.5,0.69,0.00,0.00,0.52,0.00,0.00,0.00,0.00,0.02,0.00,0.00,0.63,0.00,0.00,1.84,2.47,0.00,1.00,1.00,0.00,1.00,0.00,0.00,0.00,0.00,0.00,0.00,0.00,0.00,0.00,0.00,0.00,1.00,0.00,0.00
82,0,2.700,0.88,1,-0.225137,0.104919,-0.968662,-0.054596,-0.029333,-0.998078,-0.141,0.038,665.9,669.8,679.0,687.9,691.4,688.3,678.3,669.4,660.4,664.2,670.4,679.3,689.6,697.6,703.4,696.7,687.8,678.7,670.9,664.8,675.0,679.3,683.8,685.7,684.0,679.6,675.2,673.2,775.8,779.8,789.4,799.0,802.8,798.8,789.2,778.8,761.7,769.0,778.0,788.5,798.2,805.7,811.1,805.2,797.3,788.1,778.3,768.7,784.0,788.6,793.2,795.2,793.3,788.8,784.1,782.2,413.2,403.2,399.3,403.8,414.0,424.7,427.9,423.4,416.5,409.4,405.2,403.1,405.1,410.8,420.0,423.4,425.3,425.9,424.4,421.3,418.4,420.6,418.7,413.8,408.8,406.6,408.5,413.4,408.2,398.6,395.4,400.4,410.7,420.2,423.5,419.3,412.1,406.3,402.5,401.6,404.4,409.2,415.6,420.1,422.0,422.2,420.3,417.7,414.3,416.7,415.2,410.6,405.7,403.3,404.8,409.4,11.4,13.2,17.1,20.9,22.4,21.1,16.8,13.0,9.1,10.7,13.3,17.2,21.6,25.1,27.7,24.8,20.9,16.9,13.6,11.0,15.4,17.3,19.2,20.1,19.3,17.5,15.5,14.7,56.6,58.6,62.9,67.0,68.6,66.5,62.2,57.8,50.9,53.8,57.5,61.9,66.3,69.9,72.7,69.5,65.7,61.5,57.4,53.6,60.3,62.3,64.3,65.3,64.6,62.6,60.5,59.6,23.5,19.1,17.3,19.1,23.6,28.3,29.8,28.0,25.2,21.9,19.8,18.8,19.6,22.2,26.2,27.7,28.5,28.9,28.4,27.2,25.8,26.7,25.8,23.6,21.4,20.5,21.4,23.6,20.1,16.2,14.9,17.0,21.3,25.2,26.5,24.7,21.8,19.3,17.7,17.3,18.6,20.7,23.6,25.3,25.9,25.8,25.0,24.0,22.7,23.8,23.2,21.3,19.2,18.2,18.8,20.7,387.2,386.3,384.4,382.5,381.8,382.9,384.7,386.5,390.5,387.7,384.4,382.2,381.5,381.6,382.6,382.4,382.3,383.1,385.4,388.2,386.3,385.4,384.4,384.0,384.4,385.3,386.2,386.6,364.9,366.5,368.2,369.0,368.4,366.7,365.0,364.3,365.9,365.1,364.6,365.0,366.7,369.2,371.9,368.3,365.2,363.3,363.1,364.2,366.3,366.6,367.4,368.2,368.5,368.2,367.3,366.6,54.0,69.4,534.7,-0.064,0.221,0.000,624.7,627.4,632.1,635.4,641.1,653.7,673.2,698.0,726.5,757.6,787.8,814.9,830.9,838.4,843.8,849.3,851.7,632.5,646.9,667.3,688.1,708.3,753.8,773.0,791.8,812.4,829.2,733.8,732.2,730.6,729.1,708.9,718.8,728.6,738.4,747.0,658.9,671.7,689.9,702.2,687.3,669.3,763.2,777.9,796.2,809.5,797.7,779.4,690.9,704.4,716.3,723.0,729.1,738.6,751.2,735.7,725.3,718.5,711.1,700.2,697.3,716.0,722.9,729.3,742.6,726.2,719.9,713.3,416.8,448.4,479.5,510.7,540.5,566.1,584.7,595.9,596.9,589.7,571.6,548.3,523.0,494.1,466.2,437.5,408.2,383.8,368.7,364.2,368.1,376.4,375.1,368.2,364.1,363.9,375.1,408.8,429.8,450.7,472.2,488.6,492.1,494.7,493.4,490.9,413.6,404.7,405.8,418.7,424.1,423.4,416.3,404.3,404.2,412.9,422.2,422.8,534.8,521.4,513.1,516.6,513.2,522.4,534.6,539.4,538.7,538.9,539.1,539.4,533.2,529.7,530.0,529.9,534.1,518.2,518.6,519.0,0.96,0.00,0.00,0.63,0.00,0.00,0.00,0.00,0.00,0.00,0.00,0.60,0.00,0.00,1.57,2.54,0.00,1.00,1.00,0.00,1.00,0.00,0.00,0.00,0.00,0.00,0.00,0.00,0.00,0.00,0.00,0.00,1.00,0.00,0.00
83,0,2.733,0.88,1,-0.196797,0.089103,-0.976387,-0.015351,0.003350,-0.999877,-0.107,0.047,669.4,673.3,681.9,690.1,693.1,690.0,680.5,672.4,663.7,667.2,672.8,681.0,690.6,698.5,704.5,697.7,689.0,680.5,673.2,667.6,678.1,681.8,685.8,687.6,686.2,682.5,678.5,676.7,779.4,782.9,792.3,802.0,806.4,802.9,793.6,782.8,762.8,771.6,781.9,792.5,801.6,808.4,813.0,808.4,801.2,792.0,781.6,770.6,787.7,792.2,796.5,798.1,796.1,791.6,787.3,785.7,414.1,404.4,400.6,404.8,414.7,425.1,428.2,424.0,417.7,410.6,406.0,403.8,405.8,411.6,420.8,424.2,425.9,426.6,425.3,422.4,419.0,420.9,419.1,414.7,410.2,408.2,410.0,414.4,411.0,400.4,396.5,401.6,412.7,423.2,427.1,422.9,412.5,407.6,404.3,403.6,406.2,410.7,416.6,421.7,423.8,423.8,421.8,418.8,417.0,419.3,417.5,412.7,407.6,405.3,407.1,411.9,13.4,15.1,18.9,22.5,23.8,22.4,18.3,14.7,10.9,12.4,14.8,18.4,22.6,26.2,28.9,25.8,22.0,18.2,15.0,12.6,17.2,18.9,20.6,21.4,20.8,19.2,17.5,16.6,54.6,56.3,60.4,64.6,66.3,64.6,60.5,56.0,48.2,51.6,55.6,60.0,64.0,67.3,69.8,67.1,63.6,59.5,55.3,51.1,58.3,60.2,62.0,62.8,62.0,60.1,58.2,57.5,24.6,20.2,18.3,20.1,24.5,29.2,30.8,29.0,26.5,23.0,20.8,19.6,20.5,23.1,27.2,28.7,29.5,29.9,29.5,28.4,26.7,27.5,26.7,24.6,22.6,21.8,22.7,24.7,20.0,15.9,14.5,16.6,21.0,25.1,26.4,24.6,20.6,18.6,17.4,17.2,18.3,20.2,22.8,24.6,25.2,25.0,24.1,23.0,22.5,23.4,22.8,20.9,18.9,18.0,18.6,20.5,397.8,397.1,395.1,393.0,391.9,392.7,394.6,396.7,401.4,398.5,395.1,392.5,391.5,391.3,391.8,391.7,391.7,392.8,395.2,398.5,396.4,395.4,394.5,394.2,394.7,395.7,396.6,396.9,342.9,344.6,347.0,348.7,348.6,346.9,344.5,342.9,343.4,342.9,343.0,344.1,346.5,349.7,353.0,348.9,345.3,342.7,341.8,342.2,345.1,345.9,347.0,347.8,347.8,347.0,345.9,345.2,55.8,70.0,540.5,-0.097,0.221,0.011,628.3,631.1,635.4,638.1,643.3,656.1,675.9,700.4,727.5,757.2,786.2,813.1,829.8,838.7,845.2,851.4,854.2,634.6,649.1,670.1,691.2,711.9,756.6,775.7,794.5,815.4,832.7,736.8,735.1,733.5,732.0,711.0,720.9,730.7,740.4,748.8,660.8,673.9,691.9,704.2,689.2,671.2,766.0,781.1,799.3,812.4,800.6,782.3,692.5,705.7,717.3,724.5,731.3,739.7,750.6,736.5,727.2,719.7,711.7,701.0,698.9,716.7,724.3,731.3,742.3,728.4,721.4,714.1,419.3,451.0,482.1,513.3,543.1,567.9,585.5,595.2,595.5,588.3,570.5,548.4,524.4,495.9,468.0,439.1,409.7,385.4,369.8,365.1,368.8,376.9,375.9,369.5,365.2,364.7,375.6,409.8,430.4,451.2,472.3,488.0,491.5,494.3,493.0,490.7,414.3,405.8,406.8,419.4,424.6,423.9,417.5,405.9,406.0,414.3,423.5,424.0,532.6,519.0,510.7,514.5,511.0,520.5,533.0,536.7,536.1,536.4,536.5,536.7,530.8,527.5,528.0,528.1,532.1,515.2,515.7,516.1,1.02,0.03,0.00,0.55,0.00,0.00,0.03,0.00,0.00,0.00,0.00,0.52,0.00,0.00,1.47,2.55,0.00,1.00,1.00,0.00,1.00,0.00,0.00,0.00,0.00,0.00,0.00,0.00,0.00,0.00,0.00,0.00,1.00,0.00,0.00
84,0,2.767,0.88,1,-0.151456,0.044195,-0.987476,-0.127467,-0.045286,-0.990808,-0.140,-0.001,672.1,676.8,685.6,693.5,695.8,691.9,682.3,674.4,665.5,669.6,675.5,683.7,693.0,700.3,705.7,698.6,690.1,681.8,674.7,669.4,680.1,684.0,688.2,690.5,689.4,685.6,681.3,679.0,782.0,785.5,794.5,803.7,807.8,804.2,795.2,785.2,772.7,778.1,785.7,795.4,804.2,811.0,815.4,810.7,804.2,796.2,787.5,779.2,790.2,794.5,798.7,800.4,798.5,794.2,790.0,788.3,413.3,403.9,400.4,404.8,414.5,424.7,427.4,423.0,417.5,410.5,405.8,403.6,405.9,412.0,421.6,424.8,426.2,426.7,425.2,422.3,418.7,420.8,419.1,414.6,409.9,407.8,409.4,414.0,412.0,402.6,399.0,403.2,412.9,422.3,425.9,422.4,419.7,411.5,406.4,404.6,406.7,410.9,417.1,420.7,422.7,423.6,423.2,422.1,417.1,419.1,417.4,413.0,408.5,406.6,408.3,412.6,14.7,16.8,20.7,24.2,25.1,23.4,19.1,15.7,11.8,13.5,16.1,19.7,23.8,27.1,29.5,26.3,22.5,18.8,15.7,13.4,18.3,20.0,21.9,22.9,22.4,20.7,18.8,17.8,65.3,67.1,71.5,76.0,77.8,75.9,71.4,66.7,61.0,63.4,66.9,71.4,75.8,79.4,82.0,79.2,75.7,71.6,67.6,63.9,69.3,71.4,73.4,74.3,73.5,71.4,69.3,68.5,24.3,20.0,18.3,20.2,24.6,29.2,30.5,28.7,26.5,23.1,20.8,19.7,20.6,23.4,27.7,29.1,29.8,30.0,29.6,28.5,26.7,27.6,26.8,24.7,22.6,21.7,22.5,24.6,23.9,19.6,18.0,20.1,24.5,28.8,30.3,28.7,27.5,23.7,21.3,20.5,21.5,23.7,26.7,28.2,28.9,29.2,29.0,28.5,26.4,27.3,26.6,24.6,22.5,21.6,22.3,24.3,399.6,399.4,397.6,395.4,394.1,394.4,396.0,398.2,403.0,400.4,397.2,394.8,393.7,393.3,393.5,393.2,393.1,394.1,396.5,399.9,398.2,397.2,396.4,396.2,396.9,398.0,398.8,398.9,402.2,403.6,405.1,406.0,405.7,404.3,402.7,402.0,402.4,401.9,401.8,402.2,403.9,406.6,408.7,406.1,403.2,401.3,401.0,401.6,403.8,404.2,404.9,405.5,405.7,405.3,404.6,403.9,58.2,71.6,553.5,-0.103,0.238,0.023,630.5,633.1,637.2,639.4,644.5,657.8,677.7,701.9,727.5,755.9,784.4,811.7,829.6,840.0,847.2,853.9,857.2,637.1,652.0,673.8,695.2,716.0,760.3,778.5,796.3,816.8,834.2,739.8,738.1,736.4,734.8,713.5,723.3,732.9,742.2,750.2,662.9,676.0,693.9,705.3,690.6,673.0,770.6,785.0,803.2,815.7,804.5,786.4,693.3,707.3,718.7,726.0,733.2,741.0,751.0,737.4,728.3,720.6,712.3,701.7,699.8,717.5,725.5,732.7,742.8,730.0,722.7,715.0,418.9,451.1,482.1,513.0,543.0,567.5,584.7,594.0,593.9,587.1,569.8,549.1,526.0,497.6,469.4,440.0,410.2,386.0,369.3,365.0,369.0,377.7,377.6,370.6,365.8,364.0,374.3,410.7,431.0,451.6,472.5,487.5,491.2,494.0,492.8,490.4,414.4,405.8,407.0,419.7,425.2,424.0,418.9,407.2,407.1,415.7,425.1,425.6,530.2,517.4,509.9,513.7,510.6,519.5,531.8,534.9,534.1,534.2,534.2,534.3,528.6,525.9,526.7,526.9,530.8,514.8,515.3,515.6,0.93,0.08,0.00,0.59,0.00,0.00,0.09,0.00,0.00,0.00,0.00,0.57,0.00,0.00,1.53,2.66,0.00,1.00,1.00,0.00,0.00,0.00,0.00,0.00,0.00,0.00,0.00,0.00,0.00,0.00,0.00,0.00,1.00,0.00,0.00
85,0,2.800,0.88,1,-0.029937,-0.048773,-0.998361,-0.103515,0.013216,-0.994540,-0.067,-0.018,675.6,680.2,689.3,697.5,700.1,696.0,686.4,678.2,664.6,670.2,677.5,686.6,695.3,701.6,705.6,699.8,692.8,685.2,677.5,670.5,682.9,687.0,691.5,693.8,692.5,688.4,683.8,681.6,784.5,788.1,797.1,806.2,810.2,806.6,797.6,787.6,772.6,779.2,787.7,797.6,806.4,813.0,817.5,812.9,806.5,798.4,789.2,779.8,792.5,796.7,800.8,802.5,800.7,796.5,792.3,790.7,409.9,401.5,399.0,403.9,413.2,422.4,424.1,419.2,416.0,410.2,406.5,404.5,406.1,411.2,419.6,423.3,425.3,426.0,424.3,421.1,415.8,418.2,417.0,412.8,408.1,405.7,407.0,411.2,412.4,402.8,399.4,404.2,414.3,423.9,427.3,423.4,416.1,409.9,406.0,404.9,407.2,411.3,417.4,421.5,423.5,424.0,422.8,420.7,418.0,420.2,418.7,414.3,409.6,407.5,409.0,413.4,17.2,19.4,23.9,27.8,29.0,27.0,22.3,18.4,11.9,14.5,18.0,22.3,26.5,29.7,31.7,28.7,25.3,21.6,18.0,14.7,20.7,22.7,24.9,26.0,25.4,23.4,21.2,20.1,63.6,65.4,69.7,74.0,75.8,73.8,69.5,64.9,58.3,61.2,64.9,69.4,73.7,77.1,79.8,77.0,73.5,69.5,65.4,61.3,67.4,69.4,71.4,72.2,71.5,69.5,67.5,66.6,24.0,20.1,18.9,21.2,25.7,30.1,30.8,28.5,27.0,24.2,22.3,21.3,22.1,24.7,28.8,30.4,31.2,31.6,30.8,29.4,27.0,28.1,27.5,25.5,23.3,22.1,22.7,24.7,23.1,18.9,17.5,19.7,24.2,28.3,29.7,27.9,24.7,21.9,20.2,19.8,20.9,22.9,25.8,27.4,28.0,28.1,27.5,26.6,25.7,26.7,26.0,24.1,22.1,21.1,21.7,23.6,421.8,422.9,423.6,423.4,422.6,421.7,420.8,420.9,422.9,421.5,420.1,419.7,420.4,421.4,422.4,420.7,418.9,418.1,419.1,421.0,422.3,422.3,422.6,423.2,423.6,423.7,423.3,422.8,384.9,386.5,388.5,389.8,389.5,387.9,385.8,384.7,385.0,384.5,384.5,385.3,387.4,390.2,393.1,389.7,386.4,384.1,383.4,384.0,386.8,387.3,388.2,389.0,389.1,388.6,387.6,386.9,59.5,71.6,555.4,-0.115,0.232,0.032,632.2,635.0,639.1,641.3,646.3,659.7,679.1,702.5,727.2,755.1,783.4,810.9,829.6,841.1,848.8,855.7,859.0,639.1,654.4,676.5,697.9,718.7,763.0,781.0,798.7,819.0,836.5,742.5,740.9,739.3,737.8,715.7,725.4,735.0,744.4,752.3,664.5,677.8,695.6,706.9,692.1,674.8,772.8,787.3,805.1,817.5,806.2,788.4,694.3,708.3,719.7,727.6,735.6,743.3,752.4,739.2,730.0,721.4,712.4,702.2,700.7,718.1,726.7,734.8,744.6,732.1,723.9,715.6,419.1,451.5,482.7,513.6,543.4,567.4,584.1,592.9,593.1,587.1,570.4,550.3,527.7,499.4,470.7,440.5,410.1,386.3,370.0,365.8,369.6,377.7,377.8,371.2,366.7,364.9,374.8,410.2,430.6,451.4,472.6,486.4,490.2,493.2,492.1,489.9,413.9,405.7,406.7,418.8,424.0,422.9,418.3,407.4,407.4,415.7,424.6,424.9,528.2,515.3,508.1,512.1,509.2,518.4,531.0,534.1,533.5,533.4,532.9,532.3,526.7,524.0,525.1,525.5,529.8,513.7,514.2,514.2,0.57,0.08,0.00,0.32,0.00,0.00,0.09,0.00,0.00,0.00,0.00,0.37,0.00,0.00,1.05,1.80,0.00,1.00,1.00,0.00,0.00,0.00,0.00,0.00,0.00,0.00,0.00,0.00,0.00,0.00,0.00,0.00,0.00,0.00,0.00
86,0,2.833,0.57,0,0.000000,0.000000,0.000000,0.000000,0.000000,0.000000,0.000,0.000,674.0,679.3,689.1,697.7,700.1,695.5,685.1,676.4,657.3,662.7,670.7,682.5,693.9,701.5,707.1,698.7,688.2,677.6,668.9,662.1,682.3,686.3,690.9,693.4,692.2,688.2,683.6,681.1,787.7,791.4,800.4,809.3,813.1,809.4,800.4,790.6,776.1,782.5,790.8,800.7,809.6,816.1,820.4,815.6,809.1,801.2,791.9,782.7,795.6,799.8,803.9,805.7,803.9,799.8,795.6,793.8,410.7,401.5,398.8,404.3,414.7,424.8,426.6,421.1,413.0,407.8,405.0,404.1,407.5,412.0,417.9,420.3,420.1,419.6,418.1,416.3,416.8,419.4,418.1,413.8,408.9,406.4,407.6,411.9,413.1,403.6,399.9,404.3,414.1,423.6,427.3,423.7,414.7,409.8,407.0,406.6,409.0,412.4,417.7,421.6,423.5,423.8,422.2,419.6,418.2,420.3,418.6,414.1,409.5,407.5,409.2,413.6,14.2,16.4,20.5,24.0,25.0,23.1,18.8,15.2,7.4,9.6,12.9,17.7,22.3,25.6,28.0,24.4,19.9,15.6,12.1,9.3,17.7,19.4,21.3,22.3,21.8,20.2,18.2,17.2,67.1,69.0,73.4,77.8,79.5,77.6,73.2,68.5,62.0,64.8,68.5,73.1,77.5,81.0,83.6,80.8,77.2,73.2,68.9,64.8,71.0,73.1,75.1,76.0,75.2,73.2,71.1,70.2,21.2,17.3,16.2,18.5,22.8,27.0,27.8,25.5,22.6,20.2,18.8,18.3,19.7,21.6,24.1,25.0,24.9,24.7,24.3,23.7,23.7,24.8,24.3,22.5,20.4,19.4,19.9,21.7,24.1,19.9,18.3,20.3,24.8,29.1,30.7,29.0,24.9,22.7,21.3,21.2,22.4,24.1,26.8,28.3,29.0,29.0,28.2,27.1,26.6,27.6,26.8,24.8,22.7,21.7,22.5,24.5,365.5,365.3,365.0,364.6,364.4,364.8,364.9,365.3,372.7,368.9,365.9,363.2,362.6,363.5,364.6,363.2,362.3,363.4,365.5,368.5,365.9,365.7,365.6,365.5,365.6,365.8,366.0,366.0,397.7,398.8,400.5,401.8,401.9,400.7,399.0,397.9,398.5,397.6,397.3,397.9,399.9,402.7,405.6,402.6,399.6,397.4,396.6,397.4,399.6,400.2,401.0,401.5,401.5,400.9,400.1,399.6,61.1,72.1,560.7,-0.130,0.241,0.041,634.2,636.8,640.8,642.7,647.4,660.6,679.6,702.8,727.2,755.0,783.6,811.9,831.4,843.4,851.3,858.0,861.0,641.9,657.7,679.4,700.3,720.6,766.2,783.8,800.8,820.6,837.8,745.0,743.5,742.1,740.7,717.9,727.7,737.4,746.8,754.6,666.6,679.8,697.6,708.5,693.7,676.5,775.4,789.3,807.3,819.5,808.3,790.6,694.9,709.4,721.3,729.1,737.0,745.4,755.0,741.1,730.8,722.3,713.3,702.8,701.5,719.5,728.1,735.9,747.1,733.1,725.1,716.7,420.8,452.6,483.2,513.4,542.6,566.2,582.5,591.6,592.2,586.9,571.0,551.6,529.3,500.8,471.7,441.0,410.1,385.4,369.7,365.7,369.6,377.5,378.0,371.2,366.6,364.5,374.2,410.5,430.7,451.4,472.4,485.9,489.8,492.9,491.8,489.5,414.0,405.4,406.6,419.0,424.3,423.0,418.7,407.4,407.4,416.1,425.0,425.3,527.4,513.5,506.0,510.1,507.3,516.9,530.7,534.5,533.6,533.2,532.6,531.7,525.9,522.7,523.8,524.3,529.4,513.8,513.9,513.8,0.25,0.05,0.00,0.21,0.00,0.00,0.06,0.00,0.00,0.00,0.00,0.20,0.00,0.00,0.58,0.96,0.00,0.00,1.00,0.00,0.00,0.00,0.00,0.00,0.00,0.00,0.00,0.00,0.00,0.00,0.00,0.00,0.00,0.00,0.00
87,0,2.867,0.47,0,0.000000,0.000000,0.000000,0.000000,0.000000,0.000000,0.000,0.000,676.5,680.8,689.6,697.8,700.6,696.9,687.5,679.3,657.7,663.0,670.6,681.6,692.1,699.8,705.3,698.8,688.3,677.7,669.2,662.1,684.5,687.9,691.5,693.3,692.2,688.8,685.1,683.4,787.0,791.5,801.1,810.1,813.3,808.8,799.2,789.5,778.4,783.3,790.3,800.1,809.9,817.7,823.6,817.1,809.1,800.5,791.5,783.7,795.7,799.8,804.2,806.3,804.8,800.7,796.3,794.2,405.1,397.2,394.7,399.1,407.7,416.4,418.0,413.7,413.0,408.0,405.3,403.6,405.1,407.4,409.3,416.1,418.4,420.0,419.9,418.0,409.9,411.7,410.7,407.5,403.9,402.1,403.1,406.4,412.9,403.6,400.4,405.0,414.9,424.2,427.4,423.3,414.1,409.2,406.8,406.9,409.4,412.6,417.8,422.1,424.5,425.2,423.2,419.6,417.9,420.0,418.5,414.3,409.7,407.6,409.1,413.3,16.2,18.2,22.2,25.8,27.0,25.3,21.0,17.4,8.0,10.3,13.7,18.5,23.1,26.6,29.2,26.1,21.4,16.7,13.0,9.9,19.8,21.3,23.0,23.8,23.3,21.8,20.1,19.3,68.4,70.4,74.8,79.0,80.5,78.5,74.1,69.7,64.7,66.7,69.6,73.9,78.6,82.6,85.8,82.5,78.5,74.3,70.3,67.0,72.6,74.5,76.5,77.5,76.8,74.8,72.8,71.9,20.0,16.6,15.5,17.4,21.2,25.0,25.7,23.8,24.0,21.5,20.2,19.3,20.0,21.1,22.0,24.9,25.8,26.6,26.6,26.0,22.2,23.0,22.6,21.2,19.6,18.8,19.2,20.6,24.6,20.3,18.7,20.9,25.5,29.8,31.4,29.5,25.3,22.9,21.7,21.7,22.9,24.4,27.0,28.9,29.9,30.2,29.3,27.8,27.0,28.0,27.3,25.3,23.2,22.2,22.9,24.9,388.6,389.9,390.8,390.7,389.8,388.7,387.6,387.6,395.9,392.6,390.3,388.5,388.4,389.7,391.1,388.8,387.1,387.6,389.4,392.1,389.2,389.2,389.6,390.2,390.6,390.6,390.2,389.6,407.2,406.7,406.3,406.3,406.6,407.1,407.5,407.9,409.3,407.1,405.3,404.2,404.7,406.5,408.9,407.4,406.0,405.2,405.9,407.8,408.0,408.0,407.8,407.6,407.5,407.5,407.7,407.9,57.4,66.6,550.4,-0.363,0.259,0.115,625.7,626.7,631.5,636.5,645.9,660.8,678.7,700.6,725.2,752.5,780.3,807.4,827.5,840.1,849.6,860.1,866.8,640.3,660.5,683.5,704.0,722.0,761.7,782.6,802.7,825.2,843.7,739.7,736.9,733.9,731.1,706.1,717.4,728.4,739.4,749.4,659.1,673.4,691.3,701.9,686.8,669.7,775.6,791.1,809.8,823.1,809.7,791.1,690.6,702.1,712.8,720.2,728.1,737.9,746.4,734.1,723.5,715.1,706.1,697.9,698.1,710.6,718.9,726.3,737.1,725.9,718.0,709.7,424.2,456.7,488.6,517.1,544.5,564.0,575.7,580.0,579.2,578.0,570.7,559.7,541.0,513.9,485.8,456.1,425.9,382.8,368.6,366.1,370.5,378.0,378.4,372.7,368.4,368.9,382.0,405.0,422.9,440.6,459.0,470.4,474.9,478.1,476.6,474.1,412.9,403.8,403.8,412.9,419.4,419.3,416.0,406.8,408.8,418.1,424.1,422.7,517.2,494.5,483.4,486.8,484.7,498.6,520.1,519.1,517.6,517.0,516.6,516.9,513.2,501.8,501.9,503.0,515.8,498.2,497.6,497.7,0.00,0.00,0.26,0.10,0.00,0.00,0.71,0.00,0.00,0.00,0.00,0.41,0.14,0.00,0.69,0.44,0.29,0.00,0.00,0.00,0.00,0.00,0.00,0.00,0.00,0.00,0.00,0.00,0.00,0.00,0.00,0.00,0.00,0.00,0.00
88,0,2.900,0.43,0,0.000000,0.000000,0.000000,0.000000,0.000000,0.000000,0.000,0.000,681.2,685.8,695.0,703.3,706.0,702.0,692.3,683.9,669.3,674.7,682.1,691.6,701.2,708.8,714.2,707.7,699.2,690.2,682.1,675.0,689.6,693.1,697.0,699.0,697.9,694.3,690.4,688.5,790.3,793.9,802.8,811.7,815.5,811.9,803.1,793.4,779.4,785.3,793.1,802.9,811.9,818.8,823.5,818.5,811.5,803.2,794.0,785.4,798.5,802.5,806.6,808.2,806.5,802.4,798.4,796.7,406.3,397.6,394.7,399.4,408.9,418.4,420.5,415.8,411.5,408.1,406.0,404.5,405.4,408.3,412.6,415.8,417.2,417.8,417.0,415.1,411.3,413.4,412.1,408.4,404.4,402.4,403.6,407.3,414.6,405.4,401.8,405.8,415.1,424.2,427.9,424.6,417.5,411.1,407.1,405.9,408.3,412.6,418.8,422.3,424.0,424.3,423.1,421.3,419.3,421.1,419.4,415.2,411.0,409.1,410.8,415.0,19.8,22.0,26.3,30.3,31.6,29.6,25.0,21.0,14.2,16.7,20.1,24.5,29.1,32.8,35.5,32.3,28.2,23.9,20.1,16.8,23.8,25.5,27.3,28.3,27.8,26.1,24.2,23.2,70.6,72.4,76.9,81.2,83.0,81.1,76.7,72.0,65.7,68.3,71.9,76.5,81.1,84.8,87.6,84.6,80.7,76.5,72.2,68.3,74.7,76.7,78.7,79.6,78.8,76.8,74.7,73.9,22.2,18.0,16.6,18.9,23.4,27.9,28.9,26.7,24.9,23.1,21.9,21.2,21.6,23.1,25.2,26.7,27.2,27.5,27.2,26.4,24.6,25.6,25.0,23.2,21.3,20.3,20.9,22.7,25.6,21.4,19.7,21.6,26.0,30.3,31.9,30.4,27.1,24.0,22.1,21.6,22.8,24.9,28.1,29.6,30.1,30.1,29.6,28.8,27.9,28.8,28.1,26.1,24.1,23.2,24.0,25.9,419.2,419.5,419.3,418.9,418.4,418.3,418.3,418.7,423.0,419.9,417.5,415.9,416.1,417.5,419.3,417.7,416.3,416.4,417.9,420.3,419.6,419.4,419.3,419.4,419.6,419.8,419.9,419.8,410.9,411.9,413.2,414.0,413.8,412.8,411.6,410.9,412.5,411.5,410.9,411.1,412.6,415.1,417.6,414.8,412.0,410.2,410.0,411.1,412.5,412.8,413.4,413.8,413.9,413.6,413.0,412.5,57.4,65.6,550.3,-0.418,0.253,0.129,624.5,625.2,629.6,634.3,643.8,659.9,678.7,700.6,724.9,751.9,779.6,806.5,826.8,839.8,849.5,860.0,867.3,639.2,659.9,683.6,704.5,722.7,763.1,783.1,802.7,824.9,843.7,740.6,737.7,734.5,731.5,706.6,717.8,728.6,739.6,749.7,658.8,673.3,690.6,700.9,685.9,669.4,777.2,792.3,810.6,823.4,810.3,792.3,690.6,703.2,713.6,721.1,729.3,738.7,747.7,734.5,724.1,715.5,706.6,698.7,697.7,711.1,719.5,727.2,738.3,726.9,718.7,710.3,425.1,458.5,491.2,519.8,546.9,564.7,573.8,576.1,574.9,574.9,570.0,562.2,545.0,518.5,490.4,460.8,430.7,384.8,369.5,366.4,370.7,378.1,379.0,373.0,368.3,368.0,380.9,403.5,420.1,436.6,453.8,466.7,471.0,473.8,472.0,469.0,413.1,404.2,404.0,411.9,418.6,418.6,415.9,407.5,409.5,418.9,424.0,422.5,511.9,492.0,482.8,486.0,484.8,497.2,516.4,512.5,509.9,509.0,508.4,509.6,507.9,497.3,497.8,499.0,511.7,495.3,494.6,494.7,0.00,0.00,0.26,0.10,0.00,0.00,0.71,0.00,0.00,0.00,0.00,0.41,0.14,0.00,0.69,0.44,0.29,0.00,0.00,0.00,0.00,0.00,0.00,0.00,0.00,0.00,0.00,0.00,0.00,0.00,0.00,0.00,0.00,0.00,0.00
89,0,2.933,0.47,0,0.000000,0.000000,0.000000,0.000000,0.000000,0.000000,0.000,0.000,678.1,681.2,688.0,694.6,697.0,694.1,687.1,680.6,657.5,663.5,670.8,680.5,688.9,694.6,698.2,694.3,687.2,678.7,670.9,663.4,684.2,686.6,689.1,690.2,689.4,687.0,684.5,683.3,790.0,794.5,804.0,812.9,816.0,811.4,801.9,792.3,780.7,786.0,793.2,803.0,812.6,820.2,825.9,819.6,811.8,803.3,794.1,786.0,798.5,802.5,806.7,808.8,807.4,803.4,799.1,797.1,407.3,399.8,397.2,401.1,409.1,417.2,419.2,415.3,413.9,409.6,407.0,404.9,405.1,406.7,409.3,415.8,419.2,421.3,421.0,418.8,410.9,412.4,411.5,408.7,405.8,404.3,405.2,408.0,413.8,404.6,401.5,406.1,415.8,425.0,428.1,424.1,414.0,409.8,407.8,407.9,410.3,413.4,418.6,422.9,425.1,425.5,423.4,419.9,418.8,420.8,419.4,415.3,410.9,408.8,410.3,414.4,19.5,21.2,24.8,28.3,29.6,28.0,24.3,20.8,9.1,12.1,15.8,20.7,25.1,28.2,30.2,28.0,24.3,19.9,15.8,12.1,22.8,24.0,25.4,26.0,25.5,24.3,22.9,22.3,70.5,72.7,77.2,81.3,82.8,80.6,76.2,71.7,66.5,68.7,71.8,76.2,80.9,84.8,88.1,84.7,80.6,76.5,72.2,68.7,74.7,76.6,78.6,79.6,78.9,77.0,75.0,74.0,24.2,20.4,19.2,21.3,25.5,29.6,30.5,28.4,27.8,25.5,24.1,23.0,23.2,24.1,25.6,28.8,30.4,31.4,31.3,30.2,26.2,27.0,26.6,25.2,23.7,22.9,23.3,24.7,25.3,21.0,19.5,21.7,26.3,30.6,32.0,30.2,25.5,23.4,22.4,22.4,23.6,25.1,27.7,29.7,30.5,30.7,29.7,28.2,27.7,28.7,28.0,26.1,24.0,23.0,23.7,25.6,448.2,449.4,451.5,453.5,454.0,453.2,450.7,448.7,451.8,449.4,448.2,448.0,449.6,452.0,454.4,452.2,449.4,448.4,448.8,450.0,450.8,451.6,452.5,452.9,452.7,451.9,451.1,450.6,411.5,411.5,411.6,411.6,411.6,411.7,411.6,411.9,413.6,411.7,410.1,409.2,410.0,411.9,414.4,412.5,410.7,409.6,410.1,411.9,412.4,412.5,412.5,412.5,412.5,412.4,412.4,412.4,57.5,65.2,550.7,-0.455,0.277,0.137,625.6,626.0,629.8,634.1,643.7,659.7,678.5,700.3,724.7,752.4,780.7,808.2,828.7,841.3,850.8,861.5,869.4,639.3,660.3,684.4,705.4,723.5,763.8,784.5,804.6,827.0,845.6,740.0,736.6,733.0,729.6,705.0,716.3,727.1,738.2,748.3,658.3,672.5,689.8,699.6,684.9,668.7,778.9,793.9,812.3,825.0,811.8,793.8,689.9,703.1,713.4,720.6,728.7,738.2,747.6,734.5,724.3,715.8,707.2,699.0,697.0,710.8,719.1,726.7,737.9,726.8,718.7,710.6,427.6,461.0,493.7,521.8,548.5,564.6,572.4,574.3,572.7,572.9,567.5,560.3,543.4,516.9,489.7,461.6,432.6,385.9,370.1,366.9,371.0,378.4,378.7,372.5,367.8,367.4,380.7,403.5,419.4,435.1,451.6,465.2,469.6,472.4,470.2,466.9,414.8,405.5,405.0,412.5,419.8,420.0,415.8,407.5,409.6,419.1,424.0,422.4,510.0,491.0,482.6,485.5,484.5,495.8,513.8,509.0,506.4,505.7,505.2,506.9,506.0,495.8,496.3,497.3,508.9,493.5,493.0,493.1,0.00,0.00,0.26,0.10,0.00,0.00,0.71,0.00,0.00,0.00,0.00,0.41,0.14,0.00,0.69,0.44,0.29,0.00,0.00,0.00,0.00,0.00,0.00,0.00,0.00,0.00,0.00,0.00,0.00,0.00,0.00,0.00,0.00,0.00,0.00
90,0,2.967,0.03,0,0.000000,0.000000,0.000000,0.000000,0.000000,0.000000,0.000,0.000,682.6,686.8,695.3,703.1,705.5,701.7,692.7,685.0,668.2,673.2,679.9,688.5,697.2,704.7,710.4,704.4,695.6,686.7,679.0,672.4,690.2,693.4,697.0,698.8,697.8,694.5,691.0,689.2,792.1,796.1,805.5,814.8,818.4,814.3,804.9,794.9,781.0,787.1,795.2,805.2,814.6,821.8,826.9,821.5,814.2,805.8,796.2,787.1,800.5,804.7,809.0,810.9,809.2,805.0,800.7,798.8,404.5,397.6,395.5,399.4,407.1,414.9,416.2,412.2,411.8,408.2,405.9,404.5,405.4,407.7,410.1,414.1,415.0,415.9,415.9,414.9,409.3,411.0,410.1,407.2,403.9,402.3,403.1,406.1,414.4,404.9,401.3,405.6,415.4,424.9,428.5,424.9,414.8,410.7,408.4,408.2,410.4,413.5,418.6,422.7,424.6,424.9,423.1,420.3,419.3,421.4,419.7,415.4,410.9,408.9,410.5,414.9,21.4,23.6,28.0,31.8,32.9,30.9,26.3,22.5,14.3,16.8,20.1,24.3,28.6,32.4,35.4,32.2,27.7,23.3,19.5,16.4,25.2,26.8,28.6,29.6,29.1,27.5,25.7,24.7,69.6,71.6,76.1,80.5,82.2,80.1,75.6,70.9,64.8,67.4,70.9,75.5,80.1,83.9,86.8,83.7,79.9,75.7,71.3,67.3,73.7,75.7,77.8,78.7,78.0,76.0,73.9,73.0,22.4,19.0,17.9,19.9,23.7,27.5,28.1,26.1,26.4,24.4,23.1,22.3,22.7,23.9,25.2,27.0,27.4,27.9,28.0,27.7,24.8,25.6,25.2,23.7,22.1,21.3,21.8,23.2,24.9,20.6,19.0,21.0,25.5,29.8,31.4,29.7,25.2,23.2,22.1,22.0,23.1,24.7,27.2,28.9,29.6,29.6,28.8,27.6,27.3,28.2,27.5,25.5,23.5,22.5,23.2,25.2,439.8,441.7,442.4,441.5,439.6,437.8,437.0,437.8,445.1,442.1,439.9,438.3,438.0,438.9,440.1,437.7,436.1,436.3,438.1,441.1,439.6,439.2,439.6,440.4,441.2,441.5,441.2,440.4,400.4,401.2,402.3,403.1,403.0,402.1,401.0,400.5,402.0,400.7,399.8,399.8,401.3,403.7,406.5,403.8,401.2,399.4,399.2,400.5,401.9,402.2,402.7,403.1,403.1,402.8,402.3,401.9,58.5,66.1,555.1,-0.467,0.251,0.152,627.3,627.2,630.7,635.0,644.2,659.5,677.5,698.4,722.1,748.6,776.1,803.1,824.4,838.6,849.1,860.5,868.9,641.9,663.1,686.9,707.2,724.6,766.3,787.2,807.4,829.6,848.3,741.9,738.2,734.3,730.6,705.8,716.8,727.7,739.3,749.7,660.2,674.8,692.4,702.5,687.3,670.6,779.6,795.0,813.4,826.1,812.9,794.8,690.1,703.9,714.3,721.8,730.4,739.9,749.0,736.1,725.6,716.6,707.6,699.3,697.3,711.6,720.2,728.2,740.1,728.2,719.7,711.2,429.6,462.4,494.6,522.2,547.9,563.2,569.9,570.9,569.4,571.1,568.3,562.7,547.1,521.3,494.3,465.7,436.2,384.9,370.4,368.0,371.5,377.6,378.5,373.2,369.2,369.7,383.2,403.5,420.9,438.1,455.8,466.3,471.0,474.2,472.2,469.2,414.0,404.5,404.1,412.3,418.8,419.1,416.1,407.6,409.8,419.8,424.4,422.6,509.2,491.7,483.5,486.3,485.2,496.5,513.0,509.4,507.3,506.7,506.1,507.2,505.6,496.5,497.0,497.9,508.6,493.7,493.2,493.2,0.00,0.00,0.00,0.00,0.00,0.00,0.00,0.00,0.00,0.00,0.00,0.00,0.00,0.00,0.00,0.00,0.00,0.00,0.00,0.00,0.00,0.00,0.00,0.00,0.00,0.00,0.00,0.00,0.00,0.00,0.00,0.00,0.00,0.00,0.00
91,0,3.000,0.47,0,0.000000,0.000000,0.000000,0.000000,0.000000,0.000000,0.000,0.000,681.9,685.2,692.5,699.7,702.5,699.7,692.0,684.8,661.6,667.0,674.2,684.4,693.6,700.1,704.5,699.9,691.4,682.1,674.1,666.9,688.9,691.6,694.3,695.5,694.5,691.8,689.1,687.9,792.8,797.5,807.1,815.9,818.9,814.3,804.7,795.1,782.6,788.5,796.3,806.3,815.9,823.3,828.6,822.5,814.8,806.3,796.9,788.3,801.0,805.1,809.5,811.7,810.3,806.2,801.8,799.6,406.3,399.1,396.8,400.7,408.5,416.4,417.9,414.1,414.5,409.5,406.5,404.3,405.0,407.0,409.0,415.7,418.5,420.6,420.8,419.1,410.2,411.7,410.9,408.3,405.4,403.9,404.7,407.3,414.6,405.5,402.4,407.1,416.9,426.1,429.2,425.1,415.0,410.8,408.6,408.5,411.0,414.4,419.6,423.8,425.7,426.0,424.0,420.7,419.8,422.0,420.6,416.4,411.8,409.6,411.1,415.3,20.8,22.5,26.2,29.9,31.3,29.8,25.8,22.2,10.9,13.5,17.0,22.0,26.7,30.0,32.3,29.9,25.5,20.8,17.0,13.4,24.4,25.7,27.1,27.7,27.2,25.9,24.5,23.9,70.5,72.7,77.2,81.4,82.8,80.6,76.1,71.6,66.1,68.5,71.9,76.4,81.1,84.9,88.0,84.7,80.7,76.5,72.2,68.5,74.5,76.4,78.5,79.5,78.9,76.9,74.8,73.8,22.9,19.5,18.4,20.4,24.3,28.1,28.8,26.8,27.4,24.7,23.1,22.0,22.4,23.4,24.6,27.8,29.0,30.0,30.2,29.5,25.0,25.8,25.4,24.1,22.7,21.9,22.3,23.6,25.2,21.0,19.6,21.8,26.3,30.6,32.0,30.0,25.5,23.4,22.3,22.3,23.5,25.2,27.8,29.6,30.3,30.3,29.4,28.0,27.7,28.7,28.1,26.1,24.0,23.0,23.6,25.6,434.0,435.5,437.2,438.2,437.7,436.5,434.5,433.6,439.8,436.9,435.3,434.2,435.0,436.9,438.8,436.3,433.8,433.6,434.7,436.7,435.6,436.0,436.7,437.3,437.5,437.1,436.4,435.8,403.5,403.7,404.2,404.7,404.9,404.6,404.1,403.9,405.4,403.7,402.3,401.9,403.2,405.6,408.5,406.0,403.8,402.4,402.4,403.9,404.8,405.0,405.2,405.3,405.2,405.0,404.8,404.7,59.8,66.5,559.7,-0.502,0.239,0.168,629.5,628.9,631.9,635.8,644.3,659.1,676.6,697.3,720.6,746.5,773.6,800.7,822.5,837.4,848.3,859.9,868.7,644.4,665.9,689.5,709.5,726.6,769.1,789.9,809.9,831.8,850.5,743.8,740.0,735.9,732.1,707.5,718.2,729.1,740.6,751.1,662.0,676.7,694.5,704.7,689.2,672.4,781.5,796.8,815.2,827.7,814.6,796.6,690.7,705.2,716.1,723.7,732.4,742.2,751.6,738.5,727.6,718.5,709.2,700.4,698.0,713.3,721.9,730.1,742.8,730.1,721.4,712.8,429.9,462.2,494.1,521.5,546.7,561.2,567.5,568.6,567.2,570.0,568.2,563.7,548.7,523.0,496.0,467.6,437.9,384.4,370.7,368.8,372.0,377.7,378.9,373.6,369.7,370.0,383.1,403.8,420.8,437.8,455.4,465.9,470.5,473.8,471.8,468.9,414.7,405.0,404.7,412.7,419.3,419.6,416.6,408.1,410.4,420.5,425.0,423.1,507.9,491.1,483.3,486.0,484.9,495.7,511.3,508.7,507.0,506.4,505.8,506.6,504.4,496.0,496.5,497.3,507.1,493.4,492.9,492.9,0.00,0.00,0.33,0.00,0.00,0.00,0.75,0.00,0.00,0.00,0.00,0.39,0.24,0.00,0.66,0.36,0.09,0.00,0.00,0.00,0.00,0.00,0.00,0.00,0.00,0.00,0.00,0.00,0.00,0.00,0.00,0.00,0.00,0.00,0.00
92,0,3.033,0.03,0,0.000000,0.000000,0.000000,0.000000,0.000000,0.000000,0.000,0.000,686.6,692.8,702.6,710.5,711.6,706.1,695.6,687.8,676.6,681.0,688.2,698.2,708.5,716.5,721.7,714.1,704.3,694.5,686.2,679.9,694.9,698.2,702.4,705.0,704.5,701.2,697.0,694.4,795.0,799.0,808.1,817.0,820.5,816.5,807.4,797.7,784.8,791.0,798.9,808.7,817.7,824.3,828.9,823.8,817.0,809.0,799.7,790.8,803.1,807.2,811.4,813.2,811.6,807.5,803.3,801.5,406.3,398.2,395.4,399.5,408.1,417.2,419.0,414.9,416.0,410.3,406.4,404.8,407.5,413.0,419.1,419.9,418.7,418.2,418.0,417.7,411.5,413.3,412.1,408.6,405.0,403.2,404.4,407.9,415.9,406.7,403.2,407.5,417.1,426.3,429.8,426.2,416.1,411.2,408.5,408.2,410.7,414.3,420.0,423.8,425.6,425.8,424.0,421.3,420.8,422.8,421.2,417.0,412.6,410.6,412.2,416.4,20.2,23.0,27.2,30.4,30.7,28.3,23.8,20.6,16.1,17.9,20.9,25.0,29.3,32.7,35.0,31.6,27.4,23.3,19.9,17.3,23.7,25.1,26.8,28.0,27.9,26.5,24.7,23.5,72.7,74.7,79.2,83.6,85.2,83.2,78.7,74.0,68.1,70.8,74.5,79.1,83.6,87.3,90.0,87.0,83.3,79.1,74.7,70.7,76.8,78.8,80.9,81.8,81.0,79.0,77.0,76.0,20.1,16.6,15.4,17.1,20.6,24.4,25.3,23.7,24.6,21.9,20.1,19.2,20.4,22.7,25.3,25.6,25.0,24.9,25.0,25.0,22.2,22.9,22.4,21.0,19.4,18.7,19.3,20.7,26.2,22.0,20.4,22.4,26.9,31.2,32.8,31.1,26.4,24.0,22.7,22.6,23.8,25.7,28.6,30.2,30.9,30.8,30.0,28.7,28.6,29.6,28.9,26.9,24.8,23.9,24.6,26.6,379.6,380.9,380.2,377.8,375.2,373.8,374.6,377.0,383.7,381.1,378.2,375.8,374.5,374.3,374.4,373.4,373.2,374.2,376.7,380.1,377.9,376.8,376.5,377.1,378.2,379.2,379.5,379.0,410.4,411.2,412.3,413.2,413.2,412.4,411.3,410.6,411.7,410.6,409.9,410.1,411.8,414.3,417.1,414.3,411.6,409.7,409.3,410.4,412.0,412.4,412.9,413.3,413.3,412.9,412.4,412.0,61.4,66.7,563.3,-0.515,0.237,0.185,631.2,629.8,632.2,636.0,644.4,658.8,675.6,696.2,719.6,745.7,773.3,800.1,821.7,836.5,847.7,859.8,869.5,649.0,669.9,692.1,711.0,727.2,775.2,795.0,813.3,834.0,851.8,746.9,742.9,738.6,734.4,709.9,720.4,731.2,742.9,753.7,667.6,682.4,699.6,709.3,694.2,678.0,783.8,798.5,816.3,828.4,815.6,798.2,691.5,706.3,717.8,725.8,734.9,745.2,754.8,741.2,729.5,720.0,710.5,701.2,698.6,714.8,723.8,732.4,746.2,732.3,723.2,714.2,430.7,462.6,494.0,520.9,545.3,560.0,566.4,567.5,566.7,569.9,569.8,565.9,550.7,524.6,496.8,467.9,438.8,382.3,369.5,368.1,372.0,377.1,379.1,374.5,370.5,370.2,381.9,402.9,419.9,436.8,454.1,464.4,469.2,472.7,470.7,468.1,413.0,404.2,404.2,411.8,417.7,417.6,416.2,408.6,410.9,420.6,424.6,422.5,507.2,490.5,483.2,485.8,484.9,495.6,511.3,508.1,505.9,505.2,504.7,505.5,504.0,495.3,495.9,496.6,507.2,493.2,492.5,492.4,0.00,0.00,0.33,0.00,0.00,0.00,0.75,0.00,0.00,0.00,0.00,0.39,0.24,0.00,0.66,0.36,0.09,0.00,0.00,0.00,0.00,0.00,0.00,0.00,0.00,0.00,0.00,0.00,0.00,0.00,0.00,0.00,0.00,0.00,0.00
93,0,3.067,0.03,0,0.000000,0.000000,0.000000,0.000000,0.000000,0.000000,0.000,0.000,683.8,687.9,696.3,704.3,707.1,703.5,694.6,686.6,665.4,670.5,677.3,687.0,696.5,703.9,709.3,703.3,693.6,684.0,676.3,669.6,691.7,694.8,698.1,699.7,698.6,695.5,692.2,690.6,796.5,800.9,810.0,818.5,821.4,817.0,807.9,798.6,786.3,792.5,800.5,810.2,819.0,825.4,829.7,824.6,817.8,809.9,800.8,792.0,804.1,808.0,812.3,814.3,813.0,809.0,804.8,802.8,406.4,399.3,397.2,401.4,409.5,417.5,418.7,414.5,415.1,409.9,407.0,404.8,405.6,407.6,409.7,416.2,418.7,420.7,420.9,419.4,411.2,412.8,412.1,409.3,406.2,404.5,405.3,408.0,415.5,406.6,403.5,408.1,417.6,426.5,429.6,425.6,415.4,411.5,409.5,409.5,412.0,415.4,420.5,424.6,426.4,426.5,424.4,421.1,420.6,422.7,421.3,417.2,412.7,410.6,412.0,416.1,20.8,22.8,27.0,30.8,32.0,30.2,25.9,22.1,12.3,14.6,17.8,22.3,26.8,30.4,33.1,30.1,25.3,20.8,17.2,14.2,24.6,26.1,27.7,28.5,28.0,26.5,24.9,24.1,74.1,76.3,80.8,85.0,86.4,84.2,79.7,75.1,69.4,72.2,75.8,80.5,85.0,88.6,91.3,88.3,84.5,80.3,75.9,72.0,78.0,79.9,82.0,83.1,82.4,80.4,78.3,77.3,22.1,18.8,17.8,19.8,23.6,27.3,27.8,25.8,26.6,23.9,22.4,21.3,21.6,22.7,23.7,26.7,27.7,28.7,28.9,28.4,24.4,25.2,24.8,23.6,22.1,21.3,21.6,22.9,26.3,22.1,20.7,22.9,27.5,31.7,33.0,31.1,26.3,24.4,23.4,23.4,24.7,26.5,29.1,30.9,31.6,31.4,30.4,28.9,28.8,29.8,29.2,27.2,25.1,24.1,24.7,26.7,415.9,417.8,419.0,418.9,417.5,415.8,414.4,414.5,422.2,419.4,417.5,415.9,415.8,416.8,418.1,415.4,413.5,413.8,415.6,418.4,416.5,416.5,417.0,417.8,418.3,418.3,417.8,417.1,414.1,414.6,415.7,416.7,417.0,416.4,415.3,414.5,415.4,414.1,413.4,413.6,415.5,418.2,421.3,418.5,415.8,413.8,413.3,414.2,415.8,416.2,416.7,417.0,416.9,416.4,415.9,415.7,61.7,65.6,559.8,-0.587,0.216,0.187,630.7,629.3,631.6,635.6,644.2,659.2,676.1,697.0,720.2,745.8,772.7,799.6,821.6,837.1,848.4,860.2,869.5,648.9,670.3,692.6,711.5,727.9,777.2,797.2,815.2,835.0,852.6,747.2,743.4,739.4,735.6,710.9,721.6,732.4,744.2,755.1,665.1,679.9,697.8,708.0,692.4,675.6,785.6,800.2,818.5,830.4,817.8,800.1,692.3,707.6,719.3,728.0,737.8,748.8,758.2,745.5,733.3,722.9,712.7,702.9,699.9,716.3,726.0,735.4,749.7,735.5,725.6,715.9,431.1,462.4,493.8,520.5,544.3,557.7,565.0,567.4,566.4,570.1,568.7,565.0,549.4,522.8,495.3,467.2,438.3,381.7,370.0,368.5,371.7,376.7,378.7,374.1,370.2,369.3,379.6,403.4,419.1,434.8,451.0,463.5,467.9,471.2,469.0,466.4,415.7,405.7,405.5,412.7,419.6,420.1,416.8,409.0,411.3,421.5,425.3,423.2,505.4,488.3,481.4,483.9,483.0,493.5,508.9,506.8,504.9,504.2,503.5,503.9,502.0,493.6,494.1,494.7,504.5,492.6,491.9,491.6,0.00,0.00,0.33,0.00,0.00,0.00,0.75,0.00,0.00,0.00,0.00,0.39,0.24,0.00,0.66,0.36,0.09,0.00,0.00,0.00,0.00,0.00,0.00,0.00,0.00,0.00,0.00,0.00,0.00,0.00,0.00,0.00,0.00,0.00,0.00
94,0,3.100,0.47,0,0.000000,0.000000,0.000000,0.000000,0.000000,0.000000,0.000,0.000,694.9,699.4,708.0,715.5,717.6,713.5,704.5,697.0,680.6,685.4,693.3,703.9,713.6,719.8,723.2,717.0,708.7,699.8,691.6,684.7,702.2,705.4,709.1,711.1,710.2,706.9,703.3,701.3,798.4,802.4,811.7,820.8,824.5,820.6,811.3,801.2,782.4,789.4,798.8,810.7,821.0,828.0,831.7,827.5,820.6,811.6,801.1,790.5,806.3,810.5,814.7,816.5,814.8,810.7,806.5,804.7,406.1,399.3,397.4,401.4,409.1,416.7,417.8,413.8,416.5,410.5,406.7,405.3,409.0,414.9,421.3,421.9,420.6,419.8,419.2,418.5,411.1,412.8,412.0,409.1,405.8,404.0,404.9,407.8,418.1,407.7,403.7,408.4,419.0,429.4,433.4,429.4,423.4,417.1,412.5,410.4,412.5,416.6,422.8,426.0,427.4,427.6,427.1,426.3,423.2,425.4,423.6,418.9,414.1,412.0,413.8,418.5,26.1,28.4,32.5,36.1,36.9,34.8,30.5,27.0,19.5,21.7,25.4,30.3,34.9,37.8,39.5,36.4,32.4,28.3,24.5,21.3,29.6,31.1,32.9,33.9,33.5,32.0,30.2,29.2,64.0,65.7,69.9,74.0,75.6,73.8,69.6,65.2,57.6,60.3,64.0,68.9,73.7,77.4,79.7,77.2,73.6,69.5,65.0,60.8,67.6,69.5,71.3,72.1,71.4,69.6,67.7,66.9,22.0,18.8,17.9,19.8,23.3,26.9,27.3,25.5,27.2,24.2,22.2,21.5,23.2,26.1,29.1,29.3,28.6,28.3,28.1,27.9,24.3,25.1,24.7,23.4,21.8,21.0,21.4,22.8,23.4,19.3,17.8,19.8,24.2,28.3,29.8,28.1,25.7,23.0,21.1,20.4,21.4,23.3,26.1,27.2,27.5,27.4,27.1,26.8,25.7,26.6,26.0,24.1,22.1,21.2,21.9,23.7,416.6,418.4,418.9,417.9,415.9,414.2,413.6,414.6,420.8,418.7,416.5,414.9,414.7,415.2,415.7,414.2,413.1,413.3,414.8,417.5,416.2,415.8,416.0,416.8,417.6,418.1,417.8,417.0,353.2,354.2,356.1,357.8,358.4,357.5,355.6,353.9,354.2,353.1,352.6,353.4,356.3,360.0,363.7,360.1,356.8,354.4,353.2,353.5,355.7,356.5,357.3,357.7,357.5,356.7,355.8,355.4,67.2,69.0,578.9,-0.497,0.231,0.176,636.2,634.7,636.5,639.1,647.3,662.3,679.6,701.2,725.0,750.8,779.8,807.4,828.7,843.1,853.0,864.1,873.0,655.7,677.2,699.1,717.8,734.1,779.2,797.6,815.1,835.9,854.6,753.6,750.2,746.6,743.0,718.1,728.8,739.3,750.6,760.9,676.5,691.8,709.3,719.0,703.7,687.1,786.7,801.1,819.2,831.4,818.8,801.3,694.0,710.6,724.2,733.7,744.6,756.4,767.8,751.8,738.1,726.6,715.5,704.2,701.3,721.1,731.5,742.0,759.1,741.0,730.0,719.5,431.5,462.8,493.5,520.5,544.4,559.3,565.2,565.9,565.6,568.7,569.1,564.2,547.8,520.8,491.9,462.6,433.0,382.2,370.3,369.9,374.3,380.5,382.2,376.1,371.7,370.4,380.2,407.5,424.2,440.8,458.0,467.8,472.4,476.3,474.6,472.6,414.7,406.0,407.0,416.0,420.7,419.7,420.2,411.2,413.0,422.5,427.3,425.8,505.8,489.3,481.9,484.6,483.5,493.8,509.4,509.5,507.9,507.4,507.0,507.2,503.7,495.1,495.7,496.2,506.3,494.3,493.3,493.3,0.00,0.00,0.00,0.00,0.00,0.00,0.00,0.00,0.00,0.00,0.00,0.00,0.00,0.00,0.00,0.00,0.00,0.00,0.00,0.00,0.00,0.00,0.00,0.00,0.00,0.00,0.00,0.00,0.00,0.00,0.00,0.00,0.00,0.00,0.00
95,0,3.133,0.03,0,0.000000,0.000000,0.000000,0.000000,0.000000,0.000000,0.000,0.000,696.4,700.6,708.7,715.9,718.0,714.2,705.7,698.5,680.6,685.4,693.2,703.6,713.0,718.9,722.3,716.2,708.1,699.4,691.5,684.7,703.4,706.4,709.8,711.6,710.7,707.7,704.3,702.5,798.4,802.6,811.7,820.5,823.8,819.6,810.5,800.8,786.6,792.9,801.1,811.2,820.6,827.7,832.5,827.2,820.0,811.5,802.0,792.8,806.4,810.4,814.5,816.3,814.9,810.9,806.8,805.0,406.7,400.2,398.4,402.4,409.9,417.3,418.2,414.2,416.4,410.5,406.8,405.5,409.1,414.8,420.8,421.7,420.5,419.9,419.3,418.4,411.5,413.2,412.5,409.7,406.6,404.9,405.6,408.4,417.2,408.1,404.9,409.4,419.1,428.2,431.4,427.6,418.4,414.0,411.2,410.6,413.0,416.7,422.2,426.3,427.9,428.0,426.3,423.6,422.3,424.3,422.9,418.8,414.4,412.4,413.9,417.9,27.6,29.8,33.9,37.4,38.3,36.2,32.0,28.5,20.1,22.4,26.1,31.1,35.7,38.6,40.3,37.2,33.1,28.9,25.1,22.0,31.1,32.5,34.2,35.2,34.8,33.3,31.6,30.7,72.5,74.5,79.0,83.2,84.7,82.6,78.1,73.6,67.4,70.0,73.6,78.3,82.9,86.7,89.6,86.5,82.6,78.4,73.9,69.9,76.4,78.3,80.3,81.3,80.6,78.7,76.7,75.8,22.9,19.8,18.9,20.9,24.5,28.0,28.4,26.4,27.9,24.9,22.9,22.2,24.0,26.8,29.8,30.1,29.5,29.2,29.0,28.7,25.2,26.1,25.7,24.4,22.9,22.1,22.4,23.7,26.2,22.1,20.6,22.8,27.2,31.3,32.7,30.9,26.8,24.7,23.4,23.1,24.3,26.2,29.0,30.6,31.2,31.1,30.3,29.1,28.6,29.6,28.9,27.1,25.1,24.1,24.8,26.6,428.7,430.5,431.3,430.6,428.9,427.2,426.3,427.0,433.7,431.3,429.1,427.4,427.2,428.0,428.6,427.0,425.8,426.1,427.6,430.2,428.7,428.4,428.8,429.5,430.3,430.5,430.2,429.4,400.4,401.2,402.4,403.2,403.2,402.3,401.1,400.5,402.0,400.8,399.9,400.0,401.8,404.4,407.5,404.4,401.7,399.8,399.4,400.6,401.9,402.3,402.8,403.2,403.2,402.9,402.3,401.9,68.7,69.4,580.2,-0.444,0.279,0.171,644.1,641.5,641.6,642.7,649.7,663.3,680.6,702.3,727.6,755.9,787.0,815.9,837.1,850.3,858.6,868.2,875.6,661.3,681.9,702.4,719.9,735.2,780.4,798.4,815.6,835.4,853.1,754.6,751.1,747.2,743.4,719.4,730.1,740.4,751.2,761.1,680.6,695.0,712.0,721.5,706.4,690.4,787.1,801.6,819.4,831.7,819.0,801.7,694.6,711.1,724.7,734.2,745.5,758.1,770.9,753.3,738.5,726.9,715.9,704.5,701.5,721.7,732.1,742.8,762.2,741.6,730.4,719.9,431.3,461.3,490.8,518.0,543.0,559.6,566.8,568.3,568.1,570.0,568.7,562.2,545.5,518.4,489.6,460.3,430.9,381.5,370.4,370.3,374.8,381.4,382.0,375.6,371.6,370.7,380.2,408.8,424.8,440.8,457.3,468.9,473.5,477.2,475.6,473.9,415.3,406.4,407.6,417.6,421.9,420.7,421.1,411.4,412.8,422.3,427.3,426.3,505.4,488.9,481.7,484.5,483.2,493.1,508.8,509.2,507.5,507.2,506.8,507.1,503.7,495.2,495.8,496.2,505.9,494.4,493.5,493.5,0.00,0.00,0.44,0.00,0.06,0.00,0.67,0.00,0.00,0.00,0.00,0.29,0.25,0.00,0.74,0.32,0.00,0.00,0.00,0.00,0.00,0.00,0.00,0.00,0.00,0.00,0.00,0.00,0.00,0.00,0.00,0.00,0.00,0.00,0.00
96,0,3.167,0.47,0,0.000000,0.000000,0.000000,0.000000,0.000000,0.000000,0.000,0.000,693.3,698.8,708.2,716.0,717.7,712.8,702.8,695.0,681.6,685.9,693.2,703.5,713.7,720.6,724.3,717.5,708.6,699.4,691.4,685.1,701.4,704.7,708.6,710.9,710.2,706.9,703.0,700.7,799.6,803.6,812.8,821.7,825.2,821.1,811.9,802.1,786.7,793.3,801.9,812.3,821.9,828.8,833.1,828.3,821.2,812.6,802.8,793.3,807.6,811.6,815.7,817.5,816.0,812.0,807.8,806.0,406.6,398.9,396.4,400.7,409.2,417.9,419.5,415.2,416.6,410.7,406.9,405.5,408.9,414.9,421.9,422.3,421.0,420.2,419.6,418.7,411.8,413.6,412.6,409.3,405.8,404.0,405.0,408.2,418.4,408.9,405.3,409.8,419.6,429.1,432.7,429.0,420.2,414.9,411.4,410.4,412.7,416.5,422.3,426.2,428.0,428.1,426.8,424.7,423.3,425.3,423.7,419.4,415.0,413.0,414.6,418.9,24.2,26.7,31.0,34.4,35.0,32.7,28.2,24.8,19.1,20.9,24.1,28.6,33.1,36.2,37.9,34.7,30.7,26.6,23.2,20.5,27.8,29.2,31.0,32.0,31.8,30.4,28.6,27.5,71.0,72.9,77.3,81.5,83.1,81.2,76.8,72.2,65.5,68.2,71.9,76.7,81.3,85.1,87.8,84.9,81.1,76.8,72.4,68.2,74.9,76.8,78.8,79.7,79.0,77.0,75.1,74.2,21.1,17.7,16.5,18.4,22.2,26.0,26.7,24.9,25.9,23.1,21.2,20.5,22.0,24.7,27.8,27.9,27.3,27.0,26.9,26.7,23.4,24.2,23.7,22.3,20.7,19.9,20.4,21.9,26.0,21.8,20.3,22.3,26.8,31.0,32.5,30.7,26.9,24.4,22.9,22.4,23.6,25.5,28.3,29.9,30.4,30.3,29.7,28.8,28.3,29.2,28.5,26.7,24.7,23.7,24.4,26.3,396.7,398.0,397.7,396.0,393.8,392.6,392.8,394.6,400.9,398.6,395.9,393.7,392.9,392.9,393.2,392.3,391.9,392.7,394.8,397.8,395.7,394.9,394.8,395.4,396.3,397.0,397.1,396.6,389.2,389.9,391.3,392.6,392.9,392.2,390.8,389.8,390.8,389.6,388.9,389.3,391.4,394.5,397.7,394.5,391.6,389.5,388.9,389.7,391.2,391.8,392.4,392.7,392.5,392.0,391.4,391.0,69.4,70.2,584.1,-0.467,0.315,0.219,652.8,648.3,646.9,646.8,652.2,664.1,679.9,700.6,725.0,752.4,782.2,810.2,831.8,846.7,857.0,867.9,876.6,669.4,689.1,708.9,725.6,739.7,782.2,800.6,818.3,838.4,855.0,756.7,751.9,746.9,741.9,718.7,728.7,738.6,749.6,759.8,687.1,700.9,716.8,725.2,711.0,696.0,788.3,802.7,819.6,831.2,818.6,802.1,694.5,710.1,723.2,732.1,743.0,754.8,766.5,749.4,735.6,724.3,713.9,703.0,701.1,720.1,729.8,740.2,758.1,739.2,728.4,718.4,430.1,460.1,490.1,517.8,542.9,559.6,566.8,568.1,568.0,570.4,569.6,564.4,549.8,525.1,497.0,467.6,438.2,381.9,370.5,370.5,375.2,382.3,383.5,377.4,374.0,374.8,386.0,407.8,424.0,440.2,457.0,467.6,472.3,476.1,475.0,473.5,412.6,404.6,406.0,415.8,419.2,417.8,420.6,411.6,413.4,422.8,427.2,425.6,504.1,488.8,482.3,485.4,484.4,494.1,509.1,509.8,508.5,507.8,507.1,506.7,502.5,495.1,496.0,496.7,506.2,495.3,494.4,494.0,0.00,0.00,0.44,0.00,0.06,0.00,0.67,0.00,0.00,0.00,0.00,0.29,0.25,0.00,0.74,0.32,0.00,0.00,0.00,0.00,0.00,0.00,0.00,0.00,0.00,0.00,0.00,0.00,0.00,0.00,0.00,0.00,0.00,0.00,0.00
97,0,3.200,0.03,0,0.000000,0.000000,0.000000,0.000000,0.000000,0.000000,0.000,0.000,700.9,704.8,711.9,718.0,719.5,716.1,708.5,702.5,692.3,695.7,701.3,708.8,716.4,722.3,726.3,720.9,713.3,706.0,699.7,694.7,707.0,709.7,712.8,714.6,713.9,711.2,708.1,706.4,799.3,803.6,812.5,820.9,823.8,819.5,810.6,801.5,788.4,794.3,802.0,811.6,820.8,827.8,832.8,827.4,820.1,811.7,802.6,794.0,807.1,810.8,814.8,816.7,815.4,811.7,807.7,805.8,405.8,399.5,397.6,401.4,408.5,415.5,416.7,412.9,409.9,407.0,405.7,405.7,408.0,411.5,415.1,419.3,420.5,420.6,419.0,415.6,410.0,411.6,410.8,408.0,404.9,403.2,404.0,406.8,417.2,408.6,405.8,410.3,419.5,428.1,431.0,427.1,418.2,414.1,411.6,411.0,413.3,416.8,422.2,426.0,427.6,427.6,425.9,423.3,422.2,424.2,422.9,419.1,415.0,413.0,414.2,418.1,35.0,37.3,41.3,44.7,45.5,43.6,39.3,35.9,30.4,32.2,35.3,39.4,43.7,47.2,49.6,46.4,42.0,37.9,34.4,31.7,38.5,40.0,41.8,42.8,42.5,40.9,39.2,38.2,76.6,78.7,83.2,87.4,88.7,86.5,82.0,77.6,71.6,74.2,77.7,82.3,87.0,91.0,94.0,90.7,86.7,82.4,78.0,74.1,80.5,82.4,84.4,85.4,84.8,82.9,80.9,79.9,26.3,22.7,21.6,23.7,27.8,31.8,32.5,30.4,29.1,27.2,26.3,26.1,27.5,29.5,31.7,34.0,34.7,34.8,33.9,32.2,28.7,29.7,29.2,27.6,25.8,24.9,25.3,26.9,27.5,23.4,22.1,24.3,28.8,32.8,34.2,32.3,28.1,26.0,24.8,24.5,25.7,27.5,30.3,32.0,32.5,32.4,31.6,30.5,30.0,31.0,30.4,28.6,26.6,25.6,26.2,28.0,503.2,503.4,502.8,501.8,501.0,500.9,501.4,502.4,509.6,506.2,503.1,500.8,500.5,501.5,502.8,501.9,501.2,501.9,503.8,506.6,503.0,502.5,502.3,502.4,502.7,503.2,503.4,503.3,420.5,421.2,422.1,422.6,422.5,421.8,420.9,420.5,422.5,421.0,419.9,419.8,421.3,423.8,426.7,423.7,421.1,419.6,419.5,420.8,421.8,422.0,422.4,422.8,422.8,422.6,422.2,421.9,69.6,69.5,582.0,-0.471,0.327,0.222,655.4,650.0,647.6,646.9,652.1,664.1,680.3,701.3,726.2,754.2,784.4,812.2,833.6,848.4,858.6,869.1,877.8,671.4,690.3,709.7,726.1,740.0,782.1,800.4,818.5,838.9,855.8,756.6,751.5,746.1,740.7,718.3,728.3,738.1,749.4,759.9,689.2,702.7,718.0,726.7,712.6,698.0,788.6,803.3,819.8,831.4,818.8,802.6,694.3,709.9,723.2,732.3,743.6,756.3,770.1,751.5,736.9,725.2,714.6,703.1,700.6,720.5,730.3,741.1,761.7,740.3,729.1,719.0,431.3,460.5,489.9,517.8,543.1,560.0,567.1,568.6,568.7,570.7,569.1,564.0,549.7,525.5,497.6,468.8,440.1,382.5,370.6,370.3,375.2,382.9,383.5,376.7,373.4,374.4,385.7,407.1,422.1,437.2,452.9,465.4,470.1,473.8,472.9,471.6,412.6,405.1,406.5,415.9,418.8,417.4,420.3,411.9,413.6,422.6,426.6,425.0,501.3,487.6,481.9,484.9,484.1,492.7,506.6,507.8,506.8,506.3,505.5,504.9,500.1,493.6,494.7,495.3,504.0,494.8,493.9,493.5,0.00,0.18,1.00,0.00,0.09,0.00,1.29,0.00,0.00,0.00,0.00,0.72,0.46,0.00,1.42,0.77,0.00,0.00,0.00,0.00,0.00,0.00,0.00,0.00,0.00,0.00,0.00,0.00,0.00,0.00,0.00,0.00,0.00,0.00,0.00
98,0,3.233,0.47,0,0.000000,0.000000,0.000000,0.000000,0.000000,0.000000,0.000,0.000,693.0,698.7,708.2,716.1,717.6,712.5,702.4,694.6,681.6,685.9,693.2,703.3,713.6,720.5,724.4,717.4,708.4,699.1,691.1,685.0,701.2,704.4,708.4,710.8,710.1,706.9,702.9,700.5,799.5,803.6,812.8,821.7,825.1,821.1,811.9,802.1,786.6,793.2,801.8,812.2,821.8,828.8,833.1,828.3,821.2,812.6,802.8,793.2,807.5,811.5,815.7,817.5,816.0,811.9,807.8,805.9,406.6,398.9,396.4,400.7,409.2,417.9,419.5,415.2,416.7,410.7,406.9,405.5,408.9,415.0,422.0,422.3,421.0,420.2,419.5,418.7,411.9,413.6,412.6,409.4,405.8,404.0,405.1,408.3,418.4,408.8,405.3,409.7,419.6,429.1,432.7,428.9,420.3,414.9,411.5,410.4,412.6,416.5,422.4,426.2,427.9,428.1,426.8,424.7,423.3,425.3,423.7,419.4,414.9,412.9,414.5,418.8,23.8,26.5,30.7,34.1,34.5,32.2,27.7,24.4,18.9,20.7,23.8,28.2,32.7,35.8,37.5,34.3,30.3,26.2,22.8,20.2,27.4,28.8,30.5,31.6,31.4,30.0,28.3,27.2,70.8,72.8,77.1,81.4,83.0,81.0,76.6,72.1,65.3,68.1,71.8,76.5,81.2,84.9,87.6,84.7,80.9,76.7,72.2,68.1,74.7,76.7,78.6,79.5,78.8,76.9,74.9,74.0,20.9,17.5,16.4,18.2,21.9,25.7,26.4,24.6,25.7,22.9,21.0,20.3,21.7,24.4,27.5,27.6,27.0,26.7,26.6,26.4,23.2,24.0,23.5,22.1,20.5,19.8,20.2,21.7,25.9,21.7,20.2,22.3,26.7,30.9,32.4,30.6,26.9,24.4,22.8,22.4,23.5,25.4,28.3,29.8,30.3,30.2,29.6,28.7,28.2,29.2,28.5,26.6,24.6,23.6,24.3,26.2,392.9,394.2,393.8,391.9,389.7,388.3,388.7,390.6,397.0,394.8,392.0,389.7,388.8,388.7,388.8,388.0,387.6,388.5,390.8,393.9,391.7,390.9,390.7,391.3,392.2,393.0,393.2,392.6,388.5,389.2,390.6,391.9,392.2,391.5,390.0,389.0,390.0,388.8,388.2,388.6,390.7,393.7,397.0,393.8,390.8,388.8,388.1,388.9,390.5,391.0,391.6,392.0,391.8,391.3,390.6,390.3,70.1,70.3,588.7,-0.459,0.305,0.241,657.1,651.3,648.9,648.3,653.0,664.2,679.5,699.5,723.2,749.5,778.1,805.3,827.4,843.6,855.3,866.9,876.4,673.6,692.7,712.0,728.2,741.7,782.3,801.0,819.4,839.8,856.4,756.9,751.7,746.0,740.4,718.4,727.7,737.4,748.6,759.0,689.6,703.2,718.5,727.1,713.0,698.4,788.4,803.2,819.6,830.9,818.4,802.3,695.2,710.3,723.1,731.6,742.2,753.8,765.9,748.7,735.3,724.3,714.3,703.6,701.5,720.0,729.3,739.4,757.9,738.6,728.1,718.6,426.4,455.2,484.8,512.7,538.2,556.1,564.7,567.3,567.9,570.7,570.1,565.5,551.9,528.5,501.1,472.0,442.6,381.8,370.8,371.1,375.8,382.8,383.7,377.9,375.4,377.6,390.1,406.4,421.8,437.2,453.2,464.8,469.5,473.2,472.6,471.6,411.5,403.9,405.5,414.9,417.7,416.3,420.0,411.8,413.9,423.1,427.0,425.1,501.9,488.2,482.3,485.3,484.6,494.0,508.1,508.8,507.6,506.9,505.9,505.1,500.5,493.9,495.0,495.8,505.4,495.1,494.1,493.5,0.00,0.18,0.57,0.00,0.03,0.00,0.61,0.00,0.00,0.00,0.00,0.43,0.21,0.00,0.67,0.46,0.00,0.00,0.00,0.00,0.00,0.00,0.00,0.00,0.00,0.00,0.00,0.00,0.00,0.00,0.00,0.00,0.00,0.00,0.00
99,0,3.267,0.03,0,0.000000,0.000000,0.000000,0.000000,0.000000,0.000000,0.000,0.000,702.7,706.7,713.9,720.0,721.5,718.0,710.4,704.2,693.6,697.3,702.9,710.4,717.9,723.8,727.9,722.4,714.8,707.4,701.1,696.1,708.8,711.6,714.8,716.5,715.9,713.1,709.9,708.1,800.6,805.0,814.1,822.5,825.3,820.8,811.8,802.6,789.8,796.0,804.0,813.6,822.4,829.1,833.6,828.4,821.3,813.1,804.0,795.4,808.2,812.0,816.1,818.1,816.9,813.1,808.9,806.9,405.7,399.4,397.5,401.2,408.4,415.3,416.5,412.8,409.8,406.9,405.5,405.5,407.8,411.3,414.9,419.1,420.2,420.3,418.7,415.4,409.9,411.6,410.8,407.9,404.8,403.1,403.9,406.8,417.4,408.7,405.9,410.7,420.1,428.8,431.5,427.4,418.0,414.1,411.9,411.8,414.3,417.9,423.2,426.9,428.3,428.1,426.1,423.2,422.6,424.7,423.5,419.5,415.2,413.1,414.4,418.3,35.9,38.2,42.3,45.7,46.5,44.5,40.2,36.7,31.1,33.0,36.0,40.1,44.4,47.9,50.3,47.1,42.6,38.5,35.0,32.3,39.4,40.9,42.7,43.8,43.4,41.9,40.1,39.0,76.7,79.0,83.5,87.7,89.0,86.7,82.2,77.7,71.8,74.6,78.2,82.8,87.4,91.2,93.9,90.8,86.8,82.6,78.2,74.3,80.6,82.5,84.6,85.6,85.0,83.1,81.0,80.0,26.2,22.6,21.5,23.6,27.6,31.6,32.2,30.2,28.9,27.0,26.1,25.9,27.3,29.3,31.4,33.7,34.3,34.4,33.6,31.9,28.6,29.5,29.0,27.4,25.6,24.7,25.2,26.8,27.4,23.3,22.0,24.3,28.9,33.0,34.2,32.2,27.8,25.9,24.7,24.7,26.0,27.9,30.7,32.2,32.7,32.5,31.5,30.2,30.0,31.0,30.5,28.6,26.6,25.5,26.1,27.9,501.2,501.6,501.2,500.2,499.1,498.8,499.1,500.1,507.5,504.2,501.2,499.0,498.6,499.5,500.7,499.6,498.9,499.6,501.5,504.4,500.9,500.4,500.3,500.4,500.9,501.4,501.6,501.4,417.8,418.6,419.7,420.4,420.4,419.6,418.5,418.0,419.5,418.3,417.4,417.5,419.2,421.8,424.7,421.8,419.1,417.3,417.0,418.1,419.3,419.7,420.2,420.5,420.5,420.2,419.7,419.3,70.6,69.8,587.8,-0.468,0.307,0.245,659.3,652.4,648.9,647.9,652.6,664.2,680.3,700.6,723.9,750.0,777.8,805.0,827.4,844.3,856.6,868.2,878.2,675.5,693.9,713.1,729.3,742.6,783.2,802.2,821.1,841.9,858.8,757.1,751.4,745.4,739.3,717.9,727.3,737.0,748.4,759.0,690.8,704.3,719.5,728.3,714.1,699.6,789.8,805.0,821.4,832.7,820.1,803.9,696.3,711.8,724.5,732.4,742.4,754.4,768.4,750.1,736.5,726.2,716.8,705.6,702.5,721.6,730.3,739.8,760.4,739.4,729.5,720.5,426.4,454.6,483.7,511.8,537.9,556.1,565.0,568.4,568.9,571.2,569.5,564.9,551.5,528.1,500.8,471.8,442.6,382.3,370.5,370.5,375.4,383.0,383.2,376.7,374.1,376.5,389.4,405.8,419.6,433.4,447.9,461.8,466.7,470.4,470.0,469.4,412.4,405.0,406.5,415.4,418.5,417.1,419.9,412.3,414.5,423.6,427.2,425.2,499.8,488.1,482.9,485.9,485.2,493.5,506.0,507.1,506.0,505.5,504.6,503.8,498.7,493.0,494.2,494.9,503.4,495.1,494.2,493.6,0.00,0.18,0.57,0.00,0.03,0.00,0.61,0.00,0.00,0.00,0.00,0.43,0.21,0.00,0.67,0.46,0.00,0.00,0.00,0.00,0.00,0.00,0.00,0.00,0.00,0.00,0.00,0.00,0.00,0.00,0.00,0.00,0.00,0.00,0.00
100,0,3.300,0.62,0,0.000000,0.000000,0.000000,0.000000,0.000000,0.000000,0.000,0.000,694.2,700.3,709.9,717.3,718.2,712.6,702.5,695.1,682.1,686.6,693.9,704.0,714.0,721.1,725.5,718.1,708.7,699.3,691.3,685.2,701.8,704.9,709.0,711.6,711.3,708.1,704.0,701.4,801.2,805.4,814.7,823.7,827.1,822.9,813.5,803.7,788.8,795.5,804.1,814.5,823.8,830.5,834.8,829.8,822.9,814.6,804.9,795.4,809.1,813.2,817.5,819.5,817.9,813.8,809.5,807.5,406.0,398.9,397.0,401.2,409.2,417.2,418.2,413.9,416.9,410.9,406.9,405.3,408.6,414.5,420.9,421.7,420.3,419.6,419.2,418.7,411.3,413.2,412.3,409.3,405.9,404.1,405.0,408.0,418.4,408.8,405.2,409.8,419.9,429.6,433.1,429.2,419.7,415.1,412.5,412.1,414.4,417.9,423.1,426.9,428.6,428.8,427.1,424.5,423.6,425.7,424.1,419.6,415.0,412.9,414.5,418.9,24.1,26.9,31.1,34.2,34.4,31.8,27.4,24.3,18.9,20.8,23.9,28.2,32.5,35.6,37.5,34.2,30.0,26.0,22.6,20.1,27.3,28.6,30.4,31.6,31.6,30.2,28.4,27.2,71.6,73.7,78.1,82.4,84.0,82.0,77.5,72.8,66.3,69.1,72.9,77.6,82.1,85.8,88.4,85.5,81.8,77.6,73.2,69.1,75.5,77.5,79.6,80.5,79.8,77.8,75.8,74.8,20.4,17.3,16.5,18.2,21.6,25.0,25.5,23.8,25.5,22.7,20.8,19.9,21.3,23.9,26.7,27.0,26.3,26.1,26.1,26.1,22.7,23.4,23.1,21.8,20.3,19.6,20.0,21.3,26.0,21.7,20.2,22.4,26.9,31.2,32.7,30.8,26.6,24.5,23.3,23.1,24.3,26.1,28.6,30.1,30.7,30.6,29.8,28.7,28.4,29.4,28.7,26.8,24.7,23.7,24.4,26.3,388.3,389.9,389.6,387.4,384.8,383.1,383.5,385.7,392.5,390.1,387.5,385.1,383.9,383.6,383.6,382.5,382.1,383.1,385.5,388.8,386.8,385.9,385.7,386.4,387.5,388.5,388.6,387.9,388.9,389.7,391.2,392.5,392.9,392.1,390.6,389.4,390.1,389.0,388.4,389.0,391.0,394.0,397.2,394.1,391.2,389.0,388.3,389.0,391.0,391.6,392.2,392.6,392.4,391.8,391.2,390.8,70.8,70.6,594.4,-0.467,0.278,0.273,659.0,652.3,648.7,647.1,649.8,659.3,673.9,693.9,717.1,742.8,770.7,798.2,822.0,840.4,853.9,866.8,878.0,676.5,695.1,714.3,730.5,743.9,784.5,803.6,822.0,842.2,859.1,757.7,752.1,746.2,740.1,718.7,727.6,737.0,748.2,758.6,691.2,704.9,720.2,728.7,714.6,700.0,790.4,805.3,821.4,832.2,820.0,804.2,695.8,711.8,724.3,732.2,742.1,753.2,765.4,748.6,735.7,725.5,716.1,705.2,702.3,721.0,729.7,739.0,757.9,738.5,728.8,719.8,422.8,449.7,477.3,504.2,529.9,548.9,560.0,565.4,567.4,571.4,571.8,568.3,555.9,533.0,505.7,476.0,445.6,381.5,370.5,371.2,375.8,382.4,383.7,377.9,375.8,378.3,391.0,405.9,421.0,436.3,452.1,463.2,468.3,472.3,471.8,471.1,411.2,403.8,405.4,414.5,417.6,416.1,420.1,412.4,414.7,424.0,427.8,425.6,499.7,488.5,483.9,486.8,486.1,494.3,506.6,507.1,505.8,505.1,504.1,503.2,498.7,493.8,495.0,495.7,503.9,494.7,493.8,493.0,0.00,0.00,0.00,0.00,0.00,0.00,0.00,0.00,0.00,0.00,0.00,0.00,0.00,0.00,0.00,0.00,0.00,0.00,0.00,0.00,0.00,0.00,0.00,0.00,0.00,0.00,0.00,0.00,0.00,0.00,0.00,0.00,0.00,0.00,0.00
101,0,3.333,0.03,0,0.000000,0.000000,0.000000,0.000000,0.000000,0.000000,0.000,0.000,704.5,708.2,715.1,721.2,722.8,719.6,712.2,706.1,694.5,697.6,702.9,710.5,718.2,723.9,727.8,722.4,714.9,707.8,701.7,696.9,710.5,713.2,716.2,717.9,717.2,714.5,711.4,709.8,801.4,806.0,814.9,823.0,825.4,820.8,811.9,803.0,791.0,797.1,804.9,814.3,823.0,829.7,834.2,828.8,821.5,813.4,804.6,796.3,808.8,812.4,816.4,818.5,817.4,813.8,809.7,807.7,405.4,399.1,397.3,401.0,408.0,414.8,416.1,412.4,409.0,406.0,404.7,404.7,407.2,410.7,414.6,418.9,420.3,420.4,418.6,415.0,409.3,410.9,410.1,407.4,404.3,402.6,403.4,406.2,417.2,408.9,406.4,411.2,420.4,428.8,431.3,427.1,417.9,414.0,411.7,411.5,414.0,417.7,423.0,427.1,428.7,428.6,426.6,423.4,422.4,424.5,423.4,419.7,415.5,413.3,414.5,418.2,37.0,39.1,43.1,46.5,47.4,45.6,41.4,37.9,31.7,33.3,36.2,40.3,44.7,48.1,50.4,47.3,42.9,39.0,35.6,33.0,40.5,42.0,43.7,44.7,44.3,42.8,41.0,40.1,78.6,80.9,85.4,89.5,90.7,88.4,83.8,79.4,73.9,76.6,80.2,84.7,89.3,93.1,96.0,92.7,88.6,84.3,80.0,76.2,82.4,84.3,86.3,87.4,86.8,85.0,82.9,81.9,26.0,22.4,21.4,23.5,27.5,31.4,32.1,30.1,28.5,26.6,25.7,25.6,27.0,29.1,31.4,33.8,34.6,34.7,33.8,31.9,28.3,29.2,28.8,27.2,25.4,24.5,24.9,26.5,27.9,23.8,22.7,25.0,29.6,33.6,34.8,32.7,28.3,26.3,25.1,25.1,26.4,28.3,31.1,32.9,33.5,33.4,32.3,30.9,30.5,31.6,31.0,29.2,27.2,26.1,26.6,28.4,502.2,502.1,501.6,501.1,500.8,501.1,501.3,501.8,509.8,506.1,502.8,500.3,500.0,501.1,502.7,502.1,501.7,502.6,504.5,507.1,502.4,502.2,502.0,501.9,502.1,502.3,502.5,502.5,426.0,426.5,427.4,428.0,428.1,427.5,426.7,426.3,427.8,426.4,425.3,425.3,426.8,429.4,432.4,429.6,427.0,425.4,425.2,426.4,427.4,427.7,428.1,428.3,428.3,428.0,427.6,427.4,69.6,69.8,594.0,-0.505,0.246,0.305,659.0,651.7,647.7,645.6,646.1,652.5,665.6,686.1,710.2,736.2,763.7,791.2,815.5,834.6,849.4,863.8,876.7,678.4,695.9,714.4,730.3,743.4,786.1,805.4,823.3,842.5,859.2,756.1,750.3,744.0,737.3,717.8,725.8,734.7,745.1,755.0,691.0,704.5,720.0,728.7,714.7,700.0,791.0,805.8,822.0,832.2,820.5,804.6,696.2,711.4,722.9,730.0,738.9,748.5,758.5,744.5,733.8,724.6,716.0,705.7,703.2,719.2,727.3,735.4,751.4,735.8,727.3,719.1,420.0,444.4,469.6,495.0,520.8,541.1,555.2,564.1,568.1,573.9,575.2,572.2,560.6,537.7,510.0,479.1,447.2,381.8,370.6,371.4,375.7,381.4,382.7,376.4,374.4,376.5,388.5,404.6,419.5,434.6,450.1,462.1,467.6,471.8,471.2,470.9,412.0,404.2,405.6,414.2,418.3,417.3,419.4,411.8,414.5,423.8,428.1,425.6,499.0,488.0,484.1,486.8,485.7,493.0,504.1,504.9,504.2,503.9,503.0,501.7,497.7,494.4,495.4,495.6,500.9,492.7,492.0,491.0,0.20,0.64,0.90,0.00,0.00,0.00,0.63,0.00,0.00,0.00,0.00,0.57,0.61,0.32,0.00,0.77,0.00,0.00,0.00,0.00,0.00,0.00,0.00,0.00,0.00,0.00,0.00,0.00,0.00,0.00,0.00,0.00,0.00,0.00,0.00
102,0,3.367,0.88,1,0.143986,-0.561339,-0.814964,-0.171211,-0.250884,-0.952756,-0.015,-0.431,701.6,704.9,712.4,719.7,722.6,719.6,711.7,704.4,684.5,690.0,698.3,708.2,717.0,722.7,726.1,721.2,714.1,706.1,697.8,690.0,708.3,711.5,714.7,716.1,714.9,711.8,708.5,707.1,801.0,805.5,814.6,822.9,825.5,821.0,811.9,802.8,790.4,796.7,804.8,814.3,823.2,829.9,834.4,828.9,821.5,813.1,804.1,795.7,808.6,812.3,816.4,818.4,817.2,813.5,809.5,807.4,405.4,398.9,397.2,401.3,408.8,416.2,417.1,413.0,415.3,410.0,406.3,404.9,407.9,413.3,419.3,421.1,420.7,420.5,419.8,418.4,410.3,412.1,411.4,408.6,405.3,403.6,404.3,407.1,416.6,408.1,405.3,410.0,419.4,427.9,430.6,426.5,417.2,413.2,410.9,410.8,413.5,417.3,422.6,426.6,428.2,427.9,425.8,422.6,421.6,423.7,422.5,418.7,414.5,412.4,413.6,417.5,30.5,32.3,36.2,39.9,41.2,39.5,35.5,31.8,22.2,24.9,28.9,33.8,38.2,41.2,43.0,40.3,36.7,32.6,28.5,24.8,33.9,35.5,37.2,38.0,37.4,35.8,34.2,33.4,77.0,79.3,83.8,87.9,89.2,86.9,82.4,77.9,72.3,75.0,78.7,83.2,87.8,91.6,94.4,91.1,87.0,82.7,78.4,74.6,80.9,82.8,84.8,85.8,85.2,83.4,81.4,80.4,22.5,19.4,18.6,20.7,24.4,27.9,28.2,26.2,27.6,24.8,23.0,22.3,23.8,26.6,29.6,30.3,30.0,29.9,29.5,29.0,25.0,25.9,25.6,24.2,22.6,21.8,22.1,23.4,27.1,23.0,21.7,24.0,28.5,32.6,33.8,31.8,27.5,25.5,24.3,24.3,25.6,27.6,30.4,32.2,32.7,32.4,31.4,30.0,29.6,30.6,30.0,28.2,26.2,25.2,25.8,27.6,433.8,436.0,437.7,438.0,436.6,434.5,432.6,432.4,436.8,435.1,433.7,433.3,434.2,435.7,436.9,434.7,432.6,431.7,432.2,434.0,434.6,434.7,435.5,436.4,437.0,436.9,436.2,435.2,418.5,419.0,419.8,420.4,420.5,420.1,419.3,418.8,420.5,419.0,417.9,417.8,419.4,422.0,425.0,422.2,419.6,418.0,417.9,419.1,419.9,420.2,420.6,420.8,420.8,420.5,420.1,419.9,68.8,69.4,594.0,-0.538,0.195,0.308,657.4,650.6,647.4,645.8,644.7,649.2,660.8,681.4,705.1,730.1,757.1,785.3,811.6,832.4,847.9,862.8,875.8,677.1,693.9,711.0,726.4,739.4,786.6,805.8,823.0,841.3,859.4,753.5,748.9,743.5,737.6,718.7,726.4,734.7,744.3,753.5,686.2,700.2,716.9,726.6,711.6,695.8,790.4,805.1,822.2,832.7,820.9,804.2,695.4,710.9,722.4,729.9,738.7,749.2,759.0,745.6,733.8,724.6,715.7,705.6,703.1,718.0,726.5,734.7,752.4,735.2,726.9,718.4,420.8,441.3,463.4,487.1,511.3,531.0,546.5,558.3,563.5,571.3,575.4,575.1,565.3,542.7,513.7,480.3,445.6,379.6,370.8,372.4,375.5,379.5,381.3,374.3,372.1,372.6,381.9,404.4,418.6,433.1,447.8,462.9,468.2,472.3,471.8,471.7,415.4,405.8,406.9,415.9,421.1,420.7,419.0,410.4,413.3,423.4,428.4,425.9,501.4,489.5,485.0,487.5,485.8,494.1,505.0,507.4,506.8,506.6,505.5,503.9,499.6,496.9,497.6,497.3,502.0,493.2,492.5,491.4,0.36,1.23,1.80,0.00,0.00,0.00,1.28,0.00,0.00,0.00,0.00,1.04,1.20,0.69,0.01,1.70,0.00,0.00,0.00,0.00,0.00,0.00,0.00,0.00,0.00,0.00,0.00,0.00,0.00,0.00,0.00,0.00,0.00,0.00,0.00
103,0,3.400,0.88,1,0.216031,-0.571706,-0.791506,-0.164256,-0.260002,-0.951535,0.030,-0.445,700.2,704.3,712.7,720.4,722.9,719.2,710.4,702.7,682.0,687.3,695.7,706.7,716.6,722.6,725.9,719.9,711.6,702.4,694.0,686.7,707.6,710.7,714.2,715.9,714.8,711.7,708.2,706.5,801.0,805.8,815.0,823.3,825.9,821.1,811.9,802.7,790.0,796.7,805.1,814.9,823.6,829.9,833.8,828.4,821.3,813.1,804.1,795.5,808.5,812.3,816.5,818.7,817.5,813.7,809.5,807.3,405.8,399.2,397.7,402.1,409.9,417.4,418.0,413.6,416.2,410.1,406.3,405.0,408.6,414.2,420.2,421.4,420.3,419.8,419.2,418.4,411.1,412.9,412.3,409.6,406.4,404.5,405.1,407.8,416.7,407.9,405.1,409.8,419.3,428.1,431.0,426.8,417.1,412.9,410.8,410.9,413.6,417.3,422.5,426.7,428.5,428.4,426.1,422.6,421.7,423.9,422.6,418.6,414.2,412.0,413.4,417.4,28.2,30.3,34.4,38.0,39.0,37.0,32.8,29.3,19.9,22.3,26.1,31.2,35.8,38.7,40.4,37.4,33.3,29.0,25.2,21.9,31.7,33.2,34.8,35.7,35.3,33.8,32.1,31.3,75.3,77.6,82.1,86.2,87.6,85.3,80.8,76.3,70.5,73.3,77.1,81.7,86.2,89.8,92.3,89.2,85.3,81.0,76.7,72.9,79.2,81.1,83.1,84.2,83.6,81.7,79.6,78.6,21.5,18.5,17.8,19.9,23.5,26.9,27.1,25.0,26.6,23.6,21.7,21.0,22.7,25.4,28.3,28.7,28.1,27.8,27.7,27.4,23.9,24.8,24.5,23.3,21.9,21.0,21.3,22.5,26.5,22.4,21.1,23.4,28.0,32.1,33.4,31.3,26.8,24.8,23.7,23.8,25.2,27.1,29.8,31.6,32.2,32.0,30.9,29.3,29.0,30.1,29.5,27.6,25.5,24.5,25.1,26.9,410.1,412.3,413.6,413.4,411.6,409.5,408.0,408.3,414.1,412.2,410.5,409.4,409.6,410.5,411.1,409.2,407.6,407.5,408.7,411.0,410.4,410.3,410.9,411.8,412.5,412.6,412.1,411.1,409.3,409.5,410.5,411.7,412.3,412.0,411.0,410.1,410.9,409.4,408.5,408.7,410.6,413.6,416.9,414.2,411.5,409.7,409.2,410.0,411.2,411.7,412.1,412.3,412.0,411.5,411.0,410.9,67.2,69.0,589.9,-0.565,0.211,0.311,656.8,649.8,646.6,644.9,644.0,648.8,660.5,680.7,703.1,726.5,752.6,780.8,807.9,829.7,846.2,861.8,875.1,674.8,692.3,709.0,723.8,736.7,787.1,806.0,822.6,840.9,860.0,752.1,747.4,741.9,735.9,716.7,724.5,732.8,742.3,751.6,683.9,698.2,715.5,725.1,709.5,693.2,789.5,804.8,822.6,833.4,821.1,803.7,692.5,708.4,720.3,728.0,737.0,747.6,757.3,743.8,731.8,722.4,713.2,702.7,700.1,715.9,724.6,732.9,750.5,733.2,724.9,716.1,420.7,442.4,465.6,490.1,514.8,534.4,549.8,560.9,564.9,572.1,575.6,575.5,565.5,542.1,512.6,478.4,442.7,378.2,370.2,372.4,375.3,378.7,381.0,374.6,371.9,371.0,379.0,404.2,418.0,431.9,446.1,462.7,467.7,471.6,471.0,470.9,416.3,405.9,406.9,416.4,422.0,421.7,418.9,409.8,412.8,423.5,428.6,426.0,502.4,490.3,485.5,487.9,486.1,494.2,504.7,508.1,508.0,508.1,507.2,505.5,500.6,497.3,497.9,497.3,501.7,494.5,494.0,492.9,0.36,1.23,1.80,0.00,0.00,0.00,1.28,0.00,0.00,0.00,0.00,1.04,1.20,0.69,0.01,1.70,0.00,0.00,0.00,0.00,0.00,0.00,0.00,0.00,0.00,0.00,0.00,0.00,0.00,0.00,0.00,0.00,0.00,0.00,0.00
104,0,3.433,0.62,0,0.000000,0.000000,0.000000,0.000000,0.000000,0.000000,0.000,0.000,690.1,696.8,707.4,715.7,716.8,710.8,699.6,691.3,679.8,684.7,692.4,702.9,713.6,721.8,727.0,719.2,708.7,698.2,689.5,683.0,698.5,702.3,707.0,710.0,709.5,705.7,701.0,698.0,799.9,804.0,813.3,822.4,825.9,821.8,812.5,802.5,786.8,793.9,802.8,813.3,822.6,829.1,833.1,828.3,821.4,813.0,803.2,793.6,807.8,812.0,816.3,818.2,816.6,812.4,808.1,806.2,407.0,398.8,396.1,400.6,409.5,418.7,420.3,415.9,417.5,411.2,407.0,405.3,408.2,413.8,420.4,422.3,421.5,421.2,421.0,420.2,412.8,414.8,413.6,409.9,405.9,403.9,405.1,408.8,417.5,407.6,403.9,408.4,418.7,428.5,432.3,428.4,418.9,414.1,411.3,411.0,413.5,417.1,422.5,426.3,428.0,428.1,426.3,423.7,422.6,424.7,423.0,418.5,413.8,411.7,413.4,417.9,20.5,23.4,27.7,30.9,31.1,28.5,24.1,20.9,16.5,18.4,21.4,25.6,29.8,33.1,35.2,31.9,27.7,23.5,20.1,17.7,23.9,25.3,27.2,28.5,28.4,26.9,25.0,23.7,69.6,71.6,76.0,80.3,81.9,79.9,75.5,70.9,64.1,67.0,70.9,75.5,80.0,83.6,86.1,83.2,79.6,75.4,71.0,66.9,73.5,75.5,77.5,78.4,77.7,75.7,73.7,72.8,19.3,16.0,14.8,16.5,20.0,23.7,24.4,22.7,23.8,21.1,19.2,18.4,19.5,21.8,24.4,25.1,24.8,24.7,24.8,24.7,21.6,22.3,21.8,20.3,18.8,18.0,18.5,20.0,25.0,20.8,19.2,21.3,25.8,30.1,31.6,29.8,25.7,23.6,22.3,22.2,23.4,25.2,27.9,29.3,29.8,29.7,28.9,27.8,27.4,28.4,27.7,25.7,23.7,22.7,23.4,25.4,358.7,360.1,359.4,357.0,354.3,352.9,353.6,356.0,362.6,360.5,357.8,355.7,354.5,354.1,354.0,352.8,352.3,353.3,355.7,359.1,356.9,355.8,355.5,356.2,357.4,358.4,358.8,358.1,381.1,381.9,383.6,385.1,385.5,384.7,383.1,381.7,382.2,381.2,380.7,381.4,383.6,386.7,389.9,386.8,383.8,381.5,380.7,381.3,383.3,384.0,384.7,385.1,384.9,384.2,383.5,383.1,65.9,68.8,586.7,-0.559,0.232,0.311,655.8,648.9,645.9,644.2,643.7,648.8,660.0,679.5,701.2,724.3,750.6,779.1,806.6,828.6,845.4,861.3,874.9,672.8,690.7,707.4,722.0,734.9,785.9,804.9,821.5,840.4,860.3,751.0,746.0,740.2,733.9,714.5,722.5,731.1,740.9,750.5,682.7,697.1,714.7,724.3,708.4,691.9,788.6,804.2,822.4,833.6,820.8,803.1,689.6,705.9,718.4,726.2,735.3,746.4,757.1,742.3,729.6,720.1,710.7,699.8,697.2,714.0,722.8,731.2,749.8,731.4,722.9,714.0,420.1,442.8,466.8,491.8,516.9,536.9,552.5,563.4,567.0,573.8,577.0,576.3,565.5,541.1,511.0,476.8,441.0,377.0,369.2,371.6,374.7,378.1,380.6,374.3,371.4,369.9,377.7,403.7,417.6,431.8,446.3,462.9,467.9,471.9,471.2,471.1,416.2,405.8,406.8,416.3,421.9,421.7,418.6,409.7,412.7,423.3,428.5,425.8,503.3,491.2,486.2,488.6,486.6,494.8,505.4,509.0,509.0,509.2,508.4,506.9,501.7,498.2,498.8,498.1,502.6,494.8,494.4,493.4,0.17,0.59,0.90,0.00,0.00,0.00,0.65,0.00,0.00,0.00,0.00,0.47,0.59,0.36,0.01,0.94,0.00,0.00,0.00,0.00,0.00,0.00,0.00,0.00,0.00,0.00,0.00,0.00,0.00,0.00,0.00,0.00,0.00,0.00,0.00
105,0,3.467,0.57,0,0.000000,0.000000,0.000000,0.000000,0.000000,0.000000,0.000,0.000,698.2,702.3,710.8,718.8,721.5,717.9,708.9,701.0,680.1,685.4,693.6,704.7,714.8,721.1,724.8,718.4,709.5,700.1,691.7,684.5,705.9,709.2,712.8,714.6,713.4,710.0,706.4,704.7,799.5,804.2,813.5,822.1,824.8,820.1,810.7,801.4,788.5,795.1,803.5,813.4,822.3,828.8,833.0,827.5,820.3,812.0,802.9,794.2,807.1,811.0,815.3,817.5,816.3,812.3,808.0,805.9,405.2,398.8,397.1,401.0,408.3,415.5,416.3,412.4,416.7,410.3,406.2,404.6,408.1,413.7,419.2,420.6,419.5,419.2,418.9,418.5,410.1,411.8,411.1,408.4,405.3,403.6,404.4,407.0,416.1,407.1,404.1,408.9,418.6,427.6,430.6,426.4,416.7,412.6,410.5,410.6,413.3,416.9,422.0,426.2,428.1,428.1,425.8,422.3,421.2,423.4,422.1,417.9,413.4,411.2,412.6,416.7,26.6,28.6,32.6,36.2,37.3,35.4,31.3,27.7,18.5,20.8,24.5,29.4,34.0,37.0,38.7,35.6,31.5,27.2,23.5,20.4,30.1,31.6,33.3,34.1,33.7,32.2,30.5,29.6,73.6,75.8,80.3,84.5,85.9,83.6,79.1,74.6,68.8,71.6,75.3,79.9,84.4,88.0,90.6,87.5,83.6,79.4,75.1,71.2,77.5,79.4,81.5,82.5,81.9,80.0,77.9,76.8,20.6,17.8,17.1,18.9,22.1,25.3,25.5,23.8,26.2,23.1,21.1,20.3,21.9,24.5,27.0,27.5,26.9,26.8,26.8,26.7,22.9,23.6,23.3,22.2,20.8,20.0,20.4,21.5,25.9,21.7,20.4,22.7,27.2,31.4,32.7,30.7,26.2,24.3,23.2,23.3,24.7,26.5,29.1,30.9,31.6,31.4,30.3,28.8,28.4,29.4,28.8,26.9,24.8,23.8,24.4,26.3,399.5,401.9,403.2,402.6,400.4,398.0,396.6,397.3,403.9,401.9,400.0,398.5,398.3,398.8,399.3,397.3,396.0,396.1,397.6,400.2,399.4,399.1,399.7,400.7,401.7,401.9,401.4,400.3,403.7,404.1,405.1,406.2,406.7,406.3,405.3,404.4,405.3,403.8,402.9,403.1,405.0,407.8,411.0,408.3,405.7,403.8,403.4,404.2,405.6,406.0,406.5,406.7,406.5,406.0,405.5,405.3,63.8,68.1,576.7,-0.568,0.226,0.305,652.9,646.5,644.0,642.7,642.4,647.3,657.3,676.5,698.8,722.9,750.6,780.0,806.9,828.0,844.3,860.2,874.1,668.6,686.6,704.5,720.5,734.3,783.0,802.8,820.5,840.7,860.3,750.4,745.2,739.3,732.9,712.3,720.7,729.8,740.6,751.1,681.3,695.9,713.5,723.3,707.4,690.8,787.7,803.2,821.4,832.6,819.7,802.0,687.5,703.7,716.2,724.3,733.8,744.4,754.6,740.2,727.9,718.2,708.5,697.8,695.1,711.7,720.8,729.5,747.0,730.1,721.3,712.1,419.6,444.3,470.0,495.9,521.5,541.4,556.2,565.4,567.7,574.7,578.7,578.1,566.3,540.7,510.0,475.1,439.7,379.4,369.0,369.9,373.7,378.2,380.8,374.3,371.0,370.6,380.5,403.2,417.9,432.7,447.9,463.8,468.8,472.9,472.5,472.3,415.5,405.6,406.5,415.5,421.1,420.9,418.3,409.7,412.8,423.2,428.2,425.5,506.8,493.3,487.7,490.4,488.5,497.4,509.4,509.6,508.2,508.1,507.6,507.4,504.5,500.3,500.8,500.5,505.9,493.7,493.1,492.4,0.09,0.36,0.80,0.00,0.00,0.00,0.52,0.00,0.00,0.00,0.00,0.53,0.59,0.30,0.00,0.97,0.00,0.00,1.00,0.00,0.00,0.00,0.00,0.00,0.00,0.00,0.00,0.00,0.00,0.00,0.00,0.00,0.00,0.00,0.00
106,0,3.500,0.03,0,0.000000,0.000000,0.000000,0.000000,0.000000,0.000000,0.000,0.000,687.2,692.0,702.2,711.9,715.3,711.5,700.4,690.7,679.1,682.7,690.1,701.3,713.5,722.2,727.5,720.2,709.9,699.0,690.1,683.3,697.6,701.6,705.9,707.8,706.4,702.4,698.2,696.2,799.2,802.8,811.8,821.0,825.0,821.4,812.3,802.3,787.2,794.3,803.1,813.0,821.8,828.3,832.6,827.9,821.1,812.8,803.2,793.8,807.4,811.5,815.6,817.2,815.4,811.3,807.3,805.6,410.1,399.4,395.4,400.3,411.3,422.8,426.0,421.1,417.8,411.3,407.6,405.6,407.9,413.4,421.5,423.0,423.3,423.4,422.5,420.7,415.2,417.2,415.6,411.2,406.6,404.6,406.2,410.6,417.2,407.5,403.7,407.9,417.8,427.4,431.3,427.7,418.3,413.1,409.9,409.4,411.9,415.9,421.7,425.5,427.1,427.0,425.4,423.0,422.0,423.9,422.2,417.9,413.5,411.6,413.3,417.6,19.1,21.0,25.0,28.8,30.1,28.6,24.2,20.4,16.0,17.3,20.2,24.5,29.3,32.8,35.0,32.0,27.9,23.6,20.2,17.6,23.2,24.8,26.5,27.2,26.7,25.1,23.5,22.7,71.2,73.0,77.4,81.8,83.6,81.7,77.3,72.6,66.0,69.0,72.9,77.5,81.8,85.4,88.0,85.1,81.4,77.2,72.8,68.7,75.2,77.2,79.2,80.0,79.2,77.2,75.3,74.4,20.2,15.9,14.2,16.1,20.5,25.1,26.5,24.6,23.6,20.8,19.2,18.2,19.1,21.3,24.6,25.2,25.3,25.4,25.2,24.7,22.2,23.0,22.3,20.5,18.7,17.9,18.6,20.4,25.6,21.3,19.7,21.7,26.1,30.4,32.0,30.3,26.1,23.7,22.3,22.1,23.4,25.4,28.2,29.7,30.1,30.0,29.2,28.2,27.9,28.8,28.1,26.1,24.2,23.3,24.0,25.9,353.5,353.1,351.6,350.0,349.2,349.8,351.1,352.7,357.9,355.3,352.1,349.8,349.1,349.4,350.3,349.8,349.4,350.3,352.7,355.6,352.7,352.0,351.4,351.2,351.6,352.3,352.9,353.0,391.2,392.4,394.1,395.3,395.3,394.1,392.4,391.4,392.3,391.5,391.3,391.9,394.0,396.8,399.7,396.5,393.3,391.1,390.4,391.1,393.2,393.7,394.5,395.0,395.0,394.4,393.7,393.1,63.7,69.1,580.2,-0.556,0.247,0.304,651.6,645.5,643.4,642.5,642.7,647.7,657.5,675.9,697.8,721.7,749.9,779.7,807.1,828.2,844.0,859.7,873.3,668.0,686.0,703.2,718.5,732.1,784.0,803.6,820.5,840.0,859.5,749.8,744.6,738.7,732.3,711.7,720.2,729.4,740.3,750.7,680.8,695.4,713.0,722.6,706.7,690.3,787.4,802.6,821.0,832.4,819.4,801.7,685.2,701.9,715.2,723.7,733.7,745.8,757.0,741.3,727.3,716.9,706.8,695.6,692.7,710.5,720.2,729.5,749.2,729.6,720.3,710.6,421.5,446.0,471.4,496.7,521.3,540.2,554.2,563.4,566.1,573.4,578.5,578.5,566.6,540.6,509.4,474.4,439.0,378.1,368.7,370.2,373.7,377.4,380.8,374.3,370.8,369.4,377.9,403.7,419.3,435.0,451.1,466.2,471.2,475.4,474.6,474.2,415.8,405.7,406.7,416.1,421.6,421.2,418.3,409.3,412.1,422.6,427.8,425.4,508.8,495.5,489.8,492.3,490.3,499.5,511.6,512.7,511.2,511.1,510.5,510.3,506.9,502.8,503.3,502.7,508.6,496.2,495.4,494.7,0.09,0.36,0.80,0.00,0.00,0.00,0.52,0.00,0.00,0.00,0.00,0.53,0.59,0.30,0.00,0.97,0.00,0.00,1.00,0.00,0.00,0.00,0.00,0.00,0.00,0.00,0.00,0.00,0.00,0.00,0.00,0.00,0.00,0.00,0.00
107,0,3.533,0.03,0,0.000000,0.000000,0.000000,0.000000,0.000000,0.000000,0.000,0.000,697.4,702.0,711.1,719.5,722.2,718.1,708.5,700.1,678.7,683.8,692.1,703.6,714.4,721.1,724.8,717.9,707.9,697.7,689.2,682.2,705.6,709.1,712.8,714.7,713.6,710.1,706.4,704.5,799.1,803.9,813.1,821.3,823.8,819.0,809.8,800.8,788.4,795.0,803.3,813.0,821.7,828.1,832.1,826.5,819.3,811.1,802.2,793.8,806.5,810.3,814.5,816.7,815.6,811.8,807.6,805.4,406.3,399.2,397.3,401.7,409.7,417.6,418.6,414.3,417.7,410.4,406.1,404.4,408.1,413.8,419.7,422.6,422.3,422.4,422.0,420.9,411.5,413.3,412.5,409.6,406.3,404.5,405.3,408.2,415.5,406.8,403.9,408.6,418.1,426.8,429.6,425.5,415.4,411.5,409.5,409.7,412.5,416.0,421.1,425.4,427.3,427.2,424.8,421.1,420.4,422.6,421.3,417.3,412.9,410.7,412.0,416.0,24.7,26.9,30.9,34.5,35.5,33.5,29.3,25.8,16.9,19.1,22.5,27.4,32.0,34.9,36.6,33.4,29.0,24.7,21.1,18.3,28.3,29.7,31.4,32.3,31.9,30.4,28.7,27.8,74.8,77.1,81.6,85.7,87.0,84.8,80.2,75.8,70.0,72.9,76.6,81.2,85.7,89.3,92.0,88.7,84.8,80.5,76.3,72.5,78.7,80.6,82.6,83.7,83.1,81.2,79.1,78.1,19.9,17.0,16.2,18.1,21.4,24.7,25.1,23.3,25.2,21.9,20.0,19.1,20.7,23.2,25.7,26.9,26.7,26.7,26.7,26.4,22.2,22.9,22.6,21.4,20.1,19.3,19.6,20.8,26.1,22.0,20.7,23.0,27.5,31.6,32.9,30.9,26.1,24.2,23.2,23.3,24.7,26.6,29.2,31.1,31.8,31.6,30.5,28.8,28.5,29.6,29.0,27.1,25.0,24.0,24.6,26.5,377.0,379.1,380.2,379.6,377.6,375.6,374.4,375.0,382.7,380.7,378.6,376.9,376.5,376.9,377.2,375.3,374.1,374.5,376.3,379.1,377.0,376.7,377.2,378.1,378.9,379.1,378.7,377.8,411.5,411.7,412.5,413.6,414.3,414.2,413.4,412.5,413.1,411.5,410.5,410.7,412.6,415.5,418.9,416.2,413.6,411.8,411.3,412.2,413.4,413.9,414.3,414.4,414.1,413.6,413.2,413.1,62.5,68.0,572.1,-0.564,0.240,0.314,654.1,647.3,644.2,642.5,641.0,643.6,651.1,668.9,691.5,717.4,747.5,779.7,809.0,831.5,848.1,863.7,877.1,670.5,688.1,705.6,721.5,734.9,779.5,800.9,819.9,840.5,859.9,747.7,742.7,736.8,730.4,709.6,718.3,727.7,738.8,749.7,680.2,694.6,712.4,722.2,706.2,689.5,787.3,802.7,821.1,832.2,819.4,801.5,684.0,700.8,714.0,722.7,733.3,745.8,757.0,741.6,727.4,716.6,706.3,695.1,692.1,708.9,718.8,728.7,749.3,729.1,719.2,709.4,419.7,441.5,464.7,489.6,515.6,536.9,555.9,569.2,572.6,579.7,582.3,580.5,567.7,541.3,510.1,474.9,438.6,378.7,368.9,370.5,374.6,380.5,381.1,372.8,369.8,370.5,380.8,403.8,418.0,432.5,447.3,465.3,470.3,474.6,474.1,474.3,417.3,406.1,407.1,416.9,422.8,422.7,418.2,408.4,411.4,422.1,427.4,425.0,509.8,494.5,488.8,491.3,489.0,498.5,511.8,512.7,510.7,510.6,510.1,510.0,507.6,502.5,502.7,502.2,508.5,495.5,494.8,493.8,0.09,0.36,0.80,0.00,0.22,0.00,0.59,0.00,0.33,0.00,0.00,1.26,0.59,1.07,0.00,0.97,0.00,0.00,1.00,0.00,0.00,0.00,0.00,0.00,0.00,0.00,0.00,0.00,0.00,0.00,0.00,0.00,0.00,0.00,0.00
108,0,3.567,0.88,1,-0.051127,-0.167906,-0.984476,-0.058866,0.086039,-0.994551,-0.056,-0.041,688.4,695.1,705.5,713.4,714.3,708.2,697.2,689.2,678.4,683.6,691.8,702.4,713.0,721.2,726.6,718.9,708.9,698.7,689.6,682.5,697.0,700.2,704.4,707.1,706.8,703.6,699.4,696.6,797.9,801.2,810.3,819.8,824.1,820.8,811.7,801.3,786.3,793.7,802.7,812.4,821.1,827.6,832.3,827.6,820.9,812.7,802.9,793.1,806.3,810.6,814.8,816.3,814.4,810.1,805.9,804.4,405.6,397.3,394.8,399.7,409.0,418.4,419.8,414.9,414.8,409.6,406.1,405.0,408.3,414.5,421.4,421.9,420.2,419.2,418.2,417.2,411.4,413.4,412.4,409.0,405.2,403.3,404.3,407.6,416.4,406.6,402.6,406.8,416.7,426.6,430.6,427.2,416.0,411.8,409.4,409.3,411.7,415.2,420.3,424.2,425.8,425.7,423.9,421.3,421.4,423.3,421.5,417.1,412.5,410.6,412.4,416.9,20.3,23.2,27.5,30.6,30.8,28.2,23.7,20.5,16.3,18.3,21.6,25.9,30.2,33.6,35.9,32.6,28.4,24.2,20.6,17.8,23.8,25.1,26.8,28.0,27.9,26.6,24.9,23.7,69.8,71.5,75.9,80.4,82.3,80.5,76.1,71.3,64.8,67.9,71.9,76.4,80.6,84.1,86.9,84.0,80.3,76.2,71.8,67.6,73.9,75.9,77.9,78.7,77.8,75.8,73.8,73.0,19.1,15.7,14.6,16.6,20.3,24.1,24.8,22.9,23.2,20.8,19.3,18.7,20.0,22.5,25.4,25.6,24.8,24.4,24.2,24.0,21.5,22.2,21.8,20.4,18.9,18.1,18.6,20.0,24.9,20.7,19.0,20.9,25.3,29.6,31.3,29.7,24.8,22.9,21.8,21.8,23.0,24.7,27.2,28.7,29.2,29.0,28.2,27.1,27.3,28.2,27.4,25.5,23.5,22.6,23.3,25.3,367.3,368.4,367.6,365.2,362.7,361.6,362.4,364.8,370.4,367.8,365.1,362.9,362.0,362.1,362.4,361.2,360.6,361.3,363.5,366.8,365.6,364.6,364.3,364.7,365.7,366.7,367.1,366.6,386.7,388.1,389.9,391.1,390.9,389.5,387.7,386.6,387.5,386.8,386.7,387.5,389.6,392.3,395.3,391.8,388.5,386.2,385.4,386.2,388.6,389.1,389.9,390.6,390.6,390.1,389.3,388.6,65.3,67.0,528.0,-0.066,0.091,0.053,625.4,627.9,631.2,634.0,642.3,659.6,682.5,708.6,735.7,764.0,791.9,818.5,838.8,853.2,861.9,868.7,873.1,645.4,663.3,688.0,712.2,734.8,776.6,795.2,814.8,837.2,857.0,758.1,757.5,756.9,756.3,724.9,738.6,752.6,765.9,777.7,676.8,693.7,711.1,724.7,708.3,690.7,785.6,802.8,819.4,832.6,820.3,803.5,693.6,717.5,736.7,748.0,761.9,776.1,794.3,773.6,758.2,743.9,731.4,713.5,700.5,734.5,746.7,760.7,787.2,759.7,745.8,733.5,415.8,447.2,477.6,508.2,536.6,560.7,579.5,592.3,595.4,591.6,578.3,560.6,537.4,508.5,477.5,446.7,415.2,388.5,372.2,368.2,372.4,382.3,382.6,375.4,372.1,372.7,385.2,411.0,433.7,456.5,479.5,484.6,490.8,496.0,492.5,489.3,411.7,405.9,407.6,418.8,420.9,419.6,420.4,410.8,411.1,418.4,424.7,424.9,505.2,503.8,503.3,507.2,504.7,508.1,511.6,518.8,520.6,521.1,519.7,516.0,506.8,512.6,515.2,514.1,512.3,507.2,508.2,507.1,0.04,0.00,0.00,0.00,0.33,0.00,0.07,0.00,0.77,0.00,0.00,1.51,0.00,1.80,0.00,0.00,0.00,1.00,1.00,0.00,0.00,1.00,0.00,0.00,0.00,0.00,0.00,0.00,0.00,0.00,0.00,0.00,0.00,0.00,0.00
109,0,3.600,0.88,1,-0.133927,0.046349,-0.989907,-0.061401,0.125245,-0.990224,-0.098,0.086,686.0,692.1,702.2,710.4,711.9,706.8,695.7,687.4,679.9,683.7,690.3,700.4,711.8,721.3,728.7,719.0,707.1,696.0,687.6,682.4,694.3,698.6,704.0,707.2,706.4,702.0,696.6,693.4,797.3,800.5,809.3,818.6,822.9,819.7,810.8,800.8,786.3,793.3,801.9,811.5,819.9,826.2,830.6,826.2,819.9,812.0,802.6,793.0,805.6,809.7,813.7,815.1,813.2,809.1,805.1,803.7,410.2,398.8,394.5,399.8,411.6,424.1,427.3,422.0,415.9,409.5,405.2,402.9,405.3,410.3,417.2,419.8,419.9,420.2,419.6,418.5,417.4,420.2,417.9,411.9,405.8,403.0,405.3,411.3,414.9,405.2,401.2,405.3,415.0,424.8,428.7,425.5,415.1,409.9,406.9,406.4,408.9,412.8,418.6,422.6,424.4,424.5,422.9,420.3,419.7,421.5,419.7,415.4,411.0,409.2,411.0,415.3,16.9,19.1,22.7,25.5,25.9,24.0,20.2,17.4,14.9,16.2,18.4,21.9,25.9,29.2,31.8,28.3,24.1,20.2,17.3,15.6,19.8,21.3,23.2,24.4,24.1,22.6,20.8,19.6,70.7,72.4,76.8,81.2,83.2,81.4,77.1,72.3,65.9,68.9,72.8,77.3,81.6,85.0,87.6,84.9,81.3,77.3,72.9,68.7,74.8,76.8,78.8,79.6,78.7,76.7,74.8,74.0,18.5,14.3,12.6,14.4,18.6,23.1,24.4,22.7,20.9,18.3,16.5,15.5,16.3,18.0,20.5,21.4,21.5,21.7,21.7,21.6,21.0,21.9,21.0,18.8,16.6,15.7,16.6,18.8,24.7,20.4,18.7,20.6,25.0,29.3,31.0,29.4,24.8,22.4,21.1,20.9,22.2,24.1,26.9,28.5,29.1,29.0,28.2,27.1,27.0,27.8,27.1,25.2,23.2,22.3,23.1,25.0,322.2,321.8,319.5,316.5,314.6,314.9,317.3,320.3,326.9,323.6,320.2,316.9,314.9,314.0,313.7,313.3,313.7,315.6,318.8,322.7,320.0,318.4,317.2,317.1,318.1,319.6,320.8,321.0,393.5,394.9,396.8,398.1,398.0,396.6,394.7,393.5,394.2,393.6,393.7,394.6,396.6,399.4,402.2,398.8,395.5,393.1,392.3,393.0,395.5,396.1,396.9,397.5,397.6,397.0,396.2,395.5,66.4,67.1,529.8,-0.026,0.068,0.033,624.5,627.8,631.6,634.5,642.8,660.9,684.4,710.9,737.6,765.2,792.4,818.8,839.9,854.8,863.3,868.9,872.4,644.3,661.9,686.0,709.8,732.5,777.3,795.5,814.0,835.2,855.1,757.7,758.3,758.8,759.3,727.8,741.6,755.6,768.6,780.1,676.7,693.0,710.7,724.0,708.0,690.2,786.0,801.8,818.4,831.2,819.7,803.3,696.0,721.3,740.0,751.7,765.8,779.7,798.0,778.1,763.4,749.2,736.6,718.4,702.7,738.2,750.7,765.0,791.6,764.2,750.3,737.8,416.0,446.7,476.2,506.2,533.8,557.6,576.5,590.8,594.1,590.6,576.7,559.3,536.1,506.9,474.9,443.7,411.6,386.6,371.6,367.5,370.8,379.4,379.8,373.3,370.6,370.7,381.3,411.1,435.3,459.4,483.6,488.6,494.7,499.8,495.7,491.9,411.9,404.7,406.3,418.3,421.2,420.2,419.1,408.0,407.9,415.9,422.7,423.4,505.7,507.5,508.5,512.0,509.3,510.0,509.2,515.8,517.9,518.8,517.5,514.6,507.7,516.4,519.0,517.0,510.8,506.3,507.8,506.7,0.28,0.09,0.00,0.00,0.39,0.00,0.07,0.00,1.23,0.00,0.00,2.27,0.00,2.79,0.00,0.00,0.00,1.00,1.00,0.00,0.00,1.00,0.00,0.00,0.00,0.00,0.00,0.00,0.00,0.00,0.00,0.00,0.00,0.00,0.00
110,0,3.633,0.98,1,-0.063299,0.106525,-0.992293,-0.060181,0.117122,-0.991292,-0.062,0.112,685.8,690.5,699.3,707.0,709.1,705.2,695.6,687.9,679.1,682.9,688.5,697.1,706.8,714.4,720.2,712.5,703.2,694.7,688.0,683.1,693.7,697.6,702.0,704.3,703.3,699.4,695.0,692.7,797.2,800.3,809.2,818.5,822.9,819.8,811.0,800.8,785.8,793.0,801.9,811.5,820.0,826.2,830.6,826.2,819.9,812.1,802.6,792.8,805.5,809.7,813.7,815.1,813.1,808.9,805.0,803.6,411.3,401.4,398.2,403.5,414.4,425.2,427.6,422.2,415.5,408.8,404.6,402.1,403.8,409.1,418.4,422.6,424.9,425.8,423.9,420.6,417.7,420.3,418.7,413.8,408.4,405.8,407.4,412.4,414.2,404.3,400.2,404.4,414.4,424.3,428.4,425.0,414.5,409.1,406.1,405.7,408.3,412.2,418.0,422.1,423.9,424.1,422.3,419.7,419.1,421.0,419.2,414.8,410.3,408.4,410.3,414.7,20.1,22.1,25.8,28.9,29.8,28.2,24.2,20.9,17.3,18.8,21.1,24.6,28.7,31.9,34.4,31.1,27.2,23.6,20.8,18.9,23.5,25.1,26.9,27.9,27.5,25.9,24.0,23.0,69.4,71.0,75.3,79.8,81.7,80.0,75.7,71.0,64.4,67.5,71.4,75.9,80.1,83.5,86.0,83.3,79.8,75.9,71.5,67.3,73.5,75.4,77.4,78.1,77.3,75.3,73.3,72.6,22.5,18.1,16.6,18.8,23.4,28.2,29.4,27.2,24.5,21.4,19.4,18.2,18.8,21.1,25.1,26.9,27.8,28.4,27.7,26.5,25.2,26.3,25.5,23.3,21.0,19.9,20.7,22.9,23.9,19.6,17.9,19.9,24.3,28.6,30.3,28.7,24.1,21.7,20.3,20.2,21.5,23.4,26.2,27.8,28.3,28.2,27.4,26.3,26.2,27.1,26.4,24.4,22.5,21.6,22.3,24.3,383.7,382.6,380.3,377.9,377.0,378.1,380.4,382.7,386.4,383.4,380.3,377.5,376.0,375.6,375.7,375.6,375.7,377.0,379.7,383.0,382.2,381.0,379.9,379.4,379.9,381.1,382.2,382.7,386.2,387.7,389.7,391.1,391.0,389.5,387.5,386.2,386.6,386.1,386.3,387.2,389.4,392.2,395.1,391.6,388.2,385.7,384.8,385.4,388.3,388.9,389.8,390.4,390.5,389.9,389.0,388.3,67.5,68.2,539.1,-0.012,0.066,0.022,624.5,627.8,631.4,634.3,643.3,662.6,686.1,712.8,739.0,765.9,792.7,819.0,840.5,855.4,863.2,868.2,871.5,643.5,661.7,685.7,709.2,731.4,776.9,795.3,813.5,834.2,853.8,756.7,757.5,758.3,759.1,728.0,741.8,755.5,768.4,779.9,674.3,690.0,707.9,720.7,705.0,687.2,786.7,801.4,818.1,830.6,819.6,803.3,696.2,722.2,740.4,752.2,766.2,780.4,799.0,779.1,764.0,750.0,737.4,719.5,703.2,738.7,751.3,765.5,792.6,764.6,750.9,738.4,416.2,446.8,476.1,505.9,533.3,556.8,575.0,589.6,592.8,589.5,575.6,558.7,535.9,506.6,474.2,442.6,410.3,385.3,370.6,366.7,369.7,377.6,377.9,371.3,369.0,368.7,378.8,410.9,434.9,458.9,482.9,489.4,495.5,500.3,496.0,492.0,413.2,405.2,406.7,418.7,422.7,421.5,418.8,407.4,407.0,415.5,422.5,423.4,507.4,509.2,510.6,513.8,510.9,510.7,509.3,515.2,517.1,518.1,517.0,514.8,509.4,518.6,520.9,518.6,510.9,506.3,508.0,507.0,0.50,0.20,0.04,0.00,0.21,0.00,0.00,0.00,1.37,0.00,0.00,2.34,0.00,2.91,0.00,0.00,0.00,1.00,1.00,0.00,0.00,1.00,0.00,0.00,0.00,0.00,1.00,0.00,0.00,0.00,1.00,0.00,0.00,0.00,0.00
111,0,3.667,0.98,1,0.002529,0.104925,-0.994477,-0.073008,0.129815,-0.988847,-0.036,0.118,686.1,689.8,697.9,705.7,708.7,705.2,697.0,689.1,673.5,680.8,689.5,699.3,707.2,711.5,713.4,709.7,704.9,697.4,688.8,680.5,692.2,696.1,700.0,701.7,700.2,696.4,692.4,690.7,797.3,800.5,809.1,818.1,822.1,818.9,810.3,800.6,787.4,793.7,801.7,811.2,819.5,825.3,829.3,825.1,819.3,812.0,803.1,794.0,805.2,809.3,813.3,814.8,812.9,808.8,804.8,803.3,409.2,399.3,396.3,401.9,412.9,423.6,425.8,420.2,414.8,407.4,403.3,400.7,402.2,407.2,416.2,419.6,421.5,422.3,421.0,418.6,415.8,418.5,417.0,412.2,406.9,404.2,405.7,410.5,413.3,403.8,399.9,403.9,413.5,423.0,427.0,423.7,414.2,408.1,404.8,404.3,406.9,410.8,416.9,420.8,422.7,423.1,421.5,418.9,418.1,420.0,418.2,413.8,409.3,407.5,409.3,413.7,19.7,21.3,25.0,28.6,29.9,28.3,24.5,21.0,14.2,17.3,21.0,25.4,29.0,31.1,32.0,30.2,27.8,24.5,20.8,17.2,22.4,24.2,26.0,26.8,26.1,24.3,22.6,21.8,73.0,74.7,79.1,83.6,85.5,83.7,79.3,74.5,68.4,71.3,75.0,79.6,83.9,87.2,89.7,87.0,83.6,79.7,75.4,71.3,77.0,79.1,81.1,81.9,81.1,79.0,77.0,76.2,21.0,16.9,15.7,18.2,23.0,27.6,28.3,25.7,23.3,20.1,18.4,17.4,18.2,20.5,24.5,25.8,26.4,26.6,25.9,24.9,24.0,25.2,24.6,22.6,20.3,19.1,19.7,21.7,24.8,20.4,18.6,20.6,25.1,29.5,31.2,29.6,25.1,22.3,20.8,20.6,21.9,23.9,26.9,28.6,29.2,29.2,28.4,27.3,27.1,28.0,27.2,25.2,23.1,22.2,23.0,25.0,373.1,374.9,377.9,380.2,380.6,379.1,375.9,373.5,371.5,371.5,372.3,374.4,377.7,380.3,382.2,379.2,375.7,373.0,372.1,371.7,375.9,377.0,378.4,379.3,379.1,378.0,376.6,375.7,406.0,407.3,409.2,410.6,410.6,409.4,407.5,406.2,406.3,405.8,406.0,406.9,409.0,411.7,414.4,411.3,408.1,405.7,404.8,405.3,408.1,408.7,409.6,410.2,410.2,409.5,408.7,408.1,67.6,68.1,541.0,-0.021,0.066,0.021,624.3,627.5,631.2,634.4,644.1,664.1,687.4,713.8,739.9,766.9,793.6,819.4,840.5,855.1,862.6,867.2,870.1,643.9,661.7,685.7,708.9,730.9,776.5,794.8,812.8,833.1,852.2,756.3,757.2,758.0,758.8,727.6,741.5,755.2,768.3,780.0,673.6,688.7,706.3,718.9,703.5,686.1,787.2,801.3,817.9,830.0,819.1,803.2,696.1,721.7,739.6,752.0,766.3,780.8,799.1,779.5,764.0,749.6,736.5,719.0,703.2,737.9,751.1,765.7,792.6,764.7,750.6,737.6,415.3,446.4,476.1,506.0,533.6,556.9,574.8,588.7,591.6,588.6,574.9,558.3,535.6,506.4,474.2,442.6,410.7,383.2,368.4,364.3,367.3,375.3,376.2,369.5,367.4,367.2,377.1,409.1,433.2,457.4,481.6,488.7,494.7,499.6,495.4,491.1,411.7,403.6,404.9,416.4,420.6,419.5,417.2,406.4,406.2,414.6,421.2,421.9,509.1,510.2,511.4,514.7,511.9,512.0,511.5,516.1,517.5,518.3,517.0,515.2,511.0,520.0,522.3,520.1,512.9,506.5,508.0,506.9,0.74,0.50,0.13,0.02,0.13,0.00,0.00,0.00,1.36,0.00,0.00,2.43,0.00,2.77,0.00,0.00,0.00,1.00,1.00,0.00,0.00,1.00,0.00,0.00,0.00,0.00,1.00,0.00,1.00,0.00,1.00,0.00,0.00,0.00,0.00
112,0,3.700,0.98,1,-0.012061,0.159125,-0.987185,-0.077094,0.136846,-0.987588,-0.045,0.149,685.4,689.5,698.2,706.4,709.3,705.6,696.5,688.3,674.2,680.5,688.5,698.0,706.7,712.5,716.1,710.9,704.3,696.5,688.4,680.9,692.4,696.6,701.1,703.2,701.7,697.4,692.9,690.8,797.4,800.6,809.2,818.1,822.1,818.8,810.2,800.5,787.6,793.9,801.8,811.2,819.5,825.4,829.4,825.1,819.2,811.9,803.1,794.1,805.2,809.3,813.3,814.8,813.0,808.8,804.9,803.3,410.2,401.6,398.8,403.2,412.4,421.7,423.9,419.4,414.0,407.4,403.2,401.0,402.7,407.6,415.7,417.9,418.8,419.3,418.4,416.8,415.7,418.0,416.5,412.1,407.3,405.1,406.6,411.0,413.2,403.8,400.0,404.0,413.6,423.0,426.8,423.5,414.1,408.2,404.9,404.4,407.0,410.9,417.0,420.8,422.6,423.0,421.4,418.9,418.0,419.9,418.2,413.8,409.4,407.5,409.3,413.6,22.5,24.6,29.0,33.1,34.6,32.7,28.0,23.9,17.0,20.1,24.0,28.7,33.1,36.1,38.1,35.3,31.9,27.9,23.9,20.3,26.0,28.2,30.5,31.5,30.8,28.6,26.4,25.3,73.6,75.4,79.8,84.2,86.1,84.3,79.9,75.2,69.1,72.0,75.7,80.3,84.6,87.9,90.4,87.7,84.3,80.4,76.1,72.0,77.7,79.7,81.8,82.6,81.7,79.7,77.6,76.8,24.9,20.7,19.3,21.6,26.1,30.7,31.7,29.4,26.9,23.5,21.4,20.3,21.2,23.7,27.9,28.8,29.1,29.3,28.9,28.2,27.7,28.9,28.2,26.0,23.6,22.5,23.2,25.4,24.9,20.6,18.9,20.8,25.3,29.7,31.4,29.7,25.3,22.5,21.0,20.8,22.2,24.1,27.2,28.8,29.5,29.5,28.7,27.5,27.3,28.2,27.5,25.4,23.3,22.4,23.2,25.2,434.0,434.8,435.8,436.4,436.2,435.7,434.4,433.8,435.6,434.1,432.9,433.0,434.5,436.3,438.0,435.8,433.5,432.3,432.7,433.9,435.2,435.5,436.1,436.5,436.6,436.4,435.8,435.4,409.5,410.8,412.6,413.9,413.9,412.6,410.8,409.6,409.8,409.3,409.4,410.2,412.3,415.0,417.7,414.6,411.5,409.0,408.2,408.8,411.5,412.1,412.9,413.5,413.5,412.9,412.1,411.5,67.2,67.5,536.8,-0.027,0.067,0.021,624.4,627.5,631.1,634.7,644.6,664.6,688.0,714.2,740.7,768.1,794.7,820.1,840.7,855.0,862.5,867.1,869.7,644.7,662.1,685.8,709.0,731.0,776.1,794.2,812.2,832.5,851.4,756.4,757.4,758.2,759.0,727.6,741.6,755.4,768.7,780.4,673.7,688.9,706.2,719.1,703.7,686.6,787.1,801.6,818.0,830.2,819.1,803.3,696.5,721.7,739.3,752.0,766.7,781.3,799.4,779.9,764.5,749.7,736.3,719.1,703.6,737.7,751.2,766.1,792.9,765.2,750.8,737.4,415.4,446.2,475.7,505.4,532.8,555.9,573.7,587.5,590.6,587.9,574.4,557.8,535.0,506.1,474.2,442.9,411.4,382.7,368.0,363.7,367.0,375.3,376.4,369.5,367.2,366.9,376.8,408.6,432.9,457.3,481.7,488.7,494.7,499.7,495.5,491.3,410.8,403.2,404.5,415.6,419.5,418.5,416.8,406.6,406.5,414.6,420.9,421.4,509.8,510.9,511.9,515.5,512.8,513.3,513.0,516.6,517.7,518.4,516.9,515.2,511.8,520.9,523.4,521.4,514.3,506.1,507.5,506.2,0.79,0.70,0.17,0.02,0.07,0.00,0.00,0.00,1.36,0.00,0.00,2.48,0.00,2.59,0.00,0.00,0.00,1.00,1.00,0.00,0.00,0.00,0.00,0.00,0.00,0.00,1.00,0.00,1.00,0.00,1.00,0.00,0.00,0.00,0.00
113,0,3.733,0.88,1,0.073851,-0.033788,-0.996697,-0.084300,0.114111,-0.989885,-0.005,0.040,685.2,689.5,698.2,706.1,708.7,704.4,695.7,687.8,666.7,676.6,687.4,698.0,705.9,710.7,712.7,708.6,703.1,695.5,685.8,675.6,691.1,694.9,699.1,701.2,700.0,696.1,691.9,689.8,797.4,800.7,809.3,818.1,822.0,818.6,810.0,800.4,787.4,793.9,802.0,811.4,819.6,825.3,829.1,824.8,819.1,811.9,803.1,794.2,805.0,809.1,813.1,814.7,812.9,808.8,804.7,803.1,402.7,392.8,390.9,398.1,410.2,421.2,422.0,414.8,405.0,400.8,398.8,398.9,402.8,409.3,418.1,422.1,422.7,421.9,418.2,412.7,410.9,414.4,413.5,408.7,402.9,399.4,400.3,405.1,412.0,402.4,398.5,402.7,412.4,422.1,425.9,422.5,413.2,406.6,403.0,402.5,405.2,409.3,415.7,419.4,421.3,421.7,420.2,417.7,417.0,418.9,417.1,412.6,408.0,406.1,407.9,412.4,17.0,18.7,22.2,25.4,26.4,24.6,21.1,17.9,10.0,13.7,17.8,21.9,25.1,27.1,28.0,26.2,23.8,20.8,17.1,13.3,19.3,20.9,22.5,23.4,22.9,21.4,19.7,18.9,72.5,74.3,78.6,83.0,84.9,83.1,78.7,74.0,68.0,70.9,74.6,79.2,83.4,86.7,89.1,86.4,83.0,79.2,75.0,70.9,76.5,78.5,80.6,81.4,80.5,78.5,76.4,75.6,16.0,12.4,11.8,14.6,19.3,23.3,23.4,20.6,16.8,15.3,14.5,14.7,16.3,18.9,22.4,23.7,23.7,23.2,21.7,19.7,19.3,20.6,20.4,18.6,16.4,15.0,15.3,17.1,24.0,19.6,17.9,19.9,24.5,28.9,30.5,28.8,24.5,21.5,19.8,19.6,21.0,23.1,26.2,27.8,28.4,28.4,27.6,26.5,26.4,27.4,26.6,24.5,22.4,21.4,22.2,24.3,328.7,330.9,334.0,336.1,336.0,334.0,330.6,328.5,327.4,327.6,328.3,330.1,332.8,335.4,337.5,334.3,330.7,328.0,326.8,326.7,331.1,332.1,333.6,334.7,334.7,333.7,332.3,331.2,403.3,404.5,406.5,408.0,408.2,407.0,405.1,403.7,403.3,402.9,403.1,404.1,406.4,409.3,412.1,408.9,405.7,403.2,402.2,402.6,405.5,406.2,407.1,407.7,407.6,406.9,406.0,405.4,66.2,66.2,531.3,-0.041,0.073,0.025,625.0,627.5,631.1,634.7,644.5,664.3,687.5,713.8,740.6,768.2,794.6,820.1,840.7,855.1,862.9,867.3,869.3,644.1,662.4,686.0,708.7,730.0,776.1,794.4,812.7,832.8,851.2,755.9,756.7,757.6,758.4,726.5,740.7,754.7,768.0,779.9,670.8,686.0,704.3,717.8,701.5,683.4,786.2,801.3,818.6,831.1,820.0,803.1,695.4,720.1,737.7,751.0,766.3,781.3,799.2,779.9,764.0,748.5,734.5,717.3,702.8,736.0,750.1,765.7,792.4,764.8,749.7,735.7,415.3,445.8,475.1,504.6,531.6,554.4,572.3,586.1,589.7,587.4,574.2,557.5,535.0,506.2,474.6,443.2,411.8,379.3,365.0,361.1,364.5,373.0,374.2,366.9,364.3,364.5,375.2,407.0,430.9,454.8,478.8,488.0,493.5,498.2,494.5,490.6,408.9,400.5,402.2,415.4,418.9,417.6,416.4,404.4,404.1,413.3,420.4,421.1,510.9,510.1,510.1,514.0,511.1,513.0,514.7,517.4,518.0,518.5,516.9,515.2,512.7,520.4,522.9,521.2,515.4,505.9,507.0,505.7,0.80,0.84,0.17,0.02,0.03,0.00,0.00,0.00,1.30,0.00,0.00,2.52,0.00,2.36,0.00,0.00,0.00,1.00,1.00,0.00,0.00,0.00,0.00,0.00,0.00,0.00,1.00,0.00,1.00,0.00,1.00,0.00,0.00,0.00,0.00
114,0,3.767,0.88,1,0.048754,-0.072895,-0.996147,-0.096743,0.116634,-0.988452,-0.024,0.022,684.0,688.3,697.2,705.6,708.5,704.4,695.4,687.0,666.3,675.7,686.5,697.2,705.4,710.6,712.9,708.9,703.2,695.4,685.5,675.1,690.6,694.5,698.7,700.7,699.3,695.3,691.1,689.2,797.3,800.8,809.3,818.0,821.6,818.2,809.6,800.2,788.3,794.3,801.9,811.1,819.3,825.2,829.1,824.6,818.7,811.5,803.0,794.6,804.9,809.0,813.1,814.7,813.0,808.9,804.8,803.1,399.9,390.4,388.8,396.1,408.0,418.6,419.1,411.7,403.5,398.6,396.1,396.0,400.1,407.2,416.6,420.1,420.3,419.3,415.8,410.7,408.2,411.6,410.9,406.4,400.9,397.4,398.2,402.6,411.1,401.9,398.2,402.2,411.6,420.8,424.5,421.2,412.3,405.1,401.0,400.2,403.0,407.5,414.4,418.1,420.0,420.4,419.0,416.6,415.9,417.8,416.1,411.7,407.2,405.3,407.1,411.4,16.6,18.3,21.9,25.2,26.3,24.5,20.9,17.6,9.9,13.4,17.5,21.6,24.9,27.1,28.1,26.3,23.9,20.8,17.0,13.1,19.1,20.7,22.4,23.2,22.7,21.1,19.4,18.6,75.6,77.4,81.8,86.3,88.1,86.2,81.8,77.0,71.3,74.1,77.7,82.3,86.7,90.1,92.5,89.7,86.2,82.3,78.1,74.2,79.6,81.7,83.8,84.7,83.8,81.7,79.6,78.7,15.0,11.5,11.0,13.9,18.4,22.4,22.3,19.4,16.3,14.5,13.6,13.6,15.3,18.1,21.8,22.9,22.8,22.2,20.8,19.0,18.3,19.6,19.4,17.8,15.6,14.3,14.5,16.2,24.6,20.2,18.5,20.5,25.0,29.4,31.1,29.4,25.2,21.6,19.7,19.3,20.8,23.1,26.6,28.2,28.9,29.0,28.3,27.2,27.0,27.9,27.1,25.0,22.9,21.9,22.7,24.8,329.1,331.6,334.6,336.4,335.8,333.6,330.4,328.6,328.0,328.2,328.9,330.7,333.3,335.6,337.4,334.2,330.7,328.1,326.9,327.1,331.3,332.1,333.5,334.7,334.9,334.1,332.7,331.5,420.4,421.3,422.9,424.1,424.3,423.3,421.8,420.7,420.7,420.2,420.2,420.9,422.8,425.5,428.0,425.1,422.2,419.9,419.2,419.8,422.3,422.8,423.6,424.1,424.0,423.4,422.7,422.2,65.8,65.4,530.8,-0.066,0.083,0.032,625.4,627.7,631.3,634.8,644.2,663.4,686.3,712.8,740.0,768.0,794.8,820.5,841.0,855.2,863.0,867.5,869.3,644.7,662.9,686.2,708.7,729.7,775.7,793.9,812.4,832.6,850.7,755.5,756.1,756.8,757.4,725.7,739.8,753.6,767.0,779.0,670.5,685.6,704.0,717.4,701.1,682.8,786.1,801.1,818.7,831.1,820.0,802.9,694.7,718.8,736.3,749.8,765.3,780.7,798.3,779.1,762.7,747.0,732.6,715.7,702.2,734.5,748.9,764.6,791.2,763.7,748.3,734.1,415.6,445.8,474.8,503.9,530.8,553.7,571.7,585.4,588.8,586.8,574.0,557.7,535.4,506.9,475.7,444.4,413.2,377.1,362.6,358.7,362.2,370.9,372.7,365.2,362.7,363.1,374.4,405.3,428.7,452.1,475.6,485.9,491.3,495.8,492.4,488.8,406.8,397.7,399.6,413.4,416.9,415.4,415.0,402.5,402.3,412.3,419.3,419.8,511.3,508.5,507.6,511.6,508.9,511.9,516.0,518.3,518.4,518.5,516.9,515.1,512.8,518.8,521.3,519.9,516.2,505.8,506.5,505.1,0.76,0.79,0.13,0.00,0.00,0.00,0.00,0.00,1.30,0.00,0.00,2.41,0.00,2.01,0.00,0.00,0.00,1.00,1.00,0.00,0.00,0.00,0.00,0.00,0.00,0.00,1.00,0.00,1.00,0.00,0.00,0.00,0.00,0.00,0.00
115,0,3.800,0.88,1,0.021058,-0.109415,-0.993773,-0.099450,0.085030,-0.991403,-0.039,-0.012,684.3,689.0,698.2,706.4,708.8,704.3,695.0,686.8,669.7,677.0,687.2,698.1,706.4,711.3,713.1,709.1,703.4,695.4,685.8,676.5,690.9,694.7,699.0,701.1,700.0,696.2,692.0,689.8,797.3,800.7,809.2,817.8,821.6,818.2,809.7,800.3,788.7,794.3,801.7,810.9,819.2,825.2,829.2,824.7,818.7,811.4,803.0,794.8,804.9,809.1,813.2,814.8,813.0,808.8,804.7,803.1,399.3,390.2,388.5,395.2,406.5,416.6,417.3,410.6,405.3,398.5,395.0,394.3,398.4,405.7,416.0,418.7,419.0,418.1,415.3,411.1,406.9,410.0,409.2,405.0,399.8,396.7,397.5,401.7,410.6,401.5,397.7,401.6,410.7,419.8,423.6,420.4,412.8,405.1,400.7,399.6,402.3,406.9,414.0,417.4,419.3,419.8,418.6,416.6,415.2,417.1,415.3,410.9,406.5,404.6,406.4,410.8,17.7,19.7,23.6,27.0,28.0,26.0,22.1,18.7,11.9,14.8,18.9,23.4,27.0,29.1,29.9,28.1,25.6,22.1,18.3,14.5,20.5,22.1,23.9,24.8,24.4,22.8,21.0,20.1,76.4,78.2,82.6,87.1,88.9,87.1,82.7,77.9,72.3,75.0,78.5,83.1,87.5,91.0,93.5,90.6,87.1,83.2,79.0,75.1,80.4,82.6,84.7,85.6,84.7,82.6,80.4,79.6,15.7,12.2,11.6,14.4,18.9,22.9,23.0,20.2,18.1,15.4,14.0,13.8,15.6,18.7,23.0,23.9,23.7,23.2,22.0,20.4,18.9,20.2,19.9,18.2,16.1,14.9,15.1,16.8,24.6,20.2,18.4,20.3,24.8,29.2,31.0,29.4,25.7,21.9,19.8,19.3,20.7,23.1,26.7,28.2,28.9,29.0,28.4,27.5,26.9,27.9,27.0,24.9,22.8,21.8,22.7,24.8,350.1,352.2,354.7,356.3,356.0,354.3,351.4,349.8,349.5,349.8,350.5,352.4,355.2,357.2,358.5,355.8,352.4,349.8,348.8,349.0,352.2,353.0,354.2,355.1,355.3,354.5,353.3,352.4,425.1,426.0,427.4,428.5,428.6,427.7,426.3,425.4,425.6,425.0,424.9,425.4,427.2,429.9,432.3,429.5,426.7,424.6,424.0,424.7,426.9,427.4,428.1,428.5,428.5,428.0,427.3,426.8,66.1,65.6,536.2,-0.081,0.089,0.041,625.9,628.1,631.6,634.7,643.4,661.8,684.1,711.0,738.7,767.1,794.4,820.2,840.5,854.5,862.3,867.2,869.6,645.8,663.7,686.8,709.0,729.7,776.2,794.5,812.7,832.7,850.7,755.2,755.5,755.8,756.0,725.0,738.9,752.5,765.8,777.8,671.6,686.6,705.0,717.8,701.7,683.6,786.3,800.9,818.5,830.7,819.8,802.8,693.9,717.5,735.0,748.8,764.4,780.2,797.5,778.5,761.8,745.7,731.1,714.2,701.5,733.1,747.7,763.7,790.2,762.7,747.1,732.6,415.4,445.4,473.9,502.6,529.5,552.8,571.4,585.2,588.6,586.6,574.3,558.3,536.1,507.6,476.6,445.5,414.2,376.3,361.5,357.5,360.8,369.5,371.6,363.9,361.7,362.2,373.6,404.6,427.5,450.5,473.5,484.2,489.5,494.1,490.7,487.1,406.4,396.8,398.7,412.7,416.3,414.7,414.6,402.0,401.8,412.1,419.0,419.5,511.1,506.6,505.3,509.3,506.8,510.3,516.1,518.6,518.8,518.8,517.2,515.3,512.2,516.8,519.2,517.9,516.0,506.4,507.1,505.6,0.72,0.70,0.16,0.00,0.00,0.00,0.00,0.00,1.28,0.00,0.00,2.35,0.00,1.79,0.00,0.00,0.00,1.00,1.00,0.00,0.00,0.00,0.00,0.00,0.00,0.00,1.00,0.00,1.00,0.00,0.00,0.00,0.00,0.00,0.00
116,0,3.833,0.88,1,0.026728,0.036263,-0.998985,-0.101448,0.058409,-0.993125,-0.037,0.047,685.8,690.6,699.4,707.0,709.0,704.6,695.4,687.8,672.1,678.8,688.1,697.8,706.2,712.0,715.3,709.9,702.4,694.2,685.1,677.2,692.7,696.3,700.4,702.7,701.8,698.2,694.1,691.8,797.2,800.5,809.0,817.7,821.6,818.3,809.8,800.4,788.5,794.1,801.5,810.9,819.4,825.3,829.0,824.6,818.8,811.5,803.0,794.8,804.8,809.1,813.2,814.8,812.9,808.6,804.5,802.9,402.8,395.1,393.1,398.0,406.9,415.3,416.6,411.7,403.9,397.1,393.2,392.6,397.1,404.9,414.9,417.4,417.5,416.8,414.5,410.3,408.1,410.4,409.4,405.8,401.6,399.4,400.3,403.9,409.8,400.6,396.6,400.4,409.6,418.9,422.8,419.7,413.3,404.9,399.9,398.5,401.3,406.1,413.5,416.9,418.7,419.3,418.2,416.5,414.4,416.2,414.3,409.8,405.4,403.6,405.4,409.9,21.5,23.7,27.9,31.5,32.4,30.4,26.0,22.4,15.3,18.3,22.6,27.1,31.1,33.9,35.7,33.0,29.3,25.4,21.2,17.6,24.8,26.5,28.4,29.5,29.1,27.4,25.4,24.4,74.8,76.6,80.9,85.3,87.2,85.5,81.1,76.4,70.8,73.3,76.8,81.5,85.9,89.3,91.6,89.0,85.6,81.7,77.5,73.6,78.8,81.0,83.1,83.9,83.0,80.9,78.7,77.9,20.1,16.5,15.5,17.8,22.0,26.0,26.6,24.3,20.8,17.5,15.6,15.3,17.4,21.2,26.0,27.1,27.0,26.7,25.6,23.7,22.6,23.7,23.3,21.6,19.6,18.5,19.0,20.7,23.7,19.3,17.5,19.4,23.8,28.2,30.0,28.5,25.4,21.3,19.0,18.4,19.8,22.2,26.0,27.4,28.1,28.2,27.7,26.9,26.0,26.9,26.1,23.9,21.8,20.9,21.8,23.9,410.3,410.5,410.8,411.1,411.2,411.3,410.7,410.4,415.6,413.1,410.5,409.5,410.6,412.3,414.5,413.0,411.4,410.7,411.1,413.1,411.4,411.5,411.7,411.7,411.7,411.6,411.4,411.3,416.5,417.4,418.9,420.2,420.4,419.5,418.0,416.9,416.9,416.4,416.4,417.1,419.1,422.0,424.4,421.7,418.7,416.5,415.8,416.3,418.4,419.0,419.7,420.2,420.1,419.5,418.8,418.3,66.0,65.1,535.6,-0.087,0.095,0.046,627.0,628.8,631.8,634.4,642.3,659.9,682.3,709.7,737.8,766.5,794.0,820.2,840.8,855.0,863.0,867.9,870.5,646.5,664.3,687.3,709.6,730.1,776.1,794.5,812.9,832.9,850.8,755.2,755.3,755.4,755.5,724.7,738.5,752.0,765.2,777.1,672.2,687.2,705.7,718.3,702.3,684.1,786.2,800.8,818.5,830.6,819.9,802.8,693.7,717.2,734.9,748.4,763.8,779.5,796.9,777.9,761.1,745.3,731.0,713.8,701.2,733.0,747.3,762.9,789.7,762.0,746.6,732.4,415.7,445.6,473.8,502.3,529.1,552.5,571.2,585.3,588.8,586.8,574.6,558.8,536.5,507.8,476.5,445.3,413.8,375.2,360.2,356.4,359.8,368.6,370.9,363.3,361.0,361.8,373.3,403.9,426.5,449.2,471.9,482.8,488.2,492.7,489.4,485.9,405.1,395.3,397.4,411.9,415.3,413.6,414.1,401.1,400.9,411.6,418.5,419.0,509.7,505.0,503.7,507.7,505.2,508.8,514.9,518.5,518.9,518.9,517.3,515.0,510.7,514.7,517.1,516.0,514.8,507.1,507.7,506.2,0.76,0.68,0.27,0.00,0.00,0.00,0.00,0.00,1.31,0.00,0.00,2.25,0.00,1.70,0.00,0.00,0.00,1.00,1.00,0.00,0.00,0.00,0.00,0.00,0.00,0.00,0.00,0.00,0.00,0.00,0.00,0.00,0.00,0.00,0.00
117,0,3.867,0.98,1,0.005634,0.041163,-0.999137,-0.101076,0.065484,-0.992721,-0.048,0.053,685.5,690.3,699.0,706.4,708.2,703.8,694.7,687.3,671.9,678.6,688.1,697.9,706.1,711.9,715.0,709.8,702.3,694.2,685.1,677.0,692.6,695.8,699.4,701.5,700.7,697.6,693.9,691.9,797.2,800.4,808.9,817.6,821.6,818.4,809.9,800.4,788.5,794.0,801.4,810.9,819.3,825.3,829.0,824.7,818.8,811.5,803.0,794.7,804.8,809.1,813.2,814.7,812.8,808.6,804.5,802.9,402.8,395.2,393.3,398.2,407.1,415.4,416.6,411.7,403.9,397.2,393.3,392.7,397.1,404.8,414.7,417.3,417.4,416.8,414.5,410.3,407.8,409.9,409.1,405.8,402.1,400.0,400.8,404.0,410.1,400.7,396.7,400.3,409.5,418.8,422.9,420.0,413.2,404.9,400.0,398.7,401.4,406.1,413.4,416.8,418.7,419.3,418.3,416.5,414.5,416.3,414.3,409.8,405.4,403.6,405.6,410.1,21.6,23.9,28.1,31.6,32.5,30.4,26.0,22.5,15.3,18.5,22.8,27.4,31.4,34.3,36.0,33.4,29.7,25.7,21.5,17.7,25.1,26.6,28.3,29.3,28.9,27.4,25.7,24.7,74.9,76.6,80.9,85.3,87.3,85.6,81.3,76.5,70.8,73.3,76.9,81.5,85.9,89.4,91.7,89.1,85.6,81.7,77.5,73.7,78.9,81.0,83.1,84.0,83.0,80.9,78.8,78.0,20.3,16.7,15.8,18.2,22.4,26.4,26.9,24.5,21.1,17.8,15.8,15.5,17.6,21.4,26.3,27.4,27.4,27.0,25.9,24.0,22.8,23.8,23.4,21.9,20.1,19.1,19.4,21.0,23.9,19.4,17.6,19.4,23.8,28.2,30.1,28.6,25.4,21.4,19.0,18.4,19.8,22.2,25.9,27.4,28.1,28.3,27.7,26.9,26.1,27.0,26.1,23.9,21.8,20.9,21.8,24.0,415.5,415.7,416.1,416.4,416.6,416.8,416.1,415.7,420.4,418.0,415.6,414.7,415.9,417.8,420.1,418.5,416.7,415.8,416.1,418.1,416.7,416.9,417.0,417.1,417.0,416.8,416.7,416.6,416.8,417.7,419.1,420.4,420.7,419.9,418.4,417.3,417.3,416.7,416.7,417.3,419.3,422.2,424.6,422.0,419.1,416.9,416.2,416.7,418.8,419.4,420.1,420.5,420.4,419.8,419.1,418.7,66.0,65.1,536.4,-0.085,0.094,0.048,627.3,629.0,631.8,634.1,641.7,659.1,681.4,708.8,736.9,765.6,793.2,819.6,840.5,854.9,863.0,867.9,870.6,646.5,664.4,687.4,709.6,730.0,776.3,794.7,813.1,833.0,850.9,755.0,755.2,755.3,755.3,724.7,738.4,751.8,765.0,776.8,672.1,687.2,705.6,718.2,702.2,684.0,786.2,800.8,818.5,830.6,819.8,802.8,693.7,717.3,735.0,748.3,763.4,779.1,796.5,777.5,760.8,745.2,731.1,713.9,701.2,733.2,747.2,762.6,789.4,761.6,746.5,732.5,415.4,445.2,473.4,501.8,528.7,552.1,570.9,585.2,588.9,587.0,574.9,559.1,536.9,508.0,476.6,445.1,413.6,375.1,360.2,356.5,359.8,368.6,370.8,363.3,361.0,361.8,373.2,404.0,426.6,449.2,472.0,482.5,488.0,492.5,489.1,485.7,405.2,395.4,397.5,411.9,415.3,413.5,414.1,401.1,400.9,411.5,418.4,419.0,508.9,504.4,503.2,507.1,504.6,508.1,514.0,518.2,518.8,518.8,517.2,514.9,510.0,514.0,516.3,515.2,514.0,507.2,507.7,506.3,0.75,0.49,0.29,0.00,0.00,0.00,0.00,0.06,1.35,0.00,0.00,2.18,0.00,1.66,0.06,0.04,0.00,1.00,1.00,0.00,0.00,0.00,0.00,0.00,0.00,0.00,0.00,0.00,0.00,0.00,0.00,0.00,0.00,0.00,0.00
118,0,3.900,0.98,1,0.084655,-0.078394,-0.993322,-0.109508,0.031273,-0.993494,-0.013,-0.024,685.8,690.7,700.2,708.7,711.4,707.2,697.1,688.5,674.3,679.3,686.9,695.8,705.1,712.1,716.5,710.1,702.1,693.9,685.4,678.6,693.7,698.0,702.8,705.2,703.9,699.7,694.9,692.4,796.4,799.3,807.6,816.5,820.6,817.7,809.4,799.7,787.4,793.4,801.2,810.6,818.7,824.1,827.5,824.0,818.8,811.7,803.0,794.2,803.8,808.1,812.2,813.7,811.6,807.2,803.1,801.7,399.8,391.1,388.4,393.3,402.9,412.3,414.3,409.4,402.2,395.5,391.5,390.7,394.6,402.6,413.4,415.8,416.5,416.2,413.6,409.0,405.4,407.8,406.5,402.2,397.3,394.8,396.1,400.5,408.3,398.7,394.8,398.9,408.6,418.1,422.0,418.7,412.3,403.7,398.5,397.0,399.9,405.3,413.0,416.1,417.6,417.9,416.9,415.4,413.5,415.5,413.6,408.9,404.1,402.1,404.0,408.7,20.3,22.5,26.6,30.4,31.5,29.7,25.3,21.5,15.5,17.6,20.8,24.6,28.7,31.8,34.0,31.1,27.5,23.9,20.2,17.3,23.9,25.8,27.8,28.9,28.3,26.5,24.4,23.3,70.2,71.8,76.0,80.3,82.2,80.6,76.4,71.7,66.1,68.9,72.5,77.0,81.2,84.3,86.4,84.1,81.0,77.2,73.1,69.1,73.9,76.1,78.1,78.9,78.0,75.9,73.8,73.0,17.6,13.8,12.6,14.7,19.0,23.2,24.1,21.9,19.0,15.8,14.0,13.5,15.3,18.8,23.7,24.8,25.0,24.9,23.9,21.9,20.1,21.2,20.6,18.7,16.5,15.4,16.0,18.0,21.7,17.4,15.8,17.7,22.1,26.4,28.0,26.4,23.5,19.6,17.3,16.7,18.1,20.7,24.4,25.6,26.1,26.0,25.5,24.8,24.1,25.1,24.3,22.2,20.1,19.1,19.9,22.0,388.1,387.7,387.1,386.6,386.6,387.2,387.6,388.0,393.9,390.9,387.3,385.4,385.5,386.6,388.4,388.0,387.6,387.8,389.2,391.7,388.5,388.3,388.0,387.7,387.8,388.0,388.3,388.5,392.9,394.4,396.6,398.2,398.3,396.8,394.6,393.1,392.7,392.8,393.5,395.0,397.4,400.6,403.1,399.8,396.3,393.6,392.4,392.3,395.1,395.9,396.9,397.7,397.6,396.9,395.8,395.0,65.3,64.2,535.3,-0.110,0.095,0.058,628.0,629.4,632.1,634.1,641.0,657.5,679.4,707.2,735.6,764.0,791.4,817.6,838.5,853.1,861.6,867.0,869.9,647.0,664.6,687.1,709.0,729.0,776.4,794.9,813.3,833.1,850.9,754.3,754.3,754.3,754.1,723.7,737.3,750.7,763.8,775.6,672.1,687.2,705.9,718.5,702.4,683.9,785.2,800.0,817.9,830.0,819.2,801.9,692.9,715.8,733.7,747.2,762.5,778.3,795.1,776.7,759.9,744.0,729.6,712.3,700.4,731.7,746.0,761.5,788.0,760.6,745.2,730.9,415.7,445.1,472.7,500.8,527.6,551.3,570.9,585.4,589.1,587.3,575.8,560.2,538.0,509.0,477.2,445.4,413.4,372.7,357.8,354.0,357.1,365.6,368.2,361.0,359.1,360.5,372.4,402.2,424.2,446.3,468.6,480.1,485.4,489.9,486.6,483.5,403.6,393.4,395.6,410.4,413.8,412.0,413.0,399.7,399.7,410.8,417.6,418.0,508.7,502.3,500.3,504.2,501.8,506.3,514.1,518.9,519.5,519.3,517.7,515.0,509.6,511.6,513.9,513.0,513.8,507.4,507.7,506.2,0.72,0.36,0.26,0.00,0.00,0.00,0.00,0.13,1.39,0.00,0.00,2.13,0.00,1.58,0.18,0.06,0.00,1.00,1.00,0.00,0.00,0.00,0.00,0.00,0.00,0.00,0.00,0.00,0.00,0.00,0.00,0.00,0.00,0.00,0.00
119,0,3.933,0.98,1,0.082281,-0.078507,-0.993512,-0.102478,0.025051,-0.994420,-0.010,-0.027,685.6,690.4,699.9,708.5,711.2,707.0,696.9,688.3,674.4,679.2,686.7,695.5,704.7,711.9,716.6,710.1,702.1,693.9,685.4,678.6,693.6,697.9,702.7,705.1,703.8,699.5,694.7,692.3,796.5,799.3,807.6,816.4,820.6,817.7,809.4,799.8,787.5,793.3,801.0,810.5,818.6,824.1,827.5,823.9,818.7,811.7,803.0,794.3,803.8,808.2,812.3,813.7,811.6,807.3,803.2,801.7,399.7,391.0,388.3,393.2,402.9,412.3,414.3,409.4,402.0,395.3,391.5,390.7,394.6,402.5,413.3,415.8,416.6,416.3,413.7,408.9,405.3,407.8,406.5,402.1,397.2,394.7,396.0,400.4,408.2,398.7,394.8,398.8,408.4,417.9,421.8,418.5,412.5,403.9,398.8,397.2,400.1,405.3,412.9,416.0,417.5,417.8,416.9,415.5,413.3,415.3,413.4,408.7,404.0,402.0,403.9,408.6,20.1,22.2,26.3,30.1,31.3,29.5,25.1,21.3,15.4,17.4,20.5,24.3,28.3,31.6,33.8,30.9,27.3,23.7,20.1,17.2,23.7,25.5,27.6,28.7,28.1,26.2,24.1,23.1,70.9,72.5,76.6,81.0,82.9,81.3,77.1,72.5,66.8,69.5,73.1,77.6,81.8,85.0,87.1,84.8,81.7,77.9,73.8,69.8,74.6,76.8,78.9,79.7,78.7,76.5,74.5,73.7,17.5,13.6,12.4,14.6,18.8,23.0,23.9,21.8,18.8,15.7,13.9,13.4,15.1,18.7,23.5,24.6,24.9,24.8,23.7,21.8,20.0,21.1,20.5,18.5,16.4,15.3,15.9,17.8,21.9,17.6,15.9,17.8,22.2,26.5,28.1,26.5,23.8,19.9,17.6,16.9,18.3,20.9,24.6,25.8,26.2,26.2,25.7,25.1,24.3,25.3,24.4,22.3,20.2,19.2,20.0,22.1,385.9,385.3,384.6,384.1,384.2,384.9,385.4,385.9,391.9,388.7,385.0,383.0,383.0,384.1,386.0,385.7,385.4,385.6,387.1,389.6,386.3,386.0,385.6,385.4,385.3,385.6,386.0,386.3,396.5,398.0,400.1,401.7,401.8,400.3,398.2,396.7,396.3,396.4,397.1,398.4,400.8,403.9,406.4,403.2,399.8,397.1,395.9,395.9,398.6,399.4,400.5,401.2,401.2,400.4,399.3,398.6,65.2,64.3,536.2,-0.109,0.092,0.061,628.0,629.4,632.0,634.0,640.6,656.8,678.5,706.3,734.7,763.1,790.3,816.3,837.2,851.9,860.6,866.2,869.3,647.0,664.8,687.2,708.9,728.9,776.7,795.1,813.2,832.9,850.9,754.2,754.2,754.2,754.0,723.4,737.0,750.4,763.6,775.4,671.9,687.1,705.8,718.4,702.2,683.8,785.1,800.0,817.9,829.9,819.2,801.9,691.8,715.0,732.9,746.6,762.3,778.1,794.9,776.4,759.5,743.4,728.7,711.3,699.4,730.9,745.4,761.2,787.8,760.2,744.6,730.0,415.8,445.0,472.4,500.4,527.1,551.0,570.8,585.5,589.3,587.6,576.3,560.7,538.3,509.3,477.4,445.5,413.4,372.2,357.6,354.0,357.0,365.2,367.9,360.7,359.0,360.2,371.8,401.9,424.0,446.3,468.6,480.0,485.4,489.9,486.6,483.5,403.6,393.4,395.6,410.3,413.7,411.9,412.9,399.8,399.7,410.8,417.7,418.0,508.5,502.3,500.4,504.4,502.0,506.5,514.3,519.1,519.7,519.5,517.8,515.0,509.5,511.5,513.9,513.0,514.1,507.7,508.1,506.4,0.74,0.22,0.17,0.01,0.00,0.00,0.00,0.21,1.43,0.00,0.00,2.14,0.00,1.53,0.25,0.08,0.00,1.00,1.00,0.00,0.00,0.00,0.00,0.00,0.00,0.00,0.00,0.00,0.00,0.00,0.00,0.00,0.00,0.00,0.00
120,0,3.967,0.98,1,0.021694,-0.145108,-0.989178,-0.102182,0.011339,-0.994701,-0.041,-0.067,685.1,689.8,699.0,707.2,709.7,705.6,695.8,687.6,675.2,679.5,686.5,695.3,704.6,711.5,716.0,709.7,702.4,694.7,686.5,680.0,692.6,696.9,701.7,704.2,702.9,698.6,693.8,691.4,796.2,799.0,807.2,816.1,820.4,817.7,809.4,799.8,787.2,793.0,800.7,810.1,818.2,823.7,827.2,823.8,818.7,811.6,802.9,794.1,803.6,808.1,812.1,813.5,811.3,806.9,802.8,801.5,399.3,390.6,387.6,392.1,401.4,410.9,413.1,408.6,406.9,399.0,393.2,390.8,394.1,402.2,414.0,414.9,415.3,415.1,413.7,411.1,405.0,407.4,405.8,401.3,396.4,394.1,395.6,400.2,407.8,398.2,394.3,398.3,407.9,417.4,421.3,418.1,412.1,403.8,398.7,397.2,399.9,405.0,412.3,415.4,416.9,417.2,416.4,415.0,413.0,415.0,413.0,408.3,403.5,401.5,403.5,408.2,20.5,22.7,26.8,30.5,31.5,29.7,25.3,21.6,16.2,18.1,21.1,25.0,29.2,32.3,34.4,31.5,28.2,24.7,21.1,18.3,23.9,25.9,28.0,29.1,28.6,26.7,24.5,23.4,70.4,72.0,76.1,80.5,82.5,80.9,76.7,72.0,66.3,69.0,72.6,77.1,81.3,84.4,86.6,84.3,81.2,77.5,73.3,69.4,74.2,76.3,78.4,79.2,78.2,76.0,74.0,73.2,17.9,13.9,12.6,14.6,18.7,23.0,24.0,22.1,21.6,17.9,15.1,13.9,15.4,19.1,24.4,24.8,25.0,24.9,24.4,23.4,20.5,21.5,20.8,18.7,16.6,15.5,16.2,18.3,21.5,17.3,15.6,17.5,21.9,26.1,27.8,26.2,23.5,19.7,17.5,16.8,18.2,20.7,24.2,25.4,25.8,25.8,25.4,24.8,24.0,25.0,24.2,22.0,19.9,18.9,19.8,21.9,398.5,398.8,398.1,396.8,395.8,395.7,396.2,397.4,402.8,400.7,397.6,395.7,395.3,395.4,395.9,395.5,395.2,395.4,397.1,400.0,398.1,397.4,397.0,397.2,397.8,398.4,398.8,398.6,394.5,396.1,398.4,400.0,400.0,398.4,396.2,394.6,394.2,394.4,395.2,396.6,399.0,402.1,404.6,401.3,397.8,395.1,393.9,393.8,396.7,397.4,398.6,399.4,399.4,398.6,397.5,396.7,65.0,64.3,537.3,-0.110,0.101,0.066,629.4,630.4,632.5,634.1,640.4,656.2,677.5,705.1,733.5,762.0,789.3,815.5,836.7,851.8,860.6,866.3,869.6,648.1,665.6,687.5,708.8,728.4,777.0,795.4,813.4,832.9,850.8,753.7,753.5,753.3,752.9,722.4,735.9,749.3,762.6,774.5,672.2,687.4,705.7,718.2,702.1,684.1,784.9,799.7,817.4,829.4,818.6,801.5,690.6,713.5,731.4,745.3,761.1,777.2,794.1,775.3,757.9,741.6,726.8,709.5,698.1,729.3,743.9,759.9,787.1,758.7,742.9,728.2,414.8,443.8,471.2,499.4,526.5,550.9,571.1,585.8,589.5,587.7,576.7,561.2,539.0,510.0,478.0,445.5,412.8,371.7,357.2,353.6,356.4,364.2,366.5,359.4,357.9,359.4,371.2,401.5,423.3,445.2,467.3,478.8,484.3,488.9,485.7,482.7,404.3,394.3,396.4,410.3,413.8,412.1,412.6,400.1,400.1,410.7,417.4,417.7,508.4,502.1,500.2,504.2,501.9,506.4,514.5,519.8,520.4,520.2,518.4,515.3,509.3,510.9,513.4,512.5,514.3,508.9,509.2,507.5,0.73,0.20,0.09,0.01,0.00,0.00,0.00,0.17,1.41,0.00,0.00,2.14,0.00,1.47,0.32,0.14,0.00,1.00,1.00,0.00,0.00,0.00,0.00,0.00,0.00,0.00,0.00,0.00,0.00,0.00,0.00,0.00,0.00,0.00,0.00
121,0,4.000,0.98,1,-0.000591,-0.136115,-0.990693,-0.126932,0.007769,-0.991881,-0.064,-0.065,685.5,690.0,699.0,707.4,710.2,706.3,696.7,688.3,675.1,680.1,687.9,697.3,706.4,712.5,715.8,709.9,703.0,695.4,687.4,680.5,692.7,697.2,702.2,704.6,703.1,698.5,693.5,691.1,795.7,798.9,807.4,816.2,820.1,816.9,808.4,798.8,787.2,793.0,800.6,809.9,817.9,823.4,827.0,823.3,818.2,811.3,802.6,793.9,803.0,807.4,811.7,813.3,811.3,806.9,802.7,801.1,398.8,390.4,387.6,392.1,401.1,410.3,412.4,407.9,406.0,399.7,395.5,393.8,396.5,403.0,412.5,413.9,414.5,414.4,412.8,410.1,404.7,407.1,405.6,401.0,396.1,393.6,395.2,399.8,407.5,398.0,394.2,398.3,407.9,417.3,421.1,417.7,411.1,405.7,402.5,401.6,403.3,406.2,410.9,414.5,416.5,417.3,416.5,414.7,412.6,414.6,412.7,408.0,403.3,401.2,403.1,407.8,21.7,23.9,28.2,32.2,33.5,31.6,27.0,23.0,16.8,19.2,22.8,27.2,31.6,34.5,36.2,33.3,29.9,26.3,22.5,19.3,25.1,27.3,29.7,30.9,30.2,28.0,25.6,24.4,73.2,75.0,79.4,83.9,85.8,84.0,79.6,74.8,69.2,71.9,75.5,80.1,84.4,87.6,89.9,87.6,84.5,80.7,76.4,72.3,77.1,79.3,81.5,82.4,81.5,79.2,77.0,76.2,18.5,14.5,13.2,15.3,19.6,24.0,24.9,22.8,22.1,19.0,16.9,16.0,17.4,20.5,25.1,25.7,25.9,25.8,25.1,23.9,21.3,22.5,21.8,19.6,17.2,16.1,16.8,19.0,22.3,17.9,16.2,18.2,22.8,27.2,28.9,27.2,24.1,21.5,20.0,19.6,20.5,22.1,24.5,26.0,26.8,27.0,26.5,25.7,24.9,25.9,25.0,22.8,20.6,19.6,20.4,22.6,417.4,418.2,418.5,418.2,417.3,416.7,416.1,416.5,419.7,418.1,416.1,415.4,416.0,416.9,417.8,416.7,415.5,414.9,415.9,417.8,417.7,417.5,417.7,418.1,418.6,418.8,418.6,418.2,411.6,412.9,414.9,416.4,416.6,415.4,413.4,411.9,411.6,411.2,411.5,412.7,414.9,418.0,420.9,418.0,414.8,412.2,411.1,411.1,413.8,414.5,415.5,416.2,416.1,415.3,414.3,413.7,63.9,64.5,536.0,-0.094,0.129,0.073,630.7,631.2,632.7,634.3,640.6,656.1,676.9,703.5,731.4,760.0,787.6,813.9,835.4,851.1,860.6,867.3,871.6,649.5,666.1,687.6,709.0,728.6,776.5,794.6,812.4,832.3,850.7,753.3,752.7,751.8,750.8,721.1,734.1,747.2,760.5,772.4,673.4,688.4,705.7,718.2,702.4,685.6,784.8,799.9,816.9,829.0,817.7,801.2,688.6,710.4,728.0,741.9,757.9,774.1,790.8,771.2,753.2,736.6,721.7,705.2,695.6,725.4,740.2,756.2,784.0,754.5,738.5,723.6,414.8,443.8,470.9,499.2,526.2,551.1,571.6,586.3,590.6,588.9,578.2,562.7,540.3,511.2,478.2,444.4,410.4,371.7,356.4,352.7,356.0,364.0,366.2,358.5,356.6,358.0,369.7,400.6,422.3,444.3,466.5,476.8,482.7,487.8,485.0,482.2,404.3,396.3,398.1,409.6,412.9,411.3,412.1,402.2,402.4,411.4,417.5,417.6,507.8,502.3,501.1,505.4,503.6,508.5,516.5,523.6,524.5,524.0,521.6,517.0,509.0,510.8,513.8,513.3,516.4,512.9,513.0,510.8,0.59,0.21,0.05,0.01,0.00,0.00,0.00,0.11,1.27,0.00,0.00,2.08,0.00,1.38,0.37,0.43,0.00,1.00,1.00,0.00,0.00,0.00,0.00,0.00,0.00,0.00,0.00,0.00,0.00,0.00,0.00,0.00,0.00,0.00,0.00
122,0,4.033,0.98,1,-0.040097,-0.070643,-0.996695,-0.149301,0.029998,-0.988337,-0.095,-0.020,685.7,689.7,698.1,706.1,708.9,705.6,696.5,688.5,676.6,681.0,687.8,696.6,705.7,712.0,715.9,709.8,702.4,694.7,687.2,681.1,692.8,697.1,701.7,703.9,702.4,698.1,693.5,691.3,795.6,799.0,807.4,815.7,819.2,815.8,807.5,798.3,787.7,793.6,801.0,809.9,817.4,822.4,825.7,822.2,817.4,810.9,802.5,794.2,802.6,806.7,810.9,812.6,810.8,806.6,802.5,800.8,399.7,391.4,388.3,392.1,400.7,409.7,412.1,408.3,405.2,399.6,396.0,394.6,397.3,402.9,410.9,412.9,413.6,413.6,412.0,409.4,404.9,407.0,405.3,400.8,396.1,394.0,395.7,400.2,406.9,397.7,394.2,398.3,407.7,416.9,420.5,417.0,410.1,405.3,402.7,402.1,403.7,406.1,410.1,413.7,415.8,416.6,415.7,413.7,412.0,414.0,412.3,407.7,403.0,401.0,402.7,407.3,22.6,24.5,28.7,32.6,33.9,32.2,27.8,23.9,18.3,20.3,23.5,27.8,32.2,35.4,37.4,34.3,30.6,26.9,23.3,20.4,26.1,28.2,30.4,31.5,30.8,28.7,26.4,25.3,75.8,77.6,82.1,86.5,88.4,86.4,82.0,77.2,71.9,74.7,78.4,82.9,87.1,90.2,92.5,90.1,87.1,83.4,79.1,75.0,79.6,81.8,84.0,84.9,84.0,81.8,79.6,78.7,19.6,15.5,14.0,15.8,20.0,24.4,25.6,23.8,22.5,19.6,17.7,17.0,18.3,21.1,25.1,26.0,26.3,26.3,25.6,24.5,22.2,23.2,22.3,20.1,17.8,16.8,17.6,19.9,22.8,18.4,16.8,18.8,23.5,28.0,29.6,27.8,24.4,22.0,20.8,20.6,21.4,22.8,25.0,26.5,27.4,27.6,27.1,26.1,25.5,26.5,25.7,23.5,21.2,20.1,20.9,23.1,432.1,432.4,431.9,430.9,430.0,430.0,430.3,431.3,436.2,433.7,430.9,429.2,429.2,429.9,430.9,430.1,429.4,429.6,431.1,433.6,432.0,431.5,431.2,431.3,431.8,432.3,432.6,432.4,426.0,427.1,429.2,430.9,431.3,430.1,428.1,426.5,425.8,425.5,425.9,427.1,429.5,432.7,435.6,432.8,429.6,426.9,425.6,425.5,428.3,429.2,430.2,430.8,430.6,429.7,428.7,428.1,63.5,64.8,534.5,-0.087,0.141,0.078,633.1,632.5,633.4,634.8,640.7,655.6,675.7,702.0,729.8,758.7,786.5,813.4,835.1,851.0,860.4,867.1,871.7,651.5,667.3,688.6,709.8,728.9,776.5,794.4,812.1,831.9,849.7,753.0,751.9,750.7,749.3,721.0,733.3,746.0,759.2,770.9,674.2,688.6,705.3,717.5,702.2,686.0,785.3,799.9,816.3,828.2,816.9,800.9,691.7,713.0,730.0,741.4,754.2,769.6,786.8,766.8,749.6,736.2,723.9,707.9,698.7,727.5,739.7,752.6,779.9,750.9,738.1,725.8,411.5,441.2,469.4,498.5,526.7,552.3,572.8,588.2,593.1,591.6,580.9,565.1,542.6,513.0,479.5,444.8,410.3,370.6,355.1,351.6,355.6,364.2,366.5,358.7,356.3,357.2,368.9,400.0,421.8,443.8,466.2,476.2,482.4,487.5,484.7,481.5,403.6,396.5,398.2,408.4,412.0,410.5,411.1,402.5,402.9,411.0,416.9,416.7,510.5,505.3,503.9,507.8,506.0,510.9,518.5,526.9,527.6,527.0,525.0,520.8,511.7,513.5,515.9,515.6,518.7,515.7,515.6,513.9,0.38,0.26,0.05,0.00,0.00,0.00,0.00,0.03,1.05,0.00,0.00,2.02,0.00,1.29,0.48,0.93,0.00,1.00,1.00,0.00,0.00,0.00,0.00,0.00,0.00,0.00,0.00,0.00,0.00,0.00,0.00,0.00,0.00,0.00,0.00
123,0,4.067,0.98,1,-0.048382,-0.081060,-0.995534,-0.166394,0.029734,-0.985611,-0.108,-0.026,685.2,688.9,697.1,704.8,707.6,704.4,695.7,688.0,675.2,679.9,687.1,696.0,704.7,710.7,714.4,709.2,702.4,694.7,687.0,680.3,692.1,696.0,700.2,702.1,700.7,696.7,692.6,690.7,794.0,797.3,805.7,814.4,818.1,814.8,806.3,796.8,785.4,791.6,799.6,808.8,816.5,821.7,825.0,821.7,816.7,809.9,801.3,792.4,801.2,805.4,809.4,811.0,809.2,805.1,801.0,799.4,396.9,389.2,386.5,390.3,398.4,406.7,408.8,405.0,403.8,398.9,395.7,394.1,396.0,400.5,406.7,408.0,408.2,408.3,407.7,406.3,401.8,403.7,402.3,398.4,394.3,392.3,393.7,397.7,405.1,395.9,392.6,397.1,406.9,416.1,419.4,415.6,409.5,404.9,402.1,401.4,403.1,406.0,410.2,413.4,414.9,415.4,414.5,412.9,410.7,412.8,411.3,406.8,402.1,399.9,401.5,406.0,23.8,25.8,30.1,34.2,35.6,33.8,29.2,25.2,18.7,21.0,24.7,29.4,34.0,37.3,39.3,36.4,32.7,28.7,24.7,21.3,27.5,29.5,31.7,32.7,32.0,30.0,27.8,26.7,71.5,73.4,77.7,82.1,83.8,81.9,77.5,72.8,67.5,70.3,74.1,78.6,82.7,85.9,88.1,85.8,82.8,79.0,74.8,70.6,75.3,77.3,79.5,80.4,79.5,77.4,75.3,74.4,19.4,15.4,14.0,16.0,20.2,24.6,25.6,23.6,23.2,20.5,18.7,17.9,18.9,21.3,24.7,25.3,25.3,25.3,25.0,24.4,22.0,23.0,22.3,20.2,18.1,17.1,17.8,19.9,20.9,16.7,15.3,17.5,22.1,26.3,27.7,25.8,23.0,20.8,19.5,19.3,20.2,21.7,23.9,25.2,25.7,25.8,25.3,24.5,23.7,24.7,24.0,22.0,19.8,18.7,19.4,21.5,460.6,461.5,461.9,461.5,460.6,459.9,459.3,459.7,463.8,461.7,459.7,458.8,459.5,460.9,462.3,460.7,459.2,458.7,459.7,461.6,461.0,460.8,461.0,461.4,461.9,462.1,461.9,461.4,406.4,408.0,410.3,411.9,411.8,410.2,407.9,406.4,405.9,405.7,406.2,407.6,410.1,413.5,416.6,413.3,409.8,407.1,405.7,405.5,408.5,409.3,410.4,411.2,411.2,410.4,409.4,408.6,62.2,63.4,526.1,-0.101,0.139,0.083,633.5,632.2,633.0,634.7,640.3,654.5,674.3,700.4,728.7,758.1,786.2,813.1,834.7,850.4,860.0,866.9,871.7,651.9,666.7,688.0,709.3,728.1,775.2,793.4,811.5,831.2,848.6,751.4,750.2,748.8,747.2,720.2,732.0,744.6,757.6,769.1,673.6,687.7,703.9,716.5,701.5,685.7,784.4,799.2,815.1,826.9,815.5,799.9,695.5,715.0,730.8,741.0,752.5,766.5,782.2,764.1,748.8,736.7,725.6,710.8,702.5,728.6,739.5,750.9,775.4,749.7,738.3,727.3,409.1,439.2,468.2,497.8,526.7,552.7,573.5,589.3,595.0,593.9,583.4,567.5,544.7,514.6,480.6,445.7,411.2,368.9,353.1,349.6,354.1,363.2,365.7,358.3,355.6,356.8,368.6,398.5,420.5,442.5,465.0,474.6,481.0,486.0,483.0,479.7,401.5,395.1,396.6,405.6,409.2,408.0,409.3,401.9,402.7,410.0,415.4,415.0,511.8,505.7,503.3,507.1,505.3,510.7,519.0,527.0,527.8,527.2,525.6,521.8,512.6,513.2,515.2,515.2,518.9,515.3,515.1,513.7,0.26,0.40,0.12,0.00,0.00,0.00,0.00,0.00,0.79,0.00,0.00,2.07,0.00,1.34,0.62,1.58,0.00,1.00,1.00,0.00,0.00,0.00,0.00,0.00,0.00,0.00,0.00,0.00,0.00,0.00,0.00,0.00,1.00,0.00,0.00
124,0,4.100,0.98,1,-0.076345,-0.023457,-0.996806,-0.133666,0.057556,-0.989354,-0.105,0.017,681.7,686.1,694.9,702.8,705.4,701.6,692.2,684.2,673.5,678.1,684.5,693.0,701.8,708.5,713.1,707.1,699.2,690.9,683.8,677.9,688.8,693.1,697.9,700.2,698.8,694.5,689.7,687.4,792.2,796.2,805.1,813.8,817.2,813.3,804.3,794.8,783.2,789.1,797.0,806.4,814.6,820.2,823.8,819.9,814.2,806.9,797.9,789.3,799.8,803.9,808.1,809.9,808.3,804.2,800.0,798.2,396.5,388.6,385.8,389.7,398.0,406.7,408.8,404.9,401.9,397.5,394.7,393.2,394.3,397.5,402.4,405.4,406.5,407.1,406.6,405.0,402.0,404.1,402.5,398.2,393.7,391.6,393.2,397.5,404.2,395.1,391.9,396.6,406.3,415.4,418.6,414.6,407.5,402.5,399.8,399.5,401.7,405.0,409.9,413.0,414.4,414.6,413.3,411.2,409.6,411.8,410.3,406.0,401.4,399.2,400.7,405.0,21.5,23.8,28.3,32.3,33.5,31.5,26.7,22.7,17.4,19.7,22.9,27.1,31.6,35.1,37.5,34.3,30.2,26.0,22.4,19.5,25.1,27.3,29.7,30.9,30.3,28.1,25.7,24.4,72.3,74.4,79.0,83.4,85.1,82.9,78.3,73.5,68.1,70.8,74.6,79.2,83.5,86.8,89.1,86.6,83.3,79.3,74.9,70.9,76.2,78.3,80.5,81.5,80.7,78.7,76.5,75.5,18.8,14.8,13.3,15.3,19.5,23.9,25.0,23.0,21.7,19.3,17.8,17.0,17.6,19.2,21.8,23.2,23.7,24.1,23.9,23.2,21.6,22.6,21.8,19.6,17.3,16.3,17.1,19.3,21.0,16.7,15.3,17.5,22.2,26.5,27.9,25.9,22.6,20.2,18.9,18.8,20.0,21.7,24.2,25.5,26.0,25.9,25.3,24.3,23.7,24.8,24.1,22.1,19.9,18.8,19.5,21.5,450.5,451.5,451.2,449.8,448.2,447.4,447.5,448.9,453.7,451.5,449.3,448.0,447.9,448.4,449.2,447.7,446.5,446.7,448.5,451.0,449.9,449.2,449.0,449.6,450.4,451.2,451.3,450.8,415.6,416.9,418.8,420.1,420.0,418.7,416.8,415.6,416.0,415.6,415.8,416.7,418.6,421.5,423.9,421.4,418.3,415.8,414.9,415.3,417.5,418.1,419.0,419.6,419.7,419.1,418.2,417.6,61.1,62.5,523.3,-0.112,0.137,0.085,632.5,631.1,631.8,633.9,639.7,653.8,673.9,699.5,727.6,756.6,784.1,811.0,833.1,849.4,859.7,867.0,872.2,650.4,665.2,686.6,707.8,726.2,774.0,793.2,812.1,831.7,848.4,748.9,747.6,746.3,744.7,718.9,730.3,742.5,755.0,766.1,671.5,685.3,701.5,714.1,699.2,683.4,782.6,797.2,813.0,824.8,813.5,797.8,698.9,716.7,730.9,740.0,750.3,763.0,777.2,761.1,747.6,736.6,726.7,713.3,706.0,728.9,738.7,749.0,770.6,748.2,737.8,728.0,408.7,438.5,467.5,496.9,525.8,551.6,572.5,589.1,595.1,594.0,583.3,567.8,545.5,515.7,482.0,447.2,412.9,367.1,351.8,348.5,352.9,361.6,363.9,357.3,355.0,357.2,369.4,397.7,419.7,441.5,463.8,473.4,479.7,484.5,481.5,478.1,400.1,393.5,394.8,403.8,407.7,406.7,407.8,400.4,401.4,408.7,414.1,413.5,511.8,505.0,502.2,505.7,503.8,509.2,517.5,525.1,526.2,525.9,524.4,521.0,512.1,511.8,513.6,513.5,517.1,513.7,513.9,512.5,0.40,0.67,0.24,0.00,0.00,0.00,0.00,0.00,0.58,0.00,0.00,2.08,0.00,1.45,0.88,2.09,0.00,1.00,1.00,0.00,0.00,0.00,0.00,0.00,0.00,0.00,0.00,0.00,1.00,0.00,0.00,1.00,1.00,0.00,0.00
125,0,4.133,0.98,1,-0.054805,0.073606,-0.995780,-0.262891,-0.093119,-0.960321,-0.161,-0.010,678.8,682.7,690.9,698.6,701.3,698.0,689.2,681.5,670.3,674.3,680.0,687.7,696.2,703.0,708.1,702.2,694.0,685.7,679.2,673.9,686.5,690.0,693.8,695.5,694.3,690.8,687.1,685.3,785.9,788.2,796.1,805.0,809.7,807.3,799.4,789.8,776.8,783.7,792.5,802.5,810.5,815.4,817.5,814.0,808.7,801.5,793.0,784.0,793.8,797.7,801.2,802.2,800.1,796.2,792.7,791.7,397.2,389.2,386.1,389.9,398.2,406.9,409.3,405.6,400.0,395.8,393.5,392.0,392.7,395.2,399.1,403.0,404.7,405.6,405.0,403.3,401.6,403.3,401.9,398.2,394.4,392.7,394.1,397.8,401.4,391.4,386.8,390.3,399.8,409.8,414.4,411.7,408.8,399.8,394.0,392.6,396.3,402.2,410.0,413.0,414.1,414.1,412.8,411.4,405.5,407.0,405.0,400.6,396.4,394.9,396.9,401.3,20.9,23.0,27.4,31.5,32.8,31.1,26.4,22.3,16.5,18.6,21.5,25.6,30.1,33.7,36.5,33.3,28.8,24.5,21.1,18.3,25.0,26.9,28.9,29.8,29.2,27.4,25.4,24.4,62.0,63.2,67.0,71.1,73.2,71.9,68.1,63.7,58.0,60.9,64.7,69.3,73.3,76.1,77.7,75.4,72.4,68.8,64.9,61.1,65.8,67.6,69.2,69.8,68.9,67.1,65.4,64.9,20.1,15.7,14.1,16.0,20.4,25.1,26.4,24.5,21.8,19.4,18.0,17.2,17.5,18.8,21.0,23.0,23.9,24.4,24.2,23.4,22.4,23.3,22.5,20.5,18.5,17.6,18.4,20.4,17.6,13.4,11.5,13.0,17.2,21.4,23.2,22.0,20.7,16.9,14.4,13.9,15.6,18.3,21.9,23.0,23.2,23.0,22.4,21.8,19.5,20.2,19.3,17.5,15.7,15.0,15.8,17.7,471.4,471.7,471.0,469.7,468.6,468.5,469.1,470.4,476.1,473.2,470.6,468.7,468.1,468.4,469.3,468.1,467.3,468.0,470.3,473.2,471.0,470.4,470.1,470.2,470.7,471.3,471.6,471.5,371.9,373.2,375.3,377.0,377.3,376.0,373.9,372.3,371.2,371.0,371.5,373.1,376.2,379.8,382.8,379.2,375.7,372.8,371.4,371.1,374.2,375.0,375.9,376.5,376.4,375.6,374.7,374.1,58.5,61.6,519.7,-0.113,0.197,0.080,630.2,628.7,629.7,632.6,639.5,654.4,674.8,699.6,726.7,754.5,782.0,809.6,833.6,852.2,864.7,873.2,879.7,646.4,661.9,682.2,702.1,719.5,768.0,788.7,808.4,828.6,846.7,741.6,739.6,737.5,735.4,711.5,722.8,734.9,747.8,759.6,667.6,680.8,697.1,709.0,694.5,678.5,777.5,791.6,807.9,820.3,808.6,792.5,694.9,711.5,724.9,734.6,746.0,759.4,774.4,758.5,744.8,732.8,722.3,709.1,702.0,723.5,733.7,745.1,767.4,745.0,733.6,723.3,407.4,437.6,466.9,496.8,525.7,551.6,573.1,589.6,594.6,593.0,582.3,568.2,547.2,518.5,485.2,450.9,416.7,363.6,349.9,347.4,351.0,358.7,361.1,355.8,354.2,357.0,368.7,396.9,418.6,440.3,462.2,473.4,479.2,483.7,480.3,476.7,398.4,390.6,392.1,402.5,406.4,405.3,406.6,397.6,398.5,406.9,412.4,412.1,511.8,504.6,501.5,504.7,502.7,507.4,515.3,522.1,524.1,524.5,523.2,520.5,511.9,510.8,512.3,511.7,514.8,512.4,513.1,511.8,0.66,0.68,0.50,0.00,0.00,0.00,0.00,0.00,0.45,0.00,0.00,1.99,0.00,1.56,0.96,2.29,0.06,1.00,1.00,1.00,0.00,0.00,0.00,0.00,0.00,0.00,0.00,0.00,1.00,0.00,0.00,1.00,1.00,0.00,0.00
126,0,4.167,0.98,1,-0.055271,0.132120,-0.989692,-0.276658,0.005617,-0.960952,-0.169,0.070,676.2,680.1,688.3,695.9,698.5,695.2,686.4,678.8,667.5,671.5,677.1,684.8,693.2,699.9,704.8,698.8,690.6,682.5,676.1,671.0,683.7,687.2,691.0,692.9,691.7,688.1,684.3,682.4,782.1,785.2,793.8,802.6,806.7,803.5,795.0,785.3,774.1,780.2,788.2,797.8,806.1,811.7,815.2,811.3,805.6,798.5,789.8,780.9,790.2,794.0,797.7,799.0,797.3,793.5,789.8,788.4,396.2,388.2,385.4,389.3,397.7,406.3,408.6,404.7,398.1,394.2,392.2,391.0,391.9,394.4,398.4,402.5,404.3,405.0,404.1,401.9,400.8,402.6,401.3,397.5,393.6,391.7,393.1,396.9,399.7,389.9,385.2,388.3,397.5,407.4,412.1,409.6,403.5,397.1,393.1,391.6,392.8,395.2,399.8,405.3,409.0,410.9,410.2,407.9,403.0,404.3,402.3,398.0,394.1,392.7,394.8,399.0,19.5,21.7,26.0,30.1,31.4,29.6,24.9,20.9,15.0,17.1,20.0,24.0,28.5,32.1,34.8,31.5,27.1,22.8,19.5,16.8,23.6,25.5,27.5,28.5,27.9,26.0,23.9,22.9,65.0,66.5,70.6,74.9,77.0,75.5,71.4,66.7,61.4,64.0,67.6,72.1,76.4,79.7,82.0,79.6,76.4,72.7,68.5,64.4,69.1,71.0,72.8,73.4,72.5,70.7,68.9,68.2,19.6,15.3,13.7,15.7,20.2,24.9,26.1,24.1,20.8,18.6,17.4,16.7,17.1,18.5,20.7,22.8,23.7,24.2,23.8,22.7,22.0,23.0,22.2,20.2,18.1,17.1,17.9,19.9,18.2,13.7,11.5,13.1,17.3,21.9,24.0,22.8,19.9,16.9,15.1,14.4,15.1,16.3,18.6,21.1,22.6,23.3,23.0,21.9,19.8,20.4,19.5,17.6,15.7,15.1,16.0,17.9,472.7,472.7,471.9,470.8,470.0,470.1,470.8,471.9,477.5,474.4,471.8,469.8,469.2,469.5,470.5,469.4,468.7,469.5,471.8,474.6,472.4,471.9,471.5,471.5,471.9,472.4,472.8,472.8,400.3,400.4,401.6,403.2,404.4,404.3,403.1,401.6,400.4,399.2,398.9,399.8,402.4,405.8,409.3,406.8,403.9,401.5,400.3,400.3,402.7,403.4,404.0,404.0,403.5,402.8,402.3,402.2,56.2,60.7,515.1,-0.092,0.233,0.072,629.6,627.5,628.4,631.9,639.6,654.6,674.7,698.6,725.4,753.5,781.6,809.6,834.0,852.7,864.9,872.8,878.8,644.6,660.7,680.4,699.1,715.2,764.0,784.5,804.0,824.3,842.6,737.5,735.0,732.3,729.7,706.8,717.9,730.1,743.4,755.5,664.9,677.8,693.7,705.5,691.1,675.5,773.9,787.9,804.1,816.9,804.9,788.9,690.4,706.6,720.0,730.3,742.5,756.8,772.9,756.0,741.5,728.6,717.5,704.3,697.4,718.9,729.6,741.9,765.6,741.8,729.4,718.6,402.6,433.2,464.1,495.6,525.8,552.8,574.4,590.4,594.8,592.9,582.2,568.4,548.0,520.2,486.8,451.6,416.7,361.7,349.3,348.1,352.2,359.9,360.8,354.7,352.4,354.7,366.2,395.3,417.8,440.1,462.8,473.2,478.9,483.3,480.0,476.3,396.7,389.3,390.8,401.0,404.4,403.3,403.6,394.3,394.8,402.7,408.2,408.2,512.3,505.0,501.8,504.7,502.5,506.8,514.4,521.3,524.0,524.9,523.8,521.2,512.6,511.1,512.4,511.4,514.4,512.0,513.1,512.1,0.78,0.67,0.79,0.00,0.00,0.00,0.00,0.00,0.44,0.05,0.00,1.85,0.00,1.63,0.90,2.07,0.19,1.00,1.00,1.00,0.00,0.00,0.00,0.00,0.00,0.00,0.00,0.00,1.00,1.00,0.00,1.00,1.00,0.00,1.00
127,0,4.200,0.88,1,-0.053191,0.138721,-0.988902,-0.327331,0.011895,-0.944835,-0.194,0.078,673.7,677.5,685.6,693.3,696.0,692.8,684.1,676.4,664.3,668.2,674.0,682.0,690.6,697.3,702.2,696.3,688.2,679.9,673.3,668.0,681.2,684.8,688.5,690.3,689.0,685.5,681.7,680.0,777.7,780.7,789.4,798.6,802.9,799.9,791.2,781.2,770.7,777.2,785.5,794.7,802.5,808.4,812.6,808.5,802.7,795.3,786.7,777.6,786.3,790.1,793.7,795.0,793.2,789.4,785.8,784.5,395.5,387.6,384.9,388.9,397.3,405.8,408.0,404.0,396.9,393.3,391.5,390.7,391.8,394.5,398.6,402.4,404.0,404.5,403.3,400.8,399.9,401.8,400.5,396.8,392.9,391.1,392.3,396.0,399.5,389.5,384.7,387.9,397.3,407.4,412.1,409.6,403.5,397.6,393.7,392.2,392.9,394.7,398.2,404.7,409.1,411.3,410.7,408.4,402.7,404.1,402.1,397.9,394.1,392.7,394.7,398.8,18.1,20.1,24.4,28.4,29.9,28.2,23.6,19.5,13.2,15.2,18.2,22.4,26.9,30.5,33.2,30.0,25.7,21.3,17.9,15.1,22.1,24.0,26.0,26.9,26.2,24.4,22.4,21.4,62.7,64.1,68.3,72.7,74.9,73.4,69.3,64.5,59.5,62.3,66.1,70.3,74.3,77.7,80.3,77.9,74.6,70.8,66.7,62.6,67.0,68.9,70.6,71.2,70.3,68.5,66.7,66.1,19.0,14.8,13.3,15.4,19.9,24.5,25.7,23.6,20.0,17.9,16.9,16.3,16.9,18.4,20.6,22.6,23.5,23.8,23.2,22.0,21.4,22.4,21.7,19.7,17.6,16.6,17.3,19.3,18.0,13.4,11.3,12.8,17.2,21.8,23.9,22.6,19.8,17.1,15.3,14.6,15.1,16.0,17.8,20.7,22.5,23.4,23.1,22.0,19.6,20.2,19.3,17.4,15.6,15.0,15.9,17.8,468.9,468.4,467.5,466.8,466.8,467.5,468.2,468.8,474.3,471.0,468.1,466.0,465.6,466.3,467.6,466.8,466.1,466.9,469.1,471.7,469.1,468.8,468.4,468.2,468.2,468.5,468.9,469.2,398.6,398.8,400.0,401.4,402.2,402.0,400.8,399.6,398.5,397.4,397.1,398.0,400.4,403.7,407.1,404.4,401.4,399.1,398.2,398.3,400.8,401.4,401.8,401.9,401.6,401.0,400.5,400.5,53.5,59.7,509.0,-0.076,0.263,0.068,627.3,624.5,625.3,628.9,637.2,652.6,672.5,696.7,724.7,754.0,783.4,811.4,835.2,853.0,864.3,871.9,878.0,641.6,657.5,678.0,697.5,714.1,755.5,776.4,797.9,820.1,839.6,732.6,729.5,726.3,723.1,700.9,712.5,724.9,738.9,752.0,662.0,674.9,690.6,702.8,688.3,672.8,770.0,784.9,801.1,814.3,802.0,785.7,683.2,699.3,713.5,725.3,739.6,756.1,774.9,755.6,739.1,724.0,711.4,697.5,690.4,712.6,724.8,739.1,766.7,739.2,724.7,712.4,398.0,428.8,459.9,492.0,523.1,551.1,574.1,591.0,595.6,593.5,582.6,568.6,547.8,520.0,486.4,451.2,416.2,362.6,348.9,348.2,353.6,363.4,363.4,354.8,351.8,354.2,367.0,394.9,416.7,438.5,460.7,472.6,478.3,482.7,479.4,475.9,395.9,389.0,390.7,400.9,403.8,402.6,403.7,394.4,394.7,402.4,407.9,408.0,510.7,504.0,501.2,504.4,502.2,506.4,514.0,521.2,524.4,525.3,524.0,521.0,511.3,510.9,512.6,511.5,513.9,512.1,513.2,511.9,0.86,0.45,1.09,0.00,0.04,0.02,0.00,0.00,0.55,0.13,0.00,1.91,0.05,1.67,0.56,1.85,0.31,1.00,1.00,1.00,0.00,0.00,0.00,0.00,0.00,0.00,0.00,0.00,1.00,1.00,0.00,1.00,1.00,0.00,1.00
128,0,4.233,0.88,1,-0.052914,0.141509,-0.988522,-0.304428,0.014722,-0.952422,-0.182,0.080,674.1,678.1,686.3,693.9,696.5,693.0,684.2,676.6,664.6,668.7,674.6,682.5,691.0,697.6,702.4,696.4,688.3,680.1,673.5,668.1,681.5,685.0,688.9,690.7,689.5,686.0,682.2,680.3,776.5,779.8,788.6,797.8,802.0,798.7,789.9,780.0,769.5,775.6,783.6,792.7,801.0,807.6,812.4,807.6,801.0,793.2,784.6,775.9,785.4,789.2,792.9,794.3,792.5,788.7,785.0,783.6,395.2,387.3,384.6,388.7,397.1,405.6,407.7,403.6,396.9,393.1,391.2,390.4,391.7,394.5,398.8,402.5,404.0,404.4,403.2,400.8,399.8,401.6,400.4,396.7,392.8,390.9,392.2,395.8,399.0,389.4,384.8,388.1,397.3,406.9,411.5,408.8,401.8,396.2,392.8,391.7,392.7,394.6,398.2,404.8,409.1,411.3,410.2,407.3,402.2,403.6,401.7,397.7,393.8,392.5,394.4,398.4,18.3,20.4,24.8,28.9,30.2,28.4,23.7,19.6,13.3,15.5,18.5,22.7,27.2,30.8,33.4,30.2,25.8,21.5,18.0,15.2,22.3,24.2,26.2,27.2,26.6,24.7,22.7,21.7,63.9,65.4,69.6,74.1,76.2,74.7,70.5,65.7,60.7,63.3,66.9,71.2,75.4,79.1,81.9,79.3,75.7,71.7,67.6,63.6,68.4,70.2,72.0,72.6,71.7,69.9,68.1,67.5,18.9,14.7,13.2,15.4,19.8,24.4,25.5,23.4,20.0,17.9,16.8,16.2,16.9,18.5,20.8,22.7,23.5,23.7,23.2,22.0,21.4,22.3,21.7,19.7,17.6,16.6,17.3,19.3,18.3,13.7,11.6,13.2,17.5,22.1,24.2,22.9,19.6,16.9,15.3,14.8,15.3,16.3,18.2,21.2,23.1,24.0,23.5,22.1,19.9,20.5,19.6,17.7,15.9,15.3,16.1,18.0,469.9,469.8,469.2,468.4,467.9,468.2,468.6,469.4,475.1,472.0,469.3,467.4,467.0,467.6,468.7,467.7,466.9,467.6,469.7,472.4,470.0,469.6,469.3,469.3,469.5,469.9,470.2,470.2,409.7,409.4,409.9,410.9,411.7,411.9,411.4,410.8,410.1,408.6,407.8,408.1,409.9,412.8,415.9,413.8,411.3,409.5,409.0,409.7,411.4,411.8,412.0,411.9,411.6,411.2,411.0,411.1,53.0,59.3,508.8,-0.061,0.249,0.079,629.8,626.7,626.5,628.1,633.7,647.1,667.0,692.4,721.8,752.4,782.4,810.6,834.3,851.5,862.3,869.5,874.9,642.9,658.5,677.9,696.8,713.6,756.4,777.3,797.8,819.0,837.8,733.0,730.2,727.3,724.3,701.2,712.9,725.3,739.2,752.1,662.4,675.2,690.9,703.3,688.6,673.0,768.6,783.5,799.7,812.8,800.4,784.4,680.6,697.6,712.7,724.5,738.6,755.4,775.0,754.5,737.2,722.3,709.9,695.2,687.8,711.7,723.8,738.0,767.0,737.5,723.3,711.1,393.9,423.5,453.7,485.3,516.5,546.0,570.7,589.5,595.3,593.4,582.8,568.2,547.2,519.2,485.7,450.4,415.0,361.9,349.0,347.7,352.1,360.7,361.2,354.0,352.3,355.4,368.1,394.4,416.7,438.9,461.6,472.7,478.5,483.2,480.0,476.7,395.6,388.5,390.3,400.9,403.6,402.3,403.5,393.9,394.4,402.4,407.7,407.8,509.8,503.5,500.9,504.3,502.0,506.2,513.8,521.9,524.9,525.6,524.4,521.1,510.6,510.7,512.4,511.4,514.0,512.4,513.3,511.9,0.74,0.47,1.10,0.00,0.15,0.02,0.00,0.07,0.74,0.20,0.00,1.89,0.19,1.66,0.29,1.58,0.35,1.00,1.00,1.00,0.00,0.00,0.00,0.00,0.00,0.00,0.00,0.00,1.00,1.00,0.00,0.00,1.00,0.00,1.00
129,0,4.267,0.88,1,-0.064614,0.137189,-0.988435,-0.193054,0.069140,-0.978749,-0.130,0.105,671.8,675.6,683.7,691.2,693.8,690.5,681.9,674.3,662.2,666.2,671.9,679.9,688.4,694.9,699.5,693.6,685.7,677.6,671.1,665.9,679.0,682.6,686.4,688.3,687.0,683.4,679.6,677.7,776.1,778.0,786.2,795.9,801.4,799.5,791.3,780.6,762.9,771.2,780.9,790.9,798.7,803.9,807.3,804.6,799.9,792.5,783.1,772.5,783.6,788.7,792.9,793.9,791.1,786.0,781.8,780.8,394.9,387.2,384.6,388.6,397.0,405.3,407.3,403.3,396.5,393.0,391.3,390.5,391.7,394.3,398.5,402.3,403.9,404.3,403.0,400.5,399.4,401.4,400.1,396.4,392.4,390.5,391.8,395.5,402.5,390.3,384.5,388.5,399.9,412.1,417.9,414.9,407.3,400.4,395.7,393.7,394.5,397.1,401.1,406.6,410.2,412.3,412.2,411.1,408.1,410.2,407.2,401.0,395.1,393.0,396.0,402.2,17.2,19.3,23.6,27.7,29.1,27.4,22.7,18.6,12.2,14.3,17.3,21.5,26.1,29.7,32.2,29.0,24.7,20.3,16.9,14.1,21.2,23.1,25.2,26.2,25.5,23.6,21.5,20.5,51.3,52.3,55.9,60.1,62.3,61.4,57.7,53.2,46.2,49.3,53.0,57.1,60.6,63.4,65.4,63.6,61.1,57.7,53.9,49.8,54.7,56.8,58.7,59.2,58.0,55.9,54.0,53.5,19.0,14.8,13.3,15.5,20.0,24.5,25.6,23.5,20.0,18.0,17.0,16.4,17.1,18.6,20.9,22.9,23.7,24.0,23.4,22.1,21.4,22.5,21.8,19.7,17.6,16.6,17.3,19.3,16.0,11.5,9.3,11.0,15.4,20.1,22.1,20.8,17.8,15.2,13.4,12.7,13.2,14.3,16.1,18.0,19.2,19.8,19.7,19.2,18.3,19.2,18.1,15.8,13.5,12.6,13.7,16.1,475.2,474.7,473.9,473.4,473.3,474.0,474.5,475.1,480.4,477.1,474.3,472.3,471.9,472.7,474.1,473.2,472.5,473.3,475.3,477.9,475.5,475.2,474.8,474.6,474.7,474.9,475.3,475.5,330.0,331.4,334.3,337.0,338.0,336.5,333.6,330.9,328.6,328.5,329.3,331.2,334.4,338.2,342.2,338.2,334.4,331.2,329.4,328.7,333.1,334.4,335.9,336.7,336.2,334.9,333.4,332.6,50.7,58.7,505.4,-0.036,0.267,0.087,628.4,624.3,623.1,624.1,629.1,641.3,660.4,685.9,717.5,750.6,783.2,812.3,835.7,851.6,860.9,867.7,873.4,640.5,655.3,675.2,694.9,712.0,749.6,771.9,794.9,818.0,836.9,728.0,724.8,721.4,717.8,695.5,707.7,720.1,734.7,748.4,659.8,672.5,688.0,701.0,686.2,670.8,765.0,780.6,796.9,810.2,797.6,781.4,674.1,690.4,706.0,719.4,735.6,754.7,776.4,754.4,735.1,718.0,704.0,688.8,681.6,705.1,718.8,735.1,767.7,735.2,718.6,704.9,388.5,417.5,446.9,477.4,508.5,538.7,565.4,587.3,595.1,594.0,583.4,568.5,546.8,518.3,485.1,450.7,416.1,362.7,348.5,347.6,353.5,364.5,364.7,355.3,353.0,357.3,372.1,396.1,417.4,438.7,460.6,472.2,478.4,483.4,480.0,476.8,395.2,388.7,390.9,401.6,403.7,402.2,405.6,396.2,396.6,404.6,409.8,409.8,506.9,501.3,499.6,503.5,501.6,505.6,513.3,521.5,525.1,525.7,524.0,519.7,508.0,509.8,512.1,511.4,513.2,512.7,513.4,511.4,0.64,0.41,1.08,0.00,0.33,0.02,0.00,0.34,1.05,0.25,0.00,1.87,0.28,1.52,0.09,1.49,0.23,0.00,1.00,0.00,0.00,0.00,0.00,0.00,1.00,0.00,0.00,0.00,1.00,1.00,0.00,0.00,0.00,0.00,1.00
130,0,4.300,0.88,1,-0.071851,0.142410,-0.987196,-0.191533,0.144725,-0.970757,-0.134,0.146,671.5,675.7,683.8,691.1,693.4,689.8,681.1,673.8,661.8,665.8,671.5,679.6,688.1,694.5,699.0,693.0,685.1,677.0,670.6,665.4,678.6,682.1,685.9,687.8,686.8,683.3,679.5,677.5,775.9,779.0,787.3,796.1,800.2,797.1,788.7,779.1,765.3,770.6,778.2,788.3,797.2,803.2,807.1,803.3,797.6,790.3,781.4,772.5,783.8,787.5,791.1,792.5,790.7,786.9,783.3,782.0,395.0,387.5,385.2,389.6,398.0,406.1,407.8,403.4,396.4,393.0,391.5,390.8,392.2,395.0,399.2,402.8,404.3,404.6,403.1,400.4,399.7,401.8,400.7,397.1,393.2,391.1,392.2,395.8,405.6,396.1,392.4,396.8,406.7,416.3,419.9,416.3,411.3,402.1,396.3,394.2,396.8,402.1,410.0,412.0,413.0,413.4,413.2,412.8,410.6,412.5,410.9,406.8,402.5,400.6,402.2,406.3,17.2,19.4,23.8,27.8,29.0,27.1,22.4,18.4,12.0,14.1,17.2,21.5,26.0,29.5,32.1,28.8,24.4,20.1,16.7,13.9,21.1,22.9,25.0,26.1,25.5,23.6,21.5,20.5,61.6,63.3,67.4,71.8,73.6,71.9,67.7,63.1,56.7,59.1,62.6,67.4,71.9,75.3,77.5,75.2,72.0,68.2,64.0,60.0,65.6,67.4,69.2,69.9,69.1,67.3,65.5,64.8,19.1,15.0,13.7,16.1,20.6,25.1,26.0,23.7,20.1,18.1,17.1,16.7,17.4,19.0,21.3,23.2,24.0,24.2,23.5,22.2,21.7,22.8,22.2,20.2,18.1,17.0,17.6,19.5,20.7,16.4,14.8,16.9,21.5,25.8,27.3,25.5,23.2,19.1,16.5,15.5,16.8,19.4,23.2,24.0,24.2,24.2,24.0,23.9,23.1,24.0,23.3,21.5,19.5,18.6,19.3,21.1,476.9,476.3,475.6,475.1,475.2,476.1,476.6,477.0,482.2,478.9,476.1,474.0,473.7,474.5,475.9,475.1,474.4,475.1,477.1,479.7,477.4,477.2,476.8,476.5,476.5,476.7,477.1,477.3,396.8,398.3,400.5,402.1,402.1,400.6,398.3,396.8,396.3,396.2,396.5,397.7,400.1,403.4,406.0,402.9,399.5,397.0,395.8,395.9,399.0,399.7,400.7,401.3,401.3,400.7,399.7,399.0,50.1,59.2,509.3,-0.036,0.289,0.101,629.1,625.2,623.5,623.3,627.2,638.1,655.6,679.8,712.0,747.1,782.7,813.4,836.7,851.7,860.1,866.9,873.0,640.2,655.0,674.8,694.6,712.2,748.2,770.9,794.5,817.7,836.1,727.2,723.7,719.9,716.0,693.4,705.7,718.1,732.7,746.7,659.4,672.1,687.8,700.4,685.5,670.1,764.0,779.5,795.8,809.0,796.2,780.1,668.6,685.4,701.8,716.7,735.0,755.8,778.6,755.1,733.5,714.1,698.6,682.9,676.1,700.7,715.9,734.4,769.5,734.2,715.4,700.1,387.9,416.8,445.5,475.3,505.5,535.1,561.9,585.3,594.4,594.3,583.7,568.6,546.5,517.6,485.1,452.3,419.2,362.1,348.2,347.3,353.3,364.9,366.5,357.3,356.3,361.5,376.7,397.9,418.9,439.9,461.5,472.9,479.4,484.9,481.7,478.8,395.2,388.5,391.1,402.5,404.2,402.2,408.3,399.0,399.8,408.5,413.1,412.8,503.5,498.3,497.8,502.4,500.9,504.8,513.1,521.3,525.2,525.3,523.0,517.5,504.8,508.7,511.8,511.3,512.8,512.5,512.8,510.0,0.46,0.27,0.96,0.00,0.58,0.00,0.00,0.72,1.41,0.44,0.00,1.80,0.29,1.22,0.00,1.14,0.11,0.00,1.00,0.00,0.00,0.00,0.00,0.00,1.00,0.00,1.00,0.00,1.00,1.00,0.00,0.00,0.00,0.00,1.00
131,0,4.333,0.88,1,-0.090051,0.121034,-0.988555,-0.186437,0.111184,-0.976155,-0.140,0.118,671.5,675.8,684.1,691.5,693.7,689.9,681.0,673.6,661.8,665.8,671.6,679.8,688.5,695.1,699.7,693.6,685.4,677.2,670.6,665.4,678.7,682.2,686.0,688.0,687.0,683.5,679.7,677.7,775.8,779.2,787.9,796.8,800.6,797.2,788.5,778.9,765.2,770.5,778.1,788.2,797.3,803.7,807.8,803.5,797.5,790.0,781.0,772.2,783.8,787.7,791.4,792.9,791.2,787.4,783.7,782.2,395.4,387.8,385.6,390.2,398.9,407.1,408.7,404.1,397.0,393.6,392.1,391.6,393.2,396.3,400.9,404.0,405.1,405.2,403.6,401.0,400.3,402.4,401.4,397.9,393.9,391.8,392.8,396.3,406.6,397.4,394.3,399.0,408.8,417.9,421.1,417.1,411.8,403.0,397.7,395.9,399.0,404.6,412.7,414.6,415.2,415.2,414.6,413.8,411.9,414.0,412.6,408.7,404.5,402.4,403.8,407.7,16.7,19.0,23.4,27.3,28.4,26.5,21.8,17.9,11.8,13.8,16.8,21.0,25.6,29.1,31.7,28.4,24.0,19.7,16.3,13.6,20.6,22.4,24.4,25.5,24.9,23.1,21.1,20.1,62.3,64.2,68.6,72.9,74.6,72.7,68.3,63.7,57.4,59.9,63.4,68.2,72.7,76.2,78.5,76.0,72.6,68.7,64.5,60.5,66.3,68.2,70.1,70.9,70.1,68.3,66.4,65.6,18.8,14.8,13.6,16.0,20.6,25.0,25.9,23.5,19.9,18.0,17.1,16.7,17.5,19.2,21.7,23.3,23.9,23.9,23.2,21.9,21.5,22.6,22.0,20.1,18.0,16.9,17.4,19.3,21.4,17.3,15.9,18.1,22.7,26.8,28.1,26.2,23.8,19.7,17.3,16.5,18.0,20.7,24.7,25.4,25.4,25.3,25.0,24.6,23.9,24.9,24.3,22.6,20.6,19.7,20.2,22.0,465.6,464.9,464.0,463.4,463.5,464.4,465.1,465.7,471.0,467.7,464.7,462.5,462.1,462.8,464.2,463.4,462.8,463.7,465.8,468.4,465.9,465.6,465.2,464.8,464.8,465.1,465.5,465.8,401.7,403.5,405.5,406.6,406.2,404.3,402.3,401.2,401.3,401.4,401.7,402.6,404.6,407.3,409.4,406.4,403.3,401.0,400.2,400.6,403.5,404.0,404.8,405.6,405.8,405.4,404.5,403.7,49.6,59.6,511.0,-0.050,0.300,0.118,631.1,627.2,625.1,623.7,626.4,636.3,652.5,675.3,707.6,744.1,781.8,813.5,836.6,851.1,858.4,864.9,870.6,640.6,655.8,675.6,695.1,713.1,748.8,771.0,794.2,817.3,835.3,728.3,724.5,720.6,716.5,692.5,705.1,717.6,732.7,746.8,659.5,672.5,688.1,700.8,685.4,670.1,763.7,779.7,796.1,809.0,796.0,780.0,661.8,678.8,696.4,713.7,735.5,757.8,780.8,755.9,731.8,708.9,690.8,674.9,669.2,694.7,712.5,734.5,771.5,733.5,711.3,693.4,388.2,416.7,445.1,474.6,504.7,534.4,561.6,585.1,594.5,594.8,583.9,568.2,546.0,517.5,485.9,453.8,421.6,362.6,348.9,347.9,354.0,366.1,368.0,358.6,357.9,363.2,378.7,399.3,420.2,441.2,462.8,473.4,480.2,486.1,483.4,481.1,395.6,389.2,392.0,403.9,404.8,402.4,410.1,401.0,401.8,410.8,414.9,414.4,501.0,495.0,495.1,500.8,499.7,504.6,514.7,522.1,525.9,525.5,522.1,515.3,502.7,507.3,511.4,511.6,514.1,512.1,511.9,508.2,0.35,0.10,0.76,0.00,0.95,0.00,0.00,1.18,1.83,0.64,0.00,2.04,0.16,0.84,0.00,1.01,0.00,0.00,1.00,0.00,0.00,0.00,0.00,0.00,1.00,0.00,1.00,0.00,1.00,1.00,0.00,0.00,0.00,0.00,1.00
132,0,4.367,0.88,1,-0.071052,0.148344,-0.986380,-0.092978,0.127601,-0.987458,-0.083,0.139,673.9,678.3,686.7,694.1,696.2,692.3,683.3,675.9,664.4,668.0,673.4,681.0,689.5,696.6,702.1,695.8,687.4,679.2,672.7,667.6,681.3,684.6,688.4,690.4,689.5,686.2,682.4,680.3,777.2,780.2,788.2,796.6,800.5,797.5,789.5,780.1,761.6,768.4,777.2,787.8,796.5,801.9,804.8,802.0,797.0,789.9,780.2,769.8,784.1,787.8,791.4,792.8,791.0,787.3,783.7,782.4,396.1,388.3,386.2,390.9,399.7,408.1,409.6,404.9,397.7,394.7,393.3,392.7,394.0,396.9,400.9,404.3,405.5,405.7,404.3,401.7,401.1,403.3,402.3,398.8,394.8,392.6,393.6,397.1,406.3,396.2,392.6,397.8,408.7,418.8,422.4,418.0,408.1,402.0,398.4,397.4,400.2,404.6,411.4,413.7,414.5,414.3,413.1,411.6,412.2,414.5,413.0,408.4,403.6,401.3,402.8,407.4,17.8,20.1,24.5,28.3,29.4,27.4,22.7,18.9,13.0,14.8,17.6,21.5,25.8,29.6,32.5,29.2,24.7,20.5,17.2,14.6,21.7,23.5,25.4,26.5,26.0,24.2,22.3,21.2,57.7,59.2,63.1,67.2,68.9,67.3,63.3,58.9,51.0,53.9,57.6,62.4,66.6,69.6,71.5,69.5,66.7,63.2,58.8,54.4,61.1,62.8,64.6,65.3,64.5,62.8,61.0,60.3,19.0,14.9,13.7,16.2,20.8,25.2,26.0,23.6,20.1,18.4,17.5,17.1,17.8,19.3,21.4,23.2,23.8,23.9,23.3,22.1,21.6,22.7,22.2,20.3,18.2,17.1,17.7,19.5,19.5,15.3,13.9,16.2,20.9,25.1,26.4,24.4,20.2,17.6,16.1,15.8,17.1,19.2,22.3,23.1,23.1,22.9,22.3,21.6,22.1,23.2,22.6,20.7,18.6,17.6,18.2,20.1,460.3,459.7,458.6,457.7,457.5,458.3,459.2,460.1,466.5,463.0,459.9,457.5,456.6,456.9,457.9,457.3,456.9,458.0,460.5,463.5,460.3,459.9,459.4,459.1,459.2,459.6,460.1,460.4,367.8,369.7,372.8,375.2,375.6,373.6,370.6,368.1,367.0,367.0,367.6,369.4,372.5,376.0,379.3,375.7,372.0,368.9,367.0,366.7,370.8,371.9,373.2,374.1,373.9,372.8,371.5,370.6,50.6,60.1,515.8,-0.040,0.287,0.124,633.4,629.4,627.2,625.4,627.5,636.8,652.1,674.2,706.5,743.7,782.2,814.3,837.1,850.7,856.4,860.8,864.3,643.9,658.8,678.0,696.8,713.9,752.8,774.5,797.1,819.1,834.9,731.2,727.7,724.2,720.5,695.4,707.8,720.1,735.0,748.8,661.9,674.9,689.8,702.6,687.2,672.7,763.3,779.0,794.6,807.1,794.4,779.2,661.0,677.7,696.1,714.4,737.6,760.6,782.7,757.3,732.0,707.7,688.6,672.4,668.2,694.2,713.0,736.3,774.0,734.6,711.0,692.1,388.5,416.2,444.4,473.7,503.4,532.9,560.2,584.5,595.3,596.0,584.0,567.0,544.7,516.5,485.3,452.9,420.5,362.6,350.0,349.2,355.6,367.8,369.5,359.4,358.5,364.3,380.0,400.6,422.1,443.7,465.8,473.1,480.4,486.9,484.3,482.1,395.8,390.5,393.2,404.3,404.2,401.9,409.7,401.6,402.2,410.3,413.8,413.2,497.0,490.6,491.4,498.0,497.1,502.6,513.5,524.1,528.9,527.9,523.4,513.8,498.9,504.7,509.4,510.3,513.1,513.3,512.6,508.2,0.37,0.00,0.43,0.00,1.34,0.00,0.00,1.42,2.23,0.58,0.00,2.42,0.07,0.41,0.00,1.04,0.00,0.00,1.00,0.00,0.00,1.00,0.00,0.00,1.00,0.00,1.00,0.00,1.00,1.00,0.00,0.00,0.00,0.00,1.00
133,0,4.400,0.98,1,-0.048596,0.209410,-0.976620,-0.151161,0.067109,-0.986229,-0.101,0.140,680.7,685.2,693.6,700.9,702.9,698.9,690.0,682.7,670.8,675.5,681.6,689.4,697.5,704.1,708.9,703.0,695.2,687.1,680.4,674.8,687.7,691.1,695.0,697.2,696.2,692.8,688.9,686.7,779.1,782.3,790.9,799.7,803.7,800.5,792.0,782.2,766.8,773.5,782.1,792.2,801.0,806.9,810.3,807.0,801.5,794.0,784.3,774.2,786.5,790.8,795.0,796.6,794.6,790.3,786.1,784.6,397.2,389.6,387.5,392.1,400.7,409.0,410.4,405.8,398.6,395.8,394.5,394.1,395.3,398.0,402.0,405.1,406.2,406.2,404.8,402.4,402.3,404.5,403.5,399.9,395.9,393.8,394.7,398.3,405.6,396.4,393.2,397.8,407.7,416.9,420.1,416.2,407.3,403.2,400.6,400.1,402.8,406.8,412.7,415.1,415.5,414.8,413.2,411.4,411.4,413.7,412.2,407.7,402.9,400.6,402.1,406.6,22.3,24.8,29.4,33.3,34.4,32.2,27.4,23.4,17.1,19.5,22.7,26.9,31.4,35.0,37.7,34.4,30.1,25.7,22.1,19.2,26.2,28.0,30.2,31.3,30.8,29.0,26.8,25.7,61.1,62.8,67.0,71.2,72.9,71.1,66.9,62.4,55.7,58.6,62.4,67.1,71.5,74.7,76.8,74.6,71.5,67.7,63.2,58.8,64.6,66.7,68.7,69.6,68.7,66.7,64.7,63.8,20.4,16.3,15.1,17.6,22.3,26.8,27.6,25.1,21.3,19.7,18.9,18.6,19.3,20.8,23.0,24.7,25.2,25.2,24.5,23.3,23.2,24.4,23.8,21.9,19.7,18.5,19.1,21.0,20.0,16.0,14.7,16.9,21.2,25.2,26.5,24.6,20.8,19.0,17.8,17.7,19.0,20.9,23.8,24.6,24.6,24.1,23.3,22.5,22.7,23.7,23.1,21.2,19.1,18.0,18.6,20.6,479.9,479.9,479.4,478.9,478.5,478.7,478.9,479.5,484.3,481.4,478.9,477.2,477.0,477.9,479.2,477.9,476.9,477.2,479.1,481.7,480.2,479.9,479.7,479.7,479.9,480.2,480.4,480.4,384.1,386.0,388.3,389.8,389.5,387.6,385.2,383.8,384.4,384.1,384.4,385.7,388.3,391.5,394.7,391.0,387.5,384.7,383.3,383.4,386.0,386.7,387.9,388.8,389.0,388.3,387.1,386.2,54.2,61.5,525.4,0.016,0.229,0.128,628.9,626.0,624.7,624.0,627.6,638.5,653.9,676.5,708.9,745.3,782.5,812.6,834.0,847.0,852.8,857.8,861.6,648.8,665.4,685.3,704.7,721.6,762.3,782.8,803.9,824.3,838.6,740.2,737.4,734.5,731.3,703.9,716.2,728.3,742.5,755.1,668.6,682.6,697.4,709.7,694.5,680.2,768.4,783.9,799.0,810.7,798.7,784.2,664.7,683.8,703.0,721.0,743.7,765.8,785.8,760.1,735.3,711.6,692.6,676.3,671.6,699.9,718.7,741.5,777.8,738.7,715.6,696.7,390.0,417.6,445.2,473.7,501.8,530.9,558.5,584.0,595.5,596.6,583.4,564.1,539.8,511.2,480.4,448.1,415.5,364.0,352.2,351.6,358.1,369.9,371.9,361.4,360.6,366.5,382.3,401.0,424.6,448.3,472.2,474.0,482.1,489.5,487.1,485.1,396.3,391.8,394.5,404.6,404.7,402.4,410.0,403.3,404.0,411.8,415.1,414.2,491.5,488.1,491.0,498.1,498.0,503.2,512.6,525.8,530.2,528.4,522.5,510.3,494.2,503.4,509.1,510.3,512.7,514.1,512.9,507.4,0.43,0.00,0.12,0.00,1.55,0.00,0.00,1.32,2.46,0.42,0.00,2.82,0.02,0.52,0.00,1.43,0.00,0.00,1.00,0.00,0.00,1.00,0.00,0.00,1.00,0.00,1.00,0.00,1.00,0.00,0.00,0.00,0.00,0.00,0.00
134,0,4.433,0.88,1,-0.081529,0.178603,-0.980538,-0.071342,0.073931,-0.994708,-0.077,0.127,681.6,686.7,695.5,702.8,704.3,699.7,690.5,683.2,672.5,677.3,683.5,691.6,700.0,706.4,710.6,704.3,696.3,688.1,681.5,676.1,688.8,692.1,696.0,698.3,697.6,694.3,690.4,688.1,782.3,785.1,793.5,802.6,807.2,804.4,796.0,785.9,767.7,775.3,784.4,794.5,803.0,808.8,812.6,809.4,804.0,796.5,786.6,775.9,789.6,794.2,798.4,799.9,797.6,793.0,788.8,787.4,396.9,389.3,387.5,392.5,401.4,409.8,410.8,405.8,398.9,395.4,393.9,393.6,395.5,399.2,404.6,407.2,407.6,407.3,405.5,402.8,402.5,404.7,403.9,400.5,396.4,394.2,395.0,398.4,406.2,396.0,392.1,396.8,407.3,417.5,421.4,417.6,406.8,403.0,400.6,400.1,402.0,405.2,410.1,413.7,415.2,415.2,413.9,411.8,412.2,414.6,412.6,407.5,402.3,399.9,401.9,407.0,22.2,24.9,29.5,33.3,34.1,31.7,26.8,23.0,17.4,19.9,23.1,27.3,31.7,35.2,37.4,34.0,29.7,25.4,22.0,19.3,26.0,27.7,29.8,31.0,30.7,28.9,26.9,25.6,59.5,61.0,65.0,69.2,71.2,69.7,65.6,61.0,53.4,56.5,60.4,64.9,69.0,72.1,74.4,72.3,69.3,65.6,61.2,56.7,63.0,65.1,67.1,67.9,66.9,64.8,62.8,62.0,19.7,15.6,14.6,17.2,21.9,26.4,27.0,24.4,20.9,18.9,18.0,17.8,18.8,20.8,23.6,25.0,25.2,25.0,24.2,22.9,22.6,23.8,23.3,21.5,19.4,18.2,18.7,20.5,19.3,15.1,13.6,15.7,20.1,24.3,25.8,24.1,19.6,18.0,17.0,16.8,17.8,19.3,21.6,22.9,23.3,23.1,22.5,21.6,22.0,23.0,22.3,20.2,18.0,16.9,17.7,19.8,465.9,466.1,465.6,464.6,463.8,463.8,464.1,465.1,469.6,467.0,464.5,462.9,462.7,463.3,464.3,463.2,462.2,462.6,464.6,467.2,465.8,465.4,465.1,465.2,465.6,466.0,466.3,466.2,365.8,367.7,370.4,372.5,372.6,370.7,367.9,365.9,365.7,365.5,365.9,367.5,370.3,373.6,377.2,373.3,369.6,366.6,365.0,364.9,368.3,369.3,370.6,371.6,371.5,370.5,369.2,368.2,56.4,62.4,531.1,0.014,0.205,0.129,637.6,634.8,633.0,630.5,632.6,642.9,658.7,680.7,710.6,743.6,777.4,806.5,828.1,842.0,849.3,855.0,858.9,649.2,666.6,686.5,705.7,723.2,765.8,786.5,806.6,827.0,841.8,743.5,740.5,737.6,734.7,706.2,718.6,731.2,745.9,758.8,670.2,684.3,699.7,712.3,696.5,681.2,769.5,785.7,801.3,813.5,801.2,785.9,667.4,688.9,709.6,726.0,746.6,767.6,789.1,762.9,739.1,717.6,700.2,681.4,674.0,707.3,724.4,745.1,781.1,742.4,721.4,704.2,384.5,415.1,446.6,477.7,507.7,536.5,562.2,585.2,595.4,595.8,582.6,563.5,540.4,512.1,481.6,449.8,417.7,363.5,352.5,351.8,357.3,368.2,370.7,363.0,362.6,367.2,381.4,401.0,424.9,448.8,473.0,475.0,482.9,490.1,487.2,484.4,396.5,391.6,394.7,406.0,405.9,403.4,410.5,402.3,403.0,411.2,415.0,414.3,491.7,490.2,493.1,499.3,498.4,502.3,508.9,524.0,529.7,529.0,524.7,513.2,494.8,504.2,508.9,509.4,510.1,513.9,513.7,509.6,0.39,0.00,0.00,0.00,1.58,0.00,0.00,0.97,2.59,0.24,0.00,2.96,0.00,0.84,0.00,1.61,0.00,1.00,1.00,0.00,0.00,1.00,0.00,0.00,1.00,1.00,1.00,0.00,1.00,0.00,0.00,0.00,0.00,0.00,0.00
135,0,4.467,0.03,0,0.000000,0.000000,0.000000,0.000000,0.000000,0.000000,0.000,0.000,684.3,688.6,697.0,704.6,706.9,703.4,694.3,686.7,677.9,681.1,686.2,694.1,703.2,710.5,715.8,709.0,700.0,691.7,685.6,681.1,692.5,695.9,699.7,701.6,700.5,697.1,693.3,691.4,790.5,792.9,800.2,808.1,811.9,809.4,802.1,793.7,781.1,786.7,793.7,801.6,809.1,815.2,819.9,815.9,810.0,802.9,794.7,786.7,797.8,801.3,804.4,805.5,803.8,800.4,797.3,796.2,396.5,387.3,384.2,388.9,398.7,408.6,411.0,406.2,399.5,392.7,388.8,386.6,388.2,392.9,401.0,405.3,407.5,408.4,407.1,404.2,401.7,403.8,402.4,398.2,393.8,391.7,393.1,397.2,402.5,395.6,392.9,396.1,403.2,410.0,412.7,410.3,404.2,401.1,398.9,398.2,400.0,403.0,407.2,408.5,408.4,407.9,407.2,406.8,406.5,407.9,406.7,403.7,400.7,399.3,400.5,403.4,21.0,23.0,26.8,30.2,31.3,29.7,25.6,22.1,18.2,19.5,21.8,25.3,29.5,32.9,35.4,32.2,28.0,24.2,21.5,19.5,24.8,26.4,28.1,28.9,28.5,26.9,25.2,24.3,83.6,85.4,89.9,94.3,96.1,94.2,89.8,85.1,78.6,81.6,85.5,90.0,94.4,98.2,101.4,98.4,94.5,90.1,85.6,81.4,87.9,89.8,91.7,92.5,91.7,89.8,87.9,87.1,17.3,12.9,11.4,13.6,18.1,22.8,24.0,21.9,18.9,15.6,13.6,12.5,13.2,15.4,19.1,21.1,22.2,22.7,22.2,21.0,19.7,20.6,19.9,18.0,15.9,15.0,15.7,17.6,23.6,19.9,18.5,20.2,24.1,27.8,29.2,27.8,24.6,22.9,21.6,21.3,22.3,24.1,26.6,27.1,26.9,26.5,26.1,25.9,25.9,26.7,26.1,24.5,22.8,22.0,22.6,24.2,414.9,414.1,412.0,409.9,409.0,409.9,411.9,414.0,419.0,416.0,412.8,410.0,408.6,408.1,408.4,408.3,408.5,410.0,412.8,416.1,413.6,412.6,411.7,411.3,411.7,412.7,413.6,414.0,486.3,488.8,490.7,490.9,489.2,486.6,484.7,484.6,487.5,486.8,486.6,487.1,488.6,490.7,493.2,489.3,486.1,484.1,483.8,485.2,487.1,487.1,488.0,489.1,489.8,489.7,488.9,487.8,59.2,63.7,535.9,0.014,0.206,0.134,640.9,638.2,636.4,633.9,636.4,647.7,663.9,685.9,714.1,744.9,776.6,804.7,826.7,842.2,851.2,858.0,862.7,652.1,670.4,691.2,711.0,728.7,769.5,790.2,810.4,831.6,847.1,748.1,744.9,741.8,738.7,709.3,721.8,734.7,749.8,763.0,674.1,688.5,704.3,716.4,700.5,684.8,774.3,790.8,806.6,818.5,806.4,790.9,670.5,693.0,714.0,730.0,750.2,771.1,792.9,766.4,742.7,721.6,704.4,685.1,677.1,711.6,728.4,748.6,785.1,746.0,725.4,708.4,387.0,418.3,450.2,481.6,511.9,540.6,565.9,587.8,596.7,596.5,583.2,564.6,542.3,514.4,483.7,451.9,419.7,364.2,352.9,352.7,358.5,369.9,373.1,365.6,365.1,369.3,383.5,401.6,426.0,450.5,475.3,476.0,484.1,491.5,488.5,485.5,395.4,390.1,393.6,406.0,405.7,402.8,411.5,402.4,403.2,412.2,416.2,415.4,490.5,490.5,494.2,500.3,499.6,502.9,508.7,524.0,529.7,528.9,524.6,513.0,493.9,504.3,509.1,509.6,510.1,514.4,514.3,510.3,0.24,0.00,0.00,0.00,1.01,0.00,0.00,0.46,1.71,0.19,0.00,1.97,0.00,0.84,0.00,1.13,0.00,1.00,1.00,0.00,0.00,1.00,0.00,0.00,1.00,1.00,1.00,0.00,1.00,0.00,0.00,0.00,0.00,0.00,0.00
136,0,4.500,0.03,0,0.000000,0.000000,0.000000,0.000000,0.000000,0.000000,0.000,0.000,689.0,694.1,703.1,710.7,712.5,707.9,698.4,690.8,680.9,686.4,693.8,702.9,711.6,717.8,721.4,715.5,707.7,699.4,691.9,685.4,696.7,699.9,703.8,705.9,705.2,702.0,698.1,696.0,788.8,792.4,801.2,810.0,813.6,810.0,801.2,791.7,780.2,786.4,794.4,804.5,813.9,820.5,824.8,819.6,812.8,804.8,795.6,786.7,796.7,800.9,805.0,806.8,805.1,800.9,796.8,795.0,395.5,387.8,385.7,390.4,399.2,407.7,409.0,404.3,399.2,393.1,389.6,388.4,391.1,396.7,404.7,406.5,406.4,405.9,404.6,402.5,400.8,402.8,401.9,398.7,394.9,392.9,393.8,397.1,407.6,398.7,395.2,399.1,408.2,417.1,420.6,417.4,409.9,406.2,403.9,403.9,406.9,410.8,416.0,417.7,417.9,417.1,415.3,413.5,412.4,414.3,412.7,408.5,404.2,402.3,403.9,408.1,25.1,27.8,32.4,36.2,36.9,34.5,29.7,25.9,21.0,23.8,27.5,32.0,36.5,39.7,41.6,38.4,34.4,30.1,26.4,23.2,29.0,30.6,32.6,33.7,33.4,31.8,29.8,28.7,69.5,71.4,75.7,79.9,81.5,79.6,75.3,70.8,65.6,68.3,71.9,76.7,81.5,85.1,87.8,84.6,80.9,76.8,72.4,68.4,73.4,75.4,77.4,78.4,77.6,75.6,73.6,72.7,18.2,14.3,13.2,15.5,20.0,24.3,25.0,22.6,20.2,17.0,15.1,14.5,15.9,18.7,22.9,23.7,23.5,23.3,22.7,21.8,20.9,21.9,21.4,19.8,17.9,16.9,17.3,19.0,22.2,18.1,16.5,18.4,22.6,26.7,28.3,26.8,23.3,21.5,20.4,20.4,22.0,23.9,26.6,27.2,27.1,26.6,25.7,24.9,24.6,25.5,24.7,22.8,20.8,19.9,20.6,22.6,448.0,448.9,448.6,447.4,446.0,445.2,445.4,446.6,450.4,448.7,446.8,445.8,445.9,446.5,447.2,445.6,444.1,443.9,445.4,447.9,447.6,447.1,447.0,447.4,448.0,448.5,448.6,448.2,409.0,410.1,411.1,411.4,410.8,409.6,408.7,408.5,409.7,408.6,407.7,408.0,409.9,412.5,415.7,412.2,409.5,407.5,407.0,408.2,410.0,410.1,410.6,411.1,411.4,411.2,410.8,410.2,61.7,64.0,535.0,-0.022,0.194,0.144,644.1,641.3,639.3,636.9,639.6,651.0,667.7,689.9,717.6,747.4,778.3,806.1,828.6,845.0,855.1,862.4,867.4,657.5,674.4,695.3,715.3,733.0,774.6,794.5,814.4,835.3,851.3,752.9,749.5,746.1,742.8,713.5,725.9,739.0,753.8,766.8,679.9,694.6,710.3,722.5,706.6,690.9,779.3,796.4,812.1,823.9,811.7,796.2,675.7,698.6,719.5,734.7,753.8,773.9,795.3,769.1,746.4,726.5,710.0,690.9,682.2,716.9,732.9,752.1,787.7,749.6,730.2,714.0,395.3,425.0,454.8,485.1,514.5,542.7,568.2,589.4,597.6,596.8,583.4,565.6,543.6,516.1,485.6,454.4,422.9,365.0,353.0,352.4,358.5,370.4,374.7,367.3,366.9,371.4,385.7,402.3,426.8,451.4,476.3,476.4,484.6,492.0,488.9,486.1,395.3,389.9,393.5,405.9,405.5,402.6,412.7,404.3,405.4,414.3,418.1,417.0,489.5,490.9,494.6,500.5,499.9,503.2,508.2,523.1,528.0,527.2,523.0,511.8,493.0,504.3,509.1,509.5,509.6,512.9,512.7,508.7,0.06,0.00,0.00,0.00,0.69,0.00,0.00,0.18,1.47,0.07,0.00,1.92,0.00,1.39,0.00,0.70,0.00,1.00,1.00,0.00,0.00,1.00,0.00,0.00,1.00,1.00,1.00,0.00,1.00,0.00,0.00,0.00,0.00,0.00,0.00
137,0,4.533,0.88,1,-0.181833,0.029044,-0.982900,-0.044372,0.009644,-0.998969,-0.114,0.020,694.3,700.2,710.8,720.0,722.3,716.7,705.8,696.6,682.9,690.9,700.8,712.8,722.5,727.5,729.3,724.6,718.1,708.7,699.0,690.2,701.5,706.2,711.6,714.5,713.2,708.5,703.2,700.3,807.6,812.5,822.2,831.1,834.0,829.2,819.4,809.4,793.8,801.5,811.0,821.8,830.7,836.5,839.7,835.1,828.8,820.9,811.0,800.7,814.6,819.0,823.8,826.2,824.8,820.4,815.6,813.2,392.3,384.2,383.9,391.7,402.9,412.2,411.2,403.5,397.7,391.2,388.5,388.5,393.4,400.5,410.2,409.3,406.7,404.2,402.2,400.2,401.6,405.4,405.3,401.1,395.4,391.6,391.7,395.9,414.1,404.6,402.6,409.3,420.8,430.2,432.2,426.2,414.5,410.3,408.6,409.7,413.9,419.2,426.5,430.3,431.1,429.9,426.3,421.7,421.9,425.2,424.2,419.6,414.0,410.7,411.6,416.2,21.9,24.4,28.9,32.7,33.5,31.0,26.4,22.7,17.2,20.5,24.5,29.5,33.6,35.8,36.6,34.4,31.5,27.5,23.6,20.1,24.8,26.7,29.0,30.3,29.9,27.9,25.7,24.4,66.8,69.2,73.6,77.6,78.6,76.2,71.8,67.5,61.4,64.4,68.3,72.8,76.9,79.9,81.8,79.1,75.8,72.1,67.9,63.9,70.0,71.9,74.1,75.3,74.8,72.9,70.7,69.5,13.0,9.8,9.8,13.0,17.4,21.1,20.6,17.4,15.2,12.5,11.5,11.6,13.6,16.6,20.6,20.1,18.8,17.7,16.9,16.1,16.8,18.4,18.3,16.7,14.5,12.9,12.9,14.5,21.6,17.9,17.2,20.0,24.6,28.3,28.9,26.4,21.8,20.1,19.4,19.9,21.7,24.1,27.2,28.5,28.6,27.9,26.3,24.5,24.8,26.2,25.9,24.1,21.8,20.5,20.8,22.6,352.5,355.3,357.5,357.9,356.1,353.5,351.1,350.8,351.3,351.8,352.5,354.4,356.7,358.2,358.6,355.8,352.7,350.5,350.3,350.7,353.2,353.4,354.5,356.0,356.9,356.7,355.5,354.1,348.9,351.0,353.6,355.1,354.6,352.5,350.0,348.5,349.1,348.9,349.3,350.5,352.8,355.6,358.5,354.9,351.5,348.8,347.6,348.0,350.9,351.6,352.8,353.9,354.1,353.4,352.2,351.1,65.9,63.8,523.0,-0.084,0.150,0.183,646.3,643.1,641.2,639.1,642.6,655.1,673.4,696.8,724.2,753.0,782.4,810.3,833.4,850.8,863.1,872.8,880.2,662.6,681.0,704.5,726.5,745.9,787.3,808.0,828.7,850.6,867.4,764.4,760.2,756.1,751.9,721.0,734.1,747.8,762.5,775.8,685.7,702.0,719.6,732.0,714.9,697.0,792.9,812.0,829.2,841.3,828.2,810.8,687.5,711.9,731.5,744.1,760.1,777.5,798.3,774.2,755.3,739.0,725.1,706.6,694.3,728.7,742.2,758.2,790.2,758.0,742.1,728.5,396.2,426.6,456.5,486.9,516.4,544.0,568.2,586.9,594.3,594.6,584.5,570.1,549.5,522.1,491.8,461.9,431.2,366.0,352.2,351.4,358.5,371.6,378.7,373.4,374.0,379.4,395.6,404.8,428.1,451.4,475.1,477.9,485.9,493.1,490.8,488.9,394.9,388.9,393.5,408.2,408.2,404.5,419.2,410.3,413.0,423.7,428.2,425.9,494.4,496.7,499.1,504.6,503.9,508.6,514.4,520.7,521.3,519.9,516.8,510.0,497.6,508.9,513.2,513.7,514.5,507.7,506.8,503.5,0.01,0.00,0.00,0.00,0.35,0.00,0.00,0.08,1.14,0.00,0.00,1.94,0.00,1.83,0.00,0.49,0.00,1.00,1.00,0.00,0.00,1.00,0.00,0.00,1.00,1.00,0.00,0.00,1.00,0.00,1.00,0.00,0.00,0.00,0.00
138,0,4.567,0.88,1,-0.068025,0.044538,-0.996689,-0.063718,0.023375,-0.997694,-0.066,0.034,699.0,705.7,716.3,724.7,725.8,719.8,708.5,700.2,686.8,692.7,701.5,713.3,724.5,731.0,734.2,726.8,717.9,707.8,699.0,692.1,705.7,710.6,716.8,720.6,719.9,715.0,708.8,705.0,809.6,814.2,824.1,833.5,836.8,832.1,822.2,811.7,795.6,804.2,814.2,824.7,833.3,838.9,842.4,837.7,831.4,823.2,813.2,802.8,816.7,821.4,826.5,828.9,827.3,822.5,817.4,815.0,395.2,386.7,385.6,392.5,403.5,412.9,413.1,406.1,399.1,392.3,389.1,388.8,393.5,401.0,411.1,410.4,408.7,406.8,404.5,402.1,403.4,407.4,406.6,401.6,395.2,391.2,392.0,397.0,416.3,406.5,404.5,411.4,423.3,433.0,435.1,428.9,416.1,411.9,410.4,411.8,416.2,421.9,429.2,432.9,433.5,432.0,428.2,423.5,424.6,428.2,427.2,422.2,416.2,412.6,413.6,418.6,24.5,27.3,31.6,35.0,35.5,33.1,28.5,25.0,19.8,22.0,25.5,30.2,34.8,37.6,39.1,36.0,32.2,28.1,24.6,21.8,27.4,29.4,31.9,33.5,33.1,31.1,28.6,27.0,65.3,67.5,72.0,75.9,77.1,74.8,70.3,66.0,59.9,63.2,67.2,71.5,75.4,78.2,80.2,77.5,74.2,70.5,66.4,62.4,68.4,70.4,72.7,73.9,73.3,71.3,69.0,67.8,14.6,11.1,10.6,13.4,18.0,21.9,22.0,19.2,16.5,13.5,12.1,11.9,13.8,17.0,21.3,20.9,20.2,19.4,18.5,17.6,18.0,19.7,19.4,17.3,14.6,13.0,13.3,15.4,21.7,18.0,17.4,20.2,24.8,28.4,29.0,26.5,21.6,20.0,19.4,20.1,21.9,24.3,27.4,28.6,28.5,27.7,26.2,24.4,25.0,26.4,26.2,24.3,22.0,20.5,20.8,22.7,363.7,363.1,362.2,361.7,361.8,362.7,363.3,363.9,369.2,366.0,362.9,360.8,360.8,362.0,363.7,362.6,361.9,362.3,364.1,366.5,364.2,363.9,363.4,363.0,363.0,363.3,363.8,364.2,336.8,339.2,341.9,343.5,342.9,340.6,337.8,336.3,336.8,337.0,337.6,339.0,341.2,344.0,346.7,342.9,339.3,336.5,335.4,335.7,338.8,339.5,340.9,342.1,342.4,341.6,340.3,339.1,67.3,64.7,523.3,-0.079,0.139,0.192,647.3,644.3,642.5,639.9,642.5,654.8,673.3,697.6,724.9,753.3,782.4,810.6,834.7,853.3,866.5,876.8,884.5,664.5,683.7,707.5,729.8,749.5,789.7,810.6,831.4,853.6,871.3,767.3,763.4,759.5,755.7,724.1,737.2,750.7,765.2,778.2,687.3,703.9,721.9,734.1,716.8,698.7,795.6,814.6,832.1,844.1,831.0,813.4,690.3,714.7,734.1,746.4,762.0,778.4,798.1,775.1,757.1,741.3,727.7,709.5,697.4,730.9,744.2,759.8,790.3,759.9,744.5,731.2,396.6,426.5,455.8,485.7,514.8,542.4,567.0,586.3,593.9,594.6,585.0,571.1,551.0,523.7,493.2,463.0,431.8,366.5,353.9,353.8,360.8,373.6,380.8,376.2,376.8,382.0,397.8,407.3,430.6,454.0,477.6,480.2,488.2,495.3,493.3,491.6,396.0,389.9,394.7,410.1,410.1,406.1,421.3,411.9,414.8,425.8,430.6,428.3,497.1,498.7,500.5,506.3,505.7,511.0,517.7,522.3,522.0,520.3,517.0,510.9,500.1,510.9,515.3,516.2,517.4,507.8,506.6,503.2,0.01,0.00,0.00,0.00,0.45,0.00,0.00,0.13,1.62,0.00,0.00,2.90,0.00,2.71,0.00,0.76,0.00,1.00,1.00,0.00,0.00,1.00,0.00,0.00,1.00,0.00,0.00,0.00,1.00,0.00,1.00,0.00,0.00,0.00,0.00
139,0,4.600,0.88,1,-0.091022,0.052916,-0.994442,-0.050952,0.026140,-0.998359,-0.071,0.040,699.5,706.1,716.6,724.7,725.7,719.7,708.6,700.5,688.7,694.0,702.0,713.4,724.5,731.1,734.3,726.7,717.7,708.0,699.8,693.6,706.3,711.0,717.0,720.7,720.1,715.4,709.4,705.7,809.8,814.5,824.4,833.7,837.0,832.3,822.4,812.0,795.3,804.0,814.1,824.7,833.3,839.0,842.2,837.7,831.4,823.2,813.2,802.6,816.9,821.6,826.6,829.0,827.4,822.7,817.7,815.3,395.5,386.9,385.9,393.0,404.2,413.7,413.8,406.7,399.6,392.6,389.3,388.9,393.5,401.1,411.7,410.7,409.1,407.2,404.8,402.4,403.8,407.9,407.2,402.2,395.8,391.8,392.5,397.5,416.6,406.7,404.7,411.8,423.8,433.7,435.8,429.4,416.6,412.1,410.5,411.9,416.3,422.1,429.6,433.3,434.0,432.5,428.6,423.9,425.0,428.6,427.6,422.6,416.6,413.0,414.0,419.0,24.9,27.6,31.8,35.1,35.5,33.1,28.6,25.3,20.6,22.7,25.8,30.3,34.9,37.7,39.2,36.0,32.2,28.2,25.0,22.5,27.7,29.6,32.1,33.6,33.3,31.4,29.0,27.4,64.6,66.9,71.3,75.2,76.4,74.1,69.7,65.3,59.1,62.4,66.4,70.8,74.6,77.4,79.3,76.6,73.4,69.7,65.6,61.7,67.7,69.7,71.9,73.1,72.5,70.6,68.3,67.2,14.8,11.2,10.7,13.7,18.3,22.3,22.4,19.5,16.8,13.7,12.2,11.9,13.8,17.0,21.5,21.0,20.3,19.6,18.7,17.8,18.3,20.0,19.7,17.6,14.9,13.2,13.6,15.7,21.6,17.9,17.3,20.1,24.7,28.4,28.9,26.4,21.5,19.8,19.2,19.9,21.7,24.2,27.3,28.4,28.4,27.6,26.0,24.2,24.9,26.3,26.1,24.2,21.9,20.5,20.8,22.6,365.6,364.6,363.3,362.4,362.4,363.6,364.8,365.7,370.8,367.5,364.2,361.7,361.2,362.1,363.6,362.9,362.5,363.3,365.4,368.0,365.7,365.2,364.4,363.9,363.9,364.5,365.2,365.7,333.0,335.4,338.2,339.9,339.4,337.0,334.2,332.5,332.9,333.1,333.8,335.2,337.5,340.4,343.1,339.3,335.7,332.8,331.6,331.8,335.1,335.9,337.3,338.5,338.7,337.9,336.5,335.3,67.6,64.9,524.1,-0.084,0.139,0.196,648.6,645.4,643.4,640.5,642.6,654.3,672.9,697.7,725.2,753.4,782.5,810.9,835.0,853.7,867.1,877.6,885.5,665.1,684.1,708.2,730.6,750.3,789.2,810.8,832.2,854.8,872.1,767.1,763.4,759.5,755.7,724.5,737.5,750.8,765.1,778.0,688.1,704.5,722.5,734.6,717.4,699.2,795.7,814.5,832.0,844.0,830.9,813.2,692.2,716.0,734.7,746.8,762.0,777.7,796.5,774.6,757.5,742.1,728.8,711.2,699.5,731.4,744.4,759.6,788.7,760.2,745.3,732.2,396.8,426.2,455.1,484.5,513.4,541.0,565.7,585.4,593.2,594.1,584.9,571.6,552.1,524.9,494.2,463.4,431.9,366.8,353.8,353.8,361.2,374.3,381.3,376.5,377.1,382.8,399.4,408.2,431.1,454.1,477.4,480.4,488.3,495.2,493.3,491.8,396.2,390.0,394.9,410.5,410.5,406.5,421.7,412.1,415.0,426.1,431.1,428.7,499.1,499.6,500.7,506.5,505.8,511.5,519.0,522.4,521.5,519.8,516.6,511.3,501.7,511.7,516.0,516.9,518.3,506.9,505.6,502.4,0.09,0.03,0.00,0.08,0.27,0.00,0.00,0.12,1.45,0.00,0.00,3.02,0.00,2.61,0.00,0.69,0.00,1.00,1.00,0.00,0.00,0.00,0.00,0.00,0.00,0.00,0.00,0.00,1.00,0.00,1.00,0.00,0.00,0.00,0.00
140,0,4.633,0.88,1,-0.041412,0.093346,-0.994772,-0.001585,0.050059,-0.998745,-0.022,0.072,705.4,711.2,720.2,727.2,728.1,722.7,713.2,706.2,692.4,699.6,708.7,718.9,727.5,732.7,735.2,728.5,720.2,711.8,703.6,696.8,712.2,715.2,719.2,721.7,721.3,718.3,714.4,711.8,813.3,817.9,827.7,837.1,840.4,835.8,825.9,815.4,796.3,805.7,816.5,827.8,836.8,842.3,845.0,841.2,835.2,826.8,815.9,804.2,820.6,824.9,829.4,831.6,830.0,825.8,821.3,819.1,399.5,392.2,391.1,396.8,406.1,414.3,414.6,408.8,400.5,394.0,390.7,390.7,396.0,403.9,414.1,416.2,415.5,414.0,410.9,406.6,405.6,408.2,407.7,404.5,400.4,397.9,398.4,401.6,419.9,409.1,406.6,413.9,426.7,437.6,440.1,433.6,418.6,414.2,412.4,413.7,418.4,424.5,432.4,436.0,436.3,434.6,430.6,426.0,428.1,431.4,430.3,425.4,419.5,416.1,417.3,422.2,30.5,33.2,37.4,40.6,41.0,38.5,34.1,30.8,24.7,27.9,32.0,36.6,40.6,43.1,44.5,41.2,37.2,33.3,29.6,26.6,33.7,35.1,36.9,38.1,38.0,36.5,34.7,33.5,62.1,64.2,68.5,72.3,73.5,71.3,67.1,62.9,56.0,59.4,63.5,67.9,71.8,74.5,76.2,73.9,70.8,67.1,62.9,58.7,65.3,67.1,69.0,70.0,69.5,67.7,65.8,64.8,18.4,15.0,14.5,17.2,21.5,25.3,25.4,22.7,19.1,15.9,14.3,14.3,16.7,20.5,25.3,26.2,25.8,25.1,23.7,21.8,21.3,22.5,22.2,20.7,18.9,17.7,17.9,19.4,21.5,17.7,17.0,19.8,24.5,28.3,28.9,26.4,21.0,19.4,18.8,19.4,21.3,23.7,26.9,27.9,27.7,26.8,25.2,23.6,24.6,25.9,25.6,23.9,21.7,20.5,20.8,22.5,407.9,408.0,408.0,407.6,407.3,407.3,407.2,407.5,412.6,409.9,407.3,405.7,406.1,407.4,409.0,407.4,406.1,405.9,407.1,409.5,408.3,408.2,408.1,408.2,408.4,408.5,408.5,408.5,313.8,316.0,319.1,321.1,321.0,318.8,315.7,313.6,313.4,313.7,314.6,316.4,319.1,322.2,325.2,321.4,317.5,314.4,312.8,312.6,316.3,317.3,318.7,319.7,319.8,318.8,317.4,316.4,69.1,65.8,527.0,-0.068,0.125,0.205,645.4,643.3,642.4,640.2,642.9,655.0,673.4,698.4,725.6,753.5,782.6,811.2,835.2,854.0,868.0,879.7,888.9,666.0,686.1,710.9,734.0,754.3,792.4,813.6,834.8,857.6,875.7,770.5,766.8,763.0,759.1,727.5,740.5,753.6,767.5,780.2,691.0,708.2,726.6,738.0,720.9,702.2,798.2,816.9,834.7,846.5,833.4,815.5,694.9,719.1,737.4,749.0,763.7,778.5,796.7,775.4,759.2,744.5,731.5,714.4,702.3,733.9,746.4,761.2,788.9,761.9,747.6,734.9,395.5,425.1,453.7,482.9,511.4,539.0,563.9,583.8,591.7,592.8,584.6,571.7,552.2,525.5,495.3,465.1,433.8,367.9,354.5,354.6,362.2,375.6,382.7,378.0,378.8,384.2,401.1,410.3,432.7,455.1,477.8,481.3,489.1,496.0,494.4,493.2,398.0,391.9,397.0,413.3,413.6,409.2,424.3,414.3,417.3,429.0,434.5,432.1,500.0,500.3,501.4,507.1,506.5,512.5,520.6,522.9,521.3,519.4,516.3,511.4,502.5,512.1,516.4,517.3,519.5,507.5,506.1,502.9,0.24,0.19,0.00,0.08,0.10,0.00,0.00,0.06,1.38,0.00,0.00,3.02,0.00,2.50,0.00,0.42,0.00,1.00,1.00,0.00,0.00,0.00,0.00,0.00,0.00,0.00,0.00,0.00,1.00,0.00,1.00,0.00,0.00,0.00,0.00
141,0,4.667,0.88,1,0.047315,0.058056,-0.997191,-0.095570,0.042436,-0.994518,-0.024,0.050,710.7,716.5,725.3,732.0,732.8,726.9,718.2,711.4,692.6,703.2,713.7,724.1,731.5,735.2,736.0,730.9,725.1,717.4,708.7,700.0,714.9,718.4,722.9,725.9,725.5,722.0,717.4,714.5,818.5,823.2,832.5,841.0,843.8,839.1,829.8,820.2,806.7,814.5,823.6,833.7,841.8,847.0,849.8,845.4,839.5,831.8,822.7,813.4,825.4,829.5,833.9,836.1,834.8,830.8,826.4,824.1,395.3,385.9,385.2,393.6,406.2,416.7,416.3,407.9,392.5,390.3,390.5,392.7,397.7,404.3,412.8,416.3,416.3,414.1,408.7,401.6,404.6,408.9,408.6,403.8,397.3,393.0,393.3,398.1,421.5,412.1,409.7,415.9,426.8,436.3,438.6,433.2,424.0,417.8,414.6,415.0,418.9,424.5,431.9,435.4,436.4,435.7,433.1,429.5,428.5,431.4,430.3,425.8,420.6,417.7,418.8,423.3,26.4,28.7,32.4,35.2,35.4,33.0,29.4,26.7,19.5,23.5,27.5,31.5,34.6,36.2,36.7,34.5,31.9,28.8,25.5,22.2,28.1,29.6,31.4,32.7,32.5,31.1,29.2,28.0,75.1,77.5,81.9,85.9,87.1,84.7,80.2,75.8,70.1,73.4,77.3,81.9,85.8,88.8,90.6,87.9,84.6,80.7,76.7,72.8,78.5,80.4,82.5,83.6,83.1,81.2,79.1,78.0,13.2,9.7,9.6,12.8,17.6,21.5,21.2,17.9,12.1,11.3,11.4,12.2,14.3,16.8,20.2,21.3,21.1,20.1,18.1,15.4,16.8,18.5,18.4,16.7,14.2,12.5,12.6,14.3,25.9,22.0,21.2,23.9,28.6,32.4,33.2,30.8,26.9,24.3,23.0,23.2,25.0,27.7,31.0,32.3,32.4,31.9,30.7,29.2,29.0,30.3,29.9,28.1,25.8,24.6,25.0,26.8,326.5,328.9,332.1,334.3,334.2,332.2,328.7,326.5,325.1,325.3,326.1,327.9,330.7,333.1,335.0,331.6,328.0,325.3,324.3,324.3,329.0,330.1,331.7,332.9,333.0,331.9,330.2,329.0,368.2,370.0,372.4,374.0,373.9,372.1,369.7,368.2,367.9,367.9,368.5,369.8,372.2,375.3,378.0,374.5,371.0,368.3,367.2,367.3,370.4,371.1,372.3,373.1,373.2,372.4,371.3,370.5,71.8,66.4,530.0,-0.049,0.114,0.217,647.5,645.4,644.3,641.8,644.2,656.7,674.9,699.1,725.5,753.4,782.8,812.1,837.1,857.1,871.8,883.6,892.9,670.2,691.4,716.8,740.1,760.6,799.0,819.4,839.6,861.9,880.3,777.1,773.2,769.3,765.4,732.3,745.5,758.7,772.7,785.3,694.5,712.0,730.1,741.1,724.0,705.8,805.0,823.2,840.7,852.0,839.2,821.7,697.3,722.0,740.7,752.5,767.6,782.0,799.3,778.5,762.3,747.3,734.0,716.6,704.6,736.9,749.8,764.8,791.9,765.5,750.8,737.7,395.5,425.5,454.1,482.8,511.0,538.0,561.9,581.5,589.9,591.6,583.2,570.7,551.7,525.5,495.9,466.4,436.1,365.5,352.9,353.6,361.6,375.3,383.5,379.1,379.6,383.5,398.9,410.7,433.5,456.4,479.4,481.6,489.7,497.0,495.7,494.5,396.4,391.0,396.4,412.6,412.5,407.6,425.3,415.8,418.7,430.3,435.6,433.1,499.4,500.3,502.3,508.4,508.3,514.4,522.4,524.1,522.4,520.1,516.5,510.9,502.1,512.5,517.3,518.7,521.5,509.5,507.8,504.3,0.41,0.35,0.00,0.08,0.00,0.00,0.00,0.05,1.37,0.00,0.00,3.03,0.00,2.38,0.00,0.15,0.00,1.00,1.00,0.00,0.00,0.00,0.00,0.00,0.00,0.00,0.00,0.00,1.00,0.00,1.00,0.00,0.00,0.00,0.00
142,0,4.700,0.88,1,0.044525,0.067629,-0.996716,-0.105327,0.051573,-0.993099,-0.031,0.060,710.9,716.7,725.6,732.3,732.9,726.9,718.2,711.5,692.8,703.3,713.8,724.2,731.6,735.3,736.0,731.0,725.2,717.5,708.8,700.1,715.1,718.5,723.1,726.0,725.7,722.2,717.7,714.8,819.0,823.6,832.9,841.3,843.9,839.3,830.1,820.6,807.2,814.8,823.9,834.0,842.1,847.2,849.8,845.7,839.9,832.3,823.2,813.9,825.8,829.8,834.1,836.3,835.1,831.1,826.8,824.6,395.6,386.3,385.6,393.8,406.2,416.6,416.2,408.0,392.9,390.5,390.6,392.7,397.7,404.2,412.7,416.1,416.1,413.9,408.6,401.7,404.6,408.8,408.4,403.8,397.5,393.3,393.7,398.4,421.7,412.3,410.0,416.1,427.1,436.5,438.8,433.3,424.5,418.1,414.9,415.1,419.0,424.6,432.0,435.3,436.3,435.6,433.0,429.7,428.6,431.5,430.4,426.0,420.8,418.0,419.0,423.4,26.9,29.3,33.0,35.8,36.0,33.5,29.9,27.1,20.0,23.9,28.0,32.1,35.2,36.9,37.4,35.1,32.5,29.3,25.9,22.7,28.7,30.1,32.0,33.2,33.1,31.7,29.8,28.6,75.5,77.8,82.3,86.3,87.4,85.0,80.5,76.2,70.5,73.7,77.6,82.2,86.2,89.1,90.9,88.3,85.0,81.2,77.1,73.2,78.9,80.7,82.8,83.9,83.4,81.5,79.4,78.3,13.5,10.0,9.9,13.1,17.9,21.8,21.5,18.2,12.4,11.5,11.6,12.4,14.5,17.1,20.5,21.6,21.4,20.4,18.3,15.7,17.0,18.7,18.7,16.9,14.5,12.9,12.9,14.7,26.0,22.2,21.3,24.0,28.7,32.6,33.4,30.9,27.2,24.5,23.2,23.3,25.2,27.8,31.2,32.4,32.5,31.9,30.7,29.3,29.1,30.4,30.0,28.2,26.0,24.7,25.1,26.9,332.0,334.2,337.3,339.5,339.5,337.6,334.1,331.9,330.7,330.9,331.5,333.4,336.1,338.5,340.5,337.1,333.5,330.9,329.8,329.9,334.4,335.5,337.1,338.2,338.3,337.2,335.6,334.5,369.1,370.9,373.3,375.0,374.9,373.1,370.7,369.1,368.7,368.8,369.5,370.8,373.3,376.4,379.1,375.8,372.2,369.5,368.2,368.2,371.3,372.1,373.3,374.1,374.1,373.4,372.2,371.4,72.1,66.3,529.9,-0.044,0.121,0.215,648.2,645.8,644.4,641.7,644.3,657.0,675.3,699.2,725.8,754.4,784.7,814.7,839.9,859.8,874.0,885.3,894.2,670.9,692.0,717.2,740.4,760.8,799.6,820.0,840.3,862.5,880.6,777.4,773.5,769.6,765.6,732.7,745.8,759.0,773.1,785.7,694.9,712.2,730.2,741.0,724.1,706.0,805.6,823.5,841.1,852.4,839.5,822.1,697.5,722.2,740.9,752.9,768.3,782.9,800.3,779.4,762.9,747.6,734.1,716.8,704.8,737.0,750.2,765.4,792.9,766.2,751.2,737.9,394.6,425.0,453.9,482.8,510.9,537.4,560.6,580.1,588.6,590.8,582.5,570.0,550.9,524.5,494.9,465.4,435.2,365.0,352.6,353.4,361.6,375.3,383.6,379.1,379.5,383.3,398.6,411.0,433.7,456.4,479.3,481.8,490.0,497.2,496.0,494.7,396.4,391.2,396.6,412.6,412.5,407.6,425.5,416.0,418.9,430.4,435.5,433.1,499.6,500.5,502.6,508.8,508.8,514.8,522.8,524.2,522.5,520.1,516.3,510.8,502.4,513.2,518.0,519.5,521.9,509.4,507.7,504.0,0.54,0.57,0.00,0.06,0.06,0.00,0.00,0.09,1.46,0.00,0.00,2.78,0.00,2.19,0.00,0.00,0.00,1.00,1.00,0.00,0.00,0.00,0.00,0.00,0.00,0.00,0.00,0.00,1.00,0.00,1.00,0.00,0.00,0.00,0.00
143,0,4.733,0.88,1,0.062979,0.069671,-0.995580,-0.106416,0.083010,-0.990851,-0.022,0.077,713.2,718.7,727.0,733.2,733.7,727.9,719.9,713.7,691.9,703.5,714.7,725.7,733.1,736.4,737.0,732.3,726.8,719.2,710.2,700.8,716.7,719.9,724.2,727.0,726.7,723.5,719.2,716.4,820.8,825.6,834.8,843.0,845.5,840.7,831.5,822.3,808.7,816.2,825.2,835.3,843.6,849.0,852.0,847.5,841.3,833.5,824.4,815.2,827.7,831.5,835.8,838.1,836.9,833.1,828.8,826.5,394.9,385.4,384.9,393.8,406.8,417.4,416.7,407.8,392.0,390.1,390.4,392.7,398.1,405.0,413.7,417.0,416.6,414.3,408.7,401.5,404.5,409.0,408.8,404.1,397.5,393.1,393.3,398.0,422.5,413.6,411.5,417.5,428.1,437.0,439.0,433.7,424.4,418.5,415.4,415.5,419.4,425.2,432.8,435.9,436.6,435.7,433.1,429.8,429.2,432.0,431.1,426.9,422.0,419.2,420.2,424.3,26.1,28.3,31.7,34.2,34.3,32.0,28.7,26.3,18.4,22.6,26.6,30.7,33.7,35.1,35.6,33.5,31.1,28.2,24.8,21.5,27.6,28.9,30.6,31.7,31.6,30.3,28.6,27.5,78.5,80.9,85.4,89.3,90.4,87.9,83.4,79.1,73.2,76.5,80.4,85.1,89.2,92.3,94.3,91.4,87.9,83.9,79.8,75.9,81.9,83.7,85.8,87.0,86.5,84.7,82.5,81.4,12.4,9.1,9.1,12.4,17.1,20.9,20.4,17.1,11.3,10.7,10.8,11.7,13.8,16.4,19.7,20.7,20.3,19.3,17.3,14.7,16.0,17.7,17.7,16.1,13.7,12.0,12.0,13.7,27.1,23.4,22.6,25.3,29.9,33.7,34.4,32.0,28.0,25.4,24.0,24.2,26.0,28.8,32.4,33.5,33.5,32.9,31.6,30.2,30.2,31.5,31.2,29.4,27.2,26.0,26.3,28.1,312.5,315.0,318.4,320.7,320.5,318.3,314.6,312.3,310.5,310.7,311.6,313.5,316.3,318.9,321.0,317.4,313.7,311.0,309.7,309.7,314.9,316.1,317.8,319.0,319.1,318.0,316.3,315.0,379.8,381.5,383.7,385.0,384.8,383.1,380.9,379.6,379.8,379.7,379.9,381.0,383.3,386.3,389.1,385.6,382.1,379.6,378.6,378.9,381.7,382.4,383.4,384.2,384.3,383.7,382.7,381.9,72.3,66.3,526.3,-0.023,0.127,0.215,649.6,646.9,645.4,642.8,645.6,658.6,677.0,699.9,726.4,755.6,786.4,816.9,842.2,862.1,876.2,887.0,895.3,673.4,694.7,719.7,742.7,762.8,802.7,822.7,842.6,864.1,881.4,779.9,775.9,771.9,767.9,734.7,747.6,760.5,774.4,786.6,696.0,713.3,731.2,742.0,725.0,707.1,807.2,825.3,842.8,853.9,841.1,823.7,698.3,722.4,740.8,753.2,769.2,783.7,800.5,779.5,762.6,746.7,732.8,716.1,705.3,736.7,750.3,766.2,793.3,766.6,750.9,737.1,394.7,425.1,454.3,483.2,511.1,537.3,560.0,579.3,588.4,591.0,582.1,569.1,549.8,523.8,494.8,465.7,435.9,363.8,352.3,353.2,361.4,375.0,383.2,378.7,379.1,382.9,397.8,411.5,434.7,457.9,481.2,483.5,491.6,498.9,498.2,497.0,396.3,391.3,396.7,413.1,412.7,407.6,426.1,416.4,419.2,430.8,436.1,433.7,500.3,501.5,504.1,510.8,511.0,517.2,524.9,526.6,525.2,522.6,518.1,511.5,503.1,514.6,519.9,521.8,524.0,512.1,510.2,506.1,0.57,0.56,0.00,0.13,0.12,0.00,0.00,0.08,1.45,0.00,0.00,2.55,0.01,2.05,0.00,0.00,0.00,1.00,1.00,0.00,0.00,0.00,0.00,0.00,0.00,0.00,0.00,0.00,1.00,0.00,1.00,0.00,0.00,0.00,0.00
144,0,4.767,0.88,1,0.075932,0.070306,-0.994631,-0.125768,0.125773,-0.984055,-0.025,0.099,714.9,720.2,728.2,734.3,734.8,729.2,721.4,715.4,692.1,704.0,715.6,727.1,734.5,737.6,738.0,733.5,728.2,720.6,711.4,701.6,718.5,721.5,725.4,728.0,727.7,724.7,720.8,718.2,823.6,828.5,837.5,845.4,847.5,842.7,833.7,824.9,812.8,819.7,828.0,837.8,845.9,851.2,854.0,849.5,843.4,835.9,827.2,818.6,830.3,834.0,838.2,840.4,839.4,835.7,831.5,829.3,394.8,385.5,385.3,394.1,407.0,417.4,416.5,407.7,392.6,390.5,390.6,392.8,398.3,405.5,414.4,417.3,416.7,414.4,408.9,401.9,404.4,408.7,408.6,404.1,397.9,393.6,393.7,398.2,424.1,415.8,414.0,419.7,429.7,438.0,439.8,434.7,425.8,419.5,416.3,416.4,420.4,426.2,434.1,436.7,437.2,436.2,433.6,430.5,430.5,433.2,432.4,428.5,423.9,421.2,422.1,425.9,26.7,28.8,32.0,34.4,34.6,32.3,29.2,26.8,18.4,22.6,26.8,31.1,34.0,35.4,35.8,33.8,31.5,28.5,25.2,21.7,28.2,29.3,30.9,32.0,31.9,30.7,29.1,28.1,85.1,87.7,92.3,96.3,97.3,94.6,90.0,85.7,80.2,83.4,87.3,92.0,96.3,99.4,101.3,98.5,94.8,90.8,86.6,82.7,88.6,90.5,92.6,93.8,93.4,91.6,89.4,88.2,12.4,9.2,9.2,12.5,17.1,20.8,20.3,17.0,11.5,10.8,10.8,11.7,13.8,16.5,19.9,20.7,20.2,19.3,17.3,14.8,15.9,17.5,17.6,16.0,13.8,12.2,12.1,13.7,29.7,26.0,25.3,28.0,32.7,36.4,37.1,34.6,30.5,27.6,26.1,26.2,28.2,31.2,35.1,36.1,36.0,35.3,34.1,32.7,32.9,34.1,33.8,32.1,29.9,28.6,29.0,30.7,311.5,314.1,317.5,319.7,319.5,317.2,313.5,311.3,309.4,309.4,310.3,312.2,315.0,317.7,319.8,316.2,312.4,309.8,308.5,308.4,314.0,315.0,316.7,317.9,318.0,317.0,315.3,314.1,405.8,407.3,409.2,410.4,410.1,408.5,406.6,405.6,406.3,406.1,406.3,407.2,409.2,412.0,414.3,411.2,407.9,405.6,404.8,405.3,407.6,408.1,409.0,409.7,409.8,409.3,408.4,407.7,73.4,66.9,525.7,-0.004,0.124,0.218,651.1,648.3,646.4,643.8,646.6,659.9,678.1,700.6,727.3,757.0,788.1,818.9,844.4,864.4,878.2,888.6,896.5,675.7,697.5,722.6,745.5,765.6,806.0,826.1,845.7,866.9,883.7,782.8,778.8,774.7,770.6,736.6,749.6,762.6,776.8,789.3,697.2,714.5,732.2,742.9,726.0,708.3,810.4,828.1,845.5,856.3,843.6,826.5,698.9,723.3,741.8,754.5,770.9,785.7,802.4,781.5,764.2,747.9,733.7,717.0,705.9,737.6,751.6,767.9,795.3,768.4,752.3,738.2,393.3,424.3,454.0,483.1,511.2,537.3,559.5,579.0,588.5,591.6,582.5,569.3,549.9,524.0,495.3,466.2,436.7,363.1,352.3,353.5,361.7,375.4,383.8,379.4,380.0,383.6,398.1,412.4,435.8,459.2,482.7,484.8,493.3,500.8,500.2,499.0,396.6,391.7,397.2,413.3,412.9,407.8,427.0,417.4,420.3,431.9,436.9,434.5,502.3,503.9,507.0,514.0,514.4,520.4,527.9,529.0,527.5,524.6,519.8,513.0,505.3,517.4,523.0,525.0,527.1,514.9,512.8,508.5,0.61,0.64,0.01,0.20,0.13,0.00,0.00,0.04,1.41,0.00,0.00,2.19,0.01,1.87,0.00,0.00,0.00,1.00,1.00,0.00,0.00,0.00,0.00,0.00,0.00,0.00,0.00,0.00,1.00,0.00,0.00,0.00,0.00,0.00,0.00
145,0,4.800,0.88,1,0.045101,0.017785,-0.998824,-0.139110,0.164775,-0.976472,-0.048,0.092,715.0,720.0,728.3,735.0,736.2,731.0,722.9,716.2,693.4,704.8,716.3,727.9,735.5,738.6,739.2,735.0,729.7,722.1,712.8,702.9,719.0,722.5,726.9,729.5,728.8,725.3,720.9,718.3,824.8,829.8,838.9,846.8,848.9,843.9,834.7,825.9,813.7,821.1,829.6,839.4,847.5,852.8,855.7,850.9,844.6,837.0,828.1,819.4,831.5,835.2,839.4,841.7,840.8,837.1,832.9,830.5,393.9,384.7,384.4,393.2,405.8,416.2,415.3,406.5,393.9,391.3,391.0,393.1,398.9,406.4,415.5,417.8,416.9,414.4,409.2,402.6,403.7,408.2,408.1,403.3,396.8,392.3,392.4,397.2,425.2,416.7,414.7,420.3,430.3,438.8,440.9,435.8,424.3,419.1,416.6,417.2,421.2,426.7,434.2,437.3,438.0,436.9,433.9,430.1,431.4,434.0,433.1,429.1,424.5,421.9,422.8,426.8,26.7,28.7,32.0,34.6,35.0,32.9,29.6,27.0,18.8,22.9,27.1,31.3,34.3,35.8,36.2,34.3,32.0,29.0,25.6,22.1,28.3,29.6,31.4,32.4,32.2,30.8,29.1,28.0,85.0,87.5,92.1,96.1,97.1,94.5,89.8,85.5,80.1,83.3,87.3,91.9,96.2,99.3,101.4,98.3,94.6,90.6,86.3,82.4,88.5,90.3,92.5,93.7,93.2,91.4,89.2,88.0,12.0,8.9,8.8,12.1,16.7,20.3,19.7,16.5,12.0,11.0,11.0,11.8,14.0,16.8,20.2,20.9,20.3,19.2,17.3,15.0,15.6,17.3,17.3,15.7,13.3,11.7,11.7,13.3,30.0,26.2,25.3,28.0,32.7,36.5,37.3,34.9,29.6,27.2,26.1,26.4,28.4,31.1,34.9,36.0,36.1,35.4,33.9,32.2,33.0,34.3,33.9,32.1,29.9,28.7,29.1,30.8,310.9,313.5,316.8,318.9,318.4,316.1,312.5,310.5,309.0,309.1,310.1,312.0,314.8,317.3,319.2,315.7,312.0,309.4,308.1,308.1,313.0,314.1,315.8,317.1,317.4,316.3,314.6,313.3,402.4,403.6,405.4,406.7,406.7,405.4,403.7,402.5,403.2,402.7,402.7,403.5,405.6,408.5,411.3,407.9,404.7,402.4,401.5,402.1,404.3,404.9,405.7,406.3,406.3,405.7,404.9,404.3,73.6,67.0,521.4,0.014,0.127,0.217,652.5,649.6,647.6,644.9,647.8,661.1,679.4,701.9,728.8,758.9,790.3,821.2,846.9,867.0,880.9,891.2,898.9,677.8,699.5,724.4,747.4,767.5,807.2,827.7,847.7,868.9,885.6,784.3,780.4,776.4,772.4,738.3,751.2,764.1,778.1,790.5,698.5,715.6,733.3,744.2,727.3,709.7,811.9,829.5,846.8,857.7,844.9,827.8,700.0,724.0,742.4,755.4,772.3,787.0,803.4,782.7,765.3,748.6,734.1,717.7,707.2,738.0,752.4,769.0,796.3,769.7,753.2,738.8,393.2,423.5,452.5,481.3,509.2,535.5,558.4,578.9,589.1,592.5,583.1,569.5,550.1,524.3,495.5,466.2,436.3,362.4,352.4,353.9,362.5,376.1,384.3,379.8,380.5,384.6,399.1,413.1,436.4,459.9,483.3,485.9,494.4,502.0,501.7,500.6,396.8,392.3,397.6,413.6,413.2,408.2,427.2,417.9,420.9,432.3,437.3,434.8,504.7,506.4,509.4,516.7,517.1,523.5,531.0,532.1,530.7,527.7,522.5,515.2,507.8,520.2,526.1,528.3,530.1,517.3,515.1,510.4,0.52,0.61,0.15,0.15,0.16,0.00,0.00,0.00,1.27,0.00,0.00,2.03,0.07,1.69,0.00,0.00,0.00,1.00,1.00,0.00,0.00,0.00,0.00,0.00,0.00,0.00,0.00,0.00,1.00,0.00,0.00,0.00,0.00,0.00,0.00
146,0,4.833,0.88,1,0.000641,0.038806,-0.999247,-0.163627,0.198416,-0.966363,-0.083,0.120,718.5,725.1,734.6,741.3,741.4,734.7,725.4,718.7,700.3,710.7,722.4,733.7,741.3,744.5,744.4,739.9,734.3,726.5,717.3,707.8,724.2,726.8,730.5,733.1,733.1,730.5,726.8,724.2,827.4,832.6,841.9,849.9,851.8,846.5,837.2,828.3,816.7,824.3,833.0,842.7,850.6,855.9,858.9,853.7,847.1,839.4,830.6,822.0,834.2,837.8,842.1,844.6,843.7,840.0,835.7,833.3,395.3,385.4,383.6,390.9,403.1,413.8,414.8,407.5,394.8,392.3,392.2,393.6,397.8,403.9,411.9,413.4,413.0,411.1,406.9,401.4,402.2,405.1,404.4,400.5,395.7,392.9,393.6,397.5,425.4,417.0,415.2,421.0,431.2,439.6,441.4,436.1,423.4,418.7,416.7,417.8,422.2,427.9,435.5,438.4,438.7,437.2,433.8,429.6,431.8,434.6,433.7,429.8,425.2,422.5,423.3,427.2,30.2,32.9,36.9,39.8,39.9,37.2,33.2,30.4,23.1,27.1,31.6,36.1,39.5,41.1,41.4,39.3,36.7,33.4,29.7,26.0,32.7,33.9,35.4,36.5,36.4,35.3,33.8,32.7,86.1,88.7,93.4,97.4,98.2,95.5,90.8,86.5,81.3,84.7,88.7,93.3,97.4,100.6,102.6,99.4,95.6,91.5,87.3,83.5,89.6,91.4,93.5,94.8,94.4,92.6,90.4,89.2,13.6,9.8,9.2,12.1,17.0,21.1,21.3,18.3,13.4,12.4,12.4,13.0,14.7,17.3,20.6,21.0,20.6,19.7,18.0,15.9,16.4,17.6,17.4,15.9,14.0,12.8,13.1,14.6,30.0,26.3,25.5,28.3,33.0,36.8,37.5,34.9,29.2,27.0,26.1,26.6,28.8,31.6,35.4,36.4,36.3,35.4,33.8,31.9,33.1,34.4,34.1,32.4,30.2,28.9,29.2,31.0,337.0,338.3,341.1,343.7,344.5,343.5,340.4,337.8,335.9,335.5,335.8,337.6,340.8,344.0,346.8,343.9,340.4,337.7,336.2,335.8,340.2,341.3,342.3,342.9,342.5,341.5,340.4,339.9,401.9,403.2,404.8,405.9,405.8,404.5,402.8,401.9,402.8,402.3,402.2,402.9,404.8,407.5,410.2,406.8,403.7,401.4,400.7,401.5,403.7,404.2,404.9,405.5,405.6,405.1,404.3,403.7,75.4,67.1,519.9,0.025,0.122,0.223,654.7,651.7,649.5,646.4,648.9,662.2,680.9,703.8,731.5,762.6,794.9,825.9,851.0,870.4,883.7,893.9,901.3,681.7,702.6,727.2,750.2,770.8,812.7,832.9,852.4,872.9,888.8,789.1,785.0,780.9,776.8,742.9,755.4,767.9,781.7,793.8,704.3,721.2,738.3,748.8,732.6,715.6,816.0,832.9,849.7,860.2,847.5,831.1,703.4,726.9,745.4,758.6,775.5,789.9,805.4,785.3,768.0,751.3,736.6,720.3,710.4,740.9,755.4,772.1,798.4,772.9,756.3,741.9,391.6,422.4,451.8,480.7,508.9,535.1,557.9,578.4,589.1,592.7,582.5,568.5,548.9,523.3,495.3,466.8,437.7,362.4,352.7,353.8,362.5,376.4,385.7,381.8,382.5,386.5,400.0,413.7,437.3,461.0,484.7,486.7,495.3,502.9,502.8,501.8,396.1,392.1,397.2,412.4,411.9,407.0,426.7,418.4,421.6,432.7,437.0,434.2,505.7,507.4,510.8,518.5,519.2,525.6,533.0,534.3,533.0,529.8,524.2,516.3,508.7,522.0,528.0,530.5,532.2,518.8,516.4,511.5,0.50,0.64,0.30,0.07,0.15,0.02,0.00,0.00,1.21,0.00,0.00,2.02,0.13,1.48,0.00,0.00,0.00,1.00,1.00,0.00,0.00,0.00,0.00,0.00,0.00,0.00,0.00,0.00,1.00,0.00,0.00,0.00,0.00,0.00,0.00
147,0,4.867,0.88,1,-0.020437,0.032021,-0.999278,-0.162930,0.194131,-0.967350,-0.093,0.114,718.5,725.1,734.7,741.5,741.7,734.9,725.5,718.6,701.4,711.7,723.0,734.2,741.9,745.2,745.1,740.3,734.5,726.7,717.7,708.5,724.3,727.0,730.7,733.3,733.3,730.6,726.9,724.3,827.2,832.5,842.0,850.2,852.2,846.9,837.4,828.3,816.6,824.3,833.1,842.9,850.9,856.3,859.3,854.1,847.4,839.7,830.8,822.0,834.2,838.0,842.3,844.7,843.8,840.1,835.8,833.3,395.7,385.9,384.0,391.3,403.3,413.9,414.9,407.7,394.8,392.1,392.1,393.6,397.9,403.9,412.0,414.1,414.0,412.1,407.7,401.8,402.5,405.3,404.6,400.7,396.0,393.2,393.9,397.8,425.4,416.7,414.7,420.5,430.7,439.4,441.5,436.2,423.2,418.4,416.4,417.5,421.7,427.3,434.8,438.0,438.7,437.4,434.0,429.7,431.7,434.4,433.4,429.5,424.8,422.1,423.0,427.0,30.6,33.3,37.3,40.3,40.5,37.7,33.6,30.7,23.9,27.8,32.3,36.8,40.2,41.8,42.1,39.8,37.2,33.8,30.2,26.6,33.2,34.3,35.9,37.0,36.9,35.8,34.2,33.1,84.9,87.6,92.3,96.3,97.2,94.5,89.8,85.5,80.3,83.7,87.7,92.3,96.4,99.5,101.6,98.4,94.6,90.6,86.4,82.5,88.6,90.4,92.5,93.8,93.3,91.5,89.4,88.1,13.9,10.1,9.5,12.4,17.2,21.4,21.6,18.6,13.5,12.5,12.5,13.1,14.9,17.5,20.8,21.5,21.2,20.3,18.5,16.2,16.7,17.9,17.6,16.1,14.3,13.1,13.4,14.9,29.7,25.8,25.0,27.7,32.4,36.3,37.1,34.6,28.8,26.5,25.6,26.1,28.2,30.9,34.6,35.9,35.9,35.1,33.5,31.6,32.7,33.9,33.6,31.8,29.7,28.4,28.8,30.5,341.0,342.3,344.9,347.4,348.2,347.4,344.4,341.9,340.0,339.6,339.9,341.7,344.9,347.9,350.5,347.6,344.2,341.5,340.1,339.8,344.2,345.2,346.2,346.7,346.4,345.4,344.3,343.9,397.0,398.1,399.8,401.0,401.0,399.9,398.2,397.2,398.0,397.3,397.2,397.9,399.8,402.6,405.4,402.2,399.1,396.8,396.1,396.8,398.9,399.5,400.2,400.7,400.7,400.2,399.4,398.9,75.9,67.1,518.6,0.020,0.119,0.212,654.5,651.7,649.8,647.0,649.5,662.8,682.0,705.8,734.7,766.9,799.6,830.4,854.4,872.2,884.5,893.9,900.6,682.0,702.6,727.0,749.9,770.5,812.3,832.4,851.9,872.4,888.1,789.1,785.2,781.3,777.4,743.7,756.5,769.0,782.8,795.0,704.9,721.7,738.9,749.4,733.2,716.1,816.2,833.0,849.9,860.4,847.7,831.3,705.1,728.9,747.5,760.5,777.0,791.7,807.5,787.7,770.6,754.3,739.8,723.1,712.2,743.3,757.5,773.9,800.4,775.1,759.0,744.7,392.5,423.1,452.3,481.0,508.9,535.1,557.9,578.6,589.4,592.7,582.2,567.7,547.7,522.0,494.4,466.7,438.4,362.4,352.5,353.4,362.4,376.6,386.2,381.7,382.3,386.0,399.5,414.0,437.5,461.0,484.5,487.7,496.0,503.4,503.1,501.8,396.5,392.0,397.2,412.8,412.4,407.6,426.7,418.0,421.1,432.4,436.8,434.1,507.7,509.2,512.3,519.6,519.9,526.1,533.4,534.5,533.3,530.5,525.4,518.1,510.6,523.9,529.5,531.6,532.5,519.0,516.9,512.3,0.48,0.72,0.45,0.08,0.25,0.02,0.00,0.00,1.13,0.00,0.00,2.23,0.16,1.38,0.00,0.01,0.00,1.00,1.00,0.00,0.00,0.00,0.00,0.00,0.00,0.00,1.00,0.00,1.00,0.00,0.00,0.00,0.00,0.00,0.00
148,0,4.900,0.88,1,-0.066017,-0.034604,-0.997218,-0.161073,0.178459,-0.970674,-0.115,0.073,718.4,725.1,735.6,743.7,744.6,738.3,727.4,719.4,702.7,710.9,722.3,734.4,744.4,750.6,753.8,747.0,738.3,728.7,718.1,708.8,726.6,729.8,734.1,736.8,736.4,733.2,728.9,726.2,829.3,834.7,844.0,851.8,853.6,848.2,838.9,830.2,819.3,826.9,835.6,845.1,852.8,858.0,860.8,855.7,849.1,841.4,832.8,824.4,836.1,839.7,843.9,846.4,845.6,842.0,837.8,835.3,395.1,386.7,385.5,392.2,402.8,412.0,412.4,405.7,395.1,392.0,391.4,393.4,399.1,406.8,415.3,416.2,414.6,412.3,408.6,402.9,401.5,404.2,403.7,400.3,396.0,393.3,393.8,397.2,425.3,417.0,415.3,421.1,431.1,439.4,441.1,435.8,423.2,418.5,416.6,417.7,422.0,427.6,435.1,438.2,438.6,437.2,433.8,429.4,431.6,434.2,433.5,429.7,425.2,422.5,423.3,427.0,31.3,34.0,38.1,41.4,41.9,39.4,35.0,31.8,25.4,28.5,32.8,37.5,41.6,44.4,46.1,43.1,39.4,35.5,31.3,27.7,34.7,36.0,37.7,38.8,38.6,37.3,35.6,34.5,88.4,91.2,95.9,99.8,100.6,97.8,93.1,88.8,84.0,87.4,91.4,96.0,100.1,103.2,105.2,102.0,98.1,94.0,89.8,86.1,92.0,93.8,95.9,97.2,96.8,95.0,92.9,91.6,14.0,10.7,10.2,12.9,17.1,20.9,21.0,18.3,14.2,12.9,12.5,13.3,15.6,18.8,22.4,22.6,21.9,20.9,19.5,17.3,16.6,17.7,17.5,16.2,14.4,13.3,13.5,14.9,30.5,26.7,26.0,28.8,33.5,37.3,38.0,35.4,29.6,27.4,26.5,27.0,29.1,32.0,35.8,37.0,36.9,36.0,34.4,32.4,33.6,34.9,34.6,32.8,30.7,29.4,29.7,31.4,349.8,349.3,349.2,349.5,350.1,350.9,350.7,350.3,354.8,351.4,348.4,347.2,348.6,351.5,354.5,352.8,351.0,350.2,350.6,352.3,350.9,351.0,351.0,350.8,350.5,350.4,350.4,350.6,408.6,409.7,411.3,412.4,412.3,411.2,409.6,408.7,409.7,409.0,408.9,409.6,411.4,414.2,416.9,413.7,410.6,408.3,407.7,408.4,410.4,410.9,411.6,412.1,412.1,411.6,410.9,410.4,76.1,65.8,509.1,0.006,0.111,0.209,654.9,652.4,650.8,647.9,650.2,663.2,683.6,708.8,739.0,772.2,805.1,835.7,858.8,875.2,886.6,895.2,900.9,683.3,704.3,729.0,752.3,773.2,813.4,833.3,853.2,874.0,890.1,791.6,787.9,784.4,780.8,746.5,759.6,772.4,785.9,798.0,706.5,723.8,741.5,752.7,736.0,718.1,816.9,835.0,852.2,863.2,850.1,833.0,707.8,732.4,751.6,764.0,779.7,794.2,810.8,790.5,773.9,758.4,744.5,727.2,715.0,747.4,761.0,776.7,803.3,778.4,763.1,749.5,392.0,422.2,451.6,480.8,508.7,534.8,557.8,578.5,589.4,592.5,581.9,567.1,546.7,520.9,493.8,466.9,439.2,362.6,352.9,353.8,363.0,377.9,386.7,382.0,382.4,386.2,400.1,414.3,437.7,460.9,484.3,488.5,496.5,503.7,503.5,502.3,396.8,392.3,397.7,414.0,413.4,408.6,427.1,417.9,421.0,432.6,437.3,434.6,507.8,509.9,512.4,519.5,519.4,525.9,532.8,533.7,532.2,529.6,525.1,518.3,510.6,524.5,529.7,531.6,531.9,517.3,515.3,511.2,0.58,0.76,0.45,0.08,0.24,0.02,0.00,0.00,1.06,0.00,0.00,2.41,0.10,1.36,0.00,0.01,0.00,1.00,1.00,0.00,0.00,0.00,0.00,0.00,0.00,0.00,1.00,0.00,1.00,0.00,0.00,0.00,0.00,0.00,0.00
149,0,4.933,0.88,1,-0.046769,0.006923,-0.998882,-0.123614,0.183953,-0.975131,-0.086,0.096,721.7,728.3,738.5,746.3,747.1,740.7,730.3,722.5,707.1,715.8,726.7,737.7,746.2,750.6,751.9,746.4,739.8,731.7,722.7,714.0,728.5,732.0,736.7,739.7,739.4,735.8,731.1,728.1,830.9,836.2,845.6,853.5,855.4,850.1,840.8,831.8,818.6,827.1,836.5,846.3,854.2,859.2,861.6,856.8,850.5,842.8,833.8,824.5,837.5,841.2,845.5,847.9,847.1,843.4,839.1,836.6,395.5,386.9,385.4,391.8,402.5,411.9,412.7,406.2,395.1,392.9,392.8,394.6,399.4,405.9,414.1,413.5,411.9,409.4,405.6,400.7,402.1,405.1,404.4,400.5,395.6,392.6,393.3,397.2,425.0,415.9,413.8,419.8,430.5,439.5,441.7,436.3,422.4,418.3,416.8,418.0,422.3,427.7,434.7,438.1,438.8,437.4,433.8,429.2,431.5,434.3,433.3,429.1,424.2,421.4,422.4,426.6,35.4,38.3,42.8,46.3,46.7,44.0,39.3,35.8,29.2,32.8,37.4,42.1,46.1,48.3,49.2,46.5,43.4,39.7,35.7,32.1,38.5,40.1,42.2,43.5,43.3,41.7,39.6,38.3,82.7,85.3,89.8,93.7,94.6,92.0,87.4,83.2,77.5,81.0,85.2,89.7,93.7,96.7,98.6,95.6,92.0,88.0,83.8,79.8,86.1,87.9,90.0,91.2,90.8,89.0,86.9,85.7,15.4,11.6,11.0,13.9,18.5,22.7,22.9,20.0,15.3,14.2,14.1,14.9,17.1,20.1,23.8,23.4,22.6,21.4,19.7,17.6,18.3,19.7,19.4,17.7,15.5,14.2,14.5,16.2,28.2,24.3,23.5,26.2,31.0,34.8,35.6,33.1,27.1,25.3,24.6,25.2,27.2,29.8,33.2,34.4,34.4,33.6,31.9,29.9,31.2,32.4,32.1,30.3,28.1,26.9,27.2,29.0,378.8,379.0,380.1,381.3,382.0,382.1,380.7,379.4,380.6,378.7,377.3,377.5,379.7,382.4,385.0,382.8,380.4,378.7,378.3,379.1,380.7,381.3,381.8,381.9,381.6,381.0,380.6,380.4,379.1,380.3,382.4,384.1,384.4,383.2,381.1,379.5,379.5,379.1,379.2,380.4,382.9,386.0,389.3,385.7,382.2,379.6,378.4,378.6,381.4,382.2,383.1,383.7,383.6,382.8,381.9,381.3,77.7,65.8,510.6,0.013,0.101,0.205,655.5,653.3,651.8,649.1,651.5,664.8,685.9,712.2,743.4,777.1,809.5,839.0,861.0,876.4,887.2,895.6,901.2,685.1,705.4,730.5,754.4,776.1,814.9,835.2,855.5,876.0,891.0,793.9,790.5,787.3,784.0,749.4,762.6,775.5,788.9,800.9,709.6,726.4,743.5,754.8,738.7,721.4,818.7,836.1,852.7,863.6,850.6,834.2,711.1,735.5,754.7,767.0,782.4,796.8,813.0,793.5,777.4,762.2,748.4,730.9,718.3,750.7,764.2,779.5,805.7,781.7,766.7,753.3,392.1,421.9,450.6,479.1,506.3,532.4,555.7,577.2,588.5,591.3,580.0,565.0,544.5,518.9,492.3,466.2,439.5,363.7,353.3,353.4,362.7,378.0,387.1,382.5,383.2,387.7,401.6,414.4,438.0,461.5,485.2,488.4,496.4,503.8,503.4,501.9,396.5,392.6,397.6,412.9,412.3,407.7,426.4,418.3,421.5,432.3,436.5,433.6,507.7,510.0,512.9,519.9,519.8,526.1,532.4,533.5,532.1,529.5,525.0,518.4,510.5,524.9,530.0,531.9,531.6,516.7,514.8,510.8,0.70,0.94,0.37,0.24,0.18,0.00,0.00,0.00,0.91,0.01,0.00,2.37,0.03,1.32,0.00,0.01,0.00,1.00,1.00,0.00,0.00,0.00,0.00,0.00,0.00,0.00,1.00,0.00,1.00,0.00,0.00,0.00,0.00,0.00,0.00
150,0,4.967,0.88,1,-0.007691,0.002366,-0.999968,-0.097307,0.167865,-0.980996,-0.053,0.086,724.2,730.7,740.1,747.0,747.3,740.7,731.4,724.5,706.9,717.7,729.2,740.2,747.4,750.3,750.2,745.5,739.9,732.1,723.2,714.0,729.3,732.4,736.6,739.5,739.4,736.3,732.1,729.2,833.1,838.3,847.8,855.9,857.9,852.7,843.2,834.1,818.8,827.8,838.0,848.5,856.7,861.8,864.0,859.8,853.4,845.2,835.6,825.4,839.9,843.5,847.6,850.0,849.1,845.5,841.3,839.0,396.8,386.7,384.7,391.9,404.2,415.3,416.4,409.1,395.4,393.5,394.0,396.0,400.5,406.2,413.4,417.5,418.2,416.6,411.7,404.5,404.2,407.4,406.5,402.0,396.5,393.3,394.2,398.7,425.1,415.7,413.5,419.8,430.8,440.2,442.4,436.8,422.9,419.1,417.3,418.1,422.2,427.9,435.1,438.8,439.3,437.7,434.2,429.8,431.7,434.5,433.5,429.4,424.5,421.7,422.7,426.8,31.1,33.6,37.4,40.3,40.5,37.9,34.1,31.3,24.6,28.6,32.9,37.2,40.2,41.7,42.0,39.9,37.3,34.1,30.6,27.2,33.3,34.6,36.3,37.4,37.3,36.0,34.3,33.2,78.8,81.2,85.6,89.4,90.3,87.8,83.4,79.2,73.0,76.6,80.8,85.4,89.5,92.5,94.3,91.5,87.9,83.9,79.7,75.5,82.1,83.8,85.7,86.8,86.4,84.8,82.8,81.7,13.6,9.9,9.2,12.0,16.7,20.8,21.0,18.2,13.0,12.3,12.5,13.4,15.2,17.5,20.4,21.7,21.8,21.0,19.0,16.4,16.5,17.7,17.5,15.8,13.7,12.5,12.7,14.4,26.6,22.8,22.1,24.8,29.4,33.1,33.8,31.4,25.7,24.1,23.4,23.8,25.7,28.3,31.6,32.8,32.7,31.8,30.2,28.5,29.5,30.7,30.3,28.7,26.7,25.5,25.8,27.4,323.0,324.3,327.1,329.7,330.5,329.6,326.4,323.8,321.9,321.8,322.5,324.7,328.0,331.1,333.6,330.7,327.0,324.1,322.4,321.8,326.1,327.2,328.5,329.1,328.7,327.5,326.3,325.7,357.0,358.4,360.6,362.4,362.7,361.3,359.0,357.3,357.3,356.9,357.1,358.5,361.3,364.8,368.5,364.4,360.6,357.8,356.4,356.5,359.4,360.2,361.2,361.8,361.7,360.9,359.9,359.3,79.5,66.2,513.0,0.040,0.089,0.200,656.0,654.2,652.9,650.4,653.0,666.8,688.5,715.3,746.5,779.7,811.5,840.8,862.9,878.4,889.0,897.0,902.4,686.3,707.6,733.2,757.7,779.5,817.3,837.9,858.3,878.7,893.5,796.1,793.2,790.5,787.7,752.7,765.9,778.6,791.7,803.4,710.0,727.0,744.6,755.8,739.5,721.8,820.5,837.9,854.8,865.6,852.7,836.0,714.8,739.4,758.3,770.2,784.9,799.0,814.9,795.8,780.1,765.6,752.3,734.9,722.2,754.4,767.4,782.1,807.8,784.2,769.8,756.9,391.8,420.9,448.9,476.9,503.7,529.7,553.1,575.6,587.1,589.4,577.4,562.3,542.3,517.2,490.9,465.1,438.6,363.6,353.7,354.2,363.4,378.6,386.9,382.2,382.9,387.4,401.3,416.0,439.0,462.0,485.0,489.4,497.1,504.1,503.9,502.5,398.2,394.0,399.1,415.0,414.8,410.1,427.7,418.6,421.7,432.7,437.7,435.1,508.5,510.8,513.7,520.3,520.1,525.9,531.6,533.3,532.3,530.0,525.8,519.1,511.1,525.4,530.2,531.8,530.8,517.7,516.0,512.3,0.83,1.07,0.24,0.33,0.07,0.00,0.00,0.00,0.75,0.13,0.00,2.18,0.00,1.22,0.00,0.00,0.00,1.00,1.00,0.00,0.00,0.00,0.00,0.00,0.00,0.00,1.00,0.00,1.00,0.00,0.00,0.00,0.00,0.00,0.00
151,0,5.000,0.88,1,0.001575,0.000772,-0.999998,-0.089050,0.149063,-0.984810,-0.044,0.075,724.9,731.6,741.0,747.6,747.4,740.5,731.3,724.7,707.4,718.6,730.0,740.9,747.8,750.5,750.1,745.2,739.6,732.0,723.4,714.5,729.4,732.4,736.8,739.9,739.9,736.9,732.6,729.5,832.6,837.7,847.3,855.8,858.1,853.0,843.4,833.9,817.9,827.1,837.5,848.2,856.5,861.7,864.1,859.9,853.4,845.1,835.2,824.9,839.7,843.4,847.7,850.0,848.9,845.2,840.9,838.6,397.3,387.2,385.3,392.7,405.1,416.1,417.1,409.7,395.6,393.8,394.3,396.3,400.6,406.4,413.8,418.5,419.8,418.5,413.3,405.6,404.8,408.3,407.4,402.7,397.1,393.6,394.5,399.2,425.0,415.2,412.7,419.0,430.3,440.1,442.6,436.9,423.6,419.4,417.3,418.0,422.1,427.8,435.0,438.7,439.2,437.7,434.4,430.2,431.7,434.5,433.4,429.0,424.0,421.2,422.3,426.6,30.9,33.5,37.3,40.0,40.1,37.4,33.6,31.0,24.5,28.5,32.7,37.0,39.9,41.3,41.5,39.3,36.8,33.7,30.3,27.0,32.9,34.1,35.9,37.1,37.1,35.8,34.1,32.9,76.8,79.2,83.6,87.5,88.5,86.1,81.6,77.4,71.1,74.6,78.9,83.5,87.5,90.5,92.3,89.6,86.1,82.0,77.8,73.7,80.2,81.9,83.9,85.0,84.5,82.8,80.8,79.8,13.6,10.0,9.3,12.2,16.8,20.9,21.1,18.2,12.9,12.3,12.5,13.3,15.0,17.3,20.3,21.8,22.1,21.4,19.4,16.5,16.5,17.8,17.6,15.9,13.7,12.4,12.7,14.4,25.9,22.1,21.3,23.9,28.5,32.4,33.1,30.7,25.4,23.7,22.9,23.2,25.1,27.7,30.9,32.1,32.0,31.1,29.6,28.0,28.8,30.0,29.6,27.9,25.9,24.7,25.1,26.8,318.8,320.1,323.0,325.7,326.6,325.7,322.4,319.7,317.5,317.5,318.3,320.5,323.8,326.9,329.6,326.7,323.0,320.1,318.3,317.6,322.0,323.2,324.5,325.1,324.7,323.5,322.1,321.5,349.1,350.6,353.0,354.8,355.0,353.5,351.2,349.4,349.5,349.1,349.4,350.7,353.5,357.0,360.6,356.6,352.9,350.1,348.7,348.7,351.6,352.4,353.4,354.1,354.0,353.2,352.1,351.5,80.3,66.3,514.6,0.046,0.085,0.191,655.8,654.0,652.9,650.7,653.9,668.3,690.9,718.4,749.7,782.4,813.6,842.5,864.2,879.3,889.6,897.4,902.6,686.2,707.4,733.2,757.9,779.8,817.1,838.1,858.9,879.2,893.6,795.8,793.0,790.4,787.9,753.2,766.5,779.2,792.2,803.9,710.2,727.3,745.1,756.2,739.9,721.9,820.2,837.5,854.5,865.4,852.6,835.7,717.1,741.6,760.1,771.9,786.6,800.4,816.0,797.7,782.5,768.1,754.8,737.6,724.6,756.4,769.4,783.9,808.8,786.2,772.0,759.1,392.0,421.0,449.0,476.9,503.4,528.9,551.9,573.9,584.8,586.5,574.4,559.9,540.5,515.8,489.9,464.4,438.4,363.9,353.8,354.2,363.3,378.8,386.9,382.1,382.8,387.7,402.0,416.9,439.5,462.0,484.6,489.7,497.1,503.8,503.5,502.1,398.8,394.4,399.6,415.9,415.8,411.1,428.1,418.4,421.4,432.5,437.8,435.5,509.4,511.3,513.5,520.0,519.4,525.1,530.6,532.2,531.8,529.8,525.9,519.7,511.8,525.4,530.0,531.3,529.8,517.1,515.7,512.2,0.99,1.28,0.12,0.52,0.00,0.00,0.00,0.00,0.62,0.24,0.00,1.80,0.00,1.05,0.00,0.00,0.00,1.00,1.00,0.00,0.00,0.00,0.00,0.00,0.00,0.00,1.00,0.00,1.00,0.00,0.00,0.00,0.00,0.00,0.00
152,0,5.033,0.88,1,0.316029,0.162702,-0.934694,-0.160503,0.183543,-0.969820,0.081,0.180,734.2,740.8,750.3,757.3,757.5,750.9,741.4,734.5,713.4,722.1,732.1,741.8,750.0,755.3,757.5,750.8,742.9,734.4,725.7,717.9,739.8,742.9,747.0,749.9,749.8,746.8,742.6,739.7,836.6,841.5,850.3,857.9,859.7,854.8,846.0,837.4,825.4,833.8,843.0,852.6,859.7,863.9,865.6,861.8,856.4,849.7,841.2,832.0,842.7,846.1,850.1,852.4,851.5,848.1,844.1,841.8,399.9,391.4,390.5,397.6,408.7,418.1,418.2,411.0,396.8,394.9,395.1,396.9,401.0,407.2,414.6,418.7,419.2,417.7,412.9,405.8,407.1,410.3,409.8,406.1,401.3,398.1,398.6,402.3,425.0,415.8,413.6,419.7,430.5,439.7,441.9,436.4,423.3,418.8,417.0,418.0,422.1,427.3,434.3,438.0,439.1,438.2,434.9,430.3,431.6,434.3,433.3,429.1,424.2,421.4,422.4,426.6,38.9,41.8,46.0,49.2,49.4,46.5,42.2,39.1,30.4,33.9,38.0,42.1,45.6,48.2,49.4,46.3,42.7,39.0,35.4,32.2,41.5,42.9,44.8,46.0,46.0,44.6,42.7,41.5,84.5,87.0,91.4,95.1,96.1,93.5,89.1,85.0,79.6,83.1,87.2,91.7,95.5,98.2,99.9,97.2,94.0,90.3,86.3,82.3,87.7,89.4,91.4,92.6,92.2,90.5,88.4,87.3,16.5,13.0,12.7,15.8,20.5,24.3,24.2,21.1,15.3,14.4,14.5,15.2,17.0,19.7,22.9,24.5,24.6,23.8,21.8,19.0,19.6,21.0,20.8,19.3,17.3,15.9,16.1,17.6,27.9,24.1,23.3,26.1,30.8,34.7,35.4,32.9,27.2,25.2,24.5,25.0,27.0,29.5,32.9,34.2,34.3,33.7,32.1,30.1,31.0,32.3,31.9,30.1,28.0,26.7,27.1,28.8,361.4,362.6,365.0,367.0,367.5,366.6,363.9,361.9,362.9,361.7,360.9,361.4,363.2,365.5,367.9,365.8,363.2,361.4,361.1,361.9,364.0,364.9,365.9,366.5,366.3,365.4,364.4,363.8,376.1,377.6,380.1,382.1,382.5,381.0,378.5,376.5,375.4,375.3,375.9,377.5,380.5,383.9,387.5,383.5,379.8,376.8,375.2,374.9,378.7,379.6,380.8,381.5,381.3,380.4,379.2,378.6,83.3,67.4,523.1,0.080,0.072,0.190,656.8,655.0,653.8,651.9,655.9,671.6,694.9,721.9,751.5,782.6,812.7,841.4,863.8,880.0,891.3,899.8,905.9,689.5,710.5,736.6,761.6,783.7,821.2,841.5,861.6,882.1,897.2,799.8,796.8,794.1,791.3,757.1,770.0,782.4,795.4,807.1,714.1,731.4,749.0,759.3,743.5,725.9,825.5,841.8,858.6,868.9,856.5,840.1,721.5,745.7,764.1,775.1,788.4,801.6,816.4,798.5,783.8,770.7,758.2,741.3,728.9,760.3,772.4,785.7,809.5,787.5,774.6,762.6,391.9,421.4,449.4,477.3,503.8,529.0,550.9,571.6,581.6,583.0,571.3,557.7,539.1,514.9,488.7,462.7,436.2,364.7,354.2,354.4,363.6,378.9,386.9,382.3,382.9,387.1,400.8,417.1,440.0,462.6,485.2,489.2,496.7,503.3,503.0,501.7,399.2,395.0,400.1,415.9,416.1,411.2,428.0,418.6,421.4,432.2,437.5,435.4,509.9,511.4,513.6,519.8,519.1,524.6,530.1,533.1,533.3,531.5,527.7,521.2,512.2,525.2,529.5,530.6,529.6,518.8,517.5,514.2,1.18,1.49,0.04,0.43,0.00,0.00,0.00,0.00,0.53,0.43,0.00,1.57,0.00,0.93,0.00,0.00,0.00,1.00,1.00,0.00,0.00,0.00,0.00,0.00,0.00,0.00,1.00,0.00,0.00,0.00,1.00,0.00,0.00,0.00,0.00
153,0,5.067,0.93,1,0.311072,0.188422,-0.931521,-0.164992,0.186013,-0.968595,0.077,0.195,734.9,741.3,750.7,757.5,757.7,751.3,741.9,735.1,714.1,722.8,732.9,742.6,750.5,755.8,757.9,751.3,743.4,735.0,726.5,718.8,740.7,743.5,747.4,750.1,750.0,747.1,743.3,740.6,836.6,841.5,850.3,857.9,859.8,855.0,846.2,837.5,825.6,833.9,843.0,852.6,859.7,863.9,865.7,861.8,856.5,849.8,841.4,832.2,842.7,846.2,850.3,852.5,851.6,848.1,844.0,841.8,400.8,392.4,391.3,398.1,408.9,418.1,418.4,411.6,397.0,395.0,395.2,396.9,401.1,407.3,414.8,418.8,419.3,417.8,413.1,406.0,407.5,410.4,409.9,406.4,401.9,399.1,399.5,403.0,424.9,415.7,413.4,419.4,430.2,439.5,441.8,436.3,423.4,418.8,417.0,418.1,422.2,427.3,434.3,437.9,439.0,438.2,434.8,430.3,431.5,434.2,433.2,428.9,424.0,421.2,422.2,426.5,40.0,42.8,47.0,50.2,50.4,47.6,43.3,40.1,31.4,34.9,39.1,43.2,46.8,49.3,50.5,47.4,43.8,40.0,36.4,33.2,42.7,44.0,45.8,47.0,46.9,45.6,43.8,42.7,84.6,87.1,91.5,95.3,96.2,93.7,89.3,85.1,79.8,83.3,87.3,91.9,95.7,98.4,100.1,97.4,94.1,90.5,86.5,82.5,87.9,89.6,91.6,92.8,92.3,90.6,88.6,87.4,17.2,13.7,13.3,16.3,20.9,24.8,24.8,21.8,15.7,14.8,14.8,15.6,17.4,20.2,23.5,25.0,25.1,24.4,22.4,19.4,20.2,21.4,21.3,19.8,17.9,16.6,16.8,18.2,27.9,24.1,23.2,26.0,30.7,34.7,35.4,32.9,27.3,25.3,24.5,25.1,27.1,29.6,32.9,34.2,34.3,33.7,32.1,30.1,31.0,32.3,31.9,30.1,27.9,26.6,27.0,28.8,368.6,369.7,372.0,374.0,374.6,373.8,371.3,369.2,370.3,369.0,368.0,368.3,370.1,372.5,374.9,372.9,370.3,368.6,368.3,369.2,371.3,372.2,373.1,373.6,373.3,372.4,371.5,371.0,376.7,378.2,380.7,382.7,383.0,381.5,379.0,377.1,375.9,375.9,376.4,378.1,381.1,384.4,387.9,384.1,380.4,377.4,375.7,375.5,379.3,380.2,381.3,382.0,381.9,380.9,379.8,379.1,83.9,67.4,523.9,0.092,0.069,0.185,656.6,654.8,653.8,652.4,657.0,673.3,697.0,723.9,752.9,783.2,812.6,841.0,863.5,880.1,891.8,900.5,906.9,689.9,710.7,736.7,761.8,783.8,821.2,841.5,861.7,882.3,897.4,799.8,796.9,794.2,791.6,757.8,770.6,783.1,796.1,807.8,714.7,732.0,749.6,759.9,744.3,726.6,825.7,841.9,858.6,869.0,856.6,840.2,723.9,747.7,766.0,776.5,789.3,802.2,816.7,799.2,784.9,772.3,760.2,743.5,731.3,762.3,774.0,786.7,809.9,788.4,776.0,764.4,391.7,421.3,449.6,477.5,503.8,528.5,550.0,570.2,579.8,581.1,569.8,556.6,538.4,514.4,488.0,461.8,435.2,364.8,354.2,354.4,363.6,378.9,386.9,382.4,382.8,387.0,400.6,417.4,440.2,462.7,485.2,489.1,496.5,503.0,502.5,501.1,399.3,395.3,400.4,416.1,416.3,411.4,428.1,418.6,421.4,432.0,437.4,435.3,510.3,511.4,513.3,519.3,518.5,524.0,529.3,533.2,534.0,532.4,528.8,522.2,512.4,524.8,528.9,529.9,528.8,519.3,518.1,514.9,1.38,1.65,0.01,0.40,0.00,0.00,0.00,0.00,0.46,0.53,0.00,1.36,0.00,0.84,0.00,0.00,0.00,1.00,1.00,0.00,0.00,0.00,0.00,0.00,0.00,0.00,1.00,0.00,0.00,0.00,1.00,0.00,0.00,0.00,0.00
154,0,5.100,0.93,1,0.310453,0.198627,-0.929605,-0.169534,0.187450,-0.967533,0.074,0.201,734.8,741.3,750.6,757.5,757.8,751.5,742.0,735.2,714.5,723.0,732.8,742.5,750.5,755.8,758.1,751.4,743.4,735.1,726.6,719.1,740.9,743.7,747.5,750.2,750.0,747.2,743.4,740.8,836.7,841.5,850.3,857.9,859.8,855.0,846.2,837.6,826.0,834.1,843.1,852.6,859.8,864.0,865.7,861.8,856.6,849.9,841.5,832.5,842.7,846.2,850.3,852.5,851.6,848.1,844.1,841.8,401.0,392.8,391.7,398.3,408.9,417.8,418.2,411.5,397.1,395.1,395.2,396.9,401.2,407.4,414.8,418.5,418.9,417.4,412.8,405.9,407.5,410.2,409.8,406.4,402.1,399.3,399.8,403.2,424.9,415.6,413.3,419.3,430.1,439.3,441.6,436.2,423.5,418.9,417.0,418.1,422.1,427.2,434.1,437.8,439.0,438.2,434.9,430.3,431.3,434.1,433.0,428.8,423.8,421.1,422.1,426.4,40.8,43.7,48.0,51.2,51.4,48.6,44.2,41.0,32.3,35.8,39.9,44.0,47.7,50.3,51.6,48.4,44.7,40.9,37.3,34.1,43.7,45.0,46.8,48.0,47.9,46.6,44.8,43.6,85.3,87.8,92.2,96.0,97.0,94.5,90.0,85.8,80.5,84.0,88.1,92.6,96.4,99.1,100.8,98.1,94.9,91.2,87.2,83.2,88.5,90.3,92.3,93.5,93.1,91.3,89.3,88.1,17.6,14.1,13.7,16.7,21.3,25.2,25.2,22.2,16.1,15.1,15.1,15.9,17.8,20.6,23.9,25.4,25.4,24.7,22.7,19.8,20.6,21.8,21.6,20.2,18.3,17.1,17.2,18.7,28.1,24.2,23.4,26.1,30.9,34.8,35.6,33.1,27.5,25.5,24.7,25.3,27.3,29.7,33.1,34.4,34.6,34.0,32.4,30.4,31.2,32.4,32.1,30.3,28.1,26.8,27.2,29.0,376.4,377.4,379.4,381.3,381.9,381.3,379.0,377.1,378.7,377.1,375.9,376.0,377.6,379.9,382.3,380.3,377.9,376.5,376.4,377.4,379.0,379.8,380.6,381.0,380.8,380.0,379.1,378.8,379.6,381.0,383.5,385.5,385.9,384.4,382.0,380.0,378.9,378.8,379.4,381.0,384.0,387.3,390.7,386.9,383.3,380.3,378.7,378.4,382.2,383.1,384.2,384.9,384.7,383.8,382.7,382.0,84.2,67.4,524.8,0.097,0.066,0.182,656.6,654.7,653.7,652.5,657.5,674.2,698.3,725.0,753.6,783.4,812.6,840.7,863.4,880.1,892.0,900.8,907.1,690.1,710.7,736.6,761.7,783.8,821.3,841.5,861.6,882.1,897.3,799.8,796.8,794.2,791.7,758.1,770.9,783.4,796.4,808.1,714.8,732.1,749.7,760.0,744.4,726.8,826.0,842.0,858.6,869.1,856.7,840.4,725.5,748.8,766.8,777.3,790.0,802.7,816.7,799.8,785.8,773.3,761.2,744.8,732.9,763.2,774.8,787.5,810.0,789.2,776.9,765.3,391.6,421.4,449.7,477.6,503.7,528.1,549.1,568.8,578.3,579.7,568.6,555.9,538.1,514.2,487.8,461.5,434.9,364.7,354.1,354.3,363.5,378.8,386.9,382.5,382.9,387.0,400.5,417.5,440.4,462.8,485.3,489.0,496.4,502.8,502.3,500.8,399.1,395.3,400.4,416.0,416.2,411.3,428.0,418.6,421.4,431.8,437.2,435.2,510.7,511.5,513.1,519.0,518.2,523.7,529.0,532.8,533.9,532.4,528.8,522.5,512.7,524.6,528.7,529.7,528.5,519.2,518.1,514.9,1.75,1.92,0.01,0.21,0.00,0.00,0.00,0.00,0.38,0.62,0.00,1.31,0.00,0.84,0.00,0.00,0.00,1.00,1.00,0.00,0.00,0.00,0.00,0.00,0.00,0.00,1.00,0.00,0.00,0.00,1.00,0.00,0.00,0.00,0.00
155,0,5.133,0.88,1,0.055147,0.302638,-0.951509,-0.069041,0.160034,-0.984694,-0.007,0.235,744.3,750.8,760.8,768.5,769.4,763.2,753.0,745.2,730.8,739.6,749.4,758.8,766.8,772.1,774.5,768.5,761.0,752.6,744.0,736.2,751.1,754.6,759.1,762.0,761.6,758.1,753.6,750.7,851.7,856.8,865.6,873.1,874.8,869.8,860.9,852.5,837.5,845.3,854.7,865.6,874.3,879.6,881.5,877.3,870.9,862.7,853.6,844.2,858.4,861.5,865.2,867.4,866.6,863.5,859.8,857.6,406.7,398.3,396.9,403.3,413.7,422.9,423.5,417.1,401.4,399.3,399.4,401.2,405.5,411.5,418.7,420.8,420.1,418.0,413.9,408.2,413.2,416.1,415.5,411.7,407.0,404.1,404.7,408.5,427.7,418.9,416.4,421.6,431.6,440.3,442.8,438.1,430.1,424.6,421.4,421.0,424.5,429.5,436.0,439.1,439.9,439.0,436.9,434.3,432.9,435.1,434.0,430.3,426.1,423.9,425.0,428.7,47.2,50.2,54.9,58.6,59.1,56.2,51.3,47.7,41.3,45.1,49.4,53.7,57.6,60.3,61.8,58.7,54.9,50.9,47.0,43.6,50.5,52.2,54.3,55.7,55.5,53.8,51.7,50.3,92.9,95.2,99.5,103.3,104.3,101.9,97.6,93.4,86.8,89.9,93.9,98.9,103.6,107.0,108.9,106.0,102.2,98.0,93.7,89.6,96.4,98.0,99.8,100.8,100.4,98.8,97.0,96.0,21.1,17.3,16.7,19.7,24.5,28.7,28.9,25.9,18.8,17.8,17.8,18.6,20.7,23.5,27.0,27.8,27.3,26.2,24.3,21.9,24.2,25.5,25.3,23.6,21.4,20.1,20.3,22.0,29.7,25.9,24.9,27.3,31.8,35.6,36.6,34.3,30.8,28.3,26.8,26.7,28.5,31.0,34.3,35.4,35.4,34.8,33.7,32.6,32.2,33.2,32.8,31.2,29.3,28.3,28.7,30.3,395.9,396.4,397.5,398.8,399.4,399.3,397.8,396.5,398.2,396.5,395.2,395.4,397.1,399.3,401.7,399.5,397.1,395.5,395.4,396.6,398.0,398.5,399.1,399.2,399.0,398.4,397.9,397.7,383.7,384.4,386.1,387.9,388.7,388.1,386.4,384.7,384.4,383.3,382.8,383.8,386.9,390.8,394.8,391.0,387.5,385.1,383.8,383.9,386.2,387.0,387.7,388.0,387.6,386.9,386.2,385.9,89.7,69.2,521.3,0.107,0.036,0.214,664.6,662.2,660.9,659.7,664.1,679.3,702.8,727.8,756.3,787.7,816.9,846.4,869.3,886.1,897.4,905.8,911.9,705.5,725.8,751.2,777.2,800.0,841.3,860.1,878.6,897.0,910.1,817.2,814.5,812.1,809.5,775.5,786.5,797.2,808.2,818.1,730.5,748.8,765.9,775.8,761.0,743.8,839.5,855.9,872.1,881.5,869.8,853.8,734.7,757.1,776.3,784.7,795.6,806.9,820.2,802.2,788.0,777.5,767.1,751.3,741.4,771.4,781.2,791.8,814.6,792.8,782.4,772.5,400.8,429.1,455.8,482.2,507.0,529.9,549.8,569.0,580.1,582.8,571.2,557.3,538.4,514.6,489.2,463.7,437.2,369.3,359.2,358.5,367.4,382.0,389.1,384.0,383.6,388.2,400.8,419.0,441.6,463.9,486.3,492.4,499.0,504.7,505.7,505.4,402.4,399.2,404.1,419.1,419.0,414.5,430.7,421.5,424.2,434.7,440.3,438.0,512.4,516.4,520.1,526.2,526.1,532.2,535.6,540.7,539.8,537.3,532.8,524.1,515.3,529.8,534.3,536.1,535.6,526.5,524.7,521.1,1.95,2.02,0.02,0.14,0.00,0.00,0.00,0.02,0.26,0.59,0.00,1.21,0.00,0.90,0.00,0.00,0.00,1.00,1.00,0.00,0.00,0.00,0.00,0.00,0.00,0.00,1.00,0.00,0.00,0.00,1.00,0.00,0.00,0.00,0.00
156,0,5.167,0.88,1,0.023735,0.314317,-0.949021,-0.143710,0.188450,-0.971511,-0.062,0.256,745.2,751.6,761.4,768.9,769.8,763.7,753.7,746.1,732.4,741.3,751.2,760.5,768.1,772.9,774.7,769.2,762.4,754.4,745.9,738.0,751.8,755.1,759.6,762.4,762.0,758.6,754.2,751.4,852.9,857.8,866.5,873.9,875.6,870.6,862.0,853.7,841.8,849.2,858.0,868.0,875.9,880.6,882.3,878.2,872.4,865.1,856.7,847.9,859.2,862.5,866.3,868.5,867.8,864.5,860.7,858.5,407.8,399.3,397.9,404.2,414.7,423.9,424.6,418.2,402.8,400.4,400.5,402.2,406.5,412.4,419.7,421.8,421.1,419.0,414.9,409.4,414.2,417.1,416.4,412.7,408.0,405.1,405.8,409.5,427.5,419.0,416.8,422.1,431.8,440.3,442.5,437.7,428.6,423.4,420.6,420.8,424.5,429.5,436.3,439.6,440.4,439.7,437.1,433.7,433.0,435.3,434.3,430.6,426.3,423.9,424.9,428.7,48.0,50.9,55.6,59.3,59.8,56.9,52.1,48.4,42.3,46.2,50.6,55.0,58.7,61.3,62.5,59.6,56.0,52.1,48.2,44.7,51.2,52.9,55.0,56.3,56.1,54.5,52.3,51.0,97.5,100.0,104.4,108.3,109.2,106.7,102.2,98.1,92.5,95.7,99.6,104.5,108.9,112.1,113.9,111.0,107.4,103.4,99.2,95.2,101.0,102.7,104.7,105.8,105.4,103.7,101.7,100.6,21.8,18.0,17.3,20.3,25.2,29.4,29.6,26.6,19.6,18.4,18.4,19.2,21.3,24.2,27.7,28.5,28.0,26.9,25.0,22.5,24.9,26.2,26.0,24.2,22.1,20.7,21.0,22.7,30.9,27.1,26.2,28.7,33.3,37.1,38.0,35.7,31.4,29.0,27.7,27.9,29.8,32.4,35.9,37.1,37.2,36.6,35.3,33.8,33.6,34.8,34.4,32.7,30.7,29.5,29.9,31.6,398.8,399.4,400.9,402.4,403.1,402.8,400.9,399.4,400.3,399.1,398.2,398.9,401.0,403.4,405.9,403.5,400.7,398.8,398.3,399.1,401.0,401.7,402.4,402.7,402.4,401.7,401.0,400.8,400.8,401.6,403.4,405.0,405.6,404.8,403.0,401.5,401.1,400.2,400.0,401.2,404.1,407.7,411.4,407.8,404.5,401.9,400.5,400.5,403.1,403.9,404.7,405.0,404.8,404.0,403.3,402.9,90.0,68.8,506.6,0.135,0.002,0.199,663.8,661.7,660.7,659.9,665.4,682.1,705.9,731.4,761.0,793.2,821.7,851.2,874.3,891.7,902.9,909.7,913.9,706.4,727.1,753.7,781.1,804.7,844.2,863.4,882.9,901.3,912.5,822.3,820.8,819.7,818.6,781.2,793.3,805.4,817.6,828.4,731.9,750.2,767.4,777.6,762.9,745.6,843.3,858.6,874.2,883.5,872.1,856.6,741.8,765.1,785.7,793.1,802.3,812.8,824.5,807.8,794.2,785.3,776.1,759.2,748.8,781.3,790.0,798.8,819.0,799.1,790.3,781.6,399.7,429.0,457.2,484.2,509.9,532.7,552.0,572.4,585.1,587.6,574.2,558.8,539.1,515.1,489.0,463.0,436.9,369.6,359.7,358.6,367.9,383.3,390.4,385.5,384.9,389.7,402.3,422.5,445.2,467.5,489.9,495.1,502.1,508.3,509.0,507.7,403.6,400.7,405.4,420.1,420.0,415.7,430.9,421.5,424.2,434.1,439.5,437.4,519.4,521.9,525.2,530.8,530.3,535.8,538.8,546.3,546.8,544.6,540.7,531.5,521.8,534.8,538.5,540.0,538.6,533.5,532.1,529.1,1.98,1.76,0.05,0.00,0.00,0.00,0.00,0.16,0.14,0.60,0.00,1.17,0.00,0.90,0.00,0.00,0.00,0.00,1.00,0.00,0.00,0.00,0.00,0.00,0.00,0.00,1.00,0.00,0.00,0.00,1.00,0.00,0.00,0.00,0.00
157,0,5.200,0.98,1,0.008402,0.304444,-0.952493,-0.135084,0.195281,-0.971400,-0.066,0.254,746.3,752.6,762.4,769.9,770.7,764.5,754.5,747.1,734.9,743.4,752.8,761.7,769.1,773.9,775.8,770.1,763.1,755.3,747.2,739.8,753.0,756.2,760.5,763.2,762.9,759.6,755.4,752.7,853.9,858.8,867.4,874.5,876.1,871.1,862.6,854.5,843.4,850.6,859.0,868.7,876.4,881.0,882.8,878.4,872.6,865.5,857.4,849.1,859.9,863.2,867.1,869.4,868.7,865.4,861.5,859.2,409.3,401.0,399.3,405.4,415.5,424.5,425.4,419.4,403.4,401.5,401.9,403.6,407.6,413.0,419.9,422.4,422.3,420.5,416.2,410.3,415.1,417.7,417.0,413.4,409.1,406.5,407.2,410.8,428.0,419.8,417.7,422.8,432.2,440.4,442.5,437.9,428.8,423.9,421.5,421.8,425.5,430.2,436.6,440.1,441.2,440.5,437.9,434.2,433.4,435.7,434.7,431.0,426.7,424.3,425.3,429.0,50.0,53.0,57.8,61.6,62.1,59.2,54.2,50.5,44.8,48.6,52.9,57.2,61.0,63.6,64.9,61.9,58.2,54.2,50.4,47.0,53.5,55.1,57.2,58.5,58.3,56.6,54.6,53.3,101.2,103.7,108.1,112.0,112.9,110.4,105.9,101.7,96.3,99.5,103.4,108.2,112.6,115.8,117.7,114.7,111.0,107.0,102.8,98.9,104.6,106.4,108.4,109.6,109.2,107.4,105.4,104.2,23.2,19.3,18.6,21.5,26.4,30.7,31.0,28.0,20.5,19.5,19.7,20.5,22.5,25.2,28.6,29.7,29.5,28.4,26.4,23.7,26.1,27.4,27.1,25.4,23.3,22.0,22.3,24.0,32.2,28.3,27.4,30.0,34.5,38.4,39.2,36.9,32.6,30.2,29.0,29.3,31.2,33.7,37.1,38.5,38.7,38.2,36.8,35.1,34.9,36.1,35.7,33.9,31.8,30.6,31.1,32.8,411.7,411.8,413.1,414.7,415.7,416.0,414.3,412.7,412.9,411.6,410.6,411.2,413.3,415.7,418.3,416.1,413.5,411.6,411.1,411.9,414.1,414.8,415.3,415.4,414.9,414.2,413.7,413.6,414.0,414.6,416.2,417.8,418.5,417.8,416.3,414.8,414.4,413.4,413.1,414.1,417.0,420.5,424.1,420.7,417.5,415.0,413.8,413.9,416.3,417.0,417.7,418.0,417.7,417.0,416.3,416.0,91.0,69.4,500.8,0.132,-0.016,0.176,664.4,663.1,663.1,662.9,668.3,684.8,708.5,734.6,765.9,799.9,829.2,858.1,879.2,894.4,904.2,909.6,912.5,707.0,726.6,754.2,782.6,806.1,842.0,861.0,881.3,899.9,910.5,823.6,823.0,822.9,822.9,785.4,798.0,810.2,822.6,833.4,733.6,751.5,768.5,779.1,764.2,747.1,844.7,859.6,874.9,883.9,872.7,857.4,750.8,773.4,793.6,800.5,809.0,818.9,828.9,814.0,801.4,793.1,784.4,767.9,758.0,789.6,797.8,805.8,823.1,805.7,797.5,789.4,402.0,431.1,459.2,485.9,511.7,534.7,554.5,576.8,590.7,592.8,577.7,560.1,538.5,513.6,487.6,462.2,437.4,371.7,359.9,358.4,368.9,386.2,393.3,386.9,385.5,389.4,402.2,424.8,447.5,469.3,491.6,497.5,504.5,510.5,510.8,508.7,405.3,402.2,406.8,421.2,421.2,417.1,431.5,422.2,424.8,434.3,439.5,437.7,526.8,526.5,528.4,533.7,532.6,538.3,542.5,551.7,553.5,551.8,548.5,539.8,528.5,538.7,541.8,543.0,542.0,539.8,538.8,536.3,1.62,1.02,0.20,0.01,0.00,0.00,0.00,0.28,0.05,0.66,0.00,1.03,0.00,0.63,0.00,0.00,0.00,0.00,1.00,0.00,0.00,0.00,0.00,0.00,0.00,0.00,1.00,1.00,0.00,0.00,1.00,0.00,0.00,0.00,0.00
158,0,5.233,0.98,1,0.020041,0.269973,-0.962659,-0.118508,0.178755,-0.976731,-0.051,0.227,746.6,752.6,762.0,769.5,770.6,764.9,755.2,747.7,734.6,743.2,752.6,761.7,769.3,774.1,776.3,770.6,763.4,755.4,747.3,739.8,753.5,756.7,760.7,763.3,762.8,759.6,755.6,753.0,853.9,858.9,867.4,874.5,876.1,871.2,862.7,854.6,844.2,851.0,859.1,868.7,876.4,881.1,882.9,878.5,872.7,865.8,857.8,849.7,859.9,863.3,867.3,869.6,868.9,865.5,861.5,859.2,410.9,402.7,400.9,406.5,416.2,425.0,426.2,420.7,405.5,403.2,403.1,404.4,408.1,413.2,419.9,423.1,423.4,422.0,418.2,412.6,416.3,418.7,417.9,414.4,410.2,407.9,408.7,412.2,428.4,420.4,418.2,423.3,432.5,440.5,442.7,438.1,429.8,424.8,422.4,422.8,426.3,430.7,436.9,440.5,441.8,441.3,438.8,435.1,433.7,436.1,435.1,431.3,427.0,424.6,425.6,429.4,50.9,53.7,58.4,62.2,62.8,60.2,55.3,51.5,45.3,49.2,53.5,57.9,61.8,64.6,66.0,62.9,59.1,55.1,51.1,47.7,54.5,56.1,58.1,59.3,59.0,57.4,55.4,54.2,103.1,105.6,110.1,114.0,115.0,112.4,107.9,103.7,98.5,101.6,105.4,110.2,114.7,117.9,119.8,116.8,113.1,109.1,104.9,101.1,106.6,108.4,110.5,111.7,111.3,109.5,107.3,106.1,24.3,20.4,19.6,22.3,27.0,31.3,31.8,29.0,21.8,20.6,20.5,21.2,23.0,25.6,29.0,30.4,30.4,29.6,27.7,25.1,27.0,28.2,27.9,26.2,24.1,23.0,23.3,25.0,33.0,29.2,28.2,30.7,35.3,39.2,40.1,37.7,33.7,31.2,30.0,30.3,32.2,34.6,37.9,39.4,39.7,39.3,38.0,36.2,35.7,37.0,36.5,34.7,32.6,31.4,31.8,33.6,417.5,417.5,418.5,420.0,421.1,421.5,420.1,418.6,419.1,417.4,416.3,416.6,418.6,421.1,423.8,421.7,419.1,417.5,417.1,417.9,419.8,420.5,420.9,420.9,420.4,419.8,419.4,419.4,421.8,422.3,423.8,425.3,426.1,425.6,424.1,422.7,422.3,421.2,420.9,421.8,424.5,428.0,431.5,428.4,425.3,423.0,421.7,421.8,424.1,424.8,425.5,425.7,425.4,424.6,424.0,423.7,92.1,71.0,497.3,0.109,-0.040,0.153,664.8,664.4,666.1,667.9,674.5,691.1,713.4,738.7,770.8,805.0,834.4,861.5,880.5,893.7,902.7,907.5,909.5,707.4,727.0,755.7,784.4,807.4,840.8,859.9,880.3,898.2,907.5,823.7,823.6,824.0,824.7,787.3,800.6,813.3,826.2,837.1,733.5,751.3,768.8,779.8,764.3,746.9,845.2,859.9,875.2,883.7,872.9,857.6,761.3,781.5,800.0,808.3,817.6,826.3,831.6,820.7,809.3,799.7,790.0,775.7,769.2,796.2,805.5,814.3,825.2,813.5,804.0,794.9,404.3,434.7,464.0,492.0,519.2,543.3,564.2,586.9,600.2,600.7,583.1,562.7,539.3,514.2,489.6,465.6,442.8,373.8,360.6,358.8,369.4,387.3,394.6,388.2,386.5,390.2,403.4,426.4,448.9,470.2,492.0,499.4,506.0,511.8,511.6,508.8,407.4,403.5,407.8,422.3,422.6,418.7,432.0,422.8,425.5,434.7,439.9,438.1,539.8,531.5,529.0,534.3,532.5,540.0,550.1,559.5,563.4,562.7,560.0,552.6,540.0,541.7,544.0,545.1,548.8,547.6,547.6,545.2,1.36,0.36,0.38,0.01,0.00,0.00,0.00,0.39,0.01,0.82,0.00,0.93,0.00,0.28,0.04,0.00,0.00,0.00,1.00,0.00,1.00,0.00,0.00,0.00,0.00,0.00,1.00,1.00,0.00,0.00,1.00,0.00,0.00,0.00,0.00
159,0,5.267,0.98,1,-0.008524,0.244173,-0.969694,-0.107381,0.176600,-0.978408,-0.059,0.213,746.3,752.3,761.8,769.4,770.6,765.0,755.1,747.5,735.1,743.3,752.5,761.7,769.5,774.6,777.0,771.2,763.9,755.7,747.6,740.2,753.5,756.7,760.8,763.3,762.8,759.5,755.5,753.0,853.9,858.8,867.4,874.5,876.0,871.1,862.5,854.5,843.5,850.8,859.2,868.9,876.5,881.0,882.6,878.3,872.7,865.7,857.6,849.3,859.9,863.1,867.1,869.4,868.6,865.4,861.4,859.1,411.2,403.1,401.4,407.0,416.6,425.4,426.5,420.9,406.2,403.9,403.7,405.1,408.8,414.0,420.7,423.5,423.7,422.2,418.5,413.0,416.6,419.0,418.3,414.8,410.7,408.3,409.1,412.5,429.3,421.1,418.8,423.7,433.1,441.3,443.6,439.1,430.2,425.6,423.3,423.7,427.1,431.4,437.2,440.9,442.2,441.8,439.3,435.6,434.5,436.8,435.7,431.9,427.6,425.3,426.4,430.2,51.2,54.0,58.7,62.6,63.3,60.7,55.7,51.9,46.0,49.8,54.0,58.4,62.4,65.2,66.9,63.7,59.8,55.7,51.8,48.3,54.9,56.5,58.6,59.8,59.5,57.8,55.8,54.6,100.9,103.4,107.8,111.7,112.6,110.2,105.7,101.5,96.1,99.3,103.2,108.0,112.4,115.6,117.4,114.5,110.9,106.9,102.7,98.8,104.4,106.1,108.2,109.3,108.9,107.1,105.1,103.9,24.7,20.8,19.9,22.7,27.4,31.7,32.2,29.4,22.4,21.1,21.0,21.7,23.5,26.2,29.6,30.9,30.8,30.0,28.1,25.6,27.4,28.6,28.3,26.6,24.5,23.4,23.7,25.4,32.7,28.9,27.9,30.4,34.9,38.8,39.7,37.4,33.2,30.9,29.8,30.1,31.9,34.2,37.4,38.9,39.2,38.7,37.4,35.7,35.4,36.5,36.1,34.3,32.2,31.0,31.5,33.3,421.4,421.2,421.9,423.1,424.1,424.7,423.6,422.4,423.4,421.4,420.0,420.1,421.9,424.3,426.9,425.0,422.6,421.1,421.0,422.0,423.4,424.0,424.3,424.2,423.7,423.2,422.9,423.0,412.9,413.4,415.0,416.8,417.7,417.2,415.6,414.0,413.1,412.2,411.9,413.0,416.0,419.7,423.5,420.2,416.9,414.4,412.9,412.8,415.3,416.2,416.9,417.1,416.7,415.9,415.2,414.9,92.4,71.5,495.8,0.090,-0.036,0.141,665.2,664.7,666.5,668.7,676.4,694.1,717.1,743.1,775.4,809.4,838.7,864.6,882.4,894.2,902.8,907.2,908.7,707.4,726.7,755.4,783.9,806.4,839.8,858.9,879.3,897.1,906.2,823.1,823.1,823.7,824.6,787.0,800.8,813.8,826.8,837.8,734.0,751.6,768.9,780.1,764.6,747.3,844.6,859.7,875.1,883.7,872.8,857.5,761.1,781.6,800.3,810.4,821.6,831.4,836.7,826.0,814.1,802.5,791.0,776.1,769.2,796.8,807.7,818.6,829.9,817.8,806.4,795.6,404.6,435.7,465.7,494.8,523.2,548.4,570.7,593.6,605.9,605.3,586.4,565.1,541.2,516.0,491.6,467.9,445.4,374.8,360.9,358.9,369.6,388.1,395.7,388.6,386.7,390.3,403.8,426.6,449.1,470.5,492.3,500.5,507.0,512.8,512.1,509.1,408.4,404.1,408.3,422.7,423.0,419.3,432.5,423.6,426.2,435.4,440.3,438.6,540.7,531.6,528.9,534.3,532.3,539.8,550.7,561.1,566.3,566.1,563.3,555.4,540.9,542.3,544.8,545.6,549.5,549.4,549.9,547.3,1.19,0.00,0.61,0.12,0.00,0.00,0.00,0.38,0.00,1.07,0.00,0.84,0.00,0.00,0.04,0.10,0.00,0.00,1.00,0.00,1.00,0.00,0.00,0.00,0.00,0.00,1.00,1.00,0.00,0.00,1.00,0.00,0.00,0.00,0.00
160,0,5.300,0.98,1,-0.023876,0.224259,-0.974237,-0.094951,0.164015,-0.981878,-0.061,0.196,746.4,752.1,761.6,769.2,770.5,765.1,755.3,747.7,735.1,743.4,752.7,761.9,769.6,774.7,777.1,771.4,764.2,756.1,747.9,740.3,753.5,756.8,760.8,763.3,762.7,759.4,755.4,752.9,854.0,858.9,867.4,874.6,876.2,871.3,862.7,854.6,843.1,850.6,859.3,869.1,876.6,880.9,882.3,878.3,872.8,865.9,857.7,849.2,859.9,863.2,867.1,869.4,868.6,865.3,861.4,859.2,411.3,403.2,401.3,406.7,416.3,425.1,426.4,420.9,406.6,404.1,403.8,405.0,408.6,413.7,420.4,423.3,423.6,422.2,418.7,413.3,416.6,419.0,418.1,414.6,410.5,408.2,409.0,412.5,429.5,420.9,418.3,423.3,432.9,441.5,444.0,439.6,430.7,425.8,423.4,423.7,427.0,431.2,437.0,440.7,442.1,441.8,439.4,435.9,434.6,436.9,435.7,431.8,427.4,425.1,426.3,430.2,51.3,54.1,58.8,62.6,63.4,60.8,55.9,52.1,46.1,49.9,54.2,58.6,62.7,65.5,67.1,64.0,60.1,56.0,52.0,48.5,55.0,56.7,58.7,59.9,59.5,57.9,55.9,54.7,98.5,100.9,105.4,109.2,110.2,107.8,103.4,99.1,93.5,96.8,100.7,105.6,109.9,112.9,114.7,111.8,108.4,104.5,100.3,96.3,101.9,103.7,105.7,106.9,106.4,104.6,102.6,101.5,24.8,20.8,20.0,22.7,27.4,31.7,32.2,29.5,22.6,21.3,21.1,21.7,23.5,26.1,29.5,30.8,30.8,30.0,28.3,25.8,27.5,28.6,28.2,26.5,24.5,23.4,23.7,25.4,32.0,28.1,27.0,29.5,34.0,38.0,39.0,36.8,32.5,30.2,29.1,29.3,31.1,33.4,36.5,37.9,38.2,37.8,36.6,34.9,34.6,35.7,35.3,33.5,31.4,30.2,30.7,32.5,422.3,422.1,422.8,424.1,425.1,425.6,424.5,423.2,424.2,422.3,420.9,421.1,423.0,425.4,428.1,426.1,423.6,422.0,421.8,422.8,424.3,424.8,425.2,425.1,424.7,424.1,423.8,423.9,403.0,403.5,405.4,407.4,408.4,407.8,406.0,404.1,402.9,402.1,402.0,403.3,406.5,410.3,414.2,410.7,407.4,404.6,403.0,402.8,405.6,406.6,407.4,407.7,407.2,406.3,405.4,405.2,92.7,71.6,494.3,0.073,-0.031,0.129,665.1,664.7,666.6,669.1,677.5,696.1,720.5,748.3,781.5,815.2,843.7,867.9,884.2,894.7,902.7,907.1,908.2,707.3,726.5,755.0,783.1,805.6,839.9,858.9,879.2,896.7,905.6,823.0,823.1,823.8,824.7,787.0,801.1,814.5,827.5,838.7,734.4,751.6,768.8,780.4,764.8,747.6,844.2,859.6,875.1,883.8,872.9,857.5,760.6,781.5,800.1,811.5,824.0,834.7,840.5,830.0,817.8,804.8,792.2,776.6,768.6,797.1,809.2,821.4,833.5,820.9,808.2,796.2,404.3,436.2,467.0,497.1,526.1,552.0,574.9,597.2,608.5,607.1,587.8,566.3,542.3,517.0,492.7,468.9,446.1,375.2,360.9,358.8,369.5,388.1,396.1,388.5,386.7,390.3,403.9,426.2,448.9,470.6,492.7,501.2,507.6,513.5,512.5,509.3,408.8,404.1,408.2,422.6,423.0,419.4,432.6,423.6,426.1,435.4,440.3,438.5,540.9,531.9,529.3,534.8,532.7,540.0,550.9,561.3,566.8,566.9,564.0,556.0,541.1,542.9,545.5,546.1,549.8,549.7,550.4,547.7,1.15,0.00,0.74,0.13,0.00,0.00,0.00,0.40,0.01,1.38,0.00,0.82,0.00,0.00,0.04,0.21,0.00,0.00,1.00,0.00,1.00,0.00,0.00,0.00,0.00,0.00,1.00,1.00,0.00,0.00,1.00,0.00,0.00,0.00,0.00
161,0,5.333,0.98,1,-0.024500,0.205540,-0.978342,-0.091094,0.156581,-0.983455,-0.059,0.183,746.4,752.0,761.4,769.0,770.5,765.2,755.5,747.8,734.9,743.1,752.4,761.7,769.5,774.6,777.1,771.4,764.2,756.1,747.8,740.3,753.6,756.8,760.9,763.3,762.6,759.3,755.3,752.9,853.9,858.8,867.3,874.6,876.2,871.3,862.8,854.6,842.9,850.4,859.2,869.1,876.6,880.9,882.2,878.4,872.9,866.1,857.8,849.2,859.9,863.2,867.1,869.3,868.5,865.2,861.3,859.1,411.4,403.2,401.2,406.5,416.1,425.0,426.3,421.0,407.3,404.4,403.8,404.8,408.4,413.6,420.4,423.3,423.6,422.4,418.9,413.8,416.7,419.0,418.1,414.6,410.5,408.2,409.0,412.5,429.5,420.7,418.1,423.0,432.8,441.6,444.3,439.8,430.8,425.9,423.4,423.6,426.9,431.2,437.0,440.6,442.0,441.8,439.4,435.9,434.7,437.0,435.7,431.7,427.3,425.0,426.3,430.2,51.4,54.0,58.7,62.6,63.4,60.9,56.0,52.2,46.1,49.8,54.1,58.6,62.6,65.5,67.1,64.0,60.1,56.0,52.0,48.5,55.1,56.7,58.7,59.9,59.5,57.9,55.9,54.7,97.2,99.6,104.0,107.9,108.9,106.5,102.1,97.8,92.2,95.4,99.4,104.2,108.6,111.6,113.3,110.5,107.1,103.2,99.0,95.0,100.6,102.4,104.4,105.5,105.0,103.3,101.3,100.2,24.8,20.9,19.9,22.6,27.3,31.6,32.2,29.5,22.9,21.4,21.1,21.6,23.4,26.1,29.5,30.8,30.8,30.1,28.4,26.0,27.5,28.6,28.2,26.5,24.5,23.4,23.8,25.5,31.6,27.7,26.6,29.0,33.6,37.5,38.6,36.4,32.2,29.9,28.7,29.0,30.7,33.0,36.0,37.4,37.7,37.3,36.1,34.5,34.2,35.3,34.8,33.0,30.9,29.8,30.3,32.1,422.5,422.3,423.1,424.2,425.1,425.6,424.5,423.3,424.5,422.5,421.1,421.2,423.0,425.4,428.1,426.0,423.6,422.1,422.0,423.0,424.4,424.9,425.2,425.2,424.8,424.3,424.0,424.0,397.7,398.3,400.2,402.3,403.4,402.8,400.9,398.9,397.6,396.8,396.8,398.2,401.4,405.2,409.1,405.6,402.2,399.4,397.8,397.4,400.5,401.4,402.3,402.6,402.1,401.1,400.3,400.0,93.1,71.7,493.7,0.061,-0.030,0.120,665.1,664.8,666.9,669.5,678.3,697.5,722.8,752.0,786.1,819.7,847.5,870.4,885.6,895.0,902.6,906.8,907.7,707.1,726.3,754.6,782.4,804.9,839.9,858.8,878.9,896.3,905.2,822.7,823.0,823.8,824.8,786.9,801.4,815.0,828.3,839.5,734.4,751.4,768.6,780.4,764.8,747.6,844.0,859.5,875.1,884.0,873.1,857.6,760.1,781.5,800.2,812.8,826.4,837.9,844.2,833.8,821.3,807.2,793.5,777.3,768.3,797.5,810.7,824.2,836.9,823.9,810.1,797.0,403.9,436.3,467.6,498.2,527.6,554.0,577.4,599.7,610.3,608.4,588.9,567.3,543.0,517.6,493.2,469.3,446.4,375.3,360.9,358.8,369.4,387.9,396.2,388.3,386.4,389.8,403.5,425.9,448.6,470.3,492.5,501.5,507.9,513.9,512.5,509.0,409.3,404.2,408.1,422.6,423.1,419.6,432.6,423.6,426.0,435.4,440.2,438.4,541.0,531.9,529.2,534.8,532.5,539.7,550.8,561.0,567.0,567.3,564.4,556.4,541.1,543.1,545.8,546.1,549.7,549.6,550.4,547.7,1.06,0.00,0.80,0.15,0.00,0.00,0.00,0.37,0.03,1.68,0.00,0.85,0.00,0.00,0.00,0.32,0.00,0.00,1.00,0.00,1.00,0.00,0.00,0.00,0.00,0.00,1.00,1.00,0.00,0.00,1.00,0.00,0.00,0.00,0.00
162,0,5.367,0.98,1,-0.026703,0.197818,-0.979875,-0.089098,0.151016,-0.984508,-0.059,0.176,746.4,751.9,761.2,768.9,770.4,765.3,755.6,747.9,735.0,743.0,752.2,761.5,769.5,774.6,777.1,771.5,764.2,756.1,747.8,740.3,753.6,756.9,760.9,763.3,762.6,759.3,755.3,752.9,853.9,858.8,867.4,874.7,876.3,871.4,862.8,854.6,842.8,850.5,859.3,869.2,876.7,881.0,882.2,878.4,873.0,866.2,857.9,849.2,859.9,863.2,867.1,869.4,868.6,865.3,861.3,859.1,411.5,403.3,401.3,406.5,416.1,424.9,426.3,421.0,407.7,404.6,403.9,404.8,408.3,413.5,420.4,423.2,423.6,422.4,419.0,414.0,416.7,419.0,418.1,414.6,410.5,408.2,409.1,412.6,429.5,420.6,417.8,422.8,432.7,441.6,444.3,439.8,430.8,425.8,423.4,423.7,427.0,431.2,437.0,440.6,442.0,441.7,439.4,435.9,434.7,437.0,435.7,431.7,427.2,424.9,426.1,430.2,51.6,54.2,58.9,62.8,63.6,61.2,56.3,52.4,46.3,50.0,54.2,58.8,62.9,65.7,67.4,64.3,60.4,56.2,52.2,48.7,55.3,57.0,59.0,60.2,59.8,58.1,56.1,55.0,96.3,98.7,103.1,107.0,108.0,105.6,101.2,97.0,91.3,94.6,98.6,103.4,107.7,110.6,112.3,109.6,106.2,102.3,98.2,94.1,99.7,101.5,103.5,104.6,104.1,102.4,100.4,99.3,25.0,21.0,20.0,22.7,27.4,31.7,32.3,29.7,23.2,21.6,21.2,21.7,23.5,26.1,29.7,30.9,30.9,30.2,28.6,26.3,27.6,28.8,28.3,26.6,24.6,23.5,23.9,25.6,31.3,27.3,26.2,28.6,33.2,37.2,38.3,36.1,31.9,29.6,28.5,28.7,30.5,32.7,35.7,37.0,37.4,37.0,35.8,34.2,33.9,35.0,34.5,32.7,30.6,29.5,30.0,31.8,424.4,424.3,424.9,426.0,426.9,427.4,426.4,425.3,426.5,424.5,423.0,423.1,424.9,427.2,429.8,427.8,425.5,424.0,423.9,425.0,426.3,426.8,427.1,427.0,426.6,426.2,425.9,425.9,394.2,394.8,396.7,398.9,399.9,399.3,397.4,395.4,393.9,393.2,393.2,394.7,398.0,401.8,405.7,402.2,398.7,395.9,394.2,393.8,396.9,397.9,398.8,399.1,398.6,397.6,396.7,396.5,93.3,71.7,493.5,0.054,-0.029,0.114,664.9,664.8,667.0,669.8,678.8,698.4,724.2,754.3,788.9,822.5,850.1,872.1,886.6,895.4,902.7,906.8,907.5,706.9,726.2,754.3,781.9,804.5,839.7,858.5,878.5,895.9,905.1,822.6,822.9,823.8,824.9,786.7,801.6,815.4,828.9,840.3,734.5,751.3,768.5,780.5,764.8,747.6,843.9,859.5,875.2,884.2,873.2,857.7,759.7,781.6,800.5,813.7,827.8,839.9,846.6,836.3,823.6,808.9,794.7,777.9,767.9,798.1,811.8,825.9,839.1,825.9,811.6,797.9,403.8,436.6,468.2,499.2,528.8,555.5,579.2,601.5,611.6,609.3,589.5,567.7,543.2,517.6,493.4,469.7,446.9,375.4,361.0,358.8,369.3,387.8,396.3,388.3,386.5,389.7,403.2,425.6,448.5,470.3,492.6,501.8,508.2,514.2,512.6,508.9,409.5,404.3,408.2,422.5,423.1,419.8,432.5,423.6,426.0,435.4,440.1,438.3,541.1,532.0,529.2,534.8,532.4,539.3,550.5,560.7,567.0,567.5,564.8,556.9,541.2,543.4,546.0,546.1,549.5,549.4,550.4,547.7,0.98,0.00,0.82,0.10,0.00,0.00,0.00,0.30,0.08,1.84,0.00,0.81,0.00,0.00,0.04,0.35,0.00,0.00,1.00,0.00,1.00,0.00,0.00,0.00,0.00,0.00,1.00,1.00,0.00,0.00,1.00,0.00,0.00,0.00,0.00
163,0,5.400,0.98,1,-0.030986,0.188224,-0.981637,-0.089069,0.148616,-0.984876,-0.061,0.170,746.3,751.7,761.0,768.8,770.4,765.4,755.7,747.9,735.1,743.0,752.1,761.4,769.4,774.6,777.2,771.5,764.2,756.1,747.8,740.3,753.6,756.9,760.9,763.3,762.5,759.2,755.2,752.9,853.8,858.7,867.3,874.6,876.4,871.5,862.9,854.6,842.7,850.4,859.3,869.2,876.7,880.9,882.2,878.4,873.1,866.3,858.0,849.2,859.8,863.2,867.1,869.3,868.5,865.2,861.3,859.0,411.5,403.2,401.1,406.4,415.9,424.8,426.2,421.0,407.9,404.7,403.9,404.7,408.3,413.5,420.4,423.2,423.5,422.3,419.1,414.2,416.7,418.9,418.0,414.5,410.4,408.1,409.0,412.6,429.5,420.5,417.7,422.7,432.6,441.6,444.4,440.0,430.8,425.8,423.4,423.7,426.9,431.1,436.9,440.5,442.0,441.7,439.4,435.9,434.7,437.0,435.7,431.6,427.1,424.8,426.1,430.2,51.7,54.3,58.9,62.8,63.8,61.4,56.5,52.6,46.5,50.1,54.3,58.8,63.0,65.8,67.5,64.4,60.5,56.4,52.4,48.9,55.5,57.1,59.1,60.3,59.9,58.2,56.2,55.1,95.7,98.1,102.4,106.3,107.4,105.0,100.6,96.4,90.7,94.0,98.0,102.8,107.0,110.0,111.6,108.9,105.6,101.8,97.6,93.5,99.1,100.9,102.9,104.0,103.5,101.7,99.7,98.6,25.0,21.0,20.0,22.6,27.3,31.7,32.3,29.7,23.4,21.7,21.3,21.7,23.5,26.2,29.7,31.0,30.9,30.3,28.7,26.4,27.7,28.8,28.4,26.6,24.6,23.5,23.9,25.6,31.1,27.1,26.0,28.4,33.0,37.0,38.1,35.9,31.7,29.4,28.3,28.5,30.3,32.5,35.4,36.8,37.1,36.8,35.5,33.9,33.7,34.8,34.3,32.5,30.4,29.3,29.8,31.6,425.4,425.3,425.9,426.9,427.7,428.2,427.2,426.2,427.6,425.6,424.0,424.1,425.8,428.1,430.6,428.6,426.3,424.9,424.9,426.1,427.3,427.7,427.9,427.9,427.6,427.1,426.9,426.9,391.7,392.3,394.3,396.5,397.6,396.9,395.0,392.9,391.4,390.7,390.8,392.3,395.6,399.4,403.3,399.8,396.3,393.5,391.7,391.3,394.5,395.5,396.4,396.7,396.2,395.2,394.3,394.0,93.6,71.8,493.6,0.049,-0.027,0.108,664.7,664.7,667.0,670.0,679.3,699.5,726.2,757.3,792.2,825.4,852.3,873.4,887.2,895.5,902.7,906.8,907.5,706.8,725.9,754.0,781.5,804.2,839.6,858.3,878.3,895.7,905.0,822.5,822.8,823.8,824.9,786.8,801.7,815.8,829.3,840.8,734.6,751.2,768.4,780.5,764.8,747.6,843.8,859.4,875.2,884.3,873.2,857.8,759.6,781.8,800.8,814.3,828.7,841.2,848.2,837.9,825.2,810.2,795.7,778.5,767.9,798.6,812.6,827.0,840.7,827.2,812.6,798.6,403.8,436.8,468.5,499.7,529.5,556.5,580.4,602.3,611.8,609.0,589.2,567.6,543.3,518.0,493.8,470.2,447.4,375.5,361.0,358.7,369.2,387.7,396.4,388.3,386.5,389.6,403.1,425.5,448.4,470.3,492.7,502.0,508.3,514.3,512.5,508.6,409.7,404.4,408.1,422.4,423.2,419.8,432.5,423.6,425.9,435.4,440.0,438.3,541.2,532.1,529.3,534.8,532.4,539.2,550.2,560.6,567.0,567.7,565.0,557.3,541.3,543.6,546.1,546.1,549.4,549.2,550.3,547.7,0.96,0.00,0.79,0.20,0.00,0.00,0.00,0.24,0.12,1.98,0.00,0.82,0.00,0.00,0.06,0.44,0.00,0.00,1.00,0.00,1.00,0.00,0.00,0.00,0.00,0.00,1.00,1.00,0.00,0.00,1.00,0.00,0.00,0.00,0.00
164,0,5.433,0.98,1,-0.034923,0.187181,-0.981704,-0.089332,0.147760,-0.984981,-0.063,0.169,746.3,751.6,760.9,768.7,770.3,765.4,755.7,747.9,735.4,743.1,751.9,761.2,769.3,774.6,777.3,771.5,764.1,755.9,747.8,740.5,753.7,757.0,760.9,763.2,762.5,759.2,755.2,752.9,853.8,858.7,867.3,874.6,876.4,871.5,862.9,854.5,842.7,850.4,859.3,869.3,876.8,881.0,882.2,878.5,873.2,866.3,858.0,849.2,859.8,863.2,867.1,869.3,868.5,865.2,861.3,859.0,411.5,403.3,401.3,406.5,416.0,424.8,426.2,421.0,408.2,404.8,403.9,404.7,408.2,413.4,420.4,423.1,423.4,422.2,419.0,414.2,416.7,418.9,418.0,414.6,410.5,408.3,409.2,412.6,429.5,420.5,417.6,422.6,432.6,441.6,444.5,440.0,430.8,425.8,423.4,423.7,427.0,431.1,436.9,440.5,442.0,441.7,439.4,435.9,434.7,437.0,435.7,431.6,427.1,424.8,426.1,430.2,52.3,54.9,59.6,63.5,64.4,62.0,57.1,53.2,47.2,50.7,54.9,59.4,63.6,66.5,68.3,65.1,61.1,56.9,53.0,49.6,56.2,57.8,59.8,61.0,60.6,58.9,56.9,55.8,95.4,97.8,102.1,106.0,107.1,104.7,100.3,96.1,90.4,93.7,97.7,102.5,106.7,109.7,111.3,108.6,105.3,101.5,97.3,93.3,98.8,100.6,102.6,103.7,103.2,101.4,99.4,98.3,25.3,21.3,20.3,23.0,27.7,32.1,32.7,30.0,23.9,22.1,21.5,21.9,23.7,26.4,30.0,31.3,31.2,30.5,29.0,26.7,28.0,29.1,28.7,27.0,25.0,23.8,24.3,26.0,31.0,27.0,25.9,28.3,32.9,36.9,38.0,35.8,31.6,29.3,28.2,28.5,30.2,32.4,35.3,36.7,37.0,36.6,35.4,33.8,33.6,34.7,34.2,32.4,30.3,29.2,29.7,31.5,430.7,430.5,430.9,431.7,432.4,432.9,432.1,431.3,433.0,430.9,429.2,429.0,430.5,432.6,435.0,433.2,431.0,429.8,430.0,431.4,432.3,432.6,432.8,432.7,432.4,432.1,431.9,432.0,390.5,391.2,393.2,395.4,396.5,395.8,393.8,391.7,390.2,389.5,389.6,391.2,394.5,398.3,402.2,398.7,395.2,392.3,390.5,390.1,393.4,394.4,395.3,395.6,395.1,394.1,393.2,392.9,93.9,71.8,494.0,0.045,-0.026,0.104,664.7,664.7,667.1,670.1,679.8,700.4,727.7,759.4,794.5,827.4,853.9,874.3,887.6,895.4,902.5,906.6,907.2,706.7,725.8,753.9,781.3,804.1,839.4,858.1,878.0,895.5,904.8,822.5,822.9,823.9,825.0,786.8,801.9,816.0,829.5,841.1,734.7,751.1,768.3,780.5,764.8,747.7,843.8,859.4,875.2,884.3,873.2,857.8,759.6,781.9,800.8,814.7,829.3,842.1,849.3,839.0,826.2,811.0,796.2,778.8,767.8,798.8,813.1,827.7,841.6,828.1,813.2,799.0,403.7,436.9,468.7,500.2,530.1,557.2,581.2,602.8,611.8,608.6,588.8,567.3,543.2,518.0,494.0,470.4,447.6,375.7,361.0,358.7,369.1,387.7,396.5,388.3,386.5,389.4,402.9,425.4,448.3,470.3,492.7,502.1,508.4,514.4,512.5,508.5,409.8,404.4,408.1,422.4,423.2,419.9,432.5,423.6,425.9,435.3,439.9,438.2,541.3,532.3,529.4,535.0,532.4,539.1,550.2,560.4,566.9,567.6,565.0,557.5,541.5,543.8,546.3,546.2,549.4,548.9,550.1,547.5,0.94,0.00,0.77,0.18,0.00,0.00,0.00,0.28,0.17,2.24,0.00,0.76,0.00,0.00,0.13,0.57,0.00,0.00,1.00,0.00,1.00,0.00,0.00,0.00,0.00,0.00,1.00,1.00,0.00,0.00,1.00,0.00,0.00,0.00,0.00
165,0,5.467,0.98,1,0.008864,0.173180,-0.984850,-0.090372,0.184750,-0.978622,-0.041,0.180,742.7,748.0,757.2,764.8,766.4,761.6,751.9,744.3,733.4,739.1,746.1,754.2,762.5,768.9,773.3,766.5,758.3,750.1,742.6,736.8,750.4,753.7,757.7,760.0,759.3,756.0,752.0,749.7,850.9,855.4,863.6,870.7,872.6,868.1,859.9,851.9,840.2,847.6,856.3,865.8,873.0,876.9,878.1,875.0,870.2,863.8,855.6,846.7,856.9,860.0,863.5,865.4,864.6,861.6,858.0,856.1,413.3,405.3,403.6,409.0,418.5,427.2,428.3,422.8,410.8,407.2,405.9,406.5,410.2,415.9,423.5,426.0,425.9,424.7,421.5,416.8,418.9,421.3,420.5,417.1,412.9,410.6,411.3,414.8,432.2,423.3,420.6,425.7,435.6,444.6,447.2,442.7,433.3,428.1,425.5,425.5,428.8,433.3,439.5,442.7,443.9,443.5,441.3,438.2,437.5,439.6,438.5,434.7,430.4,428.2,429.4,433.2,50.8,53.3,57.7,61.4,62.2,59.9,55.2,51.5,46.6,49.1,52.3,56.0,60.0,63.3,65.7,62.3,58.1,54.1,50.6,48.1,54.6,56.2,58.1,59.2,58.9,57.3,55.4,54.2,96.3,98.6,102.9,106.8,107.9,105.5,101.2,96.9,91.3,94.6,98.6,103.4,107.6,110.4,112.0,109.6,106.4,102.6,98.4,94.2,99.8,101.4,103.3,104.3,103.8,102.2,100.3,99.3,26.3,22.4,21.5,24.1,28.8,33.1,33.7,31.0,25.4,23.4,22.6,22.8,24.6,27.5,31.3,32.5,32.4,31.8,30.3,28.2,29.1,30.3,29.9,28.2,26.1,25.0,25.4,27.1,33.0,29.0,27.9,30.4,35.1,39.1,40.1,37.8,33.4,31.0,29.8,30.0,31.8,34.2,37.4,38.6,38.7,38.3,37.1,35.6,35.6,36.7,36.3,34.5,32.5,31.5,31.9,33.6,432.5,431.9,431.0,430.4,430.4,431.2,431.9,432.5,437.2,434.1,430.9,429.1,429.0,429.9,431.4,430.6,429.9,430.1,431.8,434.5,432.7,432.5,432.1,431.8,431.8,432.1,432.5,432.7,399.5,400.6,402.9,405.1,405.9,404.8,402.5,400.4,398.9,398.6,399.0,400.7,404.1,407.9,411.6,407.9,404.2,401.2,399.3,398.8,402.4,403.3,404.3,404.8,404.4,403.5,402.5,402.0,93.6,73.5,499.3,0.040,-0.027,0.091,662.2,662.3,664.6,667.8,678.4,700.8,729.9,763.9,799.3,830.8,855.3,873.5,885.8,892.8,899.4,903.4,904.0,703.3,722.4,750.3,777.4,800.1,835.5,854.5,874.8,892.5,901.8,818.6,819.3,820.5,821.9,783.4,798.8,813.2,827.0,838.9,730.2,745.9,763.1,775.7,759.9,742.8,840.6,856.1,871.9,881.2,870.1,854.7,755.5,778.6,797.4,812.5,828.0,841.9,849.9,839.6,826.3,810.3,794.5,776.4,764.0,795.9,811.3,826.9,842.1,827.4,811.9,796.5,406.2,438.8,469.8,500.9,530.6,558.2,583.1,604.9,612.8,608.4,588.3,567.3,543.9,519.2,495.2,471.5,448.9,377.6,363.0,361.0,371.4,390.0,399.1,390.3,388.7,391.7,405.2,427.8,450.4,472.3,494.7,504.1,510.2,516.3,513.9,509.6,412.6,406.9,410.4,424.4,425.6,422.4,434.6,425.8,428.0,437.3,441.9,440.3,542.8,533.9,531.1,536.5,533.8,540.0,551.0,560.9,567.5,568.5,566.1,558.8,543.0,545.7,548.1,547.6,550.2,549.5,550.8,548.3,1.18,0.00,0.75,0.26,0.00,0.00,0.00,0.28,0.18,2.40,0.00,0.69,0.00,0.00,0.19,0.66,0.00,0.00,1.00,0.00,1.00,0.00,0.00,0.00,0.00,0.00,1.00,1.00,0.00,0.00,1.00,0.00,0.00,0.00,0.00
166,0,5.500,0.98,1,0.003349,0.178220,-0.983985,-0.085450,0.182881,-0.979415,-0.042,0.182,742.6,747.9,756.9,764.5,766.1,761.3,751.8,744.2,733.1,739.2,746.6,754.7,762.6,768.7,772.5,766.1,758.2,750.3,742.8,736.8,750.1,753.4,757.4,759.7,759.0,755.7,751.7,749.4,850.7,854.9,862.9,870.1,872.2,867.9,859.9,851.8,840.0,847.3,855.8,865.2,872.4,876.4,877.9,874.8,870.0,863.6,855.4,846.6,856.8,859.8,863.3,865.1,864.2,861.1,857.7,855.9,413.3,405.4,403.7,409.0,418.3,426.8,427.9,422.6,410.7,407.0,405.7,406.3,409.9,415.8,423.5,425.9,425.8,424.6,421.4,416.7,418.8,421.1,420.3,416.9,412.8,410.5,411.2,414.7,432.4,423.7,421.1,426.1,435.8,444.6,447.2,442.7,433.5,428.3,425.5,425.4,428.7,433.3,439.7,442.8,443.9,443.4,441.3,438.3,437.6,439.8,438.7,434.9,430.7,428.6,429.7,433.4,51.9,54.5,59.0,62.8,63.6,61.3,56.5,52.7,47.5,50.3,53.7,57.6,61.7,64.9,67.0,63.6,59.5,55.5,51.9,49.2,55.7,57.4,59.4,60.5,60.2,58.5,56.5,55.4,97.7,99.9,104.3,108.1,109.3,107.0,102.6,98.4,92.6,95.9,99.9,104.7,108.9,111.8,113.5,111.1,107.8,104.0,99.8,95.6,101.2,102.8,104.7,105.7,105.2,103.5,101.7,100.7,26.9,23.0,22.0,24.7,29.4,33.7,34.3,31.6,25.9,23.9,23.0,23.3,25.1,28.1,32.1,33.2,33.2,32.5,31.0,28.8,29.8,30.9,30.5,28.8,26.7,25.5,25.9,27.7,33.6,29.6,28.6,31.1,35.7,39.7,40.7,38.4,34.0,31.6,30.3,30.4,32.2,34.7,38.0,39.2,39.3,38.8,37.6,36.2,36.2,37.3,36.9,35.2,33.2,32.1,32.6,34.3,442.6,442.2,441.7,441.3,441.4,442.0,442.3,442.6,446.7,443.9,441.1,439.7,439.9,441.0,442.7,441.6,440.6,440.5,441.8,444.3,443.1,443.0,442.7,442.6,442.5,442.7,442.9,443.1,405.7,406.9,409.2,411.2,411.8,410.6,408.3,406.4,405.1,404.8,405.2,406.9,410.2,413.9,417.6,413.8,410.1,407.1,405.3,404.9,408.4,409.3,410.3,410.8,410.5,409.6,408.7,408.1,92.9,73.1,498.1,0.043,-0.021,0.095,660.0,659.1,660.7,664.1,675.6,699.3,731.2,767.0,802.7,833.2,856.6,873.6,885.3,892.2,899.2,903.7,905.0,703.9,722.3,749.3,775.7,798.1,837.3,856.3,876.1,892.9,901.3,817.3,817.5,818.3,819.2,781.9,796.9,811.0,824.7,836.5,730.6,745.9,762.9,775.0,759.7,742.9,840.4,855.8,871.4,880.4,869.7,854.6,755.5,777.7,795.3,810.5,826.0,839.9,847.9,837.9,825.0,809.0,793.3,776.2,763.8,794.3,809.5,825.3,840.3,825.7,810.1,794.8,403.2,435.9,466.9,498.8,529.3,558.2,584.0,605.3,612.0,606.5,586.8,567.4,545.1,521.5,497.8,474.1,450.9,378.0,363.1,360.6,370.6,388.3,397.5,389.8,388.7,392.7,406.4,427.3,450.0,472.0,494.3,503.8,509.7,515.8,513.4,509.1,412.4,406.5,409.9,424.0,425.4,422.1,434.8,425.9,428.0,437.6,442.1,440.6,542.5,534.3,531.6,536.7,534.2,539.9,550.3,559.4,565.9,567.1,564.7,558.1,542.5,545.2,547.6,546.8,549.7,549.2,550.7,548.2,1.41,0.00,0.72,0.26,0.00,0.00,0.00,0.22,0.18,2.50,0.00,0.53,0.00,0.00,0.31,0.71,0.00,0.00,1.00,0.00,1.00,0.00,0.00,0.00,0.00,0.00,1.00,1.00,0.00,0.00,1.00,0.00,0.00,0.00,0.00
167,0,5.533,0.98,1,-0.003839,0.176113,-0.984362,-0.086227,0.185901,-0.978778,-0.046,0.182,742.7,748.0,757.0,764.5,766.1,761.3,751.7,744.2,733.5,739.3,746.5,754.6,762.6,768.8,772.9,766.3,758.3,750.3,742.9,737.0,750.2,753.5,757.5,759.8,759.1,755.8,751.8,749.5,850.7,855.0,863.0,870.1,872.1,867.9,859.9,851.8,840.1,847.3,855.8,865.2,872.4,876.5,877.8,874.8,870.0,863.6,855.5,846.6,856.8,859.8,863.3,865.1,864.2,861.2,857.7,855.9,413.2,405.3,403.6,409.0,418.3,426.9,427.9,422.5,410.6,407.1,405.7,406.3,410.0,415.8,423.5,425.9,425.8,424.6,421.4,416.7,418.8,421.2,420.4,416.9,412.8,410.4,411.2,414.7,432.4,423.7,421.1,426.2,435.9,444.6,447.2,442.7,433.5,428.3,425.5,425.5,428.7,433.3,439.7,442.9,443.9,443.5,441.3,438.3,437.6,439.8,438.7,435.0,430.8,428.7,429.8,433.5,51.6,54.2,58.6,62.3,63.0,60.8,56.0,52.3,47.4,50.0,53.3,57.1,61.1,64.3,66.6,63.2,59.1,55.1,51.5,48.9,55.3,57.0,58.9,60.1,59.7,58.1,56.2,55.0,97.6,99.9,104.2,108.1,109.2,106.9,102.5,98.3,92.5,95.8,99.8,104.7,108.9,111.8,113.4,111.0,107.7,104.0,99.7,95.5,101.1,102.7,104.6,105.6,105.1,103.4,101.6,100.6,26.7,22.7,21.8,24.5,29.2,33.5,34.1,31.4,25.7,23.7,22.9,23.1,24.9,27.9,31.8,33.0,32.9,32.3,30.8,28.6,29.5,30.7,30.3,28.5,26.5,25.3,25.7,27.5,33.6,29.6,28.6,31.1,35.7,39.7,40.7,38.4,34.0,31.6,30.3,30.4,32.2,34.6,38.0,39.2,39.3,38.8,37.6,36.2,36.2,37.3,36.9,35.2,33.2,32.1,32.6,34.2,439.3,438.8,438.1,437.5,437.4,438.2,438.7,439.3,443.7,440.7,437.7,436.1,436.1,437.0,438.6,437.7,436.8,436.9,438.4,441.1,439.6,439.3,439.0,438.8,438.8,439.1,439.4,439.6,405.3,406.5,408.8,410.9,411.5,410.3,408.0,406.0,404.8,404.5,404.8,406.5,409.8,413.6,417.3,413.5,409.8,406.8,405.0,404.6,408.1,408.9,409.9,410.4,410.2,409.3,408.3,407.8,93.0,73.1,498.3,0.045,-0.017,0.093,660.2,658.9,660.2,663.4,675.0,699.2,732.4,769.1,805.0,835.1,857.9,874.3,885.6,892.1,899.1,903.6,904.8,704.4,722.6,749.5,775.9,798.4,837.5,856.5,876.3,893.1,901.2,817.5,817.6,818.5,819.3,782.0,796.9,811.0,824.6,836.4,730.9,746.1,762.9,775.0,759.9,743.1,840.4,855.9,871.4,880.3,869.7,854.6,755.5,777.5,794.9,810.1,825.6,839.5,847.4,837.4,824.5,808.6,792.9,775.9,763.7,794.0,809.3,824.9,839.8,825.2,809.6,794.4,402.9,435.6,466.6,498.7,529.3,558.4,584.3,604.9,610.9,604.8,585.1,566.1,544.3,521.1,497.6,473.8,450.5,378.2,363.2,360.5,370.4,388.2,397.3,389.6,388.6,392.9,406.8,427.4,450.0,472.1,494.5,503.8,509.6,515.6,513.3,509.0,412.4,406.5,410.0,424.2,425.4,422.1,434.9,425.9,428.0,437.5,442.1,440.6,542.4,534.3,531.5,536.7,534.1,540.0,550.4,559.4,565.6,566.9,564.5,558.0,542.4,545.0,547.4,546.6,549.7,549.0,550.5,548.1,1.70,0.00,0.72,0.38,0.00,0.00,0.00,0.14,0.16,2.41,0.00,0.43,0.00,0.00,0.41,0.70,0.00,0.00,1.00,0.00,1.00,0.00,0.00,0.00,0.00,0.00,1.00,1.00,0.00,0.00,1.00,0.00,0.00,0.00,0.00
168,0,5.567,0.98,1,-0.006625,0.180791,-0.983499,-0.086360,0.189682,-0.978040,-0.047,0.187,742.6,747.9,757.0,764.5,766.1,761.4,751.8,744.2,733.4,739.3,746.5,754.5,762.6,768.8,773.0,766.4,758.3,750.2,742.8,737.0,750.2,753.5,757.5,759.8,759.1,755.8,751.8,749.5,850.7,854.9,863.0,870.1,872.2,868.0,859.9,851.8,839.9,847.2,855.8,865.3,872.5,876.5,877.9,874.9,870.1,863.6,855.4,846.5,856.8,859.8,863.3,865.1,864.2,861.2,857.7,855.9,413.3,405.4,403.6,409.0,418.3,426.9,428.0,422.6,410.6,407.1,405.7,406.3,410.0,415.7,423.3,425.8,425.9,424.6,421.5,416.7,418.8,421.2,420.4,416.9,412.8,410.5,411.2,414.7,432.5,423.7,421.0,426.1,435.8,444.6,447.3,442.9,433.5,428.3,425.5,425.4,428.7,433.3,439.6,442.8,443.9,443.4,441.3,438.4,437.7,439.8,438.7,434.9,430.8,428.6,429.8,433.5,51.5,54.0,58.5,62.2,63.0,60.7,56.0,52.3,47.3,49.9,53.2,57.0,61.0,64.2,66.6,63.1,59.0,55.0,51.5,48.8,55.3,56.9,58.9,60.0,59.6,58.0,56.1,54.9,97.0,99.3,103.6,107.4,108.6,106.3,102.0,97.7,91.9,95.2,99.2,104.0,108.2,111.2,112.8,110.4,107.1,103.4,99.1,94.9,100.5,102.2,104.0,105.0,104.5,102.8,101.0,100.0,26.7,22.7,21.8,24.4,29.1,33.5,34.1,31.4,25.6,23.7,22.8,23.1,24.9,27.8,31.7,32.9,32.8,32.2,30.8,28.6,29.5,30.7,30.3,28.5,26.4,25.3,25.7,27.4,33.4,29.4,28.4,30.8,35.5,39.5,40.5,38.2,33.8,31.4,30.1,30.2,32.0,34.4,37.8,38.9,39.1,38.6,37.4,36.0,36.0,37.1,36.7,34.9,33.0,31.9,32.4,34.1,438.7,438.2,437.4,436.8,436.8,437.6,438.2,438.7,443.1,440.1,437.0,435.4,435.4,436.4,438.0,437.1,436.2,436.4,437.9,440.5,439.0,438.8,438.4,438.2,438.2,438.4,438.8,439.0,403.0,404.1,406.4,408.5,409.2,408.0,405.7,403.7,402.4,402.0,402.4,404.1,407.4,411.2,415.0,411.2,407.5,404.5,402.6,402.2,405.7,406.6,407.6,408.1,407.8,406.9,405.9,405.4,93.0,73.0,498.0,0.049,-0.011,0.089,660.2,658.8,660.0,663.4,675.3,699.9,733.7,770.9,806.8,836.8,859.3,875.5,886.3,892.5,899.3,903.7,904.8,704.5,722.7,749.6,776.0,798.5,837.5,856.5,876.3,893.0,901.0,817.6,817.7,818.5,819.3,782.1,797.0,811.1,824.6,836.4,730.9,746.0,762.8,775.0,759.9,743.0,840.3,855.9,871.5,880.4,869.7,854.6,755.6,777.4,794.8,810.0,825.4,839.3,847.3,837.2,824.3,808.5,792.8,775.8,763.7,794.0,809.2,824.8,839.6,825.0,809.5,794.4,402.5,435.2,466.4,498.8,529.6,558.9,584.9,605.1,610.6,603.9,583.7,564.7,543.1,520.1,496.9,473.3,450.3,378.2,363.1,360.4,370.4,388.3,397.3,389.7,388.6,392.8,406.7,427.4,450.1,472.2,494.7,503.9,509.6,515.6,513.3,509.0,412.4,406.5,410.0,424.2,425.4,422.1,434.9,426.0,428.0,437.4,442.1,440.6,542.4,534.3,531.5,536.6,534.0,539.9,550.3,559.3,565.6,566.9,564.6,558.2,542.3,545.0,547.3,546.5,549.6,548.8,550.4,548.1,1.81,0.00,0.65,0.36,0.00,0.00,0.00,0.14,0.14,2.40,0.00,0.39,0.00,0.00,0.46,0.67,0.00,0.00,1.00,0.00,1.00,0.00,0.00,0.00,0.00,0.00,1.00,1.00,0.00,0.00,1.00,0.00,0.00,0.00,0.00
169,0,5.600,0.98,1,-0.010153,0.180778,-0.983472,-0.087142,0.193250,-0.977272,-0.050,0.188,742.6,747.9,756.9,764.5,766.1,761.4,751.8,744.2,733.6,739.3,746.4,754.3,762.4,768.8,773.0,766.3,758.2,750.2,742.8,737.1,750.2,753.5,757.5,759.8,759.1,755.8,751.8,749.5,850.7,854.9,862.9,870.1,872.2,868.0,859.9,851.8,839.9,847.2,855.7,865.3,872.4,876.5,877.8,874.9,870.1,863.7,855.5,846.5,856.8,859.8,863.3,865.1,864.2,861.1,857.7,855.9,413.2,405.2,403.4,408.8,418.2,426.9,428.0,422.6,410.6,407.1,405.7,406.3,409.8,415.6,423.2,425.7,425.8,424.6,421.4,416.7,418.8,421.1,420.3,416.8,412.7,410.3,411.1,414.6,432.5,423.6,420.9,426.0,435.8,444.7,447.4,442.9,433.6,428.3,425.5,425.4,428.7,433.2,439.6,442.8,443.8,443.4,441.3,438.4,437.7,439.8,438.7,434.9,430.7,428.6,429.7,433.5,51.3,53.9,58.3,62.0,62.8,60.6,55.8,52.2,47.3,49.9,53.0,56.8,60.8,64.0,66.4,62.9,58.8,54.8,51.3,48.8,55.2,56.8,58.7,59.9,59.5,57.9,56.0,54.8,96.5,98.8,103.0,106.9,108.1,105.8,101.5,97.3,91.4,94.7,98.7,103.5,107.7,110.6,112.3,109.9,106.7,102.9,98.7,94.4,100.0,101.7,103.5,104.5,104.0,102.3,100.5,99.5,26.6,22.6,21.7,24.3,29.0,33.4,34.0,31.3,25.6,23.6,22.8,23.0,24.7,27.6,31.5,32.7,32.7,32.2,30.7,28.5,29.4,30.6,30.2,28.4,26.3,25.2,25.6,27.4,33.2,29.2,28.2,30.7,35.3,39.3,40.3,38.1,33.7,31.2,30.0,30.1,31.8,34.2,37.6,38.7,38.9,38.4,37.2,35.8,35.8,36.9,36.5,34.8,32.8,31.7,32.2,33.9,437.9,437.4,436.5,435.8,435.8,436.6,437.2,437.9,442.3,439.3,436.2,434.5,434.4,435.2,436.8,435.9,435.2,435.4,437.0,439.7,438.1,437.8,437.5,437.2,437.2,437.5,437.9,438.2,401.0,402.2,404.5,406.6,407.3,406.1,403.7,401.7,400.3,400.0,400.4,402.2,405.5,409.3,413.1,409.3,405.5,402.5,400.6,400.1,403.8,404.7,405.7,406.2,405.9,405.0,404.0,403.5,93.1,73.0,498.3,0.052,-0.007,0.085,660.1,658.8,660.0,663.6,675.9,701.0,735.3,772.7,808.5,838.3,860.4,876.2,886.7,892.7,899.4,903.8,904.7,704.6,722.7,749.5,775.8,798.4,837.5,856.5,876.2,893.0,900.8,817.7,817.8,818.5,819.3,782.1,797.0,811.1,824.6,836.4,730.9,745.9,762.8,775.0,759.9,743.0,840.2,855.9,871.4,880.4,869.7,854.6,755.6,777.3,794.7,809.9,825.3,839.2,847.2,837.1,824.2,808.4,792.7,775.8,763.7,794.0,809.2,824.7,839.5,824.9,809.5,794.3,401.9,434.9,466.4,499.2,530.2,559.6,585.5,605.2,610.1,602.9,582.5,563.5,542.0,519.2,496.2,472.8,449.9,378.2,363.1,360.3,370.4,388.3,397.4,389.8,388.7,392.9,406.7,427.3,450.1,472.2,494.7,503.9,509.5,515.5,513.2,508.9,412.3,406.5,409.9,424.2,425.4,422.1,434.9,425.9,427.9,437.3,442.1,440.5,542.4,534.4,531.6,536.7,534.0,539.9,550.1,559.3,565.5,566.9,564.6,558.3,542.3,545.0,547.3,546.4,549.5,548.7,550.4,548.1,1.44,0.00,0.74,0.24,0.04,0.59,0.00,0.23,0.28,2.04,0.00,1.01,0.00,0.18,0.32,0.60,0.00,0.00,1.00,0.00,1.00,0.00,0.00,0.00,0.00,0.00,1.00,1.00,0.00,0.00,1.00,0.00,0.00,0.00,0.00
170,0,5.633,0.03,0,0.000000,0.000000,0.000000,0.000000,0.000000,0.000000,0.000,0.000,711.9,718.3,727.2,733.4,733.3,726.7,718.0,711.8,689.3,700.7,713.1,725.0,732.9,736.4,736.6,733.1,728.0,719.8,709.6,698.7,716.9,719.2,722.5,724.9,725.0,722.7,719.4,717.0,816.3,820.8,830.0,838.5,841.4,837.0,827.8,818.3,802.2,810.4,820.3,830.9,839.7,845.4,848.4,844.1,837.6,829.1,819.4,809.5,823.8,827.5,831.5,833.4,832.2,828.5,824.5,822.5,410.7,400.1,397.9,405.5,418.4,429.9,431.2,423.6,408.8,405.3,404.4,405.2,409.2,415.4,423.6,425.3,424.7,423.0,419.4,414.6,417.7,420.6,419.8,415.8,410.9,408.0,408.8,412.9,427.7,418.1,415.4,421.0,431.7,441.2,444.0,439.1,430.6,425.3,422.1,421.9,425.6,431.1,437.8,440.3,440.5,439.3,437.1,434.8,433.7,436.2,435.0,430.9,426.2,423.8,425.0,429.1,26.0,28.4,32.0,34.6,34.7,32.1,28.6,26.1,17.7,21.8,26.3,30.8,34.1,35.7,36.1,34.5,32.2,28.9,25.1,21.1,28.1,29.1,30.4,31.4,31.4,30.4,29.1,28.1,73.5,75.7,80.0,84.0,85.2,83.0,78.6,74.4,67.7,71.0,75.1,79.8,84.1,87.3,89.4,86.6,83.1,78.9,74.6,70.6,77.1,78.8,80.7,81.6,81.1,79.4,77.5,76.6,18.3,14.6,13.9,16.9,21.7,25.9,26.1,23.1,17.6,16.3,16.0,16.4,18.0,20.5,23.8,24.2,23.7,22.8,21.4,19.6,21.1,22.2,22.0,20.6,18.8,17.6,17.9,19.3,28.2,24.3,23.3,25.8,30.3,34.2,35.2,33.0,29.5,27.2,25.9,25.9,27.6,30.2,33.4,34.1,33.8,33.1,32.1,31.1,30.9,32.0,31.6,29.9,27.9,26.9,27.3,29.0,316.5,318.0,321.2,324.2,325.2,324.0,320.4,317.4,314.8,314.7,315.4,317.5,320.9,324.3,327.2,324.0,320.2,317.1,315.4,314.7,320.1,321.3,322.5,323.1,322.7,321.5,320.3,319.7,364.9,366.3,368.5,370.0,370.1,368.6,366.4,365.0,365.1,364.6,364.7,365.9,368.6,372.0,375.3,371.4,367.8,365.2,364.0,364.2,367.1,367.7,368.7,369.3,369.3,368.6,367.7,367.1,86.0,69.8,475.6,0.060,-0.048,0.046,642.3,642.7,646.6,653.6,667.9,693.7,729.3,768.9,806.0,835.9,855.5,870.3,879.1,883.6,888.5,891.7,891.2,690.9,709.3,737.3,765.3,789.9,835.2,852.9,872.1,887.6,893.9,813.0,815.8,819.4,822.7,782.4,797.4,811.8,824.0,834.5,719.2,735.5,753.8,769.1,752.3,733.8,830.7,848.8,865.1,875.0,864.3,847.8,751.0,776.5,796.1,809.6,823.3,837.2,845.4,835.4,822.9,808.8,794.7,775.8,759.5,794.7,808.3,822.0,837.8,822.8,809.5,795.8,406.8,438.1,468.4,501.1,531.8,562.6,591.7,614.7,619.6,608.9,583.3,558.2,532.6,508.0,484.1,460.6,437.4,385.2,368.9,364.9,374.5,392.0,398.7,388.4,385.1,389.4,404.9,427.3,449.6,471.6,494.2,506.2,510.7,515.9,513.1,508.8,416.6,410.9,413.5,427.2,429.5,427.6,434.4,424.5,425.8,434.2,440.9,440.1,540.8,536.3,533.6,538.0,534.6,539.7,546.2,559.5,565.9,567.5,565.8,558.5,541.3,547.2,549.0,547.5,546.4,547.2,549.3,547.6,0.83,0.00,0.50,0.12,0.04,0.59,0.00,0.18,0.22,1.24,0.00,0.88,0.00,0.18,0.15,0.37,0.00,0.00,1.00,0.00,1.00,0.00,0.00,0.00,0.00,0.00,1.00,1.00,0.00,0.00,1.00,0.00,0.00,0.00,0.00
171,0,5.667,0.03,0,0.000000,0.000000,0.000000,0.000000,0.000000,0.000000,0.000,0.000,721.2,726.9,738.0,748.0,751.1,746.3,734.3,724.3,709.4,712.0,718.0,728.1,740.4,751.1,759.8,750.5,738.3,727.2,718.9,712.8,732.1,736.2,740.8,743.1,741.9,737.8,733.2,730.9,838.7,842.5,851.8,861.1,865.0,861.2,852.0,841.7,827.7,836.3,845.7,854.7,862.1,867.7,872.3,868.3,862.9,855.5,845.9,835.5,846.7,850.8,854.9,856.6,854.9,850.7,846.6,844.9,411.0,400.8,398.8,406.1,418.5,429.5,430.7,423.4,412.4,407.8,405.7,405.2,407.9,412.8,419.9,424.4,426.0,425.9,423.3,419.0,417.9,420.9,420.1,415.9,410.8,407.8,408.6,412.8,431.2,420.0,415.5,420.2,431.5,442.6,447.2,443.2,428.8,426.1,425.0,425.1,425.9,427.0,429.2,435.6,439.7,441.4,439.7,436.0,436.4,438.5,436.5,431.5,426.5,424.4,426.4,431.4,29.1,31.0,34.7,38.2,39.4,37.9,33.8,30.3,25.5,26.1,28.0,31.2,35.4,39.2,42.4,39.2,34.9,31.1,28.4,26.5,33.0,34.5,36.0,36.8,36.3,34.9,33.3,32.5,83.7,85.5,90.0,94.6,96.5,94.6,90.0,85.1,78.8,82.4,86.5,90.7,94.5,97.7,100.6,98.0,94.7,90.8,86.4,82.0,87.8,89.8,91.8,92.6,91.8,89.8,87.7,86.9,18.3,14.6,13.7,16.3,20.7,24.8,25.4,22.8,19.3,17.3,16.4,16.0,16.9,18.6,21.2,22.8,23.4,23.5,22.8,21.5,20.7,21.8,21.5,19.9,18.1,17.0,17.4,18.9,30.0,25.4,23.6,25.8,30.6,35.3,37.0,35.2,28.9,27.7,27.3,27.5,28.0,28.8,30.0,32.5,33.9,34.3,33.5,31.9,32.4,33.4,32.7,30.6,28.4,27.4,28.2,30.3,313.8,312.0,310.1,309.3,310.0,312.1,313.7,314.5,322.0,317.6,313.6,309.9,308.3,308.6,309.8,310.0,310.5,312.4,315.4,318.7,313.7,313.4,312.6,311.9,311.6,311.9,312.7,313.4,368.5,369.5,371.9,374.3,375.2,374.1,371.7,369.5,367.5,367.3,368.0,369.6,372.1,375.3,379.1,375.5,371.7,368.8,367.3,367.1,371.5,372.5,373.6,374.1,373.7,372.7,371.6,371.1,80.8,66.9,460.6,0.017,-0.012,0.003,641.8,643.5,648.1,654.9,668.6,694.0,728.2,766.7,805.7,838.7,860.6,875.3,881.7,883.8,886.9,888.2,885.3,675.8,691.1,717.6,744.2,769.7,830.0,846.0,863.7,878.8,886.5,805.4,808.8,813.2,817.5,775.4,792.1,808.2,821.4,832.6,705.6,721.3,740.3,757.8,739.1,720.0,826.1,845.9,863.2,873.6,861.9,844.5,746.6,771.9,792.5,806.5,820.5,835.1,844.8,834.4,821.6,807.3,793.1,772.9,754.8,792.2,806.3,820.4,836.5,821.6,807.9,794.1,407.5,439.6,470.4,504.2,537.9,570.8,601.4,625.6,630.6,616.7,584.8,554.3,525.4,499.4,476.5,455.9,436.6,380.6,365.0,360.1,370.2,387.8,396.2,388.6,385.2,386.4,398.2,424.3,447.7,470.7,494.3,506.2,511.4,516.9,513.2,507.2,413.0,407.4,409.6,422.4,425.5,424.0,430.3,421.9,423.8,431.7,437.8,436.4,541.4,536.9,534.4,538.6,534.1,538.0,543.8,556.1,563.2,565.8,565.1,558.8,542.0,548.9,550.2,548.0,544.6,543.4,546.8,545.8,0.43,0.00,0.38,0.00,0.31,0.89,0.00,0.15,0.53,0.99,0.00,2.03,0.50,0.69,0.00,0.85,0.00,0.00,1.00,0.00,0.00,0.00,0.00,0.00,0.00,0.00,1.00,0.00,1.00,0.00,1.00,0.00,0.00,0.00,0.00
172,0,5.700,0.88,1,0.068371,0.076170,-0.994748,-0.027881,0.239275,-0.970551,0.021,0.159,713.6,718.4,728.2,737.3,740.3,735.8,725.7,716.6,699.7,705.9,715.1,725.0,734.2,740.8,744.2,738.5,732.4,724.7,715.5,706.8,721.3,725.5,730.1,732.3,730.8,726.6,722.1,719.9,815.9,819.5,828.2,836.9,840.5,836.9,828.2,818.7,805.7,812.9,821.2,829.5,836.6,842.3,847.3,842.9,837.2,830.0,821.3,812.4,823.3,827.4,831.6,833.4,831.6,827.4,823.3,821.5,414.6,403.9,399.9,405.0,416.2,427.7,431.0,425.8,420.1,413.2,408.7,405.8,406.7,412.5,423.5,423.8,425.0,425.6,424.3,422.3,420.1,422.5,420.6,415.7,410.5,408.1,410.0,414.9,427.6,417.8,413.9,418.0,427.9,437.6,441.5,438.1,425.6,423.1,422.0,422.0,422.7,423.7,425.5,430.3,433.3,434.7,433.5,430.9,432.4,434.4,432.5,427.9,423.2,421.2,423.1,427.7,31.7,33.8,38.2,42.4,43.9,41.9,37.3,33.1,25.7,28.3,32.2,36.5,40.7,43.8,45.6,42.9,40.0,36.5,32.5,28.8,35.3,37.2,39.3,40.3,39.6,37.7,35.6,34.6,85.8,87.8,92.4,97.1,99.1,97.1,92.4,87.3,80.8,84.2,88.3,92.5,96.4,99.9,103.2,100.3,96.7,92.6,88.2,83.9,90.0,92.2,94.5,95.4,94.5,92.2,90.0,89.0,23.5,18.9,17.3,19.6,24.6,29.6,30.8,28.5,25.9,22.9,20.9,19.7,20.2,22.8,27.7,27.8,28.1,28.2,27.7,26.8,26.1,27.2,26.5,24.3,22.0,20.9,21.7,23.8,33.0,28.3,26.5,28.6,33.5,38.3,40.0,38.2,32.0,30.7,30.2,30.3,30.7,31.4,32.6,34.7,36.0,36.4,35.8,34.5,35.5,36.6,35.8,33.5,31.1,30.1,31.0,33.2,377.2,377.7,379.5,381.6,382.7,382.6,380.4,378.3,377.0,376.1,375.2,375.8,378.0,380.2,382.5,380.7,378.5,376.7,376.5,377.0,380.0,380.9,381.8,382.0,381.5,380.6,379.7,379.5,426.9,427.8,429.7,431.6,432.3,431.4,429.5,427.8,426.8,426.1,426.2,427.3,429.3,432.2,435.7,432.3,429.0,426.5,425.6,426.0,429.5,430.4,431.3,431.7,431.4,430.5,429.6,429.2,77.6,65.9,476.4,-0.058,0.053,-0.041,637.2,638.5,643.4,650.6,665.9,690.2,722.4,762.0,800.9,833.5,858.8,876.1,884.1,885.6,887.3,888.2,887.0,669.9,685.0,709.9,734.1,755.4,800.2,820.6,842.3,860.5,870.9,779.8,781.9,784.6,787.5,754.9,771.9,788.0,801.3,813.4,701.7,715.0,732.0,746.9,731.4,714.1,804.5,821.5,836.8,848.3,836.9,821.5,742.7,765.9,782.5,795.9,809.9,824.2,837.0,827.6,818.2,804.0,791.3,772.4,751.0,785.0,797.6,812.0,827.9,814.6,800.8,788.3,408.6,441.0,474.5,510.2,544.1,576.9,606.8,630.0,632.4,619.5,592.1,565.3,537.1,508.1,479.9,455.7,432.7,381.8,365.3,360.3,368.5,385.2,390.2,382.4,380.2,386.0,402.7,423.4,444.6,464.9,485.9,499.5,504.1,508.3,501.6,494.8,415.9,409.5,411.4,422.0,425.6,424.9,427.5,419.8,421.2,427.6,432.1,432.0,531.2,521.9,517.3,519.1,514.0,514.5,520.6,529.5,536.6,541.1,542.6,542.7,530.1,530.7,530.1,525.9,521.1,520.8,525.5,526.0,0.52,0.00,0.13,0.00,0.42,0.62,0.00,0.02,0.60,1.33,0.00,2.77,1.05,1.04,0.00,1.19,0.10,0.00,1.00,0.00,0.00,0.00,0.00,0.00,0.00,0.00,1.00,0.00,1.00,1.00,1.00,0.00,0.00,0.00,0.00
173,0,5.733,0.88,1,0.047482,0.075435,-0.996020,-0.035757,0.159314,-0.986580,0.006,0.118,712.3,718.4,728.6,736.9,738.5,732.3,722.1,713.8,694.2,702.7,715.6,726.6,734.7,739.5,740.2,737.0,732.1,724.5,713.4,701.9,718.9,722.4,726.7,729.3,728.6,725.2,720.9,718.3,815.6,819.3,828.3,837.3,841.0,837.2,828.2,818.3,802.3,810.8,820.6,830.5,838.5,844.2,847.8,844.2,838.3,830.2,820.4,810.0,823.1,827.2,831.3,833.1,831.4,827.3,823.2,821.4,415.0,402.6,397.7,403.0,415.5,428.5,432.8,427.5,418.4,411.7,408.1,405.8,407.2,413.3,423.1,424.2,425.3,426.0,424.8,421.7,419.8,422.1,420.0,414.8,409.6,407.3,409.4,414.6,427.2,417.2,413.9,419.2,430.0,440.0,443.3,438.7,427.5,424.0,421.8,421.6,424.1,428.1,433.1,436.6,437.7,437.2,435.3,432.8,433.3,435.7,434.2,429.7,424.7,422.3,423.8,428.3,25.3,27.5,31.4,34.7,35.5,33.2,29.3,26.0,18.9,21.9,26.4,30.5,33.8,35.9,36.5,35.1,33.0,29.9,25.8,21.7,28.0,29.4,31.0,31.9,31.6,30.3,28.6,27.7,73.0,74.9,79.2,83.4,84.9,83.0,78.6,74.1,67.5,71.0,75.1,79.6,83.5,86.7,89.1,86.6,83.2,79.2,74.8,70.5,76.6,78.5,80.5,81.4,80.7,78.8,76.8,75.9,19.2,15.0,13.3,15.4,20.0,24.7,25.9,23.8,20.4,18.1,16.8,16.1,16.8,19.2,23.0,23.2,23.4,23.4,22.8,21.6,21.2,22.1,21.5,19.6,17.7,16.8,17.5,19.3,27.9,23.9,22.7,25.0,29.6,33.6,34.8,32.7,28.1,26.6,25.7,25.7,27.0,28.9,31.4,32.5,32.6,32.2,31.2,30.2,30.7,31.8,31.2,29.4,27.3,26.2,26.7,28.6,306.4,306.9,309.6,312.9,315.0,315.0,311.8,308.5,305.9,305.7,306.1,308.3,311.9,315.6,319.0,316.6,313.2,309.8,307.6,306.6,310.4,311.8,312.9,313.1,312.3,310.8,309.7,309.5,363.8,365.5,368.0,369.8,369.8,368.1,365.6,363.9,363.8,363.5,364.0,365.5,368.2,371.7,375.4,371.1,367.2,364.3,362.9,362.9,366.2,367.0,368.1,368.9,368.9,368.1,366.9,366.2,75.6,65.3,471.8,-0.054,0.076,-0.026,636.7,638.0,642.6,649.3,663.4,686.4,718.4,758.4,799.0,833.6,860.2,877.7,884.6,885.0,886.6,888.0,887.5,668.9,684.7,709.5,733.5,754.8,798.8,819.4,841.3,859.6,870.9,778.3,779.5,781.3,783.5,751.4,768.2,784.2,797.7,810.0,699.6,713.3,730.6,746.1,729.9,712.1,803.2,821.5,837.4,849.1,837.4,821.3,738.5,761.0,777.4,791.0,805.5,820.0,834.1,823.0,812.9,798.2,785.4,767.0,746.7,779.9,792.7,807.6,824.5,810.0,795.7,783.0,404.4,437.0,470.6,506.7,541.5,575.5,607.0,631.3,634.0,621.0,593.4,566.1,536.9,507.4,479.8,456.5,434.0,379.9,364.0,359.8,368.5,385.6,391.3,384.2,382.2,387.3,403.0,423.6,445.1,465.9,487.3,500.3,505.4,510.1,503.6,496.8,415.1,408.7,411.1,422.6,426.1,425.1,429.9,421.7,423.4,430.5,435.3,434.9,529.1,521.3,517.8,520.0,515.3,515.9,521.4,529.0,535.3,539.6,540.8,540.9,528.3,530.4,530.3,526.4,521.5,520.8,525.4,525.5,0.76,0.00,0.13,0.00,0.55,0.86,0.00,0.02,0.80,2.21,0.00,4.18,1.58,1.58,0.00,1.73,0.16,0.00,1.00,0.00,0.00,0.00,0.00,0.00,0.00,0.00,1.00,0.00,1.00,1.00,1.00,0.00,0.00,0.00,0.00
174,0,5.767,0.88,1,0.043467,0.095453,-0.994484,-0.009374,0.119829,-0.992750,0.017,0.108,712.2,719.3,729.4,736.8,737.0,729.8,719.8,712.5,689.5,700.8,715.2,726.7,734.1,738.3,738.9,735.9,731.0,723.6,712.4,699.7,718.0,721.0,725.1,728.0,727.9,725.0,720.8,718.0,815.4,819.1,828.3,837.4,841.2,837.4,828.3,818.1,799.8,808.3,818.6,829.5,838.4,844.5,847.8,844.4,838.0,829.2,818.8,808.0,823.1,827.2,831.3,833.0,831.3,827.2,823.1,821.4,413.7,401.7,397.2,402.9,415.4,428.0,431.8,426.2,410.8,407.2,405.4,405.1,407.9,413.9,422.1,425.1,426.4,426.7,424.1,418.4,418.6,420.9,419.0,414.1,409.1,406.8,408.6,413.5,427.4,417.2,413.8,419.3,430.3,440.5,443.9,439.3,431.3,426.3,422.7,421.6,424.2,428.9,434.8,437.9,438.7,438.1,436.8,435.2,433.6,436.0,434.5,429.9,425.0,422.6,424.1,428.6,24.2,26.6,30.2,33.1,33.4,30.9,27.2,24.4,16.5,20.3,25.1,29.2,32.0,33.9,34.5,33.2,31.1,28.3,24.3,20.0,26.5,27.6,29.1,30.1,30.0,28.8,27.3,26.4,69.1,71.0,75.1,79.2,80.7,78.8,74.6,70.3,63.0,66.3,70.4,75.0,79.2,82.5,84.7,82.4,78.9,74.8,70.4,66.1,72.7,74.5,76.4,77.2,76.5,74.7,72.9,72.0,18.0,14.0,12.6,14.7,19.1,23.4,24.5,22.3,17.0,15.7,15.2,15.2,16.3,18.6,21.7,22.5,22.7,22.6,21.5,19.5,19.9,20.7,20.2,18.5,16.7,15.9,16.5,18.1,26.6,22.7,21.5,23.8,28.2,32.2,33.3,31.3,28.1,26.1,24.7,24.4,25.6,27.8,30.5,31.4,31.4,30.9,30.2,29.6,29.2,30.3,29.7,28.0,26.0,25.0,25.5,27.3,292.8,293.1,295.8,299.2,301.3,301.4,298.3,294.9,291.8,291.7,292.3,294.3,297.8,301.7,305.6,303.0,299.4,296.1,293.4,292.2,296.7,298.1,299.2,299.4,298.5,297.1,296.0,295.9,345.0,346.7,349.2,350.9,351.0,349.3,346.9,345.1,345.1,344.8,345.0,346.5,349.5,353.2,356.9,352.6,348.7,345.9,344.5,344.4,347.4,348.2,349.3,350.0,350.0,349.2,348.1,347.4,73.4,64.4,465.0,-0.043,0.098,-0.014,637.5,638.2,642.3,648.1,661.1,683.3,715.6,755.6,797.1,833.2,860.5,878.6,885.2,885.3,886.8,888.0,887.0,668.3,684.8,709.5,733.5,755.0,797.6,818.3,840.7,859.5,870.5,778.1,778.9,780.3,782.1,749.9,766.4,782.0,795.4,807.6,698.0,711.8,729.6,745.6,728.7,710.3,801.1,820.6,837.0,849.1,837.2,820.2,732.9,755.6,773.0,786.3,800.6,815.6,831.3,817.7,806.4,791.7,779.1,760.2,740.7,775.3,787.8,802.6,821.4,804.5,790.2,777.8,401.4,434.2,468.2,504.8,540.0,574.5,606.6,631.4,634.7,621.6,593.4,565.2,535.7,506.2,479.3,456.8,435.2,379.0,363.2,359.3,368.3,386.2,392.6,385.6,383.4,388.6,404.6,423.1,444.9,466.1,487.9,500.9,505.9,510.7,504.9,498.6,412.9,406.6,409.7,422.9,425.4,424.0,431.4,422.0,423.7,431.5,436.9,436.4,526.6,520.8,518.1,520.8,516.6,517.7,522.3,530.5,536.1,539.7,540.6,539.8,526.4,530.3,530.8,527.5,522.5,521.6,525.8,525.7,0.66,0.00,0.06,0.00,0.47,0.73,0.00,0.01,0.69,2.54,0.00,4.31,1.62,1.49,0.00,1.59,0.25,0.00,1.00,0.00,0.00,0.00,0.00,0.00,0.00,0.00,1.00,0.00,1.00,1.00,1.00,0.00,0.00,0.00,0.00
175,0,5.800,0.88,1,0.007026,0.119862,-0.992766,-0.026883,0.103433,-0.994273,-0.010,0.112,711.6,717.9,727.5,734.5,735.0,728.4,719.1,712.0,689.3,700.7,714.2,725.8,733.5,737.4,738.0,734.6,729.6,721.8,711.2,699.2,717.3,720.0,723.7,726.1,726.0,723.3,719.6,717.1,815.5,819.5,828.7,837.7,841.3,837.3,828.1,818.0,799.7,808.4,818.8,829.9,838.8,844.8,847.9,844.4,838.0,829.1,818.8,807.9,823.2,827.2,831.3,833.0,831.4,827.4,823.4,821.6,413.2,401.5,397.6,403.8,416.4,428.8,432.0,425.8,410.8,406.8,405.0,404.9,408.0,414.1,422.5,425.5,426.3,426.0,423.0,417.8,418.6,421.0,419.4,414.9,410.0,407.7,409.2,413.7,427.5,417.3,414.0,419.6,430.8,441.0,444.3,439.5,431.4,426.3,422.7,421.8,424.8,429.8,436.1,439.1,439.7,438.9,437.3,435.5,433.7,436.2,434.8,430.3,425.3,422.9,424.3,428.8,24.9,27.2,30.8,33.6,34.0,31.6,28.0,25.2,17.1,21.0,25.7,30.0,33.0,34.8,35.4,33.9,31.7,28.7,24.7,20.5,27.2,28.3,29.7,30.6,30.5,29.4,28.0,27.1,68.6,70.5,74.6,78.6,80.0,78.1,73.9,69.6,62.4,65.8,69.9,74.5,78.7,82.0,84.0,81.6,78.2,74.1,69.7,65.5,72.1,73.8,75.7,76.5,75.9,74.1,72.3,71.5,18.5,14.5,13.2,15.6,20.2,24.6,25.4,23.0,17.6,16.2,15.6,15.7,17.0,19.3,22.6,23.5,23.5,23.1,21.9,20.0,20.6,21.6,21.1,19.5,17.7,16.8,17.3,18.9,26.4,22.5,21.4,23.7,28.2,32.1,33.1,31.1,27.9,25.9,24.5,24.3,25.7,27.9,30.7,31.6,31.5,30.9,30.1,29.4,29.0,30.1,29.6,27.9,25.9,24.9,25.4,27.1,304.4,305.2,308.1,311.3,313.0,312.6,309.3,306.1,303.1,303.0,303.6,305.7,309.2,312.9,316.3,313.4,309.8,306.5,304.3,303.3,308.3,309.5,310.6,310.9,310.3,309.0,307.9,307.6,342.0,343.6,346.0,347.8,347.9,346.2,343.8,342.1,342.0,341.6,341.9,343.4,346.4,350.1,353.8,349.5,345.6,342.8,341.4,341.3,344.4,345.1,346.2,346.9,346.9,346.1,345.0,344.3,72.7,64.8,467.9,-0.035,0.121,-0.002,637.9,638.8,642.3,647.1,659.6,681.9,714.0,753.4,795.1,832.3,860.9,879.7,886.2,885.9,886.8,887.8,886.7,668.3,685.4,710.0,733.5,755.3,797.5,818.2,840.6,859.7,871.0,778.6,778.7,779.5,780.6,748.5,764.6,779.7,793.0,805.2,697.5,711.2,728.8,744.4,727.5,709.3,801.2,820.9,837.3,849.3,837.1,820.2,725.7,748.7,767.1,780.9,795.9,812.0,829.4,812.7,799.2,783.8,770.5,751.3,733.3,768.9,782.1,797.7,819.2,798.7,783.6,770.6,400.9,433.4,467.0,503.5,538.8,573.7,606.1,631.0,634.3,621.0,592.2,563.6,534.1,505.3,479.4,457.7,436.7,378.9,363.4,359.6,368.6,386.4,393.0,386.0,384.2,389.2,405.0,422.6,444.7,466.3,488.6,500.9,506.1,511.4,506.2,500.2,412.5,406.3,409.5,422.9,425.3,423.5,431.8,422.5,424.2,432.6,437.8,437.0,524.1,520.0,518.5,521.8,518.0,519.1,523.4,531.5,536.3,539.3,539.5,537.8,524.3,530.7,531.8,528.8,523.5,521.9,525.6,525.2,0.49,0.00,0.00,0.00,0.56,0.45,0.00,0.00,0.70,2.70,0.00,4.20,1.53,1.25,0.00,1.49,0.35,0.00,1.00,0.00,0.00,0.00,0.00,0.00,0.00,0.00,1.00,0.00,1.00,1.00,1.00,0.00,0.00,0.00,0.00
176,0,5.833,0.88,1,-0.002157,0.150976,-0.988535,-0.044917,0.100621,-0.993910,-0.024,0.126,710.7,717.1,726.5,733.4,733.9,727.4,718.2,711.2,689.3,700.3,712.7,724.3,732.4,736.6,737.6,733.5,727.9,719.6,709.4,698.4,716.7,719.2,722.7,725.1,724.9,722.4,718.9,716.6,815.5,819.6,828.9,837.9,841.4,837.3,828.0,818.0,799.8,808.5,818.9,830.0,839.0,845.0,848.0,844.4,837.9,829.0,818.7,807.9,823.2,827.2,831.3,833.1,831.5,827.6,823.5,821.7,412.4,401.4,398.2,404.8,417.3,429.1,431.5,424.9,409.3,405.7,404.5,404.9,408.5,414.4,422.7,425.3,425.6,424.5,421.0,415.8,418.3,420.7,419.5,415.4,410.7,408.3,409.5,413.6,427.5,417.4,414.2,419.9,431.0,441.1,444.3,439.4,431.5,426.3,422.7,421.9,425.0,430.3,436.6,439.5,439.9,439.0,437.3,435.5,433.8,436.3,434.9,430.4,425.5,423.0,424.4,428.9,26.0,28.4,32.2,35.1,35.4,32.9,29.1,26.3,18.0,22.0,26.6,31.0,34.4,36.3,37.0,35.1,32.7,29.3,25.4,21.3,28.5,29.5,30.9,31.9,31.8,30.7,29.3,28.4,68.8,70.7,74.9,78.9,80.3,78.3,74.1,69.8,62.6,66.0,70.1,74.8,79.0,82.2,84.3,81.9,78.4,74.2,69.9,65.7,72.3,74.0,75.9,76.7,76.1,74.4,72.6,71.7,19.2,15.2,14.2,16.8,21.6,26.0,26.6,23.9,18.0,16.7,16.3,16.5,18.0,20.4,23.8,24.5,24.4,23.8,22.4,20.4,21.7,22.6,22.3,20.7,19.0,18.0,18.4,19.9,26.5,22.6,21.5,23.9,28.3,32.2,33.2,31.1,28.0,26.0,24.6,24.3,25.8,28.2,31.1,31.8,31.6,31.0,30.2,29.5,29.1,30.2,29.7,28.0,26.0,25.0,25.5,27.2,321.5,322.5,325.4,328.4,329.8,329.2,325.9,322.9,320.3,320.0,320.4,322.3,325.5,328.8,331.8,328.9,325.3,322.3,320.6,320.1,325.2,326.4,327.4,327.8,327.3,326.1,325.0,324.7,342.9,344.6,347.0,348.7,348.7,347.1,344.7,343.0,343.0,342.6,342.9,344.3,347.3,351.0,354.6,350.4,346.5,343.7,342.3,342.2,345.3,346.0,347.1,347.8,347.8,347.0,346.0,345.3,71.9,64.9,469.2,-0.026,0.143,0.007,638.4,639.4,642.5,646.4,658.4,680.8,712.4,750.9,792.8,831.2,861.2,880.6,887.1,886.4,887.0,887.8,886.5,668.0,686.1,710.4,733.5,755.3,797.8,818.5,840.8,860.0,871.3,779.2,778.7,778.9,779.5,746.9,762.9,777.6,791.1,803.4,696.6,710.4,727.8,743.0,726.1,708.2,801.3,821.1,837.5,849.5,837.1,820.3,718.6,741.7,761.2,776.1,792.6,809.8,828.4,809.2,793.6,776.6,762.1,742.5,726.0,762.6,777.0,794.1,817.9,794.3,777.6,763.4,399.9,432.6,466.3,503.0,538.6,573.8,606.3,631.1,634.5,620.9,591.2,562.0,532.2,503.8,478.8,457.9,437.5,378.5,363.5,359.8,368.8,386.4,393.1,386.2,384.7,389.4,404.7,422.0,444.2,466.2,488.9,500.6,505.9,511.6,506.9,501.3,411.8,405.7,409.1,422.7,424.6,422.5,431.8,422.8,424.4,433.1,438.0,437.1,522.1,518.6,518.1,521.9,518.5,519.9,524.5,532.5,536.9,539.5,539.1,536.3,522.7,530.3,532.0,529.4,524.6,522.5,526.0,525.3,0.36,0.00,0.00,0.00,0.72,0.21,0.00,0.00,0.84,2.81,0.00,3.98,1.34,0.89,0.00,1.27,0.47,0.00,0.00,0.00,0.00,0.00,0.00,0.00,0.00,0.00,1.00,0.00,1.00,1.00,1.00,0.00,0.00,0.00,0.00
177,0,5.867,0.88,1,-0.044405,0.111353,-0.992788,-0.053964,0.079839,-0.995346,-0.049,0.096,705.9,712.7,723.8,732.6,734.0,727.9,716.1,707.3,693.7,699.9,707.8,717.6,728.0,736.4,742.2,733.3,722.7,712.7,704.3,697.8,716.2,719.2,723.0,725.3,724.8,721.8,718.0,715.7,815.6,819.7,829.0,837.9,841.4,837.2,827.9,817.9,799.7,808.4,818.8,830.0,839.1,845.1,848.1,844.4,837.9,828.9,818.6,807.9,823.2,827.2,831.3,833.1,831.6,827.6,823.5,821.7,410.9,400.7,398.4,405.4,417.5,428.7,430.0,423.0,409.9,405.6,403.6,403.7,407.6,414.4,423.8,426.3,426.1,424.8,421.2,416.3,417.5,419.9,419.1,415.5,411.3,408.9,409.7,413.3,427.5,417.3,414.2,419.9,431.1,441.2,444.3,439.4,431.7,426.5,422.8,422.0,425.3,430.6,437.1,439.7,440.0,439.0,437.3,435.5,433.8,436.3,434.9,430.5,425.5,423.0,424.4,428.8,26.4,29.1,33.4,36.8,37.3,34.9,30.3,26.9,21.8,24.1,27.0,30.7,34.7,38.0,40.4,36.8,32.6,28.7,25.6,23.2,30.5,31.6,33.1,34.0,33.8,32.6,31.2,30.3,68.7,70.6,74.8,78.7,80.1,78.1,73.9,69.6,62.5,65.8,69.9,74.6,78.9,82.1,84.1,81.7,78.2,74.1,69.7,65.5,72.1,73.9,75.7,76.6,76.0,74.3,72.4,71.5,20.4,16.3,15.3,18.0,22.8,27.3,27.9,25.2,20.2,18.3,17.4,17.3,18.8,21.5,25.2,26.2,26.1,25.6,24.3,22.6,23.0,23.9,23.6,22.1,20.5,19.5,19.9,21.3,26.4,22.5,21.5,23.8,28.3,32.2,33.2,31.1,28.1,26.0,24.6,24.3,25.9,28.3,31.2,31.9,31.6,31.0,30.2,29.5,29.1,30.1,29.7,27.9,26.0,24.9,25.4,27.1,350.3,349.8,348.6,347.4,346.9,347.6,348.6,349.9,354.6,351.3,348.1,345.7,344.9,345.2,346.1,345.5,345.0,345.8,348.0,351.3,349.9,349.5,349.0,348.8,348.9,349.3,349.8,350.0,342.3,343.9,346.3,348.0,348.0,346.4,344.0,342.4,342.3,341.9,342.1,343.6,346.6,350.3,353.9,349.6,345.8,343.1,341.6,341.6,344.6,345.4,346.4,347.1,347.1,346.3,345.3,344.6,71.0,64.8,468.7,-0.023,0.159,0.014,639.0,640.2,642.8,645.8,657.0,679.3,710.8,748.8,791.1,830.7,861.7,881.6,887.8,887.0,887.3,887.8,886.0,667.0,686.3,710.5,733.2,755.0,797.8,818.6,841.0,860.3,871.6,779.3,778.5,778.3,778.6,745.2,761.3,775.9,789.6,802.0,694.8,708.8,726.3,741.5,724.1,706.1,800.9,821.1,837.8,849.8,837.2,820.2,712.2,735.0,755.1,771.9,790.8,809.0,828.0,807.3,789.8,770.3,753.9,734.2,719.5,756.1,772.5,792.1,817.4,791.7,772.4,756.2,399.3,432.1,465.8,502.7,538.7,574.2,607.0,631.6,634.8,621.1,590.6,560.7,530.8,502.6,478.5,458.1,438.1,378.3,364.0,360.5,369.2,386.4,392.8,386.2,385.1,389.8,404.9,422.0,444.0,466.0,488.6,500.4,505.7,511.7,507.6,502.4,411.6,405.3,408.8,423.3,424.7,422.3,432.3,422.7,424.2,433.6,438.5,437.5,520.6,516.6,516.5,520.9,517.7,519.7,525.7,533.0,537.4,539.8,538.7,534.7,521.3,529.0,531.4,529.0,525.4,523.0,526.5,525.3,0.21,0.00,0.17,0.00,0.85,0.51,0.00,0.52,0.91,2.47,0.00,3.26,0.94,0.83,0.00,0.75,0.38,0.00,0.00,0.00,0.00,0.00,0.00,0.00,0.00,0.00,1.00,0.00,1.00,1.00,1.00,0.00,0.00,0.00,0.00
178,0,5.900,0.88,1,-0.026122,-0.115903,-0.992917,-0.120116,0.140384,-0.982784,-0.074,0.012,698.6,703.7,713.9,723.2,726.2,721.7,710.9,701.6,683.7,689.7,699.1,710.9,722.2,730.3,735.3,729.1,719.6,708.9,698.7,689.7,708.0,711.7,715.8,717.8,716.7,713.0,708.9,706.8,811.2,815.4,824.7,833.6,837.0,832.8,823.5,813.7,800.4,807.9,816.9,826.7,835.2,841.4,845.3,840.7,834.1,826.0,816.5,806.8,819.2,823.2,827.3,829.1,827.7,823.7,819.6,817.7,404.9,395.5,392.5,397.8,408.1,418.3,420.4,415.2,412.7,407.7,404.7,403.3,405.4,410.0,415.6,418.1,418.5,418.6,418.1,416.3,410.2,412.3,411.1,407.4,403.3,401.1,402.3,406.0,423.0,413.6,410.4,415.2,425.3,434.7,437.9,433.8,422.0,418.3,416.3,416.7,419.7,423.8,429.4,433.0,434.0,433.4,431.0,427.8,428.4,430.6,429.1,425.0,420.5,418.4,419.8,423.9,24.4,26.6,30.9,34.7,35.9,34.0,29.5,25.6,18.5,20.8,24.6,29.4,34.2,37.7,40.1,37.3,33.2,28.7,24.5,20.8,28.4,29.9,31.6,32.5,32.0,30.5,28.8,27.9,76.2,78.3,82.8,87.1,88.6,86.4,81.9,77.3,71.6,74.8,78.7,83.3,87.6,91.0,93.5,90.6,86.9,82.7,78.3,74.2,80.2,82.0,84.0,85.0,84.3,82.5,80.5,79.5,18.7,14.8,13.6,15.8,20.1,24.3,25.1,23.0,22.3,20.0,18.6,17.9,18.9,20.9,23.4,24.3,24.4,24.4,24.2,23.6,20.9,21.8,21.3,19.8,18.1,17.2,17.7,19.2,28.0,23.9,22.6,24.8,29.4,33.5,34.8,32.8,27.7,25.9,25.1,25.3,26.8,28.8,31.6,32.9,33.1,32.7,31.5,30.1,30.6,31.6,31.0,29.2,27.2,26.2,26.8,28.6,364.4,364.9,365.2,365.2,364.9,364.7,364.1,364.1,369.3,366.6,364.2,363.0,363.9,365.8,367.8,366.1,364.3,363.9,365.0,367.0,365.2,365.2,365.4,365.6,365.7,365.7,365.5,365.4,389.5,390.7,392.4,393.6,393.5,392.2,390.6,389.5,390.3,389.6,389.5,390.3,392.5,395.4,398.5,395.0,391.7,389.3,388.4,389.1,391.4,391.9,392.6,393.2,393.2,392.7,392.0,391.4,68.6,63.5,468.4,-0.054,0.133,-0.008,632.3,633.6,636.0,638.8,648.9,670.5,702.9,742.6,786.1,826.9,859.0,879.8,887.4,885.9,884.0,882.9,879.6,659.4,675.9,700.0,723.9,747.3,789.8,809.5,831.0,850.4,863.6,772.3,772.2,772.8,773.4,742.1,757.9,772.3,785.6,797.9,687.5,701.3,718.3,734.1,717.4,700.4,799.2,818.0,834.5,846.9,833.9,817.5,710.3,734.0,754.5,770.9,788.4,807.6,827.1,807.5,789.4,771.1,755.0,734.4,717.9,755.7,771.6,789.7,816.7,789.6,771.8,756.1,405.8,438.0,470.0,504.7,538.7,571.4,599.8,621.5,624.8,613.0,586.6,560.0,531.2,502.0,475.4,451.9,429.1,379.7,364.8,360.5,368.5,384.3,390.1,382.1,380.5,383.6,396.5,416.3,436.2,455.9,476.6,494.4,499.0,503.8,499.9,495.1,410.9,404.1,406.0,418.0,420.5,419.1,425.3,417.0,418.5,427.1,431.1,430.0,524.8,519.4,518.1,521.9,518.1,520.5,526.7,536.0,541.0,543.3,542.7,539.0,525.2,530.8,532.3,529.8,526.7,526.2,529.0,528.1,0.11,0.00,0.35,0.00,0.90,0.78,0.00,1.13,0.89,2.07,0.00,2.54,0.64,0.80,0.00,0.33,0.18,0.00,0.00,0.00,0.00,0.00,0.00,0.00,0.00,0.00,1.00,1.00,1.00,1.00,1.00,0.00,0.00,0.00,0.00
179,0,5.933,0.88,1,-0.142574,-0.148024,-0.978653,-0.127380,0.135322,-0.982579,-0.137,-0.006,695.9,701.1,711.0,719.7,722.2,717.6,707.1,698.4,684.0,689.6,698.5,709.9,721.0,729.5,735.2,728.7,718.9,708.2,698.1,689.4,705.1,708.5,712.3,714.4,713.5,710.1,706.2,704.2,811.3,815.5,824.7,833.6,836.8,832.6,823.4,813.7,801.0,808.0,816.7,826.3,835.0,841.3,845.7,840.6,833.7,825.5,816.1,806.9,819.3,823.3,827.4,829.2,827.8,823.9,819.8,817.9,404.1,395.3,392.6,397.6,407.3,417.0,418.8,413.8,413.3,408.0,404.5,402.9,405.4,410.3,415.5,418.2,418.1,418.2,418.0,416.7,409.3,411.3,410.3,406.9,403.1,401.1,402.1,405.5,422.9,413.8,410.7,415.4,425.1,434.2,437.3,433.3,421.8,418.2,416.4,416.8,419.8,423.8,429.4,432.8,433.9,433.2,430.8,427.5,428.2,430.2,428.9,424.8,420.5,418.4,419.8,423.8,23.8,26.0,30.2,33.8,34.8,32.8,28.3,24.7,18.9,21.2,24.8,29.6,34.2,38.0,40.6,37.7,33.3,28.8,24.6,21.1,27.6,29.0,30.7,31.6,31.2,29.8,28.2,27.3,78.8,81.0,85.5,89.8,91.2,89.0,84.5,79.9,74.3,77.4,81.2,85.8,90.2,93.7,96.4,93.3,89.4,85.1,80.7,76.7,82.8,84.7,86.7,87.7,87.1,85.2,83.1,82.2,18.7,15.0,13.9,16.0,20.0,24.1,24.8,22.8,22.9,20.5,18.9,18.1,19.2,21.3,23.7,24.7,24.6,24.6,24.6,24.2,20.9,21.8,21.3,19.9,18.3,17.5,17.9,19.4,28.9,24.8,23.5,25.7,30.2,34.3,35.6,33.7,28.5,26.8,25.9,26.1,27.6,29.7,32.5,33.9,34.1,33.6,32.4,31.0,31.5,32.5,31.9,30.0,28.0,27.0,27.6,29.5,371.9,372.6,372.4,371.4,370.2,369.6,369.7,370.7,376.8,373.9,371.3,369.7,370.0,371.4,373.1,371.2,369.7,369.6,371.0,373.6,371.7,371.3,371.2,371.5,372.0,372.4,372.4,372.2,402.5,403.6,405.0,405.8,405.5,404.4,403.0,402.4,403.7,402.8,402.3,402.8,404.7,407.3,410.2,406.9,403.8,401.7,401.2,402.2,404.0,404.4,405.0,405.5,405.6,405.2,404.6,404.1,68.6,63.9,471.8,-0.055,0.127,-0.001,632.0,633.4,635.9,638.4,647.8,668.2,699.2,737.8,781.1,822.6,855.7,877.8,886.3,885.3,883.6,882.8,879.6,659.2,675.6,699.4,723.3,746.6,789.5,809.1,830.3,849.6,862.8,771.9,771.7,772.0,772.4,741.3,757.0,771.3,784.7,797.1,686.9,700.9,717.8,733.2,716.7,699.9,799.6,817.7,834.2,846.7,833.6,817.3,710.8,733.7,754.1,770.1,787.2,806.3,825.0,806.3,788.4,770.4,754.5,734.0,718.4,755.1,770.8,788.4,814.7,788.6,771.1,755.6,405.9,438.4,470.5,504.5,537.7,568.8,595.4,616.2,620.3,610.0,585.4,559.7,531.2,501.8,475.2,451.6,428.6,379.1,364.5,360.3,368.2,383.6,389.9,382.3,380.7,383.4,395.9,416.2,435.3,454.1,473.9,492.8,497.4,502.0,498.5,493.8,410.9,404.1,405.9,417.8,420.3,418.8,425.1,417.0,418.7,427.2,431.0,429.9,527.8,520.3,517.9,521.8,518.2,521.8,530.0,539.2,544.3,546.4,545.7,541.8,527.9,531.5,532.8,530.8,529.7,529.0,531.2,530.3,0.00,0.00,0.60,0.00,0.75,0.90,0.00,1.74,0.62,1.47,0.00,2.05,0.43,0.68,0.00,0.25,0.00,0.00,0.00,0.00,0.00,0.00,0.00,0.00,0.00,0.00,1.00,1.00,0.00,1.00,1.00,0.00,0.00,0.00,0.00
180,0,5.967,0.88,1,-0.156589,-0.157855,-0.974967,-0.132131,0.130990,-0.982539,-0.146,-0.014,695.3,700.5,710.4,719.1,721.6,717.1,706.6,697.9,683.8,689.5,698.5,710.0,721.0,729.5,735.1,728.6,718.7,708.0,698.0,689.3,704.5,707.9,711.8,713.9,712.9,709.5,705.6,703.6,811.5,815.8,825.1,833.8,836.9,832.5,823.3,813.8,801.3,808.3,816.8,826.4,835.1,841.6,845.9,840.6,833.5,825.3,816.0,807.0,819.5,823.4,827.5,829.4,828.0,824.2,820.1,818.1,404.1,395.3,392.6,397.5,407.1,416.7,418.5,413.7,413.5,408.1,404.5,402.8,405.4,410.3,415.6,418.2,418.1,418.2,418.1,416.9,409.3,411.2,410.2,406.8,403.0,401.1,402.1,405.5,422.9,414.0,411.0,415.6,425.2,434.2,437.2,433.2,421.8,418.1,416.3,416.7,419.8,423.9,429.6,433.2,434.3,433.6,431.1,427.7,428.1,430.2,428.8,424.9,420.6,418.5,419.9,423.8,23.6,25.8,30.0,33.7,34.6,32.6,28.2,24.5,18.9,21.2,24.9,29.6,34.3,38.1,40.6,37.7,33.3,28.8,24.6,21.1,27.5,28.9,30.5,31.4,31.1,29.6,28.0,27.1,79.5,81.7,86.2,90.5,91.8,89.6,85.1,80.6,75.1,78.1,81.9,86.4,90.9,94.5,97.2,93.9,90.0,85.7,81.3,77.4,83.5,85.4,87.4,88.4,87.8,85.9,83.9,82.9,18.8,15.1,13.9,15.9,20.0,24.0,24.8,22.8,23.1,20.6,18.9,18.1,19.2,21.4,23.8,24.7,24.6,24.6,24.7,24.3,21.0,21.8,21.3,19.9,18.3,17.5,18.0,19.4,29.2,25.1,23.7,26.0,30.4,34.5,35.8,33.9,28.7,27.0,26.1,26.3,27.8,29.9,32.9,34.3,34.5,34.1,32.8,31.4,31.7,32.7,32.1,30.3,28.3,27.3,27.9,29.7,372.6,373.4,373.3,372.2,370.8,370.2,370.2,371.3,377.3,374.5,372.0,370.4,370.7,372.2,373.8,371.9,370.3,370.2,371.6,374.1,372.3,371.9,371.8,372.1,372.7,373.1,373.2,372.8,405.6,406.6,407.8,408.4,408.2,407.3,406.1,405.6,407.1,406.0,405.3,405.7,407.4,410.0,412.9,409.7,406.8,404.8,404.4,405.5,407.1,407.4,407.9,408.3,408.4,408.1,407.6,407.2,68.5,64.5,473.9,-0.059,0.122,0.010,631.4,633.2,636.3,639.1,647.7,666.8,696.5,734.0,776.8,818.5,852.2,875.1,884.0,883.4,882.4,882.5,879.8,659.5,676.0,700.0,724.0,747.4,789.9,809.5,830.5,849.5,862.6,772.5,772.1,772.3,772.6,742.2,757.1,770.8,783.7,795.4,686.7,700.8,717.9,732.9,716.6,699.7,800.2,817.7,834.4,846.6,833.6,817.2,714.9,734.8,753.3,768.7,784.7,801.9,817.5,801.4,785.1,768.1,752.8,734.7,722.7,754.0,769.1,785.7,807.3,785.7,769.2,754.4,405.4,438.2,470.2,503.8,537.0,567.8,593.8,614.0,618.6,609.3,585.4,559.8,531.1,501.7,475.4,451.6,428.5,379.1,364.5,360.4,368.4,383.5,389.8,382.6,380.7,383.0,395.3,416.5,435.0,453.2,472.4,492.4,496.6,501.0,498.4,494.3,410.8,404.0,405.8,417.8,420.5,419.0,425.0,417.0,418.8,427.5,431.7,430.4,534.0,522.4,517.9,522.2,518.9,525.2,537.6,544.2,548.0,549.4,548.5,545.1,533.1,533.2,534.4,533.4,536.4,531.1,532.9,531.8,0.00,0.00,0.77,0.00,0.43,0.71,0.01,1.74,0.32,1.22,0.05,2.04,0.32,0.31,0.09,0.69,0.00,0.00,0.00,0.00,0.00,0.00,0.00,0.00,0.00,0.00,1.00,1.00,0.00,0.00,1.00,0.00,0.00,0.00,0.00
181,0,6.000,0.88,1,-0.166293,-0.174347,-0.970541,-0.141873,0.129755,-0.981344,-0.157,-0.023,695.1,700.1,709.8,718.5,721.0,716.6,706.3,697.6,683.8,689.6,698.7,710.1,721.0,729.1,734.5,728.2,718.5,707.9,697.9,689.2,704.1,707.5,711.4,713.5,712.5,709.0,705.1,703.1,811.8,816.3,825.5,834.0,836.8,832.2,823.0,813.7,801.9,808.7,817.1,826.7,835.3,841.7,845.9,840.4,833.3,825.1,816.0,807.2,819.6,823.3,827.4,829.5,828.2,824.5,820.4,818.3,403.6,395.3,392.6,397.1,406.2,415.4,417.2,412.7,413.6,408.0,404.3,402.7,405.4,410.5,415.7,418.3,418.0,418.1,417.9,416.9,408.7,410.5,409.5,406.2,402.5,400.7,401.8,405.1,423.0,414.2,411.4,416.2,425.8,434.5,437.3,433.2,421.7,418.2,416.5,417.0,420.2,424.4,430.1,433.8,434.8,434.1,431.4,427.7,428.2,430.3,429.1,425.2,420.9,418.8,420.0,423.9,23.7,26.0,30.2,33.8,34.7,32.7,28.3,24.7,19.1,21.4,25.2,30.0,34.7,38.3,40.8,37.9,33.5,29.0,24.8,21.2,27.5,29.0,30.7,31.6,31.2,29.8,28.1,27.2,80.7,83.0,87.5,91.6,92.9,90.6,86.1,81.6,76.3,79.3,83.1,87.6,92.0,95.6,98.3,95.0,91.0,86.7,82.4,78.5,84.6,86.5,88.5,89.5,88.9,87.1,85.1,84.0,18.8,15.2,14.1,15.9,19.8,23.7,24.4,22.6,23.3,20.8,19.0,18.3,19.5,21.7,24.0,25.0,24.8,24.8,24.8,24.5,20.9,21.7,21.2,19.8,18.3,17.6,18.0,19.4,29.6,25.5,24.3,26.6,31.1,35.1,36.4,34.4,29.1,27.3,26.5,26.8,28.4,30.5,33.5,35.0,35.2,34.7,33.4,31.8,32.1,33.2,32.6,30.8,28.8,27.8,28.3,30.1,376.6,377.8,377.8,376.6,374.9,373.8,373.7,374.9,380.8,378.2,376.0,374.6,374.9,376.3,377.7,375.6,373.9,373.7,375.0,377.5,376.1,375.6,375.6,376.1,376.8,377.3,377.3,376.8,410.9,411.7,412.7,413.3,413.2,412.4,411.4,411.0,412.4,411.2,410.4,410.7,412.4,414.9,417.9,414.8,412.0,410.1,409.7,410.9,412.3,412.6,413.0,413.4,413.4,413.2,412.7,412.3,67.8,65.2,473.8,-0.066,0.121,0.026,630.8,632.9,636.8,640.1,648.0,665.6,693.4,729.3,771.5,813.8,848.4,872.3,881.6,881.5,881.4,882.5,880.4,660.3,676.5,700.7,724.8,748.2,790.3,809.8,830.7,849.7,862.5,773.1,772.6,772.6,772.6,743.0,757.0,769.8,782.1,793.3,686.6,700.7,717.8,732.5,716.4,699.4,800.9,817.9,834.6,846.4,833.5,817.0,719.1,735.5,751.6,766.0,780.9,795.7,807.7,794.3,779.8,764.0,749.3,734.5,727.1,751.6,765.9,781.3,797.5,781.0,765.7,751.8,404.8,437.9,469.9,503.1,536.5,567.2,593.2,613.1,618.6,610.6,587.6,561.5,532.3,502.5,476.1,451.5,427.7,379.1,364.3,360.2,368.6,383.5,390.0,383.0,380.8,382.7,395.0,416.4,434.7,452.7,471.7,492.4,496.6,500.8,499.3,495.8,410.4,403.9,405.5,417.5,420.5,418.9,424.8,417.3,419.4,428.2,432.7,431.0,541.9,526.2,519.6,524.7,521.6,531.2,548.2,551.1,552.4,552.8,551.4,548.8,540.1,536.9,538.3,538.4,545.7,533.8,534.6,533.3,0.00,0.00,0.94,0.00,0.14,0.65,0.02,1.62,0.08,0.98,0.07,2.06,0.16,0.05,0.09,1.22,0.00,0.00,0.00,0.00,0.00,0.00,0.00,0.00,0.00,0.00,1.00,1.00,0.00,0.00,1.00,0.00,0.00,0.00,0.00
182,0,6.033,0.88,1,-0.160407,-0.156846,-0.974510,-0.151982,0.145305,-0.977644,-0.159,-0.006,695.3,700.4,710.0,718.7,721.2,716.9,706.6,697.9,683.8,689.7,698.8,710.3,721.1,729.2,734.5,728.3,718.6,708.0,698.0,689.3,704.3,707.8,711.6,713.6,712.6,709.2,705.4,703.3,811.9,816.5,825.7,834.1,836.8,832.1,822.9,813.7,802.2,809.0,817.4,826.9,835.5,841.7,845.8,840.3,833.2,825.1,816.1,807.4,819.6,823.3,827.4,829.5,828.3,824.6,820.5,818.4,403.7,395.3,392.6,397.1,406.3,415.6,417.4,412.8,413.6,408.0,404.3,402.7,405.5,410.5,415.7,418.4,418.1,418.1,418.0,416.9,408.8,410.6,409.5,406.2,402.6,400.8,401.8,405.1,423.0,414.3,411.6,416.4,425.9,434.6,437.4,433.2,421.6,418.0,416.4,417.0,420.3,424.4,430.2,433.9,435.0,434.3,431.5,427.7,428.2,430.4,429.2,425.3,421.0,418.9,420.1,424.0,23.8,26.1,30.3,33.9,34.9,32.9,28.5,24.8,19.1,21.5,25.3,30.1,34.8,38.4,40.9,38.0,33.6,29.1,24.9,21.3,27.7,29.1,30.8,31.7,31.3,29.9,28.2,27.3,80.9,83.2,87.8,91.9,93.2,90.8,86.3,81.8,76.6,79.6,83.4,87.9,92.4,95.9,98.6,95.2,91.2,87.0,82.7,78.8,84.8,86.7,88.7,89.7,89.2,87.4,85.3,84.3,18.8,15.3,14.1,16.0,19.9,23.8,24.5,22.7,23.3,20.8,19.1,18.3,19.5,21.8,24.1,25.1,24.9,24.9,24.9,24.6,21.0,21.7,21.3,19.9,18.4,17.6,18.1,19.5,29.6,25.6,24.4,26.7,31.2,35.3,36.5,34.5,29.1,27.3,26.5,26.8,28.5,30.6,33.6,35.1,35.4,34.9,33.6,31.9,32.2,33.3,32.7,30.9,28.9,27.9,28.4,30.2,377.0,378.2,378.2,377.1,375.4,374.3,374.2,375.3,381.2,378.6,376.4,375.0,375.4,376.8,378.4,376.3,374.5,374.3,375.5,378.0,376.6,376.1,376.1,376.6,377.3,377.7,377.7,377.3,411.9,412.6,413.6,414.3,414.3,413.6,412.6,412.1,413.3,412.1,411.4,411.7,413.4,416.0,419.0,415.9,413.1,411.2,410.8,411.9,413.4,413.7,414.1,414.5,414.5,414.1,413.7,413.4,67.3,65.8,473.7,-0.048,0.123,0.034,631.2,633.0,636.8,640.2,647.9,664.9,691.1,725.4,766.9,809.1,844.3,869.4,879.6,880.4,880.9,882.5,880.9,660.7,676.9,701.0,725.3,748.6,790.7,810.1,831.0,850.2,862.9,773.2,772.6,772.3,772.1,743.2,756.6,768.8,780.8,791.7,686.8,700.9,718.0,732.4,716.5,699.5,801.2,818.0,834.8,846.4,833.6,817.0,718.8,735.3,751.2,764.4,778.0,792.4,804.5,790.5,776.0,761.5,748.0,733.6,726.7,750.8,764.0,778.0,794.6,777.6,763.6,750.8,404.4,437.4,469.4,502.3,535.6,566.3,592.4,613.0,619.5,612.4,589.4,562.7,533.0,503.0,476.5,451.8,427.5,379.0,364.4,360.4,369.0,383.8,390.2,382.8,380.4,382.3,394.5,416.2,434.9,453.3,472.6,493.6,497.9,502.1,500.9,497.6,410.4,403.9,405.5,417.4,420.6,419.0,424.6,417.2,419.4,428.3,433.0,431.2,544.3,529.9,523.6,528.7,525.9,535.6,551.7,555.1,555.8,555.9,554.2,551.3,542.8,540.7,542.3,542.7,549.4,537.0,537.4,536.0,0.00,0.00,1.00,0.00,0.00,0.65,0.02,1.47,0.00,0.89,0.07,2.01,0.03,0.00,0.09,1.63,0.02,0.00,0.00,0.00,0.00,0.00,0.00,0.00,0.00,0.00,1.00,1.00,0.00,0.00,1.00,0.00,0.00,0.00,1.00
183,0,6.067,0.88,1,-0.136326,-0.144232,-0.980108,-0.157242,0.156301,-0.975113,-0.149,0.006,695.8,700.9,710.6,719.3,721.9,717.5,707.2,698.5,683.8,689.7,698.9,710.4,721.3,729.3,734.5,728.3,718.7,708.1,698.1,689.3,704.9,708.3,712.1,714.2,713.2,709.7,705.9,703.9,812.0,816.6,825.8,834.1,836.7,832.1,822.9,813.8,802.4,809.2,817.6,827.0,835.5,841.8,845.9,840.3,833.2,825.1,816.1,807.6,819.6,823.3,827.4,829.5,828.4,824.7,820.6,818.5,403.6,395.3,392.7,397.2,406.4,415.6,417.3,412.8,413.7,408.1,404.4,402.7,405.5,410.5,415.8,418.4,418.1,418.1,417.9,416.9,408.7,410.6,409.6,406.3,402.7,400.9,401.9,405.2,423.0,414.3,411.6,416.5,426.0,434.6,437.3,433.1,421.5,418.0,416.4,417.0,420.3,424.5,430.3,434.0,435.1,434.3,431.5,427.7,428.2,430.3,429.1,425.3,421.1,418.9,420.1,423.9,24.0,26.3,30.5,34.1,35.1,33.1,28.7,25.0,19.0,21.5,25.3,30.1,34.8,38.4,40.8,37.9,33.6,29.1,24.9,21.3,27.9,29.3,30.9,31.8,31.5,30.0,28.4,27.5,81.4,83.7,88.3,92.4,93.6,91.3,86.7,82.3,77.2,80.2,83.9,88.5,92.9,96.4,99.1,95.7,91.7,87.4,83.1,79.3,85.3,87.2,89.2,90.2,89.7,87.9,85.8,84.8,18.8,15.2,14.1,16.0,19.9,23.7,24.5,22.6,23.3,20.7,19.0,18.3,19.5,21.7,24.1,25.0,24.8,24.8,24.8,24.5,20.9,21.7,21.3,19.9,18.4,17.6,18.1,19.4,29.8,25.8,24.5,26.9,31.4,35.5,36.7,34.6,29.2,27.5,26.7,27.0,28.7,30.8,33.8,35.3,35.6,35.1,33.8,32.0,32.4,33.4,32.9,31.1,29.1,28.0,28.6,30.4,376.0,377.4,377.5,376.4,374.7,373.5,373.2,374.3,380.0,377.6,375.4,374.2,374.6,376.0,377.5,375.3,373.5,373.2,374.4,376.8,375.7,375.2,375.3,375.8,376.5,377.0,376.9,376.4,414.2,414.9,415.8,416.5,416.5,415.8,414.9,414.4,415.7,414.4,413.7,413.9,415.6,418.2,421.1,418.1,415.3,413.5,413.1,414.3,415.7,416.0,416.4,416.7,416.7,416.4,416.0,415.7,66.9,66.3,473.7,-0.033,0.122,0.039,631.6,633.2,636.8,640.1,647.5,664.0,689.4,722.7,763.6,806.0,841.5,867.3,878.2,879.6,880.5,882.4,881.2,660.9,677.1,701.1,725.5,748.9,790.8,810.3,831.2,850.4,863.2,773.3,772.5,772.2,771.7,743.3,756.3,768.2,780.0,790.7,686.8,701.0,718.1,732.4,716.5,699.6,801.5,818.1,834.9,846.5,833.6,817.1,717.9,734.8,750.9,763.4,776.4,790.8,803.1,788.7,773.9,760.1,747.2,732.7,725.8,750.2,762.8,776.2,793.5,775.7,762.4,750.2,404.4,437.1,468.8,501.4,534.6,565.3,591.7,613.2,620.4,613.7,590.5,563.2,533.1,502.9,476.5,451.8,427.4,378.7,364.4,360.6,369.2,384.0,390.2,382.7,380.2,382.0,394.1,416.1,434.8,453.3,472.7,494.2,498.5,502.7,501.8,498.7,410.4,404.0,405.6,417.3,420.6,419.1,424.5,417.2,419.4,428.3,433.2,431.3,545.3,532.3,526.5,531.7,529.0,538.4,553.4,557.6,558.4,558.3,556.5,553.0,544.2,543.2,544.9,545.4,551.3,539.7,540.0,538.4,0.00,0.00,1.07,0.00,0.00,0.58,0.01,1.35,0.00,0.87,0.02,2.04,0.00,0.00,0.00,1.91,0.04,0.00,0.00,0.00,0.00,0.00,0.00,0.00,0.00,0.00,1.00,1.00,0.00,0.00,1.00,0.00,0.00,0.00,1.00
184,0,6.100,0.88,1,-0.125650,-0.130336,-0.983476,-0.157356,0.169547,-0.972879,-0.144,0.020,696.0,701.1,710.9,719.7,722.4,717.8,707.4,698.6,683.8,689.8,699.0,710.5,721.4,729.5,734.7,728.5,718.8,708.1,698.1,689.4,705.1,708.5,712.4,714.4,713.4,710.0,706.2,704.2,812.0,816.7,825.9,834.2,836.7,832.0,822.8,813.7,802.3,809.2,817.7,827.1,835.6,841.8,845.9,840.3,833.2,825.0,816.1,807.5,819.6,823.3,827.4,829.5,828.4,824.7,820.6,818.4,403.6,395.3,392.6,397.3,406.6,415.9,417.6,412.9,413.5,408.0,404.4,402.8,405.5,410.6,415.8,418.5,418.2,418.2,418.0,416.8,408.8,410.7,409.7,406.5,402.9,401.0,402.0,405.2,423.0,414.3,411.7,416.5,426.1,434.7,437.4,433.1,421.5,418.0,416.4,417.1,420.4,424.6,430.3,434.0,435.2,434.4,431.5,427.7,428.2,430.4,429.2,425.4,421.1,418.9,420.1,423.9,24.0,26.2,30.5,34.2,35.1,33.1,28.6,25.0,18.9,21.4,25.2,30.0,34.7,38.3,40.7,37.8,33.5,28.9,24.8,21.2,27.8,29.3,30.9,31.8,31.5,30.0,28.4,27.5,81.1,83.5,88.0,92.1,93.3,91.0,86.4,82.0,76.8,79.9,83.7,88.2,92.6,96.2,98.8,95.4,91.4,87.2,82.9,79.0,85.0,86.9,88.9,90.0,89.4,87.6,85.5,84.5,18.7,15.1,14.0,16.0,19.9,23.8,24.5,22.5,23.2,20.6,19.0,18.2,19.4,21.6,24.0,25.0,24.7,24.7,24.7,24.4,20.9,21.6,21.2,19.9,18.4,17.6,18.0,19.4,29.7,25.7,24.5,26.8,31.4,35.4,36.6,34.5,29.1,27.4,26.6,26.9,28.6,30.8,33.7,35.3,35.6,35.0,33.7,31.9,32.3,33.4,32.8,31.0,29.0,27.9,28.5,30.3,374.4,375.8,376.0,374.9,373.2,372.0,371.7,372.7,378.3,375.9,373.8,372.6,373.0,374.4,375.9,373.7,371.9,371.6,372.8,375.2,374.1,373.7,373.7,374.3,375.0,375.4,375.3,374.8,412.8,413.4,414.4,415.1,415.1,414.5,413.6,413.1,414.2,413.0,412.2,412.5,414.2,416.9,419.9,416.8,414.1,412.2,411.7,412.9,414.3,414.6,415.0,415.3,415.3,415.0,414.5,414.3,66.7,66.7,474.0,-0.018,0.119,0.043,632.0,633.2,636.6,639.9,647.3,663.7,688.5,721.1,761.3,803.0,838.2,864.2,875.9,878.3,880.0,882.4,881.6,661.0,677.2,701.2,725.6,748.9,791.0,810.5,831.3,850.6,863.6,773.1,772.3,771.9,771.4,743.2,755.9,767.6,779.4,790.0,686.8,701.1,718.3,732.5,716.7,699.7,801.5,818.1,834.9,846.5,833.6,817.1,717.0,734.3,750.8,762.8,775.4,789.9,802.5,787.7,772.6,759.3,746.6,731.9,724.8,749.9,762.1,775.0,793.1,774.4,761.6,749.8,404.5,437.0,468.5,501.0,534.1,564.8,591.5,613.6,621.3,614.7,591.4,563.8,533.6,503.4,476.8,452.0,427.3,378.3,364.4,360.8,369.4,384.0,390.1,382.5,380.0,381.7,393.4,416.1,435.0,453.6,473.2,494.7,499.1,503.3,502.5,499.4,410.4,404.1,405.7,417.3,420.6,419.1,424.5,417.2,419.4,428.3,433.2,431.4,545.6,533.8,528.4,533.6,531.0,540.1,554.0,559.8,561.0,560.8,558.9,554.8,544.8,544.7,546.5,546.9,552.3,542.3,542.5,540.8,0.00,0.00,1.08,0.00,0.00,0.61,0.00,1.25,0.00,0.82,0.00,2.07,0.00,0.00,0.00,2.08,0.03,0.00,0.00,0.00,0.00,0.00,0.00,0.00,0.00,0.00,1.00,1.00,0.00,0.00,1.00,0.00,0.00,0.00,1.00
185,0,6.133,0.88,1,-0.123522,-0.117617,-0.985347,-0.145858,0.176152,-0.973497,-0.137,0.030,696.2,701.2,711.0,719.7,722.3,717.8,707.4,698.7,683.8,689.8,699.0,710.6,721.5,729.6,734.8,728.6,718.9,708.3,698.3,689.5,705.2,708.6,712.4,714.5,713.5,710.1,706.3,704.2,812.0,816.7,825.8,834.1,836.7,832.0,822.9,813.8,802.0,809.0,817.6,827.0,835.5,841.6,845.4,840.0,833.0,824.9,815.9,807.2,819.6,823.3,827.4,829.4,828.3,824.6,820.5,818.4,403.8,395.3,392.7,397.5,406.8,416.2,417.9,413.1,413.6,408.1,404.4,402.7,405.4,410.5,415.8,418.4,418.3,418.3,418.1,417.0,409.0,410.9,409.9,406.6,402.9,401.0,402.0,405.3,422.9,414.2,411.6,416.4,426.0,434.7,437.3,433.0,421.5,417.9,416.2,416.9,420.2,424.5,430.3,434.1,435.3,434.5,431.6,427.7,428.2,430.3,429.2,425.3,421.0,418.8,420.0,423.9,24.0,26.3,30.5,34.2,35.1,33.1,28.7,25.0,19.0,21.4,25.2,30.1,34.8,38.4,40.8,37.9,33.6,29.1,24.9,21.3,27.9,29.3,31.0,31.9,31.5,30.1,28.4,27.5,80.7,83.0,87.5,91.6,92.8,90.5,85.9,81.5,76.2,79.3,83.2,87.7,92.1,95.6,98.1,94.8,90.8,86.6,82.3,78.4,84.5,86.3,88.4,89.4,88.9,87.1,85.0,84.0,18.7,15.2,14.1,16.1,20.0,23.9,24.6,22.7,23.2,20.7,19.0,18.2,19.4,21.6,24.0,25.0,24.8,24.8,24.8,24.5,21.0,21.7,21.3,19.9,18.4,17.6,18.0,19.4,29.5,25.5,24.3,26.6,31.2,35.2,36.3,34.3,28.9,27.2,26.3,26.7,28.3,30.6,33.6,35.1,35.4,34.9,33.5,31.8,32.1,33.1,32.6,30.8,28.8,27.8,28.3,30.1,374.7,375.8,376.0,375.0,373.5,372.5,372.2,373.2,378.9,376.3,374.1,372.8,373.3,374.8,376.4,374.3,372.5,372.2,373.4,375.8,374.5,374.1,374.1,374.6,375.2,375.6,375.5,375.1,410.3,411.0,412.1,413.0,413.0,412.3,411.1,410.5,411.7,410.5,409.8,410.2,412.1,414.8,417.9,414.7,411.8,409.8,409.3,410.3,411.9,412.2,412.7,413.1,413.0,412.7,412.2,411.8,66.6,67.1,474.5,-0.003,0.113,0.046,632.3,633.3,636.4,639.7,647.1,663.4,687.9,719.7,759.1,800.0,834.7,860.8,873.4,877.0,879.5,882.2,881.8,660.9,677.0,701.0,725.6,748.9,791.0,810.7,831.6,851.1,864.1,773.0,772.2,771.9,771.5,743.1,755.6,767.3,779.0,789.6,686.8,701.2,718.4,732.6,716.8,699.8,801.3,817.8,834.7,846.2,833.5,816.8,716.1,733.7,750.6,762.5,775.0,789.7,802.3,787.4,772.0,758.7,746.1,731.0,724.0,749.5,761.6,774.4,793.2,773.8,761.1,749.3,404.8,437.0,468.4,500.7,533.6,564.3,591.2,613.8,621.9,615.5,592.1,564.4,534.3,504.1,477.3,452.0,426.8,378.3,364.5,361.0,369.5,384.0,389.9,382.2,379.7,381.8,393.4,416.2,435.2,453.9,473.7,495.3,499.7,503.8,503.1,500.1,410.4,404.1,405.7,417.4,420.7,419.2,424.5,417.0,419.2,428.1,433.3,431.4,545.9,535.1,530.0,535.2,532.7,541.5,554.6,562.0,563.8,563.6,561.6,556.5,545.4,546.0,547.8,548.3,553.2,545.0,545.2,543.4,0.00,0.00,1.09,0.00,0.00,0.49,0.00,1.19,0.00,0.80,0.04,2.09,0.00,0.05,0.07,2.25,0.02,0.00,0.00,0.00,0.00,0.00,0.00,0.00,0.00,0.00,1.00,1.00,0.00,0.00,1.00,0.00,0.00,0.00,1.00
186,0,6.167,0.88,1,-0.107807,-0.105026,-0.988609,-0.121295,0.191885,-0.973893,-0.116,0.044,696.1,701.3,711.1,719.8,722.3,717.8,707.4,698.7,683.8,689.7,698.8,710.4,721.3,729.4,734.8,728.4,718.6,708.1,698.2,689.4,705.2,708.6,712.5,714.5,713.6,710.1,706.3,704.2,812.2,816.8,825.7,833.9,836.5,832.0,823.0,814.0,801.8,808.8,817.2,826.6,834.8,840.7,844.3,839.3,832.6,824.8,815.9,807.2,819.6,823.2,827.3,829.3,828.1,824.5,820.5,818.4,403.8,395.3,392.7,397.5,406.8,416.3,418.0,413.2,413.7,408.1,404.4,402.7,405.3,410.2,415.5,418.3,418.3,418.4,418.2,417.0,409.0,411.0,410.0,406.6,402.9,401.0,402.0,405.4,422.5,413.8,411.1,416.0,425.5,434.1,436.8,432.6,421.3,417.7,416.0,416.5,419.7,423.8,429.4,433.2,434.5,433.8,431.1,427.3,427.7,429.9,428.7,424.8,420.5,418.3,419.6,423.4,24.0,26.3,30.5,34.1,35.1,33.0,28.6,25.0,18.9,21.3,25.1,29.9,34.6,38.2,40.7,37.7,33.4,28.9,24.8,21.2,27.8,29.3,30.9,31.8,31.5,30.0,28.4,27.5,81.5,83.9,88.4,92.5,93.8,91.5,86.9,82.4,76.8,80.0,83.9,88.4,92.8,96.2,98.7,95.5,91.7,87.5,83.1,79.2,85.4,87.2,89.3,90.3,89.8,87.9,85.9,84.8,18.7,15.1,14.0,16.0,20.0,23.9,24.6,22.6,23.2,20.6,18.9,18.1,19.3,21.5,23.8,24.9,24.7,24.8,24.8,24.4,20.9,21.7,21.3,19.9,18.4,17.6,18.0,19.4,29.6,25.5,24.3,26.7,31.3,35.3,36.5,34.4,29.1,27.3,26.5,26.8,28.4,30.6,33.5,35.1,35.4,34.9,33.6,31.9,32.2,33.3,32.7,30.9,28.9,27.8,28.3,30.2,373.9,375.1,375.2,374.2,372.7,371.6,371.4,372.4,378.1,375.4,373.2,371.9,372.3,373.7,375.3,373.2,371.5,371.3,372.5,374.9,373.7,373.3,373.3,373.8,374.4,374.8,374.7,374.3,414.3,415.1,416.4,417.5,417.7,416.9,415.5,414.6,415.5,414.5,414.1,414.6,416.6,419.4,422.5,419.4,416.4,414.2,413.5,414.3,416.1,416.6,417.2,417.5,417.5,417.0,416.4,416.0,66.6,67.9,477.7,0.015,0.103,0.046,632.1,632.8,635.8,639.4,647.4,664.1,687.8,718.5,756.3,795.7,829.4,855.4,869.2,874.4,878.0,881.2,881.3,660.6,676.6,700.7,725.6,748.8,790.1,809.6,830.5,850.3,863.7,772.3,771.8,771.5,771.2,742.6,755.0,766.7,778.5,789.3,686.5,701.2,718.3,732.4,716.7,699.7,801.0,817.4,834.1,845.7,833.0,816.4,715.0,733.0,750.4,762.3,774.8,790.0,802.6,787.6,771.6,758.3,745.5,730.0,723.0,749.1,761.3,774.1,793.7,773.4,760.6,748.7,405.6,437.8,469.1,501.1,533.9,564.2,590.9,613.4,621.6,615.8,592.8,565.4,535.5,505.3,477.8,451.7,425.6,378.6,364.8,361.4,369.8,384.1,389.8,381.5,378.8,380.8,392.3,416.0,435.2,454.2,474.2,495.5,499.9,504.1,503.2,500.4,410.4,404.2,405.8,417.3,420.5,419.1,424.1,416.5,418.7,427.4,432.6,430.8,546.0,536.0,531.2,536.4,533.9,542.5,554.9,564.4,567.0,566.9,564.6,558.5,546.0,546.9,548.9,549.3,553.8,548.0,548.1,546.1,0.00,0.00,1.03,0.00,0.00,0.28,0.00,1.18,0.00,0.77,0.04,2.03,0.00,0.13,0.13,2.41,0.00,0.00,0.00,0.00,0.00,0.00,0.00,0.00,0.00,0.00,1.00,1.00,0.00,0.00,1.00,0.00,1.00,0.00,1.00
187,0,6.200,0.88,1,-0.110742,-0.095480,-0.989252,-0.117633,0.197680,-0.973183,-0.116,0.052,695.9,701.1,710.9,719.6,722.1,717.5,707.1,698.4,683.7,689.6,698.7,710.2,721.2,729.4,734.8,728.4,718.6,708.0,698.1,689.4,705.0,708.4,712.3,714.3,713.4,710.0,706.1,704.0,812.2,816.7,825.7,833.9,836.6,832.1,823.1,814.0,801.7,808.7,817.1,826.5,834.8,840.7,844.3,839.3,832.6,824.7,815.8,807.1,819.6,823.3,827.3,829.3,828.2,824.5,820.4,818.4,403.8,395.3,392.6,397.5,406.9,416.4,418.1,413.3,413.6,408.0,404.4,402.7,405.2,410.2,415.4,418.2,418.2,418.4,418.2,417.0,409.1,411.0,410.0,406.7,402.9,401.0,402.0,405.4,422.5,413.8,411.1,415.9,425.4,434.1,436.8,432.6,421.3,417.7,416.0,416.5,419.7,423.7,429.3,433.2,434.5,433.8,431.1,427.4,427.7,429.8,428.6,424.7,420.4,418.3,419.5,423.4,23.9,26.2,30.4,34.0,34.9,32.9,28.5,24.8,18.9,21.3,25.0,29.8,34.5,38.1,40.6,37.7,33.3,28.8,24.7,21.1,27.7,29.1,30.8,31.7,31.4,29.9,28.3,27.4,81.5,83.8,88.3,92.5,93.7,91.4,86.9,82.4,76.7,79.8,83.7,88.3,92.6,96.1,98.6,95.4,91.6,87.4,83.0,79.1,85.3,87.2,89.2,90.3,89.7,87.8,85.8,84.7,18.7,15.1,14.0,16.0,20.0,23.9,24.6,22.7,23.1,20.6,18.9,18.1,19.2,21.4,23.7,24.8,24.7,24.8,24.8,24.4,20.9,21.7,21.3,19.9,18.3,17.5,18.0,19.4,29.5,25.5,24.3,26.6,31.2,35.3,36.4,34.4,29.1,27.3,26.5,26.8,28.4,30.5,33.5,35.0,35.4,34.9,33.6,31.9,32.2,33.2,32.7,30.9,28.8,27.8,28.3,30.1,373.6,374.6,374.6,373.6,372.2,371.2,371.1,372.1,377.9,375.1,372.8,371.4,371.8,373.3,374.9,372.8,371.1,371.0,372.3,374.7,373.3,372.9,372.9,373.3,373.9,374.3,374.3,373.9,413.9,414.7,416.1,417.2,417.3,416.5,415.1,414.2,415.2,414.2,413.7,414.2,416.2,419.0,422.1,418.9,415.9,413.8,413.1,414.0,415.7,416.2,416.8,417.2,417.1,416.6,416.0,415.6,66.5,68.4,478.1,0.029,0.097,0.049,632.4,632.8,635.8,639.4,647.6,664.4,687.7,717.6,754.3,792.7,825.8,852.0,866.7,873.0,877.4,881.1,881.4,660.5,676.5,700.7,725.7,748.8,789.9,809.5,830.4,850.4,863.9,772.2,771.7,771.6,771.3,742.5,754.9,766.5,778.4,789.2,686.3,701.1,718.3,732.4,716.7,699.7,801.0,817.3,834.1,845.6,833.0,816.4,714.4,732.6,750.4,762.3,774.7,790.2,802.7,787.6,771.4,758.1,745.2,729.2,722.5,749.0,761.2,773.9,794.0,773.1,760.4,748.4,405.9,438.2,469.5,501.4,534.0,564.2,590.9,613.7,622.3,616.8,593.9,566.6,536.9,506.6,478.6,452.0,425.3,378.5,364.8,361.7,369.9,384.1,389.8,381.5,378.9,380.9,392.5,416.1,435.5,454.5,474.6,495.8,500.2,504.3,503.5,500.7,410.4,404.2,405.9,417.4,420.5,419.0,424.1,416.5,418.6,427.3,432.6,430.8,546.5,536.7,531.9,537.1,534.6,543.3,555.5,566.9,570.4,570.3,567.9,560.8,546.7,547.5,549.6,550.0,554.6,550.9,551.0,548.8,0.00,0.00,0.97,0.00,0.00,0.00,0.00,1.20,0.00,0.76,0.04,1.95,0.00,0.24,0.25,2.65,0.00,0.00,0.00,0.00,0.00,0.00,0.00,0.00,0.00,0.00,1.00,1.00,0.00,0.00,1.00,0.00,1.00,1.00,1.00
188,0,6.233,0.88,1,-0.111524,-0.092155,-0.989480,-0.118133,0.201521,-0.972334,-0.117,0.056,695.6,700.9,710.8,719.7,722.2,717.5,706.9,698.1,683.6,689.6,698.7,710.2,721.1,729.4,734.9,728.4,718.6,708.0,698.0,689.3,704.8,708.2,712.2,714.3,713.3,709.9,705.9,703.8,812.2,816.7,825.7,833.9,836.6,832.1,823.0,814.0,801.9,808.7,817.1,826.5,834.8,840.7,844.3,839.3,832.6,824.8,815.9,807.2,819.6,823.3,827.3,829.3,828.2,824.5,820.4,818.4,403.8,395.2,392.6,397.4,406.9,416.4,418.1,413.2,413.6,408.1,404.4,402.7,405.2,410.1,415.4,418.3,418.2,418.4,418.2,417.0,409.1,411.1,410.1,406.7,403.0,401.0,402.0,405.4,422.5,413.8,411.0,415.8,425.4,434.0,436.8,432.6,421.2,417.6,415.9,416.5,419.6,423.7,429.3,433.2,434.5,433.9,431.1,427.3,427.6,429.8,428.6,424.7,420.4,418.3,419.5,423.4,23.6,26.0,30.2,33.9,34.8,32.7,28.2,24.6,18.7,21.2,24.9,29.6,34.3,38.0,40.4,37.5,33.2,28.7,24.5,21.0,27.5,28.9,30.6,31.5,31.2,29.8,28.1,27.1,81.7,84.0,88.5,92.7,94.0,91.6,87.1,82.6,77.0,80.1,83.9,88.5,92.9,96.3,98.8,95.6,91.8,87.6,83.2,79.3,85.5,87.4,89.4,90.5,89.9,88.0,86.0,85.0,18.6,15.0,13.9,15.9,19.8,23.8,24.5,22.5,23.0,20.5,18.8,18.1,19.1,21.3,23.6,24.7,24.6,24.6,24.6,24.3,20.9,21.7,21.2,19.8,18.3,17.5,17.9,19.3,29.6,25.6,24.3,26.7,31.2,35.3,36.5,34.4,29.1,27.3,26.5,26.8,28.4,30.6,33.5,35.1,35.5,35.0,33.7,31.9,32.2,33.3,32.7,30.9,28.9,27.8,28.3,30.2,371.9,373.0,373.1,372.0,370.4,369.3,369.1,370.2,375.9,373.2,371.0,369.7,370.1,371.5,373.0,370.9,369.2,369.0,370.3,372.7,371.5,371.0,371.1,371.5,372.2,372.6,372.6,372.2,414.9,415.7,417.0,418.1,418.3,417.5,416.1,415.3,416.2,415.2,414.7,415.2,417.1,419.9,422.9,419.9,416.9,414.8,414.1,415.0,416.7,417.2,417.8,418.2,418.1,417.6,417.0,416.7,66.4,68.6,477.9,0.037,0.093,0.051,632.5,632.8,635.7,639.4,647.7,664.5,687.4,716.8,753.0,790.8,823.4,849.7,864.9,872.0,877.0,880.9,881.4,660.4,676.5,700.7,725.8,748.9,789.9,809.7,830.7,850.7,864.3,772.2,771.7,771.5,771.3,742.3,754.6,766.3,778.3,789.1,686.2,701.1,718.3,732.4,716.7,699.6,801.1,817.3,834.1,845.6,833.0,816.4,714.0,732.3,750.4,762.1,774.5,790.0,802.4,787.4,771.0,757.7,744.9,728.8,722.1,748.9,760.9,773.5,793.8,772.7,760.1,748.1,405.9,438.3,469.7,501.5,534.3,564.5,591.3,614.3,623.1,617.8,595.1,567.8,538.1,507.6,479.3,452.2,425.0,378.4,364.8,361.8,370.0,384.2,389.7,381.4,378.8,381.0,392.6,416.2,435.6,454.7,474.9,495.9,500.4,504.6,503.7,500.9,410.4,404.2,405.9,417.4,420.5,419.0,424.2,416.5,418.6,427.3,432.6,430.8,546.8,537.3,532.6,537.9,535.4,544.0,555.9,568.2,572.1,572.0,569.6,562.0,547.2,548.0,550.0,550.5,555.1,552.8,552.9,550.6,0.00,0.00,0.99,0.00,0.00,0.00,0.00,1.21,0.00,0.69,0.00,1.85,0.00,0.30,0.38,2.90,0.00,0.00,0.00,0.00,0.00,0.00,0.00,0.00,0.00,0.00,0.00,1.00,0.00,0.00,1.00,0.00,1.00,1.00,1.00
189,0,6.267,0.88,1,-0.089938,-0.090219,-0.991853,-0.115646,0.205171,-0.971870,-0.104,0.058,696.0,701.3,711.3,720.2,722.7,718.0,707.3,698.5,683.6,689.6,698.7,710.2,721.1,729.5,735.0,728.5,718.6,707.9,698.0,689.2,705.2,708.6,712.6,714.7,713.7,710.3,706.4,704.3,812.1,816.6,825.6,833.9,836.5,832.0,823.0,813.9,801.7,808.6,817.0,826.4,834.7,840.6,844.2,839.2,832.5,824.7,815.8,807.1,819.5,823.2,827.2,829.2,828.1,824.4,820.3,818.3,403.7,395.1,392.5,397.4,406.9,416.4,418.1,413.2,413.6,408.1,404.5,402.8,405.2,410.1,415.3,418.2,418.2,418.4,418.2,417.0,409.0,411.0,410.0,406.7,403.0,401.0,402.0,405.3,422.5,413.7,411.0,415.8,425.3,434.1,436.8,432.6,421.2,417.6,415.9,416.4,419.5,423.6,429.2,433.1,434.5,433.9,431.2,427.4,427.7,429.8,428.6,424.7,420.4,418.2,419.5,423.4,23.7,26.1,30.3,34.0,34.9,32.8,28.3,24.7,18.7,21.1,24.8,29.6,34.2,37.9,40.4,37.4,33.0,28.5,24.4,20.9,27.6,29.0,30.7,31.6,31.3,29.9,28.2,27.3,81.3,83.6,88.1,92.3,93.6,91.3,86.7,82.2,76.6,79.7,83.5,88.1,92.4,95.9,98.4,95.2,91.4,87.2,82.9,78.9,85.1,87.0,89.0,90.1,89.5,87.6,85.6,84.6,18.5,14.9,13.8,15.9,19.8,23.7,24.4,22.4,23.0,20.4,18.8,18.0,19.1,21.2,23.5,24.6,24.5,24.6,24.6,24.2,20.8,21.5,21.1,19.8,18.2,17.4,17.8,19.2,29.5,25.4,24.2,26.6,31.1,35.2,36.4,34.3,29.0,27.2,26.4,26.7,28.3,30.4,33.3,34.9,35.3,34.9,33.6,31.8,32.1,33.2,32.6,30.8,28.7,27.7,28.2,30.1,370.7,371.9,372.0,370.9,369.3,368.2,368.0,369.1,374.7,372.1,369.9,368.5,368.9,370.3,371.8,369.7,368.0,367.8,369.1,371.6,370.4,370.0,370.0,370.5,371.1,371.5,371.5,371.0,413.2,414.0,415.4,416.5,416.7,415.9,414.5,413.6,414.4,413.4,412.9,413.5,415.5,418.3,421.4,418.3,415.3,413.1,412.4,413.2,415.0,415.5,416.2,416.5,416.4,415.9,415.3,415.0,66.1,68.8,477.4,0.041,0.089,0.055,632.6,632.8,635.6,639.3,647.7,664.3,686.8,715.8,751.6,788.9,821.1,847.4,863.1,871.0,876.5,880.7,881.5,660.5,676.5,700.7,725.9,748.9,789.7,809.7,830.8,851.0,864.7,772.0,771.6,771.5,771.3,742.1,754.4,766.1,778.2,789.1,686.0,701.0,718.3,732.5,716.7,699.6,800.9,817.2,834.0,845.6,832.9,816.2,713.6,732.0,750.3,761.9,774.2,789.8,802.2,787.1,770.5,757.3,744.5,728.2,721.7,748.6,760.6,773.1,793.7,772.2,759.6,747.7,406.0,438.3,469.7,501.5,534.2,564.4,591.6,614.9,624.0,619.1,596.6,569.3,539.6,508.9,480.1,452.4,424.5,378.5,364.8,361.8,370.0,384.1,389.6,381.1,378.6,381.1,392.9,416.2,435.6,454.8,475.1,495.9,500.5,504.7,503.8,501.1,410.3,404.1,405.9,417.4,420.4,419.0,424.1,416.4,418.6,427.3,432.6,430.8,547.1,537.7,533.1,538.3,535.9,544.5,556.4,569.6,573.7,573.6,571.1,563.0,547.5,548.3,550.4,550.9,555.7,554.3,554.4,552.0,0.00,0.00,0.97,0.00,0.00,0.00,0.00,1.21,0.00,0.61,0.00,1.78,0.00,0.38,0.53,3.11,0.00,0.00,0.00,0.00,0.00,0.00,0.00,0.00,0.00,0.00,0.00,1.00,0.00,0.00,1.00,1.00,1.00,1.00,1.00
190,0,6.300,0.88,1,-0.073791,-0.087417,-0.993435,-0.117804,0.208738,-0.970851,-0.097,0.062,696.4,701.7,711.7,720.5,722.9,718.2,707.6,698.8,683.6,689.6,698.6,710.1,721.1,729.5,735.0,728.5,718.5,707.8,697.9,689.2,705.5,708.9,712.8,714.9,714.0,710.6,706.8,704.6,811.9,816.5,825.5,833.8,836.5,831.9,822.9,813.8,801.4,808.5,817.0,826.4,834.7,840.6,844.2,839.2,832.6,824.7,815.7,806.9,819.4,823.1,827.1,829.1,827.9,824.2,820.2,818.2,403.6,395.0,392.5,397.5,407.0,416.5,418.1,413.1,413.6,408.1,404.5,402.8,405.2,410.1,415.2,418.2,418.2,418.4,418.2,417.0,409.0,410.9,410.0,406.7,403.0,401.0,402.0,405.3,422.5,413.7,410.9,415.8,425.4,434.2,437.0,432.7,421.2,417.6,415.9,416.5,419.6,423.6,429.2,433.1,434.5,433.9,431.2,427.4,427.7,429.9,428.7,424.7,420.5,418.3,419.5,423.4,23.9,26.2,30.4,34.1,34.9,32.8,28.4,24.8,18.7,21.1,24.7,29.5,34.1,37.8,40.3,37.3,33.0,28.5,24.4,20.9,27.7,29.1,30.7,31.7,31.3,29.9,28.3,27.4,80.6,82.9,87.5,91.6,92.9,90.6,86.0,81.6,75.9,79.0,83.0,87.5,91.8,95.3,97.7,94.6,90.8,86.6,82.3,78.3,84.5,86.4,88.4,89.4,88.8,87.0,85.0,83.9,18.4,14.9,13.8,15.9,19.8,23.7,24.4,22.4,22.9,20.4,18.8,18.0,19.0,21.2,23.4,24.5,24.4,24.5,24.5,24.2,20.7,21.5,21.1,19.7,18.2,17.4,17.8,19.2,29.3,25.2,24.0,26.4,30.9,35.0,36.2,34.1,28.8,27.0,26.2,26.5,28.1,30.2,33.1,34.7,35.1,34.7,33.3,31.6,31.9,33.0,32.4,30.6,28.6,27.5,28.1,29.9,370.1,371.3,371.4,370.3,368.7,367.7,367.5,368.5,374.3,371.6,369.4,367.9,368.2,369.6,371.2,369.1,367.4,367.3,368.6,371.1,369.8,369.4,369.4,369.9,370.5,370.9,370.9,370.4,410.4,411.2,412.6,413.8,413.9,413.1,411.7,410.7,411.5,410.6,410.2,410.8,412.8,415.6,418.7,415.5,412.5,410.3,409.6,410.4,412.2,412.7,413.4,413.7,413.7,413.2,412.5,412.2,65.9,68.9,476.9,0.045,0.087,0.057,632.7,632.7,635.4,639.3,647.7,664.1,686.5,715.2,750.6,787.5,819.4,845.7,861.9,870.2,876.1,880.5,881.5,660.4,676.4,700.6,726.0,749.0,789.7,809.7,831.0,851.3,864.9,771.9,771.5,771.4,771.2,742.0,754.2,765.9,778.0,789.0,685.9,701.0,718.3,732.5,716.7,699.5,800.8,817.1,834.0,845.6,832.9,816.2,713.3,731.7,750.2,761.7,773.9,789.6,802.0,786.8,770.1,757.0,744.3,727.8,721.5,748.5,760.4,772.7,793.6,771.7,759.3,747.5,405.9,438.2,469.6,501.3,534.0,564.3,591.6,615.2,624.6,619.9,597.6,570.4,540.7,510.0,480.9,452.7,424.5,378.6,364.8,361.8,370.0,384.1,389.5,381.0,378.5,381.2,393.2,416.2,435.7,454.8,475.1,495.9,500.5,504.7,503.8,501.1,410.3,404.1,405.9,417.4,420.4,418.9,424.2,416.4,418.6,427.3,432.6,430.8,547.2,537.8,533.2,538.5,536.1,544.8,556.7,571.0,575.4,575.3,572.7,564.1,547.7,548.3,550.5,551.0,556.0,555.8,555.8,553.4,0.00,0.00,0.90,0.00,0.00,0.00,0.00,1.19,0.00,0.57,0.00,1.77,0.00,0.42,0.63,3.26,0.00,0.00,0.00,0.00,0.00,0.00,0.00,0.00,0.00,0.00,0.00,1.00,0.00,0.00,1.00,1.00,1.00,1.00,1.00
191,0,6.333,0.88,1,-0.064873,-0.080688,-0.994626,-0.115840,0.210830,-0.970635,-0.092,0.066,696.7,702.0,711.8,720.4,722.8,718.1,707.7,699.1,683.7,689.5,698.4,710.0,721.1,729.4,734.9,728.3,718.4,707.7,697.9,689.3,705.7,709.0,712.9,714.9,714.1,710.7,706.9,704.8,811.9,816.4,825.4,833.8,836.5,832.0,822.9,813.7,801.3,808.3,816.9,826.4,834.6,840.5,844.2,839.3,832.6,824.8,815.7,806.8,819.3,823.0,827.1,829.1,827.9,824.2,820.1,818.1,403.6,395.1,392.5,397.5,407.1,416.6,418.2,413.2,413.4,408.0,404.5,402.7,405.2,410.1,415.1,418.1,418.2,418.4,418.2,416.9,408.9,410.9,410.0,406.7,402.9,401.0,401.9,405.2,422.5,413.7,410.9,415.7,425.4,434.2,437.0,432.8,421.2,417.6,415.9,416.4,419.5,423.5,429.2,433.1,434.5,433.9,431.2,427.4,427.7,429.9,428.7,424.7,420.4,418.3,419.5,423.4,24.1,26.4,30.6,34.2,35.0,33.0,28.6,25.0,18.8,21.1,24.8,29.6,34.3,37.9,40.5,37.4,33.1,28.6,24.5,21.0,27.9,29.3,30.9,31.8,31.5,30.1,28.5,27.6,80.2,82.5,87.0,91.2,92.5,90.2,85.6,81.1,75.4,78.6,82.5,87.0,91.4,94.8,97.2,94.2,90.3,86.2,81.8,77.8,84.1,85.9,87.9,89.0,88.4,86.5,84.5,83.5,18.5,14.9,13.9,15.9,19.9,23.9,24.6,22.5,23.0,20.5,18.9,18.1,19.1,21.2,23.5,24.6,24.6,24.7,24.7,24.3,20.8,21.6,21.2,19.8,18.3,17.4,17.8,19.2,29.1,25.1,23.9,26.2,30.8,34.9,36.0,34.0,28.6,26.9,26.1,26.3,27.9,30.0,32.9,34.6,34.9,34.5,33.2,31.4,31.8,32.8,32.3,30.5,28.4,27.4,27.9,29.7,371.7,372.7,372.7,371.8,370.4,369.6,369.4,370.4,376.5,373.5,371.1,369.5,369.8,371.3,373.0,371.0,369.3,369.3,370.7,373.2,371.5,371.2,371.2,371.5,372.1,372.5,372.5,372.1,408.2,409.1,410.6,411.7,411.9,410.9,409.5,408.5,409.4,408.4,408.0,408.6,410.7,413.5,416.6,413.5,410.4,408.2,407.4,408.2,410.1,410.6,411.2,411.6,411.6,411.1,410.4,410.0,65.8,69.0,476.6,0.049,0.085,0.057,632.5,632.5,635.3,639.2,647.7,664.1,686.3,715.0,750.2,786.9,818.7,844.9,861.2,869.6,875.6,880.2,881.3,660.0,675.9,700.2,725.7,748.8,789.5,809.6,831.0,851.4,865.0,771.8,771.4,771.4,771.2,741.9,754.2,765.9,777.9,788.9,685.8,700.9,718.2,732.5,716.7,699.4,800.7,817.0,833.9,845.6,832.8,816.1,713.0,731.5,750.2,761.7,773.9,789.8,802.1,786.9,770.0,756.9,744.1,727.4,721.2,748.5,760.4,772.7,793.7,771.6,759.2,747.3,406.0,438.4,469.7,501.4,534.1,564.5,591.9,615.7,625.3,620.6,598.3,571.1,541.4,510.6,481.3,453.0,424.5,378.6,364.6,361.6,369.8,384.1,389.6,380.9,378.4,381.1,393.3,416.3,435.8,454.8,475.2,495.9,500.5,504.7,503.8,501.1,410.3,404.1,405.8,417.4,420.3,418.9,424.2,416.4,418.6,427.2,432.6,430.8,547.4,537.9,533.3,538.6,536.2,544.9,556.9,572.1,576.9,576.8,574.2,565.1,547.9,548.4,550.5,551.1,556.2,557.2,557.2,554.7,0.00,0.00,0.80,0.01,0.00,0.00,0.00,1.18,0.00,0.49,0.01,1.77,0.00,0.47,0.70,3.28,0.00,0.00,0.00,0.00,0.00,0.00,0.00,0.00,0.00,0.00,0.00,1.00,0.00,0.00,1.00,1.00,1.00,1.00,1.00
192,0,6.367,0.88,1,-0.054692,-0.078936,-0.995378,-0.118586,0.216347,-0.969088,-0.088,0.070,696.8,702.0,711.9,720.5,723.0,718.4,708.0,699.3,683.6,689.4,698.4,710.0,721.1,729.4,734.9,728.3,718.4,707.7,697.8,689.1,705.9,709.2,713.1,715.1,714.2,710.8,707.0,704.9,811.7,816.2,825.3,833.6,836.4,831.9,822.8,813.6,801.1,808.2,816.8,826.3,834.6,840.5,844.2,839.3,832.6,824.7,815.6,806.7,819.2,822.9,826.9,828.9,827.7,824.0,820.0,818.0,403.6,395.0,392.5,397.4,407.0,416.5,418.1,413.2,413.4,408.0,404.4,402.7,405.2,410.1,415.1,418.1,418.2,418.4,418.2,416.9,408.9,410.9,409.9,406.6,402.9,400.9,401.9,405.2,422.5,413.6,410.8,415.7,425.4,434.3,437.1,432.8,421.1,417.5,415.8,416.3,419.4,423.4,429.1,433.1,434.4,433.9,431.1,427.4,427.7,429.9,428.6,424.8,420.5,418.3,419.6,423.5,24.1,26.4,30.5,34.1,35.1,33.0,28.6,25.0,18.7,21.0,24.7,29.5,34.2,37.8,40.4,37.4,33.0,28.5,24.4,20.9,27.9,29.3,30.9,31.8,31.5,30.1,28.5,27.6,79.9,82.2,86.7,90.9,92.2,89.9,85.3,80.8,75.2,78.3,82.3,86.8,91.1,94.5,97.0,94.0,90.1,86.0,81.6,77.6,83.8,85.6,87.6,88.7,88.1,86.3,84.2,83.2,18.5,14.9,13.8,15.9,19.8,23.8,24.5,22.5,22.9,20.4,18.8,18.0,19.1,21.2,23.4,24.6,24.5,24.6,24.6,24.2,20.7,21.5,21.1,19.7,18.2,17.4,17.8,19.2,29.1,25.0,23.8,26.2,30.7,34.8,36.0,33.9,28.5,26.8,26.0,26.2,27.8,29.9,32.8,34.5,34.8,34.4,33.0,31.4,31.7,32.7,32.2,30.4,28.4,27.3,27.9,29.7,370.8,371.8,371.8,370.9,369.6,368.8,368.6,369.5,375.6,372.7,370.3,368.7,369.0,370.5,372.2,370.2,368.5,368.5,369.9,372.4,370.7,370.3,370.3,370.7,371.2,371.6,371.6,371.2,407.3,408.2,409.7,410.8,410.9,410.0,408.5,407.6,408.4,407.5,407.1,407.8,409.8,412.7,415.7,412.6,409.5,407.2,406.5,407.2,409.2,409.6,410.3,410.7,410.6,410.2,409.5,409.1,65.7,69.0,475.9,0.055,0.084,0.057,632.4,632.4,635.2,639.1,647.6,664.1,686.2,714.8,749.9,786.4,818.0,844.2,860.7,869.4,875.5,880.2,881.3,660.0,675.8,700.2,725.8,748.9,789.2,809.4,830.9,851.4,865.0,771.6,771.3,771.3,771.1,741.8,754.0,765.8,777.8,788.9,685.6,700.8,718.2,732.5,716.7,699.4,800.6,816.9,833.9,845.5,832.8,816.0,712.8,731.2,750.1,761.7,773.8,789.9,802.2,787.0,769.9,756.8,743.9,727.1,721.0,748.4,760.3,772.6,793.8,771.5,759.1,747.1,406.1,438.4,469.7,501.3,534.0,564.5,592.2,616.3,626.0,621.2,598.9,571.5,541.8,510.9,481.4,452.9,424.2,378.6,364.6,361.7,369.9,384.1,389.6,380.7,378.2,381.1,393.4,416.3,435.8,454.8,475.1,495.9,500.5,504.7,503.7,501.1,410.3,404.0,405.8,417.4,420.3,418.8,424.2,416.3,418.5,427.2,432.6,430.8,547.5,538.0,533.4,538.6,536.3,545.0,557.0,573.2,578.4,578.3,575.7,566.2,548.1,548.4,550.5,551.1,556.4,558.6,558.7,556.1,0.00,0.00,0.72,0.01,0.00,0.00,0.00,1.20,0.00,0.48,0.01,1.79,0.00,0.46,0.79,3.33,0.00,0.00,0.00,0.00,0.00,0.00,0.00,0.00,0.00,0.00,0.00,1.00,0.00,0.00,1.00,1.00,1.00,1.00,1.00
193,0,6.400,0.88,1,-0.023287,-0.063168,-0.997731,-0.108076,0.221479,-0.969158,-0.067,0.080,697.6,702.5,712.2,720.9,723.5,719.1,708.9,700.2,683.2,689.0,698.2,710.1,721.3,729.3,734.5,728.2,718.5,707.9,697.9,689.1,706.5,709.9,713.7,715.6,714.6,711.2,707.4,705.5,811.7,816.1,825.1,833.3,836.0,831.6,822.6,813.5,800.9,808.0,816.6,826.0,834.1,839.8,843.3,838.6,832.1,824.3,815.4,806.5,819.0,822.7,826.7,828.6,827.4,823.8,819.8,817.9,404.0,395.2,392.6,397.6,407.3,416.9,418.7,413.7,413.2,407.9,404.5,402.8,405.2,409.8,414.9,417.9,418.2,418.5,418.3,416.9,409.1,411.1,410.1,406.7,402.9,400.9,401.9,405.3,422.4,413.6,410.8,415.7,425.4,434.1,436.9,432.6,421.1,417.5,415.7,416.1,419.2,423.2,428.9,433.0,434.4,433.9,431.2,427.4,427.6,429.8,428.6,424.7,420.4,418.3,419.5,423.4,24.4,26.6,30.7,34.4,35.4,33.5,29.2,25.5,18.6,20.9,24.7,29.6,34.4,38.0,40.4,37.5,33.2,28.7,24.6,21.0,28.2,29.7,31.3,32.2,31.8,30.3,28.7,27.8,80.4,82.6,87.2,91.3,92.6,90.3,85.8,81.3,75.5,78.7,82.6,87.2,91.4,94.8,97.2,94.2,90.4,86.3,81.9,77.9,84.2,86.0,88.0,89.1,88.5,86.6,84.6,83.6,18.7,15.0,13.9,16.0,20.0,24.1,24.8,22.7,22.9,20.4,18.9,18.1,19.1,21.2,23.5,24.6,24.7,24.8,24.7,24.3,20.9,21.7,21.3,19.9,18.2,17.4,17.8,19.3,29.2,25.1,23.9,26.3,30.9,34.9,36.1,34.0,28.7,26.9,26.1,26.3,27.9,30.0,32.9,34.6,35.0,34.6,33.3,31.5,31.8,32.9,32.3,30.5,28.5,27.5,28.0,29.8,371.4,372.1,372.3,371.9,371.1,370.6,370.2,370.6,376.7,373.6,371.1,369.6,370.3,372.2,374.1,372.2,370.4,370.2,371.4,373.6,371.8,371.6,371.7,372.0,372.3,372.4,372.3,372.1,409.5,410.5,412.1,413.3,413.4,412.4,410.8,409.8,410.5,409.6,409.4,410.1,412.2,415.1,418.2,415.0,411.8,409.5,408.7,409.4,411.4,412.0,412.7,413.1,413.1,412.5,411.8,411.4,65.7,69.2,476.3,0.062,0.082,0.055,632.1,632.2,635.0,639.0,647.6,664.1,686.1,714.7,749.9,786.4,817.9,844.0,860.4,869.1,875.3,879.9,881.0,659.9,675.6,699.9,725.5,748.6,788.9,809.1,830.6,851.1,864.6,771.4,771.1,771.2,771.1,741.7,754.0,765.8,777.9,789.0,685.7,700.8,718.1,732.4,716.6,699.4,800.3,816.5,833.4,845.1,832.4,815.6,712.3,730.8,750.1,761.9,774.4,790.8,803.1,788.0,770.5,757.0,743.8,726.6,720.6,748.4,760.6,773.2,794.7,772.0,759.2,747.0,406.4,438.7,469.8,501.3,534.0,564.5,592.5,616.9,626.7,621.8,599.2,571.5,541.6,510.7,481.3,452.8,424.2,378.7,364.6,361.7,369.8,384.1,389.5,380.5,378.0,381.0,393.2,416.5,435.9,455.0,475.3,496.0,500.6,504.8,503.7,501.0,410.4,404.0,405.8,417.4,420.3,418.8,424.2,416.2,418.3,427.0,432.4,430.7,547.4,537.7,533.2,538.5,536.1,544.7,556.8,574.0,579.8,579.8,577.1,567.1,548.0,548.2,550.4,550.9,556.2,559.9,560.0,557.4,0.00,0.00,0.73,0.01,0.00,0.00,0.00,1.21,0.00,0.39,0.01,1.80,0.00,0.46,0.91,3.44,0.00,0.00,0.00,0.00,0.00,0.00,0.00,0.00,0.00,0.00,0.00,1.00,0.00,0.00,1.00,1.00,1.00,1.00,1.00
194,0,6.433,0.88,1,0.005298,-0.049220,-0.998774,-0.107510,0.223298,-0.968803,-0.052,0.088,697.9,702.8,712.5,721.4,724.3,720.0,709.7,700.8,682.7,688.7,698.1,710.2,721.5,729.4,734.5,728.2,718.6,708.0,697.8,688.8,706.9,710.4,714.3,716.3,715.2,711.7,707.8,705.8,811.6,816.0,825.0,833.2,835.9,831.5,822.6,813.4,800.7,807.8,816.4,825.9,834.0,839.7,843.3,838.5,832.0,824.3,815.3,806.3,819.0,822.6,826.6,828.5,827.3,823.7,819.7,817.7,404.4,395.4,392.6,397.5,407.4,417.2,419.3,414.3,412.7,407.7,404.5,403.0,405.3,409.8,414.8,417.8,418.4,418.6,418.3,416.7,409.5,411.5,410.4,406.8,402.9,400.9,402.0,405.5,422.3,413.5,410.7,415.6,425.3,434.1,436.9,432.6,421.1,417.5,415.7,416.2,419.2,423.3,428.9,433.0,434.4,433.9,431.2,427.4,427.6,429.8,428.5,424.6,420.4,418.2,419.4,423.3,24.3,26.4,30.5,34.2,35.4,33.6,29.2,25.5,18.2,20.6,24.4,29.3,34.1,37.7,40.1,37.2,33.0,28.5,24.3,20.6,28.1,29.6,31.3,32.1,31.7,30.2,28.5,27.7,80.0,82.3,86.8,91.0,92.3,90.0,85.4,81.0,75.2,78.3,82.3,86.8,91.1,94.5,96.9,93.9,90.1,86.0,81.6,77.6,83.9,85.7,87.7,88.7,88.1,86.3,84.3,83.3,18.6,14.9,13.7,15.8,19.9,24.0,24.8,22.8,22.5,20.2,18.7,18.0,19.0,21.0,23.2,24.4,24.5,24.6,24.5,24.0,20.8,21.6,21.2,19.7,18.0,17.2,17.7,19.2,29.1,25.0,23.8,26.2,30.8,34.8,36.0,33.9,28.6,26.8,26.0,26.3,27.8,29.9,32.8,34.5,34.9,34.5,33.1,31.4,31.7,32.7,32.2,30.4,28.4,27.3,27.9,29.7,367.3,367.8,368.0,367.9,367.5,367.3,366.8,366.9,372.8,369.7,367.1,365.7,366.5,368.6,370.8,368.9,367.1,366.8,367.9,370.0,368.0,367.9,368.0,368.2,368.4,368.4,368.3,368.1,408.1,409.1,410.7,412.0,412.1,411.1,409.5,408.4,409.2,408.3,408.0,408.8,410.9,413.8,417.0,413.7,410.6,408.2,407.4,408.0,410.1,410.6,411.3,411.8,411.7,411.2,410.5,410.0,65.5,69.2,475.1,0.065,0.081,0.054,632.1,632.1,634.9,639.0,647.6,664.0,686.1,714.8,750.0,786.4,817.7,843.6,860.0,868.8,875.1,879.8,881.0,659.5,675.2,699.6,725.5,748.6,788.9,809.3,831.0,851.6,864.9,771.2,771.0,771.1,771.0,741.5,753.9,765.7,777.8,789.0,685.5,700.7,718.1,732.5,716.6,699.3,800.1,816.4,833.4,845.1,832.4,815.6,712.3,730.6,750.0,761.9,774.4,791.0,803.1,788.1,770.6,757.0,743.8,726.4,720.6,748.3,760.6,773.2,794.7,772.1,759.2,746.8,406.4,438.7,469.9,501.4,534.2,564.8,593.0,617.6,627.4,622.4,599.6,571.8,541.8,510.9,481.3,452.7,424.0,378.8,364.6,361.7,369.9,384.2,389.6,380.4,377.8,380.9,393.3,416.6,436.0,455.0,475.3,496.0,500.6,504.8,503.7,500.9,410.4,404.1,405.8,417.5,420.3,418.9,424.2,416.1,418.2,426.9,432.3,430.6,547.7,537.9,533.3,538.6,536.2,544.8,557.0,574.7,580.8,580.8,578.1,567.8,548.2,548.2,550.4,550.9,556.4,560.8,561.0,558.3,0.00,0.00,0.72,0.00,0.00,0.06,0.00,1.16,0.00,0.42,0.00,1.75,0.00,0.45,0.96,3.46,0.00,0.00,0.00,0.00,0.00,0.00,0.00,0.00,0.00,0.00,0.00,1.00,0.00,0.00,1.00,1.00,1.00,1.00,1.00
195,0,6.467,0.88,1,0.034057,-0.040695,-0.998591,-0.112432,0.229110,-0.966886,-0.040,0.096,698.2,703.1,712.9,721.9,724.9,720.6,710.2,701.2,682.3,688.3,697.8,710.0,721.5,729.5,734.6,728.2,718.6,707.9,697.6,688.5,707.1,710.9,714.9,716.9,715.7,712.0,708.0,705.9,811.5,815.8,824.7,833.0,835.8,831.4,822.5,813.4,800.9,808.0,816.6,826.0,834.0,839.6,843.0,838.5,832.2,824.6,815.6,806.5,818.8,822.5,826.4,828.4,827.1,823.5,819.5,817.6,404.7,395.6,392.6,397.6,407.6,417.5,419.7,414.7,412.8,407.7,404.5,403.0,405.2,409.7,414.7,417.8,418.5,418.9,418.5,416.9,409.9,411.9,410.7,407.0,402.8,400.8,402.0,405.7,422.4,413.5,410.6,415.3,425.0,433.9,436.8,432.6,421.1,417.4,415.6,416.0,418.8,422.7,428.3,432.5,434.1,433.7,431.1,427.3,427.5,429.6,428.3,424.4,420.1,418.0,419.3,423.2,24.1,26.1,30.2,34.0,35.2,33.4,29.1,25.3,17.8,20.1,23.9,28.9,33.7,37.2,39.6,36.7,32.6,28.1,23.9,20.2,27.9,29.4,31.1,32.0,31.5,29.9,28.2,27.4,80.0,82.2,86.7,90.9,92.3,90.0,85.5,80.9,75.2,78.4,82.3,86.9,91.2,94.5,96.8,94.0,90.3,86.2,81.8,77.7,83.8,85.7,87.7,88.7,88.1,86.2,84.2,83.2,18.5,14.7,13.5,15.6,19.7,23.9,24.7,22.6,22.2,19.9,18.4,17.7,18.7,20.7,22.9,24.1,24.3,24.4,24.3,23.7,20.7,21.6,21.1,19.5,17.8,16.9,17.4,19.0,29.1,25.0,23.7,26.1,30.6,34.7,36.0,33.9,28.6,26.8,25.9,26.2,27.7,29.7,32.6,34.3,34.8,34.4,33.1,31.4,31.6,32.7,32.1,30.3,28.3,27.3,27.8,29.6,362.3,362.7,363.0,363.1,362.9,362.8,362.2,362.1,368.1,364.9,362.4,361.0,361.8,364.0,366.2,364.4,362.6,362.3,363.4,365.4,363.2,363.2,363.4,363.5,363.6,363.6,363.4,363.3,408.1,409.1,410.7,412.0,412.3,411.4,409.7,408.5,409.0,408.2,408.1,408.9,411.1,414.1,417.3,414.1,410.9,408.5,407.5,408.1,410.2,410.8,411.5,411.9,411.8,411.2,410.5,410.1,65.4,69.1,474.6,0.068,0.078,0.052,631.8,631.9,634.8,638.8,647.4,663.9,686.0,715.0,750.3,786.5,817.7,843.5,859.9,868.7,875.1,879.7,880.9,659.0,674.7,699.1,725.0,748.2,788.6,808.9,830.6,851.3,864.9,771.0,770.9,771.1,771.2,741.5,754.0,765.9,778.1,789.3,685.2,700.4,717.9,732.4,716.5,699.1,800.0,816.4,833.4,845.2,832.5,815.6,711.7,730.5,750.2,762.2,775.0,791.8,804.3,789.1,771.3,757.5,744.1,726.3,720.1,748.6,761.0,773.8,795.8,772.6,759.6,747.1,406.4,438.8,470.0,501.5,534.4,565.1,593.4,618.2,628.0,622.9,600.0,572.1,542.0,510.8,481.0,452.1,423.1,379.0,364.8,361.8,369.9,384.2,389.5,380.2,377.6,380.5,392.8,416.5,435.8,454.7,474.9,496.0,500.6,504.7,503.5,500.7,410.5,404.1,405.8,417.5,420.4,419.0,424.1,415.8,417.8,426.5,432.1,430.5,547.6,538.0,533.5,538.7,536.3,544.7,556.6,575.0,581.5,581.6,579.0,568.4,548.2,548.3,550.5,550.9,556.2,561.6,561.8,559.1,0.00,0.00,0.66,0.00,0.00,0.06,0.00,1.16,0.02,0.51,0.06,1.80,0.00,0.52,1.05,3.38,0.00,0.00,0.00,0.00,0.00,0.00,0.00,0.00,0.00,0.00,0.00,1.00,0.00,0.00,1.00,1.00,1.00,1.00,1.00
196,0,6.500,0.88,1,0.005164,-0.073359,-0.997292,-0.095220,0.198600,-0.975444,-0.046,0.063,697.3,702.1,711.9,721.0,724.1,719.8,709.5,700.4,681.1,687.6,698.0,710.4,721.5,729.1,733.7,728.0,719.1,708.6,697.8,688.0,706.3,709.9,713.9,715.9,714.7,711.0,707.0,705.1,811.4,815.6,824.6,833.0,836.1,831.9,822.9,813.6,800.3,807.7,816.5,826.0,834.1,839.7,843.1,838.6,832.3,824.6,815.5,806.3,819.0,822.7,826.6,828.4,827.1,823.4,819.5,817.6,404.7,395.5,392.5,397.5,407.6,417.6,419.8,414.8,413.1,407.6,403.9,402.4,405.1,410.4,416.8,419.1,419.4,419.5,419.0,417.2,409.8,411.9,410.7,406.9,402.8,400.8,402.0,405.7,421.1,411.9,408.8,413.5,423.4,432.6,435.7,431.6,420.1,415.9,413.8,414.1,417.1,421.2,427.1,431.3,432.9,432.5,429.9,426.3,426.2,428.3,426.9,422.9,418.6,416.5,417.9,421.9,23.5,25.5,29.6,33.4,34.6,32.8,28.5,24.8,17.1,19.7,23.8,28.8,33.5,36.9,39.0,36.4,32.6,28.2,23.8,19.8,27.3,28.8,30.4,31.3,30.8,29.3,27.6,26.8,78.2,80.3,84.8,89.0,90.4,88.3,83.8,79.2,73.3,76.5,80.5,85.0,89.2,92.5,94.8,92.0,88.3,84.3,79.9,75.8,82.1,83.9,85.9,86.8,86.2,84.3,82.4,81.4,18.3,14.6,13.4,15.4,19.6,23.7,24.6,22.5,22.1,19.6,18.0,17.3,18.5,20.9,23.6,24.5,24.4,24.4,24.3,23.6,20.5,21.3,20.9,19.3,17.7,16.8,17.3,18.8,27.9,23.7,22.4,24.7,29.2,33.4,34.7,32.7,27.5,25.5,24.5,24.7,26.3,28.4,31.3,33.0,33.5,33.1,31.8,30.2,30.4,31.4,30.8,29.0,27.0,26.0,26.6,28.4,358.9,359.4,360.0,360.3,360.2,360.0,359.1,358.8,363.8,361.1,358.9,358.1,359.5,361.8,364.2,362.2,360.1,359.2,359.7,361.4,360.0,360.1,360.4,360.6,360.6,360.5,360.2,360.0,399.0,400.1,401.9,403.4,403.6,402.5,400.8,399.4,399.8,399.1,399.1,400.0,402.3,405.3,408.5,405.2,401.9,399.4,398.4,398.9,401.2,401.9,402.6,403.1,403.0,402.4,401.6,401.1,65.8,68.7,471.4,0.057,0.069,0.042,631.8,632.1,635.2,639.2,648.2,665.1,687.7,717.4,753.4,789.7,820.7,845.9,862.4,870.9,876.7,880.3,880.3,658.2,674.4,698.7,724.7,747.9,787.9,808.4,830.4,851.2,865.0,771.2,771.6,772.5,773.1,742.4,755.6,768.0,780.6,792.2,684.7,700.0,717.8,732.9,716.6,698.9,799.5,815.9,833.4,845.5,832.8,815.6,710.0,730.3,751.2,765.0,779.6,798.0,811.6,795.8,776.7,761.0,745.9,726.4,718.6,749.8,763.9,778.7,803.0,777.7,762.6,748.4,406.7,439.5,471.3,503.1,535.7,566.0,594.1,619.0,629.0,624.4,602.0,574.2,544.0,512.3,481.8,451.9,422.0,379.2,365.2,362.2,369.7,383.6,388.5,378.4,375.8,378.9,391.4,416.0,435.2,454.0,474.2,496.8,501.2,505.2,503.8,501.0,411.3,404.0,405.7,418.1,420.9,419.7,423.7,414.1,415.8,425.1,430.9,429.5,547.2,538.1,533.8,539.2,536.5,544.2,555.4,574.7,582.3,582.6,579.8,568.5,548.0,548.9,551.2,551.3,555.1,562.3,562.7,559.8,0.00,0.00,0.59,0.05,0.00,0.10,0.00,1.21,0.06,0.63,0.22,1.83,0.00,0.56,1.15,3.26,0.00,0.00,0.00,0.00,0.00,0.00,0.00,0.00,0.00,0.00,0.00,1.00,0.00,0.00,1.00,1.00,1.00,1.00,1.00
197,0,6.533,0.88,1,0.003368,-0.077792,-0.996964,-0.094033,0.191427,-0.976992,-0.046,0.058,697.2,702.0,711.9,721.0,724.0,719.8,709.4,700.3,681.1,687.6,697.9,710.3,721.4,729.1,733.7,728.0,719.1,708.7,697.8,688.0,706.2,709.9,713.9,715.9,714.6,710.9,706.9,705.0,811.3,815.5,824.4,833.0,836.1,831.9,822.9,813.5,800.2,807.6,816.4,825.9,834.0,839.7,843.1,838.6,832.3,824.5,815.4,806.1,818.9,822.7,826.6,828.4,827.1,823.3,819.4,817.6,404.8,395.6,392.6,397.6,407.6,417.7,419.9,414.9,413.1,407.6,403.9,402.3,405.1,410.5,416.9,419.1,419.4,419.5,419.1,417.2,409.9,412.0,410.8,407.0,402.9,400.8,402.1,405.8,421.1,411.8,408.7,413.4,423.3,432.6,435.7,431.6,420.2,415.9,413.8,414.1,417.1,421.2,427.0,431.2,432.8,432.4,429.9,426.3,426.2,428.3,426.9,422.9,418.6,416.5,417.9,421.9,23.5,25.5,29.5,33.3,34.6,32.8,28.5,24.7,17.1,19.6,23.7,28.8,33.4,36.8,39.0,36.4,32.6,28.2,23.8,19.8,27.2,28.8,30.4,31.2,30.7,29.2,27.5,26.7,77.9,80.1,84.5,88.8,90.2,88.1,83.6,79.0,73.0,76.3,80.3,84.8,89.0,92.3,94.6,91.8,88.1,84.0,79.7,75.6,81.8,83.7,85.7,86.6,86.0,84.1,82.1,81.2,18.4,14.6,13.4,15.5,19.6,23.7,24.6,22.5,22.1,19.6,18.0,17.3,18.5,20.9,23.7,24.5,24.4,24.4,24.3,23.6,20.5,21.4,20.9,19.4,17.7,16.8,17.3,18.8,27.8,23.6,22.3,24.6,29.1,33.3,34.6,32.6,27.4,25.5,24.5,24.7,26.2,28.3,31.2,32.9,33.3,33.0,31.7,30.1,30.3,31.3,30.7,28.9,26.9,25.9,26.5,28.3,358.8,359.2,359.8,360.1,360.0,359.8,359.0,358.7,363.7,361.1,358.8,358.0,359.3,361.7,364.0,362.1,360.0,359.1,359.6,361.4,359.8,360.0,360.2,360.4,360.5,360.3,360.1,359.9,398.1,399.2,401.0,402.5,402.7,401.6,399.8,398.4,398.9,398.2,398.2,399.1,401.3,404.3,407.4,404.2,400.9,398.4,397.4,397.9,400.3,400.9,401.7,402.2,402.1,401.4,400.7,400.2,65.9,68.5,469.7,0.049,0.066,0.039,632.0,632.2,635.2,639.1,648.1,665.4,688.8,719.3,755.6,791.7,822.1,846.9,863.2,871.7,877.4,880.8,880.4,658.1,674.1,698.5,724.5,747.8,787.5,808.0,830.0,850.9,864.7,771.2,771.8,772.8,773.6,742.6,756.1,768.7,781.4,793.1,684.7,699.9,717.7,732.9,716.6,698.9,799.4,815.9,833.2,845.5,832.8,815.5,710.8,731.0,752.0,766.2,781.1,799.6,813.0,797.7,778.7,762.6,747.2,727.4,719.5,750.9,765.2,780.3,804.3,779.4,764.0,749.5,406.8,439.5,471.3,503.2,536.0,566.5,594.8,619.6,629.4,624.5,602.2,574.8,545.0,513.6,482.9,452.8,422.9,379.3,365.1,362.0,369.5,383.5,388.6,378.6,376.0,379.3,392.0,416.3,435.1,453.5,473.2,496.3,500.5,504.5,503.0,500.2,411.4,404.0,405.7,418.2,420.8,419.6,423.8,414.1,415.8,425.1,430.7,429.5,547.6,537.6,532.8,538.1,535.3,543.2,555.0,575.0,583.2,583.8,581.1,569.7,548.2,548.0,550.2,550.2,554.7,563.1,563.7,560.8,0.00,0.00,0.47,0.22,0.00,0.09,0.00,1.31,0.13,0.77,0.22,1.67,0.00,0.73,1.25,2.97,0.00,0.00,0.00,0.00,0.00,0.00,0.00,0.00,0.00,0.00,1.00,1.00,0.00,0.00,1.00,1.00,1.00,1.00,1.00
198,0,6.567,0.88,1,0.110488,-0.074330,-0.991094,-0.065305,0.175044,-0.982392,0.023,0.051,699.6,704.9,714.8,723.5,725.9,721.0,710.8,702.0,679.8,687.8,698.8,712.0,722.7,729.0,732.2,726.2,717.6,707.4,697.0,687.1,708.1,711.4,715.1,717.1,716.2,712.9,709.2,707.2,812.2,816.2,825.3,834.1,837.5,833.4,824.3,814.6,799.4,807.2,816.5,826.5,834.9,840.8,844.3,839.9,833.4,825.3,815.7,805.9,819.9,823.8,827.8,829.6,828.1,824.2,820.2,818.5,406.3,396.6,393.4,398.6,409.2,419.7,422.2,416.9,411.9,406.6,403.8,402.6,405.2,410.5,417.8,422.5,424.8,425.4,423.3,419.0,411.0,413.0,411.8,408.1,404.1,402.2,403.4,407.0,421.3,411.7,408.3,413.1,423.3,432.9,436.3,432.2,421.1,416.6,414.1,414.0,417.0,421.3,427.4,431.6,433.0,432.6,430.3,427.0,426.5,428.7,427.2,423.0,418.5,416.4,417.9,422.1,23.2,25.3,29.3,32.8,33.9,32.0,27.8,24.3,15.7,18.7,22.9,28.0,32.3,35.1,36.7,34.1,30.5,26.4,22.3,18.5,26.7,28.1,29.6,30.4,30.0,28.7,27.2,26.4,74.8,76.8,81.2,85.4,86.9,84.8,80.4,75.9,69.4,72.6,76.7,81.3,85.5,88.8,91.1,88.3,84.7,80.6,76.2,72.0,78.6,80.5,82.4,83.3,82.6,80.8,78.8,78.0,18.1,14.3,13.1,15.2,19.4,23.5,24.4,22.3,20.5,18.2,17.0,16.6,17.7,19.9,23.0,24.7,25.5,25.6,24.8,23.1,20.0,20.8,20.4,19.0,17.4,16.6,17.0,18.4,26.6,22.5,21.2,23.4,27.9,32.0,33.3,31.4,26.6,24.6,23.5,23.5,25.0,27.1,30.0,31.6,32.0,31.6,30.5,29.1,29.1,30.1,29.5,27.7,25.7,24.7,25.3,27.1,341.4,341.5,342.6,344.0,344.9,345.2,343.7,342.3,344.6,342.2,340.6,340.3,342.4,345.2,348.0,346.2,343.8,342.6,342.5,343.4,343.5,344.1,344.5,344.6,344.2,343.7,343.2,343.2,380.1,381.3,383.3,384.8,385.1,383.8,381.8,380.4,380.9,380.2,380.2,381.2,383.6,386.8,390.1,386.6,383.2,380.6,379.5,379.9,382.3,383.0,383.9,384.4,384.3,383.6,382.8,382.2,66.8,68.9,472.8,0.074,0.067,0.033,633.1,632.9,635.4,638.9,648.4,666.8,691.4,722.1,757.6,792.7,822.8,847.9,864.6,873.3,878.8,881.6,881.1,657.9,675.3,699.8,725.5,748.4,789.2,809.8,831.5,851.8,865.4,771.5,772.0,773.0,773.9,743.5,756.8,769.0,781.3,792.7,684.2,699.5,718.0,732.9,716.4,697.9,799.6,816.0,834.0,846.3,833.9,816.1,709.9,731.7,753.4,767.3,782.0,801.0,815.6,799.3,780.2,764.3,749.2,728.3,718.4,752.6,766.6,781.6,807.0,780.7,765.5,751.3,406.1,438.3,470.2,502.7,535.7,566.4,594.3,619.3,628.3,622.1,598.4,571.3,542.9,512.7,483.2,454.5,425.8,378.1,365.3,362.7,369.8,383.5,388.1,378.5,376.2,379.6,391.5,417.8,436.8,455.3,475.1,498.7,502.5,506.1,504.7,501.9,412.6,404.4,406.5,420.4,423.3,421.7,425.3,413.8,415.0,425.1,431.6,430.8,544.3,536.9,533.4,538.1,534.9,540.8,549.4,571.1,581.0,582.3,580.2,568.5,545.1,547.7,549.5,548.6,549.9,562.0,563.4,561.1,0.00,0.00,0.36,0.45,0.00,0.09,0.00,1.23,0.19,0.87,0.16,1.29,0.00,0.88,1.20,2.60,0.00,0.00,0.00,0.00,0.00,0.00,0.00,0.00,0.00,0.00,1.00,1.00,0.00,0.00,1.00,1.00,1.00,1.00,0.00
199,0,6.600,0.88,1,0.121247,-0.036018,-0.991969,-0.059960,0.184724,-0.980960,0.031,0.075,700.6,705.5,715.1,723.7,726.3,721.6,711.7,703.1,679.6,688.6,700.0,713.0,723.2,729.0,731.7,726.1,718.1,708.2,697.8,687.5,708.7,711.9,715.4,717.3,716.3,713.2,709.6,707.8,812.5,816.4,825.4,834.3,837.8,833.9,824.8,815.0,799.3,807.1,816.5,826.6,835.1,841.1,844.6,840.3,833.7,825.6,815.9,805.9,820.4,824.2,828.1,829.8,828.3,824.4,820.5,818.8,407.5,397.3,394.0,399.5,410.5,421.5,424.0,418.5,412.6,406.5,403.2,401.9,404.8,410.5,418.4,423.4,425.4,425.9,423.8,419.5,412.6,414.6,413.4,409.6,405.5,403.5,404.7,408.4,421.5,411.9,408.4,413.2,423.5,433.2,436.6,432.5,421.3,416.9,414.3,414.2,417.2,421.5,427.5,431.6,433.0,432.6,430.3,427.1,426.8,428.8,427.3,423.2,418.8,416.7,418.2,422.4,23.3,25.2,29.1,32.5,33.6,31.8,27.7,24.3,15.3,18.7,23.0,28.0,32.1,34.7,36.0,33.6,30.2,26.2,22.2,18.3,26.6,27.9,29.3,30.0,29.7,28.4,26.9,26.2,74.5,76.5,80.9,85.1,86.6,84.6,80.2,75.7,69.0,72.2,76.3,80.9,85.1,88.4,90.8,88.0,84.4,80.3,75.9,71.7,78.4,80.2,82.1,83.0,82.3,80.5,78.6,77.7,18.2,14.4,13.2,15.4,19.7,23.9,24.8,22.5,20.3,17.9,16.6,16.1,17.3,19.7,22.9,24.7,25.3,25.3,24.5,22.9,20.3,21.2,20.7,19.3,17.7,16.8,17.3,18.7,26.6,22.5,21.1,23.3,27.8,31.9,33.3,31.4,26.6,24.6,23.5,23.5,24.9,27.1,30.0,31.5,31.8,31.4,30.3,29.0,29.0,30.0,29.4,27.6,25.7,24.7,25.3,27.1,336.1,336.8,338.6,340.3,340.9,340.5,338.5,336.7,337.8,336.0,335.2,335.6,338.0,340.8,343.4,341.1,338.2,336.5,336.1,336.6,338.5,339.2,339.8,340.1,339.9,339.2,338.6,338.3,378.2,379.5,381.5,383.1,383.2,381.9,379.9,378.4,378.9,378.3,378.2,379.3,381.7,384.9,388.2,384.6,381.2,378.6,377.5,377.9,380.4,381.1,382.0,382.5,382.5,381.8,380.9,380.4,67.4,68.7,474.6,0.082,0.068,0.029,633.7,633.4,635.6,639.0,648.5,667.5,692.9,724.2,759.9,794.6,824.1,848.9,865.5,874.2,879.6,882.1,881.6,658.5,676.1,700.3,725.8,748.7,790.0,810.6,832.2,852.2,865.6,772.0,772.4,773.5,774.5,744.0,757.4,769.7,782.1,793.4,684.7,700.0,718.5,733.3,716.8,698.2,799.8,816.2,834.1,846.4,834.1,816.5,709.7,732.3,754.5,768.1,782.5,801.7,817.0,800.3,781.1,765.6,750.9,729.3,718.0,753.9,767.6,782.3,808.6,781.5,766.6,752.7,405.3,437.2,469.2,501.8,534.9,565.6,593.3,618.1,626.5,619.5,595.6,569.0,541.1,511.6,482.5,454.5,426.5,378.0,365.5,362.8,369.6,383.0,387.5,378.3,376.2,379.6,391.2,418.2,436.9,455.2,474.9,498.6,502.2,505.8,504.3,501.3,413.0,404.6,406.8,420.9,423.8,422.2,425.6,413.7,414.8,425.0,431.5,431.0,542.4,536.2,533.1,537.5,534.3,539.3,546.5,568.5,578.6,580.1,578.3,567.0,543.3,546.7,548.4,547.2,547.3,560.6,562.2,560.1,0.00,0.00,0.24,0.68,0.00,0.05,0.00,1.12,0.26,1.03,0.00,0.96,0.00,1.03,1.11,2.20,0.00,0.00,0.00,0.00,0.00,0.00,0.00,0.00,0.00,0.00,1.00,1.00,0.00,0.00,1.00,1.00,1.00,1.00,0.00
200,0,6.633,0.88,1,0.164286,0.004445,-0.986403,-0.057971,0.193775,-0.979332,0.054,0.100,702.2,706.9,716.3,724.9,727.6,723.2,713.5,704.9,680.5,689.7,700.7,713.3,723.3,729.0,732.1,726.3,718.4,708.8,698.7,688.8,709.3,713.3,717.7,719.9,718.6,714.6,710.3,708.1,812.9,816.8,825.8,834.7,838.2,834.2,825.2,815.4,799.7,807.5,816.8,826.9,835.4,841.4,845.0,840.6,834.1,825.9,816.3,806.3,820.8,824.6,828.4,830.1,828.6,824.8,821.0,819.3,408.2,398.4,395.4,401.0,411.9,422.6,424.8,419.2,412.7,406.3,402.7,401.4,404.6,410.7,419.1,423.7,425.4,425.7,423.5,419.4,414.5,417.1,415.7,411.1,406.0,403.4,404.8,409.4,421.9,412.2,408.7,413.5,423.7,433.4,436.9,432.8,421.4,416.9,414.4,414.3,417.3,421.5,427.6,431.7,433.1,432.7,430.4,427.2,427.0,429.0,427.5,423.4,419.0,417.0,418.5,422.6,24.1,26.1,29.9,33.4,34.5,32.7,28.7,25.2,15.8,19.3,23.5,28.4,32.5,35.0,36.4,33.9,30.5,26.7,22.7,19.0,27.1,28.7,30.5,31.4,30.9,29.3,27.5,26.6,75.0,77.0,81.4,85.6,87.2,85.2,80.8,76.2,69.5,72.7,76.8,81.4,85.6,89.0,91.3,88.6,84.9,80.8,76.4,72.2,79.0,80.8,82.6,83.5,82.8,81.0,79.1,78.3,18.7,15.0,13.9,16.1,20.4,24.6,25.3,23.0,20.6,18.0,16.5,16.0,17.4,19.9,23.4,25.0,25.5,25.5,24.6,23.1,21.3,22.3,21.8,20.1,18.1,17.0,17.5,19.3,26.9,22.7,21.3,23.5,28.0,32.2,33.5,31.6,26.7,24.7,23.6,23.6,25.1,27.2,30.1,31.7,32.0,31.6,30.5,29.2,29.3,30.2,29.6,27.8,25.9,25.0,25.6,27.4,339.7,340.8,342.7,344.3,344.6,343.9,341.6,340.0,341.5,339.9,339.0,339.4,341.5,344.0,346.3,343.8,341.0,339.5,339.2,340.0,341.9,342.6,343.5,344.0,343.8,343.1,342.2,341.7,379.9,381.1,383.1,384.7,385.0,383.7,381.7,380.2,380.7,380.0,379.9,380.9,383.4,386.5,389.8,386.3,382.9,380.3,379.2,379.7,382.2,382.9,383.7,384.3,384.2,383.5,382.6,382.1,68.1,68.7,477.1,0.079,0.065,0.028,634.0,633.7,635.9,639.1,648.6,667.7,693.5,725.5,761.4,795.9,825.2,849.6,866.0,874.4,879.6,882.0,881.5,659.1,676.7,700.8,726.3,749.3,790.6,811.2,832.7,852.6,866.0,772.5,773.1,774.2,775.3,744.8,758.2,770.5,782.7,794.0,685.3,700.5,719.1,733.8,717.5,698.9,800.3,816.5,834.5,846.8,834.6,816.9,710.0,733.0,755.2,768.9,783.2,802.6,818.2,801.3,782.1,766.6,751.8,730.0,718.3,754.7,768.4,783.1,809.7,782.4,767.5,753.6,405.1,436.9,468.6,501.0,534.0,564.6,592.1,616.7,624.9,617.8,594.2,568.0,540.5,511.1,482.2,454.3,426.6,378.1,365.6,362.8,369.5,382.9,387.4,378.2,376.2,379.6,391.1,418.1,436.4,454.4,473.6,498.0,501.4,504.8,503.3,500.5,413.1,404.6,406.7,420.9,423.9,422.3,425.7,413.6,414.7,425.0,431.5,431.0,541.4,535.2,532.1,536.4,533.3,538.2,545.3,567.1,577.0,578.6,576.9,565.7,542.3,545.7,547.4,546.2,546.1,559.2,560.8,558.8,0.00,0.00,0.12,0.80,0.00,0.02,0.00,1.02,0.37,1.22,0.00,0.94,0.00,1.08,1.02,2.00,0.00,0.00,0.00,0.00,0.00,0.00,0.00,0.00,0.00,0.00,1.00,1.00,0.00,0.00,1.00,1.00,1.00,1.00,0.00
201,0,6.667,0.88,1,0.153478,0.071143,-0.985588,-0.056955,0.198033,-0.978539,0.049,0.136,703.9,708.3,717.3,725.6,728.3,724.0,714.8,706.6,683.6,692.4,702.5,714.5,724.2,729.6,732.3,727.0,719.7,710.5,701.0,691.8,710.4,714.5,718.9,721.1,719.7,715.6,711.2,709.0,812.9,816.9,825.9,834.8,838.2,834.3,825.2,815.5,799.8,807.5,816.9,827.0,835.5,841.6,845.2,840.9,834.3,826.1,816.4,806.4,820.8,824.6,828.5,830.2,828.7,824.9,821.0,819.3,409.2,400.0,397.8,404.0,414.9,425.0,426.2,420.0,414.9,407.3,403.0,401.2,404.3,410.5,419.6,424.0,425.5,425.9,424.1,420.6,416.4,419.4,418.3,413.8,408.5,405.5,406.6,411.1,421.8,412.1,408.7,413.5,423.7,433.4,436.8,432.7,421.4,417.0,414.3,414.2,417.1,421.5,427.6,431.7,433.1,432.6,430.3,427.2,427.0,429.0,427.6,423.4,419.1,417.0,418.5,422.6,25.6,27.5,31.3,34.8,35.8,34.0,30.0,26.6,17.5,20.9,25.0,29.8,33.9,36.3,37.6,35.1,31.9,28.1,24.3,20.7,28.3,30.0,31.9,32.9,32.3,30.6,28.7,27.8,74.9,76.9,81.3,85.5,87.0,85.0,80.6,76.1,69.4,72.6,76.7,81.3,85.5,88.9,91.3,88.5,84.8,80.7,76.3,72.1,78.8,80.6,82.5,83.3,82.7,80.9,79.0,78.2,19.7,16.1,15.3,17.9,22.3,26.3,26.6,24.0,22.0,18.9,17.2,16.5,17.8,20.5,24.3,25.9,26.2,26.3,25.5,24.2,22.7,23.9,23.6,21.8,19.7,18.4,18.8,20.5,26.8,22.7,21.3,23.5,28.0,32.1,33.4,31.5,26.7,24.7,23.5,23.5,25.0,27.1,30.1,31.6,31.9,31.5,30.4,29.1,29.2,30.1,29.6,27.8,25.9,24.9,25.5,27.3,350.0,351.8,354.1,355.6,355.4,353.9,351.3,349.8,350.6,349.6,349.4,350.3,352.4,354.5,356.3,353.4,350.3,348.6,348.4,349.1,352.0,352.7,353.8,354.7,354.8,354.1,352.9,352.1,379.1,380.4,382.4,383.9,384.1,382.8,380.8,379.4,380.0,379.3,379.2,380.2,382.7,385.8,389.1,385.5,382.1,379.6,378.5,378.9,381.4,382.0,382.9,383.4,383.4,382.7,381.9,381.3,69.1,69.0,481.1,0.086,0.063,0.025,634.1,634.0,636.2,639.2,648.7,668.0,694.1,726.7,762.9,797.4,826.8,851.0,867.1,875.1,880.0,882.3,881.8,659.9,677.2,701.1,726.5,749.5,791.2,811.6,832.7,852.5,866.0,773.0,773.5,774.6,775.6,745.2,758.8,771.1,783.5,794.9,687.1,702.3,720.6,734.9,718.9,700.5,800.7,816.6,834.4,846.5,834.5,817.1,709.7,733.3,756.0,769.9,784.6,804.3,820.3,803.2,783.8,768.1,753.1,730.7,717.9,755.6,769.6,784.6,811.8,783.9,768.8,754.6,404.5,436.3,467.9,500.4,533.3,564.0,591.3,615.8,623.5,616.1,592.4,566.5,539.1,510.0,481.4,453.9,426.3,378.5,365.8,362.7,369.2,382.4,386.9,377.6,375.8,379.0,390.3,418.3,436.5,454.4,473.6,497.7,501.1,504.6,502.9,499.8,413.9,405.2,407.2,421.2,424.4,422.8,425.7,413.7,414.6,424.9,431.3,431.0,539.7,534.1,531.3,535.5,532.3,536.5,542.8,564.9,575.2,577.0,575.4,564.4,540.6,544.8,546.3,544.9,543.8,557.9,559.7,557.8,0.00,0.00,0.06,0.80,0.00,0.08,0.00,1.07,0.53,1.46,0.07,0.95,0.00,1.01,0.92,1.86,0.09,0.00,0.00,0.00,0.00,0.00,0.00,0.00,0.00,0.00,1.00,1.00,0.00,0.00,1.00,1.00,1.00,1.00,0.00
202,0,6.700,0.88,1,0.085042,0.156189,-0.984059,-0.054719,0.210325,-0.976099,0.015,0.185,704.0,708.7,717.6,725.6,728.0,723.9,714.4,706.4,691.8,697.2,704.6,714.4,723.9,730.1,733.8,727.0,718.3,709.7,702.3,696.1,712.0,715.4,719.3,721.3,720.3,716.8,712.9,710.9,812.8,816.8,825.9,834.8,838.2,834.2,825.1,815.4,799.7,807.4,816.7,826.8,835.6,841.8,845.7,841.1,834.3,826.0,816.3,806.4,820.8,824.6,828.5,830.2,828.7,824.9,821.0,819.3,413.5,405.7,403.0,407.1,415.5,424.2,425.9,421.8,419.4,410.3,404.6,401.7,404.6,410.9,420.3,423.4,424.2,424.8,424.2,422.7,418.4,420.2,419.1,415.7,412.1,410.3,411.4,414.8,421.7,412.2,408.8,413.6,423.8,433.3,436.7,432.6,421.3,416.8,414.1,413.9,417.0,421.4,427.7,431.5,432.7,432.2,430.0,427.0,426.9,429.0,427.5,423.4,419.1,417.1,418.5,422.6,30.1,32.4,36.7,40.4,41.3,39.2,34.8,31.1,24.6,27.1,30.5,35.0,39.4,42.3,44.0,40.6,36.4,32.4,29.2,26.4,33.8,35.4,37.3,38.3,37.8,36.3,34.4,33.4,75.4,77.4,81.8,86.0,87.5,85.5,81.1,76.5,69.9,73.1,77.1,81.7,86.0,89.5,92.0,89.1,85.3,81.2,76.7,72.5,79.3,81.1,83.0,83.9,83.2,81.4,79.5,78.7,25.2,21.6,20.3,22.2,26.1,30.0,30.8,29.0,28.2,23.8,21.0,19.6,21.0,23.9,28.2,29.6,29.9,30.2,30.0,29.5,27.5,28.3,27.8,26.2,24.5,23.7,24.3,25.8,26.9,22.8,21.5,23.7,28.2,32.3,33.6,31.7,26.8,24.8,23.6,23.6,25.1,27.2,30.3,31.7,31.9,31.5,30.5,29.2,29.4,30.3,29.7,28.0,26.1,25.1,25.7,27.4,411.9,413.4,413.7,412.5,410.6,409.1,408.8,410.0,415.5,414.2,412.5,411.2,410.8,410.5,410.1,408.3,407.0,407.3,409.2,412.1,411.4,410.9,411.0,411.7,412.5,413.0,412.9,412.2,381.7,383.0,384.8,386.2,386.3,385.1,383.2,381.9,382.7,381.9,381.7,382.6,384.9,388.0,391.3,387.6,384.2,381.8,380.9,381.5,383.8,384.4,385.2,385.8,385.7,385.1,384.3,383.8,70.6,69.7,489.0,0.094,0.059,0.020,634.1,634.3,636.4,638.9,648.5,668.5,694.9,728.1,764.2,798.5,828.3,852.5,868.4,876.0,880.3,882.3,882.0,660.8,677.5,701.3,726.8,750.0,791.3,811.6,832.5,852.2,865.8,773.4,773.8,774.8,775.7,745.9,759.4,771.5,783.9,795.3,689.5,704.3,722.1,735.6,720.3,702.6,801.6,816.5,833.9,845.7,833.9,817.2,709.6,733.8,756.5,770.8,785.6,805.4,821.7,804.6,785.1,769.3,754.1,731.3,717.8,756.3,770.5,785.7,813.3,785.0,769.9,755.4,404.1,435.7,467.1,499.4,532.5,563.3,590.5,614.7,621.8,613.8,590.0,564.5,537.5,508.8,480.5,453.4,426.1,379.3,366.1,362.7,369.0,382.0,386.4,377.1,375.6,378.7,389.8,418.6,436.3,453.7,472.5,496.5,500.0,503.4,501.5,498.3,415.1,406.5,408.2,421.1,424.8,423.2,425.2,414.2,415.0,424.9,430.9,430.6,538.4,532.9,530.3,534.2,531.0,534.4,540.4,562.5,573.0,575.0,573.6,563.1,539.2,543.7,545.1,543.3,541.7,556.1,558.1,556.4,0.00,0.00,0.00,0.72,0.00,0.17,0.00,1.09,0.67,1.59,0.15,0.92,0.00,0.92,0.92,1.63,0.16,0.00,0.00,0.00,0.00,0.00,0.00,0.00,0.00,0.00,1.00,1.00,0.00,0.00,1.00,1.00,1.00,1.00,0.00
203,0,6.733,0.88,1,0.067675,0.065367,-0.995564,-0.040528,0.199509,-0.979057,0.014,0.133,704.5,709.3,718.0,725.6,727.6,723.4,714.1,706.5,692.9,697.7,704.8,714.4,723.8,729.9,733.6,727.0,718.6,710.3,703.1,697.1,711.6,715.3,719.6,721.9,721.0,717.2,712.9,710.6,813.0,816.8,825.8,834.7,838.2,834.4,825.4,815.6,799.2,807.2,816.7,826.8,835.4,841.4,845.0,840.7,834.2,826.0,816.3,806.2,820.8,824.6,828.5,830.2,828.7,824.8,820.9,819.2,411.1,403.5,401.1,405.3,413.7,422.2,423.7,419.5,418.9,410.1,404.4,401.5,404.3,410.7,420.1,423.2,424.2,424.8,424.1,422.4,416.6,418.6,417.4,413.7,409.6,407.5,408.7,412.5,421.4,411.7,408.2,413.1,423.5,433.2,436.6,432.5,421.3,416.6,413.7,413.5,416.6,421.2,427.5,431.4,432.6,432.1,429.9,426.9,426.8,428.9,427.4,423.2,418.7,416.5,418.0,422.3,30.6,33.0,37.1,40.6,41.4,39.3,34.9,31.4,25.4,27.5,30.8,35.2,39.6,42.5,44.2,40.9,36.9,33.0,29.8,27.2,33.9,35.6,37.7,38.8,38.4,36.7,34.7,33.5,73.9,75.8,80.1,84.3,85.9,83.9,79.6,75.0,68.1,71.4,75.5,80.1,84.3,87.6,90.0,87.2,83.6,79.5,75.1,70.9,77.7,79.5,81.4,82.2,81.6,79.7,77.9,77.0,24.2,20.7,19.6,21.5,25.4,29.3,30.0,28.1,28.2,23.9,21.1,19.6,20.9,24.0,28.4,29.7,30.1,30.4,30.3,29.7,26.8,27.7,27.2,25.4,23.5,22.6,23.2,24.9,26.2,22.2,20.8,23.0,27.5,31.6,32.9,31.0,26.2,24.2,23.0,22.9,24.4,26.6,29.6,31.0,31.3,30.8,29.8,28.6,28.7,29.7,29.1,27.3,25.4,24.4,25.0,26.8,415.3,416.4,416.3,415.1,413.4,412.3,412.3,413.6,419.2,417.5,415.5,413.9,413.4,413.3,413.1,411.7,410.7,411.1,413.0,415.8,414.7,414.1,414.0,414.6,415.4,416.1,416.1,415.5,373.8,375.2,377.3,378.9,379.1,377.7,375.5,374.0,374.4,373.8,373.8,374.9,377.4,380.7,384.0,380.2,376.7,374.1,373.0,373.3,376.1,376.8,377.7,378.3,378.2,377.5,376.6,376.0,71.0,69.5,490.5,0.089,0.059,0.018,634.1,634.5,636.6,639.1,648.6,668.7,695.4,729.0,765.4,800.0,829.9,853.9,869.5,876.7,880.7,882.5,881.9,661.2,677.9,701.5,726.7,749.8,791.3,811.4,832.0,851.5,865.2,773.6,774.1,775.1,776.1,746.5,760.0,772.0,784.3,795.7,690.0,704.7,722.5,735.9,720.7,703.0,801.5,816.3,833.6,845.4,833.6,817.0,710.1,734.3,757.0,771.4,786.3,806.1,822.5,805.4,786.0,770.1,754.8,732.0,718.3,756.8,771.2,786.5,814.0,785.9,770.6,756.1,403.7,435.4,466.8,499.1,532.0,562.7,589.6,613.4,620.4,612.4,588.7,563.4,536.5,507.9,479.8,452.9,425.8,379.0,366.1,362.6,368.8,381.8,386.4,377.1,375.6,378.5,389.2,418.4,435.8,453.0,471.5,496.0,499.3,502.7,500.8,497.7,414.8,406.2,407.9,421.0,424.7,423.0,425.1,413.9,414.7,424.7,430.7,430.4,537.8,532.1,529.4,533.3,530.1,533.6,539.7,561.4,571.7,573.7,572.4,562.0,538.6,543.0,544.3,542.6,541.0,554.9,556.8,555.1,0.00,0.00,0.00,0.61,0.00,0.15,0.00,1.20,0.76,1.70,0.32,0.97,0.00,0.82,0.96,1.43,0.16,0.00,0.00,0.00,0.00,0.00,0.00,0.00,0.00,0.00,1.00,1.00,0.00,0.00,0.00,1.00,1.00,1.00,0.00
204,0,6.767,0.88,1,0.047803,0.027624,-0.998475,-0.029720,0.188671,-0.981591,0.009,0.109,704.4,709.1,717.7,725.2,727.2,723.2,714.0,706.5,693.6,698.2,705.0,713.9,722.8,729.1,733.1,727.0,719.2,711.4,704.1,698.0,711.4,715.1,719.4,721.7,720.6,716.9,712.7,710.4,813.1,816.9,825.8,834.7,838.3,834.5,825.5,815.7,798.9,807.2,816.9,827.1,835.5,841.2,844.6,840.5,834.1,825.9,816.3,806.1,820.7,824.6,828.6,830.3,828.7,824.8,820.8,819.1,410.0,402.4,400.0,404.3,412.7,421.1,422.6,418.4,417.7,409.6,403.9,401.2,403.8,410.3,419.9,423.0,424.2,424.8,423.9,421.8,415.4,417.5,416.3,412.5,408.4,406.3,407.5,411.2,421.1,411.1,407.6,412.6,423.2,433.1,436.6,432.4,421.1,416.2,413.3,413.1,416.2,420.9,427.3,431.3,432.7,432.2,429.9,426.9,426.6,428.8,427.3,422.9,418.2,416.0,417.6,422.0,31.4,33.7,37.9,41.5,42.4,40.3,35.9,32.3,26.4,28.5,31.7,35.9,40.2,43.2,45.2,42.1,38.2,34.5,31.1,28.3,34.8,36.5,38.6,39.8,39.3,37.6,35.5,34.3,72.5,74.4,78.7,82.8,84.4,82.4,78.2,73.7,66.7,70.0,74.1,78.7,82.8,86.0,88.2,85.6,82.1,78.0,73.7,69.5,76.2,78.0,79.9,80.8,80.1,78.3,76.4,75.5,24.4,20.7,19.5,21.6,25.6,29.6,30.3,28.4,28.4,24.3,21.4,20.0,21.2,24.4,29.1,30.5,31.0,31.3,31.0,30.2,27.0,27.9,27.4,25.6,23.6,22.6,23.2,25.0,25.6,21.5,20.2,22.4,26.9,31.0,32.3,30.4,25.6,23.5,22.3,22.3,23.8,26.0,29.0,30.4,30.7,30.3,29.2,28.0,28.1,29.1,28.5,26.7,24.7,23.7,24.3,26.1,426.6,427.6,427.4,426.3,424.8,424.0,424.0,425.1,430.3,428.6,426.4,424.9,424.5,424.6,424.7,423.5,422.5,422.7,424.5,427.2,426.2,425.6,425.5,426.0,426.7,427.3,427.4,426.9,366.6,368.1,370.4,372.2,372.4,371.0,368.7,367.0,367.0,366.5,366.7,368.0,370.6,374.0,377.4,373.5,369.9,367.2,365.9,366.1,369.1,369.9,370.9,371.5,371.4,370.6,369.6,369.0,71.3,69.4,491.3,0.083,0.058,0.017,634.2,634.3,636.2,638.5,648.1,668.4,695.6,729.6,766.3,801.0,831.1,855.0,870.5,877.3,881.0,882.5,881.7,661.6,678.1,701.4,726.4,749.5,791.3,811.2,831.6,850.9,864.5,773.4,774.0,775.1,776.1,747.0,760.4,772.2,784.2,795.4,690.3,704.9,722.6,736.1,720.9,703.3,801.4,816.1,833.5,845.3,833.6,816.9,710.1,734.4,757.1,771.9,787.1,807.2,823.6,806.6,787.1,770.9,755.2,732.3,718.4,757.0,771.7,787.4,815.1,786.9,771.2,756.4,403.6,435.0,466.1,498.3,531.1,561.7,588.7,612.5,619.5,611.6,587.9,562.8,536.1,507.4,479.4,452.7,425.9,378.7,366.0,362.4,368.6,381.5,386.2,376.9,375.6,378.6,389.1,418.0,435.2,452.2,470.5,495.9,499.0,502.2,500.5,497.6,414.5,405.6,407.4,420.7,424.4,422.7,424.9,413.6,414.4,424.6,430.5,430.2,537.4,531.7,529.0,533.0,529.7,533.2,539.3,560.6,571.0,573.1,571.7,561.4,538.2,543.0,544.4,542.5,540.5,553.9,555.8,554.1,0.00,0.00,0.05,0.57,0.00,0.18,0.00,1.31,0.82,1.73,0.49,1.11,0.00,0.81,0.99,1.47,0.07,0.00,0.00,0.00,0.00,0.00,0.00,0.00,0.00,0.00,1.00,1.00,0.00,0.00,0.00,1.00,1.00,1.00,0.00
205,0,6.800,0.88,1,0.031113,-0.021372,-0.999287,-0.023326,0.173718,-0.984519,0.004,0.077,703.8,708.5,717.1,724.6,726.5,722.4,713.2,705.7,694.0,697.8,704.1,713.1,722.5,729.0,733.2,726.7,718.5,710.5,703.4,697.9,710.9,714.6,718.9,721.3,720.3,716.5,712.2,709.9,812.2,815.9,825.0,834.0,837.7,833.9,824.8,814.9,797.1,805.7,815.8,826.3,834.9,840.8,844.0,840.1,833.6,825.2,815.2,804.6,819.9,823.9,827.8,829.5,827.9,823.9,820.0,818.3,409.0,400.9,398.3,402.6,411.3,420.1,422.0,417.7,417.6,409.4,403.8,400.9,403.5,409.9,419.4,422.5,423.8,424.6,423.8,421.7,414.4,416.6,415.2,411.2,406.8,404.7,406.1,410.1,420.6,410.5,406.9,411.9,422.7,432.9,436.5,432.2,421.3,416.2,413.1,412.7,415.8,420.7,427.2,431.2,432.3,431.7,429.6,426.8,426.3,428.5,426.9,422.4,417.7,415.5,417.1,421.5,30.1,32.4,36.4,39.8,40.5,38.6,34.3,30.9,25.8,27.4,30.2,34.3,38.6,41.7,43.7,40.5,36.6,33.0,29.8,27.4,33.4,35.1,37.1,38.2,37.8,36.1,34.1,33.0,69.9,71.8,76.0,80.1,81.6,79.8,75.5,71.1,63.9,67.3,71.4,76.0,80.1,83.3,85.5,82.9,79.4,75.4,71.1,66.8,73.6,75.4,77.2,78.1,77.4,75.6,73.7,72.9,23.1,19.4,18.1,20.0,24.0,28.1,29.0,27.1,27.5,23.5,20.7,19.2,20.3,23.3,27.8,29.2,29.8,30.2,30.0,29.2,25.7,26.6,25.9,24.1,22.1,21.1,21.8,23.6,24.6,20.6,19.2,21.4,25.9,30.0,31.3,29.4,24.9,22.8,21.6,21.5,22.9,25.2,28.2,29.5,29.7,29.2,28.2,27.1,27.1,28.1,27.5,25.7,23.8,22.8,23.4,25.2,413.1,413.6,412.8,411.3,409.9,409.5,410.2,411.7,417.5,415.3,412.7,410.5,409.7,409.5,409.6,408.9,408.4,409.1,411.3,414.3,412.3,411.6,411.2,411.4,412.1,412.9,413.3,413.1,355.5,357.0,359.3,361.2,361.4,359.9,357.6,355.8,355.8,355.4,355.6,357.0,359.7,363.2,366.7,362.7,359.0,356.2,354.9,355.0,358.0,358.8,359.8,360.5,360.4,359.6,358.5,357.9,71.1,68.9,490.0,0.077,0.057,0.014,634.0,633.9,635.7,638.0,647.7,668.2,695.8,730.1,767.1,801.9,832.0,855.7,871.0,877.5,880.9,882.1,881.0,661.2,677.9,701.0,725.9,749.1,790.6,810.7,831.1,850.3,863.8,772.8,773.5,774.8,776.1,747.1,760.5,772.2,784.1,795.2,689.9,704.5,722.3,735.9,720.7,703.0,800.3,815.2,832.6,844.6,832.8,816.1,709.8,734.4,757.2,772.3,788.0,808.4,824.9,807.9,788.4,771.7,755.7,732.5,718.1,757.2,772.2,788.4,816.3,788.0,771.9,756.7,403.4,434.6,465.7,497.9,530.6,561.1,588.0,612.0,618.9,610.9,587.0,561.8,535.3,506.7,478.9,452.6,426.2,378.3,366.0,362.4,368.4,381.2,385.9,376.7,375.4,378.6,389.0,417.7,434.6,451.2,469.1,495.9,498.6,501.6,500.0,497.2,414.3,405.4,407.1,420.5,424.1,422.6,424.8,413.3,414.1,424.3,430.3,430.0,537.0,531.6,528.8,532.8,529.4,532.7,538.4,559.6,570.2,572.4,571.1,560.9,537.9,543.0,544.4,542.4,539.7,552.8,554.8,553.1,0.00,0.00,0.07,0.58,0.00,0.09,0.00,1.42,0.94,1.79,0.68,1.26,0.00,0.82,0.96,1.46,0.00,0.00,0.00,0.00,0.00,0.00,0.00,0.00,0.00,0.00,1.00,1.00,0.00,0.00,0.00,1.00,1.00,1.00,0.00
206,0,6.833,0.88,1,0.010016,-0.025271,-0.999630,-0.011385,0.168029,-0.985716,-0.001,0.072,703.1,707.9,716.4,723.6,725.2,720.9,711.9,704.7,693.5,697.2,703.5,712.5,721.7,728.4,732.7,726.3,718.0,710.0,702.9,697.3,710.0,713.5,717.7,720.0,719.2,715.7,711.5,709.1,811.5,815.2,824.2,833.4,837.3,833.6,824.5,814.3,795.7,804.6,814.9,825.7,834.4,840.2,843.3,839.6,833.2,824.6,814.4,803.5,819.3,823.3,827.3,828.9,827.2,823.2,819.3,817.7,408.6,400.8,398.5,403.0,411.7,420.3,421.8,417.3,417.8,409.5,403.9,400.9,403.4,409.9,419.4,422.5,423.7,424.5,423.8,421.8,414.1,416.3,415.1,411.3,407.1,404.9,406.1,409.9,420.7,410.1,406.2,411.2,422.2,432.8,436.7,432.5,421.3,416.0,412.7,412.2,415.3,420.2,426.8,430.8,432.0,431.4,429.3,426.7,426.2,428.4,426.7,422.1,417.3,415.1,416.8,421.4,30.0,32.3,36.3,39.6,40.2,38.2,33.9,30.7,25.7,27.3,30.2,34.2,38.5,41.7,43.7,40.6,36.7,33.0,29.8,27.3,33.2,34.8,36.8,37.9,37.6,36.0,34.0,32.9,67.8,69.6,73.7,77.8,79.4,77.6,73.5,69.0,61.6,65.1,69.2,73.8,77.9,81.0,83.1,80.7,77.3,73.2,68.9,64.6,71.5,73.2,75.0,75.8,75.1,73.3,71.5,70.8,23.1,19.4,18.3,20.3,24.4,28.4,29.2,27.2,27.8,23.7,20.8,19.3,20.5,23.5,28.0,29.4,30.0,30.4,30.2,29.5,25.7,26.7,26.1,24.3,22.3,21.3,21.9,23.7,24.0,19.9,18.5,20.6,25.1,29.2,30.5,28.7,24.3,22.2,20.8,20.7,22.2,24.4,27.3,28.6,28.8,28.3,27.4,26.3,26.4,27.3,26.7,24.9,23.0,22.0,22.7,24.4,416.2,416.5,415.7,414.1,412.8,412.5,413.3,414.9,420.7,418.4,415.7,413.4,412.5,412.5,412.7,411.9,411.4,412.2,414.4,417.4,415.4,414.6,414.2,414.4,415.0,415.8,416.2,416.1,346.0,347.5,349.9,351.9,352.3,350.8,348.4,346.5,346.3,345.9,346.2,347.7,350.6,354.1,357.7,353.7,349.9,347.0,345.6,345.5,348.7,349.5,350.6,351.2,351.0,350.2,349.1,348.5,70.8,68.5,488.6,0.070,0.056,0.010,633.6,633.4,635.1,637.4,647.2,667.8,695.8,730.5,768.0,803.1,833.2,856.8,871.9,878.0,881.0,881.9,880.4,660.8,677.5,700.4,725.2,748.1,789.8,810.0,830.6,849.7,863.0,771.9,772.7,774.2,775.5,746.6,760.2,772.0,783.9,795.2,689.3,703.8,721.6,735.5,720.2,702.4,799.4,814.4,831.9,844.0,832.2,815.3,709.1,734.1,757.0,772.6,788.8,809.6,826.4,809.5,789.8,772.6,756.2,732.6,717.5,757.2,772.6,789.3,817.7,789.1,772.5,757.0,403.6,434.5,465.5,497.7,530.2,560.7,587.7,611.8,618.7,610.5,586.4,561.2,534.5,506.0,478.3,452.3,426.1,377.9,366.0,362.5,368.4,381.1,385.8,376.5,375.2,378.7,389.2,417.6,434.3,450.7,468.4,495.9,498.5,501.4,499.7,496.9,414.3,405.2,407.0,420.5,424.1,422.7,424.7,413.0,413.7,424.0,430.0,429.8,536.9,531.5,528.5,532.4,528.9,532.0,537.5,558.5,569.4,571.8,570.5,560.4,537.7,543.0,544.3,542.1,538.8,551.8,554.0,552.3,0.00,0.00,0.10,0.45,0.00,0.16,0.00,1.51,1.15,1.83,0.94,1.36,0.00,0.85,0.94,1.64,0.00,0.00,0.00,0.00,0.00,0.00,0.00,0.00,0.00,0.00,1.00,1.00,0.00,0.00,0.00,1.00,1.00,0.00,0.00
207,0,6.867,0.88,1,0.022701,-0.021294,-0.999515,-0.036315,0.197742,-0.979581,-0.007,0.089,702.2,707.1,715.7,722.9,724.7,720.4,711.3,704.0,692.6,696.2,702.4,711.4,720.8,727.5,732.0,725.4,717.1,709.0,701.9,696.3,709.4,712.9,717.0,719.3,718.4,714.9,710.9,708.6,810.3,814.3,823.7,832.9,836.6,832.5,823.2,812.9,795.7,804.5,814.8,825.5,834.1,839.9,843.1,839.2,832.7,824.2,814.0,803.2,818.4,822.3,826.3,828.0,826.4,822.5,818.5,816.8,408.8,400.8,398.3,402.8,411.5,420.3,422.0,417.6,418.0,409.5,403.7,400.6,403.1,409.5,419.1,422.0,423.2,424.0,423.4,421.7,414.2,416.3,415.1,411.3,407.1,405.0,406.2,410.0,421.1,410.6,406.7,411.8,422.9,433.4,437.3,433.0,420.8,415.6,412.5,412.2,415.3,420.2,426.7,430.7,432.0,431.5,429.3,426.4,426.6,428.8,427.1,422.6,417.8,415.7,417.3,421.8,29.3,31.6,35.6,38.9,39.6,37.6,33.3,30.1,25.1,26.6,29.4,33.4,37.7,40.9,43.0,39.8,35.9,32.2,29.0,26.6,32.6,34.2,36.1,37.2,36.9,35.3,33.4,32.3,68.0,69.9,74.1,78.3,79.9,77.9,73.7,69.2,62.2,65.7,69.9,74.4,78.5,81.7,83.8,81.3,77.8,73.8,69.4,65.1,71.8,73.5,75.4,76.2,75.5,73.7,71.9,71.1,23.0,19.3,18.0,20.0,24.1,28.2,29.0,27.0,27.6,23.5,20.6,19.0,20.1,23.1,27.6,28.9,29.4,29.9,29.8,29.2,25.5,26.4,25.8,24.0,22.1,21.2,21.8,23.6,24.4,20.3,18.8,21.0,25.5,29.7,31.1,29.2,24.3,22.2,21.0,20.9,22.4,24.6,27.5,28.9,29.1,28.6,27.6,26.5,26.8,27.7,27.1,25.4,23.4,22.5,23.1,24.9,412.4,412.8,411.9,410.3,408.9,408.6,409.4,411.0,417.1,414.8,412.0,409.7,408.7,408.5,408.6,407.9,407.5,408.3,410.6,413.7,411.5,410.8,410.3,410.5,411.2,412.0,412.4,412.2,349.5,350.8,353.1,355.0,355.5,354.2,351.9,350.1,349.8,349.4,349.8,351.2,353.9,357.4,360.9,357.1,353.3,350.5,349.1,349.1,352.2,353.0,354.0,354.5,354.3,353.5,352.5,352.0,70.7,68.1,487.4,0.062,0.050,0.007,632.9,632.8,634.4,636.6,646.3,666.9,694.9,730.4,768.8,804.4,834.7,858.0,872.7,878.3,880.8,881.2,879.2,659.9,676.4,699.4,724.2,747.2,788.6,808.8,829.6,848.8,862.2,771.2,772.2,773.9,775.5,745.9,760.0,772.2,784.5,796.1,688.3,702.8,720.6,734.7,719.3,701.6,799.0,814.1,831.6,843.8,831.9,815.1,707.7,733.4,756.8,773.5,790.9,812.5,829.6,812.7,792.5,774.1,756.7,732.2,716.3,757.1,773.6,791.5,820.8,791.5,773.8,757.1,403.9,434.4,464.7,496.4,528.7,559.3,587.0,612.0,619.2,611.1,586.6,561.1,534.2,505.5,477.8,452.0,426.1,377.9,365.8,362.3,368.2,381.1,386.1,376.3,375.0,378.6,389.1,417.6,434.0,450.1,467.6,495.7,498.3,501.2,499.2,496.3,414.4,405.2,406.8,420.2,423.8,422.4,424.5,412.9,413.6,423.9,429.6,429.4,536.5,531.0,528.0,531.9,528.2,530.9,536.5,557.6,569.0,571.7,570.4,560.2,537.4,542.9,544.2,541.8,537.8,551.3,553.6,551.9,0.00,0.00,0.10,0.39,0.00,0.07,0.00,1.57,1.33,1.91,1.06,1.45,0.00,0.85,1.01,1.63,0.00,0.00,0.00,0.00,0.00,0.00,0.00,0.00,0.00,0.00,1.00,1.00,1.00,0.00,0.00,1.00,1.00,0.00,0.00
208,0,6.900,0.88,1,0.031221,-0.011940,-0.999441,-0.035002,0.196754,-0.979828,-0.002,0.093,702.2,706.9,715.4,722.7,724.7,720.6,711.5,704.1,692.0,695.9,702.4,711.4,720.6,727.2,731.6,725.2,717.0,709.0,701.9,696.1,709.3,712.8,717.0,719.2,718.3,714.7,710.6,708.3,810.3,814.3,823.6,832.7,836.4,832.4,823.1,813.0,795.8,804.6,814.8,825.4,833.9,839.6,842.8,838.9,832.6,824.2,814.0,803.3,818.3,822.2,826.2,827.9,826.3,822.4,818.4,816.7,408.9,401.2,398.7,403.0,411.5,420.1,421.7,417.5,417.7,409.4,403.7,400.6,403.0,409.4,418.7,421.8,423.1,423.9,423.3,421.5,414.3,416.3,415.1,411.3,407.2,405.1,406.4,410.2,421.0,410.5,406.6,411.7,422.7,433.2,437.1,432.8,420.5,415.4,412.4,412.2,415.3,420.1,426.5,430.6,431.9,431.4,429.1,426.1,426.4,428.6,426.9,422.4,417.7,415.6,417.2,421.7,29.9,32.2,36.2,39.6,40.4,38.4,34.1,30.7,25.2,27.0,29.9,34.1,38.4,41.6,43.7,40.5,36.6,32.9,29.6,27.0,33.2,34.9,36.8,37.9,37.5,35.9,33.9,32.8,68.5,70.3,74.6,78.7,80.3,78.4,74.1,69.7,62.7,66.2,70.3,74.9,78.9,82.1,84.2,81.7,78.3,74.2,69.9,65.6,72.2,74.0,75.8,76.6,75.9,74.2,72.4,71.6,23.5,19.8,18.6,20.6,24.6,28.6,29.5,27.5,28.0,23.8,21.0,19.4,20.5,23.5,28.0,29.4,30.0,30.4,30.3,29.6,26.0,27.0,26.4,24.6,22.6,21.7,22.3,24.1,24.5,20.4,18.9,21.1,25.6,29.8,31.2,29.3,24.3,22.3,21.1,21.1,22.5,24.7,27.6,29.0,29.2,28.8,27.8,26.6,26.9,27.9,27.3,25.5,23.5,22.6,23.2,25.0,420.3,420.9,420.3,418.9,417.5,417.0,417.5,418.9,424.6,422.4,419.9,417.9,417.2,417.2,417.4,416.4,415.7,416.3,418.3,421.3,419.6,418.9,418.6,418.9,419.6,420.3,420.6,420.3,351.8,353.1,355.4,357.4,357.8,356.5,354.2,352.3,352.1,351.7,352.0,353.4,356.2,359.7,363.2,359.4,355.6,352.8,351.3,351.3,354.5,355.3,356.3,356.8,356.6,355.8,354.8,354.3,70.6,67.9,486.9,0.060,0.050,0.007,632.8,632.7,634.3,636.3,645.8,666.3,694.5,730.3,769.0,805.1,835.6,858.9,873.5,878.7,881.1,881.3,879.1,659.7,676.1,699.2,724.1,747.2,788.3,808.6,829.5,848.7,862.0,771.1,772.2,773.9,775.6,745.8,760.0,772.3,784.6,796.3,688.2,702.5,720.3,734.5,719.1,701.5,799.0,814.1,831.5,843.7,831.7,815.0,707.8,733.4,756.9,773.7,791.1,812.8,829.8,813.0,792.9,774.4,756.9,732.4,716.4,757.2,773.8,791.8,821.0,791.9,774.0,757.3,403.9,434.0,464.2,495.7,528.0,558.7,586.7,612.1,619.4,611.1,586.3,560.6,533.6,505.0,477.5,452.0,426.4,377.8,365.8,362.1,368.1,381.1,386.2,376.4,375.2,378.8,389.4,417.7,434.0,450.0,467.3,495.4,498.0,501.1,499.0,496.1,414.3,405.1,406.7,420.0,423.6,422.2,424.3,412.8,413.6,423.9,429.5,429.2,536.6,530.9,527.9,531.8,527.9,530.7,536.4,557.4,568.9,571.6,570.3,560.2,537.4,542.8,544.1,541.7,537.7,551.2,553.5,551.8,0.00,0.00,0.12,0.34,0.08,0.20,0.00,1.61,1.58,2.02,1.14,1.53,0.00,0.91,1.06,1.86,0.00,0.00,0.00,0.00,0.00,0.00,0.00,0.00,0.00,0.00,1.00,1.00,1.00,0.00,0.00,1.00,1.00,0.00,0.00
209,0,6.933,0.88,1,0.018631,-0.015589,-0.999705,-0.022134,0.167117,-0.985689,-0.002,0.076,701.5,706.1,714.4,721.6,723.4,719.4,710.5,703.4,691.9,695.3,701.5,710.5,719.9,726.6,731.0,724.5,716.2,708.2,701.1,695.6,708.6,712.0,715.9,718.0,717.2,713.8,709.9,707.8,809.0,812.8,822.2,831.5,835.4,831.5,822.2,811.9,793.8,802.7,813.1,823.9,832.7,838.6,841.9,837.9,831.5,822.8,812.5,801.5,817.1,821.1,825.2,826.8,825.1,821.1,817.1,815.5,409.1,401.2,398.7,403.0,411.6,420.2,421.9,417.7,418.0,409.4,403.5,400.3,402.8,409.2,418.7,421.7,422.9,423.8,423.3,421.6,414.2,416.2,415.0,411.3,407.3,405.3,406.5,410.2,420.4,409.8,405.8,411.0,422.1,432.8,436.7,432.4,420.8,415.5,412.1,411.7,415.0,420.0,426.7,430.6,431.8,431.2,429.0,426.2,426.0,428.2,426.5,421.9,417.1,414.9,416.6,421.2,29.5,31.7,35.6,38.9,39.6,37.7,33.6,30.3,25.1,26.7,29.4,33.5,37.9,41.1,43.2,40.1,36.1,32.4,29.2,26.7,32.8,34.4,36.2,37.2,36.9,35.3,33.5,32.4,66.5,68.3,72.5,76.6,78.3,76.4,72.2,67.7,60.6,64.0,68.2,72.7,76.8,80.0,82.1,79.6,76.2,72.1,67.8,63.5,70.2,72.0,73.8,74.6,73.9,72.1,70.3,69.5,23.5,19.8,18.5,20.5,24.5,28.6,29.5,27.5,28.1,23.8,20.8,19.2,20.3,23.4,27.9,29.3,29.8,30.3,30.2,29.6,25.9,26.8,26.2,24.5,22.6,21.7,22.3,24.0,23.8,19.7,18.2,20.4,24.9,29.0,30.4,28.5,24.0,21.8,20.5,20.5,21.9,24.2,27.1,28.4,28.5,28.1,27.1,26.0,26.2,27.1,26.5,24.7,22.8,21.9,22.5,24.3,419.1,419.4,418.6,417.0,415.8,415.6,416.4,417.9,424.0,421.6,418.8,416.4,415.5,415.5,415.7,414.9,414.4,415.3,417.5,420.6,418.4,417.6,417.2,417.4,418.0,418.7,419.1,419.0,344.4,345.8,348.2,350.1,350.4,349.0,346.6,344.8,344.6,344.3,344.6,346.0,348.8,352.3,355.8,351.8,348.1,345.2,343.8,343.9,347.0,347.8,348.8,349.4,349.3,348.5,347.4,346.8,70.3,67.6,485.2,0.053,0.044,0.002,632.2,632.2,633.9,635.8,645.2,665.4,693.3,729.3,768.8,805.4,836.3,859.7,874.3,879.1,881.0,880.7,878.1,658.6,675.2,698.1,722.9,746.0,786.9,807.3,828.4,847.6,860.9,769.9,771.3,773.3,775.2,745.3,759.9,772.4,784.8,796.6,687.5,701.8,719.6,734.0,718.6,700.9,797.4,812.6,830.1,842.5,830.5,813.7,706.3,732.9,757.0,774.6,793.1,815.5,832.9,816.2,795.6,776.1,757.7,732.3,715.1,757.4,774.9,793.9,824.0,794.3,775.4,757.8,404.3,434.4,464.7,496.0,527.7,558.1,586.0,612.0,619.8,612.0,587.3,561.3,533.9,504.8,477.1,451.7,426.2,377.4,365.7,362.1,367.9,380.9,386.1,376.0,374.8,378.7,389.3,417.7,433.8,449.7,466.9,495.8,498.3,501.3,499.0,496.0,414.5,405.0,406.6,420.1,423.5,422.3,424.4,412.6,413.3,423.7,429.2,429.0,536.0,530.4,527.5,531.3,527.3,529.5,534.8,556.4,568.6,571.6,570.4,560.0,536.9,542.7,543.9,541.3,536.2,550.7,553.2,551.4,0.00,0.00,0.09,0.31,0.20,0.13,0.00,1.55,1.81,2.03,1.14,1.47,0.00,1.03,1.11,2.00,0.00,0.00,0.00,0.00,0.00,0.00,0.00,0.00,0.00,0.00,1.00,1.00,1.00,0.00,0.00,1.00,1.00,0.00,0.00
210,0,6.967,0.88,1,0.007093,-0.035730,-0.999336,-0.007932,0.181211,-0.983412,-0.000,0.073,700.5,705.2,713.4,720.5,722.3,718.3,709.4,702.3,691.2,694.5,700.6,709.6,719.1,725.9,730.5,723.9,715.5,707.4,700.3,694.8,707.7,711.0,714.8,716.9,716.1,712.8,709.0,706.9,808.1,812.0,821.3,830.5,834.3,830.3,821.1,810.8,792.6,801.7,812.3,823.0,831.6,837.4,840.5,836.6,830.1,821.4,811.1,800.2,816.1,820.1,824.1,825.8,824.1,820.1,816.1,814.4,408.6,400.7,398.2,402.5,411.1,419.8,421.6,417.3,417.9,409.2,403.3,400.0,402.6,409.2,418.8,421.7,422.9,423.7,423.2,421.5,413.8,415.7,414.5,410.9,406.9,404.9,406.1,409.8,420.7,409.9,405.8,410.7,421.8,432.6,436.7,432.5,420.6,415.2,411.8,411.4,414.5,419.5,426.0,430.0,431.3,430.8,428.6,425.9,426.0,428.1,426.3,421.7,416.9,414.7,416.5,421.2,28.6,30.8,34.7,37.9,38.6,36.7,32.6,29.4,24.5,25.9,28.7,32.7,37.0,40.2,42.4,39.2,35.3,31.6,28.4,26.0,31.9,33.4,35.2,36.2,35.9,34.4,32.6,31.6,66.3,68.0,72.2,76.3,77.9,76.1,71.9,67.5,60.2,63.7,67.9,72.5,76.5,79.6,81.7,79.2,75.8,71.7,67.4,63.1,69.9,71.7,73.5,74.3,73.6,71.8,70.0,69.2,23.0,19.3,18.0,20.0,24.0,28.0,28.9,27.0,27.7,23.4,20.4,18.8,20.0,23.0,27.5,28.9,29.4,29.8,29.7,29.2,25.4,26.3,25.7,23.9,22.1,21.2,21.8,23.5,23.9,19.7,18.2,20.3,24.8,29.0,30.5,28.6,23.9,21.8,20.4,20.3,21.8,24.0,26.9,28.2,28.4,28.0,27.0,25.9,26.2,27.1,26.5,24.7,22.7,21.8,22.5,24.3,413.9,414.1,413.1,411.4,410.1,410.0,410.9,412.6,418.8,416.3,413.4,410.8,409.8,409.7,410.0,409.2,408.8,409.8,412.1,415.3,413.0,412.2,411.7,411.8,412.5,413.2,413.7,413.6,344.9,346.1,348.4,350.5,351.0,349.8,347.5,345.5,345.2,344.8,345.1,346.5,349.4,353.0,356.6,352.6,348.8,345.9,344.5,344.5,347.6,348.5,349.5,350.0,349.8,348.9,347.9,347.3,70.1,67.2,483.8,0.049,0.034,-0.002,631.5,631.7,633.4,635.3,644.5,664.2,691.6,727.8,768.2,805.3,836.5,859.7,874.2,878.8,880.4,879.7,876.8,657.5,674.1,697.0,722.0,744.9,785.4,806.1,827.5,846.8,860.0,768.6,770.3,772.6,774.8,744.3,759.4,772.3,785.1,797.2,686.7,701.0,718.8,733.5,718.0,700.2,796.1,811.4,829.0,841.5,829.5,812.6,705.1,732.5,757.2,775.8,795.4,818.5,836.0,819.7,798.9,778.2,759.0,732.5,714.1,757.8,776.1,796.4,827.1,797.1,777.1,758.5,404.7,434.7,464.8,495.7,526.9,556.9,585.1,612.1,620.5,613.2,588.6,562.2,534.2,504.5,476.5,451.0,425.3,377.3,365.7,362.1,367.7,380.8,386.0,375.4,374.2,378.4,389.3,417.6,434.0,450.0,467.3,496.1,498.8,501.9,499.1,495.8,414.5,404.9,406.5,419.9,423.3,422.3,424.2,412.2,412.8,423.2,428.6,428.5,535.3,529.8,527.0,530.8,526.5,528.0,532.8,555.0,568.2,571.6,570.4,559.8,536.4,542.4,543.6,540.6,534.3,550.1,552.9,551.0,0.00,0.00,0.11,0.20,0.35,0.13,0.00,1.41,2.07,2.05,1.14,1.48,0.00,1.15,1.18,2.26,0.00,0.00,0.00,0.00,0.00,0.00,0.00,0.00,0.00,0.00,1.00,1.00,1.00,0.00,0.00,1.00,1.00,0.00,0.00
211,0,7.000,0.88,1,0.038958,0.006920,-0.999217,-0.006778,0.206479,-0.978427,0.016,0.107,700.4,704.7,713.1,720.5,722.7,718.9,710.0,702.5,689.8,693.8,700.5,709.9,719.4,725.7,729.6,723.5,715.5,707.5,700.3,694.2,707.8,711.1,714.8,716.7,715.7,712.4,708.7,706.8,807.2,811.0,820.1,829.2,833.0,829.2,820.0,810.0,792.1,801.0,811.2,821.8,830.5,836.3,839.5,835.5,829.1,820.6,810.4,799.8,815.1,819.1,823.0,824.7,823.0,819.1,815.1,813.5,410.4,402.8,400.3,404.3,412.5,420.9,422.7,418.7,419.2,410.5,404.6,401.3,403.7,410.0,419.3,421.8,422.6,423.4,423.2,422.0,415.2,417.0,415.9,412.5,408.8,407.1,408.2,411.6,420.9,410.4,406.4,411.2,422.0,432.5,436.6,432.6,420.5,415.1,411.8,411.4,414.6,419.6,426.2,429.7,430.7,430.1,428.0,425.5,426.2,428.2,426.5,421.9,417.2,415.1,416.9,421.4,29.8,32.1,36.2,39.8,40.7,38.7,34.4,30.8,24.8,26.7,29.9,34.4,39.0,42.1,44.1,40.9,37.0,33.1,29.7,26.8,33.5,35.0,36.9,37.8,37.4,35.8,34.0,33.0,67.6,69.4,73.6,77.7,79.4,77.5,73.3,68.9,61.6,65.1,69.3,73.9,78.0,81.2,83.3,80.8,77.3,73.2,68.8,64.5,71.4,73.1,75.0,75.7,75.0,73.2,71.4,70.6,24.9,21.2,19.9,21.9,25.8,29.9,30.8,28.9,29.5,25.0,22.0,20.3,21.5,24.6,29.2,30.3,30.7,31.1,31.1,30.7,27.3,28.1,27.5,25.9,24.1,23.3,23.8,25.5,24.7,20.5,18.9,21.0,25.5,29.7,31.2,29.4,24.5,22.3,21.0,20.9,22.4,24.6,27.6,28.8,28.9,28.4,27.5,26.4,27.0,27.9,27.2,25.4,23.4,22.5,23.2,25.0,432.5,433.4,433.1,432.0,430.5,429.7,429.8,431.0,436.1,434.3,432.1,430.4,430.1,430.3,430.5,429.3,428.2,428.6,430.4,433.1,432.0,431.5,431.4,431.8,432.4,432.9,433.0,432.6,353.9,355.1,357.4,359.3,359.9,358.7,356.4,354.5,354.2,353.8,354.0,355.4,358.3,361.8,365.4,361.4,357.6,354.8,353.4,353.4,356.6,357.4,358.4,358.9,358.7,357.8,356.9,356.3,70.0,66.9,480.8,0.038,0.018,-0.007,630.7,631.2,633.2,635.2,644.0,663.1,690.0,726.5,767.6,805.6,837.3,860.4,874.9,879.2,880.6,879.9,876.8,656.8,672.8,696.0,721.5,744.2,784.1,804.9,826.4,845.5,858.8,767.6,769.9,772.6,775.3,744.9,760.2,773.3,786.1,798.2,686.4,700.7,718.2,733.1,717.7,700.3,795.5,810.6,828.0,840.5,828.5,811.8,709.4,735.4,758.6,778.3,799.2,821.7,837.5,823.1,803.4,781.4,761.2,735.8,718.7,759.3,778.7,800.2,828.6,801.2,779.9,760.3,405.6,435.5,465.2,495.3,526.0,555.7,584.2,612.4,622.0,615.8,591.7,565.1,536.3,505.5,476.3,449.7,423.1,378.2,366.0,362.4,368.0,381.0,385.9,374.7,372.9,376.9,387.8,418.0,434.6,450.7,468.1,496.5,499.4,502.5,499.4,495.9,415.5,406.2,407.5,420.0,423.4,422.8,423.8,412.5,413.1,422.7,427.9,428.0,537.2,529.8,526.5,530.3,525.7,527.5,533.6,554.8,568.5,572.1,570.9,560.5,537.8,542.4,543.6,540.5,534.7,549.9,553.0,550.9,0.00,0.00,0.17,0.08,0.46,0.00,0.00,1.30,2.24,2.13,1.17,1.41,0.00,1.32,1.12,2.45,0.00,0.00,0.00,0.00,1.00,0.00,0.00,0.00,0.00,0.00,1.00,1.00,1.00,0.00,0.00,0.00,1.00,0.00,0.00
212,0,7.033,0.88,1,0.052487,-0.002711,-0.998618,-0.019536,0.205537,-0.978454,0.017,0.102,700.0,704.3,712.8,720.4,722.8,719.0,710.0,702.3,689.3,693.5,700.3,709.5,718.9,725.3,729.3,723.3,715.4,707.2,700.0,693.7,707.8,710.9,714.5,716.3,715.3,712.2,708.6,706.8,806.3,810.2,819.4,828.5,832.2,828.3,819.1,809.0,791.8,800.7,810.9,821.6,830.2,835.9,839.0,835.1,828.7,820.3,810.1,799.4,814.3,818.2,822.2,823.8,822.2,818.3,814.3,812.7,410.2,402.5,399.8,403.8,412.1,420.6,422.4,418.5,418.6,409.9,404.0,400.8,403.1,409.4,418.8,421.5,422.6,423.3,423.1,421.8,414.8,416.4,415.3,412.1,408.7,407.0,408.1,411.3,420.8,410.1,405.9,410.6,421.5,432.2,436.4,432.4,419.6,414.3,411.1,410.8,414.0,418.9,425.4,429.1,430.2,429.7,427.6,424.8,425.8,427.8,426.0,421.4,416.8,414.7,416.5,421.1,29.5,31.7,35.9,39.5,40.5,38.6,34.2,30.5,24.4,26.4,29.6,34.0,38.6,41.8,43.7,40.7,36.7,32.8,29.3,26.4,33.3,34.8,36.5,37.5,37.1,35.5,33.8,32.9,67.0,68.8,72.9,77.1,78.8,76.9,72.7,68.3,61.2,64.7,68.9,73.5,77.6,80.7,82.8,80.3,76.9,72.9,68.5,64.1,70.8,72.5,74.3,75.1,74.4,72.6,70.8,70.1,24.7,21.0,19.6,21.5,25.5,29.6,30.5,28.6,29.0,24.6,21.6,20.0,21.1,24.2,28.8,30.0,30.5,30.9,30.9,30.4,26.9,27.7,27.2,25.6,23.9,23.2,23.7,25.2,24.5,20.3,18.7,20.7,25.2,29.5,31.0,29.2,24.1,21.9,20.6,20.5,22.0,24.3,27.2,28.4,28.6,28.2,27.2,26.1,26.7,27.6,26.9,25.1,23.2,22.3,23.0,24.8,430.3,431.3,431.3,430.1,428.6,427.6,427.5,428.7,433.6,432.1,430.0,428.5,428.3,428.4,428.5,427.2,426.1,426.3,428.1,430.8,429.8,429.4,429.3,429.8,430.4,430.9,430.9,430.5,352.6,353.7,355.9,357.9,358.5,357.4,355.3,353.3,352.8,352.4,352.6,354.1,357.0,360.5,364.2,360.2,356.4,353.6,352.1,352.1,355.3,356.2,357.1,357.6,357.3,356.4,355.5,355.0,69.7,66.3,476.4,0.018,0.005,-0.010,629.7,630.6,633.1,634.9,643.1,661.4,687.8,725.1,767.4,806.4,838.5,861.4,875.6,879.6,880.8,879.7,876.1,655.9,671.6,695.0,720.6,743.3,782.4,803.0,824.5,843.9,857.8,767.0,769.9,773.2,776.4,745.1,761.0,774.6,787.8,800.2,685.9,700.2,717.8,733.0,717.4,700.0,795.0,810.2,827.6,840.3,828.2,811.5,710.7,737.1,760.5,780.8,802.2,824.9,840.6,826.8,807.4,784.8,764.1,738.1,720.2,761.3,781.2,803.3,831.6,804.7,782.8,762.6,406.4,436.1,465.5,495.4,525.7,555.3,584.2,613.6,624.1,619.1,595.7,568.9,539.3,507.3,477.1,449.7,422.4,378.1,365.5,361.8,367.5,380.7,386.0,374.2,372.3,375.9,386.9,417.6,434.6,450.9,468.5,497.0,500.2,503.3,499.8,496.0,415.3,405.7,406.9,419.6,423.0,422.5,423.4,411.8,412.4,422.1,427.3,427.3,538.3,529.9,526.3,530.1,525.3,527.1,533.9,554.8,568.6,572.4,571.2,561.0,538.6,542.7,543.8,540.6,534.8,549.8,552.9,550.8,0.00,0.00,0.30,0.13,0.59,0.00,0.00,1.12,2.32,2.24,1.12,1.40,0.00,1.50,1.04,2.57,0.00,0.00,0.00,0.00,1.00,0.00,0.00,0.00,0.00,0.00,1.00,1.00,1.00,0.00,0.00,0.00,0.00,0.00,0.00
213,0,7.067,0.88,1,0.034652,-0.027329,-0.999026,-0.007300,0.197319,-0.980312,0.014,0.086,699.2,703.4,711.9,719.6,722.1,718.5,709.4,701.7,689.2,693.1,699.7,708.9,718.4,725.1,729.3,723.3,715.2,707.1,699.8,693.6,707.1,710.4,714.0,715.8,714.8,711.5,707.8,706.0,805.5,809.4,818.6,827.8,831.6,827.7,818.4,808.2,790.7,799.4,809.5,820.3,829.2,835.2,838.5,834.4,827.9,819.4,809.1,798.3,813.5,817.5,821.5,823.2,821.6,817.6,813.6,811.9,410.0,402.0,399.1,403.0,411.3,420.0,422.1,418.3,418.5,409.8,403.8,400.5,402.6,408.6,417.8,421.0,422.3,423.4,423.2,421.8,414.4,416.1,414.8,411.4,407.9,406.2,407.5,410.9,420.5,410.0,405.8,410.6,421.4,432.0,436.1,432.2,419.2,413.8,410.5,410.2,413.6,418.6,425.4,428.9,429.8,429.2,427.0,424.3,425.7,427.8,426.0,421.3,416.6,414.5,416.3,421.0,28.9,31.0,35.1,38.8,39.9,38.0,33.7,30.0,24.2,26.0,29.1,33.5,38.0,41.3,43.4,40.3,36.3,32.4,29.0,26.2,32.7,34.3,36.0,36.9,36.5,34.9,33.1,32.2,66.9,68.7,72.9,77.0,78.7,76.9,72.6,68.1,61.0,64.4,68.6,73.2,77.4,80.6,82.8,80.2,76.8,72.7,68.2,63.9,70.7,72.5,74.3,75.1,74.4,72.6,70.7,69.9,24.4,20.5,19.1,20.9,24.9,29.1,30.1,28.3,28.8,24.4,21.4,19.6,20.6,23.6,28.1,29.5,30.1,30.6,30.7,30.2,26.5,27.3,26.7,25.1,23.4,22.6,23.2,24.8,24.5,20.3,18.7,20.7,25.2,29.5,31.0,29.2,24.0,21.7,20.4,20.4,21.9,24.2,27.3,28.4,28.5,28.0,27.0,26.0,26.8,27.7,27.0,25.1,23.2,22.3,23.0,24.8,426.9,427.8,427.6,426.3,424.8,424.0,424.1,425.4,430.4,428.6,426.5,424.9,424.5,424.7,424.8,423.6,422.6,422.9,424.7,427.5,426.4,425.8,425.7,426.1,426.8,427.3,427.4,427.0,353.8,354.9,357.0,358.9,359.5,358.4,356.2,354.4,354.2,353.7,353.8,355.2,358.0,361.4,365.0,361.0,357.3,354.6,353.2,353.3,356.4,357.2,358.1,358.6,358.4,357.5,356.6,356.1,69.2,65.5,471.8,-0.006,-0.001,-0.013,629.0,630.3,633.3,634.9,642.7,660.0,685.6,723.4,767.2,807.6,840.5,863.5,877.4,880.4,880.8,879.1,875.0,654.6,669.8,693.7,720.2,743.3,780.3,801.3,823.7,843.5,857.2,766.2,769.5,773.1,776.7,745.3,761.5,775.4,788.6,801.2,685.6,699.8,717.4,732.9,717.2,699.9,794.0,809.2,826.6,839.5,827.3,810.5,711.3,738.5,762.3,782.7,804.3,827.4,843.4,830.0,810.5,787.6,766.9,740.1,721.0,763.2,783.2,805.6,834.3,807.4,785.3,764.9,406.3,436.0,465.6,495.3,525.6,555.2,584.5,615.1,626.6,622.3,599.4,572.1,541.4,508.4,477.4,449.5,421.9,378.9,365.2,360.8,366.4,380.4,385.9,373.2,371.4,375.7,387.8,417.0,433.2,448.7,465.6,496.0,499.2,502.2,498.5,494.6,415.3,405.3,406.5,419.1,422.6,422.3,423.0,411.3,412.0,421.9,426.8,426.8,538.4,529.2,525.5,529.3,524.3,526.1,533.1,554.6,568.5,572.3,571.2,561.0,538.6,542.2,543.1,539.9,533.9,549.9,553.0,550.8,0.00,0.00,0.47,0.10,0.72,0.00,0.00,1.06,2.39,2.39,1.07,1.27,0.00,1.74,0.90,2.62,0.00,0.00,0.00,0.00,1.00,0.00,0.00,0.00,0.00,0.00,1.00,1.00,1.00,0.00,0.00,0.00,0.00,0.00,0.00
214,0,7.100,0.88,1,0.024486,-0.045425,-0.998668,-0.007820,0.189811,-0.981790,0.008,0.073,699.3,703.5,711.8,719.3,721.6,718.0,709.1,701.6,689.7,693.3,699.6,708.6,718.0,724.9,729.4,723.3,715.2,707.1,699.8,693.8,707.0,710.2,713.8,715.6,714.6,711.4,707.8,706.0,805.4,809.4,818.6,827.9,831.6,827.7,818.4,808.2,790.8,799.5,809.6,820.4,829.3,835.3,838.5,834.5,828.0,819.5,809.2,798.4,813.5,817.5,821.5,823.3,821.6,817.6,813.5,811.8,409.5,401.6,398.7,402.5,410.8,419.4,421.6,417.8,418.2,409.5,403.4,400.0,402.2,408.4,417.6,420.9,422.3,423.4,423.2,421.8,414.0,415.6,414.4,410.9,407.4,405.7,407.0,410.4,420.5,409.9,405.7,410.5,421.4,432.0,436.2,432.2,419.0,413.6,410.4,410.1,413.5,418.6,425.5,428.8,429.8,429.2,427.0,424.2,425.7,427.8,426.0,421.3,416.6,414.5,416.3,420.9,28.8,30.9,34.9,38.4,39.4,37.6,33.4,29.8,24.4,26.0,29.0,33.2,37.7,41.0,43.2,40.2,36.2,32.3,29.0,26.2,32.5,34.0,35.8,36.7,36.2,34.7,33.0,32.1,66.7,68.5,72.7,76.8,78.5,76.7,72.4,67.9,60.8,64.3,68.4,73.0,77.2,80.4,82.6,80.0,76.6,72.5,68.1,63.8,70.4,72.2,74.1,74.9,74.2,72.4,70.5,69.7,24.1,20.3,18.8,20.6,24.5,28.7,29.7,28.0,28.6,24.2,21.1,19.3,20.4,23.4,27.8,29.4,30.0,30.5,30.6,30.1,26.2,27.0,26.3,24.7,23.0,22.2,22.9,24.5,24.4,20.2,18.6,20.7,25.2,29.4,30.9,29.1,23.8,21.6,20.3,20.3,21.8,24.1,27.2,28.3,28.4,27.9,26.9,25.9,26.7,27.6,26.9,25.1,23.1,22.2,22.9,24.7,425.4,426.1,425.6,424.2,422.8,422.2,422.6,424.0,429.6,427.6,425.1,423.2,422.6,422.7,422.9,421.8,421.0,421.5,423.5,426.4,424.8,424.2,423.9,424.2,424.9,425.5,425.7,425.4,352.7,353.8,356.0,357.9,358.5,357.4,355.2,353.4,353.1,352.6,352.8,354.1,357.0,360.4,363.9,360.0,356.3,353.5,352.1,352.2,355.3,356.2,357.1,357.6,357.3,356.5,355.5,355.1,69.2,65.2,470.1,-0.018,-0.003,-0.014,629.1,630.3,633.0,634.6,642.4,659.7,685.1,723.1,767.4,808.2,841.4,864.6,878.4,881.2,881.2,879.2,874.9,654.4,669.3,693.3,720.1,743.2,779.7,800.8,823.5,843.6,857.2,766.0,769.4,773.1,776.8,745.6,761.8,775.7,788.8,801.4,685.6,699.8,717.4,733.0,717.3,699.9,794.0,809.3,826.8,839.6,827.4,810.5,712.1,739.7,763.6,783.9,805.4,828.6,844.7,831.5,812.1,789.4,768.7,741.6,721.9,764.6,784.5,806.7,835.5,808.7,786.7,766.5,406.5,436.0,465.3,495.0,525.5,555.3,585.1,616.3,628.2,623.8,600.6,573.0,541.9,508.5,477.2,449.4,421.9,379.3,365.1,360.3,366.0,380.4,386.2,373.1,371.3,376.1,388.8,416.8,432.3,447.0,463.2,495.4,498.4,501.3,497.5,493.7,415.2,405.0,406.1,418.9,422.4,422.1,422.9,411.1,411.9,422.0,426.8,426.8,538.6,529.2,525.3,529.0,523.9,525.6,532.7,554.5,568.4,572.3,571.3,561.2,538.8,542.2,542.9,539.6,533.5,549.9,553.0,550.8,0.00,0.00,0.36,0.06,0.52,0.00,0.00,0.66,1.60,1.63,0.70,0.84,0.00,1.23,0.58,1.76,0.00,0.00,0.00,0.00,1.00,0.00,0.00,0.00,0.00,1.00,1.00,1.00,1.00,0.00,0.00,0.00,0.00,0.00,0.00
215,0,7.133,0.03,0,0.000000,0.000000,0.000000,0.000000,0.000000,0.000000,0.000,0.000,696.4,701.1,709.6,716.8,718.7,714.3,705.5,698.2,681.0,687.7,697.6,708.9,717.8,722.9,725.2,720.4,713.5,705.1,696.0,687.3,703.2,706.3,709.9,711.9,711.2,708.0,704.4,702.4,805.3,810.1,819.6,828.2,830.9,826.1,816.6,807.0,795.3,802.9,811.6,821.2,829.4,835.0,838.6,833.4,826.9,819.2,810.1,801.1,812.8,816.7,821.1,823.3,822.1,818.1,813.8,811.6,399.0,391.4,388.9,393.2,401.6,409.7,411.7,407.4,403.0,399.7,398.1,397.6,399.7,403.8,409.1,412.0,413.4,413.8,412.4,408.8,402.9,404.8,403.7,400.4,396.8,395.0,396.1,399.3,417.7,408.4,405.6,411.0,421.3,430.6,433.4,428.7,415.0,410.8,409.3,410.5,414.2,418.8,425.2,428.8,429.9,429.1,425.9,421.6,423.6,426.0,424.8,420.5,415.8,413.3,414.6,418.8,26.2,28.3,32.3,35.8,36.8,34.8,30.6,27.1,19.3,22.2,26.7,31.9,36.2,38.9,40.4,37.9,34.5,30.5,26.2,22.2,29.5,31.0,32.7,33.6,33.2,31.7,30.0,29.1,74.6,77.0,81.6,85.8,87.0,84.6,79.9,75.4,70.2,73.5,77.4,81.9,86.0,89.2,91.5,88.4,84.7,80.8,76.5,72.6,78.4,80.3,82.4,83.5,82.9,81.0,78.9,77.8,18.1,14.5,13.4,15.4,19.4,23.3,24.1,22.1,20.2,18.5,17.6,17.4,18.5,20.6,23.3,24.5,25.1,25.2,24.5,22.9,20.0,20.9,20.4,18.9,17.2,16.3,16.8,18.3,26.0,21.9,20.7,23.2,28.0,32.1,33.2,31.0,24.9,22.9,22.3,22.8,24.6,26.9,30.0,31.4,31.7,31.2,29.6,27.7,28.8,30.0,29.5,27.6,25.4,24.3,24.8,26.7,406.2,405.6,406.2,407.6,409.0,410.0,409.0,407.6,410.8,407.8,405.7,405.3,407.7,411.2,414.8,413.0,410.8,409.5,409.1,409.7,408.3,408.9,409.2,408.9,408.3,407.7,407.5,407.7,394.8,395.9,397.5,398.8,398.9,397.8,396.2,395.1,395.4,394.8,394.8,395.6,397.6,400.2,403.1,399.9,396.8,394.4,393.6,394.3,396.8,397.4,398.1,398.6,398.6,398.0,397.2,396.7,69.2,65.0,470.4,-0.020,-0.003,-0.018,628.2,629.8,633.0,634.9,643.0,660.2,685.4,723.4,767.5,808.1,841.3,864.6,878.5,881.4,881.4,879.3,874.9,654.1,669.6,693.2,719.1,741.7,780.0,800.7,822.8,842.6,856.8,765.7,769.2,773.0,776.8,745.6,761.9,775.9,789.1,801.6,685.1,699.3,716.8,732.4,716.6,699.4,793.7,808.9,826.2,839.2,826.9,810.2,711.8,739.7,763.8,783.9,805.1,828.3,844.4,831.5,812.2,789.7,769.3,741.8,721.5,765.1,784.6,806.6,835.3,808.7,787.0,767.0,406.4,436.1,465.7,495.7,526.4,556.6,586.8,618.3,630.2,625.6,602.5,574.4,542.6,508.5,476.3,447.8,419.6,378.6,365.0,360.7,366.1,379.7,385.3,373.0,371.7,376.0,387.9,416.2,431.4,445.9,461.8,493.8,496.8,499.7,495.7,491.9,415.6,405.4,406.4,418.7,422.5,422.3,422.2,410.9,411.8,421.5,426.2,426.2,537.4,527.2,523.2,526.6,521.4,523.0,530.5,553.4,567.8,571.7,571.0,560.8,537.5,539.5,540.1,536.6,531.3,549.7,552.9,551.0,0.00,0.00,0.23,0.00,0.28,0.00,0.00,0.33,0.82,0.85,0.32,0.40,0.00,0.63,0.27,0.87,0.00,0.00,0.00,0.00,0.00,0.00,0.00,0.00,0.00,1.00,0.00,1.00,0.00,0.00,0.00,0.00,0.00,0.00,0.00
216,0,7.167,0.03,0,0.000000,0.000000,0.000000,0.000000,0.000000,0.000000,0.000,0.000,698.0,702.2,710.5,718.0,720.3,716.7,707.9,700.4,688.8,692.8,699.2,707.9,716.8,723.4,727.9,721.9,714.0,706.1,698.9,693.0,705.4,708.9,712.8,714.7,713.6,710.1,706.2,704.3,804.3,808.0,817.1,826.5,830.6,827.0,817.8,807.5,792.2,800.4,809.9,819.8,828.1,833.9,837.8,833.6,827.5,819.5,809.7,799.4,812.4,816.7,820.8,822.5,820.7,816.4,812.2,810.6,408.0,400.1,397.3,401.3,409.7,418.3,420.4,416.4,414.5,407.2,402.4,400.0,402.2,407.9,416.4,420.6,422.6,423.5,422.4,419.7,412.7,414.6,413.3,409.6,405.7,403.8,405.1,408.8,417.5,407.2,403.3,408.1,418.8,429.2,433.1,429.1,415.9,411.0,408.4,408.6,411.8,416.3,422.5,426.1,427.4,427.0,424.7,421.6,423.1,425.3,423.5,418.9,414.0,411.8,413.5,418.2,28.7,30.8,34.8,38.4,39.5,37.7,33.4,29.8,24.3,26.2,29.2,33.4,37.7,41.0,43.3,40.2,36.2,32.4,29.0,26.2,32.3,34.0,35.9,36.8,36.3,34.6,32.7,31.8,69.0,70.8,75.1,79.5,81.2,79.4,75.0,70.3,63.9,67.3,71.4,75.8,79.9,83.0,85.4,82.7,79.3,75.4,71.0,66.8,72.8,74.8,76.8,77.6,76.8,74.9,72.9,72.0,23.7,19.8,18.4,20.3,24.4,28.6,29.7,27.8,27.2,23.4,20.9,19.6,20.7,23.6,27.8,29.8,30.7,31.2,30.7,29.6,26.0,26.9,26.3,24.5,22.5,21.7,22.3,24.1,24.1,19.9,18.4,20.5,25.1,29.4,30.8,29.0,23.5,21.4,20.4,20.5,22.0,24.1,27.0,28.2,28.5,28.1,27.1,25.8,26.7,27.6,27.0,25.0,23.0,22.0,22.6,24.6,432.4,432.8,432.3,431.1,430.0,429.8,430.2,431.4,436.6,434.3,431.7,429.8,429.5,429.9,430.6,429.5,428.7,429.1,430.9,433.7,432.0,431.5,431.2,431.4,431.9,432.5,432.7,432.6,367.3,368.8,371.1,372.8,373.0,371.5,369.2,367.5,367.5,367.3,367.8,369.1,371.5,374.5,377.6,373.9,370.2,367.4,366.2,366.5,369.7,370.5,371.5,372.2,372.1,371.3,370.3,369.6,69.8,64.6,479.1,-0.034,0.011,-0.018,628.3,629.9,632.9,634.8,643.2,661.3,687.9,726.9,770.2,809.4,841.3,864.0,877.1,879.9,879.6,877.5,873.8,653.9,669.2,693.1,718.9,741.7,781.6,802.1,824.0,843.4,856.7,766.0,768.6,771.7,774.8,743.7,760.0,774.2,787.5,799.9,685.2,699.0,716.3,731.3,715.7,698.7,794.3,809.3,826.1,838.7,826.7,810.6,710.6,738.0,762.6,780.8,799.8,822.2,838.9,825.5,806.8,786.4,768.1,740.4,719.4,764.2,781.8,801.4,829.8,803.5,784.0,765.9,405.3,435.8,466.0,497.0,528.7,559.6,589.2,618.6,628.5,621.5,597.8,570.5,539.7,506.6,475.3,447.6,420.4,379.6,364.3,359.4,364.6,378.4,383.6,372.7,371.6,375.8,388.3,414.1,428.7,442.7,458.2,487.9,491.1,494.1,489.8,485.4,413.9,404.1,405.2,417.3,420.9,420.3,420.4,409.5,410.2,419.8,424.0,424.2,531.1,519.9,516.0,518.8,513.9,515.2,523.5,547.8,561.9,565.9,565.8,556.4,531.1,530.0,530.2,526.7,524.5,546.5,550.0,548.8,0.00,0.00,0.35,0.00,0.22,0.02,0.00,0.23,0.64,0.38,0.21,0.20,0.00,0.00,0.78,0.59,0.00,0.00,0.00,0.00,0.00,0.00,0.00,0.00,0.00,0.00,0.00,0.00,0.00,0.00,0.00,0.00,0.00,0.00,0.00
217,0,7.200,0.03,0,0.000000,0.000000,0.000000,0.000000,0.000000,0.000000,0.000,0.000,695.0,699.5,708.1,715.7,717.8,713.7,704.7,697.1,680.5,686.9,696.7,708.1,717.4,722.9,725.5,720.4,713.2,704.7,695.4,686.7,702.2,705.4,709.1,711.0,710.1,706.9,703.2,701.3,805.1,809.7,819.0,827.4,830.0,825.4,816.1,806.8,795.4,802.7,811.3,820.7,828.7,834.3,837.7,832.5,826.1,818.5,809.7,801.0,812.4,816.3,820.6,822.7,821.5,817.6,813.3,811.2,399.0,391.1,388.6,392.9,401.5,409.9,411.9,407.6,403.6,399.7,397.7,397.2,399.7,404.4,410.6,413.2,414.3,414.5,413.0,409.4,403.0,404.9,403.8,400.4,396.8,394.9,396.0,399.4,416.8,407.7,404.9,409.9,419.9,429.0,431.9,427.4,414.4,410.1,408.5,409.5,413.3,417.8,424.2,427.6,428.8,428.1,424.9,420.7,422.4,424.7,423.5,419.3,414.6,412.3,413.6,417.7,25.2,27.3,31.2,34.8,35.9,34.1,29.9,26.3,18.8,21.6,26.0,31.1,35.6,38.4,40.0,37.4,33.9,29.9,25.6,21.6,28.7,30.2,31.9,32.8,32.3,30.8,29.1,28.2,76.3,78.7,83.3,87.4,88.7,86.3,81.7,77.2,71.9,75.2,79.1,83.6,87.8,91.0,93.2,90.1,86.4,82.4,78.2,74.3,80.1,82.0,84.1,85.2,84.7,82.7,80.6,79.5,17.9,14.3,13.1,15.1,19.1,23.0,23.9,21.9,20.2,18.3,17.3,17.0,18.3,20.6,23.6,24.7,25.1,25.1,24.5,22.9,19.8,20.7,20.2,18.6,16.9,16.1,16.6,18.1,26.2,22.1,20.9,23.3,28.0,32.1,33.3,31.2,25.2,23.2,22.4,22.9,24.8,27.1,30.3,31.7,31.9,31.4,29.9,28.0,29.0,30.1,29.6,27.7,25.5,24.3,24.9,26.8,401.4,400.9,401.2,402.2,403.3,404.2,403.6,402.5,406.3,403.2,400.8,400.2,402.3,405.6,408.9,407.2,405.2,404.1,403.9,404.9,403.2,403.6,403.8,403.5,403.0,402.6,402.5,402.7,404.5,405.5,407.0,408.3,408.5,407.5,405.9,404.9,405.1,404.4,404.3,405.0,407.1,409.7,412.6,409.4,406.4,404.0,403.2,404.0,406.5,407.0,407.7,408.2,408.1,407.6,406.8,406.4,69.6,64.5,495.1,-0.056,0.017,0.011,626.9,628.9,632.4,635.3,643.6,662.1,688.3,724.2,762.9,798.3,828.0,851.0,865.1,870.9,874.0,874.3,872.0,653.7,670.7,695.1,720.1,742.1,782.5,802.7,823.7,843.1,856.6,767.1,768.6,770.6,772.8,739.5,755.5,769.9,783.3,795.6,681.5,697.0,715.2,730.2,713.5,695.2,793.3,809.1,826.5,839.1,827.2,810.1,708.9,731.3,755.4,772.8,790.9,811.0,823.5,811.2,793.3,773.5,755.1,730.4,717.8,755.6,772.9,791.5,814.1,792.0,773.0,755.2,405.2,436.6,467.3,498.4,529.9,559.3,586.9,611.0,618.5,610.7,587.4,561.5,533.3,502.8,473.8,447.5,422.4,378.2,362.8,358.2,363.6,377.5,383.2,374.8,373.3,376.4,389.2,413.1,427.5,441.3,456.3,481.1,484.1,487.3,484.2,480.9,409.2,400.2,402.2,416.8,418.8,417.0,420.5,408.8,409.7,419.5,424.5,424.5,526.2,506.0,498.2,502.2,498.1,505.8,524.6,547.5,560.2,562.9,562.1,551.8,525.1,516.0,516.7,515.4,523.8,540.2,542.8,541.4,0.00,0.00,0.35,0.00,0.22,0.02,0.00,0.23,0.64,0.38,0.21,0.20,0.00,0.00,0.78,0.59,0.00,0.00,0.00,0.00,0.00,0.00,0.00,0.00,0.00,0.00,0.00,0.00,0.00,0.00,0.00,0.00,0.00,0.00,0.00
218,0,7.233,0.03,0,0.000000,0.000000,0.000000,0.000000,0.000000,0.000000,0.000,0.000,696.2,701.7,711.3,719.3,721.1,715.9,705.9,697.9,680.3,687.5,697.4,708.3,717.6,723.5,726.5,720.2,712.2,703.6,694.4,686.2,703.1,707.0,711.8,714.5,713.6,709.7,705.0,702.2,804.4,808.1,817.2,826.3,830.0,826.3,817.2,807.1,791.5,799.6,809.1,819.1,827.5,833.2,836.7,832.5,826.4,818.6,808.9,798.6,812.2,816.2,820.2,821.9,820.2,816.2,812.2,810.6,405.0,396.8,394.6,399.9,409.4,418.3,419.8,414.6,406.5,400.8,397.9,397.5,401.1,408.0,417.5,421.4,423.1,423.2,420.3,414.6,410.5,413.0,412.0,407.9,403.2,400.6,401.7,405.8,417.1,406.8,403.0,408.0,418.8,429.1,432.9,428.7,415.9,410.6,407.9,408.1,411.5,416.2,422.7,426.5,427.9,427.5,425.0,421.7,422.6,424.8,423.1,418.6,413.8,411.6,413.3,417.9,24.0,26.3,30.4,34.0,34.8,32.7,28.3,24.8,17.4,20.4,24.4,29.0,33.1,35.9,37.5,34.6,31.1,27.3,23.3,19.9,27.1,28.8,30.9,32.0,31.6,29.9,27.8,26.7,68.9,70.7,75.0,79.2,80.9,79.0,74.7,70.1,63.5,66.8,70.9,75.4,79.4,82.5,84.7,82.1,78.8,74.9,70.5,66.3,72.6,74.5,76.4,77.2,76.5,74.6,72.7,71.9,19.2,15.7,14.8,17.1,21.2,25.1,25.7,23.4,20.1,17.5,16.2,15.9,17.5,20.6,24.9,26.5,27.2,27.2,25.9,23.5,21.7,22.8,22.4,20.6,18.5,17.4,17.9,19.6,23.9,19.7,18.2,20.4,25.0,29.3,30.7,28.8,23.4,21.2,20.1,20.2,21.8,24.0,27.0,28.4,28.7,28.3,27.2,25.8,26.4,27.4,26.8,24.9,22.9,21.9,22.5,24.4,373.9,373.3,373.6,374.7,375.8,376.8,376.1,375.1,378.2,375.3,372.8,371.9,373.4,375.9,379.0,377.9,376.4,375.7,375.8,376.9,375.7,376.2,376.4,376.1,375.5,375.0,374.9,375.1,366.6,368.0,370.3,372.2,372.5,371.1,368.8,366.9,366.6,366.4,366.8,368.1,370.7,373.8,376.9,373.3,369.6,366.8,365.5,365.8,369.1,369.9,371.0,371.6,371.5,370.6,369.6,369.0,69.2,65.0,499.1,-0.027,0.033,0.013,626.5,628.8,632.7,635.4,642.9,660.8,687.4,723.1,761.0,796.4,826.4,850.4,864.3,869.9,872.9,873.9,872.5,652.6,670.3,694.8,719.6,741.8,783.5,802.8,823.2,842.2,856.1,766.8,767.8,769.4,771.2,740.3,754.9,768.0,780.3,791.5,681.3,696.7,715.2,729.5,713.0,694.4,793.0,808.4,825.9,838.2,826.7,809.5,711.7,732.6,754.5,769.2,784.2,802.0,814.6,802.0,785.6,769.0,753.5,731.4,720.0,754.8,769.3,784.8,805.6,784.9,769.0,754.1,404.1,435.7,466.4,497.7,529.3,558.5,584.8,608.0,615.0,606.9,584.0,558.7,531.1,501.1,472.7,446.6,421.2,377.0,362.3,358.8,364.5,378.1,383.1,375.3,373.4,374.9,386.1,413.9,429.0,443.6,459.4,482.5,485.7,488.8,486.3,483.0,409.6,400.4,402.5,417.5,420.2,418.2,421.0,408.6,409.2,419.4,425.3,425.6,525.8,508.4,501.8,505.4,501.7,508.7,524.8,545.8,556.7,559.0,558.5,549.5,524.5,517.2,517.8,516.6,524.1,539.2,541.6,540.7,0.00,0.00,0.70,0.00,0.27,0.05,0.02,0.47,1.03,0.38,0.21,0.20,0.00,0.00,1.37,1.04,0.00,0.00,0.00,0.00,0.00,0.00,0.00,1.00,0.00,0.00,0.00,0.00,0.00,0.00,0.00,1.00,1.00,0.00,0.00
219,0,7.267,0.88,1,-0.023707,-0.099954,-0.994710,-0.125813,0.117947,-0.985018,-0.075,0.009,694.8,699.4,708.2,716.1,718.4,714.2,705.0,697.1,679.7,687.2,697.4,708.7,717.6,722.9,725.5,720.7,713.9,705.4,695.9,686.9,701.9,705.4,709.4,711.5,710.4,706.9,702.9,700.8,805.3,809.6,818.7,827.1,830.0,825.6,816.6,807.3,794.8,802.1,810.7,820.1,828.2,833.7,837.1,832.1,825.9,818.4,809.5,800.6,812.6,816.4,820.6,822.6,821.3,817.4,813.3,811.2,399.8,391.3,388.8,393.7,403.1,412.3,414.1,409.2,404.7,400.0,397.3,396.7,399.9,405.5,412.5,414.8,415.2,414.8,413.1,409.9,405.0,407.2,406.1,402.3,398.0,395.8,397.0,400.8,415.9,406.8,403.8,408.8,418.8,428.0,431.0,426.6,414.1,409.6,407.7,408.6,412.3,416.9,423.3,426.8,428.0,427.4,424.3,420.3,421.5,423.9,422.5,418.3,413.7,411.3,412.7,416.9,24.6,26.7,30.7,34.4,35.5,33.5,29.3,25.6,17.9,21.2,25.7,30.8,35.0,37.6,39.1,36.7,33.3,29.4,25.1,21.1,27.9,29.5,31.3,32.3,31.8,30.2,28.3,27.4,75.8,78.1,82.6,86.8,88.2,85.9,81.3,76.8,71.1,74.4,78.3,82.8,87.0,90.1,92.4,89.3,85.7,81.8,77.6,73.6,79.6,81.5,83.6,84.7,84.0,82.1,80.0,79.0,17.9,14.1,13.0,15.2,19.5,23.6,24.3,22.1,20.2,18.0,16.7,16.4,18.0,20.7,24.0,24.9,24.9,24.6,23.8,22.4,20.3,21.3,20.8,19.1,17.2,16.2,16.7,18.4,25.7,21.5,20.3,22.6,27.3,31.5,32.7,30.6,24.9,22.8,21.9,22.4,24.2,26.5,29.6,31.1,31.4,30.9,29.4,27.6,28.4,29.5,28.9,27.0,24.9,23.8,24.3,26.2,392.6,393.2,394.3,395.3,395.5,395.2,393.8,392.8,395.3,393.4,392.1,392.3,394.5,397.2,399.7,397.4,394.8,393.2,392.7,393.6,394.3,394.7,395.2,395.5,395.4,394.9,394.4,394.1,401.6,402.8,404.6,405.9,406.0,404.9,403.1,401.8,402.0,401.5,401.5,402.4,404.5,407.2,410.0,406.7,403.5,401.1,400.2,400.9,403.6,404.2,405.1,405.6,405.6,404.9,404.1,403.6,66.8,64.7,505.0,-0.054,0.112,0.062,627.1,629.3,632.9,635.9,643.3,658.5,680.7,709.4,745.8,784.9,820.1,848.4,863.0,868.0,870.8,874.4,876.1,654.9,672.6,696.7,721.2,743.5,784.9,804.3,824.9,844.4,857.7,766.3,764.8,763.8,762.9,735.9,748.1,759.3,770.7,780.9,682.4,697.7,715.0,727.5,712.1,695.1,794.7,809.9,826.8,838.6,826.2,809.6,708.3,726.3,745.5,755.9,767.1,782.9,796.6,780.4,763.7,751.3,739.8,722.2,715.7,744.7,755.1,766.5,787.7,765.6,753.7,742.9,401.2,434.9,467.2,498.7,529.6,556.7,579.2,599.3,607.6,603.0,583.9,559.7,531.2,501.0,474.2,449.2,424.2,376.3,361.0,357.1,363.6,377.3,382.5,375.7,374.2,376.2,388.5,408.4,424.8,440.7,457.6,477.3,481.7,485.7,484.3,481.6,405.0,397.6,399.6,412.1,414.8,412.6,418.5,409.5,411.2,421.1,425.6,424.4,521.4,506.3,501.4,505.5,503.3,512.0,528.3,544.6,550.6,550.9,549.5,541.1,520.4,515.4,516.6,517.0,527.0,534.4,535.0,533.6,0.00,0.00,0.68,0.00,0.14,0.05,0.02,0.43,0.82,0.07,0.00,0.00,0.00,0.00,1.07,0.75,0.00,0.00,0.00,0.00,0.00,0.00,0.00,1.00,0.00,0.00,0.00,0.00,0.00,0.00,0.00,1.00,1.00,0.00,0.00
220,0,7.300,0.88,1,-0.010506,-0.073488,-0.997241,-0.128329,0.137332,-0.982177,-0.070,0.032,693.8,698.7,708.0,716.3,718.8,714.3,704.6,696.3,677.1,685.4,696.2,708.3,717.7,723.1,726.0,721.1,714.2,705.3,695.3,685.5,701.0,704.9,709.2,711.5,710.3,706.4,702.1,699.8,805.6,809.8,818.6,826.8,829.7,825.4,816.6,807.5,795.2,802.3,810.6,820.1,828.1,833.6,836.9,832.3,826.1,818.7,810.0,801.2,812.8,816.5,820.5,822.4,821.1,817.4,813.5,811.6,400.4,391.4,389.0,394.6,404.9,414.8,416.3,410.7,406.4,400.6,397.1,396.0,399.6,406.0,414.2,416.1,416.0,415.4,413.7,410.9,406.7,409.3,408.1,403.9,399.1,396.5,397.7,401.9,415.3,406.4,403.6,408.5,418.3,427.2,430.0,425.7,414.7,409.4,406.8,407.0,410.5,415.4,422.2,425.7,426.9,426.4,423.8,420.3,420.7,422.9,421.7,417.7,413.3,411.1,412.4,416.3,22.5,24.6,28.6,32.3,33.3,31.3,27.1,23.5,15.6,19.0,23.5,28.6,32.7,35.2,36.6,34.3,31.2,27.3,23.1,19.0,25.6,27.3,29.2,30.2,29.7,28.0,26.1,25.1,77.3,79.6,84.0,88.2,89.5,87.3,82.8,78.3,72.6,75.8,79.7,84.3,88.5,91.7,93.9,91.0,87.4,83.4,79.2,75.2,81.1,83.0,85.0,86.0,85.4,83.5,81.5,80.5,16.9,13.2,12.2,14.6,19.0,23.1,23.6,21.2,19.5,17.0,15.5,15.1,16.7,19.5,23.1,23.7,23.5,23.2,22.4,21.3,19.6,20.7,20.3,18.5,16.5,15.4,15.8,17.6,25.8,21.8,20.5,22.9,27.5,31.6,32.8,30.7,25.6,23.1,21.8,22.0,23.8,26.2,29.7,31.1,31.4,31.0,29.7,28.1,28.5,29.6,29.0,27.2,25.1,24.1,24.6,26.4,366.0,367.1,368.7,369.7,369.6,368.8,366.9,365.9,367.7,366.3,365.6,366.1,368.3,370.8,372.9,370.4,367.5,365.7,365.2,366.0,367.7,368.1,368.9,369.4,369.4,369.0,368.2,367.7,408.7,409.9,411.7,413.0,413.0,411.8,410.1,408.9,409.2,408.7,408.7,409.5,411.7,414.5,417.4,414.0,410.8,408.4,407.5,408.1,410.7,411.3,412.1,412.6,412.6,412.0,411.2,410.7,66.8,64.7,501.1,-0.023,0.103,0.049,626.7,629.6,633.9,636.8,643.8,658.6,680.3,709.4,746.3,785.8,821.2,849.7,864.7,869.8,872.2,874.9,875.5,654.0,671.7,695.7,720.0,742.3,784.8,803.7,824.1,843.4,856.9,766.6,765.6,765.1,764.6,736.1,749.1,761.2,773.3,784.1,681.7,696.9,714.6,727.4,711.6,694.1,794.7,809.8,827.0,839.0,826.8,809.9,707.5,727.0,746.9,757.9,770.0,786.4,801.4,784.5,767.1,753.9,741.8,723.4,714.9,746.1,757.3,769.6,792.4,768.9,756.1,744.6,400.3,434.3,467.0,498.5,529.3,556.3,578.6,599.5,608.1,604.1,585.2,560.8,531.8,501.2,473.7,447.6,421.7,376.5,361.2,357.3,363.8,377.4,382.1,374.7,372.9,374.5,387.0,409.6,427.9,445.4,464.0,481.4,486.1,490.4,488.5,485.3,406.0,397.8,399.9,413.4,416.1,413.8,418.6,408.3,409.4,419.8,424.7,424.0,523.0,509.4,505.1,509.2,506.8,514.2,528.8,544.4,550.4,550.8,549.4,541.5,522.3,518.6,519.9,520.0,527.9,535.3,536.0,534.6,0.00,0.00,0.99,0.00,0.22,0.08,0.02,0.55,1.23,0.12,0.00,0.00,0.00,0.00,1.47,1.05,0.00,0.00,0.00,0.00,0.00,0.00,0.00,1.00,0.00,0.00,1.00,0.00,0.00,0.00,0.00,1.00,1.00,0.00,0.00
221,0,7.333,0.88,1,-0.021591,-0.072541,-0.997132,-0.116695,0.135247,-0.983916,-0.070,0.032,693.3,698.0,707.3,715.8,718.4,714.0,704.3,695.9,676.4,684.8,695.8,708.0,717.4,722.9,725.9,721.1,714.1,705.2,695.0,685.0,700.6,704.5,708.8,711.0,709.8,705.9,701.6,699.4,805.6,809.8,818.6,826.8,829.7,825.6,816.8,807.6,794.8,801.9,810.4,819.9,828.0,833.5,836.8,832.1,826.0,818.5,809.7,800.8,812.8,816.5,820.6,822.5,821.1,817.4,813.4,811.5,400.6,391.5,389.0,394.5,404.8,414.8,416.4,410.9,406.4,400.6,397.0,395.8,399.5,405.9,414.1,416.3,416.3,415.8,414.1,411.2,406.8,409.3,408.1,403.9,399.2,396.6,397.8,402.0,415.1,406.1,403.2,408.1,417.9,426.8,429.7,425.5,414.4,409.2,406.6,406.9,410.4,415.3,422.0,425.6,426.8,426.3,423.7,420.2,420.5,422.7,421.4,417.3,412.9,410.7,412.0,416.0,22.1,24.1,28.1,31.7,32.8,30.9,26.7,23.2,15.1,18.6,23.1,28.2,32.3,34.8,36.3,34.0,30.9,27.0,22.7,18.6,25.2,26.9,28.7,29.7,29.2,27.5,25.7,24.7,76.5,78.7,83.1,87.2,88.6,86.4,82.0,77.5,71.6,74.8,78.7,83.3,87.5,90.7,92.9,90.0,86.4,82.4,78.2,74.2,80.2,82.1,84.1,85.1,84.5,82.6,80.6,79.6,16.8,13.1,12.1,14.4,18.7,22.9,23.4,21.1,19.3,16.8,15.3,14.9,16.5,19.3,22.9,23.6,23.4,23.1,22.4,21.2,19.5,20.5,20.1,18.4,16.4,15.3,15.8,17.5,25.4,21.4,20.1,22.4,27.0,31.1,32.3,30.3,25.2,22.7,21.5,21.7,23.5,25.9,29.3,30.7,31.0,30.6,29.3,27.8,28.1,29.2,28.6,26.8,24.7,23.6,24.2,26.0,362.4,363.6,365.1,366.1,366.1,365.2,363.4,362.4,364.2,362.8,362.1,362.7,364.9,367.4,369.6,367.0,364.1,362.2,361.6,362.4,364.1,364.6,365.3,365.8,365.9,365.4,364.7,364.1,404.2,405.5,407.3,408.6,408.7,407.5,405.7,404.4,404.7,404.2,404.2,405.2,407.4,410.2,413.1,409.7,406.4,404.0,403.1,403.7,406.3,406.9,407.7,408.3,408.2,407.6,406.8,406.2,66.6,64.7,499.1,-0.016,0.103,0.045,627.0,629.7,633.9,636.7,643.8,658.9,680.9,710.1,746.8,786.3,821.8,850.5,865.6,870.7,872.8,875.1,875.2,653.7,671.2,695.1,719.4,741.7,784.8,803.8,824.1,843.4,856.6,766.4,765.7,765.3,765.0,736.8,749.8,761.6,773.4,783.9,681.4,696.5,714.3,727.2,711.4,693.8,794.5,809.5,826.9,838.9,826.6,809.7,707.7,727.3,747.1,758.3,770.5,787.1,802.1,785.2,767.8,754.5,742.2,723.9,715.1,746.3,757.7,770.2,793.1,769.5,756.6,745.0,400.6,434.3,466.7,498.2,529.0,556.1,578.7,600.0,608.8,604.7,585.2,560.4,531.6,501.0,473.4,447.3,421.4,376.0,361.1,357.2,363.8,377.3,381.9,374.3,372.5,374.2,386.7,409.9,428.3,446.0,464.8,482.9,487.4,491.6,489.8,486.7,406.1,397.8,399.9,413.6,416.4,414.2,418.5,408.0,409.1,419.5,424.6,424.0,524.0,511.1,507.0,511.1,508.5,515.7,529.4,544.9,550.8,551.2,549.8,542.0,523.4,521.0,522.2,522.2,528.7,535.0,535.8,534.4,0.00,0.00,0.96,0.00,0.27,0.18,0.00,0.47,1.27,0.26,0.00,0.00,0.00,0.00,1.25,0.96,0.00,0.00,0.00,0.00,0.00,0.00,0.00,1.00,0.00,0.00,1.00,0.00,0.00,0.00,0.00,1.00,1.00,0.00,0.00
222,0,7.367,0.98,1,-0.023389,-0.081172,-0.996426,-0.120473,0.131500,-0.983969,-0.073,0.025,692.9,697.4,706.6,715.2,718.1,713.9,704.3,695.7,675.3,684.1,695.2,707.6,717.2,722.7,725.9,721.2,714.3,705.2,694.9,684.5,700.3,704.2,708.4,710.5,709.1,705.2,701.1,699.0,805.8,809.9,818.7,826.9,829.7,825.5,816.8,807.7,795.1,802.2,810.6,820.1,828.2,833.6,836.6,832.2,826.2,819.0,810.2,801.2,812.8,816.6,820.6,822.5,821.2,817.4,813.4,811.5,400.2,391.0,388.4,394.0,404.5,414.6,416.3,410.7,406.8,400.7,396.8,395.5,399.1,405.5,413.6,416.0,416.0,415.6,414.0,411.3,406.5,409.0,407.9,403.7,398.9,396.4,397.6,401.8,414.8,405.8,402.9,407.8,417.6,426.7,429.6,425.3,414.1,408.9,406.3,406.6,410.2,415.0,421.8,425.5,426.8,426.4,423.7,420.0,420.3,422.5,421.2,417.1,412.6,410.3,411.6,415.8,21.4,23.3,27.2,30.8,32.0,30.2,26.1,22.5,14.3,17.9,22.3,27.4,31.5,34.0,35.5,33.3,30.2,26.4,22.1,18.0,24.5,26.2,27.9,28.8,28.3,26.7,24.9,24.0,76.2,78.4,82.8,86.9,88.3,86.1,81.6,77.2,71.4,74.5,78.4,83.0,87.2,90.3,92.4,89.6,86.1,82.3,78.0,74.0,79.9,81.7,83.8,84.8,84.2,82.3,80.3,79.3,16.3,12.6,11.6,13.9,18.2,22.3,22.8,20.5,19.0,16.5,14.9,14.4,16.0,18.7,22.1,23.0,22.7,22.5,21.8,20.7,18.9,20.0,19.5,17.9,15.9,14.9,15.3,17.0,25.2,21.1,19.9,22.2,26.8,30.9,32.1,30.0,24.9,22.5,21.3,21.5,23.3,25.7,29.0,30.5,30.9,30.5,29.2,27.6,27.9,28.9,28.4,26.5,24.4,23.3,23.9,25.8,354.2,355.6,357.4,358.4,358.2,357.0,355.0,353.9,355.5,354.2,353.8,354.6,356.9,359.4,361.5,358.7,355.6,353.7,353.0,353.7,355.8,356.3,357.1,357.8,357.9,357.4,356.6,356.0,402.3,403.5,405.4,406.8,407.0,405.8,403.9,402.5,402.5,402.1,402.2,403.2,405.6,408.4,411.4,408.0,404.8,402.2,401.2,401.6,404.4,405.1,405.9,406.5,406.4,405.7,404.9,404.3,66.7,64.5,497.6,-0.017,0.100,0.042,627.2,629.9,634.1,637.1,644.3,659.6,681.7,710.9,747.6,786.9,822.2,850.7,865.9,871.1,873.3,875.3,875.2,653.6,671.1,695.0,719.2,741.5,784.7,803.7,823.9,843.1,856.5,766.4,765.8,765.6,765.5,736.9,750.1,762.2,774.2,784.9,681.0,696.1,713.9,727.0,711.1,693.4,794.6,809.7,827.1,839.2,826.9,809.9,707.7,727.7,747.7,759.3,771.8,788.6,803.8,786.9,769.4,755.8,743.2,724.5,715.2,747.0,758.7,771.6,794.8,771.0,757.8,745.8,400.4,434.1,466.6,498.2,529.1,556.5,579.4,601.0,609.8,605.6,585.8,560.9,531.8,501.1,473.3,447.0,421.1,375.6,360.8,356.9,363.3,376.7,381.5,374.1,372.5,374.2,386.6,409.7,428.3,446.2,465.1,483.1,487.7,491.9,490.0,486.7,406.0,397.6,399.7,413.3,416.2,414.1,418.3,407.8,408.9,419.4,424.4,423.7,524.0,511.2,507.1,511.2,508.5,515.5,529.0,544.6,550.8,551.3,550.0,542.1,523.5,521.2,522.4,522.2,528.4,534.9,535.8,534.4,0.00,0.00,1.04,0.00,0.26,0.16,0.00,0.51,1.30,0.29,0.00,0.00,0.00,0.00,1.26,1.03,0.00,0.00,0.00,0.00,0.00,0.00,0.00,1.00,0.00,0.00,1.00,0.00,0.00,0.00,0.00,1.00,1.00,0.00,0.00
223,0,7.400,0.98,1,-0.026480,-0.084431,-0.996077,-0.121000,0.110678,-0.986463,-0.074,0.013,692.5,697.0,706.3,714.8,717.7,713.5,703.9,695.3,674.9,683.8,694.8,707.4,717.0,722.5,725.7,721.0,713.9,704.8,694.5,684.1,699.9,703.9,708.1,710.1,708.8,704.9,700.7,698.6,806.1,810.1,818.7,826.9,829.8,825.8,817.1,808.1,795.4,802.5,810.8,820.4,828.4,833.5,836.5,832.2,826.6,819.4,810.7,801.7,812.8,816.7,820.9,822.8,821.4,817.5,813.4,811.5,400.1,390.9,388.3,393.9,404.3,414.4,416.0,410.5,406.6,400.4,396.5,395.1,398.8,405.1,413.1,415.7,415.8,415.5,413.9,411.2,406.4,408.9,407.7,403.5,398.8,396.3,397.5,401.6,413.8,404.8,401.8,406.8,416.7,425.8,428.7,424.4,413.6,408.4,405.8,406.0,409.6,414.3,421.1,424.8,426.1,425.7,423.1,419.5,419.5,421.9,420.5,416.2,411.5,409.1,410.5,414.8,21.3,23.2,27.1,30.7,31.9,30.0,26.0,22.4,14.2,17.8,22.2,27.4,31.5,34.0,35.5,33.3,30.1,26.2,22.0,17.9,24.4,26.1,27.8,28.7,28.2,26.6,24.8,23.9,75.5,77.6,81.9,86.0,87.4,85.2,80.9,76.4,70.6,73.8,77.7,82.2,86.4,89.4,91.5,88.7,85.4,81.6,77.4,73.3,79.0,80.9,83.0,84.0,83.4,81.4,79.4,78.3,16.3,12.6,11.6,13.9,18.2,22.2,22.8,20.5,19.0,16.4,14.8,14.3,15.8,18.6,22.0,22.9,22.7,22.5,21.8,20.7,18.9,19.9,19.5,17.8,15.9,14.8,15.3,17.0,24.5,20.4,19.2,21.5,26.1,30.2,31.4,29.3,24.4,22.0,20.8,21.0,22.7,25.1,28.5,29.9,30.3,29.9,28.6,27.0,27.2,28.3,27.8,25.8,23.7,22.5,23.1,25.0,355.0,356.4,358.1,359.1,358.8,357.7,355.7,354.7,356.5,355.1,354.7,355.4,357.6,360.1,362.2,359.4,356.3,354.4,353.8,354.6,356.6,357.1,357.9,358.5,358.6,358.1,357.4,356.7,397.7,399.1,401.1,402.7,402.9,401.5,399.5,398.0,397.8,397.5,397.8,399.0,401.4,404.4,407.4,403.8,400.5,397.8,396.6,396.9,399.9,400.6,401.6,402.3,402.2,401.5,400.5,399.8,67.0,64.2,498.1,-0.023,0.098,0.038,627.1,630.0,634.3,637.4,644.8,660.2,682.3,711.8,748.7,788.1,823.3,851.7,866.9,872.0,873.9,875.6,875.2,653.7,671.2,695.0,719.2,741.4,784.6,803.5,823.8,842.9,856.2,766.4,765.9,765.9,766.0,737.2,750.5,762.8,774.9,785.8,680.7,695.7,713.6,726.8,710.8,693.2,794.9,809.9,827.3,839.4,827.2,810.2,708.6,728.3,748.4,760.2,773.0,790.0,805.0,788.5,770.9,757.0,744.2,725.3,716.2,747.9,759.7,772.8,795.9,772.3,758.8,746.7,400.5,434.2,466.7,498.2,529.1,556.6,579.5,601.4,610.1,605.8,586.0,561.0,531.8,500.8,472.7,446.3,420.4,375.6,360.4,356.4,362.7,376.1,380.9,373.3,371.7,373.4,385.9,409.3,427.7,445.4,464.1,482.1,486.7,490.8,488.7,485.3,406.0,397.3,399.4,413.1,416.0,413.8,417.9,407.2,408.2,418.7,423.6,423.1,523.5,509.5,504.9,508.9,506.2,513.4,527.9,544.3,551.0,551.5,550.2,542.2,522.8,519.2,520.3,520.1,527.2,535.1,536.0,534.7,0.00,0.00,1.15,0.00,0.27,0.14,0.00,0.63,1.35,0.33,0.00,0.00,0.00,0.00,1.36,1.16,0.00,0.00,0.00,0.00,0.00,0.00,0.00,1.00,0.00,0.00,1.00,0.00,0.00,0.00,0.00,1.00,1.00,0.00,0.00
224,0,7.433,0.98,1,-0.011999,-0.071336,-0.997380,-0.104989,0.107027,-0.988697,-0.059,0.018,693.2,697.9,707.2,715.5,718.1,713.7,704.1,695.7,675.6,684.3,695.2,707.7,717.3,722.7,725.7,720.8,713.8,704.7,694.6,684.6,700.4,704.2,708.5,710.7,709.5,705.6,701.4,699.2,806.0,810.0,818.7,826.9,829.9,825.9,817.2,808.0,794.6,801.8,810.3,820.0,828.1,833.4,836.4,832.2,826.5,819.2,810.3,801.0,812.8,816.7,820.8,822.7,821.3,817.4,813.3,811.4,400.1,390.9,388.2,393.7,404.1,414.2,416.0,410.5,406.1,400.0,396.2,394.8,398.2,404.4,412.6,415.1,415.4,415.2,413.6,410.8,406.2,408.7,407.5,403.2,398.4,395.9,397.2,401.4,413.2,403.9,400.9,406.0,416.0,425.3,428.3,424.0,413.0,407.9,405.3,405.5,409.1,413.8,420.4,424.2,425.6,425.3,422.6,419.0,418.9,421.3,419.9,415.6,410.8,408.4,409.8,414.2,21.8,23.9,27.8,31.3,32.4,30.5,26.4,22.9,14.7,18.2,22.6,27.8,31.9,34.4,35.9,33.6,30.4,26.6,22.4,18.3,24.9,26.6,28.4,29.3,28.8,27.2,25.4,24.4,74.1,76.1,80.5,84.5,85.9,83.8,79.5,75.1,69.0,72.2,76.0,80.6,84.8,87.8,89.9,87.2,83.9,80.0,75.8,71.7,77.6,79.5,81.5,82.5,81.9,80.0,77.9,76.9,16.5,12.7,11.7,14.0,18.3,22.5,23.1,20.8,19.0,16.4,14.8,14.3,15.8,18.5,22.0,22.9,22.9,22.7,22.0,20.8,19.1,20.1,19.7,17.9,15.9,14.9,15.4,17.1,23.7,19.7,18.4,20.8,25.4,29.4,30.6,28.6,23.7,21.4,20.2,20.4,22.1,24.4,27.7,29.1,29.5,29.1,27.9,26.3,26.5,27.6,27.0,25.1,22.9,21.8,22.4,24.3,359.3,360.4,361.9,363.1,363.2,362.4,360.5,359.4,360.9,359.4,358.7,359.3,361.6,364.1,366.5,363.8,360.8,359.0,358.4,359.2,361.1,361.6,362.4,362.9,362.8,362.3,361.6,361.1,390.6,391.9,394.1,395.8,395.9,394.6,392.4,390.8,390.6,390.3,390.6,391.9,394.4,397.4,400.4,396.9,393.4,390.8,389.5,389.8,392.8,393.6,394.6,395.3,395.2,394.4,393.4,392.7,66.9,63.9,496.4,-0.023,0.097,0.035,627.1,630.1,634.7,637.8,645.0,660.2,682.5,712.2,749.5,789.2,824.3,852.5,867.4,872.4,874.2,875.8,875.2,653.7,670.9,694.8,719.2,741.4,784.3,803.2,823.7,842.8,856.0,766.5,766.2,766.2,766.4,737.5,750.9,763.3,775.5,786.3,681.0,695.9,713.7,727.1,711.1,693.5,794.6,809.6,827.0,839.0,826.9,810.0,709.2,728.6,748.6,760.6,773.6,790.6,805.3,789.2,771.7,757.4,744.4,725.6,716.8,748.0,760.2,773.5,796.3,773.0,759.2,746.8,400.6,434.2,466.7,498.1,529.0,556.3,579.4,601.3,610.2,605.9,586.2,561.0,531.7,500.5,472.3,445.6,419.5,375.4,360.0,355.8,362.1,375.6,380.2,372.5,370.7,372.6,385.2,409.0,427.5,445.4,464.2,482.0,486.6,490.8,488.6,485.2,405.6,396.9,399.0,412.7,415.5,413.5,417.4,406.6,407.6,418.0,423.0,422.5,523.7,509.4,504.8,508.9,506.2,513.4,528.1,544.5,551.2,551.8,550.4,542.3,522.9,518.9,520.1,520.0,527.3,535.5,536.5,535.0,0.00,0.00,1.23,0.00,0.25,0.13,0.00,0.63,1.41,0.35,0.00,0.00,0.00,0.00,1.39,1.13,0.00,0.00,0.00,0.00,0.00,0.00,0.00,1.00,0.00,0.00,1.00,0.00,0.00,0.00,0.00,1.00,1.00,0.00,0.00
225,0,7.467,0.98,1,-0.030610,-0.064998,-0.997416,-0.106371,0.115214,-0.987629,-0.069,0.025,693.0,697.4,706.6,715.1,717.9,713.8,704.4,695.9,675.7,684.6,695.4,707.7,717.1,722.5,725.7,720.9,714.1,705.2,695.1,685.0,700.2,704.2,708.5,710.6,709.2,705.2,700.9,698.8,806.1,810.1,818.8,827.0,830.0,826.0,817.3,808.1,794.5,802.0,810.7,820.4,828.4,833.5,836.2,832.2,826.7,819.4,810.5,801.1,812.9,816.7,820.8,822.8,821.4,817.5,813.4,811.5,399.8,390.6,387.8,393.2,403.6,413.8,415.7,410.2,405.9,399.7,395.8,394.3,397.8,404.0,412.3,415.1,415.5,415.4,413.6,410.7,406.1,408.7,407.4,403.0,398.1,395.5,396.8,401.2,412.8,403.4,400.3,405.3,415.6,425.0,428.1,423.7,412.7,407.5,404.9,405.1,408.5,413.3,419.9,423.7,425.2,424.8,422.2,418.6,418.6,421.0,419.6,415.1,410.3,407.9,409.3,413.7,21.6,23.5,27.4,31.0,32.2,30.4,26.4,22.8,14.6,18.2,22.6,27.7,31.7,34.2,35.7,33.4,30.4,26.6,22.4,18.4,24.7,26.4,28.2,29.1,28.6,26.9,25.0,24.1,73.0,75.0,79.3,83.3,84.7,82.6,78.3,73.9,67.8,71.1,75.0,79.6,83.6,86.6,88.5,85.9,82.7,78.9,74.7,70.6,76.4,78.3,80.3,81.3,80.7,78.8,76.7,75.7,16.3,12.5,11.5,13.7,18.0,22.2,22.8,20.5,18.8,16.2,14.6,14.0,15.5,18.2,21.8,22.8,22.7,22.6,21.8,20.7,18.9,20.0,19.5,17.7,15.7,14.6,15.1,16.9,23.2,19.1,17.9,20.2,24.8,28.9,30.1,28.0,23.1,20.8,19.7,19.9,21.5,23.8,27.0,28.5,28.9,28.5,27.3,25.7,25.9,27.0,26.5,24.5,22.4,21.2,21.8,23.7,357.3,358.6,360.4,361.5,361.3,360.3,358.3,357.2,358.5,357.2,356.8,357.6,359.8,362.3,364.4,361.6,358.6,356.7,356.0,356.7,359.0,359.6,360.4,361.0,361.1,360.5,359.7,359.1,384.3,385.7,388.0,389.8,390.1,388.7,386.4,384.7,384.2,384.0,384.4,385.8,388.5,391.6,394.8,391.1,387.6,384.8,383.4,383.5,386.7,387.6,388.6,389.3,389.1,388.3,387.2,386.6,66.9,63.9,495.3,-0.009,0.102,0.031,627.5,630.2,634.6,637.9,645.6,661.3,683.8,713.5,750.5,790.0,825.0,853.2,868.0,872.8,874.6,876.0,875.2,654.1,671.1,695.0,719.3,741.5,784.1,802.9,823.4,842.5,855.5,766.4,766.0,766.0,766.1,737.4,750.8,763.1,775.3,786.2,681.3,696.0,713.8,727.1,711.2,693.6,794.8,809.7,827.1,839.1,827.0,810.1,709.1,728.8,748.5,760.6,773.7,790.8,805.9,789.4,771.9,757.7,744.7,726.1,716.6,748.0,760.2,773.7,796.9,773.2,759.5,747.1,400.6,434.0,466.4,498.0,528.8,556.3,579.5,601.5,610.0,605.5,585.2,559.9,530.7,499.9,471.8,445.2,419.1,375.2,359.7,355.5,361.9,375.5,380.1,372.1,370.4,372.5,385.5,408.8,428.1,446.6,466.1,483.6,488.3,492.6,490.4,486.9,405.3,396.6,398.7,412.5,415.4,413.3,417.0,406.2,407.1,417.6,422.7,422.2,524.3,511.6,507.6,511.7,508.8,515.3,528.5,544.2,550.7,551.4,550.0,542.2,523.7,521.6,522.9,522.5,527.9,535.0,536.0,534.5,0.00,0.00,1.23,0.00,0.24,0.13,0.00,0.54,1.43,0.40,0.00,0.03,0.00,0.00,1.28,1.12,0.00,0.00,0.00,0.00,0.00,0.00,0.00,1.00,0.00,0.00,1.00,0.00,0.00,0.00,0.00,1.00,1.00,0.00,0.00
226,0,7.500,0.98,1,-0.042229,-0.067687,-0.996813,-0.106358,0.111552,-0.988051,-0.075,0.022,692.4,697.0,706.3,714.9,717.7,713.5,703.8,695.2,675.0,684.0,695.2,707.6,717.2,722.6,725.8,721.0,714.0,705.0,694.7,684.3,699.8,703.8,708.2,710.3,708.9,704.9,700.5,698.4,805.9,809.9,818.6,826.9,829.9,825.9,817.2,808.0,794.2,801.6,810.4,820.1,828.2,833.4,836.3,832.2,826.5,819.2,810.2,800.8,812.8,816.7,820.7,822.6,821.2,817.3,813.2,811.4,399.8,390.5,387.7,393.2,403.6,413.9,415.7,410.3,405.9,399.7,395.7,394.3,397.8,404.1,412.2,415.2,415.6,415.5,413.9,411.0,406.0,408.6,407.3,402.9,398.0,395.5,396.8,401.1,412.6,403.3,400.2,405.2,415.3,424.7,427.8,423.5,412.5,407.4,404.7,404.9,408.4,413.1,419.7,423.5,424.9,424.5,421.9,418.4,418.3,420.7,419.2,414.9,410.1,407.7,409.2,413.6,21.2,23.1,27.0,30.6,31.7,29.9,25.9,22.3,14.2,17.8,22.3,27.3,31.4,33.9,35.4,33.2,30.1,26.2,22.0,17.9,24.3,25.9,27.8,28.7,28.1,26.4,24.6,23.7,73.1,75.2,79.5,83.5,84.9,82.9,78.5,74.1,68.0,71.2,75.2,79.7,83.9,86.9,88.9,86.2,82.9,79.1,74.9,70.8,76.7,78.5,80.6,81.5,80.9,79.0,77.0,76.0,16.1,12.4,11.3,13.5,17.8,21.9,22.6,20.3,18.6,16.0,14.4,13.9,15.4,18.1,21.5,22.6,22.6,22.4,21.7,20.6,18.7,19.7,19.3,17.5,15.5,14.4,14.9,16.7,23.2,19.1,17.9,20.2,24.7,28.8,30.1,28.0,23.2,20.9,19.7,19.9,21.5,23.8,27.0,28.5,28.9,28.5,27.2,25.7,25.9,27.0,26.4,24.5,22.4,21.3,21.8,23.8,353.4,354.7,356.3,357.4,357.3,356.4,354.5,353.4,355.0,353.6,353.1,353.8,356.1,358.7,361.0,358.2,355.2,353.3,352.6,353.2,355.2,355.7,356.4,357.0,357.0,356.5,355.8,355.2,385.8,387.2,389.4,391.1,391.4,390.1,387.9,386.2,385.9,385.6,386.0,387.3,389.9,393.0,396.2,392.5,389.0,386.3,385.0,385.1,388.2,389.0,390.0,390.7,390.6,389.7,388.7,388.1,66.7,63.7,494.1,-0.010,0.104,0.029,627.5,630.3,634.7,638.0,645.6,661.3,684.0,713.8,751.1,790.9,826.0,854.2,868.7,873.2,874.8,876.1,875.1,654.0,671.1,695.0,719.3,741.5,783.8,802.7,823.2,842.3,855.4,766.3,765.9,766.0,766.1,737.4,750.8,763.2,775.3,786.2,681.1,695.8,713.6,727.0,711.1,693.4,794.5,809.5,826.9,839.0,826.9,809.9,709.2,728.8,748.5,760.6,773.7,790.7,806.0,789.4,771.9,757.7,744.7,726.2,716.7,748.0,760.2,773.6,796.9,773.2,759.5,747.1,400.6,434.0,466.4,498.1,528.9,556.4,579.5,601.4,609.8,605.2,584.8,559.3,530.0,499.3,471.5,445.1,419.2,375.0,359.7,355.4,361.8,375.5,380.0,371.9,370.2,372.3,385.2,408.7,428.0,446.6,466.2,483.7,488.4,492.6,490.4,486.9,405.3,396.5,398.6,412.5,415.4,413.4,416.9,406.0,406.9,417.4,422.5,422.1,524.4,511.7,507.5,511.6,508.7,515.3,528.4,544.0,550.5,551.1,549.8,542.1,523.8,521.6,522.9,522.4,527.8,534.6,535.7,534.2,0.00,0.00,1.17,0.00,0.23,0.14,0.00,0.40,1.44,0.48,0.00,0.08,0.00,0.00,1.16,0.99,0.00,0.00,0.00,0.00,0.00,0.00,0.00,1.00,0.00,0.00,1.00,0.00,0.00,0.00,1.00,1.00,0.00,0.00,0.00
227,0,7.533,0.98,1,-0.042210,-0.059396,-0.997342,-0.119403,0.110881,-0.986635,-0.081,0.026,692.4,697.1,706.4,714.9,717.6,713.2,703.5,695.0,674.9,684.0,695.1,707.6,717.2,722.6,725.7,721.0,713.9,704.8,694.5,684.2,699.6,703.6,708.0,710.2,708.9,704.9,700.6,698.4,806.2,810.2,818.8,827.0,829.9,825.9,817.3,808.3,795.6,802.5,810.8,820.3,828.3,833.5,836.4,832.2,826.6,819.5,810.8,801.9,813.0,816.9,821.0,822.9,821.5,817.6,813.5,811.6,399.6,390.3,387.7,393.2,403.6,413.8,415.5,410.0,405.6,399.5,395.6,394.2,397.7,403.9,411.9,414.9,415.4,415.3,413.6,410.7,405.8,408.4,407.1,402.8,397.9,395.4,396.6,400.9,412.2,403.1,400.2,405.0,414.8,423.9,426.8,422.6,412.4,407.0,404.3,404.5,407.9,412.6,419.3,423.0,424.3,424.0,421.5,418.0,417.8,420.1,418.7,414.4,409.7,407.4,408.8,413.1,21.2,23.2,27.1,30.7,31.8,29.9,25.8,22.3,14.2,17.8,22.3,27.4,31.5,34.0,35.5,33.3,30.1,26.3,22.0,17.9,24.3,26.0,27.8,28.7,28.2,26.5,24.7,23.8,76.2,78.3,82.7,86.8,88.2,86.1,81.7,77.2,71.4,74.5,78.3,82.9,87.1,90.2,92.2,89.5,86.2,82.4,78.1,74.1,79.8,81.7,83.8,84.8,84.2,82.2,80.1,79.1,16.0,12.3,11.3,13.6,17.9,22.0,22.6,20.3,18.6,16.0,14.4,13.9,15.4,18.1,21.5,22.6,22.6,22.4,21.7,20.5,18.7,19.7,19.3,17.5,15.5,14.5,14.9,16.7,23.9,19.8,18.6,20.9,25.5,29.6,30.8,28.7,24.0,21.6,20.3,20.5,22.2,24.5,27.8,29.3,29.7,29.4,28.1,26.6,26.6,27.8,27.2,25.2,23.0,21.9,22.5,24.5,354.8,355.9,357.5,358.6,358.5,357.7,355.8,354.7,356.5,355.0,354.4,355.0,357.3,359.9,362.3,359.5,356.5,354.6,353.9,354.6,356.5,357.0,357.7,358.3,358.3,357.8,357.1,356.5,401.2,402.6,404.6,406.2,406.4,405.1,403.0,401.5,401.4,401.1,401.3,402.5,404.9,407.9,410.8,407.4,404.1,401.5,400.3,400.6,403.4,404.2,405.1,405.8,405.7,405.0,404.0,403.4,67.0,63.9,496.6,-0.005,0.111,0.026,627.5,630.5,635.0,638.3,646.0,661.6,684.1,713.7,751.0,791.0,826.5,854.8,869.2,873.3,874.6,876.0,875.3,653.9,671.0,694.9,719.2,741.5,783.9,802.6,822.8,841.9,854.9,766.3,765.7,765.5,765.4,737.1,750.5,762.7,774.8,785.6,681.2,695.7,713.5,726.6,710.9,693.3,795.1,809.9,827.3,839.2,827.2,810.3,709.1,728.6,748.1,760.0,772.9,789.8,805.2,788.5,771.0,757.0,744.2,725.9,716.6,747.6,759.6,772.8,796.1,772.4,758.9,746.7,400.8,434.3,466.6,498.3,529.1,556.7,579.6,601.4,609.5,604.6,583.9,558.2,528.8,498.2,470.6,444.5,418.8,375.3,359.7,355.3,361.7,375.3,379.7,371.8,370.1,372.0,384.8,408.3,427.8,446.6,466.4,483.5,488.3,492.6,490.4,486.8,405.2,396.3,398.4,412.1,415.2,413.1,416.4,405.6,406.5,417.1,422.1,421.7,524.3,511.6,507.5,511.5,508.6,515.0,528.2,543.6,549.9,550.6,549.3,542.0,523.7,521.6,522.7,522.3,527.7,534.3,535.4,534.0,0.00,0.00,1.22,0.00,0.24,0.01,0.00,0.41,1.36,0.50,0.00,0.15,0.00,0.00,1.10,0.95,0.00,0.00,0.00,0.00,0.00,0.00,0.00,1.00,0.00,0.00,1.00,0.00,0.00,0.00,1.00,1.00,0.00,0.00,0.00
228,0,7.567,0.98,1,-0.033232,-0.065186,-0.997320,-0.126303,0.108129,-0.986081,-0.080,0.022,691.7,696.4,705.8,714.4,717.2,712.9,703.1,694.4,674.1,682.9,693.9,706.9,717.0,722.6,725.7,720.5,712.9,703.3,693.0,683.0,699.2,703.2,707.6,709.8,708.5,704.4,700.1,697.9,805.9,809.8,818.3,826.4,829.4,825.4,816.9,808.0,795.5,802.3,810.4,819.8,827.8,833.0,835.9,831.7,826.1,819.1,810.5,801.7,812.6,816.5,820.6,822.5,821.1,817.2,813.1,811.2,399.3,390.0,387.3,392.8,403.1,413.3,415.0,409.6,405.7,399.3,395.5,394.0,397.6,403.7,411.5,414.4,414.8,414.6,413.1,410.4,405.4,407.9,406.7,402.4,397.6,395.1,396.3,400.6,411.7,402.8,399.9,404.7,414.3,423.2,426.2,422.1,411.9,406.6,404.0,404.1,407.5,412.2,418.8,422.4,423.8,423.5,421.0,417.5,417.3,419.6,418.2,413.9,409.3,406.9,408.3,412.6,20.9,22.9,26.9,30.4,31.6,29.7,25.6,22.0,13.9,17.4,21.8,27.1,31.4,33.9,35.4,33.0,29.6,25.6,21.4,17.4,24.1,25.7,27.6,28.5,28.0,26.3,24.5,23.6,77.0,79.1,83.5,87.6,89.0,86.9,82.5,78.0,72.3,75.3,79.2,83.8,88.0,91.1,93.1,90.4,87.0,83.2,79.0,75.0,80.6,82.6,84.7,85.7,85.0,83.1,80.9,79.9,15.9,12.2,11.2,13.4,17.6,21.7,22.3,20.1,18.6,15.9,14.3,13.8,15.3,17.9,21.2,22.3,22.2,22.1,21.4,20.4,18.5,19.5,19.0,17.3,15.4,14.3,14.8,16.5,24.0,20.0,18.7,21.0,25.5,29.6,30.9,28.8,24.1,21.7,20.4,20.6,22.3,24.6,27.9,29.4,29.8,29.5,28.3,26.7,26.7,27.9,27.3,25.3,23.1,22.0,22.6,24.6,354.5,355.6,357.0,357.9,357.8,356.9,355.2,354.4,356.6,354.8,354.0,354.4,356.5,359.0,361.2,358.5,355.5,353.9,353.6,354.5,356.0,356.4,357.1,357.6,357.7,357.3,356.6,356.1,406.4,407.7,409.7,411.2,411.4,410.1,408.0,406.6,406.6,406.2,406.4,407.6,410.0,412.9,415.8,412.4,409.1,406.6,405.4,405.7,408.5,409.2,410.2,410.8,410.8,410.0,409.1,408.4,66.8,63.7,497.6,-0.010,0.117,0.024,627.2,630.4,635.0,638.4,645.9,661.2,683.4,713.1,750.9,791.7,827.8,856.2,870.0,873.2,873.9,875.2,874.4,653.5,670.5,694.4,718.7,741.0,783.3,802.1,822.5,841.5,854.4,765.6,764.9,764.6,764.4,736.6,749.8,761.9,773.8,784.5,680.4,694.9,712.7,725.8,710.1,692.6,794.7,809.5,826.9,838.9,826.8,809.9,709.4,728.3,747.5,759.2,771.7,788.7,804.0,787.5,770.0,756.4,743.8,725.7,716.8,747.2,758.9,771.7,794.7,771.4,758.2,746.3,400.8,434.3,466.6,498.1,528.6,555.9,578.5,600.1,608.2,603.2,582.5,556.7,527.2,496.6,469.5,443.9,418.6,374.9,359.3,355.0,361.4,375.2,379.5,371.4,369.6,371.5,384.4,407.8,427.1,445.7,465.2,482.6,487.3,491.5,489.3,485.8,404.9,396.0,398.0,411.7,414.8,412.8,415.9,405.2,406.2,416.7,421.7,421.2,524.4,510.7,506.3,510.2,507.3,514.0,528.1,543.4,549.7,550.4,549.3,542.0,523.5,520.7,521.7,521.3,527.3,533.8,534.8,533.6,0.00,0.00,1.27,0.00,0.22,0.08,0.00,0.42,1.32,0.56,0.00,0.14,0.00,0.00,1.04,0.81,0.00,0.00,0.00,0.00,0.00,0.00,0.00,1.00,0.00,0.00,1.00,0.00,0.00,0.00,1.00,1.00,0.00,0.00,0.00
229,0,7.600,0.98,1,-0.012004,-0.062457,-0.997975,-0.142581,0.100748,-0.984642,-0.078,0.019,691.2,695.9,705.5,714.4,717.3,713.1,703.0,694.1,673.8,682.1,692.9,705.8,716.3,722.4,726.1,720.4,712.2,702.4,692.0,682.2,698.8,703.2,708.0,710.3,708.8,704.4,699.6,697.3,804.5,808.6,817.2,825.3,828.1,824.0,815.4,806.4,794.8,801.3,809.3,818.7,826.8,832.3,835.5,830.9,824.9,817.7,809.2,800.7,811.3,815.2,819.4,821.4,820.0,816.1,812.0,810.0,399.3,390.1,387.2,392.4,402.7,412.8,414.7,409.5,405.7,399.3,395.3,393.8,397.4,403.6,411.3,414.1,414.4,414.3,412.9,410.4,405.5,408.1,406.7,402.1,397.0,394.5,395.9,400.5,410.7,402.1,399.3,404.1,413.5,422.2,425.0,420.8,411.0,405.9,403.4,403.6,407.0,411.7,418.2,421.7,422.9,422.5,420.0,416.6,416.2,418.5,417.2,413.1,408.5,406.2,407.5,411.7,20.7,22.7,26.7,30.4,31.5,29.8,25.6,21.9,13.8,17.1,21.4,26.6,31.0,33.7,35.5,32.9,29.3,25.2,21.0,17.1,23.9,25.7,27.7,28.7,28.1,26.3,24.3,23.3,78.0,80.2,84.7,88.8,90.1,87.9,83.4,79.0,73.5,76.5,80.3,84.9,89.2,92.4,94.6,91.7,88.2,84.2,80.0,76.1,81.6,83.6,85.8,86.8,86.2,84.2,82.1,81.0,15.9,12.2,11.1,13.2,17.4,21.5,22.2,20.1,18.7,16.0,14.3,13.7,15.2,17.8,21.1,22.1,22.1,22.0,21.4,20.4,18.5,19.6,19.0,17.2,15.1,14.1,14.6,16.5,24.1,20.0,18.8,21.1,25.6,29.7,30.9,28.9,24.2,21.8,20.6,20.7,22.5,24.8,28.2,29.6,30.0,29.6,28.4,26.8,26.8,27.9,27.4,25.4,23.2,22.1,22.7,24.6,354.6,355.5,356.6,357.2,357.0,356.3,354.9,354.3,357.6,355.5,354.2,354.1,355.8,358.1,360.2,357.7,355.2,353.9,353.9,355.2,355.8,356.1,356.7,357.1,357.2,356.9,356.4,355.9,415.1,416.3,418.0,419.2,419.2,418.0,416.3,415.2,415.5,415.0,414.9,415.7,417.9,420.6,423.5,420.2,417.1,414.8,413.9,414.5,416.9,417.5,418.3,418.9,418.9,418.3,417.5,417.0,66.2,63.2,495.5,-0.008,0.121,0.016,626.1,629.6,634.5,638.2,646.1,661.3,683.9,713.8,752.2,793.5,829.8,857.9,870.8,873.0,873.2,874.2,873.2,652.7,669.4,693.0,717.3,739.7,781.9,800.5,820.9,839.9,852.6,764.6,763.8,763.4,763.2,735.6,748.9,761.2,773.2,784.0,679.8,694.2,712.0,725.2,709.6,692.0,793.7,808.5,825.9,838.0,825.8,808.9,709.3,728.0,747.1,758.7,771.0,788.1,803.8,787.2,769.8,756.3,743.9,725.8,716.6,747.0,758.5,771.2,794.4,771.1,758.0,746.3,401.2,434.8,467.0,498.6,529.0,556.3,578.7,599.8,607.5,602.1,581.0,554.9,525.0,494.6,467.9,442.6,417.7,375.1,359.2,354.4,360.8,374.6,378.7,370.6,368.7,370.7,383.8,407.1,426.8,445.6,465.4,482.6,487.2,491.5,489.2,485.4,404.8,395.9,397.8,411.3,414.5,412.6,415.2,404.6,405.5,415.9,420.9,420.5,524.5,510.9,506.3,510.2,507.1,513.7,527.5,542.8,549.2,550.0,549.0,542.1,523.6,520.7,521.6,521.1,526.9,533.3,534.4,533.3,0.00,0.00,1.31,0.00,0.25,0.30,0.00,0.51,1.31,0.61,0.00,0.18,0.00,0.00,0.91,0.74,0.00,0.00,0.00,0.00,0.00,0.00,0.00,1.00,0.00,0.00,1.00,0.00,0.00,0.00,1.00,1.00,0.00,0.00,0.00
230,0,7.633,0.98,1,0.006007,-0.062279,-0.998041,-0.146613,0.111810,-0.982855,-0.071,0.025,689.9,694.8,704.8,714.0,716.9,712.6,702.0,692.8,674.4,681.0,690.7,703.5,715.1,722.3,726.7,719.3,709.6,698.9,689.1,680.7,698.0,702.7,707.9,710.4,708.9,704.1,699.0,696.4,803.1,807.1,815.6,823.7,826.6,822.7,814.2,805.2,793.8,800.2,808.0,817.2,825.1,830.3,833.5,829.2,823.5,816.7,808.3,799.8,809.9,813.8,818.0,819.9,818.5,814.6,810.4,808.5,399.5,390.2,387.1,392.0,402.2,412.4,414.7,409.7,405.9,399.1,395.0,393.6,397.4,403.5,411.1,414.0,414.2,414.0,412.7,410.3,405.7,408.3,406.7,401.9,396.6,394.1,395.7,400.5,410.2,401.5,398.6,403.3,412.7,421.4,424.3,420.2,410.4,405.2,402.7,402.9,406.1,410.5,416.9,420.6,422.1,421.9,419.5,416.0,415.6,417.9,416.5,412.4,407.8,405.5,406.9,411.1,20.0,22.1,26.1,29.8,30.9,29.1,24.9,21.2,14.0,16.6,20.4,25.4,30.1,33.1,35.0,31.9,27.8,23.6,19.7,16.4,23.3,25.2,27.3,28.3,27.8,25.9,23.8,22.7,78.2,80.4,84.8,89.0,90.4,88.2,83.8,79.3,73.8,76.8,80.5,85.1,89.4,92.5,94.7,91.9,88.5,84.7,80.5,76.5,81.9,83.9,86.0,87.1,86.4,84.4,82.2,81.2,15.9,12.1,10.9,12.9,16.9,21.0,21.9,19.9,18.7,15.8,14.1,13.4,15.0,17.5,20.6,21.7,21.7,21.6,21.2,20.3,18.4,19.4,18.8,16.9,14.8,13.7,14.4,16.3,24.1,20.0,18.7,21.0,25.6,29.7,30.9,28.9,24.2,21.7,20.5,20.6,22.3,24.5,27.8,29.4,29.9,29.7,28.5,26.8,26.8,27.9,27.3,25.3,23.1,22.0,22.6,24.6,351.7,352.2,352.3,352.0,351.4,351.2,350.8,351.1,356.8,353.8,351.5,350.0,350.5,352.0,353.5,351.7,350.2,350.2,351.4,353.6,352.1,352.0,352.0,352.3,352.6,352.7,352.7,352.4,419.6,420.9,422.7,424.0,424.0,422.7,420.9,419.7,419.8,419.4,419.5,420.5,422.6,425.3,428.2,425.0,421.8,419.4,418.4,418.9,421.5,422.1,423.0,423.7,423.7,423.1,422.2,421.5,65.8,62.9,495.2,-0.002,0.124,0.004,625.0,628.7,633.7,637.6,645.8,661.3,684.0,714.1,753.1,795.0,831.7,859.8,872.2,873.7,873.1,873.6,872.0,651.4,667.8,691.0,715.0,737.3,781.1,799.6,819.8,838.5,850.7,763.4,762.7,762.4,762.3,734.8,748.3,760.7,772.7,783.6,678.7,692.9,710.6,723.9,708.3,690.7,792.4,807.0,824.5,836.6,824.5,807.6,708.2,726.9,746.2,758.2,771.0,788.5,804.6,787.9,770.1,756.2,743.4,725.0,715.5,746.3,758.2,771.4,795.1,771.4,757.9,745.8,401.3,435.0,467.5,499.2,529.6,556.8,579.0,600.0,607.3,601.4,579.4,552.4,522.1,491.6,465.1,440.1,415.5,375.0,359.1,354.1,360.3,373.7,377.8,369.6,367.8,369.7,382.9,406.7,426.5,445.4,465.3,482.9,487.4,491.6,489.2,485.3,404.9,395.7,397.5,411.2,414.5,412.7,414.6,403.8,404.5,414.9,420.0,419.7,524.7,510.9,506.3,510.1,506.9,513.2,526.8,542.2,548.9,549.8,548.8,542.0,523.7,521.1,521.9,521.2,526.3,532.7,534.0,532.9,0.00,0.00,1.28,0.00,0.25,0.67,0.00,0.64,1.40,0.76,0.06,0.23,0.00,0.00,0.88,0.71,0.00,0.00,0.00,0.00,0.00,0.00,0.00,1.00,0.00,0.00,1.00,0.00,0.00,0.00,0.00,1.00,0.00,0.00,0.00
231,0,7.667,0.98,1,-0.033249,-0.053421,-0.998018,-0.129805,0.109803,-0.985441,-0.082,0.028,688.8,693.5,703.2,712.3,715.5,711.5,701.1,692.0,673.7,680.7,690.5,703.0,714.2,721.2,725.7,718.9,709.8,699.8,689.8,680.9,696.8,701.6,706.7,709.1,707.4,702.6,697.5,695.1,802.8,806.6,815.0,823.0,826.1,822.3,813.9,805.0,793.1,799.4,807.2,816.4,824.2,829.5,832.6,828.4,822.8,815.9,807.6,799.1,809.6,813.5,817.5,819.4,817.9,814.0,810.0,808.1,399.8,390.4,387.1,391.9,401.9,412.1,414.5,409.8,406.0,399.3,395.0,393.3,396.7,402.6,410.5,413.6,414.3,414.4,413.2,410.7,405.8,408.3,406.5,401.6,396.3,393.8,395.6,400.5,409.2,400.5,397.5,402.0,411.4,420.1,423.1,419.2,409.7,404.5,401.8,401.9,405.0,409.2,415.4,419.1,420.7,420.6,418.4,415.1,414.5,416.7,415.3,411.1,406.5,404.3,405.8,410.0,20.0,21.9,25.9,29.6,30.9,29.2,24.9,21.2,14.0,16.7,20.6,25.6,30.2,33.3,35.3,32.3,28.5,24.3,20.3,16.8,23.2,25.2,27.3,28.3,27.6,25.7,23.6,22.6,78.4,80.5,84.9,89.1,90.6,88.5,84.0,79.5,73.8,76.7,80.5,85.1,89.3,92.5,94.7,91.9,88.5,84.7,80.5,76.5,82.0,84.1,86.2,87.2,86.5,84.5,82.3,81.3,16.2,12.4,11.1,13.0,17.1,21.3,22.3,20.3,19.0,16.1,14.3,13.5,14.9,17.5,20.8,21.9,22.1,22.2,21.7,20.8,18.7,19.8,19.1,17.0,14.9,13.9,14.6,16.6,23.7,19.6,18.2,20.4,25.0,29.2,30.5,28.5,23.9,21.4,20.1,20.2,21.8,24.0,27.2,28.8,29.4,29.2,28.0,26.5,26.4,27.5,26.8,24.8,22.6,21.5,22.2,24.2,357.5,357.9,358.1,358.1,357.8,357.6,357.2,357.2,362.0,359.1,356.9,355.8,356.7,358.5,360.3,358.4,356.7,356.3,357.0,359.0,358.2,358.2,358.3,358.5,358.7,358.7,358.6,358.4,421.3,422.5,424.4,425.8,425.9,424.7,422.8,421.5,421.5,421.1,421.1,422.1,424.3,427.2,430.1,426.9,423.7,421.3,420.2,420.7,423.3,424.0,424.9,425.5,425.5,424.8,423.9,423.3,65.7,62.7,496.4,-0.000,0.130,-0.005,624.0,627.8,633.0,637.0,645.4,660.9,683.6,714.1,753.6,796.3,833.7,861.9,873.7,874.0,872.5,872.7,871.0,650.8,666.8,689.8,713.6,736.0,780.3,798.5,818.5,836.9,849.0,762.3,761.5,761.2,761.0,734.5,747.9,760.0,771.8,782.4,678.4,692.5,710.2,723.3,708.0,690.5,791.8,806.1,823.6,835.7,823.7,806.9,708.1,726.5,745.7,757.8,770.5,788.3,804.6,788.0,770.1,756.2,743.3,725.0,715.5,745.9,757.9,771.1,794.9,771.1,757.6,745.5,402.3,435.8,468.0,499.6,529.8,556.8,578.9,599.6,606.5,600.1,577.6,550.1,519.6,489.1,463.0,438.5,414.3,375.1,359.2,353.9,360.0,373.4,377.1,368.5,366.5,368.3,381.4,406.0,425.7,444.6,464.4,482.6,486.9,490.9,488.4,484.6,404.9,395.6,397.2,410.7,414.3,412.5,413.5,402.9,403.4,413.8,418.9,418.7,524.9,510.5,505.7,509.4,506.0,512.2,526.0,541.6,548.4,549.5,548.7,542.1,523.7,521.1,521.7,520.9,525.6,531.7,533.0,532.1,0.00,0.00,1.31,0.00,0.36,0.99,0.00,0.86,1.50,0.85,0.23,0.36,0.00,0.00,0.82,0.71,0.00,0.00,0.00,0.00,0.00,0.00,0.00,1.00,0.00,0.00,1.00,0.00,0.00,0.00,0.00,1.00,0.00,0.00,0.00
232,0,7.700,0.98,1,-0.077612,0.006585,-0.996962,-0.091856,0.112653,-0.989379,-0.085,0.060,689.1,693.4,702.3,710.5,713.4,709.8,700.2,691.9,679.8,684.0,691.0,701.1,711.8,719.1,724.1,716.6,707.6,698.5,690.5,684.2,697.3,701.3,705.6,707.6,706.3,702.3,698.1,696.0,804.2,807.7,815.6,823.3,826.3,822.9,815.0,806.5,793.9,799.8,807.1,816.1,823.9,829.1,832.3,828.2,822.8,816.2,808.1,799.8,810.7,814.4,818.2,819.9,818.4,814.7,810.9,809.3,399.0,390.0,387.1,391.9,401.7,411.5,413.7,408.9,401.9,396.6,393.8,393.1,396.5,402.1,410.1,412.1,412.6,412.0,410.0,406.7,404.4,406.7,405.3,401.0,396.3,394.0,395.4,399.7,407.1,398.9,396.1,400.5,409.5,417.7,420.5,416.7,408.0,403.2,400.6,400.7,403.7,407.7,413.8,417.2,418.5,418.4,416.3,413.2,412.3,414.5,413.2,409.2,404.9,402.8,404.1,408.1,21.8,23.6,27.5,31.0,32.3,30.8,26.6,23.0,17.9,19.6,22.5,26.8,31.4,34.8,37.1,33.7,29.7,25.8,22.4,19.7,25.4,27.2,29.0,29.9,29.3,27.6,25.7,24.9,82.2,84.2,88.6,92.8,94.3,92.2,87.8,83.3,77.1,79.9,83.6,88.3,92.6,95.9,98.1,95.3,91.9,88.1,83.9,79.8,85.8,87.8,89.9,90.9,90.2,88.2,86.1,85.1,17.3,13.3,11.9,14.0,18.4,22.7,23.8,21.7,18.9,16.3,14.9,14.5,16.0,18.5,22.1,23.0,23.1,22.9,22.1,20.9,19.7,20.7,20.0,18.1,16.0,15.0,15.7,17.6,23.6,19.5,18.2,20.5,25.0,29.1,30.4,28.4,24.0,21.6,20.3,20.4,22.0,24.2,27.4,29.0,29.4,29.2,28.1,26.6,26.3,27.4,26.8,24.9,22.7,21.6,22.2,24.2,388.5,387.5,386.0,384.9,384.9,386.1,387.4,388.5,393.7,389.9,386.2,383.5,383.1,384.3,386.0,385.4,385.1,385.9,387.9,390.6,388.3,387.8,387.1,386.6,386.6,387.2,387.9,388.3,438.0,439.5,441.6,443.0,442.8,441.3,439.2,437.9,438.2,437.8,437.8,438.7,440.9,443.6,446.5,443.1,440.0,437.5,436.6,437.2,440.0,440.6,441.6,442.3,442.4,441.8,440.8,440.0,66.4,62.8,502.0,0.002,0.135,-0.010,623.2,627.3,632.6,636.5,645.0,660.5,683.0,713.7,753.5,796.7,834.7,863.1,874.5,874.3,872.3,872.3,870.8,650.7,665.9,688.9,713.0,735.7,780.4,798.3,817.8,835.9,847.6,762.2,761.5,761.1,760.8,734.4,747.8,760.0,771.8,782.5,679.1,692.8,710.0,722.4,707.8,691.1,792.8,806.1,823.1,834.8,823.1,807.0,707.8,725.9,745.3,757.7,770.6,788.6,804.8,788.5,770.4,756.3,743.1,724.5,715.4,745.6,757.9,771.3,795.0,771.3,757.6,745.2,402.2,435.9,467.8,499.0,529.1,556.1,578.0,598.9,606.0,599.3,576.4,548.6,517.8,487.3,461.2,436.8,412.8,375.7,358.8,353.2,359.6,373.3,377.1,368.0,365.6,366.6,379.2,404.7,424.4,443.5,463.4,480.7,485.2,489.4,486.6,482.4,403.4,394.7,396.2,408.8,412.3,410.3,411.3,401.7,402.1,411.9,416.6,416.4,524.2,509.0,504.2,507.9,504.5,510.6,525.3,541.0,547.9,549.0,548.2,541.8,523.1,519.9,520.4,519.6,524.9,531.0,532.4,531.6,0.00,0.00,1.46,0.00,0.34,0.96,0.00,0.96,1.52,0.99,0.42,0.45,0.00,0.00,0.82,0.65,0.00,0.00,0.00,0.00,0.00,0.00,0.00,1.00,0.00,0.00,1.00,0.00,0.00,0.00,0.00,1.00,0.00,0.00,0.00
233,0,7.733,0.98,1,-0.042602,-0.044835,-0.998086,-0.087657,0.095832,-0.991530,-0.065,0.026,688.9,693.1,702.1,710.5,713.5,709.9,700.3,691.8,678.3,683.3,690.8,700.3,710.1,717.6,723.2,715.9,707.2,698.6,690.2,683.3,697.0,701.1,705.5,707.6,706.2,702.1,697.7,695.6,804.6,808.0,815.9,823.7,826.8,823.5,815.6,807.0,794.3,800.2,807.7,816.5,824.2,829.3,832.6,828.7,823.5,816.9,808.8,800.3,811.0,814.9,818.8,820.4,818.9,815.1,811.2,809.5,398.4,389.3,386.0,390.4,400.0,409.9,412.4,408.0,401.3,396.3,393.2,392.3,395.3,401.0,408.8,412.7,414.2,414.4,412.2,408.0,403.5,405.7,404.1,399.7,395.0,392.9,394.5,398.9,405.6,397.2,394.4,398.9,407.9,416.3,419.1,415.3,406.8,401.8,399.2,399.1,401.9,405.8,411.7,415.4,417.0,417.0,415.0,412.0,411.0,413.1,411.8,407.7,403.2,401.1,402.4,406.5,21.7,23.5,27.4,31.1,32.3,30.8,26.6,22.9,17.2,19.3,22.4,26.4,30.7,34.1,36.7,33.4,29.5,25.8,22.2,19.3,25.3,27.1,29.0,29.9,29.2,27.5,25.6,24.6,81.3,83.3,87.6,91.8,93.4,91.4,87.0,82.4,76.2,79.1,82.8,87.4,91.7,94.8,97.1,94.4,91.1,87.3,83.1,79.0,84.9,86.9,89.1,90.0,89.3,87.2,85.1,84.1,17.0,13.0,11.5,13.4,17.6,22.0,23.2,21.2,18.5,16.2,14.6,14.2,15.5,18.0,21.5,23.2,23.8,24.0,23.1,21.4,19.3,20.2,19.5,17.5,15.5,14.5,15.3,17.2,22.5,18.4,17.1,19.4,23.9,28.0,29.3,27.3,23.1,20.7,19.4,19.3,20.8,22.9,26.1,27.7,28.3,28.1,27.1,25.6,25.3,26.4,25.8,23.8,21.6,20.5,21.1,23.1,387.7,387.3,386.3,385.4,385.1,385.7,386.4,387.3,392.6,389.1,385.9,383.6,383.5,384.5,386.1,385.3,384.6,385.1,386.7,389.4,387.6,387.2,386.7,386.5,386.7,387.1,387.6,387.8,432.1,433.7,435.9,437.4,437.3,435.7,433.5,432.0,432.2,431.9,432.1,433.2,435.4,438.2,441.1,437.7,434.5,431.9,430.9,431.3,434.1,434.8,435.9,436.7,436.8,436.1,435.0,434.2,66.8,62.4,502.3,-0.003,0.124,-0.016,622.7,627.1,632.7,636.9,645.4,661.1,683.7,714.6,754.5,798.0,835.8,864.1,875.1,874.6,872.4,872.0,869.9,650.9,666.2,689.0,712.8,735.3,781.0,798.3,817.0,834.4,846.0,762.8,762.4,762.3,762.4,736.0,749.3,761.3,773.0,783.4,678.6,692.1,709.4,721.8,707.2,690.4,793.5,806.6,823.7,835.1,823.7,807.6,710.3,728.3,747.3,759.1,771.3,788.7,804.5,788.6,770.9,757.6,745.0,726.9,717.8,747.6,759.3,771.9,795.0,772.0,759.0,747.2,402.6,436.1,467.9,499.0,529.2,556.3,578.0,598.7,605.7,598.9,575.7,547.4,516.2,485.5,459.5,435.0,411.1,375.9,359.0,353.0,358.9,371.8,375.4,366.7,364.4,365.0,377.2,403.3,423.1,442.2,462.2,480.1,484.5,488.5,485.8,481.6,403.5,394.2,395.6,408.3,412.3,410.5,410.2,400.1,400.4,410.6,415.4,415.3,524.4,508.9,504.1,507.6,504.2,510.2,524.9,539.9,546.3,547.4,546.7,540.7,523.1,519.5,519.8,519.1,524.4,530.3,531.6,530.9,0.00,0.00,1.60,0.00,0.35,0.76,0.00,1.03,1.54,1.14,0.55,0.57,0.00,0.00,0.77,0.54,0.00,0.00,0.00,0.00,0.00,0.00,0.00,0.00,0.00,0.00,1.00,0.00,0.00,0.00,0.00,1.00,0.00,0.00,0.00
234,0,7.767,0.98,1,-0.044230,-0.047286,-0.997902,-0.083696,0.095786,-0.991877,-0.064,0.024,688.8,693.0,701.9,710.2,713.2,709.8,700.1,691.8,678.6,683.2,690.4,699.9,709.8,717.5,723.2,715.8,706.9,698.3,690.0,683.3,697.0,701.1,705.4,707.5,706.0,701.9,697.6,695.6,804.6,808.1,816.0,823.8,826.9,823.5,815.6,806.9,794.3,800.2,807.7,816.6,824.3,829.4,832.5,828.7,823.4,816.9,808.8,800.3,811.0,814.9,818.8,820.5,819.0,815.1,811.2,809.5,398.4,389.2,385.8,390.3,400.0,409.9,412.5,408.0,401.5,396.4,393.2,392.2,395.3,401.0,408.9,412.7,414.2,414.4,412.2,408.1,403.6,405.7,404.1,399.6,394.9,392.8,394.4,398.8,405.5,397.1,394.3,398.7,407.9,416.3,419.1,415.3,406.7,401.8,399.2,399.1,401.9,405.8,411.7,415.4,416.9,416.9,414.9,411.9,410.9,413.1,411.8,407.6,403.1,400.9,402.3,406.4,21.4,23.2,27.0,30.6,31.9,30.4,26.3,22.7,17.2,19.1,22.0,26.0,30.3,33.7,36.3,33.0,29.1,25.4,21.9,19.1,25.0,26.8,28.6,29.5,28.9,27.1,25.3,24.4,81.1,83.0,87.4,91.6,93.2,91.1,86.7,82.2,76.0,78.8,82.6,87.2,91.4,94.6,96.8,94.1,90.8,87.1,82.9,78.8,84.6,86.7,88.8,89.8,89.1,87.0,84.9,83.9,16.9,12.8,11.3,13.2,17.4,21.8,23.0,21.1,18.5,16.1,14.5,14.0,15.3,17.8,21.3,23.0,23.6,23.7,22.9,21.2,19.1,20.0,19.3,17.3,15.3,14.3,15.1,17.1,22.4,18.3,17.0,19.3,23.9,28.0,29.2,27.2,23.0,20.5,19.3,19.3,20.8,22.9,26.0,27.6,28.2,28.0,27.0,25.5,25.2,26.3,25.7,23.7,21.5,20.3,21.0,23.0,384.2,383.7,382.5,381.4,381.1,381.8,382.8,383.8,389.4,385.7,382.3,379.8,379.4,380.4,381.8,381.2,380.7,381.4,383.1,386.0,384.0,383.5,382.9,382.6,382.8,383.3,383.9,384.2,430.8,432.4,434.6,436.1,436.1,434.5,432.3,430.8,430.9,430.5,430.7,431.8,434.1,436.9,439.8,436.5,433.3,430.7,429.6,430.0,432.9,433.6,434.7,435.5,435.5,434.8,433.7,432.9,66.7,62.2,501.8,-0.005,0.124,-0.018,622.4,627.1,632.7,636.9,645.4,661.0,683.7,714.7,754.9,798.7,836.7,864.8,875.6,874.7,872.4,871.9,869.8,650.5,665.8,688.9,712.9,735.6,780.4,797.9,816.8,834.4,846.1,762.8,762.3,762.3,762.4,736.0,749.3,761.4,773.2,783.6,678.4,691.9,709.2,721.7,707.1,690.3,793.4,806.6,823.7,835.2,823.7,807.6,710.4,728.4,747.4,759.2,771.5,788.9,804.8,788.9,771.3,757.9,745.3,727.2,717.8,747.7,759.5,772.2,795.2,772.3,759.2,747.4,402.7,436.1,467.9,498.9,529.1,556.2,577.9,598.7,605.6,598.6,575.1,546.7,515.4,484.7,458.9,434.7,411.1,376.0,359.0,352.9,358.8,371.9,375.5,366.8,364.4,364.9,377.1,403.3,423.1,442.1,462.1,480.1,484.5,488.5,485.8,481.4,403.5,394.3,395.7,408.3,412.3,410.5,410.1,400.1,400.4,410.5,415.3,415.2,524.4,508.9,504.0,507.5,504.1,510.0,524.6,539.4,545.8,546.9,546.3,540.5,523.1,519.4,519.8,518.9,524.2,529.7,531.1,530.5,0.00,0.00,1.58,0.00,0.19,0.38,0.00,0.94,1.48,1.31,0.66,0.73,0.00,0.00,0.78,0.37,0.00,0.00,0.00,0.00,0.00,0.00,0.00,0.00,0.00,0.00,1.00,0.00,0.00,0.00,0.00,1.00,0.00,0.00,0.00
235,0,7.800,0.98,1,0.052135,0.039685,-0.997851,-0.062411,0.092668,-0.993739,-0.005,0.066,692.8,697.6,707.4,716.3,719.3,714.6,704.7,695.7,677.5,686.2,696.4,706.3,714.7,720.5,723.2,718.9,712.6,704.3,694.3,684.8,699.5,704.2,709.2,711.7,710.2,705.5,700.4,697.9,805.7,809.0,816.9,824.7,827.8,824.5,816.6,808.0,795.2,800.9,808.2,817.1,824.9,830.2,833.6,829.6,824.2,817.5,809.4,801.1,812.2,816.0,819.7,821.4,819.9,816.1,812.4,810.8,397.5,387.8,385.9,392.9,404.7,415.5,416.3,409.3,400.9,396.2,393.9,393.5,396.2,401.8,409.5,414.0,415.3,415.0,412.3,407.7,405.9,409.6,408.5,403.3,397.2,393.6,394.6,399.8,404.5,396.4,393.7,398.1,407.0,415.2,417.8,414.1,406.4,401.2,398.3,397.9,400.7,404.7,410.9,414.5,416.1,416.1,414.3,411.5,409.8,411.9,410.6,406.7,402.5,400.4,401.6,405.5,20.6,22.6,26.7,30.4,31.5,29.5,25.3,21.7,14.6,18.0,22.0,26.0,29.5,32.1,33.3,31.4,28.6,25.1,21.2,17.4,23.3,25.3,27.4,28.5,27.8,25.9,23.8,22.7,82.9,84.9,89.3,93.5,95.0,93.0,88.6,84.0,77.7,80.5,84.1,88.8,93.1,96.4,98.7,96.0,92.6,88.7,84.5,80.5,86.6,88.5,90.7,91.6,90.9,88.9,86.8,85.8,14.6,10.9,10.2,13.1,17.8,21.9,22.1,19.2,16.0,14.1,13.2,13.2,14.3,16.6,19.8,21.5,21.8,21.5,20.4,18.6,18.0,19.5,19.2,17.2,14.7,13.3,13.6,15.6,22.3,18.3,17.0,19.3,23.8,27.8,29.0,27.1,23.3,20.6,19.2,19.0,20.5,22.7,25.9,27.6,28.2,28.1,27.1,25.7,25.0,26.1,25.5,23.6,21.5,20.4,21.0,22.9,341.5,343.6,346.3,348.1,347.8,346.0,342.9,341.2,341.4,341.4,341.7,343.3,345.9,348.4,350.6,347.7,344.2,341.7,340.7,340.8,343.5,344.5,345.9,347.0,347.1,346.2,344.8,343.7,437.8,439.5,441.6,442.9,442.7,441.0,438.9,437.6,438.0,437.7,437.8,438.7,440.8,443.5,446.2,442.9,439.7,437.3,436.4,437.0,439.7,440.3,441.3,442.1,442.3,441.6,440.6,439.8,67.5,61.9,501.5,0.006,0.110,-0.020,622.0,627.0,633.1,637.3,645.3,660.8,683.8,715.4,755.5,798.7,836.4,864.6,875.4,875.1,873.4,873.4,871.7,651.5,666.4,689.6,714.0,737.3,781.5,798.4,817.2,835.1,847.6,764.9,764.8,765.1,765.4,738.9,752.1,763.9,775.4,785.6,681.5,695.3,712.6,724.9,710.4,693.4,794.2,807.3,824.3,835.8,824.5,808.4,713.2,731.3,749.9,761.4,773.1,789.4,804.7,789.0,772.4,759.5,747.4,729.7,720.5,750.0,761.4,773.6,795.3,773.5,761.0,749.6,402.5,436.0,467.5,498.5,528.6,555.7,577.5,597.9,604.6,597.7,574.5,546.0,514.6,483.6,457.1,432.2,407.5,376.9,359.1,352.6,358.4,371.4,374.5,365.5,362.7,362.7,374.8,403.0,423.0,442.3,462.5,480.2,484.6,488.5,486.0,481.9,403.7,394.5,395.9,408.7,412.7,411.0,409.7,399.4,399.5,409.5,414.9,415.0,524.5,509.3,504.5,508.1,504.7,510.8,524.9,538.9,544.5,545.4,544.8,539.4,523.0,519.6,520.1,519.3,524.5,528.7,530.0,529.3,0.00,0.00,1.51,0.00,0.10,0.17,0.00,0.88,1.38,1.34,0.64,0.94,0.00,0.00,0.71,0.28,0.00,0.00,0.00,0.00,0.00,0.00,0.00,0.00,0.00,0.00,1.00,0.00,0.00,0.00,0.00,1.00,0.00,0.00,0.00
236,0,7.833,0.98,1,0.186640,0.136022,-0.972966,-0.046731,0.104655,-0.993410,0.071,0.122,698.7,703.1,712.2,720.6,723.3,719.4,709.8,701.5,684.2,690.0,697.7,706.7,715.7,722.4,726.9,720.6,712.4,704.0,696.0,689.1,706.6,710.3,714.4,716.4,715.1,711.4,707.3,705.3,806.9,810.3,818.1,825.8,828.9,825.5,817.7,809.2,796.6,802.1,809.2,817.9,825.6,831.0,834.5,830.5,825.0,818.3,810.3,802.3,813.5,817.2,820.9,822.5,821.1,817.4,813.6,812.0,401.5,392.9,390.0,394.6,403.9,413.2,415.4,410.8,402.3,396.7,393.5,392.3,394.8,400.1,407.9,412.2,413.9,414.3,412.2,408.3,406.4,408.5,407.2,403.3,399.1,397.1,398.4,402.2,404.2,396.2,393.5,397.8,406.5,414.5,417.2,413.5,406.6,401.1,398.0,397.5,400.0,404.0,410.1,414.0,415.8,416.0,414.3,411.5,409.3,411.4,410.1,406.3,402.1,400.0,401.3,405.2,27.8,29.9,34.2,38.2,39.5,37.7,33.1,29.1,21.2,23.8,27.3,31.4,35.7,39.0,41.3,38.2,34.2,30.2,26.5,23.4,31.6,33.4,35.3,36.3,35.7,33.9,32.0,31.0,85.3,87.3,91.8,96.0,97.5,95.5,91.0,86.5,80.1,82.9,86.5,91.1,95.4,98.8,101.2,98.4,94.9,91.0,86.8,82.8,89.0,91.0,93.2,94.1,93.4,91.4,89.3,88.3,19.6,15.6,14.2,16.4,20.8,25.2,26.2,24.1,20.3,17.4,15.8,15.2,16.4,18.9,22.8,24.7,25.5,25.6,24.7,23.0,22.0,23.0,22.4,20.6,18.6,17.6,18.2,20.0,22.6,18.6,17.3,19.5,24.0,28.1,29.3,27.4,23.8,21.0,19.4,19.2,20.6,22.8,26.1,27.9,28.6,28.6,27.6,26.3,25.3,26.4,25.8,23.9,21.7,20.6,21.2,23.2,414.1,414.2,414.6,414.9,415.0,415.2,414.6,414.2,418.7,416.1,413.6,412.4,412.7,413.9,415.5,414.3,413.1,412.9,414.2,416.4,415.2,415.4,415.5,415.6,415.5,415.4,415.2,415.2,447.2,448.8,450.8,452.1,451.8,450.2,448.2,447.0,447.6,447.2,447.2,448.0,449.9,452.5,455.1,452.0,448.9,446.6,445.9,446.5,449.0,449.6,450.6,451.3,451.5,450.9,449.9,449.2,68.7,62.3,503.4,0.013,0.090,-0.017,621.6,627.0,633.4,637.6,645.3,660.8,683.8,715.7,755.6,798.6,835.6,863.5,874.6,875.1,874.0,874.5,873.2,653.0,667.7,691.3,716.5,740.2,782.8,799.8,818.7,836.7,849.4,767.2,767.5,768.1,768.7,742.4,755.0,766.4,777.6,787.3,684.2,697.9,715.1,726.9,712.8,696.1,795.8,808.5,825.2,836.2,825.4,809.6,717.4,735.3,753.0,763.6,774.3,789.2,803.5,788.6,773.0,761.2,750.0,733.4,724.5,752.8,763.4,774.5,794.7,774.2,762.8,752.3,403.4,436.9,468.1,498.7,528.6,555.1,576.3,596.4,603.3,597.0,574.3,546.2,514.8,483.6,456.7,431.2,405.9,378.0,359.7,352.7,358.3,371.0,373.9,364.9,362.1,362.0,373.8,402.5,422.9,442.7,463.4,480.7,485.2,489.1,486.8,482.7,403.6,394.3,395.5,408.0,412.4,410.8,409.0,398.7,398.8,408.9,414.4,414.5,525.1,511.1,506.9,510.6,507.5,513.4,526.5,539.1,543.7,544.2,543.3,538.4,523.6,520.9,521.6,521.1,526.0,528.9,530.0,529.2,0.00,0.00,1.27,0.00,0.00,0.00,0.00,0.66,1.21,1.25,0.68,1.18,0.00,0.00,0.64,0.12,0.00,0.00,0.00,0.00,0.00,0.00,0.00,0.00,0.00,0.00,1.00,0.00,0.00,0.00,0.00,1.00,0.00,0.00,0.00
237,0,7.867,0.98,1,0.050232,0.172851,-0.983666,-0.043968,0.133523,-0.990070,0.003,0.154,698.2,702.6,711.9,720.7,723.8,720.1,710.0,701.2,689.3,694.2,700.7,708.7,717.6,724.6,729.5,722.9,715.0,706.9,699.6,693.7,706.5,710.8,715.5,717.7,716.2,711.9,707.2,705.0,808.2,811.6,819.4,827.0,830.0,826.6,818.8,810.5,798.2,803.5,810.4,819.1,826.9,832.5,836.1,831.9,826.3,819.5,811.6,803.7,814.8,818.4,822.1,823.7,822.3,818.7,815.0,813.4,401.4,392.4,389.4,394.2,404.0,413.6,416.0,411.2,400.4,395.8,393.6,393.0,395.3,400.5,408.7,411.7,413.1,413.1,410.3,406.0,406.7,409.1,407.7,403.2,398.3,395.9,397.4,401.8,404.0,396.1,393.3,397.4,405.8,413.7,416.4,413.0,406.1,400.8,397.6,396.9,399.3,403.2,409.2,413.1,415.0,415.3,413.7,411.0,408.7,410.6,409.3,405.6,401.6,399.7,401.0,404.7,28.0,30.0,34.4,38.5,40.1,38.4,33.7,29.5,23.9,26.1,29.0,32.7,36.9,40.3,42.8,39.7,35.8,32.0,28.6,25.9,32.0,34.1,36.3,37.3,36.6,34.5,32.3,31.3,87.9,89.9,94.4,98.6,100.1,98.1,93.6,89.1,82.8,85.5,89.0,93.7,98.2,101.7,104.2,101.3,97.7,93.7,89.4,85.5,91.7,93.7,95.8,96.8,96.0,94.0,92.0,91.0,19.9,15.5,14.1,16.3,21.0,25.7,26.9,24.6,19.6,17.2,16.1,15.7,16.8,19.3,23.3,24.7,25.4,25.4,24.2,22.2,22.5,23.6,22.9,20.7,18.4,17.2,18.0,20.1,23.0,18.9,17.5,19.7,24.1,28.2,29.5,27.7,24.2,21.3,19.6,19.3,20.6,22.8,26.1,28.1,28.8,28.9,28.0,26.7,25.5,26.6,25.9,24.0,21.9,20.9,21.6,23.5,420.8,419.7,418.6,418.0,418.3,419.7,420.6,421.2,424.5,421.5,418.4,416.7,416.5,417.2,418.8,418.5,418.2,418.5,420.2,422.6,421.2,420.9,420.3,419.8,419.6,419.9,420.5,421.1,457.3,458.6,460.3,461.4,461.2,459.9,458.2,457.2,458.1,457.5,457.2,457.8,459.6,462.2,464.8,461.8,458.9,456.8,456.1,457.0,459.0,459.5,460.3,460.9,461.0,460.5,459.7,459.1,69.1,62.0,500.3,0.027,0.077,-0.014,622.2,627.1,633.4,637.7,645.3,660.8,684.0,716.0,755.6,798.3,834.8,862.7,874.1,875.8,875.8,876.7,875.7,655.8,669.9,693.4,718.6,742.3,784.9,801.4,819.8,837.9,850.8,769.6,770.0,770.7,771.4,745.0,757.3,768.7,779.8,789.4,687.5,701.2,718.0,729.5,715.8,699.4,797.5,810.1,826.4,837.0,826.5,811.0,720.7,738.7,756.1,765.4,775.0,788.7,802.5,787.8,773.1,762.7,752.6,736.7,727.6,755.6,765.1,775.0,794.3,774.5,764.4,755.0,403.5,437.0,468.3,498.9,528.8,555.1,575.9,595.7,602.9,597.1,574.8,546.7,515.0,483.6,456.0,429.8,403.8,377.8,359.3,352.2,357.9,370.5,373.0,364.1,360.8,360.4,371.9,401.8,422.9,443.3,464.6,481.1,485.8,489.8,487.6,483.4,402.9,394.2,395.5,407.6,411.7,410.3,408.2,398.3,398.3,408.0,413.6,413.7,525.9,513.5,509.8,513.6,510.7,516.4,528.0,539.8,543.2,543.4,542.4,538.0,524.6,522.7,523.5,523.2,527.7,529.5,530.3,529.5,0.00,0.00,0.98,0.00,0.00,0.06,0.00,0.55,1.06,1.10,0.68,1.35,0.00,0.00,0.49,0.07,0.00,0.00,0.00,0.00,0.00,0.00,0.00,0.00,0.00,0.00,1.00,0.00,0.00,0.00,0.00,1.00,0.00,0.00,1.00
238,0,7.900,0.98,1,0.053625,0.240850,-0.969080,-0.037566,0.146275,-0.988530,0.008,0.195,703.3,707.0,715.1,722.7,725.5,722.4,713.8,706.1,694.6,699.4,705.6,713.1,721.0,727.0,731.2,725.6,718.5,711.2,704.4,698.7,710.8,714.3,718.0,719.7,718.5,714.9,711.2,709.5,809.6,813.0,820.8,828.4,831.4,827.9,820.1,811.8,799.7,804.9,811.7,820.3,828.2,833.9,837.7,833.4,827.7,820.8,812.9,805.1,816.1,819.8,823.6,825.2,823.8,820.1,816.4,814.7,404.1,396.1,393.1,396.8,405.1,413.7,416.1,412.4,404.2,398.5,395.1,393.8,396.0,400.9,408.7,411.4,412.5,412.6,411.0,408.3,408.3,410.1,408.7,405.0,401.2,399.5,400.8,404.5,403.6,395.7,392.9,396.8,405.2,413.1,415.9,412.6,405.4,400.2,397.2,396.4,398.7,402.4,408.2,412.3,414.3,414.7,413.1,410.4,408.3,410.2,408.9,405.0,401.0,399.1,400.4,404.2,34.8,36.9,41.2,45.4,46.9,45.2,40.5,36.3,30.3,32.8,36.0,40.0,44.3,47.6,50.0,46.8,42.9,38.9,35.3,32.4,39.0,40.9,42.9,43.8,43.1,41.2,39.2,38.3,89.2,91.2,95.6,99.9,101.4,99.4,94.9,90.4,84.2,86.8,90.3,94.9,99.4,103.0,105.6,102.7,99.0,95.0,90.7,86.8,93.0,95.0,97.1,98.1,97.4,95.4,93.2,92.2,24.3,19.9,18.2,20.2,24.7,29.4,30.8,28.8,24.5,21.3,19.3,18.5,19.7,22.4,26.7,28.2,28.7,28.7,28.0,26.6,26.6,27.5,26.7,24.7,22.6,21.7,22.5,24.5,22.9,18.8,17.4,19.5,24.0,28.1,29.4,27.6,24.0,21.2,19.5,19.2,20.5,22.5,25.7,27.8,28.6,28.7,27.9,26.5,25.5,26.5,25.9,23.9,21.7,20.7,21.4,23.3,481.2,481.2,480.7,480.0,479.5,479.7,479.9,480.6,485.0,482.6,480.0,478.6,478.5,478.9,479.9,478.9,478.0,478.1,479.8,482.4,481.3,481.0,480.8,480.8,481.0,481.3,481.6,481.5,460.1,461.3,462.8,463.9,463.8,462.6,461.1,460.2,461.2,460.4,460.0,460.4,462.2,464.8,467.5,464.5,461.7,459.7,459.1,460.0,461.8,462.3,463.0,463.6,463.6,463.2,462.4,461.9,70.7,62.4,503.7,0.039,0.059,-0.010,622.6,627.5,633.6,637.7,644.9,660.2,683.2,715.5,755.0,797.5,833.9,862.2,874.3,876.9,877.4,878.8,878.4,658.7,672.6,696.2,721.9,745.8,786.5,803.2,821.9,840.3,853.7,772.0,772.5,773.3,774.1,747.9,759.8,770.9,782.0,791.5,691.6,705.4,721.7,732.5,719.4,703.5,799.7,811.6,827.4,837.7,827.4,812.5,724.5,742.6,759.6,768.0,776.5,789.3,802.7,788.4,774.5,765.3,756.1,740.6,731.3,758.9,767.5,776.3,794.9,775.7,766.9,758.3,404.0,437.0,467.9,498.0,527.7,554.0,574.6,594.5,602.0,596.5,574.8,547.0,515.5,484.0,456.1,429.5,402.7,379.0,360.2,352.8,358.3,370.6,372.4,363.2,359.9,359.6,371.1,402.0,423.0,443.3,464.4,480.6,485.5,489.5,487.2,483.1,404.0,395.5,396.5,407.6,412.1,410.8,407.5,398.2,398.2,407.4,412.9,413.0,526.4,514.3,510.7,514.2,511.6,516.9,528.1,539.5,542.4,542.4,541.5,537.6,525.0,523.1,523.8,523.6,527.8,529.2,529.9,529.2,0.00,0.00,0.64,0.00,0.00,0.06,0.00,0.41,0.95,0.94,0.73,1.51,0.00,0.00,0.57,0.00,0.00,0.00,0.00,0.00,0.00,0.00,0.00,0.00,0.00,0.00,1.00,0.00,0.00,0.00,0.00,0.00,0.00,0.00,1.00
239,0,7.933,0.98,1,0.101201,0.220175,-0.970197,-0.016835,0.134104,-0.990824,0.043,0.179,706.0,709.9,718.4,726.3,729.2,725.9,716.9,708.9,696.7,701.3,707.7,715.7,724.2,730.4,734.5,728.5,720.8,712.9,705.9,700.4,713.8,717.5,721.5,723.3,722.0,718.3,714.4,712.5,812.9,816.3,824.0,831.6,834.5,831.1,823.4,815.1,802.4,807.8,814.9,823.5,831.2,836.8,840.5,836.5,830.8,823.9,815.9,807.9,819.4,823.0,826.6,828.2,826.8,823.3,819.6,818.0,404.6,396.2,393.1,397.1,405.8,414.8,417.2,413.3,404.4,398.4,395.0,394.0,396.8,402.4,410.7,413.1,413.7,413.4,411.7,408.7,409.0,410.9,409.5,405.6,401.5,399.6,401.1,405.0,403.3,395.4,392.7,396.8,405.2,413.1,415.9,412.4,405.6,400.6,397.7,396.9,399.1,402.7,408.1,412.0,413.8,414.1,412.6,410.2,408.1,410.0,408.7,405.0,401.0,399.1,400.4,404.1,34.0,36.0,40.3,44.3,45.8,44.1,39.5,35.5,29.6,31.8,34.8,38.8,43.1,46.3,48.5,45.4,41.4,37.4,33.9,31.3,38.0,39.9,41.9,42.9,42.2,40.3,38.3,37.4,90.3,92.4,96.8,101.0,102.6,100.5,96.0,91.5,85.0,87.7,91.4,96.0,100.5,104.0,106.6,103.8,100.1,96.0,91.7,87.7,94.1,96.1,98.2,99.2,98.4,96.5,94.4,93.4,23.0,18.7,17.0,19.1,23.5,28.1,29.4,27.4,23.1,19.9,18.0,17.4,18.9,21.7,26.0,27.2,27.5,27.4,26.6,25.2,25.3,26.2,25.5,23.5,21.4,20.4,21.2,23.2,22.6,18.6,17.2,19.4,23.9,27.9,29.3,27.4,23.9,21.2,19.7,19.3,20.5,22.5,25.6,27.5,28.2,28.3,27.4,26.2,25.2,26.3,25.6,23.7,21.6,20.6,21.2,23.1,450.9,450.6,449.9,449.1,448.7,449.2,449.7,450.5,455.9,453.1,450.0,448.2,447.8,448.3,449.3,448.6,448.1,448.6,450.5,453.3,450.9,450.6,450.2,450.1,450.3,450.7,451.0,451.1,457.2,458.5,460.3,461.5,461.4,460.1,458.3,457.2,458.1,457.4,457.1,457.7,459.7,462.5,465.3,462.2,459.1,457.0,456.3,457.0,459.0,459.6,460.4,461.0,461.1,460.5,459.7,459.1,72.3,62.2,503.1,0.031,0.033,-0.001,623.9,628.6,634.5,638.3,644.9,660.0,683.4,715.9,755.4,797.6,833.3,862.0,875.1,879.1,880.3,881.7,881.4,661.4,676.4,700.5,726.6,750.5,790.2,807.4,826.2,844.4,857.8,775.8,776.8,778.0,779.2,752.9,764.4,775.0,785.7,794.6,693.8,708.0,724.4,735.2,722.1,706.0,802.8,814.8,830.4,840.6,830.5,815.6,730.0,747.4,764.0,771.6,779.4,791.2,803.2,790.0,777.1,768.4,759.9,745.1,736.8,763.1,771.0,779.1,795.9,778.4,770.1,762.2,405.8,438.0,468.2,497.6,526.9,552.6,572.6,593.0,601.4,596.3,575.2,547.9,516.8,485.3,457.2,430.5,403.9,379.7,361.4,354.2,359.0,370.4,371.5,363.1,359.9,359.7,370.6,402.3,422.3,441.6,461.9,479.6,484.1,487.6,485.9,482.2,404.9,396.3,397.2,408.5,413.0,411.8,407.9,397.9,397.9,407.2,412.9,413.2,526.5,513.6,509.6,513.0,510.5,516.5,528.2,539.1,541.8,541.6,540.8,537.0,524.9,521.4,522.0,522.1,527.6,529.5,530.1,529.6,0.00,0.00,0.46,0.00,0.00,0.06,0.00,0.29,0.89,0.79,0.80,1.56,0.00,0.00,0.53,0.02,0.00,0.00,0.00,0.00,0.00,0.00,0.00,0.00,0.00,0.00,0.00,0.00,0.00,0.00,0.00,0.00,0.00,0.00,1.00
240,0,7.967,0.98,1,0.091962,0.214773,-0.972325,-0.018463,0.120593,-0.992530,0.037,0.169,707.4,711.3,719.6,727.5,730.4,727.1,718.2,710.3,698.7,703.2,709.3,717.1,725.5,731.7,735.8,729.8,722.2,714.5,707.7,702.3,715.2,718.9,722.7,724.6,723.2,719.6,715.7,713.9,814.5,817.7,825.4,833.0,836.1,832.9,825.2,816.8,803.4,809.0,816.2,825.0,833.0,838.7,842.4,838.4,832.7,825.7,817.6,809.3,821.0,824.6,828.3,829.8,828.3,824.7,821.1,819.6,405.0,396.7,393.6,397.5,406.1,415.1,417.6,413.7,405.1,399.2,395.9,394.8,397.3,402.5,410.6,413.2,414.1,414.0,412.3,409.4,409.4,411.3,409.8,406.0,401.9,400.1,401.6,405.4,403.6,395.4,392.3,396.2,404.7,412.9,416.0,412.8,406.2,401.1,397.8,396.8,398.8,402.2,407.5,411.6,413.7,414.2,412.9,410.7,408.1,410.0,408.5,404.7,400.6,398.8,400.2,404.1,35.3,37.3,41.6,45.6,47.1,45.4,40.8,36.8,31.1,33.2,36.2,40.1,44.4,47.7,49.9,46.7,42.7,38.8,35.4,32.8,39.4,41.2,43.2,44.2,43.5,41.6,39.6,38.7,88.9,90.8,95.1,99.3,101.0,99.1,94.7,90.2,83.4,86.1,89.7,94.4,98.9,102.5,105.2,102.4,98.7,94.7,90.4,86.3,92.7,94.7,96.7,97.6,96.9,94.9,92.8,91.9,23.6,19.2,17.5,19.5,24.0,28.7,30.0,28.1,23.9,20.6,18.7,18.1,19.4,22.1,26.4,27.7,28.1,28.1,27.3,26.0,25.9,26.8,26.0,24.0,21.9,21.0,21.8,23.8,22.2,18.1,16.6,18.6,23.0,27.2,28.7,26.9,23.6,20.9,19.3,18.8,19.9,21.8,24.7,26.6,27.5,27.6,26.9,25.8,24.6,25.6,24.9,23.0,20.9,19.9,20.6,22.6,458.2,457.9,457.1,456.2,455.7,456.1,456.7,457.6,462.7,460.1,457.1,455.3,454.9,455.1,456.0,455.4,454.9,455.4,457.3,460.2,458.1,457.6,457.2,457.1,457.4,457.8,458.2,458.3,446.1,447.2,449.0,450.4,450.5,449.3,447.6,446.3,446.9,446.0,445.7,446.4,448.6,451.5,454.7,451.4,448.3,446.1,445.3,445.8,448.1,448.7,449.5,450.1,450.0,449.4,448.6,448.0,73.3,62.2,502.7,0.026,0.023,0.004,624.9,629.5,635.5,639.2,645.2,659.9,683.3,716.1,755.8,798.0,833.3,862.4,876.0,880.7,882.2,883.6,883.6,662.9,678.1,702.0,727.9,751.7,793.0,810.1,828.7,846.8,860.4,777.7,778.9,780.2,781.6,755.3,766.7,777.3,787.9,796.8,695.2,709.6,726.1,736.8,723.7,707.6,804.6,816.3,832.0,842.2,832.1,817.3,733.2,750.8,767.4,774.0,780.6,791.8,803.9,790.9,778.4,771.0,763.5,748.7,739.9,766.5,773.4,780.2,796.8,779.6,772.6,765.7,406.7,438.6,468.5,497.5,526.5,551.9,571.3,591.6,600.4,595.8,575.5,549.0,518.3,487.0,458.9,432.1,405.6,379.5,361.8,354.7,359.3,370.3,371.3,363.3,360.1,359.7,370.1,402.8,422.7,441.8,461.9,479.7,484.0,487.4,485.7,481.9,405.4,396.8,397.6,408.9,413.4,412.3,408.1,398.0,397.9,407.1,412.9,413.3,526.9,514.0,509.8,513.0,510.6,516.6,528.0,538.7,540.9,540.6,540.0,536.7,525.2,521.3,521.8,521.9,527.5,529.0,529.4,529.1,0.00,0.00,0.47,0.00,0.00,0.10,0.00,0.13,0.82,0.59,0.75,1.70,0.00,0.00,0.62,0.02,0.00,0.00,0.00,0.00,0.00,0.00,0.00,0.00,0.00,0.00,0.00,0.00,1.00,0.00,0.00,0.00,0.00,0.00,1.00
241,0,8.000,0.98,1,0.090830,0.207640,-0.973979,-0.038534,0.124023,-0.991531,0.027,0.167,708.5,712.6,721.2,729.4,732.2,728.7,719.4,711.3,699.9,704.4,710.5,718.3,726.9,733.5,738.0,731.8,723.9,715.9,708.9,703.5,716.6,720.3,724.3,726.2,724.9,721.2,717.2,715.3,815.6,819.0,826.7,834.3,837.3,834.0,826.2,817.9,805.6,811.0,818.0,826.6,834.4,840.0,843.6,839.6,834.0,827.1,819.2,811.2,822.2,825.8,829.4,831.0,829.6,826.0,822.4,820.8,404.9,396.3,393.1,397.2,406.2,415.5,418.0,413.9,405.4,399.6,396.2,395.0,397.5,402.9,411.0,413.5,414.3,414.1,412.5,409.6,409.6,411.4,410.0,406.0,401.9,400.0,401.5,405.4,404.0,396.0,393.1,397.1,405.5,413.5,416.4,413.1,406.5,401.3,398.0,397.1,399.2,402.8,408.4,412.4,414.4,414.9,413.5,411.1,408.6,410.5,409.2,405.4,401.4,399.5,400.9,404.7,34.7,36.8,41.0,45.0,46.4,44.7,40.0,36.1,30.7,32.8,35.6,39.4,43.7,47.0,49.3,46.2,42.1,38.2,34.8,32.3,38.8,40.6,42.6,43.5,42.9,41.1,39.1,38.1,91.5,93.5,97.9,102.2,103.7,101.7,97.3,92.7,86.5,89.1,92.7,97.3,101.8,105.4,108.0,105.2,101.5,97.5,93.2,89.2,95.4,97.3,99.4,100.4,99.6,97.6,95.6,94.6,22.8,18.4,16.7,18.7,23.2,27.9,29.2,27.3,23.3,20.1,18.3,17.6,18.8,21.5,25.7,26.9,27.3,27.2,26.5,25.3,25.1,26.0,25.2,23.2,21.2,20.3,21.0,23.0,22.9,18.8,17.4,19.5,23.9,28.1,29.5,27.7,24.3,21.5,19.8,19.4,20.6,22.6,25.7,27.6,28.5,28.6,27.8,26.6,25.5,26.5,25.8,23.8,21.8,20.7,21.4,23.4,443.1,443.0,442.0,440.8,440.1,440.4,441.2,442.4,447.8,445.2,442.1,440.2,439.6,439.7,440.4,439.8,439.5,440.1,442.2,445.2,442.8,442.2,441.8,441.7,442.1,442.6,443.1,443.1,456.0,457.2,458.9,460.1,460.1,458.9,457.2,456.2,456.9,456.1,455.9,456.4,458.4,461.2,464.1,461.0,458.0,455.8,455.2,455.8,457.9,458.5,459.2,459.8,459.8,459.3,458.5,457.9,73.6,62.3,501.1,0.025,0.022,0.009,625.2,630.0,636.1,639.9,645.7,660.1,683.4,716.3,756.1,798.3,833.6,862.6,876.4,881.3,883.3,885.2,885.5,663.9,679.3,703.5,729.8,753.9,794.0,811.2,830.0,848.5,862.4,779.3,780.4,781.7,783.0,756.3,767.7,778.5,789.3,798.3,696.6,711.1,727.7,738.3,725.2,709.0,806.2,818.0,833.5,843.7,833.6,818.8,734.9,752.6,768.9,774.8,780.7,791.4,803.5,790.5,778.4,771.8,765.0,750.6,741.7,768.0,774.2,780.3,796.5,779.7,773.5,767.3,407.1,439.0,468.9,497.7,526.6,551.8,571.1,591.2,599.9,595.7,576.1,550.0,519.5,488.2,460.0,433.2,406.5,379.9,361.9,354.7,359.4,370.6,371.7,363.8,360.5,360.1,370.8,403.1,423.4,442.9,463.3,480.3,484.9,488.4,486.7,482.7,405.4,396.9,397.8,409.1,413.6,412.5,408.5,398.5,398.5,407.8,413.6,413.9,527.8,515.4,511.2,514.4,512.2,518.2,529.4,538.9,540.3,539.7,539.2,536.5,526.1,522.4,522.8,523.1,528.7,528.8,529.0,528.7,0.00,0.00,0.45,0.00,0.00,0.12,0.00,0.01,0.79,0.44,0.88,1.82,0.00,0.00,0.55,0.02,0.00,0.00,0.00,0.00,0.00,0.00,0.00,0.00,0.00,0.00,0.00,0.00,1.00,0.00,0.00,0.00,0.00,0.00,1.00
242,0,8.033,0.98,1,0.085591,0.221013,-0.971508,-0.051810,0.138824,-0.988961,0.017,0.182,709.5,713.5,722.0,729.9,732.6,729.2,720.1,712.2,700.3,705.1,711.6,719.5,727.9,734.2,738.3,732.4,724.9,717.1,710.0,704.2,717.3,720.9,724.7,726.6,725.3,721.7,717.9,716.0,816.6,819.9,827.6,835.1,838.1,834.8,827.1,818.9,807.0,812.2,819.0,827.5,835.3,841.0,844.8,840.8,835.1,828.2,820.2,812.4,823.2,826.8,830.4,831.9,830.5,827.0,823.4,821.9,405.5,397.2,394.2,398.2,406.9,415.8,418.1,414.1,406.1,400.1,396.5,395.3,397.9,403.3,411.5,414.0,414.7,414.6,413.0,410.3,410.0,411.8,410.5,406.7,402.8,401.0,402.3,406.1,405.0,397.1,394.2,398.0,406.2,414.1,417.0,413.8,407.2,402.1,399.0,398.0,400.0,403.4,408.7,412.8,414.9,415.4,414.1,411.8,409.4,411.1,409.8,406.1,402.3,400.5,401.9,405.5,36.3,38.4,42.8,46.8,48.2,46.4,41.7,37.7,31.8,34.2,37.3,41.3,45.7,49.0,51.2,48.0,44.0,40.0,36.5,33.7,40.4,42.2,44.2,45.2,44.5,42.7,40.7,39.7,94.0,96.0,100.4,104.7,106.3,104.3,99.8,95.3,89.2,91.7,95.3,99.9,104.5,108.1,110.9,108.0,104.3,100.1,95.8,91.8,97.9,99.9,102.0,102.9,102.2,100.2,98.1,97.2,23.8,19.5,17.9,19.9,24.4,29.0,30.3,28.2,24.3,21.0,19.1,18.4,19.7,22.5,26.8,28.1,28.4,28.3,27.6,26.4,26.1,27.0,26.3,24.4,22.3,21.4,22.1,24.1,24.0,19.8,18.3,20.4,24.8,29.0,30.4,28.7,25.2,22.4,20.7,20.2,21.4,23.3,26.4,28.4,29.3,29.5,28.8,27.6,26.4,27.4,26.7,24.7,22.7,21.7,22.4,24.3,457.0,457.1,456.6,455.8,455.1,455.2,455.6,456.4,461.4,459.0,456.2,454.6,454.4,454.8,455.7,454.8,454.0,454.3,456.0,458.8,457.0,456.7,456.4,456.5,456.8,457.1,457.4,457.3,466.0,467.0,468.4,469.4,469.4,468.4,466.9,466.1,467.1,466.2,465.8,466.2,468.0,470.7,473.5,470.6,467.7,465.7,465.1,466.0,467.7,468.1,468.8,469.3,469.3,468.8,468.2,467.7,74.0,62.6,501.2,0.028,0.024,0.012,625.5,630.4,636.6,640.4,646.2,660.5,683.7,716.7,756.3,798.5,833.6,862.8,876.7,881.9,884.1,886.3,886.8,664.8,680.2,704.5,730.8,755.0,794.9,812.1,831.0,849.6,863.9,780.4,781.4,782.6,783.9,757.2,768.4,779.2,790.0,798.9,697.4,711.9,728.5,739.1,726.0,709.8,807.3,819.0,834.6,844.8,834.7,819.8,735.9,753.8,769.9,775.1,780.1,790.5,802.8,789.5,777.6,771.9,765.9,751.7,742.7,768.9,774.4,779.6,795.8,779.0,773.6,768.2,407.0,439.0,468.8,497.7,526.6,552.0,571.3,591.2,600.0,595.9,576.7,550.8,520.2,488.8,460.4,433.2,406.1,380.1,362.0,354.9,359.8,371.1,372.3,364.4,361.0,360.4,371.2,403.5,423.9,443.4,463.9,480.6,485.3,488.9,487.2,483.2,405.8,397.4,398.3,409.5,414.2,413.0,409.0,399.1,399.2,408.4,414.3,414.6,528.5,516.4,512.2,515.4,513.3,519.5,530.5,539.6,540.2,539.4,538.8,536.5,526.9,523.2,523.6,524.1,529.8,529.0,529.0,528.8,0.03,0.00,0.42,0.00,0.00,0.32,0.00,0.01,0.74,0.23,0.90,2.00,0.00,0.00,0.57,0.00,0.00,0.00,0.00,0.00,0.00,0.00,0.00,0.00,0.00,0.00,0.00,0.00,1.00,0.00,0.00,0.00,0.00,0.00,1.00
243,0,8.067,0.98,1,0.081529,0.215104,-0.973182,-0.074340,0.139146,-0.987477,0.004,0.179,710.0,714.1,722.6,730.5,733.2,729.7,720.7,712.8,701.0,705.8,712.3,720.2,728.5,734.7,738.8,732.9,725.4,717.6,710.6,704.9,717.8,721.4,725.3,727.1,725.9,722.3,718.4,716.6,816.7,820.1,827.9,835.5,838.4,835.0,827.3,819.0,807.8,813.0,819.7,828.3,836.0,841.6,845.3,841.4,835.7,828.9,821.0,813.3,823.4,827.0,830.6,832.2,830.8,827.3,823.6,822.1,405.6,397.3,394.3,398.3,407.0,415.9,418.2,414.2,406.2,400.4,396.9,395.7,398.2,403.6,411.7,414.2,415.0,414.9,413.3,410.5,410.1,411.9,410.6,406.8,402.9,401.0,402.4,406.1,405.4,397.6,394.8,398.7,407.0,414.8,417.6,414.3,408.2,402.6,399.1,398.1,400.2,403.9,409.7,413.7,415.6,416.1,414.8,412.6,410.0,411.8,410.5,406.8,403.0,401.1,402.4,406.1,36.7,38.8,43.2,47.3,48.6,46.8,42.1,38.1,32.3,34.6,37.8,41.8,46.1,49.4,51.6,48.4,44.4,40.4,36.9,34.1,40.8,42.6,44.6,45.6,45.0,43.1,41.1,40.1,93.7,95.7,100.2,104.4,106.0,103.9,99.5,94.9,89.2,91.7,95.3,99.9,104.4,108.1,110.7,107.8,104.2,100.1,95.8,91.8,97.6,99.6,101.6,102.6,101.9,99.9,97.8,96.9,23.9,19.6,18.0,20.0,24.5,29.2,30.4,28.4,24.4,21.2,19.3,18.6,19.9,22.7,27.0,28.3,28.6,28.6,27.8,26.5,26.2,27.2,26.5,24.5,22.4,21.5,22.2,24.2,24.1,20.0,18.6,20.7,25.1,29.2,30.6,28.8,25.6,22.6,20.7,20.2,21.4,23.5,26.8,28.7,29.6,29.7,29.0,27.9,26.6,27.6,26.9,25.0,22.9,21.9,22.6,24.5,458.3,458.4,457.9,457.1,456.4,456.5,456.8,457.7,462.5,460.1,457.4,455.8,455.6,456.0,456.9,456.0,455.2,455.5,457.2,460.0,458.3,457.9,457.7,457.7,458.1,458.4,458.7,458.6,463.9,465.1,466.5,467.4,467.3,466.2,464.7,463.9,464.9,464.1,463.9,464.3,466.2,468.9,471.5,468.6,465.6,463.6,463.0,463.8,465.6,466.0,466.7,467.2,467.3,466.8,466.2,465.6,74.3,63.0,502.5,0.033,0.027,0.014,626.3,630.9,636.8,640.5,646.2,660.6,683.7,716.7,756.2,798.4,833.8,863.2,877.1,882.3,884.4,886.7,887.4,665.8,681.2,705.5,731.7,755.6,795.9,813.1,831.9,850.5,864.5,780.8,781.7,782.7,783.8,757.5,768.5,779.0,789.7,798.5,698.1,712.5,729.2,739.5,726.5,710.3,808.0,819.7,835.3,845.3,835.3,820.5,736.2,754.0,769.7,774.9,780.0,790.3,802.5,789.2,777.4,771.7,765.6,751.9,742.9,768.6,774.2,779.5,795.5,778.8,773.4,768.0,406.8,438.8,468.6,497.5,526.3,551.8,571.1,591.2,600.0,596.0,576.7,550.8,520.1,488.7,460.3,433.2,406.1,380.1,362.1,355.2,360.2,371.5,372.7,364.9,361.7,361.3,372.2,404.0,424.4,444.1,464.7,481.4,486.1,489.7,488.1,484.3,406.0,397.5,398.5,409.9,414.6,413.3,409.6,399.6,399.7,409.1,415.0,415.3,529.2,517.2,513.2,516.4,514.3,520.4,531.3,540.0,540.4,539.5,538.9,536.8,527.5,524.2,524.6,525.1,530.6,529.3,529.2,529.0,0.15,0.00,0.38,0.00,0.00,0.37,0.00,0.00,0.74,0.11,0.96,2.08,0.00,0.00,0.53,0.00,0.00,0.00,0.00,0.00,0.00,0.00,0.00,0.00,0.00,0.00,0.00,0.00,1.00,0.00,0.00,0.00,0.00,0.00,1.00
244,0,8.100,0.98,1,0.075664,0.228963,-0.970490,-0.077082,0.154012,-0.985058,-0.001,0.193,710.6,714.6,723.0,730.9,733.6,730.1,721.2,713.3,701.3,706.3,713.1,721.2,729.5,735.5,739.3,733.4,726.0,718.3,711.2,705.4,718.2,721.8,725.7,727.6,726.3,722.7,718.8,717.0,816.9,820.4,828.1,835.7,838.6,835.2,827.4,819.2,808.5,813.3,819.8,828.3,836.1,842.0,846.0,841.7,835.8,828.9,821.1,813.6,823.8,827.3,830.8,832.4,831.0,827.6,824.1,822.5,405.8,397.6,394.7,398.7,407.3,416.1,418.4,414.4,406.2,400.4,397.0,396.0,398.6,403.9,412.0,414.5,415.2,414.9,413.2,410.4,410.3,412.2,410.8,407.1,403.1,401.3,402.6,406.4,406.2,398.5,395.7,399.5,407.6,415.3,418.1,414.9,408.6,403.3,400.0,399.1,401.2,404.8,410.4,414.3,416.2,416.7,415.3,413.0,410.5,412.2,411.0,407.5,403.8,402.1,403.3,406.8,37.3,39.4,43.8,47.9,49.3,47.5,42.8,38.7,32.6,35.1,38.5,42.6,47.0,50.2,52.3,49.2,45.2,41.1,37.5,34.6,41.3,43.2,45.2,46.2,45.6,43.7,41.7,40.7,96.0,98.1,102.5,106.8,108.3,106.2,101.7,97.2,91.6,94.1,97.5,102.1,106.7,110.5,113.2,110.3,106.5,102.3,98.0,94.2,100.0,102.0,104.0,104.9,104.2,102.3,100.3,99.3,24.2,19.9,18.3,20.4,24.9,29.6,30.8,28.7,24.6,21.4,19.5,18.9,20.3,23.1,27.4,28.7,29.0,28.8,28.0,26.7,26.6,27.5,26.8,24.9,22.8,21.8,22.5,24.5,25.1,20.9,19.5,21.6,26.0,30.1,31.5,29.8,26.4,23.5,21.7,21.2,22.4,24.5,27.7,29.7,30.6,30.7,30.0,28.8,27.5,28.4,27.8,25.9,23.9,22.9,23.6,25.5,462.0,462.1,461.8,461.2,460.7,460.9,461.0,461.5,465.9,463.6,461.0,459.7,459.7,460.3,461.4,460.4,459.4,459.5,461.0,463.5,462.3,462.0,461.9,461.9,462.1,462.4,462.6,462.5,474.7,475.7,476.8,477.5,477.2,476.2,475.1,474.6,476.0,475.1,474.5,474.6,476.1,478.5,481.0,478.3,475.6,473.8,473.6,474.7,476.1,476.4,476.9,477.3,477.4,477.2,476.7,476.2,74.4,63.2,502.5,0.045,0.026,0.016,626.7,631.5,637.5,641.1,646.7,660.8,683.9,716.7,756.2,798.4,833.4,862.5,876.1,881.3,883.7,886.3,887.1,666.1,681.5,705.8,732.2,756.4,796.6,813.9,832.7,851.1,865.0,781.6,782.4,783.4,784.4,757.4,768.6,779.3,790.2,799.1,698.7,713.2,729.8,740.1,727.1,710.9,808.3,820.2,835.7,845.5,835.5,820.8,736.4,753.8,769.1,774.6,780.1,789.8,801.6,788.6,777.2,771.1,764.8,751.6,743.0,767.9,773.9,779.5,794.8,778.8,773.1,767.3,406.2,438.4,468.3,497.3,526.1,551.4,570.8,590.7,599.4,595.4,575.9,549.7,518.8,487.3,459.0,431.9,404.8,380.3,362.3,355.4,360.5,371.7,373.0,365.6,362.5,362.2,373.1,404.5,425.5,445.8,466.9,482.4,487.3,491.2,489.7,485.7,406.0,397.8,398.9,410.1,414.8,413.5,410.0,400.3,400.5,409.7,415.7,415.9,530.1,518.5,514.8,518.2,516.1,522.1,532.8,540.1,539.9,539.0,538.2,536.4,528.4,525.4,526.0,526.5,532.0,529.1,529.0,528.6,0.35,0.03,0.35,0.00,0.00,0.52,0.00,0.00,0.72,0.00,0.77,2.20,0.00,0.00,0.34,0.04,0.00,0.00,0.00,0.00,0.00,0.00,0.00,0.00,0.00,0.00,0.00,0.00,1.00,0.00,0.00,0.00,0.00,0.00,1.00
245,0,8.133,0.88,1,0.075431,0.238293,-0.968259,-0.069975,0.171517,-0.982693,0.003,0.207,710.6,714.8,723.3,731.2,733.7,730.1,721.0,713.2,701.9,706.5,712.8,720.7,729.1,735.3,739.4,733.3,725.6,717.8,710.9,705.5,718.4,721.9,725.8,727.7,726.6,723.0,719.2,717.3,817.4,820.9,828.7,836.0,838.8,835.2,827.5,819.4,808.2,813.6,820.6,829.0,836.5,842.0,845.6,841.5,835.8,829.1,821.3,813.5,823.9,827.3,830.9,832.5,831.3,827.9,824.3,822.7,405.4,397.1,394.2,398.3,407.1,416.1,418.3,414.1,406.0,400.2,396.9,395.9,398.5,403.9,412.0,414.5,415.1,414.9,413.1,410.2,410.0,411.9,410.6,406.9,402.9,401.0,402.3,406.1,406.5,398.7,395.9,399.9,408.2,416.0,418.7,415.4,407.9,403.2,400.4,399.8,401.9,405.3,410.5,414.7,416.8,417.2,415.7,412.9,410.9,412.7,411.5,407.9,404.1,402.3,403.5,407.1,36.6,38.8,43.1,47.1,48.3,46.5,41.8,37.9,32.4,34.6,37.7,41.6,45.9,49.1,51.3,48.1,44.0,40.1,36.7,34.1,40.6,42.4,44.4,45.4,44.8,43.0,41.1,40.1,94.9,96.9,101.4,105.6,107.1,105.0,100.5,96.0,90.1,92.8,96.5,101.1,105.5,109.1,111.8,108.8,105.1,101.0,96.7,92.8,98.7,100.7,102.7,103.7,103.0,101.1,99.0,98.1,23.5,19.2,17.7,19.8,24.3,28.9,30.1,28.0,24.1,20.9,19.1,18.5,19.8,22.6,26.8,28.1,28.4,28.3,27.5,26.2,25.9,26.9,26.2,24.2,22.2,21.3,21.9,23.9,24.9,20.7,19.3,21.5,26.0,30.1,31.5,29.6,25.6,23.1,21.6,21.3,22.5,24.5,27.5,29.6,30.5,30.6,29.7,28.3,27.3,28.3,27.7,25.8,23.7,22.7,23.4,25.3,453.7,453.7,453.0,451.9,451.2,451.4,452.0,453.0,458.1,455.6,452.7,450.9,450.5,450.7,451.5,450.8,450.2,450.7,452.6,455.5,453.5,453.1,452.7,452.7,453.0,453.5,453.9,453.9,467.9,468.8,470.2,471.3,471.5,470.5,469.1,468.1,468.8,467.9,467.5,468.0,469.9,472.7,475.7,472.7,469.8,467.7,467.0,467.7,469.7,470.2,470.8,471.3,471.2,470.7,470.1,469.6,73.8,63.4,502.4,0.060,0.038,0.021,627.1,631.5,637.2,640.8,646.7,661.1,684.2,716.2,755.1,797.1,832.3,861.4,875.0,880.4,883.2,886.2,887.4,666.6,682.1,706.6,732.9,757.1,796.8,814.1,832.8,851.4,864.9,781.8,782.3,782.9,783.5,756.4,767.3,777.9,788.7,797.6,698.9,713.2,729.6,739.7,726.8,710.8,808.4,820.5,835.9,845.4,835.5,820.9,735.1,752.2,766.5,771.9,777.5,786.6,798.2,784.8,773.6,767.6,761.3,749.4,741.5,765.0,770.9,776.6,791.6,775.7,770.0,764.3,405.5,437.6,467.4,496.7,525.7,551.2,570.7,590.3,598.7,594.7,574.8,548.4,517.5,486.3,458.2,431.3,403.9,380.3,362.3,355.5,360.9,372.4,373.4,365.8,362.7,362.6,373.9,404.4,426.4,447.8,469.9,483.8,489.2,493.4,492.1,488.2,405.5,397.6,398.8,410.0,414.6,413.3,410.1,400.7,401.0,410.1,416.2,416.2,530.5,520.6,517.7,521.3,519.3,525.2,534.8,539.8,538.2,537.1,536.0,534.7,529.1,527.8,528.8,529.3,533.9,527.9,527.8,527.2,0.50,0.07,0.41,0.00,0.00,0.51,0.00,0.00,0.69,0.00,0.71,2.34,0.00,0.00,0.16,0.06,0.00,0.00,0.00,0.00,0.00,0.00,0.00,0.00,0.00,0.00,0.00,0.00,1.00,0.00,1.00,0.00,0.00,0.00,1.00
246,0,8.167,0.88,1,0.074694,0.239250,-0.968081,-0.067775,0.170478,-0.983028,0.004,0.207,710.6,714.9,723.5,731.3,733.7,730.0,720.8,713.0,701.9,706.6,712.9,720.6,729.0,735.3,739.4,733.2,725.5,717.7,710.9,705.5,718.4,721.9,725.8,727.7,726.6,723.1,719.2,717.3,817.4,821.0,828.8,836.2,838.9,835.3,827.5,819.4,808.6,813.7,820.3,828.7,836.4,842.0,845.7,841.4,835.6,828.8,821.2,813.7,824.0,827.4,831.0,832.7,831.5,828.1,824.5,822.8,405.2,397.0,394.1,398.3,407.1,416.1,418.3,414.0,405.9,400.2,396.9,396.0,398.6,404.0,412.0,414.5,415.1,414.8,413.0,410.1,410.0,411.9,410.6,406.9,402.9,401.0,402.3,406.0,406.7,399.0,396.3,400.2,408.4,416.1,418.8,415.5,408.7,403.6,400.6,399.9,402.0,405.3,410.7,414.8,416.9,417.4,416.0,413.4,411.1,412.9,411.6,408.1,404.2,402.4,403.7,407.3,36.5,38.8,43.1,47.0,48.2,46.3,41.7,37.7,32.4,34.6,37.6,41.5,45.7,49.0,51.2,47.9,43.9,39.9,36.6,34.0,40.5,42.3,44.3,45.3,44.8,43.0,41.0,40.0,96.5,98.6,103.1,107.3,108.8,106.7,102.2,97.6,91.9,94.4,97.9,102.5,107.1,110.8,113.5,110.5,106.7,102.6,98.3,94.5,100.4,102.4,104.4,105.4,104.7,102.8,100.7,99.7,23.4,19.1,17.6,19.8,24.3,28.9,30.0,27.9,24.0,20.9,19.1,18.5,19.8,22.6,26.8,28.0,28.3,28.1,27.4,26.1,25.9,26.8,26.1,24.2,22.2,21.2,21.9,23.8,25.4,21.2,19.8,22.0,26.5,30.6,32.1,30.2,26.5,23.7,22.1,21.7,22.9,24.9,27.9,30.0,31.0,31.2,30.4,29.0,27.9,28.9,28.2,26.3,24.2,23.2,23.9,25.8,452.9,452.9,452.2,451.0,450.2,450.3,450.9,452.1,457.4,454.8,451.9,450.1,449.5,449.7,450.4,449.7,449.2,449.7,451.7,454.7,452.6,452.1,451.7,451.7,452.1,452.6,453.0,453.0,475.7,476.4,477.6,478.5,478.7,478.0,476.8,476.0,476.8,475.8,475.2,475.4,477.1,479.8,482.6,479.9,477.2,475.4,474.9,475.8,477.4,477.8,478.3,478.7,478.6,478.2,477.6,477.3,73.8,63.6,504.6,0.057,0.046,0.023,627.2,631.5,637.2,640.8,646.7,661.0,684.0,715.8,754.4,796.3,831.8,861.1,874.7,879.9,882.7,886.1,887.7,666.6,682.2,706.9,733.2,757.4,796.6,814.0,832.8,851.4,865.1,781.4,781.7,782.1,782.5,755.9,766.5,776.9,787.5,796.2,698.8,713.1,729.6,739.6,726.7,710.7,808.3,820.4,835.8,845.3,835.4,820.7,734.7,751.7,765.5,770.8,776.3,785.1,796.7,783.1,772.1,766.4,760.3,748.8,741.2,763.9,769.7,775.3,790.0,774.3,768.8,763.3,405.0,437.3,467.1,496.4,525.5,551.1,570.7,589.9,598.1,594.1,574.4,548.2,517.3,486.1,458.1,431.3,403.9,380.2,362.2,355.5,361.2,372.7,373.7,366.0,362.9,362.7,374.0,404.3,426.4,447.9,470.1,484.1,489.4,493.5,492.3,488.5,405.4,397.6,398.8,409.9,414.6,413.3,410.2,401.0,401.3,410.4,416.6,416.5,530.6,520.7,517.8,521.4,519.4,525.5,535.2,539.2,536.9,535.7,534.6,533.9,529.2,528.2,529.2,529.7,534.3,526.3,526.1,525.6,0.50,0.07,0.47,0.00,0.00,0.40,0.00,0.00,0.63,0.00,0.66,2.57,0.00,0.00,0.01,0.19,0.05,0.00,0.00,0.00,0.00,0.00,0.00,0.00,0.00,0.00,0.00,0.00,1.00,0.00,1.00,0.00,0.00,0.00,1.00
247,0,8.200,0.88,1,0.084514,0.237398,-0.967729,-0.070074,0.173073,-0.982413,0.007,0.207,709.7,713.9,722.5,730.4,733.1,729.6,720.4,712.4,700.8,705.4,711.7,719.5,727.9,734.2,738.4,732.4,724.7,716.9,710.0,704.5,717.6,721.2,725.1,727.0,725.8,722.2,718.3,716.4,816.6,820.3,828.2,835.7,838.3,834.6,826.7,818.5,807.6,813.0,819.9,828.3,836.0,841.5,845.2,841.0,835.1,828.3,820.4,812.7,823.3,826.7,830.3,832.0,830.8,827.4,823.8,822.1,405.3,396.9,393.9,398.0,406.9,416.0,418.3,414.1,405.8,400.2,396.9,395.9,398.3,403.5,411.6,414.2,415.0,414.9,413.1,410.2,409.9,411.8,410.5,406.7,402.6,400.7,402.1,405.9,406.7,398.9,396.2,400.2,408.6,416.4,419.1,415.7,407.8,403.2,400.6,400.1,402.2,405.5,410.7,415.1,417.3,417.8,416.1,413.1,411.2,413.0,411.8,408.2,404.4,402.5,403.8,407.4,36.1,38.2,42.6,46.6,47.9,46.1,41.4,37.4,31.8,34.0,37.0,40.9,45.1,48.4,50.7,47.5,43.5,39.5,36.2,33.5,40.2,42.0,44.0,45.0,44.4,42.5,40.5,39.6,94.4,96.6,101.1,105.3,106.7,104.6,100.1,95.5,89.8,92.5,96.1,100.7,105.2,108.8,111.4,108.5,104.7,100.6,96.3,92.4,98.4,100.3,102.3,103.3,102.7,100.7,98.7,97.7,23.4,19.1,17.5,19.6,24.2,28.8,30.1,28.0,23.9,20.9,19.1,18.4,19.7,22.4,26.6,27.9,28.3,28.2,27.4,26.1,25.8,26.8,26.1,24.1,22.0,21.1,21.8,23.8,25.0,20.8,19.4,21.6,26.2,30.3,31.7,29.8,25.6,23.1,21.7,21.4,22.6,24.5,27.5,29.7,30.7,30.9,29.9,28.4,27.5,28.5,27.9,26.0,23.9,22.9,23.5,25.4,452.8,452.8,452.1,451.1,450.5,450.7,451.2,452.2,457.1,454.6,451.7,450.0,449.6,449.8,450.7,450.0,449.4,449.8,451.8,454.6,452.7,452.3,451.9,451.9,452.2,452.7,453.0,453.0,467.8,468.6,469.9,470.9,471.0,470.3,469.0,468.2,468.9,467.9,467.4,467.7,469.5,472.2,475.1,472.4,469.6,467.6,467.1,467.9,469.6,470.1,470.6,471.0,470.9,470.4,469.9,469.5,73.6,63.5,505.4,0.040,0.046,0.023,627.1,631.6,637.3,640.9,646.7,661.1,683.9,715.6,754.1,796.0,831.6,860.7,873.9,878.7,881.1,884.6,886.2,665.4,681.4,706.3,732.4,756.8,796.0,813.6,832.2,850.9,864.8,780.7,781.1,781.5,782.0,755.3,766.0,776.4,786.9,795.5,697.7,712.0,728.6,738.9,725.8,709.6,807.5,819.8,835.4,844.9,834.9,820.1,734.5,751.5,764.7,770.4,776.2,784.7,796.1,782.8,772.2,766.1,759.7,748.8,741.2,763.1,769.3,775.2,789.3,774.4,768.6,762.8,404.9,437.2,467.2,496.7,525.9,551.5,571.0,589.8,597.6,593.6,573.9,547.5,516.6,485.3,457.4,430.7,403.5,379.9,362.2,355.6,361.3,372.4,373.6,366.3,363.1,362.7,373.9,403.9,426.2,448.0,470.4,484.5,489.7,493.8,492.6,488.9,405.2,397.5,398.6,409.5,414.5,413.3,409.9,401.0,401.5,410.4,416.7,416.5,531.1,521.1,517.9,521.6,519.5,525.8,535.7,537.3,534.3,533.1,532.0,532.3,529.7,529.1,530.2,530.6,534.6,522.6,522.4,521.9,0.51,0.04,0.59,0.00,0.00,0.23,0.00,0.00,0.56,0.00,0.69,2.72,0.00,0.00,0.00,0.34,0.14,0.00,0.00,0.00,0.00,0.00,0.00,0.00,0.00,0.00,0.00,0.00,1.00,0.00,1.00,0.00,0.00,0.00,1.00
248,0,8.233,0.98,1,0.092734,0.231469,-0.968412,-0.085061,0.170968,-0.981598,0.004,0.204,708.9,713.2,721.8,729.8,732.5,728.9,719.7,711.6,699.5,704.2,710.6,718.6,727.0,733.4,737.7,731.6,723.9,716.1,709.1,703.5,716.9,720.5,724.4,726.3,725.1,721.5,717.6,715.6,815.6,819.4,827.3,834.8,837.4,833.7,825.7,817.5,806.8,812.2,819.2,827.7,835.4,841.0,844.8,840.5,834.6,827.7,819.7,811.9,822.4,825.8,829.3,831.0,829.8,826.5,822.9,821.2,405.1,396.7,393.7,398.0,407.0,416.0,418.3,414.0,405.7,400.1,397.0,395.8,398.2,403.4,411.5,414.2,415.3,415.2,413.4,410.2,409.8,411.7,410.4,406.6,402.5,400.6,401.9,405.7,407.0,399.1,396.4,400.4,408.8,416.7,419.4,415.9,407.6,403.2,400.7,400.2,402.3,405.6,410.7,415.2,417.4,417.8,416.1,413.1,411.3,413.2,411.9,408.4,404.6,402.8,404.0,407.6,35.5,37.6,42.0,46.1,47.4,45.6,40.9,36.8,30.9,33.2,36.2,40.2,44.5,47.8,50.1,46.9,42.9,38.9,35.5,32.8,39.5,41.4,43.4,44.4,43.8,41.9,39.9,38.9,93.4,95.5,100.0,104.2,105.7,103.5,99.0,94.5,88.9,91.6,95.2,99.8,104.3,107.9,110.6,107.6,103.9,99.8,95.4,91.4,97.4,99.2,101.3,102.2,101.6,99.7,97.7,96.7,23.2,18.9,17.3,19.5,24.1,28.7,29.9,27.8,23.7,20.7,19.0,18.3,19.5,22.2,26.4,27.8,28.2,28.3,27.4,25.9,25.6,26.6,25.9,23.9,21.9,20.9,21.6,23.5,25.0,20.8,19.4,21.6,26.1,30.3,31.7,29.8,25.4,23.0,21.6,21.4,22.6,24.5,27.4,29.6,30.6,30.7,29.8,28.2,27.4,28.4,27.8,25.9,23.9,22.9,23.5,25.4,450.1,450.0,449.4,448.7,448.3,448.7,449.0,449.8,454.3,451.7,448.9,447.3,447.1,447.5,448.6,447.8,447.1,447.4,449.2,451.9,450.3,450.0,449.7,449.6,449.8,450.1,450.4,450.5,465.3,466.0,467.2,468.2,468.4,467.6,466.5,465.7,466.4,465.3,464.8,465.1,467.0,469.7,472.6,469.8,467.0,465.0,464.5,465.3,467.0,467.5,468.0,468.3,468.2,467.8,467.2,466.9,73.2,63.4,505.5,0.021,0.051,0.025,626.7,631.3,637.1,640.8,646.6,660.9,683.5,715.1,753.6,795.4,831.2,860.3,873.3,877.7,879.9,883.7,885.5,664.4,680.7,705.6,731.5,756.0,795.3,813.0,831.7,850.5,864.6,779.8,780.1,780.5,780.9,754.5,765.2,775.4,785.8,794.4,696.7,711.0,727.8,738.2,724.9,708.6,806.6,819.1,834.8,844.6,834.3,819.3,734.0,751.0,763.7,769.5,775.4,783.8,795.2,781.8,771.5,765.3,758.9,748.4,740.9,761.9,768.3,774.4,788.2,773.7,767.9,762.0,405.3,437.5,467.6,497.1,526.2,551.8,571.2,589.6,597.2,593.4,574.1,547.8,517.0,485.6,457.8,431.1,403.9,379.8,362.3,355.8,361.4,372.4,373.7,366.3,363.2,362.7,374.0,403.5,426.1,448.2,471.0,485.1,490.3,494.4,493.1,489.5,405.1,397.5,398.5,409.3,414.5,413.3,409.8,401.1,401.7,410.6,417.0,416.6,531.3,521.4,518.0,521.8,519.6,526.2,536.2,535.9,531.9,530.7,529.7,530.7,529.9,530.2,531.2,531.7,535.0,519.2,518.9,518.5,0.52,0.00,0.58,0.00,0.00,0.05,0.00,0.00,0.52,0.00,0.65,2.83,0.00,0.00,0.00,0.49,0.14,0.00,0.00,0.00,0.00,0.00,0.00,0.00,0.00,0.00,0.00,0.00,1.00,0.00,1.00,0.00,0.00,0.00,1.00
249,0,8.267,0.98,1,0.080682,0.245667,-0.965991,-0.066145,0.160926,-0.984747,0.007,0.205,708.1,712.2,720.8,728.7,731.4,727.7,718.7,710.8,697.7,703.3,710.5,718.6,726.7,732.6,736.2,730.7,723.8,716.2,708.9,702.4,715.6,719.2,723.1,724.9,723.7,720.1,716.3,714.4,814.8,818.6,826.5,834.0,836.6,832.9,824.9,816.7,805.6,811.0,818.0,826.6,834.4,840.0,843.7,839.4,833.6,826.7,818.7,810.9,821.5,824.9,828.5,830.2,829.0,825.6,822.0,820.3,405.4,397.2,394.3,398.5,407.3,416.1,418.3,414.1,405.4,399.9,397.0,396.0,398.3,403.5,411.5,413.9,414.9,414.7,412.8,409.7,409.9,411.8,410.5,406.8,402.9,400.9,402.2,405.9,406.7,398.8,396.2,400.3,408.8,416.6,419.3,415.7,407.6,403.2,400.7,400.3,402.5,405.7,410.9,415.2,417.2,417.6,415.9,412.9,411.2,413.1,411.9,408.3,404.5,402.7,403.9,407.4,36.1,38.3,42.8,47.0,48.5,46.6,41.7,37.5,30.8,33.6,37.3,41.5,45.8,49.1,51.1,48.1,44.3,40.2,36.4,33.1,40.1,42.0,44.1,45.1,44.5,42.5,40.5,39.5,92.6,94.8,99.3,103.5,104.9,102.7,98.2,93.7,88.0,90.6,94.2,98.8,103.4,107.0,109.6,106.7,102.9,98.9,94.5,90.5,96.5,98.4,100.5,101.5,100.8,98.9,96.9,95.9,24.0,19.7,18.2,20.4,25.1,29.8,30.9,28.7,24.2,21.2,19.5,19.0,20.2,23.0,27.4,28.6,29.0,28.9,27.9,26.4,26.5,27.5,26.8,24.9,22.8,21.7,22.4,24.4,24.7,20.6,19.3,21.5,26.0,30.2,31.5,29.5,25.3,22.9,21.6,21.3,22.6,24.5,27.4,29.5,30.4,30.5,29.5,28.0,27.3,28.3,27.7,25.8,23.7,22.7,23.3,25.2,463.5,463.6,463.8,464.0,464.1,464.3,463.7,463.5,466.4,464.5,462.3,461.6,462.4,463.5,465.0,463.7,462.2,461.6,462.6,464.6,464.5,464.6,464.7,464.8,464.8,464.7,464.6,464.5,463.6,464.4,465.7,466.7,466.9,466.0,464.7,463.8,464.6,463.6,463.1,463.5,465.4,468.1,471.0,468.1,465.3,463.3,462.6,463.5,465.3,465.8,466.4,466.8,466.7,466.2,465.7,465.3,72.9,63.3,506.1,0.008,0.049,0.024,626.1,630.8,636.7,640.4,646.4,660.8,683.4,714.8,753.0,794.5,830.2,859.0,872.0,876.4,878.6,882.5,884.2,663.4,679.6,704.5,730.3,754.8,794.0,811.6,830.3,849.0,863.4,778.5,778.9,779.4,779.9,753.3,764.2,774.6,785.1,793.9,695.9,710.3,727.0,737.5,724.3,708.0,805.3,818.1,833.7,843.5,833.2,818.2,733.0,749.9,762.5,769.2,776.2,784.7,795.9,782.8,772.6,765.3,758.0,747.5,739.9,760.7,768.0,775.2,788.8,774.7,767.7,760.9,405.6,437.9,468.0,497.5,526.6,552.2,571.7,589.8,597.1,593.6,574.5,548.4,517.7,486.2,458.2,431.3,404.0,380.1,362.5,356.1,361.6,372.4,373.9,366.5,363.2,362.7,373.8,403.4,426.0,448.3,471.1,485.1,490.3,494.4,493.0,489.4,405.0,397.5,398.4,409.1,414.2,413.1,409.7,401.2,401.8,410.5,416.8,416.4,530.7,520.7,517.2,521.2,518.8,525.3,535.4,534.1,530.3,529.3,528.2,529.4,529.3,529.7,530.9,531.3,534.2,517.1,517.0,516.4,0.67,0.00,0.54,0.00,0.00,0.01,0.00,0.00,0.56,0.13,0.49,2.89,0.00,0.00,0.00,0.54,0.11,0.00,0.00,0.00,0.00,0.00,0.00,0.00,0.00,0.00,0.00,0.00,1.00,0.00,1.00,0.00,0.00,0.00,1.00
250,0,8.300,0.98,1,0.105123,0.259130,-0.960105,-0.052067,0.145403,-0.988002,0.027,0.205,707.3,711.4,719.7,727.3,729.7,725.8,717.2,709.7,693.6,701.2,710.0,717.9,724.9,730.2,733.2,728.6,722.5,715.5,707.5,699.5,713.7,717.1,720.9,722.8,721.7,718.3,714.5,712.6,813.2,817.0,825.0,832.5,835.2,831.4,823.4,815.1,803.3,809.0,816.2,824.8,832.5,838.1,841.8,837.5,831.6,824.6,816.6,808.5,819.9,823.3,826.9,828.6,827.4,824.0,820.4,818.7,404.4,395.7,392.6,397.1,406.5,416.0,418.3,413.8,400.9,397.3,395.5,395.5,398.1,403.0,410.2,413.8,415.0,414.7,411.9,407.2,409.2,411.3,409.9,405.9,401.7,399.6,401.0,405.0,405.5,397.6,395.0,399.3,407.9,415.8,418.3,414.7,406.6,402.1,399.6,399.1,401.4,405.0,410.4,414.9,416.9,417.2,415.3,412.2,410.2,412.2,411.0,407.4,403.5,401.6,402.8,406.3,33.2,35.3,39.6,43.5,44.8,42.8,38.3,34.4,26.5,30.2,34.5,38.4,42.1,45.0,46.7,44.1,40.9,37.2,33.2,29.3,36.6,38.3,40.3,41.3,40.7,38.9,37.0,36.0,89.8,92.0,96.5,100.7,102.0,99.8,95.3,90.8,84.9,87.7,91.3,95.9,100.3,103.9,106.5,103.5,99.8,95.7,91.4,87.4,93.7,95.5,97.6,98.6,97.9,96.1,94.0,93.1,21.9,17.6,16.2,18.5,23.2,27.9,28.9,26.6,20.2,18.4,17.5,17.5,18.9,21.4,25.1,26.8,27.3,27.0,25.6,23.3,24.4,25.5,24.9,22.9,20.8,19.7,20.3,22.3,23.6,19.5,18.3,20.5,25.0,29.1,30.3,28.3,24.2,21.8,20.5,20.3,21.6,23.6,26.6,28.8,29.6,29.6,28.6,27.1,26.2,27.2,26.6,24.8,22.8,21.7,22.3,24.1,431.4,432.2,434.2,436.2,437.0,436.5,434.2,432.2,432.4,431.6,431.0,431.8,433.8,436.0,438.5,436.2,433.4,431.4,430.7,431.4,434.1,434.9,435.8,436.2,435.9,435.0,434.1,433.7,453.7,454.9,456.4,457.5,457.4,456.3,454.8,453.8,454.8,453.9,453.6,454.1,455.9,458.7,461.6,458.5,455.6,453.5,452.8,453.6,455.5,456.0,456.7,457.2,457.2,456.8,456.1,455.6,71.4,63.1,503.1,0.013,0.057,0.023,625.6,630.2,636.3,640.3,646.1,659.6,681.5,711.9,750.4,792.9,829.1,858.1,870.8,874.8,876.9,880.7,882.1,662.0,677.7,701.5,726.4,750.3,794.2,811.4,829.5,847.4,860.8,776.5,776.8,777.2,777.5,751.5,762.1,772.5,782.9,791.4,694.1,708.2,725.0,735.7,722.4,706.0,803.2,816.0,831.9,841.8,831.4,816.2,731.2,747.5,760.3,766.8,773.9,782.5,793.6,780.6,770.0,762.7,755.4,745.0,737.9,758.5,765.7,772.9,786.6,772.3,765.3,758.6,406.3,438.9,469.3,498.7,527.2,552.0,570.9,589.1,597.2,594.4,575.6,549.0,517.8,486.1,458.2,431.3,403.8,379.4,362.6,356.1,361.6,371.8,373.4,366.6,363.4,363.1,374.0,402.5,426.0,449.2,472.8,485.8,491.2,495.4,494.0,490.3,403.7,396.1,397.2,408.3,413.1,412.0,409.1,400.2,400.8,409.8,416.1,415.6,531.2,521.4,518.2,522.3,520.0,526.6,536.4,536.2,532.9,531.8,530.5,530.8,530.0,530.6,531.8,532.3,535.3,519.5,519.2,518.4,0.65,0.00,0.53,0.00,0.00,0.01,0.00,0.01,0.66,0.23,0.41,2.90,0.00,0.00,0.00,0.57,0.05,0.00,0.00,0.00,0.00,0.00,0.00,0.00,0.00,0.00,0.00,0.00,1.00,0.00,1.00,0.00,0.00,0.00,1.00
251,0,8.333,0.98,1,0.120730,0.241886,-0.962765,-0.061638,0.151058,-0.986601,0.030,0.199,706.9,710.9,719.1,726.7,729.2,725.4,717.0,709.4,692.5,700.3,709.2,717.2,724.3,729.5,732.3,727.6,721.5,714.6,706.5,698.5,713.2,716.7,720.5,722.4,721.2,717.8,714.0,712.1,811.9,815.6,823.6,831.1,833.7,829.9,822.0,813.8,802.3,807.8,814.8,823.3,831.0,836.7,840.5,836.1,830.1,823.0,815.2,807.4,818.5,822.0,825.7,827.4,826.2,822.7,819.0,817.3,404.1,395.1,392.0,396.5,406.0,415.6,418.0,413.5,400.6,396.9,395.1,395.1,397.8,402.9,410.3,414.1,415.4,415.1,412.2,407.3,408.9,411.0,409.6,405.5,401.2,399.1,400.5,404.6,405.2,397.5,395.0,399.2,407.7,415.4,417.9,414.3,406.6,401.8,398.9,398.4,400.7,404.5,410.2,414.6,416.6,416.9,415.1,412.1,410.0,412.0,410.8,407.3,403.3,401.4,402.5,406.1,32.4,34.5,38.7,42.6,43.9,41.9,37.6,33.7,25.5,29.2,33.5,37.5,41.1,43.9,45.5,42.9,39.7,36.1,32.2,28.4,35.7,37.5,39.5,40.4,39.8,38.0,36.1,35.2,90.7,92.9,97.4,101.5,102.9,100.6,96.1,91.7,85.9,88.6,92.2,96.7,101.2,104.7,107.4,104.4,100.5,96.4,92.2,88.3,94.5,96.4,98.5,99.5,98.9,97.0,94.9,93.8,21.4,17.1,15.6,17.9,22.6,27.3,28.3,26.0,19.8,17.9,17.0,17.0,18.4,21.0,24.8,26.5,27.0,26.7,25.2,22.9,23.9,24.9,24.3,22.3,20.2,19.1,19.8,21.7,23.9,19.8,18.6,20.8,25.3,29.4,30.6,28.6,24.7,22.0,20.5,20.2,21.6,23.7,26.9,29.0,29.9,30.0,29.0,27.5,26.5,27.5,27.0,25.1,23.0,22.0,22.5,24.4,424.3,425.2,427.3,429.4,430.1,429.5,427.0,425.0,425.2,424.4,423.8,424.6,426.7,428.9,431.3,428.9,426.2,424.2,423.5,424.2,426.9,427.9,428.8,429.3,428.9,428.0,427.1,426.6,461.6,462.7,464.1,464.9,464.8,463.7,462.3,461.6,462.8,461.9,461.4,461.7,463.4,466.0,468.7,465.7,462.9,461.0,460.5,461.5,463.2,463.6,464.2,464.7,464.8,464.4,463.8,463.2,70.4,63.0,500.6,0.016,0.066,0.021,624.5,628.8,634.8,638.9,645.0,659.2,682.0,712.9,751.2,793.0,828.9,857.8,870.7,875.2,877.8,881.7,883.3,660.5,675.2,698.9,723.8,747.9,792.6,809.8,827.9,846.1,859.7,774.8,775.1,775.4,775.6,750.0,760.6,771.0,781.4,790.1,693.3,707.3,724.1,734.7,721.6,705.1,801.9,814.6,830.5,840.5,830.2,815.0,730.2,746.5,759.1,765.5,772.4,781.1,792.7,779.2,768.6,761.6,754.5,744.0,737.0,757.5,764.5,771.5,785.6,770.8,764.0,757.5,405.3,437.7,468.1,497.8,526.8,552.5,572.1,590.2,597.9,594.7,575.8,549.9,519.5,488.4,460.4,433.1,405.1,380.2,362.6,355.7,361.1,371.5,373.2,366.0,362.7,362.3,373.4,402.6,426.4,449.9,473.8,486.7,492.0,496.2,494.7,490.9,403.5,395.8,396.9,408.3,413.1,412.0,408.9,399.7,400.2,409.4,415.9,415.5,531.3,522.3,519.2,523.3,520.9,527.3,536.4,536.5,533.1,532.0,530.8,531.2,530.0,531.5,532.8,533.2,535.5,519.5,519.3,518.6,0.63,0.00,0.58,0.00,0.00,0.03,0.00,0.01,0.72,0.23,0.25,2.77,0.00,0.00,0.00,0.62,0.14,0.00,0.00,0.00,0.00,0.00,0.00,0.00,0.00,0.00,0.00,0.00,1.00,0.00,1.00,0.00,0.00,0.00,1.00
252,0,8.367,0.98,1,0.126616,0.230991,-0.964682,-0.068924,0.141978,-0.987467,0.030,0.189,705.5,709.5,717.9,725.6,728.3,724.5,715.9,708.2,690.2,698.3,707.7,716.0,723.2,728.5,731.4,726.8,720.6,713.4,705.0,696.5,712.0,715.5,719.4,721.2,720.0,716.4,712.6,710.8,810.6,814.4,822.5,830.2,833.0,829.3,821.1,812.7,800.8,806.5,813.8,822.5,830.3,836.0,839.7,835.5,829.6,822.5,814.4,806.3,817.4,821.0,824.7,826.5,825.2,821.6,817.8,816.1,404.0,394.7,391.4,395.9,405.6,415.6,418.2,413.7,400.2,396.7,395.1,395.3,398.1,403.1,410.1,414.1,415.4,415.0,412.0,407.1,408.9,411.0,409.4,405.2,400.7,398.7,400.2,404.4,404.5,396.5,393.9,398.2,407.0,415.0,417.6,413.9,406.1,400.9,397.9,397.2,399.6,403.5,409.4,413.9,416.0,416.3,414.6,411.6,409.5,411.5,410.3,406.6,402.5,400.5,401.7,405.5,30.6,32.5,36.6,40.5,41.8,40.0,35.7,31.9,23.5,27.2,31.6,35.5,39.1,41.9,43.5,41.0,37.8,34.3,30.3,26.4,33.8,35.6,37.5,38.4,37.8,36.0,34.1,33.2,86.9,89.0,93.5,97.7,99.1,96.9,92.4,87.9,82.1,84.8,88.5,93.1,97.4,100.9,103.5,100.6,96.9,92.9,88.6,84.6,90.7,92.6,94.7,95.7,95.0,93.1,91.0,90.0,20.5,16.3,14.8,17.0,21.6,26.3,27.4,25.1,18.8,17.1,16.4,16.5,17.9,20.4,23.8,25.6,26.0,25.7,24.3,22.0,23.0,24.0,23.3,21.4,19.2,18.2,18.9,20.9,22.7,18.6,17.4,19.6,24.1,28.2,29.4,27.4,23.5,20.9,19.3,19.0,20.3,22.4,25.6,27.7,28.6,28.7,27.7,26.3,25.3,26.4,25.8,23.9,21.8,20.8,21.4,23.2,408.5,409.4,411.6,413.8,414.7,414.1,411.5,409.3,409.3,408.7,408.2,409.2,411.4,413.8,416.2,413.8,410.9,408.7,407.8,408.4,411.3,412.2,413.3,413.7,413.3,412.4,411.3,410.9,445.6,446.8,448.4,449.5,449.3,448.1,446.5,445.6,446.5,445.8,445.6,446.1,448.0,450.7,453.4,450.4,447.3,445.2,444.6,445.4,447.3,447.8,448.5,449.1,449.2,448.7,448.0,447.4,69.5,62.6,497.5,0.009,0.071,0.018,623.5,628.0,634.3,638.7,645.2,659.7,682.7,713.5,751.4,792.7,828.3,857.1,870.3,875.0,877.8,881.8,883.4,658.8,673.7,697.5,722.7,747.0,790.7,808.1,826.5,845.2,859.2,773.5,773.9,774.3,774.7,749.2,759.8,770.2,780.6,789.3,691.7,705.7,722.7,733.7,720.3,703.6,800.7,813.5,829.7,840.0,829.6,814.0,729.2,745.6,758.4,764.7,771.6,780.5,792.6,778.6,767.9,760.9,753.8,743.2,736.0,756.8,763.7,770.7,785.4,769.9,763.2,756.8,405.6,438.1,468.5,498.4,527.4,553.1,572.7,590.6,598.0,594.9,576.5,551.1,521.1,490.2,462.0,434.2,405.7,380.5,362.7,355.7,360.9,371.3,372.7,365.2,361.8,361.6,372.9,402.0,426.0,449.7,473.7,487.0,492.2,496.3,494.8,491.0,403.5,395.5,396.6,408.3,413.0,412.1,408.6,398.8,399.3,408.6,415.3,415.0,531.4,522.7,519.5,523.6,521.2,527.6,536.4,536.6,533.2,532.1,530.9,531.4,530.2,531.9,533.1,533.4,535.5,519.3,519.1,518.4,0.58,0.00,0.63,0.00,0.00,0.02,0.00,0.01,0.71,0.10,0.23,2.57,0.00,0.00,0.00,0.68,0.22,0.00,0.00,0.00,0.00,0.00,0.00,0.00,0.00,0.00,0.00,0.00,1.00,0.00,1.00,0.00,0.00,0.00,1.00
253,0,8.400,0.98,1,0.138483,0.220630,-0.965477,-0.075602,0.144904,-0.986553,0.032,0.185,704.3,708.2,716.4,724.1,726.8,723.1,714.7,707.0,688.5,696.5,706.0,714.3,721.5,726.8,729.7,725.2,719.1,711.9,703.4,694.8,710.7,714.2,717.9,719.7,718.5,715.0,711.3,709.5,809.2,812.9,821.0,828.7,831.5,827.9,819.8,811.3,799.3,805.2,812.6,821.4,829.1,834.6,838.1,834.2,828.5,821.6,813.4,805.0,815.8,819.5,823.3,825.0,823.7,820.0,816.2,814.5,404.0,394.8,391.4,395.8,405.5,415.4,418.2,413.7,400.8,397.1,395.3,395.4,398.1,403.1,410.0,414.1,415.4,415.1,412.3,407.5,408.8,410.8,409.3,405.1,400.7,398.7,400.3,404.4,404.5,396.3,393.5,397.9,406.7,415.0,417.7,414.0,406.0,400.8,397.7,396.9,399.1,402.9,408.8,413.5,415.8,416.2,414.5,411.5,409.5,411.5,410.2,406.4,402.2,400.2,401.4,405.3,29.9,31.8,35.8,39.6,41.0,39.2,35.0,31.2,22.6,26.3,30.6,34.6,38.2,40.9,42.5,40.2,37.0,33.5,29.4,25.5,33.1,34.8,36.7,37.5,36.9,35.2,33.4,32.5,84.6,86.7,91.1,95.3,96.7,94.6,90.2,85.7,79.8,82.6,86.3,90.9,95.2,98.6,101.0,98.4,94.8,90.8,86.6,82.5,88.3,90.3,92.3,93.3,92.7,90.7,88.6,87.6,20.5,16.2,14.7,16.9,21.5,26.1,27.3,25.0,19.0,17.3,16.4,16.5,17.8,20.3,23.7,25.5,25.9,25.6,24.3,22.1,22.9,23.9,23.2,21.3,19.2,18.2,18.9,20.8,22.2,18.2,16.9,19.1,23.6,27.7,28.9,27.0,23.0,20.4,18.8,18.5,19.7,21.7,24.9,27.1,28.0,28.1,27.2,25.8,24.9,25.9,25.3,23.4,21.3,20.2,20.8,22.8,406.8,407.8,410.1,412.3,413.2,412.6,409.9,407.6,407.6,407.0,406.6,407.6,409.8,412.3,414.8,412.4,409.5,407.2,406.3,406.7,409.6,410.7,411.7,412.1,411.8,410.8,409.7,409.3,437.5,438.7,440.5,441.8,441.8,440.6,438.9,437.7,438.2,437.6,437.5,438.3,440.4,443.4,446.4,443.2,440.0,437.7,436.8,437.3,439.5,440.1,440.9,441.5,441.4,440.8,440.0,439.4,69.0,62.7,497.3,0.002,0.071,0.015,622.6,627.2,633.7,638.4,645.2,660.1,683.3,714.3,752.0,792.8,827.7,855.9,869.1,873.9,876.7,880.6,882.2,657.4,672.4,696.3,721.5,745.7,789.1,806.6,825.2,844.0,858.2,771.9,772.5,773.0,773.5,748.2,758.9,769.3,779.7,788.4,690.1,704.0,721.0,732.1,718.8,702.0,799.4,812.2,828.4,838.8,828.4,812.9,728.8,745.1,757.5,764.0,771.0,780.0,792.1,778.2,767.5,760.4,753.2,742.9,735.7,756.0,763.1,770.2,785.0,769.3,762.5,756.0,406.3,438.7,469.0,499.0,528.0,553.6,573.4,591.1,598.3,595.1,577.1,552.1,522.3,491.5,462.8,434.5,405.5,380.5,362.7,355.8,361.0,371.3,372.5,364.7,361.3,361.1,372.6,401.8,425.8,449.4,473.5,487.1,492.2,496.2,494.7,490.8,403.8,395.7,396.6,408.2,413.1,412.3,408.4,398.6,399.0,408.2,415.1,414.8,531.8,523.3,520.1,524.1,521.7,528.0,536.5,536.4,532.9,531.9,530.7,531.3,530.6,532.2,533.5,533.7,535.6,519.4,519.2,518.5,0.50,0.00,0.64,0.00,0.00,0.02,0.00,0.00,0.66,0.04,0.17,2.38,0.00,0.01,0.00,0.80,0.35,0.00,0.00,0.00,0.00,0.00,0.00,0.00,0.00,0.00,0.00,0.00,1.00,0.00,1.00,0.00,0.00,0.00,1.00
254,0,8.433,0.98,1,0.151455,0.208458,-0.966233,-0.074891,0.148978,-0.986000,0.039,0.181,702.8,706.5,714.6,722.3,725.2,721.7,713.4,705.7,686.2,694.1,703.7,712.4,719.9,725.2,728.1,723.9,717.8,710.5,701.8,692.9,709.2,712.7,716.4,718.1,716.8,713.3,709.6,707.9,807.6,811.2,819.5,827.4,830.5,826.8,818.6,809.8,797.9,803.7,811.0,819.8,827.7,833.4,837.3,833.3,827.5,820.4,812.1,803.7,814.5,818.2,822.1,823.8,822.4,818.6,814.8,813.1,404.2,394.8,391.2,395.5,405.3,415.4,418.3,414.0,402.3,398.0,395.7,395.3,397.8,402.8,409.9,414.0,415.5,415.5,413.0,408.7,409.0,410.9,409.3,405.1,400.6,398.7,400.3,404.5,403.9,395.6,392.9,397.3,406.2,414.4,417.2,413.4,405.7,400.2,396.9,396.0,398.2,402.1,408.1,412.6,414.7,415.2,413.7,411.0,409.0,411.1,409.8,405.9,401.7,399.6,400.9,404.8,28.6,30.4,34.3,38.1,39.5,37.8,33.7,30.0,21.1,24.7,29.0,33.1,36.7,39.4,41.0,38.8,35.7,32.2,28.1,24.1,31.8,33.5,35.3,36.1,35.5,33.8,32.0,31.2,83.6,85.7,90.2,94.4,95.9,93.8,89.3,84.7,78.9,81.7,85.4,89.9,94.2,97.7,100.3,97.6,94.0,89.9,85.7,81.6,87.4,89.4,91.5,92.5,91.8,89.8,87.7,86.7,20.2,15.9,14.3,16.4,21.0,25.7,26.8,24.7,19.3,17.3,16.3,16.1,17.4,19.8,23.2,25.0,25.5,25.3,24.2,22.2,22.5,23.5,22.8,20.8,18.8,17.8,18.5,20.4,21.9,17.8,16.5,18.8,23.2,27.3,28.6,26.7,22.9,20.1,18.4,18.0,19.2,21.3,24.5,26.6,27.4,27.5,26.7,25.4,24.6,25.6,25.0,23.1,21.0,19.9,20.5,22.5,399.0,400.0,402.4,404.7,405.6,404.9,402.2,399.9,399.7,399.1,398.7,399.8,402.2,404.7,407.2,404.8,401.8,399.5,398.5,398.9,401.9,402.9,404.0,404.5,404.1,403.0,402.0,401.5,436.6,438.0,439.7,440.8,440.6,439.2,437.5,436.6,437.4,436.9,436.9,437.6,439.5,442.2,444.9,441.7,438.6,436.3,435.6,436.3,438.4,438.9,439.7,440.3,440.4,439.9,439.1,438.5,68.4,62.7,496.9,0.004,0.069,0.008,621.4,626.3,633.2,638.1,645.1,659.9,683.1,714.6,752.6,793.1,827.6,855.2,867.9,872.1,874.5,878.2,879.6,655.4,670.2,694.2,719.6,744.0,787.1,804.6,823.4,842.4,856.9,770.2,770.9,771.7,772.3,747.2,757.9,768.4,778.8,787.6,688.1,701.9,719.1,730.6,717.1,700.2,797.8,810.8,827.1,837.8,827.3,811.6,727.5,744.2,756.9,763.4,770.1,779.6,792.4,778.1,767.0,760.0,752.9,742.1,734.5,755.5,762.5,769.4,785.1,768.5,761.9,755.4,406.7,439.0,469.3,499.1,528.1,554.0,573.9,591.9,598.9,595.5,577.4,552.2,522.3,491.3,462.6,434.0,404.6,381.3,363.2,356.3,361.3,371.5,372.4,364.1,360.6,360.4,371.9,401.3,425.5,449.3,473.5,487.2,492.3,496.3,494.6,490.6,404.4,395.9,396.7,408.2,413.4,412.7,407.9,397.9,398.2,407.5,414.4,414.2,532.1,523.9,520.7,524.5,522.1,528.2,536.4,537.4,534.3,533.3,532.2,532.5,531.0,532.7,533.8,533.9,535.6,520.5,520.3,519.6,0.33,0.00,0.59,0.00,0.00,0.00,0.00,0.00,0.67,0.09,0.14,2.23,0.00,0.01,0.00,0.91,0.31,0.00,0.00,0.00,0.00,0.00,0.00,0.00,0.00,0.00,0.00,0.00,1.00,0.00,1.00,0.00,0.00,0.00,1.00
255,0,8.467,0.98,1,0.156319,0.215532,-0.963904,-0.061492,0.157061,-0.985673,0.049,0.189,701.5,705.0,713.0,720.8,723.8,720.5,712.3,704.5,685.2,692.9,702.2,710.8,718.3,723.8,726.8,722.4,716.4,709.1,700.5,691.8,708.1,711.6,715.2,716.8,715.4,711.9,708.3,706.7,806.5,810.2,818.2,826.0,828.9,825.3,817.2,808.7,796.9,802.6,809.8,818.4,826.0,831.7,835.7,831.6,825.7,818.7,810.6,802.5,813.3,816.9,820.7,822.4,821.0,817.4,813.7,811.9,404.7,395.4,391.8,395.9,405.4,415.4,418.4,414.2,403.1,398.5,395.9,395.3,397.8,402.7,410.0,414.1,415.6,415.7,413.5,409.3,409.2,411.1,409.5,405.3,401.0,399.1,400.8,404.9,403.8,395.8,393.1,397.3,406.1,414.1,416.8,413.2,405.4,400.2,397.1,396.3,398.4,402.1,407.8,412.3,414.5,415.0,413.4,410.7,408.8,410.7,409.5,405.7,401.7,399.7,400.9,404.7,28.6,30.3,34.3,38.1,39.6,38.0,33.9,30.1,21.1,24.6,28.9,33.0,36.7,39.5,41.1,38.9,35.8,32.2,28.1,24.1,31.9,33.6,35.4,36.2,35.5,33.8,32.0,31.2,85.3,87.4,91.9,96.1,97.6,95.4,90.9,86.4,80.5,83.3,87.0,91.5,95.8,99.3,102.0,99.2,95.5,91.4,87.2,83.2,89.1,91.1,93.2,94.2,93.5,91.5,89.4,88.4,20.8,16.5,14.9,16.9,21.5,26.1,27.4,25.3,20.1,17.9,16.7,16.5,17.7,20.1,23.7,25.5,26.0,26.0,24.8,22.9,23.1,24.0,23.3,21.4,19.3,18.4,19.1,21.0,22.4,18.4,17.0,19.3,23.8,27.9,29.2,27.2,23.3,20.6,19.0,18.6,19.8,21.8,24.9,27.1,28.0,28.1,27.3,25.9,25.1,26.1,25.5,23.6,21.5,20.5,21.1,23.0,407.1,408.2,410.4,412.6,413.5,412.8,410.2,408.0,408.1,407.4,406.9,407.9,410.1,412.5,415.0,412.6,409.7,407.6,406.7,407.2,410.0,411.0,412.0,412.4,412.1,411.1,410.1,409.6,448.2,449.4,451.0,452.1,451.9,450.7,449.1,448.1,449.0,448.4,448.2,448.8,450.6,453.4,456.1,453.0,449.9,447.8,447.1,447.9,449.9,450.4,451.1,451.7,451.8,451.3,450.6,450.0,67.9,63.1,498.7,0.010,0.065,0.002,620.3,625.6,632.6,637.8,644.8,659.5,682.4,714.1,752.4,793.1,827.3,854.2,866.2,869.6,871.5,875.1,876.3,654.1,668.7,692.7,718.3,742.9,784.9,802.4,821.3,840.4,854.8,768.7,769.5,770.3,771.1,745.9,756.7,767.3,777.8,786.6,686.9,700.5,717.6,729.2,715.7,699.0,796.5,809.4,825.6,836.2,825.7,810.2,726.3,743.0,756.0,762.5,769.1,779.0,792.1,777.7,766.3,759.3,752.2,741.1,733.2,754.7,761.7,768.5,784.7,767.7,761.1,754.6,406.6,439.2,469.6,499.5,528.6,554.5,574.7,592.9,599.8,596.3,577.9,552.1,521.7,490.3,461.4,432.6,403.1,382.1,363.5,356.5,361.5,372.0,372.7,364.1,360.4,360.1,371.8,401.1,425.3,449.2,473.5,487.0,492.3,496.4,494.4,490.2,404.8,396.4,397.0,408.1,413.5,413.0,407.6,397.9,398.2,407.3,414.2,414.0,532.5,524.1,521.1,524.9,522.5,528.4,536.5,538.6,535.8,534.8,533.7,533.8,531.4,532.9,534.0,534.1,535.9,522.1,522.0,521.3,0.11,0.00,0.51,0.00,0.00,0.00,0.00,0.00,0.69,0.11,0.09,2.11,0.00,0.01,0.00,0.96,0.30,0.00,0.00,0.00,0.00,0.00,0.00,0.00,0.00,0.00,0.00,0.00,1.00,0.00,1.00,0.00,0.00,0.00,1.00
256,0,8.500,0.98,1,0.171497,0.211355,-0.962246,-0.061867,0.162911,-0.984699,0.056,0.190,700.0,703.6,712.0,720.2,723.5,720.2,711.5,703.3,684.8,691.8,700.6,709.1,717.1,723.0,726.4,721.5,714.9,707.3,698.9,690.7,707.2,710.9,714.7,716.3,714.9,711.2,707.4,705.8,805.6,809.4,817.5,825.3,828.2,824.5,816.3,807.8,796.2,802.0,809.2,817.9,825.6,831.3,835.1,830.9,825.1,818.1,809.9,801.8,812.5,816.1,819.9,821.6,820.3,816.6,812.9,811.2,404.9,395.6,391.9,395.9,405.3,415.2,418.3,414.3,403.7,398.8,396.1,395.4,397.6,402.5,409.9,413.9,415.7,415.9,413.7,409.6,409.3,411.1,409.4,405.2,401.0,399.2,400.9,405.0,403.8,395.6,392.8,397.1,405.9,414.0,416.8,413.1,404.9,399.9,397.0,396.4,398.5,402.1,407.8,412.2,414.4,414.8,413.2,410.3,408.6,410.6,409.3,405.5,401.5,399.5,400.8,404.6,28.6,30.3,34.5,38.6,40.2,38.6,34.2,30.2,21.4,24.7,28.8,32.9,36.8,39.8,41.7,39.1,35.8,32.0,28.0,24.1,32.2,34.0,35.9,36.7,36.0,34.1,32.3,31.5,84.6,86.7,91.2,95.5,96.9,94.8,90.3,85.7,80.0,82.8,86.4,91.0,95.3,98.8,101.4,98.6,94.9,90.9,86.6,82.6,88.5,90.4,92.5,93.5,92.8,90.9,88.8,87.8,21.4,17.0,15.3,17.3,21.8,26.6,27.9,25.9,20.9,18.5,17.2,16.8,18.0,20.4,24.1,25.9,26.6,26.6,25.5,23.6,23.6,24.5,23.7,21.8,19.7,18.8,19.6,21.5,22.4,18.2,16.9,19.1,23.6,27.8,29.1,27.2,23.0,20.4,18.9,18.6,19.8,21.8,24.8,27.0,27.9,28.0,27.1,25.7,24.9,26.0,25.4,23.5,21.4,20.3,20.9,22.9,416.3,417.1,418.9,420.7,421.4,421.0,418.8,417.0,417.9,416.8,415.8,416.3,418.1,420.1,422.3,420.3,417.8,416.1,415.9,416.8,418.8,419.6,420.4,420.8,420.4,419.6,418.8,418.5,447.0,448.1,449.7,450.8,450.7,449.6,448.0,447.1,447.8,447.1,446.9,447.5,449.3,452.1,454.9,451.8,448.8,446.6,445.9,446.7,448.8,449.3,450.0,450.5,450.5,450.1,449.3,448.8,67.7,63.2,499.0,0.007,0.058,-0.004,619.5,625.0,632.3,637.8,645.1,660.0,683.0,714.9,753.2,793.7,827.3,853.5,864.6,867.4,868.9,872.3,873.4,653.0,667.3,691.3,716.8,741.4,784.4,801.6,820.2,839.0,853.4,767.8,768.9,769.9,770.9,745.7,756.5,767.1,777.6,786.4,685.7,699.2,716.4,728.2,714.7,697.8,795.7,808.8,825.1,835.6,825.2,809.5,726.6,743.3,756.2,762.6,769.1,778.9,791.9,777.8,766.5,759.7,752.7,741.6,733.6,755.0,761.9,768.6,784.5,767.7,761.4,754.9,406.4,439.4,470.0,500.2,529.5,555.6,575.9,593.8,600.5,596.7,578.0,551.8,520.9,489.3,460.1,431.1,401.4,382.3,363.6,356.5,361.5,371.7,372.5,364.0,360.3,359.7,371.2,400.7,425.0,448.9,473.4,487.0,492.3,496.4,494.2,490.0,405.1,396.6,397.1,408.0,413.7,413.3,407.3,397.8,398.1,407.1,414.1,413.8,533.1,524.6,521.4,525.2,522.6,528.6,536.8,539.1,536.3,535.4,534.4,534.6,532.0,533.4,534.4,534.4,536.3,522.4,522.2,521.6,0.01,0.00,0.42,0.00,0.00,0.00,0.00,0.00,0.69,0.15,0.04,2.00,0.00,0.00,0.00,1.00,0.14,0.00,0.00,0.00,0.00,0.00,0.00,0.00,0.00,0.00,0.00,0.00,1.00,0.00,1.00,0.00,0.00,0.00,1.00
257,0,8.533,0.98,1,0.177117,0.209273,-0.961683,-0.061253,0.155617,-0.985916,0.059,0.185,698.1,701.9,710.8,719.5,723.0,719.7,710.4,701.6,684.9,690.8,698.4,706.7,715.2,721.9,726.3,720.5,713.0,705.0,697.0,689.9,706.4,710.2,714.2,715.9,714.3,710.4,706.5,704.8,804.9,808.5,816.7,824.5,827.5,823.9,815.7,807.1,795.5,801.4,808.8,817.5,825.1,830.7,834.6,830.3,824.5,817.4,809.3,801.1,811.7,815.4,819.3,821.1,819.6,815.9,812.0,810.3,405.2,396.1,392.4,396.2,405.4,415.0,418.1,414.3,404.0,399.1,396.4,395.5,397.7,402.7,410.3,414.1,415.9,416.1,413.9,409.9,409.3,411.0,409.4,405.3,401.2,399.5,401.2,405.2,403.3,395.1,392.3,396.6,405.4,413.6,416.3,412.7,404.4,399.5,396.6,396.1,398.4,402.2,407.9,412.2,414.1,414.4,412.7,409.8,408.3,410.3,409.0,405.1,401.0,398.9,400.2,404.1,28.4,30.3,34.6,39.0,40.7,39.1,34.5,30.1,22.1,24.9,28.5,32.5,36.7,40.0,42.4,39.4,35.6,31.7,27.8,24.5,32.5,34.5,36.4,37.3,36.5,34.6,32.6,31.8,83.4,85.5,89.9,94.2,95.6,93.5,89.0,84.5,78.7,81.6,85.3,89.8,94.1,97.6,100.2,97.3,93.6,89.6,85.4,81.4,87.1,89.1,91.3,92.3,91.6,89.6,87.4,86.4,22.1,17.7,15.9,17.8,22.3,27.0,28.5,26.6,21.7,19.2,17.8,17.3,18.4,20.9,24.7,26.5,27.3,27.4,26.4,24.5,24.2,25.0,24.2,22.2,20.2,19.4,20.2,22.2,21.9,17.8,16.5,18.7,23.2,27.3,28.5,26.6,22.5,20.0,18.5,18.3,19.5,21.6,24.6,26.7,27.5,27.5,26.6,25.1,24.5,25.6,25.0,23.0,20.9,19.8,20.4,22.4,427.7,427.8,428.3,428.9,429.3,429.5,428.6,428.0,431.3,429.2,426.9,426.1,426.8,428.0,429.7,428.5,427.2,426.6,427.5,429.5,429.1,429.4,429.6,429.7,429.5,429.3,429.0,429.0,442.4,443.7,445.4,446.4,446.2,444.9,443.3,442.4,443.1,442.5,442.4,443.0,444.9,447.7,450.5,447.2,444.1,441.9,441.2,442.0,444.1,444.6,445.4,446.0,446.1,445.6,444.8,444.2,67.4,63.1,498.1,0.007,0.055,-0.011,618.8,624.5,632.0,637.7,645.4,660.7,683.8,715.8,754.0,794.3,827.6,853.3,864.2,866.7,868.0,871.2,871.9,651.8,665.9,690.0,715.6,740.3,782.7,799.7,818.3,837.3,851.9,766.8,768.1,769.3,770.5,745.0,756.1,766.9,777.6,786.6,684.3,697.8,715.1,727.1,713.4,696.5,795.0,808.2,824.5,835.1,824.6,808.9,726.8,743.5,756.3,762.9,769.4,779.4,792.4,778.5,767.1,760.2,753.1,742.0,733.8,755.3,762.3,769.1,784.8,768.2,761.8,755.2,406.3,439.3,470.0,500.4,530.1,556.5,576.9,594.8,601.2,596.9,577.8,551.2,520.1,488.3,459.0,429.8,400.1,382.9,363.9,356.6,361.7,372.0,372.7,364.1,360.3,359.3,370.7,400.7,424.8,448.6,473.0,487.0,492.2,496.3,494.0,489.6,405.4,396.9,397.3,408.1,413.9,413.6,407.1,397.6,397.8,406.7,413.7,413.5,534.0,525.0,521.5,525.3,522.6,528.6,537.1,539.4,536.8,535.9,535.1,535.4,532.8,533.7,534.6,534.6,536.5,522.7,522.6,522.0,0.00,0.00,0.34,0.00,0.00,0.00,0.00,0.00,0.67,0.17,0.00,1.96,0.00,0.00,0.00,1.07,0.08,0.00,0.00,0.00,0.00,0.00,0.00,0.00,0.00,0.00,0.00,0.00,1.00,0.00,1.00,0.00,0.00,0.00,1.00
258,0,8.567,0.98,1,0.184089,0.214675,-0.959180,-0.058178,0.151992,-0.986668,0.065,0.186,698.6,702.3,711.0,719.5,723.0,719.6,710.5,702.0,684.3,690.7,699.0,707.4,715.5,721.9,725.7,720.4,713.4,705.6,697.3,689.6,706.3,710.1,714.0,715.7,714.2,710.4,706.5,704.8,804.7,808.3,816.5,824.3,827.4,823.7,815.6,807.0,795.3,801.2,808.6,817.2,824.9,830.4,834.2,830.1,824.3,817.3,809.2,801.0,811.5,815.3,819.1,820.9,819.4,815.7,811.8,810.1,405.3,396.1,392.4,396.4,405.6,415.4,418.5,414.5,404.2,399.2,396.5,395.6,397.8,402.7,410.3,414.2,415.9,416.2,414.0,410.0,409.5,411.3,409.7,405.6,401.5,399.7,401.3,405.4,403.2,395.0,392.2,396.5,405.3,413.5,416.3,412.6,404.5,399.5,396.6,396.0,398.3,402.1,407.8,412.2,414.2,414.6,412.8,409.9,408.2,410.3,409.0,405.1,400.9,398.8,400.1,404.0,28.4,30.2,34.6,38.8,40.5,38.9,34.3,30.1,21.6,24.6,28.6,32.6,36.7,39.9,42.0,39.2,35.6,31.8,27.8,24.1,32.3,34.2,36.1,37.0,36.2,34.3,32.4,31.5,82.9,85.0,89.5,93.7,95.2,93.1,88.6,84.1,78.3,81.2,84.9,89.4,93.7,97.1,99.6,96.8,93.2,89.2,85.0,81.0,86.7,88.7,90.8,91.8,91.1,89.1,87.0,86.0,21.9,17.5,15.8,17.8,22.3,27.1,28.5,26.5,21.5,19.0,17.6,17.2,18.3,20.8,24.6,26.4,27.2,27.2,26.2,24.3,24.1,25.0,24.2,22.3,20.2,19.4,20.1,22.1,21.7,17.7,16.3,18.5,23.0,27.1,28.4,26.5,22.4,19.9,18.4,18.2,19.4,21.5,24.5,26.6,27.4,27.4,26.5,25.1,24.4,25.5,24.8,22.9,20.7,19.7,20.3,22.3,424.0,424.6,425.9,427.2,427.7,427.5,425.8,424.5,426.4,425.0,423.5,423.5,424.8,426.4,428.4,426.7,424.8,423.5,423.7,425.1,426.1,426.6,427.2,427.5,427.3,426.7,426.1,425.8,440.6,441.9,443.6,444.7,444.5,443.2,441.5,440.5,441.2,440.6,440.6,441.3,443.2,446.0,448.8,445.5,442.4,440.1,439.4,440.1,442.3,442.8,443.6,444.3,444.4,443.8,443.0,442.4,67.4,63.1,497.9,0.009,0.053,-0.014,618.5,624.3,631.9,637.6,645.4,660.8,684.0,716.1,754.4,794.7,828.0,853.6,864.2,866.7,868.0,871.1,871.7,651.8,665.7,689.8,715.4,740.2,782.4,799.4,818.0,836.9,851.5,766.8,768.1,769.4,770.6,745.0,756.2,767.2,777.9,786.9,684.4,698.0,715.1,727.2,713.5,696.7,794.8,808.0,824.3,834.8,824.5,808.8,727.0,743.6,756.5,763.3,770.0,780.0,792.9,779.2,767.8,760.7,753.4,742.2,734.0,755.6,762.7,769.7,785.3,768.9,762.2,755.5,406.3,439.4,470.1,500.6,530.3,556.7,577.2,595.1,601.4,596.9,577.6,550.7,519.5,487.7,458.5,429.4,399.8,383.1,364.0,356.6,361.6,371.9,372.6,364.1,360.2,359.3,370.8,400.7,424.9,448.6,472.9,487.0,492.2,496.3,494.0,489.5,405.5,397.0,397.4,408.2,413.9,413.7,407.1,397.6,397.8,406.7,413.7,413.5,534.1,525.1,521.6,525.3,522.6,528.5,537.0,539.3,536.8,536.1,535.2,535.5,532.9,533.7,534.6,534.5,536.4,522.9,522.9,522.4,0.00,0.00,0.32,0.00,0.00,0.00,0.00,0.00,0.69,0.22,0.02,1.91,0.00,0.00,0.00,1.16,0.00,0.00,0.00,0.00,0.00,0.00,0.00,0.00,0.00,0.00,0.00,0.00,1.00,0.00,1.00,0.00,0.00,0.00,1.00
259,0,8.600,0.98,1,0.172426,0.219056,-0.960356,-0.049333,0.160436,-0.985813,0.063,0.193,697.6,701.3,710.0,718.7,722.2,719.1,709.7,701.1,685.5,690.6,697.4,705.4,714.0,721.0,725.9,719.8,712.0,704.0,696.4,690.0,706.1,709.9,713.7,715.3,713.8,710.0,706.2,704.6,804.6,808.2,816.2,824.0,827.0,823.4,815.4,806.8,794.8,800.9,808.4,817.1,824.5,829.6,833.0,829.3,823.9,817.2,809.1,800.7,811.2,814.9,818.7,820.4,819.0,815.3,811.4,809.7,405.4,396.5,392.9,396.7,405.7,415.2,418.2,414.4,403.9,399.1,396.5,395.7,398.0,402.9,410.5,414.2,415.9,416.1,413.9,409.8,409.3,411.0,409.4,405.5,401.6,399.9,401.5,405.4,403.1,394.8,392.1,396.5,405.6,413.9,416.6,412.8,404.4,399.3,396.5,396.0,398.4,402.2,408.0,412.4,414.4,414.7,412.8,409.9,408.3,410.5,409.2,405.2,400.9,398.8,400.1,404.0,28.4,30.2,34.5,38.8,40.5,39.1,34.4,30.2,22.7,25.1,28.3,32.1,36.3,39.8,42.4,39.3,35.4,31.5,27.8,24.8,32.7,34.6,36.4,37.2,36.4,34.6,32.7,31.9,81.8,83.8,88.2,92.4,93.9,91.8,87.4,82.9,77.0,79.9,83.7,88.2,92.4,95.6,97.9,95.3,91.9,88.0,83.8,79.7,85.4,87.4,89.5,90.5,89.8,87.8,85.7,84.7,22.4,18.0,16.2,18.1,22.5,27.2,28.8,26.9,21.9,19.4,18.0,17.5,18.6,21.1,24.9,26.7,27.5,27.6,26.6,24.7,24.4,25.2,24.4,22.5,20.5,19.7,20.5,22.4,21.4,17.3,16.1,18.4,22.9,27.0,28.2,26.2,22.1,19.5,18.1,17.9,19.2,21.3,24.4,26.4,27.2,27.2,26.2,24.7,24.1,25.2,24.6,22.7,20.5,19.4,20.0,22.0,431.8,431.3,431.0,431.0,431.3,432.1,432.1,432.1,436.5,433.6,430.7,429.1,429.2,430.0,431.6,430.9,430.2,430.3,431.8,434.3,432.6,432.6,432.5,432.3,432.1,432.2,432.3,432.5,434.7,436.2,438.2,439.7,439.6,438.1,436.1,434.7,435.0,434.7,434.9,435.9,438.1,441.0,443.9,440.7,437.3,434.8,433.8,434.1,436.7,437.4,438.4,439.1,439.1,438.4,437.5,436.8,67.3,63.3,499.2,0.011,0.055,-0.016,618.2,623.9,631.5,637.2,645.1,660.6,683.8,716.2,754.6,794.9,828.1,853.5,864.0,866.3,867.5,870.7,871.4,651.2,665.0,688.9,714.3,739.0,782.2,799.4,817.9,836.9,851.4,766.1,767.3,768.6,769.7,744.2,755.4,766.4,777.2,786.3,683.9,697.3,714.5,726.4,712.8,696.0,794.4,807.5,823.8,834.3,824.0,808.3,725.7,742.5,755.7,762.6,769.4,779.8,792.9,779.0,767.3,760.1,752.6,741.0,732.7,754.8,762.1,769.1,785.3,768.2,761.5,754.6,406.8,439.9,470.6,501.0,530.7,557.2,577.8,595.8,601.9,597.1,577.5,550.3,519.0,487.2,457.9,428.9,399.3,383.0,364.0,356.6,361.6,371.8,372.6,364.0,360.1,359.1,370.4,400.8,424.9,448.8,473.2,487.1,492.4,496.5,494.0,489.4,405.6,397.1,397.5,408.2,414.0,413.7,407.0,397.7,397.9,406.7,413.6,413.5,534.4,525.1,521.7,525.4,522.7,528.5,537.1,540.0,537.7,536.9,536.1,536.3,533.2,534.1,535.0,534.9,536.6,523.3,523.3,522.7,0.00,0.00,0.38,0.05,0.00,0.00,0.00,0.00,0.74,0.20,0.02,1.85,0.00,0.00,0.00,1.15,0.03,0.00,0.00,0.00,1.00,0.00,0.00,0.00,0.00,0.00,0.00,0.00,1.00,0.00,1.00,0.00,0.00,0.00,1.00
260,0,8.633,0.98,1,0.195617,0.216718,-0.956435,-0.071344,0.175351,-0.981918,0.064,0.200,698.1,701.5,709.6,717.7,721.1,718.0,709.6,701.5,681.3,688.6,697.7,706.4,714.3,720.2,723.8,719.2,712.8,705.3,696.5,687.8,705.2,708.7,712.2,713.7,712.2,708.7,705.2,703.8,803.5,807.1,815.3,823.1,826.1,822.5,814.3,805.6,794.1,800.3,807.9,816.6,824.0,829.1,832.5,828.7,823.4,816.6,808.4,800.0,810.1,813.9,817.8,819.5,818.1,814.3,810.4,808.7,406.0,396.5,392.7,396.7,406.2,416.4,419.5,415.5,404.6,399.9,397.1,396.4,398.7,403.6,410.9,414.9,416.4,416.6,414.4,410.4,410.3,412.0,410.3,406.3,402.2,400.4,402.1,406.2,403.8,395.4,392.6,397.1,406.2,414.6,417.4,413.5,404.6,399.6,396.7,396.3,398.7,402.6,408.5,412.9,415.0,415.2,413.3,410.2,409.0,411.2,409.8,405.8,401.5,399.3,400.7,404.7,27.0,28.7,32.6,36.6,38.3,36.7,32.6,28.7,19.3,22.6,26.8,30.9,34.8,37.7,39.6,37.3,34.0,30.3,26.2,22.2,30.6,32.3,34.0,34.7,34.0,32.3,30.6,29.8,80.6,82.7,87.1,91.3,92.8,90.7,86.2,81.7,76.1,79.0,82.8,87.3,91.5,94.7,97.0,94.4,91.0,87.1,82.9,78.8,84.3,86.3,88.4,89.4,88.7,86.7,84.6,83.6,21.4,17.0,15.3,17.3,21.8,26.6,27.9,25.9,20.8,18.6,17.3,17.0,18.1,20.5,24.1,25.8,26.4,26.3,25.3,23.5,23.5,24.4,23.7,21.8,19.8,19.0,19.7,21.6,21.6,17.5,16.2,18.5,23.0,27.1,28.4,26.4,22.0,19.5,18.1,18.0,19.2,21.3,24.4,26.5,27.3,27.2,26.3,24.7,24.3,25.4,24.8,22.8,20.7,19.6,20.2,22.1,407.0,408.0,410.2,412.3,413.0,412.3,409.8,407.7,408.2,407.4,406.7,407.5,409.5,411.6,413.8,411.5,408.8,406.9,406.3,407.1,409.7,410.6,411.6,412.0,411.7,410.8,409.9,409.4,431.4,432.8,434.8,436.2,436.2,434.8,432.8,431.5,431.7,431.4,431.6,432.7,434.9,437.9,440.8,437.5,434.2,431.7,430.6,430.9,433.4,434.1,435.0,435.7,435.7,435.0,434.1,433.4,66.8,63.4,497.9,0.014,0.060,-0.020,618.0,623.6,631.1,637.2,645.3,661.0,684.3,716.6,755.1,795.4,828.5,853.7,864.0,866.1,867.2,870.4,871.1,650.6,664.4,688.2,713.7,738.3,781.6,799.1,817.8,836.8,851.1,765.1,766.2,767.4,768.5,743.0,754.3,765.4,776.3,785.6,682.9,696.4,713.6,725.8,712.1,695.3,793.6,807.0,823.3,834.0,823.6,807.8,724.9,741.6,754.8,762.0,769.1,779.7,792.8,778.9,767.1,759.6,751.9,740.3,732.0,754.0,761.6,768.9,785.2,768.0,760.9,753.8,407.2,440.4,471.2,501.8,531.5,558.0,578.8,596.6,602.4,597.2,577.0,549.7,518.4,486.8,457.9,429.3,400.0,383.5,364.6,357.2,362.1,372.5,372.9,364.1,360.1,359.4,371.0,401.4,425.6,449.5,474.0,487.8,493.1,497.2,494.6,490.0,406.3,397.8,398.1,408.8,414.6,414.3,407.5,398.1,398.2,406.9,414.0,413.8,534.8,525.6,522.0,525.7,522.9,528.7,537.2,540.3,538.4,537.9,537.0,537.1,533.6,534.5,535.4,535.1,536.8,523.9,524.0,523.5,0.00,0.00,0.44,0.12,0.00,0.00,0.00,0.00,0.78,0.18,0.02,1.76,0.00,0.00,0.00,1.11,0.06,0.00,0.00,0.00,1.00,0.00,0.00,0.00,0.00,0.00,0.00,0.00,1.00,0.00,1.00,0.00,0.00,0.00,1.00
261,0,8.667,0.98,1,0.193850,0.220610,-0.955904,-0.067787,0.177857,-0.981719,0.065,0.203,698.1,701.5,709.6,717.7,721.0,717.9,709.5,701.5,681.3,688.7,697.8,706.4,714.3,720.2,723.8,719.2,712.8,705.2,696.5,687.8,705.2,708.7,712.2,713.7,712.2,708.7,705.2,703.8,803.4,807.1,815.2,823.2,826.3,822.7,814.5,805.7,793.9,800.2,807.9,816.7,824.1,829.3,832.6,828.9,823.5,816.6,808.4,799.8,810.2,814.0,817.9,819.6,818.1,814.3,810.4,808.7,406.0,396.6,392.8,396.9,406.4,416.5,419.6,415.5,404.6,399.9,397.1,396.4,398.8,403.7,411.0,414.9,416.4,416.6,414.4,410.4,410.3,412.1,410.5,406.4,402.3,400.5,402.1,406.2,403.9,395.4,392.5,397.0,406.2,414.7,417.5,413.7,404.7,399.6,396.7,396.3,398.7,402.7,408.6,413.0,415.0,415.2,413.3,410.3,409.1,411.2,409.9,405.8,401.5,399.4,400.7,404.8,27.1,28.8,32.7,36.7,38.4,36.8,32.7,28.7,19.4,22.7,27.0,31.0,34.9,37.9,39.8,37.4,34.1,30.4,26.3,22.3,30.6,32.4,34.1,34.8,34.1,32.4,30.7,29.9,79.8,81.8,86.2,90.5,92.0,89.9,85.5,80.9,75.2,78.2,82.0,86.5,90.6,93.8,96.1,93.6,90.2,86.3,82.1,77.9,83.5,85.5,87.6,88.6,87.8,85.8,83.7,82.8,21.5,17.1,15.4,17.4,22.0,26.7,28.0,25.9,20.9,18.6,17.3,17.0,18.2,20.6,24.2,25.9,26.5,26.4,25.3,23.5,23.6,24.5,23.8,21.9,20.0,19.1,19.8,21.7,21.4,17.3,16.0,18.3,22.8,26.9,28.2,26.2,21.8,19.3,17.9,17.8,19.1,21.1,24.2,26.2,27.0,27.0,26.0,24.5,24.1,25.2,24.6,22.6,20.5,19.4,20.0,22.0,408.5,409.5,411.7,413.7,414.4,413.7,411.1,409.1,409.8,408.9,408.2,408.9,410.9,413.0,415.2,412.9,410.2,408.2,407.7,408.6,411.2,412.0,413.0,413.4,413.1,412.3,411.3,410.9,427.2,428.6,430.6,432.0,432.1,430.6,428.6,427.3,427.5,427.2,427.5,428.5,430.8,433.7,436.7,433.4,430.0,427.5,426.4,426.7,429.2,429.9,430.9,431.5,431.5,430.9,429.9,429.2,66.7,63.4,497.0,0.020,0.060,-0.022,617.8,623.4,631.0,637.2,645.7,661.6,684.9,717.0,755.3,795.5,828.6,853.7,864.0,866.1,867.3,870.4,871.0,650.6,664.3,688.1,713.7,738.3,781.5,798.8,817.5,836.4,850.6,765.2,766.3,767.4,768.5,743.0,754.4,765.5,776.4,785.6,683.0,696.5,713.6,725.8,712.1,695.3,793.6,807.0,823.3,834.0,823.6,807.8,725.0,741.7,755.0,762.1,769.1,779.7,792.8,778.8,767.1,759.6,751.9,740.3,732.0,754.2,761.6,768.9,785.2,768.0,761.0,753.9,407.3,440.5,471.4,502.0,531.8,558.4,579.3,597.1,602.9,597.3,576.7,549.2,517.8,486.4,457.7,429.3,400.2,383.6,364.6,357.1,362.2,372.8,373.2,364.2,360.1,359.4,371.0,401.5,425.7,449.6,474.0,487.9,493.1,497.2,494.7,490.0,406.2,397.8,398.2,409.0,414.6,414.4,407.6,398.1,398.2,406.9,414.0,413.9,534.8,525.7,522.2,525.9,523.1,528.8,537.2,540.9,539.2,538.7,537.9,537.7,533.7,534.5,535.4,535.1,536.8,524.9,525.2,524.6,0.00,0.00,0.51,0.12,0.00,0.00,0.00,0.00,0.82,0.15,0.03,1.66,0.00,0.00,0.00,1.14,0.06,0.00,0.00,0.00,1.00,0.00,0.00,0.00,0.00,0.00,0.00,0.00,1.00,0.00,1.00,0.00,0.00,0.00,1.00
262,0,8.700,0.98,1,0.200231,0.215849,-0.955676,-0.067512,0.178251,-0.981666,0.068,0.201,698.5,701.7,709.7,717.6,720.9,717.9,709.7,701.8,681.0,688.4,697.7,706.6,714.5,720.3,723.6,719.3,713.0,705.4,696.5,687.6,705.4,708.8,712.2,713.6,712.2,708.8,705.4,703.9,803.7,807.4,815.5,823.4,826.3,822.7,814.6,805.9,794.0,800.5,808.2,817.0,824.4,829.5,832.7,829.0,823.6,816.7,808.5,800.0,810.4,814.1,817.9,819.6,818.2,814.5,810.7,809.0,406.2,396.9,393.2,397.3,406.8,416.8,419.8,415.7,405.6,400.5,397.5,396.6,399.0,404.1,411.4,415.4,416.9,417.0,415.1,411.3,410.6,412.4,410.8,406.8,402.7,400.9,402.5,406.5,404.3,395.8,392.9,397.3,406.5,415.0,417.9,414.1,405.2,400.1,397.2,396.7,399.2,403.1,408.9,413.4,415.4,415.6,413.8,410.7,409.4,411.5,410.1,406.1,401.8,399.7,401.1,405.1,27.0,28.6,32.4,36.3,37.9,36.4,32.4,28.5,19.0,22.4,26.6,30.8,34.6,37.5,39.3,37.0,33.9,30.2,26.0,22.0,30.4,32.0,33.7,34.4,33.7,32.0,30.4,29.7,79.9,81.9,86.3,90.5,92.0,89.9,85.5,81.0,75.2,78.3,82.1,86.6,90.7,93.9,96.2,93.6,90.2,86.3,82.1,78.0,83.6,85.5,87.6,88.5,87.8,85.9,83.8,82.9,21.3,17.1,15.4,17.5,21.9,26.6,27.8,25.7,21.1,18.7,17.3,16.9,18.1,20.6,24.2,25.9,26.4,26.3,25.4,23.7,23.5,24.4,23.7,21.9,19.9,19.1,19.8,21.6,21.6,17.5,16.2,18.4,22.9,27.1,28.4,26.4,22.0,19.5,18.2,18.0,19.3,21.3,24.4,26.4,27.2,27.2,26.2,24.7,24.2,25.3,24.7,22.7,20.6,19.6,20.2,22.1,403.7,404.9,407.2,409.2,409.9,409.1,406.4,404.4,404.9,404.1,403.6,404.4,406.5,408.8,411.0,408.7,405.8,403.8,403.1,403.8,406.5,407.4,408.4,408.9,408.6,407.7,406.7,406.2,426.9,428.2,430.2,431.7,431.8,430.5,428.5,427.1,427.2,426.8,427.0,428.1,430.5,433.6,436.7,433.3,429.9,427.4,426.2,426.4,429.0,429.7,430.7,431.3,431.2,430.5,429.6,429.0,66.8,63.7,497.1,0.029,0.060,-0.023,617.9,623.5,631.1,637.3,645.8,661.6,685.0,717.0,755.4,795.7,828.7,853.9,864.1,866.3,867.6,870.6,871.1,650.7,664.4,688.2,713.8,738.4,781.6,798.8,817.6,836.5,850.6,765.3,766.4,767.5,768.6,743.0,754.4,765.6,776.5,785.8,682.9,696.5,713.6,725.7,712.1,695.2,793.9,807.2,823.5,834.1,823.8,808.0,725.2,741.8,755.1,762.2,769.1,779.7,792.8,778.9,767.1,759.7,752.1,740.4,732.1,754.4,761.7,768.9,785.2,768.0,761.1,754.1,407.6,440.6,471.3,501.9,531.7,558.4,579.4,597.5,603.2,597.5,576.5,548.8,517.4,486.1,457.7,429.6,400.8,383.9,364.9,357.5,362.6,373.3,373.7,364.7,360.6,360.0,371.6,402.2,426.4,450.2,474.6,488.3,493.6,497.7,495.2,490.5,406.7,398.3,398.7,409.5,415.1,414.9,408.1,398.5,398.6,407.4,414.4,414.3,535.3,526.3,522.8,526.4,523.6,529.2,537.5,541.8,540.4,539.9,539.1,538.7,534.1,534.8,535.7,535.4,537.2,526.3,526.6,526.0,0.00,0.00,0.48,0.07,0.00,0.00,0.00,0.00,0.84,0.16,0.05,1.59,0.00,0.00,0.00,1.14,0.03,0.00,0.00,0.00,1.00,0.00,0.00,0.00,0.00,0.00,0.00,0.00,1.00,0.00,1.00,0.00,0.00,0.00,1.00
263,0,8.733,0.98,1,0.203543,0.220677,-0.953872,-0.057562,0.181826,-0.981645,0.075,0.205,698.8,702.2,710.2,718.1,721.4,718.3,710.1,702.1,681.6,689.0,698.1,706.8,714.7,720.6,724.1,719.6,713.3,705.8,697.0,688.3,705.7,709.2,712.7,714.2,712.8,709.3,705.8,704.3,804.2,807.9,815.9,823.7,826.5,822.8,814.8,806.2,794.2,800.5,808.3,817.1,824.6,829.7,832.9,829.1,823.6,816.7,808.5,800.0,810.8,814.4,818.1,819.8,818.5,814.9,811.2,809.5,406.3,397.1,393.6,397.8,407.4,417.3,420.1,415.9,405.8,400.8,397.8,396.9,399.3,404.4,412.0,415.8,417.1,417.2,415.2,411.5,411.0,412.8,411.3,407.2,403.1,401.2,402.7,406.8,404.8,396.4,393.5,397.9,407.0,415.4,418.3,414.5,405.6,400.8,398.0,397.6,400.0,403.8,409.4,413.8,415.8,416.0,414.1,411.1,409.8,411.8,410.5,406.6,402.4,400.4,401.7,405.6,27.4,29.0,32.9,36.8,38.4,36.9,32.8,28.9,19.4,22.8,27.0,31.2,35.0,37.9,39.8,37.5,34.3,30.6,26.5,22.5,30.8,32.5,34.2,34.9,34.3,32.5,30.8,30.1,81.0,83.0,87.4,91.5,93.0,90.9,86.5,82.0,76.1,79.1,83.0,87.5,91.7,94.9,97.2,94.6,91.1,87.2,83.0,78.8,84.6,86.5,88.6,89.6,88.9,87.0,84.9,84.0,21.6,17.3,15.8,17.8,22.4,27.0,28.1,26.0,21.4,19.0,17.6,17.2,18.4,20.9,24.6,26.2,26.7,26.6,25.6,24.0,23.9,24.8,24.1,22.3,20.3,19.4,20.0,21.9,22.1,18.0,16.7,18.9,23.4,27.5,28.8,26.9,22.5,20.1,18.7,18.6,19.9,21.9,24.9,26.9,27.7,27.6,26.6,25.2,24.7,25.7,25.1,23.2,21.1,20.1,20.7,22.6,407.1,408.3,410.6,412.6,413.2,412.3,409.6,407.6,408.4,407.6,407.0,407.7,409.7,411.9,414.0,411.7,408.9,406.9,406.4,407.2,409.7,410.6,411.6,412.2,411.9,411.1,410.1,409.5,431.4,432.6,434.5,436.0,436.3,435.1,433.1,431.7,431.8,431.3,431.4,432.4,434.8,437.9,441.1,437.7,434.4,431.9,430.8,431.0,433.6,434.3,435.2,435.7,435.6,434.9,434.0,433.5,66.8,63.9,496.4,0.039,0.058,-0.023,617.9,623.5,631.1,637.3,645.8,661.6,685.2,717.1,755.6,795.9,828.8,853.9,864.1,866.3,867.8,870.7,871.2,651.0,664.3,688.3,714.1,738.9,781.6,798.7,817.5,836.3,850.3,765.7,766.7,767.8,768.8,742.9,754.4,765.8,776.9,786.2,683.4,697.0,714.0,726.0,712.4,695.7,794.1,807.4,823.6,834.1,823.8,808.1,725.0,741.6,755.3,762.3,769.3,780.0,793.1,779.1,767.3,759.8,752.3,740.2,731.8,754.6,761.9,769.1,785.5,768.3,761.3,754.4,407.6,440.7,471.3,501.9,531.8,558.5,579.6,597.9,603.8,597.8,576.4,548.6,517.2,486.3,458.2,430.4,401.9,384.3,365.1,357.5,362.7,373.8,374.2,365.3,361.2,360.5,372.3,402.9,427.2,450.9,475.3,488.6,494.0,498.2,495.6,490.8,407.0,398.6,399.2,410.0,415.4,415.0,408.6,399.2,399.2,407.9,414.8,414.8,535.4,526.5,523.3,526.9,524.1,529.5,537.6,542.9,542.1,541.7,540.9,540.1,534.3,534.8,535.7,535.3,537.4,528.5,529.0,528.4,0.00,0.00,0.46,0.00,0.00,0.00,0.00,0.00,0.88,0.10,0.08,1.54,0.00,0.00,0.00,1.14,0.08,0.00,0.00,0.00,1.00,0.00,0.00,0.00,0.00,0.00,0.00,0.00,1.00,0.00,1.00,0.00,0.00,0.00,1.00
264,0,8.767,0.93,1,0.208718,0.218561,-0.953241,-0.058852,0.175377,-0.982741,0.077,0.201,699.3,702.7,710.8,718.8,722.0,718.9,710.5,702.5,682.4,689.4,698.4,707.1,715.0,720.9,724.5,719.9,713.5,706.0,697.3,688.8,706.1,709.8,713.4,714.9,713.5,709.9,706.2,704.7,804.5,808.2,816.3,824.1,827.1,823.5,815.4,806.7,794.5,800.9,808.6,817.4,824.8,830.1,833.5,829.6,824.1,817.2,809.0,800.5,811.2,814.9,818.7,820.5,819.1,815.3,811.5,809.8,406.7,397.6,394.1,398.3,407.7,417.5,420.3,416.1,406.6,401.3,398.2,397.1,399.4,404.5,412.2,416.0,417.5,417.8,415.8,412.2,411.3,413.2,411.7,407.5,403.3,401.4,403.0,407.1,405.1,396.8,394.0,398.5,407.7,416.0,418.8,414.9,406.0,401.2,398.4,398.1,400.6,404.5,410.4,414.6,416.4,416.5,414.6,411.6,410.4,412.5,411.2,407.3,403.0,400.9,402.1,406.1,27.9,29.5,33.5,37.5,39.1,37.5,33.3,29.4,20.0,23.3,27.4,31.6,35.4,38.4,40.3,37.9,34.7,31.0,26.9,22.9,31.3,33.1,34.9,35.6,34.9,33.1,31.3,30.6,80.8,82.8,87.2,91.4,92.9,90.8,86.4,81.9,75.9,79.0,82.8,87.3,91.5,94.7,97.0,94.4,90.9,87.0,82.8,78.7,84.4,86.4,88.5,89.5,88.8,86.8,84.7,83.8,21.9,17.7,16.1,18.2,22.7,27.3,28.5,26.4,22.0,19.4,17.9,17.5,18.6,21.1,24.9,26.6,27.1,27.1,26.2,24.5,24.3,25.2,24.5,22.6,20.6,19.6,20.3,22.3,22.2,18.1,16.8,19.1,23.7,27.7,28.9,26.9,22.6,20.2,18.9,18.7,20.1,22.2,25.3,27.2,27.9,27.8,26.7,25.3,24.9,25.9,25.4,23.5,21.3,20.2,20.8,22.7,411.1,412.3,414.4,416.3,416.9,416.1,413.6,411.7,412.7,411.8,411.0,411.6,413.5,415.6,417.7,415.4,412.8,411.0,410.6,411.5,413.7,414.6,415.5,416.0,415.8,414.9,414.0,413.5,429.6,431.0,433.1,434.4,434.4,432.9,430.9,429.6,430.0,429.5,429.7,430.7,433.0,435.9,438.9,435.5,432.1,429.7,428.6,429.0,431.6,432.2,433.2,433.9,433.9,433.2,432.3,431.6,66.8,64.3,496.6,0.044,0.061,-0.021,618.3,623.9,631.4,637.6,646.0,661.7,685.1,717.0,755.5,796.0,828.9,854.0,864.3,866.6,868.1,871.1,871.6,651.6,664.8,688.7,714.8,739.5,782.0,799.0,817.9,836.8,850.5,766.2,767.1,768.0,769.0,743.1,754.5,765.8,776.9,786.2,683.9,697.4,714.3,726.3,712.8,696.1,794.6,807.8,824.0,834.4,824.2,808.6,724.8,741.3,755.2,762.0,768.7,779.5,792.7,778.6,766.4,759.2,751.8,739.7,731.4,754.4,761.5,768.4,785.2,767.6,760.8,754.1,407.7,440.8,471.4,501.9,531.8,558.5,579.6,598.1,604.1,598.2,577.1,549.5,518.1,487.3,459.2,431.5,402.9,384.8,365.3,357.6,362.8,374.1,374.5,365.5,361.6,361.1,373.0,403.3,427.4,451.0,475.2,488.5,494.0,498.3,495.8,491.0,407.4,398.9,399.5,410.4,415.8,415.4,409.3,399.6,399.7,408.7,415.4,415.4,535.3,526.6,523.6,527.2,524.5,529.9,538.0,544.3,543.7,543.3,542.3,540.9,534.2,534.5,535.5,535.2,537.8,530.9,531.3,530.6,0.00,0.00,0.40,0.00,0.00,0.00,0.00,0.00,0.92,0.13,0.08,1.50,0.00,0.00,0.00,1.03,0.13,0.00,0.00,0.00,1.00,0.00,0.00,0.00,0.00,0.00,0.00,0.00,1.00,0.00,1.00,0.00,0.00,0.00,1.00
265,0,8.800,0.93,1,0.204119,0.221062,-0.953660,-0.061406,0.183095,-0.981176,0.074,0.206,699.3,702.7,710.8,718.7,721.9,718.8,710.4,702.5,682.5,689.6,698.4,707.1,715.0,720.9,724.5,719.9,713.5,705.9,697.3,688.9,706.1,709.7,713.4,714.9,713.5,709.9,706.2,704.7,804.7,808.3,816.3,824.1,827.1,823.5,815.5,806.9,794.7,801.0,808.7,817.4,824.9,830.1,833.4,829.6,824.2,817.3,809.2,800.7,811.3,815.0,818.8,820.5,819.1,815.4,811.6,809.9,406.7,397.7,394.2,398.4,407.7,417.4,420.2,416.0,406.5,401.3,398.2,397.2,399.5,404.5,412.1,416.0,417.6,417.9,415.9,412.2,411.3,413.2,411.6,407.6,403.4,401.5,403.0,407.1,405.3,397.0,394.2,398.7,407.8,416.1,418.8,415.0,406.3,401.2,398.4,397.9,400.4,404.4,410.3,414.6,416.5,416.6,414.8,411.8,410.5,412.6,411.4,407.4,403.1,401.0,402.3,406.2,28.0,29.8,33.7,37.7,39.3,37.7,33.5,29.6,20.2,23.5,27.6,31.8,35.7,38.7,40.6,38.2,34.9,31.2,27.1,23.1,31.5,33.2,35.1,35.9,35.1,33.4,31.5,30.8,81.1,83.1,87.5,91.7,93.2,91.1,86.7,82.2,76.2,79.3,83.1,87.6,91.7,95.0,97.3,94.7,91.2,87.3,83.1,79.0,84.7,86.7,88.8,89.7,89.1,87.1,85.0,84.0,22.1,17.9,16.3,18.4,22.9,27.5,28.6,26.5,22.1,19.6,18.1,17.6,18.8,21.3,25.0,26.8,27.4,27.4,26.4,24.7,24.4,25.4,24.7,22.8,20.7,19.8,20.5,22.4,22.3,18.3,17.0,19.3,23.8,27.8,29.1,27.1,22.8,20.3,18.9,18.7,20.0,22.2,25.3,27.3,28.0,27.9,26.9,25.5,25.0,26.1,25.5,23.6,21.5,20.4,21.0,22.9,413.9,415.0,417.1,419.0,419.5,418.8,416.3,414.4,415.6,414.6,413.8,414.4,416.2,418.3,420.4,418.2,415.6,413.8,413.4,414.3,416.4,417.3,418.2,418.7,418.5,417.6,416.7,416.2,430.8,432.2,434.3,435.7,435.6,434.2,432.1,430.8,431.1,430.8,431.0,432.0,434.3,437.3,440.3,436.8,433.4,430.9,429.9,430.2,432.8,433.4,434.4,435.1,435.1,434.5,433.5,432.8,66.7,64.4,495.8,0.056,0.062,-0.020,618.3,623.8,631.3,637.6,646.1,661.7,685.1,716.8,755.2,795.8,828.6,854.0,864.4,867.0,868.6,871.5,872.0,651.8,664.9,688.8,714.9,739.6,782.2,799.3,818.4,837.2,850.6,766.4,767.1,768.1,768.9,743.2,754.5,765.7,776.7,786.0,683.9,697.4,714.4,726.2,712.8,696.1,794.8,807.9,824.1,834.5,824.2,808.6,724.6,740.9,755.1,761.6,768.2,779.2,792.4,778.2,765.8,758.7,751.5,739.1,731.1,754.3,761.1,767.9,785.0,767.1,760.4,753.8,407.7,440.8,471.3,501.8,531.6,558.2,579.5,598.4,604.9,599.0,577.5,549.8,518.4,487.7,459.7,431.9,403.2,384.9,365.3,357.5,362.8,374.2,374.5,365.3,361.5,361.3,373.5,403.6,427.7,451.2,475.4,488.5,493.9,498.3,495.9,491.1,407.5,398.8,399.5,410.6,415.8,415.3,409.4,399.6,399.7,408.7,415.5,415.5,535.3,526.5,523.8,527.3,524.8,530.1,538.2,546.2,546.3,545.8,544.7,542.5,534.2,534.2,535.2,535.0,538.0,533.8,534.2,533.4,0.00,0.00,0.45,0.00,0.00,0.00,0.00,0.00,0.94,0.13,0.06,1.55,0.00,0.00,0.00,0.97,0.19,0.00,0.00,0.00,1.00,0.00,0.00,0.00,0.00,0.00,0.00,0.00,1.00,0.00,1.00,0.00,0.00,0.00,1.00
266,0,8.833,0.93,1,0.187503,0.225072,-0.956130,-0.079493,0.187135,-0.979112,0.056,0.210,699.0,702.8,711.3,719.6,722.8,719.4,710.5,702.2,684.1,690.6,698.7,707.2,715.3,721.7,725.9,720.5,713.4,705.7,697.4,689.8,706.6,710.3,714.1,715.8,714.4,710.7,706.9,705.2,805.4,809.0,817.1,824.9,827.9,824.3,816.3,807.6,796.1,802.1,809.6,818.3,825.9,831.2,834.6,830.8,825.3,818.4,810.2,801.8,812.2,815.9,819.6,821.3,819.9,816.2,812.5,810.8,407.7,398.9,395.4,399.4,408.4,417.8,420.7,416.7,406.8,401.8,398.8,397.9,400.2,405.3,412.9,416.9,418.7,419.0,416.9,412.9,411.9,413.7,412.2,408.2,404.2,402.4,404.0,407.9,406.7,398.5,395.7,400.1,409.0,417.2,420.0,416.3,407.7,402.5,399.5,399.0,401.4,405.4,411.5,415.8,417.8,418.0,416.2,413.2,411.8,413.8,412.5,408.7,404.5,402.5,403.8,407.6,28.9,30.7,35.0,39.1,40.8,39.1,34.6,30.4,21.7,24.8,28.7,32.8,36.8,40.1,42.4,39.5,35.9,32.0,28.0,24.4,32.7,34.5,36.5,37.3,36.6,34.7,32.8,32.0,82.5,84.6,89.0,93.2,94.7,92.6,88.1,83.6,77.9,80.9,84.6,89.2,93.4,96.7,99.1,96.4,92.9,89.0,84.7,80.6,86.3,88.2,90.3,91.3,90.6,88.6,86.5,85.6,23.3,19.0,17.4,19.3,23.8,28.5,29.8,27.8,23.1,20.5,19.0,18.5,19.7,22.2,26.1,28.0,28.7,28.8,27.8,25.9,25.5,26.4,25.7,23.7,21.7,20.9,21.6,23.5,23.3,19.3,18.0,20.2,24.7,28.7,30.0,28.1,23.8,21.2,19.7,19.5,20.8,23.0,26.2,28.2,29.0,28.9,28.0,26.5,25.9,27.0,26.4,24.5,22.4,21.3,22.0,23.9,427.6,428.1,429.1,430.2,430.7,430.6,429.2,428.1,430.8,428.9,427.1,426.7,427.8,429.3,431.3,429.7,427.9,426.9,427.3,429.0,429.5,430.0,430.5,430.6,430.4,430.0,429.5,429.3,436.4,437.8,439.6,440.9,440.8,439.4,437.6,436.4,436.9,436.5,436.6,437.5,439.6,442.5,445.4,442.1,438.8,436.4,435.5,435.9,438.3,438.9,439.7,440.4,440.4,439.9,439.0,438.4,67.1,64.9,497.0,0.059,0.065,-0.015,619.2,624.6,631.9,637.8,646.1,662.0,685.5,717.2,755.4,795.6,828.3,853.9,864.6,867.6,869.5,872.4,873.0,652.4,666.0,689.9,715.9,740.6,783.5,800.5,819.3,838.2,851.8,767.6,768.2,769.1,769.8,743.6,754.9,766.2,777.4,786.8,684.4,698.1,715.1,726.9,713.3,696.6,795.8,808.9,825.2,835.6,825.3,809.7,723.7,740.6,755.1,761.7,768.2,779.3,792.8,778.1,765.4,758.4,751.1,738.5,730.2,754.2,761.1,767.9,785.3,766.9,760.3,753.7,407.3,440.5,471.3,502.0,531.9,558.7,579.8,598.5,604.8,598.9,577.5,550.1,519.0,488.6,460.8,433.2,404.8,384.9,365.5,357.9,363.3,374.9,375.4,366.5,362.7,362.3,374.2,404.7,428.7,452.2,476.3,489.3,494.7,499.2,496.8,492.1,408.0,399.5,400.2,411.7,416.8,416.1,410.7,400.7,400.8,410.0,416.8,416.8,535.3,526.9,524.2,527.8,525.3,530.6,538.6,546.3,546.2,545.7,544.6,542.5,534.3,534.8,535.8,535.6,538.5,533.7,534.1,533.4,0.00,0.00,0.61,0.00,0.00,0.00,0.00,0.00,0.88,0.13,0.03,1.58,0.00,0.00,0.00,0.78,0.12,0.00,0.00,0.00,1.00,0.00,0.00,0.00,0.00,0.00,0.00,0.00,1.00,0.00,1.00,0.00,0.00,0.00,1.00
267,0,8.867,0.98,1,0.132854,0.221588,-0.966048,-0.068195,0.186156,-0.980151,0.033,0.207,697.1,701.1,710.1,718.8,722.2,718.8,709.2,700.5,684.5,690.7,698.2,706.6,715.1,721.9,726.6,720.5,712.8,704.8,696.9,689.9,704.9,709.3,713.8,715.8,714.2,709.8,705.3,703.2,806.1,809.7,817.5,825.0,827.9,824.3,816.5,808.3,796.5,802.1,809.1,817.7,825.5,831.3,835.0,830.8,824.9,817.8,809.8,801.9,813.0,816.3,819.8,821.4,820.1,816.8,813.3,811.7,408.5,399.5,396.0,400.0,409.2,418.8,421.6,417.6,407.5,403.0,400.4,399.6,401.6,406.1,413.0,417.5,419.6,420.1,418.0,413.8,413.2,415.3,413.5,409.0,404.4,402.3,404.1,408.6,407.8,399.8,396.8,400.6,409.0,417.0,420.0,416.8,409.1,404.1,401.0,400.1,402.0,405.4,410.7,415.2,417.5,418.1,416.7,414.1,411.9,413.6,412.3,408.8,405.1,403.4,404.7,408.2,27.6,29.6,33.9,38.2,39.8,38.2,33.5,29.3,21.7,24.6,28.1,32.0,36.2,39.6,42.1,39.0,35.2,31.3,27.5,24.2,31.5,33.6,35.8,36.8,36.0,33.9,31.6,30.7,87.5,89.5,93.9,98.1,99.7,97.7,93.3,88.7,82.7,85.4,89.0,93.6,98.1,101.8,104.5,101.6,97.8,93.7,89.3,85.3,91.5,93.4,95.3,96.2,95.5,93.6,91.7,90.8,23.4,19.1,17.4,19.4,23.8,28.5,29.9,27.9,23.2,20.9,19.5,19.1,20.0,22.3,25.7,27.8,28.8,29.0,28.0,26.1,25.8,26.8,26.0,23.8,21.5,20.5,21.4,23.6,25.2,21.0,19.5,21.5,26.0,30.2,31.7,29.9,25.9,23.2,21.6,21.1,22.2,24.2,27.1,29.4,30.4,30.6,29.8,28.5,27.5,28.4,27.7,25.9,23.9,23.0,23.6,25.5,423.2,423.2,423.4,423.8,424.2,424.5,424.0,423.6,427.0,424.4,422.1,421.1,421.7,423.1,425.0,423.8,422.5,422.2,423.1,425.0,424.5,424.7,424.8,424.8,424.6,424.4,424.3,424.3,460.9,461.5,462.8,463.9,464.3,463.7,462.4,461.5,462.1,461.0,460.4,460.8,462.8,465.7,468.7,465.8,463.0,461.0,460.4,461.1,462.8,463.3,463.9,464.2,464.0,463.5,462.9,462.7,66.9,65.4,498.1,0.062,0.074,-0.011,619.8,624.8,631.4,636.6,643.9,659.3,683.0,715.0,753.1,793.6,827.3,854.1,866.0,869.6,871.5,874.3,874.9,653.1,667.8,692.5,719.1,743.6,780.9,798.0,817.3,837.0,851.7,767.5,768.1,768.8,769.5,744.2,755.0,765.6,776.2,785.1,684.2,698.1,715.0,726.7,713.1,696.6,795.8,808.8,824.9,835.5,825.1,809.5,722.9,739.7,754.4,760.5,766.3,777.5,791.1,775.9,763.0,756.5,749.7,736.9,729.6,753.3,759.7,765.7,783.6,764.6,758.6,752.3,409.7,442.1,472.1,502.0,531.5,558.0,579.0,598.2,605.1,599.7,578.8,551.8,521.0,490.3,462.0,433.9,405.3,384.8,365.8,359.1,365.0,377.3,377.3,367.4,363.1,362.2,373.9,405.6,428.6,451.0,474.2,488.6,493.7,497.7,496.0,491.9,408.8,400.5,401.3,412.6,417.5,416.7,411.5,401.5,401.5,410.4,417.3,417.4,535.7,526.2,523.0,526.6,524.2,530.4,539.7,548.9,548.9,548.1,547.1,544.2,534.6,534.0,535.0,535.1,539.3,535.9,536.0,535.3,0.00,0.00,0.78,0.00,0.00,0.00,0.00,0.00,0.80,0.06,0.00,1.54,0.00,0.00,0.02,0.62,0.07,0.00,0.00,0.00,1.00,0.00,0.00,0.00,0.00,0.00,0.00,0.00,1.00,0.00,1.00,0.00,0.00,1.00,1.00
268,0,8.900,0.98,1,0.145897,0.233116,-0.961442,-0.068863,0.189227,-0.979516,0.040,0.214,697.2,701.3,710.3,718.9,722.2,718.6,709.1,700.5,684.1,690.4,698.2,706.5,715.0,721.6,726.1,720.1,712.5,704.6,696.6,689.5,704.9,709.2,713.7,715.7,714.1,709.8,705.3,703.3,806.1,809.7,817.5,825.1,827.9,824.3,816.4,808.1,796.3,802.1,809.3,817.9,825.6,831.1,834.7,830.7,824.9,817.9,809.9,801.8,812.8,816.2,819.7,821.3,820.1,816.7,813.2,811.6,408.6,399.6,396.2,400.3,409.5,419.0,421.8,417.7,407.5,403.0,400.5,399.8,401.8,406.3,413.2,417.6,419.6,420.0,417.8,413.7,413.3,415.4,413.7,409.3,404.7,402.6,404.3,408.7,407.7,399.6,396.7,400.7,409.2,417.4,420.3,416.9,409.2,404.0,400.8,399.9,401.9,405.4,410.9,415.3,417.6,418.2,416.7,414.1,412.1,413.9,412.6,408.9,405.1,403.3,404.6,408.3,27.8,29.7,34.1,38.4,40.0,38.3,33.6,29.4,21.6,24.5,28.1,32.1,36.3,39.6,42.0,39.0,35.1,31.2,27.4,24.1,31.6,33.7,35.9,36.9,36.1,34.0,31.8,30.8,86.1,88.1,92.5,96.7,98.2,96.2,91.8,87.2,81.2,84.0,87.7,92.3,96.7,100.2,102.8,100.0,96.3,92.2,87.9,83.9,90.0,91.8,93.8,94.7,94.1,92.2,90.2,89.3,23.5,19.2,17.6,19.6,24.1,28.7,30.0,28.0,23.2,20.9,19.6,19.2,20.2,22.5,26.0,28.0,28.9,29.1,28.0,26.1,25.9,27.0,26.2,24.0,21.8,20.7,21.5,23.7,24.7,20.6,19.1,21.3,25.7,29.9,31.4,29.5,25.6,22.8,21.1,20.7,21.8,23.8,26.9,29.0,30.0,30.2,29.4,28.1,27.1,28.1,27.4,25.6,23.6,22.6,23.2,25.1,424.4,424.4,424.9,425.5,425.9,426.2,425.3,424.7,427.9,425.5,423.3,422.6,423.3,424.7,426.7,425.4,424.0,423.4,424.2,426.0,425.8,426.1,426.3,426.3,426.2,425.9,425.7,425.6,453.5,454.4,455.9,457.2,457.5,456.7,455.1,454.0,454.4,453.5,453.2,453.8,455.9,458.9,462.0,459.0,455.9,453.7,452.9,453.5,455.6,456.1,456.8,457.2,457.0,456.5,455.8,455.4,66.7,65.6,498.1,0.070,0.079,-0.012,620.0,624.6,631.2,636.6,644.5,660.3,683.8,715.0,752.4,792.5,826.2,853.3,865.7,869.7,871.8,874.5,874.9,653.5,668.1,692.6,718.9,743.1,780.9,797.5,816.6,836.2,850.8,767.2,767.8,768.4,769.0,743.9,754.6,765.1,775.6,784.4,684.0,697.9,714.7,726.4,712.8,696.2,795.8,808.7,824.8,835.4,825.0,809.4,722.3,738.9,753.9,759.7,765.4,776.8,790.4,775.0,761.8,755.4,748.7,735.9,728.9,752.7,758.9,764.8,782.9,763.6,757.6,751.5,409.8,442.3,472.6,502.8,532.6,559.2,580.2,599.4,606.3,600.9,579.8,552.6,521.5,490.6,461.9,433.4,404.4,384.7,365.7,359.1,365.0,377.4,377.2,367.3,363.1,362.2,374.0,405.5,428.5,450.8,474.1,488.6,493.6,497.6,496.0,492.1,408.7,400.5,401.3,412.7,417.6,416.7,411.5,401.6,401.5,410.6,417.4,417.5,535.6,526.0,523.0,526.6,524.3,530.6,540.0,550.5,550.9,550.0,548.8,545.2,534.6,534.0,535.0,535.2,539.7,537.9,537.9,537.1,0.03,0.00,0.92,0.00,0.00,0.00,0.00,0.00,0.74,0.00,0.00,1.47,0.00,0.00,0.07,0.50,0.00,0.00,0.00,0.00,1.00,0.00,0.00,0.00,0.00,0.00,0.00,0.00,1.00,0.00,1.00,0.00,1.00,1.00,1.00
269,0,8.933,0.98,1,0.134325,0.233192,-0.963109,-0.071762,0.196332,-0.977908,0.032,0.218,696.4,700.4,709.4,718.2,721.6,718.2,708.6,699.8,684.0,690.0,697.5,705.8,714.4,721.1,725.8,719.8,712.1,704.0,696.1,689.1,704.3,708.6,713.1,715.1,713.5,709.1,704.7,702.7,805.3,808.8,816.6,824.1,826.9,823.4,815.6,807.4,795.9,801.3,808.2,816.7,824.5,830.4,834.3,830.1,824.0,816.9,809.0,801.1,812.2,815.5,818.9,820.5,819.2,816.0,812.5,811.0,408.8,399.8,396.3,400.3,409.5,419.1,422.0,418.0,407.8,403.2,400.7,399.9,401.9,406.4,413.3,417.6,419.6,420.0,417.9,413.8,413.5,415.5,413.8,409.4,404.8,402.8,404.5,408.9,408.0,400.1,397.3,401.1,409.4,417.3,420.1,416.8,409.3,404.3,401.1,400.2,402.2,405.7,411.2,415.7,417.8,418.4,416.9,414.3,412.2,413.9,412.6,409.2,405.5,403.9,405.1,408.5,27.4,29.3,33.8,38.1,39.7,38.1,33.4,29.1,21.5,24.4,27.9,31.8,36.0,39.4,41.9,38.8,34.9,31.0,27.2,24.0,31.3,33.5,35.6,36.6,35.8,33.7,31.5,30.5,88.0,90.0,94.4,98.6,100.2,98.1,93.7,89.2,83.2,85.9,89.5,94.0,98.6,102.3,105.1,102.1,98.3,94.1,89.8,85.8,92.0,93.9,95.8,96.7,96.0,94.2,92.2,91.4,23.7,19.3,17.6,19.6,24.1,28.8,30.2,28.2,23.4,21.1,19.7,19.3,20.3,22.5,26.0,28.0,28.9,29.1,28.1,26.3,26.1,27.0,26.2,24.1,21.8,20.9,21.7,23.8,25.5,21.4,19.9,22.0,26.5,30.6,32.1,30.3,26.3,23.6,21.9,21.4,22.6,24.6,27.7,29.9,30.9,31.0,30.2,28.9,27.9,28.8,28.2,26.3,24.4,23.5,24.1,25.9,425.0,425.1,425.4,425.7,425.9,426.2,425.6,425.3,428.8,426.4,424.0,423.1,423.7,424.9,426.7,425.5,424.3,423.9,424.8,426.8,426.2,426.4,426.5,426.5,426.4,426.3,426.2,426.1,465.8,466.6,467.8,468.7,468.8,468.0,466.8,466.1,467.1,466.1,465.4,465.7,467.5,470.2,473.1,470.1,467.3,465.4,465.0,465.9,467.5,467.9,468.4,468.8,468.7,468.3,467.8,467.5,66.5,65.7,498.2,0.076,0.076,-0.013,619.8,624.5,631.1,636.6,644.5,660.3,683.6,714.7,752.0,792.0,825.5,852.5,864.9,869.1,871.2,873.8,874.1,653.2,667.6,692.0,718.4,742.6,780.3,797.1,816.4,836.0,850.4,766.7,767.3,768.1,768.7,743.7,754.3,764.8,775.4,784.1,683.6,697.4,714.2,725.9,712.4,695.9,795.0,807.9,824.0,834.6,824.3,808.7,722.0,738.7,753.8,759.6,765.2,776.8,790.3,775.0,761.6,755.3,748.6,735.6,728.6,752.6,758.8,764.5,782.9,763.3,757.5,751.4,409.9,442.4,472.7,502.8,532.5,559.0,580.2,599.7,606.9,601.5,580.3,552.8,521.5,490.3,461.4,432.6,403.6,384.8,365.9,359.2,365.1,377.4,377.2,367.2,363.1,362.4,374.4,405.7,428.6,450.9,474.1,488.5,493.6,497.6,496.0,492.0,409.0,400.7,401.6,412.9,417.7,416.9,411.7,401.8,401.7,410.7,417.5,417.6,535.4,525.9,522.9,526.6,524.3,530.5,539.8,551.2,551.9,550.9,549.7,545.8,534.5,533.8,534.8,535.0,539.5,538.9,538.9,538.0,0.06,0.00,0.89,0.00,0.00,0.00,0.00,0.00,0.74,0.02,0.00,1.41,0.00,0.00,0.15,0.54,0.08,0.00,0.00,0.00,1.00,0.00,0.00,0.00,0.00,0.00,0.00,0.00,1.00,0.00,1.00,0.00,1.00,1.00,1.00
270,0,8.967,0.98,1,0.123353,0.234145,-0.964345,-0.071503,0.196516,-0.977890,0.027,0.218,695.3,699.4,708.6,717.5,721.0,717.5,707.7,698.8,683.9,689.5,696.6,704.9,713.7,720.7,725.8,719.4,711.3,703.0,695.2,688.6,703.5,707.9,712.6,714.6,712.9,708.5,703.9,701.8,804.8,808.3,816.1,823.7,826.5,822.9,815.1,806.9,795.7,800.9,807.7,816.2,824.0,830.0,834.0,829.6,823.5,816.4,808.5,800.8,811.7,815.1,818.5,820.1,818.8,815.5,812.1,810.5,408.9,399.8,396.3,400.4,409.7,419.5,422.3,418.2,407.8,403.2,400.8,400.0,402.0,406.5,413.5,417.8,419.8,420.1,417.9,413.8,413.7,415.8,414.1,409.5,404.9,402.8,404.5,409.0,408.2,400.4,397.6,401.4,409.6,417.4,420.2,416.9,409.7,404.5,401.4,400.4,402.4,405.9,411.4,415.7,417.8,418.3,417.0,414.5,412.3,414.0,412.8,409.3,405.7,404.0,405.3,408.7,26.6,28.5,32.9,37.2,38.8,37.2,32.5,28.2,21.3,23.8,27.1,30.9,35.2,38.6,41.2,38.1,34.1,30.1,26.5,23.5,30.5,32.7,34.9,35.8,35.0,32.9,30.7,29.7,88.6,90.7,95.1,99.3,100.8,98.8,94.3,89.8,84.0,86.6,90.1,94.7,99.2,103.0,105.9,102.8,99.0,94.8,90.5,86.5,92.7,94.5,96.5,97.4,96.7,94.9,92.9,92.0,23.4,19.1,17.4,19.4,23.8,28.5,29.9,27.9,23.2,20.8,19.5,19.1,20.1,22.3,25.7,27.7,28.6,28.7,27.8,26.0,25.8,26.8,26.0,23.8,21.5,20.5,21.4,23.6,25.9,21.8,20.3,22.4,26.8,31.0,32.4,30.6,26.8,24.0,22.2,21.7,22.9,24.9,28.0,30.2,31.2,31.3,30.6,29.3,28.2,29.2,28.5,26.7,24.7,23.8,24.4,26.3,419.8,419.6,419.4,419.3,419.3,419.8,419.8,419.9,424.0,421.3,418.7,417.4,417.6,418.5,420.1,419.1,418.3,418.3,419.6,421.9,420.6,420.5,420.4,420.3,420.3,420.3,420.5,420.6,470.6,471.4,472.4,473.2,473.2,472.5,471.4,470.8,472.1,470.9,470.2,470.3,471.9,474.6,477.4,474.5,471.8,470.0,469.7,470.8,472.2,472.5,473.0,473.3,473.3,472.9,472.5,472.2,66.3,65.8,498.6,0.076,0.071,-0.013,619.0,623.9,630.7,636.2,643.8,659.1,681.9,712.9,750.7,791.4,825.3,852.5,864.5,868.1,869.8,872.3,872.6,652.5,666.9,691.4,717.9,742.2,779.7,796.5,815.7,835.2,849.5,766.3,767.0,767.7,768.5,743.2,754.0,764.5,775.1,783.9,683.0,696.8,713.7,725.4,711.8,695.3,794.6,807.5,823.7,834.2,823.8,808.3,721.4,738.3,753.6,759.4,764.9,776.6,790.4,775.0,761.5,755.2,748.6,735.4,728.0,752.5,758.6,764.3,782.9,763.2,757.4,751.4,410.0,442.6,472.9,502.7,532.1,558.5,579.5,599.5,607.0,601.8,580.4,552.5,520.7,489.4,460.7,432.4,403.7,385.2,366.1,359.4,365.2,377.6,377.5,367.6,363.5,362.8,374.7,405.7,428.6,450.8,474.0,488.5,493.6,497.7,496.0,492.0,409.2,400.9,401.7,412.9,417.8,417.0,411.8,401.9,401.9,410.9,417.7,417.7,535.4,525.9,523.1,526.7,524.4,530.4,539.6,551.2,552.0,551.1,549.9,545.9,534.5,533.8,534.8,535.1,539.4,539.2,539.2,538.4,0.06,0.00,0.84,0.00,0.00,0.00,0.00,0.00,0.77,0.03,0.00,1.42,0.00,0.00,0.21,0.62,0.13,0.00,0.00,0.00,1.00,0.00,0.00,0.00,0.00,0.00,0.00,0.00,1.00,0.00,1.00,0.00,1.00,1.00,1.00
271,0,9.000,0.98,1,0.119854,0.235296,-0.964505,-0.080660,0.189138,-0.978632,0.020,0.215,695.4,699.3,708.3,717.1,720.5,717.2,707.5,698.8,684.1,689.5,696.5,704.7,713.5,720.4,725.4,719.1,711.1,702.8,695.2,688.7,703.4,707.8,712.3,714.3,712.6,708.3,703.8,701.8,804.4,807.9,815.7,823.2,826.1,822.6,814.8,806.6,796.3,800.9,807.4,815.8,823.6,829.7,833.6,829.3,823.3,816.2,808.5,801.3,811.4,814.8,818.3,819.8,818.5,815.2,811.7,810.1,409.2,400.2,396.7,400.7,409.9,419.5,422.4,418.3,408.1,403.4,400.9,400.1,402.2,406.7,413.5,417.9,419.8,420.2,418.1,414.0,413.9,415.9,414.2,409.7,405.2,403.1,404.8,409.3,408.4,400.7,397.8,401.4,409.5,417.3,420.2,417.1,412.1,405.7,401.7,400.3,402.3,406.0,411.8,415.5,417.6,418.3,417.4,415.6,412.5,414.1,412.8,409.4,405.7,404.1,405.4,408.9,26.9,28.8,33.1,37.4,39.0,37.5,32.8,28.5,21.6,24.1,27.3,31.2,35.5,38.9,41.5,38.3,34.4,30.4,26.8,23.8,30.8,33.0,35.1,36.1,35.3,33.2,31.0,30.0,90.1,92.1,96.5,100.8,102.4,100.4,95.9,91.3,85.9,88.2,91.6,96.2,100.8,104.7,107.4,104.5,100.6,96.4,92.2,88.4,94.2,96.1,98.1,99.0,98.3,96.4,94.4,93.5,23.9,19.5,17.8,19.7,24.2,28.9,30.3,28.3,23.6,21.2,19.8,19.4,20.4,22.6,26.0,28.0,28.9,29.1,28.2,26.4,26.2,27.2,26.3,24.2,21.9,21.0,21.8,24.0,26.5,22.3,20.8,22.8,27.3,31.5,33.0,31.3,28.7,25.1,22.8,22.1,23.2,25.4,28.7,30.6,31.6,31.9,31.4,30.5,28.8,29.7,29.1,27.2,25.2,24.3,25.0,26.8,424.8,424.5,424.2,424.1,424.2,424.7,424.7,424.9,429.2,426.4,423.7,422.3,422.4,423.3,424.8,424.0,423.1,423.2,424.6,427.0,425.5,425.5,425.3,425.1,425.1,425.2,425.4,425.5,479.4,480.0,480.8,481.4,481.4,480.9,480.0,479.6,480.9,479.7,479.0,478.9,480.2,482.8,485.2,482.8,480.3,478.7,478.7,479.7,480.8,481.1,481.4,481.7,481.7,481.4,481.0,480.8,66.4,66.0,500.0,0.083,0.069,-0.014,619.1,624.0,630.7,636.1,643.7,658.9,681.6,712.6,750.4,791.0,824.9,852.1,864.3,868.1,869.9,872.2,872.5,652.4,666.8,691.2,717.7,741.9,779.7,796.4,815.7,835.1,849.3,766.2,766.9,767.7,768.5,743.2,754.0,764.5,775.2,784.0,683.0,696.7,713.6,725.2,711.7,695.2,794.5,807.3,823.4,833.9,823.7,808.1,721.1,738.1,753.5,759.3,765.0,776.8,790.6,775.2,761.5,755.2,748.4,735.1,727.7,752.3,758.6,764.4,783.2,763.3,757.3,751.2,409.9,442.7,473.0,502.8,532.1,558.4,579.3,599.3,606.9,601.7,580.3,552.2,520.2,488.6,459.8,431.5,402.9,385.2,366.1,359.4,365.2,377.5,377.5,367.6,363.5,362.8,374.7,406.0,428.8,450.9,474.0,488.6,493.7,497.7,496.0,492.0,409.4,401.0,401.9,413.3,418.2,417.3,412.2,402.2,402.0,411.2,418.0,418.1,535.3,525.9,523.1,526.8,524.5,530.4,539.5,551.2,552.2,551.2,550.0,545.9,534.5,533.8,534.8,535.1,539.3,539.7,539.6,538.8,0.03,0.00,0.79,0.00,0.00,0.00,0.00,0.00,0.78,0.06,0.00,1.43,0.00,0.00,0.21,0.67,0.13,0.00,0.00,0.00,1.00,0.00,0.00,0.00,0.00,0.00,0.00,0.00,1.00,0.00,1.00,0.00,1.00,1.00,1.00
272,0,9.033,0.98,1,0.112596,0.207733,-0.971684,-0.081398,0.210843,-0.974125,0.016,0.212,694.5,698.2,707.0,715.7,719.2,716.2,706.7,698.0,684.2,688.5,694.9,703.4,712.7,719.7,724.8,718.4,710.1,701.6,694.2,688.3,702.9,707.0,711.3,713.1,711.4,707.2,703.0,701.2,803.5,807.0,814.8,822.2,825.0,821.5,813.7,805.6,794.9,799.9,806.5,814.9,822.8,828.7,832.8,828.4,822.3,815.3,807.5,800.0,810.4,813.7,817.2,818.8,817.5,814.2,810.7,809.1,409.1,400.1,396.4,400.1,409.1,418.8,421.8,418.1,411.0,404.8,401.1,399.4,401.5,406.3,413.8,417.7,419.4,420.0,418.7,415.8,413.6,415.4,413.6,409.3,405.0,403.2,404.9,409.3,408.2,400.4,397.5,401.2,409.3,417.1,419.9,416.8,409.5,404.3,401.1,400.0,401.9,405.2,410.6,415.1,417.6,418.3,417.0,414.4,412.2,413.8,412.5,409.1,405.4,403.8,405.1,408.5,26.1,27.9,32.1,36.2,37.8,36.4,31.9,27.8,21.5,23.4,26.3,30.2,34.6,38.0,40.5,37.4,33.4,29.4,26.0,23.3,30.2,32.1,34.1,35.0,34.2,32.3,30.2,29.4,88.9,90.9,95.3,99.5,101.0,99.0,94.6,90.1,84.5,87.0,90.4,94.9,99.5,103.4,106.2,103.2,99.4,95.2,90.9,87.0,92.9,94.8,96.8,97.7,97.0,95.1,93.1,92.2,23.6,19.3,17.4,19.2,23.4,28.1,29.6,27.8,24.8,21.6,19.7,18.8,19.8,22.1,25.7,27.5,28.3,28.6,28.1,26.9,25.7,26.6,25.7,23.6,21.5,20.7,21.6,23.7,26.2,22.0,20.5,22.5,26.9,31.1,32.6,30.9,27.0,24.1,22.3,21.7,22.8,24.8,27.9,30.2,31.4,31.7,30.9,29.6,28.4,29.4,28.7,26.8,24.8,23.9,24.6,26.5,419.7,419.7,419.2,418.3,417.7,417.9,418.2,419.1,424.9,422.1,419.2,417.4,416.9,417.3,418.1,417.4,416.9,417.4,419.4,422.2,419.7,419.3,419.0,419.0,419.3,419.7,420.0,420.0,475.6,476.1,476.9,477.7,477.9,477.5,476.7,476.1,477.1,475.8,474.9,474.9,476.5,479.2,482.1,479.5,476.9,475.2,474.9,476.0,477.2,477.5,477.9,478.1,478.0,477.6,477.3,477.1,66.2,66.1,500.6,0.088,0.068,-0.020,617.9,623.2,630.1,635.6,643.5,658.8,681.4,712.6,750.6,791.3,825.3,852.4,864.4,867.7,869.1,871.3,871.4,651.4,665.8,690.3,716.7,741.0,778.3,795.1,814.4,833.9,848.4,765.2,765.9,766.8,767.7,742.5,753.3,763.9,774.6,783.5,682.2,695.8,712.7,724.2,710.8,694.3,793.8,806.3,822.4,832.9,822.7,807.2,720.8,737.9,753.2,759.1,764.8,776.6,790.5,775.2,761.5,755.2,748.4,735.1,727.4,752.1,758.4,764.2,783.0,763.1,757.2,751.0,409.9,442.5,472.7,502.5,532.0,558.4,579.4,599.6,606.9,601.5,579.9,551.6,519.6,488.2,459.4,431.1,402.2,385.4,366.4,359.7,365.4,377.5,377.2,367.2,363.3,362.5,374.4,405.9,428.8,451.0,474.1,488.6,493.8,497.9,496.0,491.9,410.0,401.3,402.0,413.1,418.3,417.6,411.5,401.6,401.5,410.6,417.3,417.5,535.7,526.2,523.4,526.9,524.6,530.2,539.2,551.0,552.0,551.1,550.0,546.1,534.7,534.1,535.0,535.1,539.1,539.5,539.6,538.7,0.00,0.00,0.75,0.00,0.00,0.00,0.00,0.00,0.81,0.08,0.00,1.41,0.00,0.00,0.19,0.68,0.05,0.00,0.00,0.00,1.00,0.00,0.00,0.00,0.00,0.00,0.00,0.00,1.00,0.00,1.00,0.00,1.00,1.00,1.00
273,0,9.067,0.98,1,0.113803,0.207511,-0.971590,-0.080234,0.210670,-0.974259,0.017,0.212,694.4,698.2,707.0,715.7,719.2,716.1,706.6,697.9,684.1,688.5,694.9,703.4,712.6,719.7,724.7,718.4,710.0,701.6,694.2,688.2,702.8,707.0,711.3,713.1,711.4,707.2,703.0,701.1,803.5,807.1,814.8,822.3,825.0,821.5,813.7,805.6,794.7,799.9,806.6,815.0,822.9,828.7,832.8,828.4,822.4,815.4,807.5,799.9,810.4,813.7,817.2,818.7,817.5,814.2,810.7,809.1,409.1,400.1,396.3,400.0,409.1,418.8,421.8,418.1,410.8,404.7,401.1,399.5,401.6,406.3,413.8,417.7,419.5,420.1,418.7,415.7,413.6,415.4,413.6,409.3,404.9,403.1,404.9,409.2,408.1,400.3,397.4,401.1,409.3,417.1,419.9,416.7,409.1,404.1,401.1,400.1,402.0,405.3,410.6,415.2,417.6,418.3,416.9,414.2,412.1,413.8,412.5,409.0,405.4,403.7,405.0,408.5,26.1,27.9,32.1,36.1,37.8,36.3,31.8,27.7,21.4,23.4,26.3,30.2,34.6,38.0,40.5,37.4,33.3,29.4,25.9,23.2,30.1,32.1,34.1,35.0,34.2,32.2,30.2,29.3,88.2,90.2,94.6,98.8,100.4,98.3,93.9,89.4,83.7,86.3,89.8,94.3,98.9,102.7,105.5,102.6,98.7,94.6,90.3,86.3,92.2,94.1,96.1,97.0,96.3,94.4,92.5,91.6,23.5,19.2,17.4,19.1,23.4,28.0,29.5,27.8,24.6,21.6,19.7,18.8,19.8,22.1,25.7,27.5,28.3,28.6,28.1,26.8,25.7,26.5,25.7,23.6,21.5,20.6,21.5,23.6,25.9,21.7,20.2,22.3,26.7,30.9,32.4,30.6,26.6,23.8,22.1,21.6,22.7,24.6,27.7,30.0,31.2,31.4,30.6,29.3,28.2,29.1,28.5,26.6,24.6,23.7,24.4,26.2,419.3,419.3,418.7,417.9,417.3,417.5,417.9,418.7,424.4,421.7,418.7,416.9,416.5,416.9,417.8,417.0,416.5,417.0,418.9,421.7,419.3,418.9,418.6,418.7,418.9,419.4,419.6,419.6,472.1,472.6,473.6,474.4,474.7,474.2,473.3,472.6,473.5,472.2,471.5,471.6,473.3,476.0,479.0,476.2,473.6,471.8,471.4,472.4,473.8,474.2,474.6,474.8,474.7,474.3,473.9,473.7,66.2,66.0,500.3,0.088,0.068,-0.021,617.8,623.1,630.1,635.7,643.6,659.0,681.7,713.0,750.8,791.6,825.6,852.6,864.5,867.7,869.1,871.2,871.3,651.2,665.6,690.0,716.6,741.0,778.2,795.0,814.3,833.9,848.3,765.2,766.0,766.9,767.8,742.5,753.4,764.0,774.7,783.6,682.1,695.8,712.6,724.2,710.7,694.3,793.7,806.3,822.4,832.9,822.6,807.2,720.8,737.9,753.2,759.2,764.9,776.7,790.6,775.2,761.6,755.2,748.4,735.1,727.4,752.2,758.4,764.3,783.1,763.2,757.3,751.1,410.0,442.6,472.8,502.7,532.2,558.5,579.5,599.6,606.8,601.2,579.5,551.1,519.1,487.7,459.1,430.8,402.1,385.5,366.4,359.6,365.3,377.4,377.2,367.2,363.2,362.5,374.4,405.9,428.7,450.9,474.1,488.6,493.8,497.8,496.0,491.9,409.9,401.3,402.0,413.1,418.3,417.6,411.4,401.6,401.5,410.5,417.3,417.4,535.6,526.2,523.4,526.9,524.6,530.2,539.1,551.0,552.0,551.1,549.9,546.1,534.7,534.1,535.0,535.1,539.0,539.4,539.5,538.7,0.00,0.00,0.78,0.00,0.00,0.00,0.00,0.00,0.79,0.13,0.00,1.43,0.00,0.00,0.13,0.68,0.00,0.00,0.00,0.00,1.00,0.00,0.00,0.00,0.00,0.00,0.00,0.00,1.00,0.00,1.00,0.00,1.00,1.00,1.00
274,0,9.100,0.98,1,0.115104,0.207841,-0.971367,-0.080489,0.212178,-0.973911,0.018,0.213,694.4,698.2,707.0,715.7,719.2,716.1,706.6,697.9,684.1,688.5,694.9,703.3,712.6,719.6,724.6,718.3,710.0,701.5,694.1,688.2,702.8,707.0,711.2,713.1,711.4,707.2,702.9,701.1,803.6,807.1,814.8,822.3,825.0,821.5,813.7,805.6,794.8,799.9,806.6,815.0,822.9,828.7,832.7,828.4,822.4,815.4,807.5,799.9,810.4,813.7,817.2,818.8,817.5,814.2,810.7,809.1,409.1,400.1,396.3,400.1,409.1,418.8,421.8,418.1,410.9,404.8,401.1,399.5,401.5,406.4,413.9,417.8,419.5,420.1,418.7,415.7,413.6,415.4,413.6,409.3,404.9,403.1,404.9,409.2,408.1,400.3,397.5,401.1,409.2,417.0,419.9,416.8,409.2,404.1,401.0,400.1,401.9,405.2,410.5,415.2,417.6,418.3,417.0,414.3,412.1,413.8,412.5,409.0,405.3,403.7,405.0,408.5,26.1,27.9,32.1,36.2,37.8,36.4,31.9,27.8,21.4,23.4,26.3,30.2,34.6,38.0,40.5,37.4,33.4,29.4,26.0,23.2,30.1,32.1,34.1,35.0,34.2,32.3,30.2,29.4,88.5,90.5,94.8,99.0,100.6,98.6,94.2,89.7,84.0,86.5,90.0,94.5,99.1,102.9,105.7,102.8,99.0,94.8,90.5,86.5,92.5,94.4,96.3,97.2,96.5,94.6,92.7,91.8,23.6,19.2,17.4,19.2,23.4,28.1,29.6,27.8,24.7,21.6,19.7,18.8,19.8,22.1,25.8,27.6,28.4,28.7,28.1,26.9,25.7,26.6,25.7,23.6,21.5,20.7,21.6,23.6,26.0,21.8,20.3,22.4,26.8,31.0,32.5,30.7,26.7,23.9,22.2,21.6,22.7,24.6,27.7,30.1,31.3,31.5,30.8,29.4,28.3,29.2,28.5,26.6,24.7,23.7,24.4,26.3,419.9,420.0,419.4,418.6,418.0,418.2,418.5,419.3,425.0,422.3,419.4,417.6,417.2,417.5,418.4,417.7,417.1,417.7,419.6,422.4,420.0,419.6,419.3,419.3,419.6,420.0,420.3,420.3,473.3,473.7,474.6,475.5,475.8,475.4,474.5,473.8,474.7,473.4,472.6,472.6,474.4,477.1,480.1,477.4,474.8,473.0,472.6,473.6,474.9,475.3,475.7,475.9,475.8,475.4,475.0,474.8,66.2,66.0,500.3,0.089,0.070,-0.022,617.7,623.1,630.1,635.7,643.6,659.1,681.8,713.1,751.0,791.9,825.9,853.0,864.9,868.1,869.4,871.5,871.5,651.1,665.5,690.0,716.5,740.9,778.2,795.0,814.3,833.8,848.3,765.2,766.0,766.9,767.7,742.5,753.4,764.0,774.7,783.6,682.1,695.7,712.6,724.1,710.7,694.2,793.7,806.3,822.4,832.9,822.6,807.2,720.8,737.9,753.3,759.2,764.8,776.7,790.6,775.2,761.5,755.2,748.4,735.0,727.4,752.2,758.4,764.3,783.1,763.2,757.3,751.1,410.0,442.6,472.9,502.8,532.2,558.6,579.5,599.5,606.7,601.0,579.1,550.7,518.7,487.3,458.7,430.6,402.0,385.4,366.4,359.6,365.3,377.5,377.2,367.2,363.3,362.5,374.3,405.9,428.7,450.9,474.0,488.6,493.8,497.8,496.0,491.9,409.9,401.3,402.0,413.1,418.3,417.6,411.4,401.6,401.5,410.5,417.3,417.4,535.7,526.1,523.3,526.9,524.5,530.2,539.2,551.0,552.0,551.1,549.9,546.1,534.7,534.1,535.0,535.1,539.0,539.4,539.4,538.6,0.00,0.00,0.80,0.00,0.00,0.00,0.00,0.00,0.79,0.14,0.00,1.40,0.00,0.00,0.12,0.64,0.05,0.00,0.00,0.00,1.00,0.00,0.00,0.00,0.00,0.00,0.00,0.00,1.00,0.00,1.00,0.00,1.00,1.00,1.00
275,0,9.133,0.98,1,0.114974,0.205214,-0.971940,-0.080897,0.213024,-0.973692,0.018,0.212,694.4,698.2,707.0,715.7,719.2,716.1,706.6,697.9,684.1,688.5,694.9,703.3,712.5,719.5,724.5,718.2,709.9,701.5,694.1,688.2,702.8,707.0,711.3,713.1,711.4,707.2,702.9,701.1,803.6,807.1,814.8,822.3,825.0,821.5,813.7,805.6,794.8,799.9,806.6,815.0,822.8,828.7,832.7,828.4,822.3,815.3,807.5,799.9,810.4,813.7,817.2,818.8,817.5,814.2,810.7,809.1,409.0,400.0,396.3,400.0,409.0,418.7,421.8,418.1,410.9,404.8,401.1,399.5,401.6,406.5,414.1,417.8,419.5,420.0,418.6,415.7,413.6,415.4,413.6,409.2,404.8,403.0,404.8,409.2,408.1,400.4,397.5,401.2,409.3,417.0,419.9,416.7,409.2,404.1,401.0,400.0,401.9,405.2,410.5,415.2,417.6,418.3,416.9,414.2,412.1,413.8,412.5,409.0,405.4,403.7,405.0,408.5,26.1,27.9,32.1,36.2,37.8,36.4,31.8,27.7,21.4,23.4,26.3,30.2,34.5,37.9,40.4,37.3,33.3,29.4,25.9,23.3,30.1,32.1,34.1,35.0,34.2,32.2,30.2,29.3,88.6,90.6,95.0,99.2,100.8,98.7,94.4,89.8,84.1,86.7,90.1,94.7,99.3,103.1,105.9,102.9,99.1,94.9,90.6,86.7,92.6,94.5,96.5,97.4,96.7,94.8,92.8,91.9,23.5,19.2,17.4,19.1,23.4,28.0,29.5,27.8,24.7,21.6,19.7,18.8,19.8,22.2,25.8,27.6,28.3,28.6,28.1,26.9,25.7,26.6,25.7,23.6,21.5,20.6,21.5,23.6,26.1,21.9,20.4,22.4,26.8,31.0,32.5,30.8,26.7,23.9,22.2,21.7,22.8,24.7,27.8,30.1,31.3,31.6,30.8,29.4,28.3,29.3,28.6,26.7,24.7,23.8,24.5,26.4,419.8,419.8,419.2,418.4,417.7,417.9,418.3,419.2,424.9,422.2,419.2,417.4,417.0,417.3,418.1,417.4,416.9,417.5,419.4,422.3,419.8,419.4,419.1,419.1,419.4,419.8,420.1,420.1,474.1,474.5,475.4,476.3,476.6,476.2,475.3,474.6,475.6,474.2,473.4,473.5,475.2,477.9,480.9,478.2,475.5,473.8,473.5,474.5,475.7,476.1,476.5,476.7,476.6,476.2,475.8,475.6,66.2,65.9,500.0,0.090,0.071,-0.023,617.7,623.1,630.1,635.7,643.7,659.2,681.9,713.2,751.3,792.3,826.4,853.6,865.4,868.4,869.6,871.6,871.6,651.1,665.5,689.9,716.4,740.9,778.2,795.0,814.3,833.8,848.2,765.3,766.0,766.9,767.7,742.6,753.4,764.0,774.7,783.5,682.1,695.7,712.5,724.1,710.7,694.2,793.7,806.3,822.4,832.9,822.6,807.2,720.9,737.9,753.3,759.2,764.8,776.6,790.6,775.1,761.4,755.1,748.4,735.0,727.4,752.2,758.4,764.2,783.0,763.1,757.3,751.1,410.0,442.6,472.9,502.8,532.3,558.7,579.6,599.6,606.8,601.0,578.9,550.4,518.3,487.0,458.5,430.5,402.0,385.4,366.4,359.5,365.2,377.4,377.2,367.2,363.3,362.5,374.4,405.9,428.8,451.0,474.1,488.6,493.8,497.8,496.0,491.9,409.9,401.3,402.1,413.2,418.4,417.6,411.4,401.6,401.5,410.5,417.2,417.4,535.7,526.1,523.3,526.9,524.5,530.2,539.2,551.0,552.0,551.1,549.9,546.1,534.7,534.1,535.0,535.1,539.0,539.3,539.4,538.6,0.02,0.00,0.91,0.00,0.00,0.00,0.00,0.00,0.78,0.16,0.00,1.31,0.00,0.00,0.19,0.63,0.16,0.00,0.00,0.00,1.00,0.00,0.00,0.00,0.00,0.00,0.00,0.00,1.00,0.00,1.00,0.00,1.00,1.00,1.00
276,0,9.167,0.98,1,0.120087,0.231739,-0.965337,-0.075558,0.230455,-0.970145,0.023,0.234,693.2,697.0,705.7,714.4,717.9,714.8,705.3,696.7,682.9,687.2,693.4,701.8,711.0,718.1,723.3,716.9,708.4,700.0,692.8,686.9,701.7,705.8,709.9,711.6,710.0,706.0,701.9,700.1,802.5,806.1,813.9,821.5,824.3,820.7,812.8,804.5,793.2,798.7,805.7,814.3,822.0,827.7,831.6,827.5,821.7,814.7,806.7,798.7,809.3,812.7,816.2,817.8,816.5,813.2,809.7,808.1,410.0,400.9,397.2,400.9,410.0,419.7,422.8,419.1,412.0,405.4,401.4,399.5,401.3,406.0,413.6,417.8,419.9,420.7,419.5,416.7,414.4,416.2,414.4,410.2,406.0,404.2,406.0,410.2,408.2,400.2,397.2,401.1,409.6,417.6,420.6,417.2,408.9,403.8,400.8,399.8,401.7,405.1,410.5,415.0,417.3,418.0,416.6,414.0,412.4,414.2,412.9,409.3,405.5,403.8,405.1,408.7,25.5,27.3,31.5,35.6,37.2,35.7,31.2,27.2,20.8,22.8,25.6,29.5,33.9,37.3,39.8,36.6,32.6,28.6,25.3,22.7,29.6,31.5,33.5,34.3,33.6,31.7,29.7,28.9,85.7,87.7,92.1,96.4,97.9,95.9,91.4,86.9,81.0,83.7,87.3,91.9,96.4,100.0,102.8,99.9,96.2,92.1,87.8,83.7,89.7,91.6,93.5,94.4,93.7,91.9,89.9,89.0,24.0,19.7,17.8,19.6,23.9,28.5,30.0,28.3,25.2,21.9,19.8,18.8,19.7,21.9,25.6,27.6,28.5,28.9,28.5,27.4,26.1,26.9,26.1,24.1,22.0,21.2,22.1,24.1,25.4,21.2,19.7,21.8,26.3,30.6,32.0,30.2,25.9,23.1,21.5,21.0,22.1,24.0,27.1,29.3,30.4,30.6,29.8,28.5,27.8,28.7,28.1,26.2,24.2,23.2,23.9,25.8,420.0,420.1,419.5,418.6,417.9,418.0,418.4,419.3,425.1,422.4,419.5,417.6,417.1,417.3,418.0,417.2,416.7,417.3,419.4,422.3,420.0,419.5,419.2,419.2,419.6,420.0,420.3,420.3,461.5,462.2,463.5,464.6,465.0,464.3,463.0,462.0,462.5,461.5,461.0,461.4,463.4,466.3,469.3,466.4,463.5,461.4,460.8,461.5,463.4,463.9,464.5,464.8,464.7,464.2,463.6,463.3,65.7,66.0,499.9,0.085,0.076,-0.030,616.9,622.5,629.8,635.6,643.9,659.7,682.6,714.0,752.1,793.1,827.3,854.2,865.5,867.9,868.6,870.3,870.0,649.7,663.7,687.8,714.0,738.3,777.9,794.5,813.4,832.5,846.6,764.0,764.8,765.8,766.7,741.9,752.7,763.3,773.8,782.5,680.7,694.2,711.1,722.7,709.3,692.8,792.7,805.2,821.4,832.0,821.8,806.2,720.2,737.0,752.3,758.5,764.3,776.4,790.3,774.9,761.0,754.5,747.5,734.2,726.7,751.3,757.8,763.8,782.6,762.7,756.6,750.3,410.4,443.1,473.5,503.7,533.5,560.4,581.7,601.6,608.4,602.0,579.2,550.1,517.8,486.5,458.2,430.3,401.9,386.2,367.0,359.9,365.3,377.2,376.8,366.9,363.1,362.3,374.1,405.9,428.8,451.1,474.2,489.0,494.1,498.0,496.2,492.0,410.5,401.6,402.2,413.3,418.7,418.0,411.2,401.4,401.2,410.3,417.1,417.3,536.1,526.1,523.1,526.6,524.2,529.9,539.3,551.3,552.5,551.7,550.6,546.7,535.1,534.4,535.2,535.2,539.2,539.4,539.5,538.8,0.02,0.00,0.95,0.00,0.00,0.00,0.00,0.00,0.78,0.15,0.00,1.17,0.00,0.00,0.31,0.61,0.28,0.00,0.00,0.00,1.00,0.00,0.00,0.00,0.00,0.00,0.00,0.00,0.00,0.00,1.00,0.00,1.00,1.00,1.00
277,0,9.200,0.98,1,0.120287,0.231908,-0.965272,-0.075814,0.231048,-0.969984,0.023,0.235,693.2,697.0,705.7,714.4,717.9,714.8,705.3,696.7,682.9,687.2,693.4,701.7,711.0,718.1,723.3,716.8,708.4,699.9,692.7,686.9,701.7,705.8,709.9,711.6,710.0,706.0,701.9,700.1,802.4,806.0,813.9,821.5,824.3,820.7,812.8,804.5,793.2,798.7,805.7,814.3,822.0,827.7,831.6,827.5,821.6,814.7,806.6,798.7,809.3,812.7,816.2,817.8,816.5,813.1,809.6,808.0,410.0,401.0,397.2,400.9,410.0,419.7,422.8,419.1,412.0,405.4,401.4,399.5,401.3,406.0,413.5,417.8,419.8,420.6,419.4,416.7,414.5,416.2,414.4,410.2,406.0,404.2,406.0,410.2,408.2,400.2,397.2,401.1,409.6,417.6,420.6,417.3,408.9,403.8,400.7,399.7,401.6,405.0,410.5,415.0,417.3,418.0,416.6,414.0,412.5,414.2,412.9,409.3,405.5,403.8,405.1,408.7,25.5,27.3,31.5,35.6,37.2,35.7,31.2,27.1,20.8,22.8,25.6,29.5,33.8,37.2,39.8,36.6,32.5,28.6,25.3,22.6,29.6,31.5,33.5,34.3,33.6,31.7,29.7,28.9,85.5,87.5,92.0,96.2,97.8,95.7,91.3,86.7,80.8,83.5,87.2,91.7,96.2,99.9,102.6,99.8,96.0,92.0,87.6,83.5,89.5,91.4,93.4,94.3,93.6,91.7,89.7,88.8,24.0,19.7,17.8,19.6,23.9,28.5,30.0,28.3,25.2,21.9,19.8,18.8,19.7,21.9,25.6,27.5,28.5,28.9,28.5,27.3,26.1,26.9,26.1,24.0,22.0,21.2,22.1,24.1,25.4,21.2,19.7,21.8,26.3,30.5,32.0,30.2,25.8,23.0,21.4,20.9,22.0,23.9,27.0,29.3,30.3,30.5,29.8,28.4,27.7,28.7,28.0,26.1,24.1,23.2,23.9,25.7,419.8,419.9,419.3,418.3,417.6,417.8,418.2,419.1,424.9,422.2,419.3,417.4,416.8,417.0,417.7,417.0,416.5,417.1,419.2,422.1,419.7,419.3,419.0,419.0,419.4,419.8,420.1,420.1,460.7,461.4,462.7,463.8,464.1,463.5,462.2,461.2,461.7,460.7,460.2,460.7,462.6,465.5,468.5,465.6,462.6,460.6,460.0,460.7,462.6,463.1,463.7,464.0,463.9,463.4,462.8,462.5,65.7,66.0,499.6,0.083,0.077,-0.030,616.7,622.5,629.9,635.7,644.1,659.9,682.8,714.3,752.3,793.4,827.5,854.4,865.6,867.9,868.6,870.2,869.9,649.6,663.6,687.7,713.9,738.3,777.9,794.4,813.3,832.5,846.5,764.0,764.9,765.9,766.8,741.9,752.8,763.3,773.8,782.6,680.7,694.1,711.1,722.7,709.3,692.8,792.6,805.2,821.4,832.0,821.8,806.2,720.2,737.0,752.3,758.4,764.2,776.2,790.2,774.7,760.8,754.3,747.3,734.1,726.8,751.2,757.7,763.7,782.4,762.5,756.5,750.1,410.5,443.3,473.7,504.0,533.9,560.7,582.0,601.8,608.5,602.2,579.4,550.3,517.9,486.5,458.1,430.1,401.6,386.3,367.1,359.9,365.4,377.2,376.9,366.9,363.1,362.2,374.1,405.8,428.7,451.0,474.2,488.9,494.0,498.0,496.2,492.0,410.5,401.6,402.2,413.3,418.7,418.0,411.2,401.4,401.2,410.3,417.1,417.3,536.2,526.1,523.1,526.6,524.2,530.0,539.5,551.5,552.5,551.7,550.5,546.6,535.1,534.3,535.2,535.3,539.4,539.4,539.5,538.7,0.04,0.00,0.96,0.00,0.00,0.00,0.00,0.00,0.83,0.23,0.00,1.08,0.00,0.00,0.36,0.59,0.25,0.00,0.00,0.00,1.00,0.00,0.00,0.00,0.00,0.00,0.00,0.00,0.00,0.00,1.00,0.00,1.00,1.00,1.00
278,0,9.233,0.98,1,0.130408,0.211808,-0.968572,-0.080850,0.182957,-0.979791,0.025,0.200,690.7,694.2,702.4,710.7,714.1,711.4,702.5,694.2,679.8,683.9,690.1,698.4,707.4,714.2,719.2,713.3,705.3,697.2,690.0,684.1,698.8,702.6,706.5,708.1,706.5,702.6,698.8,697.2,798.4,801.6,809.4,817.1,820.3,817.0,809.3,800.9,790.6,795.0,801.3,809.7,817.6,823.9,828.1,823.9,817.8,810.6,803.0,795.8,805.6,809.1,812.5,814.0,812.6,809.1,805.7,804.2,410.1,401.5,397.9,401.4,409.9,419.1,422.1,418.6,412.3,405.7,401.5,399.4,401.2,405.9,413.4,417.7,419.8,420.7,419.6,417.0,414.1,415.8,414.1,410.1,406.2,404.5,406.2,410.2,407.3,399.3,396.2,399.7,407.8,415.7,418.8,415.9,412.0,405.1,400.6,398.8,400.4,404.0,409.7,413.4,415.5,416.5,416.0,414.8,411.2,412.7,411.3,407.8,404.2,402.6,404.0,407.5,25.4,27.1,31.2,35.2,36.9,35.6,31.1,27.0,20.1,22.1,25.0,29.0,33.5,36.9,39.5,36.4,32.4,28.5,25.0,22.1,29.4,31.3,33.2,34.0,33.2,31.3,29.4,28.6,86.4,88.3,92.7,97.1,98.8,96.9,92.5,87.9,82.5,84.6,88.0,92.5,97.1,101.0,103.9,101.0,97.2,93.0,88.8,85.1,90.6,92.6,94.5,95.4,94.6,92.7,90.7,89.9,25.0,20.7,18.9,20.6,24.9,29.5,31.0,29.3,26.4,22.9,20.7,19.6,20.5,22.8,26.6,28.7,29.7,30.2,29.8,28.6,27.1,27.9,27.0,25.0,23.1,22.3,23.1,25.1,25.8,21.5,19.8,21.7,26.2,30.5,32.1,30.5,28.4,24.6,22.1,21.1,22.1,24.2,27.4,29.3,30.4,30.8,30.5,29.9,28.0,28.9,28.1,26.2,24.2,23.3,24.1,26.0,437.2,437.1,436.7,436.2,435.8,436.0,436.2,436.8,442.4,439.6,436.8,434.9,434.6,435.1,436.1,435.2,434.6,435.1,436.9,439.7,437.4,437.1,436.9,436.9,437.1,437.4,437.6,437.6,477.5,478.1,478.9,479.5,479.4,478.9,478.1,477.7,478.9,477.8,477.1,476.9,478.3,480.9,483.2,480.8,478.3,476.8,476.8,477.8,478.9,479.1,479.5,479.7,479.8,479.5,479.2,478.9,64.3,66.0,499.2,0.078,0.076,-0.043,614.4,620.1,627.7,633.8,642.4,658.4,681.6,713.7,752.4,793.6,827.6,853.7,864.3,866.0,866.1,867.1,866.1,646.7,659.9,683.3,709.2,733.3,774.0,790.2,808.8,827.5,841.4,759.8,761.0,762.3,763.6,739.1,750.2,760.9,771.6,780.4,677.6,690.7,707.5,719.4,706.1,689.7,788.9,801.2,817.4,828.1,818.1,802.6,717.8,734.4,750.0,756.9,763.5,776.3,790.7,775.4,761.1,753.7,746.0,732.2,724.4,749.3,756.5,763.3,782.8,762.3,755.4,748.4,411.4,444.1,474.5,504.6,534.4,561.5,583.0,602.9,609.2,602.4,579.4,550.1,517.6,486.3,458.0,430.1,401.8,386.9,367.5,359.9,365.0,376.6,376.2,365.9,361.9,361.0,372.7,405.5,428.3,450.6,473.7,489.3,494.1,498.0,495.8,491.4,411.1,401.9,402.3,413.4,418.9,418.4,411.0,400.9,400.3,409.6,416.3,416.7,536.9,526.7,523.4,526.8,524.3,529.7,539.0,551.2,552.9,552.3,551.3,547.5,535.8,534.8,535.6,535.5,539.0,539.8,540.1,539.3,0.04,0.00,0.90,0.00,0.00,0.00,0.00,0.00,0.88,0.28,0.00,1.05,0.00,0.00,0.29,0.59,0.19,0.00,0.00,0.00,1.00,0.00,0.00,0.00,0.00,0.00,0.00,0.00,0.00,0.00,1.00,0.00,1.00,1.00,1.00
279,0,9.267,0.98,1,0.133463,0.213166,-0.967857,-0.078118,0.186855,-0.979277,0.028,0.203,690.7,694.1,702.4,710.7,714.1,711.3,702.4,694.1,679.7,683.9,690.1,698.3,707.3,714.2,719.2,713.2,705.2,697.1,690.0,684.0,698.8,702.6,706.4,708.0,706.5,702.6,698.8,697.2,798.4,801.6,809.4,817.1,820.3,817.1,809.3,800.9,790.6,795.0,801.3,809.7,817.6,823.8,828.0,823.8,817.8,810.7,803.0,795.8,805.6,809.1,812.5,814.0,812.6,809.1,805.6,804.2,410.1,401.5,397.9,401.4,410.0,419.2,422.1,418.6,412.3,405.7,401.5,399.4,401.2,405.9,413.4,417.7,419.8,420.8,419.7,417.0,414.2,415.8,414.1,410.1,406.2,404.5,406.2,410.2,407.3,399.3,396.2,399.6,407.7,415.7,418.8,415.9,411.9,405.0,400.6,398.8,400.4,404.0,409.7,413.4,415.5,416.5,416.0,414.8,411.2,412.7,411.3,407.8,404.2,402.6,404.0,407.6,25.3,27.0,31.1,35.1,36.8,35.5,31.0,27.0,20.0,22.0,24.9,28.9,33.3,36.8,39.4,36.3,32.3,28.3,24.9,22.0,29.3,31.2,33.1,33.9,33.1,31.2,29.3,28.5,86.3,88.2,92.6,96.9,98.7,96.8,92.3,87.7,82.3,84.5,87.8,92.3,96.9,100.9,103.7,100.9,97.0,92.8,88.7,84.9,90.5,92.4,94.4,95.2,94.5,92.5,90.5,89.7,25.0,20.7,18.9,20.6,24.8,29.4,30.9,29.2,26.4,22.9,20.7,19.5,20.4,22.8,26.6,28.6,29.6,30.1,29.7,28.6,27.0,27.8,27.0,25.0,23.0,22.2,23.1,25.0,25.8,21.5,19.8,21.7,26.1,30.4,32.1,30.5,28.4,24.5,22.1,21.1,22.1,24.1,27.4,29.3,30.3,30.7,30.5,29.9,28.0,28.8,28.1,26.1,24.2,23.3,24.1,26.0,436.0,436.0,435.6,435.0,434.6,434.8,435.0,435.6,441.3,438.5,435.7,433.8,433.5,433.9,434.9,434.1,433.4,433.9,435.8,438.5,436.3,436.0,435.8,435.8,436.0,436.3,436.5,436.5,476.7,477.3,478.2,478.8,478.7,478.1,477.2,476.8,478.0,476.9,476.2,476.2,477.5,480.2,482.5,480.1,477.5,476.0,475.9,476.9,478.0,478.3,478.7,479.0,479.0,478.7,478.3,478.1,64.2,66.0,499.3,0.081,0.075,-0.045,614.3,620.1,627.7,633.9,642.5,658.4,681.5,713.5,752.2,793.3,827.3,853.5,864.1,865.8,865.9,866.9,865.9,646.4,659.5,683.0,708.9,733.2,773.8,790.0,808.7,827.4,841.4,759.7,760.9,762.3,763.5,739.0,750.2,760.9,771.5,780.4,677.5,690.6,707.5,719.4,706.0,689.6,788.8,801.1,817.4,828.1,818.1,802.6,717.8,734.4,749.9,756.9,763.4,776.2,790.6,775.3,761.0,753.6,745.9,732.2,724.4,749.2,756.4,763.2,782.8,762.3,755.4,748.3,411.6,444.5,474.8,504.9,534.6,561.5,583.0,602.8,609.2,602.4,579.4,549.9,517.2,485.5,456.9,428.8,400.3,387.1,367.5,359.9,365.0,376.6,376.2,365.9,361.8,360.9,372.7,405.5,428.3,450.5,473.6,489.1,494.0,497.9,495.8,491.3,411.1,401.9,402.3,413.4,418.9,418.4,411.0,400.8,400.3,409.5,416.3,416.7,536.7,526.6,523.3,526.8,524.3,529.7,538.9,551.4,553.1,552.5,551.4,547.5,535.6,534.7,535.5,535.4,539.0,540.1,540.3,539.5,0.06,0.00,0.84,0.00,0.00,0.00,0.00,0.00,0.93,0.34,0.00,1.04,0.00,0.00,0.18,0.56,0.12,0.00,0.00,0.00,1.00,0.00,0.00,0.00,0.00,0.00,0.00,0.00,0.00,0.00,1.00,0.00,1.00,1.00,1.00
280,0,9.300,0.98,1,0.132918,0.212390,-0.968103,-0.073457,0.186361,-0.979731,0.031,0.202,690.5,693.9,702.3,710.7,714.2,711.4,702.3,694.0,679.6,683.9,690.1,698.3,707.3,714.2,719.2,713.2,705.2,697.2,690.0,684.0,698.6,702.5,706.4,708.1,706.5,702.5,698.6,697.0,798.4,801.7,809.5,817.2,820.3,817.1,809.3,801.0,790.6,795.0,801.4,809.7,817.7,823.9,828.0,823.8,817.7,810.6,802.9,795.8,805.6,809.1,812.6,814.0,812.6,809.2,805.7,804.2,410.0,401.3,397.7,401.2,409.8,419.1,422.1,418.6,412.2,405.6,401.4,399.4,401.1,405.8,413.4,417.7,419.8,420.7,419.6,416.9,414.1,415.8,414.1,410.0,406.0,404.3,406.0,410.1,407.1,399.2,396.0,399.5,407.6,415.5,418.7,415.8,411.7,404.8,400.4,398.7,400.4,404.0,409.7,413.4,415.6,416.5,416.0,414.6,411.0,412.5,411.1,407.6,404.0,402.4,403.8,407.4,25.1,26.8,30.9,35.1,36.8,35.4,30.9,26.8,19.9,21.9,24.9,28.8,33.3,36.7,39.3,36.2,32.2,28.3,24.8,22.0,29.1,31.1,33.0,33.8,33.0,31.1,29.2,28.4,86.3,88.2,92.6,96.9,98.6,96.7,92.3,87.7,82.2,84.4,87.8,92.3,96.9,100.9,103.6,100.8,97.0,92.8,88.6,84.9,90.5,92.4,94.4,95.2,94.5,92.5,90.6,89.7,24.8,20.5,18.7,20.4,24.7,29.3,30.8,29.1,26.2,22.8,20.6,19.5,20.3,22.7,26.5,28.5,29.5,30.0,29.6,28.4,26.9,27.7,26.9,24.8,22.8,22.0,22.9,24.9,25.7,21.4,19.7,21.6,26.0,30.3,32.0,30.4,28.2,24.4,22.0,21.0,22.0,24.1,27.4,29.3,30.3,30.7,30.4,29.8,27.9,28.7,28.0,26.1,24.1,23.2,24.0,25.9,434.9,434.9,434.5,433.9,433.5,433.7,433.9,434.5,439.9,437.2,434.4,432.6,432.3,432.8,433.8,432.9,432.2,432.7,434.5,437.2,435.1,434.8,434.7,434.7,434.9,435.2,435.4,435.3,476.5,477.1,477.9,478.5,478.6,478.0,477.2,476.8,477.9,476.8,476.0,475.9,477.3,480.0,482.3,480.0,477.4,475.9,475.8,476.9,477.9,478.2,478.6,478.8,478.8,478.5,478.2,477.9,64.2,65.9,499.4,0.085,0.074,-0.046,613.9,619.7,627.3,633.5,642.2,658.3,681.4,713.4,752.0,793.2,827.2,853.3,863.9,865.5,865.6,866.6,865.5,646.3,659.3,682.8,708.7,733.0,773.7,789.7,808.3,827.1,841.0,759.7,760.8,762.2,763.4,738.9,750.0,760.8,771.4,780.3,677.4,690.6,707.5,719.4,706.0,689.5,788.8,801.1,817.4,828.1,818.1,802.5,717.5,734.3,750.0,756.8,763.3,776.1,790.5,775.1,760.8,753.6,746.0,732.1,724.1,749.2,756.3,763.0,782.7,762.1,755.3,748.3,411.4,444.4,474.7,504.9,534.6,561.5,582.9,602.7,608.9,602.1,578.8,549.2,516.4,484.7,456.2,428.2,399.7,387.1,367.5,359.9,365.0,376.6,376.2,365.9,361.8,360.9,372.7,405.4,428.2,450.4,473.5,489.2,494.0,497.9,495.7,491.3,411.0,401.8,402.2,413.4,418.9,418.4,410.9,400.8,400.2,409.4,416.3,416.7,536.7,526.7,523.5,527.0,524.5,529.8,538.9,551.5,553.3,552.6,551.5,547.6,535.7,534.9,535.7,535.7,539.0,540.1,540.3,539.6,0.04,0.00,0.79,0.00,0.00,0.00,0.00,0.00,0.92,0.29,0.00,1.01,0.00,0.00,0.18,0.61,0.09,0.00,0.00,0.00,1.00,0.00,0.00,0.00,0.00,0.00,0.00,0.00,0.00,0.00,1.00,0.00,1.00,1.00,1.00
281,0,9.333,0.98,1,0.134538,0.216031,-0.967073,-0.067874,0.183520,-0.980670,0.034,0.202,690.3,693.8,702.2,710.7,714.2,711.3,702.3,693.8,679.5,683.8,690.0,698.3,707.2,714.1,719.1,713.1,705.1,697.1,689.9,683.9,698.4,702.4,706.4,708.1,706.5,702.5,698.5,696.8,798.5,801.9,809.8,817.5,820.5,817.1,809.3,800.9,790.2,795.0,801.7,810.3,818.1,824.1,827.9,823.8,817.8,810.7,802.9,795.5,805.6,809.1,812.6,814.1,812.7,809.3,805.8,804.2,410.0,401.3,397.6,401.2,409.8,419.2,422.2,418.7,412.1,405.6,401.4,399.4,401.1,405.7,413.3,417.5,419.6,420.5,419.4,416.8,414.2,415.9,414.2,410.0,405.9,404.2,406.0,410.1,406.7,398.7,395.6,399.2,407.5,415.5,418.6,415.6,411.2,404.3,399.9,398.3,400.2,404.0,409.8,413.5,415.6,416.4,415.8,414.3,410.8,412.4,411.0,407.4,403.7,402.1,403.5,407.1,25.0,26.7,30.9,35.0,36.7,35.3,30.8,26.7,19.9,21.9,24.8,28.8,33.2,36.6,39.2,36.1,32.1,28.2,24.7,21.9,29.0,31.0,33.0,33.8,33.0,31.0,29.1,28.2,84.6,86.5,90.9,95.2,96.9,94.9,90.5,85.9,80.3,82.7,86.2,90.8,95.3,99.1,101.7,99.0,95.2,91.0,86.8,83.0,88.7,90.6,92.6,93.4,92.7,90.8,88.8,87.9,24.8,20.5,18.7,20.4,24.7,29.3,30.8,29.1,26.2,22.7,20.6,19.5,20.3,22.6,26.4,28.4,29.4,29.9,29.5,28.3,26.9,27.8,26.9,24.8,22.8,22.0,22.9,24.9,24.9,20.7,19.1,21.0,25.5,29.8,31.4,29.7,27.4,23.7,21.3,20.4,21.5,23.7,27.0,28.8,29.8,30.1,29.7,29.0,27.2,28.1,27.4,25.4,23.4,22.6,23.3,25.2,434.5,434.6,434.2,433.6,433.1,433.3,433.4,434.0,439.5,436.8,434.0,432.3,432.0,432.4,433.4,432.5,431.8,432.3,434.1,436.8,434.7,434.4,434.2,434.3,434.5,434.8,435.0,435.0,466.8,467.4,468.5,469.4,469.6,469.0,467.9,467.2,468.1,467.0,466.4,466.6,468.3,471.1,473.7,471.2,468.4,466.7,466.4,467.2,468.5,468.9,469.4,469.6,469.5,469.1,468.7,468.4,64.0,65.8,498.6,0.083,0.073,-0.048,613.6,619.5,627.2,633.5,642.5,658.9,682.2,714.2,752.6,793.6,827.4,853.2,863.5,864.9,865.0,866.0,865.0,645.9,658.6,682.1,708.3,732.9,773.6,789.6,808.2,827.0,840.9,759.8,760.9,762.2,763.4,738.7,749.9,760.8,771.5,780.4,677.3,690.5,707.4,719.3,706.0,689.4,788.7,801.2,817.6,828.2,818.2,802.6,717.4,734.2,749.9,756.8,763.2,775.9,790.4,775.0,760.7,753.5,745.9,731.9,723.9,749.2,756.3,763.0,782.6,762.0,755.3,748.3,411.2,444.3,474.9,505.3,535.4,562.4,583.9,603.3,609.1,601.8,578.0,548.1,515.3,483.8,455.6,427.9,399.7,387.8,367.8,359.8,364.9,376.6,376.1,365.9,361.7,360.8,372.6,405.2,428.0,450.2,473.3,489.1,493.9,497.8,495.6,491.1,411.0,401.8,402.1,413.3,418.8,418.3,410.7,400.6,400.1,409.2,416.1,416.5,536.9,526.9,523.7,527.2,524.6,530.0,539.0,551.6,553.3,552.8,551.7,547.8,535.8,535.1,535.9,535.8,539.1,540.1,540.4,539.7,0.02,0.00,0.79,0.00,0.00,0.00,0.00,0.00,0.93,0.27,0.00,1.00,0.00,0.00,0.13,0.70,0.12,0.00,0.00,0.00,1.00,0.00,0.00,0.00,0.00,0.00,0.00,0.00,0.00,0.00,1.00,0.00,1.00,1.00,1.00
282,0,9.367,0.98,1,0.132722,0.220531,-0.966308,-0.067747,0.199876,-0.977476,0.033,0.213,690.5,694.0,702.3,710.5,714.0,711.1,702.2,694.0,680.1,684.2,690.2,698.2,707.0,713.8,718.7,712.7,705.0,697.2,690.2,684.4,698.5,702.4,706.4,708.0,706.4,702.5,698.5,696.9,798.4,801.9,809.9,817.6,820.5,817.0,809.1,800.7,789.6,794.9,801.8,810.4,818.3,824.0,827.8,823.7,817.8,810.8,802.8,795.0,805.4,808.9,812.4,814.0,812.7,809.2,805.6,804.0,409.7,401.1,397.5,401.0,409.6,418.8,421.7,418.2,412.0,405.5,401.4,399.3,401.0,405.7,413.4,417.3,419.4,420.3,419.1,416.5,413.9,415.5,413.8,409.8,405.7,404.0,405.7,409.8,406.3,398.3,395.3,399.1,407.5,415.5,418.5,415.3,408.7,403.0,399.5,398.4,400.4,403.9,409.5,413.7,415.9,416.6,415.4,413.1,410.6,412.3,410.9,407.3,403.5,401.8,403.1,406.8,25.6,27.3,31.5,35.6,37.3,35.9,31.4,27.3,20.5,22.5,25.4,29.3,33.7,37.1,39.7,36.6,32.7,28.8,25.4,22.6,29.6,31.6,33.6,34.4,33.6,31.6,29.6,28.8,83.4,85.3,89.8,94.0,95.6,93.6,89.2,84.6,78.9,81.5,85.1,89.7,94.2,97.8,100.4,97.6,93.9,89.8,85.5,81.6,87.3,89.3,91.3,92.2,91.5,89.5,87.5,86.6,25.1,20.8,19.0,20.7,25.0,29.6,31.2,29.4,26.6,23.1,20.9,19.8,20.6,23.0,26.9,28.9,29.8,30.3,29.9,28.7,27.3,28.1,27.2,25.1,23.1,22.3,23.1,25.2,24.4,20.2,18.6,20.7,25.2,29.4,30.9,29.1,25.7,22.6,20.8,20.2,21.3,23.3,26.5,28.5,29.5,29.8,29.1,27.9,26.7,27.7,27.0,25.1,23.0,22.1,22.8,24.7,442.6,442.6,442.2,441.5,441.0,441.2,441.5,442.1,447.5,444.8,442.0,440.2,439.8,440.2,441.2,440.4,439.7,440.2,442.1,444.8,442.8,442.5,442.2,442.3,442.5,442.8,443.0,443.0,460.4,461.1,462.4,463.4,463.5,462.8,461.6,460.8,461.5,460.5,460.0,460.4,462.2,465.0,467.8,465.1,462.2,460.3,459.8,460.5,462.2,462.6,463.2,463.5,463.4,463.0,462.4,462.1,64.1,65.8,498.8,0.090,0.074,-0.049,613.5,619.5,627.1,633.5,642.7,659.4,682.8,714.7,753.0,793.9,827.6,853.4,863.5,864.9,865.1,866.2,865.1,646.0,658.9,682.4,708.5,733.1,773.7,789.7,808.2,827.0,840.8,760.1,761.2,762.5,763.7,738.8,750.0,760.8,771.6,780.5,677.5,690.7,707.4,719.2,705.9,689.6,788.9,801.3,817.4,828.0,817.9,802.5,717.1,734.1,749.9,756.7,763.0,775.7,790.1,774.6,760.2,753.1,745.6,731.6,723.6,749.2,756.2,762.8,782.3,761.7,755.1,748.2,411.4,444.2,474.6,505.1,535.4,562.7,584.4,603.9,609.6,601.8,577.3,547.0,514.1,482.9,455.0,427.6,399.7,387.3,367.7,359.8,364.9,376.5,376.0,365.9,361.8,360.8,372.3,405.0,427.9,450.2,473.5,488.9,493.8,497.7,495.6,491.1,410.7,401.8,402.1,412.9,418.4,418.0,410.1,400.4,399.9,408.9,415.6,415.9,536.6,526.8,523.6,527.2,524.6,529.8,538.7,551.6,553.4,552.9,551.8,547.8,535.6,535.1,535.9,535.7,538.9,540.0,540.4,539.7,0.00,0.00,0.78,0.00,0.00,0.00,0.00,0.00,0.92,0.26,0.00,1.01,0.00,0.00,0.11,0.77,0.08,0.00,0.00,0.00,1.00,0.00,0.00,0.00,0.00,0.00,0.00,0.00,0.00,0.00,1.00,0.00,1.00,1.00,1.00
283,0,9.400,0.98,1,0.133777,0.216504,-0.967073,-0.061307,0.194719,-0.978941,0.037,0.208,691.0,694.4,702.7,710.9,714.3,711.5,702.7,694.4,680.6,684.6,690.6,698.5,707.3,714.1,719.0,713.1,705.4,697.6,690.6,684.8,699.0,702.9,706.8,708.4,706.8,702.9,699.0,697.4,799.1,802.5,810.3,818.0,821.1,817.7,809.9,801.6,790.9,795.4,801.9,810.4,818.4,824.5,828.5,824.3,818.2,811.1,803.4,796.1,806.3,809.7,813.2,814.7,813.3,809.9,806.4,804.9,409.7,401.2,397.6,401.0,409.5,418.7,421.7,418.2,412.0,405.5,401.3,399.3,401.0,405.7,413.4,417.2,419.2,420.0,418.9,416.4,413.8,415.4,413.8,409.7,405.7,404.1,405.7,409.8,406.5,398.6,395.5,399.0,407.2,415.1,418.2,415.2,411.0,404.0,399.6,397.9,399.7,403.5,409.5,413.2,415.3,416.1,415.5,414.1,410.5,412.1,410.7,407.1,403.5,401.9,403.3,406.8,25.9,27.6,31.8,35.9,37.6,36.2,31.7,27.6,20.9,22.8,25.6,29.5,33.9,37.4,40.0,36.9,33.0,29.1,25.7,22.9,29.9,31.9,33.8,34.7,33.9,31.9,30.0,29.2,85.9,87.9,92.2,96.6,98.3,96.3,91.9,87.3,81.7,84.0,87.3,91.9,96.5,100.4,103.1,100.3,96.5,92.3,88.1,84.4,90.1,92.0,94.0,94.9,94.1,92.2,90.2,89.3,25.2,20.9,19.0,20.8,25.0,29.7,31.2,29.5,26.7,23.2,20.9,19.8,20.7,23.1,27.0,28.9,29.8,30.3,29.9,28.8,27.3,28.1,27.3,25.2,23.2,22.4,23.2,25.3,25.1,20.9,19.2,21.2,25.6,29.9,31.5,29.9,27.7,23.8,21.3,20.4,21.5,23.7,27.1,28.9,29.9,30.3,29.9,29.2,27.4,28.2,27.5,25.6,23.6,22.7,23.4,25.4,444.0,444.0,443.5,442.8,442.4,442.6,442.9,443.6,449.1,446.4,443.5,441.6,441.2,441.6,442.6,441.8,441.2,441.8,443.7,446.4,444.2,443.9,443.6,443.6,443.9,444.2,444.4,444.4,472.5,473.1,474.0,474.7,474.8,474.3,473.3,472.8,474.0,472.8,472.1,472.1,473.5,476.2,478.6,476.2,473.6,472.1,471.9,472.9,474.0,474.3,474.8,475.0,475.0,474.7,474.3,474.0,64.3,65.9,499.2,0.093,0.071,-0.047,614.0,619.8,627.3,633.5,642.3,658.6,682.0,714.1,752.7,793.8,827.4,853.3,863.5,865.2,865.6,866.7,865.8,646.5,659.4,682.9,709.1,733.6,774.4,790.4,808.8,827.5,841.3,760.6,761.7,762.9,764.2,739.3,750.4,761.2,772.0,780.8,677.9,691.1,707.9,719.6,706.3,690.0,789.4,801.7,817.9,828.4,818.5,803.1,717.7,734.6,750.4,756.9,762.9,775.4,789.8,774.3,760.1,753.3,746.1,732.1,724.2,749.7,756.4,762.6,782.1,761.6,755.3,748.7,411.4,444.2,474.6,504.9,535.1,562.3,583.9,603.4,609.2,601.5,577.3,547.1,514.2,483.1,455.2,427.9,400.1,387.5,367.7,359.7,364.8,376.5,375.8,365.7,361.6,360.4,372.0,405.1,427.9,450.2,473.4,488.9,493.8,497.7,495.6,491.0,410.8,401.7,402.0,413.1,418.6,418.1,410.3,400.3,399.7,408.9,415.6,416.1,537.0,527.1,524.0,527.5,525.0,530.3,539.1,551.7,553.3,552.6,551.6,547.9,535.9,535.2,536.0,535.9,539.3,540.4,540.7,540.1,0.00,0.00,0.77,0.00,0.00,0.00,0.00,0.00,0.91,0.24,0.00,1.01,0.00,0.00,0.10,0.78,0.08,0.00,0.00,0.00,1.00,0.00,0.00,0.00,0.00,0.00,0.00,0.00,0.00,0.00,1.00,0.00,1.00,1.00,1.00
284,0,9.433,0.98,1,0.130590,0.209097,-0.969136,-0.060920,0.183979,-0.981040,0.036,0.199,691.6,695.1,703.6,712.0,715.6,712.7,703.6,695.2,681.4,685.5,691.6,699.6,708.6,715.4,720.4,714.2,706.3,698.3,691.3,685.5,699.9,703.9,707.9,709.6,707.9,703.9,699.9,698.2,799.7,803.1,810.9,818.6,821.7,818.3,810.5,802.2,791.5,796.0,802.5,810.9,818.9,825.2,829.3,825.0,818.8,811.5,803.8,796.6,806.9,810.4,813.9,815.4,814.0,810.5,807.1,805.6,409.7,400.9,397.1,400.6,409.3,418.8,421.9,418.4,411.7,405.3,401.3,399.4,401.3,406.1,413.8,417.6,419.5,420.2,419.0,416.2,413.9,415.6,413.8,409.6,405.5,403.8,405.5,409.7,406.5,398.6,395.6,399.1,407.2,415.1,418.2,415.2,411.1,404.1,399.7,398.0,399.9,403.8,409.8,413.5,415.6,416.4,415.7,414.2,410.5,412.1,410.7,407.2,403.6,402.0,403.4,406.9,25.6,27.3,31.5,35.6,37.3,35.9,31.4,27.3,20.8,22.7,25.5,29.4,33.8,37.2,39.7,36.6,32.7,28.8,25.4,22.7,29.7,31.6,33.6,34.4,33.6,31.7,29.7,28.9,86.4,88.4,92.8,97.1,98.7,96.8,92.4,87.8,82.3,84.5,87.8,92.4,97.0,100.9,103.6,100.8,96.9,92.7,88.5,84.8,90.6,92.5,94.5,95.3,94.6,92.7,90.7,89.8,24.6,20.3,18.4,20.1,24.4,29.0,30.6,28.9,25.9,22.6,20.5,19.4,20.3,22.7,26.6,28.4,29.3,29.7,29.2,28.0,26.7,27.5,26.6,24.6,22.5,21.7,22.6,24.7,25.2,20.9,19.3,21.3,25.7,29.9,31.5,29.9,27.7,23.9,21.4,20.5,21.6,23.9,27.3,29.2,30.1,30.5,30.1,29.3,27.4,28.3,27.6,25.7,23.7,22.8,23.5,25.4,433.9,433.9,433.3,432.5,431.9,432.2,432.5,433.3,438.9,436.2,433.2,431.3,430.9,431.2,432.0,431.4,430.9,431.5,433.4,436.3,433.9,433.5,433.3,433.3,433.5,433.9,434.2,434.2,473.5,474.1,474.9,475.5,475.4,474.8,474.0,473.6,475.0,473.9,473.1,472.9,474.3,476.8,479.1,476.8,474.3,472.8,472.8,473.9,474.8,475.0,475.4,475.7,475.7,475.5,475.1,474.8,64.5,65.9,498.9,0.095,0.071,-0.044,614.7,620.5,628.0,634.1,642.7,658.8,682.1,714.1,752.6,793.7,827.3,853.3,863.6,865.4,865.9,867.3,866.5,647.5,660.5,684.1,710.3,734.8,775.1,791.1,809.6,828.3,842.1,761.5,762.6,763.8,765.0,740.0,751.1,761.8,772.5,781.3,678.9,692.1,708.9,720.6,707.3,690.9,790.0,802.4,818.6,829.0,819.1,803.6,718.4,735.3,751.1,757.3,763.0,775.3,789.5,774.0,759.9,753.5,746.5,732.7,724.8,750.3,756.7,762.7,781.8,761.6,755.5,749.2,411.6,444.3,474.6,504.9,535.1,562.3,584.0,603.6,609.5,601.8,577.4,547.0,514.1,482.9,455.2,428.1,400.5,387.5,367.8,359.8,364.9,376.6,375.9,366.0,361.9,361.0,372.6,405.2,428.1,450.5,473.7,489.2,494.1,498.0,495.9,491.5,410.7,401.6,402.1,413.3,418.7,418.2,410.6,400.4,399.9,409.1,416.0,416.4,537.0,527.3,524.2,527.7,525.2,530.5,539.3,551.9,553.3,552.7,551.7,547.9,536.0,535.2,536.1,536.0,539.5,540.5,540.8,540.2,0.00,0.00,0.71,0.00,0.00,0.00,0.00,0.00,0.88,0.20,0.00,1.05,0.00,0.00,0.16,0.71,0.00,0.00,0.00,0.00,1.00,0.00,0.00,0.00,0.00,0.00,0.00,0.00,0.00,0.00,1.00,0.00,1.00,1.00,1.00
285,0,9.467,0.98,1,0.150037,0.227428,-0.962167,-0.059714,0.214272,-0.974947,0.047,0.224,692.7,696.5,705.1,713.7,717.1,714.0,704.7,696.1,682.2,686.4,692.6,700.7,709.6,716.5,721.3,715.1,707.1,699.1,692.0,686.2,700.9,705.0,709.2,711.0,709.4,705.3,701.1,699.3,801.1,804.6,812.5,820.1,823.0,819.4,811.6,803.3,791.9,797.2,804.2,812.7,820.6,826.4,830.3,826.0,820.0,813.0,804.9,797.1,808.1,811.4,814.9,816.5,815.2,811.8,808.4,806.8,410.0,401.2,397.6,401.3,410.1,419.6,422.5,418.8,411.9,405.5,401.6,399.8,401.7,406.6,414.3,418.1,420.0,420.6,419.3,416.5,414.4,416.3,414.5,410.3,406.0,404.2,405.9,410.2,407.4,399.4,396.4,400.2,408.5,416.4,419.4,416.2,408.5,403.6,400.6,399.8,401.7,405.0,410.3,414.6,416.8,417.4,416.0,413.4,411.5,413.1,411.8,408.3,404.6,402.9,404.2,407.8,26.0,27.9,32.1,36.3,37.9,36.4,31.8,27.7,21.0,23.0,25.9,29.8,34.2,37.5,40.0,36.9,32.9,29.0,25.6,22.9,30.1,32.1,34.1,35.0,34.2,32.2,30.2,29.3,85.8,87.7,92.1,96.4,98.0,96.0,91.6,87.0,81.1,83.7,87.3,91.9,96.4,100.1,102.9,100.0,96.2,92.0,87.7,83.7,89.8,91.7,93.7,94.5,93.8,91.9,90.0,89.1,24.6,20.3,18.5,20.3,24.6,29.3,30.8,29.0,25.9,22.6,20.5,19.5,20.4,22.8,26.7,28.5,29.4,29.8,29.3,28.0,26.9,27.7,26.9,24.8,22.7,21.8,22.7,24.8,25.2,21.0,19.5,21.5,26.0,30.2,31.7,30.0,25.9,23.2,21.6,21.2,22.3,24.2,27.2,29.4,30.4,30.5,29.8,28.5,27.5,28.4,27.7,25.8,23.9,23.0,23.6,25.5,431.7,431.8,431.3,430.6,430.0,430.1,430.4,431.1,436.7,434.1,431.2,429.5,429.0,429.3,430.2,429.4,428.9,429.4,431.4,434.1,431.8,431.4,431.2,431.3,431.6,431.9,432.2,432.1,465.7,466.3,467.5,468.4,468.7,468.1,467.0,466.2,467.1,465.9,465.2,465.5,467.3,470.0,473.0,470.2,467.5,465.6,465.1,466.0,467.5,467.9,468.4,468.7,468.6,468.1,467.6,467.4,64.9,66.1,499.0,0.096,0.072,-0.039,615.4,621.2,628.5,634.5,642.9,658.9,682.0,713.7,752.2,793.5,827.4,853.6,863.9,865.8,866.5,868.1,867.5,648.7,661.8,685.4,711.6,736.1,776.4,792.4,810.8,829.5,843.4,762.8,763.7,764.8,765.8,740.5,751.5,762.4,773.1,782.0,679.8,693.1,709.8,721.4,708.1,691.8,791.3,803.9,819.9,830.2,820.2,804.8,718.8,735.7,751.5,757.5,763.1,775.2,789.2,773.7,759.7,753.4,746.5,732.9,725.2,750.5,756.9,762.7,781.6,761.5,755.6,749.4,411.6,444.2,474.3,504.6,534.8,562.0,583.6,603.2,609.4,601.9,577.6,547.3,514.5,483.4,455.8,428.6,401.0,387.3,367.7,359.9,365.2,376.9,376.3,366.5,362.5,361.4,372.9,405.5,428.6,451.2,474.6,489.2,494.3,498.4,496.4,491.9,410.9,402.2,402.7,413.5,418.8,418.3,410.8,401.2,400.9,409.8,416.5,416.7,537.0,527.2,524.3,527.9,525.4,530.9,539.8,552.2,553.4,552.7,551.6,547.9,536.0,535.4,536.2,536.2,539.9,540.5,540.8,540.1,0.00,0.01,0.68,0.00,0.00,0.00,0.00,0.00,0.86,0.12,0.00,1.11,0.00,0.00,0.21,0.66,0.04,0.00,0.00,0.00,1.00,0.00,0.00,0.00,0.00,0.00,0.00,0.00,0.00,0.00,1.00,0.00,1.00,1.00,1.00
286,0,9.500,0.98,1,0.129787,0.253626,-0.958556,-0.049960,0.207690,-0.976918,0.041,0.234,694.4,698.2,707.1,715.8,719.2,715.8,706.4,697.8,682.7,688.5,695.6,703.7,712.2,718.8,723.4,717.5,709.9,702.0,694.4,687.8,702.4,706.5,710.7,712.6,711.0,706.9,702.6,700.8,803.7,807.2,815.1,822.7,825.6,822.1,814.2,805.8,793.9,799.5,806.6,815.1,822.9,828.8,832.8,828.4,822.3,815.1,807.1,799.2,810.6,814.0,817.5,819.1,817.8,814.4,810.9,809.3,409.3,400.4,396.9,400.8,409.9,419.5,422.4,418.4,408.8,403.9,401.2,400.1,401.7,405.9,412.9,417.2,419.4,420.0,418.0,414.3,413.8,415.7,414.1,409.8,405.5,403.6,405.3,409.5,407.2,399.2,396.3,400.2,408.5,416.5,419.4,416.1,408.3,403.8,401.0,400.2,402.2,405.5,410.5,415.0,417.1,417.6,416.1,413.5,411.5,413.2,411.9,408.3,404.6,402.8,404.1,407.7,27.2,29.1,33.6,37.9,39.6,38.0,33.2,28.9,21.5,24.3,27.7,31.7,35.9,39.3,41.8,38.7,34.8,30.8,27.2,23.9,31.2,33.3,35.4,36.4,35.6,33.5,31.4,30.4,86.1,88.2,92.6,96.8,98.4,96.3,91.9,87.3,81.2,84.0,87.6,92.2,96.6,100.3,103.1,100.1,96.3,92.1,87.8,83.8,90.1,92.0,94.0,94.9,94.2,92.3,90.3,89.4,24.6,20.2,18.4,20.4,25.0,29.8,31.2,29.2,24.5,22.0,20.5,19.9,20.8,22.9,26.5,28.6,29.6,29.8,28.9,27.2,27.0,27.9,27.1,25.0,22.8,21.9,22.7,24.8,24.8,20.7,19.2,21.3,25.7,29.9,31.4,29.6,25.5,23.1,21.6,21.2,22.3,24.2,27.0,29.2,30.2,30.3,29.5,28.2,27.2,28.1,27.5,25.6,23.6,22.7,23.3,25.2,437.2,437.3,437.5,437.8,437.9,438.1,437.6,437.3,440.5,438.2,435.9,435.1,435.6,436.6,438.3,437.1,435.7,435.4,436.5,438.6,438.3,438.4,438.5,438.6,438.5,438.4,438.3,438.3,460.6,461.4,462.7,463.7,463.8,462.9,461.7,460.9,461.9,460.8,460.2,460.5,462.3,465.1,468.1,465.1,462.2,460.3,459.8,460.7,462.3,462.8,463.3,463.7,463.7,463.2,462.6,462.3,65.3,65.6,495.8,0.092,0.072,-0.030,616.8,622.2,629.3,635.2,643.4,659.1,682.3,713.7,752.3,793.8,827.8,854.3,864.8,867.0,868.2,870.4,870.2,650.6,664.0,688.0,714.5,739.2,778.8,795.1,813.8,832.8,846.5,765.2,765.9,766.7,767.6,742.1,753.0,763.8,774.5,783.3,681.8,695.4,712.1,723.7,710.4,694.1,793.4,806.4,822.3,832.6,822.4,807.0,720.8,737.4,752.9,758.6,763.9,775.5,789.0,773.7,760.3,754.3,747.7,734.4,727.2,751.9,757.9,763.4,781.5,762.2,756.6,750.7,410.7,443.4,473.8,504.1,534.3,561.5,583.1,602.8,609.3,602.0,577.9,547.7,514.8,483.8,456.1,429.1,401.6,386.7,367.1,359.5,365.2,377.4,376.9,367.2,363.0,362.0,373.7,405.4,428.7,451.3,474.9,489.1,494.2,498.3,496.5,492.1,409.6,401.4,402.0,412.8,417.8,417.1,410.7,401.4,401.3,409.9,416.6,416.7,537.1,527.2,524.2,527.8,525.4,531.4,540.6,552.6,553.5,552.7,551.6,547.9,536.1,535.2,536.2,536.3,540.6,540.3,540.5,539.8,0.00,0.01,0.67,0.00,0.00,0.00,0.00,0.00,0.83,0.05,0.00,1.24,0.00,0.00,0.24,0.57,0.04,0.00,0.00,0.00,1.00,0.00,0.00,0.00,0.00,0.00,0.00,0.00,0.00,0.00,1.00,0.00,1.00,1.00,1.00
287,0,9.533,0.98,1,0.138343,0.228305,-0.963711,-0.056788,0.207603,-0.976563,0.042,0.221,696.0,699.7,708.5,717.1,720.5,717.5,708.1,699.4,685.5,690.0,696.3,704.5,713.5,720.2,724.9,718.7,710.8,702.7,695.6,689.7,704.2,708.3,712.5,714.3,712.7,708.6,704.4,702.6,805.0,808.5,816.2,823.7,826.5,823.0,815.2,807.1,795.5,800.9,807.9,816.3,823.9,829.6,833.4,829.3,823.4,816.4,808.5,800.8,811.7,815.1,818.5,820.1,818.8,815.5,812.0,810.4,409.6,400.8,397.1,400.8,409.7,419.2,422.2,418.5,411.8,405.4,401.4,399.5,401.3,406.2,414.0,417.7,419.5,420.2,418.9,416.3,414.1,415.9,414.1,409.9,405.7,403.9,405.6,409.9,407.5,399.7,397.0,400.9,409.1,416.9,419.6,416.3,408.9,404.2,401.2,400.4,402.4,405.8,411.2,415.3,417.3,417.7,416.2,413.8,411.8,413.6,412.4,408.9,405.2,403.4,404.6,408.1,27.7,29.5,33.8,38.0,39.7,38.1,33.5,29.3,22.7,24.8,27.8,31.7,36.1,39.4,41.8,38.7,34.7,30.8,27.4,24.7,31.7,33.7,35.8,36.7,35.9,33.9,31.9,31.0,88.4,90.5,94.9,99.2,100.7,98.6,94.1,89.6,83.6,86.3,90.0,94.6,99.0,102.7,105.4,102.5,98.7,94.5,90.2,86.2,92.4,94.3,96.3,97.2,96.5,94.6,92.6,91.7,24.5,20.2,18.3,20.1,24.5,29.1,30.6,28.8,25.9,22.5,20.4,19.4,20.3,22.7,26.6,28.4,29.2,29.6,29.1,27.9,26.7,27.6,26.7,24.6,22.6,21.7,22.6,24.7,25.4,21.3,19.9,22.1,26.5,30.6,32.0,30.2,26.3,23.7,22.1,21.7,22.8,24.8,27.9,29.9,30.8,30.9,30.1,28.8,27.9,28.9,28.2,26.4,24.4,23.4,24.0,25.9,432.2,432.5,432.2,431.5,430.8,430.7,430.8,431.5,436.7,434.3,431.7,430.1,429.8,430.1,430.9,430.0,429.3,429.7,431.6,434.2,432.4,432.0,431.9,432.0,432.4,432.7,432.9,432.7,469.1,470.1,471.5,472.5,472.4,471.4,470.0,469.2,470.4,469.4,469.0,469.3,471.2,473.9,476.8,473.8,470.8,468.8,468.3,469.2,470.8,471.2,471.9,472.3,472.3,471.9,471.3,470.8,66.3,66.3,499.8,0.100,0.074,-0.027,617.6,623.1,630.2,635.9,643.9,659.4,682.2,713.8,752.3,793.8,828.2,855.0,865.9,868.2,869.4,871.6,871.8,652.1,665.6,689.6,716.0,740.5,780.3,796.7,815.4,834.4,848.1,766.2,766.8,767.5,768.1,743.1,753.8,764.3,774.9,783.6,683.4,696.9,713.6,724.7,711.6,695.4,795.0,807.4,823.3,833.5,823.4,808.2,721.8,738.4,753.7,759.1,764.1,775.6,789.1,773.8,760.3,754.6,748.3,735.3,728.2,752.5,758.3,763.5,781.6,762.2,757.0,751.3,410.9,443.3,473.4,503.5,533.6,560.8,582.4,602.3,608.9,601.8,578.1,548.3,515.6,484.6,457.0,429.9,402.2,386.9,367.4,359.8,365.4,377.4,376.8,367.2,363.3,362.5,374.3,405.9,429.0,451.4,474.8,489.0,494.2,498.3,496.5,492.2,410.4,401.8,402.4,413.2,418.5,417.8,411.1,401.8,401.6,410.6,417.2,417.3,537.2,527.2,524.3,527.8,525.5,531.3,540.8,552.6,553.3,552.4,551.3,547.7,536.1,535.2,536.1,536.3,540.7,540.5,540.6,540.0,0.04,0.01,0.74,0.00,0.00,0.00,0.00,0.00,0.80,0.02,0.00,1.28,0.00,0.00,0.22,0.56,0.07,0.00,0.00,0.00,1.00,0.00,0.00,0.00,0.00,0.00,0.00,0.00,0.00,0.00,1.00,0.00,1.00,1.00,1.00
288,0,9.567,0.98,1,0.137402,0.275625,-0.951395,-0.058834,0.220699,-0.973566,0.041,0.252,698.5,702.2,710.6,718.7,721.9,718.7,709.8,701.6,686.2,692.3,699.7,707.7,715.6,721.6,725.5,720.0,713.1,705.7,698.2,691.4,705.7,709.7,713.7,715.5,714.0,710.1,706.0,704.2,805.4,808.9,816.6,824.0,826.8,823.3,815.6,807.4,796.2,801.6,808.5,816.8,824.3,829.8,833.4,829.4,823.7,816.8,809.0,801.4,812.1,815.4,818.8,820.4,819.2,815.9,812.4,810.9,409.3,400.7,397.2,401.0,409.8,419.0,421.8,418.1,407.9,403.2,400.7,399.8,401.6,405.9,412.9,416.8,418.7,419.1,417.0,413.2,413.6,415.4,413.8,409.7,405.4,403.6,405.2,409.4,407.3,399.6,396.9,400.8,409.1,416.8,419.5,416.2,408.8,403.9,400.9,400.2,402.3,405.8,411.3,415.3,417.2,417.5,416.0,413.5,411.7,413.4,412.2,408.8,405.1,403.4,404.6,408.0,30.3,32.2,36.7,41.0,42.7,41.0,36.3,32.0,24.1,27.2,30.9,35.0,39.2,42.4,44.6,41.6,37.9,34.0,30.1,26.7,34.2,36.3,38.4,39.4,38.6,36.5,34.4,33.4,89.6,91.7,96.1,100.4,101.9,99.8,95.3,90.7,84.8,87.6,91.2,95.8,100.2,103.8,106.4,103.6,99.8,95.7,91.4,87.4,93.5,95.4,97.4,98.4,97.7,95.8,93.8,92.9,25.6,21.1,19.4,21.4,25.9,30.8,32.2,30.1,25.0,22.4,21.1,20.6,21.6,23.9,27.6,29.6,30.4,30.6,29.5,27.7,27.9,28.9,28.1,25.9,23.7,22.7,23.5,25.7,25.6,21.5,20.1,22.3,26.8,30.9,32.3,30.4,26.5,23.8,22.1,21.8,23.0,25.1,28.2,30.2,31.1,31.1,30.3,29.0,28.1,29.1,28.5,26.6,24.6,23.6,24.3,26.1,453.7,453.9,454.7,455.6,456.1,456.3,455.2,454.2,456.2,454.3,452.5,452.2,453.2,454.6,456.5,455.0,453.3,452.5,453.1,454.7,455.4,455.9,456.2,456.3,456.1,455.7,455.3,455.2,473.8,474.9,476.3,477.3,477.3,476.3,474.8,474.0,475.0,474.1,473.7,474.2,476.0,478.7,481.4,478.5,475.6,473.6,473.0,473.8,475.6,476.0,476.7,477.1,477.1,476.7,476.1,475.6,66.8,65.9,498.1,0.100,0.066,-0.021,619.0,623.9,630.7,636.2,643.8,658.6,681.4,712.7,751.5,793.7,828.1,855.2,866.3,869.1,870.7,873.0,873.2,654.5,667.6,691.2,717.3,741.5,782.1,798.5,817.0,835.6,848.8,767.6,768.1,768.9,769.6,744.6,755.1,765.7,776.3,785.0,685.7,699.1,715.4,726.4,713.6,697.6,795.7,808.1,823.7,833.7,823.7,808.7,724.6,740.9,755.9,760.7,765.3,776.1,789.3,774.5,761.7,756.6,750.9,738.2,730.9,754.8,760.0,764.7,782.1,763.6,758.8,753.8,410.7,443.2,473.3,503.0,532.4,558.8,579.7,599.7,607.2,601.1,577.9,548.4,515.6,484.6,457.0,430.1,402.6,386.1,367.1,359.6,365.3,377.4,377.0,367.7,363.6,362.9,374.4,405.8,429.5,452.5,476.3,489.3,494.8,499.0,497.1,492.6,409.0,401.0,401.8,412.4,417.3,416.5,410.7,401.6,401.5,410.2,416.7,416.7,536.7,527.6,525.2,528.7,526.5,532.0,540.4,551.6,552.0,551.0,549.9,546.6,535.7,535.4,536.3,536.6,540.4,539.8,539.8,539.1,0.09,0.02,0.82,0.00,0.00,0.00,0.00,0.00,0.77,0.04,0.00,1.31,0.00,0.00,0.18,0.57,0.03,0.00,0.00,0.00,1.00,0.00,0.00,0.00,0.00,0.00,0.00,0.00,0.00,0.00,1.00,0.00,1.00,1.00,1.00
289,0,9.600,0.98,1,0.137592,0.274458,-0.951704,-0.052605,0.213635,-0.975496,0.044,0.248,698.5,702.2,710.6,718.8,721.9,718.7,709.8,701.7,686.2,692.4,699.7,707.7,715.6,721.6,725.5,720.0,713.1,705.7,698.3,691.5,705.8,709.7,713.8,715.6,714.0,710.1,706.1,704.3,805.6,809.1,816.8,824.2,826.9,823.5,815.8,807.7,796.3,801.7,808.5,816.8,824.3,829.7,833.4,829.4,823.6,816.9,809.1,801.5,812.3,815.6,819.0,820.6,819.4,816.1,812.6,811.1,409.3,400.7,397.2,401.0,409.8,419.0,421.8,418.1,407.8,403.2,400.7,399.8,401.6,405.9,413.0,416.8,418.8,419.1,417.0,413.2,413.6,415.4,413.8,409.6,405.4,403.6,405.2,409.4,407.3,399.6,396.9,400.8,409.1,416.8,419.4,416.1,408.8,404.0,401.1,400.4,402.5,406.0,411.3,415.3,417.2,417.5,416.0,413.5,411.6,413.4,412.2,408.8,405.1,403.3,404.5,408.0,30.4,32.3,36.7,41.0,42.7,41.1,36.4,32.0,24.1,27.2,30.9,35.0,39.2,42.4,44.6,41.6,37.9,34.0,30.2,26.8,34.3,36.3,38.5,39.4,38.6,36.5,34.4,33.4,90.1,92.2,96.7,100.9,102.4,100.3,95.8,91.2,85.2,88.0,91.6,96.2,100.6,104.2,106.8,104.0,100.2,96.1,91.8,87.8,94.0,95.9,97.9,98.9,98.2,96.3,94.3,93.4,25.6,21.1,19.4,21.4,26.0,30.8,32.2,30.2,24.9,22.4,21.1,20.6,21.6,23.9,27.6,29.6,30.5,30.6,29.5,27.7,27.9,28.9,28.1,25.9,23.7,22.7,23.5,25.7,25.7,21.6,20.2,22.4,26.9,31.0,32.4,30.5,26.6,23.9,22.3,22.0,23.2,25.2,28.3,30.3,31.2,31.3,30.4,29.1,28.2,29.2,28.6,26.7,24.7,23.7,24.3,26.2,454.0,454.1,454.9,455.8,456.4,456.6,455.5,454.5,456.5,454.6,452.8,452.4,453.4,454.9,456.8,455.3,453.6,452.8,453.3,455.0,455.7,456.2,456.5,456.6,456.4,455.9,455.6,455.5,475.9,476.9,478.4,479.4,479.4,478.3,476.9,476.0,477.0,476.1,475.7,476.1,477.9,480.7,483.4,480.5,477.6,475.6,475.0,475.9,477.6,478.1,478.7,479.2,479.2,478.8,478.1,477.6,66.9,65.8,498.4,0.097,0.066,-0.021,619.1,624.0,630.7,636.2,643.7,658.5,681.3,712.6,751.5,793.7,828.2,855.5,866.7,869.5,871.0,873.3,873.5,654.5,667.7,691.3,717.4,741.6,782.1,798.4,817.0,835.6,848.9,767.6,768.1,768.9,769.5,744.6,755.1,765.7,776.4,785.1,685.7,699.1,715.4,726.4,713.6,697.7,795.8,808.2,823.7,833.7,823.7,808.7,724.7,741.1,756.0,760.9,765.4,776.2,789.5,774.7,761.9,756.8,751.1,738.4,730.9,755.0,760.1,764.8,782.4,763.8,759.0,754.0,410.8,443.2,473.3,502.9,532.3,558.6,579.4,599.5,607.0,600.9,577.9,548.5,515.8,484.7,457.1,430.3,402.8,385.9,367.0,359.6,365.4,377.4,377.1,367.9,363.8,363.0,374.5,405.8,429.4,452.4,476.1,489.2,494.7,498.9,497.0,492.5,409.0,401.0,401.8,412.3,417.2,416.5,410.7,401.7,401.7,410.4,416.7,416.7,536.7,527.6,525.1,528.6,526.5,531.9,540.3,551.1,551.4,550.4,549.3,546.2,535.7,535.4,536.3,536.6,540.3,539.3,539.3,538.6,0.10,0.25,0.81,0.00,0.00,0.00,0.00,0.00,0.78,0.05,0.00,1.47,0.00,0.00,0.09,0.67,0.06,0.00,0.00,0.00,1.00,0.00,0.00,0.00,0.00,0.00,0.00,0.00,0.00,0.00,1.00,0.00,1.00,1.00,1.00
290,0,9.633,0.93,1,0.201797,0.245734,-0.948099,-0.058308,0.187132,-0.980603,0.074,0.221,699.5,703.4,712.1,720.5,723.7,720.2,711.1,702.7,684.3,690.8,699.0,708.0,716.6,722.8,726.6,721.0,713.6,705.4,697.2,689.7,707.3,711.0,714.8,716.5,715.1,711.4,707.6,705.9,806.7,810.3,818.3,826.0,828.8,825.2,817.2,808.8,797.0,802.7,809.9,818.6,826.3,831.9,835.7,831.5,825.6,818.6,810.5,802.4,813.5,817.0,820.7,822.3,821.0,817.5,813.8,812.2,409.1,400.2,396.8,400.8,410.0,419.5,422.3,418.3,408.8,403.3,400.3,399.3,401.7,406.7,414.4,418.2,419.7,419.9,417.9,414.3,413.4,415.2,413.7,409.8,405.8,404.0,405.5,409.4,407.2,399.2,396.4,400.6,409.2,417.2,419.9,416.4,408.5,403.6,400.8,400.1,402.4,406.1,411.7,416.1,418.1,418.5,416.8,413.9,411.9,413.8,412.6,408.9,405.0,403.1,404.3,408.0,28.7,30.6,34.9,39.1,40.7,39.0,34.4,30.3,21.5,24.6,28.4,32.7,36.9,40.1,42.1,39.3,35.5,31.5,27.6,24.1,32.6,34.4,36.3,37.1,36.4,34.6,32.7,31.9,85.9,88.0,92.5,96.7,98.1,96.0,91.5,87.0,81.1,83.9,87.6,92.1,96.5,100.0,102.6,99.8,96.1,92.0,87.7,83.7,89.8,91.7,93.7,94.7,94.0,92.1,90.1,89.1,23.7,19.4,17.8,19.8,24.3,28.9,30.2,28.1,23.7,20.9,19.4,18.9,20.1,22.6,26.4,28.2,28.8,28.9,27.9,26.3,25.9,26.7,26.0,24.2,22.2,21.3,22.0,23.9,24.3,20.2,18.9,21.1,25.6,29.7,31.0,29.1,25.0,22.5,21.0,20.7,22.0,24.0,27.1,29.2,30.1,30.1,29.2,27.8,26.9,27.9,27.3,25.4,23.4,22.3,22.9,24.8,421.9,422.4,423.4,424.5,424.9,424.8,423.4,422.3,425.1,423.2,421.3,420.9,422.0,423.6,425.5,423.9,422.1,421.3,421.8,423.4,423.7,424.2,424.7,424.9,424.7,424.2,423.8,423.5,451.0,452.2,453.7,454.7,454.7,453.5,452.0,451.1,452.0,451.2,450.9,451.5,453.3,456.1,458.9,455.8,452.8,450.7,450.1,450.9,452.8,453.2,453.9,454.5,454.5,454.0,453.3,452.8,66.9,65.6,494.8,0.088,0.068,-0.021,619.2,624.3,631.3,637.2,645.4,660.8,684.3,715.6,754.2,795.6,829.4,855.9,866.7,869.3,870.9,873.5,874.0,653.5,667.0,690.5,716.1,740.3,785.2,801.7,819.9,838.1,851.1,768.1,768.6,769.2,769.8,744.7,755.4,766.2,776.9,785.7,685.0,698.6,715.6,727.0,713.7,697.0,796.6,809.6,825.7,835.9,825.9,810.3,725.3,741.7,756.1,761.7,767.1,777.6,790.7,776.2,763.9,757.9,751.7,739.3,731.6,755.2,761.0,766.6,783.5,765.7,760.1,754.5,408.6,441.8,472.8,503.7,533.8,560.7,581.8,601.1,607.7,601.2,578.3,549.4,517.2,486.5,458.9,431.7,403.5,385.9,367.1,359.8,365.3,376.8,376.4,367.8,364.0,363.5,375.0,406.0,430.2,453.8,478.1,490.9,496.3,500.6,498.5,493.9,409.4,400.8,401.7,413.0,418.2,417.4,411.4,401.6,401.5,410.6,417.5,417.6,537.1,528.6,526.1,529.5,527.1,532.2,540.0,549.6,550.0,549.4,548.4,545.8,536.1,536.2,537.1,536.9,540.1,538.0,538.4,537.7,0.06,0.43,0.73,0.00,0.00,0.00,0.00,0.00,0.77,0.04,0.00,1.68,0.00,0.00,0.06,0.71,0.09,0.00,1.00,0.00,1.00,0.00,0.00,0.00,0.00,0.00,0.00,0.00,1.00,0.00,1.00,0.00,1.00,0.00,1.00
291,0,9.667,0.93,1,0.193812,0.234941,-0.952491,-0.070322,0.173218,-0.982370,0.064,0.208,699.6,703.5,712.2,720.6,723.7,720.2,711.2,702.8,684.3,690.9,699.3,708.3,716.8,722.9,726.6,721.1,713.8,705.7,697.5,689.8,707.3,711.0,714.8,716.5,715.1,711.4,707.6,705.9,806.7,810.3,818.4,826.1,828.9,825.3,817.2,808.8,797.1,802.8,810.0,818.6,826.4,832.1,836.0,831.7,825.7,818.6,810.5,802.5,813.5,817.0,820.8,822.5,821.2,817.6,813.9,812.1,408.9,400.0,396.5,400.6,409.9,419.5,422.3,418.2,408.7,403.3,400.3,399.3,401.6,406.6,414.3,418.1,419.7,419.9,417.9,414.2,413.3,415.1,413.6,409.6,405.6,403.8,405.3,409.2,407.2,399.1,396.4,400.5,409.1,417.2,419.9,416.4,408.5,403.7,400.8,400.1,402.3,405.9,411.5,416.0,418.1,418.5,416.8,413.9,411.9,413.8,412.5,408.8,404.8,402.9,404.2,407.9,28.6,30.5,34.8,38.9,40.5,38.8,34.3,30.2,21.4,24.5,28.4,32.7,36.9,40.0,41.9,39.1,35.4,31.5,27.5,23.9,32.4,34.2,36.1,37.0,36.3,34.4,32.6,31.7,85.8,87.9,92.3,96.5,98.0,95.9,91.4,86.9,81.0,83.8,87.4,92.0,96.4,99.9,102.6,99.7,95.9,91.9,87.6,83.6,89.6,91.6,93.6,94.6,93.9,92.0,89.9,88.9,23.5,19.2,17.6,19.6,24.1,28.7,30.0,27.9,23.5,20.8,19.3,18.8,20.0,22.5,26.3,28.0,28.7,28.7,27.7,26.1,25.7,26.6,25.9,24.0,22.0,21.1,21.8,23.7,24.3,20.2,18.8,21.0,25.5,29.6,30.9,29.0,25.0,22.5,21.0,20.7,21.9,23.9,26.9,29.1,30.0,30.1,29.2,27.7,26.8,27.8,27.2,25.3,23.2,22.2,22.9,24.8,419.6,420.1,421.4,422.7,423.2,422.9,421.3,420.0,422.4,420.6,419.0,418.8,420.1,421.9,423.8,422.1,420.1,419.1,419.4,420.9,421.6,422.1,422.7,422.9,422.7,422.2,421.6,421.4,450.4,451.4,452.9,453.9,453.9,452.8,451.4,450.5,451.4,450.5,450.1,450.6,452.5,455.2,458.1,455.1,452.1,450.1,449.5,450.3,452.1,452.6,453.2,453.7,453.7,453.3,452.6,452.1,67.0,65.6,494.6,0.073,0.077,-0.019,619.6,624.9,632.1,638.0,646.1,661.5,684.8,715.7,754.1,795.6,829.9,856.9,868.0,870.8,872.4,875.1,875.7,653.2,666.9,690.3,716.0,740.2,785.3,801.9,820.3,838.6,851.8,768.1,768.5,769.1,769.6,744.9,755.6,766.2,776.8,785.5,685.2,698.8,715.7,727.2,713.8,697.2,796.7,809.5,825.8,836.2,826.0,810.3,725.7,741.9,756.2,761.7,767.2,777.7,790.9,776.3,764.0,758.0,751.7,739.5,732.0,755.2,761.1,766.8,783.6,765.8,760.1,754.5,409.4,442.7,473.7,504.5,534.4,560.9,581.6,600.5,607.1,601.1,579.0,550.9,519.1,488.5,460.9,433.6,405.4,385.9,367.2,359.9,365.2,376.5,376.4,367.8,364.1,363.6,374.9,405.8,430.0,453.6,477.8,490.9,496.2,500.4,498.5,493.9,409.3,400.7,401.5,412.9,418.0,417.3,411.5,401.6,401.5,410.7,417.6,417.6,537.1,528.5,525.9,529.3,526.9,532.2,540.2,549.1,549.3,548.7,547.7,545.2,536.1,536.2,537.0,537.0,540.2,536.9,537.3,536.7,0.06,0.59,0.70,0.00,0.00,0.00,0.00,0.00,0.80,0.02,0.00,1.83,0.00,0.00,0.07,0.79,0.16,0.00,1.00,0.00,1.00,0.00,0.00,0.00,0.00,0.00,0.00,0.00,1.00,0.00,1.00,0.00,0.00,0.00,1.00
292,0,9.700,0.93,1,0.192269,0.227123,-0.954698,-0.075190,0.167069,-0.983074,0.060,0.201,699.5,703.4,712.2,720.7,723.9,720.3,711.1,702.7,684.5,690.8,699.0,708.0,716.7,723.0,726.8,721.1,713.6,705.4,697.2,689.8,707.3,711.0,714.9,716.6,715.2,711.5,707.6,705.9,806.5,810.2,818.3,826.0,828.9,825.2,817.1,808.6,797.0,802.7,809.9,818.5,826.3,832.1,835.9,831.6,825.6,818.5,810.4,802.4,813.3,816.9,820.7,822.4,821.1,817.5,813.7,812.0,408.8,399.8,396.4,400.5,409.8,419.4,422.1,418.0,408.7,403.3,400.3,399.3,401.6,406.7,414.3,418.0,419.6,419.8,417.8,414.1,413.2,415.0,413.5,409.5,405.5,403.7,405.2,409.1,407.3,399.2,396.4,400.5,409.2,417.2,420.0,416.5,408.6,403.6,400.7,400.1,402.2,405.8,411.4,416.0,418.2,418.7,417.0,414.1,412.0,413.9,412.6,408.8,404.8,402.9,404.2,408.0,28.6,30.5,34.8,39.0,40.6,38.9,34.3,30.1,21.5,24.5,28.3,32.6,36.9,40.0,42.1,39.2,35.4,31.4,27.5,24.0,32.5,34.3,36.2,37.1,36.4,34.5,32.6,31.8,85.6,87.7,92.1,96.4,97.8,95.7,91.3,86.7,80.9,83.6,87.3,91.8,96.2,99.8,102.4,99.5,95.8,91.7,87.4,83.5,89.5,91.4,93.5,94.5,93.8,91.8,89.7,88.8,23.5,19.2,17.6,19.6,24.1,28.7,30.0,27.9,23.6,20.9,19.3,18.8,20.0,22.5,26.3,28.0,28.7,28.7,27.8,26.1,25.7,26.6,25.9,24.0,22.0,21.1,21.8,23.7,24.3,20.2,18.8,21.0,25.5,29.6,30.9,29.1,25.0,22.4,20.9,20.6,21.8,23.8,26.8,29.1,30.1,30.2,29.3,27.8,26.8,27.8,27.2,25.3,23.2,22.2,22.8,24.8,420.6,421.0,422.1,423.1,423.5,423.4,422.0,421.0,423.8,421.9,420.0,419.6,420.7,422.2,424.1,422.5,420.8,419.9,420.5,422.2,422.4,422.8,423.3,423.5,423.3,422.8,422.4,422.2,449.8,450.8,452.2,453.2,453.2,452.3,450.8,450.0,450.8,449.9,449.5,450.0,451.8,454.5,457.4,454.4,451.5,449.5,448.9,449.7,451.5,452.0,452.6,453.1,453.1,452.6,452.0,451.5,66.9,65.5,494.5,0.066,0.081,-0.015,619.9,625.1,632.1,637.9,645.8,661.0,684.2,715.1,753.5,795.0,829.4,856.6,868.1,871.1,872.9,875.7,876.4,653.2,667.0,690.6,716.2,740.4,784.9,801.7,820.3,838.8,852.2,767.9,768.2,768.7,769.1,744.4,755.1,765.8,776.5,785.3,685.1,698.7,715.7,727.1,713.8,697.1,796.6,809.4,825.7,836.2,825.9,810.3,724.9,741.3,755.5,761.2,766.9,777.5,791.0,776.0,763.6,757.4,751.0,738.8,731.2,754.5,760.5,766.4,783.6,765.4,759.5,753.8,409.3,442.5,473.5,504.2,534.1,560.6,581.2,600.1,606.8,601.3,579.9,552.3,520.8,490.3,462.5,435.0,406.5,385.9,367.2,359.9,365.2,376.5,376.4,367.7,364.0,363.5,375.0,405.8,430.0,453.7,478.0,491.0,496.4,500.6,498.7,494.1,409.3,400.6,401.4,412.9,418.0,417.3,411.6,401.5,401.5,410.8,417.6,417.7,537.0,528.6,526.1,529.6,527.2,532.4,540.3,548.4,548.3,547.6,546.6,544.4,536.0,536.3,537.3,537.2,540.2,536.2,536.5,535.8,0.05,0.52,0.81,0.00,0.00,0.00,0.00,0.00,0.78,0.01,0.00,1.81,0.00,0.00,0.10,0.84,0.17,0.00,1.00,0.00,1.00,0.00,0.00,0.00,0.00,0.00,0.00,0.00,1.00,0.00,1.00,0.00,0.00,0.00,1.00
293,0,9.733,0.93,1,0.186414,0.223008,-0.956827,-0.076374,0.168101,-0.982807,0.057,0.199,699.5,703.4,712.2,720.7,723.9,720.4,711.2,702.7,684.5,690.9,699.2,708.1,716.8,723.1,727.0,721.3,713.9,705.7,697.4,689.9,707.3,711.1,715.0,716.7,715.3,711.5,707.6,705.9,806.5,810.2,818.3,826.1,828.9,825.2,817.1,808.6,796.9,802.7,809.9,818.6,826.3,832.0,835.9,831.5,825.6,818.5,810.4,802.4,813.3,816.9,820.7,822.4,821.1,817.5,813.7,812.0,408.7,399.7,396.3,400.4,409.7,419.3,422.0,417.9,408.5,403.2,400.3,399.3,401.7,406.7,414.3,418.0,419.5,419.6,417.6,414.0,413.1,414.9,413.4,409.4,405.3,403.5,405.0,409.0,407.4,399.2,396.4,400.5,409.2,417.3,420.2,416.6,408.6,403.6,400.7,400.0,402.1,405.7,411.2,415.9,418.3,418.8,417.1,414.1,412.1,414.0,412.7,408.9,404.8,402.9,404.2,408.0,28.5,30.5,34.8,38.9,40.5,38.8,34.3,30.1,21.5,24.5,28.3,32.6,36.8,40.0,42.1,39.2,35.4,31.5,27.5,24.0,32.4,34.3,36.2,37.0,36.3,34.5,32.6,31.7,85.3,87.4,91.9,96.1,97.6,95.5,91.0,86.5,80.6,83.4,87.1,91.6,95.9,99.5,102.1,99.2,95.5,91.4,87.2,83.2,89.2,91.2,93.2,94.2,93.5,91.6,89.5,88.5,23.3,19.1,17.5,19.5,24.0,28.6,29.9,27.8,23.4,20.8,19.3,18.8,20.0,22.5,26.3,27.9,28.5,28.6,27.6,26.0,25.6,26.5,25.8,23.9,21.9,21.0,21.7,23.6,24.3,20.2,18.8,20.9,25.4,29.6,30.9,29.0,25.0,22.4,20.8,20.5,21.7,23.7,26.7,29.0,30.0,30.1,29.2,27.7,26.8,27.8,27.2,25.2,23.2,22.1,22.8,24.7,419.6,420.1,421.1,422.1,422.5,422.4,421.0,420.0,422.9,420.9,419.0,418.6,419.7,421.3,423.2,421.6,419.8,419.0,419.5,421.2,421.4,421.9,422.3,422.5,422.3,421.9,421.4,421.2,448.5,449.5,450.9,452.0,452.1,451.1,449.7,448.8,449.5,448.6,448.3,448.7,450.6,453.4,456.3,453.3,450.4,448.3,447.7,448.5,450.3,450.8,451.5,451.9,451.9,451.4,450.7,450.3,66.7,65.4,493.3,0.064,0.081,-0.012,620.2,625.1,632.0,637.6,645.2,660.2,683.6,714.7,753.0,794.3,828.8,856.2,868.2,871.8,873.9,876.8,877.6,653.5,667.2,690.8,716.5,740.7,784.5,801.4,820.1,838.8,852.5,767.8,768.2,768.7,769.1,744.4,755.1,765.8,776.4,785.3,685.2,698.8,715.8,727.3,713.9,697.2,796.6,809.4,825.6,836.2,825.9,810.3,724.9,741.3,755.5,761.1,766.7,777.4,791.0,775.9,763.5,757.4,751.1,738.9,731.2,754.5,760.4,766.2,783.7,765.2,759.4,753.8,409.6,442.4,472.9,503.3,533.0,559.6,580.5,599.8,606.8,601.6,580.5,553.4,522.2,491.7,463.7,435.9,407.2,385.9,367.1,359.9,365.2,376.5,376.4,367.7,363.9,363.6,375.1,405.9,430.0,453.6,477.7,491.0,496.3,500.5,498.6,494.2,409.2,400.5,401.4,412.9,417.9,417.2,411.7,401.5,401.5,410.8,417.6,417.7,536.9,528.7,526.2,529.7,527.3,532.6,540.2,548.6,548.4,547.7,546.7,544.4,535.9,536.3,537.2,537.1,540.2,536.4,536.7,536.0,0.05,0.49,0.93,0.00,0.00,0.00,0.00,0.00,0.79,0.01,0.00,1.79,0.00,0.00,0.10,0.91,0.15,0.00,1.00,0.00,1.00,0.00,0.00,0.00,0.00,0.00,0.00,0.00,1.00,0.00,1.00,0.00,0.00,0.00,1.00
294,0,9.767,0.93,1,0.177048,0.229704,-0.957022,-0.073960,0.162045,-0.984008,0.053,0.199,699.4,703.4,712.3,720.8,724.0,720.5,711.2,702.6,685.4,691.5,699.4,708.0,716.6,723.1,727.2,721.4,713.8,705.7,697.7,690.5,707.4,711.2,715.1,716.9,715.4,711.7,707.8,706.0,806.7,810.4,818.4,826.2,829.0,825.3,817.3,808.8,797.2,802.8,810.1,818.7,826.4,832.1,835.9,831.5,825.6,818.5,810.5,802.6,813.4,817.1,820.9,822.6,821.3,817.6,813.8,812.1,408.7,399.8,396.4,400.5,409.7,419.2,422.0,417.9,408.1,403.0,400.2,399.3,401.6,406.7,414.3,417.8,419.3,419.4,417.3,413.6,413.1,414.9,413.4,409.5,405.4,403.6,405.1,409.0,407.3,399.2,396.4,400.5,409.1,417.2,420.0,416.5,408.7,403.7,400.7,400.1,402.3,405.9,411.4,416.0,418.2,418.7,417.0,414.1,412.0,413.9,412.6,408.8,404.8,402.8,404.2,408.0,28.9,30.9,35.3,39.5,41.1,39.4,34.7,30.5,22.3,25.2,28.9,33.0,37.3,40.5,42.7,39.8,35.9,31.9,28.1,24.7,32.9,34.8,36.8,37.6,36.9,35.1,33.1,32.2,85.9,88.0,92.4,96.6,98.1,96.0,91.6,87.0,81.2,83.9,87.6,92.1,96.5,100.0,102.6,99.7,96.0,91.9,87.7,83.7,89.7,91.7,93.8,94.8,94.1,92.1,90.0,89.0,23.7,19.4,17.8,19.8,24.3,29.0,30.3,28.2,23.6,21.0,19.5,19.1,20.3,22.8,26.6,28.2,28.8,28.9,27.9,26.2,26.0,26.9,26.1,24.2,22.2,21.3,22.0,24.0,24.4,20.2,18.8,21.0,25.5,29.6,31.0,29.1,25.2,22.5,21.0,20.7,21.9,23.9,27.0,29.1,30.1,30.2,29.3,27.9,26.9,27.9,27.3,25.3,23.2,22.2,22.9,24.8,426.2,426.5,427.2,427.9,428.2,428.2,427.2,426.5,429.7,427.6,425.5,424.8,425.6,426.9,428.7,427.3,425.8,425.2,426.0,427.9,427.7,428.0,428.3,428.5,428.3,428.0,427.7,427.6,450.8,451.8,453.2,454.2,454.3,453.3,451.9,451.0,451.8,450.9,450.5,451.0,452.8,455.5,458.4,455.5,452.6,450.6,450.0,450.8,452.6,453.1,453.7,454.2,454.1,453.7,453.0,452.5,66.8,65.5,493.9,0.061,0.079,-0.009,620.3,625.2,632.0,637.6,645.2,660.2,683.7,714.8,753.0,794.1,828.3,855.5,867.6,871.4,873.7,876.7,877.6,653.6,667.3,690.9,716.7,740.9,784.7,801.6,820.3,839.0,852.7,768.0,768.3,768.9,769.3,744.6,755.2,765.9,776.6,785.5,685.5,699.1,716.0,727.4,714.1,697.5,796.8,809.5,825.7,836.2,825.9,810.4,725.0,741.4,755.6,761.2,766.8,777.5,791.0,776.0,763.6,757.5,751.2,739.0,731.4,754.6,760.5,766.3,783.7,765.3,759.6,753.9,409.7,442.4,472.9,503.2,533.0,559.6,580.6,599.8,606.9,601.7,580.9,554.1,523.1,492.7,464.6,436.7,407.9,385.8,367.0,359.7,365.0,376.4,376.4,367.6,363.9,363.5,375.0,405.9,430.0,453.5,477.7,490.8,496.2,500.4,498.5,494.0,409.1,400.5,401.3,412.8,417.7,417.0,411.7,401.6,401.5,410.8,417.6,417.6,536.9,528.7,526.3,529.7,527.4,532.6,540.3,548.6,548.4,547.7,546.7,544.4,535.9,536.3,537.2,537.1,540.3,536.5,536.8,536.1,0.05,0.49,0.97,0.00,0.00,0.00,0.00,0.00,0.80,0.00,0.00,1.83,0.00,0.00,0.13,0.91,0.10,0.00,1.00,0.00,1.00,0.00,0.00,0.00,0.00,0.00,0.00,0.00,1.00,0.00,1.00,0.00,0.00,0.00,1.00
295,0,9.800,0.93,1,0.181777,0.226503,-0.956898,-0.081209,0.163438,-0.983206,0.052,0.198,699.5,703.4,712.3,720.8,724.0,720.5,711.3,702.8,685.0,691.3,699.4,708.2,716.8,723.2,727.1,721.5,714.0,705.9,697.7,690.3,707.4,711.2,715.1,716.8,715.4,711.6,707.7,706.0,806.3,810.0,818.0,825.8,828.7,825.1,817.0,808.5,797.0,802.7,809.9,818.6,826.3,831.9,835.7,831.4,825.6,818.5,810.5,802.5,813.1,816.8,820.6,822.3,820.9,817.3,813.5,811.8,408.8,399.9,396.4,400.5,409.7,419.3,422.1,418.0,408.6,403.2,400.2,399.2,401.4,406.5,414.2,417.8,419.4,419.6,417.6,414.0,413.2,415.0,413.5,409.5,405.5,403.7,405.2,409.1,407.4,399.2,396.4,400.5,409.2,417.4,420.2,416.7,408.9,403.6,400.6,399.9,402.1,405.8,411.5,416.1,418.3,418.8,417.1,414.2,412.2,414.1,412.8,408.9,404.9,402.9,404.3,408.1,28.8,30.7,35.0,39.3,40.9,39.2,34.6,30.4,21.9,24.9,28.7,32.9,37.1,40.4,42.5,39.5,35.8,31.8,27.9,24.4,32.7,34.6,36.5,37.4,36.7,34.8,32.9,32.0,85.0,87.1,91.6,95.8,97.3,95.2,90.7,86.2,80.4,83.2,86.8,91.4,95.7,99.2,101.8,98.9,95.3,91.2,87.0,83.0,88.9,90.9,92.9,93.9,93.2,91.2,89.1,88.2,23.6,19.3,17.7,19.7,24.2,28.9,30.1,28.1,23.7,20.9,19.4,18.9,20.0,22.6,26.4,28.1,28.7,28.7,27.8,26.2,25.8,26.7,26.0,24.1,22.1,21.2,21.9,23.8,24.2,20.1,18.7,20.9,25.4,29.5,30.9,29.0,25.0,22.3,20.7,20.4,21.7,23.7,26.8,29.0,29.9,30.0,29.1,27.7,26.8,27.8,27.2,25.2,23.1,22.1,22.7,24.7,423.0,423.5,424.4,425.4,425.7,425.6,424.3,423.4,426.3,424.3,422.4,421.9,423.0,424.4,426.3,424.8,423.0,422.2,422.9,424.6,424.7,425.1,425.6,425.8,425.6,425.2,424.8,424.6,447.4,448.4,449.9,451.0,451.0,450.0,448.5,447.5,448.2,447.4,447.1,447.7,449.6,452.4,455.2,452.2,449.2,447.1,446.5,447.2,449.2,449.7,450.4,450.9,450.8,450.3,449.6,449.2,66.9,65.6,494.4,0.060,0.076,-0.008,620.3,625.2,632.0,637.6,645.2,660.1,683.4,714.5,752.8,793.9,828.0,855.2,867.2,870.9,873.1,876.1,877.0,653.7,667.4,690.9,716.5,740.7,785.0,802.0,820.6,839.2,852.7,767.9,768.3,768.8,769.3,744.7,755.3,765.9,776.5,785.3,685.4,699.0,716.0,727.4,714.1,697.5,796.7,809.4,825.6,836.1,825.9,810.3,725.1,741.5,755.7,761.3,766.9,777.6,791.1,776.2,763.8,757.7,751.4,739.2,731.5,754.7,760.6,766.4,783.8,765.4,759.7,754.0,409.6,442.3,472.8,503.1,532.9,559.5,580.5,599.8,607.0,602.0,581.2,554.3,523.3,492.8,464.8,436.9,408.1,385.8,367.0,359.7,365.0,376.1,376.1,367.4,363.7,363.5,375.1,405.8,429.9,453.3,477.4,490.8,496.2,500.3,498.4,494.0,409.2,400.5,401.3,412.8,417.9,417.2,411.7,401.5,401.5,410.9,417.7,417.7,536.9,528.7,526.2,529.6,527.3,532.5,540.3,548.6,548.5,547.8,546.8,544.5,535.9,536.3,537.2,537.1,540.2,536.6,536.8,536.1,0.04,0.32,0.80,0.00,0.00,0.00,0.00,0.00,0.80,0.00,0.10,1.83,0.00,0.01,0.14,0.90,0.06,0.00,1.00,0.00,1.00,0.00,0.00,0.00,0.00,0.00,0.00,0.00,1.00,0.00,1.00,0.00,0.00,0.00,1.00
296,0,9.833,0.98,1,0.149415,0.208659,-0.966507,-0.062188,0.171232,-0.983266,0.045,0.192,698.1,702.0,710.8,719.3,722.6,719.0,710.0,701.4,683.4,690.5,699.3,708.0,716.2,722.2,725.4,720.4,713.7,706.0,697.5,689.4,705.2,709.4,713.6,715.5,713.9,709.8,705.5,703.6,805.7,809.3,817.3,824.9,827.7,824.1,816.1,807.7,795.5,801.3,808.6,817.4,825.1,830.7,834.3,830.1,824.2,817.2,809.1,801.0,812.3,815.9,819.6,821.3,820.0,816.4,812.7,811.0,407.9,398.3,394.4,398.6,408.4,418.7,421.9,417.7,407.5,402.5,399.9,398.8,400.6,405.1,412.5,416.5,418.5,419.0,416.9,413.0,412.8,414.8,413.0,408.3,403.6,401.5,403.3,408.0,407.4,399.3,396.4,400.5,409.1,417.2,420.1,416.6,408.5,403.6,400.7,400.0,402.2,405.8,411.3,415.8,418.0,418.4,416.7,413.8,412.0,413.9,412.5,408.8,404.8,402.9,404.2,408.0,26.9,28.8,33.0,37.1,38.8,37.1,32.6,28.5,20.2,23.4,27.4,31.5,35.5,38.4,40.2,37.6,34.3,30.5,26.6,22.9,30.4,32.4,34.5,35.4,34.6,32.6,30.5,29.6,85.0,87.1,91.5,95.7,97.2,95.1,90.7,86.1,80.0,82.8,86.5,91.1,95.5,99.0,101.5,98.7,95.0,90.9,86.6,82.6,88.8,90.7,92.8,93.8,93.1,91.1,89.1,88.1,22.2,17.8,16.0,18.1,22.7,27.5,28.9,26.8,22.0,19.7,18.4,18.0,18.9,21.1,24.7,26.4,27.2,27.3,26.3,24.6,24.6,25.6,24.8,22.6,20.4,19.4,20.2,22.3,24.3,20.2,18.8,20.9,25.4,29.6,30.9,29.1,24.9,22.4,20.8,20.5,21.8,23.8,26.8,29.0,29.9,30.0,29.1,27.6,26.8,27.8,27.2,25.2,23.2,22.1,22.8,24.7,405.2,405.9,407.7,409.7,410.5,410.2,407.9,406.0,406.3,405.2,404.4,405.0,407.0,409.1,411.4,409.4,407.0,405.2,404.9,405.6,407.7,408.7,409.5,409.9,409.5,408.6,407.7,407.3,449.0,449.9,451.4,452.7,452.9,452.0,450.5,449.3,450.0,449.0,448.7,449.2,451.3,454.2,457.3,454.3,451.3,449.1,448.4,449.0,450.9,451.5,452.2,452.6,452.5,452.0,451.2,450.8,66.2,65.2,494.2,0.051,0.076,-0.004,619.1,624.3,631.3,636.6,643.3,657.3,680.0,711.4,750.6,792.6,827.4,854.9,866.8,870.0,871.9,874.9,876.0,652.7,666.4,690.5,717.1,741.8,782.5,800.0,819.5,838.8,852.4,767.1,767.5,768.1,768.6,744.0,754.5,765.0,775.6,784.3,684.8,698.4,715.2,726.6,713.4,697.0,795.5,808.2,824.3,834.8,824.4,808.9,724.3,740.7,754.9,760.0,765.0,775.7,789.4,774.3,761.8,756.3,750.5,738.2,730.7,753.9,759.3,764.4,782.1,763.4,758.3,753.1,410.5,443.0,473.1,502.6,531.7,557.9,578.6,598.6,606.6,602.0,581.8,554.7,523.2,492.2,464.0,436.2,407.5,385.7,366.3,358.9,364.4,376.2,376.4,367.0,363.1,363.1,375.3,405.3,429.0,452.1,476.0,489.5,494.9,499.1,497.2,492.8,408.6,399.9,400.7,411.8,416.9,416.3,411.2,401.3,401.4,410.7,417.3,417.2,536.4,527.8,525.3,528.8,526.7,532.3,540.4,549.1,548.6,547.6,546.5,544.0,535.3,535.3,536.2,536.5,540.1,536.7,536.7,535.9,0.04,0.18,0.69,0.00,0.00,0.00,0.00,0.00,0.80,0.06,0.10,1.90,0.00,0.02,0.09,0.82,0.02,0.00,0.00,0.00,1.00,0.00,0.00,0.00,0.00,0.00,0.00,0.00,1.00,0.00,1.00,0.00,0.00,1.00,1.00
297,0,9.867,0.98,1,0.107032,0.223541,-0.968800,-0.045711,0.187511,-0.981198,0.031,0.208,695.3,699.3,708.3,717.2,720.6,717.2,707.6,698.8,683.3,689.7,697.6,705.6,713.9,720.4,724.7,718.8,711.7,704.0,695.9,688.7,703.3,707.6,712.0,713.9,712.3,708.0,703.6,701.7,804.9,808.3,816.2,823.8,826.8,823.4,815.5,807.1,794.7,800.2,807.3,815.8,823.5,829.4,833.5,829.4,823.5,816.4,808.3,800.2,811.8,815.2,818.7,820.2,818.9,815.5,812.0,810.5,408.3,399.1,395.3,399.3,408.5,418.4,421.5,417.6,405.8,402.1,400.1,399.8,402.0,406.8,414.0,416.9,418.1,417.9,415.5,411.3,412.8,414.7,412.9,408.5,404.0,402.0,403.8,408.2,407.1,399.2,396.6,400.7,409.1,416.9,419.6,416.1,408.7,403.7,400.6,399.7,401.7,405.3,411.0,414.9,416.7,417.0,415.7,413.4,411.7,413.5,412.4,408.9,405.1,403.3,404.5,408.0,27.3,29.3,33.8,38.2,40.0,38.3,33.5,29.1,21.5,24.6,28.3,32.2,36.4,39.7,42.0,39.0,35.3,31.5,27.6,24.1,31.4,33.5,35.7,36.7,35.8,33.7,31.5,30.5,86.5,88.6,93.0,97.3,98.8,96.7,92.2,87.6,81.3,84.1,87.8,92.3,96.8,100.4,103.2,100.3,96.5,92.4,88.0,84.0,90.4,92.3,94.3,95.2,94.6,92.7,90.7,89.8,23.8,19.3,17.5,19.4,24.0,28.9,30.4,28.5,22.8,20.8,19.7,19.5,20.7,23.1,26.8,28.1,28.6,28.5,27.3,25.4,26.1,27.1,26.2,24.0,21.8,20.8,21.7,23.9,24.7,20.6,19.3,21.5,26.0,30.0,31.3,29.4,25.6,23.0,21.3,20.8,22.0,24.0,27.2,29.1,29.8,29.9,29.1,28.0,27.2,28.2,27.6,25.8,23.9,22.9,23.5,25.3,432.0,431.9,432.3,433.0,433.5,433.9,433.1,432.5,434.7,432.7,430.5,430.0,430.9,432.3,434.2,432.9,431.5,430.7,431.3,433.0,433.5,433.8,434.0,434.0,433.7,433.4,433.2,433.2,459.0,460.4,462.1,463.0,462.6,461.2,459.6,458.8,460.2,459.4,459.2,459.6,461.4,464.0,466.7,463.5,460.4,458.3,457.8,458.8,460.7,461.1,461.8,462.4,462.6,462.2,461.4,460.8,65.8,65.1,493.2,0.049,0.072,-0.011,618.8,623.6,630.4,635.7,643.0,657.9,680.8,712.1,750.6,792.1,826.4,853.9,865.9,869.5,871.4,873.8,874.0,652.2,666.2,691.0,717.8,742.5,779.0,796.1,815.7,835.5,849.6,766.3,767.0,767.9,768.8,743.3,754.2,765.1,775.9,784.7,683.4,697.0,713.6,725.4,712.0,695.7,794.4,807.3,823.1,833.7,823.3,808.0,723.4,740.2,754.8,760.1,765.4,776.2,789.9,774.8,762.2,756.4,750.3,737.7,729.9,753.8,759.5,764.8,782.5,763.9,758.4,753.0,410.8,443.6,474.2,504.1,533.7,559.8,580.3,599.7,607.4,602.6,582.0,554.5,522.8,491.4,462.5,434.1,405.5,385.7,366.1,358.9,364.8,377.4,377.5,367.4,362.9,362.1,374.3,405.1,428.6,451.4,475.1,489.0,494.4,498.5,496.6,492.2,408.2,400.2,401.1,412.0,416.7,415.9,410.9,401.1,401.1,410.0,416.5,416.6,536.6,527.6,524.7,528.3,526.0,531.9,540.4,549.2,548.8,547.8,546.8,544.3,535.6,535.0,535.9,536.2,540.1,536.7,536.6,536.0,0.00,0.00,0.55,0.00,0.00,0.00,0.00,0.00,0.79,0.10,0.10,1.96,0.00,0.03,0.04,0.76,0.00,0.00,0.00,0.00,1.00,0.00,0.00,0.00,0.00,0.00,0.00,0.00,1.00,0.00,1.00,0.00,1.00,1.00,1.00
298,0,9.900,0.98,1,0.104587,0.218235,-0.970276,-0.040623,0.185264,-0.981849,0.033,0.204,695.0,698.9,708.0,716.9,720.5,717.2,707.6,698.6,683.6,689.6,697.1,705.1,713.5,720.3,725.0,718.9,711.5,703.8,695.8,688.9,703.2,707.6,712.0,714.0,712.3,707.9,703.4,701.5,804.7,808.1,815.9,823.6,826.5,823.1,815.3,806.9,794.5,800.1,807.2,815.7,823.3,829.1,833.2,829.2,823.3,816.2,808.2,800.1,811.6,815.0,818.4,820.0,818.6,815.2,811.8,810.2,408.4,399.2,395.4,399.2,408.5,418.3,421.5,417.6,406.0,402.2,400.2,399.8,402.0,406.8,414.1,417.0,418.3,418.2,415.8,411.6,412.7,414.7,412.9,408.4,403.8,401.9,403.7,408.2,407.0,399.1,396.5,400.7,409.1,416.9,419.5,416.0,408.8,403.8,400.7,399.7,401.7,405.4,411.0,415.0,416.9,417.2,415.8,413.6,411.7,413.5,412.4,408.9,405.1,403.3,404.4,407.9,27.1,29.0,33.4,37.8,39.6,38.1,33.3,28.9,21.6,24.4,28.0,31.8,36.0,39.4,41.9,38.8,35.1,31.3,27.4,24.1,31.2,33.3,35.5,36.5,35.6,33.5,31.3,30.3,86.3,88.4,92.8,97.0,98.5,96.4,92.0,87.4,81.1,83.9,87.6,92.2,96.5,100.2,102.9,100.1,96.3,92.2,87.9,83.8,90.2,92.1,94.1,95.0,94.3,92.4,90.5,89.5,23.8,19.2,17.4,19.3,23.9,28.7,30.3,28.4,22.8,20.8,19.7,19.4,20.5,23.0,26.7,28.0,28.6,28.5,27.4,25.4,26.0,27.0,26.1,23.9,21.6,20.6,21.5,23.8,24.6,20.6,19.3,21.5,25.9,30.0,31.2,29.3,25.6,23.0,21.3,20.8,22.0,24.0,27.2,29.1,29.9,29.9,29.2,28.0,27.2,28.2,27.6,25.8,23.8,22.8,23.4,25.2,430.3,429.9,429.8,430.2,430.7,431.5,431.2,430.9,433.6,431.2,428.6,427.7,428.2,429.5,431.4,430.4,429.3,428.9,429.7,431.7,431.6,431.7,431.7,431.5,431.2,431.1,431.1,431.3,458.4,459.8,461.5,462.5,462.1,460.7,459.0,458.1,459.4,458.7,458.5,459.0,460.8,463.5,466.3,463.0,459.8,457.7,457.2,458.0,460.0,460.5,461.2,461.9,462.0,461.6,460.8,460.2,65.8,65.2,494.4,0.050,0.067,-0.013,618.6,623.6,630.4,635.8,643.1,657.8,680.5,711.7,750.2,791.8,826.1,853.4,865.1,868.5,870.1,872.4,872.6,652.1,666.1,690.8,717.6,742.3,778.9,795.8,815.3,835.0,849.0,766.1,766.9,767.9,768.8,743.3,754.2,765.1,775.8,784.7,683.3,696.9,713.5,725.3,711.9,695.6,794.2,807.1,823.0,833.4,823.1,807.8,723.4,740.2,754.7,760.2,765.6,776.4,790.0,775.1,762.5,756.5,750.3,737.7,730.0,753.7,759.5,765.1,782.6,764.1,758.5,752.8,411.0,443.8,474.2,504.1,533.5,559.7,580.2,599.8,607.5,602.7,582.0,554.1,522.0,490.2,461.1,432.6,403.8,385.9,366.2,358.9,364.9,377.4,377.4,367.3,362.8,362.1,374.3,405.0,428.4,451.2,474.9,489.0,494.3,498.4,496.5,492.2,408.4,400.3,401.1,412.0,416.8,416.2,410.9,401.2,401.2,410.0,416.6,416.7,536.6,527.6,524.7,528.3,526.1,531.9,540.4,549.1,548.7,547.7,546.6,544.1,535.6,535.1,536.0,536.3,540.1,536.7,536.6,535.9,0.00,0.00,0.52,0.00,0.00,0.00,0.00,0.00,0.78,0.13,0.00,2.06,0.00,0.04,0.00,0.68,0.00,0.00,0.00,0.00,1.00,0.00,0.00,0.00,0.00,0.00,0.00,0.00,1.00,0.00,1.00,0.00,1.00,1.00,1.00
299,0,9.933,0.98,1,0.105829,0.226949,-0.968140,-0.039447,0.193908,-0.980226,0.034,0.213,695.2,699.0,708.0,716.9,720.6,717.3,707.7,698.8,683.8,689.7,697.2,705.1,713.6,720.3,725.1,718.9,711.6,703.8,695.8,689.0,703.4,707.7,712.1,714.0,712.3,708.0,703.6,701.7,804.7,808.1,815.9,823.5,826.4,823.0,815.2,806.9,794.5,800.1,807.2,815.6,823.2,828.9,832.9,829.0,823.2,816.2,808.2,800.1,811.5,814.9,818.4,819.9,818.6,815.2,811.7,810.1,408.6,399.4,395.5,399.3,408.5,418.3,421.5,417.7,406.0,402.2,400.2,399.8,402.0,406.7,414.0,417.0,418.3,418.3,415.8,411.6,412.8,414.7,412.9,408.5,404.0,402.1,403.9,408.3,407.1,399.2,396.6,400.7,409.1,417.0,419.7,416.2,408.7,403.9,400.9,400.0,401.9,405.4,410.8,414.9,416.9,417.2,415.9,413.5,411.8,413.6,412.4,408.9,405.1,403.2,404.4,408.0,27.2,29.1,33.5,37.9,39.8,38.2,33.5,29.0,21.8,24.6,28.1,31.9,36.1,39.5,42.1,38.9,35.2,31.4,27.5,24.2,31.4,33.5,35.7,36.6,35.7,33.6,31.4,30.5,86.5,88.6,93.0,97.3,98.8,96.7,92.2,87.7,81.4,84.2,87.9,92.4,96.8,100.4,103.1,100.3,96.6,92.5,88.1,84.1,90.4,92.3,94.3,95.3,94.6,92.7,90.7,89.8,24.0,19.4,17.5,19.4,24.0,28.8,30.4,28.5,22.9,20.9,19.8,19.5,20.6,23.0,26.7,28.1,28.7,28.7,27.5,25.5,26.1,27.1,26.2,24.0,21.7,20.8,21.7,23.9,24.7,20.7,19.3,21.6,26.0,30.1,31.4,29.5,25.7,23.1,21.5,21.0,22.1,24.1,27.2,29.2,30.0,30.0,29.3,28.1,27.3,28.3,27.7,25.9,23.9,22.9,23.5,25.3,431.7,431.2,431.0,431.3,431.9,432.7,432.5,432.2,435.0,432.5,429.9,428.9,429.5,430.7,432.6,431.6,430.6,430.1,431.1,433.1,432.9,433.0,432.9,432.7,432.4,432.3,432.4,432.6,459.7,461.1,462.8,463.9,463.7,462.3,460.6,459.6,460.7,460.0,459.8,460.4,462.2,465.0,467.8,464.6,461.4,459.3,458.7,459.5,461.5,462.0,462.8,463.4,463.5,463.0,462.2,461.6,65.9,65.1,494.5,0.056,0.066,-0.015,618.7,623.6,630.4,635.8,643.2,657.9,680.5,711.6,750.0,791.6,825.9,853.2,865.1,868.5,870.2,872.5,872.7,652.3,666.2,690.8,717.6,742.1,778.8,795.7,815.2,834.9,849.0,766.0,766.9,767.9,768.8,743.3,754.2,765.1,775.9,784.7,683.4,697.0,713.6,725.3,711.9,695.7,794.2,807.1,822.9,833.3,823.0,807.7,723.4,740.2,754.7,760.2,765.7,776.4,790.0,775.0,762.5,756.5,750.2,737.7,730.0,753.6,759.5,765.1,782.6,764.1,758.5,752.8,411.1,443.9,474.3,504.2,533.5,559.6,580.2,599.9,607.6,602.8,581.9,553.6,521.3,489.2,459.9,431.2,402.2,385.7,366.1,359.0,364.9,377.3,377.3,367.3,362.7,362.0,374.2,405.0,428.4,451.3,475.0,488.9,494.3,498.4,496.5,492.1,408.4,400.4,401.3,412.0,416.8,416.2,410.9,401.3,401.3,410.0,416.6,416.7,536.5,527.6,524.8,528.4,526.1,531.9,540.4,549.2,548.8,547.7,546.6,544.1,535.6,535.1,536.0,536.4,540.1,536.8,536.6,535.9,0.00,0.00,0.49,0.00,0.00,0.00,0.00,0.00,0.76,0.12,0.01,2.04,0.00,0.04,0.00,0.60,0.00,0.00,0.00,0.00,1.00,0.00,0.00,0.00,0.00,0.00,0.00,0.00,1.00,0.00,1.00,0.00,1.00,1.00,1.00
300,0,9.967,0.98,1,0.103180,0.215453,-0.971048,-0.039448,0.188825,-0.981218,0.033,0.204,694.8,698.6,707.6,716.4,719.9,716.6,707.2,698.4,681.8,688.8,697.3,705.6,713.7,720.0,724.1,718.6,711.7,704.1,695.7,687.9,702.4,706.8,711.2,713.1,711.4,707.1,702.6,700.7,804.2,807.6,815.4,823.0,826.0,822.6,814.9,806.5,794.2,799.7,806.8,815.2,822.7,828.4,832.4,828.5,822.7,815.8,807.8,799.7,811.0,814.5,818.0,819.5,818.1,814.7,811.2,809.7,408.3,398.9,395.1,399.1,408.5,418.5,421.7,417.7,406.3,402.5,400.3,399.9,402.1,406.7,413.7,417.0,418.3,418.2,415.9,411.9,413.0,415.0,413.2,408.6,403.9,401.9,403.7,408.3,406.9,399.0,396.4,400.5,408.9,416.7,419.4,415.9,408.6,403.7,400.7,399.8,401.7,405.2,410.6,414.9,416.9,417.4,416.0,413.6,411.6,413.4,412.2,408.7,404.9,403.0,404.2,407.7,26.4,28.3,32.7,37.1,38.8,37.2,32.5,28.2,20.3,23.6,27.6,31.6,35.6,38.8,41.0,38.1,34.6,30.9,26.8,23.1,30.2,32.4,34.6,35.6,34.7,32.6,30.4,29.4,86.4,88.5,92.9,97.2,98.7,96.6,92.2,87.6,81.3,84.1,87.8,92.3,96.7,100.2,103.0,100.2,96.5,92.4,88.1,84.0,90.3,92.2,94.3,95.2,94.5,92.6,90.6,89.6,23.3,18.8,17.0,19.0,23.6,28.4,29.9,27.9,22.5,20.5,19.4,19.2,20.3,22.6,26.2,27.7,28.2,28.0,26.9,25.1,25.7,26.7,25.8,23.6,21.3,20.3,21.2,23.4,24.7,20.6,19.3,21.5,25.9,30.0,31.3,29.4,25.6,23.0,21.4,21.0,22.0,24.0,27.1,29.2,30.1,30.2,29.4,28.2,27.2,28.2,27.6,25.8,23.8,22.8,23.4,25.2,422.2,422.7,423.9,424.9,425.3,425.1,423.6,422.6,424.3,422.8,421.3,421.3,422.6,424.3,426.3,424.5,422.5,421.2,421.3,422.8,424.0,424.5,425.1,425.4,425.2,424.7,424.1,423.8,460.5,461.9,463.7,464.7,464.4,462.9,461.2,460.3,461.4,460.8,460.6,461.1,463.0,465.7,468.4,465.2,462.0,459.9,459.3,460.1,462.2,462.6,463.4,464.1,464.2,463.8,463.0,462.3,65.6,65.1,493.9,0.055,0.067,-0.018,618.2,623.1,630.1,635.6,643.2,658.0,680.7,711.9,750.4,792.0,826.3,853.5,865.2,868.4,870.0,872.2,872.2,651.9,665.6,690.0,716.6,741.1,778.5,795.2,814.5,833.9,848.1,765.5,766.4,767.4,768.4,743.1,754.0,764.8,775.5,784.3,683.0,696.5,713.1,724.9,711.5,695.2,793.7,806.6,822.5,832.9,822.7,807.3,723.6,740.2,754.6,760.0,765.4,776.2,789.7,774.8,762.3,756.3,750.1,737.7,730.1,753.5,759.3,764.9,782.3,763.9,758.3,752.7,410.8,443.7,474.3,504.3,533.9,560.1,580.7,600.2,607.7,602.7,581.7,553.4,521.0,488.9,459.6,430.9,401.9,385.9,366.4,359.1,364.9,377.1,377.0,367.2,362.7,361.9,373.9,404.8,428.2,451.0,474.7,489.0,494.3,498.3,496.4,492.1,408.6,400.5,401.2,412.1,417.0,416.4,410.8,401.1,401.1,409.8,416.5,416.6,536.9,527.8,524.8,528.4,526.1,532.0,540.6,549.3,548.8,547.8,546.7,544.3,535.9,535.2,536.2,536.5,540.3,536.7,536.6,535.9,0.00,0.00,0.54,0.00,0.00,0.00,0.00,0.00,0.72,0.13,0.03,1.95,0.00,0.04,0.00,0.45,0.00,0.00,0.00,0.00,1.00,0.00,0.00,0.00,0.00,0.00,0.00,0.00,1.00,0.00,1.00,0.00,1.00,1.00,1.00
