{
  "model": "paper_cnn",
  "sample_count": 10004,
  "train_sample_count": 8783,
  "test_sample_count": 1221,
  "reduction_method": "svd",
  "reduced_feature_count": 300,
  "train_mean_explained_variance": 1.0000205039978027,
  "train_min_explained_variance": 0.5071843862533569,
  "train_max_explained_variance": 1.8452776670455933,
  "test_mean_explained_variance": 0.9999997019767761,
  "test_min_explained_variance": 0.999981164932251,
  "test_max_explained_variance": 1.000016450881958
}