clip_id,num_models,agreement_rate,prediction_entropy,mean_confidence,majority_class_id,majority_label,majority_vote_count,vote_count_0_Highly Disengage,vote_proportion_0_Highly Disengage,vote_count_1_Disengage,vote_proportion_1_Disengage,vote_count_2_Engage,vote_proportion_2_Engage,vote_count_3_Highly Engage,vote_proportion_3_Highly Engage,predicted_id__openface_mlp/ce,predicted_label__openface_mlp/ce,confidence__openface_mlp/ce,predicted_id__openface_mlp/weighted_ce,predicted_label__openface_mlp/weighted_ce,confidence__openface_mlp/weighted_ce,predicted_id__openface_mlp/ordinal,predicted_label__openface_mlp/ordinal,confidence__openface_mlp/ordinal,predicted_id__temporal_cnn/ce,predicted_label__temporal_cnn/ce,confidence__temporal_cnn/ce,predicted_id__temporal_cnn/weighted_ce,predicted_label__temporal_cnn/weighted_ce,confidence__temporal_cnn/weighted_ce,predicted_id__temporal_cnn/ordinal,predicted_label__temporal_cnn/ordinal,confidence__temporal_cnn/ordinal,predicted_id__lstm/ce,predicted_label__lstm/ce,confidence__lstm/ce,predicted_id__lstm/weighted_ce,predicted_label__lstm/weighted_ce,confidence__lstm/weighted_ce,predicted_id__lstm/ordinal,predicted_label__lstm/ordinal,confidence__lstm/ordinal,predicted_id__transformer/ce,predicted_label__transformer/ce,confidence__transformer/ce,predicted_id__transformer/weighted_ce,predicted_label__transformer/weighted_ce,confidence__transformer/weighted_ce,predicted_id__transformer/ordinal,predicted_label__transformer/ordinal,confidence__transformer/ordinal,predicted_id__i3d_mlp/ce,predicted_label__i3d_mlp/ce,confidence__i3d_mlp/ce,predicted_id__i3d_mlp/weighted_ce,predicted_label__i3d_mlp/weighted_ce,confidence__i3d_mlp/weighted_ce,predicted_id__i3d_mlp/ordinal,predicted_label__i3d_mlp/ordinal,confidence__i3d_mlp/ordinal,predicted_id__openface_tcn_i3d_fusion/ce,predicted_label__openface_tcn_i3d_fusion/ce,confidence__openface_tcn_i3d_fusion/ce,predicted_id__openface_tcn_i3d_fusion/weighted_ce,predicted_label__openface_tcn_i3d_fusion/weighted_ce,confidence__openface_tcn_i3d_fusion/weighted_ce,predicted_id__openface_tcn_i3d_fusion/ordinal,predicted_label__openface_tcn_i3d_fusion/ordinal,confidence__openface_tcn_i3d_fusion/ordinal
video10_103_person13,18,0.8888888888888888,0.1547717145751626,0.8517243415117264,2,Engage,17,0,0.0,1,0.05555555555555555,17,0.9444444444444444,0,0.0,2,Engage,0.9696528911590576,2,Engage,0.9090090990066528,1,Disengage,1.0,2,Engage,0.9860888123512268,2,Engage,0.9314022064208984,2,Engage,0.9598449468612672,2,Engage,0.910222828388214,2,Engage,0.7698961496353149,2,Engage,0.4682989418506622,2,Engage,0.9574057459831238,2,Engage,0.9282911419868468,2,Engage,0.7761039733886719,2,Engage,0.8180235028266907,2,Engage,0.8585855960845947,2,Engage,0.9637212753295898,2,Engage,0.9736599326133728,2,Engage,0.754287600517273,2,Engage,0.3965435028076172
video10_103_person2,18,0.43137254901960786,0.6163301284079103,0.6258911821577284,1,Disengage,10,0,0.0,10,0.5555555555555556,7,0.3888888888888889,1,0.05555555555555555,1,Disengage,0.5469894409179688,2,Engage,0.3513857424259186,3,Highly Engage,1.0,2,Engage,0.8426612019538879,1,Disengage,0.8096793293952942,1,Disengage,0.5959470868110657,2,Engage,0.7511114478111267,2,Engage,0.7844153642654419,2,Engage,0.3830132484436035,1,Disengage,0.5719495415687561,1,Disengage,0.5069032311439514,1,Disengage,0.6604008078575134,1,Disengage,0.6672104597091675,1,Disengage,0.7475699782371521,1,Disengage,0.6287729740142822,2,Engage,0.4572155773639679,2,Engage,0.540833592414856,1,Disengage,0.4199822545051574
video10_109_person0,18,0.477124183006536,0.6121972227029931,0.7212831427653631,2,Engage,12,0,0.0,2,0.1111111111111111,12,0.6666666666666666,4,0.2222222222222222,2,Engage,0.6911209225654602,2,Engage,0.7418910264968872,2,Engage,1.0,2,Engage,0.9130238890647888,2,Engage,0.960239827632904,2,Engage,0.575869083404541,3,Highly Engage,0.5276471376419067,2,Engage,0.7444025278091431,2,Engage,0.4080734848976135,2,Engage,0.8867074251174927,1,Disengage,0.5180048942565918,1,Disengage,0.482615977525711,2,Engage,0.8946813344955444,3,Highly Engage,0.63630610704422,2,Engage,0.9226388931274414,2,Engage,0.9315963983535768,3,Highly Engage,0.6042724251747131,3,Highly Engage,0.5440052151679993
video10_110_person12,18,0.7908496732026143,0.25162916738782287,0.6335172570414014,2,Engage,16,0,0.0,0,0.0,16,0.8888888888888888,2,0.1111111111111111,2,Engage,0.8708530068397522,2,Engage,0.4925819635391235,2,Engage,1.0,2,Engage,0.7659959197044373,2,Engage,0.5047875642776489,2,Engage,0.419078528881073,2,Engage,0.720659077167511,2,Engage,0.7273515462875366,2,Engage,0.504259467124939,2,Engage,0.8487522602081299,2,Engage,0.5514649748802185,2,Engage,0.4723779261112213,2,Engage,0.4814934730529785,3,Highly Engage,0.707952618598938,2,Engage,0.5288169980049133,2,Engage,0.8340497612953186,2,Engage,0.4946617782115936,3,Highly Engage,0.4781737625598907
video10_110_person19,18,0.3006535947712418,0.8553885422075338,0.6204293453031116,2,Engage,8,1,0.05555555555555555,6,0.3333333333333333,8,0.4444444444444444,3,0.16666666666666666,2,Engage,0.6548292636871338,3,Highly Engage,0.9705045223236084,2,Engage,1.0,2,Engage,0.6776604652404785,1,Disengage,0.5799130201339722,1,Disengage,0.4554930627346039,2,Engage,0.687795102596283,1,Disengage,0.7204397916793823,1,Disengage,0.4360790848731994,1,Disengage,0.555080235004425,1,Disengage,0.3917534947395324,0,Highly Disengage,0.6365352869033813,2,Engage,0.5728257298469543,3,Highly Engage,0.600299596786499,3,Highly Engage,0.4566131830215454,2,Engage,0.7709656357765198,2,Engage,0.5889868140220642,2,Engage,0.4119539260864258
video10_110_person27,18,0.5294117647058824,0.4591479170272447,0.6285877840386497,2,Engage,12,0,0.0,6,0.3333333333333333,12,0.6666666666666666,0,0.0,2,Engage,0.762370228767395,2,Engage,0.5875571966171265,1,Disengage,1.0,2,Engage,0.6532568335533142,2,Engage,0.4943071007728576,1,Disengage,0.5187925696372986,2,Engage,0.8671818375587463,2,Engage,0.762428879737854,2,Engage,0.4385655522346496,2,Engage,0.8224512338638306,1,Disengage,0.4533872902393341,1,Disengage,0.4659053385257721,1,Disengage,0.556108295917511,2,Engage,0.4741676449775696,2,Engage,0.633626401424408,2,Engage,0.8239947557449341,1,Disengage,0.6083669066429138,2,Engage,0.3921120464801788
video10_111_person11,18,0.3790849673202614,0.6910511266271551,0.5804910295539432,1,Disengage,9,2,0.1111111111111111,9,0.5,7,0.3888888888888889,0,0.0,2,Engage,0.5542475581169128,2,Engage,0.3429234325885772,2,Engage,1.0,2,Engage,0.538914144039154,1,Disengage,0.5673060417175293,1,Disengage,0.4466208517551422,2,Engage,0.5568910241127014,1,Disengage,0.8501855134963989,1,Disengage,0.481887012720108,1,Disengage,0.5882400870323181,0,Highly Disengage,0.4193564653396606,0,Highly Disengage,0.6222149133682251,2,Engage,0.506671667098999,1,Disengage,0.635463535785675,1,Disengage,0.7656794786453247,1,Disengage,0.5484627485275269,1,Disengage,0.637336254119873,2,Engage,0.3864378035068512
video10_112_person27,18,0.41830065359477125,0.6258145836939114,0.6111916088395648,2,Engage,9,0,0.0,8,0.4444444444444444,9,0.5,1,0.05555555555555555,2,Engage,0.8315648436546326,3,Highly Engage,0.5532411336898804,2,Engage,1.0,2,Engage,0.6396653056144714,1,Disengage,0.4976596534252167,1,Disengage,0.4295421540737152,2,Engage,0.7982901930809021,2,Engage,0.7753022909164429,2,Engage,0.4198250770568847,2,Engage,0.6183502078056335,1,Disengage,0.6655740141868591,1,Disengage,0.4792409241199493,1,Disengage,0.6816018223762512,2,Engage,0.4415284097194671,1,Disengage,0.7458340525627136,1,Disengage,0.4546474814414978,1,Disengage,0.5971778631210327,2,Engage,0.3724035322666168
video10_114_person6,18,0.23529411764705882,0.9625632797054146,0.6742974039581087,1,Disengage,7,4,0.2222222222222222,7,0.3888888888888889,4,0.2222222222222222,3,0.16666666666666666,3,Highly Engage,0.3094778060913086,3,Highly Engage,0.3875002562999725,1,Disengage,1.0,2,Engage,0.6077280044555664,3,Highly Engage,0.9024890065193176,1,Disengage,0.7873455882072449,0,Highly Disengage,0.4825096130371094,0,Highly Disengage,0.9858195781707764,0,Highly Disengage,0.6630662679672241,0,Highly Disengage,0.7972148060798645,2,Engage,0.4382160305976867,2,Engage,0.4899346530437469,1,Disengage,0.7640089392662048,1,Disengage,0.9146945476531982,1,Disengage,0.9689690470695496,2,Engage,0.474907636642456,1,Disengage,0.7681703567504883,1,Disengage,0.3953011333942413
video10_117_person12,18,0.7908496732026143,0.25162916738782287,0.6972932285732694,2,Engage,16,0,0.0,0,0.0,16,0.8888888888888888,2,0.1111111111111111,2,Engage,0.8305137753486633,2,Engage,0.4227512776851654,2,Engage,1.0,2,Engage,0.8450259566307068,3,Highly Engage,0.6422350406646729,3,Highly Engage,0.6922839283943176,2,Engage,0.7907907366752625,2,Engage,0.6237747073173523,2,Engage,0.5162601470947266,2,Engage,0.8671846389770508,2,Engage,0.5659907460212708,2,Engage,0.5531980395317078,2,Engage,0.9361551403999328,2,Engage,0.4958437383174896,2,Engage,0.996025323867798,2,Engage,0.8658369779586792,2,Engage,0.4963077902793884,2,Engage,0.4111001491546631
video10_117_person6,18,0.5294117647058824,0.4591479170272447,0.6980337252219518,2,Engage,12,0,0.0,6,0.3333333333333333,12,0.6666666666666666,0,0.0,2,Engage,0.7027074694633484,1,Disengage,0.7239823341369629,1,Disengage,1.0,2,Engage,0.5135183930397034,1,Disengage,0.7473766803741455,1,Disengage,0.8243755102157593,2,Engage,0.8630034327507019,2,Engage,0.5899478197097778,2,Engage,0.4537197351455688,2,Engage,0.76026850938797,2,Engage,0.6770493984222412,2,Engage,0.6558492183685303,2,Engage,0.6767517924308777,1,Disengage,0.7339271903038025,1,Disengage,0.8673245906829834,2,Engage,0.7066661715507507,2,Engage,0.6932462453842163,2,Engage,0.3748925626277923
video10_118_person17,18,0.6339869281045751,0.38210225325431013,0.7037965340746773,2,Engage,14,0,0.0,4,0.2222222222222222,14,0.7777777777777778,0,0.0,2,Engage,0.6298556923866272,2,Engage,0.4558421075344085,2,Engage,1.0,2,Engage,0.7630810737609863,2,Engage,0.8592360615730286,1,Disengage,0.7680237889289856,2,Engage,0.6645961999893188,2,Engage,0.6500240564346313,1,Disengage,0.4598442316055298,2,Engage,0.7200212478637695,1,Disengage,0.5933882594108582,1,Disengage,0.5652535557746887,2,Engage,0.8879205584526062,2,Engage,0.8041460514068604,2,Engage,0.9103055000305176,2,Engage,0.928697109222412,2,Engage,0.5843618512153625,2,Engage,0.4237402677536011
video10_11_person6,18,0.47058823529411764,0.5,0.629264783528116,1,Disengage,9,0,0.0,9,0.5,9,0.5,0,0.0,2,Engage,0.8626401424407959,2,Engage,0.6914004683494568,2,Engage,1.0,2,Engage,0.7313469648361206,1,Disengage,0.5842613577842712,1,Disengage,0.7613908648490906,1,Disengage,0.48716601729393,2,Engage,0.7047368288040161,1,Disengage,0.5311694741249084,2,Engage,0.6667798757553101,1,Disengage,0.7882936596870422,1,Disengage,0.7596901655197144,2,Engage,0.5083892941474915,1,Disengage,0.3872086405754089,2,Engage,0.3934786021709442,2,Engage,0.49466073513031,1,Disengage,0.5587632060050964,1,Disengage,0.4153898060321808
video10_120_person1,18,0.41830065359477125,0.6258145836939114,0.6988853646649255,2,Engage,9,1,0.05555555555555555,8,0.4444444444444444,9,0.5,0,0.0,2,Engage,0.9039335250854492,2,Engage,0.708101749420166,1,Disengage,1.0,2,Engage,0.9746997356414796,2,Engage,0.7814620733261108,1,Disengage,0.7953322529792786,2,Engage,0.7286543250083923,1,Disengage,0.5913572907447815,1,Disengage,0.4513692855834961,2,Engage,0.6534789800643921,1,Disengage,0.6269882321357727,0,Highly Disengage,0.4966379404067993,2,Engage,0.6019691228866577,2,Engage,0.522962212562561,1,Disengage,0.9647550582885742,2,Engage,0.70285564661026,1,Disengage,0.7038058042526245,1,Disengage,0.3715733289718628
video10_121_person11,18,0.8888888888888888,0.1547717145751626,0.8719790892468559,3,Highly Engage,17,0,0.0,0,0.0,1,0.05555555555555555,17,0.9444444444444444,2,Engage,0.4652498960494995,3,Highly Engage,0.936576247215271,3,Highly Engage,1.0,3,Highly Engage,0.9451952576637268,3,Highly Engage,0.9894675612449646,3,Highly Engage,0.986666738986969,3,Highly Engage,0.6251189708709717,3,Highly Engage,0.8878531455993652,3,Highly Engage,0.7540789246559143,3,Highly Engage,0.4878406226634979,3,Highly Engage,0.8453128337860107,3,Highly Engage,0.8348208665847778,3,Highly Engage,0.9687122106552124,3,Highly Engage,0.9951090216636658,3,Highly Engage,0.9999822378158568,3,Highly Engage,0.9823344945907592,3,Highly Engage,0.9986637830734252,3,Highly Engage,0.9926407933235168
video10_121_person6,18,0.477124183006536,0.4955380299191111,0.6925715704758962,1,Disengage,10,0,0.0,10,0.5555555555555556,8,0.4444444444444444,0,0.0,2,Engage,0.7883172631263733,1,Disengage,0.6198533177375793,1,Disengage,1.0,1,Disengage,0.5879482626914978,1,Disengage,0.8626339435577393,1,Disengage,0.8697624206542969,2,Engage,0.5675672888755798,1,Disengage,0.6106023788452148,2,Engage,0.4851252436637878,2,Engage,0.762348473072052,2,Engage,0.6346771121025085,2,Engage,0.5993174314498901,2,Engage,0.7435665726661682,1,Disengage,0.6763499975204468,1,Disengage,0.9204347133636476,2,Engage,0.8666707277297974,1,Disengage,0.5051063299179077,1,Disengage,0.3660067915916443
video10_124_person41,18,1.0,-0.0,0.7588334017329745,2,Engage,18,0,0.0,0,0.0,18,1.0,0,0.0,2,Engage,0.9284591674804688,2,Engage,0.8456423282623291,2,Engage,1.0,2,Engage,0.7461311221122742,2,Engage,0.756507158279419,2,Engage,0.5246122479438782,2,Engage,0.8642266988754272,2,Engage,0.75258868932724,2,Engage,0.4635696411132812,2,Engage,0.8491977453231812,2,Engage,0.5013381242752075,2,Engage,0.5249311327934265,2,Engage,0.8101549744606018,2,Engage,0.9219468235969543,2,Engage,0.9643993377685548,2,Engage,0.9566493034362792,2,Engage,0.8304553627967834,2,Engage,0.4181913733482361
video10_125_person10,18,0.6928104575163399,0.40153586366205124,0.7216373085975647,2,Engage,15,0,0.0,2,0.1111111111111111,15,0.8333333333333334,1,0.05555555555555555,2,Engage,0.7873831391334534,2,Engage,0.7994056344032288,2,Engage,1.0,2,Engage,0.8440101146697998,2,Engage,0.92785906791687,2,Engage,0.7766163349151611,2,Engage,0.6424100399017334,2,Engage,0.5679055452346802,1,Disengage,0.5065543055534363,2,Engage,0.7895705699920654,3,Highly Engage,0.3466734290122986,1,Disengage,0.4294455349445343,2,Engage,0.876786470413208,2,Engage,0.524452805519104,2,Engage,0.9637150168418884,2,Engage,0.9770711064338684,2,Engage,0.8059906363487244,2,Engage,0.42362180352211
video10_127_person12,18,0.477124183006536,0.6121972227029931,0.5998801936705908,2,Engage,12,0,0.0,4,0.2222222222222222,12,0.6666666666666666,2,0.1111111111111111,2,Engage,0.8045993447303772,2,Engage,0.3522376716136932,1,Disengage,0.984902560710907,2,Engage,0.7235731482505798,3,Highly Engage,0.4638549089431762,3,Highly Engage,0.4116943776607513,2,Engage,0.844373881816864,2,Engage,0.6444993615150452,2,Engage,0.4891633093357086,2,Engage,0.7112590670585632,1,Disengage,0.5745187997817993,1,Disengage,0.6861972808837891,2,Engage,0.5851278901100159,2,Engage,0.5056765079498291,2,Engage,0.5178305506706238,2,Engage,0.6119974255561829,1,Disengage,0.4882501363754272,2,Engage,0.3980872631072998
video10_12_person6,18,0.477124183006536,0.4955380299191111,0.6700974603494009,2,Engage,10,0,0.0,8,0.4444444444444444,10,0.5555555555555556,0,0.0,2,Engage,0.8666417002677917,2,Engage,0.7251512408256531,2,Engage,1.0,2,Engage,0.9645580649375916,2,Engage,0.7993183732032776,1,Disengage,0.5315807461738586,2,Engage,0.4637466967105865,2,Engage,0.6782559752464294,1,Disengage,0.5082337856292725,2,Engage,0.6219021677970886,1,Disengage,0.6802896857261658,1,Disengage,0.7120990753173828,2,Engage,0.503484845161438,1,Disengage,0.7741885185241699,1,Disengage,0.5910311341285706,2,Engage,0.5029488205909729,1,Disengage,0.7137163281440735,1,Disengage,0.4246071279048919
video10_130_person12,18,0.5359477124183006,0.5610568385545543,0.6283900671535068,2,Engage,13,0,0.0,2,0.1111111111111111,13,0.7222222222222222,3,0.16666666666666666,2,Engage,0.7549926042556763,3,Highly Engage,0.529099702835083,2,Engage,1.0,2,Engage,0.7790029644966125,3,Highly Engage,0.5636063814163208,3,Highly Engage,0.423829972743988,2,Engage,0.8319093585014343,2,Engage,0.5825197100639343,2,Engage,0.4516938924789428,2,Engage,0.7898707985877991,2,Engage,0.4576904475688934,1,Disengage,0.7214581370353699,2,Engage,0.7106856107711792,2,Engage,0.4948276877403259,1,Disengage,0.5609076023101807,2,Engage,0.6789866089820862,2,Engage,0.5581046938896179,2,Engage,0.4218350350856781
video10_131_person0,18,0.477124183006536,0.4955380299191111,0.6739087750514349,2,Engage,10,0,0.0,8,0.4444444444444444,10,0.5555555555555556,0,0.0,2,Engage,0.830594539642334,1,Disengage,0.5536662340164185,2,Engage,1.0,1,Disengage,0.6228623986244202,2,Engage,0.5899167656898499,1,Disengage,0.7759514451026917,2,Engage,0.5735692381858826,2,Engage,0.6684365272521973,1,Disengage,0.3822524547576904,2,Engage,0.7547693252563477,1,Disengage,0.7800698280334473,1,Disengage,0.7666253447532654,2,Engage,0.7630336284637451,2,Engage,0.5333141684532166,1,Disengage,0.5897353291511536,2,Engage,0.8026817440986633,1,Disengage,0.6993335485458374,2,Engage,0.4435454308986664
video10_132_person0,18,0.5490196078431373,0.5264703802813174,0.7447714060544968,2,Engage,13,0,0.0,4,0.2222222222222222,13,0.7222222222222222,1,0.05555555555555555,2,Engage,0.905178725719452,2,Engage,0.6726831197738647,2,Engage,1.0,2,Engage,0.7781438827514648,2,Engage,0.9659380912780762,2,Engage,0.871810257434845,2,Engage,0.823262095451355,2,Engage,0.7463617920875549,3,Highly Engage,0.4507290124893188,2,Engage,0.9260715246200562,2,Engage,0.5256968140602112,1,Disengage,0.6266108751296997,2,Engage,0.6794562935829163,1,Disengage,0.6474597454071045,1,Disengage,0.9169238209724426,2,Engage,0.9071519374847412,1,Disengage,0.5302547812461853,2,Engage,0.4321525394916534
video10_132_person17,18,0.47058823529411764,0.5,0.7350411630339093,1,Disengage,9,0,0.0,9,0.5,9,0.5,0,0.0,2,Engage,0.628126323223114,1,Disengage,0.8087325096130371,1,Disengage,1.0,1,Disengage,0.5416960716247559,1,Disengage,0.6997867822647095,1,Disengage,0.6217423677444458,2,Engage,0.5883763432502747,1,Disengage,0.9041757583618164,1,Disengage,0.6038183569908142,2,Engage,0.551703155040741,1,Disengage,0.6843157410621643,1,Disengage,0.6901118159294128,2,Engage,0.9083192348480223,2,Engage,0.9585683345794678,2,Engage,0.9996243715286256,2,Engage,0.981568157672882,2,Engage,0.6779868006706238,2,Engage,0.3820888102054596
video10_132_person6,18,0.7908496732026143,0.25162916738782287,0.7090693596336577,1,Disengage,16,0,0.0,16,0.8888888888888888,2,0.1111111111111111,0,0.0,2,Engage,0.5723246335983276,1,Disengage,0.5344055891036987,1,Disengage,1.0,1,Disengage,0.8708600997924805,1,Disengage,0.7450629472732544,1,Disengage,0.8668044805526733,1,Disengage,0.6260213851928711,1,Disengage,0.744094967842102,1,Disengage,0.5098995566368103,1,Disengage,0.7039592862129211,1,Disengage,0.8935708403587341,1,Disengage,0.899177610874176,1,Disengage,0.5984043478965759,1,Disengage,0.5958292484283447,1,Disengage,0.8179807066917419,2,Engage,0.6509936451911926,1,Disengage,0.6937986016273499,1,Disengage,0.4400605261325836
video10_134_person15,18,0.6143790849673203,0.4722442670831027,0.6783506886826621,2,Engage,14,0,0.0,3,0.16666666666666666,14,0.7777777777777778,1,0.05555555555555555,2,Engage,0.7644379734992981,2,Engage,0.5021973252296448,2,Engage,1.0,2,Engage,0.7820415496826172,2,Engage,0.875864565372467,2,Engage,0.7651950120925903,2,Engage,0.8675090074539185,3,Highly Engage,0.5551018118858337,2,Engage,0.4456334710121155,2,Engage,0.8698806762695312,2,Engage,0.5928512811660767,2,Engage,0.5267359614372253,2,Engage,0.7310094237327576,1,Disengage,0.6873345375061035,1,Disengage,0.7174257040023804,2,Engage,0.582893431186676,1,Disengage,0.5284336805343628,2,Engage,0.4157669842243194
video10_136_person0,18,0.7058823529411765,0.32501121082417705,0.7383986082341936,2,Engage,15,0,0.0,3,0.16666666666666666,15,0.8333333333333334,0,0.0,2,Engage,0.7039494514465332,2,Engage,0.7851530313491821,2,Engage,1.0,2,Engage,0.91960346698761,2,Engage,0.8682729601860046,2,Engage,0.5903559923171997,2,Engage,0.7440065741539001,2,Engage,0.748468816280365,2,Engage,0.4057368636131286,2,Engage,0.9370942115783693,2,Engage,0.7737810611724854,2,Engage,0.5861529111862183,2,Engage,0.7348093390464783,2,Engage,0.9189935326576232,1,Disengage,0.739728569984436,2,Engage,0.7820095419883728,1,Disengage,0.6741049885749817,1,Disengage,0.3789536356925964
video10_138_person17,18,0.47058823529411764,0.5,0.6177851524617937,1,Disengage,9,0,0.0,9,0.5,9,0.5,0,0.0,2,Engage,0.5997939705848694,2,Engage,0.5039726495742798,2,Engage,1.0,2,Engage,0.7485437393188477,1,Disengage,0.5874727368354797,1,Disengage,0.5857939720153809,2,Engage,0.5972170233726501,1,Disengage,0.8405499458312988,1,Disengage,0.4214696288108825,2,Engage,0.7597979307174683,2,Engage,0.4089256823062897,2,Engage,0.4189809560775757,1,Disengage,0.5665352940559387,1,Disengage,0.4963099062442779,1,Disengage,0.6780041456222534,2,Engage,0.8358452916145325,1,Disengage,0.6776779294013977,1,Disengage,0.3932419419288635
video10_138_person9,18,0.41830065359477125,0.6258145836939114,0.6468736661805047,2,Engage,9,0,0.0,8,0.4444444444444444,9,0.5,1,0.05555555555555555,2,Engage,0.5194051861763,1,Disengage,0.6224952340126038,1,Disengage,1.0,2,Engage,0.5874859690666199,1,Disengage,0.5383915901184082,1,Disengage,0.4461733102798462,2,Engage,0.8371095061302185,2,Engage,0.7130604982376099,2,Engage,0.4534029364585876,2,Engage,0.6671674251556396,2,Engage,0.5065106153488159,3,Highly Engage,0.5952984690666199,2,Engage,0.5110548734664917,1,Disengage,0.724632740020752,1,Disengage,0.9482182264328004,2,Engage,0.8629106283187866,1,Disengage,0.7003164291381836,1,Disengage,0.4100923538208008
video10_13_person15,18,0.45751633986928103,0.597086867128456,0.6359299404753579,2,Engage,11,1,0.05555555555555555,6,0.3333333333333333,11,0.6111111111111112,0,0.0,2,Engage,0.6565427184104919,1,Disengage,0.5452383756637573,1,Disengage,1.0,2,Engage,0.8827549815177917,2,Engage,0.6979951858520508,1,Disengage,0.6115506291389465,2,Engage,0.7182552218437195,2,Engage,0.5089033842086792,2,Engage,0.4466312229633331,2,Engage,0.8567189574241638,2,Engage,0.4913433194160461,1,Disengage,0.4707477390766144,2,Engage,0.7927119135856628,1,Disengage,0.4946326613426208,0,Highly Disengage,0.6179801225662231,2,Engage,0.5609786510467529,1,Disengage,0.6840431690216064,2,Engage,0.4097106754779815
video10_13_person2,18,0.477124183006536,0.4955380299191111,0.6887722793552611,1,Disengage,10,0,0.0,10,0.5555555555555556,8,0.4444444444444444,0,0.0,2,Engage,0.8965966105461121,1,Disengage,0.4779849946498871,1,Disengage,1.0,2,Engage,0.5677669048309326,1,Disengage,0.7024333477020264,1,Disengage,0.8284940123558044,2,Engage,0.8300113081932068,2,Engage,0.7047784924507141,2,Engage,0.4615947604179382,2,Engage,0.4877680242061615,1,Disengage,0.785187840461731,1,Disengage,0.5366716980934143,2,Engage,0.6649221777915955,1,Disengage,0.5720862150192261,1,Disengage,0.8490554690361023,2,Engage,0.9049379229545592,1,Disengage,0.7326478958129883,1,Disengage,0.3949633538722992
video10_143_person0,18,0.477124183006536,0.6121972227029931,0.6456231226523718,2,Engage,12,0,0.0,2,0.1111111111111111,12,0.6666666666666666,4,0.2222222222222222,2,Engage,0.4917555451393127,3,Highly Engage,0.4608863294124603,2,Engage,1.0,2,Engage,0.5974116325378418,2,Engage,0.5918180346488953,3,Highly Engage,0.6652162075042725,3,Highly Engage,0.5968329310417175,2,Engage,0.7390622496604919,3,Highly Engage,0.6133226156234741,2,Engage,0.5346440076828003,1,Disengage,0.732134997844696,1,Disengage,0.8383430242538452,2,Engage,0.6577907204627991,2,Engage,0.4740091264247894,2,Engage,0.7375779747962952,2,Engage,0.8706619143486023,2,Engage,0.5607188940048218,2,Engage,0.4590300023555755
video10_143_person12,18,0.8888888888888888,0.1547717145751626,0.6782821350627475,2,Engage,17,0,0.0,0,0.0,17,0.9444444444444444,1,0.05555555555555555,2,Engage,0.7982146143913269,2,Engage,0.4309182167053222,2,Engage,1.0,2,Engage,0.7748013138771057,2,Engage,0.4124942123889923,2,Engage,0.451280415058136,2,Engage,0.8864010572433472,2,Engage,0.4995017349720001,2,Engage,0.510335385799408,2,Engage,0.8734009265899658,2,Engage,0.5620578527450562,2,Engage,0.5190311670303345,2,Engage,0.7403464913368225,2,Engage,0.6562522649765015,2,Engage,0.9318385124206544,2,Engage,0.9442735314369202,2,Engage,0.6850208640098572,3,Highly Engage,0.5329098701477051
video10_143_person3,18,0.8888888888888888,0.1547717145751626,0.7487460672855377,2,Engage,17,0,0.0,0,0.0,17,0.9444444444444444,1,0.05555555555555555,2,Engage,0.932166874408722,2,Engage,0.6577956080436707,2,Engage,1.0,2,Engage,0.985611081123352,2,Engage,0.807966411113739,2,Engage,0.7443934679031372,2,Engage,0.8379625082015991,2,Engage,0.5965337753295898,2,Engage,0.5087499618530273,2,Engage,0.9273742437362672,2,Engage,0.6019118428230286,2,Engage,0.4868470430374145,2,Engage,0.7788504362106323,2,Engage,0.5247101783752441,2,Engage,0.8725595474243164,2,Engage,0.8797155618667603,2,Engage,0.7566229701042175,3,Highly Engage,0.5776576995849609
video10_144_person6,18,0.7058823529411765,0.32501121082417705,0.7177094038989809,2,Engage,15,0,0.0,3,0.16666666666666666,15,0.8333333333333334,0,0.0,2,Engage,0.8797501921653748,2,Engage,0.940125286579132,2,Engage,1.0,2,Engage,0.8948831558227539,2,Engage,0.9318557381629944,2,Engage,0.6774270534515381,2,Engage,0.702704131603241,2,Engage,0.4319916069507599,1,Disengage,0.4780759215354919,2,Engage,0.9499834179878236,2,Engage,0.7004460096359253,2,Engage,0.5529934763908386,2,Engage,0.6569693684577942,1,Disengage,0.6832020282745361,1,Disengage,0.8235830068588257,2,Engage,0.7110387682914734,2,Engage,0.5071093440055847,2,Engage,0.3966307640075683
video10_145_person10,18,0.6143790849673203,0.4722442670831027,0.6913632949193319,2,Engage,14,0,0.0,3,0.16666666666666666,14,0.7777777777777778,1,0.05555555555555555,2,Engage,0.7595402002334595,1,Disengage,0.5166127681732178,2,Engage,1.0,2,Engage,0.9204184412956238,1,Disengage,0.6490241289138794,1,Disengage,0.5449880361557007,2,Engage,0.8413437008857727,2,Engage,0.5213712453842163,3,Highly Engage,0.7537327408790588,2,Engage,0.9478416442871094,2,Engage,0.5933103561401367,2,Engage,0.6241956949234009,2,Engage,0.5568410754203796,2,Engage,0.60860276222229,2,Engage,0.5663420557975769,2,Engage,0.8156847357749939,2,Engage,0.7971987128257751,2,Engage,0.4274910092353821
video10_145_person15,18,0.5751633986928104,0.4262025893247393,0.6995031783978144,2,Engage,13,0,0.0,0,0.0,13,0.7222222222222222,5,0.2777777777777778,2,Engage,0.7713396549224854,2,Engage,0.6161507368087769,2,Engage,1.0,2,Engage,0.8173729777336121,2,Engage,0.5309980511665344,2,Engage,0.5071074366569519,2,Engage,0.7715257406234741,3,Highly Engage,0.770138144493103,3,Highly Engage,0.4887597560882568,2,Engage,0.9000729322433472,3,Highly Engage,0.5856187343597412,3,Highly Engage,0.4822795689105987,2,Engage,0.9226624369621276,2,Engage,0.5824634432792664,2,Engage,0.8890300989151001,2,Engage,0.8231305480003357,2,Engage,0.6713277101516724,3,Highly Engage,0.4610792398452759
video10_146_person9,18,0.6928104575163399,0.4015358636620513,0.7043698479731878,1,Disengage,15,1,0.05555555555555555,15,0.8333333333333334,2,0.1111111111111111,0,0.0,1,Disengage,0.5391466021537781,1,Disengage,0.7279869318008423,1,Disengage,1.0,1,Disengage,0.6744320392608643,1,Disengage,0.9114183783531188,1,Disengage,0.9495351910591124,1,Disengage,0.6002531051635742,1,Disengage,0.5768163204193115,2,Engage,0.4173966348171234,1,Disengage,0.5576450228691101,1,Disengage,0.7310640811920166,1,Disengage,0.6179486513137817,2,Engage,0.5097187161445618,1,Disengage,0.8324177861213684,1,Disengage,0.9590030908584596,1,Disengage,0.6306116580963135,1,Disengage,0.9096170663833618,0,Highly Disengage,0.5336459875106812
video10_15_person14,18,0.6928104575163399,0.40153586366205124,0.6842701468202803,2,Engage,15,0,0.0,2,0.1111111111111111,15,0.8333333333333334,1,0.05555555555555555,2,Engage,0.8617894053459167,2,Engage,0.6827344298362732,2,Engage,1.0,2,Engage,0.6688240766525269,2,Engage,0.5105188488960266,2,Engage,0.4761677384376526,2,Engage,0.7347054481506348,2,Engage,0.7463840842247009,3,Highly Engage,0.5537230968475342,2,Engage,0.9298005700111388,2,Engage,0.591308057308197,1,Disengage,0.5048530697822571,2,Engage,0.6788467764854431,2,Engage,0.6312204599380493,1,Disengage,0.6509992480278015,2,Engage,0.9694989323616028,2,Engage,0.7090480327606201,2,Engage,0.4164403676986694
video10_18_person1,18,0.7908496732026143,0.25162916738782287,0.860125806596544,3,Highly Engage,16,0,0.0,0,0.0,2,0.1111111111111111,16,0.8888888888888888,2,Engage,0.4854183793067932,3,Highly Engage,0.5274267792701721,2,Engage,1.0,3,Highly Engage,0.9822393655776978,3,Highly Engage,0.9989147186279296,3,Highly Engage,0.9996775388717652,3,Highly Engage,0.6347969770431519,3,Highly Engage,0.7757647633552551,3,Highly Engage,0.5990198254585266,3,Highly Engage,0.8866032958030701,3,Highly Engage,0.755832314491272,3,Highly Engage,0.8657006621360779,3,Highly Engage,0.9991790652275084,3,Highly Engage,0.9999724626541138,3,Highly Engage,1.0,3,Highly Engage,0.9766405820846558,3,Highly Engage,0.9993646740913392,3,Highly Engage,0.9957131147384644
video10_25_person12,18,0.3660130718954248,0.7841591278514218,0.5192285478115082,2,Engage,10,1,0.05555555555555555,2,0.1111111111111111,10,0.5555555555555556,5,0.2777777777777778,2,Engage,0.6896572113037109,3,Highly Engage,0.4318842589855194,2,Engage,1.0,2,Engage,0.6782095432281494,3,Highly Engage,0.3897775411605835,1,Disengage,0.3257710635662079,2,Engage,0.8547801375389099,3,Highly Engage,0.5418990850448608,2,Engage,0.482236385345459,2,Engage,0.601316511631012,3,Highly Engage,0.523781418800354,2,Engage,0.4422537088394165,2,Engage,0.4518492221832275,3,Highly Engage,0.4230154454708099,2,Engage,0.4203830659389496,0,Highly Disengage,0.3206118643283844,1,Disengage,0.3633476495742798,2,Engage,0.4053397476673126
video10_25_person18,18,0.45751633986928103,0.5970868671284559,0.7005018906460868,2,Engage,11,0,0.0,1,0.05555555555555555,11,0.6111111111111112,6,0.3333333333333333,2,Engage,0.9050201177597046,2,Engage,0.522735059261322,3,Highly Engage,1.0,2,Engage,0.8026754856109619,2,Engage,0.4983168542385101,3,Highly Engage,0.5663027167320251,2,Engage,0.930656373500824,3,Highly Engage,0.6196344494819641,3,Highly Engage,0.6803134679794312,2,Engage,0.6231768131256104,3,Highly Engage,0.6251048445701599,3,Highly Engage,0.7938504219055176,2,Engage,0.7675613164901733,1,Disengage,0.5364272594451904,2,Engage,0.8330060243606567,2,Engage,0.8306916952133179,2,Engage,0.7212012410163879,2,Engage,0.3523598909378052
video10_26_person11,18,0.3202614379084967,0.7652465283787413,0.6046130690309737,1,Disengage,8,0,0.0,8,0.4444444444444444,6,0.3333333333333333,4,0.2222222222222222,2,Engage,0.429789274930954,1,Disengage,0.4061425626277923,2,Engage,1.0,2,Engage,0.6307342648506165,1,Disengage,0.4580395519733429,1,Disengage,0.4212687313556671,1,Disengage,0.6137441992759705,1,Disengage,0.8723365664482117,1,Disengage,0.4790847301483154,2,Engage,0.5332641005516052,1,Disengage,0.5875556468963623,1,Disengage,0.5954346060752869,2,Engage,0.6437735557556152,3,Highly Engage,0.5292360186576843,3,Highly Engage,0.640743613243103,2,Engage,0.706344723701477,3,Highly Engage,0.6366855502128601,3,Highly Engage,0.6988575458526611
video10_27_person0,18,1.0,-0.0,0.8418754107422299,2,Engage,18,0,0.0,0,0.0,18,1.0,0,0.0,2,Engage,0.9894486665725708,2,Engage,0.8010034561157227,2,Engage,1.0,2,Engage,0.9671874046325684,2,Engage,0.9701584577560424,2,Engage,0.7908293008804321,2,Engage,0.9206518530845642,2,Engage,0.7960536479949951,2,Engage,0.4607506096363067,2,Engage,0.9369431138038636,2,Engage,0.7930338978767395,2,Engage,0.7117239236831665,2,Engage,0.9525840878486632,2,Engage,0.9578879475593568,2,Engage,0.9337372779846193,2,Engage,0.9725475907325744,2,Engage,0.7897433638572693,2,Engage,0.409472793340683
video10_28_person18,18,0.7843137254901961,0.30718472294337845,0.7421354833576415,2,Engage,16,0,0.0,1,0.05555555555555555,16,0.8888888888888888,1,0.05555555555555555,2,Engage,0.8911280632019043,2,Engage,0.6441266536712646,3,Highly Engage,1.0,2,Engage,0.9012251496315002,2,Engage,0.6692233085632324,2,Engage,0.6456524133682251,2,Engage,0.9310269951820374,2,Engage,0.7348639369010925,2,Engage,0.4442001581192016,2,Engage,0.920230746269226,2,Engage,0.7529700994491577,2,Engage,0.7022729516029358,2,Engage,0.8658645153045654,2,Engage,0.6122797727584839,2,Engage,0.7647638916969299,2,Engage,0.8608888983726501,2,Engage,0.6756537556648254,1,Disengage,0.3420673906803131
video10_28_person5,18,0.6143790849673203,0.4722442670831027,0.6958390805456374,2,Engage,14,0,0.0,1,0.05555555555555555,14,0.7777777777777778,3,0.16666666666666666,2,Engage,0.973565936088562,2,Engage,0.8270447850227356,3,Highly Engage,1.0,2,Engage,0.8254138231277466,2,Engage,0.535000205039978,2,Engage,0.392559677362442,2,Engage,0.8767916560173035,2,Engage,0.7205493450164795,2,Engage,0.4639509618282318,2,Engage,0.9113669395446776,3,Highly Engage,0.4846516847610473,3,Highly Engage,0.521186888217926,2,Engage,0.9522340893745422,2,Engage,0.6810824871063232,1,Disengage,0.4844401478767395,2,Engage,0.669369101524353,2,Engage,0.791206955909729,2,Engage,0.414688766002655
video10_28_person6,18,0.8888888888888888,0.1547717145751626,0.6601246777507994,2,Engage,17,0,0.0,1,0.05555555555555555,17,0.9444444444444444,0,0.0,2,Engage,0.8310949802398682,1,Disengage,0.5489684343338013,2,Engage,1.0,2,Engage,0.5400530099868774,2,Engage,0.9174981713294984,2,Engage,0.5230209827423096,2,Engage,0.9026674032211304,2,Engage,0.7512140274047852,2,Engage,0.4693222641944885,2,Engage,0.6549336910247803,2,Engage,0.5515391826629639,2,Engage,0.4736140668392181,2,Engage,0.8115920424461365,2,Engage,0.4880867302417755,2,Engage,0.6433814167976379,2,Engage,0.7341635227203369,2,Engage,0.6423826813697815,2,Engage,0.3987115919589996
video10_29_person10,18,1.0,-0.0,0.7520382603009542,2,Engage,18,0,0.0,0,0.0,18,1.0,0,0.0,2,Engage,0.9007004499435425,2,Engage,0.6894907355308533,2,Engage,1.0,2,Engage,0.9767512083053588,2,Engage,0.7864888310432434,2,Engage,0.5905840992927551,2,Engage,0.8030540943145752,2,Engage,0.5027502775192261,2,Engage,0.4038788378238678,2,Engage,0.9426165819168092,2,Engage,0.4939492046833038,2,Engage,0.6115905046463013,2,Engage,0.9295963644981384,2,Engage,0.7800139784812927,2,Engage,0.9754135012626648,2,Engage,0.9633218050003052,2,Engage,0.7751933932304382,2,Engage,0.4112948179244995
video10_29_person14,18,0.5751633986928104,0.4262025893247393,0.6273308330112033,2,Engage,13,0,0.0,5,0.2777777777777778,13,0.7222222222222222,0,0.0,2,Engage,0.7348915934562683,2,Engage,0.4864908754825592,2,Engage,1.0,2,Engage,0.783933699131012,1,Disengage,0.6634550094604492,1,Disengage,0.5684514045715332,2,Engage,0.7636867165565491,2,Engage,0.7144469022750854,2,Engage,0.4773064851760864,2,Engage,0.7545172572135925,2,Engage,0.3916756510734558,1,Disengage,0.7907882928848267,2,Engage,0.4964218437671661,1,Disengage,0.5412982702255249,1,Disengage,0.6513777375221252,2,Engage,0.567166805267334,2,Engage,0.5183244943618774,2,Engage,0.3877219557762146
video10_29_person18,18,0.6928104575163399,0.4015358636620513,0.6539959659179052,2,Engage,15,0,0.0,1,0.05555555555555555,15,0.8333333333333334,2,0.1111111111111111,2,Engage,0.6089881062507629,2,Engage,0.5667288303375244,3,Highly Engage,1.0,2,Engage,0.645099401473999,1,Disengage,0.5261275768280029,2,Engage,0.4385763108730316,2,Engage,0.935732901096344,2,Engage,0.690598726272583,2,Engage,0.4182002544403076,2,Engage,0.7378684878349304,3,Highly Engage,0.6236851215362549,2,Engage,0.5039790272712708,2,Engage,0.8154225945472717,2,Engage,0.4607463479042053,2,Engage,0.8950809240341187,2,Engage,0.8515856266021729,2,Engage,0.6610662341117859,2,Engage,0.392440915107727
video10_29_person6,18,0.7908496732026143,0.25162916738782287,0.7842623955673642,2,Engage,16,0,0.0,2,0.1111111111111111,16,0.8888888888888888,0,0.0,2,Engage,0.9499921202659608,2,Engage,0.5610226392745972,2,Engage,1.0,2,Engage,0.9530690908432008,2,Engage,0.9989670515060424,2,Engage,0.8717054128646851,2,Engage,0.9153030514717102,2,Engage,0.7788836359977722,2,Engage,0.4891647398471832,2,Engage,0.9458830952644348,2,Engage,0.7660467028617859,2,Engage,0.6059358716011047,2,Engage,0.9161466360092164,1,Disengage,0.5684497952461243,1,Disengage,0.6988747715950012,2,Engage,0.9611664414405824,2,Engage,0.7290023565292358,2,Engage,0.4071097075939178
video10_30_person12,18,0.7908496732026143,0.25162916738782287,0.647025959359275,2,Engage,16,0,0.0,2,0.1111111111111111,16,0.8888888888888888,0,0.0,2,Engage,0.911643922328949,2,Engage,0.8056635856628418,2,Engage,1.0,2,Engage,0.6489660143852234,1,Disengage,0.4681786596775055,1,Disengage,0.3469935059547424,2,Engage,0.822166383266449,2,Engage,0.4953453540802002,2,Engage,0.4488223791122436,2,Engage,0.912906050682068,2,Engage,0.5805873870849609,2,Engage,0.5738170146942139,2,Engage,0.7605135440826416,2,Engage,0.3625753819942474,2,Engage,0.8216556310653687,2,Engage,0.7910552620887756,2,Engage,0.5425127148628235,2,Engage,0.353064477443695
video10_30_person17,18,0.39215686274509803,0.7847226310774413,0.6414443850517273,1,Disengage,11,3,0.16666666666666666,11,0.6111111111111112,2,0.1111111111111111,2,0.1111111111111111,2,Engage,0.5902794599533081,1,Disengage,0.5322500467300415,1,Disengage,1.0,1,Disengage,0.7202147841453552,1,Disengage,0.7359521389007568,1,Disengage,0.748685359954834,1,Disengage,0.4937631785869598,1,Disengage,0.5900246500968933,0,Highly Disengage,0.8060956001281738,1,Disengage,0.6136617660522461,0,Highly Disengage,0.8061969876289368,0,Highly Disengage,0.6050758957862854,2,Engage,0.5773425102233887,1,Disengage,0.5558085441589355,3,Highly Engage,0.4955198466777801,3,Highly Engage,0.5780473351478577,1,Disengage,0.5741804242134094,1,Disengage,0.522900402545929
video10_30_person26,18,0.35294117647058826,0.7295739585136223,0.6698087321387397,2,Engage,9,0,0.0,6,0.3333333333333333,9,0.5,3,0.16666666666666666,2,Engage,0.676607072353363,2,Engage,0.4731905162334442,2,Engage,1.0,2,Engage,0.5745347142219543,1,Disengage,0.4420643150806427,3,Highly Engage,0.7296379208564758,1,Disengage,0.5483418107032776,3,Highly Engage,0.7162765860557556,1,Disengage,0.5163582563400269,1,Disengage,0.6483128666877747,1,Disengage,0.8058176040649414,1,Disengage,0.7022914290428162,2,Engage,0.8008500337600708,2,Engage,0.5177271366119385,2,Engage,0.8404597640037537,2,Engage,0.8607409000396729,2,Engage,0.6699503660202026,3,Highly Engage,0.5333958864212036
video10_30_person9,18,0.7908496732026143,0.25162916738782287,0.6914258218473859,1,Disengage,16,0,0.0,16,0.8888888888888888,2,0.1111111111111111,0,0.0,1,Disengage,0.6584815382957458,1,Disengage,0.7296720743179321,1,Disengage,1.0,2,Engage,0.7017513513565063,1,Disengage,0.8589191436767578,1,Disengage,0.8464008569717407,1,Disengage,0.616367518901825,1,Disengage,0.8220407962799072,1,Disengage,0.393865019083023,1,Disengage,0.5395439267158508,1,Disengage,0.7642503380775452,1,Disengage,0.6068165302276611,1,Disengage,0.6042382121086121,1,Disengage,0.832938551902771,1,Disengage,0.8981311917304993,1,Disengage,0.4726983904838562,1,Disengage,0.6821737885475159,2,Engage,0.4173755645751953
video10_31_person5,18,0.7058823529411765,0.32501121082417705,0.6963286697864532,2,Engage,15,0,0.0,0,0.0,15,0.8333333333333334,3,0.16666666666666666,2,Engage,0.920009195804596,2,Engage,0.6193370223045349,3,Highly Engage,1.0,2,Engage,0.9036049246788024,2,Engage,0.7136749625205994,2,Engage,0.5841553211212158,2,Engage,0.8370400071144104,2,Engage,0.7339841723442078,2,Engage,0.4277196824550628,2,Engage,0.8485214710235596,3,Highly Engage,0.7129829525947571,3,Highly Engage,0.6812676787376404,2,Engage,0.9026282429695128,2,Engage,0.413664162158966,2,Engage,0.4477377235889435,2,Engage,0.6413376331329346,2,Engage,0.719603955745697,2,Engage,0.4266469478607178
video10_32_person11,18,0.33986928104575165,0.7477690149595555,0.6288733830054601,1,Disengage,9,0,0.0,9,0.5,5,0.2777777777777778,4,0.2222222222222222,2,Engage,0.3940622210502624,1,Disengage,0.3710708618164062,1,Disengage,1.0,1,Disengage,0.5690805912017822,1,Disengage,0.724903404712677,1,Disengage,0.4437059164047241,2,Engage,0.4990161955356598,1,Disengage,0.8400692939758301,2,Engage,0.4442218840122223,1,Disengage,0.5627065896987915,1,Disengage,0.8958863019943237,1,Disengage,0.6711309552192688,2,Engage,0.6053842306137085,3,Highly Engage,0.4010895788669586,3,Highly Engage,0.7312203645706177,2,Engage,0.9060269594192504,3,Highly Engage,0.5781424045562744,3,Highly Engage,0.6820031404495239
video10_33_person6,18,0.49673202614379086,0.5674849873019705,0.5874827603499094,2,Engage,12,0,0.0,5,0.2777777777777778,12,0.6666666666666666,1,0.05555555555555555,2,Engage,0.6492336988449097,1,Disengage,0.5651264190673828,2,Engage,0.7189968824386597,2,Engage,0.662854790687561,1,Disengage,0.6187471151351929,1,Disengage,0.5933434367179871,2,Engage,0.778140127658844,3,Highly Engage,0.5422199368476868,2,Engage,0.473604291677475,2,Engage,0.6899909377098083,2,Engage,0.5688462257385254,1,Disengage,0.5774406790733337,2,Engage,0.4807665348052978,1,Disengage,0.3390458524227142,2,Engage,0.6447349786758423,2,Engage,0.794888973236084,2,Engage,0.4775136411190033,2,Engage,0.3991951644420624
video10_35_person6,18,0.7908496732026143,0.25162916738782287,0.6601740734444724,2,Engage,16,0,0.0,2,0.1111111111111111,16,0.8888888888888888,0,0.0,2,Engage,0.853432297706604,2,Engage,0.5839313864707947,2,Engage,1.0,2,Engage,0.8186770677566528,2,Engage,0.9031984210014344,2,Engage,0.7003017663955688,2,Engage,0.8160978555679321,2,Engage,0.5463714003562927,2,Engage,0.4387204945087433,2,Engage,0.9380491971969604,2,Engage,0.7223106622695923,2,Engage,0.4984553158283233,1,Disengage,0.5313276648521423,2,Engage,0.3231387138366699,1,Disengage,0.5509060025215149,2,Engage,0.7233169674873352,2,Engage,0.5726874470710754,2,Engage,0.3622106611728668
video10_36_person27,18,0.5751633986928104,0.4262025893247393,0.6040392170349757,2,Engage,13,0,0.0,5,0.2777777777777778,13,0.7222222222222222,0,0.0,2,Engage,0.6926209926605225,1,Disengage,0.5623904466629028,2,Engage,1.0,2,Engage,0.4991580843925476,2,Engage,0.6785345077514648,1,Disengage,0.825252890586853,2,Engage,0.654893159866333,1,Disengage,0.5388884544372559,2,Engage,0.4643450081348419,2,Engage,0.6941128373146057,2,Engage,0.4144413471221924,2,Engage,0.4880236983299255,1,Disengage,0.5648846626281738,2,Engage,0.7138199806213379,2,Engage,0.5197762250900269,2,Engage,0.5390543937683105,2,Engage,0.6700590252876282,1,Disengage,0.3524501919746399
video10_36_person6,18,0.8888888888888888,0.1547717145751626,0.7004988508092033,2,Engage,17,0,0.0,1,0.05555555555555555,17,0.9444444444444444,0,0.0,2,Engage,0.868798553943634,2,Engage,0.6981370449066162,2,Engage,1.0,2,Engage,0.8338966369628906,2,Engage,0.8090864419937134,2,Engage,0.6268933415412903,2,Engage,0.7119234800338745,1,Disengage,0.561995267868042,2,Engage,0.4068767130374908,2,Engage,0.8943076729774475,2,Engage,0.4143483638763428,2,Engage,0.3429146707057953,2,Engage,0.8631294369697571,2,Engage,0.7084848284721375,2,Engage,0.9088674187660216,2,Engage,0.939765989780426,2,Engage,0.6262179613113403,2,Engage,0.3933354914188385
video10_37_person0,18,0.43137254901960786,0.6163301284079103,0.653269338938925,1,Disengage,10,1,0.05555555555555555,10,0.5555555555555556,7,0.3888888888888889,0,0.0,2,Engage,0.4594255089759826,2,Engage,0.4913918972015381,1,Disengage,1.0,2,Engage,0.7629885077476501,2,Engage,0.5576038360595703,1,Disengage,0.4974754452705383,2,Engage,0.4756030142307281,1,Disengage,0.731758713722229,1,Disengage,0.493970662355423,2,Engage,0.6957497000694275,1,Disengage,0.5172988772392273,0,Highly Disengage,0.7646880745887756,2,Engage,0.6106311678886414,1,Disengage,0.960587739944458,1,Disengage,0.9997557997703552,1,Disengage,0.5033824443817139,1,Disengage,0.7997868061065674,1,Disengage,0.4367499053478241
video10_37_person1,18,1.0,-0.0,0.849978807899687,1,Disengage,18,0,0.0,18,1.0,0,0.0,0,0.0,1,Disengage,0.9701943397521972,1,Disengage,0.9854576587677002,1,Disengage,1.0,1,Disengage,0.959343194961548,1,Disengage,0.9787881374359132,1,Disengage,0.9544423222541808,1,Disengage,0.8296529650688171,1,Disengage,0.9280244708061218,1,Disengage,0.5713818073272705,1,Disengage,0.8526096343994141,1,Disengage,0.8822571635246277,1,Disengage,0.8642773628234863,1,Disengage,0.8586997985839844,1,Disengage,0.8469558358192444,1,Disengage,0.9994532465934752,1,Disengage,0.5941066145896912,1,Disengage,0.8417231440544128,1,Disengage,0.3822508454322815
video10_37_person6,18,0.5490196078431373,0.5264703802813174,0.624624146355523,2,Engage,13,0,0.0,1,0.05555555555555555,13,0.7222222222222222,4,0.2222222222222222,2,Engage,0.7925284504890442,2,Engage,0.4784320890903473,2,Engage,1.0,2,Engage,0.6487653851509094,3,Highly Engage,0.6872598528862,3,Highly Engage,0.561478853225708,2,Engage,0.8492850065231323,3,Highly Engage,0.6215369701385498,2,Engage,0.4521830976009369,2,Engage,0.8920904994010925,2,Engage,0.4680628776550293,1,Disengage,0.6225677728652954,2,Engage,0.5741637945175171,3,Highly Engage,0.4769550859928131,2,Engage,0.4201152622699737,2,Engage,0.7144220471382141,2,Engage,0.5525391101837158,2,Engage,0.430848479270935
video10_38_person3,18,1.0,-0.0,0.7845173643694984,2,Engage,18,0,0.0,0,0.0,18,1.0,0,0.0,2,Engage,0.921957552433014,2,Engage,0.7972983717918396,2,Engage,1.0,2,Engage,0.9590411186218262,2,Engage,0.8261222243309021,2,Engage,0.7883720993995667,2,Engage,0.8332762122154236,2,Engage,0.6784942150115967,2,Engage,0.4622575342655182,2,Engage,0.9397518038749696,2,Engage,0.7441264986991882,2,Engage,0.5743658542633057,2,Engage,0.95082426071167,2,Engage,0.666741669178009,2,Engage,0.9990414977073668,2,Engage,0.9696466326713562,2,Engage,0.5767567157745361,2,Engage,0.4332382977008819
video10_38_person30,18,0.5294117647058824,0.4591479170272447,0.6687028805414835,1,Disengage,12,0,0.0,12,0.6666666666666666,6,0.3333333333333333,0,0.0,2,Engage,0.6270983219146729,2,Engage,0.3116752803325653,2,Engage,1.0,1,Disengage,0.5691720247268677,1,Disengage,0.8002641201019287,1,Disengage,0.8849519491195679,2,Engage,0.6878692507743835,1,Disengage,0.8381600975990295,2,Engage,0.428937554359436,1,Disengage,0.6297598481178284,1,Disengage,0.7332276105880737,1,Disengage,0.5304836630821228,1,Disengage,0.5909283757209778,1,Disengage,0.811883270740509,1,Disengage,0.9184300899505616,2,Engage,0.5459672212600708,1,Disengage,0.7360345125198364,1,Disengage,0.3918086588382721
video10_39_person15,18,0.6928104575163399,0.40153586366205124,0.7015785839822557,2,Engage,15,0,0.0,2,0.1111111111111111,15,0.8333333333333334,1,0.05555555555555555,2,Engage,0.857833743095398,2,Engage,0.7452298402786255,2,Engage,1.0,2,Engage,0.8566714525222778,2,Engage,0.9785377979278564,2,Engage,0.745340883731842,2,Engage,0.7456201910972595,2,Engage,0.441892921924591,1,Disengage,0.4920761883258819,2,Engage,0.8652403354644775,2,Engage,0.5949018597602844,1,Disengage,0.5241683721542358,2,Engage,0.7293598055839539,2,Engage,0.5261554718017578,2,Engage,0.7674474120140076,2,Engage,0.8774069547653198,2,Engage,0.4606529474258423,3,Highly Engage,0.4198783338069916
video10_39_person30,18,0.7908496732026143,0.25162916738782287,0.6559923920366499,2,Engage,16,0,0.0,2,0.1111111111111111,16,0.8888888888888888,0,0.0,2,Engage,0.8308297395706177,2,Engage,0.4214090704917907,2,Engage,1.0,2,Engage,0.9016342759132384,2,Engage,0.515885591506958,2,Engage,0.6130514144897461,2,Engage,0.8299898505210876,1,Disengage,0.4934598803520202,2,Engage,0.5065840482711792,2,Engage,0.8875749707221985,2,Engage,0.5850061774253845,2,Engage,0.4428258240222931,2,Engage,0.6134811043739319,1,Disengage,0.6810372471809387,2,Engage,0.6057350039482117,2,Engage,0.8010136485099792,2,Engage,0.6619676947593689,2,Engage,0.4163775146007538
video10_39_person7,18,0.477124183006536,0.4955380299191111,0.7531677815649245,1,Disengage,10,0,0.0,10,0.5555555555555556,8,0.4444444444444444,0,0.0,2,Engage,0.8511430621147156,2,Engage,0.8903786540031433,1,Disengage,1.0,2,Engage,0.7839605212211609,2,Engage,0.6084169149398804,1,Disengage,0.6608625054359436,1,Disengage,0.825620174407959,1,Disengage,0.8789331316947937,1,Disengage,0.6688030362129211,2,Engage,0.8832376599311829,2,Engage,0.6037653088569641,2,Engage,0.4339801073074341,1,Disengage,0.6969702839851379,1,Disengage,0.8591359853744507,1,Disengage,0.989766538143158,2,Engage,0.68989497423172,1,Disengage,0.8294787406921387,1,Disengage,0.4026724696159363
video10_39_person9,18,0.6928104575163399,0.40153586366205124,0.6798806968662474,1,Disengage,15,0,0.0,15,0.8333333333333334,2,0.1111111111111111,1,0.05555555555555555,1,Disengage,0.7963519096374512,1,Disengage,0.796079695224762,1,Disengage,1.0,1,Disengage,0.5921055674552917,1,Disengage,0.9215068817138672,1,Disengage,0.7205229997634888,1,Disengage,0.4116713106632232,1,Disengage,0.8697105646133423,3,Highly Engage,0.539648711681366,1,Disengage,0.5312848091125488,1,Disengage,0.5051361918449402,1,Disengage,0.6528930068016052,1,Disengage,0.4947460889816284,1,Disengage,0.7291212677955627,1,Disengage,0.9707767367362976,2,Engage,0.7874457240104675,1,Disengage,0.5006609559059143,2,Engage,0.4181901216506958
video10_3_person11,18,0.3006535947712418,0.7857708359109623,0.6549499995178647,3,Highly Engage,7,0,0.0,5,0.2777777777777778,6,0.3333333333333333,7,0.3888888888888889,2,Engage,0.623121976852417,3,Highly Engage,0.3397648632526397,2,Engage,1.0,2,Engage,0.4802161753177643,1,Disengage,0.6050654649734497,1,Disengage,0.5536163449287415,2,Engage,0.7895079255104065,2,Engage,0.5990228056907654,2,Engage,0.4680021405220032,1,Disengage,0.525680422782898,1,Disengage,0.5061180591583252,1,Disengage,0.7702288031578064,3,Highly Engage,0.6291794776916504,3,Highly Engage,0.6326968669891357,3,Highly Engage,0.8920242190361023,3,Highly Engage,0.6700276732444763,3,Highly Engage,0.9077845215797424,3,Highly Engage,0.7970422506332397
video10_40_person17,18,0.5751633986928104,0.4262025893247393,0.7416008015473684,1,Disengage,13,0,0.0,13,0.7222222222222222,5,0.2777777777777778,0,0.0,2,Engage,0.9317036867141724,2,Engage,0.9203469157218932,1,Disengage,1.0,2,Engage,0.9111859798431396,2,Engage,0.8565884232521057,1,Disengage,0.7342167496681213,1,Disengage,0.4314184784889221,2,Engage,0.7179974317550659,1,Disengage,0.4156466126441955,1,Disengage,0.6529626250267029,1,Disengage,0.8558555841445923,1,Disengage,0.855956494808197,1,Disengage,0.5950629711151123,1,Disengage,0.8045673966407776,1,Disengage,0.9523033499717712,1,Disengage,0.5094770789146423,1,Disengage,0.7977996468544006,1,Disengage,0.4057250022888183
video10_40_person7,18,0.5294117647058824,0.4591479170272447,0.705248451895184,1,Disengage,12,0,0.0,12,0.6666666666666666,6,0.3333333333333333,0,0.0,1,Disengage,0.5683625340461731,1,Disengage,0.9732747077941896,1,Disengage,1.0,1,Disengage,0.8121953010559082,1,Disengage,0.6063653826713562,1,Disengage,0.572068989276886,1,Disengage,0.8204165101051331,1,Disengage,0.9009422063827516,1,Disengage,0.7253842949867249,2,Engage,0.787509560585022,2,Engage,0.5982753038406372,1,Disengage,0.6895551085472107,2,Engage,0.5060383677482605,2,Engage,0.6132492423057556,2,Engage,0.6331577301025391,2,Engage,0.7617390155792236,1,Disengage,0.7252926230430603,1,Disengage,0.4006452560424804
video10_41_person3,18,0.7908496732026143,0.25162916738782287,0.7498543361822764,2,Engage,16,0,0.0,0,0.0,16,0.8888888888888888,2,0.1111111111111111,2,Engage,0.9374513626098632,2,Engage,0.7900746464729309,2,Engage,1.0,2,Engage,0.9680877327919006,2,Engage,0.7694709300994873,2,Engage,0.8117229342460632,2,Engage,0.8447785377502441,2,Engage,0.6130870580673218,2,Engage,0.493042528629303,2,Engage,0.9362208247184752,2,Engage,0.6634480357170105,2,Engage,0.5671788454055786,2,Engage,0.6602436304092407,2,Engage,0.4944181144237518,2,Engage,0.99828439950943,2,Engage,0.8230813145637512,3,Highly Engage,0.651080846786499,3,Highly Engage,0.4757063090801239
video10_42_person15,18,0.7843137254901961,0.30718472294337845,0.7532500955793593,1,Disengage,16,1,0.05555555555555555,16,0.8888888888888888,1,0.05555555555555555,0,0.0,1,Disengage,0.5302913784980774,1,Disengage,0.8419480323791504,1,Disengage,1.0,1,Disengage,0.6959349513053894,1,Disengage,0.8547854423522949,1,Disengage,0.9235905408859252,1,Disengage,0.7247371673583984,1,Disengage,0.9553676843643188,0,Highly Disengage,0.5217755436897278,1,Disengage,0.7409913539886475,1,Disengage,0.9365299344062804,1,Disengage,0.8318040370941162,1,Disengage,0.5528388619422913,1,Disengage,0.8109814524650574,1,Disengage,0.6715073585510254,1,Disengage,0.6735405921936035,1,Disengage,0.8513774275779724,2,Engage,0.4404999613761902
video10_42_person2,18,0.5294117647058824,0.4591479170272447,0.7050870623853471,2,Engage,12,0,0.0,6,0.3333333333333333,12,0.6666666666666666,0,0.0,2,Engage,0.8956860899925232,1,Disengage,0.5112795829772949,2,Engage,1.0,2,Engage,0.9430077075958252,2,Engage,0.851876437664032,2,Engage,0.4775218963623047,2,Engage,0.7993465662002563,2,Engage,0.6643593907356262,2,Engage,0.3881932497024536,2,Engage,0.8521914482116699,1,Disengage,0.5921437740325928,2,Engage,0.4781270921230316,2,Engage,0.6441092491149902,1,Disengage,0.5645588636398315,1,Disengage,0.988827347755432,2,Engage,0.9226203560829164,1,Disengage,0.7511821985244751,1,Disengage,0.366535872220993
video10_42_person27,18,0.5751633986928104,0.4262025893247393,0.6787988874647353,2,Engage,13,0,0.0,5,0.2777777777777778,13,0.7222222222222222,0,0.0,2,Engage,0.8771498203277588,2,Engage,0.4832312166690826,2,Engage,1.0,2,Engage,0.783851683139801,2,Engage,0.7818769216537476,1,Disengage,0.6570354700088501,2,Engage,0.8194820284843445,2,Engage,0.7556398510932922,2,Engage,0.5139106512069702,2,Engage,0.9199479818344116,2,Engage,0.626708984375,2,Engage,0.611082136631012,1,Disengage,0.7331084609031677,1,Disengage,0.5609905123710632,1,Disengage,0.736176073551178,2,Engage,0.4627809524536133,2,Engage,0.5563190579414368,1,Disengage,0.3390881717205047
video10_42_person6,18,0.6928104575163399,0.4015358636620513,0.5553826474481158,2,Engage,15,0,0.0,1,0.05555555555555555,15,0.8333333333333334,2,0.1111111111111111,2,Engage,0.7127670049667358,2,Engage,0.4096381962299347,2,Engage,1.0,2,Engage,0.6450318098068237,2,Engage,0.489443302154541,2,Engage,0.4665171802043915,2,Engage,0.550710916519165,2,Engage,0.4708775281906128,2,Engage,0.4054666459560394,2,Engage,0.7512162327766418,3,Highly Engage,0.5061281323432922,1,Disengage,0.5157726407051086,2,Engage,0.5001301169395447,3,Highly Engage,0.3391353487968445,2,Engage,0.6200218796730042,2,Engage,0.6985998153686523,2,Engage,0.5524108409881592,2,Engage,0.3630200624465942
video10_44_person0,18,0.3790849673202614,0.6910511266271551,0.6727212733692594,1,Disengage,9,2,0.1111111111111111,9,0.5,7,0.3888888888888889,0,0.0,2,Engage,0.5297077894210815,2,Engage,0.5073103308677673,1,Disengage,1.0,2,Engage,0.5699768662452698,1,Disengage,0.5748023986816406,1,Disengage,0.4836925268173218,2,Engage,0.4203870892524719,2,Engage,0.4984118342399597,0,Highly Disengage,0.817330539226532,2,Engage,0.756479024887085,1,Disengage,0.4565186202526092,0,Highly Disengage,0.9311552047729492,2,Engage,0.9478000998497008,1,Disengage,0.9197043776512146,1,Disengage,0.999116837978363,1,Disengage,0.518427312374115,1,Disengage,0.7434231042861938,1,Disengage,0.4347389638423919
video10_45_person10,18,0.6143790849673203,0.4722442670831027,0.625072083539433,2,Engage,14,0,0.0,1,0.05555555555555555,14,0.7777777777777778,3,0.16666666666666666,2,Engage,0.6595959067344666,2,Engage,0.3816035091876983,2,Engage,1.0,2,Engage,0.6479607224464417,2,Engage,0.3714064955711365,2,Engage,0.407939076423645,2,Engage,0.8681976199150085,2,Engage,0.5541357398033142,3,Highly Engage,0.4573702812194824,2,Engage,0.8937470316886902,3,Highly Engage,0.7879828810691833,3,Highly Engage,0.7268847227096558,2,Engage,0.6473578214645386,2,Engage,0.515609085559845,1,Disengage,0.5473624467849731,2,Engage,0.6300493478775024,2,Engage,0.7254487872123718,2,Engage,0.4286460280418396
video10_46_person11,18,0.5359477124183006,0.5610568385545543,0.6522434320714738,2,Engage,13,0,0.0,3,0.16666666666666666,13,0.7222222222222222,2,0.1111111111111111,2,Engage,0.7905076742172241,2,Engage,0.3782642185688019,2,Engage,1.0,2,Engage,0.7728912830352783,2,Engage,0.5251701474189758,3,Highly Engage,0.4208181798458099,2,Engage,0.5728793144226074,1,Disengage,0.8819759488105774,1,Disengage,0.6203209757804871,2,Engage,0.7990661263465881,2,Engage,0.3804667890071869,1,Disengage,0.4524687528610229,2,Engage,0.8260182738304138,3,Highly Engage,0.4948041141033172,2,Engage,0.9308358430862428,2,Engage,0.9137012362480164,2,Engage,0.5559585690498352,2,Engage,0.4242343306541443
video10_48_person15,18,0.7058823529411765,0.32501121082417705,0.8402388857470618,3,Highly Engage,15,0,0.0,0,0.0,3,0.16666666666666666,15,0.8333333333333334,3,Highly Engage,0.4681967496871948,3,Highly Engage,0.954611361026764,2,Engage,1.0,3,Highly Engage,0.9636455774307252,3,Highly Engage,0.9792670011520386,3,Highly Engage,0.977664053440094,2,Engage,0.4471547901630401,3,Highly Engage,0.8335006237030029,2,Engage,0.4172406494617462,3,Highly Engage,0.5764370560646057,3,Highly Engage,0.8903178572654724,3,Highly Engage,0.6744722723960876,3,Highly Engage,0.9833494424819946,3,Highly Engage,0.999700665473938,3,Highly Engage,0.9999984502792358,3,Highly Engage,0.9678534865379332,3,Highly Engage,0.9986820816993712,3,Highly Engage,0.9922078251838684
video10_48_person26,18,0.5294117647058824,0.4591479170272447,0.6838433725966347,1,Disengage,12,0,0.0,12,0.6666666666666666,6,0.3333333333333333,0,0.0,2,Engage,0.7297216057777405,1,Disengage,0.7659503221511841,1,Disengage,1.0,1,Disengage,0.7747224569320679,1,Disengage,0.7871015071868896,1,Disengage,0.877245306968689,2,Engage,0.7342052459716797,1,Disengage,0.7319419980049133,1,Disengage,0.5639153718948364,2,Engage,0.5494409799575806,1,Disengage,0.6551520824432373,1,Disengage,0.5230511426925659,2,Engage,0.5797584056854248,1,Disengage,0.5117277503013611,2,Engage,0.7515678405761719,2,Engage,0.9402117729187012,1,Disengage,0.4923756420612335,1,Disengage,0.3410912752151489
video10_48_person3,18,1.0,-0.0,0.7449229094717238,2,Engage,18,0,0.0,0,0.0,18,1.0,0,0.0,2,Engage,0.8705738186836243,2,Engage,0.7547938227653503,2,Engage,1.0,2,Engage,0.93989235162735,2,Engage,0.6939184665679932,2,Engage,0.6131047010421753,2,Engage,0.8481385707855225,2,Engage,0.510471522808075,2,Engage,0.4674074351787567,2,Engage,0.8833373785018921,2,Engage,0.6271728873252869,2,Engage,0.5309453010559082,2,Engage,0.9759548306465148,2,Engage,0.7046509981155396,2,Engage,0.997174859046936,2,Engage,0.9746456146240234,2,Engage,0.5895864963531494,2,Engage,0.4268433153629303
video10_48_person5,18,0.8888888888888888,0.1547717145751626,0.809814410077201,2,Engage,17,0,0.0,0,0.0,17,0.9444444444444444,1,0.05555555555555555,2,Engage,0.9938210844993592,2,Engage,0.8263378739356995,2,Engage,0.9999998807907104,2,Engage,0.9214406609535216,2,Engage,0.897684633731842,2,Engage,0.6287370920181274,2,Engage,0.8876990079879761,2,Engage,0.6608719825744629,3,Highly Engage,0.670689046382904,2,Engage,0.9726772904396056,2,Engage,0.9216969013214112,2,Engage,0.7524559497833252,2,Engage,0.9183851480484008,2,Engage,0.5568994283676147,2,Engage,0.8084385395050049,2,Engage,0.9524692296981812,2,Engage,0.7929964065551758,2,Engage,0.4133592247962951
video10_49_person17,18,0.41830065359477125,0.6736115199663301,0.62285073267089,1,Disengage,11,3,0.16666666666666666,11,0.6111111111111112,4,0.2222222222222222,0,0.0,2,Engage,0.6379503607749939,1,Disengage,0.7529841065406799,1,Disengage,0.9995962977409364,1,Disengage,0.4784676134586334,1,Disengage,0.5861572027206421,0,Highly Disengage,0.5500645041465759,1,Disengage,0.508039116859436,0,Highly Disengage,0.7342010140419006,1,Disengage,0.3648349940776825,2,Engage,0.5384619235992432,1,Disengage,0.7181245684623718,1,Disengage,0.6987653374671936,2,Engage,0.6706206798553467,1,Disengage,0.607429563999176,1,Disengage,0.5697230696678162,2,Engage,0.5289987921714783,0,Highly Disengage,0.8094514012336731,1,Disengage,0.4574426412582397
video10_49_person26,18,0.3790849673202614,0.6910511266271551,0.6092746290895674,1,Disengage,9,0,0.0,9,0.5,7,0.3888888888888889,2,0.1111111111111111,2,Engage,0.6975150108337402,2,Engage,0.5325332283973694,2,Engage,1.0,2,Engage,0.5056698322296143,1,Disengage,0.4706701934337616,1,Disengage,0.4370744824409485,2,Engage,0.7269556522369385,1,Disengage,0.5030460357666016,2,Engage,0.4805645048618316,2,Engage,0.78285151720047,3,Highly Engage,0.3908116817474365,3,Highly Engage,0.3836476802825928,1,Disengage,0.715244710445404,1,Disengage,0.8756396770477295,1,Disengage,0.952577531337738,1,Disengage,0.4795490801334381,1,Disengage,0.6421529054641724,1,Disengage,0.3904395997524261
video10_51_person0,18,0.33986928104575165,0.7477690149595556,0.6452347901132371,2,Engage,9,4,0.2222222222222222,5,0.2777777777777778,9,0.5,0,0.0,2,Engage,0.602986216545105,2,Engage,0.5378171801567078,1,Disengage,1.0,2,Engage,0.6272282004356384,2,Engage,0.5051681399345398,2,Engage,0.4864697158336639,1,Disengage,0.4939543306827545,1,Disengage,0.5964587330818176,0,Highly Disengage,0.5729080438613892,2,Engage,0.7402464747428894,1,Disengage,0.4958913922309875,0,Highly Disengage,0.6496079564094543,2,Engage,0.9730843305587769,2,Engage,0.6322542428970337,0,Highly Disengage,0.9863324761390686,2,Engage,0.3231357336044311,1,Disengage,0.6444586515426636,0,Highly Disengage,0.7462244033813477
video10_51_person14,18,0.477124183006536,0.4955380299191111,0.6260741353034973,2,Engage,10,0,0.0,8,0.4444444444444444,10,0.5555555555555556,0,0.0,2,Engage,0.8946839570999146,2,Engage,0.5565154552459717,2,Engage,1.0,2,Engage,0.6603849530220032,2,Engage,0.7314494252204895,2,Engage,0.5367509722709656,2,Engage,0.5470085144042969,1,Disengage,0.6942930817604065,1,Disengage,0.437960147857666,2,Engage,0.5181969404220581,1,Disengage,0.4829341173171997,1,Disengage,0.5956598520278931,2,Engage,0.5519899725914001,1,Disengage,0.7529368996620178,1,Disengage,0.7807223796844482,2,Engage,0.6078122854232788,1,Disengage,0.5142800807952881,1,Disengage,0.4057554006576538
video10_51_person30,18,0.5751633986928104,0.4262025893247393,0.6504658857981364,2,Engage,13,0,0.0,5,0.2777777777777778,13,0.7222222222222222,0,0.0,2,Engage,0.8059268593788147,2,Engage,0.3602988719940185,2,Engage,1.0,2,Engage,0.7085947394371033,2,Engage,0.6610599160194397,2,Engage,0.5008186101913452,2,Engage,0.8246363401412964,1,Disengage,0.5488776564598083,1,Disengage,0.5088684558868408,2,Engage,0.8253200054168701,2,Engage,0.487951248884201,1,Disengage,0.5313260555267334,2,Engage,0.6870858669281006,1,Disengage,0.6580107808113098,1,Disengage,0.6663282513618469,2,Engage,0.8698703050613403,2,Engage,0.6550532579421997,2,Engage,0.4083587229251861
video10_52_person19,18,0.41830065359477125,0.6258145836939114,0.7322363240851296,0,Highly Disengage,9,9,0.5,8,0.4444444444444444,1,0.05555555555555555,0,0.0,2,Engage,0.4623678028583526,0,Highly Disengage,0.536322295665741,1,Disengage,1.0,0,Highly Disengage,0.527732789516449,0,Highly Disengage,0.9818312525749208,0,Highly Disengage,0.9964522123336792,1,Disengage,0.6796966195106506,1,Disengage,0.7419512867927551,0,Highly Disengage,0.7746413350105286,1,Disengage,0.7084937691688538,0,Highly Disengage,0.7471758127212524,0,Highly Disengage,0.8896363377571106,1,Disengage,0.5106077790260315,1,Disengage,0.7299264669418335,0,Highly Disengage,0.9970588684082032,1,Disengage,0.6069993376731873,1,Disengage,0.5374684929847717,0,Highly Disengage,0.7518913745880127
video10_52_person27,18,0.5490196078431373,0.5264703802813174,0.6502717319462035,2,Engage,13,0,0.0,4,0.2222222222222222,13,0.7222222222222222,1,0.05555555555555555,2,Engage,0.8064203858375549,1,Disengage,0.4712468683719635,3,Highly Engage,1.0,2,Engage,0.7326987981796265,2,Engage,0.7166949510574341,1,Disengage,0.6192037463188171,2,Engage,0.8168028593063354,2,Engage,0.7250952124595642,2,Engage,0.4903501868247986,2,Engage,0.6897842288017273,2,Engage,0.3965231776237488,2,Engage,0.5686373114585876,1,Disengage,0.5164828300476074,2,Engage,0.7415973544120789,1,Disengage,0.5721679925918579,2,Engage,0.8219411373138428,2,Engage,0.6446281671524048,2,Engage,0.3746159672737121
video10_52_person30,18,0.6339869281045751,0.38210225325431013,0.6576972736252679,2,Engage,14,0,0.0,4,0.2222222222222222,14,0.7777777777777778,0,0.0,2,Engage,0.7801620364189148,2,Engage,0.3915243148803711,2,Engage,1.0,2,Engage,0.7165070176124573,2,Engage,0.5767616033554077,2,Engage,0.5505491495132446,2,Engage,0.7659298181533813,1,Disengage,0.5093865990638733,1,Disengage,0.5532177686691284,2,Engage,0.8596751093864441,2,Engage,0.5484641194343567,1,Disengage,0.4695621728897095,2,Engage,0.894005537033081,1,Disengage,0.5756651163101196,2,Engage,0.4992322325706482,2,Engage,0.9706799983978271,2,Engage,0.7586851119995117,2,Engage,0.4185432195663452
video10_53_person27,18,0.7058823529411765,0.32501121082417705,0.6359060522582796,2,Engage,15,0,0.0,3,0.16666666666666666,15,0.8333333333333334,0,0.0,2,Engage,0.9023779034614564,2,Engage,0.475911796092987,2,Engage,1.0,2,Engage,0.7320342659950256,2,Engage,0.5245012640953064,1,Disengage,0.6594702005386353,2,Engage,0.7701194286346436,2,Engage,0.5218925476074219,2,Engage,0.5130660533905029,2,Engage,0.786016047000885,2,Engage,0.4434215128421783,2,Engage,0.4790362119674682,1,Disengage,0.7493706345558167,2,Engage,0.5345667600631714,1,Disengage,0.7513652443885803,2,Engage,0.6662237048149109,2,Engage,0.5656402707099915,2,Engage,0.3712950944900512
video10_53_person30,18,0.5294117647058824,0.4591479170272447,0.6407867305808597,2,Engage,12,0,0.0,6,0.3333333333333333,12,0.6666666666666666,0,0.0,2,Engage,0.7888060808181763,2,Engage,0.3781525492668152,2,Engage,1.0,2,Engage,0.7250345945358276,2,Engage,0.4927457571029663,1,Disengage,0.4853622019290924,2,Engage,0.7294656038284302,1,Disengage,0.6009920239448547,1,Disengage,0.5324642062187195,2,Engage,0.7901986241340637,2,Engage,0.4819414317607879,1,Disengage,0.4057483971118927,2,Engage,0.9186806678771972,1,Disengage,0.5390148162841797,1,Disengage,0.6338412165641785,2,Engage,0.9073337316513062,2,Engage,0.7205630540847778,2,Engage,0.4038161933422088
video10_54_person15,18,0.49673202614379086,0.5674849873019706,0.593555082877477,2,Engage,12,1,0.05555555555555555,5,0.2777777777777778,12,0.6666666666666666,0,0.0,2,Engage,0.6605765223503113,1,Disengage,0.590955376625061,1,Disengage,1.0,2,Engage,0.7520084977149963,2,Engage,0.6496778130531311,2,Engage,0.4769671261310577,2,Engage,0.5963419079780579,2,Engage,0.6169222593307495,2,Engage,0.4469637274742126,2,Engage,0.5647925734519958,1,Disengage,0.6186976432800293,0,Highly Disengage,0.4838669598102569,2,Engage,0.5292205810546875,1,Disengage,0.5745696425437927,1,Disengage,0.5702052712440491,2,Engage,0.5817227363586426,2,Engage,0.5337585210800171,2,Engage,0.4367443323135376
video10_54_person7,18,0.6928104575163399,0.4015358636620513,0.7020414885547426,1,Disengage,15,1,0.05555555555555555,15,0.8333333333333334,2,0.1111111111111111,0,0.0,1,Disengage,0.636219322681427,1,Disengage,0.6728026866912842,1,Disengage,1.0,1,Disengage,0.7448834180831909,1,Disengage,0.8238195180892944,1,Disengage,0.8090693950653076,1,Disengage,0.4900976717472076,2,Engage,0.4754711389541626,1,Disengage,0.507392942905426,2,Engage,0.5330455899238586,1,Disengage,0.6972547769546509,1,Disengage,0.7680975198745728,1,Disengage,0.7182767391204834,1,Disengage,0.9194508790969848,1,Disengage,0.9774134755134584,1,Disengage,0.6063493490219116,1,Disengage,0.7725856900215149,0,Highly Disengage,0.4845166802406311
video10_55_person27,18,0.49673202614379086,0.4820393824041145,0.6681615428792106,1,Disengage,11,0,0.0,11,0.6111111111111112,7,0.3888888888888889,0,0.0,2,Engage,0.6588204503059387,1,Disengage,0.8918712139129639,2,Engage,1.0,2,Engage,0.6062469482421875,1,Disengage,0.6450725197792053,1,Disengage,0.5987448692321777,2,Engage,0.7266367077827454,2,Engage,0.5192990899085999,2,Engage,0.5005898475646973,1,Disengage,0.7469369173049927,1,Disengage,0.6296477317810059,1,Disengage,0.6717594861984253,1,Disengage,0.7727110385894775,1,Disengage,0.6779526472091675,1,Disengage,0.7598341703414917,2,Engage,0.5717483162879944,1,Disengage,0.6721242070198059,1,Disengage,0.3769116103649139
video10_59_person3,18,0.8888888888888888,0.1547717145751626,0.7678649971882502,2,Engage,17,0,0.0,0,0.0,17,0.9444444444444444,1,0.05555555555555555,2,Engage,0.9302040338516236,2,Engage,0.7191880345344543,2,Engage,1.0,2,Engage,0.950411021709442,2,Engage,0.639746367931366,2,Engage,0.6964917182922363,2,Engage,0.8424975275993347,2,Engage,0.4638764560222626,2,Engage,0.4782837927341461,2,Engage,0.9401312470436096,2,Engage,0.6520066261291504,2,Engage,0.5847992897033691,2,Engage,0.9921069145202636,2,Engage,0.9659206867218018,2,Engage,0.9997523427009584,2,Engage,0.995492696762085,3,Highly Engage,0.5469110012054443,2,Engage,0.4237501919269562
video10_60_person9,18,0.6143790849673203,0.4722442670831027,0.7034023801485697,1,Disengage,14,1,0.05555555555555555,14,0.7777777777777778,3,0.16666666666666666,0,0.0,1,Disengage,0.6138008236885071,1,Disengage,0.7898666262626648,1,Disengage,1.0,2,Engage,0.8592094779014587,1,Disengage,0.9369770884513856,1,Disengage,0.8061390519142151,2,Engage,0.8883899450302124,1,Disengage,0.5522767901420593,1,Disengage,0.4869418740272522,2,Engage,0.5467107892036438,1,Disengage,0.7032297253608704,1,Disengage,0.5645778179168701,1,Disengage,0.6142497658729553,1,Disengage,0.6534080505371094,1,Disengage,0.8604823350906372,1,Disengage,0.5117306113243103,1,Disengage,0.6916469931602478,0,Highly Disengage,0.581605076789856
video10_61_person10,18,0.6928104575163399,0.40153586366205124,0.6158744196097056,2,Engage,15,0,0.0,2,0.1111111111111111,15,0.8333333333333334,1,0.05555555555555555,2,Engage,0.5929979681968689,2,Engage,0.3958044350147247,2,Engage,1.0,2,Engage,0.8172284960746765,1,Disengage,0.4982203543186188,2,Engage,0.4405625164508819,2,Engage,0.8421638607978821,2,Engage,0.4827765822410583,2,Engage,0.4941789209842682,2,Engage,0.578803300857544,3,Highly Engage,0.4006212949752807,1,Disengage,0.3538760244846344,2,Engage,0.8740026950836182,2,Engage,0.7872617244720459,2,Engage,0.4708112478256225,2,Engage,0.917142391204834,2,Engage,0.719032883644104,2,Engage,0.4202548563480377
video10_61_person11,18,0.5294117647058824,0.4591479170272447,0.6983781192037795,1,Disengage,12,0,0.0,12,0.6666666666666666,6,0.3333333333333333,0,0.0,2,Engage,0.5668224096298218,1,Disengage,0.8008204102516174,2,Engage,1.0,1,Disengage,0.868052065372467,1,Disengage,0.8992254734039307,1,Disengage,0.8200148940086365,2,Engage,0.5265898704528809,1,Disengage,0.6225721836090088,1,Disengage,0.5854119658470154,1,Disengage,0.7503361701965332,1,Disengage,0.9114221930503844,1,Disengage,0.6494436264038086,2,Engage,0.5947663187980652,1,Disengage,0.6406497359275818,1,Disengage,0.5927514433860779,2,Engage,0.6301438808441162,1,Disengage,0.6426829695701599,2,Engage,0.4691005349159241
video10_61_person13,18,0.6078431372549019,0.4932133643654213,0.8204189091920853,2,Engage,14,0,0.0,2,0.1111111111111111,14,0.7777777777777778,2,0.1111111111111111,2,Engage,0.9987466335296632,2,Engage,0.9004985690116882,1,Disengage,1.0,2,Engage,0.997748076915741,2,Engage,0.9277120232582092,2,Engage,0.9374505877494812,2,Engage,0.9138980507850648,2,Engage,0.6255389451980591,1,Disengage,0.436239093542099,2,Engage,0.9555503129959106,2,Engage,0.8743073344230652,2,Engage,0.772830069065094,2,Engage,0.9465446472167968,2,Engage,0.6747337579727173,2,Engage,0.5312790274620056,2,Engage,0.9816401600837708,3,Highly Engage,0.6857534646987915,3,Highly Engage,0.6070696115493774
video10_61_person7,18,0.8888888888888888,0.1547717145751626,0.7738931129376093,1,Disengage,17,0,0.0,17,0.9444444444444444,1,0.05555555555555555,0,0.0,1,Disengage,0.7473174333572388,1,Disengage,0.8406872153282166,1,Disengage,1.0,1,Disengage,0.8115316033363342,1,Disengage,0.9134445786476136,1,Disengage,0.8735412359237671,1,Disengage,0.6812052726745605,1,Disengage,0.8514052629470825,1,Disengage,0.6151643991470337,2,Engage,0.582139253616333,1,Disengage,0.5357914566993713,1,Disengage,0.6780072450637817,1,Disengage,0.9407534003257751,1,Disengage,0.9943087697029114,1,Disengage,0.9972079396247864,1,Disengage,0.6062384843826294,1,Disengage,0.8723982572555542,1,Disengage,0.3889342248439789
video10_63_person2,18,0.477124183006536,0.6121972227029931,0.7656701472070482,1,Disengage,12,2,0.1111111111111111,12,0.6666666666666666,4,0.2222222222222222,0,0.0,1,Disengage,0.7661619186401367,1,Disengage,0.8559630513191223,1,Disengage,1.0,1,Disengage,0.9272314310073853,1,Disengage,0.9846891164779664,0,Highly Disengage,0.9119171500205994,2,Engage,0.5480483770370483,2,Engage,0.787751317024231,2,Engage,0.4455404877662658,1,Disengage,0.748920738697052,1,Disengage,0.9280020594596864,1,Disengage,0.7485847473144531,1,Disengage,0.6214075684547424,1,Disengage,0.9309200644493104,1,Disengage,0.9266326427459716,2,Engage,0.4785637557506561,1,Disengage,0.7531631588935852,0,Highly Disengage,0.4185650646686554
video10_63_person23,18,0.477124183006536,0.4955380299191111,0.6560028692086538,2,Engage,10,0,0.0,8,0.4444444444444444,10,0.5555555555555556,0,0.0,2,Engage,0.5363112092018127,1,Disengage,0.8317712545394897,1,Disengage,1.0,2,Engage,0.7162559032440186,2,Engage,0.7520707845687866,1,Disengage,0.5375057458877563,2,Engage,0.8397598266601562,2,Engage,0.7198119163513184,2,Engage,0.4899725317955017,2,Engage,0.6429038047790527,1,Disengage,0.5193904042243958,1,Disengage,0.4316509664058685,1,Disengage,0.5149765610694885,2,Engage,0.7455450296401978,2,Engage,0.6677455306053162,2,Engage,0.8353638648986816,1,Disengage,0.6592885851860046,1,Disengage,0.3677277266979217
video10_64_person26,18,0.5490196078431373,0.5264703802813174,0.6201670467853546,2,Engage,13,0,0.0,4,0.2222222222222222,13,0.7222222222222222,1,0.05555555555555555,2,Engage,0.910378873348236,2,Engage,0.468989759683609,2,Engage,1.0,2,Engage,0.7962630391120911,2,Engage,0.3869566619396209,2,Engage,0.6001792550086975,2,Engage,0.7347802519798279,1,Disengage,0.5062724947929382,2,Engage,0.4733868837356567,2,Engage,0.6989995837211609,1,Disengage,0.5197840332984924,1,Disengage,0.52582848072052,2,Engage,0.7526102662086487,2,Engage,0.430880457162857,1,Disengage,0.5221540331840515,2,Engage,0.8725675344467163,3,Highly Engage,0.5369958281517029,2,Engage,0.4259794056415558
video10_64_person8,18,0.5294117647058824,0.4591479170272447,0.6446322815285789,2,Engage,12,0,0.0,6,0.3333333333333333,12,0.6666666666666666,0,0.0,2,Engage,0.6409775018692017,2,Engage,0.5813515186309814,2,Engage,1.0,2,Engage,0.8374966979026794,2,Engage,0.5886942148208618,2,Engage,0.569705069065094,2,Engage,0.8577515482902527,2,Engage,0.7317939400672913,2,Engage,0.5023518204689026,2,Engage,0.5923653841018677,1,Disengage,0.5130258202552795,2,Engage,0.4675756394863128,1,Disengage,0.710770845413208,1,Disengage,0.7655133008956909,1,Disengage,0.7525356411933899,2,Engage,0.5136508941650391,1,Disengage,0.6166942715644836,1,Disengage,0.361126959323883
video10_65_person0,18,0.35294117647058826,0.7295739585136225,0.7552292148272196,0,Highly Disengage,9,9,0.5,3,0.16666666666666666,6,0.3333333333333333,0,0.0,2,Engage,0.6191204190254211,2,Engage,0.4246101677417755,1,Disengage,1.0,2,Engage,0.5992463827133179,0,Highly Disengage,0.9285439252853394,0,Highly Disengage,0.992027461528778,1,Disengage,0.3785480856895447,0,Highly Disengage,0.883375883102417,0,Highly Disengage,0.939314603805542,2,Engage,0.752811849117279,2,Engage,0.4138401746749878,0,Highly Disengage,0.9362990260124208,2,Engage,0.6172627210617065,0,Highly Disengage,0.9378101825714112,0,Highly Disengage,0.9999793767929076,1,Disengage,0.3647914826869964,0,Highly Disengage,0.927366316318512,0,Highly Disengage,0.8791778087615967
video10_65_person11,18,0.49673202614379086,0.4820393824041145,0.6147943205303616,1,Disengage,11,0,0.0,11,0.6111111111111112,7,0.3888888888888889,0,0.0,2,Engage,0.4793582260608673,1,Disengage,0.3798378109931946,2,Engage,1.0,1,Disengage,0.4881486594676971,1,Disengage,0.6668956875801086,1,Disengage,0.4178696274757385,2,Engage,0.4876389503479004,1,Disengage,0.8600395321846008,1,Disengage,0.5498988628387451,1,Disengage,0.5198502540588379,1,Disengage,0.747998058795929,1,Disengage,0.5095346570014954,2,Engage,0.7191210389137268,1,Disengage,0.6482523679733276,1,Disengage,0.6914051175117493,2,Engage,0.8096615672111511,2,Engage,0.6412137746810913,2,Engage,0.4495735764503479
video10_65_person15,18,0.7058823529411765,0.32501121082417705,0.8220867796076669,2,Engage,15,0,0.0,0,0.0,15,0.8333333333333334,3,0.16666666666666666,2,Engage,0.846980631351471,2,Engage,0.678155243396759,2,Engage,1.0,2,Engage,0.924934148788452,2,Engage,0.9344971179962158,2,Engage,0.8857987523078918,2,Engage,0.8793420195579529,3,Highly Engage,0.6061417460441589,3,Highly Engage,0.4616452753543854,2,Engage,0.974459946155548,2,Engage,0.8112998604774475,2,Engage,0.5462198257446289,2,Engage,0.9962976574897766,2,Engage,0.9207985401153564,2,Engage,0.997475802898407,2,Engage,0.9841449856758118,2,Engage,0.8008358478546143,3,Highly Engage,0.548534631729126
video10_69_person18,18,0.7908496732026143,0.25162916738782287,0.7809601293669807,3,Highly Engage,16,0,0.0,0,0.0,2,0.1111111111111111,16,0.8888888888888888,3,Highly Engage,0.6704554557800293,3,Highly Engage,0.9200869798660278,3,Highly Engage,1.0,3,Highly Engage,0.7923054099082947,3,Highly Engage,0.9680534601211548,3,Highly Engage,0.957746684551239,2,Engage,0.6207125186920166,3,Highly Engage,0.6448004841804504,3,Highly Engage,0.6898455023765564,3,Highly Engage,0.8173726201057434,3,Highly Engage,0.8147883415222168,3,Highly Engage,0.8695918321609497,2,Engage,0.5195016860961914,3,Highly Engage,0.7195882797241211,3,Highly Engage,0.9550145268440248,3,Highly Engage,0.7211436033248901,3,Highly Engage,0.870692253112793,3,Highly Engage,0.5055826902389526
video10_6_person14,18,0.5359477124183006,0.5610568385545543,0.626066095299191,1,Disengage,13,0,0.0,13,0.7222222222222222,3,0.16666666666666666,2,0.1111111111111111,2,Engage,0.5905485153198242,1,Disengage,0.4343839287757873,2,Engage,1.0,1,Disengage,0.6014555096626282,1,Disengage,0.8659634590148926,1,Disengage,0.719019889831543,2,Engage,0.6088415384292603,1,Disengage,0.7225997447967529,1,Disengage,0.5082432627677917,1,Disengage,0.6119170188903809,3,Highly Engage,0.413114458322525,3,Highly Engage,0.444075345993042,1,Disengage,0.5608516931533813,1,Disengage,0.6430946588516235,1,Disengage,0.8047312498092651,1,Disengage,0.5508061051368713,1,Disengage,0.7933155298233032,1,Disengage,0.3962278068065643
video10_6_person7,18,0.2875816993464052,0.8735835986534669,0.7076482292678621,1,Disengage,8,1,0.05555555555555555,8,0.4444444444444444,4,0.2222222222222222,5,0.2777777777777778,3,Highly Engage,0.8364898562431335,3,Highly Engage,0.6809106469154358,2,Engage,1.0,3,Highly Engage,0.5504433512687683,3,Highly Engage,0.8670409321784973,1,Disengage,0.3747997581958771,2,Engage,0.7101643085479736,1,Disengage,0.9367384314537048,2,Engage,0.4093571901321411,1,Disengage,0.5608317255973816,3,Highly Engage,0.717528223991394,1,Disengage,0.6489102244377136,1,Disengage,0.6036902666091919,1,Disengage,0.9395623207092284,1,Disengage,0.9438244700431824,2,Engage,0.7435641884803772,1,Disengage,0.807673454284668,0,Highly Disengage,0.4061387777328491
video10_70_person2,18,0.40522875816993464,0.7501361728042042,0.6649385392665863,2,Engage,11,1,0.05555555555555555,4,0.2222222222222222,11,0.6111111111111112,2,0.1111111111111111,2,Engage,0.7723340392112732,2,Engage,0.5040122270584106,1,Disengage,1.0,2,Engage,0.538535475730896,2,Engage,0.893217146396637,1,Disengage,0.5251533389091492,2,Engage,0.7528157234191895,1,Disengage,0.5982778668403625,2,Engage,0.4121021926403045,2,Engage,0.6201786398887634,1,Disengage,0.8264179825782776,0,Highly Disengage,0.4088853001594543,2,Engage,0.8655391335487366,3,Highly Engage,0.4510330259799957,2,Engage,0.8339695930480957,2,Engage,0.8373234868049622,2,Engage,0.5960192680358887,3,Highly Engage,0.5330792665481567
video10_70_person9,18,0.5294117647058824,0.4591479170272447,0.6339353935586082,2,Engage,12,0,0.0,6,0.3333333333333333,12,0.6666666666666666,0,0.0,2,Engage,0.5649273991584778,1,Disengage,0.5697094798088074,1,Disengage,1.0,2,Engage,0.562046468257904,2,Engage,0.7595195174217224,2,Engage,0.5683238506317139,2,Engage,0.8049812912940979,2,Engage,0.6115192770957947,2,Engage,0.4450123012065887,2,Engage,0.8944544792175293,1,Disengage,0.6059756278991699,2,Engage,0.6019682288169861,1,Disengage,0.5997279286384583,1,Disengage,0.5622876882553101,2,Engage,0.5051857233047485,2,Engage,0.7644380331039429,2,Engage,0.6445676684379578,1,Disengage,0.3461921215057373
video10_71_person15,18,0.45751633986928103,0.5970868671284559,0.7140463027689192,2,Engage,11,0,0.0,1,0.05555555555555555,11,0.6111111111111112,6,0.3333333333333333,2,Engage,0.8398239016532898,2,Engage,0.7346447706222534,2,Engage,1.0,2,Engage,0.8561833500862122,2,Engage,0.7860227823257446,2,Engage,0.6660127639770508,2,Engage,0.8239806890487671,3,Highly Engage,0.529121458530426,1,Disengage,0.3704065680503845,2,Engage,0.8455210328102112,3,Highly Engage,0.4477796852588653,3,Highly Engage,0.4395451843738556,2,Engage,0.6606902480125427,2,Engage,0.5622358918190002,3,Highly Engage,0.8391402363777161,2,Engage,0.9596880078315736,3,Highly Engage,0.7598267197608948,3,Highly Engage,0.7322101593017578
video10_72_person14,18,0.39215686274509803,0.7313776131322518,0.6352357649140887,1,Disengage,10,1,0.05555555555555555,10,0.5555555555555556,6,0.3333333333333333,1,0.05555555555555555,2,Engage,0.7220016121864319,2,Engage,0.4797747433185577,2,Engage,1.0,1,Disengage,0.6000852584838867,1,Disengage,0.6379293203353882,0,Highly Disengage,0.3964593708515167,2,Engage,0.8497603535652161,2,Engage,0.7912770509719849,2,Engage,0.4849510788917541,1,Disengage,0.5566648244857788,3,Highly Engage,0.4322697520256042,1,Disengage,0.6127058863639832,1,Disengage,0.6367211937904358,1,Disengage,0.8303660154342651,1,Disengage,0.8974088430404663,1,Disengage,0.4217997193336487,1,Disengage,0.6955051422119141,1,Disengage,0.3885636031627655
video10_72_person7,18,0.7908496732026143,0.25162916738782287,0.8738218380345238,1,Disengage,16,2,0.1111111111111111,16,0.8888888888888888,0,0.0,0,0.0,1,Disengage,0.9724149703979492,1,Disengage,0.9579251408576964,1,Disengage,1.0,1,Disengage,0.96783709526062,1,Disengage,0.9921169877052308,1,Disengage,0.9915987253189088,1,Disengage,0.8625110983848572,1,Disengage,0.9560431838035583,1,Disengage,0.7034735679626465,1,Disengage,0.8700129985809326,1,Disengage,0.8739030957221985,1,Disengage,0.842849850654602,1,Disengage,0.9436664581298828,1,Disengage,0.9593236446380616,1,Disengage,0.9995036125183104,1,Disengage,0.698590099811554,0,Highly Disengage,0.5235620141029358,0,Highly Disengage,0.6134605407714844
video10_73_person0,18,0.5490196078431373,0.5264703802813174,0.7693984707196554,0,Highly Disengage,13,13,0.7222222222222222,1,0.05555555555555555,4,0.2222222222222222,0,0.0,2,Engage,0.455429196357727,0,Highly Disengage,0.8444754481315613,1,Disengage,1.0,2,Engage,0.3695624768733978,0,Highly Disengage,0.7805650234222412,0,Highly Disengage,0.9931193590164183,0,Highly Disengage,0.3730253279209137,0,Highly Disengage,0.9201396107673644,0,Highly Disengage,0.936631679534912,2,Engage,0.7831280827522278,2,Engage,0.4263363778591156,0,Highly Disengage,0.9176582098007202,0,Highly Disengage,0.7569772005081177,0,Highly Disengage,0.9912221431732178,0,Highly Disengage,1.0,0,Highly Disengage,0.4159086644649505,0,Highly Disengage,0.934747040271759,0,Highly Disengage,0.9502466320991516
video10_73_person1,18,0.5294117647058824,0.4591479170272447,0.7669282572136985,1,Disengage,12,0,0.0,12,0.6666666666666666,6,0.3333333333333333,0,0.0,1,Disengage,0.753235936164856,1,Disengage,0.8021180033683777,1,Disengage,1.0,2,Engage,0.9612324237823486,2,Engage,0.5025696754455566,1,Disengage,0.8107447624206543,2,Engage,0.8556898832321167,2,Engage,0.7126878499984741,1,Disengage,0.5994371771812439,2,Engage,0.6175731420516968,1,Disengage,0.7845467329025269,1,Disengage,0.9078575968742372,1,Disengage,0.6879270076751709,1,Disengage,0.8635016679763794,1,Disengage,0.9804468154907228,2,Engage,0.7191510796546936,1,Disengage,0.8502449989318848,1,Disengage,0.3957438766956329
video10_73_person3,18,0.8888888888888888,0.1547717145751626,0.755213823583391,2,Engage,17,0,0.0,0,0.0,17,0.9444444444444444,1,0.05555555555555555,2,Engage,0.931693971157074,2,Engage,0.7203290462493896,2,Engage,1.0,2,Engage,0.9589640498161316,2,Engage,0.6756656765937805,2,Engage,0.6971542835235596,2,Engage,0.8483126759529114,2,Engage,0.531254231929779,2,Engage,0.4700599908828735,2,Engage,0.9304436445236206,2,Engage,0.610328197479248,2,Engage,0.5678253173828125,2,Engage,0.9608789682388306,2,Engage,0.8196436762809753,2,Engage,0.9976822137832642,2,Engage,0.9098749160766602,2,Engage,0.5149950981140137,3,Highly Engage,0.4487428665161133
video10_74_person15,18,0.49673202614379086,0.4820393824041145,0.6615473727385203,1,Disengage,11,0,0.0,11,0.6111111111111112,7,0.3888888888888889,0,0.0,2,Engage,0.6486173868179321,1,Disengage,0.7373020052909851,2,Engage,1.0,1,Disengage,0.5319390296936035,1,Disengage,0.7140032052993774,2,Engage,0.6103643178939819,2,Engage,0.6568401455879211,1,Disengage,0.8599548935890198,1,Disengage,0.4792965650558471,2,Engage,0.6236399412155151,1,Disengage,0.4189433455467224,2,Engage,0.3672545254230499,1,Disengage,0.8096681833267212,1,Disengage,0.9860408902168274,1,Disengage,0.9811331629753112,1,Disengage,0.4950485825538635,1,Disengage,0.5801184177398682,2,Engage,0.4076881110668182
video10_75_person10,18,0.6928104575163399,0.4015358636620513,0.6664784285757277,2,Engage,15,0,0.0,1,0.05555555555555555,15,0.8333333333333334,2,0.1111111111111111,2,Engage,0.7936218976974487,2,Engage,0.368000864982605,2,Engage,1.0,2,Engage,0.6929006576538086,1,Disengage,0.3628655970096588,2,Engage,0.4460715353488922,2,Engage,0.8613197207450867,2,Engage,0.5417516827583313,2,Engage,0.512940526008606,2,Engage,0.8856824040412903,3,Highly Engage,0.8059310913085938,3,Highly Engage,0.6850481629371643,2,Engage,0.7300481200218201,2,Engage,0.5337536334991455,2,Engage,0.7841578125953674,2,Engage,0.7836692929267883,2,Engage,0.7803332805633545,2,Engage,0.4285154342651367
video10_75_person11,18,0.47058823529411764,0.5,0.6104385322994657,1,Disengage,9,0,0.0,9,0.5,9,0.5,0,0.0,2,Engage,0.4813052713871002,2,Engage,0.364764004945755,2,Engage,1.0,2,Engage,0.4942991137504577,1,Disengage,0.5644151568412781,1,Disengage,0.4164175391197204,2,Engage,0.5219827890396118,1,Disengage,0.7943876385688782,1,Disengage,0.4751980304718017,1,Disengage,0.577959418296814,1,Disengage,0.6029994487762451,1,Disengage,0.674900233745575,2,Engage,0.6666542887687683,1,Disengage,0.637468695640564,1,Disengage,0.7144138813018799,2,Engage,0.8439019322395325,2,Engage,0.7221259474754333,2,Engage,0.4347001910209656
video10_75_person27,18,0.49673202614379086,0.5674849873019705,0.6831324183278613,2,Engage,12,0,0.0,5,0.2777777777777778,12,0.6666666666666666,1,0.05555555555555555,2,Engage,0.794789731502533,1,Disengage,0.6663297414779663,2,Engage,1.0,2,Engage,0.7912386655807495,2,Engage,0.5096518993377686,1,Disengage,0.5691128373146057,1,Disengage,0.5020511746406555,1,Disengage,0.7612241506576538,1,Disengage,0.5256933569908142,2,Engage,0.621395468711853,2,Engage,0.3515661060810089,3,Highly Engage,0.5257071256637573,2,Engage,0.9497678279876708,2,Engage,0.7455431222915649,2,Engage,0.8291880488395691,2,Engage,0.9399763345718384,2,Engage,0.8220211267471313,2,Engage,0.391126811504364
video10_75_person5,18,0.6339869281045751,0.38210225325431013,0.6975601994329028,2,Engage,14,0,0.0,0,0.0,14,0.7777777777777778,4,0.2222222222222222,2,Engage,0.9793648719787598,2,Engage,0.8578896522521973,2,Engage,1.0,2,Engage,0.9260087609291076,2,Engage,0.5412542223930359,2,Engage,0.8138768672943115,2,Engage,0.7045760750770569,3,Highly Engage,0.5081911683082581,3,Highly Engage,0.5510013699531555,2,Engage,0.9216739535331726,3,Highly Engage,0.7012875080108643,3,Highly Engage,0.6503538489341736,2,Engage,0.7080933451652527,2,Engage,0.5359352827072144,2,Engage,0.4922047555446625,2,Engage,0.6426546573638916,2,Engage,0.6163615584373474,2,Engage,0.40535569190979
video10_76_person27,18,0.45751633986928103,0.7023392365317856,0.6132741073767344,2,Engage,12,2,0.1111111111111111,3,0.16666666666666666,12,0.6666666666666666,1,0.05555555555555555,2,Engage,0.6526772975921631,2,Engage,0.4563519656658172,2,Engage,1.0,2,Engage,0.8477226495742798,2,Engage,0.8288828730583191,2,Engage,0.6029568910598755,0,Highly Disengage,0.481160819530487,1,Disengage,0.7706260085105896,0,Highly Disengage,0.3772739470005035,2,Engage,0.4964107573032379,3,Highly Engage,0.487521231174469,2,Engage,0.4671399593353271,1,Disengage,0.5442172288894653,2,Engage,0.5491369962692261,1,Disengage,0.6371662616729736,2,Engage,0.7173343300819397,2,Engage,0.7438824772834778,2,Engage,0.378472238779068
video10_76_person3,18,1.0,-0.0,0.805403858423233,2,Engage,18,0,0.0,0,0.0,18,1.0,0,0.0,2,Engage,0.9120542407035828,2,Engage,0.7696236371994019,2,Engage,1.0,2,Engage,0.9714956879615784,2,Engage,0.8274571299552917,2,Engage,0.7971502542495728,2,Engage,0.8860952854156494,2,Engage,0.7215509414672852,2,Engage,0.4770894348621368,2,Engage,0.9555355310440063,2,Engage,0.6674326658248901,2,Engage,0.557862401008606,2,Engage,0.9718019366264344,2,Engage,0.9126972556114196,2,Engage,0.9917096495628356,2,Engage,0.9360285997390748,2,Engage,0.7096807360649109,2,Engage,0.4320040643215179
video10_76_person30,18,0.477124183006536,0.4955380299191111,0.6181854556004206,2,Engage,10,0,0.0,8,0.4444444444444444,10,0.5555555555555556,0,0.0,2,Engage,0.8032622933387756,2,Engage,0.3424069285392761,2,Engage,1.0,2,Engage,0.5591129660606384,2,Engage,0.5135027170181274,1,Disengage,0.6562159657478333,2,Engage,0.8145992755889893,1,Disengage,0.4928224086761474,1,Disengage,0.4466288387775421,2,Engage,0.7192477583885193,1,Disengage,0.4788192510604858,1,Disengage,0.4404897689819336,2,Engage,0.7688239812850952,1,Disengage,0.6903106570243835,1,Disengage,0.6903749704360962,2,Engage,0.8007787466049194,1,Disengage,0.5495122671127319,2,Engage,0.3604294061660766
video10_77_person0,18,0.32679738562091504,0.8168657103210666,0.6394020501110289,2,Engage,8,1,0.05555555555555555,7,0.3888888888888889,8,0.4444444444444444,2,0.1111111111111111,2,Engage,0.4946858286857605,1,Disengage,0.3981936275959015,1,Disengage,1.0,2,Engage,0.7538928985595703,1,Disengage,0.3719797134399414,0,Highly Disengage,0.4854208528995514,2,Engage,0.7501857876777649,2,Engage,0.677010715007782,3,Highly Engage,0.5143125057220459,2,Engage,0.827448844909668,2,Engage,0.4664364159107208,3,Highly Engage,0.3921690583229065,2,Engage,0.5762826204299927,1,Disengage,0.6314185261726379,1,Disengage,0.97501140832901,2,Engage,0.866251528263092,1,Disengage,0.8993451595306396,1,Disengage,0.4291914105415344
video10_77_person13,18,0.7058823529411765,0.32501121082417705,0.7873401807414161,2,Engage,15,0,0.0,3,0.16666666666666666,15,0.8333333333333334,0,0.0,2,Engage,0.7503381371498108,2,Engage,0.8629820942878723,1,Disengage,1.0,2,Engage,0.9272351264953612,2,Engage,0.8936202526092529,2,Engage,0.8086448311805725,2,Engage,0.8557007312774658,2,Engage,0.8098683953285217,2,Engage,0.4451460540294647,2,Engage,0.9081945419311525,2,Engage,0.8076245188713074,2,Engage,0.6883103251457214,2,Engage,0.966620683670044,2,Engage,0.7838064432144165,2,Engage,0.7105625867843628,2,Engage,0.9515137672424316,1,Disengage,0.613233208656311,1,Disengage,0.3887215554714203
video10_77_person3,18,1.0,-0.0,0.8395812577671475,2,Engage,18,0,0.0,0,0.0,18,1.0,0,0.0,2,Engage,0.9721411466598512,2,Engage,0.9072546362876892,2,Engage,1.0,2,Engage,0.981046974658966,2,Engage,0.9542341232299804,2,Engage,0.8922339677810669,2,Engage,0.8930622935295105,2,Engage,0.6776224970817566,2,Engage,0.4911866784095764,2,Engage,0.9574829936027528,2,Engage,0.7567477822303772,2,Engage,0.5828379988670349,2,Engage,0.9798948168754578,2,Engage,0.935417413711548,2,Engage,0.9934460520744324,2,Engage,0.9336199760437012,2,Engage,0.7664653658866882,2,Engage,0.4377679228782654
video10_77_person9,18,0.49673202614379086,0.5674849873019705,0.5708994997872247,2,Engage,12,0,0.0,5,0.2777777777777778,12,0.6666666666666666,1,0.05555555555555555,2,Engage,0.5863608121871948,1,Disengage,0.4162370264530182,1,Disengage,1.0,1,Disengage,0.5418139100074768,2,Engage,0.4972554445266723,3,Highly Engage,0.4445087015628814,2,Engage,0.8351307511329651,1,Disengage,0.4958330690860748,2,Engage,0.4339142441749573,2,Engage,0.7009426355361938,2,Engage,0.3872421383857727,2,Engage,0.34536212682724,2,Engage,0.7968466877937317,2,Engage,0.6328206658363342,1,Disengage,0.6108988523483276,2,Engage,0.5349964499473572,2,Engage,0.6629565358161926,2,Engage,0.3530709445476532
video10_79_person10,18,0.49673202614379086,0.4820393824041145,0.6398044046428468,3,Highly Engage,11,0,0.0,0,0.0,7,0.3888888888888889,11,0.6111111111111112,2,Engage,0.563158392906189,2,Engage,0.3721450567245483,2,Engage,1.0,2,Engage,0.8126987218856812,3,Highly Engage,0.4668805003166199,3,Highly Engage,0.4299585223197937,2,Engage,0.9208980798721312,3,Highly Engage,0.5116368532180786,2,Engage,0.4325295686721802,2,Engage,0.4959269165992737,3,Highly Engage,0.8335733413696289,3,Highly Engage,0.8601943850517273,3,Highly Engage,0.5637835264205933,3,Highly Engage,0.6249033808708191,3,Highly Engage,0.8032170534133911,3,Highly Engage,0.4880723059177398,3,Highly Engage,0.6371316909790039,3,Highly Engage,0.699770987033844
video10_79_person26,18,0.6339869281045751,0.38210225325431013,0.6380096127589544,2,Engage,14,0,0.0,4,0.2222222222222222,14,0.7777777777777778,0,0.0,2,Engage,0.8865566849708557,2,Engage,0.4665156304836273,2,Engage,1.0,2,Engage,0.8312731981277466,2,Engage,0.3777115643024444,2,Engage,0.5476638078689575,2,Engage,0.7027400732040405,1,Disengage,0.4216694235801697,2,Engage,0.4528546035289764,2,Engage,0.7453160881996155,1,Disengage,0.6045218110084534,1,Disengage,0.5958254337310791,2,Engage,0.775499701499939,2,Engage,0.4899693131446838,1,Disengage,0.5678396224975586,2,Engage,0.9220083355903624,2,Engage,0.7017460465431213,2,Engage,0.3944616913795471
video10_80_person15,18,0.37254901960784315,0.7177602521413333,0.6565147787332535,2,Engage,10,0,0.0,4,0.2222222222222222,10,0.5555555555555556,4,0.2222222222222222,2,Engage,0.7715075612068176,2,Engage,0.617811918258667,2,Engage,1.0,2,Engage,0.611763060092926,2,Engage,0.430559366941452,3,Highly Engage,0.4533388316631317,2,Engage,0.5828390121459961,1,Disengage,0.8614672422409058,2,Engage,0.495901495218277,3,Highly Engage,0.4868070185184479,3,Highly Engage,0.6473433375358582,3,Highly Engage,0.7195292711257935,1,Disengage,0.5537402033805847,1,Disengage,0.8346555829048157,1,Disengage,0.8801916241645813,2,Engage,0.926015317440033,2,Engage,0.5085910558700562,2,Engage,0.4352041184902191
video10_80_person9,18,0.8888888888888888,0.1547717145751626,0.7190273470348783,1,Disengage,17,0,0.0,17,0.9444444444444444,1,0.05555555555555555,0,0.0,1,Disengage,0.6414893269538879,1,Disengage,0.7313626408576965,1,Disengage,1.0,1,Disengage,0.8759182691574097,1,Disengage,0.8484748601913452,1,Disengage,0.8769257068634033,1,Disengage,0.7417881488800049,1,Disengage,0.7787867188453674,1,Disengage,0.473699003458023,2,Engage,0.5036899447441101,1,Disengage,0.7726724147796631,1,Disengage,0.5535180568695068,1,Disengage,0.6638292074203491,1,Disengage,0.8501375317573547,1,Disengage,0.9279361963272096,1,Disengage,0.6066771149635315,1,Disengage,0.6941608190536499,1,Disengage,0.4014262855052948
video10_81_person13,18,0.8888888888888888,0.1547717145751626,0.8243425240119299,2,Engage,17,0,0.0,0,0.0,17,0.9444444444444444,1,0.05555555555555555,2,Engage,0.9451731443405152,2,Engage,0.908450186252594,2,Engage,0.9999997615814208,2,Engage,0.9360980987548828,2,Engage,0.9809142351150512,2,Engage,0.8863996267318726,2,Engage,0.8287932276725769,2,Engage,0.6516686081886292,3,Highly Engage,0.5781193971633911,2,Engage,0.9505013823509216,2,Engage,0.7649925351142883,2,Engage,0.7103109955787659,2,Engage,0.9083804488182068,2,Engage,0.9770355224609376,2,Engage,0.7689144015312195,2,Engage,0.9654377102851868,2,Engage,0.7074463963508606,2,Engage,0.3695297539234161
video10_81_person2,18,0.7843137254901961,0.30718472294337845,0.7169969015651279,2,Engage,16,0,0.0,1,0.05555555555555555,16,0.8888888888888888,1,0.05555555555555555,2,Engage,0.9403156638145448,2,Engage,0.6510459780693054,2,Engage,1.0,2,Engage,0.9428939819335938,2,Engage,0.931198239326477,2,Engage,0.6072309613227844,2,Engage,0.8249150514602661,2,Engage,0.781974196434021,2,Engage,0.4349603652954101,2,Engage,0.8017877340316772,2,Engage,0.6490911245346069,2,Engage,0.5098770260810852,2,Engage,0.742159366607666,2,Engage,0.3959937393665313,3,Highly Engage,0.8140242099761963,2,Engage,0.8502106666564941,1,Disengage,0.6047350764274597,2,Engage,0.4235308468341827
video10_82_person10,18,0.8888888888888888,0.1547717145751626,0.7277252293295331,2,Engage,17,0,0.0,0,0.0,17,0.9444444444444444,1,0.05555555555555555,2,Engage,0.7123499512672424,2,Engage,0.5924415588378906,2,Engage,1.0,2,Engage,0.8725448846817017,2,Engage,0.6347018480300903,2,Engage,0.515461266040802,2,Engage,0.9137373566627502,2,Engage,0.4865188002586365,3,Highly Engage,0.5062174797058105,2,Engage,0.7994449138641357,2,Engage,0.4589190483093261,2,Engage,0.5883482098579407,2,Engage,0.9548954963684082,2,Engage,0.9551071524620056,2,Engage,0.972785234451294,2,Engage,0.9643368124961852,2,Engage,0.7495945692062378,2,Engage,0.4216495454311371
video10_82_person15,18,0.6928104575163399,0.40153586366205124,0.6775231063365936,2,Engage,15,0,0.0,2,0.1111111111111111,15,0.8333333333333334,1,0.05555555555555555,2,Engage,0.7974799871444702,2,Engage,0.4810677766799927,2,Engage,1.0,2,Engage,0.851506769657135,2,Engage,0.7807971239089966,2,Engage,0.616100013256073,2,Engage,0.7589529156684875,3,Highly Engage,0.6276907324790955,2,Engage,0.4905645549297333,2,Engage,0.9321228861808776,2,Engage,0.5893839597702026,2,Engage,0.4474397599697113,2,Engage,0.7460644245147705,1,Disengage,0.733064591884613,1,Disengage,0.5466254949569702,2,Engage,0.7337840795516968,2,Engage,0.6472627520561218,2,Engage,0.4155080914497375
video10_82_person27,18,0.5294117647058824,0.4591479170272447,0.6292669938670264,2,Engage,12,0,0.0,6,0.3333333333333333,12,0.6666666666666666,0,0.0,2,Engage,0.8912769556045532,2,Engage,0.5024608373641968,2,Engage,1.0,2,Engage,0.7859499454498291,2,Engage,0.7792587876319885,1,Disengage,0.5486019253730774,2,Engage,0.7398497462272644,1,Disengage,0.7788647413253784,2,Engage,0.4256061017513275,2,Engage,0.7353324890136719,1,Disengage,0.5385162830352783,2,Engage,0.4365850389003753,1,Disengage,0.6118295788764954,2,Engage,0.5652198195457458,1,Disengage,0.5788784623146057,2,Engage,0.5561528205871582,2,Engage,0.5104143023490906,1,Disengage,0.3420080542564392
video10_82_person30,18,0.49673202614379086,0.4820393824041145,0.6425605763991674,2,Engage,11,0,0.0,7,0.3888888888888889,11,0.6111111111111112,0,0.0,2,Engage,0.7913395762443542,2,Engage,0.3580167889595032,2,Engage,1.0,2,Engage,0.602591335773468,2,Engage,0.6138370633125305,1,Disengage,0.6085484623908997,2,Engage,0.8134053349494934,1,Disengage,0.573481559753418,1,Disengage,0.5152109861373901,2,Engage,0.715207576751709,1,Disengage,0.5071301460266113,1,Disengage,0.5339086055755615,2,Engage,0.6612215042114258,1,Disengage,0.6710571646690369,1,Disengage,0.6983715891838074,2,Engage,0.901661455631256,2,Engage,0.5916449427604675,2,Engage,0.4094562828540802
video10_83_person12,18,0.7908496732026143,0.25162916738782287,0.6907073044114642,2,Engage,16,0,0.0,2,0.1111111111111111,16,0.8888888888888888,0,0.0,2,Engage,0.8545688986778259,2,Engage,0.6963102221488953,2,Engage,1.0,2,Engage,0.7795469164848328,1,Disengage,0.5075888633728027,1,Disengage,0.3653955161571502,2,Engage,0.8853229880332947,2,Engage,0.598426103591919,2,Engage,0.4768240451812744,2,Engage,0.938442587852478,2,Engage,0.6273857355117798,2,Engage,0.6028435230255127,2,Engage,0.7373046278953552,2,Engage,0.5527964234352112,2,Engage,0.9010700583457948,2,Engage,0.9098243713378906,2,Engage,0.6035019755363464,2,Engage,0.3955786228179931
video10_83_person18,18,0.6078431372549019,0.4932133643654213,0.6962175849411223,2,Engage,14,0,0.0,2,0.1111111111111111,14,0.7777777777777778,2,0.1111111111111111,2,Engage,0.8212754726409912,2,Engage,0.6407909989356995,3,Highly Engage,1.0,2,Engage,0.8070802688598633,2,Engage,0.7490229606628418,2,Engage,0.6828630566596985,2,Engage,0.9161370396614076,2,Engage,0.7362461090087891,3,Highly Engage,0.4618738889694214,2,Engage,0.909214735031128,2,Engage,0.5879166722297668,2,Engage,0.6100431084632874,2,Engage,0.575536847114563,1,Disengage,0.6289276480674744,2,Engage,0.5918983817100525,2,Engage,0.727310061454773,2,Engage,0.7156807780265808,1,Disengage,0.3700985014438629
video10_83_person35,18,0.477124183006536,0.4955380299191111,0.6618231485287348,2,Engage,10,0,0.0,8,0.4444444444444444,10,0.5555555555555556,0,0.0,2,Engage,0.8336493372917175,2,Engage,0.5017907619476318,1,Disengage,1.0,2,Engage,0.6300177574157715,2,Engage,0.5037879943847656,1,Disengage,0.8011278510093689,2,Engage,0.815821647644043,2,Engage,0.5836383104324341,1,Disengage,0.4826958477497101,2,Engage,0.9038682579994202,2,Engage,0.680141806602478,2,Engage,0.6696443557739258,1,Disengage,0.703858494758606,1,Disengage,0.6469129323959351,1,Disengage,0.5956516265869141,2,Engage,0.5447812676429749,1,Disengage,0.6366629004478455,1,Disengage,0.3787655234336853
video10_83_person5,18,0.5294117647058824,0.4591479170272447,0.6600165814161301,2,Engage,12,0,0.0,6,0.3333333333333333,12,0.6666666666666666,0,0.0,2,Engage,0.7740796804428101,2,Engage,0.6492824554443359,2,Engage,1.0,2,Engage,0.8219764828681946,2,Engage,0.4637869894504547,1,Disengage,0.5902357697486877,2,Engage,0.9189270734786988,2,Engage,0.6514707207679749,2,Engage,0.4646634459495544,2,Engage,0.8229027390480042,2,Engage,0.5265353322029114,2,Engage,0.5457595586776733,1,Disengage,0.5761765241622925,1,Disengage,0.794090986251831,1,Disengage,0.6517962217330933,2,Engage,0.5605077743530273,1,Disengage,0.6881880164146423,1,Disengage,0.3799186944961548
video10_83_person9,18,0.47058823529411764,0.5,0.6105114469925562,1,Disengage,9,0,0.0,9,0.5,9,0.5,0,0.0,2,Engage,0.5016392469406128,1,Disengage,0.4951315522193908,1,Disengage,1.0,2,Engage,0.5193489789962769,2,Engage,0.7597976922988892,1,Disengage,0.6334450840950012,2,Engage,0.5293649435043335,1,Disengage,0.5935132503509521,2,Engage,0.396787941455841,2,Engage,0.6487141251564026,1,Disengage,0.5420068502426147,2,Engage,0.3962007462978363,2,Engage,0.759419858455658,1,Disengage,0.6393105983734131,1,Disengage,0.8362556099891663,2,Engage,0.5050705671310425,1,Disengage,0.8121190071105957,1,Disengage,0.4210799932479858
video10_84_person7,18,0.477124183006536,0.6121972227029931,0.71628028816647,1,Disengage,12,4,0.2222222222222222,12,0.6666666666666666,0,0.0,2,0.1111111111111111,1,Disengage,0.8929036259651184,1,Disengage,0.8277140855789185,1,Disengage,1.0,1,Disengage,0.7254289984703064,1,Disengage,0.9053091406822203,0,Highly Disengage,0.7783253192901611,1,Disengage,0.8190941214561462,1,Disengage,0.5695902109146118,0,Highly Disengage,0.4878647625446319,1,Disengage,0.5693483352661133,3,Highly Engage,0.8664625883102417,3,Highly Engage,0.5487716794013977,1,Disengage,0.5685461759567261,1,Disengage,0.7728766202926636,1,Disengage,0.91056627035141,1,Disengage,0.6281136870384216,0,Highly Disengage,0.4990647733211517,0,Highly Disengage,0.5230647921562195
video10_85_person10,18,0.7058823529411765,0.32501121082417705,0.7222375356488757,2,Engage,15,0,0.0,3,0.16666666666666666,15,0.8333333333333334,0,0.0,2,Engage,0.7728607058525085,2,Engage,0.7520676255226135,2,Engage,0.999996304512024,2,Engage,0.9260511994361876,2,Engage,0.8671441078186035,2,Engage,0.7012747526168823,2,Engage,0.8713676333427429,2,Engage,0.569238007068634,2,Engage,0.5012069344520569,2,Engage,0.9082409739494324,2,Engage,0.6188486814498901,2,Engage,0.5908305048942566,2,Engage,0.7100754380226135,2,Engage,0.5969756841659546,1,Disengage,0.8051424026489258,2,Engage,0.9427667260169984,1,Disengage,0.5041276812553406,1,Disengage,0.3620602786540985
video10_85_person15,18,0.7908496732026143,0.25162916738782287,0.6816047463152144,2,Engage,16,0,0.0,0,0.0,16,0.8888888888888888,2,0.1111111111111111,2,Engage,0.7684684991836548,2,Engage,0.5753921270370483,2,Engage,1.0,2,Engage,0.8918086290359497,2,Engage,0.594474196434021,2,Engage,0.4157684445381164,2,Engage,0.5969280004501343,3,Highly Engage,0.6483871340751648,2,Engage,0.4197475910186767,2,Engage,0.8755733370780945,3,Highly Engage,0.4123548865318298,2,Engage,0.424200177192688,2,Engage,0.913690984249115,2,Engage,0.8155238628387451,2,Engage,0.838771402835846,2,Engage,0.969773769378662,2,Engage,0.6817219853401184,2,Engage,0.4263004064559936
video10_86_person11,18,0.6339869281045751,0.38210225325431013,0.7209910402695338,3,Highly Engage,14,0,0.0,0,0.0,4,0.2222222222222222,14,0.7777777777777778,2,Engage,0.536962628364563,3,Highly Engage,0.4852361977100372,2,Engage,1.0,3,Highly Engage,0.5188464522361755,3,Highly Engage,0.8450274467468262,3,Highly Engage,0.8797379732131958,2,Engage,0.6725338697433472,3,Highly Engage,0.884467601776123,3,Highly Engage,0.5554184913635254,2,Engage,0.6864987015724182,3,Highly Engage,0.7165369391441345,3,Highly Engage,0.7148365378379822,3,Highly Engage,0.5202041268348694,3,Highly Engage,0.9023006558418274,3,Highly Engage,0.867152988910675,3,Highly Engage,0.5852574706077576,3,Highly Engage,0.8742823600769043,3,Highly Engage,0.7325382828712463
video10_87_person11,18,0.33986928104575165,0.7403410574831923,0.6355430599715974,2,Engage,8,0,0.0,3,0.16666666666666666,8,0.4444444444444444,7,0.3888888888888889,2,Engage,0.4928925931453705,3,Highly Engage,0.3914747834205627,2,Engage,1.0,2,Engage,0.5161179900169373,3,Highly Engage,0.5783020853996277,3,Highly Engage,0.5402244925498962,2,Engage,0.6528123617172241,1,Disengage,0.8356289267539978,1,Disengage,0.6188856363296509,2,Engage,0.5076655149459839,3,Highly Engage,0.5161857008934021,1,Disengage,0.4584181308746338,2,Engage,0.5654682517051697,3,Highly Engage,0.7497541904449463,3,Highly Engage,0.8562965989112854,2,Engage,0.8237453103065491,2,Engage,0.6683263778686523,3,Highly Engage,0.6675761342048645
video10_87_person18,18,0.8888888888888888,0.1547717145751626,0.7884290516376495,2,Engage,17,0,0.0,0,0.0,17,0.9444444444444444,1,0.05555555555555555,2,Engage,0.9768329858779908,2,Engage,0.8435346484184265,2,Engage,0.999997615814209,2,Engage,0.969322144985199,2,Engage,0.917465090751648,2,Engage,0.7693839073181152,2,Engage,0.869472324848175,2,Engage,0.6589807271957397,3,Highly Engage,0.4469931125640869,2,Engage,0.9300636649131776,2,Engage,0.7848309874534607,2,Engage,0.6980052590370178,2,Engage,0.7731021046638489,2,Engage,0.7240877747535706,2,Engage,0.9192032217979432,2,Engage,0.8653000593185425,2,Engage,0.6968774199485779,2,Engage,0.3482698798179626
video10_87_person19,18,0.8888888888888888,0.1547717145751626,0.918671179148886,3,Highly Engage,17,0,0.0,0,0.0,1,0.05555555555555555,17,0.9444444444444444,3,Highly Engage,0.9696924686431884,3,Highly Engage,0.9995575547218324,3,Highly Engage,1.0,3,Highly Engage,0.977200448513031,3,Highly Engage,0.9819319248199464,3,Highly Engage,0.9844928979873656,2,Engage,0.4615078270435333,3,Highly Engage,0.8839418292045593,3,Highly Engage,0.504096269607544,3,Highly Engage,0.9060605764389038,3,Highly Engage,0.9596819877624512,3,Highly Engage,0.9413600564002992,3,Highly Engage,0.9995020627975464,3,Highly Engage,0.999691605567932,3,Highly Engage,1.0,3,Highly Engage,0.9812923669815063,3,Highly Engage,0.9972518086433412,3,Highly Engage,0.9888195395469666
video10_87_person2,18,0.8888888888888888,0.1547717145751626,0.6981980999310812,2,Engage,17,0,0.0,1,0.05555555555555555,17,0.9444444444444444,0,0.0,2,Engage,0.8473913073539734,2,Engage,0.533279299736023,2,Engage,1.0,2,Engage,0.8549752235412598,2,Engage,0.8502065539360046,1,Disengage,0.6457446813583374,2,Engage,0.8000741600990295,2,Engage,0.7923305034637451,2,Engage,0.4376067519187927,2,Engage,0.8838777542114258,2,Engage,0.5124247670173645,2,Engage,0.4954009354114532,2,Engage,0.86902916431427,2,Engage,0.5192121863365173,2,Engage,0.6168954372406006,2,Engage,0.8205611109733582,2,Engage,0.6559341549873352,2,Engage,0.4326218068599701
video10_87_person9,18,0.477124183006536,0.4955380299191111,0.677863801519076,2,Engage,10,0,0.0,8,0.4444444444444444,10,0.5555555555555556,0,0.0,2,Engage,0.5810977220535278,1,Disengage,0.6545474529266357,1,Disengage,1.0,2,Engage,0.7601529359817505,2,Engage,0.9457272291183472,1,Disengage,0.7962613105773926,2,Engage,0.7169223427772522,1,Disengage,0.4980883598327636,1,Disengage,0.5026953220367432,2,Engage,0.8622496724128723,1,Disengage,0.5660176277160645,2,Engage,0.5202890634536743,2,Engage,0.5315844416618347,1,Disengage,0.7920547127723694,1,Disengage,0.9438453912734984,2,Engage,0.495429128408432,2,Engage,0.6750323176383972,2,Engage,0.3595533967018127
video10_88_person19,18,0.7058823529411765,0.32501121082417705,0.7684452384710312,3,Highly Engage,15,0,0.0,0,0.0,3,0.16666666666666666,15,0.8333333333333334,3,Highly Engage,0.5276817083358765,3,Highly Engage,0.7688651084899902,2,Engage,1.0,3,Highly Engage,0.4450060129165649,3,Highly Engage,0.6728633642196655,3,Highly Engage,0.6145749688148499,2,Engage,0.488878071308136,3,Highly Engage,0.8665876388549805,2,Engage,0.4794579148292541,3,Highly Engage,0.3587068021297455,3,Highly Engage,0.9135399460792542,3,Highly Engage,0.7480040192604065,3,Highly Engage,0.9977694749832152,3,Highly Engage,0.9994699358940125,3,Highly Engage,0.9999998807907104,3,Highly Engage,0.9653629064559937,3,Highly Engage,0.9948949217796326,3,Highly Engage,0.9903516173362732
video10_88_person7,18,0.39869281045751637,0.6758220575766961,0.6532229052649604,2,Engage,10,2,0.1111111111111111,6,0.3333333333333333,10,0.5555555555555556,0,0.0,2,Engage,0.4338181912899017,1,Disengage,0.4731108844280243,1,Disengage,1.0,2,Engage,0.6130238771438599,2,Engage,0.471673846244812,0,Highly Disengage,0.8286168575286865,2,Engage,0.647172749042511,1,Disengage,0.7992682456970215,2,Engage,0.3617455065250397,2,Engage,0.8349148035049438,1,Disengage,0.6814165115356445,0,Highly Disengage,0.6967920064926147,2,Engage,0.7701257467269897,2,Engage,0.461764395236969,2,Engage,0.9890833497047424,2,Engage,0.6677418351173401,1,Disengage,0.5897878408432007,1,Disengage,0.4379556477069855
video10_89_person10,18,0.7908496732026143,0.25162916738782287,0.7371408939361572,2,Engage,16,0,0.0,0,0.0,16,0.8888888888888888,2,0.1111111111111111,2,Engage,0.735093355178833,2,Engage,0.5731686353683472,2,Engage,1.0,2,Engage,0.936961829662323,2,Engage,0.8404538035392761,2,Engage,0.5941857099533081,2,Engage,0.8830391764640808,3,Highly Engage,0.8632425665855408,3,Highly Engage,0.7714825868606567,2,Engage,0.8670222759246826,2,Engage,0.3977772295475006,2,Engage,0.5778190493583679,2,Engage,0.798037052154541,2,Engage,0.5867438912391663,2,Engage,0.7325571179389954,2,Engage,0.9378437399864196,2,Engage,0.7427772283554077,2,Engage,0.4303308427333832
video10_89_person12,18,0.6143790849673203,0.4722442670831027,0.664806067943573,2,Engage,14,0,0.0,1,0.05555555555555555,14,0.7777777777777778,3,0.16666666666666666,2,Engage,0.8116723895072937,2,Engage,0.7639349102973938,2,Engage,1.0,2,Engage,0.6963396668434143,3,Highly Engage,0.578589916229248,1,Disengage,0.4042569100856781,2,Engage,0.4469224810600281,3,Highly Engage,0.8949702382087708,3,Highly Engage,0.4695945680141449,2,Engage,0.9370554089546204,2,Engage,0.5500950813293457,2,Engage,0.5663278698921204,2,Engage,0.733106791973114,2,Engage,0.6294339299201965,2,Engage,0.8943284153938293,2,Engage,0.6746416091918945,2,Engage,0.5060701966285706,2,Engage,0.4091688394546509
video10_89_person19,18,0.7058823529411765,0.32501121082417705,0.858730384045177,3,Highly Engage,15,0,0.0,0,0.0,3,0.16666666666666666,15,0.8333333333333334,3,Highly Engage,0.762480616569519,3,Highly Engage,0.9874123334884644,2,Engage,1.0,3,Highly Engage,0.9159747958183287,3,Highly Engage,0.91331946849823,3,Highly Engage,0.9395514726638794,2,Engage,0.752606213092804,3,Highly Engage,0.7934399843215942,2,Engage,0.4409714043140411,3,Highly Engage,0.665309727191925,3,Highly Engage,0.902424693107605,3,Highly Engage,0.3991008400917053,3,Highly Engage,0.9999570846557616,3,Highly Engage,0.9999657869338988,3,Highly Engage,1.0,3,Highly Engage,0.9863704442977904,3,Highly Engage,0.999680757522583,3,Highly Engage,0.9985812902450562
video10_89_person7,18,0.3202614379084967,0.8379110287883481,0.5912843131356769,2,Engage,9,5,0.2777777777777778,3,0.16666666666666666,9,0.5,1,0.05555555555555555,2,Engage,0.5427482724189758,2,Engage,0.4539959132671356,2,Engage,0.8589359521865845,2,Engage,0.7140869498252869,3,Highly Engage,0.5559645891189575,1,Disengage,0.3935771584510803,2,Engage,0.5218804478645325,0,Highly Disengage,0.735729455947876,2,Engage,0.4462338387966156,2,Engage,0.7498534917831421,0,Highly Disengage,0.4772998988628387,0,Highly Disengage,0.6026221513748169,2,Engage,0.5101377964019775,1,Disengage,0.5526638627052307,1,Disengage,0.8755700588226318,2,Engage,0.5124563574790955,0,Highly Disengage,0.6332826018333435,0,Highly Disengage,0.506078839302063
video10_8_person13,18,0.7843137254901961,0.30718472294337845,0.7589414815107981,2,Engage,16,0,0.0,1,0.05555555555555555,16,0.8888888888888888,1,0.05555555555555555,2,Engage,0.8961737155914307,2,Engage,0.7433543801307678,2,Engage,1.0,2,Engage,0.9952444434165956,2,Engage,0.9872148036956788,2,Engage,0.8567565679550171,2,Engage,0.8070735335350037,2,Engage,0.7057281136512756,2,Engage,0.3961421549320221,2,Engage,0.8556423187255859,2,Engage,0.5368921756744385,1,Disengage,0.4311255514621734,2,Engage,0.8665674924850464,2,Engage,0.7763516306877136,2,Engage,0.9679982662200928,2,Engage,0.9667506814002992,2,Engage,0.4293740689754486,3,Highly Engage,0.442556768655777
video10_8_person15,18,0.49673202614379086,0.5674849873019705,0.7675830291377174,1,Disengage,12,5,0.2777777777777778,12,0.6666666666666666,1,0.05555555555555555,0,0.0,2,Engage,0.4655777812004089,1,Disengage,0.8838773965835571,1,Disengage,1.0,1,Disengage,0.4841496348381042,1,Disengage,0.7161113619804382,0,Highly Disengage,0.9958732724189758,1,Disengage,0.6302225589752197,1,Disengage,0.7339961528778076,0,Highly Disengage,0.8817737102508545,1,Disengage,0.6660177111625671,0,Highly Disengage,0.8322333693504333,0,Highly Disengage,0.985124409198761,1,Disengage,0.7644826173782349,1,Disengage,0.9055547118186952,1,Disengage,0.8378310203552246,1,Disengage,0.7121919989585876,1,Disengage,0.8414404988288879,0,Highly Disengage,0.4800363183021545
video10_90_person10,18,0.43137254901960786,0.6163301284079103,0.7550931920607885,3,Highly Engage,10,0,0.0,1,0.05555555555555555,7,0.3888888888888889,10,0.5555555555555556,2,Engage,0.5510110855102539,3,Highly Engage,0.6885333061218262,3,Highly Engage,1.0,2,Engage,0.8138808608055115,3,Highly Engage,0.5653536915779114,3,Highly Engage,0.7542372941970825,2,Engage,0.879288375377655,1,Disengage,0.7277893424034119,2,Engage,0.475778192281723,2,Engage,0.5451716780662537,3,Highly Engage,0.8672817349433899,3,Highly Engage,0.9031761288642884,2,Engage,0.7504082322120667,3,Highly Engage,0.8299182653427124,3,Highly Engage,0.9281044602394104,2,Engage,0.7090731859207153,3,Highly Engage,0.7954705357551575,3,Highly Engage,0.807201087474823
video10_90_person33,18,0.43137254901960786,0.6163301284079103,0.5527856399615606,1,Disengage,10,0,0.0,10,0.5555555555555556,7,0.3888888888888889,1,0.05555555555555555,2,Engage,0.4261946082115173,1,Disengage,0.3194547891616821,2,Engage,1.0,2,Engage,0.5368329286575317,3,Highly Engage,0.3512352705001831,1,Disengage,0.4181662797927856,2,Engage,0.6004787683486938,1,Disengage,0.820519745349884,1,Disengage,0.5507951378822327,1,Disengage,0.5140549540519714,1,Disengage,0.4132119715213775,1,Disengage,0.5603111386299133,2,Engage,0.5631359219551086,1,Disengage,0.4761228263378143,1,Disengage,0.6929448246955872,2,Engage,0.6675098538398743,2,Engage,0.6677826642990112,1,Disengage,0.3713898360729217
video10_90_person36,18,0.43137254901960786,0.6163301284079103,0.5527856399615606,1,Disengage,10,0,0.0,10,0.5555555555555556,7,0.3888888888888889,1,0.05555555555555555,2,Engage,0.4261946082115173,1,Disengage,0.3194547891616821,2,Engage,1.0,2,Engage,0.5368329286575317,3,Highly Engage,0.3512352705001831,1,Disengage,0.4181662797927856,2,Engage,0.6004787683486938,1,Disengage,0.820519745349884,1,Disengage,0.5507951378822327,1,Disengage,0.5140549540519714,1,Disengage,0.4132119715213775,1,Disengage,0.5603111386299133,2,Engage,0.5631359219551086,1,Disengage,0.4761228263378143,1,Disengage,0.6929448246955872,2,Engage,0.6675098538398743,2,Engage,0.6677826642990112,1,Disengage,0.3713898360729217
video10_90_person5,18,0.6339869281045751,0.38210225325431013,0.7685682260327868,2,Engage,14,0,0.0,0,0.0,14,0.7777777777777778,4,0.2222222222222222,2,Engage,0.9506106972694396,2,Engage,0.7606924772262573,3,Highly Engage,1.0,2,Engage,0.9959585070610046,2,Engage,0.9791791439056396,2,Engage,0.934347689151764,2,Engage,0.9123141169548036,2,Engage,0.6655206084251404,3,Highly Engage,0.5906606316566467,2,Engage,0.820095956325531,3,Highly Engage,0.6373195052146912,3,Highly Engage,0.8307145833969116,2,Engage,0.859053909778595,2,Engage,0.5735154151916504,2,Engage,0.6205297708511353,2,Engage,0.5929397344589233,2,Engage,0.688711404800415,2,Engage,0.4220639169216156
video10_90_person7,18,0.3202614379084967,0.7652465283787413,0.616564487417539,1,Disengage,8,6,0.3333333333333333,8,0.4444444444444444,4,0.2222222222222222,0,0.0,2,Engage,0.498300164937973,1,Disengage,0.4307014346122741,1,Disengage,1.0,2,Engage,0.7588402628898621,1,Disengage,0.4270956218242645,1,Disengage,0.4596129953861236,1,Disengage,0.5485491752624512,0,Highly Disengage,0.8187311291694641,1,Disengage,0.5623802542686462,1,Disengage,0.4916923642158508,0,Highly Disengage,0.5665377378463745,0,Highly Disengage,0.640247106552124,2,Engage,0.5232899188995361,0,Highly Disengage,0.7180587649345398,1,Disengage,0.794292688369751,2,Engage,0.4664438962936401,0,Highly Disengage,0.7802231907844543,0,Highly Disengage,0.6131640672683716
video10_91_person10,18,0.8888888888888888,0.1547717145751626,0.794279909796185,2,Engage,17,0,0.0,1,0.05555555555555555,17,0.9444444444444444,0,0.0,2,Engage,0.8653306365013123,2,Engage,0.7960248589515686,2,Engage,1.0,2,Engage,0.964539647102356,2,Engage,0.9480431079864502,2,Engage,0.7093024253845215,2,Engage,0.8868396282196045,2,Engage,0.672735333442688,2,Engage,0.4626363217830658,2,Engage,0.84560626745224,1,Disengage,0.5150206089019775,2,Engage,0.5200247764587402,2,Engage,0.9702621698379515,2,Engage,0.92706960439682,2,Engage,0.9853972792625428,2,Engage,0.9865134358406068,2,Engage,0.8144975304603577,2,Engage,0.427194744348526
video10_91_person12,18,0.33986928104575165,0.7477690149595555,0.6241807325018777,2,Engage,9,0,0.0,5,0.2777777777777778,9,0.5,4,0.2222222222222222,2,Engage,0.8103857040405273,2,Engage,0.6666290760040283,2,Engage,1.0,2,Engage,0.6654937267303467,1,Disengage,0.564163863658905,1,Disengage,0.4085670113563537,2,Engage,0.807817280292511,1,Disengage,0.52719646692276,1,Disengage,0.4260552525520324,2,Engage,0.8884202837944031,2,Engage,0.6097561717033386,1,Disengage,0.5365497469902039,2,Engage,0.682155430316925,3,Highly Engage,0.5704433917999268,3,Highly Engage,0.6475188732147217,3,Highly Engage,0.5523400902748108,3,Highly Engage,0.4540094435214996,2,Engage,0.4177513718605041
video10_91_person3,18,1.0,-0.0,0.7985054850578308,2,Engage,18,0,0.0,0,0.0,18,1.0,0,0.0,2,Engage,0.9500291347503662,2,Engage,0.8832433223724365,2,Engage,1.0,2,Engage,0.9553802013397216,2,Engage,0.7986716628074646,2,Engage,0.6925008296966553,2,Engage,0.8798811435699463,2,Engage,0.5456783771514893,2,Engage,0.4782764911651611,2,Engage,0.9426183104515076,2,Engage,0.6201186776161194,2,Engage,0.5500353574752808,2,Engage,0.9922325611114502,2,Engage,0.8945950269699097,2,Engage,0.989498734474182,2,Engage,0.9741892218589784,2,Engage,0.792863667011261,2,Engage,0.4332860112190246
video10_94_person13,18,0.8888888888888888,0.1547717145751626,0.7548225952519311,2,Engage,17,0,0.0,1,0.05555555555555555,17,0.9444444444444444,0,0.0,2,Engage,0.6639741063117981,2,Engage,0.7763328552246094,1,Disengage,1.0,2,Engage,0.8012056350708008,2,Engage,0.9223284721374512,2,Engage,0.7008572220802307,2,Engage,0.8129556179046631,2,Engage,0.755929708480835,2,Engage,0.4060134887695312,2,Engage,0.91557377576828,2,Engage,0.6967450380325317,2,Engage,0.6665616631507874,2,Engage,0.9363588094711304,2,Engage,0.8145301342010498,2,Engage,0.7395334839820862,2,Engage,0.9436664581298828,2,Engage,0.6058391332626343,2,Engage,0.4284011125564575
video10_94_person7,18,0.7843137254901961,0.30718472294337845,0.7155529111623764,1,Disengage,16,1,0.05555555555555555,16,0.8888888888888888,1,0.05555555555555555,0,0.0,1,Disengage,0.9055342078208924,1,Disengage,0.8521667718887329,1,Disengage,1.0,2,Engage,0.4712909758090973,1,Disengage,0.505024254322052,1,Disengage,0.6391807794570923,1,Disengage,0.698011577129364,1,Disengage,0.8728513717651367,1,Disengage,0.6908875107765198,1,Disengage,0.5861210823059082,1,Disengage,0.6435167193412781,1,Disengage,0.780306875705719,1,Disengage,0.7310593724250793,1,Disengage,0.943205952644348,1,Disengage,0.9866085648536682,1,Disengage,0.5930721759796143,1,Disengage,0.5076330900192261,0,Highly Disengage,0.4734811186790466
video10_94_person9,18,0.5359477124183006,0.5610568385545543,0.7098196380668216,1,Disengage,13,2,0.1111111111111111,13,0.7222222222222222,3,0.16666666666666666,0,0.0,1,Disengage,0.5838721394538879,1,Disengage,0.6040542721748352,1,Disengage,1.0,1,Disengage,0.9155353307724,1,Disengage,0.8504598736763,1,Disengage,0.766363263130188,2,Engage,0.8227046132087708,2,Engage,0.5208116173744202,2,Engage,0.4629749953746795,1,Disengage,0.6860840320587158,0,Highly Disengage,0.9195536375045776,0,Highly Disengage,0.7447268962860107,1,Disengage,0.6407828330993652,1,Disengage,0.7483268976211548,1,Disengage,0.8986843228340149,1,Disengage,0.5721723437309265,1,Disengage,0.6795417070388794,1,Disengage,0.3601047098636627
video10_95_person6,18,0.35294117647058826,0.7295739585136225,0.7396887226237191,2,Engage,9,3,0.16666666666666666,6,0.3333333333333333,9,0.5,0,0.0,2,Engage,0.9593651294708252,2,Engage,0.975951075553894,1,Disengage,1.0,2,Engage,0.983638882637024,2,Engage,0.973365604877472,2,Engage,0.8784611225128174,1,Disengage,0.5102581977844238,2,Engage,0.4982214868068695,0,Highly Disengage,0.6175072193145752,2,Engage,0.7386730313301086,2,Engage,0.5523040294647217,1,Disengage,0.5357897281646729,1,Disengage,0.5325314998626709,1,Disengage,0.5295034050941467,0,Highly Disengage,0.8248075842857361,2,Engage,0.7363744378089905,1,Disengage,0.7293986082077026,0,Highly Disengage,0.738245964050293
video10_95_person7,18,0.35294117647058826,0.8079022659701258,0.6981400450070699,1,Disengage,10,4,0.2222222222222222,10,0.5555555555555556,3,0.16666666666666666,1,0.05555555555555555,1,Disengage,0.7937588095664978,1,Disengage,0.9449726343154908,1,Disengage,1.0,2,Engage,0.650155782699585,1,Disengage,0.5858651995658875,0,Highly Disengage,0.77823805809021,2,Engage,0.5231613516807556,1,Disengage,0.6281868815422058,1,Disengage,0.5240587592124939,2,Engage,0.7268280982971191,3,Highly Engage,0.3807083964347839,1,Disengage,0.6588550806045532,1,Disengage,0.6995341181755066,1,Disengage,0.680465042591095,1,Disengage,0.9676955342292786,0,Highly Disengage,0.3817952275276184,0,Highly Disengage,0.929272711277008,0,Highly Disengage,0.7129691243171692
video10_96_person1,18,0.41830065359477125,0.6258145836939114,0.724686880906423,2,Engage,9,0,0.0,8,0.4444444444444444,9,0.5,1,0.05555555555555555,2,Engage,0.7362177968025208,1,Disengage,0.9575296640396118,1,Disengage,1.0,2,Engage,0.9224810004234314,2,Engage,0.8150861263275146,2,Engage,0.4432409405708313,2,Engage,0.7773791551589966,3,Highly Engage,0.7904815673828125,2,Engage,0.4860583543777466,2,Engage,0.5777826309204102,1,Disengage,0.6755079627037048,1,Disengage,0.829692542552948,2,Engage,0.5612332224845886,1,Disengage,0.6346584558486938,1,Disengage,0.9057791233062744,2,Engage,0.8344820141792297,1,Disengage,0.6999337673187256,1,Disengage,0.396819531917572
video10_97_person10,18,0.6928104575163399,0.4015358636620513,0.7377337416013082,2,Engage,15,0,0.0,1,0.05555555555555555,15,0.8333333333333334,2,0.1111111111111111,2,Engage,0.8943946361541748,2,Engage,0.7709755301475525,2,Engage,1.0,2,Engage,0.9232840538024902,2,Engage,0.8299369215965271,2,Engage,0.577969491481781,2,Engage,0.9441336989402772,2,Engage,0.6727953553199768,1,Disengage,0.4045702815055847,2,Engage,0.6716217994689941,3,Highly Engage,0.8346315622329712,3,Highly Engage,0.4771951735019684,2,Engage,0.8436229825019836,2,Engage,0.8236764073371887,2,Engage,0.7528277635574341,2,Engage,0.9232131242752076,2,Engage,0.5644378662109375,2,Engage,0.3699207007884979
video10_97_person13,18,0.7843137254901961,0.30718472294337845,0.7936940838893255,2,Engage,16,0,0.0,1,0.05555555555555555,16,0.8888888888888888,1,0.05555555555555555,2,Engage,0.7876440286636353,2,Engage,0.7851259708404541,1,Disengage,1.0,2,Engage,0.8632968664169312,2,Engage,0.9488978385925292,2,Engage,0.7803674340248108,2,Engage,0.8238818049430847,2,Engage,0.7689386606216431,3,Highly Engage,0.5029719471931458,2,Engage,0.9147531986236572,2,Engage,0.6971707344055176,2,Engage,0.6631177067756653,2,Engage,0.9418677687644958,2,Engage,0.877530574798584,2,Engage,0.9192279577255248,2,Engage,0.9481634497642516,2,Engage,0.6464300751686096,2,Engage,0.417107492685318
video10_97_person2,18,0.8888888888888888,0.1547717145751626,0.7375341041220559,2,Engage,17,0,0.0,1,0.05555555555555555,17,0.9444444444444444,0,0.0,2,Engage,0.9534494280815125,2,Engage,0.7143051028251648,2,Engage,1.0,2,Engage,0.9411906003952026,2,Engage,0.7526715993881226,1,Disengage,0.6184898614883423,2,Engage,0.8464624285697937,2,Engage,0.8096893429756165,2,Engage,0.4744408726692199,2,Engage,0.8945993781089783,2,Engage,0.7863578200340271,2,Engage,0.6860284805297852,2,Engage,0.6567870378494263,2,Engage,0.5310350060462952,2,Engage,0.5999001860618591,2,Engage,0.9536380171775818,2,Engage,0.6578869223594666,2,Engage,0.3986817896366119
video10_98_person7,18,0.49673202614379086,0.4820393824041145,0.7595277511411243,1,Disengage,11,7,0.3888888888888889,11,0.6111111111111112,0,0.0,0,0.0,1,Disengage,0.4861164391040802,1,Disengage,0.5958189964294434,1,Disengage,1.0,0,Highly Disengage,0.6751821637153625,0,Highly Disengage,0.9565443396568298,0,Highly Disengage,0.992340326309204,1,Disengage,0.7519440650939941,1,Disengage,0.8775917291641235,0,Highly Disengage,0.5261468887329102,1,Disengage,0.4662784039974212,1,Disengage,0.7833524346351624,1,Disengage,0.6819966435432434,1,Disengage,0.7102852463722229,0,Highly Disengage,0.8747133612632751,1,Disengage,0.9558265209197998,1,Disengage,0.4761912524700165,0,Highly Disengage,0.978857398033142,0,Highly Disengage,0.8823133111000061
video10_99_person12,18,0.7843137254901961,0.30718472294337845,0.7263194090790219,1,Disengage,16,1,0.05555555555555555,16,0.8888888888888888,1,0.05555555555555555,0,0.0,1,Disengage,0.7630874514579773,1,Disengage,0.8470132946968079,1,Disengage,1.0,2,Engage,0.6219288110733032,1,Disengage,0.7569108009338379,1,Disengage,0.7769973874092102,1,Disengage,0.6506638526916504,1,Disengage,0.9220045804977416,1,Disengage,0.4498764276504516,1,Disengage,0.8401046395301819,1,Disengage,0.9315297603607178,1,Disengage,0.8571650385856628,1,Disengage,0.61834317445755,1,Disengage,0.6783815026283264,1,Disengage,0.7128407955169678,1,Disengage,0.5920416116714478,1,Disengage,0.615776538848877,0,Highly Disengage,0.4390836954116821
video14_10_person14,18,0.6928104575163399,0.40153586366205124,0.7725362694925733,2,Engage,15,0,0.0,2,0.1111111111111111,15,0.8333333333333334,1,0.05555555555555555,2,Engage,0.8194197416305542,1,Disengage,0.4435203075408935,1,Disengage,1.0,2,Engage,0.8760355710983276,2,Engage,0.9856831431388856,2,Engage,0.8364914655685425,2,Engage,0.8313331604003906,3,Highly Engage,0.4995922744274139,2,Engage,0.4333571195602417,2,Engage,0.8240966200828552,2,Engage,0.670007586479187,2,Engage,0.6325473189353943,2,Engage,0.9582178592681884,2,Engage,0.9946586489677428,2,Engage,0.905349612236023,2,Engage,0.9985492825508118,2,Engage,0.7588630318641663,2,Engage,0.4379301071166992
video14_11_person2,18,0.7908496732026143,0.25162916738782287,0.7204382618268331,2,Engage,16,0,0.0,0,0.0,16,0.8888888888888888,2,0.1111111111111111,2,Engage,0.8611969947814941,2,Engage,0.5424099564552307,2,Engage,1.0,2,Engage,0.8949440121650696,2,Engage,0.5035399794578552,2,Engage,0.5302717089653015,2,Engage,0.8659571409225464,3,Highly Engage,0.6019930839538574,2,Engage,0.4487111270427704,2,Engage,0.8026010394096375,2,Engage,0.439190000295639,3,Highly Engage,0.5739835500717163,2,Engage,0.9248674511909484,2,Engage,0.9581100344657898,2,Engage,0.9026966094970704,2,Engage,0.982141137123108,2,Engage,0.721861720085144,2,Engage,0.4134131669998169
video14_11_person8,18,0.6928104575163399,0.4015358636620513,0.7252382321490182,2,Engage,15,0,0.0,1,0.05555555555555555,15,0.8333333333333334,2,0.1111111111111111,2,Engage,0.8540421724319458,2,Engage,0.5174329876899719,1,Disengage,1.0,2,Engage,0.9333592057228088,2,Engage,0.751778781414032,2,Engage,0.4255708754062652,2,Engage,0.8281564712524414,2,Engage,0.767102062702179,2,Engage,0.4222981333732605,2,Engage,0.4924136996269226,3,Highly Engage,0.7179403901100159,3,Highly Engage,0.5591380000114441,2,Engage,0.9990227222442628,2,Engage,0.96387779712677,2,Engage,0.9523594975471495,2,Engage,0.9820245504379272,2,Engage,0.507908284664154,2,Engage,0.3798625469207763
video14_12_person10,18,0.45751633986928103,0.597086867128456,0.6585459212462107,2,Engage,11,1,0.05555555555555555,6,0.3333333333333333,11,0.6111111111111112,0,0.0,2,Engage,0.7547447085380554,2,Engage,0.5955916047096252,1,Disengage,1.0,2,Engage,0.913006603717804,2,Engage,0.871681809425354,1,Disengage,0.5608534216880798,0,Highly Disengage,0.469380259513855,2,Engage,0.5900143980979919,1,Disengage,0.456998199224472,2,Engage,0.8970842361450195,2,Engage,0.6647078990936279,2,Engage,0.6056036353111267,2,Engage,0.7515556216239929,1,Disengage,0.4115821421146393,2,Engage,0.3499872088432312,2,Engage,0.9596697688102722,1,Disengage,0.585878849029541,1,Disengage,0.415486216545105
video14_13_person6,18,0.49673202614379086,0.4820393824041145,0.6168480730719037,2,Engage,11,0,0.0,7,0.3888888888888889,11,0.6111111111111112,0,0.0,2,Engage,0.7002449631690979,1,Disengage,0.7446879744529724,2,Engage,1.0,2,Engage,0.7387651205062866,2,Engage,0.4900716841220855,2,Engage,0.5527575612068176,2,Engage,0.7786806225776672,1,Disengage,0.5411356091499329,1,Disengage,0.4624802768230438,2,Engage,0.6878827810287476,1,Disengage,0.4897707402706146,1,Disengage,0.7630311250686646,1,Disengage,0.5340834259986877,1,Disengage,0.5703080892562866,2,Engage,0.4356285631656647,2,Engage,0.6272881627082825,2,Engage,0.5733011960983276,2,Engage,0.4131474196910858
video14_14_person0,18,0.5751633986928104,0.4262025893247393,0.7468935896952947,2,Engage,13,0,0.0,0,0.0,13,0.7222222222222222,5,0.2777777777777778,2,Engage,0.8475279808044434,2,Engage,0.5922858119010925,2,Engage,1.0,2,Engage,0.8375807404518127,3,Highly Engage,0.7453270554542542,2,Engage,0.5296230316162109,2,Engage,0.7896174192428589,3,Highly Engage,0.7880624532699585,2,Engage,0.5357508063316345,2,Engage,0.8269153237342834,3,Highly Engage,0.7384055256843567,3,Highly Engage,0.7588903903961182,2,Engage,0.9298330545425416,2,Engage,0.7324180603027344,2,Engage,0.7341538667678833,2,Engage,0.8999187350273132,2,Engage,0.6601650714874268,3,Highly Engage,0.4976092875003814
video14_15_person6,18,0.39869281045751637,0.6758220575766962,0.700765010383394,1,Disengage,10,0,0.0,10,0.5555555555555556,6,0.3333333333333333,2,0.1111111111111111,2,Engage,0.5792713761329651,3,Highly Engage,0.5968487858772278,1,Disengage,0.9999996423721312,1,Disengage,0.9317775368690492,1,Disengage,0.8942750096321106,1,Disengage,0.9440357089042664,2,Engage,0.7109175324440002,2,Engage,0.5423609018325806,2,Engage,0.4108477234840393,2,Engage,0.6359514594078064,3,Highly Engage,0.4684115946292877,1,Disengage,0.7456372380256653,1,Disengage,0.6649154424667358,1,Disengage,0.8593812584877014,1,Disengage,0.9664167165756226,2,Engage,0.5310444831848145,1,Disengage,0.701216995716095,1,Disengage,0.4304607808589935
video14_16_person0,18,0.6928104575163399,0.4015358636620513,0.695415253440539,2,Engage,15,0,0.0,1,0.05555555555555555,15,0.8333333333333334,2,0.1111111111111111,2,Engage,0.779914140701294,2,Engage,0.5832863450050354,2,Engage,1.0,2,Engage,0.7244141101837158,3,Highly Engage,0.4245553016662597,2,Engage,0.6004351377487183,2,Engage,0.7877525091171265,3,Highly Engage,0.4901067912578583,2,Engage,0.4973118305206299,2,Engage,0.8483899831771851,2,Engage,0.5109780430793762,1,Disengage,0.5145187973976135,2,Engage,0.9711435437202454,2,Engage,0.7723400592803955,2,Engage,0.9191311001777648,2,Engage,0.9654718041419984,2,Engage,0.7220784425735474,2,Engage,0.4056466221809387
video14_16_person12,18,0.6339869281045751,0.38210225325431013,0.6338920113113191,1,Disengage,14,0,0.0,14,0.7777777777777778,4,0.2222222222222222,0,0.0,2,Engage,0.6229194402694702,1,Disengage,0.4267838299274444,1,Disengage,1.0,1,Disengage,0.745384693145752,1,Disengage,0.6904178261756897,1,Disengage,0.669907808303833,1,Disengage,0.57924485206604,1,Disengage,0.5718688368797302,1,Disengage,0.4777145385742187,2,Engage,0.5108935832977295,1,Disengage,0.6332595944404602,1,Disengage,0.4887241423130035,2,Engage,0.8167414665222168,1,Disengage,0.8477557897567749,1,Disengage,0.6986569762229919,2,Engage,0.6211069226264954,1,Disengage,0.6254521012306213,1,Disengage,0.3832238018512726
video14_16_person14,18,0.5294117647058824,0.4591479170272447,0.6329857392443551,1,Disengage,12,0,0.0,12,0.6666666666666666,6,0.3333333333333333,0,0.0,2,Engage,0.4437795281410217,1,Disengage,0.3450562655925751,1,Disengage,1.0,1,Disengage,0.6685019731521606,1,Disengage,0.4706117808818817,1,Disengage,0.6928775310516357,1,Disengage,0.7175394892692566,1,Disengage,0.6308738589286804,1,Disengage,0.4070664048194885,1,Disengage,0.6190786361694336,1,Disengage,0.6868649125099182,1,Disengage,0.5869574546813965,2,Engage,0.8906466364860535,2,Engage,0.8478485941886902,2,Engage,0.7282195091247559,2,Engage,0.7601287364959717,1,Disengage,0.4926735758781433,2,Engage,0.4050184190273285
video14_16_person15,18,0.49673202614379086,0.4820393824041145,0.5871638738446765,2,Engage,11,0,0.0,7,0.3888888888888889,11,0.6111111111111112,0,0.0,2,Engage,0.6953195929527283,2,Engage,0.4200499355792999,2,Engage,1.0,1,Disengage,0.5108345746994019,1,Disengage,0.5054269433021545,2,Engage,0.4376466572284698,2,Engage,0.7323381900787354,1,Disengage,0.7956882119178772,2,Engage,0.4017911255359649,2,Engage,0.5977160930633545,2,Engage,0.3396153450012207,1,Disengage,0.526940643787384,1,Disengage,0.5064509510993958,2,Engage,0.3868808448314667,1,Disengage,0.9848531484603882,2,Engage,0.844853401184082,2,Engage,0.5106456279754639,1,Disengage,0.3718984425067901
video14_16_person16,18,0.47058823529411764,0.5,0.6872942811912961,1,Disengage,9,0,0.0,9,0.5,9,0.5,0,0.0,2,Engage,0.7386593222618103,1,Disengage,0.5139065384864807,2,Engage,1.0,2,Engage,0.7656278610229492,2,Engage,0.6596347689628601,1,Disengage,0.5200324058532715,2,Engage,0.7729804515838623,1,Disengage,0.6070915460586548,1,Disengage,0.6340874433517456,2,Engage,0.6073058843612671,1,Disengage,0.6040990948677063,1,Disengage,0.7343658208847046,2,Engage,0.7929773926734924,1,Disengage,0.7250761985778809,1,Disengage,0.9216352701187134,2,Engage,0.7937934994697571,1,Disengage,0.6021078824996948,2,Engage,0.3779156804084778
video14_17_person15,18,0.45751633986928103,0.5970868671284559,0.6248589091830783,1,Disengage,11,0,0.0,11,0.6111111111111112,6,0.3333333333333333,1,0.05555555555555555,2,Engage,0.667988657951355,1,Disengage,0.5009333491325378,2,Engage,1.0,1,Disengage,0.6365145444869995,1,Disengage,0.7579637765884399,1,Disengage,0.6221140623092651,2,Engage,0.6221877932548523,1,Disengage,0.4949095547199249,1,Disengage,0.476700872182846,1,Disengage,0.5569460988044739,1,Disengage,0.7367698550224304,1,Disengage,0.6425524950027466,2,Engage,0.6300475597381592,3,Highly Engage,0.4129378497600555,1,Disengage,0.5950896739959717,2,Engage,0.9242860078811646,1,Disengage,0.5877681374549866,2,Engage,0.381750077009201
video14_17_person5,18,0.5294117647058824,0.4591479170272447,0.6406484560834037,2,Engage,12,0,0.0,6,0.3333333333333333,12,0.6666666666666666,0,0.0,2,Engage,0.5103269219398499,2,Engage,0.5311585664749146,1,Disengage,1.0,2,Engage,0.8558866381645203,1,Disengage,0.5821998119354248,1,Disengage,0.5941181778907776,2,Engage,0.5909593105316162,2,Engage,0.5095688104629517,2,Engage,0.4151204526424408,2,Engage,0.8063364624977112,2,Engage,0.4194523692131042,1,Disengage,0.7279035449028015,2,Engage,0.5830925107002258,2,Engage,0.5011346340179443,2,Engage,0.9110708236694336,2,Engage,0.940336048603058,1,Disengage,0.6020943522453308,1,Disengage,0.4509127736091614
video14_18_person8,18,0.45751633986928103,0.5970868671284559,0.7213912821478314,1,Disengage,11,1,0.05555555555555555,11,0.6111111111111112,6,0.3333333333333333,0,0.0,2,Engage,0.4676674902439117,1,Disengage,0.4657136797904968,1,Disengage,1.0,2,Engage,0.9011555910110474,1,Disengage,0.4181588590145111,1,Disengage,0.4910139441490173,1,Disengage,0.8132598400115967,1,Disengage,0.9381139874458312,0,Highly Disengage,0.6657189130783081,1,Disengage,0.8249362111091614,1,Disengage,0.830302894115448,1,Disengage,0.5403175354003906,2,Engage,0.9894447922706604,2,Engage,0.8389772772789001,2,Engage,0.8120124340057373,2,Engage,0.9034647941589355,1,Disengage,0.6848583817481995,1,Disengage,0.3999264538288116
video14_19_person18,18,0.8888888888888888,0.1547717145751626,0.7771933244334327,2,Engage,17,0,0.0,0,0.0,17,0.9444444444444444,1,0.05555555555555555,2,Engage,0.9002016186714172,2,Engage,0.6099265217781067,2,Engage,1.0,2,Engage,0.9780213832855223,2,Engage,0.9932676553726196,2,Engage,0.9101039171218872,2,Engage,0.9112049341201782,2,Engage,0.830522358417511,3,Highly Engage,0.537957489490509,2,Engage,0.8057349920272827,2,Engage,0.578583836555481,2,Engage,0.4522584974765777,2,Engage,0.927143692970276,2,Engage,0.7624035477638245,2,Engage,0.8347738981246948,2,Engage,0.9515461325645448,2,Engage,0.5916500091552734,2,Engage,0.4141793549060821
video14_20_person0,18,0.47058823529411764,0.5,0.7146066990163591,2,Engage,9,0,0.0,0,0.0,9,0.5,9,0.5,2,Engage,0.8226692080497742,3,Highly Engage,0.6360990405082703,2,Engage,1.0,2,Engage,0.5075600743293762,3,Highly Engage,0.8293890953063965,3,Highly Engage,0.8003278374671936,2,Engage,0.7661225199699402,3,Highly Engage,0.7799444198608398,3,Highly Engage,0.5482953190803528,3,Highly Engage,0.7366855144500732,3,Highly Engage,0.8826891183853149,3,Highly Engage,0.8282003998756409,2,Engage,0.6296696662902832,2,Engage,0.5159205198287964,2,Engage,0.9999985694885254,2,Engage,0.6202778816223145,3,Highly Engage,0.5296306014060974,2,Engage,0.4294407963752746
video14_21_person19,18,0.7908496732026143,0.25162916738782287,0.6746627075804604,1,Disengage,16,0,0.0,16,0.8888888888888888,2,0.1111111111111111,0,0.0,2,Engage,0.5064288973808289,1,Disengage,0.342461496591568,1,Disengage,1.0,1,Disengage,0.768051028251648,1,Disengage,0.8576604723930359,1,Disengage,0.8856319785118103,1,Disengage,0.5983352065086365,1,Disengage,0.6927974224090576,1,Disengage,0.564443051815033,1,Disengage,0.5878464579582214,1,Disengage,0.7610006928443909,1,Disengage,0.7690169811248779,1,Disengage,0.6940904259681702,1,Disengage,0.6148260235786438,1,Disengage,0.7990846037864685,1,Disengage,0.6471715569496155,1,Disengage,0.6769266128540039,2,Engage,0.3781558275222778
video14_22_person11,18,0.43137254901960786,0.6163301284079103,0.7083947608868281,2,Engage,10,1,0.05555555555555555,7,0.3888888888888889,10,0.5555555555555556,0,0.0,2,Engage,0.6867915391921997,1,Disengage,0.7692185044288635,1,Disengage,1.0,2,Engage,0.894924521446228,2,Engage,0.9889378547668456,2,Engage,0.7139345407485962,2,Engage,0.5309029817581177,1,Disengage,0.6595147848129272,1,Disengage,0.5691956281661987,2,Engage,0.6643280982971191,1,Disengage,0.5559492707252502,0,Highly Disengage,0.509665310382843,2,Engage,0.7636876702308655,2,Engage,0.650301992893219,2,Engage,0.8825346827507019,2,Engage,0.9593039155006408,1,Disengage,0.5737754702568054,1,Disengage,0.378138929605484
video14_23_person14,18,1.0,-0.0,0.7931942244370779,2,Engage,18,0,0.0,0,0.0,18,1.0,0,0.0,2,Engage,0.9082815051078796,2,Engage,0.4214630722999573,2,Engage,1.0,2,Engage,0.9642184376716614,2,Engage,0.9915056824684144,2,Engage,0.8976122140884399,2,Engage,0.8711029291152954,2,Engage,0.5822661519050598,2,Engage,0.4747898578643799,2,Engage,0.9008741974830629,2,Engage,0.7292042970657349,2,Engage,0.551406979560852,2,Engage,0.9865329265594482,2,Engage,0.957728624343872,2,Engage,0.8897197842597961,2,Engage,0.9862381219863892,2,Engage,0.776992917060852,2,Engage,0.3875583410263061
video14_23_person3,18,0.6339869281045751,0.38210225325431013,0.778651280535592,2,Engage,14,0,0.0,4,0.2222222222222222,14,0.7777777777777778,0,0.0,2,Engage,0.7022467255592346,2,Engage,0.5534036755561829,1,Disengage,1.0,2,Engage,0.9585422873497008,2,Engage,0.840676486492157,2,Engage,0.8455005288124084,2,Engage,0.8093646168708801,1,Disengage,0.6202357411384583,1,Disengage,0.5751100182533264,2,Engage,0.8866190910339355,2,Engage,0.56841641664505,2,Engage,0.580984354019165,2,Engage,0.985238254070282,2,Engage,0.9710501432418824,2,Engage,0.991937816143036,2,Engage,0.9933220744132996,2,Engage,0.7349504828453064,1,Disengage,0.3981243371963501
video14_23_person5,18,0.5751633986928104,0.4262025893247393,0.74318442079756,1,Disengage,13,0,0.0,13,0.7222222222222222,5,0.2777777777777778,0,0.0,2,Engage,0.5043802857398987,1,Disengage,0.6816367506980896,1,Disengage,1.0,2,Engage,0.889499843120575,1,Disengage,0.9559286832809448,1,Disengage,0.9260920882225036,2,Engage,0.6246029734611511,1,Disengage,0.589415967464447,2,Engage,0.4276852309703827,1,Disengage,0.6913401484489441,1,Disengage,0.8882670402526855,1,Disengage,0.8331507444381714,1,Disengage,0.8142916560173035,1,Disengage,0.79753577709198,1,Disengage,0.9741145372390748,2,Engage,0.53834068775177,1,Disengage,0.8440737724304199,1,Disengage,0.3969633877277374
video14_24_person14,18,0.6339869281045751,0.38210225325431013,0.7409492582082748,2,Engage,14,0,0.0,4,0.2222222222222222,14,0.7777777777777778,0,0.0,2,Engage,0.7778801918029785,1,Disengage,0.4212640821933746,1,Disengage,1.0,2,Engage,0.9016180038452148,2,Engage,0.957874059677124,2,Engage,0.7887047529220581,2,Engage,0.8002862334251404,1,Disengage,0.5071355700492859,1,Disengage,0.551843523979187,2,Engage,0.8104932308197021,2,Engage,0.6029980778694153,2,Engage,0.5392552018165588,2,Engage,0.8630149364471436,2,Engage,0.901090681552887,2,Engage,0.9713441729545592,2,Engage,0.9868562817573548,2,Engage,0.5810787081718445,2,Engage,0.3743489384651184
video14_24_person2,18,0.7908496732026143,0.25162916738782287,0.7804231627119912,2,Engage,16,0,0.0,0,0.0,16,0.8888888888888888,2,0.1111111111111111,2,Engage,0.879785418510437,2,Engage,0.5995669960975647,2,Engage,1.0,2,Engage,0.981255054473877,2,Engage,0.98848956823349,2,Engage,0.9365215301513672,2,Engage,0.8704899549484253,3,Highly Engage,0.4942928254604339,3,Highly Engage,0.479302316904068,2,Engage,0.9422008395195008,2,Engage,0.7804184556007385,2,Engage,0.7098841071128845,2,Engage,0.6761838793754578,2,Engage,0.7180607318878174,2,Engage,0.8927095532417297,2,Engage,0.818206250667572,2,Engage,0.853633463382721,2,Engage,0.4266159832477569
video14_24_person3,18,0.8888888888888888,0.1547717145751626,0.7780146996180216,1,Disengage,17,0,0.0,17,0.9444444444444444,1,0.05555555555555555,0,0.0,1,Disengage,0.768415093421936,1,Disengage,0.7452279329299927,1,Disengage,1.0,1,Disengage,0.8764969706535339,1,Disengage,0.9523587226867676,1,Disengage,0.985413372516632,1,Disengage,0.8275550603866577,1,Disengage,0.9575989246368408,1,Disengage,0.5571393966674805,1,Disengage,0.66878741979599,1,Disengage,0.8516862392425537,1,Disengage,0.5386828780174255,1,Disengage,0.7448081374168396,1,Disengage,0.8427823781967163,1,Disengage,0.8423365950584412,2,Engage,0.597984254360199,1,Disengage,0.8111830949783325,1,Disengage,0.4358081221580505
video14_25_person10,18,0.5294117647058824,0.4591479170272447,0.666274400220977,2,Engage,12,0,0.0,6,0.3333333333333333,12,0.6666666666666666,0,0.0,2,Engage,0.7349662780761719,2,Engage,0.6306326985359192,1,Disengage,1.0,2,Engage,0.9023062586784364,2,Engage,0.7998599410057068,1,Disengage,0.5511682629585266,2,Engage,0.7860730290412903,1,Disengage,0.8714699745178223,1,Disengage,0.432919293642044,2,Engage,0.9235265851020812,2,Engage,0.6605616211891174,2,Engage,0.6069889664649963,2,Engage,0.6661601066589355,1,Disengage,0.3610789775848388,2,Engage,0.4202679097652435,2,Engage,0.7414653897285461,2,Engage,0.5277552604675293,1,Disengage,0.375738650560379
video14_25_person3,18,0.41830065359477125,0.6736115199663301,0.6750023315350214,1,Disengage,11,3,0.16666666666666666,11,0.6111111111111112,4,0.2222222222222222,0,0.0,1,Disengage,0.4406103491783142,1,Disengage,0.4501445889472961,1,Disengage,1.0,1,Disengage,0.5368351340293884,1,Disengage,0.7494338750839233,1,Disengage,0.681391716003418,1,Disengage,0.7489274740219116,1,Disengage,0.708402693271637,0,Highly Disengage,0.7409716844558716,0,Highly Disengage,0.4537814259529114,2,Engage,0.4962309896945953,2,Engage,0.617793083190918,2,Engage,0.7201066017150879,1,Disengage,0.6641941070556641,1,Disengage,0.9528599381446838,2,Engage,0.6178313493728638,1,Disengage,0.8660544157028198,0,Highly Disengage,0.704472541809082
video14_26_person12,18,0.5751633986928104,0.4262025893247393,0.6656037900182936,1,Disengage,13,0,0.0,13,0.7222222222222222,5,0.2777777777777778,0,0.0,2,Engage,0.5575034022331238,1,Disengage,0.5558202862739563,1,Disengage,1.0,1,Disengage,0.7299185991287231,1,Disengage,0.8145008683204651,1,Disengage,0.6774076223373413,2,Engage,0.7853672504425049,1,Disengage,0.6945942640304565,1,Disengage,0.5194969177246094,2,Engage,0.5492878556251526,1,Disengage,0.5574476718902588,2,Engage,0.4697871804237366,2,Engage,0.8974217772483826,1,Disengage,0.7423233389854431,1,Disengage,0.739621639251709,1,Disengage,0.5684293508529663,1,Disengage,0.7253183722496033,1,Disengage,0.396621823310852
video14_27_person12,18,0.477124183006536,0.4955380299191111,0.6606236580345366,1,Disengage,10,0,0.0,10,0.5555555555555556,8,0.4444444444444444,0,0.0,2,Engage,0.5820335149765015,2,Engage,0.3344525396823883,1,Disengage,1.0,1,Disengage,0.5543098449707031,1,Disengage,0.6559999585151672,1,Disengage,0.5660539269447327,2,Engage,0.8895198702812195,1,Disengage,0.7184910178184509,1,Disengage,0.4534120857715606,2,Engage,0.7989943623542786,2,Engage,0.5177587866783142,2,Engage,0.5695300698280334,2,Engage,0.9354217648506165,1,Disengage,0.8126497864723206,1,Disengage,0.7562707662582397,2,Engage,0.7276379466056824,1,Disengage,0.6411644220352173,1,Disengage,0.3775251805782318
video14_27_person14,18,0.47058823529411764,0.5,0.6235237138138877,1,Disengage,9,0,0.0,9,0.5,9,0.5,0,0.0,2,Engage,0.567193865776062,1,Disengage,0.4858607947826385,1,Disengage,1.0,2,Engage,0.6512460112571716,2,Engage,0.528654932975769,1,Disengage,0.5725084543228149,2,Engage,0.5372573137283325,1,Disengage,0.4879023730754852,1,Disengage,0.5254432559013367,2,Engage,0.4279887974262237,1,Disengage,0.4799424707889557,1,Disengage,0.6718453764915466,2,Engage,0.977914035320282,2,Engage,0.7756369709968567,2,Engage,0.709010660648346,2,Engage,0.9557344913482666,1,Disengage,0.5070029497146606,1,Disengage,0.3622840940952301
video14_29_person14,18,0.7058823529411765,0.32501121082417705,0.7796070178349813,2,Engage,15,0,0.0,3,0.16666666666666666,15,0.8333333333333334,0,0.0,2,Engage,0.7414166927337646,1,Disengage,0.4504972398281097,1,Disengage,1.0,2,Engage,0.9120627045631408,2,Engage,0.9332987070083618,2,Engage,0.7451335787773132,2,Engage,0.8427939414978027,2,Engage,0.5186392664909363,1,Disengage,0.4400849938392639,2,Engage,0.933476984500885,2,Engage,0.8380999565124512,2,Engage,0.6736964583396912,2,Engage,0.9840261936187744,2,Engage,0.9405477643013,2,Engage,0.9948787689208984,2,Engage,0.9970153570175172,2,Engage,0.6887610554695129,2,Engage,0.3984966576099396
video14_2_person8,18,0.39869281045751637,0.6758220575766961,0.6522769778966904,2,Engage,10,0,0.0,2,0.1111111111111111,10,0.5555555555555556,6,0.3333333333333333,2,Engage,0.5332521796226501,3,Highly Engage,0.5298408269882202,3,Highly Engage,1.0,2,Engage,0.8652252554893494,2,Engage,0.6863546371459961,3,Highly Engage,0.4932075440883636,2,Engage,0.7562294006347656,3,Highly Engage,0.7567761540412903,3,Highly Engage,0.6101571917533875,2,Engage,0.6540207266807556,2,Engage,0.3854490220546722,3,Highly Engage,0.7752768993377686,2,Engage,0.8229016065597534,1,Disengage,0.4697374105453491,1,Disengage,0.5240072011947632,2,Engage,0.9170655608177184,2,Engage,0.5215414762496948,2,Engage,0.4399425089359283
video14_30_person8,18,0.6339869281045751,0.38210225325431013,0.7677164442009397,2,Engage,14,0,0.0,4,0.2222222222222222,14,0.7777777777777778,0,0.0,2,Engage,0.8643964529037476,2,Engage,0.5309249758720398,1,Disengage,1.0,2,Engage,0.8873058557510376,2,Engage,0.9426503777503968,1,Disengage,0.4851932525634765,2,Engage,0.869269073009491,2,Engage,0.7550204396247864,2,Engage,0.4556514620780945,2,Engage,0.908070981502533,1,Disengage,0.4914882779121399,1,Disengage,0.4238703548908233,2,Engage,0.9996838569641112,2,Engage,0.9977601766586304,2,Engage,0.999653697013855,2,Engage,0.9969505071640016,2,Engage,0.7971797585487366,2,Engage,0.4138264954090118
video14_31_person14,18,0.7058823529411765,0.32501121082417705,0.769000326593717,2,Engage,15,0,0.0,3,0.16666666666666666,15,0.8333333333333334,0,0.0,2,Engage,0.7140158414840698,1,Disengage,0.3716960847377777,1,Disengage,1.0,2,Engage,0.9351373910903932,2,Engage,0.9782387018203736,2,Engage,0.7482022047042847,2,Engage,0.8735011219978333,2,Engage,0.526445209980011,1,Disengage,0.4247258007526397,2,Engage,0.9001549482345581,2,Engage,0.7482828497886658,2,Engage,0.6045653820037842,2,Engage,0.9752702713012696,2,Engage,0.967340648174286,2,Engage,0.9936229586601256,2,Engage,0.9973177313804626,2,Engage,0.7287803888320923,2,Engage,0.3547083437442779
video14_31_person2,18,0.8888888888888888,0.1547717145751626,0.7643840461969376,2,Engage,17,0,0.0,0,0.0,17,0.9444444444444444,1,0.05555555555555555,2,Engage,0.9292502999305724,2,Engage,0.6453897356987,3,Highly Engage,1.0,2,Engage,0.942395806312561,2,Engage,0.8558162450790405,2,Engage,0.7168634533882141,2,Engage,0.9077925682067872,2,Engage,0.6507063508033752,2,Engage,0.5001189112663269,2,Engage,0.7338904738426208,2,Engage,0.5415091514587402,2,Engage,0.4353753328323364,2,Engage,0.9503304958343506,2,Engage,0.9014939665794371,2,Engage,0.9332213401794434,2,Engage,0.9574956893920898,2,Engage,0.7356932163238525,2,Engage,0.4215697944164276
video14_31_person8,18,0.7058823529411765,0.32501121082417705,0.7588548709948858,2,Engage,15,0,0.0,3,0.16666666666666666,15,0.8333333333333334,0,0.0,2,Engage,0.745353102684021,2,Engage,0.5387125611305237,1,Disengage,1.0,2,Engage,0.8119471669197083,2,Engage,0.9600042104721068,1,Disengage,0.4994748532772064,2,Engage,0.8681830763816833,2,Engage,0.7341194152832031,2,Engage,0.4451914131641388,2,Engage,0.9020150303840636,2,Engage,0.5251426100730896,1,Disengage,0.461291640996933,2,Engage,0.9892138838768004,2,Engage,0.978177547454834,2,Engage,0.9944804906845092,2,Engage,0.990260899066925,2,Engage,0.7890920639038086,2,Engage,0.4267277121543884
video14_32_person1,18,0.8888888888888888,0.1547717145751626,0.8356737146774927,2,Engage,17,0,0.0,0,0.0,17,0.9444444444444444,1,0.05555555555555555,2,Engage,0.9388039708137512,2,Engage,0.4443145096302032,2,Engage,1.0,2,Engage,0.9974783062934875,2,Engage,0.939752459526062,2,Engage,0.914841890335083,2,Engage,0.8318963050842285,3,Highly Engage,0.8294781446456909,2,Engage,0.4565089643001556,2,Engage,0.9730806350708008,2,Engage,0.8539332151412964,2,Engage,0.7067886590957642,2,Engage,0.9572736620903016,2,Engage,0.9826931953430176,2,Engage,0.989479124546051,2,Engage,0.990081250667572,2,Engage,0.8200926780700684,2,Engage,0.415629893541336
video14_33_person0,18,0.47058823529411764,0.5,0.7230229841338264,2,Engage,9,0,0.0,0,0.0,9,0.5,9,0.5,2,Engage,0.8928457498550415,3,Highly Engage,0.4652198553085327,2,Engage,1.0,2,Engage,0.8111063838005066,3,Highly Engage,0.7691437602043152,3,Highly Engage,0.7343209385871887,2,Engage,0.848120927810669,3,Highly Engage,0.7006987929344177,2,Engage,0.5173069834709167,2,Engage,0.7712541818618774,3,Highly Engage,0.5671359896659851,3,Highly Engage,0.7084701061248779,2,Engage,0.9455923438072203,2,Engage,0.5569668412208557,3,Highly Engage,0.5907788276672363,2,Engage,0.9053536653518676,3,Highly Engage,0.6613330841064453,3,Highly Engage,0.5687652826309204
video14_33_person11,18,0.8888888888888888,0.1547717145751626,0.7884684867329068,2,Engage,17,0,0.0,1,0.05555555555555555,17,0.9444444444444444,0,0.0,2,Engage,0.8783954381942749,2,Engage,0.5488121509552002,1,Disengage,1.0,2,Engage,0.9962785840034484,2,Engage,0.9981697797775269,2,Engage,0.8853083252906799,2,Engage,0.8563125133514404,2,Engage,0.746645987033844,2,Engage,0.4547412991523742,2,Engage,0.9057340621948242,2,Engage,0.6071082353591919,2,Engage,0.7110695242881775,2,Engage,0.9334102272987366,2,Engage,0.7322292923927307,2,Engage,0.7920631170272827,2,Engage,0.9723283052444458,2,Engage,0.755198061466217,2,Engage,0.4186278581619262
video14_33_person15,18,0.41830065359477125,0.6736115199663301,0.7151924603515201,1,Disengage,11,4,0.2222222222222222,11,0.6111111111111112,3,0.16666666666666666,0,0.0,2,Engage,0.6746939420700073,1,Disengage,0.4773849248886108,2,Engage,1.0,1,Disengage,0.9033120274543762,1,Disengage,0.8299974203109741,0,Highly Disengage,0.7716102600097656,2,Engage,0.5606878995895386,1,Disengage,0.8643462061882019,1,Disengage,0.5616170167922974,1,Disengage,0.6988792419433594,1,Disengage,0.5418703556060791,0,Highly Disengage,0.6031518578529358,1,Disengage,0.9550151824951172,0,Highly Disengage,0.530278205871582,1,Disengage,0.995659112930298,1,Disengage,0.605851948261261,1,Disengage,0.7741292119026184,0,Highly Disengage,0.5249794721603394
video14_33_person2,18,0.49673202614379086,0.4820393824041145,0.6893037060896555,2,Engage,11,0,0.0,0,0.0,11,0.6111111111111112,7,0.3888888888888889,2,Engage,0.8196127414703369,3,Highly Engage,0.5016040205955505,2,Engage,1.0,2,Engage,0.6412882208824158,3,Highly Engage,0.8174698948860168,3,Highly Engage,0.8076650500297546,2,Engage,0.8575257658958435,2,Engage,0.5417611002922058,2,Engage,0.5040900111198425,2,Engage,0.7472553849220276,3,Highly Engage,0.5073841214179993,2,Engage,0.3294368386268616,2,Engage,0.7771696448326111,2,Engage,0.5387464761734009,3,Highly Engage,0.670138955116272,2,Engage,0.9211685061454772,3,Highly Engage,0.7886161804199219,3,Highly Engage,0.636533796787262
video14_35_person3,18,0.5490196078431373,0.5264703802813174,0.8174110882812076,1,Disengage,13,1,0.05555555555555555,13,0.7222222222222222,4,0.2222222222222222,0,0.0,1,Disengage,0.896654486656189,1,Disengage,0.8172407746315002,1,Disengage,1.0,1,Disengage,0.694372832775116,1,Disengage,0.953613579273224,1,Disengage,0.9731827974319458,1,Disengage,0.5466528534889221,1,Disengage,0.7555434703826904,1,Disengage,0.6175927519798279,1,Disengage,0.8422664999961853,1,Disengage,0.8078962564468384,0,Highly Disengage,0.9666504263877868,2,Engage,0.9407675862312316,2,Engage,0.9752542972564696,2,Engage,0.9236844182014464,2,Engage,0.8879861235618591,1,Disengage,0.6866939663887024,1,Disengage,0.4273464679718017
video14_38_person12,18,0.5751633986928104,0.4262025893247393,0.6658354385031594,2,Engage,13,0,0.0,5,0.2777777777777778,13,0.7222222222222222,0,0.0,2,Engage,0.6338387131690979,1,Disengage,0.4996397793292999,1,Disengage,1.0,2,Engage,0.6506466865539551,2,Engage,0.6320467591285706,2,Engage,0.5942269563674927,2,Engage,0.7927603721618652,1,Disengage,0.5911712050437927,1,Disengage,0.4780577719211578,2,Engage,0.7598236203193665,1,Disengage,0.5357980728149414,2,Engage,0.5266445279121399,2,Engage,0.9500954151153564,2,Engage,0.6415444612503052,2,Engage,0.8019055724143982,2,Engage,0.8447595238685608,2,Engage,0.6825594902038574,2,Engage,0.3695189654827118
video14_38_person16,18,0.7843137254901961,0.30718472294337845,0.7556537091732025,1,Disengage,16,1,0.05555555555555555,16,0.8888888888888888,1,0.05555555555555555,0,0.0,2,Engage,0.6024513840675354,1,Disengage,0.7758601903915405,1,Disengage,1.0,1,Disengage,0.9011693596839904,1,Disengage,0.6686598658561707,1,Disengage,0.6027758121490479,1,Disengage,0.5799669623374939,1,Disengage,0.6300796270370483,1,Disengage,0.6329734325408936,1,Disengage,0.8145204782485962,1,Disengage,0.8207334280014038,1,Disengage,0.8655350208282471,1,Disengage,0.7520022988319397,1,Disengage,0.7309603691101074,1,Disengage,0.9784059524536132,1,Disengage,0.6970332264900208,1,Disengage,0.8678549528121948,0,Highly Disengage,0.6807844042778015
video14_39_person14,18,0.7058823529411765,0.32501121082417705,0.7485102746221755,2,Engage,15,0,0.0,3,0.16666666666666666,15,0.8333333333333334,0,0.0,2,Engage,0.8148206472396851,1,Disengage,0.4482434093952179,1,Disengage,1.0,2,Engage,0.9288038611412048,2,Engage,0.9828774929046632,2,Engage,0.7649304270744324,2,Engage,0.8849731087684631,2,Engage,0.4997110366821289,1,Disengage,0.4409697353839874,2,Engage,0.776897668838501,2,Engage,0.5596179366111755,2,Engage,0.4879269599914551,2,Engage,0.9696800708770752,2,Engage,0.8338343501091003,2,Engage,0.987955629825592,2,Engage,0.9958537817001344,2,Engage,0.7264485359191895,2,Engage,0.3696402907371521
video14_39_person3,18,0.37254901960784315,0.6960736118322673,0.6858744786845313,1,Disengage,8,2,0.1111111111111111,8,0.4444444444444444,8,0.4444444444444444,0,0.0,2,Engage,0.5681440234184265,1,Disengage,0.5258252024650574,1,Disengage,1.0,2,Engage,0.842972457408905,2,Engage,0.659415066242218,1,Disengage,0.5190578699111938,2,Engage,0.7591969966888428,2,Engage,0.6736979484558105,1,Disengage,0.4863713383674621,2,Engage,0.8261043429374695,0,Highly Disengage,0.9037671685218812,0,Highly Disengage,0.7036394476890564,2,Engage,0.8144577741622925,1,Disengage,0.4553404748439789,1,Disengage,0.6909769177436829,2,Engage,0.8855143785476685,1,Disengage,0.6477880477905273,1,Disengage,0.3834711611270904
video14_39_person8,18,0.6143790849673203,0.4722442670831027,0.6704180853234397,2,Engage,14,1,0.05555555555555555,3,0.16666666666666666,14,0.7777777777777778,0,0.0,2,Engage,0.8432837128639221,2,Engage,0.6062403917312622,2,Engage,1.0,2,Engage,0.8599878549575806,1,Disengage,0.4219269454479217,0,Highly Disengage,0.3926883935928345,2,Engage,0.7262537479400635,2,Engage,0.5899063944816589,1,Disengage,0.4434158205986023,2,Engage,0.8594900965690613,2,Engage,0.3590019643306732,1,Disengage,0.4143170118331909,2,Engage,0.9762824177742004,2,Engage,0.87080979347229,2,Engage,0.7331705093383789,2,Engage,0.975326418876648,2,Engage,0.6055800914764404,2,Engage,0.3898439705371856
video14_40_person11,18,0.8888888888888888,0.1547717145751626,0.8275453497966131,2,Engage,17,0,0.0,1,0.05555555555555555,17,0.9444444444444444,0,0.0,2,Engage,0.9247783422470092,2,Engage,0.6110010743141174,2,Engage,1.0,2,Engage,0.9957528114318848,2,Engage,0.996935486793518,2,Engage,0.9055731296539308,2,Engage,0.9214677214622498,2,Engage,0.6800863742828369,1,Disengage,0.4257149696350097,2,Engage,0.9320167899131776,2,Engage,0.6353674530982971,2,Engage,0.6819471120834351,2,Engage,0.9959348440170288,2,Engage,0.9285125136375428,2,Engage,0.9913341403007508,2,Engage,0.9943587183952332,2,Engage,0.8460320234298706,2,Engage,0.4290027916431427
video14_40_person12,18,0.5751633986928104,0.4262025893247393,0.7046546075079176,2,Engage,13,0,0.0,5,0.2777777777777778,13,0.7222222222222222,0,0.0,2,Engage,0.6106528639793396,1,Disengage,0.4392421543598175,1,Disengage,1.0,2,Engage,0.5821017622947693,2,Engage,0.7062582969665527,2,Engage,0.6190155744552612,2,Engage,0.7939150929450989,1,Disengage,0.57899010181427,1,Disengage,0.4575247466564178,2,Engage,0.7258793115615845,1,Disengage,0.6034925580024719,2,Engage,0.4709764122962951,2,Engage,0.9850752353668212,2,Engage,0.8301438093185425,2,Engage,0.9917749166488647,2,Engage,0.9928606152534484,2,Engage,0.8498436808586121,2,Engage,0.4460358023643493
video14_40_person20,18,0.7058823529411765,0.32501121082417705,0.7244903329345915,1,Disengage,15,3,0.16666666666666666,15,0.8333333333333334,0,0.0,0,0.0,1,Disengage,0.5407423973083496,1,Disengage,0.4533181190490722,1,Disengage,1.0,1,Disengage,0.656055748462677,1,Disengage,0.9101394414901732,1,Disengage,0.887849748134613,1,Disengage,0.786617636680603,1,Disengage,0.6938754320144653,1,Disengage,0.5151458382606506,1,Disengage,0.6394164562225342,0,Highly Disengage,0.5589162707328796,0,Highly Disengage,0.6170347929000854,1,Disengage,0.9239672422409058,1,Disengage,0.9766110181808472,1,Disengage,0.9296830296516418,1,Disengage,0.6414206027984619,1,Disengage,0.9120530486106871,0,Highly Disengage,0.3979791700839996
video14_41_person12,18,0.6928104575163399,0.40153586366205124,0.6876309447818332,2,Engage,15,0,0.0,2,0.1111111111111111,15,0.8333333333333334,1,0.05555555555555555,2,Engage,0.6988799571990967,1,Disengage,0.3946030437946319,1,Disengage,1.0,2,Engage,0.5419704914093018,2,Engage,0.8375757932662964,2,Engage,0.7438700795173645,2,Engage,0.7705217599868774,2,Engage,0.4964362978935241,2,Engage,0.4064731001853943,2,Engage,0.8296951651573181,2,Engage,0.6525686383247375,3,Highly Engage,0.4525735378265381,2,Engage,0.9620664715766908,2,Engage,0.6516106128692627,2,Engage,0.8457175493240356,2,Engage,0.9714754819869996,2,Engage,0.7606622576713562,2,Engage,0.3606567680835724
video14_41_person2,18,0.8888888888888888,0.1547717145751626,0.8053484459718069,2,Engage,17,0,0.0,0,0.0,17,0.9444444444444444,1,0.05555555555555555,2,Engage,0.8775405883789062,2,Engage,0.6452073454856873,2,Engage,1.0,2,Engage,0.9838804602622986,2,Engage,0.8893445134162903,2,Engage,0.8938648700714111,2,Engage,0.8378341197967529,2,Engage,0.7852410674095154,2,Engage,0.5253568887710571,2,Engage,0.869922399520874,2,Engage,0.599122941493988,2,Engage,0.5034935474395752,2,Engage,0.9934210181236268,2,Engage,0.8026706576347351,2,Engage,0.993881106376648,2,Engage,0.9890819787979126,2,Engage,0.8884621262550354,3,Highly Engage,0.4179463982582092
video14_41_person9,18,0.7908496732026143,0.25162916738782287,0.6914687785837386,2,Engage,16,0,0.0,2,0.1111111111111111,16,0.8888888888888888,0,0.0,2,Engage,0.87044757604599,2,Engage,0.4377884566783905,2,Engage,1.0,2,Engage,0.7973614931106567,2,Engage,0.7463523149490356,2,Engage,0.5441120862960815,2,Engage,0.9077999591827391,2,Engage,0.7576302886009216,2,Engage,0.4941640198230743,2,Engage,0.7941665649414062,2,Engage,0.5641792416572571,1,Disengage,0.4408795535564422,2,Engage,0.87553870677948,2,Engage,0.5874647498130798,2,Engage,0.6881402134895325,2,Engage,0.9078340530395508,1,Disengage,0.6725767850875854,2,Engage,0.3600019514560699
video14_42_person0,18,0.477124183006536,0.4955380299191111,0.7504520730839835,3,Highly Engage,10,0,0.0,0,0.0,8,0.4444444444444444,10,0.5555555555555556,2,Engage,0.7316259741783142,3,Highly Engage,0.5764784812927246,2,Engage,1.0,3,Highly Engage,0.9206188321113586,3,Highly Engage,0.9887990355491638,3,Highly Engage,0.9997155070304872,3,Highly Engage,0.7005094885826111,3,Highly Engage,0.6564632654190063,3,Highly Engage,0.8502419590950012,3,Highly Engage,0.6925629377365112,3,Highly Engage,0.9085457921028136,3,Highly Engage,0.8697512149810791,2,Engage,0.6296696662902832,2,Engage,0.5159205198287964,2,Engage,0.9999985694885254,2,Engage,0.4891586899757385,2,Engage,0.5302333235740662,2,Engage,0.4478440582752228
video14_47_person12,18,0.49673202614379086,0.4820393824041145,0.6799787994888093,2,Engage,11,0,0.0,7,0.3888888888888889,11,0.6111111111111112,0,0.0,2,Engage,0.7152944803237915,1,Disengage,0.4653061330318451,1,Disengage,1.0,2,Engage,0.6068513989448547,2,Engage,0.5919386148452759,2,Engage,0.6337273120880127,2,Engage,0.6425011157989502,1,Disengage,0.513218343257904,1,Disengage,0.4970439076423645,2,Engage,0.6225932836532593,1,Disengage,0.6668067574501038,1,Disengage,0.4908894300460815,2,Engage,0.982528269290924,2,Engage,0.7854710817337036,2,Engage,0.973105251789093,2,Engage,0.9642135500907898,2,Engage,0.7155236601829529,1,Disengage,0.3726058006286621
video14_47_person16,18,0.43137254901960786,0.6498683818476262,0.6681527064906226,2,Engage,11,0,0.0,2,0.1111111111111111,11,0.6111111111111112,5,0.2777777777777778,2,Engage,0.6159766912460327,3,Highly Engage,0.7055308222770691,1,Disengage,1.0,2,Engage,0.8738502264022827,2,Engage,0.8372552990913391,3,Highly Engage,0.698660671710968,2,Engage,0.6912975907325745,3,Highly Engage,0.741711437702179,1,Disengage,0.4346026480197906,2,Engage,0.6814587116241455,3,Highly Engage,0.8342793583869934,3,Highly Engage,0.6646711826324463,2,Engage,0.715485155582428,2,Engage,0.3873816132545471,2,Engage,0.5929607152938843,2,Engage,0.7889545559883118,2,Engage,0.3311450183391571,2,Engage,0.4315270185470581
video14_48_person0,18,0.49673202614379086,0.4820393824041145,0.7878879408041636,3,Highly Engage,11,0,0.0,0,0.0,7,0.3888888888888889,11,0.6111111111111112,2,Engage,0.5948781371116638,3,Highly Engage,0.9323397874832152,3,Highly Engage,1.0,2,Engage,0.9487573504447936,3,Highly Engage,0.7418926954269409,3,Highly Engage,0.7949448823928833,2,Engage,0.7767189145088196,3,Highly Engage,0.8890358209609985,3,Highly Engage,0.7005587220191956,3,Highly Engage,0.506815493106842,3,Highly Engage,0.6904235482215881,3,Highly Engage,0.9031493067741394,2,Engage,0.9568040370941162,2,Engage,0.7303103804588318,2,Engage,0.8633328080177307,2,Engage,0.9664993286132812,3,Highly Engage,0.5725765824317932,3,Highly Engage,0.6129451394081116
video14_48_person18,18,0.7908496732026143,0.25162916738782287,0.7944908539454142,2,Engage,16,0,0.0,0,0.0,16,0.8888888888888888,2,0.1111111111111111,2,Engage,0.9138793349266052,2,Engage,0.6894757151603699,2,Engage,1.0,2,Engage,0.9854989051818848,2,Engage,0.9822513461112976,2,Engage,0.9130062460899352,2,Engage,0.9074015617370604,2,Engage,0.7815927267074585,2,Engage,0.4366976916790008,2,Engage,0.7464131712913513,2,Engage,0.5668681859970093,3,Highly Engage,0.3636278808116913,2,Engage,0.9574692249298096,2,Engage,0.9410390257835388,2,Engage,0.9518041610717772,2,Engage,0.9975199103355408,2,Engage,0.5803928971290588,3,Highly Engage,0.5858973860740662
video14_49_person15,18,0.3202614379084967,0.7652465283787413,0.6904905173513625,1,Disengage,8,6,0.3333333333333333,8,0.4444444444444444,4,0.2222222222222222,0,0.0,2,Engage,0.7673579454421997,2,Engage,0.4175061583518982,2,Engage,1.0,1,Disengage,0.8734910488128662,1,Disengage,0.7912898063659668,0,Highly Disengage,0.6728484630584717,2,Engage,0.681839108467102,0,Highly Disengage,0.5382344126701355,0,Highly Disengage,0.848390519618988,1,Disengage,0.5508482456207275,1,Disengage,0.7808248996734619,0,Highly Disengage,0.6305397748947144,1,Disengage,0.7061223387718201,0,Highly Disengage,0.6650083661079407,1,Disengage,0.9621456265449524,1,Disengage,0.4667383432388305,1,Disengage,0.6126282215118408,0,Highly Disengage,0.4630160331726074
video14_50_person11,18,0.6339869281045751,0.38210225325431013,0.7627938787142435,2,Engage,14,0,0.0,4,0.2222222222222222,14,0.7777777777777778,0,0.0,2,Engage,0.8472821116447449,1,Disengage,0.5092316269874573,1,Disengage,1.0,2,Engage,0.9728964567184448,2,Engage,0.9938356280326844,2,Engage,0.8394163846969604,2,Engage,0.9127721786499025,1,Disengage,0.5455532670021057,1,Disengage,0.4242298305034637,2,Engage,0.936983585357666,2,Engage,0.5470707416534424,2,Engage,0.5895928740501404,2,Engage,0.9318002462387084,2,Engage,0.723833441734314,2,Engage,0.8515524864196777,2,Engage,0.9432547688484192,2,Engage,0.7682103514671326,2,Engage,0.39277383685112
video14_50_person16,18,0.5751633986928104,0.4262025893247393,0.717702200015386,2,Engage,13,0,0.0,5,0.2777777777777778,13,0.7222222222222222,0,0.0,2,Engage,0.9305585026741028,2,Engage,0.4289596080780029,2,Engage,1.0,2,Engage,0.9886441230773926,2,Engage,0.9588161706924438,2,Engage,0.886817991733551,2,Engage,0.7042282819747925,2,Engage,0.5819844603538513,1,Disengage,0.6127864718437195,2,Engage,0.868245005607605,2,Engage,0.4718430042266845,1,Disengage,0.4640686511993408,2,Engage,0.9241411089897156,1,Disengage,0.5940865874290466,1,Disengage,0.6651793122291565,2,Engage,0.8758125305175781,2,Engage,0.5515137314796448,1,Disengage,0.4109540581703186
video14_51_person1,18,0.6339869281045751,0.38210225325431013,0.8017765531937281,2,Engage,14,0,0.0,0,0.0,14,0.7777777777777778,4,0.2222222222222222,2,Engage,0.9871364831924438,2,Engage,0.7695441246032715,2,Engage,1.0,2,Engage,0.9891981482505798,2,Engage,0.74129718542099,2,Engage,0.6017583012580872,2,Engage,0.8762710690498352,3,Highly Engage,0.5207920670509338,3,Highly Engage,0.5578575730323792,2,Engage,0.8571797013282776,3,Highly Engage,0.6577341556549072,3,Highly Engage,0.744462251663208,2,Engage,0.9553351402282716,2,Engage,0.9237322211265564,2,Engage,0.9947656393051147,2,Engage,0.994320511817932,2,Engage,0.8464908003807068,2,Engage,0.4141025841236114
video14_51_person11,18,0.7908496732026143,0.25162916738782287,0.7725576559702555,2,Engage,16,0,0.0,2,0.1111111111111111,16,0.8888888888888888,0,0.0,2,Engage,0.8602333068847656,1,Disengage,0.523989200592041,1,Disengage,1.0,2,Engage,0.983534812927246,2,Engage,0.9960722923278807,2,Engage,0.8732408285140991,2,Engage,0.8874493837356567,2,Engage,0.6104041337966919,2,Engage,0.4863858222961426,2,Engage,0.8772176504135132,2,Engage,0.5013640522956848,2,Engage,0.5206562280654907,2,Engage,0.934753119945526,2,Engage,0.7959485054016113,2,Engage,0.9692413210868835,2,Engage,0.9501980543136596,2,Engage,0.7259438037872314,2,Engage,0.4094052910804748
video14_51_person9,18,0.5751633986928104,0.4262025893247393,0.727682414982054,2,Engage,13,0,0.0,0,0.0,13,0.7222222222222222,5,0.2777777777777778,2,Engage,0.8727738261222839,3,Highly Engage,0.6636765003204346,3,Highly Engage,1.0,2,Engage,0.9842355251312256,2,Engage,0.9845442175865172,2,Engage,0.6721609234809875,2,Engage,0.9070428609848022,3,Highly Engage,0.5470303893089294,2,Engage,0.4757759869098663,2,Engage,0.7890592217445374,3,Highly Engage,0.6398890018463135,3,Highly Engage,0.7673975229263306,2,Engage,0.8539843559265137,2,Engage,0.4352101683616638,2,Engage,0.7165738344192505,2,Engage,0.7525060772895813,2,Engage,0.6289024353027344,2,Engage,0.4075206220149994
video14_52_person12,18,0.5751633986928104,0.4262025893247393,0.7159884886609184,2,Engage,13,0,0.0,5,0.2777777777777778,13,0.7222222222222222,0,0.0,2,Engage,0.7066017389297485,1,Disengage,0.5993055701255798,1,Disengage,1.0,2,Engage,0.493742972612381,2,Engage,0.7485945224761963,2,Engage,0.6727695465087891,2,Engage,0.7900249361991882,1,Disengage,0.5018063187599182,1,Disengage,0.5120413303375244,2,Engage,0.5371233820915222,1,Disengage,0.5769956111907959,2,Engage,0.4577623307704925,2,Engage,0.9943405389785768,2,Engage,0.9665685892105104,2,Engage,0.9927642941474916,2,Engage,0.9958139061927797,2,Engage,0.9319140911102296,2,Engage,0.4096231162548065
video14_53_person14,18,1.0,-0.0,0.8043880313634872,2,Engage,18,0,0.0,0,0.0,18,1.0,0,0.0,2,Engage,0.9475712180137634,2,Engage,0.4478895664215088,2,Engage,1.0,2,Engage,0.9789223670959472,2,Engage,0.998197853565216,2,Engage,0.9554145932197572,2,Engage,0.9036145210266112,2,Engage,0.5808587074279785,2,Engage,0.4629116952419281,2,Engage,0.9488458037376404,2,Engage,0.8312718868255615,2,Engage,0.6546553373336792,2,Engage,0.9186131358146667,2,Engage,0.9276142716407776,2,Engage,0.8553014993667603,2,Engage,0.9962245225906372,2,Engage,0.645251452922821,2,Engage,0.4258261322975158
video14_53_person16,18,0.7908496732026143,0.25162916738782287,0.7531151142385271,2,Engage,16,0,0.0,2,0.1111111111111111,16,0.8888888888888888,0,0.0,2,Engage,0.904612362384796,2,Engage,0.4179162979125976,2,Engage,1.0,2,Engage,0.9847128391265868,2,Engage,0.9660099148750304,2,Engage,0.923751950263977,2,Engage,0.7631680369377136,2,Engage,0.7539268136024475,1,Disengage,0.5361045002937317,2,Engage,0.8522803783416748,2,Engage,0.4928127825260162,1,Disengage,0.4104143381118774,2,Engage,0.9522019624710084,2,Engage,0.6726693511009216,2,Engage,0.8667574524879456,2,Engage,0.9491972923278807,2,Engage,0.6727644205093384,2,Engage,0.4367713630199432
video14_54_person3,18,0.6339869281045751,0.38210225325431013,0.6689875142441856,2,Engage,14,0,0.0,4,0.2222222222222222,14,0.7777777777777778,0,0.0,2,Engage,0.6371225714683533,1,Disengage,0.4871850907802582,1,Disengage,1.0,2,Engage,0.6067428588867188,2,Engage,0.811331033706665,2,Engage,0.5935074090957642,2,Engage,0.8736328482627869,2,Engage,0.5030041337013245,1,Disengage,0.5259108543395996,2,Engage,0.9087970852851868,2,Engage,0.6374775767326355,2,Engage,0.6177601218223572,2,Engage,0.7603225708007812,2,Engage,0.5603665709495544,2,Engage,0.6389319896697998,2,Engage,0.9094908833503724,2,Engage,0.5659942030906677,1,Disengage,0.4041974544525146
video14_56_person1,18,0.7908496732026143,0.25162916738782287,0.7782290130853653,2,Engage,16,0,0.0,2,0.1111111111111111,16,0.8888888888888888,0,0.0,2,Engage,0.9105783104896544,2,Engage,0.706084668636322,2,Engage,1.0,2,Engage,0.7938271164894104,2,Engage,0.7905400395393372,2,Engage,0.6946243047714233,2,Engage,0.7680947184562683,2,Engage,0.782590925693512,2,Engage,0.5166085958480835,2,Engage,0.8795113563537598,1,Disengage,0.4742982685565948,1,Disengage,0.6224720478057861,2,Engage,0.9567729234695436,2,Engage,0.8969885110855103,2,Engage,0.9806164503097534,2,Engage,0.9855475425720216,2,Engage,0.8251494765281677,2,Engage,0.423816978931427
video14_56_person11,18,0.8888888888888888,0.1547717145751626,0.796924341056082,2,Engage,17,0,0.0,1,0.05555555555555555,17,0.9444444444444444,0,0.0,2,Engage,0.89761883020401,2,Engage,0.5100080966949463,1,Disengage,1.0,2,Engage,0.9935241937637328,2,Engage,0.9988460540771484,2,Engage,0.9231554269790648,2,Engage,0.9180834889411926,2,Engage,0.5376620888710022,2,Engage,0.4904598295688629,2,Engage,0.9106882214546204,2,Engage,0.606456995010376,2,Engage,0.5746080875396729,2,Engage,0.9847617149353028,2,Engage,0.8776220083236694,2,Engage,0.9651382565498352,2,Engage,0.979373037815094,2,Engage,0.7795663475990295,2,Engage,0.3970654606819153
video14_56_person3,18,0.477124183006536,0.4955380299191111,0.6602878537442949,2,Engage,10,0,0.0,8,0.4444444444444444,10,0.5555555555555556,0,0.0,2,Engage,0.6255051493644714,1,Disengage,0.4787153601646423,1,Disengage,1.0,2,Engage,0.8354033827781677,2,Engage,0.7108126282691956,2,Engage,0.5380997657775879,2,Engage,0.7479733824729919,1,Disengage,0.7825396060943604,2,Engage,0.417951226234436,1,Disengage,0.4932701885700226,1,Disengage,0.5853701233863831,1,Disengage,0.461474061012268,2,Engage,0.857418954372406,2,Engage,0.7965971231460571,2,Engage,0.6882399320602417,2,Engage,0.951081156730652,1,Disengage,0.5285241007804871,1,Disengage,0.3862052261829376
video14_57_person1,18,0.5359477124183006,0.5610568385545543,0.7261964943673875,2,Engage,13,0,0.0,2,0.1111111111111111,13,0.7222222222222222,3,0.16666666666666666,2,Engage,0.9215574860572816,3,Highly Engage,0.4970604479312897,3,Highly Engage,1.0,2,Engage,0.988737940788269,2,Engage,0.6251727938652039,2,Engage,0.7824893593788147,2,Engage,0.6134390830993652,1,Disengage,0.4879435300827026,1,Disengage,0.4243384599685669,2,Engage,0.8296588659286499,2,Engage,0.4999890327453613,3,Highly Engage,0.584442138671875,2,Engage,0.944713830947876,2,Engage,0.8163260221481323,2,Engage,0.998581886291504,2,Engage,0.9910176992416382,2,Engage,0.6578039526939392,2,Engage,0.4082643687725067
video14_58_person1,18,1.0,-0.0,0.7848250402344598,2,Engage,18,0,0.0,0,0.0,18,1.0,0,0.0,2,Engage,0.9717506170272828,2,Engage,0.6424024701118469,2,Engage,1.0,2,Engage,0.9757947325706482,2,Engage,0.8386125564575195,2,Engage,0.855059027671814,2,Engage,0.8848562240600586,2,Engage,0.5754097104072571,2,Engage,0.5108906626701355,2,Engage,0.8806054592132568,2,Engage,0.6075869202613831,2,Engage,0.4450587928295135,2,Engage,0.9529005885124208,2,Engage,0.9530038833618164,2,Engage,0.9081439971923828,2,Engage,0.988034188747406,2,Engage,0.724817156791687,2,Engage,0.411923736333847
video14_58_person16,18,0.39869281045751637,0.6758220575766961,0.6462068756421407,1,Disengage,10,2,0.1111111111111111,10,0.5555555555555556,6,0.3333333333333333,0,0.0,2,Engage,0.5971103310585022,1,Disengage,0.5809293985366821,2,Engage,1.0,1,Disengage,0.7792502045631409,0,Highly Disengage,0.4747271835803985,0,Highly Disengage,0.4746621251106262,1,Disengage,0.4787625968456268,1,Disengage,0.4924452602863312,1,Disengage,0.6260632276535034,1,Disengage,0.7462114095687866,1,Disengage,0.7837468385696411,1,Disengage,0.8240665793418884,2,Engage,0.8141525983810425,2,Engage,0.4480768144130707,1,Disengage,0.6905010342597961,2,Engage,0.784812331199646,1,Disengage,0.6646062135696411,2,Engage,0.3715996146202087
video14_58_person19,18,0.49673202614379086,0.4820393824041145,0.6172826737165451,2,Engage,11,0,0.0,7,0.3888888888888889,11,0.6111111111111112,0,0.0,2,Engage,0.6427618861198425,2,Engage,0.4097497463226318,2,Engage,1.0,2,Engage,0.513858437538147,2,Engage,0.8518520593643188,2,Engage,0.496612399816513,1,Disengage,0.6817412972450256,1,Disengage,0.4241258203983307,1,Disengage,0.5796599984169006,2,Engage,0.5294018983840942,1,Disengage,0.5684773921966553,2,Engage,0.3857316374778747,2,Engage,0.7146127820014954,2,Engage,0.653304934501648,1,Disengage,0.9901582598686218,2,Engage,0.7538009881973267,1,Disengage,0.5344029068946838,1,Disengage,0.3808356821537018
video14_58_person2,18,1.0,-0.0,0.7575529317061106,2,Engage,18,0,0.0,0,0.0,18,1.0,0,0.0,2,Engage,0.8246515393257141,2,Engage,0.6776387691497803,2,Engage,1.0,2,Engage,0.9516169428825378,2,Engage,0.8474452495574951,2,Engage,0.7018330693244934,2,Engage,0.8637025356292725,2,Engage,0.595029354095459,2,Engage,0.4471490681171417,2,Engage,0.8945133686065674,2,Engage,0.6325511336326599,2,Engage,0.4524072706699371,2,Engage,0.9003113508224487,2,Engage,0.8862490653991699,2,Engage,0.9177239537239076,2,Engage,0.9027860760688782,2,Engage,0.7330003976821899,2,Engage,0.4073436260223388
video14_58_person8,18,1.0,-0.0,0.827622695101632,2,Engage,18,0,0.0,0,0.0,18,1.0,0,0.0,2,Engage,0.987982213497162,2,Engage,0.7492356300354004,2,Engage,1.0,2,Engage,0.989102840423584,2,Engage,0.996446430683136,2,Engage,0.9379992485046388,2,Engage,0.9152212738990784,2,Engage,0.7417478561401367,2,Engage,0.4933182299137115,2,Engage,0.9840636253356934,2,Engage,0.8670793175697327,2,Engage,0.7482854723930359,2,Engage,0.8891436457633972,2,Engage,0.552986204624176,2,Engage,0.9201154708862304,2,Engage,0.9689632058143616,2,Engage,0.7694746255874634,2,Engage,0.3860432207584381
video14_59_person12,18,0.6928104575163399,0.40153586366205124,0.7324826071659724,2,Engage,15,0,0.0,2,0.1111111111111111,15,0.8333333333333334,1,0.05555555555555555,2,Engage,0.6980161666870117,2,Engage,0.4179204404354095,2,Engage,1.0,2,Engage,0.8841989636421204,2,Engage,0.9286465048789978,2,Engage,0.7706335783004761,2,Engage,0.8526650071144104,1,Disengage,0.50535649061203,1,Disengage,0.3988125622272491,2,Engage,0.8992194533348083,2,Engage,0.7332072854042053,3,Highly Engage,0.45979043841362,2,Engage,0.9704968333244324,2,Engage,0.6057459712028503,2,Engage,0.7872896194458008,2,Engage,0.9746695160865784,2,Engage,0.8525069355964661,2,Engage,0.4455111622810364
video14_59_person18,18,0.477124183006536,0.4955380299191111,0.7536033524407281,2,Engage,10,0,0.0,0,0.0,10,0.5555555555555556,8,0.4444444444444444,2,Engage,0.587813675403595,3,Highly Engage,0.4840301275253296,2,Engage,1.0,2,Engage,0.992280125617981,2,Engage,0.93303781747818,3,Highly Engage,0.5554649829864502,2,Engage,0.8646803498268127,2,Engage,0.7860414981842041,3,Highly Engage,0.5707446336746216,3,Highly Engage,0.6227684617042542,3,Highly Engage,0.8448187708854675,3,Highly Engage,0.8723944425582886,2,Engage,0.7749416828155518,2,Engage,0.7235676646232605,2,Engage,0.6236763000488281,2,Engage,0.979181170463562,3,Highly Engage,0.5966746211051941,3,Highly Engage,0.7527440190315247
video14_5_person10,18,0.3790849673202614,0.7076344750135478,0.6578108337190416,2,Engage,10,0,0.0,3,0.16666666666666666,10,0.5555555555555556,5,0.2777777777777778,3,Highly Engage,0.4127266407012939,2,Engage,0.5776343941688538,1,Disengage,1.0,2,Engage,0.8072541952133179,2,Engage,0.6781753897666931,2,Engage,0.689485490322113,2,Engage,0.7101698517799377,1,Disengage,0.6515779495239258,2,Engage,0.48635995388031,2,Engage,0.812612771987915,3,Highly Engage,0.598663330078125,3,Highly Engage,0.4744004011154175,2,Engage,0.7117159962654114,2,Engage,0.5354925394058228,3,Highly Engage,0.6362320780754089,2,Engage,0.9585672616958618,1,Disengage,0.5425436496734619,3,Highly Engage,0.5569831132888794
video14_5_person8,18,0.6339869281045751,0.38210225325431013,0.7856109589338303,2,Engage,14,0,0.0,4,0.2222222222222222,14,0.7777777777777778,0,0.0,2,Engage,0.955635130405426,2,Engage,0.589431643486023,1,Disengage,1.0,2,Engage,0.9954028129577636,2,Engage,0.997649610042572,1,Disengage,0.5879436135292053,2,Engage,0.8024049997329712,2,Engage,0.6791420578956604,2,Engage,0.4066805243492126,2,Engage,0.9616049528121948,1,Disengage,0.507972002029419,1,Disengage,0.5931826233863831,2,Engage,0.9938549399375916,2,Engage,0.9754672646522522,2,Engage,0.9887872338294984,2,Engage,0.9655134677886964,2,Engage,0.7423758506774902,2,Engage,0.3979485332965851
video14_62_person16,18,0.47058823529411764,0.5,0.6516736067003674,1,Disengage,9,0,0.0,9,0.5,9,0.5,0,0.0,2,Engage,0.8021388649940491,1,Disengage,0.5168626308441162,2,Engage,1.0,2,Engage,0.7336852550506592,1,Disengage,0.4821368753910064,1,Disengage,0.553051769733429,2,Engage,0.8008800148963928,2,Engage,0.4901824593544006,1,Disengage,0.593347430229187,1,Disengage,0.5309925675392151,1,Disengage,0.4757699370384216,1,Disengage,0.6649162173271179,2,Engage,0.8901216387748718,2,Engage,0.5679523944854736,2,Engage,0.7128748893737793,2,Engage,0.8926061987876892,1,Disengage,0.5904818773269653,1,Disengage,0.4321238994598388
video14_65_person19,18,0.7908496732026143,0.25162916738782287,0.718631429804696,2,Engage,16,0,0.0,2,0.1111111111111111,16,0.8888888888888888,0,0.0,2,Engage,0.7775276899337769,2,Engage,0.4464312195777893,2,Engage,1.0,2,Engage,0.7712267637252808,2,Engage,0.994759738445282,2,Engage,0.7309684753417969,2,Engage,0.8173171281814575,2,Engage,0.3744750320911407,2,Engage,0.4345743060111999,2,Engage,0.7100703120231628,2,Engage,0.5234531760215759,1,Disengage,0.4648996889591217,2,Engage,0.9485781788825988,2,Engage,0.908944606781006,1,Disengage,0.7815233469009399,2,Engage,0.980140745639801,2,Engage,0.8626304864883423,2,Engage,0.4078448414802551
video14_66_person14,18,0.7908496732026143,0.25162916738782287,0.7297734104924731,2,Engage,16,0,0.0,2,0.1111111111111111,16,0.8888888888888888,0,0.0,2,Engage,0.9222497940063475,2,Engage,0.4596408307552337,2,Engage,1.0,2,Engage,0.825384259223938,2,Engage,0.981765866279602,2,Engage,0.8163154721260071,2,Engage,0.7206164598464966,2,Engage,0.6291114091873169,2,Engage,0.4415243566036224,2,Engage,0.8421810269355774,2,Engage,0.6268839240074158,2,Engage,0.5204662680625916,2,Engage,0.7153316736221313,2,Engage,0.8775796890258789,1,Disengage,0.7827697992324829,2,Engage,0.9283702969551086,2,Engage,0.701404869556427,1,Disengage,0.3443253934383392
video14_66_person19,18,0.7058823529411765,0.32501121082417705,0.7336535337898467,2,Engage,15,0,0.0,3,0.16666666666666666,15,0.8333333333333334,0,0.0,2,Engage,0.7520124316215515,1,Disengage,0.4596069455146789,2,Engage,1.0,2,Engage,0.7795592546463013,2,Engage,0.9946998357772828,2,Engage,0.731805682182312,2,Engage,0.8864946365356445,2,Engage,0.3988976180553436,1,Disengage,0.5030355453491211,2,Engage,0.7203319668769836,2,Engage,0.5489571690559387,1,Disengage,0.4407052099704742,2,Engage,0.985196590423584,2,Engage,0.9597371220588684,2,Engage,0.8358418941497803,2,Engage,0.9834312796592712,2,Engage,0.8469318747520447,2,Engage,0.3785185515880584
video14_66_person5,18,0.6928104575163399,0.40153586366205124,0.8009492142332925,2,Engage,15,0,0.0,2,0.1111111111111111,15,0.8333333333333334,1,0.05555555555555555,2,Engage,0.8989120721817017,2,Engage,0.8817058801651001,1,Disengage,1.0,2,Engage,0.9962093830108644,2,Engage,0.9892756342887878,2,Engage,0.9227463603019714,2,Engage,0.7639090418815613,2,Engage,0.7550630569458008,3,Highly Engage,0.453294575214386,2,Engage,0.9388847947120668,2,Engage,0.761887788772583,2,Engage,0.6092862486839294,2,Engage,0.9620179533958436,2,Engage,0.812626302242279,2,Engage,0.8395683169364929,2,Engage,0.9578034281730652,1,Disengage,0.4982446432113647,2,Engage,0.3756503760814667
video14_67_person0,18,0.49673202614379086,0.5674849873019705,0.6877034058173498,2,Engage,12,0,0.0,1,0.05555555555555555,12,0.6666666666666666,5,0.2777777777777778,2,Engage,0.819100022315979,2,Engage,0.5729181170463562,2,Engage,1.0,2,Engage,0.821670413017273,3,Highly Engage,0.6148152947425842,2,Engage,0.4106084704399109,2,Engage,0.8229120373725891,3,Highly Engage,0.6994051337242126,2,Engage,0.535689115524292,2,Engage,0.7706172466278076,3,Highly Engage,0.4400289356708526,1,Disengage,0.5625091791152954,2,Engage,0.9477092623710632,2,Engage,0.5477862358093262,2,Engage,0.6624463796615601,2,Engage,0.9219786524772644,3,Highly Engage,0.643455982208252,3,Highly Engage,0.585010826587677
video14_68_person11,18,0.5751633986928104,0.4262025893247393,0.7323106891579099,2,Engage,13,0,0.0,5,0.2777777777777778,13,0.7222222222222222,0,0.0,2,Engage,0.849600613117218,1,Disengage,0.6053067445755005,1,Disengage,1.0,2,Engage,0.9708666205406188,2,Engage,0.9366909861564636,2,Engage,0.7493223547935486,2,Engage,0.8160868287086487,2,Engage,0.5362829566001892,1,Disengage,0.4416968822479248,2,Engage,0.7182437181472778,1,Disengage,0.5942912697792053,1,Disengage,0.5027940273284912,2,Engage,0.9493008255958556,2,Engage,0.8386175036430359,2,Engage,0.5934916734695435,2,Engage,0.9443601965904236,2,Engage,0.7200216054916382,2,Engage,0.4146175980567932
video14_68_person4,18,0.477124183006536,0.4955380299191111,0.6070813669098748,1,Disengage,10,0,0.0,10,0.5555555555555556,8,0.4444444444444444,0,0.0,2,Engage,0.5222463607788086,1,Disengage,0.5253127813339233,1,Disengage,1.0,1,Disengage,0.5400124788284302,1,Disengage,0.7316243052482605,1,Disengage,0.503495991230011,2,Engage,0.7746545076370239,2,Engage,0.4466253221035003,2,Engage,0.486876517534256,2,Engage,0.5704838037490845,1,Disengage,0.5220171809196472,1,Disengage,0.623585045337677,2,Engage,0.6567668914794922,2,Engage,0.5306231379508972,1,Disengage,0.5155715942382812,2,Engage,0.9411595463752748,1,Disengage,0.6828832626342773,1,Disengage,0.3535258769989013
video14_68_person6,18,0.5490196078431373,0.5264703802813174,0.7186966902679868,2,Engage,13,1,0.05555555555555555,4,0.2222222222222222,13,0.7222222222222222,0,0.0,2,Engage,0.8678113222122192,1,Disengage,0.5559109449386597,2,Engage,1.0,2,Engage,0.8500456213951111,2,Engage,0.91671222448349,2,Engage,0.6866748929023743,2,Engage,0.7625454068183899,1,Disengage,0.7610998153686523,0,Highly Disengage,0.4956335127353668,2,Engage,0.6278871893882751,1,Disengage,0.4874753355979919,1,Disengage,0.5933026671409607,2,Engage,0.7869248390197754,2,Engage,0.6434638500213623,2,Engage,0.7646324038505554,2,Engage,0.918475329875946,2,Engage,0.8248632550239563,2,Engage,0.3930818140506744
video14_69_person0,18,0.5294117647058824,0.4591479170272447,0.769054588344362,2,Engage,12,0,0.0,0,0.0,12,0.6666666666666666,6,0.3333333333333333,2,Engage,0.9030493497848512,2,Engage,0.6965042948722839,2,Engage,1.0,2,Engage,0.9018866419792176,3,Highly Engage,0.5906747579574585,3,Highly Engage,0.5038224458694458,2,Engage,0.7905867099761963,3,Highly Engage,0.8276104927062988,3,Highly Engage,0.7528467178344727,2,Engage,0.6048595905303955,3,Highly Engage,0.480518639087677,3,Highly Engage,0.7608954310417175,2,Engage,0.9744327664375304,2,Engage,0.9511837959289552,2,Engage,0.9843909740447998,2,Engage,0.9832139015197754,2,Engage,0.7153196334838867,2,Engage,0.4211864471435547
video14_69_person4,18,0.477124183006536,0.4955380299191111,0.724475117193328,2,Engage,10,0,0.0,0,0.0,10,0.5555555555555556,8,0.4444444444444444,2,Engage,0.7489951848983765,3,Highly Engage,0.5340363383293152,3,Highly Engage,1.0,2,Engage,0.9228355884552002,2,Engage,0.6327628493309021,2,Engage,0.6357620358467102,2,Engage,0.7790169715881348,3,Highly Engage,0.860080897808075,3,Highly Engage,0.5129038691520691,2,Engage,0.593543291091919,3,Highly Engage,0.7035664916038513,3,Highly Engage,0.759147047996521,2,Engage,0.755280077457428,2,Engage,0.7506983876228333,3,Highly Engage,0.7229920625686646,2,Engage,0.9965884685516356,2,Engage,0.6618453860282898,3,Highly Engage,0.4704971611499786
video14_70_person0,18,0.6928104575163399,0.40153586366205124,0.7261877126163907,2,Engage,15,0,0.0,2,0.1111111111111111,15,0.8333333333333334,1,0.05555555555555555,2,Engage,0.8357481956481934,2,Engage,0.4035854041576385,2,Engage,1.0,2,Engage,0.9514394998550416,2,Engage,0.5453144311904907,2,Engage,0.6712182760238647,2,Engage,0.8767266273498535,1,Disengage,0.5543374419212341,1,Disengage,0.4195075035095215,2,Engage,0.8330812454223633,2,Engage,0.4759981036186218,3,Highly Engage,0.6919505596160889,2,Engage,0.9541646242141724,2,Engage,0.8367340564727783,2,Engage,0.8916686177253723,2,Engage,0.9841412901878356,2,Engage,0.6961929202079773,2,Engage,0.4495700299739837
video14_71_person1,18,0.5294117647058824,0.4591479170272447,0.6586243692371581,1,Disengage,12,0,0.0,12,0.6666666666666666,6,0.3333333333333333,0,0.0,2,Engage,0.7189978957176208,2,Engage,0.4273410439491272,2,Engage,1.0,1,Disengage,0.5305421948432922,1,Disengage,0.8922480940818787,1,Disengage,0.6980780363082886,2,Engage,0.872972846031189,2,Engage,0.5214099884033203,2,Engage,0.4653880894184112,1,Disengage,0.4996030032634735,1,Disengage,0.4362384974956512,1,Disengage,0.5839159488677979,1,Disengage,0.7877033352851868,1,Disengage,0.8432400822639465,1,Disengage,0.8909757733345032,1,Disengage,0.5385056734085083,1,Disengage,0.7492284774780273,1,Disengage,0.3988496661186218
video14_71_person18,18,0.8888888888888888,0.1547717145751626,0.7721393704414368,2,Engage,17,0,0.0,0,0.0,17,0.9444444444444444,1,0.05555555555555555,2,Engage,0.950348973274231,2,Engage,0.6026943325996399,3,Highly Engage,0.966399073600769,2,Engage,0.986580491065979,2,Engage,0.9569964408874512,2,Engage,0.87453293800354,2,Engage,0.9372840523719788,2,Engage,0.5071488618850708,2,Engage,0.4721212983131408,2,Engage,0.8764557838439941,2,Engage,0.5681445598602295,2,Engage,0.5820183157920837,2,Engage,0.9074989557266236,2,Engage,0.7883896827697754,2,Engage,0.8970629572868347,2,Engage,0.975297510623932,2,Engage,0.6322169899940491,2,Engage,0.4173174500465393
video14_72_person19,18,0.477124183006536,0.6121972227029931,0.6692085034317441,2,Engage,12,2,0.1111111111111111,4,0.2222222222222222,12,0.6666666666666666,0,0.0,2,Engage,0.7294366955757141,1,Disengage,0.7355652451515198,2,Engage,1.0,2,Engage,0.5042015910148621,2,Engage,0.8592913746833801,2,Engage,0.7038686275482178,1,Disengage,0.4908455908298492,2,Engage,0.4662246704101562,1,Disengage,0.3872459232807159,1,Disengage,0.5682460069656372,0,Highly Disengage,0.2621425986289978,0,Highly Disengage,0.742975115776062,2,Engage,0.8412755727767944,2,Engage,0.7177104949951172,2,Engage,0.9214045405387878,2,Engage,0.9529563784599304,2,Engage,0.7129787802696228,2,Engage,0.4493838548660278
video14_72_person20,18,0.43137254901960786,0.6498683818476262,0.6383603314558665,1,Disengage,11,0,0.0,11,0.6111111111111112,5,0.2777777777777778,2,0.1111111111111111,1,Disengage,0.5930511951446533,1,Disengage,0.4318418800830841,2,Engage,1.0,1,Disengage,0.546393096446991,1,Disengage,0.7531195878982544,1,Disengage,0.7993115186691284,2,Engage,0.8258157968521118,3,Highly Engage,0.8027821779251099,3,Highly Engage,0.4864725470542907,1,Disengage,0.5722717642784119,1,Disengage,0.6420764923095703,1,Disengage,0.6845701932907104,1,Disengage,0.468471497297287,1,Disengage,0.6496846079826355,2,Engage,0.7746962904930115,2,Engage,0.591007649898529,1,Disengage,0.4911130666732788,2,Engage,0.3778066039085388
video14_72_person8,18,0.3790849673202614,0.7076344750135477,0.6525774498780569,2,Engage,10,0,0.0,5,0.2777777777777778,10,0.5555555555555556,3,0.16666666666666666,3,Highly Engage,0.4816319644451141,2,Engage,0.4813049435615539,1,Disengage,1.0,2,Engage,0.8956438899040222,2,Engage,0.7087787985801697,1,Disengage,0.4432456195354461,3,Highly Engage,0.5383391976356506,3,Highly Engage,0.795098066329956,2,Engage,0.4690517485141754,2,Engage,0.7096537947654724,1,Disengage,0.687800407409668,1,Disengage,0.5562586784362793,2,Engage,0.892600417137146,2,Engage,0.6209738850593567,2,Engage,0.5624246597290039,2,Engage,0.8855181336402893,1,Disengage,0.5741659998893738,2,Engage,0.4439038932323456
video14_7_person14,18,0.7058823529411765,0.32501121082417705,0.7569276442130407,2,Engage,15,0,0.0,3,0.16666666666666666,15,0.8333333333333334,0,0.0,2,Engage,0.7466754913330078,2,Engage,0.3986508846282959,1,Disengage,1.0,2,Engage,0.871411144733429,2,Engage,0.9230679273605348,2,Engage,0.6681472063064575,2,Engage,0.763139009475708,1,Disengage,0.5325437784194946,1,Disengage,0.4670320749282837,2,Engage,0.915312647819519,2,Engage,0.6204624772071838,2,Engage,0.5727458596229553,2,Engage,0.9973389506340028,2,Engage,0.8921658396720886,2,Engage,0.9660837054252625,2,Engage,0.9973446726799012,2,Engage,0.8664608597755432,2,Engage,0.4261150658130646
video14_7_person18,18,0.6143790849673203,0.4722442670831027,0.7618541866540909,2,Engage,14,0,0.0,1,0.05555555555555555,14,0.7777777777777778,3,0.16666666666666666,2,Engage,0.8715787529945374,1,Disengage,0.5382250547409058,2,Engage,1.0,2,Engage,0.9818615913391112,2,Engage,0.8190873861312866,2,Engage,0.5610686540603638,2,Engage,0.8834103941917419,2,Engage,0.8024632930755615,3,Highly Engage,0.5062525868415833,2,Engage,0.5555111765861511,3,Highly Engage,0.9011569619178772,3,Highly Engage,0.8599033355712891,2,Engage,0.9520690441131592,2,Engage,0.789749801158905,2,Engage,0.7685468196868896,2,Engage,0.9847397804260254,2,Engage,0.5536380410194397,2,Engage,0.384112685918808
video14_7_person3,18,0.5490196078431373,0.5264703802813174,0.7503352380461163,2,Engage,13,0,0.0,1,0.05555555555555555,13,0.7222222222222222,4,0.2222222222222222,2,Engage,0.9153250455856324,3,Highly Engage,0.5947319865226746,2,Engage,1.0,2,Engage,0.5692189931869507,3,Highly Engage,0.6763470768928528,3,Highly Engage,0.9652218818664552,2,Engage,0.6815139055252075,2,Engage,0.7567901611328125,2,Engage,0.4593172371387481,2,Engage,0.8260155320167542,1,Disengage,0.4983613789081573,3,Highly Engage,0.5966590642929077,2,Engage,0.985716700553894,2,Engage,0.9268433451652528,2,Engage,0.96380877494812,2,Engage,0.994741916656494,2,Engage,0.6797553896903992,2,Engage,0.4156658947467804
video14_8_person14,18,0.6339869281045751,0.38210225325431013,0.7993012766043345,2,Engage,14,0,0.0,0,0.0,14,0.7777777777777778,4,0.2222222222222222,2,Engage,0.728994607925415,2,Engage,0.4062308371067047,2,Engage,1.0,2,Engage,0.9721339344978333,2,Engage,0.9265889525413512,2,Engage,0.8093596696853638,2,Engage,0.7197001576423645,3,Highly Engage,0.8363170027732849,3,Highly Engage,0.7079098224639893,2,Engage,0.7874383330345154,3,Highly Engage,0.5779467225074768,3,Highly Engage,0.7695828676223755,2,Engage,0.9896416068077089,2,Engage,0.9950991272926332,2,Engage,0.9621210098266602,2,Engage,0.9984110593795776,2,Engage,0.771591067314148,2,Engage,0.4283562004566192
video14_8_person17,18,1.0,-0.0,0.755779817700386,1,Disengage,18,0,0.0,18,1.0,0,0.0,0,0.0,1,Disengage,0.7065751552581787,1,Disengage,0.6314541101455688,1,Disengage,1.0,1,Disengage,0.8602918982505798,1,Disengage,0.9470232725143432,1,Disengage,0.9079540371894836,1,Disengage,0.5800883769989014,1,Disengage,0.9000183939933777,1,Disengage,0.5277579426765442,1,Disengage,0.7046993970870972,1,Disengage,0.6467435359954834,1,Disengage,0.523705244064331,1,Disengage,0.7297690510749817,1,Disengage,0.8926230669021606,1,Disengage,0.9577511548995972,1,Disengage,0.8065530061721802,1,Disengage,0.8900810480117798,1,Disengage,0.3909480273723602
video14_9_person0,18,0.47058823529411764,0.5,0.7507623417509927,2,Engage,9,0,0.0,0,0.0,9,0.5,9,0.5,2,Engage,0.6692659258842468,3,Highly Engage,0.6231892704963684,3,Highly Engage,1.0,2,Engage,0.9178018569946288,3,Highly Engage,0.7050025463104248,3,Highly Engage,0.6499609351158142,2,Engage,0.6806526184082031,3,Highly Engage,0.8446013927459717,3,Highly Engage,0.4833797514438629,2,Engage,0.6969714760780334,3,Highly Engage,0.6486964821815491,3,Highly Engage,0.83610600233078,2,Engage,0.9397772550582886,2,Engage,0.8854069709777832,2,Engage,0.9716360569000244,2,Engage,0.9591962695121764,2,Engage,0.5022290349006653,3,Highly Engage,0.4998483061790466
video14_9_person14,18,0.7058823529411765,0.32501121082417705,0.7938993556631936,2,Engage,15,0,0.0,3,0.16666666666666666,15,0.8333333333333334,0,0.0,2,Engage,0.8525329828262329,1,Disengage,0.4371994137763977,1,Disengage,1.0,2,Engage,0.9286412000656128,2,Engage,0.9955340623855592,2,Engage,0.8785569667816162,2,Engage,0.8445676565170288,2,Engage,0.5589916706085205,1,Disengage,0.4330630600452423,2,Engage,0.8462503552436829,2,Engage,0.7078245878219604,2,Engage,0.6699843406677246,2,Engage,0.9746471643447876,2,Engage,0.9894253015518188,2,Engage,0.9690299034118652,2,Engage,0.9986076951026917,2,Engage,0.7783300876617432,2,Engage,0.427001953125
video14_9_person15,18,0.37254901960784315,0.7177602521413333,0.6257105320692062,1,Disengage,10,4,0.2222222222222222,10,0.5555555555555556,4,0.2222222222222222,0,0.0,2,Engage,0.5326279401779175,2,Engage,0.3730618059635162,2,Engage,1.0,1,Disengage,0.5200337767601013,1,Disengage,0.5192861557006836,1,Disengage,0.3957829177379608,2,Engage,0.5289280414581299,1,Disengage,0.6528581380844116,0,Highly Disengage,0.8804869651794434,1,Disengage,0.5771000385284424,0,Highly Disengage,0.7454131245613098,0,Highly Disengage,0.878561794757843,1,Disengage,0.765204668045044,1,Disengage,0.4727126359939575,1,Disengage,0.9337825775146484,0,Highly Disengage,0.4090408980846405,1,Disengage,0.6741702556610107,1,Disengage,0.4037378430366516
video14_9_person16,18,0.7843137254901961,0.30718472294337845,0.7229026307662328,2,Engage,16,0,0.0,1,0.05555555555555555,16,0.8888888888888888,1,0.05555555555555555,2,Engage,0.8787974715232849,3,Highly Engage,0.4019728004932403,2,Engage,1.0,2,Engage,0.9895009398460388,2,Engage,0.9500501155853271,2,Engage,0.8334624767303467,2,Engage,0.8077693581581116,2,Engage,0.6598186492919922,1,Disengage,0.6039701104164124,2,Engage,0.863896906375885,2,Engage,0.5393248200416565,2,Engage,0.4023105204105377,2,Engage,0.8629793524742126,2,Engage,0.5077123641967773,2,Engage,0.9153849482536316,2,Engage,0.8387516140937805,2,Engage,0.5465835332870483,2,Engage,0.4099613726139068
video15_100_person4,18,0.6143790849673203,0.4722442670831027,0.6495348016421,2,Engage,14,0,0.0,3,0.16666666666666666,14,0.7777777777777778,1,0.05555555555555555,2,Engage,0.5584734678268433,2,Engage,0.305730253458023,1,Disengage,1.0,2,Engage,0.9010855555534364,2,Engage,0.7280676960945129,1,Disengage,0.7359053492546082,2,Engage,0.7723877429962158,2,Engage,0.6431178450584412,3,Highly Engage,0.4726068377494812,2,Engage,0.813136100769043,1,Disengage,0.362276017665863,2,Engage,0.3761305510997772,2,Engage,0.9077754020690918,2,Engage,0.6712548136711121,2,Engage,0.7169710397720337,2,Engage,0.8069669604301453,2,Engage,0.5426052212715149,2,Engage,0.3771355748176574
video15_102_person2,18,0.7843137254901961,0.30718472294337845,0.765829548239708,2,Engage,16,1,0.05555555555555555,1,0.05555555555555555,16,0.8888888888888888,0,0.0,2,Engage,0.8830379247665405,2,Engage,0.2898933887481689,2,Engage,1.0,2,Engage,0.9165015816688538,2,Engage,0.9534201622009276,2,Engage,0.4442778825759887,2,Engage,0.739719569683075,0,Highly Disengage,0.6080995798110962,1,Disengage,0.3584222495555877,2,Engage,0.9670023322105408,2,Engage,0.8596711754798889,2,Engage,0.7684761881828308,2,Engage,0.9600469470024108,2,Engage,0.8071261048316956,2,Engage,0.99520605802536,2,Engage,0.9952905178070068,2,Engage,0.855863630771637,2,Engage,0.3828765749931335
video15_103_person5,18,0.6078431372549019,0.4932133643654213,0.6673761457204819,2,Engage,14,0,0.0,2,0.1111111111111111,14,0.7777777777777778,2,0.1111111111111111,2,Engage,0.754448413848877,2,Engage,0.3457741141319275,2,Engage,1.0,2,Engage,0.870462954044342,2,Engage,0.7182610630989075,2,Engage,0.4832662045955658,2,Engage,0.8041754961013794,1,Disengage,0.3851019442081451,1,Disengage,0.4263040423393249,2,Engage,0.772881031036377,3,Highly Engage,0.3565436899662018,3,Highly Engage,0.3940474092960357,2,Engage,0.8681136965751648,2,Engage,0.8308712840080261,2,Engage,0.9616549015045166,2,Engage,0.9242873191833496,2,Engage,0.6907374858856201,2,Engage,0.4258395731449127
video15_104_person2,18,0.39215686274509803,0.7847226310774411,0.6720225132173963,2,Engage,11,2,0.1111111111111111,2,0.1111111111111111,11,0.6111111111111112,3,0.16666666666666666,2,Engage,0.751855731010437,3,Highly Engage,0.3829649090766907,2,Engage,1.0,2,Engage,0.9189333319664,2,Engage,0.9180765748023988,3,Highly Engage,0.6794435381889343,2,Engage,0.7992309331893921,3,Highly Engage,0.4944969117641449,0,Highly Disengage,0.4935040771961212,2,Engage,0.7148810029029846,2,Engage,0.4700443148612976,0,Highly Disengage,0.9127495288848876,2,Engage,0.7503685355186462,2,Engage,0.5885465145111084,1,Disengage,0.4704696834087372,2,Engage,0.8465673327445984,2,Engage,0.4808690547943115,1,Disengage,0.423403263092041
video15_104_person4,18,0.7908496732026143,0.25162916738782287,0.6206556740734313,2,Engage,16,0,0.0,2,0.1111111111111111,16,0.8888888888888888,0,0.0,2,Engage,0.5399563312530518,2,Engage,0.2978522479534149,1,Disengage,1.0,2,Engage,0.9223510026931764,2,Engage,0.6658117771148682,1,Disengage,0.7042718529701233,2,Engage,0.7596949338912964,2,Engage,0.5026957988739014,2,Engage,0.4144907593727112,2,Engage,0.8331405520439148,2,Engage,0.392447292804718,2,Engage,0.435231477022171,2,Engage,0.8034681677818298,2,Engage,0.5918929576873779,2,Engage,0.6586179733276367,2,Engage,0.6734023690223694,2,Engage,0.6066253781318665,2,Engage,0.3698512613773346
video15_105_person4,18,0.5294117647058824,0.6166123941101099,0.6496922721465429,2,Engage,13,1,0.05555555555555555,3,0.16666666666666666,13,0.7222222222222222,1,0.05555555555555555,2,Engage,0.3742381930351257,0,Highly Disengage,0.3092505037784576,1,Disengage,1.0,2,Engage,0.912522554397583,2,Engage,0.7944868206977844,2,Engage,0.5188245177268982,2,Engage,0.6469134092330933,2,Engage,0.5694054365158081,3,Highly Engage,0.5701892375946045,2,Engage,0.8631014227867126,2,Engage,0.4891633689403534,2,Engage,0.5284018516540527,2,Engage,0.9678195714950562,2,Engage,0.6188328862190247,2,Engage,0.6388275623321533,2,Engage,0.8887155055999756,1,Disengage,0.6243457198143005,1,Disengage,0.3794223368167877
video15_107_person4,18,0.43137254901960786,0.6498683818476262,0.6739667819605933,3,Highly Engage,11,0,0.0,2,0.1111111111111111,5,0.2777777777777778,11,0.6111111111111112,2,Engage,0.4483544528484344,3,Highly Engage,0.5668557286262512,2,Engage,1.0,2,Engage,0.5983284115791321,1,Disengage,0.4612258076667785,3,Highly Engage,0.9460566639900208,3,Highly Engage,0.7395519614219666,3,Highly Engage,0.9042925238609314,3,Highly Engage,0.8932368755340576,2,Engage,0.4928247630596161,3,Highly Engage,0.5627655982971191,1,Disengage,0.6807013154029846,3,Highly Engage,0.516921877861023,3,Highly Engage,0.5005159974098206,2,Engage,0.5580576062202454,3,Highly Engage,0.4880897402763366,3,Highly Engage,0.8878844380378723,3,Highly Engage,0.8857383131980896
video15_107_person5,18,0.477124183006536,0.4955380299191111,0.7692547423972024,2,Engage,10,0,0.0,0,0.0,10,0.5555555555555556,8,0.4444444444444444,2,Engage,0.8967700600624084,3,Highly Engage,0.4949850142002105,2,Engage,1.0,2,Engage,0.9802623987197876,2,Engage,0.9166380763053894,3,Highly Engage,0.5670811533927917,2,Engage,0.5135058164596558,2,Engage,0.6041508913040161,3,Highly Engage,0.7003762722015381,2,Engage,0.9300194382667542,2,Engage,0.6835550665855408,2,Engage,0.5153557658195496,2,Engage,0.5667960047721863,3,Highly Engage,0.8797919154167175,3,Highly Engage,0.995594084262848,3,Highly Engage,0.6724255084991455,3,Highly Engage,0.9853813052177428,3,Highly Engage,0.9438965916633606
video15_109_person2,18,0.49673202614379086,0.5674849873019706,0.7497008823686175,3,Highly Engage,12,0,0.0,1,0.05555555555555555,5,0.2777777777777778,12,0.6666666666666666,2,Engage,0.4824893474578857,3,Highly Engage,0.5813122391700745,2,Engage,1.0,2,Engage,0.4794121980667114,3,Highly Engage,0.7686218023300171,3,Highly Engage,0.9290064573287964,2,Engage,0.6686297059059143,2,Engage,0.3443084359169006,1,Disengage,0.3469739258289337,3,Highly Engage,0.5714607238769531,3,Highly Engage,0.8955134749412537,3,Highly Engage,0.91448974609375,3,Highly Engage,0.8924798965454102,3,Highly Engage,0.9762489795684814,3,Highly Engage,0.9999397993087769,3,Highly Engage,0.8835198879241943,3,Highly Engage,0.9768745303153992,3,Highly Engage,0.7833347320556641
video15_117_person2,18,0.5490196078431373,0.5264703802813174,0.747523781326082,2,Engage,13,1,0.05555555555555555,0,0.0,13,0.7222222222222222,4,0.2222222222222222,2,Engage,0.8477039337158203,3,Highly Engage,0.4141354560852051,2,Engage,1.0,2,Engage,0.9547494053840636,2,Engage,0.849565327167511,2,Engage,0.7006123065948486,2,Engage,0.7468661069869995,3,Highly Engage,0.4831453859806061,0,Highly Disengage,0.426762968301773,2,Engage,0.972027599811554,2,Engage,0.8362429141998291,2,Engage,0.7214140295982361,2,Engage,0.8586743474006653,2,Engage,0.681892991065979,2,Engage,0.965884804725647,2,Engage,0.9331271648406982,3,Highly Engage,0.5907406210899353,3,Highly Engage,0.471882700920105
video15_117_person4,18,0.5294117647058824,0.4591479170272447,0.7177251494593091,2,Engage,12,0,0.0,6,0.3333333333333333,12,0.6666666666666666,0,0.0,2,Engage,0.7239497303962708,1,Disengage,0.3847524225711822,2,Engage,1.0,2,Engage,0.9808002710342408,2,Engage,0.9028047323226928,2,Engage,0.8282403349876404,2,Engage,0.7308459281921387,1,Disengage,0.5886566638946533,1,Disengage,0.4508820474147796,2,Engage,0.974120557308197,2,Engage,0.7053048610687256,2,Engage,0.5512591600418091,2,Engage,0.7288385629653931,1,Disengage,0.7118654847145081,1,Disengage,0.8617354035377502,2,Engage,0.6122074127197266,2,Engage,0.7652817964553833,1,Disengage,0.4175073206424713
video15_124_person2,18,0.477124183006536,0.6121972227029931,0.6789576013882955,3,Highly Engage,12,2,0.1111111111111111,0,0.0,4,0.2222222222222222,12,0.6666666666666666,3,Highly Engage,0.597953200340271,3,Highly Engage,0.8892326354980469,3,Highly Engage,1.0,2,Engage,0.5759280920028687,3,Highly Engage,0.8604134917259216,3,Highly Engage,0.9938886165618896,3,Highly Engage,0.4294593632221222,3,Highly Engage,0.5999478101730347,3,Highly Engage,0.3872725963592529,3,Highly Engage,0.6549125909805298,3,Highly Engage,0.9070744514465332,3,Highly Engage,0.9456523656845092,2,Engage,0.5194222331047058,0,Highly Disengage,0.7392449975013733,0,Highly Disengage,0.575962483882904,2,Engage,0.6842557787895203,3,Highly Engage,0.4601838290691376,2,Engage,0.400432288646698
video15_130_person4,18,0.3660130718954248,0.7841591278514218,0.6527950962384542,2,Engage,10,1,0.05555555555555555,5,0.2777777777777778,10,0.5555555555555556,2,0.1111111111111111,2,Engage,0.5015309453010559,2,Engage,0.3516867458820343,1,Disengage,1.0,2,Engage,0.6875180006027222,3,Highly Engage,0.5858133435249329,3,Highly Engage,0.6522883772850037,2,Engage,0.6746710538864136,1,Disengage,0.428388774394989,0,Highly Disengage,0.9119958281517028,2,Engage,0.779944658279419,1,Disengage,0.7036835551261902,1,Disengage,0.4113527536392212,2,Engage,0.8048900961875916,1,Disengage,0.5498472452163696,2,Engage,0.7973949909210205,2,Engage,0.8382270932197571,2,Engage,0.6096047163009644,2,Engage,0.4614735543727875
video15_130_person5,18,0.6339869281045751,0.38210225325431013,0.7514593402544657,2,Engage,14,0,0.0,4,0.2222222222222222,14,0.7777777777777778,0,0.0,2,Engage,0.8430574536323547,1,Disengage,0.3432208299636841,1,Disengage,1.0,2,Engage,0.9826756715774536,2,Engage,0.9405840039253236,2,Engage,0.7400883436203003,2,Engage,0.8107643127441406,1,Disengage,0.4899006485939026,1,Disengage,0.4307447671890259,2,Engage,0.9291516542434692,2,Engage,0.5316559076309204,2,Engage,0.4343506097793579,2,Engage,0.9954773783683776,2,Engage,0.9723931550979614,2,Engage,0.9950438737869264,2,Engage,0.9954427480697632,2,Engage,0.67137211561203,2,Engage,0.4203446507453918
video15_132_person3,18,0.41830065359477125,0.6258145836939114,0.7004640218284395,1,Disengage,9,1,0.05555555555555555,9,0.5,8,0.4444444444444444,0,0.0,2,Engage,0.5908941626548767,2,Engage,0.3211837708950043,1,Disengage,1.0,1,Disengage,0.7218018770217896,1,Disengage,0.8594108819961548,1,Disengage,0.8746665120124817,1,Disengage,0.6288654804229736,1,Disengage,0.637855589389801,0,Highly Disengage,0.8450311422348022,2,Engage,0.5549911856651306,1,Disengage,0.6398709416389465,1,Disengage,0.5641375184059143,2,Engage,0.9018914699554444,2,Engage,0.7451269626617432,2,Engage,0.9152112007141112,2,Engage,0.8992750644683838,2,Engage,0.5272434949874878,1,Disengage,0.3808951377868652
video15_134_person4,18,0.39215686274509803,0.7313776131322518,0.6722236226002375,1,Disengage,10,1,0.05555555555555555,10,0.5555555555555556,6,0.3333333333333333,1,0.05555555555555555,2,Engage,0.5703020095825195,2,Engage,0.2898933887481689,1,Disengage,1.0,1,Disengage,0.6591095924377441,2,Engage,0.8570172190666199,3,Highly Engage,0.4171355664730072,2,Engage,0.7870680093765259,1,Disengage,0.4883670210838318,0,Highly Disengage,0.8124222159385681,2,Engage,0.8115817308425903,1,Disengage,0.6301903128623962,1,Disengage,0.5699928998947144,1,Disengage,0.6546692252159119,1,Disengage,0.8562199473381042,1,Disengage,0.8199030756950378,2,Engage,0.6123074889183044,1,Disengage,0.8306666612625122,1,Disengage,0.4331788420677185
video15_135_person3,18,0.5294117647058824,0.4591479170272447,0.6024917844269011,2,Engage,12,0,0.0,6,0.3333333333333333,12,0.6666666666666666,0,0.0,2,Engage,0.5497586131095886,2,Engage,0.2898933887481689,1,Disengage,1.0,2,Engage,0.7278633713722229,1,Disengage,0.6303758025169373,1,Disengage,0.6378763914108276,2,Engage,0.7638186812400818,2,Engage,0.4863097667694092,2,Engage,0.3415517210960388,2,Engage,0.6715938448905945,1,Disengage,0.6013457775115967,1,Disengage,0.5785123109817505,2,Engage,0.6296696662902832,2,Engage,0.5159205198287964,2,Engage,0.9999985694885254,2,Engage,0.54362952709198,1,Disengage,0.4628553986549377,2,Engage,0.4138787686824798
video15_136_person4,18,0.3137254901960784,0.773315807696889,0.6173170672522651,2,Engage,8,0,0.0,5,0.2777777777777778,8,0.4444444444444444,5,0.2777777777777778,2,Engage,0.4646925628185272,3,Highly Engage,0.4305780529975891,2,Engage,1.0,2,Engage,0.9985867738723756,2,Engage,0.6058025360107422,1,Disengage,0.7264148592948914,3,Highly Engage,0.6841631531715393,1,Disengage,0.4887124896049499,3,Highly Engage,0.6117974519729614,2,Engage,0.817682683467865,3,Highly Engage,0.511382520198822,3,Highly Engage,0.3564385771751404,2,Engage,0.4847066104412079,1,Disengage,0.5745441913604736,1,Disengage,0.8208043575286865,1,Disengage,0.5160362720489502,2,Engage,0.5972563028335571,2,Engage,0.4221078157424927
video15_138_person2,18,0.7058823529411765,0.32501121082417705,0.7692283325725131,3,Highly Engage,15,0,0.0,0,0.0,3,0.16666666666666666,15,0.8333333333333334,2,Engage,0.4697684347629547,3,Highly Engage,0.72111576795578,2,Engage,1.0,3,Highly Engage,0.8834760785102844,3,Highly Engage,0.9491205215454102,3,Highly Engage,0.9936476349830629,2,Engage,0.4573737680912018,3,Highly Engage,0.8644475936889648,3,Highly Engage,0.3962175846099853,3,Highly Engage,0.8668521642684937,3,Highly Engage,0.9572285413742064,3,Highly Engage,0.940510630607605,3,Highly Engage,0.4892672300338745,3,Highly Engage,0.6067257523536682,3,Highly Engage,0.994053304195404,3,Highly Engage,0.6149667501449585,3,Highly Engage,0.940721333026886,3,Highly Engage,0.7006168961524963
video15_139_person3,18,0.7908496732026143,0.25162916738782287,0.815408307645056,2,Engage,16,0,0.0,0,0.0,16,0.8888888888888888,2,0.1111111111111111,2,Engage,0.7356908321380615,3,Highly Engage,0.4022479653358459,2,Engage,1.0,2,Engage,0.9944295883178712,2,Engage,0.96914803981781,2,Engage,0.9545977711677552,2,Engage,0.8150702714920044,2,Engage,0.7192815542221069,3,Highly Engage,0.7131360769271851,2,Engage,0.97881817817688,2,Engage,0.8608662486076355,2,Engage,0.770113468170166,2,Engage,0.9561272263526917,2,Engage,0.6158035397529602,2,Engage,0.9566395878791808,2,Engage,0.9896138310432434,2,Engage,0.8312600255012512,2,Engage,0.4145053327083587
video15_140_person5,18,0.6339869281045751,0.38210225325431013,0.8001328226592805,1,Disengage,14,4,0.2222222222222222,14,0.7777777777777778,0,0.0,0,0.0,1,Disengage,0.5899273753166199,0,Highly Disengage,0.5582678318023682,1,Disengage,1.0,1,Disengage,0.967680037021637,1,Disengage,0.9747775197029114,1,Disengage,0.9845016598701476,1,Disengage,0.7704049944877625,1,Disengage,0.7191717624664307,0,Highly Disengage,0.8695918321609497,1,Disengage,0.4819648563861847,0,Highly Disengage,0.623286783695221,0,Highly Disengage,0.739101231098175,1,Disengage,0.9015880823135376,1,Disengage,0.9851136207580566,1,Disengage,0.9987934827804564,1,Disengage,0.8598356246948242,1,Disengage,0.961161732673645,1,Disengage,0.4172223806381225
video15_141_person4,18,0.3202614379084967,0.7652465283787413,0.655402637190289,2,Engage,8,0,0.0,4,0.2222222222222222,8,0.4444444444444444,6,0.3333333333333333,2,Engage,0.4327090382575989,1,Disengage,0.35373654961586,2,Engage,1.0,2,Engage,0.650330126285553,3,Highly Engage,0.8595550060272217,3,Highly Engage,0.8379482626914978,3,Highly Engage,0.660139799118042,3,Highly Engage,0.8429229855537415,3,Highly Engage,0.8740837574005127,2,Engage,0.7215616106987,3,Highly Engage,0.5123988389968872,2,Engage,0.370571106672287,2,Engage,0.5957658886909485,1,Disengage,0.7027848362922668,1,Disengage,0.721014678478241,2,Engage,0.7419430017471313,2,Engage,0.5223944783210754,1,Disengage,0.3973875045776367
video15_151_person5,18,0.6928104575163399,0.4015358636620513,0.7624046670065986,1,Disengage,15,0,0.0,15,0.8333333333333334,1,0.05555555555555555,2,0.1111111111111111,1,Disengage,0.5368777513504028,1,Disengage,0.3895914256572723,1,Disengage,1.0,1,Disengage,0.9410962462425232,1,Disengage,0.9242400527000428,1,Disengage,0.982445478439331,2,Engage,0.6357957720756531,3,Highly Engage,0.5480080246925354,3,Highly Engage,0.4700402319431305,1,Disengage,0.6168909072875977,1,Disengage,0.8635837435722351,1,Disengage,0.86623215675354,1,Disengage,0.8770415782928467,1,Disengage,0.9780514240264891,1,Disengage,0.9454428553581238,1,Disengage,0.7721171379089355,1,Disengage,0.9541879892349244,1,Disengage,0.4216412305831909
video15_155_person4,18,0.33986928104575165,0.7403410574831923,0.6881296121411853,3,Highly Engage,8,0,0.0,3,0.16666666666666666,7,0.3888888888888889,8,0.4444444444444444,2,Engage,0.4916222691535949,3,Highly Engage,0.4823399186134338,2,Engage,1.0,2,Engage,0.7333689332008362,3,Highly Engage,0.6725059151649475,3,Highly Engage,0.9147027134895324,3,Highly Engage,0.5540623664855957,3,Highly Engage,0.8840211033821106,3,Highly Engage,0.8644250631332397,2,Engage,0.4998507797718048,3,Highly Engage,0.6259622573852539,3,Highly Engage,0.8930227160453796,2,Engage,0.8408849835395813,1,Disengage,0.6926775574684143,1,Disengage,0.5846264362335205,2,Engage,0.6103489398956299,1,Disengage,0.6579896211624146,2,Engage,0.3839214444160461
video15_156_person5,18,0.7908496732026143,0.25162916738782287,0.8034915940629112,1,Disengage,16,2,0.1111111111111111,16,0.8888888888888888,0,0.0,0,0.0,1,Disengage,0.606995165348053,0,Highly Disengage,0.4905330836772918,1,Disengage,1.0,1,Disengage,0.9918404817581176,1,Disengage,0.9851428866386414,1,Disengage,0.983742892742157,1,Disengage,0.5456210374832153,1,Disengage,0.7534521818161011,1,Disengage,0.5207284688949585,1,Disengage,0.7832891941070557,1,Disengage,0.82850581407547,1,Disengage,0.7223997116088867,1,Disengage,0.9447160363197328,1,Disengage,0.9654688239097596,1,Disengage,0.9860318899154664,1,Disengage,0.799985945224762,1,Disengage,0.9563121795654296,0,Highly Disengage,0.5980829000473022
video15_15_person2,18,0.7908496732026143,0.25162916738782287,0.6977587938308716,2,Engage,16,0,0.0,0,0.0,16,0.8888888888888888,2,0.1111111111111111,2,Engage,0.8372526168823242,2,Engage,0.2898933887481689,2,Engage,1.0,2,Engage,0.916900098323822,2,Engage,0.8775478601455688,3,Highly Engage,0.861707866191864,2,Engage,0.8317111730575562,2,Engage,0.4864119589328766,3,Highly Engage,0.3586215376853943,2,Engage,0.9175640344619752,2,Engage,0.6794304251670837,2,Engage,0.7707010507583618,2,Engage,0.6296696662902832,2,Engage,0.5159205198287964,2,Engage,0.9999985694885254,2,Engage,0.624853253364563,2,Engage,0.5216330289840698,2,Engage,0.4398412406444549
video15_160_person5,18,0.5751633986928104,0.4262025893247393,0.7384278525908788,1,Disengage,13,0,0.0,13,0.7222222222222222,5,0.2777777777777778,0,0.0,2,Engage,0.5110308527946472,1,Disengage,0.3656802475452423,1,Disengage,1.0,1,Disengage,0.9881644248962402,1,Disengage,0.984786331653595,1,Disengage,0.973107933998108,2,Engage,0.6875668168067932,2,Engage,0.5238373875617981,1,Disengage,0.5531934499740601,1,Disengage,0.8355199098587036,1,Disengage,0.8269935250282288,1,Disengage,0.5701606273651123,1,Disengage,0.758019745349884,1,Disengage,0.925789475440979,1,Disengage,0.9282615780830384,2,Engage,0.5498262047767639,1,Disengage,0.8972020745277405,2,Engage,0.412560760974884
video15_161_person2,18,0.7908496732026143,0.25162916738782287,0.8580985102388594,3,Highly Engage,16,0,0.0,0,0.0,2,0.1111111111111111,16,0.8888888888888888,3,Highly Engage,0.4737049043178558,3,Highly Engage,0.7924564480781555,2,Engage,1.0,3,Highly Engage,0.9141393303871156,3,Highly Engage,0.9638322591781616,3,Highly Engage,0.9973338842391968,3,Highly Engage,0.5058876872062683,3,Highly Engage,0.7197548747062683,2,Engage,0.3236474692821502,3,Highly Engage,0.9000028371810913,3,Highly Engage,0.9606748223304749,3,Highly Engage,0.926935851573944,3,Highly Engage,0.9979534149169922,3,Highly Engage,0.9996033310890198,3,Highly Engage,1.0,3,Highly Engage,0.9794344305992126,3,Highly Engage,0.9989282488822936,3,Highly Engage,0.9914833903312684
video15_168_person3,18,0.5294117647058824,0.4591479170272447,0.758372543586625,2,Engage,12,0,0.0,0,0.0,12,0.6666666666666666,6,0.3333333333333333,2,Engage,0.6568589806556702,3,Highly Engage,0.5682992935180664,2,Engage,1.0,2,Engage,0.9448633193969728,2,Engage,0.9179895520210266,2,Engage,0.7537875771522522,2,Engage,0.8167712092399597,2,Engage,0.5231466293334961,2,Engage,0.3792814016342163,2,Engage,0.9347811341285706,2,Engage,0.8467349410057068,2,Engage,0.7224888205528259,3,Highly Engage,0.4786845743656158,3,Highly Engage,0.8111030459403992,3,Highly Engage,0.7892025113105774,2,Engage,0.7249640822410583,3,Highly Engage,0.9102057218551636,3,Highly Engage,0.8715429902076721
video15_169_person5,18,0.8888888888888888,0.1547717145751626,0.8090081264575323,2,Engage,17,0,0.0,0,0.0,17,0.9444444444444444,1,0.05555555555555555,2,Engage,0.9093159437179564,2,Engage,0.3558580875396728,2,Engage,1.0,2,Engage,0.9921234250068665,2,Engage,0.994231343269348,3,Highly Engage,0.8443094491958618,2,Engage,0.8710892796516418,2,Engage,0.5455328226089478,2,Engage,0.3776922225952148,2,Engage,0.9792181253433228,2,Engage,0.8848172426223755,2,Engage,0.7591432332992554,2,Engage,0.9928429126739502,2,Engage,0.8806309103965759,2,Engage,0.9488420486450196,2,Engage,0.9835610389709472,2,Engage,0.8178436160087585,2,Engage,0.4250945746898651
video15_176_person4,18,0.49673202614379086,0.4820393824041145,0.7197366770770814,3,Highly Engage,11,0,0.0,0,0.0,7,0.3888888888888889,11,0.6111111111111112,2,Engage,0.5408996939659119,3,Highly Engage,0.3938775062561035,2,Engage,1.0,2,Engage,0.638105034828186,3,Highly Engage,0.8621799945831299,3,Highly Engage,0.9013343453407288,2,Engage,0.5144909620285034,2,Engage,0.5209708213806152,2,Engage,0.3835362493991852,2,Engage,0.5963790416717529,3,Highly Engage,0.5714316368103027,3,Highly Engage,0.7891075611114502,3,Highly Engage,0.6241017580032349,3,Highly Engage,0.8399444818496704,3,Highly Engage,0.998253047466278,3,Highly Engage,0.9109955430030824,3,Highly Engage,0.966809093952179,3,Highly Engage,0.902843415737152
video15_182_person2,18,0.8888888888888888,0.1547717145751626,0.8167259726259444,2,Engage,17,1,0.05555555555555555,0,0.0,17,0.9444444444444444,0,0.0,2,Engage,0.9341045022010804,2,Engage,0.2898933887481689,2,Engage,1.0,2,Engage,0.994306743144989,2,Engage,0.9760209321975708,2,Engage,0.7580009698867798,2,Engage,0.8879145383834839,2,Engage,0.7195922136306763,0,Highly Disengage,0.3806816637516022,2,Engage,0.9777021408081056,2,Engage,0.9110769629478456,2,Engage,0.7595564126968384,2,Engage,0.9816396832466124,2,Engage,0.9022901654243468,2,Engage,0.9975197911262512,2,Engage,0.9976539015769958,2,Engage,0.8340374231338501,2,Engage,0.3990760743618011
video15_187_person4,18,0.5751633986928104,0.4262025893247393,0.6345840444167455,1,Disengage,13,0,0.0,13,0.7222222222222222,5,0.2777777777777778,0,0.0,2,Engage,0.4361372590065002,2,Engage,0.2955343127250671,1,Disengage,1.0,1,Disengage,0.679922878742218,1,Disengage,0.7332995533943176,1,Disengage,0.6810884475708008,2,Engage,0.6151741147041321,1,Disengage,0.4192193150520324,2,Engage,0.4182675182819366,1,Disengage,0.5123973488807678,1,Disengage,0.7679339051246643,1,Disengage,0.762649655342102,1,Disengage,0.5763804912567139,1,Disengage,0.6368536949157715,1,Disengage,0.9850353002548218,2,Engage,0.6003875732421875,1,Disengage,0.8607531785964966,1,Disengage,0.4414782524108886
video15_189_person2,18,0.49673202614379086,0.4820393824041145,0.739781551890903,2,Engage,11,0,0.0,0,0.0,11,0.6111111111111112,7,0.3888888888888889,2,Engage,0.7425713539123535,2,Engage,0.3417596518993377,2,Engage,1.0,2,Engage,0.982332408428192,2,Engage,0.9439513683319092,2,Engage,0.5179291367530823,2,Engage,0.8082585334777832,3,Highly Engage,0.5610622763633728,3,Highly Engage,0.3200087249279022,2,Engage,0.9656127095222472,3,Highly Engage,0.5676615834236145,2,Engage,0.633976399898529,2,Engage,0.5102762579917908,3,Highly Engage,0.8334366083145142,3,Highly Engage,0.999911904335022,2,Engage,0.806411862373352,3,Highly Engage,0.96784645318985,3,Highly Engage,0.8130607008934021
video15_18_person1,18,0.7908496732026143,0.25162916738782287,0.8244125147660574,1,Disengage,16,0,0.0,16,0.8888888888888888,2,0.1111111111111111,0,0.0,1,Disengage,0.5671369433403015,1,Disengage,0.6196402311325073,2,Engage,1.0,1,Disengage,0.866454541683197,1,Disengage,0.9582907557487488,1,Disengage,0.9981285929679872,2,Engage,0.7771787643432617,1,Disengage,0.9242056608200072,1,Disengage,0.5652604699134827,1,Disengage,0.8443098664283752,1,Disengage,0.8931410908699036,1,Disengage,0.9339659810066224,1,Disengage,0.8555567264556885,1,Disengage,0.9109060168266296,1,Disengage,0.9843629002571106,1,Disengage,0.8435360789299011,1,Disengage,0.8857946991920471,1,Disengage,0.4115559458732605
video15_200_person2,18,0.45751633986928103,0.5970868671284559,0.6555357558859719,2,Engage,11,0,0.0,6,0.3333333333333333,11,0.6111111111111112,1,0.05555555555555555,2,Engage,0.6783562898635864,1,Disengage,0.3938333690166473,2,Engage,1.0,2,Engage,0.8041289448738098,2,Engage,0.9379082322120668,2,Engage,0.6551627516746521,2,Engage,0.7541629076004028,2,Engage,0.5283926725387573,1,Disengage,0.3198759257793426,1,Disengage,0.6667908430099487,3,Highly Engage,0.3293690383434295,1,Disengage,0.6236329674720764,2,Engage,0.8236743211746216,1,Disengage,0.4993525743484497,2,Engage,0.9130295515060424,2,Engage,0.9500053524971008,1,Disengage,0.4834675192832947,2,Engage,0.4385003447532654
video15_20_person4,18,0.41830065359477125,0.6736115199663301,0.6237801114718119,2,Engage,11,0,0.0,4,0.2222222222222222,11,0.6111111111111112,3,0.16666666666666666,2,Engage,0.5125401616096497,3,Highly Engage,0.3924922347068786,2,Engage,1.0,2,Engage,0.6489163637161255,1,Disengage,0.4786616265773773,2,Engage,0.5572881102561951,2,Engage,0.7161343693733215,1,Disengage,0.793624758720398,1,Disengage,0.4171152710914612,2,Engage,0.8323066234588623,3,Highly Engage,0.5129750967025757,3,Highly Engage,0.3848814666271209,2,Engage,0.7256366610527039,1,Disengage,0.6784696578979492,2,Engage,0.9103402495384216,2,Engage,0.7663711905479431,2,Engage,0.5246987342834473,2,Engage,0.3755894303321838
video15_21_person3,18,0.5751633986928104,0.4262025893247393,0.6125627739561929,2,Engage,13,0,0.0,5,0.2777777777777778,13,0.7222222222222222,0,0.0,2,Engage,0.7643445730209351,2,Engage,0.3438228070735931,2,Engage,1.0,2,Engage,0.5116670727729797,2,Engage,0.5138352513313293,2,Engage,0.6053881645202637,2,Engage,0.840846598148346,2,Engage,0.6567930579185486,1,Disengage,0.3664796352386474,2,Engage,0.9574947953224182,2,Engage,0.688139796257019,2,Engage,0.7414801120758057,2,Engage,0.6500417590141296,1,Disengage,0.5672351717948914,1,Disengage,0.5039833188056946,1,Disengage,0.4215196967124939,2,Engage,0.5128735303878784,1,Disengage,0.3801845908164978
video15_23_person2,18,0.7908496732026143,0.25162916738782287,0.7185592088434432,2,Engage,16,0,0.0,0,0.0,16,0.8888888888888888,2,0.1111111111111111,2,Engage,0.7637011408805847,2,Engage,0.33344766497612,2,Engage,1.0,2,Engage,0.9325242638587952,2,Engage,0.560172438621521,3,Highly Engage,0.8739026188850403,2,Engage,0.8372550010681152,2,Engage,0.445634514093399,2,Engage,0.3656037449836731,2,Engage,0.90388286113739,2,Engage,0.4986244738101959,2,Engage,0.5657243132591248,2,Engage,0.9434105157852172,2,Engage,0.8713640570640564,2,Engage,0.9910076260566713,2,Engage,0.9898118376731871,3,Highly Engage,0.6122872829437256,2,Engage,0.4457114040851593
video15_28_person3,18,0.5490196078431373,0.5264703802813174,0.6471281929148568,2,Engage,13,0,0.0,4,0.2222222222222222,13,0.7222222222222222,1,0.05555555555555555,2,Engage,0.7690502405166626,3,Highly Engage,0.4025947749614715,2,Engage,1.0,2,Engage,0.6392461061477661,2,Engage,0.7193211317062378,2,Engage,0.7404010891914368,2,Engage,0.8323558568954468,2,Engage,0.4297022521495819,2,Engage,0.366709440946579,2,Engage,0.9258998036384584,2,Engage,0.6543692350387573,2,Engage,0.7163378596305847,2,Engage,0.5309495329856873,1,Disengage,0.6574764847755432,1,Disengage,0.8256839513778687,1,Disengage,0.4312465488910675,2,Engage,0.637478768825531,1,Disengage,0.369484394788742
video15_30_person5,18,0.39869281045751637,0.6758220575766961,0.694000729256206,2,Engage,10,0,0.0,2,0.1111111111111111,10,0.5555555555555556,6,0.3333333333333333,2,Engage,0.6402769088745117,3,Highly Engage,0.4132249057292938,2,Engage,1.0,2,Engage,0.7163037657737732,3,Highly Engage,0.8709705471992493,3,Highly Engage,0.9807850122451782,2,Engage,0.8471011519432068,1,Disengage,0.6145439743995667,1,Disengage,0.5569030046463013,3,Highly Engage,0.5458096861839294,3,Highly Engage,0.7422957420349121,3,Highly Engage,0.8706902861595154,2,Engage,0.8367902636528015,2,Engage,0.6573399305343628,2,Engage,0.4965255260467529,2,Engage,0.6112291812896729,2,Engage,0.6421958208084106,2,Engage,0.449027419090271
video15_33_person2,18,0.7908496732026143,0.25162916738782287,0.7327286650737127,2,Engage,16,0,0.0,2,0.1111111111111111,16,0.8888888888888888,0,0.0,2,Engage,0.7447290420532227,2,Engage,0.2898933887481689,1,Disengage,1.0,2,Engage,0.9786372184753418,2,Engage,0.926885426044464,2,Engage,0.5110377073287964,2,Engage,0.8588377833366394,2,Engage,0.4761620163917541,1,Disengage,0.3981699645519256,2,Engage,0.8568353056907654,2,Engage,0.5412126779556274,2,Engage,0.6196330785751343,2,Engage,0.9772496223449708,2,Engage,0.7820976972579956,2,Engage,0.9457026720046996,2,Engage,0.9852319955825806,2,Engage,0.84947669506073,2,Engage,0.4473236799240112
video15_38_person5,18,0.6143790849673203,0.4722442670831027,0.6684730764892366,2,Engage,14,0,0.0,3,0.16666666666666666,14,0.7777777777777778,1,0.05555555555555555,2,Engage,0.7422464489936829,2,Engage,0.3163996338844299,1,Disengage,1.0,2,Engage,0.8143824338912964,2,Engage,0.948762595653534,3,Highly Engage,0.664435088634491,2,Engage,0.7975122332572937,2,Engage,0.4174978733062744,1,Disengage,0.4727184474468231,2,Engage,0.947727620601654,2,Engage,0.5641888380050659,2,Engage,0.6181698441505432,2,Engage,0.7562726736068726,2,Engage,0.5438733100891113,1,Disengage,0.6114353537559509,2,Engage,0.8853175640106201,2,Engage,0.5065245628356934,2,Engage,0.4250508546829223
video15_49_person4,18,0.40522875816993464,0.7501361728042042,0.6253282278776169,2,Engage,11,1,0.05555555555555555,4,0.2222222222222222,11,0.6111111111111112,2,0.1111111111111111,2,Engage,0.6940649747848511,2,Engage,0.3541768193244934,1,Disengage,1.0,2,Engage,0.7107923626899719,3,Highly Engage,0.6163427829742432,3,Highly Engage,0.8729900121688843,2,Engage,0.8596858382225037,1,Disengage,0.4713010787963867,0,Highly Disengage,0.5437154173851013,2,Engage,0.8766140341758728,1,Disengage,0.4893897473812103,2,Engage,0.6806679964065552,1,Disengage,0.4523780047893524,2,Engage,0.4541867673397064,2,Engage,0.6240288615226746,2,Engage,0.6565878391265869,2,Engage,0.4893742799758911,2,Engage,0.4096112847328186
video15_52_person5,18,0.6143790849673203,0.4722442670831027,0.6553620596726736,1,Disengage,14,3,0.16666666666666666,14,0.7777777777777778,1,0.05555555555555555,0,0.0,1,Disengage,0.502621054649353,1,Disengage,0.3457005620002746,1,Disengage,1.0,1,Disengage,0.5310130715370178,1,Disengage,0.3821667432785034,1,Disengage,0.8513354063034058,0,Highly Disengage,0.5732523798942566,0,Highly Disengage,0.8344588875770569,0,Highly Disengage,0.9057084918022156,2,Engage,0.7346905469894409,1,Disengage,0.5486836433410645,1,Disengage,0.5227112770080566,1,Disengage,0.5156220197677612,1,Disengage,0.6439644694328308,1,Disengage,0.8693321943283081,1,Disengage,0.6878736019134521,1,Disengage,0.9047696590423584,1,Disengage,0.4426130652427673
video15_56_person3,18,0.5359477124183006,0.5610568385545543,0.664083739121755,1,Disengage,13,0,0.0,13,0.7222222222222222,3,0.16666666666666666,2,0.1111111111111111,2,Engage,0.4006879329681396,2,Engage,0.2898933887481689,1,Disengage,1.0,1,Disengage,0.7095034122467041,1,Disengage,0.8193786144256592,1,Disengage,0.815030038356781,2,Engage,0.4894052743911743,3,Highly Engage,0.8520047664642334,3,Highly Engage,0.5611901879310608,1,Disengage,0.537081778049469,1,Disengage,0.8477579355239868,1,Disengage,0.6998763084411621,1,Disengage,0.5613815188407898,1,Disengage,0.8110649585723877,1,Disengage,0.8795053958892822,1,Disengage,0.5017625689506531,1,Disengage,0.7866523861885071,1,Disengage,0.3913308382034302
video15_56_person4,18,0.6143790849673203,0.4722442670831027,0.6896317899227142,2,Engage,14,0,0.0,3,0.16666666666666666,14,0.7777777777777778,1,0.05555555555555555,2,Engage,0.7052845358848572,2,Engage,0.3466500341892242,1,Disengage,1.0,2,Engage,0.9295056462287904,2,Engage,0.8777556419372559,3,Highly Engage,0.4528771042823791,2,Engage,0.6963956952095032,2,Engage,0.5282650589942932,1,Disengage,0.5027588605880737,2,Engage,0.901321291923523,1,Disengage,0.5508518815040588,2,Engage,0.5621908903121948,2,Engage,0.8130642175674438,2,Engage,0.6886005401611328,2,Engage,0.9755939841270448,2,Engage,0.9628822207450868,2,Engage,0.4659594297409057,2,Engage,0.453415185213089
video15_63_person5,18,0.477124183006536,0.6121972227029931,0.718550905585289,1,Disengage,12,2,0.1111111111111111,12,0.6666666666666666,4,0.2222222222222222,0,0.0,1,Disengage,0.7146836519241333,0,Highly Disengage,0.6297959089279175,1,Disengage,1.0,1,Disengage,0.9976184964179992,1,Disengage,0.963662087917328,1,Disengage,0.9385979175567628,2,Engage,0.7795248031616211,1,Disengage,0.332977294921875,0,Highly Disengage,0.7937614321708679,1,Disengage,0.7369890213012695,1,Disengage,0.6759830713272095,1,Disengage,0.4987135827541351,2,Engage,0.6296696662902832,2,Engage,0.5159205198287964,2,Engage,0.9999985694885254,1,Disengage,0.5461810827255249,1,Disengage,0.7487314343452454,1,Disengage,0.431107759475708
video15_66_person3,18,0.7058823529411765,0.32501121082417705,0.6688811067077849,2,Engage,15,0,0.0,0,0.0,15,0.8333333333333334,3,0.16666666666666666,2,Engage,0.6475679278373718,3,Highly Engage,0.3601776361465454,2,Engage,1.0,2,Engage,0.7992079854011536,2,Engage,0.6234688758850098,3,Highly Engage,0.6028723120689392,2,Engage,0.6466982364654541,2,Engage,0.4724743366241455,3,Highly Engage,0.3885416388511657,2,Engage,0.9365279078483582,2,Engage,0.5675171613693237,2,Engage,0.5094990134239197,2,Engage,0.7731166481971741,2,Engage,0.7898582816123962,2,Engage,0.8793617486953735,2,Engage,0.8863120675086975,2,Engage,0.7289878726005554,2,Engage,0.427670270204544
video15_69_person3,18,0.5294117647058824,0.4591479170272447,0.6065041936106152,1,Disengage,12,0,0.0,12,0.6666666666666666,6,0.3333333333333333,0,0.0,2,Engage,0.640044629573822,2,Engage,0.3263003230094909,2,Engage,1.0,2,Engage,0.5115479230880737,1,Disengage,0.5958842635154724,1,Disengage,0.7103558778762817,2,Engage,0.5826375484466553,1,Disengage,0.5158082842826843,1,Disengage,0.3728835582733154,2,Engage,0.5164456963539124,1,Disengage,0.6036860942840576,1,Disengage,0.5786969065666199,1,Disengage,0.6246998906135559,1,Disengage,0.8557177782058716,1,Disengage,0.8819010257720947,1,Disengage,0.4919445514678955,1,Disengage,0.7447754144668579,1,Disengage,0.3637457191944122
video15_69_person5,18,0.8888888888888888,0.1547717145751626,0.8136763705147637,2,Engage,17,0,0.0,1,0.05555555555555555,17,0.9444444444444444,0,0.0,2,Engage,0.8900421261787415,1,Disengage,0.3267397582530975,2,Engage,1.0,2,Engage,0.9975879192352296,2,Engage,0.9683484435081482,2,Engage,0.8958597779273987,2,Engage,0.7833465337753296,2,Engage,0.5360703468322754,2,Engage,0.3944990932941437,2,Engage,0.974369466304779,2,Engage,0.9125207662582396,2,Engage,0.7098219394683838,2,Engage,0.992061972618103,2,Engage,0.9370723366737366,2,Engage,0.9898763298988342,2,Engage,0.9885075092315674,2,Engage,0.919338583946228,2,Engage,0.4301117658615112
video15_6_person2,18,0.49673202614379086,0.4820393824041145,0.7634092834260728,2,Engage,11,0,0.0,0,0.0,11,0.6111111111111112,7,0.3888888888888889,2,Engage,0.858002781867981,3,Highly Engage,0.3606306314468384,2,Engage,1.0,2,Engage,0.9424111247062684,2,Engage,0.9142833352088928,3,Highly Engage,0.8435772657394409,2,Engage,0.8029906749725342,2,Engage,0.4290064573287964,3,Highly Engage,0.5248136520385742,2,Engage,0.9635822772979736,2,Engage,0.8648968935012817,2,Engage,0.7699780464172363,3,Highly Engage,0.5665188431739807,3,Highly Engage,0.7578237056732178,2,Engage,0.6750415563583374,2,Engage,0.7871137261390686,3,Highly Engage,0.8977372050285339,3,Highly Engage,0.7829589247703552
video15_76_person5,18,0.7908496732026143,0.25162916738782287,0.7303598473469416,2,Engage,16,0,0.0,2,0.1111111111111111,16,0.8888888888888888,0,0.0,2,Engage,0.7511568069458008,2,Engage,0.3346286714076996,1,Disengage,1.0,2,Engage,0.8461958765983582,2,Engage,0.899921178817749,2,Engage,0.5366038680076599,2,Engage,0.7391420006752014,2,Engage,0.3599817752838135,1,Disengage,0.5443569421768188,2,Engage,0.9658063054084778,2,Engage,0.6595460772514343,2,Engage,0.7253245711326599,2,Engage,0.9717093110084534,2,Engage,0.9192994236946106,2,Engage,0.99700528383255,2,Engage,0.9739763736724854,2,Engage,0.521571934223175,2,Engage,0.4002508521080017
video15_78_person3,18,0.5294117647058824,0.4591479170272447,0.6383281747500101,2,Engage,12,0,0.0,6,0.3333333333333333,12,0.6666666666666666,0,0.0,2,Engage,0.694769024848938,2,Engage,0.2990687489509582,1,Disengage,1.0,2,Engage,0.7432217597961426,2,Engage,0.7331711053848267,2,Engage,0.6041929125785828,2,Engage,0.5872476696968079,2,Engage,0.4668415188789367,1,Disengage,0.400491714477539,2,Engage,0.9397490620613098,2,Engage,0.6845487356185913,2,Engage,0.7312163710594177,2,Engage,0.5356925129890442,1,Disengage,0.6397180557250977,1,Disengage,0.5067250728607178,2,Engage,0.8108879923820496,1,Disengage,0.7285970449447632,1,Disengage,0.3837678432464599
video15_79_person4,18,0.41830065359477125,0.6736115199663301,0.6274038238657845,1,Disengage,11,0,0.0,11,0.6111111111111112,4,0.2222222222222222,3,0.16666666666666666,2,Engage,0.573991596698761,3,Highly Engage,0.5336112380027771,2,Engage,1.0,2,Engage,0.6592261791229248,1,Disengage,0.7641782760620117,1,Disengage,0.5622397661209106,3,Highly Engage,0.6734233498573303,1,Disengage,0.5271447896957397,3,Highly Engage,0.5749093294143677,2,Engage,0.5818413496017456,1,Disengage,0.4111268222332001,1,Disengage,0.691330075263977,1,Disengage,0.4957320988178253,1,Disengage,0.7405640482902527,1,Disengage,0.9796589612960817,1,Disengage,0.442773699760437,1,Disengage,0.6623659729957581,1,Disengage,0.4191512763500213
video15_7_person1,18,0.7908496732026143,0.25162916738782287,0.8297544833686616,1,Disengage,16,0,0.0,16,0.8888888888888888,2,0.1111111111111111,0,0.0,1,Disengage,0.6525474190711975,1,Disengage,0.6743533611297607,2,Engage,1.0,1,Disengage,0.8739719390869141,1,Disengage,0.9618228077888488,1,Disengage,0.9964886903762816,2,Engage,0.6438802480697632,1,Disengage,0.9427797198295592,1,Disengage,0.4823004901409149,1,Disengage,0.8578660488128662,1,Disengage,0.8690293431282043,1,Disengage,0.9292675852775574,1,Disengage,0.863628625869751,1,Disengage,0.978661835193634,1,Disengage,0.9978455305099488,1,Disengage,0.867425262928009,1,Disengage,0.9446799755096436,1,Disengage,0.3990318179130554
video15_7_person4,18,0.35294117647058826,0.7295739585136223,0.5833831677834193,2,Engage,9,0,0.0,6,0.3333333333333333,9,0.5,3,0.16666666666666666,2,Engage,0.5517284870147705,1,Disengage,0.3837036490440368,2,Engage,1.0,2,Engage,0.685875415802002,1,Disengage,0.4584787487983703,3,Highly Engage,0.6626767516136169,2,Engage,0.6549906730651855,2,Engage,0.4896846711635589,1,Disengage,0.4743945598602295,2,Engage,0.7238361835479736,1,Disengage,0.4961733818054199,1,Disengage,0.7411214709281921,2,Engage,0.4086739420890808,2,Engage,0.4593709111213684,1,Disengage,0.6557303071022034,2,Engage,0.4208661317825317,3,Highly Engage,0.6774216890335083,3,Highly Engage,0.5561700463294983
video15_84_person3,18,0.45751633986928103,0.5970868671284559,0.6371355536911223,2,Engage,11,0,0.0,6,0.3333333333333333,11,0.6111111111111112,1,0.05555555555555555,2,Engage,0.6910430788993835,3,Highly Engage,0.3406818807125091,2,Engage,1.0,2,Engage,0.7029467225074768,1,Disengage,0.7509087920188904,1,Disengage,0.884660542011261,2,Engage,0.6214466094970703,1,Disengage,0.7318028807640076,1,Disengage,0.5237968564033508,2,Engage,0.7727221846580505,1,Disengage,0.4349323809146881,2,Engage,0.4437951147556305,2,Engage,0.6851217150688171,2,Engage,0.4547257125377655,2,Engage,0.568242073059082,2,Engage,0.8772892355918884,1,Disengage,0.5675888657569885,2,Engage,0.4167353212833404
video15_85_person3,18,0.5294117647058824,0.4591479170272447,0.6646256330940459,1,Disengage,12,0,0.0,12,0.6666666666666666,6,0.3333333333333333,0,0.0,2,Engage,0.5590746998786926,1,Disengage,0.3766504526138305,1,Disengage,1.0,2,Engage,0.5220087170600891,1,Disengage,0.7705471515655518,1,Disengage,0.882077693939209,1,Disengage,0.5373756289482117,1,Disengage,0.7721078395843506,1,Disengage,0.5027856826782227,2,Engage,0.7210779190063477,1,Disengage,0.7469031810760498,1,Disengage,0.7494075298309326,2,Engage,0.687595784664154,2,Engage,0.6630721688270569,1,Disengage,0.8190703988075256,1,Disengage,0.5680657029151917,1,Disengage,0.7207900285720825,2,Engage,0.3646508157253265
video15_86_person2,18,0.41830065359477125,0.6736115199663301,0.7237468577093549,2,Engage,11,0,0.0,3,0.16666666666666666,11,0.6111111111111112,4,0.2222222222222222,2,Engage,0.752556562423706,1,Disengage,0.3955436646938324,2,Engage,1.0,2,Engage,0.9079062342643738,2,Engage,0.5225921869277954,3,Highly Engage,0.7736291885375977,2,Engage,0.8428726196289062,1,Disengage,0.6877836585044861,1,Disengage,0.3500540256500244,2,Engage,0.9632932543754578,2,Engage,0.7311950922012329,2,Engage,0.6185058355331421,2,Engage,0.9677857160568236,3,Highly Engage,0.4983614385128021,2,Engage,0.9003783464431763,2,Engage,0.9656487703323364,3,Highly Engage,0.6935859322547913,3,Highly Engage,0.4557509124279022
video15_86_person3,18,0.5751633986928104,0.4262025893247393,0.6703332116206487,1,Disengage,13,0,0.0,13,0.7222222222222222,5,0.2777777777777778,0,0.0,2,Engage,0.5783219933509827,1,Disengage,0.3786859214305877,1,Disengage,1.0,1,Disengage,0.4937687218189239,1,Disengage,0.7626807689666748,1,Disengage,0.9035711288452148,2,Engage,0.5611520409584045,1,Disengage,0.8140143752098083,1,Disengage,0.4582383334636688,2,Engage,0.7529897689819336,1,Disengage,0.7836594581604004,1,Disengage,0.7332618832588196,2,Engage,0.8249868154525757,1,Disengage,0.4948428571224212,1,Disengage,0.9009353518486024,2,Engage,0.4881777465343475,1,Disengage,0.7501512765884399,1,Disengage,0.3865593671798706
video15_91_person3,18,0.43137254901960786,0.6163301284079103,0.6793714231914945,1,Disengage,10,0,0.0,10,0.5555555555555556,7,0.3888888888888889,1,0.05555555555555555,2,Engage,0.7405572533607483,1,Disengage,0.3875773251056671,2,Engage,1.0,2,Engage,0.7074571251869202,1,Disengage,0.7557100057601929,2,Engage,0.7159864902496338,3,Highly Engage,0.5624163746833801,1,Disengage,0.5231460332870483,1,Disengage,0.4325358867645263,2,Engage,0.8016294240951538,1,Disengage,0.7885453104972839,1,Disengage,0.503842294216156,2,Engage,0.7934038639068604,2,Engage,0.5749357342720032,1,Disengage,0.880500853061676,1,Disengage,0.7822614908218384,1,Disengage,0.8479242920875549,1,Disengage,0.4302558600902557
video15_95_person5,18,0.7058823529411765,0.32501121082417705,0.7184103661113315,2,Engage,15,0,0.0,3,0.16666666666666666,15,0.8333333333333334,0,0.0,2,Engage,0.8374084830284119,1,Disengage,0.3068336844444275,2,Engage,1.0,2,Engage,0.9698800444602966,2,Engage,0.8943781852722168,2,Engage,0.641666054725647,2,Engage,0.8759403824806213,2,Engage,0.5898860692977905,1,Disengage,0.3821936249732971,2,Engage,0.96755051612854,2,Engage,0.6164000630378723,2,Engage,0.4889861941337585,2,Engage,0.8990523815155029,2,Engage,0.7111179828643799,1,Disengage,0.6024237871170044,2,Engage,0.957770049571991,2,Engage,0.7274778485298157,2,Engage,0.4624212384223938
video15_9_person2,18,0.47058823529411764,0.5,0.7300322138600879,2,Engage,9,0,0.0,0,0.0,9,0.5,9,0.5,2,Engage,0.7278527617454529,2,Engage,0.3335224688053131,2,Engage,1.0,2,Engage,0.8759080171585083,3,Highly Engage,0.6946922540664673,3,Highly Engage,0.9379830956459044,2,Engage,0.7717592716217041,3,Highly Engage,0.7519280910491943,3,Highly Engage,0.4497395753860473,2,Engage,0.8146131634712219,3,Highly Engage,0.501643180847168,3,Highly Engage,0.465887188911438,2,Engage,0.5627466440200806,3,Highly Engage,0.854540228843689,2,Engage,0.9796847105026244,2,Engage,0.9065600037574768,3,Highly Engage,0.8755042552947998,3,Highly Engage,0.6360149383544922
video16_0_person3,18,1.0,-0.0,0.7338831176360449,2,Engage,18,0,0.0,0,0.0,18,1.0,0,0.0,2,Engage,0.9386013746261596,2,Engage,0.7986117005348206,2,Engage,1.0,2,Engage,0.903839945793152,2,Engage,0.7370129823684692,2,Engage,0.7470682263374329,2,Engage,0.9075230956077576,2,Engage,0.6965009570121765,2,Engage,0.4842069149017334,2,Engage,0.962893843650818,2,Engage,0.8316366076469421,2,Engage,0.6862643957138062,2,Engage,0.7154359221458435,2,Engage,0.5457878112792969,2,Engage,0.4937076270580292,2,Engage,0.7462388277053833,2,Engage,0.6052341461181641,2,Engage,0.409331738948822
video16_103_person4,18,0.7908496732026143,0.25162916738782287,0.6481935613685184,2,Engage,16,0,0.0,2,0.1111111111111111,16,0.8888888888888888,0,0.0,2,Engage,0.747339129447937,2,Engage,0.5520392060279846,2,Engage,1.0,2,Engage,0.594722330570221,1,Disengage,0.516915500164032,2,Engage,0.6881654262542725,2,Engage,0.89798504114151,2,Engage,0.6859120726585388,2,Engage,0.5091195702552795,2,Engage,0.8060831427574158,2,Engage,0.5682480335235596,2,Engage,0.5248181819915771,2,Engage,0.7914315462112427,1,Disengage,0.5236654877662659,2,Engage,0.82474684715271,2,Engage,0.3445168137550354,2,Engage,0.6550177335739136,2,Engage,0.4367580413818359
video16_105_person4,18,0.5490196078431373,0.5264703802813174,0.7859519322713217,2,Engage,13,0,0.0,1,0.05555555555555555,13,0.7222222222222222,4,0.2222222222222222,2,Engage,0.975197732448578,2,Engage,0.5616852045059204,3,Highly Engage,1.0,2,Engage,0.9939436316490172,2,Engage,0.9832481145858764,2,Engage,0.9796955585479736,2,Engage,0.9369707107543944,2,Engage,0.8175443410873413,3,Highly Engage,0.699730396270752,2,Engage,0.8371411561965942,3,Highly Engage,0.7361359596252441,3,Highly Engage,0.8730113506317139,2,Engage,0.6374170184135437,1,Disengage,0.619340717792511,2,Engage,0.5639156103134155,2,Engage,0.7711795568466187,2,Engage,0.740765392780304,2,Engage,0.4202123284339905
video16_105_person8,18,0.8888888888888888,0.1547717145751626,0.8364982853333155,2,Engage,17,0,0.0,1,0.05555555555555555,17,0.9444444444444444,0,0.0,2,Engage,0.9444303512573242,2,Engage,0.9849146604537964,1,Disengage,1.0,2,Engage,0.9685912132263184,2,Engage,0.9811150431632996,2,Engage,0.971886932849884,2,Engage,0.9190276861190796,2,Engage,0.71888667345047,2,Engage,0.4932113587856293,2,Engage,0.9568020701408386,2,Engage,0.7502261996269226,2,Engage,0.5336350798606873,2,Engage,0.9811639189720154,2,Engage,0.9171722531318665,2,Engage,0.7732113003730774,2,Engage,0.9684941172599792,2,Engage,0.7457636594772339,2,Engage,0.4484366178512573
video16_109_person1,18,0.7058823529411765,0.32501121082417705,0.8188202248679267,3,Highly Engage,15,0,0.0,0,0.0,3,0.16666666666666666,15,0.8333333333333334,3,Highly Engage,0.5271576642990112,3,Highly Engage,0.6880947351455688,3,Highly Engage,1.0,2,Engage,0.8756804466247559,3,Highly Engage,0.8788224458694458,3,Highly Engage,0.979933738708496,2,Engage,0.6794464588165283,3,Highly Engage,0.8970678448677063,3,Highly Engage,0.7143491506576538,3,Highly Engage,0.6368648409843445,3,Highly Engage,0.9286569952964784,3,Highly Engage,0.9420000314712524,3,Highly Engage,0.5932413935661316,3,Highly Engage,0.5711694955825806,3,Highly Engage,0.992048680782318,2,Engage,0.915320634841919,3,Highly Engage,0.9822952747344972,3,Highly Engage,0.9366142153739928
video16_109_person5,18,1.0,-0.0,0.8908398946126302,3,Highly Engage,18,0,0.0,0,0.0,0,0.0,18,1.0,3,Highly Engage,0.976305365562439,3,Highly Engage,0.9567499160766602,3,Highly Engage,1.0,3,Highly Engage,0.7347791194915771,3,Highly Engage,0.9506298899650574,3,Highly Engage,0.9659867882728576,3,Highly Engage,0.5825180411338806,3,Highly Engage,0.8204776048660278,3,Highly Engage,0.873163104057312,3,Highly Engage,0.8489011526107788,3,Highly Engage,0.9368017315864564,3,Highly Engage,0.942948579788208,3,Highly Engage,0.6958616971969604,3,Highly Engage,0.9177277684211732,3,Highly Engage,0.9993889331817628,3,Highly Engage,0.8870774507522583,3,Highly Engage,0.9831997156143188,3,Highly Engage,0.9626012444496156
video16_111_person2,18,0.5294117647058824,0.4591479170272447,0.6764160080088509,2,Engage,12,0,0.0,0,0.0,12,0.6666666666666666,6,0.3333333333333333,2,Engage,0.7324346899986267,3,Highly Engage,0.550978422164917,2,Engage,1.0,2,Engage,0.6398367285728455,3,Highly Engage,0.6855467557907104,3,Highly Engage,0.8150634169578552,2,Engage,0.759445309638977,3,Highly Engage,0.7934144139289856,3,Highly Engage,0.5810312032699585,2,Engage,0.8937276601791382,3,Highly Engage,0.4496050179004669,2,Engage,0.623901903629303,2,Engage,0.8525041937828064,2,Engage,0.4470082223415375,2,Engage,0.8223595023155212,2,Engage,0.6787062287330627,2,Engage,0.4232256412506103,2,Engage,0.4266988337039947
video16_115_person8,18,0.7058823529411765,0.32501121082417705,0.7244179596503576,1,Disengage,15,0,0.0,15,0.8333333333333334,3,0.16666666666666666,0,0.0,1,Disengage,0.5298783183097839,1,Disengage,0.6433480978012085,1,Disengage,1.0,1,Disengage,0.7773258090019226,1,Disengage,0.8432231545448303,1,Disengage,0.9244757890701294,2,Engage,0.6908192038536072,1,Disengage,0.8599616885185242,1,Disengage,0.4245433807373047,1,Disengage,0.7513701319694519,1,Disengage,0.6191028952598572,1,Disengage,0.7445899844169617,2,Engage,0.6446155905723572,1,Disengage,0.955136239528656,1,Disengage,0.9913721084594728,2,Engage,0.4953674674034118,1,Disengage,0.7033129334449768,1,Disengage,0.4410804808139801
video16_116_person1,18,0.7908496732026143,0.25162916738782287,0.7237324515978495,2,Engage,16,0,0.0,2,0.1111111111111111,16,0.8888888888888888,0,0.0,2,Engage,0.731257975101471,1,Disengage,0.3619220554828644,2,Engage,1.0,2,Engage,0.8692721724510193,2,Engage,0.8993695974349976,2,Engage,0.6773595213890076,2,Engage,0.7828524708747864,1,Disengage,0.7215448021888733,2,Engage,0.4952208995819092,2,Engage,0.9155985116958618,2,Engage,0.5617156624794006,2,Engage,0.5470441579818726,2,Engage,0.7771957516670227,2,Engage,0.7249276638031006,2,Engage,0.9096159338951112,2,Engage,0.8996474742889404,2,Engage,0.7344860434532166,2,Engage,0.4181534349918365
video16_116_person4,18,0.6143790849673203,0.4722442670831027,0.7151933974689908,2,Engage,14,0,0.0,1,0.05555555555555555,14,0.7777777777777778,3,0.16666666666666666,2,Engage,0.9265264868736268,2,Engage,0.4613508582115173,2,Engage,1.0,2,Engage,0.9403024315834044,2,Engage,0.7545125484466553,2,Engage,0.797706663608551,2,Engage,0.9458268284797668,2,Engage,0.7691031694412231,3,Highly Engage,0.4461277425289154,2,Engage,0.8028678894042969,3,Highly Engage,0.507246196269989,3,Highly Engage,0.5606178045272827,2,Engage,0.7816063165664673,1,Disengage,0.5210021138191223,2,Engage,0.6733602285385132,2,Engage,0.866999626159668,2,Engage,0.7597171068191528,2,Engage,0.358607143163681
video16_121_person1,18,0.5490196078431373,0.5264703802813174,0.6817403468820784,2,Engage,13,0,0.0,4,0.2222222222222222,13,0.7222222222222222,1,0.05555555555555555,2,Engage,0.833134114742279,1,Disengage,0.404961496591568,2,Engage,1.0,2,Engage,0.9171016812324524,2,Engage,0.6511390805244446,2,Engage,0.4369046688079834,2,Engage,0.7953302264213562,1,Disengage,0.6429371237754822,1,Disengage,0.3552327454090118,2,Engage,0.8445312976837158,3,Highly Engage,0.7698724269866943,1,Disengage,0.5161294937133789,2,Engage,0.838679313659668,2,Engage,0.6818246245384216,2,Engage,0.6007295846939087,2,Engage,0.9469897747039796,2,Engage,0.6337845921516418,2,Engage,0.4020439982414245
video16_121_person2,18,0.8888888888888888,0.1547717145751626,0.6641280965672599,2,Engage,17,0,0.0,0,0.0,17,0.9444444444444444,1,0.05555555555555555,2,Engage,0.6948601603507996,2,Engage,0.787267804145813,2,Engage,1.0,2,Engage,0.7293814420700073,2,Engage,0.5238550305366516,2,Engage,0.4016231894493103,2,Engage,0.895667552947998,2,Engage,0.5591650009155273,2,Engage,0.4350536167621612,2,Engage,0.9109291434288024,3,Highly Engage,0.4470076560974121,2,Engage,0.5700718760490417,2,Engage,0.8829568028450012,2,Engage,0.4417385160923004,2,Engage,0.8963202834129333,2,Engage,0.9006239771842957,2,Engage,0.4617980718612671,2,Engage,0.4159856140613556
video16_123_person5,18,0.7843137254901961,0.30718472294337845,0.8544893943601184,2,Engage,16,0,0.0,1,0.05555555555555555,16,0.8888888888888888,1,0.05555555555555555,2,Engage,0.9699671864509584,2,Engage,0.9809067845344543,1,Disengage,1.0,2,Engage,0.9981709718704224,2,Engage,0.9990501999855042,2,Engage,0.8923853635787964,2,Engage,0.9322464466094972,2,Engage,0.7478073239326477,3,Highly Engage,0.677081286907196,2,Engage,0.96377831697464,2,Engage,0.7301512956619263,2,Engage,0.7361435890197754,2,Engage,0.9689384698867798,2,Engage,0.6251533031463623,2,Engage,0.9541480541229248,2,Engage,0.9709219336509703,2,Engage,0.8245184421539307,2,Engage,0.409440129995346
video16_126_person4,18,0.477124183006536,0.6121972227029931,0.6292536291811202,2,Engage,12,0,0.0,4,0.2222222222222222,12,0.6666666666666666,2,0.1111111111111111,2,Engage,0.5682250261306763,1,Disengage,0.3558238446712494,2,Engage,1.0,2,Engage,0.6486693620681763,1,Disengage,0.7486437559127808,3,Highly Engage,0.6684150099754333,2,Engage,0.7929306030273438,2,Engage,0.6413589715957642,2,Engage,0.4275464415550232,2,Engage,0.4589927792549133,1,Disengage,0.4662186503410339,3,Highly Engage,0.7133057117462158,2,Engage,0.703059732913971,1,Disengage,0.592431902885437,2,Engage,0.8653024435043335,2,Engage,0.6991072297096252,2,Engage,0.6304582357406616,2,Engage,0.3460756242275238
video16_128_person1,18,0.7058823529411765,0.32501121082417705,0.7148668501112196,1,Disengage,15,0,0.0,15,0.8333333333333334,3,0.16666666666666666,0,0.0,1,Disengage,0.5312733054161072,1,Disengage,0.6073214411735535,1,Disengage,1.0,1,Disengage,0.7220189571380615,1,Disengage,0.9494701027870178,1,Disengage,0.6832371354103088,1,Disengage,0.5041812062263489,1,Disengage,0.8842194080352783,1,Disengage,0.6080143451690674,1,Disengage,0.6063353419303894,1,Disengage,0.7253060936927795,1,Disengage,0.8119942545890808,2,Engage,0.4987605512142181,1,Disengage,0.8946402072906494,1,Disengage,0.9708534479141236,2,Engage,0.7366381287574768,1,Disengage,0.7632483243942261,2,Engage,0.370091050863266
video16_133_person2,18,0.3660130718954248,0.7841591278514218,0.6100997295644548,2,Engage,10,1,0.05555555555555555,5,0.2777777777777778,10,0.5555555555555556,2,0.1111111111111111,2,Engage,0.5484327673912048,2,Engage,0.3950129747390747,2,Engage,1.0,2,Engage,0.8343303799629211,1,Disengage,0.5136789083480835,0,Highly Disengage,0.3871133327484131,2,Engage,0.8748282194137573,3,Highly Engage,0.632279634475708,2,Engage,0.4419796168804168,2,Engage,0.8150354623794556,1,Disengage,0.415422648191452,1,Disengage,0.5491923093795776,2,Engage,0.7210630178451538,1,Disengage,0.4695853590965271,3,Highly Engage,0.8248865008354187,2,Engage,0.558481752872467,1,Disengage,0.5589527487754822,2,Engage,0.4415194988250732
video16_133_person4,18,0.7908496732026143,0.25162916738782287,0.7340372105439504,2,Engage,16,0,0.0,2,0.1111111111111111,16,0.8888888888888888,0,0.0,2,Engage,0.8464659452438354,1,Disengage,0.4649464190006256,2,Engage,1.0,2,Engage,0.7450565695762634,2,Engage,0.664467453956604,2,Engage,0.8603430390357971,2,Engage,0.9076180458068848,1,Disengage,0.4970369040966034,2,Engage,0.4884795248508453,2,Engage,0.7903666496276855,2,Engage,0.7213672399520874,2,Engage,0.5974776744842529,2,Engage,0.9252432584762572,2,Engage,0.6266847252845764,2,Engage,0.904780089855194,2,Engage,0.8952987194061279,2,Engage,0.8692461848258972,2,Engage,0.4077913463115692
video16_134_person8,18,0.7908496732026143,0.25162916738782287,0.7964309470521079,2,Engage,16,0,0.0,2,0.1111111111111111,16,0.8888888888888888,0,0.0,2,Engage,0.7743858098983765,2,Engage,0.8551905751228333,1,Disengage,1.0,2,Engage,0.9787219166755676,2,Engage,0.981063961982727,2,Engage,0.7650398015975952,2,Engage,0.9174524545669556,2,Engage,0.8316240906715393,2,Engage,0.5332539081573486,2,Engage,0.9113621115684508,2,Engage,0.6854458451271057,1,Disengage,0.4976946711540222,2,Engage,0.9455838203430176,2,Engage,0.8126221299171448,2,Engage,0.8081140518188477,2,Engage,0.951787292957306,2,Engage,0.6886703372001648,2,Engage,0.3977442681789398
video16_135_person1,18,0.6143790849673203,0.4722442670831027,0.7836274355649948,3,Highly Engage,14,0,0.0,1,0.05555555555555555,3,0.16666666666666666,14,0.7777777777777778,3,Highly Engage,0.4900155663490295,3,Highly Engage,0.5108906626701355,3,Highly Engage,1.0,2,Engage,0.5214887857437134,1,Disengage,0.3506495058536529,3,Highly Engage,0.8020737767219543,2,Engage,0.8236865401268005,3,Highly Engage,0.5942158102989197,2,Engage,0.5134158134460449,3,Highly Engage,0.762296199798584,3,Highly Engage,0.9012054800987244,3,Highly Engage,0.940898597240448,3,Highly Engage,0.9932877421379088,3,Highly Engage,0.987595558166504,3,Highly Engage,0.999991536140442,3,Highly Engage,0.9519798159599304,3,Highly Engage,0.9882130026817322,3,Highly Engage,0.973389446735382
video16_137_person1,18,0.8888888888888888,0.1547717145751626,0.7666548937559128,1,Disengage,17,0,0.0,17,0.9444444444444444,1,0.05555555555555555,0,0.0,1,Disengage,0.7294790744781494,1,Disengage,0.759049117565155,1,Disengage,1.0,1,Disengage,0.9805797934532166,1,Disengage,0.9965392351150512,1,Disengage,0.9658986926078796,1,Disengage,0.599470317363739,1,Disengage,0.8848225474357605,1,Disengage,0.4686541855335235,1,Disengage,0.7661039233207703,1,Disengage,0.7699563503265381,1,Disengage,0.7339836955070496,1,Disengage,0.821832001209259,1,Disengage,0.9112400412559508,1,Disengage,0.9545671343803406,1,Disengage,0.5640428066253662,1,Disengage,0.5289435982704163,2,Engage,0.3646255731582641
video16_139_person8,18,0.5294117647058824,0.4591479170272447,0.7677097767591476,2,Engage,12,0,0.0,0,0.0,12,0.6666666666666666,6,0.3333333333333333,2,Engage,0.7439092397689819,2,Engage,0.7459968328475952,2,Engage,1.0,3,Highly Engage,0.5648844242095947,3,Highly Engage,0.7192494869232178,3,Highly Engage,0.6385470032691956,2,Engage,0.92739737033844,2,Engage,0.77984219789505,2,Engage,0.4676562249660492,2,Engage,0.7790873646736145,3,Highly Engage,0.8262099027633667,3,Highly Engage,0.8399490118026733,2,Engage,0.9737459421157836,2,Engage,0.8507890105247498,2,Engage,0.8505709767341614,2,Engage,0.9603907465934752,2,Engage,0.6778666377067566,3,Highly Engage,0.4726836085319519
video16_13_person3,18,0.5751633986928104,0.4262025893247393,0.7839382406738069,2,Engage,13,0,0.0,5,0.2777777777777778,13,0.7222222222222222,0,0.0,2,Engage,0.9957225322723388,2,Engage,0.9935826659202576,2,Engage,1.0,2,Engage,0.994686484336853,2,Engage,0.9828802943229676,2,Engage,0.958852231502533,2,Engage,0.9273988008499146,2,Engage,0.7527196407318115,2,Engage,0.4918944239616394,2,Engage,0.9513518810272216,2,Engage,0.8645783066749573,2,Engage,0.686984121799469,1,Disengage,0.5379570722579956,1,Disengage,0.7387557029724121,1,Disengage,0.7352229356765747,2,Engage,0.621516764163971,1,Disengage,0.479970633983612,1,Disengage,0.3968138396739959
video16_140_person1,18,0.7058823529411765,0.32501121082417705,0.7441913717322879,1,Disengage,15,0,0.0,15,0.8333333333333334,3,0.16666666666666666,0,0.0,1,Disengage,0.6344313025474548,1,Disengage,0.648377001285553,1,Disengage,1.0,1,Disengage,0.967059314250946,1,Disengage,0.9930440783500672,1,Disengage,0.9144989848136902,2,Engage,0.5031015872955322,1,Disengage,0.8846296072006226,1,Disengage,0.4602045118808746,1,Disengage,0.7085545659065247,1,Disengage,0.6691925525665283,1,Disengage,0.7011228799819946,1,Disengage,0.8116729259490967,1,Disengage,0.956107258796692,1,Disengage,0.8994561433792114,1,Disengage,0.5656309723854065,2,Engage,0.6803648471832275,2,Engage,0.3979961574077606
video16_143_person4,18,0.43137254901960786,0.6163301284079103,0.6319340748919381,2,Engage,10,0,0.0,7,0.3888888888888889,10,0.5555555555555556,1,0.05555555555555555,2,Engage,0.6844871640205383,1,Disengage,0.5403613448143005,2,Engage,1.0,1,Disengage,0.5131381750106812,1,Disengage,0.8931760191917419,2,Engage,0.7291014790534973,2,Engage,0.7985405921936035,2,Engage,0.6714454293251038,3,Highly Engage,0.4875759184360504,1,Disengage,0.5098087191581726,1,Disengage,0.5292823314666748,2,Engage,0.3837512731552124,2,Engage,0.6070641279220581,1,Disengage,0.5774726867675781,1,Disengage,0.6579800248146057,2,Engage,0.7794322371482849,2,Engage,0.6253080368041992,2,Engage,0.386887788772583
video16_143_person5,18,0.8888888888888888,0.1547717145751626,0.8159544683165021,2,Engage,17,0,0.0,1,0.05555555555555555,17,0.9444444444444444,0,0.0,2,Engage,0.7908637523651123,2,Engage,0.3921205997467041,1,Disengage,1.0,2,Engage,0.9884099960327148,2,Engage,0.9996028542518616,2,Engage,0.8921050429344177,2,Engage,0.8695909380912781,2,Engage,0.7263871431350708,2,Engage,0.480202853679657,2,Engage,0.9811443090438844,2,Engage,0.869789183139801,2,Engage,0.8015615940093994,2,Engage,0.9366074204444884,2,Engage,0.8446976542472839,2,Engage,0.9820899963378906,2,Engage,0.9827300310134888,2,Engage,0.7657477259635925,2,Engage,0.3835293352603912
video16_148_person8,18,0.49673202614379086,0.4820393824041145,0.7719700005319383,2,Engage,11,0,0.0,7,0.3888888888888889,11,0.6111111111111112,0,0.0,1,Disengage,0.6185716986656189,2,Engage,0.6213093996047974,2,Engage,1.0,2,Engage,0.9013692140579224,2,Engage,0.7327584028244019,1,Disengage,0.519528329372406,1,Disengage,0.5635329484939575,1,Disengage,0.94092458486557,1,Disengage,0.613652765750885,2,Engage,0.5229383707046509,1,Disengage,0.8862650990486145,1,Disengage,0.7959860563278198,2,Engage,0.9955058097839355,2,Engage,0.9779179096221924,2,Engage,0.991278350353241,2,Engage,0.9945390820503236,2,Engage,0.7839642763137817,2,Engage,0.4354177117347717
video16_149_person1,18,0.477124183006536,0.4955380299191111,0.7253339406516817,2,Engage,10,0,0.0,8,0.4444444444444444,10,0.5555555555555556,0,0.0,2,Engage,0.9046230912208556,2,Engage,0.6474140882492065,2,Engage,1.0,2,Engage,0.8260577321052551,1,Disengage,0.6316136717796326,1,Disengage,0.8841764330863953,2,Engage,0.6688904762268066,1,Disengage,0.8264304399490356,1,Disengage,0.5319507122039795,2,Engage,0.915458083152771,1,Disengage,0.7512634992599487,1,Disengage,0.7585506439208984,2,Engage,0.6892037987709045,1,Disengage,0.8168708682060242,1,Disengage,0.7155818343162537,2,Engage,0.5044668316841125,2,Engage,0.5402488708496094,2,Engage,0.4432098567485809
video16_159_person4,18,0.5294117647058824,0.4591479170272447,0.6692990296416812,3,Highly Engage,12,0,0.0,0,0.0,6,0.3333333333333333,12,0.6666666666666666,2,Engage,0.487111747264862,3,Highly Engage,0.3940819501876831,2,Engage,1.0,2,Engage,0.5979772210121155,3,Highly Engage,0.5868188142776489,3,Highly Engage,0.8256509900093079,2,Engage,0.8863885998725891,2,Engage,0.4716070294380188,3,Highly Engage,0.6532106399536133,2,Engage,0.6386911869049072,3,Highly Engage,0.7388620972633362,3,Highly Engage,0.8397606015205383,3,Highly Engage,0.5722271800041199,3,Highly Engage,0.8131358623504639,3,Highly Engage,0.5289086699485779,3,Highly Engage,0.662553071975708,3,Highly Engage,0.7871707081794739,3,Highly Engage,0.5632261633872986
video16_160_person4,18,0.43137254901960786,0.6163301284079103,0.6632390436198976,3,Highly Engage,10,0,0.0,1,0.05555555555555555,7,0.3888888888888889,10,0.5555555555555556,2,Engage,0.6060075759887695,1,Disengage,0.3644956648349762,2,Engage,0.9999977350234984,2,Engage,0.6210736036300659,3,Highly Engage,0.4890663027763366,3,Highly Engage,0.8407105207443237,2,Engage,0.8775985240936279,2,Engage,0.525565505027771,3,Highly Engage,0.4651466906070709,2,Engage,0.8146575093269348,3,Highly Engage,0.4489730596542358,3,Highly Engage,0.62338787317276,2,Engage,0.4567480981349945,3,Highly Engage,0.8059311509132385,3,Highly Engage,0.7635977268218994,3,Highly Engage,0.6539673805236816,3,Highly Engage,0.9029671549797058,3,Highly Engage,0.6784107089042664
video16_167_person1,18,0.7058823529411765,0.32501121082417705,0.7309109071890513,2,Engage,15,0,0.0,3,0.16666666666666666,15,0.8333333333333334,0,0.0,2,Engage,0.8557344079017639,2,Engage,0.6827614307403564,2,Engage,1.0,2,Engage,0.92777281999588,2,Engage,0.8830031156539917,2,Engage,0.5812764763832092,2,Engage,0.7571836709976196,2,Engage,0.6790828108787537,1,Disengage,0.4425545930862427,2,Engage,0.9118503928184508,1,Disengage,0.5745570659637451,1,Disengage,0.4760187566280365,2,Engage,0.9161869883537292,2,Engage,0.6028542518615723,2,Engage,0.9138948321342468,2,Engage,0.9686557054519652,2,Engage,0.5695648193359375,2,Engage,0.4134441912174225
video16_172_person5,18,0.7843137254901961,0.30718472294337845,0.8508047577407625,2,Engage,16,1,0.05555555555555555,1,0.05555555555555555,16,0.8888888888888888,0,0.0,2,Engage,0.9028685688972472,0,Highly Disengage,0.3512571454048157,1,Disengage,1.0,2,Engage,0.9905977845191956,2,Engage,0.9998944997787476,2,Engage,0.9726589918136596,2,Engage,0.8910053968429565,2,Engage,0.7877729535102844,2,Engage,0.4495165348052978,2,Engage,0.9851014614105223,2,Engage,0.9073725342750548,2,Engage,0.8340209722518921,2,Engage,0.9943568110466005,2,Engage,0.9688217639923096,2,Engage,0.9976420998573304,2,Engage,0.9991416931152344,2,Engage,0.8799464702606201,2,Engage,0.4025099575519562
video16_178_person1,18,0.7843137254901961,0.30718472294337845,0.7127028041415744,2,Engage,16,0,0.0,1,0.05555555555555555,16,0.8888888888888888,1,0.05555555555555555,2,Engage,0.903663694858551,2,Engage,0.747735857963562,2,Engage,1.0,2,Engage,0.8910545110702515,2,Engage,0.7217822074890137,2,Engage,0.4754137992858886,2,Engage,0.8486555814743042,2,Engage,0.8142826557159424,2,Engage,0.4635176062583923,2,Engage,0.8154486417770386,3,Highly Engage,0.5792723298072815,1,Disengage,0.4559064209461212,2,Engage,0.763481616973877,2,Engage,0.5944847464561462,2,Engage,0.8666356205940247,2,Engage,0.8555939793586731,2,Engage,0.6135473251342773,2,Engage,0.4181738793849945
video16_178_person8,18,0.7058823529411765,0.32501121082417705,0.8278570191727744,2,Engage,15,0,0.0,3,0.16666666666666666,15,0.8333333333333334,0,0.0,2,Engage,0.9298585057258606,2,Engage,0.9859849214553832,1,Disengage,1.0,2,Engage,0.9506770372390748,2,Engage,0.9682096242904664,2,Engage,0.9433208703994752,2,Engage,0.9291441440582277,2,Engage,0.821860134601593,2,Engage,0.5424046516418457,2,Engage,0.8928665518760681,1,Disengage,0.570684552192688,1,Disengage,0.4761769771575928,2,Engage,0.9868816137313844,2,Engage,0.8567967414855957,2,Engage,0.9370105862617492,2,Engage,0.9760237336158752,2,Engage,0.7293616533279419,2,Engage,0.404164046049118
video16_191_person8,18,0.33986928104575165,0.7403410574831923,0.657669315735499,3,Highly Engage,8,0,0.0,3,0.16666666666666666,7,0.3888888888888889,8,0.4444444444444444,3,Highly Engage,0.6015357375144958,2,Engage,0.5222223997116089,1,Disengage,1.0,3,Highly Engage,0.5713490843772888,3,Highly Engage,0.915692925453186,3,Highly Engage,0.7192839980125427,2,Engage,0.4136778712272644,3,Highly Engage,0.7638186812400818,3,Highly Engage,0.8162165284156799,2,Engage,0.7454142570495605,3,Highly Engage,0.440211683511734,1,Disengage,0.5320505499839783,2,Engage,0.9605268836021424,2,Engage,0.6243968605995178,2,Engage,0.4989602863788605,2,Engage,0.7831873893737793,3,Highly Engage,0.4964045286178589,1,Disengage,0.4330980181694031
video16_195_person8,18,0.6339869281045751,0.38210225325431013,0.7856504403882556,3,Highly Engage,14,0,0.0,0,0.0,4,0.2222222222222222,14,0.7777777777777778,2,Engage,0.8247683048248291,3,Highly Engage,0.6990163326263428,3,Highly Engage,1.0,3,Highly Engage,0.6336843371391296,3,Highly Engage,0.9632590413093568,3,Highly Engage,0.9399362802505492,2,Engage,0.6893116235733032,3,Highly Engage,0.9097647666931152,3,Highly Engage,0.8198844194412231,2,Engage,0.7839922904968262,3,Highly Engage,0.8156737089157104,3,Highly Engage,0.9055767059326172,2,Engage,0.8399229645729065,3,Highly Engage,0.630613386631012,3,Highly Engage,0.810074508190155,3,Highly Engage,0.7129334211349487,3,Highly Engage,0.7195505499839783,3,Highly Engage,0.4437452852725982
video16_199_person8,18,0.7058823529411765,0.32501121082417705,0.8325918250613742,2,Engage,15,0,0.0,3,0.16666666666666666,15,0.8333333333333334,0,0.0,2,Engage,0.941023051738739,2,Engage,0.9339289665222168,1,Disengage,1.0,2,Engage,0.9799485206604004,2,Engage,0.990062654018402,2,Engage,0.7817111015319824,2,Engage,0.8302547931671143,1,Disengage,0.9476253390312196,1,Disengage,0.6134141683578491,2,Engage,0.9633892774581908,2,Engage,0.8746505379676819,2,Engage,0.6739919781684875,2,Engage,0.939198076725006,2,Engage,0.6659599542617798,2,Engage,0.755570650100708,2,Engage,0.809357762336731,2,Engage,0.8287860155105591,2,Engage,0.4577800035476684
video16_205_person1,18,0.49673202614379086,0.4820393824041145,0.7541447033484777,3,Highly Engage,11,0,0.0,0,0.0,7,0.3888888888888889,11,0.6111111111111112,2,Engage,0.675078272819519,3,Highly Engage,0.7373544573783875,3,Highly Engage,1.0,2,Engage,0.9076103568077089,2,Engage,0.55068039894104,2,Engage,0.7319419980049133,2,Engage,0.8142896890640259,3,Highly Engage,0.6041491031646729,3,Highly Engage,0.4709465801715851,2,Engage,0.8990833163261414,3,Highly Engage,0.7939643859863281,3,Highly Engage,0.6905723810195923,2,Engage,0.6267408728599548,3,Highly Engage,0.8318654894828796,3,Highly Engage,0.987304389476776,3,Highly Engage,0.807644248008728,3,Highly Engage,0.813359797000885,3,Highly Engage,0.6320189237594604
video16_207_person5,18,0.7908496732026143,0.25162916738782287,0.8386395325263342,2,Engage,16,0,0.0,0,0.0,16,0.8888888888888888,2,0.1111111111111111,2,Engage,0.927925705909729,2,Engage,0.4694198668003082,2,Engage,1.0,2,Engage,0.9825568795204164,2,Engage,0.9996390342712402,2,Engage,0.9837576746940612,2,Engage,0.824838399887085,2,Engage,0.7116583585739136,3,Highly Engage,0.7294977903366089,2,Engage,0.965617299079895,2,Engage,0.9236236810684204,2,Engage,0.754450261592865,2,Engage,0.9659422636032104,2,Engage,0.8424596190452576,2,Engage,0.9949843883514404,2,Engage,0.9983410835266112,2,Engage,0.5254548192024231,3,Highly Engage,0.4953444600105285
video16_209_person1,18,0.47058823529411764,0.5,0.6672799040873846,1,Disengage,9,0,0.0,9,0.5,9,0.5,0,0.0,2,Engage,0.5558503866195679,1,Disengage,0.5320408344268799,2,Engage,1.0,2,Engage,0.7648931741714478,1,Disengage,0.662345826625824,1,Disengage,0.729491651058197,2,Engage,0.6832396984100342,1,Disengage,0.8858068585395813,1,Disengage,0.5716361403465271,2,Engage,0.8134743571281433,1,Disengage,0.3523982763290405,1,Disengage,0.5936816930770874,2,Engage,0.7775004506111145,1,Disengage,0.6491843461990356,2,Engage,0.58356112241745,2,Engage,0.9045348167419434,1,Disengage,0.5391740798950195,2,Engage,0.4122245609760284
video16_214_person8,18,0.5490196078431373,0.5264703802813174,0.7640796817011304,2,Engage,13,0,0.0,4,0.2222222222222222,13,0.7222222222222222,1,0.05555555555555555,2,Engage,0.9628310799598694,2,Engage,0.9859668612480164,1,Disengage,1.0,2,Engage,0.9596220254898072,2,Engage,0.9819570779800416,2,Engage,0.8525422215461731,2,Engage,0.878128707408905,2,Engage,0.8102793097496033,3,Highly Engage,0.456527441740036,2,Engage,0.8669816851615906,2,Engage,0.6753913760185242,2,Engage,0.4945539236068725,2,Engage,0.9112575650215148,1,Disengage,0.492387980222702,1,Disengage,0.5938434600830078,2,Engage,0.8249449133872986,2,Engage,0.5539325475692749,1,Disengage,0.4522860944271087
video16_216_person8,18,1.0,-0.0,0.8291034483247333,2,Engage,18,0,0.0,0,0.0,18,1.0,0,0.0,2,Engage,0.9975398778915404,2,Engage,0.9974229335784912,2,Engage,1.0,2,Engage,0.9872093200683594,2,Engage,0.9948516488075256,2,Engage,0.9198538661003112,2,Engage,0.8164465427398682,2,Engage,0.6468150615692139,2,Engage,0.5262193083763123,2,Engage,0.9249800443649292,2,Engage,0.7716242671012878,2,Engage,0.4901384115219116,2,Engage,0.9765647053718568,2,Engage,0.8121293187141418,2,Engage,0.9780454635620116,2,Engage,0.9501770734786988,2,Engage,0.7672809958457947,2,Engage,0.3665632307529449
video16_224_person8,18,1.0,-0.0,0.8567047235038545,2,Engage,18,0,0.0,0,0.0,18,1.0,0,0.0,2,Engage,0.9855645298957824,2,Engage,0.9815359711647034,2,Engage,1.0,2,Engage,0.9432560205459596,2,Engage,0.9783874750137328,2,Engage,0.9231496453285216,2,Engage,0.9243425130844116,2,Engage,0.8097732067108154,2,Engage,0.4662542641162872,2,Engage,0.9664617776870728,2,Engage,0.8356154561042786,2,Engage,0.5692835450172424,2,Engage,0.9813902974128724,2,Engage,0.8915760517120361,2,Engage,0.9454769492149352,2,Engage,0.9772162437438964,2,Engage,0.8128405809402466,2,Engage,0.4285604953765869
video16_229_person8,18,0.43137254901960786,0.6163301284079103,0.7492447992165884,2,Engage,10,0,0.0,7,0.3888888888888889,10,0.5555555555555556,1,0.05555555555555555,1,Disengage,0.8468109369277954,1,Disengage,0.834764838218689,1,Disengage,1.0,2,Engage,0.8565628528594971,2,Engage,0.7249898314476013,1,Disengage,0.6028034687042236,2,Engage,0.8517226576805115,2,Engage,0.7591462731361389,3,Highly Engage,0.6791180372238159,2,Engage,0.6092559099197388,1,Disengage,0.6148395538330078,1,Disengage,0.6473738551139832,2,Engage,0.9676182866096495,2,Engage,0.676361620426178,2,Engage,0.8574444651603699,2,Engage,0.969373106956482,2,Engage,0.6237801313400269,1,Disengage,0.3644405603408813
video16_22_person5,18,0.6928104575163399,0.40153586366205124,0.7266481965780258,1,Disengage,15,0,0.0,15,0.8333333333333334,2,0.1111111111111111,1,0.05555555555555555,1,Disengage,0.5374228358268738,1,Disengage,0.3598479330539703,1,Disengage,1.0,1,Disengage,0.7994323968887329,1,Disengage,0.9546809792518616,1,Disengage,0.9813746809959412,2,Engage,0.7661260366439819,1,Disengage,0.7137101292610168,2,Engage,0.4648527503013611,1,Disengage,0.6807610392570496,1,Disengage,0.7002950310707092,3,Highly Engage,0.4845401346683502,1,Disengage,0.7517077326774597,1,Disengage,0.981699764728546,1,Disengage,0.9994480013847352,1,Disengage,0.6012402772903442,1,Disengage,0.870171308517456,1,Disengage,0.4323565065860748
video16_230_person8,18,0.8888888888888888,0.1547717145751626,0.8185288127925661,2,Engage,17,0,0.0,1,0.05555555555555555,17,0.9444444444444444,0,0.0,2,Engage,0.7627042531967163,2,Engage,0.967310667037964,1,Disengage,1.0,2,Engage,0.9056702852249146,2,Engage,0.9569907784461976,2,Engage,0.9174310564994812,2,Engage,0.911759912967682,2,Engage,0.8292283415794373,2,Engage,0.5172244906425476,2,Engage,0.9152759313583374,2,Engage,0.715134859085083,2,Engage,0.5491415858268738,2,Engage,0.9663651585578918,2,Engage,0.859155535697937,2,Engage,0.9770656824111938,2,Engage,0.9615605473518372,2,Engage,0.6109481453895569,2,Engage,0.4105513989925384
video16_237_person8,18,1.0,-0.0,0.8239180230432086,2,Engage,18,0,0.0,0,0.0,18,1.0,0,0.0,2,Engage,0.9672091603279114,2,Engage,0.9685206413269044,2,Engage,1.0,2,Engage,0.7746438980102539,2,Engage,0.8464615941047668,2,Engage,0.8657426238059998,2,Engage,0.8930909037590027,2,Engage,0.7818845510482788,2,Engage,0.5318156480789185,2,Engage,0.9382537603378296,2,Engage,0.8381240963935852,2,Engage,0.590204656124115,2,Engage,0.9806520938873292,2,Engage,0.8982152342796326,2,Engage,0.8245939016342163,2,Engage,0.98136705160141,2,Engage,0.730518102645874,2,Engage,0.4192264974117279
video16_238_person8,18,0.8888888888888888,0.1547717145751626,0.8583321256770028,2,Engage,17,0,0.0,1,0.05555555555555555,17,0.9444444444444444,0,0.0,2,Engage,0.9836565256118774,2,Engage,0.9867305755615234,1,Disengage,1.0,2,Engage,0.9606853127479552,2,Engage,0.9942033886909484,2,Engage,0.9818731546401978,2,Engage,0.9267155528068542,2,Engage,0.8225813508033752,2,Engage,0.5338053703308105,2,Engage,0.9577131867408752,2,Engage,0.8445274829864502,2,Engage,0.6594250798225403,2,Engage,0.9570788741111756,2,Engage,0.8398454189300537,2,Engage,0.8223295211791992,2,Engage,0.9845684766769408,2,Engage,0.7577164769172668,2,Engage,0.436522513628006
video16_23_person5,18,0.6143790849673203,0.4722442670831027,0.7408157785733541,1,Disengage,14,3,0.16666666666666666,14,0.7777777777777778,1,0.05555555555555555,0,0.0,1,Disengage,0.7678893208503723,0,Highly Disengage,0.4253366589546203,1,Disengage,1.0,1,Disengage,0.9404102563858032,1,Disengage,0.9574979543685912,1,Disengage,0.9947376847267152,2,Engage,0.5798740983009338,1,Disengage,0.9116500616073608,1,Disengage,0.5249930620193481,1,Disengage,0.6960309147834778,0,Highly Disengage,0.5337418913841248,0,Highly Disengage,0.4549117982387543,1,Disengage,0.7598487138748169,1,Disengage,0.9077695608139038,1,Disengage,0.9988694787025452,1,Disengage,0.635798454284668,1,Disengage,0.7907969355583191,1,Disengage,0.4545271694660187
video16_24_person2,18,0.6013071895424836,0.5487689199209769,0.6222920484013028,2,Engage,14,2,0.1111111111111111,1,0.05555555555555555,14,0.7777777777777778,1,0.05555555555555555,2,Engage,0.7558891177177429,2,Engage,0.6391054391860962,2,Engage,1.0,2,Engage,0.7719062566757202,2,Engage,0.4362546801567077,0,Highly Disengage,0.8188121914863586,2,Engage,0.8822274804115295,2,Engage,0.3974496722221374,2,Engage,0.4002407491207123,2,Engage,0.889064610004425,2,Engage,0.4904137849807739,2,Engage,0.6360023021697998,2,Engage,0.6091258525848389,2,Engage,0.4666091501712799,1,Disengage,0.6076228618621826,3,Highly Engage,0.5603499412536621,2,Engage,0.4188152849674225,0,Highly Disengage,0.4213674962520599
video16_24_person4,18,0.6339869281045751,0.38210225325431013,0.6521791302495532,1,Disengage,14,0,0.0,14,0.7777777777777778,4,0.2222222222222222,0,0.0,2,Engage,0.6184226870536804,1,Disengage,0.4569604694843292,1,Disengage,1.0,2,Engage,0.6198011636734009,1,Disengage,0.7142793536186218,1,Disengage,0.628924548625946,1,Disengage,0.6137849688529968,1,Disengage,0.8375863432884216,1,Disengage,0.4108473062515259,1,Disengage,0.7067696452140808,1,Disengage,0.7487509250640869,1,Disengage,0.6889010667800903,2,Engage,0.6289659142494202,1,Disengage,0.720117449760437,1,Disengage,0.8406540751457214,1,Disengage,0.6162693500518799,1,Disengage,0.5286756753921509,2,Engage,0.3595134019851684
video16_25_person3,18,1.0,-0.0,0.8251498987277349,2,Engage,18,0,0.0,0,0.0,18,1.0,0,0.0,2,Engage,0.983639121055603,2,Engage,0.9913689494132996,2,Engage,1.0,2,Engage,0.9736716747283936,2,Engage,0.99306458234787,2,Engage,0.9378013014793396,2,Engage,0.9055105447769164,2,Engage,0.7459895014762878,2,Engage,0.446851909160614,2,Engage,0.9711679816246032,2,Engage,0.8518325090408325,2,Engage,0.659390389919281,2,Engage,0.9286018013954164,2,Engage,0.6702246069908142,2,Engage,0.9161777496337892,2,Engage,0.9520774483680724,2,Engage,0.5248448848724365,2,Engage,0.4004832208156585
video16_26_person5,18,0.7843137254901961,0.30718472294337845,0.8509783032867644,2,Engage,16,0,0.0,1,0.05555555555555555,16,0.8888888888888888,1,0.05555555555555555,2,Engage,0.8740506172180176,2,Engage,0.7943735122680664,1,Disengage,1.0,2,Engage,0.9990203380584716,2,Engage,0.999990701675415,2,Engage,0.9865096211433412,2,Engage,0.9217869639396667,2,Engage,0.5264797806739807,3,Highly Engage,0.5104610323905945,2,Engage,0.9860242009162904,2,Engage,0.851051926612854,2,Engage,0.7846039533615112,2,Engage,0.978171169757843,2,Engage,0.8765239715576172,2,Engage,0.9921878576278688,2,Engage,0.9978699684143066,2,Engage,0.8149400949478149,2,Engage,0.4235637485980987
video16_28_person5,18,0.477124183006536,0.6121972227029931,0.6894304553667704,2,Engage,12,0,0.0,2,0.1111111111111111,12,0.6666666666666666,4,0.2222222222222222,2,Engage,0.5293312668800354,2,Engage,0.3351369798183441,1,Disengage,1.0,2,Engage,0.8775179982185364,2,Engage,0.8767033219337463,2,Engage,0.6623499393463135,2,Engage,0.8793857097625732,2,Engage,0.6348016262054443,3,Highly Engage,0.5767878293991089,2,Engage,0.8893702626228333,3,Highly Engage,0.6213659644126892,3,Highly Engage,0.7697872519493103,2,Engage,0.9262722730636596,2,Engage,0.5136207342147827,3,Highly Engage,0.422378271818161,2,Engage,0.8850690126419067,1,Disengage,0.6262220144271851,2,Engage,0.3836477398872375
video16_37_person2,18,0.47058823529411764,0.5,0.6750816024012036,2,Engage,9,0,0.0,0,0.0,9,0.5,9,0.5,2,Engage,0.7702531218528748,3,Highly Engage,0.5743500590324402,2,Engage,1.0,2,Engage,0.740962028503418,3,Highly Engage,0.6128483414649963,3,Highly Engage,0.7476872801780701,2,Engage,0.8500463962554932,3,Highly Engage,0.6117737293243408,3,Highly Engage,0.539857029914856,2,Engage,0.5751341581344604,3,Highly Engage,0.7788951992988586,3,Highly Engage,0.8186271786689758,2,Engage,0.8768858313560486,3,Highly Engage,0.5658429861068726,2,Engage,0.5593950152397156,2,Engage,0.5724776983261108,3,Highly Engage,0.5124288201332092,2,Engage,0.4440039694309234
video16_40_person2,18,0.49673202614379086,0.4820393824041145,0.6496219568782382,2,Engage,11,0,0.0,0,0.0,11,0.6111111111111112,7,0.3888888888888889,2,Engage,0.8262242078781128,2,Engage,0.7015333771705627,2,Engage,1.0,2,Engage,0.7069322466850281,3,Highly Engage,0.5057108402252197,2,Engage,0.4928453266620636,2,Engage,0.8177595734596252,3,Highly Engage,0.6930751800537109,3,Highly Engage,0.4734955430030823,2,Engage,0.9279218912124634,2,Engage,0.6400686502456665,2,Engage,0.6583855152130127,2,Engage,0.7163335680961609,3,Highly Engage,0.5075798630714417,2,Engage,0.53045254945755,3,Highly Engage,0.4513780474662781,3,Highly Engage,0.5842282772064209,3,Highly Engage,0.459270566701889
video16_43_person5,18,0.7843137254901961,0.30718472294337845,0.8731277353233762,2,Engage,16,0,0.0,1,0.05555555555555555,16,0.8888888888888888,1,0.05555555555555555,2,Engage,0.998420000076294,2,Engage,0.9974597096443176,1,Disengage,0.9986636638641356,2,Engage,0.9984380602836608,2,Engage,0.9999676942825316,2,Engage,0.988830864429474,2,Engage,0.8003413081169128,2,Engage,0.6726189851760864,3,Highly Engage,0.7218180894851685,2,Engage,0.968639314174652,2,Engage,0.8443203568458557,2,Engage,0.7548897862434387,2,Engage,0.9890488386154176,2,Engage,0.9696295857429504,2,Engage,0.999408721923828,2,Engage,0.9932408332824708,2,Engage,0.6002094149589539,2,Engage,0.4203540086746216
video16_44_person8,18,0.7058823529411765,0.32501121082417705,0.8206690069701936,1,Disengage,15,3,0.16666666666666666,15,0.8333333333333334,0,0.0,0,0.0,1,Disengage,0.9747437834739684,1,Disengage,0.9426618218421936,1,Disengage,1.0,1,Disengage,0.9455790519714355,0,Highly Disengage,0.5998240113258362,1,Disengage,0.6057993769645691,1,Disengage,0.8404356837272644,0,Highly Disengage,0.5292156934738159,0,Highly Disengage,0.8251363039016724,1,Disengage,0.7235987782478333,1,Disengage,0.8457484841346741,1,Disengage,0.885441780090332,1,Disengage,0.9500932693481444,1,Disengage,0.9861381649971008,1,Disengage,0.999902367591858,1,Disengage,0.7877804040908813,1,Disengage,0.919029176235199,1,Disengage,0.4109139740467071
video16_45_person8,18,1.0,-0.0,0.9021472185850143,1,Disengage,18,0,0.0,18,1.0,0,0.0,0,0.0,1,Disengage,0.9728322625160216,1,Disengage,0.9707461595535278,1,Disengage,1.0,1,Disengage,0.9939099550247192,1,Disengage,0.9847208857536316,1,Disengage,0.9879635572433472,1,Disengage,0.8157241940498352,1,Disengage,0.9568875432014464,1,Disengage,0.6401629447937012,1,Disengage,0.8872098326683044,1,Disengage,0.9503335952758788,1,Disengage,0.902756929397583,1,Disengage,0.9852725863456726,1,Disengage,0.993371844291687,1,Disengage,0.99992835521698,1,Disengage,0.8394700884819031,1,Disengage,0.9321433901786804,1,Disengage,0.4252158105373382
video16_48_person3,18,0.7058823529411765,0.32501121082417705,0.7216998090346655,1,Disengage,15,0,0.0,15,0.8333333333333334,3,0.16666666666666666,0,0.0,2,Engage,0.5303120613098145,1,Disengage,0.722562849521637,1,Disengage,1.0,1,Disengage,0.9073047041893004,1,Disengage,0.8973411321640015,1,Disengage,0.9662731885910034,1,Disengage,0.5630174279212952,1,Disengage,0.517018735408783,2,Engage,0.4074364602565765,1,Disengage,0.7900854349136353,1,Disengage,0.9273922443389891,1,Disengage,0.8003339767456055,1,Disengage,0.5212215781211853,1,Disengage,0.7822446823120117,1,Disengage,0.8872807621955872,1,Disengage,0.5978928804397583,1,Disengage,0.7976035475730896,2,Engage,0.3752748966217041
video16_50_person3,18,1.0,-0.0,0.8287525574366251,2,Engage,18,0,0.0,0,0.0,18,1.0,0,0.0,2,Engage,0.9852501749992372,2,Engage,0.980564296245575,2,Engage,1.0,2,Engage,0.9880825281143188,2,Engage,0.99899560213089,2,Engage,0.9584348201751708,2,Engage,0.8917821049690247,2,Engage,0.6762129664421082,2,Engage,0.4098537564277649,2,Engage,0.9736675024032592,2,Engage,0.8877787590026855,2,Engage,0.6315903067588806,2,Engage,0.8588101863861084,2,Engage,0.7177224159240723,2,Engage,0.934445321559906,2,Engage,0.9405472278594972,2,Engage,0.672295331954956,2,Engage,0.4115127325057983
video16_50_person5,18,0.33986928104575165,0.7477690149595555,0.626335601011912,1,Disengage,9,0,0.0,9,0.5,4,0.2222222222222222,5,0.2777777777777778,1,Disengage,0.6549188494682312,1,Disengage,0.497278094291687,1,Disengage,1.0,2,Engage,0.6798586249351501,3,Highly Engage,0.4439398348331451,3,Highly Engage,0.4886826872825622,3,Highly Engage,0.4486542046070099,2,Engage,0.658785343170166,3,Highly Engage,0.843120813369751,2,Engage,0.3978927135467529,1,Disengage,0.4623737335205078,3,Highly Engage,0.5672296285629272,1,Disengage,0.7743334770202637,1,Disengage,0.9306924343109132,1,Disengage,0.9399719834327698,2,Engage,0.52142333984375,1,Disengage,0.5997244715690613,1,Disengage,0.365160584449768
video16_54_person5,18,0.477124183006536,0.4955380299191111,0.7708158807622062,3,Highly Engage,10,0,0.0,0,0.0,8,0.4444444444444444,10,0.5555555555555556,2,Engage,0.7375507354736328,2,Engage,0.6034798622131348,2,Engage,0.9867029190063475,3,Highly Engage,0.8031930923461914,3,Highly Engage,0.944738268852234,3,Highly Engage,0.9520392417907716,3,Highly Engage,0.6017841696739197,3,Highly Engage,0.8784576058387756,3,Highly Engage,0.7854764461517334,3,Highly Engage,0.5179529786109924,3,Highly Engage,0.9130921959877014,3,Highly Engage,0.9234849214553832,2,Engage,0.9122430086135864,2,Engage,0.4926430284976959,2,Engage,0.7497482895851135,2,Engage,0.973793625831604,2,Engage,0.5594066977500916,3,Highly Engage,0.538898766040802
video16_56_person1,18,0.5490196078431373,0.5264703802813174,0.6933326853646172,2,Engage,13,0,0.0,4,0.2222222222222222,13,0.7222222222222222,1,0.05555555555555555,2,Engage,0.8233320713043213,2,Engage,0.5816398859024048,1,Disengage,1.0,2,Engage,0.9515191316604614,2,Engage,0.9278075695037842,2,Engage,0.5122222304344177,2,Engage,0.6815655827522278,3,Highly Engage,0.4433003067970276,2,Engage,0.5003957748413086,2,Engage,0.8211415410041809,1,Disengage,0.5664438605308533,1,Disengage,0.7489522099494934,2,Engage,0.730737030506134,1,Disengage,0.5165066123008728,2,Engage,0.7845824360847473,2,Engage,0.6679357290267944,2,Engage,0.8026388883590698,2,Engage,0.419267475605011
video16_56_person5,18,0.47058823529411764,0.5,0.8284211224979825,2,Engage,9,0,0.0,0,0.0,9,0.5,9,0.5,2,Engage,0.9578402638435364,2,Engage,0.8886350393295288,3,Highly Engage,1.0,2,Engage,0.9664993286132812,2,Engage,0.9811995029449464,2,Engage,0.8444925546646118,3,Highly Engage,0.5063753128051758,3,Highly Engage,0.7310495376586914,3,Highly Engage,0.8708122968673706,2,Engage,0.7706804275512695,3,Highly Engage,0.9059258699417114,3,Highly Engage,0.7557635307312012,2,Engage,0.8719108700752258,3,Highly Engage,0.5754208564758301,2,Engage,0.8207020163536072,2,Engage,0.9629179239273072,3,Highly Engage,0.8239105939865112,3,Highly Engage,0.6774442791938782
video16_59_person1,18,0.5359477124183006,0.5610568385545543,0.703210860490799,2,Engage,13,0,0.0,2,0.1111111111111111,13,0.7222222222222222,3,0.16666666666666666,2,Engage,0.9253581762313844,2,Engage,0.6221076250076294,2,Engage,1.0,2,Engage,0.8463619947433472,2,Engage,0.7110048532485962,2,Engage,0.4273759126663208,2,Engage,0.6452203989028931,3,Highly Engage,0.7914078831672668,2,Engage,0.4867750406265259,2,Engage,0.7234162092208862,3,Highly Engage,0.6938050389289856,3,Highly Engage,0.697577178478241,2,Engage,0.7606608867645264,1,Disengage,0.6732218861579895,1,Disengage,0.5311961770057678,2,Engage,0.9844634532928468,2,Engage,0.7168469429016113,2,Engage,0.420995831489563
video16_5_person1,18,0.477124183006536,0.4955380299191111,0.7397680398490694,3,Highly Engage,10,0,0.0,0,0.0,8,0.4444444444444444,10,0.5555555555555556,3,Highly Engage,0.5494442582130432,3,Highly Engage,0.8286556601524353,3,Highly Engage,1.0,2,Engage,0.9851506352424622,2,Engage,0.8970267176628113,3,Highly Engage,0.9333729147911072,3,Highly Engage,0.7061502933502197,3,Highly Engage,0.8814013600349426,3,Highly Engage,0.8750090599060059,2,Engage,0.8369233012199402,2,Engage,0.5513705015182495,2,Engage,0.4960573017597198,2,Engage,0.6296696662902832,2,Engage,0.5159205198287964,2,Engage,0.9999985694885254,3,Highly Engage,0.5636566877365112,3,Highly Engage,0.6479843854904175,3,Highly Engage,0.4180328845977783
video16_64_person5,18,1.0,-0.0,0.9076105025079515,3,Highly Engage,18,0,0.0,0,0.0,0,0.0,18,1.0,3,Highly Engage,0.882725179195404,3,Highly Engage,0.8914991021156311,3,Highly Engage,1.0,3,Highly Engage,0.9481674432754515,3,Highly Engage,0.9757550358772278,3,Highly Engage,0.9861220717430116,3,Highly Engage,0.6900553107261658,3,Highly Engage,0.9159905910491944,3,Highly Engage,0.8892804980278015,3,Highly Engage,0.6806545853614807,3,Highly Engage,0.9333555102348328,3,Highly Engage,0.943816900253296,3,Highly Engage,0.7899140119552612,3,Highly Engage,0.9621926546096802,3,Highly Engage,0.9975104331970216,3,Highly Engage,0.9057380557060242,3,Highly Engage,0.9753554463386536,3,Highly Engage,0.9688562154769896
video16_68_person8,18,1.0,-0.0,0.8378253430128098,2,Engage,18,0,0.0,0,0.0,18,1.0,0,0.0,2,Engage,0.9883692264556884,2,Engage,0.9930821061134338,2,Engage,0.513813316822052,2,Engage,0.958791434764862,2,Engage,0.9891350269317628,2,Engage,0.9486064910888672,2,Engage,0.8947272300720215,2,Engage,0.7806049585342407,2,Engage,0.4997888505458832,2,Engage,0.9571515321731568,2,Engage,0.8586044907569885,2,Engage,0.6658620238304138,2,Engage,0.9764320850372314,2,Engage,0.8982266783714294,2,Engage,0.8979269862174988,2,Engage,0.9808145761489868,2,Engage,0.8460246920585632,2,Engage,0.4328944683074951
video16_6_person1,18,0.49673202614379086,0.4820393824041145,0.7556614544656541,3,Highly Engage,11,0,0.0,0,0.0,7,0.3888888888888889,11,0.6111111111111112,2,Engage,0.6240357160568237,3,Highly Engage,0.5298871994018555,2,Engage,1.0,2,Engage,0.8732761144638062,3,Highly Engage,0.9211145639419556,3,Highly Engage,0.9855877161026,3,Highly Engage,0.6561498045921326,3,Highly Engage,0.6970288157463074,3,Highly Engage,0.8003368377685547,2,Engage,0.7056863903999329,3,Highly Engage,0.9036624431610109,3,Highly Engage,0.9368305206298828,2,Engage,0.8646332025527954,2,Engage,0.4664350152015686,3,Highly Engage,0.7471259236335754,2,Engage,0.7546265125274658,3,Highly Engage,0.6716128587722778,3,Highly Engage,0.4638765454292297
video16_71_person2,18,0.49673202614379086,0.4820393824041145,0.7186444501082102,3,Highly Engage,11,0,0.0,0,0.0,7,0.3888888888888889,11,0.6111111111111112,2,Engage,0.7754552364349365,3,Highly Engage,0.6336246132850647,2,Engage,1.0,2,Engage,0.7277652621269226,3,Highly Engage,0.680121898651123,3,Highly Engage,0.8867231011390686,2,Engage,0.7927653789520264,3,Highly Engage,0.7763946056365967,3,Highly Engage,0.4787470698356628,2,Engage,0.8939340114593506,3,Highly Engage,0.5113452672958374,2,Engage,0.6091552972793579,2,Engage,0.5032715201377869,3,Highly Engage,0.9082348942756652,3,Highly Engage,0.8943296074867249,3,Highly Engage,0.642034649848938,3,Highly Engage,0.6666276454925537,3,Highly Engage,0.5550700426101685
video16_71_person3,18,0.8888888888888888,0.1547717145751626,0.8585546198818419,2,Engage,17,0,0.0,0,0.0,17,0.9444444444444444,1,0.05555555555555555,2,Engage,0.9848737716674804,2,Engage,0.9647735953330994,2,Engage,1.0,2,Engage,0.9492496252059937,2,Engage,0.9840936064720154,2,Engage,0.9580766558647156,2,Engage,0.9193858504295348,2,Engage,0.7042278051376343,2,Engage,0.4665476679801941,2,Engage,0.9729867577552797,2,Engage,0.8848257064819336,2,Engage,0.7099326848983765,2,Engage,0.9414750933647156,2,Engage,0.8899606466293335,2,Engage,0.9596896767616272,2,Engage,0.9880725145339966,2,Engage,0.7629067301750183,3,Highly Engage,0.4129047691822052
video16_71_person4,18,0.5294117647058824,0.4591479170272447,0.6912829329570135,2,Engage,12,0,0.0,0,0.0,12,0.6666666666666666,6,0.3333333333333333,2,Engage,0.7216759920120239,3,Highly Engage,0.4184792339801788,2,Engage,1.0,2,Engage,0.682185709476471,3,Highly Engage,0.8113337159156799,3,Highly Engage,0.7678245306015015,2,Engage,0.9086549282073976,2,Engage,0.5343572497367859,2,Engage,0.4698542058467865,3,Highly Engage,0.6116674542427063,3,Highly Engage,0.8306757211685181,3,Highly Engage,0.8743152618408203,2,Engage,0.6842271089553833,2,Engage,0.4694197475910187,2,Engage,0.7627661824226379,2,Engage,0.6563255190849304,2,Engage,0.8306311368942261,2,Engage,0.408699095249176
video16_73_person3,18,0.7058823529411765,0.32501121082417705,0.7129256741868125,2,Engage,15,0,0.0,0,0.0,15,0.8333333333333334,3,0.16666666666666666,2,Engage,0.8920611143112183,2,Engage,0.7370057106018066,2,Engage,1.0,2,Engage,0.8113055229187012,2,Engage,0.5517646670341492,3,Highly Engage,0.6979942917823792,2,Engage,0.9088870882987976,2,Engage,0.7326103448867798,2,Engage,0.4491786062717438,2,Engage,0.9200260639190674,3,Highly Engage,0.5603117942810059,2,Engage,0.6380449533462524,2,Engage,0.9005212783813477,2,Engage,0.6645843386650085,2,Engage,0.6164472699165344,2,Engage,0.7572344541549683,2,Engage,0.5227721929550171,3,Highly Engage,0.4719124436378479
video16_74_person5,18,0.6928104575163399,0.40153586366205124,0.7887133989069197,2,Engage,15,0,0.0,2,0.1111111111111111,15,0.8333333333333334,1,0.05555555555555555,2,Engage,0.8999501466751099,2,Engage,0.9612285494804382,1,Disengage,1.0,2,Engage,0.993287980556488,2,Engage,0.7558881044387817,1,Disengage,0.6488499045372009,2,Engage,0.8986693024635315,2,Engage,0.7113937139511108,3,Highly Engage,0.7089641690254211,2,Engage,0.8852362036705017,2,Engage,0.6697039008140564,2,Engage,0.7126591205596924,2,Engage,0.8943170309066772,2,Engage,0.4993301033973694,2,Engage,0.9977134466171264,2,Engage,0.9951956868171692,2,Engage,0.5406653881072998,2,Engage,0.4237884283065796
video16_76_person2,18,0.477124183006536,0.4955380299191111,0.7290730228026708,3,Highly Engage,10,0,0.0,0,0.0,8,0.4444444444444444,10,0.5555555555555556,2,Engage,0.8094151020050049,3,Highly Engage,0.740100622177124,2,Engage,1.0,2,Engage,0.7302473187446594,3,Highly Engage,0.7394298911094666,3,Highly Engage,0.8498952388763428,2,Engage,0.6256866455078125,3,Highly Engage,0.8554917573928833,3,Highly Engage,0.6992127299308777,2,Engage,0.7376810312271118,3,Highly Engage,0.7529417872428894,3,Highly Engage,0.8861632943153381,2,Engage,0.8770344257354736,3,Highly Engage,0.5494089126586914,2,Engage,0.5433396697044373,2,Engage,0.588248074054718,3,Highly Engage,0.6462475061416626,3,Highly Engage,0.4927704036235809
video16_76_person4,18,0.3790849673202614,0.7076344750135477,0.5842312475045522,2,Engage,10,0,0.0,5,0.2777777777777778,10,0.5555555555555556,3,0.16666666666666666,2,Engage,0.5617462396621704,3,Highly Engage,0.4155956506729126,2,Engage,1.0,2,Engage,0.7095890045166016,1,Disengage,0.6607973575592041,1,Disengage,0.6019681096076965,2,Engage,0.8855686187744141,2,Engage,0.5294283032417297,3,Highly Engage,0.4445390403270721,2,Engage,0.5601633787155151,3,Highly Engage,0.5326101779937744,1,Disengage,0.4839569628238678,2,Engage,0.5624470114707947,1,Disengage,0.3931187689304352,1,Disengage,0.4038558304309845,2,Engage,0.6401270627975464,2,Engage,0.719411313533783,2,Engage,0.4112396240234375
video16_78_person5,18,0.5751633986928104,0.4262025893247393,0.7213124682505926,2,Engage,13,0,0.0,5,0.2777777777777778,13,0.7222222222222222,0,0.0,2,Engage,0.4830413460731506,1,Disengage,0.3527971506118774,1,Disengage,1.0,2,Engage,0.9254422187805176,2,Engage,0.9602925777435304,2,Engage,0.8185585141181946,1,Disengage,0.8215311169624329,1,Disengage,0.841902494430542,1,Disengage,0.4841924011707306,2,Engage,0.7709775567054749,2,Engage,0.4326814413070678,2,Engage,0.5282678008079529,2,Engage,0.9622717499732972,2,Engage,0.5744120478630066,2,Engage,0.9446208477020264,2,Engage,0.9435347318649292,2,Engage,0.7233770489692688,2,Engage,0.4157233834266662
video16_83_person1,18,0.5359477124183006,0.5610568385545543,0.787493422627449,2,Engage,13,0,0.0,2,0.1111111111111111,13,0.7222222222222222,3,0.16666666666666666,2,Engage,0.8981316685676575,2,Engage,0.6978276968002319,2,Engage,1.0,2,Engage,0.9696967601776124,2,Engage,0.916797697544098,2,Engage,0.6917134523391724,2,Engage,0.8081648349761963,1,Disengage,0.5897124409675598,1,Disengage,0.495613545179367,2,Engage,0.856601893901825,3,Highly Engage,0.7477167844772339,3,Highly Engage,0.8079483509063721,2,Engage,0.8840377926826477,2,Engage,0.5969681739807129,2,Engage,0.9165306091308594,2,Engage,0.9940203428268432,2,Engage,0.6633505821228027,3,Highly Engage,0.6400489807128906
video16_87_person5,18,0.33986928104575165,0.7403410574831923,0.6350336836444007,2,Engage,8,0,0.0,3,0.16666666666666666,8,0.4444444444444444,7,0.3888888888888889,1,Disengage,0.3795640170574188,3,Highly Engage,0.4686855971813202,3,Highly Engage,1.0,2,Engage,0.5855143070220947,1,Disengage,0.6979306936264038,3,Highly Engage,0.7650462985038757,2,Engage,0.5084260106086731,3,Highly Engage,0.8694674372673035,3,Highly Engage,0.8017930388450623,2,Engage,0.6201111674308777,3,Highly Engage,0.7662279009819031,3,Highly Engage,0.8522118330001831,2,Engage,0.5776688456535339,1,Disengage,0.508916437625885,2,Engage,0.3585399985313415,2,Engage,0.6160609126091003,2,Engage,0.6044383645057678,2,Engage,0.450003445148468
video16_93_person2,18,0.6339869281045751,0.38210225325431013,0.7975235680739085,3,Highly Engage,14,0,0.0,0,0.0,4,0.2222222222222222,14,0.7777777777777778,2,Engage,0.5242792963981628,3,Highly Engage,0.8277806043624878,3,Highly Engage,1.0,2,Engage,0.7776505351066589,3,Highly Engage,0.8774701952934265,3,Highly Engage,0.980313241481781,2,Engage,0.7643040418624878,3,Highly Engage,0.7447471022605896,3,Highly Engage,0.5298018455505371,3,Highly Engage,0.6682425737380981,3,Highly Engage,0.8993198275566101,3,Highly Engage,0.9351351857185364,2,Engage,0.7337307333946228,3,Highly Engage,0.7906480431556702,3,Highly Engage,0.9371137022972108,3,Highly Engage,0.8246045708656311,3,Highly Engage,0.8214916586875916,3,Highly Engage,0.7187910676002502
video16_96_person2,18,0.49673202614379086,0.4820393824041145,0.6717243558830686,3,Highly Engage,11,0,0.0,0,0.0,7,0.3888888888888889,11,0.6111111111111112,2,Engage,0.7037894129753113,3,Highly Engage,0.6129698157310486,2,Engage,1.0,2,Engage,0.751382052898407,3,Highly Engage,0.5727764964103699,3,Highly Engage,0.726158618927002,2,Engage,0.7964263558387756,3,Highly Engage,0.7106630206108093,3,Highly Engage,0.5273272395133972,2,Engage,0.8576965928077698,3,Highly Engage,0.6460168361663818,3,Highly Engage,0.6351112127304077,2,Engage,0.592967689037323,3,Highly Engage,0.8114444613456726,3,Highly Engage,0.5004917979240417,3,Highly Engage,0.6586197018623352,3,Highly Engage,0.5347932577133179,2,Engage,0.4524038434028625
video16_97_person1,18,0.6928104575163399,0.40153586366205124,0.7153322580787871,2,Engage,15,0,0.0,2,0.1111111111111111,15,0.8333333333333334,1,0.05555555555555555,2,Engage,0.8287925720214844,2,Engage,0.5808098912239075,2,Engage,1.0,2,Engage,0.9746463894844056,2,Engage,0.9483654499053956,2,Engage,0.624851644039154,2,Engage,0.5566719174385071,2,Engage,0.6270613074302673,1,Disengage,0.5115996599197388,2,Engage,0.8690727949142456,3,Highly Engage,0.6630908846855164,2,Engage,0.3875486552715301,2,Engage,0.8854619264602661,1,Disengage,0.5726231932640076,2,Engage,0.8288264274597168,2,Engage,0.9315715432167052,2,Engage,0.7100924849510193,2,Engage,0.3748939037322998
video18_101_person5,18,1.0,-0.0,0.8784824675983853,2,Engage,18,0,0.0,0,0.0,18,1.0,0,0.0,2,Engage,0.9991970658302308,2,Engage,0.9981396198272704,2,Engage,1.0,2,Engage,0.9944530129432678,2,Engage,0.99993097782135,2,Engage,0.976813793182373,2,Engage,0.9558255672454834,2,Engage,0.8413674831390381,2,Engage,0.4803864955902099,2,Engage,0.976357638835907,2,Engage,0.8675183057785034,2,Engage,0.6820952296257019,2,Engage,0.9848030805587769,2,Engage,0.9879713654518129,2,Engage,0.979868471622467,2,Engage,0.9902708530426024,2,Engage,0.6708621382713318,2,Engage,0.4268233180046081
video18_105_person2,18,0.43137254901960786,0.6498683818476262,0.8318927966886096,3,Highly Engage,11,0,0.0,2,0.1111111111111111,5,0.2777777777777778,11,0.6111111111111112,2,Engage,0.8072903156280518,2,Engage,0.9394775032997132,2,Engage,1.0,3,Highly Engage,0.7110247015953064,3,Highly Engage,0.8943787217140198,3,Highly Engage,0.956615149974823,1,Disengage,0.5114727020263672,2,Engage,0.7612016201019287,1,Disengage,0.4238574206829071,2,Engage,0.7664673924446106,3,Highly Engage,0.6440079808235168,3,Highly Engage,0.6762967705726624,3,Highly Engage,0.9745304584503174,3,Highly Engage,0.994552195072174,3,Highly Engage,0.998587131500244,3,Highly Engage,0.964897871017456,3,Highly Engage,0.9875773191452026,3,Highly Engage,0.9618350863456726
video18_108_person2,18,0.8888888888888888,0.1547717145751626,0.8289711359474394,2,Engage,17,0,0.0,0,0.0,17,0.9444444444444444,1,0.05555555555555555,2,Engage,0.9876041412353516,2,Engage,0.9672314524650574,2,Engage,1.0,2,Engage,0.9844797253608704,2,Engage,0.9879857897758484,2,Engage,0.9007624387741088,2,Engage,0.9104386568069458,2,Engage,0.75778728723526,2,Engage,0.4614265859127044,2,Engage,0.9628981351852416,2,Engage,0.8852747082710266,2,Engage,0.6991596221923828,2,Engage,0.8499966859817505,2,Engage,0.7302923202514648,2,Engage,0.885412871837616,2,Engage,0.9089863896369934,2,Engage,0.6011932492256165,3,Highly Engage,0.4405503869056701
video18_109_person1,18,0.8888888888888888,0.1547717145751626,0.7964289983113607,1,Disengage,17,0,0.0,17,0.9444444444444444,1,0.05555555555555555,0,0.0,1,Disengage,0.7317806482315063,1,Disengage,0.9276240468025208,1,Disengage,1.0,1,Disengage,0.9514578580856324,1,Disengage,0.9812597632408142,1,Disengage,0.9271120429039,1,Disengage,0.7020326256752014,1,Disengage,0.8770875930786133,1,Disengage,0.6183890700340271,1,Disengage,0.715244710445404,1,Disengage,0.8253133893013,1,Disengage,0.8226352334022522,1,Disengage,0.865329384803772,1,Disengage,0.9295861721038818,1,Disengage,0.9070788621902466,1,Disengage,0.6864349246025085,2,Engage,0.502321720123291,1,Disengage,0.3650339245796203
video18_109_person5,18,0.5359477124183006,0.5610568385545543,0.7665589915381538,2,Engage,13,0,0.0,3,0.16666666666666666,13,0.7222222222222222,2,0.1111111111111111,2,Engage,0.8374641537666321,2,Engage,0.6951279044151306,2,Engage,1.0,2,Engage,0.9797367453575134,2,Engage,0.9886178374290466,2,Engage,0.8051720261573792,1,Disengage,0.4490145444869995,1,Disengage,0.9123196005821228,1,Disengage,0.5321826338768005,2,Engage,0.9553427696228028,2,Engage,0.7460706233978271,2,Engage,0.5258958339691162,2,Engage,0.8226703405380249,2,Engage,0.6858771443367004,2,Engage,0.6319658160209656,2,Engage,0.9517524242401124,3,Highly Engage,0.4888561367988586,3,Highly Engage,0.7899953126907349
video18_109_person6,18,0.7058823529411765,0.32501121082417705,0.7731388294034534,2,Engage,15,0,0.0,0,0.0,15,0.8333333333333334,3,0.16666666666666666,2,Engage,0.8126898407936096,2,Engage,0.6737126111984253,2,Engage,1.0,2,Engage,0.9211402535438538,2,Engage,0.700166642665863,2,Engage,0.6416193246841431,2,Engage,0.9099911451339722,2,Engage,0.7982404232025146,3,Highly Engage,0.5206441879272461,2,Engage,0.8323438763618469,3,Highly Engage,0.6377044320106506,3,Highly Engage,0.6740676760673523,2,Engage,0.9317076206207277,2,Engage,0.8579463958740234,2,Engage,0.8548160195350647,2,Engage,0.927674412727356,2,Engage,0.7967126369476318,2,Engage,0.4253214299678802
video18_10_person7,18,1.0,-0.0,0.8756638103061252,2,Engage,18,0,0.0,0,0.0,18,1.0,0,0.0,2,Engage,0.9992581009864808,2,Engage,0.957371175289154,2,Engage,1.0,2,Engage,0.9985217452049256,2,Engage,0.9978888630867004,2,Engage,0.988875925540924,2,Engage,0.8801578283309937,2,Engage,0.6481014490127563,2,Engage,0.4850630164146423,2,Engage,0.987324833869934,2,Engage,0.9605501890182496,2,Engage,0.7953773736953735,2,Engage,0.972594141960144,2,Engage,0.9245561361312866,2,Engage,0.9980759620666504,2,Engage,0.9870803952217102,2,Engage,0.7632972002029419,2,Engage,0.4178542494773865
video18_116_person5,18,0.7058823529411765,0.32501121082417705,0.814639170964559,2,Engage,15,0,0.0,0,0.0,15,0.8333333333333334,3,0.16666666666666666,2,Engage,0.999885082244873,2,Engage,0.9989041090011596,2,Engage,1.0,2,Engage,0.994408905506134,2,Engage,0.9993640780448914,2,Engage,0.9503964781761168,2,Engage,0.908838152885437,2,Engage,0.8251345157623291,2,Engage,0.4654644727706909,2,Engage,0.9750036001205444,2,Engage,0.8812430500984192,2,Engage,0.6246281266212463,2,Engage,0.644349992275238,3,Highly Engage,0.5136013627052307,3,Highly Engage,0.7643113136291504,2,Engage,0.9357752799987792,2,Engage,0.5118496417999268,3,Highly Engage,0.6703469157218933
video18_117_person8,18,0.6078431372549019,0.4932133643654213,0.7411997848086886,2,Engage,14,0,0.0,2,0.1111111111111111,14,0.7777777777777778,2,0.1111111111111111,2,Engage,0.6549424529075623,1,Disengage,0.369163304567337,1,Disengage,1.0,2,Engage,0.9585327506065368,2,Engage,0.933443248271942,2,Engage,0.6285387873649597,2,Engage,0.7410239577293396,3,Highly Engage,0.5017960071563721,3,Highly Engage,0.684005081653595,2,Engage,0.8735719323158264,2,Engage,0.6264709830284119,2,Engage,0.6723029613494873,2,Engage,0.948578953742981,2,Engage,0.8952601552009583,2,Engage,0.9940201044082642,2,Engage,0.9042601585388184,2,Engage,0.5233919024467468,2,Engage,0.4322933852672577
video18_118_person2,18,0.8888888888888888,0.1547717145751626,0.8478356434239281,2,Engage,17,0,0.0,1,0.05555555555555555,17,0.9444444444444444,0,0.0,2,Engage,0.9567800164222716,2,Engage,0.8464908003807068,1,Disengage,1.0,2,Engage,0.9974780678749084,2,Engage,0.9810272455215454,2,Engage,0.9350267052650452,2,Engage,0.879930317401886,2,Engage,0.8174204230308533,2,Engage,0.4631153345108032,2,Engage,0.9418869614601136,2,Engage,0.7532008290290833,2,Engage,0.616282045841217,2,Engage,0.9087591767311096,2,Engage,0.9767462015151978,2,Engage,0.996711492538452,2,Engage,0.9833484292030334,2,Engage,0.7799316644668579,2,Engage,0.426905870437622
video18_118_person3,18,0.477124183006536,0.4955380299191111,0.8278998136520386,3,Highly Engage,10,0,0.0,0,0.0,8,0.4444444444444444,10,0.5555555555555556,2,Engage,0.5296175479888916,2,Engage,0.8414086699485779,2,Engage,1.0,3,Highly Engage,0.5120892524719238,3,Highly Engage,0.9677432179450988,3,Highly Engage,0.7608864307403564,2,Engage,0.8819369673728943,2,Engage,0.7683440446853638,3,Highly Engage,0.7997415065765381,2,Engage,0.8114749789237976,2,Engage,0.5689012408256531,2,Engage,0.5135089755058289,3,Highly Engage,0.9886327385902404,3,Highly Engage,0.9945230484008788,3,Highly Engage,0.9999997615814208,3,Highly Engage,0.9697582721710204,3,Highly Engage,0.9990060925483704,3,Highly Engage,0.9946238994598388
video18_11_person2,18,1.0,-0.0,0.8402172029018402,2,Engage,18,0,0.0,0,0.0,18,1.0,0,0.0,2,Engage,0.9670881628990172,2,Engage,0.9359257817268372,2,Engage,1.0,2,Engage,0.96280699968338,2,Engage,0.9939777851104736,2,Engage,0.9151830673217772,2,Engage,0.846612811088562,2,Engage,0.7353370189666748,2,Engage,0.453132152557373,2,Engage,0.9777936339378356,2,Engage,0.898977518081665,2,Engage,0.7486326098442078,2,Engage,0.8602069020271301,2,Engage,0.8554985523223877,2,Engage,0.9179131388664246,2,Engage,0.9077760577201844,2,Engage,0.7267023921012878,2,Engage,0.4203450679779053
video18_11_person3,18,0.6339869281045751,0.38210225325431013,0.7663129468758901,2,Engage,14,0,0.0,4,0.2222222222222222,14,0.7777777777777778,0,0.0,2,Engage,0.9767081141471864,2,Engage,0.9763185381889344,1,Disengage,1.0,2,Engage,0.966561794281006,2,Engage,0.5924934148788452,2,Engage,0.6810072660446167,2,Engage,0.9245591163635254,2,Engage,0.739864706993103,1,Disengage,0.4418330192565918,2,Engage,0.8013321757316589,2,Engage,0.4640020728111267,2,Engage,0.5488752722740173,2,Engage,0.9120640754699708,2,Engage,0.8638102412223816,2,Engage,0.8539375066757202,2,Engage,0.9656078219413756,1,Disengage,0.7012072205543518,1,Disengage,0.3834506869316101
video18_121_person7,18,0.5294117647058824,0.4591479170272447,0.7976621505286958,2,Engage,12,0,0.0,0,0.0,12,0.6666666666666666,6,0.3333333333333333,2,Engage,0.9915432929992676,2,Engage,0.9555864334106444,2,Engage,1.0,2,Engage,0.9855465888977052,2,Engage,0.932329535484314,2,Engage,0.8711813688278198,2,Engage,0.9423885941505432,2,Engage,0.8272347450256348,2,Engage,0.4618013799190521,3,Highly Engage,0.6563585996627808,3,Highly Engage,0.8529376983642578,3,Highly Engage,0.7814003825187683,2,Engage,0.906584858894348,2,Engage,0.5353068709373474,3,Highly Engage,0.5541508197784424,2,Engage,0.8901607394218445,3,Highly Engage,0.6527426242828369,3,Highly Engage,0.560664176940918
video18_122_person5,18,0.8888888888888888,0.1547717145751626,0.8649809741311603,2,Engage,17,0,0.0,0,0.0,17,0.9444444444444444,1,0.05555555555555555,2,Engage,0.99996018409729,2,Engage,0.9998490810394288,2,Engage,1.0,2,Engage,0.9993652701377868,2,Engage,0.999920129776001,2,Engage,0.985585629940033,2,Engage,0.9577409625053406,2,Engage,0.8495314121246338,3,Highly Engage,0.5218644738197327,2,Engage,0.9732287526130676,2,Engage,0.8435454368591309,2,Engage,0.5711321830749512,2,Engage,0.9894994497299194,2,Engage,0.9701428413391112,2,Engage,0.9737401604652404,2,Engage,0.9944972395896912,2,Engage,0.5273613929748535,2,Engage,0.4126929342746734
video18_125_person1,18,0.7908496732026143,0.25162916738782287,0.7224044269985623,2,Engage,16,0,0.0,2,0.1111111111111111,16,0.8888888888888888,0,0.0,2,Engage,0.7686817049980164,2,Engage,0.7954601645469666,2,Engage,1.0,2,Engage,0.6399505734443665,1,Disengage,0.7659344673156738,1,Disengage,0.6191874146461487,2,Engage,0.856890082359314,2,Engage,0.6563839316368103,2,Engage,0.4572182893753052,2,Engage,0.8914945721626282,2,Engage,0.737409234046936,2,Engage,0.5720915198326111,2,Engage,0.925578236579895,2,Engage,0.5742136240005493,2,Engage,0.800391435623169,2,Engage,0.9520080089569092,2,Engage,0.5965174436569214,2,Engage,0.3938689827919006
video18_126_person1,18,0.8888888888888888,0.1547717145751626,0.8501352899604373,2,Engage,17,0,0.0,1,0.05555555555555555,17,0.9444444444444444,0,0.0,2,Engage,0.9826321601867676,2,Engage,0.9165188074111938,1,Disengage,1.0,2,Engage,0.9362828135490416,2,Engage,0.9934706687927246,2,Engage,0.922455072402954,2,Engage,0.9414668679237366,2,Engage,0.801871120929718,2,Engage,0.4782336354255676,2,Engage,0.8615337014198303,2,Engage,0.6786736249923706,2,Engage,0.572870135307312,2,Engage,0.9851408004760742,2,Engage,0.9294180870056152,2,Engage,0.986304759979248,2,Engage,0.9864485859870912,2,Engage,0.9291365146636964,2,Engage,0.3999778628349304
video18_127_person2,18,0.8888888888888888,0.1547717145751626,0.8566422876384523,2,Engage,17,0,0.0,1,0.05555555555555555,17,0.9444444444444444,0,0.0,2,Engage,0.9830995798110962,2,Engage,0.9564067125320436,1,Disengage,0.9999998807907104,2,Engage,0.980215072631836,2,Engage,0.9803940057754515,2,Engage,0.9412165880203248,2,Engage,0.9111174941062928,2,Engage,0.7887201905250549,2,Engage,0.4274595379829407,2,Engage,0.962306559085846,2,Engage,0.8132779002189636,2,Engage,0.6817417740821838,2,Engage,0.9250771403312684,2,Engage,0.9194608330726624,2,Engage,0.9789637327194214,2,Engage,0.9675601124763488,2,Engage,0.8002706170082092,2,Engage,0.4022734463214874
video18_127_person6,18,0.7908496732026143,0.25162916738782287,0.8200568838251961,2,Engage,16,0,0.0,2,0.1111111111111111,16,0.8888888888888888,0,0.0,2,Engage,0.9973950386047364,2,Engage,0.9914717078208924,2,Engage,1.0,2,Engage,0.9954467415809632,2,Engage,0.9808782339096068,2,Engage,0.8003520369529724,2,Engage,0.8499817848205566,2,Engage,0.7976310849189758,2,Engage,0.4378502368927002,2,Engage,0.9714289903640748,2,Engage,0.8767274618148804,2,Engage,0.6239523887634277,2,Engage,0.8599940538406372,2,Engage,0.9249573349952698,2,Engage,0.7130260467529297,2,Engage,0.9486678838729858,1,Disengage,0.6203473210334778,1,Disengage,0.3709155619144439
video18_12_person1,18,0.6143790849673203,0.4722442670831027,0.7270506769418716,1,Disengage,14,1,0.05555555555555555,14,0.7777777777777778,3,0.16666666666666666,0,0.0,2,Engage,0.589011013507843,1,Disengage,0.6612257361412048,1,Disengage,1.0,1,Disengage,0.675388514995575,1,Disengage,0.8927938342094421,1,Disengage,0.8496587872505188,2,Engage,0.8046243786811829,1,Disengage,0.9336464405059814,1,Disengage,0.499651551246643,2,Engage,0.5917750000953674,1,Disengage,0.6026442646980286,1,Disengage,0.5514764189720154,1,Disengage,0.6745904684066772,1,Disengage,0.9070048928260804,1,Disengage,0.9948444366455078,1,Disengage,0.4496191442012787,1,Disengage,0.6814402341842651,0,Highly Disengage,0.7275170683860779
video18_12_person5,18,0.8888888888888888,0.1547717145751626,0.8463139649894502,2,Engage,17,0,0.0,1,0.05555555555555555,17,0.9444444444444444,0,0.0,2,Engage,0.9993001222610474,2,Engage,0.9906009435653688,2,Engage,1.0,2,Engage,0.9989676475524902,2,Engage,0.999921441078186,2,Engage,0.9912575483322144,2,Engage,0.9402836561203004,2,Engage,0.7650142312049866,2,Engage,0.4617931842803955,2,Engage,0.9662095308303832,2,Engage,0.7737566232681274,2,Engage,0.4911240041255951,2,Engage,0.990392804145813,2,Engage,0.9670345783233644,2,Engage,0.9313536286354064,2,Engage,0.9972653388977052,2,Engage,0.6127454042434692,1,Disengage,0.3566306829452514
video18_131_person3,18,0.6339869281045751,0.38210225325431013,0.7554708123207092,2,Engage,14,0,0.0,4,0.2222222222222222,14,0.7777777777777778,0,0.0,2,Engage,0.9755313992500304,2,Engage,0.9791634678840636,2,Engage,0.998217523097992,2,Engage,0.9591751098632812,1,Disengage,0.498745322227478,2,Engage,0.6747245788574219,2,Engage,0.904227077960968,2,Engage,0.705353319644928,2,Engage,0.461280345916748,2,Engage,0.7594099640846252,1,Disengage,0.5082031488418579,1,Disengage,0.4683504402637481,2,Engage,0.9532814621925354,2,Engage,0.7842875719070435,2,Engage,0.8453375101089478,2,Engage,0.983439803123474,2,Engage,0.7157416343688965,1,Disengage,0.4240049421787262
video18_132_person1,18,0.7058823529411765,0.32501121082417705,0.7898350904385248,2,Engage,15,0,0.0,3,0.16666666666666666,15,0.8333333333333334,0,0.0,2,Engage,0.8595913648605347,2,Engage,0.718273937702179,1,Disengage,1.0,2,Engage,0.9927491545677184,2,Engage,0.9895660877227784,2,Engage,0.9781484603881836,2,Engage,0.9454323053359984,2,Engage,0.7210457921028137,2,Engage,0.4489980936050415,2,Engage,0.8895666599273682,1,Disengage,0.5872736573219299,1,Disengage,0.6541495323181152,2,Engage,0.9084383845329284,2,Engage,0.6161653399467468,2,Engage,0.7267102003097534,2,Engage,0.92563396692276,2,Engage,0.8181700110435486,2,Engage,0.4371186792850494
video18_132_person4,18,0.8888888888888888,0.1547717145751626,0.882368748386701,2,Engage,17,0,0.0,1,0.05555555555555555,17,0.9444444444444444,0,0.0,2,Engage,0.999997615814209,2,Engage,0.9999873638153076,2,Engage,1.0,2,Engage,0.999966025352478,2,Engage,0.999977707862854,2,Engage,0.9963699579238892,2,Engage,0.8915176391601562,2,Engage,0.7996399998664856,1,Disengage,0.3829789161682129,2,Engage,0.9749208688735962,2,Engage,0.9015365242958068,2,Engage,0.6876180171966553,2,Engage,0.9929057359695436,2,Engage,0.9258867502212524,2,Engage,0.9961255192756652,2,Engage,0.9930182695388794,2,Engage,0.9018484950065612,2,Engage,0.4383420646190643
video18_133_person7,18,0.49673202614379086,0.4820393824041145,0.7924080010917451,2,Engage,11,0,0.0,0,0.0,11,0.6111111111111112,7,0.3888888888888889,2,Engage,0.9592958092689514,3,Highly Engage,0.6954097747802734,2,Engage,1.0,2,Engage,0.9898470044136048,2,Engage,0.9425946474075316,2,Engage,0.9563360810279846,2,Engage,0.8560509085655212,2,Engage,0.4992241859436035,2,Engage,0.507506251335144,2,Engage,0.8925754427909851,2,Engage,0.5576092004776001,2,Engage,0.4650861322879791,3,Highly Engage,0.6681105494499207,3,Highly Engage,0.9023759961128236,3,Highly Engage,0.9999452829360962,3,Highly Engage,0.5534355044364929,3,Highly Engage,0.9698070287704468,3,Highly Engage,0.8481342196464539
video18_135_person5,18,0.5294117647058824,0.4591479170272447,0.816549860768848,2,Engage,12,0,0.0,0,0.0,12,0.6666666666666666,6,0.3333333333333333,2,Engage,0.7737555503845215,2,Engage,0.5347006320953369,2,Engage,1.0,2,Engage,0.9153277277946472,2,Engage,0.8922089338302612,2,Engage,0.8703196048736572,3,Highly Engage,0.6887215375900269,3,Highly Engage,0.8440099358558655,3,Highly Engage,0.9120046496391296,2,Engage,0.6508294343948364,3,Highly Engage,0.8128626942634583,3,Highly Engage,0.8480499982833862,2,Engage,0.9435871839523317,2,Engage,0.8166924118995667,2,Engage,0.9030572175979614,2,Engage,0.995575189590454,2,Engage,0.6079397201538086,3,Highly Engage,0.6882550716400146
video18_137_person8,18,0.477124183006536,0.4955380299191111,0.7989321284823947,2,Engage,10,0,0.0,0,0.0,10,0.5555555555555556,8,0.4444444444444444,2,Engage,0.8782501220703125,2,Engage,0.7936961650848389,2,Engage,0.9999998807907104,2,Engage,0.9904049634933472,2,Engage,0.8990551233291626,3,Highly Engage,0.5128385424613953,2,Engage,0.8306208848953247,2,Engage,0.546320378780365,3,Highly Engage,0.674605131149292,2,Engage,0.8799356818199158,3,Highly Engage,0.6629770994186401,3,Highly Engage,0.7783145308494568,2,Engage,0.5459492802619934,3,Highly Engage,0.6323884129524231,3,Highly Engage,0.9997723698616028,2,Engage,0.8093641996383667,3,Highly Engage,0.9831900596618652,3,Highly Engage,0.963095486164093
video18_139_person1,18,0.7908496732026143,0.25162916738782287,0.8596852256192101,2,Engage,16,0,0.0,2,0.1111111111111111,16,0.8888888888888888,0,0.0,2,Engage,0.9897170066833496,2,Engage,0.9076275825500488,1,Disengage,1.0,2,Engage,0.9999326467514038,2,Engage,0.9997362494468688,2,Engage,0.9975130558013916,2,Engage,0.9245855212211608,2,Engage,0.7465738654136658,1,Disengage,0.4672625660896301,2,Engage,0.9482628107070924,2,Engage,0.6842295527458191,2,Engage,0.4934436380863189,2,Engage,0.9965829253196716,2,Engage,0.9698053598403932,2,Engage,0.9909844398498536,2,Engage,0.9982722997665404,2,Engage,0.9242566823959352,2,Engage,0.4355478584766388
video18_139_person8,18,0.6339869281045751,0.38210225325431013,0.7297137545214759,2,Engage,14,0,0.0,0,0.0,14,0.7777777777777778,4,0.2222222222222222,2,Engage,0.9410224556922911,2,Engage,0.801455020904541,2,Engage,1.0,2,Engage,0.7836011648178101,3,Highly Engage,0.6180468201637268,3,Highly Engage,0.7327727675437927,2,Engage,0.9291189312934875,3,Highly Engage,0.5527467727661133,2,Engage,0.4629313051700592,2,Engage,0.931750237941742,2,Engage,0.7910885214805603,2,Engage,0.4959147274494171,2,Engage,0.7661654949188232,2,Engage,0.5297541618347168,2,Engage,0.5010458827018738,2,Engage,0.9629671573638916,2,Engage,0.5547211766242981,3,Highly Engage,0.7797449827194214
video18_13_person2,18,0.7908496732026143,0.25162916738782287,0.7119924773772558,2,Engage,16,0,0.0,0,0.0,16,0.8888888888888888,2,0.1111111111111111,2,Engage,0.9068860411643982,2,Engage,0.5964969396591187,2,Engage,1.0,2,Engage,0.9264729022979736,2,Engage,0.808927595615387,2,Engage,0.6136789321899414,2,Engage,0.8590841293334961,2,Engage,0.5873632431030273,3,Highly Engage,0.449898362159729,2,Engage,0.9577229022979736,2,Engage,0.6977149844169617,2,Engage,0.6104706525802612,2,Engage,0.7390895485877991,2,Engage,0.6991064548492432,2,Engage,0.6165037155151367,2,Engage,0.6514078974723816,2,Engage,0.601843535900116,3,Highly Engage,0.4931967556476593
video18_13_person3,18,0.7908496732026143,0.25162916738782287,0.7361573494142957,2,Engage,16,0,0.0,0,0.0,16,0.8888888888888888,2,0.1111111111111111,2,Engage,0.9720726609230042,2,Engage,0.8471469283103943,2,Engage,1.0,2,Engage,0.967610478401184,2,Engage,0.6848328709602356,2,Engage,0.7797854542732239,2,Engage,0.9017656445503236,2,Engage,0.7106160521507263,2,Engage,0.4428733587265014,2,Engage,0.8475129008293152,3,Highly Engage,0.7170389294624329,3,Highly Engage,0.4571647942066192,2,Engage,0.7931310534477234,2,Engage,0.5682622790336609,2,Engage,0.6464921236038208,2,Engage,0.911641240119934,2,Engage,0.6454026699066162,2,Engage,0.3574828505516052
video18_143_person3,18,0.8888888888888888,0.1547717145751626,0.7710257636176215,2,Engage,17,0,0.0,1,0.05555555555555555,17,0.9444444444444444,0,0.0,2,Engage,0.9687913060188292,2,Engage,0.9987794756889344,2,Engage,1.0,2,Engage,0.9660208225250244,2,Engage,0.6615597605705261,2,Engage,0.9067119359970092,2,Engage,0.7668806910514832,2,Engage,0.6665372848510742,2,Engage,0.462502509355545,2,Engage,0.9013541340827942,2,Engage,0.6978485584259033,1,Disengage,0.530243992805481,2,Engage,0.7666068077087402,2,Engage,0.5750547051429749,2,Engage,0.9571781754493712,2,Engage,0.9040898084640504,2,Engage,0.7104519009590149,2,Engage,0.4378518760204315
video18_143_person8,18,0.477124183006536,0.6121972227029931,0.7039558672242694,2,Engage,12,0,0.0,2,0.1111111111111111,12,0.6666666666666666,4,0.2222222222222222,2,Engage,0.7511665225028992,2,Engage,0.616163969039917,2,Engage,1.0,2,Engage,0.8522284030914307,3,Highly Engage,0.7500022649765015,3,Highly Engage,0.6159828305244446,2,Engage,0.9127045273780824,3,Highly Engage,0.4989274442195892,2,Engage,0.4820530414581299,2,Engage,0.8458864688873291,2,Engage,0.5027636885643005,3,Highly Engage,0.6636185050010681,2,Engage,0.7963383793830872,1,Disengage,0.6303203105926514,2,Engage,0.9504887461662292,2,Engage,0.8134329915046692,1,Disengage,0.5591122508049011,2,Engage,0.4300152659416199
video18_148_person1,18,1.0,-0.0,0.7544147703382704,1,Disengage,18,0,0.0,18,1.0,0,0.0,0,0.0,1,Disengage,0.5106684565544128,1,Disengage,0.8035681843757629,1,Disengage,1.0,1,Disengage,0.9655928015708924,1,Disengage,0.9697017073631288,1,Disengage,0.7466251254081726,1,Disengage,0.8391779065132141,1,Disengage,0.7303070425987244,1,Disengage,0.5410239100456238,1,Disengage,0.7427354454994202,1,Disengage,0.8390166163444519,1,Disengage,0.5012291669845581,1,Disengage,0.8074187636375427,1,Disengage,0.9462580680847168,1,Disengage,0.9469432830810548,1,Disengage,0.6239793300628662,1,Disengage,0.6489920616149902,1,Disengage,0.4162279963493347
video18_148_person3,18,0.8888888888888888,0.1547717145751626,0.67898072136773,2,Engage,17,1,0.05555555555555555,0,0.0,17,0.9444444444444444,0,0.0,2,Engage,0.8576130867004395,2,Engage,0.7274776101112366,2,Engage,1.0,2,Engage,0.929896891117096,2,Engage,0.5370874404907227,2,Engage,0.5673220753669739,2,Engage,0.6263646483421326,2,Engage,0.6813784241676331,0,Highly Disengage,0.4810360670089721,2,Engage,0.8704885840415955,2,Engage,0.4858588576316833,2,Engage,0.4488134980201721,2,Engage,0.7817069292068481,2,Engage,0.6439066529273987,2,Engage,0.5090796947479248,2,Engage,0.9393203854560852,2,Engage,0.7546194195747375,2,Engage,0.379682719707489
video18_149_person4,18,0.49673202614379086,0.4820393824041145,0.6890998681386312,1,Disengage,11,0,0.0,11,0.6111111111111112,7,0.3888888888888889,0,0.0,2,Engage,0.7988483309745789,1,Disengage,0.4270463585853576,2,Engage,1.0,2,Engage,0.8461208343505859,1,Disengage,0.7744160890579224,1,Disengage,0.7701343894004822,1,Disengage,0.6972611546516418,1,Disengage,0.9162126779556274,1,Disengage,0.4556334316730499,1,Disengage,0.5924743413925171,1,Disengage,0.6498720049858093,1,Disengage,0.8986445665359497,2,Engage,0.5772110223770142,1,Disengage,0.4915255010128021,1,Disengage,0.7021209001541138,2,Engage,0.7317925095558167,2,Engage,0.6810815930366516,2,Engage,0.3934019207954407
video18_150_person8,18,0.8888888888888888,0.1547717145751626,0.7678792691893048,2,Engage,17,0,0.0,1,0.05555555555555555,17,0.9444444444444444,0,0.0,2,Engage,0.9519306421279908,2,Engage,0.8444570899009705,2,Engage,1.0,2,Engage,0.8934090733528137,2,Engage,0.8548767566680908,2,Engage,0.609995424747467,2,Engage,0.8173823356628418,2,Engage,0.7737226486206055,2,Engage,0.4400795400142669,2,Engage,0.9544022679328918,2,Engage,0.5978062748908997,1,Disengage,0.4561218321323395,2,Engage,0.9788370132446288,2,Engage,0.8387531042098999,2,Engage,0.9701051712036132,2,Engage,0.9011653661727904,2,Engage,0.5148394703865051,2,Engage,0.4239428341388702
video18_153_person5,18,0.5751633986928104,0.4262025893247393,0.7389867421653535,2,Engage,13,0,0.0,0,0.0,13,0.7222222222222222,5,0.2777777777777778,2,Engage,0.9143110513687134,2,Engage,0.7768046259880066,2,Engage,1.0,2,Engage,0.4963816702365875,3,Highly Engage,0.812166690826416,3,Highly Engage,0.8927152752876282,2,Engage,0.9441892504692078,2,Engage,0.7689692378044128,2,Engage,0.5004271268844604,2,Engage,0.6871352195739746,3,Highly Engage,0.7713584303855896,3,Highly Engage,0.8495853543281555,2,Engage,0.710784375667572,2,Engage,0.5516955256462097,2,Engage,0.8020166158676147,2,Engage,0.8992618918418884,2,Engage,0.4608881175518036,3,Highly Engage,0.4630708992481231
video18_156_person6,18,0.7058823529411765,0.32501121082417705,0.8093024227354262,2,Engage,15,0,0.0,0,0.0,15,0.8333333333333334,3,0.16666666666666666,2,Engage,0.8840969204902649,2,Engage,0.4292917549610138,3,Highly Engage,1.0,2,Engage,0.904816508293152,2,Engage,0.8951175808906555,2,Engage,0.9276398420333862,2,Engage,0.8875065445899963,3,Highly Engage,0.7431564331054688,3,Highly Engage,0.5876911878585815,2,Engage,0.9521604776382446,2,Engage,0.8039224743843079,2,Engage,0.5450438857078552,2,Engage,0.9693026542663574,2,Engage,0.9677634835243224,2,Engage,0.9641579389572144,2,Engage,0.9383624196052552,2,Engage,0.7539651989936829,2,Engage,0.413448303937912
video18_157_person6,18,0.5751633986928104,0.4262025893247393,0.7214339524507523,2,Engage,13,0,0.0,0,0.0,13,0.7222222222222222,5,0.2777777777777778,2,Engage,0.786614179611206,2,Engage,0.7073730230331421,2,Engage,1.0,2,Engage,0.8475503921508789,2,Engage,0.4912888705730438,2,Engage,0.5019343495368958,2,Engage,0.8889286518096924,3,Highly Engage,0.6093841791152954,3,Highly Engage,0.5171010494232178,2,Engage,0.8895639777183533,2,Engage,0.6330224275588989,3,Highly Engage,0.6900496482849121,2,Engage,0.773206889629364,2,Engage,0.8502655625343323,2,Engage,0.9384442567825316,2,Engage,0.670500636100769,3,Highly Engage,0.5927951335906982,3,Highly Engage,0.5977879166603088
video18_162_person4,18,1.0,-0.0,0.8317606134547127,2,Engage,18,0,0.0,0,0.0,18,1.0,0,0.0,2,Engage,0.9908740520477296,2,Engage,0.9939578771591188,2,Engage,1.0,2,Engage,0.999149203300476,2,Engage,0.9953076243400574,2,Engage,0.969672441482544,2,Engage,0.829450786113739,2,Engage,0.7304373979568481,2,Engage,0.4798004329204559,2,Engage,0.9713517427444458,2,Engage,0.8826887607574463,2,Engage,0.6701011061668396,2,Engage,0.7022876143455505,2,Engage,0.733766496181488,2,Engage,0.9055136442184448,2,Engage,0.9485962986946106,2,Engage,0.7542073726654053,2,Engage,0.4145281910896301
video18_163_person5,18,0.477124183006536,0.6121972227029931,0.7982196609179179,2,Engage,12,0,0.0,2,0.1111111111111111,12,0.6666666666666666,4,0.2222222222222222,2,Engage,0.9921441078186036,2,Engage,0.9904634356498718,1,Disengage,1.0,2,Engage,0.8298707008361816,3,Highly Engage,0.7625092267990112,3,Highly Engage,0.6282553672790527,2,Engage,0.8649891018867493,2,Engage,0.8217012882232666,3,Highly Engage,0.5572056174278259,2,Engage,0.958884596824646,2,Engage,0.5168917775154114,1,Disengage,0.5252647399902344,2,Engage,0.9766775369644164,2,Engage,0.9495137929916382,2,Engage,0.8953316807746887,2,Engage,0.99439537525177,2,Engage,0.5974634289741516,3,Highly Engage,0.5063921213150024
video18_164_person5,18,0.6928104575163399,0.4015358636620513,0.8199675000376172,2,Engage,15,0,0.0,1,0.05555555555555555,15,0.8333333333333334,2,0.1111111111111111,2,Engage,0.9969469904899596,2,Engage,0.9870350956916808,1,Disengage,1.0,2,Engage,0.967818796634674,2,Engage,0.9938220977783204,2,Engage,0.723555326461792,2,Engage,0.5150033831596375,2,Engage,0.7676671147346497,3,Highly Engage,0.6663322448730469,2,Engage,0.9670416712760924,2,Engage,0.8165463805198669,2,Engage,0.6126136183738708,2,Engage,0.9735918045043944,2,Engage,0.8825076818466187,2,Engage,0.854482114315033,2,Engage,0.993402898311615,2,Engage,0.5699678063392639,3,Highly Engage,0.4710799753665924
video18_164_person6,18,0.7908496732026143,0.25162916738782287,0.7714689589209027,2,Engage,16,0,0.0,0,0.0,16,0.8888888888888888,2,0.1111111111111111,2,Engage,0.9946809411048888,2,Engage,0.5536943078041077,2,Engage,1.0,2,Engage,0.9968568086624146,2,Engage,0.9445449113845824,2,Engage,0.7641627192497253,2,Engage,0.8577527403831482,3,Highly Engage,0.5231271386146545,3,Highly Engage,0.657298743724823,2,Engage,0.9667782187461852,2,Engage,0.7105962038040161,2,Engage,0.5145940780639648,2,Engage,0.9181888103485109,2,Engage,0.6603958010673523,2,Engage,0.5582249760627747,2,Engage,0.981138288974762,2,Engage,0.8597073554992676,2,Engage,0.4246992170810699
video18_164_person7,18,1.0,-0.0,0.8674129645029703,2,Engage,18,0,0.0,0,0.0,18,1.0,0,0.0,2,Engage,0.9966649413108826,2,Engage,0.9562748074531556,2,Engage,1.0,2,Engage,0.9956373572349548,2,Engage,0.9791654348373412,2,Engage,0.946141004562378,2,Engage,0.8742870092391968,2,Engage,0.7215390205383301,2,Engage,0.4482363164424896,2,Engage,0.9752963781356812,2,Engage,0.9471660256385804,2,Engage,0.7736554741859436,2,Engage,0.9715194702148438,2,Engage,0.9333451986312866,2,Engage,0.9991775155067444,2,Engage,0.9898118376731871,2,Engage,0.6866576671600342,2,Engage,0.4188579022884369
video18_168_person4,18,0.8888888888888888,0.1547717145751626,0.711652836865849,2,Engage,17,0,0.0,1,0.05555555555555555,17,0.9444444444444444,0,0.0,2,Engage,0.8225467205047607,2,Engage,0.6941465139389038,2,Engage,1.0,2,Engage,0.9580742716789246,2,Engage,0.7855659127235413,2,Engage,0.7552782893180847,2,Engage,0.847923219203949,2,Engage,0.8328628540039062,1,Disengage,0.4341872930526733,2,Engage,0.8653441667556763,2,Engage,0.5938079953193665,2,Engage,0.4296366274356842,2,Engage,0.525149405002594,2,Engage,0.5275278091430664,2,Engage,0.9508869647979736,2,Engage,0.818229079246521,2,Engage,0.5507882237434387,2,Engage,0.417795717716217
video18_169_person1,18,0.8888888888888888,0.1547717145751626,0.8534795029295815,2,Engage,17,0,0.0,1,0.05555555555555555,17,0.9444444444444444,0,0.0,2,Engage,0.9952840209007264,2,Engage,0.9664723873138428,2,Engage,1.0,2,Engage,0.9992755055427552,2,Engage,0.9980727434158324,2,Engage,0.9831371903419496,2,Engage,0.9513079524040222,2,Engage,0.7086433172225952,1,Disengage,0.5274089574813843,2,Engage,0.940695822238922,2,Engage,0.7778553366661072,2,Engage,0.5786875486373901,2,Engage,0.9873616695404052,2,Engage,0.7601812481880188,2,Engage,0.9407951831817628,2,Engage,0.9679670929908752,2,Engage,0.8713471293449402,2,Engage,0.4081379473209381
video18_16_person4,18,0.8888888888888888,0.1547717145751626,0.8122346550226212,2,Engage,17,0,0.0,0,0.0,17,0.9444444444444444,1,0.05555555555555555,2,Engage,0.99977046251297,2,Engage,0.998095452785492,2,Engage,1.0,2,Engage,0.9928103685379028,2,Engage,0.993031084537506,2,Engage,0.982660710811615,2,Engage,0.9605708122253418,2,Engage,0.8430467844009399,2,Engage,0.4625392556190491,2,Engage,0.9818471074104308,2,Engage,0.9443137049674988,2,Engage,0.7815496921539307,2,Engage,0.6296696662902832,2,Engage,0.5159205198287964,2,Engage,0.9999985694885254,2,Engage,0.6534321904182434,3,Highly Engage,0.4564794600009918,2,Engage,0.4244879484176636
video18_16_person5,18,1.0,-0.0,0.823820486664772,2,Engage,18,0,0.0,0,0.0,18,1.0,0,0.0,2,Engage,0.9996084570884703,2,Engage,0.9967694282531738,2,Engage,1.0,2,Engage,0.9993587136268616,2,Engage,0.9996930360794068,2,Engage,0.9898647665977478,2,Engage,0.9585264921188354,2,Engage,0.8467288613319397,2,Engage,0.5148670077323914,2,Engage,0.9739680886268616,2,Engage,0.915919065475464,2,Engage,0.7698490619659424,2,Engage,0.6296696662902832,2,Engage,0.5159205198287964,2,Engage,0.9999985694885254,2,Engage,0.7090416550636292,2,Engage,0.5753039717674255,2,Engage,0.4336813986301422
video18_172_person5,18,0.49673202614379086,0.4820393824041145,0.7542752358648512,2,Engage,11,0,0.0,0,0.0,11,0.6111111111111112,7,0.3888888888888889,2,Engage,0.8811724185943604,2,Engage,0.6765794157981873,3,Highly Engage,1.0,2,Engage,0.5904953479766846,3,Highly Engage,0.6275402307510376,3,Highly Engage,0.6137999892234802,3,Highly Engage,0.6584839224815369,3,Highly Engage,0.6800897121429443,3,Highly Engage,0.7833510637283325,2,Engage,0.8714394569396973,3,Highly Engage,0.7090334296226501,2,Engage,0.6579293608665466,2,Engage,0.9597679376602172,2,Engage,0.9214670062065125,2,Engage,0.9909934401512146,2,Engage,0.9976289868354796,2,Engage,0.5484572052955627,2,Engage,0.4087253212928772
video18_172_person7,18,0.8888888888888888,0.1547717145751626,0.8413515024714999,2,Engage,17,0,0.0,0,0.0,17,0.9444444444444444,1,0.05555555555555555,2,Engage,0.9121792912483216,2,Engage,0.6367913484573364,2,Engage,1.0,2,Engage,0.9909377098083496,2,Engage,0.9860146045684814,2,Engage,0.943235456943512,2,Engage,0.9171466827392578,2,Engage,0.7872709631919861,3,Highly Engage,0.4447485506534576,2,Engage,0.9791289567947388,2,Engage,0.8606284856796265,2,Engage,0.7476893067359924,2,Engage,0.8992609977722168,2,Engage,0.8382694125175476,2,Engage,0.971284568309784,2,Engage,0.9756742119789124,2,Engage,0.8220369815826416,2,Engage,0.432029515504837
video18_172_person8,18,0.7843137254901961,0.30718472294337845,0.7348944114314185,2,Engage,16,0,0.0,1,0.05555555555555555,16,0.8888888888888888,1,0.05555555555555555,2,Engage,0.9775487780570984,2,Engage,0.4627447426319122,2,Engage,1.0,2,Engage,0.7876253128051758,2,Engage,0.7289227247238159,2,Engage,0.7998598217964172,2,Engage,0.8775272965431213,2,Engage,0.5132728815078735,3,Highly Engage,0.4695869982242584,2,Engage,0.8943765163421631,2,Engage,0.7611838579177856,2,Engage,0.4458459615707397,2,Engage,0.9228358268737792,2,Engage,0.5590983629226685,2,Engage,0.977571427822113,2,Engage,0.9494911432266236,1,Disengage,0.6808147430419922,2,Engage,0.4197930097579956
video18_174_person4,18,0.5294117647058824,0.4591479170272447,0.7611918449401855,1,Disengage,12,0,0.0,12,0.6666666666666666,6,0.3333333333333333,0,0.0,1,Disengage,0.5685915350914001,1,Disengage,0.7798529267311096,1,Disengage,1.0,1,Disengage,0.6479399800300598,1,Disengage,0.9640496969223022,1,Disengage,0.9035559296607972,1,Disengage,0.7636564373970032,1,Disengage,0.9134944081306458,1,Disengage,0.5515507459640503,1,Disengage,0.7457833886146545,1,Disengage,0.914602518081665,1,Disengage,0.8706799745559692,2,Engage,0.6227485537528992,2,Engage,0.6926877498626709,2,Engage,0.9226497411727904,2,Engage,0.803159773349762,2,Engage,0.6598873138427734,2,Engage,0.3765625357627868
video18_176_person6,18,0.8888888888888888,0.1547717145751626,0.7888746112585068,2,Engage,17,0,0.0,0,0.0,17,0.9444444444444444,1,0.05555555555555555,2,Engage,0.9679904580116272,2,Engage,0.9698325991630554,2,Engage,1.0,2,Engage,0.9840429425239564,2,Engage,0.96746027469635,2,Engage,0.7435951232910156,2,Engage,0.9100666046142578,2,Engage,0.8008084893226624,2,Engage,0.4557929337024688,2,Engage,0.9601591229438782,2,Engage,0.4747023582458496,3,Highly Engage,0.4600838720798492,2,Engage,0.9306294322013856,2,Engage,0.8231502175331116,2,Engage,0.6511460542678833,2,Engage,0.9603008031845092,2,Engage,0.7206007242202759,2,Engage,0.4193809926509857
video18_177_person3,18,0.5751633986928104,0.4262025893247393,0.693739202287462,2,Engage,13,0,0.0,5,0.2777777777777778,13,0.7222222222222222,0,0.0,2,Engage,0.9274197220802308,2,Engage,0.9158613085746764,2,Engage,1.0,2,Engage,0.866409957408905,1,Disengage,0.8291263580322266,2,Engage,0.7655903100967407,2,Engage,0.8191283345222473,2,Engage,0.7446600198745728,2,Engage,0.500274658203125,2,Engage,0.8743342757225037,2,Engage,0.6665369868278503,2,Engage,0.5017591118812561,1,Disengage,0.5201539397239685,1,Disengage,0.5312644839286804,1,Disengage,0.625037670135498,2,Engage,0.4938206970691681,2,Engage,0.4921488463878631,1,Disengage,0.4137789607048034
video18_178_person1,18,0.8888888888888888,0.1547717145751626,0.9038134449058108,1,Disengage,17,1,0.05555555555555555,17,0.9444444444444444,0,0.0,0,0.0,1,Disengage,0.9801954627037048,1,Disengage,0.9975070357322692,1,Disengage,1.0,1,Disengage,0.999061405658722,1,Disengage,0.9993677735328674,1,Disengage,0.998054265975952,1,Disengage,0.8586889505386353,1,Disengage,0.9600102305412292,1,Disengage,0.6481302976608276,1,Disengage,0.9137973785400392,1,Disengage,0.9376113414764404,1,Disengage,0.899402916431427,1,Disengage,0.943015992641449,1,Disengage,0.9349484443664552,1,Disengage,0.95801442861557,1,Disengage,0.8345329165458679,1,Disengage,0.9161268472671508,0,Highly Disengage,0.4901763200759887
video18_178_person6,18,0.6339869281045751,0.38210225325431013,0.7802528225713306,2,Engage,14,0,0.0,0,0.0,14,0.7777777777777778,4,0.2222222222222222,2,Engage,0.869724452495575,2,Engage,0.7132226824760437,2,Engage,1.0,2,Engage,0.9549821615219116,2,Engage,0.9463908672332764,2,Engage,0.9289894104003906,2,Engage,0.906570553779602,2,Engage,0.6069594621658325,2,Engage,0.459712415933609,2,Engage,0.9511916637420654,3,Highly Engage,0.4677266776561737,2,Engage,0.4618670046329498,2,Engage,0.9151018857955932,2,Engage,0.8746778964996338,3,Highly Engage,0.6043953895568848,2,Engage,0.9712008237838744,3,Highly Engage,0.6878016591072083,3,Highly Engage,0.7240357995033264
video18_178_person8,18,0.40522875816993464,0.7501361728042042,0.7439959959851371,2,Engage,11,2,0.1111111111111111,1,0.05555555555555555,11,0.6111111111111112,4,0.2222222222222222,2,Engage,0.7606544494628906,2,Engage,0.4298529028892517,3,Highly Engage,1.0,2,Engage,0.9230982065200806,2,Engage,0.5067585110664368,3,Highly Engage,0.5915484428405762,2,Engage,0.6861323714256287,3,Highly Engage,0.838925302028656,3,Highly Engage,0.7129712104797363,2,Engage,0.9632840752601624,2,Engage,0.9010274410247804,2,Engage,0.7117499113082886,2,Engage,0.9769426584243774,0,Highly Disengage,0.7251114249229431,2,Engage,0.9772367477416992,2,Engage,0.804247260093689,0,Highly Disengage,0.4479955732822418,1,Disengage,0.434391438961029
video18_179_person7,18,0.5751633986928104,0.4262025893247393,0.7580594172080358,3,Highly Engage,13,0,0.0,0,0.0,5,0.2777777777777778,13,0.7222222222222222,3,Highly Engage,0.6204383373260498,3,Highly Engage,0.912328839302063,3,Highly Engage,1.0,2,Engage,0.9087834358215332,3,Highly Engage,0.657924234867096,3,Highly Engage,0.9564418196678162,2,Engage,0.8714010119438171,3,Highly Engage,0.8222236633300781,2,Engage,0.4426672756671905,3,Highly Engage,0.5686990022659302,3,Highly Engage,0.6901222467422485,3,Highly Engage,0.8996791839599609,2,Engage,0.7085234522819519,3,Highly Engage,0.52492755651474,3,Highly Engage,0.8332230448722839,2,Engage,0.7085708379745483,3,Highly Engage,0.763843834400177,3,Highly Engage,0.7552717328071594
video18_179_person8,18,0.47058823529411764,0.5,0.7422259880436791,2,Engage,9,0,0.0,0,0.0,9,0.5,9,0.5,2,Engage,0.8774850368499756,3,Highly Engage,0.5676894783973694,3,Highly Engage,1.0,2,Engage,0.8894065022468567,3,Highly Engage,0.6749762296676636,3,Highly Engage,0.574201226234436,2,Engage,0.8797464966773987,2,Engage,0.5236154794692993,3,Highly Engage,0.7765297889709473,2,Engage,0.6639478802680969,3,Highly Engage,0.8134067058563232,3,Highly Engage,0.9276065826416016,2,Engage,0.8978452682495117,2,Engage,0.5956398844718933,2,Engage,0.7214752435684204,2,Engage,0.6731196641921997,3,Highly Engage,0.7208645939826965,3,Highly Engage,0.5825117230415344
video18_180_person2,18,0.6339869281045751,0.38210225325431013,0.7229499303632312,3,Highly Engage,14,0,0.0,0,0.0,4,0.2222222222222222,14,0.7777777777777778,2,Engage,0.6148925423622131,2,Engage,0.5076471567153931,2,Engage,1.0,3,Highly Engage,0.5752688050270081,3,Highly Engage,0.8191697001457214,3,Highly Engage,0.8590864539146423,2,Engage,0.6395558714866638,3,Highly Engage,0.8284614682197571,3,Highly Engage,0.6542812585830688,3,Highly Engage,0.5525217056274414,3,Highly Engage,0.907936990261078,3,Highly Engage,0.9199037551879884,3,Highly Engage,0.4774499237537384,3,Highly Engage,0.7326272130012512,3,Highly Engage,0.840451180934906,3,Highly Engage,0.7357780933380127,3,Highly Engage,0.6762120723724365,3,Highly Engage,0.671854555606842
video18_180_person3,18,0.7908496732026143,0.25162916738782287,0.8010966810915205,2,Engage,16,0,0.0,0,0.0,16,0.8888888888888888,2,0.1111111111111111,2,Engage,0.960486888885498,2,Engage,0.9914138317108154,3,Highly Engage,1.0,2,Engage,0.986853003501892,2,Engage,0.7119905948638916,2,Engage,0.865276575088501,2,Engage,0.909212291240692,2,Engage,0.7935123443603516,2,Engage,0.5119091868400574,2,Engage,0.968681573867798,2,Engage,0.9283197522163392,2,Engage,0.7499321699142456,2,Engage,0.6889302730560303,2,Engage,0.7960770130157471,2,Engage,0.9567312598228456,2,Engage,0.6155070066452026,3,Highly Engage,0.5464246273040771,2,Engage,0.438481867313385
video18_182_person5,18,0.7058823529411765,0.32501121082417705,0.738360356953409,2,Engage,15,0,0.0,0,0.0,15,0.8333333333333334,3,0.16666666666666666,2,Engage,0.8301612138748169,2,Engage,0.8983191251754761,2,Engage,1.0,2,Engage,0.5601024627685547,3,Highly Engage,0.5864701867103577,2,Engage,0.6889693737030029,2,Engage,0.9521473050117492,2,Engage,0.8352260589599609,2,Engage,0.4879462420940399,2,Engage,0.7015452980995178,3,Highly Engage,0.7197039127349854,3,Highly Engage,0.4946816861629486,2,Engage,0.8852725625038147,2,Engage,0.8344624042510986,2,Engage,0.762097179889679,2,Engage,0.9847700595855712,2,Engage,0.6305714845657349,2,Engage,0.4380398690700531
video18_183_person7,18,1.0,-0.0,0.8803302165534761,2,Engage,18,0,0.0,0,0.0,18,1.0,0,0.0,2,Engage,0.9762356281280518,2,Engage,0.7627789974212646,2,Engage,1.0,2,Engage,0.9989029169082642,2,Engage,0.999873161315918,2,Engage,0.9965226650238036,2,Engage,0.9321841597557068,2,Engage,0.7638478875160217,2,Engage,0.4860657453536987,2,Engage,0.9843763113021852,2,Engage,0.9497758150100708,2,Engage,0.7916628122329712,2,Engage,0.9720263481140136,2,Engage,0.9624093174934388,2,Engage,0.999574601650238,2,Engage,0.9937638640403748,2,Engage,0.8655350208282471,2,Engage,0.4104086458683014
video18_184_person1,18,0.49673202614379086,0.4820393824041145,0.6762297997872034,2,Engage,11,0,0.0,7,0.3888888888888889,11,0.6111111111111112,0,0.0,2,Engage,0.5563766956329346,1,Disengage,0.5982093811035156,2,Engage,1.0,2,Engage,0.687705934047699,1,Disengage,0.7356120944023132,2,Engage,0.769106924533844,2,Engage,0.8379952907562256,1,Disengage,0.8831191062927246,1,Disengage,0.557255208492279,2,Engage,0.5665750503540039,2,Engage,0.421183705329895,1,Disengage,0.5906565189361572,2,Engage,0.7922401428222656,1,Disengage,0.7879897356033325,1,Disengage,0.5234054923057556,2,Engage,0.6497668027877808,2,Engage,0.8190006613731384,2,Engage,0.3959376513957977
video18_184_person2,18,0.8888888888888888,0.1547717145751626,0.7591652257574929,2,Engage,17,0,0.0,1,0.05555555555555555,17,0.9444444444444444,0,0.0,2,Engage,0.9036338925361632,2,Engage,0.7378844618797302,1,Disengage,0.9999979734420776,2,Engage,0.935217261314392,2,Engage,0.846923828125,2,Engage,0.6446114182472229,2,Engage,0.8687819242477417,2,Engage,0.7015471458435059,2,Engage,0.4496592879295349,2,Engage,0.9401258826255798,2,Engage,0.6698083281517029,2,Engage,0.6437135338783264,2,Engage,0.7626111507415771,2,Engage,0.7409124970436096,2,Engage,0.7757883071899414,2,Engage,0.8502383232116699,2,Engage,0.7779752016067505,2,Engage,0.415543645620346
video18_186_person2,18,0.8888888888888888,0.1547717145751626,0.800682567887836,2,Engage,17,0,0.0,1,0.05555555555555555,17,0.9444444444444444,0,0.0,2,Engage,0.9535155892372132,2,Engage,0.7996864914894104,1,Disengage,1.0,2,Engage,0.9557048082351683,2,Engage,0.96507328748703,2,Engage,0.8245334029197693,2,Engage,0.8829219341278076,2,Engage,0.6765723824501038,2,Engage,0.4386806786060333,2,Engage,0.8566539287567139,2,Engage,0.6840452551841736,2,Engage,0.5815178155899048,2,Engage,0.906158983707428,2,Engage,0.849368155002594,2,Engage,0.8632808327674866,2,Engage,0.9479430913925172,2,Engage,0.8373889923095703,2,Engage,0.3892405927181244
video18_187_person6,18,0.7843137254901961,0.30718472294337845,0.8299214111434089,2,Engage,16,0,0.0,1,0.05555555555555555,16,0.8888888888888888,1,0.05555555555555555,2,Engage,0.9931125044822692,2,Engage,0.9485381841659546,1,Disengage,1.0,2,Engage,0.998950183391571,2,Engage,0.9980342984199524,2,Engage,0.6529999375343323,2,Engage,0.8709686994552612,2,Engage,0.707179844379425,3,Highly Engage,0.4389287233352661,2,Engage,0.9294909238815308,2,Engage,0.8029903173446655,2,Engage,0.6515427827835083,2,Engage,0.961391806602478,2,Engage,0.9963163137435912,2,Engage,0.9914003610610962,2,Engage,0.9841302037239076,2,Engage,0.5992993116378784,2,Engage,0.4133110046386719
video18_188_person8,18,0.41830065359477125,0.6736115199663301,0.6381361666652892,1,Disengage,11,4,0.2222222222222222,11,0.6111111111111112,3,0.16666666666666666,0,0.0,2,Engage,0.4845147728919983,1,Disengage,0.5536881685256958,1,Disengage,1.0,2,Engage,0.5223745703697205,1,Disengage,0.5887852907180786,0,Highly Disengage,0.8366987705230713,2,Engage,0.8110779523849487,1,Disengage,0.6234442591667175,1,Disengage,0.4868157804012298,1,Disengage,0.6436740756034851,1,Disengage,0.3325971066951751,0,Highly Disengage,0.9511585831642152,1,Disengage,0.414920449256897,1,Disengage,0.4975500404834747,0,Highly Disengage,0.6264405846595764,1,Disengage,0.7498272657394409,1,Disengage,0.7752602100372314,0,Highly Disengage,0.587623119354248
video18_192_person1,18,0.7058823529411765,0.32501121082417705,0.7522440420256721,2,Engage,15,0,0.0,3,0.16666666666666666,15,0.8333333333333334,0,0.0,2,Engage,0.6860966682434082,1,Disengage,0.4115704596042633,1,Disengage,1.0,2,Engage,0.9855633974075316,2,Engage,0.7224736213684082,2,Engage,0.913615882396698,2,Engage,0.8287716507911682,2,Engage,0.6145161986351013,2,Engage,0.4424577057361603,2,Engage,0.9156877398490906,2,Engage,0.6968542337417603,1,Disengage,0.5554027557373047,2,Engage,0.989915370941162,2,Engage,0.5347131490707397,2,Engage,0.9676199555397034,2,Engage,0.9804789423942566,2,Engage,0.8687951564788818,2,Engage,0.4258598685264587
video18_192_person3,18,0.8888888888888888,0.1547717145751626,0.7098738352457682,2,Engage,17,0,0.0,1,0.05555555555555555,17,0.9444444444444444,0,0.0,2,Engage,0.8662394285202026,2,Engage,0.8619955778121948,2,Engage,1.0,2,Engage,0.6956263184547424,1,Disengage,0.600185751914978,2,Engage,0.8068444132804871,2,Engage,0.4773288071155548,2,Engage,0.6804112792015076,2,Engage,0.4487387835979461,2,Engage,0.8619872331619263,2,Engage,0.571524441242218,2,Engage,0.6440436244010925,2,Engage,0.5526512861251831,2,Engage,0.6980816125869751,2,Engage,0.9064056277275084,2,Engage,0.9191600680351256,2,Engage,0.7744003534317017,2,Engage,0.4121044278144836
video18_192_person5,18,0.6143790849673203,0.4722442670831027,0.7836367537577947,2,Engage,14,0,0.0,3,0.16666666666666666,14,0.7777777777777778,1,0.05555555555555555,2,Engage,0.9724804759025574,2,Engage,0.9642632603645324,1,Disengage,1.0,2,Engage,0.9496420621871948,2,Engage,0.7524002194404602,1,Disengage,0.6584662199020386,2,Engage,0.7687102556228638,2,Engage,0.6674715280532837,3,Highly Engage,0.6278272271156311,2,Engage,0.943228244781494,1,Disengage,0.5766259431838989,2,Engage,0.5001054406166077,2,Engage,0.957707703113556,2,Engage,0.9701021313667296,2,Engage,0.9816431403160096,2,Engage,0.865153968334198,2,Engage,0.5629808306694031,2,Engage,0.3866529166698456
video18_193_person4,18,0.8888888888888888,0.1547717145751626,0.8413053039047453,2,Engage,17,0,0.0,1,0.05555555555555555,17,0.9444444444444444,0,0.0,2,Engage,0.9856616854667664,2,Engage,0.97962886095047,2,Engage,1.0,2,Engage,0.9984166622161864,2,Engage,0.9927552342414856,2,Engage,0.90792715549469,2,Engage,0.8481310606002808,2,Engage,0.8088240623474121,2,Engage,0.3745246231555938,2,Engage,0.9142984747886658,2,Engage,0.6260725259780884,1,Disengage,0.6427268385887146,2,Engage,0.9183870553970336,2,Engage,0.9158546924591064,2,Engage,0.9961954355239868,2,Engage,0.9677722454071044,2,Engage,0.8364802598953247,2,Engage,0.4298385977745056
video18_193_person5,18,0.43137254901960786,0.6498683818476262,0.7206251174211502,2,Engage,11,0,0.0,2,0.1111111111111111,11,0.6111111111111112,5,0.2777777777777778,3,Highly Engage,0.8604105710983276,3,Highly Engage,0.9835717678070068,2,Engage,1.0,2,Engage,0.83921879529953,2,Engage,0.4388155043125152,3,Highly Engage,0.3357366323471069,2,Engage,0.9091262817382812,3,Highly Engage,0.6727655529975891,3,Highly Engage,0.6929835677146912,2,Engage,0.758045494556427,1,Disengage,0.4587272703647613,1,Disengage,0.579751193523407,2,Engage,0.9163670539855956,2,Engage,0.8645731210708618,2,Engage,0.9577950835227966,2,Engage,0.8446950912475586,2,Engage,0.4408187866210937,2,Engage,0.4178503453731537
video18_195_person6,18,0.8888888888888888,0.1547717145751626,0.8585565239191055,2,Engage,17,0,0.0,0,0.0,17,0.9444444444444444,1,0.05555555555555555,2,Engage,0.9995949864387512,2,Engage,0.9985994696617126,2,Engage,1.0,2,Engage,0.9990369081497192,2,Engage,0.9989776611328124,2,Engage,0.964396834373474,2,Engage,0.9468432664871216,2,Engage,0.8343982696533203,2,Engage,0.4351045489311218,2,Engage,0.987208902835846,2,Engage,0.8469004034996033,2,Engage,0.6672483682632446,2,Engage,0.906256377696991,2,Engage,0.9029682278633118,2,Engage,0.8468555212020874,2,Engage,0.9540863037109376,2,Engage,0.7504099607467651,3,Highly Engage,0.4151314198970794
video18_195_person7,18,1.0,-0.0,0.8383367707331976,2,Engage,18,0,0.0,0,0.0,18,1.0,0,0.0,2,Engage,0.9387748837471008,2,Engage,0.653571605682373,2,Engage,1.0,2,Engage,0.988297164440155,2,Engage,0.9855080246925354,2,Engage,0.963644802570343,2,Engage,0.928049087524414,2,Engage,0.7742549777030945,2,Engage,0.4393043220043182,2,Engage,0.9478439092636108,2,Engage,0.8474797606468201,2,Engage,0.6128806471824646,2,Engage,0.9625077247619628,2,Engage,0.9222445487976074,2,Engage,0.9971713423728944,2,Engage,0.9810999631881714,2,Engage,0.731815755367279,2,Engage,0.4156133532524109
video18_196_person1,18,0.477124183006536,0.4955380299191111,0.6873432364728715,2,Engage,10,0,0.0,8,0.4444444444444444,10,0.5555555555555556,0,0.0,2,Engage,0.6491117477416992,2,Engage,0.7284024953842163,2,Engage,1.0,1,Disengage,0.5570540428161621,1,Disengage,0.838456392288208,1,Disengage,0.7985673546791077,2,Engage,0.5353149771690369,2,Engage,0.7174293994903564,1,Disengage,0.4126943945884704,2,Engage,0.7684344053268433,2,Engage,0.7175454497337341,2,Engage,0.5853071212768555,2,Engage,0.5229465961456299,1,Disengage,0.716768205165863,1,Disengage,0.9070454239845276,2,Engage,0.8205071091651917,1,Disengage,0.7352313995361328,1,Disengage,0.3613617420196533
video18_196_person3,18,0.47058823529411764,0.5,0.7292100439469019,1,Disengage,9,0,0.0,9,0.5,9,0.5,0,0.0,1,Disengage,0.4377255737781524,1,Disengage,0.596919596195221,1,Disengage,1.0,2,Engage,0.6780033111572266,1,Disengage,0.7401878833770752,1,Disengage,0.7790897488594055,2,Engage,0.6722255349159241,1,Disengage,0.7279699444770813,2,Engage,0.416710615158081,1,Disengage,0.4987050592899322,1,Disengage,0.7127519249916077,1,Disengage,0.6887930035591125,2,Engage,0.9808717966079712,2,Engage,0.9653344750404358,2,Engage,0.997700035572052,2,Engage,0.9585107564926147,2,Engage,0.8350390195846558,2,Engage,0.4392425119876861
video18_196_person6,18,0.7908496732026143,0.25162916738782287,0.8102705412440829,2,Engage,16,0,0.0,0,0.0,16,0.8888888888888888,2,0.1111111111111111,2,Engage,0.9987803101539612,2,Engage,0.9962766766548156,2,Engage,1.0,2,Engage,0.9958861470222472,2,Engage,0.9978752136230468,2,Engage,0.9678218960762024,2,Engage,0.9245473742485046,2,Engage,0.7597103118896484,3,Highly Engage,0.5437524914741516,2,Engage,0.9764871001243592,2,Engage,0.9155898094177246,2,Engage,0.7408469319343567,2,Engage,0.6929640173912048,2,Engage,0.6604609489440918,3,Highly Engage,0.4948088228702545,2,Engage,0.7568970918655396,2,Engage,0.7266740798950195,2,Engage,0.4354905188083648
video18_197_person1,18,0.47058823529411764,0.5,0.6839759250481924,1,Disengage,9,0,0.0,9,0.5,9,0.5,0,0.0,2,Engage,0.6664645075798035,2,Engage,0.7390210032463074,2,Engage,1.0,1,Disengage,0.6430808305740356,1,Disengage,0.8217060565948486,1,Disengage,0.730033814907074,2,Engage,0.4950055778026581,1,Disengage,0.5412892699241638,2,Engage,0.4450792968273163,2,Engage,0.834883987903595,2,Engage,0.5152430534362793,2,Engage,0.4241816699504852,1,Disengage,0.6855947971343994,1,Disengage,0.910878598690033,1,Disengage,0.9820197224617004,2,Engage,0.7557841539382935,1,Disengage,0.7595473527908325,1,Disengage,0.3617529571056366
video18_198_person3,18,0.45751633986928103,0.7023392365317855,0.7455044604010053,2,Engage,12,1,0.05555555555555555,3,0.16666666666666666,12,0.6666666666666666,2,0.1111111111111111,2,Engage,0.7352294921875,2,Engage,0.5289337038993835,2,Engage,1.0,2,Engage,0.7560155391693115,1,Disengage,0.7489553093910217,1,Disengage,0.627752959728241,2,Engage,0.9137023687362672,2,Engage,0.7287523746490479,2,Engage,0.409472107887268,2,Engage,0.8665098547935486,1,Disengage,0.6351714730262756,0,Highly Disengage,0.5950118899345398,2,Engage,0.9324261546134948,2,Engage,0.931220531463623,2,Engage,0.9414485692977904,2,Engage,0.9718138575553894,3,Highly Engage,0.6513301730155945,3,Highly Engage,0.4453339278697967
video18_198_person7,18,1.0,-0.0,0.8237019330263138,2,Engage,18,0,0.0,0,0.0,18,1.0,0,0.0,2,Engage,0.9459653496742249,2,Engage,0.791860044002533,2,Engage,1.0,2,Engage,0.9896060228347778,2,Engage,0.799654483795166,2,Engage,0.8452441692352295,2,Engage,0.7729386687278748,2,Engage,0.6837725639343262,2,Engage,0.4453591108322143,2,Engage,0.966559648513794,2,Engage,0.908777117729187,2,Engage,0.7383151054382324,2,Engage,0.8857921957969666,2,Engage,0.853481650352478,2,Engage,0.9755693674087524,2,Engage,0.9668028354644777,2,Engage,0.8386760950088501,2,Engage,0.4182603657245636
video18_200_person4,18,0.8888888888888888,0.1547717145751626,0.7952003114753299,2,Engage,17,0,0.0,0,0.0,17,0.9444444444444444,1,0.05555555555555555,2,Engage,0.8957435488700867,2,Engage,0.7770172357559204,2,Engage,1.0,2,Engage,0.8325304985046387,2,Engage,0.9314485788345336,2,Engage,0.8498032689094543,2,Engage,0.8582798838615417,2,Engage,0.6527458429336548,3,Highly Engage,0.5159751176834106,2,Engage,0.9105024337768556,2,Engage,0.5221315026283264,2,Engage,0.6353382468223572,2,Engage,0.8771501779556274,2,Engage,0.8680593371391296,2,Engage,0.9874604940414428,2,Engage,0.975927472114563,2,Engage,0.815043568611145,2,Engage,0.4084483981132507
video18_200_person8,18,0.5294117647058824,0.4591479170272447,0.8263077073627048,3,Highly Engage,12,0,0.0,0,0.0,6,0.3333333333333333,12,0.6666666666666666,2,Engage,0.7322756052017212,3,Highly Engage,0.6735513806343079,3,Highly Engage,1.0,2,Engage,0.8183620572090149,3,Highly Engage,0.8603286743164062,3,Highly Engage,0.9317396879196168,3,Highly Engage,0.6574490666389465,3,Highly Engage,0.9055690169334412,3,Highly Engage,0.8834100365638733,3,Highly Engage,0.7707539200782776,3,Highly Engage,0.9091813564300536,3,Highly Engage,0.9392939805984496,2,Engage,0.8123809099197388,2,Engage,0.5625081658363342,2,Engage,0.6637498140335083,2,Engage,0.9789994955062866,3,Highly Engage,0.9050418734550476,3,Highly Engage,0.8689436912536621
video18_204_person1,18,1.0,-0.0,0.8630439904001024,2,Engage,18,0,0.0,0,0.0,18,1.0,0,0.0,2,Engage,0.9863055944442748,2,Engage,0.9382293224334716,2,Engage,0.9999865293502808,2,Engage,0.9969559907913208,2,Engage,0.9533495903015136,2,Engage,0.9539454579353333,2,Engage,0.9389204382896424,2,Engage,0.7476392388343811,2,Engage,0.4304378032684326,2,Engage,0.9388399124145508,2,Engage,0.7819467782974243,2,Engage,0.624351978302002,2,Engage,0.9939022064208984,2,Engage,0.9716863632202148,2,Engage,0.9712024927139282,2,Engage,0.9892727136611938,2,Engage,0.9021617770195008,2,Engage,0.415657639503479
video18_204_person3,18,0.7908496732026143,0.25162916738782287,0.7400851481490665,2,Engage,16,0,0.0,2,0.1111111111111111,16,0.8888888888888888,0,0.0,2,Engage,0.951706886291504,2,Engage,0.8761780261993408,2,Engage,1.0,2,Engage,0.9659366011619568,2,Engage,0.7757370471954346,2,Engage,0.5174230337142944,2,Engage,0.8054110407829285,2,Engage,0.7214273810386658,1,Disengage,0.5812516808509827,2,Engage,0.8792175054550171,2,Engage,0.6521066427230835,1,Disengage,0.4910747110843658,2,Engage,0.7515221834182739,2,Engage,0.782023549079895,2,Engage,0.5706308484077454,2,Engage,0.9425954818725586,2,Engage,0.604927122592926,2,Engage,0.4523629248142242
video18_204_person6,18,0.8888888888888888,0.1547717145751626,0.8372687564955817,2,Engage,17,0,0.0,0,0.0,17,0.9444444444444444,1,0.05555555555555555,2,Engage,0.9459884166717528,2,Engage,0.8092030882835388,2,Engage,1.0,2,Engage,0.969690442085266,2,Engage,0.968900740146637,2,Engage,0.8924649953842163,2,Engage,0.8900963664054871,3,Highly Engage,0.6416386365890503,2,Engage,0.4255780577659607,2,Engage,0.953901708126068,2,Engage,0.90338933467865,2,Engage,0.5993584990501404,2,Engage,0.9418757557868958,2,Engage,0.9677470922470092,2,Engage,0.9362070560455322,2,Engage,0.9886965751647948,2,Engage,0.8127732276916504,2,Engage,0.423327624797821
video18_206_person4,18,1.0,-0.0,0.8699957943624921,2,Engage,18,0,0.0,0,0.0,18,1.0,0,0.0,2,Engage,0.9934211373329164,2,Engage,0.9935320615768432,2,Engage,1.0,2,Engage,0.9785683751106262,2,Engage,0.9988810420036316,2,Engage,0.978109896183014,2,Engage,0.8934774398803711,2,Engage,0.7459229826927185,2,Engage,0.4053731560707092,2,Engage,0.979258358478546,2,Engage,0.9275761246681212,2,Engage,0.7091858983039856,2,Engage,0.9548259377479552,2,Engage,0.9410709738731384,2,Engage,0.9962562322616576,2,Engage,0.9913210272789,2,Engage,0.7478577494621277,2,Engage,0.4252859055995941
video18_206_person6,18,0.477124183006536,0.4955380299191111,0.7682014124261008,2,Engage,10,0,0.0,0,0.0,10,0.5555555555555556,8,0.4444444444444444,2,Engage,0.9391206502914428,2,Engage,0.699509859085083,3,Highly Engage,1.0,2,Engage,0.590692937374115,3,Highly Engage,0.7464888095855713,3,Highly Engage,0.6696715950965881,2,Engage,0.9187647700309752,2,Engage,0.5810971260070801,3,Highly Engage,0.4637203812599182,2,Engage,0.5384032726287842,3,Highly Engage,0.8767216801643372,3,Highly Engage,0.9277974963188172,2,Engage,0.9297824501991272,2,Engage,0.9536028504371644,2,Engage,0.9840775728225708,2,Engage,0.9728797674179076,3,Highly Engage,0.4946971237659454,3,Highly Engage,0.5405970811843872
video18_206_person7,18,0.7908496732026143,0.25162916738782287,0.7923912621206708,2,Engage,16,0,0.0,0,0.0,16,0.8888888888888888,2,0.1111111111111111,2,Engage,0.981476068496704,2,Engage,0.9669459462165833,2,Engage,1.0,2,Engage,0.9376165866851808,2,Engage,0.8698237538337708,2,Engage,0.7263686656951904,2,Engage,0.7866983413696289,2,Engage,0.837269127368927,2,Engage,0.4577180445194244,2,Engage,0.728131890296936,2,Engage,0.6147719621658325,3,Highly Engage,0.5000302195549011,2,Engage,0.8497474193572998,2,Engage,0.7180232405662537,2,Engage,0.9702249765396118,2,Engage,0.9638028144836426,2,Engage,0.8389429450035095,3,Highly Engage,0.5154507160186768
video18_206_person8,18,0.35294117647058826,0.7295739585136223,0.653540763590071,1,Disengage,9,6,0.3333333333333333,9,0.5,3,0.16666666666666666,0,0.0,2,Engage,0.6744718551635742,1,Disengage,0.5614184737205505,1,Disengage,1.0,2,Engage,0.6176621317863464,1,Disengage,0.5682750940322876,1,Disengage,0.4608165025711059,1,Disengage,0.5739755630493164,1,Disengage,0.8334924578666687,0,Highly Disengage,0.4694243669509887,1,Disengage,0.4711407423019409,1,Disengage,0.8006485104560852,0,Highly Disengage,0.6387157440185547,2,Engage,0.3845040202140808,0,Highly Disengage,0.7303721904754639,0,Highly Disengage,0.9427956342697144,1,Disengage,0.6309657096862793,0,Highly Disengage,0.8849356174468994,0,Highly Disengage,0.5201191306114197
video18_207_person6,18,0.7908496732026143,0.25162916738782287,0.7944449401564069,2,Engage,16,0,0.0,0,0.0,16,0.8888888888888888,2,0.1111111111111111,2,Engage,0.8517249822616577,2,Engage,0.8239359259605408,2,Engage,1.0,2,Engage,0.9514750242233276,2,Engage,0.8992440700531006,2,Engage,0.9017866849899292,2,Engage,0.9130200147628784,2,Engage,0.5370814800262451,3,Highly Engage,0.4614579975605011,2,Engage,0.8992083072662354,3,Highly Engage,0.6967229843139648,2,Engage,0.5130041241645813,2,Engage,0.9446333050727844,2,Engage,0.9571323990821838,2,Engage,0.9819191694259644,2,Engage,0.9349365830421448,2,Engage,0.62579745054245,2,Engage,0.4069284200668335
video18_208_person7,18,0.6339869281045751,0.38210225325431013,0.7514221121867498,2,Engage,14,0,0.0,0,0.0,14,0.7777777777777778,4,0.2222222222222222,2,Engage,0.9688531756401062,2,Engage,0.6374999284744263,2,Engage,1.0,2,Engage,0.9565925598144532,2,Engage,0.8078391551971436,2,Engage,0.5009031295776367,2,Engage,0.9040064811706544,2,Engage,0.7661129832267761,2,Engage,0.4718456566333771,2,Engage,0.8971572518348694,3,Highly Engage,0.5777058005332947,3,Highly Engage,0.566656768321991,2,Engage,0.9149635434150696,2,Engage,0.5189609527587891,2,Engage,0.8532662987709045,2,Engage,0.9471753239631652,3,Highly Engage,0.631198525428772,3,Highly Engage,0.6048604846000671
video18_209_person3,18,0.49673202614379086,0.5674849873019706,0.6322925339142481,2,Engage,12,1,0.05555555555555555,5,0.2777777777777778,12,0.6666666666666666,0,0.0,2,Engage,0.5333163142204285,1,Disengage,0.4036341309547424,2,Engage,1.0,2,Engage,0.8248379230499268,1,Disengage,0.5195534229278564,0,Highly Disengage,0.7657248973846436,2,Engage,0.856860339641571,1,Disengage,0.6271172165870667,2,Engage,0.4570881426334381,2,Engage,0.7511095404624939,2,Engage,0.3749932646751404,1,Disengage,0.5699777603149414,2,Engage,0.586095929145813,2,Engage,0.5815688371658325,2,Engage,0.6327144503593445,2,Engage,0.8157361745834351,2,Engage,0.7038565278053284,1,Disengage,0.3770807385444641
video18_211_person4,18,1.0,-0.0,0.8140960600641038,2,Engage,18,0,0.0,0,0.0,18,1.0,0,0.0,2,Engage,0.8523147702217102,2,Engage,0.9169644117355348,2,Engage,1.0,2,Engage,0.9684014320373536,2,Engage,0.9449501633644104,2,Engage,0.8757011890411377,2,Engage,0.9059420824050904,2,Engage,0.7380320429801941,2,Engage,0.4223566949367523,2,Engage,0.8748098015785217,2,Engage,0.7821712493896484,2,Engage,0.5628566145896912,2,Engage,0.8669175505638123,2,Engage,0.8351222276687622,2,Engage,0.9949916005134584,2,Engage,0.9506857991218568,2,Engage,0.7350088357925415,2,Engage,0.4265026152133941
video18_211_person6,18,0.8888888888888888,0.1547717145751626,0.8402411490678787,2,Engage,17,0,0.0,0,0.0,17,0.9444444444444444,1,0.05555555555555555,2,Engage,0.9663544297218324,2,Engage,0.994560182094574,2,Engage,1.0,2,Engage,0.9990886449813844,2,Engage,0.9966675639152528,2,Engage,0.915407657623291,2,Engage,0.7755808234214783,2,Engage,0.6015943884849548,3,Highly Engage,0.4596966505050659,2,Engage,0.979912519454956,2,Engage,0.8311105370521545,2,Engage,0.7459972500801086,2,Engage,0.9513115286827089,2,Engage,0.9660199284553528,2,Engage,0.8909090161323547,2,Engage,0.9922398328781128,2,Engage,0.641652524471283,2,Engage,0.4162372052669525
video18_214_person1,18,0.6339869281045751,0.38210225325431013,0.670582522948583,2,Engage,14,0,0.0,4,0.2222222222222222,14,0.7777777777777778,0,0.0,2,Engage,0.6907797455787659,1,Disengage,0.3087069094181061,1,Disengage,1.0,2,Engage,0.8985002636909485,2,Engage,0.5433510541915894,2,Engage,0.74041348695755,2,Engage,0.8302257657051086,2,Engage,0.4832885861396789,2,Engage,0.4473060667514801,2,Engage,0.6246892213821411,1,Disengage,0.4090746641159057,2,Engage,0.4350385367870331,2,Engage,0.9438206553459167,1,Disengage,0.537894070148468,2,Engage,0.9676231741905212,2,Engage,0.972496509552002,2,Engage,0.816739022731781,2,Engage,0.4205376803874969
video18_218_person4,18,1.0,-0.0,0.850659880373213,2,Engage,18,0,0.0,0,0.0,18,1.0,0,0.0,2,Engage,0.9947742819786072,2,Engage,0.9927250146865844,2,Engage,1.0,2,Engage,0.9940348267555236,2,Engage,0.9967674016952516,2,Engage,0.9474337697029114,2,Engage,0.8957599997520447,2,Engage,0.7381430864334106,2,Engage,0.4263805747032165,2,Engage,0.9817580580711364,2,Engage,0.8397544622421265,2,Engage,0.6589672565460205,2,Engage,0.938549816608429,2,Engage,0.8312426209449768,2,Engage,0.9844921827316284,2,Engage,0.979136288166046,2,Engage,0.6881106495857239,2,Engage,0.4238475561141968
video18_219_person1,18,0.7908496732026143,0.25162916738782287,0.722520038485527,2,Engage,16,0,0.0,2,0.1111111111111111,16,0.8888888888888888,0,0.0,2,Engage,0.6955502033233643,2,Engage,0.6534807682037354,2,Engage,1.0,2,Engage,0.9998481273651124,2,Engage,0.9646613001823424,2,Engage,0.9626681208610536,2,Engage,0.8843060731887817,1,Disengage,0.6303104758262634,2,Engage,0.4289660453796386,2,Engage,0.9119666814804076,2,Engage,0.5976219773292542,1,Disengage,0.5507076382637024,2,Engage,0.6296696662902832,2,Engage,0.5159205198287964,2,Engage,0.9999985694885254,2,Engage,0.5640869140625,2,Engage,0.574431300163269,2,Engage,0.4411663115024566
video18_219_person6,18,0.47058823529411764,0.5,0.7369063778056039,2,Engage,9,0,0.0,0,0.0,9,0.5,9,0.5,2,Engage,0.9204532504081726,2,Engage,0.6332740783691406,3,Highly Engage,1.0,2,Engage,0.8486751317977905,2,Engage,0.9019747972488404,2,Engage,0.6951633095741272,3,Highly Engage,0.517533540725708,3,Highly Engage,0.922666072845459,3,Highly Engage,0.8704975247383118,2,Engage,0.6251214146614075,3,Highly Engage,0.647555947303772,3,Highly Engage,0.8814224600791931,2,Engage,0.6296696662902832,2,Engage,0.5159205198287964,2,Engage,0.9999985694885254,3,Highly Engage,0.5914857387542725,3,Highly Engage,0.6467406749725342,3,Highly Engage,0.4161621034145355
video18_21_person8,18,0.7058823529411765,0.32501121082417705,0.8901881641811795,2,Engage,15,0,0.0,0,0.0,15,0.8333333333333334,3,0.16666666666666666,2,Engage,0.9977508187294006,2,Engage,0.939875602722168,3,Highly Engage,1.0,2,Engage,0.999706208705902,2,Engage,0.9995458722114564,2,Engage,0.9947443008422852,2,Engage,0.835590124130249,2,Engage,0.7360021471977234,3,Highly Engage,0.7589362859725952,2,Engage,0.9581083059310912,2,Engage,0.9079799652099608,2,Engage,0.68033766746521,2,Engage,0.9697068333625792,2,Engage,0.9557633996009828,2,Engage,0.9707112312316896,2,Engage,0.9742879867553712,2,Engage,0.7094120979309082,3,Highly Engage,0.6349281072616577
video18_220_person6,18,0.47058823529411764,0.5,0.7784581515524123,2,Engage,9,0,0.0,0,0.0,9,0.5,9,0.5,2,Engage,0.9373020529747008,2,Engage,0.6545277237892151,3,Highly Engage,1.0,2,Engage,0.9779802560806274,2,Engage,0.8723778128623962,2,Engage,0.974546194076538,2,Engage,0.896102786064148,3,Highly Engage,0.5969465374946594,3,Highly Engage,0.7979934215545654,2,Engage,0.7356065511703491,2,Engage,0.497541069984436,3,Highly Engage,0.6353971362113953,2,Engage,0.708903431892395,3,Highly Engage,0.52776700258255,3,Highly Engage,0.8175668716430664,3,Highly Engage,0.8588529825210571,3,Highly Engage,0.7532085180282593,3,Highly Engage,0.7696263790130615
video18_221_person8,18,0.5228758169934641,0.6375814913924286,0.7563513219356537,2,Engage,13,1,0.05555555555555555,2,0.1111111111111111,13,0.7222222222222222,2,0.1111111111111111,2,Engage,0.6918264031410217,1,Disengage,0.4364165067672729,2,Engage,1.0,2,Engage,0.970255732536316,2,Engage,0.9117982983589172,2,Engage,0.9411357045173644,2,Engage,0.8237015604972839,2,Engage,0.5719153881072998,3,Highly Engage,0.5445864200592041,2,Engage,0.9321393370628356,2,Engage,0.7464418411254883,0,Highly Disengage,0.7813141345977783,2,Engage,0.8092777132987976,2,Engage,0.7399962544441223,2,Engage,0.9170915484428406,2,Engage,0.9130607843399048,1,Disengage,0.4542270004749298,3,Highly Engage,0.4291391670703888
video18_222_person6,18,0.6143790849673203,0.4722442670831027,0.7579023887713751,2,Engage,14,1,0.05555555555555555,3,0.16666666666666666,14,0.7777777777777778,0,0.0,2,Engage,0.9586628675460817,2,Engage,0.765491783618927,2,Engage,1.0,2,Engage,0.9856119155883788,2,Engage,0.9887519478797911,2,Engage,0.902810275554657,2,Engage,0.5473611354827881,2,Engage,0.7472811341285706,0,Highly Disengage,0.3666893243789673,2,Engage,0.9794870018959044,2,Engage,0.9082626104354858,2,Engage,0.7294537425041199,2,Engage,0.5448237061500549,2,Engage,0.5056778192520142,1,Disengage,0.6126604676246643,2,Engage,0.9469536542892456,1,Disengage,0.7062132954597473,1,Disengage,0.4460503160953522
video18_223_person4,18,0.8888888888888888,0.1547717145751626,0.7763201478454802,2,Engage,17,0,0.0,1,0.05555555555555555,17,0.9444444444444444,0,0.0,2,Engage,0.9793955683708192,2,Engage,0.9853526949882508,2,Engage,1.0,2,Engage,0.9917995929718018,2,Engage,0.9947707056999208,2,Engage,0.908485472202301,2,Engage,0.8717069029808044,2,Engage,0.754151463508606,1,Disengage,0.3577097952365875,2,Engage,0.9623783826828004,2,Engage,0.8307214975357056,2,Engage,0.6607156991958618,2,Engage,0.6296696662902832,2,Engage,0.5159205198287964,2,Engage,0.9999985694885254,2,Engage,0.6381614804267883,2,Engage,0.4566684365272522,2,Engage,0.4361562132835388
video18_223_person6,18,0.7908496732026143,0.25162916738782287,0.8066299557685852,2,Engage,16,0,0.0,0,0.0,16,0.8888888888888888,2,0.1111111111111111,2,Engage,0.9990053772926332,2,Engage,0.9843111634254456,2,Engage,1.0,2,Engage,0.9977532029151917,2,Engage,0.9997788071632384,2,Engage,0.9947905540466307,2,Engage,0.9100374579429626,2,Engage,0.7885825037956238,3,Highly Engage,0.4384908080101013,2,Engage,0.9880384206771852,2,Engage,0.937341332435608,2,Engage,0.7862563133239746,2,Engage,0.6296696662902832,2,Engage,0.5159205198287964,2,Engage,0.9999985694885254,2,Engage,0.6130831241607666,3,Highly Engage,0.5078877806663513,2,Engage,0.4283936023712158
video18_224_person8,18,0.6339869281045751,0.38210225325431013,0.8705571012364494,2,Engage,14,0,0.0,0,0.0,14,0.7777777777777778,4,0.2222222222222222,2,Engage,0.9980046153068542,2,Engage,0.9405343532562256,3,Highly Engage,1.0,2,Engage,0.9977418184280396,2,Engage,0.9992914199829102,2,Engage,0.996249496936798,2,Engage,0.8944799304008484,2,Engage,0.7287000417709351,3,Highly Engage,0.5468630790710449,2,Engage,0.9774737358093262,2,Engage,0.934619665145874,2,Engage,0.7588561177253723,2,Engage,0.996678113937378,2,Engage,0.934228539466858,2,Engage,0.9987322688102722,2,Engage,0.9941881895065308,3,Highly Engage,0.5070934891700745,3,Highly Engage,0.4662929475307464
video18_225_person8,18,0.7908496732026143,0.25162916738782287,0.8117424150307974,2,Engage,16,0,0.0,0,0.0,16,0.8888888888888888,2,0.1111111111111111,2,Engage,0.999600112438202,2,Engage,0.9745243191719056,2,Engage,1.0,2,Engage,0.9880251288414,2,Engage,0.9998490810394288,2,Engage,0.9990910291671752,2,Engage,0.9045449495315552,2,Engage,0.6842682957649231,3,Highly Engage,0.5624994039535522,2,Engage,0.9878038167953492,2,Engage,0.937885284423828,2,Engage,0.800369143486023,2,Engage,0.6296696662902832,2,Engage,0.5159205198287964,2,Engage,0.9999985694885254,2,Engage,0.6921031475067139,3,Highly Engage,0.5093396306037903,2,Engage,0.4258713722229004
video18_228_person1,18,0.6339869281045751,0.38210225325431013,0.6719607926077313,2,Engage,14,0,0.0,4,0.2222222222222222,14,0.7777777777777778,0,0.0,2,Engage,0.7219215631484985,2,Engage,0.6777712106704712,2,Engage,1.0,2,Engage,0.7093985080718994,1,Disengage,0.8530721068382263,1,Disengage,0.5339503884315491,2,Engage,0.9386540055274964,2,Engage,0.7240666747093201,2,Engage,0.414669007062912,2,Engage,0.4430387020111084,2,Engage,0.3676768839359283,1,Disengage,0.4551330804824829,2,Engage,0.9205353856086732,1,Disengage,0.6526210308074951,2,Engage,0.6718025207519531,2,Engage,0.8619974851608276,2,Engage,0.7682190537452698,2,Engage,0.3807666599750519
video18_228_person8,18,0.3790849673202614,0.7076344750135478,0.7177254723178016,2,Engage,10,0,0.0,3,0.16666666666666666,10,0.5555555555555556,5,0.2777777777777778,2,Engage,0.5368452072143555,3,Highly Engage,0.3448429107666015,3,Highly Engage,1.0,2,Engage,0.9556269645690918,2,Engage,0.821793794631958,2,Engage,0.9844433069229126,1,Disengage,0.50892174243927,1,Disengage,0.5612354874610901,1,Disengage,0.4038281440734863,2,Engage,0.9324634671211244,2,Engage,0.7567129731178284,2,Engage,0.5527294278144836,2,Engage,0.7820969820022583,2,Engage,0.6848709583282471,3,Highly Engage,0.7820237874984741,2,Engage,0.8517406582832336,3,Highly Engage,0.8063433170318604,3,Highly Engage,0.6525393724441528
video18_22_person1,18,0.7058823529411765,0.32501121082417705,0.6582536763615079,2,Engage,15,0,0.0,3,0.16666666666666666,15,0.8333333333333334,0,0.0,2,Engage,0.5999064445495605,1,Disengage,0.6171833276748657,1,Disengage,1.0,2,Engage,0.7622132897377014,2,Engage,0.5008821487426758,2,Engage,0.7938680648803711,2,Engage,0.909532368183136,2,Engage,0.5541478991508484,1,Disengage,0.4723023176193237,2,Engage,0.8309211134910583,2,Engage,0.6073411703109741,2,Engage,0.5185662508010864,2,Engage,0.6296696662902832,2,Engage,0.5159205198287964,2,Engage,0.9999985694885254,2,Engage,0.5217615365982056,2,Engage,0.5739656686782837,2,Engage,0.4403858184814453
video18_234_person3,18,0.3790849673202614,0.6910511266271551,0.650912880897522,1,Disengage,9,0,0.0,9,0.5,7,0.3888888888888889,2,0.1111111111111111,1,Disengage,0.5168054103851318,1,Disengage,0.4001965224742889,1,Disengage,1.0,2,Engage,0.6251723170280457,3,Highly Engage,0.5240980982780457,3,Highly Engage,0.4080366790294647,2,Engage,0.6529068946838379,1,Disengage,0.5156234502792358,1,Disengage,0.5590575933456421,1,Disengage,0.5224090218544006,1,Disengage,0.8191412091255188,1,Disengage,0.7807446122169495,2,Engage,0.9254608154296876,2,Engage,0.6954760551452637,2,Engage,0.9631118774414062,2,Engage,0.7496728301048279,2,Engage,0.5904762744903564,1,Disengage,0.4680421948432922
video18_234_person4,18,0.41830065359477125,0.6258145836939114,0.6854047046767341,2,Engage,9,0,0.0,8,0.4444444444444444,9,0.5,1,0.05555555555555555,2,Engage,0.6471725702285767,1,Disengage,0.3630789816379547,2,Engage,1.0,2,Engage,0.7420098781585693,1,Disengage,0.8638344407081604,1,Disengage,0.790550172328949,2,Engage,0.7460813522338867,1,Disengage,0.6050724983215332,3,Highly Engage,0.6635154485702515,2,Engage,0.7639392614364624,1,Disengage,0.5454350709915161,1,Disengage,0.4973348081111908,2,Engage,0.8647261261940002,2,Engage,0.7001317739486694,2,Engage,0.7276650667190552,2,Engage,0.7617369294166565,1,Disengage,0.6564192771911621,1,Disengage,0.3985810279846191
video18_234_person8,18,0.8888888888888888,0.1547717145751626,0.839296238289939,3,Highly Engage,17,0,0.0,0,0.0,1,0.05555555555555555,17,0.9444444444444444,3,Highly Engage,0.7307233810424805,3,Highly Engage,0.9119666814804076,3,Highly Engage,1.0,3,Highly Engage,0.8025984168052673,3,Highly Engage,0.977386713027954,3,Highly Engage,0.9991207718849182,3,Highly Engage,0.6581699252128601,3,Highly Engage,0.8106369972229004,3,Highly Engage,0.8752481937408447,3,Highly Engage,0.8032699227333069,3,Highly Engage,0.942050278186798,3,Highly Engage,0.9433777332305908,3,Highly Engage,0.6668440103530884,2,Engage,0.515003502368927,3,Highly Engage,0.9583532810211182,3,Highly Engage,0.8691636919975281,3,Highly Engage,0.8333233594894409,3,Highly Engage,0.8100954294204712
video18_240_person4,18,0.3202614379084967,0.7652465283787413,0.681651857164171,2,Engage,8,0,0.0,4,0.2222222222222222,8,0.4444444444444444,6,0.3333333333333333,2,Engage,0.5829624533653259,3,Highly Engage,0.386945903301239,2,Engage,1.0,2,Engage,0.5123434662818909,3,Highly Engage,0.9191617369651794,3,Highly Engage,0.8810392022132874,2,Engage,0.787079930305481,1,Disengage,0.615868330001831,1,Disengage,0.4631578326225281,2,Engage,0.7818400263786316,1,Disengage,0.483095645904541,1,Disengage,0.8079288601875305,2,Engage,0.7300243973731995,3,Highly Engage,0.7745711803436279,2,Engage,0.6374726295471191,2,Engage,0.7387588024139404,3,Highly Engage,0.7345053553581238,3,Highly Engage,0.4329776763916015
video18_245_person3,18,0.8888888888888888,0.1547717145751626,0.9368458390235901,3,Highly Engage,17,0,0.0,0,0.0,1,0.05555555555555555,17,0.9444444444444444,3,Highly Engage,0.8855303525924683,3,Highly Engage,0.8896787166595459,2,Engage,1.0,3,Highly Engage,0.9977130889892578,3,Highly Engage,0.9989833235740662,3,Highly Engage,0.9999723434448242,3,Highly Engage,0.736588180065155,3,Highly Engage,0.8216372132301331,3,Highly Engage,0.8623252511024475,3,Highly Engage,0.8926088809967041,3,Highly Engage,0.9398842453956604,3,Highly Engage,0.8686869740486145,3,Highly Engage,0.9979373216629028,3,Highly Engage,0.9999881982803344,3,Highly Engage,0.9999996423721312,3,Highly Engage,0.9857428073883056,3,Highly Engage,0.999085545539856,3,Highly Engage,0.9868630170822144
video18_24_person5,18,0.7843137254901961,0.30718472294337845,0.767824672990375,2,Engage,16,0,0.0,1,0.05555555555555555,16,0.8888888888888888,1,0.05555555555555555,2,Engage,0.7610931992530823,2,Engage,0.8491491079330444,1,Disengage,1.0,2,Engage,0.8857240080833435,2,Engage,0.9700333476066588,2,Engage,0.9140927195549012,2,Engage,0.7815166115760803,2,Engage,0.8278727531433105,3,Highly Engage,0.5722087025642395,2,Engage,0.7902601361274719,2,Engage,0.4431259930133819,2,Engage,0.444440633058548,2,Engage,0.861207127571106,2,Engage,0.8059473633766174,2,Engage,0.9889779686927797,2,Engage,0.9096340537071228,2,Engage,0.6186519861221313,2,Engage,0.3969084024429321
video18_27_person3,18,0.7908496732026143,0.25162916738782287,0.7447555131382413,2,Engage,16,0,0.0,2,0.1111111111111111,16,0.8888888888888888,0,0.0,2,Engage,0.6408843994140625,2,Engage,0.7274910807609558,2,Engage,1.0,2,Engage,0.9444281458854676,2,Engage,0.6586047410964966,2,Engage,0.7563000321388245,2,Engage,0.9223152995109558,2,Engage,0.7858085632324219,2,Engage,0.4354457557201385,2,Engage,0.8725470304489136,1,Disengage,0.7038882374763489,1,Disengage,0.737341046333313,2,Engage,0.7597813010215759,2,Engage,0.756047785282135,2,Engage,0.8316261768341064,2,Engage,0.8842703104019165,2,Engage,0.6111703515052795,2,Engage,0.3776489794254303
video18_29_person4,18,0.7908496732026143,0.25162916738782287,0.8591151701079475,2,Engage,16,0,0.0,0,0.0,16,0.8888888888888888,2,0.1111111111111111,2,Engage,0.9825779795646667,2,Engage,0.995792269706726,3,Highly Engage,1.0,2,Engage,0.941936731338501,2,Engage,0.9945170283317566,2,Engage,0.9422842264175416,2,Engage,0.9244276881217957,2,Engage,0.8186661005020142,3,Highly Engage,0.4755585789680481,2,Engage,0.8276282548904419,2,Engage,0.7283918857574463,2,Engage,0.6022723913192749,2,Engage,0.9784168004989624,2,Engage,0.9614109992980956,2,Engage,0.9974275231361388,2,Engage,0.9945747256278992,2,Engage,0.875522792339325,2,Engage,0.4226670861244201
video18_30_person2,18,1.0,-0.0,0.8459212001827028,2,Engage,18,0,0.0,0,0.0,18,1.0,0,0.0,2,Engage,0.9899017810821532,2,Engage,0.9619420766830444,2,Engage,1.0,2,Engage,0.9837686419487,2,Engage,0.9900203943252563,2,Engage,0.9005149006843567,2,Engage,0.884396493434906,2,Engage,0.7598391175270081,2,Engage,0.4577339887619018,2,Engage,0.9729275107383728,2,Engage,0.8617371916770935,2,Engage,0.734920859336853,2,Engage,0.845223069190979,2,Engage,0.8739312291145325,2,Engage,0.977114737033844,2,Engage,0.9347378015518188,2,Engage,0.6852492690086365,2,Engage,0.4126225411891937
video18_30_person7,18,1.0,-0.0,0.7926253494289186,2,Engage,18,0,0.0,0,0.0,18,1.0,0,0.0,2,Engage,0.9575845003128052,2,Engage,0.6494523882865906,2,Engage,1.0,2,Engage,0.988943338394165,2,Engage,0.9591152667999268,2,Engage,0.9790788888931274,2,Engage,0.8758668899536133,2,Engage,0.7125561237335205,2,Engage,0.472213476896286,2,Engage,0.9570385217666626,2,Engage,0.5869105458259583,2,Engage,0.6055814027786255,2,Engage,0.9212528467178344,2,Engage,0.6340662837028503,2,Engage,0.9812713265419006,2,Engage,0.9743087291717528,2,Engage,0.6050022840499878,2,Engage,0.407013475894928
video18_32_person4,18,1.0,-0.0,0.883495463265313,2,Engage,18,0,0.0,0,0.0,18,1.0,0,0.0,2,Engage,0.9994058609008788,2,Engage,0.9998767375946044,2,Engage,1.0,2,Engage,0.9986773133277892,2,Engage,0.9999592304229736,2,Engage,0.9929587841033936,2,Engage,0.9462688565254213,2,Engage,0.8363128900527954,2,Engage,0.4587275683879852,2,Engage,0.9603615403175354,2,Engage,0.8658936619758606,2,Engage,0.6520273089408875,2,Engage,0.9742484092712402,2,Engage,0.9434477090835572,2,Engage,0.9995879530906676,2,Engage,0.993252456188202,2,Engage,0.852254331111908,2,Engage,0.4296577274799347
video18_32_person7,18,0.7058823529411765,0.32501121082417705,0.7841572016477585,2,Engage,15,0,0.0,0,0.0,15,0.8333333333333334,3,0.16666666666666666,2,Engage,0.9190663695335388,2,Engage,0.589740514755249,2,Engage,1.0,2,Engage,0.9707241654396056,2,Engage,0.6837825775146484,2,Engage,0.8323931097984314,2,Engage,0.8249025940895081,2,Engage,0.7647387981414795,3,Highly Engage,0.5438296794891357,2,Engage,0.9368768334388732,2,Engage,0.8457633256912231,2,Engage,0.5479352474212646,2,Engage,0.8447703123092651,2,Engage,0.6866005063056946,2,Engage,0.9896143078804016,2,Engage,0.9447973370552064,3,Highly Engage,0.7520517110824585,3,Highly Engage,0.4372422397136688
video18_34_person3,18,0.477124183006536,0.4955380299191111,0.7953304780854119,2,Engage,10,0,0.0,0,0.0,10,0.5555555555555556,8,0.4444444444444444,2,Engage,0.8842290043830872,2,Engage,0.7816515564918518,2,Engage,1.0,3,Highly Engage,0.5377086997032166,3,Highly Engage,0.8859329223632812,3,Highly Engage,0.8917555212974548,2,Engage,0.7752078771591187,2,Engage,0.6660811305046082,3,Highly Engage,0.8207824230194092,2,Engage,0.9184773564338684,2,Engage,0.6879655718803406,3,Highly Engage,0.6280460953712463,2,Engage,0.8355947136878967,2,Engage,0.7685619592666626,3,Highly Engage,0.944563627243042,2,Engage,0.7490041255950928,3,Highly Engage,0.8847341537475586,3,Highly Engage,0.655651867389679
video18_35_person5,18,0.7843137254901961,0.30718472294337845,0.7282036360767152,2,Engage,16,0,0.0,1,0.05555555555555555,16,0.8888888888888888,1,0.05555555555555555,2,Engage,0.7552980780601501,2,Engage,0.7750007510185242,2,Engage,1.0,2,Engage,0.8821711540222168,1,Disengage,0.5098249912261963,2,Engage,0.686577320098877,2,Engage,0.9034151434898376,2,Engage,0.574644148349762,2,Engage,0.4877481162548065,2,Engage,0.916601836681366,2,Engage,0.5437306761741638,2,Engage,0.4981129169464111,2,Engage,0.8851873278617859,2,Engage,0.8369194865226746,2,Engage,0.8564149141311646,2,Engage,0.9000716209411621,2,Engage,0.5227026343345642,3,Highly Engage,0.5732443332672119
video18_39_person1,18,0.5294117647058824,0.4591479170272447,0.7741286108891169,2,Engage,12,0,0.0,6,0.3333333333333333,12,0.6666666666666666,0,0.0,2,Engage,0.6298676133155823,1,Disengage,0.5790212750434875,1,Disengage,1.0,2,Engage,0.9928045868873596,2,Engage,0.9104335308074952,2,Engage,0.844359278678894,2,Engage,0.8866230845451355,1,Disengage,0.7083222270011902,1,Disengage,0.5346422791481018,2,Engage,0.8389765024185181,1,Disengage,0.5663992762565613,1,Disengage,0.6821269392967224,2,Engage,0.9792934656143188,2,Engage,0.8234356045722961,2,Engage,0.8989206552505493,2,Engage,0.9418429732322692,2,Engage,0.7498505115509033,2,Engage,0.3673951923847198
video18_39_person4,18,0.3790849673202614,0.7076344750135477,0.6467815041542053,2,Engage,10,0,0.0,5,0.2777777777777778,10,0.5555555555555556,3,0.16666666666666666,2,Engage,0.6656320691108704,2,Engage,0.5470740795135498,2,Engage,1.0,2,Engage,0.7272616028785706,2,Engage,0.787494957447052,2,Engage,0.4944963753223419,2,Engage,0.6964192390441895,1,Disengage,0.5429063439369202,1,Disengage,0.5171707272529602,3,Highly Engage,0.5538322329521179,3,Highly Engage,0.8276296854019165,3,Highly Engage,0.3749270439147949,2,Engage,0.753156304359436,1,Disengage,0.6266714930534363,1,Disengage,0.7069500684738159,2,Engage,0.9198563694953918,1,Disengage,0.4826673567295074,2,Engage,0.4179211258888244
video18_3_person7,18,1.0,-0.0,0.8624150769578086,2,Engage,18,0,0.0,0,0.0,18,1.0,0,0.0,2,Engage,0.9948021173477172,2,Engage,0.9728243350982666,2,Engage,1.0,2,Engage,0.9959062337875366,2,Engage,0.9929003715515136,2,Engage,0.9777290225028992,2,Engage,0.8670300841331482,2,Engage,0.6572946310043335,2,Engage,0.4762132167816162,2,Engage,0.9574843049049376,2,Engage,0.9282791614532472,2,Engage,0.6424388289451599,2,Engage,0.9723221063613892,2,Engage,0.8575612902641296,2,Engage,0.9976231455802916,2,Engage,0.985087275505066,2,Engage,0.8339985013008118,2,Engage,0.4139767587184906
video18_42_person3,18,0.41830065359477125,0.6258145836939114,0.6681865437163247,2,Engage,9,0,0.0,8,0.4444444444444444,9,0.5,1,0.05555555555555555,2,Engage,0.5087383389472961,1,Disengage,0.7323806285858154,1,Disengage,1.0,2,Engage,0.9441577196121216,2,Engage,0.827661395072937,1,Disengage,0.8351309299468994,2,Engage,0.8995953798294067,2,Engage,0.7523034811019897,3,Highly Engage,0.5687031149864197,2,Engage,0.7673583626747131,1,Disengage,0.5483731627464294,1,Disengage,0.6072168350219727,2,Engage,0.5723705291748047,1,Disengage,0.5067470669746399,2,Engage,0.5578373074531555,2,Engage,0.485135942697525,1,Disengage,0.4934974014759063,1,Disengage,0.4201501905918121
video18_43_person1,18,0.41830065359477125,0.6258145836939114,0.6999510178963343,1,Disengage,9,0,0.0,9,0.5,8,0.4444444444444444,1,0.05555555555555555,2,Engage,0.5917108654975891,1,Disengage,0.5559031963348389,1,Disengage,1.0,2,Engage,0.5668491125106812,1,Disengage,0.8504394292831421,1,Disengage,0.6361328363418579,2,Engage,0.8969175815582275,1,Disengage,0.5649052262306213,1,Disengage,0.5806297659873962,2,Engage,0.6556466221809387,1,Disengage,0.6395694017410278,1,Disengage,0.6698415279388428,2,Engage,0.8572256565093994,1,Disengage,0.4648546874523163,2,Engage,0.9668867588043212,2,Engage,0.8940287232398987,2,Engage,0.7556554079055786,3,Highly Engage,0.4519215226173401
video18_45_person3,18,0.47058823529411764,0.5,0.6986456082926856,1,Disengage,9,0,0.0,9,0.5,9,0.5,0,0.0,2,Engage,0.4943372309207916,1,Disengage,0.7637477517127991,1,Disengage,1.0,2,Engage,0.9367345571517944,1,Disengage,0.7440833449363708,1,Disengage,0.8979446887969971,2,Engage,0.8621238470077515,2,Engage,0.7632439136505127,1,Disengage,0.4761025011539459,2,Engage,0.6061297655105591,1,Disengage,0.6433770060539246,1,Disengage,0.8153124451637268,2,Engage,0.5966757535934448,2,Engage,0.6056932210922241,2,Engage,0.5319190621376038,2,Engage,0.8150680065155029,1,Disengage,0.6198959350585938,1,Disengage,0.4032319188117981
video18_48_person8,18,0.7908496732026143,0.25162916738782287,0.7640315178367827,2,Engage,16,0,0.0,0,0.0,16,0.8888888888888888,2,0.1111111111111111,2,Engage,0.7369387745857239,2,Engage,0.4183461368083954,2,Engage,1.0,2,Engage,0.9192219376564026,2,Engage,0.640839159488678,2,Engage,0.7960278391838074,2,Engage,0.6255632638931274,3,Highly Engage,0.8600717186927795,3,Highly Engage,0.7329627871513367,2,Engage,0.9683144688606262,2,Engage,0.8474958539009094,2,Engage,0.7186792492866516,2,Engage,0.9378591775894164,2,Engage,0.7437009215354919,2,Engage,0.9346274733543396,2,Engage,0.9686827063560486,2,Engage,0.4720154702663421,2,Engage,0.4312203824520111
video18_49_person8,18,0.477124183006536,0.4955380299191111,0.803570537103547,2,Engage,10,0,0.0,0,0.0,10,0.5555555555555556,8,0.4444444444444444,2,Engage,0.9290674924850464,2,Engage,0.7439700961112976,3,Highly Engage,1.0,2,Engage,0.7548772096633911,3,Highly Engage,0.7649385333061218,3,Highly Engage,0.7954601645469666,2,Engage,0.881644070148468,3,Highly Engage,0.5676949620246887,3,Highly Engage,0.8165706396102905,2,Engage,0.7572005391120911,3,Highly Engage,0.8416845798492432,3,Highly Engage,0.8678671717643738,2,Engage,0.9706747531890868,2,Engage,0.8293384909629822,2,Engage,0.9900627732276917,2,Engage,0.9756917357444764,2,Engage,0.4674421846866607,3,Highly Engage,0.5100842714309692
video18_4_person5,18,0.5294117647058824,0.4591479170272447,0.724194284942415,2,Engage,12,0,0.0,0,0.0,12,0.6666666666666666,6,0.3333333333333333,3,Highly Engage,0.5273995995521545,3,Highly Engage,0.8416133522987366,3,Highly Engage,1.0,2,Engage,0.9031866788864136,2,Engage,0.5152366161346436,2,Engage,0.5825476050376892,2,Engage,0.5488182902336121,3,Highly Engage,0.8749064207077026,3,Highly Engage,0.7713918089866638,2,Engage,0.8957176208496094,3,Highly Engage,0.5029589533805847,2,Engage,0.4580541253089905,2,Engage,0.8786457180976868,2,Engage,0.8559409976005554,2,Engage,0.9572251439094543,2,Engage,0.9675087928771972,2,Engage,0.5363668203353882,2,Engage,0.4179785847663879
video18_50_person6,18,0.8888888888888888,0.1547717145751626,0.9036716057194604,3,Highly Engage,17,0,0.0,0,0.0,1,0.05555555555555555,17,0.9444444444444444,3,Highly Engage,0.9398512840270996,3,Highly Engage,0.8913013935089111,3,Highly Engage,1.0,3,Highly Engage,0.9102470874786376,3,Highly Engage,0.969569206237793,3,Highly Engage,0.9791019558906556,2,Engage,0.6636395454406738,3,Highly Engage,0.8563381433486938,3,Highly Engage,0.7432933449745178,3,Highly Engage,0.7756540179252625,3,Highly Engage,0.9241691827774048,3,Highly Engage,0.9058448672294616,3,Highly Engage,0.8274754285812378,3,Highly Engage,0.9383699893951416,3,Highly Engage,0.9999544620513916,3,Highly Engage,0.975393533706665,3,Highly Engage,0.9943549633026124,3,Highly Engage,0.9715304970741272
video18_53_person3,18,0.35294117647058826,0.7295739585136225,0.6825706991884444,2,Engage,9,0,0.0,3,0.16666666666666666,9,0.5,6,0.3333333333333333,2,Engage,0.4743269085884094,1,Disengage,0.477273017168045,2,Engage,1.0,3,Highly Engage,0.7938758134841919,3,Highly Engage,0.8745157718658447,3,Highly Engage,0.5929924845695496,2,Engage,0.5695773363113403,2,Engage,0.691763699054718,3,Highly Engage,0.8725688457489014,2,Engage,0.7372550964355469,3,Highly Engage,0.7453131079673767,3,Highly Engage,0.8435795307159424,2,Engage,0.5187398791313171,1,Disengage,0.8121868968009949,2,Engage,0.4921642541885376,2,Engage,0.7852563858032227,2,Engage,0.5631116032600403,1,Disengage,0.4417719542980194
video18_53_person4,18,0.6339869281045751,0.38210225325431013,0.6932434009181129,2,Engage,14,0,0.0,0,0.0,14,0.7777777777777778,4,0.2222222222222222,2,Engage,0.8236738443374634,2,Engage,0.3490832448005676,3,Highly Engage,1.0,2,Engage,0.971333384513855,2,Engage,0.9779350161552428,3,Highly Engage,0.5003662109375,2,Engage,0.8967351913452148,2,Engage,0.7450575828552246,2,Engage,0.4216464161872864,2,Engage,0.7921851873397827,2,Engage,0.7061309218406677,2,Engage,0.5559357404708862,2,Engage,0.5906912684440613,2,Engage,0.5839994549751282,2,Engage,0.6618861556053162,2,Engage,0.7521920204162598,3,Highly Engage,0.6058762073516846,3,Highly Engage,0.5436533689498901
video18_55_person6,18,1.0,-0.0,0.8734153260787328,2,Engage,18,0,0.0,0,0.0,18,1.0,0,0.0,2,Engage,0.9941025376319884,2,Engage,0.9936856627464294,2,Engage,1.0,2,Engage,0.9562429785728456,2,Engage,0.9658246040344238,2,Engage,0.8384706377983093,2,Engage,0.9335922002792358,2,Engage,0.8180677890777588,2,Engage,0.4378466606140136,2,Engage,0.9850703477859496,2,Engage,0.897275984287262,2,Engage,0.7479172348976135,2,Engage,0.9932296276092528,2,Engage,0.9835851192474364,2,Engage,0.9687563180923462,2,Engage,0.9924525618553162,2,Engage,0.8075043559074402,2,Engage,0.4078512489795685
video18_57_person4,18,1.0,-0.0,0.8175736003451877,2,Engage,18,0,0.0,0,0.0,18,1.0,0,0.0,2,Engage,0.8190059661865234,2,Engage,0.3564102947711944,2,Engage,1.0,2,Engage,0.9828410148620604,2,Engage,0.9971691966056824,2,Engage,0.844711422920227,2,Engage,0.8914280533790588,2,Engage,0.7522528171539307,2,Engage,0.4340954422950744,2,Engage,0.9742348194122314,2,Engage,0.8651735186576843,2,Engage,0.6034365296363831,2,Engage,0.9569686055183412,2,Engage,0.9750935435295104,2,Engage,0.9878107905387878,2,Engage,0.9961299896240234,2,Engage,0.8528310060501099,2,Engage,0.4267317950725555
video18_57_person6,18,0.6339869281045751,0.38210225325431013,0.8018700513574812,3,Highly Engage,14,0,0.0,0,0.0,4,0.2222222222222222,14,0.7777777777777778,2,Engage,0.5106387138366699,3,Highly Engage,0.8151687979698181,3,Highly Engage,1.0,2,Engage,0.5080910921096802,3,Highly Engage,0.910197913646698,3,Highly Engage,0.9564806818962096,2,Engage,0.9074848890304564,2,Engage,0.5308017134666443,3,Highly Engage,0.5132539868354797,3,Highly Engage,0.6514864563941956,3,Highly Engage,0.9077453017234802,3,Highly Engage,0.9234335422515868,3,Highly Engage,0.6121785640716553,3,Highly Engage,0.8108600974082947,3,Highly Engage,0.99960595369339,3,Highly Engage,0.9282038807868958,3,Highly Engage,0.990023672580719,3,Highly Engage,0.958005666732788
video18_5_person1,18,0.477124183006536,0.4955380299191111,0.6913525727060106,1,Disengage,10,0,0.0,10,0.5555555555555556,8,0.4444444444444444,0,0.0,2,Engage,0.6406312584877014,1,Disengage,0.6221208572387695,2,Engage,0.928904116153717,2,Engage,0.5950024724006653,1,Disengage,0.8851579427719116,1,Disengage,0.7101361155509949,2,Engage,0.860723614692688,1,Disengage,0.7848693132400513,2,Engage,0.4521578550338745,2,Engage,0.649154007434845,1,Disengage,0.5793392658233643,1,Disengage,0.6237870454788208,2,Engage,0.5907171964645386,1,Disengage,0.8410305976867676,1,Disengage,0.9567087292671204,2,Engage,0.5550531148910522,1,Disengage,0.7895708084106445,1,Disengage,0.379281997680664
video18_5_person7,18,0.7908496732026143,0.25162916738782287,0.889267032345136,2,Engage,16,0,0.0,0,0.0,16,0.8888888888888888,2,0.1111111111111111,2,Engage,0.9990179538726808,2,Engage,0.9919186234474182,2,Engage,1.0,2,Engage,0.9989305138587952,2,Engage,0.9992515444755554,2,Engage,0.9854320883750916,2,Engage,0.8638837933540344,3,Highly Engage,0.7803071141242981,3,Highly Engage,0.4821712970733642,2,Engage,0.9772976636886596,2,Engage,0.9385538101196288,2,Engage,0.758484423160553,2,Engage,0.9700185656547546,2,Engage,0.9376894235610962,2,Engage,0.9973243474960328,2,Engage,0.9920796751976012,2,Engage,0.9150577783584596,2,Engage,0.4193879663944244
video18_63_person5,18,0.477124183006536,0.4955380299191111,0.7584545546107822,2,Engage,10,0,0.0,0,0.0,10,0.5555555555555556,8,0.4444444444444444,2,Engage,0.9812468886375428,2,Engage,0.8232463598251343,3,Highly Engage,1.0,2,Engage,0.9160674214363098,2,Engage,0.7605835795402527,2,Engage,0.6706717610359192,3,Highly Engage,0.7032588720321655,3,Highly Engage,0.8851359486579895,3,Highly Engage,0.8873950839042664,2,Engage,0.8061750531196594,3,Highly Engage,0.5260717272758484,2,Engage,0.6761252880096436,2,Engage,0.5479199886322021,2,Engage,0.5584214925765991,3,Highly Engage,0.5516300797462463,2,Engage,0.8626426458358765,3,Highly Engage,0.7530064582824707,3,Highly Engage,0.7425833344459534
video18_64_person1,18,0.5751633986928104,0.4262025893247393,0.7553045137061013,1,Disengage,13,0,0.0,13,0.7222222222222222,5,0.2777777777777778,0,0.0,1,Disengage,0.8023731112480164,1,Disengage,0.9177063703536988,1,Disengage,1.0,1,Disengage,0.9632903933525084,1,Disengage,0.9769089818000792,1,Disengage,0.9179279208183287,2,Engage,0.6410362720489502,1,Disengage,0.8359906673431396,2,Engage,0.4632889330387115,1,Disengage,0.7350721955299377,1,Disengage,0.7754400372505188,1,Disengage,0.7970123887062073,2,Engage,0.7123483419418335,1,Disengage,0.7784186005592346,2,Engage,0.6014073491096497,1,Disengage,0.6003148555755615,1,Disengage,0.7103947401046753,2,Engage,0.366550087928772
video18_65_person4,18,0.8888888888888888,0.1547717145751626,0.800285655591223,2,Engage,17,0,0.0,0,0.0,17,0.9444444444444444,1,0.05555555555555555,2,Engage,0.9468754529953004,2,Engage,0.4804863929748535,2,Engage,1.0,2,Engage,0.9797778129577636,2,Engage,0.996632754802704,2,Engage,0.8335050344467163,2,Engage,0.9133136868476868,2,Engage,0.6960844397544861,3,Highly Engage,0.4308114945888519,2,Engage,0.9798816442489624,2,Engage,0.8226500749588013,2,Engage,0.7336670160293579,2,Engage,0.8259792923927307,2,Engage,0.8085656762123108,2,Engage,0.8865726590156555,2,Engage,0.9447179436683656,2,Engage,0.7142594456672668,2,Engage,0.4113609790802002
video18_66_person5,18,0.6339869281045751,0.38210225325431013,0.8140323327647315,2,Engage,14,0,0.0,0,0.0,14,0.7777777777777778,4,0.2222222222222222,2,Engage,0.9781449437141418,2,Engage,0.839253306388855,3,Highly Engage,1.0,2,Engage,0.9216920733451844,2,Engage,0.9119731187820436,2,Engage,0.8029159903526306,3,Highly Engage,0.6804794669151306,2,Engage,0.6449612975120544,3,Highly Engage,0.8709863424301147,2,Engage,0.9468071460723876,2,Engage,0.6750866770744324,2,Engage,0.6696652173995972,2,Engage,0.9729557037353516,2,Engage,0.8841056227684021,2,Engage,0.8632687926292419,2,Engage,0.8795294761657715,2,Engage,0.5871849656105042,3,Highly Engage,0.5235718488693237
video18_6_person7,18,0.7058823529411765,0.32501121082417705,0.8029804974794388,2,Engage,15,0,0.0,0,0.0,15,0.8333333333333334,3,0.16666666666666666,2,Engage,0.9938218593597412,2,Engage,0.926889717578888,2,Engage,1.0,2,Engage,0.9873399138450624,2,Engage,0.9421499371528624,2,Engage,0.8334478735923767,2,Engage,0.8820507526397705,2,Engage,0.6435021162033081,2,Engage,0.500332236289978,2,Engage,0.9777424931526184,2,Engage,0.9110462069511414,2,Engage,0.7256543636322021,2,Engage,0.9399021863937378,3,Highly Engage,0.4988475143909454,2,Engage,0.8046598434448242,2,Engage,0.7896357774734497,3,Highly Engage,0.5625941753387451,3,Highly Engage,0.5340319871902466
video18_70_person1,18,0.5294117647058824,0.4591479170272447,0.7481875601742003,1,Disengage,12,0,0.0,12,0.6666666666666666,6,0.3333333333333333,0,0.0,1,Disengage,0.6719467043876648,1,Disengage,0.8957273960113525,1,Disengage,1.0,2,Engage,0.9740986227989196,2,Engage,0.8937264680862427,2,Engage,0.6595413684844971,2,Engage,0.9033321738243104,1,Disengage,0.7550086379051208,1,Disengage,0.5452250838279724,2,Engage,0.7320783734321594,1,Disengage,0.6472465991973877,1,Disengage,0.769959568977356,1,Disengage,0.7444341778755188,1,Disengage,0.8885241746902466,1,Disengage,0.7768723964691162,2,Engage,0.6952790021896362,1,Disengage,0.5347785949707031,1,Disengage,0.3795967400074005
video18_70_person2,18,0.7908496732026143,0.25162916738782287,0.7799651059839461,2,Engage,16,0,0.0,0,0.0,16,0.8888888888888888,2,0.1111111111111111,2,Engage,0.983512818813324,2,Engage,0.926068902015686,2,Engage,1.0,2,Engage,0.9574044346809388,2,Engage,0.828901469707489,2,Engage,0.8012052178382874,2,Engage,0.8265317678451538,2,Engage,0.7927619814872742,2,Engage,0.4590287506580353,2,Engage,0.9689300656318665,2,Engage,0.8738626837730408,2,Engage,0.6965140104293823,2,Engage,0.720004141330719,3,Highly Engage,0.4828513860702514,2,Engage,0.8080460429191589,2,Engage,0.9349160194396972,2,Engage,0.4978397786617279,3,Highly Engage,0.4809924364089966
video18_70_person7,18,0.5751633986928104,0.4262025893247393,0.808872252702713,3,Highly Engage,13,0,0.0,0,0.0,5,0.2777777777777778,13,0.7222222222222222,2,Engage,0.6941107511520386,3,Highly Engage,0.8462494611740112,3,Highly Engage,1.0,2,Engage,0.8333303928375244,3,Highly Engage,0.900263249874115,3,Highly Engage,0.9034656286239624,2,Engage,0.6878002882003784,3,Highly Engage,0.8984562754631042,3,Highly Engage,0.8027953505516052,3,Highly Engage,0.6378217935562134,3,Highly Engage,0.8770929574966431,3,Highly Engage,0.8721543550491333,2,Engage,0.8133711814880371,3,Highly Engage,0.7246561646461487,3,Highly Engage,0.8549475073814392,2,Engage,0.4843170046806335,3,Highly Engage,0.9348119497299194,3,Highly Engage,0.794056236743927
video18_72_person2,18,0.43137254901960786,0.6163301284079103,0.7653473334179984,3,Highly Engage,10,0,0.0,1,0.05555555555555555,7,0.3888888888888889,10,0.5555555555555556,2,Engage,0.5515615344047546,3,Highly Engage,0.6723120212554932,2,Engage,1.0,2,Engage,0.8458379507064819,3,Highly Engage,0.7283490300178528,3,Highly Engage,0.6221128106117249,2,Engage,0.910651445388794,2,Engage,0.6443402767181396,1,Disengage,0.4606653749942779,2,Engage,0.6802597045898438,3,Highly Engage,0.8493958711624146,3,Highly Engage,0.8963210582733154,2,Engage,0.5656076669692993,3,Highly Engage,0.883022129535675,3,Highly Engage,0.9965332746505736,3,Highly Engage,0.7715872526168823,3,Highly Engage,0.8939061164855957,3,Highly Engage,0.8037884831428528
video18_73_person5,18,0.5751633986928104,0.4262025893247393,0.7923401925298903,3,Highly Engage,13,0,0.0,0,0.0,5,0.2777777777777778,13,0.7222222222222222,2,Engage,0.9187209010124208,2,Engage,0.9096775650978088,2,Engage,1.0,2,Engage,0.8378854990005493,3,Highly Engage,0.531373143196106,2,Engage,0.819664478302002,3,Highly Engage,0.60112464427948,3,Highly Engage,0.7995780110359192,3,Highly Engage,0.8805824518203735,3,Highly Engage,0.5620949268341064,3,Highly Engage,0.8431522846221924,3,Highly Engage,0.8494696617126465,3,Highly Engage,0.6256791949272156,3,Highly Engage,0.8739586472511292,3,Highly Engage,0.7997328042984009,3,Highly Engage,0.7736220955848694,3,Highly Engage,0.8397582769393921,3,Highly Engage,0.7960488796234131
video18_73_person6,18,1.0,-0.0,0.7929009944200516,2,Engage,18,0,0.0,0,0.0,18,1.0,0,0.0,2,Engage,0.9286082983016968,2,Engage,0.6964914202690125,2,Engage,1.0,2,Engage,0.9817742109298706,2,Engage,0.918695032596588,2,Engage,0.7740173935890198,2,Engage,0.9451543688774108,2,Engage,0.843947172164917,2,Engage,0.4511435329914093,2,Engage,0.909246563911438,2,Engage,0.5550256967544556,2,Engage,0.3981732726097107,2,Engage,0.976446270942688,2,Engage,0.8834292888641357,2,Engage,0.8758667707443237,2,Engage,0.9148500561714172,2,Engage,0.8023771047592163,2,Engage,0.4169714450836181
video18_73_person7,18,0.8888888888888888,0.1547717145751626,0.8609199821949005,2,Engage,17,0,0.0,0,0.0,17,0.9444444444444444,1,0.05555555555555555,2,Engage,0.9962772727012634,2,Engage,0.8966507315635681,2,Engage,1.0,2,Engage,0.9935263395309448,2,Engage,0.9904738068580629,2,Engage,0.944103181362152,2,Engage,0.859380841255188,2,Engage,0.7079338431358337,3,Highly Engage,0.5134021043777466,2,Engage,0.9540305137634276,2,Engage,0.9125807285308838,2,Engage,0.6847056150436401,2,Engage,0.984127938747406,2,Engage,0.844228208065033,2,Engage,0.9935410022735596,2,Engage,0.9866999387741088,2,Engage,0.8099308609962463,2,Engage,0.4249667525291443
video18_74_person3,18,0.477124183006536,0.4955380299191111,0.773041331105762,3,Highly Engage,10,0,0.0,0,0.0,8,0.4444444444444444,10,0.5555555555555556,3,Highly Engage,0.5490790605545044,3,Highly Engage,0.6886846423149109,2,Engage,0.9997712969779968,3,Highly Engage,0.8267634510993958,3,Highly Engage,0.893359363079071,3,Highly Engage,0.8193562030792236,2,Engage,0.933656632900238,2,Engage,0.7488924264907837,2,Engage,0.5282893776893616,3,Highly Engage,0.5174560546875,3,Highly Engage,0.8504517078399658,3,Highly Engage,0.8772514462471008,2,Engage,0.8009726405143738,2,Engage,0.848146378993988,2,Engage,0.7503927946090698,2,Engage,0.9730395674705504,3,Highly Engage,0.6745352745056152,3,Highly Engage,0.6346456408500671
video18_75_person3,18,0.6928104575163399,0.40153586366205124,0.8075228465927972,2,Engage,15,0,0.0,2,0.1111111111111111,15,0.8333333333333334,1,0.05555555555555555,2,Engage,0.8822753429412842,2,Engage,0.974791944026947,1,Disengage,1.0,2,Engage,0.9981096982955932,2,Engage,0.9401010274887084,2,Engage,0.6467218399047852,2,Engage,0.9364113807678224,2,Engage,0.7046830654144287,1,Disengage,0.4615604281425476,2,Engage,0.9641395211219788,2,Engage,0.7573416829109192,2,Engage,0.6549153923988342,2,Engage,0.9239265322685242,2,Engage,0.6609978079795837,2,Engage,0.9208285212516784,2,Engage,0.9877347350120544,3,Highly Engage,0.7069221138954163,2,Engage,0.4139502048492431
video18_76_person2,18,0.8888888888888888,0.1547717145751626,0.7854527549611198,2,Engage,17,0,0.0,0,0.0,17,0.9444444444444444,1,0.05555555555555555,2,Engage,0.9546489119529724,2,Engage,0.9251370429992676,2,Engage,1.0,2,Engage,0.8974562287330627,2,Engage,0.7088496088981628,2,Engage,0.6460790038108826,2,Engage,0.7894633412361145,2,Engage,0.6795240044593811,3,Highly Engage,0.6499813199043274,2,Engage,0.9245386123657228,2,Engage,0.6826587915420532,2,Engage,0.7154913544654846,2,Engage,0.8684654235839844,2,Engage,0.6940093040466309,2,Engage,0.9581767916679382,2,Engage,0.9054745435714722,2,Engage,0.7700465321540833,2,Engage,0.3681487739086151
video18_77_person4,18,0.6928104575163399,0.4015358636620513,0.8090018050538169,1,Disengage,15,1,0.05555555555555555,15,0.8333333333333334,2,0.1111111111111111,0,0.0,1,Disengage,0.7866161465644836,1,Disengage,0.9188814759254456,1,Disengage,1.0,1,Disengage,0.8896294832229614,1,Disengage,0.959836483001709,1,Disengage,0.8283319473266602,2,Engage,0.4815648198127746,1,Disengage,0.8914074897766113,2,Engage,0.4086622595787048,1,Disengage,0.8248057961463928,1,Disengage,0.6849261522293091,0,Highly Disengage,0.7483559846878052,1,Disengage,0.9358097314834596,1,Disengage,0.9794974327087402,1,Disengage,0.9981030225753784,1,Disengage,0.8573920726776123,1,Disengage,0.9181001782417296,1,Disengage,0.4501120150089264
video18_77_person7,18,0.47058823529411764,0.5,0.7945554388893975,2,Engage,9,0,0.0,0,0.0,9,0.5,9,0.5,2,Engage,0.90542471408844,3,Highly Engage,0.63359135389328,3,Highly Engage,1.0,2,Engage,0.99147367477417,2,Engage,0.9880062937736512,2,Engage,0.6224507689476013,2,Engage,0.7609149813652039,3,Highly Engage,0.7539313435554504,3,Highly Engage,0.7709828019142151,2,Engage,0.800711989402771,3,Highly Engage,0.5719907283782959,3,Highly Engage,0.5460555553436279,2,Engage,0.8818553686141968,2,Engage,0.6332196593284607,3,Highly Engage,0.7659856081008911,2,Engage,0.9459823369979858,3,Highly Engage,0.9446521997451782,3,Highly Engage,0.7847685217857361
video18_78_person1,18,0.8888888888888888,0.1547717145751626,0.8507090542051527,2,Engage,17,0,0.0,1,0.05555555555555555,17,0.9444444444444444,0,0.0,2,Engage,0.9399016499519348,2,Engage,0.8923740386962891,1,Disengage,1.0,2,Engage,0.9958401918411256,2,Engage,0.970386266708374,2,Engage,0.9583402276039124,2,Engage,0.9427717924118042,2,Engage,0.7455071210861206,2,Engage,0.4327342212200165,2,Engage,0.9385573863983154,2,Engage,0.7041990160942078,2,Engage,0.5300798416137695,2,Engage,0.9987998008728028,2,Engage,0.983684539794922,2,Engage,0.9924537539482116,2,Engage,0.9963297247886658,2,Engage,0.9034097194671632,2,Engage,0.3873936831951141
video18_79_person4,18,0.5294117647058824,0.4591479170272447,0.7798957940604951,2,Engage,12,0,0.0,0,0.0,12,0.6666666666666666,6,0.3333333333333333,2,Engage,0.7808728218078613,3,Highly Engage,0.6276277899742126,3,Highly Engage,1.0,2,Engage,0.994103729724884,2,Engage,0.8521015048027039,2,Engage,0.6410467028617859,2,Engage,0.8118060827255249,3,Highly Engage,0.8001211881637573,3,Highly Engage,0.737628161907196,2,Engage,0.7018465399742126,3,Highly Engage,0.8348986506462097,3,Highly Engage,0.8505294919013977,2,Engage,0.8919955492019653,2,Engage,0.5957762598991394,2,Engage,0.8383973240852356,2,Engage,0.9110726714134216,2,Engage,0.7445276975631714,2,Engage,0.4237721264362335
video18_7_person7,18,0.5294117647058824,0.4591479170272447,0.7751156042019526,3,Highly Engage,12,0,0.0,0,0.0,6,0.3333333333333333,12,0.6666666666666666,2,Engage,0.868148148059845,3,Highly Engage,0.648063600063324,3,Highly Engage,1.0,2,Engage,0.8754008412361145,3,Highly Engage,0.7783232927322388,3,Highly Engage,0.7981404066085815,2,Engage,0.839130163192749,3,Highly Engage,0.5862839818000793,2,Engage,0.4598381221294403,2,Engage,0.8491477370262146,3,Highly Engage,0.747840404510498,3,Highly Engage,0.7004336714744568,2,Engage,0.8740454316139221,3,Highly Engage,0.6310551166534424,3,Highly Engage,0.9850803017616272,3,Highly Engage,0.503777265548706,3,Highly Engage,0.9702135324478148,3,Highly Engage,0.8371588587760925
video18_81_person1,18,1.0,-0.0,0.8186853577693304,1,Disengage,18,0,0.0,18,1.0,0,0.0,0,0.0,1,Disengage,0.8112927675247192,1,Disengage,0.935710906982422,1,Disengage,1.0,1,Disengage,0.9782866835594176,1,Disengage,0.9851893186569214,1,Disengage,0.9599088430404664,1,Disengage,0.5525434017181396,1,Disengage,0.8499452471733093,1,Disengage,0.4974974989891052,1,Disengage,0.8608477711677551,1,Disengage,0.8421159386634827,1,Disengage,0.8044286966323853,1,Disengage,0.8906369805335999,1,Disengage,0.9753461480140686,1,Disengage,0.971593737602234,1,Disengage,0.6362060308456421,1,Disengage,0.7567536234855652,1,Disengage,0.4280328452587127
video18_81_person7,18,0.7908496732026143,0.25162916738782287,0.8563917428255081,2,Engage,16,0,0.0,0,0.0,16,0.8888888888888888,2,0.1111111111111111,2,Engage,0.9985622763633728,2,Engage,0.8891859650611877,2,Engage,1.0,2,Engage,0.9975948929786682,2,Engage,0.9887874722480774,2,Engage,0.9858371019363404,2,Engage,0.906676173210144,2,Engage,0.6979970335960388,2,Engage,0.4936341345310211,2,Engage,0.9764843583106996,2,Engage,0.91358083486557,2,Engage,0.5938109159469604,2,Engage,0.9698488712310792,2,Engage,0.8624454140663147,2,Engage,0.993357241153717,2,Engage,0.9905130863189696,3,Highly Engage,0.639785885810852,3,Highly Engage,0.5169497132301331
video18_82_person6,18,1.0,-0.0,0.881976404123836,2,Engage,18,0,0.0,0,0.0,18,1.0,0,0.0,2,Engage,0.999984860420227,2,Engage,0.9900306463241576,2,Engage,1.0,2,Engage,0.9965947270393372,2,Engage,0.993831753730774,2,Engage,0.8487651944160461,2,Engage,0.9530110359191896,2,Engage,0.8316518068313599,2,Engage,0.4130678474903106,2,Engage,0.9808862805366516,2,Engage,0.8928032517433167,2,Engage,0.7281020879745483,2,Engage,0.994877278804779,2,Engage,0.9965245127677916,2,Engage,0.9971234202384948,2,Engage,0.9966611862182616,2,Engage,0.8359752893447876,2,Engage,0.4256840944290161
video18_84_person4,18,0.7843137254901961,0.30718472294337845,0.836092523402638,2,Engage,16,0,0.0,1,0.05555555555555555,16,0.8888888888888888,1,0.05555555555555555,2,Engage,0.9996711015701294,2,Engage,0.9860312938690186,1,Disengage,1.0,2,Engage,0.998854637145996,2,Engage,0.9938378930091858,2,Engage,0.8829394578933716,2,Engage,0.8523775339126587,2,Engage,0.8106914758682251,3,Highly Engage,0.4809098243713379,2,Engage,0.9067026376724244,2,Engage,0.7721477150917053,2,Engage,0.572146475315094,2,Engage,0.96181720495224,2,Engage,0.7090657353401184,2,Engage,0.9643428325653076,2,Engage,0.956558644771576,2,Engage,0.7713015079498291,2,Engage,0.4302694499492645
video18_85_person6,18,0.7058823529411765,0.32501121082417705,0.7740272863043679,2,Engage,15,0,0.0,3,0.16666666666666666,15,0.8333333333333334,0,0.0,2,Engage,0.9500961303710938,2,Engage,0.7080861926078796,2,Engage,1.0,2,Engage,0.9768084287643432,2,Engage,0.8883734941482544,2,Engage,0.7372950911521912,2,Engage,0.9319323301315308,1,Disengage,0.6656802296638489,1,Disengage,0.4161155521869659,2,Engage,0.8971911668777466,2,Engage,0.499683529138565,1,Disengage,0.4396052360534668,2,Engage,0.9595605731010436,2,Engage,0.92677903175354,2,Engage,0.8316282033920288,2,Engage,0.8873692154884338,2,Engage,0.7856255769729614,2,Engage,0.4306611716747284
video18_86_person7,18,0.7908496732026143,0.25162916738782287,0.8321083949671851,2,Engage,16,0,0.0,0,0.0,16,0.8888888888888888,2,0.1111111111111111,2,Engage,0.9913506507873536,2,Engage,0.7730605602264404,2,Engage,1.0,2,Engage,0.9901298880577089,2,Engage,0.9416717886924744,2,Engage,0.9308331608772278,2,Engage,0.9241336584091188,2,Engage,0.6992552876472473,2,Engage,0.4660781025886535,2,Engage,0.9721146821975708,2,Engage,0.9138401746749878,2,Engage,0.6950901746749878,2,Engage,0.9315442442893982,2,Engage,0.6373529434204102,2,Engage,0.8235170245170593,2,Engage,0.973795473575592,3,Highly Engage,0.7489598989486694,3,Highly Engage,0.5652233958244324
video18_87_person2,18,0.8888888888888888,0.1547717145751626,0.8242311494217979,2,Engage,17,0,0.0,1,0.05555555555555555,17,0.9444444444444444,0,0.0,2,Engage,0.9598526358604432,2,Engage,0.8819565773010254,1,Disengage,1.0,2,Engage,0.9878334999084472,2,Engage,0.9344237446784972,2,Engage,0.8325997591018677,2,Engage,0.9009018540382384,2,Engage,0.7329462766647339,2,Engage,0.4067556858062744,2,Engage,0.9664498567581176,2,Engage,0.8655620217323303,2,Engage,0.5431851148605347,2,Engage,0.8752907514572144,2,Engage,0.8891001343727112,2,Engage,0.9856342673301696,2,Engage,0.8871743679046631,2,Engage,0.763789713382721,2,Engage,0.4227044284343719
video18_88_person3,18,0.7908496732026143,0.25162916738782287,0.7314687967300415,2,Engage,16,0,0.0,2,0.1111111111111111,16,0.8888888888888888,0,0.0,2,Engage,0.9507471919059752,2,Engage,0.9673585295677184,1,Disengage,0.9974387884140016,2,Engage,0.9867774844169616,2,Engage,0.955674171447754,2,Engage,0.582636833190918,2,Engage,0.5922433137893677,2,Engage,0.6291355490684509,2,Engage,0.3362141847610473,2,Engage,0.7887083888053894,2,Engage,0.4876640737056732,1,Disengage,0.4027487933635711,2,Engage,0.8800726532936096,2,Engage,0.6238839030265808,2,Engage,0.9244681000709534,2,Engage,0.9671799540519714,2,Engage,0.7162588238716125,2,Engage,0.3772276043891907
video18_88_person6,18,0.8888888888888888,0.1547717145751626,0.8235764983627532,2,Engage,17,0,0.0,0,0.0,17,0.9444444444444444,1,0.05555555555555555,2,Engage,0.957962691783905,2,Engage,0.7083147168159485,2,Engage,1.0,2,Engage,0.9913512468338012,2,Engage,0.9937673807144164,2,Engage,0.8518357872962952,2,Engage,0.930907428264618,2,Engage,0.7184299826622009,2,Engage,0.4696649014949798,2,Engage,0.9507609009742736,2,Engage,0.616999089717865,2,Engage,0.581619143486023,2,Engage,0.9894338250160216,2,Engage,0.9679523706436156,2,Engage,0.9194000363349916,2,Engage,0.9780040979385376,2,Engage,0.7075445055961609,3,Highly Engage,0.4904288649559021
video18_89_person1,18,0.5751633986928104,0.4262025893247393,0.7026041530900531,2,Engage,13,0,0.0,5,0.2777777777777778,13,0.7222222222222222,0,0.0,2,Engage,0.5506716370582581,2,Engage,0.4013780951499939,2,Engage,1.0,2,Engage,0.7197009325027466,1,Disengage,0.8847529292106628,1,Disengage,0.7319559454917908,1,Disengage,0.7970941066741943,1,Disengage,0.6563130021095276,1,Disengage,0.4255426526069641,2,Engage,0.5959593057632446,2,Engage,0.6117125749588013,2,Engage,0.5727110505104065,2,Engage,0.9675527811050416,2,Engage,0.7424386739730835,2,Engage,0.9690500497817992,2,Engage,0.9189942479133606,2,Engage,0.716887354850769,2,Engage,0.3841594159603119
video18_89_person7,18,0.6339869281045751,0.38210225325431013,0.7743409921725591,2,Engage,14,0,0.0,0,0.0,14,0.7777777777777778,4,0.2222222222222222,2,Engage,0.99177086353302,2,Engage,0.6647742390632629,2,Engage,1.0,2,Engage,0.9898925423622132,2,Engage,0.9418449401855468,2,Engage,0.8737156987190247,2,Engage,0.8896518349647522,2,Engage,0.5195724964141846,3,Highly Engage,0.4453963935375213,2,Engage,0.925094187259674,2,Engage,0.6699462532997131,2,Engage,0.4910820126533508,2,Engage,0.9186356663703918,2,Engage,0.5262776017189026,3,Highly Engage,0.5675359964370728,2,Engage,0.9424837827682496,3,Highly Engage,0.8630813956260681,3,Highly Engage,0.7173819541931152
video18_8_person3,18,0.7908496732026143,0.25162916738782287,0.7812273932827843,2,Engage,16,0,0.0,0,0.0,16,0.8888888888888888,2,0.1111111111111111,2,Engage,0.9614124298095704,2,Engage,0.9486075043678284,2,Engage,1.0,2,Engage,0.988997757434845,2,Engage,0.96676766872406,2,Engage,0.9079083204269408,2,Engage,0.92579847574234,2,Engage,0.7496354579925537,2,Engage,0.447128027677536,2,Engage,0.8183529376983643,3,Highly Engage,0.6542138457298279,3,Highly Engage,0.5360557436943054,2,Engage,0.8060920834541321,2,Engage,0.5602028965950012,2,Engage,0.6145744323730469,2,Engage,0.9869929552078248,2,Engage,0.7496644258499146,2,Engage,0.439688116312027
video18_90_person6,18,0.6339869281045751,0.38210225325431013,0.7294880366987653,2,Engage,14,0,0.0,0,0.0,14,0.7777777777777778,4,0.2222222222222222,2,Engage,0.8557486534118652,2,Engage,0.4246534705162048,2,Engage,1.0,2,Engage,0.9325150847434998,3,Highly Engage,0.5510020852088928,3,Highly Engage,0.6186574697494507,2,Engage,0.9491137266159058,2,Engage,0.8371800780296326,2,Engage,0.45634526014328,2,Engage,0.8039140105247498,3,Highly Engage,0.5196257829666138,3,Highly Engage,0.4158836305141449,2,Engage,0.9497366547584534,2,Engage,0.8420943021774292,2,Engage,0.9057738184928894,2,Engage,0.8514114618301392,2,Engage,0.8194754719734192,2,Engage,0.3976536989212036
video18_91_person1,18,0.477124183006536,0.4955380299191111,0.6604712439907922,2,Engage,10,0,0.0,8,0.4444444444444444,10,0.5555555555555556,0,0.0,2,Engage,0.5643417835235596,1,Disengage,0.4321584105491638,1,Disengage,1.0,2,Engage,0.6186651587486267,1,Disengage,0.7092080116271973,1,Disengage,0.6172717809677124,2,Engage,0.8969237804412842,2,Engage,0.5427690744400024,2,Engage,0.4362951815128326,1,Disengage,0.5954310894012451,1,Disengage,0.5901448130607605,1,Disengage,0.5752537846565247,2,Engage,0.9111979007720948,1,Disengage,0.7434447407722473,2,Engage,0.8049694299697876,2,Engage,0.6441712975502014,2,Engage,0.7748324871063232,2,Engage,0.4314036667346954
video18_93_person5,18,0.7908496732026143,0.25162916738782287,0.8420807156297896,3,Highly Engage,16,0,0.0,0,0.0,2,0.1111111111111111,16,0.8888888888888888,3,Highly Engage,0.5008089542388916,3,Highly Engage,0.5969374775886536,2,Engage,1.0,3,Highly Engage,0.9272820353507996,3,Highly Engage,0.954006552696228,3,Highly Engage,0.9400573968887328,3,Highly Engage,0.498661994934082,3,Highly Engage,0.8790318369865417,3,Highly Engage,0.8557536602020264,2,Engage,0.7092440128326416,3,Highly Engage,0.8214708566665649,3,Highly Engage,0.6800811886787415,3,Highly Engage,0.9236612915992736,3,Highly Engage,0.9943050742149352,3,Highly Engage,0.9950679540634156,3,Highly Engage,0.938556969165802,3,Highly Engage,0.9812237024307252,3,Highly Engage,0.9613019227981568
video18_94_person5,18,0.7908496732026143,0.25162916738782287,0.8164814909299215,2,Engage,16,0,0.0,0,0.0,16,0.8888888888888888,2,0.1111111111111111,2,Engage,0.9924662709236144,2,Engage,0.9692943692207336,2,Engage,1.0,2,Engage,0.9421226978302002,2,Engage,0.9938568472862244,2,Engage,0.9389697313308716,2,Engage,0.9507504105567932,2,Engage,0.835053563117981,3,Highly Engage,0.4469146132469177,2,Engage,0.9602510333061218,2,Engage,0.6216682195663452,2,Engage,0.5302888751029968,2,Engage,0.8037227392196655,2,Engage,0.7630791664123535,2,Engage,0.733064591884613,2,Engage,0.8794379830360413,2,Engage,0.6442255973815918,3,Highly Engage,0.6915001273155212
video18_94_person6,18,0.7908496732026143,0.25162916738782287,0.8079879300461875,2,Engage,16,0,0.0,0,0.0,16,0.8888888888888888,2,0.1111111111111111,2,Engage,0.8734267354011536,2,Engage,0.7367969751358032,2,Engage,1.0,2,Engage,0.9813940525054932,2,Engage,0.8690715432167053,2,Engage,0.8614950180053711,2,Engage,0.9336682558059692,2,Engage,0.8430312871932983,3,Highly Engage,0.4540948271751404,2,Engage,0.9579341411590576,2,Engage,0.5271223187446594,2,Engage,0.4678583145141601,2,Engage,0.9857023358345032,2,Engage,0.951904296875,2,Engage,0.9704740643501282,2,Engage,0.9614538550376892,2,Engage,0.7407433986663818,3,Highly Engage,0.4276113212108612
video18_94_person7,18,0.8888888888888888,0.1547717145751626,0.8633694582515292,2,Engage,17,0,0.0,0,0.0,17,0.9444444444444444,1,0.05555555555555555,2,Engage,0.9999773502349854,2,Engage,0.9991695880889891,2,Engage,1.0,2,Engage,0.9995923638343812,2,Engage,0.9993755221366882,2,Engage,0.9926605224609376,2,Engage,0.8883899450302124,2,Engage,0.4965388178825378,2,Engage,0.4644027054309845,2,Engage,0.9865416288375854,2,Engage,0.9620707035064696,2,Engage,0.795089602470398,2,Engage,0.9377540946006776,2,Engage,0.824996829032898,2,Engage,0.99150288105011,2,Engage,0.9857219457626344,2,Engage,0.7625429034233093,3,Highly Engage,0.4543228447437286
video18_95_person3,18,1.0,-0.0,0.8573989818493525,2,Engage,18,0,0.0,0,0.0,18,1.0,0,0.0,2,Engage,0.9861755967140198,2,Engage,0.9996647834777832,2,Engage,1.0,2,Engage,0.98947936296463,2,Engage,0.8941587805747986,2,Engage,0.9001392126083374,2,Engage,0.9292348623275756,2,Engage,0.6769624948501587,2,Engage,0.4666221737861633,2,Engage,0.9692128300666808,2,Engage,0.8563918471336365,2,Engage,0.6850574612617493,2,Engage,0.9587491154670716,2,Engage,0.9505566358566284,2,Engage,0.9990478157997132,2,Engage,0.9742196798324584,2,Engage,0.7776956558227539,2,Engage,0.4198133647441864
video18_96_person2,18,0.8888888888888888,0.1547717145751626,0.8341031670570374,2,Engage,17,0,0.0,0,0.0,17,0.9444444444444444,1,0.05555555555555555,2,Engage,0.9715453386306764,2,Engage,0.9559438228607178,2,Engage,1.0,2,Engage,0.9720679521560668,2,Engage,0.8817670345306396,2,Engage,0.7352303266525269,2,Engage,0.8766271471977234,2,Engage,0.7272240519523621,3,Highly Engage,0.567602276802063,2,Engage,0.9762852787971495,2,Engage,0.9109984636306764,2,Engage,0.7403056621551514,2,Engage,0.8346378803253174,2,Engage,0.7792261838912964,2,Engage,0.9689680933952332,2,Engage,0.9436472654342652,2,Engage,0.748882532119751,2,Engage,0.4228976964950561
video18_96_person3,18,0.49673202614379086,0.5674849873019705,0.6499328513940176,2,Engage,12,0,0.0,5,0.2777777777777778,12,0.6666666666666666,1,0.05555555555555555,2,Engage,0.9810155630111694,2,Engage,0.9432374835014344,2,Engage,1.0,2,Engage,0.6182047128677368,2,Engage,0.5253309607505798,3,Highly Engage,0.4753834009170532,1,Disengage,0.6712124943733215,2,Engage,0.7424787878990173,1,Disengage,0.5157553553581238,2,Engage,0.8833934664726257,2,Engage,0.3919076919555664,2,Engage,0.5060869455337524,2,Engage,0.6126601696014404,1,Disengage,0.6127638220787048,2,Engage,0.5645323395729065,2,Engage,0.7310530543327332,1,Disengage,0.5096538662910461,1,Disengage,0.4141212105751037
video18_96_person8,18,0.6339869281045751,0.38210225325431013,0.6881711118751102,0,Highly Disengage,14,14,0.7777777777777778,4,0.2222222222222222,0,0.0,0,0.0,1,Disengage,0.4597892165184021,0,Highly Disengage,0.5727355480194092,1,Disengage,1.0,0,Highly Disengage,0.5843705534934998,0,Highly Disengage,0.7717763781547546,0,Highly Disengage,0.9825544953346252,0,Highly Disengage,0.4966563284397125,0,Highly Disengage,0.6410403847694397,0,Highly Disengage,0.3751105368137359,1,Disengage,0.5616379976272583,0,Highly Disengage,0.8821588158607483,0,Highly Disengage,0.969582974910736,0,Highly Disengage,0.5092988610267639,0,Highly Disengage,0.7684736847877502,0,Highly Disengage,0.7075513005256653,1,Disengage,0.7246339321136475,0,Highly Disengage,0.7162253856658936,0,Highly Disengage,0.6634836196899414
video18_99_person3,18,0.5294117647058824,0.4591479170272447,0.7645433925920062,2,Engage,12,0,0.0,0,0.0,12,0.6666666666666666,6,0.3333333333333333,2,Engage,0.7511840462684631,3,Highly Engage,0.5155036449432373,3,Highly Engage,1.0,2,Engage,0.8395527601242065,3,Highly Engage,0.8509705066680908,3,Highly Engage,0.6614487767219543,2,Engage,0.932620882987976,2,Engage,0.7960410118103027,2,Engage,0.5193234086036682,2,Engage,0.8108804821968079,3,Highly Engage,0.8642587661743164,3,Highly Engage,0.8703164458274841,2,Engage,0.7858015894889832,2,Engage,0.7834153175354004,2,Engage,0.638759434223175,2,Engage,0.9657912850379944,2,Engage,0.729945182800293,2,Engage,0.4459675252437591
video18_9_person7,18,0.47058823529411764,0.5,0.7835832701789008,2,Engage,9,0,0.0,0,0.0,9,0.5,9,0.5,2,Engage,0.644199013710022,3,Highly Engage,0.878170907497406,3,Highly Engage,1.0,2,Engage,0.7643477916717529,3,Highly Engage,0.8372101783752441,3,Highly Engage,0.9192534685134888,2,Engage,0.8762350082397461,3,Highly Engage,0.544415295124054,2,Engage,0.4903532862663269,2,Engage,0.8024888634681702,3,Highly Engage,0.6309480667114258,3,Highly Engage,0.8259861469268799,2,Engage,0.9248568415641784,2,Engage,0.6272484064102173,2,Engage,0.949527144432068,2,Engage,0.8910109400749207,3,Highly Engage,0.8551990389823914,3,Highly Engage,0.6430484652519226
video1_107_person2,18,0.6078431372549019,0.4932133643654213,0.6487426261107127,1,Disengage,14,2,0.1111111111111111,14,0.7777777777777778,2,0.1111111111111111,0,0.0,0,Highly Disengage,0.3736289143562317,1,Disengage,0.3919536769390106,1,Disengage,1.0,2,Engage,0.681402325630188,1,Disengage,0.536883533000946,1,Disengage,0.6221321225166321,2,Engage,0.5435065627098083,1,Disengage,0.6324697136878967,0,Highly Disengage,0.5974848866462708,1,Disengage,0.5166749358177185,1,Disengage,0.6423700451850891,1,Disengage,0.832831621170044,1,Disengage,0.4781028926372528,1,Disengage,0.7441931962966919,1,Disengage,0.9592774510383606,1,Disengage,0.7290951609611511,1,Disengage,0.9185159802436828,1,Disengage,0.4768442511558532
video1_114_person2,18,0.477124183006536,0.6121972227029931,0.5390987743933996,2,Engage,12,0,0.0,4,0.2222222222222222,12,0.6666666666666666,2,0.1111111111111111,2,Engage,0.6342684626579285,2,Engage,0.2898933887481689,1,Disengage,1.0,2,Engage,0.7181695103645325,3,Highly Engage,0.5328339338302612,2,Engage,0.3684902489185333,2,Engage,0.461928516626358,3,Highly Engage,0.4553991854190826,2,Engage,0.385586529970169,2,Engage,0.6454583406448364,1,Disengage,0.4275950789451599,2,Engage,0.4471853673458099,2,Engage,0.5828986167907715,1,Disengage,0.4480616152286529,1,Disengage,0.4730584919452667,2,Engage,0.8332982063293457,2,Engage,0.6040723919868469,2,Engage,0.3955800533294678
video1_120_person5,18,0.5359477124183006,0.5610568385545543,0.7124564581447177,3,Highly Engage,13,0,0.0,2,0.1111111111111111,3,0.16666666666666666,13,0.7222222222222222,2,Engage,0.3360523283481598,3,Highly Engage,0.64952552318573,1,Disengage,1.0,3,Highly Engage,0.6569445729255676,3,Highly Engage,0.8678445219993591,3,Highly Engage,0.9366471171379088,2,Engage,0.5560756921768188,3,Highly Engage,0.7565568089485168,3,Highly Engage,0.6972671151161194,1,Disengage,0.5226466059684753,3,Highly Engage,0.4330301582813263,2,Engage,0.5314293503761292,3,Highly Engage,0.6824896335601807,3,Highly Engage,0.973559558391571,3,Highly Engage,0.8886476159095764,3,Highly Engage,0.6104217171669006,3,Highly Engage,0.8805992603302002,3,Highly Engage,0.8444786667823792
video1_122_person3,18,0.49673202614379086,0.5674849873019706,0.6462654554181628,3,Highly Engage,12,0,0.0,1,0.05555555555555555,5,0.2777777777777778,12,0.6666666666666666,3,Highly Engage,0.5157994031906128,3,Highly Engage,0.3447793424129486,2,Engage,1.0,2,Engage,0.4625661373138428,3,Highly Engage,0.4486103951931,1,Disengage,0.4145554900169372,2,Engage,0.6000060439109802,3,Highly Engage,0.6529133915901184,2,Engage,0.3735353052616119,3,Highly Engage,0.61933833360672,3,Highly Engage,0.8744789361953735,3,Highly Engage,0.5097905397415161,3,Highly Engage,0.7974462509155273,3,Highly Engage,0.8259433507919312,3,Highly Engage,0.882606029510498,2,Engage,0.5844367146492004,3,Highly Engage,0.8509981036186218,3,Highly Engage,0.8749744296073914
video1_125_person4,18,0.3202614379084967,0.8379110287883481,0.7039627979199091,1,Disengage,9,3,0.16666666666666666,9,0.5,1,0.05555555555555555,5,0.2777777777777778,1,Disengage,0.4686937630176544,3,Highly Engage,0.5876021981239319,1,Disengage,1.0,3,Highly Engage,0.5730313062667847,3,Highly Engage,0.7619985342025757,3,Highly Engage,0.9089125990867616,2,Engage,0.4657878279685974,1,Disengage,0.8388046026229858,3,Highly Engage,0.5678800940513611,1,Disengage,0.792712926864624,1,Disengage,0.8310527801513672,1,Disengage,0.7959373593330383,1,Disengage,0.8288167715072632,1,Disengage,0.5095028877258301,1,Disengage,0.8522522449493408,0,Highly Disengage,0.5320967435836792,0,Highly Disengage,0.7261331081390381,0,Highly Disengage,0.6301146149635315
video1_127_person5,18,0.3137254901960784,0.773315807696889,0.592930954363611,1,Disengage,8,0,0.0,8,0.4444444444444444,5,0.2777777777777778,5,0.2777777777777778,1,Disengage,0.4972372949123382,1,Disengage,0.5378671288490295,1,Disengage,1.0,2,Engage,0.4420709908008575,3,Highly Engage,0.5188618898391724,3,Highly Engage,0.687138557434082,1,Disengage,0.4955962598323822,1,Disengage,0.5661464333534241,1,Disengage,0.4974526166915893,1,Disengage,0.4075027108192444,1,Disengage,0.6337024569511414,2,Engage,0.5421565771102905,2,Engage,0.5496209263801575,3,Highly Engage,0.6307457685470581,3,Highly Engage,0.8890691995620728,2,Engage,0.860139787197113,2,Engage,0.4102267026901245,3,Highly Engage,0.5072218775749207
video1_129_person2,18,0.5294117647058824,0.4591479170272447,0.5625110980537202,2,Engage,12,0,0.0,6,0.3333333333333333,12,0.6666666666666666,0,0.0,2,Engage,0.6649699211120605,2,Engage,0.2898933887481689,1,Disengage,1.0,2,Engage,0.7330051064491272,2,Engage,0.3667130768299103,2,Engage,0.3580791652202606,2,Engage,0.6605870127677917,1,Disengage,0.4351180493831634,1,Disengage,0.3716762363910675,2,Engage,0.7627158164978027,2,Engage,0.4911152422428131,2,Engage,0.5787157416343689,2,Engage,0.6349620223045349,1,Disengage,0.4730313718318939,1,Disengage,0.5593453049659729,2,Engage,0.7538902759552002,2,Engage,0.597525417804718,1,Disengage,0.3938566148281097
video1_133_person2,18,0.43137254901960786,0.6163301284079103,0.6606577187776566,3,Highly Engage,10,0,0.0,1,0.05555555555555555,7,0.3888888888888889,10,0.5555555555555556,2,Engage,0.4622379839420318,3,Highly Engage,0.6458922028541565,3,Highly Engage,1.0,2,Engage,0.8255125284194946,3,Highly Engage,0.6694647669792175,3,Highly Engage,0.5938372611999512,2,Engage,0.7512023448944092,3,Highly Engage,0.388532280921936,2,Engage,0.4184360206127167,2,Engage,0.6518856287002563,3,Highly Engage,0.7758760452270508,3,Highly Engage,0.8738089799880981,2,Engage,0.6804032921791077,1,Disengage,0.4031564891338348,3,Highly Engage,0.6203895807266235,2,Engage,0.6659049391746521,3,Highly Engage,0.8388975262641907,3,Highly Engage,0.6264010667800903
video1_134_person5,18,0.3006535947712418,0.7857708359109623,0.6515898638301425,3,Highly Engage,7,0,0.0,6,0.3333333333333333,5,0.2777777777777778,7,0.3888888888888889,1,Disengage,0.5704500079154968,1,Disengage,0.5409298539161682,1,Disengage,1.0,2,Engage,0.6856962442398071,3,Highly Engage,0.606965184211731,3,Highly Engage,0.7866435647010803,2,Engage,0.5730843544006348,3,Highly Engage,0.4205386042594909,2,Engage,0.3490855097770691,1,Disengage,0.5891730785369873,1,Disengage,0.4805401563644409,1,Disengage,0.7310507893562317,2,Engage,0.6903537511825562,3,Highly Engage,0.6812372207641602,3,Highly Engage,0.7415966987609863,2,Engage,0.9422770142555236,3,Highly Engage,0.6432099342346191,3,Highly Engage,0.6957855820655823
video1_146_person2,18,0.49673202614379086,0.5674849873019705,0.5580938706795374,2,Engage,12,0,0.0,5,0.2777777777777778,12,0.6666666666666666,1,0.05555555555555555,2,Engage,0.5344006419181824,2,Engage,0.2898933887481689,1,Disengage,1.0,2,Engage,0.5852347612380981,1,Disengage,0.3946664929389953,1,Disengage,0.5449268221855164,2,Engage,0.6327403783798218,3,Highly Engage,0.4414559602737427,2,Engage,0.3960802555084228,2,Engage,0.8026320934295654,2,Engage,0.6182244420051575,2,Engage,0.5708884596824646,2,Engage,0.6156325340270996,1,Disengage,0.5479253530502319,1,Disengage,0.5170264840126038,2,Engage,0.4786156713962555,2,Engage,0.669333815574646,2,Engage,0.4060121178627014
video1_148_person2,18,0.41830065359477125,0.6258145836939114,0.5454846074183782,2,Engage,9,1,0.05555555555555555,8,0.4444444444444444,9,0.5,0,0.0,2,Engage,0.546960711479187,0,Highly Disengage,0.3318583965301513,1,Disengage,1.0,2,Engage,0.601259708404541,1,Disengage,0.4896090030670166,1,Disengage,0.6124392747879028,2,Engage,0.645261824131012,1,Disengage,0.3583813011646271,2,Engage,0.3644401133060455,1,Disengage,0.4856503903865814,1,Disengage,0.5168136358261108,1,Disengage,0.5073997378349304,2,Engage,0.5126462578773499,1,Disengage,0.5991427898406982,2,Engage,0.4391627609729767,2,Engage,0.7646182179450989,2,Engage,0.6199025511741638,2,Engage,0.4231762588024139
video1_153_person3,18,0.3202614379084967,0.7652465283787413,0.5701620595322715,2,Engage,8,0,0.0,4,0.2222222222222222,8,0.4444444444444444,6,0.3333333333333333,2,Engage,0.5905460119247437,3,Highly Engage,0.7276578545570374,1,Disengage,1.0,2,Engage,0.5820633769035339,3,Highly Engage,0.5495261549949646,3,Highly Engage,0.3598295450210571,2,Engage,0.7184709310531616,1,Disengage,0.8273267149925232,2,Engage,0.4152682423591614,2,Engage,0.6881605386734009,3,Highly Engage,0.498176634311676,1,Disengage,0.5532135963439941,2,Engage,0.5145295262336731,3,Highly Engage,0.3964487910270691,2,Engage,0.3839955031871795,2,Engage,0.4896425902843475,1,Disengage,0.4588766396045685,3,Highly Engage,0.5091844201087952
video1_156_person3,18,0.35294117647058826,0.8079022659701258,0.527591735124588,2,Engage,10,1,0.05555555555555555,3,0.16666666666666666,10,0.5555555555555556,4,0.2222222222222222,2,Engage,0.5245121121406555,2,Engage,0.4683604836463928,1,Disengage,1.0,2,Engage,0.54470294713974,2,Engage,0.4752833843231201,0,Highly Disengage,0.3795777559280395,2,Engage,0.7562854886054993,3,Highly Engage,0.4971341490745544,2,Engage,0.3738040626049042,2,Engage,0.5742000341415405,1,Disengage,0.4821496307849884,1,Disengage,0.5712739825248718,2,Engage,0.5087757706642151,3,Highly Engage,0.395502358675003,3,Highly Engage,0.4985046684741974,2,Engage,0.5872299075126648,2,Engage,0.4113090932369232,3,Highly Engage,0.448045402765274
video1_164_person5,18,0.3137254901960784,0.773315807696889,0.6489032093021605,2,Engage,8,0,0.0,5,0.2777777777777778,8,0.4444444444444444,5,0.2777777777777778,2,Engage,0.5596804618835449,3,Highly Engage,0.7822588682174683,1,Disengage,1.0,2,Engage,0.8688170909881592,2,Engage,0.4241057932376861,1,Disengage,0.4195790886878967,2,Engage,0.7377294898033142,3,Highly Engage,0.5567241311073303,3,Highly Engage,0.6845629811286926,1,Disengage,0.4557510614395141,3,Highly Engage,0.6987522840499878,2,Engage,0.4704940617084503,2,Engage,0.4372296631336212,1,Disengage,0.5583715438842773,3,Highly Engage,0.9610695242881776,2,Engage,0.9614377617836,1,Disengage,0.6095439195632935,2,Engage,0.4941500425338745
video1_165_person5,18,0.45751633986928103,0.5970868671284559,0.6302566412422392,2,Engage,11,0,0.0,1,0.05555555555555555,11,0.6111111111111112,6,0.3333333333333333,2,Engage,0.6074756383895874,3,Highly Engage,0.5964260101318359,1,Disengage,1.0,2,Engage,0.8645972609519958,2,Engage,0.3989356756210327,2,Engage,0.4369629621505737,2,Engage,0.7911996245384216,2,Engage,0.4683842360973358,3,Highly Engage,0.6631103157997131,2,Engage,0.4605010151863098,3,Highly Engage,0.5279220342636108,2,Engage,0.3162675499916076,2,Engage,0.8787392377853394,3,Highly Engage,0.5010571479797363,3,Highly Engage,0.8483957648277283,2,Engage,0.9806742668151855,2,Engage,0.4726274013519287,3,Highly Engage,0.531343400478363
video1_169_person2,18,0.5751633986928104,0.4262025893247393,0.5970570494731268,2,Engage,13,0,0.0,5,0.2777777777777778,13,0.7222222222222222,0,0.0,2,Engage,0.5310328006744385,2,Engage,0.2898933887481689,2,Engage,0.9971086382865906,2,Engage,0.6181578040122986,2,Engage,0.343225359916687,1,Disengage,0.4816699028015136,2,Engage,0.738745391368866,2,Engage,0.509385347366333,2,Engage,0.4307259619235992,2,Engage,0.7991307973861694,2,Engage,0.6758357286453247,2,Engage,0.719651997089386,1,Disengage,0.4405877888202667,1,Disengage,0.7503740191459656,1,Disengage,0.8468592762947083,2,Engage,0.5451685190200806,2,Engage,0.6300177574157715,1,Disengage,0.3994564116001129
video1_16_person4,18,0.5490196078431373,0.5264703802813174,0.7202013697889116,3,Highly Engage,13,0,0.0,1,0.05555555555555555,4,0.2222222222222222,13,0.7222222222222222,2,Engage,0.4855449199676513,3,Highly Engage,0.6924751996994019,1,Disengage,1.0,2,Engage,0.6100364923477173,3,Highly Engage,0.6349940299987793,3,Highly Engage,0.6773566007614136,2,Engage,0.6727896928787231,3,Highly Engage,0.7294042706489563,3,Highly Engage,0.5418455600738525,2,Engage,0.8459845781326294,3,Highly Engage,0.4326629340648651,3,Highly Engage,0.4607069194316864,3,Highly Engage,0.6631626486778259,3,Highly Engage,0.8777869939804077,3,Highly Engage,0.8715032339096069,3,Highly Engage,0.8924094438552856,3,Highly Engage,0.9630261659622192,3,Highly Engage,0.9119349718093872
video1_173_person2,18,0.39869281045751637,0.6758220575766962,0.5010938892761866,2,Engage,10,0,0.0,6,0.3333333333333333,10,0.5555555555555556,2,0.1111111111111111,2,Engage,0.5490329265594482,2,Engage,0.2898933887481689,1,Disengage,1.0,2,Engage,0.5284139513969421,3,Highly Engage,0.4167589843273163,1,Disengage,0.3454787731170654,2,Engage,0.4924830794334411,3,Highly Engage,0.4498114287853241,2,Engage,0.3969008922576904,1,Disengage,0.5038514733314514,1,Disengage,0.489854633808136,1,Disengage,0.4298495352268219,2,Engage,0.6985565423965454,1,Disengage,0.5349680781364441,2,Engage,0.3439399302005768,2,Engage,0.5510910153388977,2,Engage,0.5873444676399231,2,Engage,0.4114609062671661
video1_193_person3,18,0.477124183006536,0.4955380299191111,0.630926627251837,2,Engage,10,0,0.0,0,0.0,10,0.5555555555555556,8,0.4444444444444444,2,Engage,0.6194558143615723,2,Engage,0.4440192878246307,2,Engage,1.0,2,Engage,0.6103451251983643,3,Highly Engage,0.5573871731758118,3,Highly Engage,0.6100980639457703,2,Engage,0.8240295052528381,2,Engage,0.6703587174415588,3,Highly Engage,0.5151472091674805,2,Engage,0.6767476201057434,2,Engage,0.5977708101272583,2,Engage,0.4281369149684906,2,Engage,0.5617845058441162,3,Highly Engage,0.7422196269035339,3,Highly Engage,0.8633406758308411,3,Highly Engage,0.5506981611251831,3,Highly Engage,0.4852746427059173,3,Highly Engage,0.5998654365539551
video1_193_person5,18,0.43137254901960786,0.6163301284079103,0.5889602733982934,1,Disengage,10,0,0.0,10,0.5555555555555556,7,0.3888888888888889,1,0.05555555555555555,2,Engage,0.4341875612735748,1,Disengage,0.5139548778533936,1,Disengage,1.0,2,Engage,0.9181482195854188,1,Disengage,0.4554424285888672,1,Disengage,0.5174468755722046,2,Engage,0.7420912384986877,1,Disengage,0.418245792388916,1,Disengage,0.4019522368907928,1,Disengage,0.6364115476608276,3,Highly Engage,0.3569985032081604,2,Engage,0.4829842150211334,2,Engage,0.7513321042060852,1,Disengage,0.4786163866519928,2,Engage,0.480957567691803,2,Engage,0.8982633948326111,1,Disengage,0.7188941240310669,1,Disengage,0.3953578472137451
video1_196_person3,18,0.37254901960784315,0.6960736118322673,0.5794978456364738,2,Engage,8,2,0.1111111111111111,0,0.0,8,0.4444444444444444,8,0.4444444444444444,2,Engage,0.5745810270309448,3,Highly Engage,0.4395701289176941,2,Engage,0.9926924109458924,2,Engage,0.61407470703125,3,Highly Engage,0.5546063184738159,3,Highly Engage,0.3982766568660736,2,Engage,0.6687972545623779,3,Highly Engage,0.5597613453865051,3,Highly Engage,0.5170164704322815,2,Engage,0.7088921666145325,3,Highly Engage,0.7899557948112488,3,Highly Engage,0.3693499863147735,2,Engage,0.4897255003452301,3,Highly Engage,0.3834090828895569,0,Highly Disengage,0.6132561564445496,2,Engage,0.4897648394107818,0,Highly Disengage,0.8460229635238647,2,Engage,0.4212084114551544
video1_197_person5,18,0.39869281045751637,0.6758220575766961,0.6779284030199051,3,Highly Engage,10,0,0.0,2,0.1111111111111111,6,0.3333333333333333,10,0.5555555555555556,2,Engage,0.4082453846931457,1,Disengage,0.6533538103103638,1,Disengage,1.0,2,Engage,0.6957710981369019,3,Highly Engage,0.3647095859050751,3,Highly Engage,0.6805829405784607,2,Engage,0.7368326187133789,3,Highly Engage,0.6322467923164368,3,Highly Engage,0.5634686350822449,2,Engage,0.5314919948577881,3,Highly Engage,0.7535515427589417,3,Highly Engage,0.5477067828178406,2,Engage,0.5636227130889893,3,Highly Engage,0.8474903106689453,3,Highly Engage,0.776513934135437,2,Engage,0.939262330532074,3,Highly Engage,0.714931070804596,3,Highly Engage,0.7929297089576721
video1_206_person5,18,0.41830065359477125,0.6258145836939114,0.6800912188159095,2,Engage,9,0,0.0,1,0.05555555555555555,9,0.5,8,0.4444444444444444,2,Engage,0.4150241613388061,3,Highly Engage,0.7585281729698181,1,Disengage,1.0,2,Engage,0.6524156928062439,3,Highly Engage,0.6598392128944397,3,Highly Engage,0.9054146409034728,2,Engage,0.7952806353569031,3,Highly Engage,0.7678756713867188,3,Highly Engage,0.6860406398773193,2,Engage,0.5143823027610779,3,Highly Engage,0.4510330259799957,2,Engage,0.5610838532447815,2,Engage,0.8973694443702698,2,Engage,0.6539407968521118,2,Engage,0.5185497999191284,2,Engage,0.9941986799240112,3,Highly Engage,0.3888311684131622,3,Highly Engage,0.6218340396881104
video1_21_person3,18,0.7843137254901961,0.30718472294337845,0.713267359468672,3,Highly Engage,16,1,0.05555555555555555,0,0.0,1,0.05555555555555555,16,0.8888888888888888,3,Highly Engage,0.5951074361801147,3,Highly Engage,0.6589769124984741,2,Engage,1.0,3,Highly Engage,0.4892967939376831,3,Highly Engage,0.8548551201820374,3,Highly Engage,0.96867698431015,3,Highly Engage,0.5507541298866272,3,Highly Engage,0.7040976285934448,3,Highly Engage,0.4813102483749389,3,Highly Engage,0.7323930263519287,3,Highly Engage,0.9162961840629578,3,Highly Engage,0.9220368266105652,3,Highly Engage,0.6509790420532227,3,Highly Engage,0.6167717576026917,3,Highly Engage,0.7652103900909424,3,Highly Engage,0.764204740524292,0,Highly Disengage,0.3783356547355652,3,Highly Engage,0.7895095944404602
video1_3_person3,18,0.3202614379084967,0.8379110287883481,0.5724065783951018,3,Highly Engage,9,3,0.16666666666666666,1,0.05555555555555555,5,0.2777777777777778,9,0.5,2,Engage,0.413926213979721,2,Engage,0.3984875679016113,1,Disengage,1.0,2,Engage,0.4936745762825012,3,Highly Engage,0.6620376706123352,3,Highly Engage,0.7156014442443848,3,Highly Engage,0.6092089414596558,3,Highly Engage,0.6959336400032043,3,Highly Engage,0.6013571619987488,2,Engage,0.4288533329963684,0,Highly Disengage,0.546363353729248,0,Highly Disengage,0.654451310634613,2,Engage,0.3627291917800903,3,Highly Engage,0.4690964519977569,3,Highly Engage,0.7309991717338562,3,Highly Engage,0.6570332646369934,0,Highly Disengage,0.3502145111560821,3,Highly Engage,0.5133506059646606
video1_3_person4,18,0.24183006535947713,0.9524375025776289,0.5492475661966536,1,Disengage,7,5,0.2777777777777778,7,0.3888888888888889,3,0.16666666666666666,3,0.16666666666666666,2,Engage,0.3264403641223907,3,Highly Engage,0.4552372097969055,1,Disengage,1.0,3,Highly Engage,0.4711391031742096,1,Disengage,0.3559678494930267,1,Disengage,0.5296637415885925,2,Engage,0.4535185694694519,3,Highly Engage,0.2854711711406708,1,Disengage,0.3913790285587311,1,Disengage,0.6657809019088745,1,Disengage,0.3950015604496002,1,Disengage,0.5386170744895935,2,Engage,0.3306682705879211,0,Highly Disengage,0.6691729426383972,0,Highly Disengage,0.9684264659881592,0,Highly Disengage,0.5688608884811401,0,Highly Disengage,0.797827422618866,0,Highly Disengage,0.6832836270332336
video1_59_person2,18,0.5751633986928104,0.4262025893247393,0.5618682238790724,2,Engage,13,0,0.0,5,0.2777777777777778,13,0.7222222222222222,0,0.0,2,Engage,0.5175789594650269,2,Engage,0.2898933887481689,1,Disengage,1.0,2,Engage,0.5759096741676331,1,Disengage,0.5186339020729065,1,Disengage,0.4989510774612427,2,Engage,0.6636192798614502,1,Disengage,0.5384494662284851,2,Engage,0.3935716450214386,2,Engage,0.5745606422424316,2,Engage,0.3990382254123688,1,Disengage,0.4901959598064422,2,Engage,0.6296696662902832,2,Engage,0.5159205198287964,2,Engage,0.9999985694885254,2,Engage,0.512026309967041,2,Engage,0.5625203251838684,2,Engage,0.4330904185771942
video1_62_person3,18,0.45751633986928103,0.597086867128456,0.6292064438263575,3,Highly Engage,11,0,0.0,1,0.05555555555555555,6,0.3333333333333333,11,0.6111111111111112,2,Engage,0.4528481066226959,3,Highly Engage,0.5911647081375122,2,Engage,0.9976218342781068,2,Engage,0.4558365046977997,3,Highly Engage,0.8238417506217957,3,Highly Engage,0.853242814540863,2,Engage,0.4938891232013702,3,Highly Engage,0.6498098969459534,3,Highly Engage,0.4145177900791168,2,Engage,0.6070519089698792,3,Highly Engage,0.8524135947227478,1,Disengage,0.376887559890747,2,Engage,0.4735283553600311,3,Highly Engage,0.8331354260444641,3,Highly Engage,0.9852779507637024,3,Highly Engage,0.4692138433456421,3,Highly Engage,0.3996691703796386,3,Highly Engage,0.5957656502723694
video1_77_person2,18,0.43137254901960786,0.6163301284079103,0.6206089721785651,3,Highly Engage,10,0,0.0,1,0.05555555555555555,7,0.3888888888888889,10,0.5555555555555556,2,Engage,0.6049836874008179,3,Highly Engage,0.3731168210506439,2,Engage,1.0,2,Engage,0.820948600769043,3,Highly Engage,0.596213161945343,3,Highly Engage,0.5073848366737366,1,Disengage,0.4791721999645233,3,Highly Engage,0.4801182150840759,2,Engage,0.4113102257251739,2,Engage,0.7908215522766113,3,Highly Engage,0.7187552452087402,3,Highly Engage,0.8212316036224365,2,Engage,0.7129480838775635,3,Highly Engage,0.5110646486282349,3,Highly Engage,0.4288200438022613,2,Engage,0.8310187458992004,3,Highly Engage,0.511718213558197,3,Highly Engage,0.5713356137275696
video1_80_person3,18,0.40522875816993464,0.7501361728042042,0.5782643606265386,2,Engage,11,1,0.05555555555555555,2,0.1111111111111111,11,0.6111111111111112,4,0.2222222222222222,2,Engage,0.472908616065979,2,Engage,0.4131492972373962,1,Disengage,1.0,2,Engage,0.5097852945327759,3,Highly Engage,0.4320888817310333,3,Highly Engage,0.33883136510849,2,Engage,0.617214024066925,2,Engage,0.4906077086925506,2,Engage,0.3632290661334991,2,Engage,0.8188584446907043,2,Engage,0.4051942229270935,1,Disengage,0.405938059091568,2,Engage,0.8851708173751831,3,Highly Engage,0.5836540460586548,2,Engage,0.8449136018753052,2,Engage,0.8785120844841003,0,Highly Disengage,0.3467442691326141,3,Highly Engage,0.601958692073822
video1_92_person2,18,0.8888888888888888,0.1547717145751626,0.8528417448202769,3,Highly Engage,17,0,0.0,0,0.0,1,0.05555555555555555,17,0.9444444444444444,3,Highly Engage,0.6574108004570007,3,Highly Engage,0.8014607429504395,3,Highly Engage,1.0,2,Engage,0.8752762079238892,3,Highly Engage,0.7673875093460083,3,Highly Engage,0.8069341778755188,3,Highly Engage,0.6847843527793884,3,Highly Engage,0.8973463177680969,3,Highly Engage,0.870675265789032,3,Highly Engage,0.5998610258102417,3,Highly Engage,0.9114108085632324,3,Highly Engage,0.9163402915000916,3,Highly Engage,0.8470176458358765,3,Highly Engage,0.8307269215583801,3,Highly Engage,0.9902854561805724,3,Highly Engage,0.9520542621612548,3,Highly Engage,0.9866883158683776,3,Highly Engage,0.955491304397583
video1_99_person2,18,0.5490196078431373,0.5264703802813174,0.5609501269128587,2,Engage,13,0,0.0,4,0.2222222222222222,13,0.7222222222222222,1,0.05555555555555555,2,Engage,0.5328036546707153,2,Engage,0.2898933887481689,1,Disengage,1.0,2,Engage,0.6304926872253418,3,Highly Engage,0.3492185473442077,1,Disengage,0.4108846485614776,2,Engage,0.6238220930099487,1,Disengage,0.4484076797962188,2,Engage,0.396961510181427,2,Engage,0.755348801612854,2,Engage,0.4677537679672241,2,Engage,0.435718685388565,2,Engage,0.6681835651397705,1,Disengage,0.6795281767845154,2,Engage,0.5353755354881287,2,Engage,0.8233117461204529,2,Engage,0.655651867389679,2,Engage,0.3937459290027618
video5_0_person1,18,0.7058823529411765,0.32501121082417705,0.669731573926078,2,Engage,15,0,0.0,3,0.16666666666666666,15,0.8333333333333334,0,0.0,2,Engage,0.7511512041091919,1,Disengage,0.3991405069828033,2,Engage,1.0,2,Engage,0.7268370389938354,2,Engage,0.6055737137794495,2,Engage,0.5085041522979736,2,Engage,0.8483520150184631,1,Disengage,0.5392317771911621,2,Engage,0.4279172718524933,2,Engage,0.9232102632522584,2,Engage,0.55473792552948,1,Disengage,0.499723881483078,2,Engage,0.9043630957603456,2,Engage,0.7011319398880005,2,Engage,0.7467451691627502,2,Engage,0.7781063914299011,2,Engage,0.7340915203094482,2,Engage,0.4063504636287689
video5_100_person2,18,0.45751633986928103,0.5970868671284559,0.7254048155413734,2,Engage,11,0,0.0,1,0.05555555555555555,11,0.6111111111111112,6,0.3333333333333333,2,Engage,0.7618589401245117,3,Highly Engage,0.5916262269020081,2,Engage,1.0,2,Engage,0.932015061378479,2,Engage,0.7504137754440308,3,Highly Engage,0.8976573348045349,2,Engage,0.4955703318119049,2,Engage,0.5764816403388977,1,Disengage,0.3933283388614654,2,Engage,0.7800858020782471,3,Highly Engage,0.6338939070701599,3,Highly Engage,0.842914879322052,2,Engage,0.9140424132347108,3,Highly Engage,0.5031872391700745,2,Engage,0.8939194679260254,2,Engage,0.9402751326560974,2,Engage,0.5613940954208374,3,Highly Engage,0.5886220932006836
video5_100_person4,18,0.2679738562091503,0.9182958340544894,0.6633696738216612,2,Engage,8,2,0.1111111111111111,4,0.2222222222222222,8,0.4444444444444444,4,0.2222222222222222,2,Engage,0.5856068134307861,3,Highly Engage,0.4203589856624603,2,Engage,1.0,2,Engage,0.6101698875427246,3,Highly Engage,0.5622125864028931,3,Highly Engage,0.6898107528686523,2,Engage,0.442098468542099,0,Highly Disengage,0.8543550372123718,0,Highly Disengage,0.7234230637550354,2,Engage,0.7367609739303589,1,Disengage,0.4441068768501282,3,Highly Engage,0.8091975450515747,2,Engage,0.8612905144691467,1,Disengage,0.495958000421524,1,Disengage,0.583530068397522,2,Engage,0.9449766874313354,2,Engage,0.7900082468986511,1,Disengage,0.3867896199226379
video5_101_person6,18,1.0,-0.0,0.7454863935709,2,Engage,18,0,0.0,0,0.0,18,1.0,0,0.0,2,Engage,0.8124856352806091,2,Engage,0.3427296876907348,2,Engage,1.0,2,Engage,0.9312000870704652,2,Engage,0.86604243516922,2,Engage,0.7405516505241394,2,Engage,0.9022598266601562,2,Engage,0.6055130958557129,2,Engage,0.3662160634994507,2,Engage,0.8983862400054932,2,Engage,0.6397430896759033,2,Engage,0.66294264793396,2,Engage,0.9536970853805542,2,Engage,0.8419766426086426,2,Engage,0.9716532230377196,2,Engage,0.8760387301445007,2,Engage,0.6508867740631104,2,Engage,0.356432169675827
video5_102_person6,18,0.8888888888888888,0.1547717145751626,0.7681998726394441,2,Engage,17,0,0.0,1,0.05555555555555555,17,0.9444444444444444,0,0.0,2,Engage,0.8460442423820496,2,Engage,0.3327230811119079,2,Engage,1.0,2,Engage,0.9577450156211852,2,Engage,0.9649820327758788,2,Engage,0.801446259021759,2,Engage,0.8990780115127563,2,Engage,0.5267516374588013,1,Disengage,0.44780033826828,2,Engage,0.920614778995514,2,Engage,0.6494995951652527,2,Engage,0.5686999559402466,2,Engage,0.9626635909080504,2,Engage,0.8804938793182373,2,Engage,0.987717866897583,2,Engage,0.958869457244873,2,Engage,0.7549604177474976,2,Engage,0.3675075471401214
video5_106_person8,18,0.7908496732026143,0.25162916738782287,0.826171788904402,3,Highly Engage,16,0,0.0,0,0.0,2,0.1111111111111111,16,0.8888888888888888,3,Highly Engage,0.4631634950637817,3,Highly Engage,0.7486335635185242,2,Engage,1.0,3,Highly Engage,0.5413582921028137,3,Highly Engage,0.9698513746261596,3,Highly Engage,0.9961936473846436,3,Highly Engage,0.6327515840530396,3,Highly Engage,0.8594745993614197,3,Highly Engage,0.6601763367652893,2,Engage,0.5472962856292725,3,Highly Engage,0.7281758189201355,3,Highly Engage,0.7504503130912781,3,Highly Engage,0.9980170726776124,3,Highly Engage,0.9999672174453736,3,Highly Engage,0.9999998807907104,3,Highly Engage,0.9865356087684632,3,Highly Engage,0.998250424861908,3,Highly Engage,0.990796685218811
video5_107_person8,18,0.6862745098039216,0.45709141921760676,0.609801270895534,2,Engage,15,1,0.05555555555555555,1,0.05555555555555555,15,0.8333333333333334,1,0.05555555555555555,2,Engage,0.6934921145439148,2,Engage,0.3578005135059356,2,Engage,1.0,2,Engage,0.870807409286499,2,Engage,0.7528974413871765,2,Engage,0.4413106739521026,2,Engage,0.7873995304107666,2,Engage,0.5547932386398315,2,Engage,0.4037976562976837,2,Engage,0.9528704285621644,2,Engage,0.6148937344551086,2,Engage,0.6205283999443054,2,Engage,0.540600597858429,3,Highly Engage,0.6418036222457886,0,Highly Disengage,0.6285588145256042,1,Disengage,0.3181941211223602,2,Engage,0.352671355009079,2,Engage,0.4440032243728637
video5_109_person5,18,0.39869281045751637,0.7637535337951226,0.677231909500228,2,Engage,11,3,0.16666666666666666,3,0.16666666666666666,11,0.6111111111111112,1,0.05555555555555555,2,Engage,0.5966516137123108,2,Engage,0.2849941849708557,1,Disengage,1.0,2,Engage,0.922185242176056,2,Engage,0.8061059713363647,3,Highly Engage,0.6246922016143799,2,Engage,0.8312827348709106,2,Engage,0.6660009026527405,0,Highly Disengage,0.426366925239563,2,Engage,0.894299328327179,2,Engage,0.4268789291381836,2,Engage,0.6873936653137207,2,Engage,0.6986834406852722,1,Disengage,0.4393965303897857,1,Disengage,0.3760308027267456,2,Engage,0.9625727534294128,0,Highly Disengage,0.7061606645584106,0,Highly Disengage,0.8404784798622131
video5_10_person0,18,0.49673202614379086,0.5674849873019705,0.6921716299321916,1,Disengage,12,0,0.0,12,0.6666666666666666,5,0.2777777777777778,1,0.05555555555555555,1,Disengage,0.5922383069992065,1,Disengage,0.6250943541526794,2,Engage,1.0,1,Disengage,0.6129717826843262,1,Disengage,0.975437581539154,1,Disengage,0.9659274816513062,2,Engage,0.5608029365539551,1,Disengage,0.8564446568489075,1,Disengage,0.4334048330783844,1,Disengage,0.8487109541893005,1,Disengage,0.8777507543563843,1,Disengage,0.8383250832557678,2,Engage,0.703173816204071,1,Disengage,0.3926878571510315,2,Engage,0.533827543258667,2,Engage,0.6288873553276062,1,Disengage,0.5814077258110046,3,Highly Engage,0.4319963157176971
video5_110_person8,18,0.6143790849673203,0.4722442670831027,0.7016252560747994,3,Highly Engage,14,0,0.0,1,0.05555555555555555,3,0.16666666666666666,14,0.7777777777777778,3,Highly Engage,0.4898886978626251,3,Highly Engage,0.687066376209259,3,Highly Engage,1.0,2,Engage,0.7250507473945618,3,Highly Engage,0.8609139919281006,3,Highly Engage,0.9489710330963136,3,Highly Engage,0.6641181707382202,3,Highly Engage,0.7745262980461121,3,Highly Engage,0.5047622323036194,3,Highly Engage,0.7379623651504517,3,Highly Engage,0.8800872564315796,3,Highly Engage,0.9202312231063844,2,Engage,0.6100804209709167,2,Engage,0.4605690836906433,1,Disengage,0.5126712918281555,3,Highly Engage,0.6553645133972168,3,Highly Engage,0.5005860924720764,3,Highly Engage,0.6964048147201538
video5_111_person6,18,0.8888888888888888,0.1547717145751626,0.7626761280828052,2,Engage,17,0,0.0,1,0.05555555555555555,17,0.9444444444444444,0,0.0,2,Engage,0.846548318862915,2,Engage,0.3555914163589477,2,Engage,1.0,2,Engage,0.8861194849014282,2,Engage,0.8903657793998718,2,Engage,0.696260392665863,2,Engage,0.904137909412384,2,Engage,0.6015107035636902,1,Disengage,0.4517154991626739,2,Engage,0.8881807923316956,2,Engage,0.6903141140937805,2,Engage,0.6856371760368347,2,Engage,0.9715632200241088,2,Engage,0.8389814496040344,2,Engage,0.9898589253425598,2,Engage,0.8991005420684814,2,Engage,0.7432852983474731,2,Engage,0.3889992833137512
video5_114_person1,18,0.5490196078431373,0.5264703802813174,0.7148676796091927,2,Engage,13,0,0.0,1,0.05555555555555555,13,0.7222222222222222,4,0.2222222222222222,2,Engage,0.8007256984710693,3,Highly Engage,0.3604443371295929,2,Engage,1.0,2,Engage,0.9133614897727966,2,Engage,0.784930408000946,2,Engage,0.5371825098991394,2,Engage,0.9062840938568116,1,Disengage,0.5322121977806091,2,Engage,0.4136514067649841,2,Engage,0.9333194494247437,3,Highly Engage,0.5475490689277649,2,Engage,0.6055145859718323,2,Engage,0.9179701805114746,2,Engage,0.7669537663459778,2,Engage,0.5447710156440735,2,Engage,0.9636532068252563,3,Highly Engage,0.7614569067955017,3,Highly Engage,0.5776379108428955
video5_114_person8,18,0.49673202614379086,0.5674849873019705,0.7100798752572801,1,Disengage,12,0,0.0,12,0.6666666666666666,5,0.2777777777777778,1,0.05555555555555555,1,Disengage,0.4270856082439422,1,Disengage,0.4503422379493713,2,Engage,1.0,2,Engage,0.6544221043586731,1,Disengage,0.8832836747169495,1,Disengage,0.7983130216598511,2,Engage,0.795791745185852,1,Disengage,0.6847290396690369,3,Highly Engage,0.8253464698791504,1,Disengage,0.6727796792984009,1,Disengage,0.6898390054702759,1,Disengage,0.8533807396888733,1,Disengage,0.6714056134223938,1,Disengage,0.8074837327003479,1,Disengage,0.8932236433029175,2,Engage,0.7555474042892456,1,Disengage,0.5760214924812317,2,Engage,0.3424425423145294
video5_116_person2,18,1.0,-0.0,0.7756891945997874,2,Engage,18,0,0.0,0,0.0,18,1.0,0,0.0,2,Engage,0.914642572402954,2,Engage,0.2898933887481689,2,Engage,1.0,2,Engage,0.9248416423797609,2,Engage,0.9248018264770508,2,Engage,0.8264864087104797,2,Engage,0.8968976140022278,2,Engage,0.6226263046264648,2,Engage,0.3381446301937103,2,Engage,0.9458879232406616,2,Engage,0.5837817192077637,2,Engage,0.6489452719688416,2,Engage,0.9121317863464355,2,Engage,0.9184052348136902,2,Engage,0.9885597825050354,2,Engage,0.9642759561538696,2,Engage,0.8321792483329773,2,Engage,0.4299041926860809
video5_116_person6,18,0.8888888888888888,0.1547717145751626,0.7433879872163137,2,Engage,17,0,0.0,1,0.05555555555555555,17,0.9444444444444444,0,0.0,2,Engage,0.8616418242454529,2,Engage,0.3529196381568908,2,Engage,1.0,2,Engage,0.8734711408615112,2,Engage,0.9100386500358582,2,Engage,0.692107081413269,2,Engage,0.8866174817085266,2,Engage,0.5731150507926941,1,Disengage,0.4093495011329651,2,Engage,0.9071781039237976,2,Engage,0.6940231323242188,2,Engage,0.5343508720397949,2,Engage,0.8811463713645935,2,Engage,0.6572362780570984,2,Engage,0.97551029920578,2,Engage,0.9766253232955932,2,Engage,0.783326268196106,2,Engage,0.4123267531394958
video5_116_person8,18,0.43137254901960786,0.6163301284079103,0.6595764110485712,2,Engage,10,0,0.0,7,0.3888888888888889,10,0.5555555555555556,1,0.05555555555555555,2,Engage,0.698493480682373,1,Disengage,0.3951064646244049,2,Engage,1.0,2,Engage,0.8465280532836914,2,Engage,0.8342305421829224,1,Disengage,0.5026546716690063,2,Engage,0.5912405252456665,2,Engage,0.5196310877799988,3,Highly Engage,0.3911121487617492,2,Engage,0.718453049659729,2,Engage,0.6076699495315552,1,Disengage,0.7547486424446106,1,Disengage,0.6841910481452942,1,Disengage,0.6803357005119324,1,Disengage,0.9267861843109132,2,Engage,0.7078473567962646,1,Disengage,0.650201141834259,2,Engage,0.3631453514099121
video5_118_person3,18,0.47058823529411764,0.5,0.6423026356432173,1,Disengage,9,0,0.0,9,0.5,9,0.5,0,0.0,2,Engage,0.6357020139694214,1,Disengage,0.4111632108688354,2,Engage,1.0,2,Engage,0.8090466856956482,1,Disengage,0.5445438623428345,2,Engage,0.4488614499568939,2,Engage,0.6360127925872803,1,Disengage,0.7406478524208069,1,Disengage,0.478890597820282,2,Engage,0.9124093651771544,2,Engage,0.4765644073486328,1,Disengage,0.6729625463485718,2,Engage,0.632240355014801,1,Disengage,0.7121800184249878,1,Disengage,0.6628258228302002,2,Engage,0.8750713467597961,1,Disengage,0.5680413246154785,1,Disengage,0.344283789396286
video5_118_person8,18,0.3660130718954248,0.7516291673878228,0.588472949133979,1,Disengage,8,1,0.05555555555555555,8,0.4444444444444444,8,0.4444444444444444,1,0.05555555555555555,2,Engage,0.8045134544372559,1,Disengage,0.4456372559070587,2,Engage,1.0,2,Engage,0.8501860499382019,1,Disengage,0.5436317324638367,1,Disengage,0.6001169681549072,2,Engage,0.6018391251564026,2,Engage,0.6277695298194885,2,Engage,0.3693245649337768,2,Engage,0.5537806749343872,1,Disengage,0.4473324120044708,3,Highly Engage,0.401036262512207,2,Engage,0.5902299880981445,1,Disengage,0.4011542201042175,1,Disengage,0.6598837375640869,1,Disengage,0.6519379615783691,0,Highly Disengage,0.582969069480896,1,Disengage,0.4611700773239136
video5_11_person5,18,0.33986928104575165,0.7403410574831923,0.6312610242101881,0,Highly Disengage,8,8,0.4444444444444444,3,0.16666666666666666,7,0.3888888888888889,0,0.0,2,Engage,0.7267320156097412,2,Engage,0.284974068403244,1,Disengage,1.0,2,Engage,0.5394565463066101,0,Highly Disengage,0.4654196202754974,0,Highly Disengage,0.7355479598045349,2,Engage,0.5902435183525085,0,Highly Disengage,0.4257152378559112,0,Highly Disengage,0.8826435208320618,2,Engage,0.6595393419265747,0,Highly Disengage,0.4280238449573517,2,Engage,0.672141969203949,1,Disengage,0.3539420068264007,1,Disengage,0.4807792901992798,0,Highly Disengage,0.9531797170639038,2,Engage,0.3783306777477264,0,Highly Disengage,0.8642117381095886,0,Highly Disengage,0.9218173623085022
video5_121_person8,18,0.33986928104575165,0.7477690149595556,0.742987894349628,3,Highly Engage,9,0,0.0,4,0.2222222222222222,5,0.2777777777777778,9,0.5,2,Engage,0.6877841949462891,3,Highly Engage,0.696341335773468,3,Highly Engage,1.0,2,Engage,0.9484540820121764,3,Highly Engage,0.9812559485435486,3,Highly Engage,0.9972147345542908,3,Highly Engage,0.6532862782478333,3,Highly Engage,0.8417302370071411,3,Highly Engage,0.8460270166397095,2,Engage,0.6198964715003967,3,Highly Engage,0.8741805553436279,3,Highly Engage,0.7968966960906982,2,Engage,0.6209492087364197,1,Disengage,0.6524583101272583,1,Disengage,0.6307530403137207,1,Disengage,0.5827853083610535,1,Disengage,0.5322684645652771,2,Engage,0.4115002155303955
video5_123_person2,18,0.7843137254901961,0.30718472294337845,0.7026537640227212,2,Engage,16,0,0.0,1,0.05555555555555555,16,0.8888888888888888,1,0.05555555555555555,2,Engage,0.8504278063774109,2,Engage,0.343081533908844,2,Engage,1.0,2,Engage,0.908000111579895,2,Engage,0.9898937344551086,3,Highly Engage,0.5272645950317383,2,Engage,0.9017130136489868,2,Engage,0.4543547034263611,1,Disengage,0.4303319454193115,2,Engage,0.96358323097229,2,Engage,0.5533352494239807,2,Engage,0.593623161315918,2,Engage,0.6457945704460144,2,Engage,0.566575288772583,2,Engage,0.9499422907829284,2,Engage,0.8028060793876648,2,Engage,0.7235810160636902,2,Engage,0.4434594213962555
video5_123_person8,18,0.5359477124183006,0.5610568385545543,0.6589733941687478,2,Engage,13,0,0.0,2,0.1111111111111111,13,0.7222222222222222,3,0.16666666666666666,2,Engage,0.5355931520462036,2,Engage,0.4186199903488159,2,Engage,1.0,2,Engage,0.8575130105018616,2,Engage,0.4924017190933227,2,Engage,0.5980624556541443,3,Highly Engage,0.7044808864593506,3,Highly Engage,0.8053204417228699,3,Highly Engage,0.7896408438682556,2,Engage,0.8518970608711243,1,Disengage,0.4777701497077942,1,Disengage,0.581081748008728,2,Engage,0.6151964068412781,2,Engage,0.4898667633533478,2,Engage,0.893014132976532,2,Engage,0.7489944696426392,2,Engage,0.5695441365242004,2,Engage,0.4325237274169922
video5_124_person3,18,0.6339869281045751,0.38210225325431013,0.7074529545174705,1,Disengage,14,0,0.0,14,0.7777777777777778,4,0.2222222222222222,0,0.0,1,Disengage,0.6188946962356567,1,Disengage,0.7089829444885254,2,Engage,1.0,2,Engage,0.6830716729164124,1,Disengage,0.9382326006889344,1,Disengage,0.8192853927612305,2,Engage,0.6150928139686584,1,Disengage,0.603505551815033,1,Disengage,0.4248429536819458,1,Disengage,0.8208868503570557,1,Disengage,0.8712791204452515,1,Disengage,0.9081335067749025,2,Engage,0.6107441186904907,1,Disengage,0.5713075995445251,1,Disengage,0.4996145963668823,1,Disengage,0.7078120708465576,1,Disengage,0.9175926446914672,1,Disengage,0.4148740470409393
video5_127_person1,18,0.6339869281045751,0.38210225325431013,0.731864247057173,2,Engage,14,0,0.0,0,0.0,14,0.7777777777777778,4,0.2222222222222222,2,Engage,0.7438941597938538,3,Highly Engage,0.3985348343849182,2,Engage,1.0,2,Engage,0.8565093278884888,3,Highly Engage,0.9435991644859314,3,Highly Engage,0.976323664188385,2,Engage,0.8758714199066162,2,Engage,0.484424740076065,2,Engage,0.4211367964744568,2,Engage,0.7871390581130981,2,Engage,0.3346095681190491,3,Highly Engage,0.5676968693733215,2,Engage,0.926399827003479,2,Engage,0.9201655387878418,2,Engage,0.726950466632843,2,Engage,0.948842227458954,2,Engage,0.8715136051177979,2,Engage,0.3899451792240143
video5_127_person6,18,0.7058823529411765,0.32501121082417705,0.7258757253487905,2,Engage,15,0,0.0,3,0.16666666666666666,15,0.8333333333333334,0,0.0,2,Engage,0.8235672116279602,2,Engage,0.3388211131095886,2,Engage,1.0,2,Engage,0.8985394835472107,2,Engage,0.9440100193023682,2,Engage,0.7851256132125854,2,Engage,0.9027723073959352,2,Engage,0.58524489402771,1,Disengage,0.4274747967720032,2,Engage,0.8870179057121277,2,Engage,0.6749459505081177,2,Engage,0.6765266060829163,2,Engage,0.925647497177124,2,Engage,0.5831031799316406,2,Engage,0.9049021005630492,2,Engage,0.8452680110931396,1,Disengage,0.4994769096374511,1,Disengage,0.363319456577301
video5_130_person1,18,0.5294117647058824,0.4591479170272447,0.6447493334611257,2,Engage,12,0,0.0,6,0.3333333333333333,12,0.6666666666666666,0,0.0,2,Engage,0.6686863303184509,2,Engage,0.2898933887481689,1,Disengage,1.0,2,Engage,0.6866291761398315,2,Engage,0.7222272753715515,2,Engage,0.4876403510570526,2,Engage,0.6351973414421082,1,Disengage,0.5985805988311768,1,Disengage,0.3766889572143554,2,Engage,0.757607102394104,2,Engage,0.5873698592185974,2,Engage,0.5821343064308167,2,Engage,0.8362119197845459,2,Engage,0.6618350148200989,1,Disengage,0.6140211224555969,2,Engage,0.8068472146987915,1,Disengage,0.8408755660057068,1,Disengage,0.4530424773693084
video5_133_person1,18,0.7908496732026143,0.25162916738782287,0.7489925457371606,2,Engage,16,0,0.0,2,0.1111111111111111,16,0.8888888888888888,0,0.0,2,Engage,0.8105399012565613,1,Disengage,0.3256475031375885,2,Engage,1.0,2,Engage,0.9409979581832886,2,Engage,0.939005434513092,2,Engage,0.7330055832862854,2,Engage,0.8747169971466064,1,Disengage,0.5396989583969116,2,Engage,0.4203138053417206,2,Engage,0.9565483927726746,2,Engage,0.6848422288894653,2,Engage,0.6928412914276123,2,Engage,0.9267305135726928,2,Engage,0.6980234384536743,2,Engage,0.8790662884712219,2,Engage,0.9701871871948242,2,Engage,0.6295949220657349,2,Engage,0.4601054191589355
video5_133_person2,18,0.7058823529411765,0.32501121082417705,0.6376211692889532,2,Engage,15,0,0.0,3,0.16666666666666666,15,0.8333333333333334,0,0.0,2,Engage,0.706699013710022,2,Engage,0.2947787046432495,2,Engage,0.9999966621398926,2,Engage,0.8175965547561646,2,Engage,0.7587895393371582,2,Engage,0.49300017952919,2,Engage,0.8152663111686707,2,Engage,0.5958595275878906,1,Disengage,0.3729647994041443,2,Engage,0.6794700622558594,2,Engage,0.4818268418312073,1,Disengage,0.7675689458847046,2,Engage,0.8179671168327332,2,Engage,0.5535712838172913,2,Engage,0.5282184481620789,2,Engage,0.7683773040771484,1,Disengage,0.5419937372207642,2,Engage,0.483236014842987
video5_133_person3,18,0.49673202614379086,0.5674849873019706,0.7033590757184558,3,Highly Engage,12,0,0.0,1,0.05555555555555555,5,0.2777777777777778,12,0.6666666666666666,3,Highly Engage,0.4962293207645416,3,Highly Engage,0.7866250872612,2,Engage,1.0,2,Engage,0.5284454822540283,3,Highly Engage,0.8920807242393494,3,Highly Engage,0.9740222692489624,3,Highly Engage,0.6843258142471313,3,Highly Engage,0.7842822670936584,3,Highly Engage,0.8344462513923645,3,Highly Engage,0.7753527164459229,3,Highly Engage,0.917498767375946,3,Highly Engage,0.8871976137161255,2,Engage,0.5900309085845947,3,Highly Engage,0.5689408183097839,1,Disengage,0.7332654595375061,3,Highly Engage,0.4595203399658203,2,Engage,0.328149676322937,2,Engage,0.4200498461723327
video5_133_person5,18,0.3790849673202614,0.6910511266271551,0.7064974390798144,3,Highly Engage,9,0,0.0,2,0.1111111111111111,7,0.3888888888888889,9,0.5,2,Engage,0.4350245594978332,2,Engage,0.3386326432228088,1,Disengage,1.0,2,Engage,0.6179906129837036,3,Highly Engage,0.6488873362541199,3,Highly Engage,0.9497025609016418,2,Engage,0.6907258033752441,3,Highly Engage,0.6814916133880615,1,Disengage,0.396567553281784,2,Engage,0.6350411176681519,3,Highly Engage,0.8569996356964111,3,Highly Engage,0.9172001481056212,2,Engage,0.5237727761268616,3,Highly Engage,0.7239888310432434,3,Highly Engage,0.8794273734092712,2,Engage,0.9751546382904052,3,Highly Engage,0.6978179812431335,3,Highly Engage,0.7485287189483643
video5_134_person0,18,0.5359477124183006,0.5610568385545543,0.6990930024120543,2,Engage,13,0,0.0,3,0.16666666666666666,13,0.7222222222222222,2,0.1111111111111111,2,Engage,0.6432169675827026,2,Engage,0.8009642958641052,2,Engage,1.0,2,Engage,0.9528517127037048,2,Engage,0.728446364402771,2,Engage,0.6590125560760498,2,Engage,0.8651503920555115,1,Disengage,0.545197606086731,2,Engage,0.365062266588211,2,Engage,0.8905906677246094,1,Disengage,0.4776805937290191,3,Highly Engage,0.8236355781555176,2,Engage,0.5532976984977722,2,Engage,0.5228662490844727,1,Disengage,0.4585281908512115,2,Engage,0.9389925003051758,2,Engage,0.7602611780166626,3,Highly Engage,0.597919225692749
video5_135_person2,18,0.6339869281045751,0.38210225325431013,0.724057576722569,2,Engage,14,0,0.0,4,0.2222222222222222,14,0.7777777777777778,0,0.0,2,Engage,0.8053241968154907,1,Disengage,0.2960174083709717,1,Disengage,1.0,2,Engage,0.9578605890274048,2,Engage,0.9534315466880798,2,Engage,0.6280524730682373,2,Engage,0.8967565894126892,2,Engage,0.6575992107391357,1,Disengage,0.4173216223716736,2,Engage,0.929110586643219,2,Engage,0.5392234921455383,1,Disengage,0.5465283393859863,2,Engage,0.9164551496505736,2,Engage,0.8151167035102844,2,Engage,0.9228736758232116,2,Engage,0.7620915174484253,2,Engage,0.5458086133003235,2,Engage,0.4434646666049957
video5_136_person5,18,0.7908496732026143,0.25162916738782287,0.8500890168878767,0,Highly Disengage,16,16,0.8888888888888888,2,0.1111111111111111,0,0.0,0,0.0,1,Disengage,0.4988929033279419,0,Highly Disengage,0.9293923377990724,1,Disengage,1.0,0,Highly Disengage,0.9903272986412048,0,Highly Disengage,0.9999974966049194,0,Highly Disengage,0.9994296431541444,0,Highly Disengage,0.624386727809906,0,Highly Disengage,0.9885764718055724,0,Highly Disengage,0.9657258987426758,0,Highly Disengage,0.6416025757789612,0,Highly Disengage,0.9758920669555664,0,Highly Disengage,0.9768696427345276,0,Highly Disengage,0.7215684056282043,0,Highly Disengage,0.777834951877594,0,Highly Disengage,0.863689124584198,0,Highly Disengage,0.5018011927604675,0,Highly Disengage,0.8723884224891663,0,Highly Disengage,0.9732271432876588
video5_137_person6,18,1.0,-0.0,0.799271759059694,2,Engage,18,0,0.0,0,0.0,18,1.0,0,0.0,2,Engage,0.9074191451072692,2,Engage,0.351564884185791,2,Engage,1.0,2,Engage,0.9644928574562072,2,Engage,0.9888737201690674,2,Engage,0.9721930027008056,2,Engage,0.903550386428833,2,Engage,0.6296893358230591,2,Engage,0.4266446232795715,2,Engage,0.9464879035949708,2,Engage,0.8186792135238647,2,Engage,0.7432188391685486,2,Engage,0.9399980902671814,2,Engage,0.7648029327392578,2,Engage,0.982163667678833,2,Engage,0.8373445272445679,2,Engage,0.8320720791816711,2,Engage,0.3776964545249939
video5_138_person0,18,0.8888888888888888,0.1547717145751626,0.8537152757247289,3,Highly Engage,17,0,0.0,0,0.0,1,0.05555555555555555,17,0.9444444444444444,3,Highly Engage,0.6252326965332031,3,Highly Engage,0.8418889045715332,3,Highly Engage,1.0,3,Highly Engage,0.8959922194480896,3,Highly Engage,0.954473078250885,3,Highly Engage,0.993905246257782,3,Highly Engage,0.5010496377944946,2,Engage,0.5574380159378052,3,Highly Engage,0.4369861781597137,3,Highly Engage,0.7803335785865784,3,Highly Engage,0.8809173107147217,3,Highly Engage,0.9123877286911012,3,Highly Engage,0.9995429515838624,3,Highly Engage,0.9999271631240844,3,Highly Engage,1.0,3,Highly Engage,0.9897487759590148,3,Highly Engage,0.9995700716972352,3,Highly Engage,0.997481405735016
video5_138_person1,18,1.0,-0.0,0.7915352450476753,2,Engage,18,0,0.0,0,0.0,18,1.0,0,0.0,2,Engage,0.8246609568595886,2,Engage,0.3412583470344543,2,Engage,1.0,2,Engage,0.9525371789932252,2,Engage,0.938778281211853,2,Engage,0.8234210014343262,2,Engage,0.8780248165130615,2,Engage,0.4964083433151245,2,Engage,0.4222272038459778,2,Engage,0.9773805737495422,2,Engage,0.7177141308784485,2,Engage,0.7423841953277588,2,Engage,0.9657703638076782,2,Engage,0.9805312752723694,2,Engage,0.948258638381958,2,Engage,0.9887142777442932,2,Engage,0.8526595830917358,2,Engage,0.396905243396759
video5_139_person6,18,0.8888888888888888,0.1547717145751626,0.7363620499769846,2,Engage,17,0,0.0,0,0.0,17,0.9444444444444444,1,0.05555555555555555,2,Engage,0.8123732805252075,3,Highly Engage,0.3633963167667389,2,Engage,1.0,2,Engage,0.8142281770706177,2,Engage,0.822108268737793,2,Engage,0.7766578793525696,2,Engage,0.8995189666748047,2,Engage,0.5804651975631714,2,Engage,0.3928223550319671,2,Engage,0.8520152568817139,2,Engage,0.6907265186309814,2,Engage,0.72328782081604,2,Engage,0.8329306840896606,2,Engage,0.7563420534133911,2,Engage,0.9561243653297424,2,Engage,0.8878886103630066,2,Engage,0.7269689440727234,2,Engage,0.3666622042655945
video5_141_person1,18,0.7908496732026143,0.25162916738782287,0.7506206764115227,2,Engage,16,0,0.0,2,0.1111111111111111,16,0.8888888888888888,0,0.0,2,Engage,0.7669672966003418,2,Engage,0.2898933887481689,2,Engage,1.0,2,Engage,0.9547760486602784,2,Engage,0.9488113522529602,2,Engage,0.7617219090461731,2,Engage,0.8342592716217041,2,Engage,0.538120687007904,1,Disengage,0.3900445997714996,2,Engage,0.9548444151878356,2,Engage,0.6920636892318726,2,Engage,0.6776523590087891,2,Engage,0.9421576261520386,2,Engage,0.8376345634460449,2,Engage,0.7540161609649658,2,Engage,0.964947521686554,2,Engage,0.8200209736824036,1,Disengage,0.3832403123378753
video5_142_person5,18,0.7908496732026143,0.25162916738782287,0.8664916770325767,0,Highly Disengage,16,16,0.8888888888888888,2,0.1111111111111111,0,0.0,0,0.0,1,Disengage,0.4309727251529693,0,Highly Disengage,0.7932266592979431,1,Disengage,1.0,0,Highly Disengage,0.9025713205337524,0,Highly Disengage,0.998052716255188,0,Highly Disengage,0.9844894409179688,0,Highly Disengage,0.6025780439376831,0,Highly Disengage,0.9641958475112916,0,Highly Disengage,0.9606221318244934,0,Highly Disengage,0.596503496170044,0,Highly Disengage,0.9209471344947816,0,Highly Disengage,0.9448404312133788,0,Highly Disengage,0.972844660282135,0,Highly Disengage,0.9984310269355774,0,Highly Disengage,0.9991886019706726,0,Highly Disengage,0.5618912577629089,0,Highly Disengage,0.9747849106788636,0,Highly Disengage,0.9907097816467284
video5_142_person6,18,0.6339869281045751,0.38210225325431013,0.7046394099791845,2,Engage,14,0,0.0,4,0.2222222222222222,14,0.7777777777777778,0,0.0,2,Engage,0.8351334929466248,2,Engage,0.3530429601669311,2,Engage,1.0,2,Engage,0.7927359938621521,2,Engage,0.8601720929145813,2,Engage,0.620820939540863,2,Engage,0.9089482426643372,2,Engage,0.6173187494277954,1,Disengage,0.3830211460590362,2,Engage,0.8898000717163086,2,Engage,0.6696553230285645,2,Engage,0.6442738175392151,2,Engage,0.8800146579742432,1,Disengage,0.7574367523193359,1,Disengage,0.7263621687889099,2,Engage,0.787521481513977,2,Engage,0.5893219113349915,1,Disengage,0.3679295778274536
video5_143_person5,18,0.7908496732026143,0.25162916738782287,0.878436436255773,0,Highly Disengage,16,16,0.8888888888888888,2,0.1111111111111111,0,0.0,0,0.0,1,Disengage,0.4571943283081054,0,Highly Disengage,0.9033143520355223,1,Disengage,1.0,0,Highly Disengage,0.949556291103363,0,Highly Disengage,0.9991925358772278,0,Highly Disengage,0.989225447177887,0,Highly Disengage,0.6203972101211548,0,Highly Disengage,0.986791729927063,0,Highly Disengage,0.9620336294174194,0,Highly Disengage,0.629575788974762,0,Highly Disengage,0.9375426769256592,0,Highly Disengage,0.962917149066925,0,Highly Disengage,0.9214251041412354,0,Highly Disengage,0.9685232043266296,0,Highly Disengage,0.99577796459198,0,Highly Disengage,0.5561628937721252,0,Highly Disengage,0.9852787256240844,0,Highly Disengage,0.9869468212127686
video5_143_person8,18,0.6928104575163399,0.4015358636620513,0.6658271054426829,2,Engage,15,0,0.0,1,0.05555555555555555,15,0.8333333333333334,2,0.1111111111111111,2,Engage,0.6797740459442139,2,Engage,0.2898933887481689,2,Engage,1.0,2,Engage,0.9470410943031312,3,Highly Engage,0.6010714173316956,2,Engage,0.7190712690353394,2,Engage,0.8369536995887756,2,Engage,0.5684017539024353,1,Disengage,0.3609757721424103,2,Engage,0.902745008468628,2,Engage,0.7342544794082642,2,Engage,0.5764774680137634,2,Engage,0.8632204532623291,2,Engage,0.6317629814147949,2,Engage,0.6142488718032837,2,Engage,0.5586066842079163,2,Engage,0.4671182334423065,3,Highly Engage,0.6332712769508362
video5_144_person3,18,0.47058823529411764,0.5,0.6328393965959549,1,Disengage,9,0,0.0,9,0.5,9,0.5,0,0.0,2,Engage,0.651948869228363,1,Disengage,0.4197398424148559,2,Engage,1.0,2,Engage,0.8076611757278442,2,Engage,0.4928061366081238,1,Disengage,0.7010586261749268,2,Engage,0.510215699672699,1,Disengage,0.5225650668144226,1,Disengage,0.4172267019748688,1,Disengage,0.5353865027427673,1,Disengage,0.74459308385849,1,Disengage,0.7834085822105408,2,Engage,0.752812385559082,1,Disengage,0.4374167919158935,1,Disengage,0.7980142831802368,2,Engage,0.7581788897514343,2,Engage,0.6211231350898743,2,Engage,0.4369533658027649
video5_144_person4,18,0.29411764705882354,0.8611331559719917,0.5295037411981158,1,Disengage,7,3,0.16666666666666666,7,0.3888888888888889,7,0.3888888888888889,1,0.05555555555555555,2,Engage,0.5185271501541138,1,Disengage,0.2905171513557434,1,Disengage,1.0,2,Engage,0.6836591362953186,2,Engage,0.4511594474315643,0,Highly Disengage,0.4545729756355285,2,Engage,0.7537832856178284,0,Highly Disengage,0.4340198040008545,1,Disengage,0.3803393244743347,2,Engage,0.6313151717185974,1,Disengage,0.3395915329456329,1,Disengage,0.43656986951828,2,Engage,0.7244834303855896,1,Disengage,0.3532423079013824,3,Highly Engage,0.3175567388534546,2,Engage,0.6523931622505188,1,Disengage,0.6052592992782593,0,Highly Disengage,0.5040775537490845
video5_145_person4,18,0.33986928104575165,0.7403410574831923,0.5758852909008662,1,Disengage,8,3,0.16666666666666666,8,0.4444444444444444,7,0.3888888888888889,0,0.0,2,Engage,0.5827443599700928,1,Disengage,0.2979220747947693,1,Disengage,1.0,2,Engage,0.8704893589019775,2,Engage,0.5874847769737244,0,Highly Disengage,0.4866805970668793,2,Engage,0.7642230987548828,1,Disengage,0.4165411591529846,1,Disengage,0.3602547943592071,2,Engage,0.6830293536186218,0,Highly Disengage,0.3782244026660919,0,Highly Disengage,0.4992947280406952,2,Engage,0.6064198613166809,1,Disengage,0.3876300156116485,1,Disengage,0.6867150664329529,2,Engage,0.5777888894081116,1,Disengage,0.6723318696022034,1,Disengage,0.5081608295440674
video5_146_person1,18,0.6143790849673203,0.4722442670831027,0.7039229306909773,2,Engage,14,1,0.05555555555555555,3,0.16666666666666666,14,0.7777777777777778,0,0.0,2,Engage,0.7816249132156372,2,Engage,0.2898933887481689,1,Disengage,1.0,2,Engage,0.6453660130500793,2,Engage,0.6099748611450195,2,Engage,0.4807297885417938,2,Engage,0.628386378288269,1,Disengage,0.5896629095077515,0,Highly Disengage,0.7549021244049072,2,Engage,0.8870143294334412,2,Engage,0.7693383097648621,2,Engage,0.7506588101387024,2,Engage,0.8267679214477539,2,Engage,0.7370234131813049,2,Engage,0.6854632496833801,2,Engage,0.970793843269348,2,Engage,0.8491238951683044,1,Disengage,0.4138886034488678
video5_148_person3,18,0.3202614379084967,0.7652465283787413,0.7150177591376834,3,Highly Engage,8,0,0.0,4,0.2222222222222222,6,0.3333333333333333,8,0.4444444444444444,2,Engage,0.5197513699531555,3,Highly Engage,0.5623014569282532,2,Engage,1.0,2,Engage,0.7391543984413147,3,Highly Engage,0.7051512598991394,3,Highly Engage,0.8436051607131958,3,Highly Engage,0.6837384104728699,3,Highly Engage,0.8509336709976196,3,Highly Engage,0.666210949420929,2,Engage,0.5780461430549622,3,Highly Engage,0.8528557419776917,3,Highly Engage,0.7780702710151672,2,Engage,0.657018780708313,1,Disengage,0.6458858847618103,1,Disengage,0.9468525648117064,2,Engage,0.8708047270774841,1,Disengage,0.5883155465126038,1,Disengage,0.3816233277320862
video5_14_person4,18,0.3137254901960784,0.773315807696889,0.6336800273921754,1,Disengage,8,5,0.2777777777777778,8,0.4444444444444444,5,0.2777777777777778,0,0.0,2,Engage,0.5535618662834167,1,Disengage,0.2956936359405517,1,Disengage,1.0,1,Disengage,0.5030065774917603,1,Disengage,0.4137812852859497,0,Highly Disengage,0.7939075231552124,2,Engage,0.4897515773773193,0,Highly Disengage,0.7565520405769348,0,Highly Disengage,0.642194926738739,2,Engage,0.435330867767334,0,Highly Disengage,0.7386161684989929,0,Highly Disengage,0.9151061773300172,2,Engage,0.846980631351471,1,Disengage,0.3416154682636261,1,Disengage,0.6594341993331909,2,Engage,0.8928192257881165,1,Disengage,0.6727676391601562,1,Disengage,0.4551206827163696
video5_150_person4,18,0.33986928104575165,0.7477690149595556,0.6142585939831204,2,Engage,9,5,0.2777777777777778,4,0.2222222222222222,9,0.5,0,0.0,2,Engage,0.6386770009994507,2,Engage,0.2870362401008606,1,Disengage,1.0,2,Engage,0.6415603160858154,1,Disengage,0.4008747935295105,0,Highly Disengage,0.5242493748664856,2,Engage,0.688763439655304,0,Highly Disengage,0.6486372351646423,0,Highly Disengage,0.4020407199859619,2,Engage,0.552566647529602,0,Highly Disengage,0.5940613746643066,0,Highly Disengage,0.7601466178894043,2,Engage,0.9441465735435486,1,Disengage,0.3845981955528259,2,Engage,0.6215580105781555,2,Engage,0.966335952281952,2,Engage,0.5669479370117188,1,Disengage,0.4344542622566223
video5_151_person1,18,0.49673202614379086,0.4820393824041145,0.680739141172833,2,Engage,11,0,0.0,7,0.3888888888888889,11,0.6111111111111112,0,0.0,2,Engage,0.8874471187591553,2,Engage,0.2898933887481689,1,Disengage,1.0,2,Engage,0.5402487516403198,2,Engage,0.7884872555732727,1,Disengage,0.6296539902687073,2,Engage,0.8663648366928101,2,Engage,0.4767085611820221,2,Engage,0.392740398645401,2,Engage,0.8848668932914734,2,Engage,0.7917144894599915,2,Engage,0.7406569719314575,1,Disengage,0.5046214461326599,1,Disengage,0.8876612186431885,1,Disengage,0.9222896695137024,2,Engage,0.667378842830658,1,Disengage,0.5653592944145203,1,Disengage,0.4172114133834839
video5_156_person6,18,0.8888888888888888,0.1547717145751626,0.7903918806049559,2,Engage,17,0,0.0,1,0.05555555555555555,17,0.9444444444444444,0,0.0,2,Engage,0.8802669644355774,2,Engage,0.3285871148109436,2,Engage,1.0,2,Engage,0.9769452810287476,2,Engage,0.9852603673934937,2,Engage,0.975736439228058,2,Engage,0.8905037045478821,2,Engage,0.6403958797454834,2,Engage,0.3975185453891754,2,Engage,0.915080189704895,2,Engage,0.7916813492774963,2,Engage,0.7594774961471558,2,Engage,0.971238374710083,2,Engage,0.876767098903656,2,Engage,0.9685894250869752,2,Engage,0.7569966316223145,2,Engage,0.7465447187423706,1,Disengage,0.3654642701148987
video5_157_person2,18,0.8888888888888888,0.1547717145751626,0.7179728829198413,2,Engage,17,0,0.0,1,0.05555555555555555,17,0.9444444444444444,0,0.0,2,Engage,0.8686224818229675,2,Engage,0.2898933887481689,2,Engage,1.0,2,Engage,0.8817490935325623,2,Engage,0.9366193413734436,2,Engage,0.6991873979568481,2,Engage,0.874737560749054,2,Engage,0.5837110280990601,1,Disengage,0.3844478726387024,2,Engage,0.9547598361968994,2,Engage,0.5916176438331604,2,Engage,0.5931185483932495,2,Engage,0.8989284634590149,2,Engage,0.66489577293396,2,Engage,0.8431239128112793,2,Engage,0.6868231892585754,2,Engage,0.7265873551368713,2,Engage,0.444689005613327
video5_157_person6,18,1.0,-0.0,0.7784392833709717,2,Engage,18,0,0.0,0,0.0,18,1.0,0,0.0,2,Engage,0.8488747477531433,2,Engage,0.3031880557537079,2,Engage,1.0,2,Engage,0.9526415467262268,2,Engage,0.9648594856262208,2,Engage,0.9635835886001588,2,Engage,0.8795703053474426,2,Engage,0.6072180271148682,2,Engage,0.4085676372051239,2,Engage,0.8808003067970276,2,Engage,0.7503842115402222,2,Engage,0.7496572732925415,2,Engage,0.9464673399925232,2,Engage,0.7288612723350525,2,Engage,0.9108539819717408,2,Engage,0.8919995427131653,2,Engage,0.8327805995941162,2,Engage,0.391599178314209
video5_158_person1,18,0.49673202614379086,0.4820393824041145,0.6835744347837236,1,Disengage,11,0,0.0,11,0.6111111111111112,7,0.3888888888888889,0,0.0,2,Engage,0.8764150142669678,2,Engage,0.2898933887481689,1,Disengage,1.0,1,Disengage,0.787211000919342,1,Disengage,0.7362684011459351,1,Disengage,0.8399285078048706,2,Engage,0.8430966734886169,1,Disengage,0.622044026851654,1,Disengage,0.4211708903312683,2,Engage,0.8442419767379761,2,Engage,0.6847684383392334,2,Engage,0.6516886353492737,2,Engage,0.5512906312942505,1,Disengage,0.7587726712226868,1,Disengage,0.8813987970352173,1,Disengage,0.4804579317569732,1,Disengage,0.6016132831573486,1,Disengage,0.4340795576572418
video5_159_person3,18,0.29411764705882354,0.792481250360578,0.6604175335831113,1,Disengage,6,0,0.0,6,0.3333333333333333,6,0.3333333333333333,6,0.3333333333333333,2,Engage,0.5758916139602661,1,Disengage,0.4300789833068847,2,Engage,1.0,2,Engage,0.8188409805297852,2,Engage,0.4993227422237396,3,Highly Engage,0.4328635036945343,3,Highly Engage,0.6020954847335815,3,Highly Engage,0.8607874512672424,3,Highly Engage,0.6221118569374084,2,Engage,0.7133222222328186,3,Highly Engage,0.8416578769683838,3,Highly Engage,0.8110478520393372,2,Engage,0.5031850934028625,1,Disengage,0.6693329811096191,1,Disengage,0.8843379020690918,1,Disengage,0.5118153691291809,1,Disengage,0.7001261711120605,1,Disengage,0.4106975197792053
video5_162_person0,18,0.5294117647058824,0.4591479170272447,0.7430656353632609,1,Disengage,12,0,0.0,12,0.6666666666666666,6,0.3333333333333333,0,0.0,1,Disengage,0.6341452598571777,1,Disengage,0.5436261892318726,2,Engage,1.0,1,Disengage,0.8003770112991333,1,Disengage,0.9700838327407836,1,Disengage,0.9801787734031676,2,Engage,0.7003067135810852,1,Disengage,0.6614899039268494,1,Disengage,0.415442407131195,1,Disengage,0.8516817688941956,1,Disengage,0.8818055987358093,1,Disengage,0.8648145794868469,2,Engage,0.6296696662902832,2,Engage,0.5159205198287964,2,Engage,0.9999985694885254,1,Disengage,0.7181988954544067,1,Disengage,0.7629094123840332,2,Engage,0.4445323348045349
video5_164_person0,18,0.41830065359477125,0.6736115199663301,0.6982608884572983,2,Engage,11,0,0.0,4,0.2222222222222222,11,0.6111111111111112,3,0.16666666666666666,2,Engage,0.6059622168540955,3,Highly Engage,0.5170990228652954,2,Engage,1.0,2,Engage,0.9654170274734496,1,Disengage,0.6272658705711365,2,Engage,0.6376131772994995,2,Engage,0.74498450756073,1,Disengage,0.8038695454597473,2,Engage,0.3329541087150574,2,Engage,0.8673715591430664,1,Disengage,0.5037375688552856,1,Disengage,0.6964134573936462,2,Engage,0.7331644296646118,2,Engage,0.7537293434143066,3,Highly Engage,0.5266277194023132,2,Engage,0.9653667211532592,2,Engage,0.4921184480190277,3,Highly Engage,0.7950012683868408
video5_164_person4,18,0.3006535947712418,0.7857708359109623,0.6365576552020179,2,Engage,7,6,0.3333333333333333,5,0.2777777777777778,7,0.3888888888888889,0,0.0,2,Engage,0.6102290153503418,1,Disengage,0.2977969944477081,1,Disengage,1.0,2,Engage,0.6082040071487427,2,Engage,0.4773944914340973,0,Highly Disengage,0.4343711733818054,2,Engage,0.7671618461608887,0,Highly Disengage,0.7377703189849854,1,Disengage,0.3654480576515198,2,Engage,0.5800045132637024,0,Highly Disengage,0.564988374710083,0,Highly Disengage,0.794262170791626,2,Engage,0.7636249661445618,0,Highly Disengage,0.5457131266593933,1,Disengage,0.7629928588867188,2,Engage,0.7879250645637512,1,Disengage,0.580624520778656,0,Highly Disengage,0.7795262932777405
video5_16_person3,18,0.6143790849673203,0.4722442670831027,0.6590816825628281,2,Engage,14,0,0.0,1,0.05555555555555555,14,0.7777777777777778,3,0.16666666666666666,2,Engage,0.6507437229156494,3,Highly Engage,0.5024586915969849,2,Engage,1.0,2,Engage,0.8601778745651245,2,Engage,0.6090443730354309,2,Engage,0.7293210029602051,2,Engage,0.7732823491096497,1,Disengage,0.5024577975273132,2,Engage,0.3664876520633697,2,Engage,0.935434103012085,3,Highly Engage,0.6512752175331116,2,Engage,0.5810679793357849,2,Engage,0.6296696662902832,2,Engage,0.5159205198287964,2,Engage,0.9999985694885254,2,Engage,0.6165807247161865,3,Highly Engage,0.5121127963066101,2,Engage,0.4274372458457947
video5_1_person1,18,0.5751633986928104,0.4262025893247393,0.6797612011432648,2,Engage,13,0,0.0,5,0.2777777777777778,13,0.7222222222222222,0,0.0,2,Engage,0.4916127026081085,1,Disengage,0.3348204493522644,1,Disengage,1.0,2,Engage,0.8036163449287415,2,Engage,0.8565712571144104,2,Engage,0.6123946905136108,2,Engage,0.8518384099006653,2,Engage,0.5342570543289185,1,Disengage,0.5063951015472412,2,Engage,0.9027240872383118,2,Engage,0.6075303554534912,1,Disengage,0.4881253540515899,2,Engage,0.848007082939148,2,Engage,0.6782141923904419,2,Engage,0.7523335218429565,2,Engage,0.8647314310073853,2,Engage,0.7205954790115356,1,Disengage,0.381934106349945
video5_20_person3,18,0.7058823529411765,0.32501121082417705,0.7211700396405326,1,Disengage,15,0,0.0,15,0.8333333333333334,3,0.16666666666666666,0,0.0,2,Engage,0.4882917404174804,1,Disengage,0.4534485042095184,2,Engage,1.0,1,Disengage,0.5030046701431274,1,Disengage,0.90985506772995,1,Disengage,0.905942678451538,2,Engage,0.5179061889648438,1,Disengage,0.9300828576087952,1,Disengage,0.5700907111167908,1,Disengage,0.7488458156585693,1,Disengage,0.8224824070930481,1,Disengage,0.878109872341156,1,Disengage,0.6719675064086914,1,Disengage,0.7981323599815369,1,Disengage,0.9390124082565308,1,Disengage,0.6039159893989563,1,Disengage,0.8308355212211609,1,Disengage,0.409136414527893
video5_22_person4,18,0.26143790849673204,0.9008183206353036,0.565706921948327,0,Highly Disengage,6,6,0.3333333333333333,5,0.2777777777777778,6,0.3333333333333333,1,0.05555555555555555,2,Engage,0.555847704410553,2,Engage,0.2877337336540222,1,Disengage,1.0,1,Disengage,0.5118716359138489,1,Disengage,0.4020514786243438,0,Highly Disengage,0.8415841460227966,2,Engage,0.3816573917865753,0,Highly Disengage,0.7673577666282654,0,Highly Disengage,0.7319724559783936,2,Engage,0.416249930858612,0,Highly Disengage,0.5795516967773438,0,Highly Disengage,0.6958906054496765,2,Engage,0.6720411777496338,0,Highly Disengage,0.3978002369403839,3,Highly Engage,0.5399734973907471,2,Engage,0.5449852347373962,1,Disengage,0.380118727684021,1,Disengage,0.4760371744632721
video5_26_person8,18,0.7908496732026143,0.25162916738782287,0.8329945703347524,2,Engage,16,0,0.0,0,0.0,16,0.8888888888888888,2,0.1111111111111111,2,Engage,0.7752619385719299,3,Highly Engage,0.3983728885650635,2,Engage,1.0,2,Engage,0.9946324825286864,2,Engage,0.9888900518417358,2,Engage,0.92149817943573,2,Engage,0.8488305807113647,2,Engage,0.6505758166313171,3,Highly Engage,0.8441152572631836,2,Engage,0.9547233581542968,2,Engage,0.8079385757446289,2,Engage,0.735502302646637,2,Engage,0.972173273563385,2,Engage,0.8936747908592224,2,Engage,0.9822123050689696,2,Engage,0.9904658794403076,2,Engage,0.81583172082901,2,Engage,0.4192028641700744
video5_27_person4,18,0.24836601307189543,0.9388201415867107,0.6530333310365677,2,Engage,7,5,0.2777777777777778,2,0.1111111111111111,7,0.3888888888888889,4,0.2222222222222222,2,Engage,0.5847106575965881,2,Engage,0.2898933887481689,1,Disengage,1.0,2,Engage,0.5199061632156372,1,Disengage,0.4143656492233276,0,Highly Disengage,0.8670282959938049,2,Engage,0.5638617873191833,0,Highly Disengage,0.8731344938278198,0,Highly Disengage,0.5550400018692017,2,Engage,0.5849564671516418,0,Highly Disengage,0.514519453048706,0,Highly Disengage,0.7049597501754761,2,Engage,0.6762791275978088,3,Highly Engage,0.5427333116531372,3,Highly Engage,0.9448819160461426,3,Highly Engage,0.7526055574417114,3,Highly Engage,0.8785578012466431,2,Engage,0.4871661365032196
video5_2_person3,18,0.41830065359477125,0.6736115199663301,0.6808957623110877,2,Engage,11,0,0.0,3,0.16666666666666666,11,0.6111111111111112,4,0.2222222222222222,2,Engage,0.6870995759963989,3,Highly Engage,0.5340365171432495,2,Engage,1.0,2,Engage,0.7885526418685913,2,Engage,0.6038872599601746,3,Highly Engage,0.5400075912475586,2,Engage,0.8413599729537964,3,Highly Engage,0.8246607184410095,3,Highly Engage,0.8409363031387329,2,Engage,0.976685345172882,2,Engage,0.555862545967102,2,Engage,0.6313347220420837,1,Disengage,0.6138685345649719,1,Disengage,0.4896419048309326,1,Disengage,0.5053842663764954,2,Engage,0.7575377821922302,2,Engage,0.6922124028205872,2,Engage,0.373055636882782
video5_30_person8,18,0.6928104575163399,0.4015358636620513,0.7678518030378554,2,Engage,15,0,0.0,1,0.05555555555555555,15,0.8333333333333334,2,0.1111111111111111,2,Engage,0.8889719843864441,3,Highly Engage,0.3583249747753143,2,Engage,1.0,2,Engage,0.9873952865600586,2,Engage,0.980933964252472,2,Engage,0.8117597699165344,2,Engage,0.8990155458450317,2,Engage,0.7576354146003723,3,Highly Engage,0.8540694117546082,2,Engage,0.9428427815437316,2,Engage,0.8196732401847839,2,Engage,0.6410018801689148,2,Engage,0.667563259601593,2,Engage,0.6221775412559509,2,Engage,0.6289988160133362,2,Engage,0.9233886003494264,1,Disengage,0.6748459935188293,2,Engage,0.3627339899539947
video5_32_person6,18,0.7908496732026143,0.25162916738782287,0.6663123187091615,2,Engage,16,0,0.0,2,0.1111111111111111,16,0.8888888888888888,0,0.0,2,Engage,0.7896156311035156,2,Engage,0.3301127851009369,2,Engage,1.0,2,Engage,0.9154964685440063,2,Engage,0.6249368190765381,2,Engage,0.4977185428142547,2,Engage,0.8671073317527771,2,Engage,0.666879415512085,2,Engage,0.3471791744232178,2,Engage,0.7351178526878357,2,Engage,0.6235871315002441,2,Engage,0.6271900534629822,2,Engage,0.7222013473510742,1,Disengage,0.5104805827140808,1,Disengage,0.8269212245941162,2,Engage,0.9023447036743164,2,Engage,0.6535645127296448,2,Engage,0.3531681597232818
video5_34_person3,18,0.39869281045751637,0.6758220575766961,0.666063764029079,2,Engage,10,0,0.0,2,0.1111111111111111,10,0.5555555555555556,6,0.3333333333333333,2,Engage,0.589564323425293,3,Highly Engage,0.4775743186473846,2,Engage,1.0,2,Engage,0.6823135614395142,3,Highly Engage,0.7120922803878784,3,Highly Engage,0.8852033019065857,2,Engage,0.7065868973731995,1,Disengage,0.6753233075141907,3,Highly Engage,0.3746672570705414,2,Engage,0.7453083395957947,3,Highly Engage,0.8693561553955078,3,Highly Engage,0.9175999760627748,2,Engage,0.7139865159988403,2,Engage,0.4017913043498993,2,Engage,0.5793691277503967,2,Engage,0.7498509287834167,1,Disengage,0.4879571497440338,2,Engage,0.4206030070781708
video5_39_person1,18,0.6928104575163399,0.40153586366205124,0.7875108073155085,2,Engage,15,1,0.05555555555555555,2,0.1111111111111111,15,0.8333333333333334,0,0.0,2,Engage,0.82546466588974,2,Engage,0.2898933887481689,1,Disengage,1.0,2,Engage,0.949908971786499,2,Engage,0.9552258253097534,2,Engage,0.7379403710365295,2,Engage,0.8283459544181824,1,Disengage,0.4956803619861603,0,Highly Disengage,0.5049550533294678,2,Engage,0.9288969039916992,2,Engage,0.8378504514694214,2,Engage,0.7619732618331909,2,Engage,0.9804757237434388,2,Engage,0.9354565143585204,2,Engage,0.9275358319282532,2,Engage,0.9957125186920166,2,Engage,0.8318150043487549,2,Engage,0.3880637288093567
video5_41_person2,18,0.40522875816993464,0.7501361728042042,0.6483454075124528,1,Disengage,11,1,0.05555555555555555,11,0.6111111111111112,4,0.2222222222222222,2,0.1111111111111111,1,Disengage,0.4064078629016876,1,Disengage,0.3652851283550262,1,Disengage,1.0,2,Engage,0.5261555910110474,1,Disengage,0.6761467456817627,1,Disengage,0.8149962425231934,2,Engage,0.7969493865966797,2,Engage,0.5418854355812073,0,Highly Disengage,0.6998189091682434,1,Disengage,0.7465575337409973,3,Highly Engage,0.3070589303970337,3,Highly Engage,0.4483848512172699,2,Engage,0.5515161156654358,1,Disengage,0.8020951747894287,1,Disengage,0.7685332894325256,1,Disengage,0.8187198042869568,1,Disengage,0.9403810501098632,1,Disengage,0.4593252837657928
video5_43_person8,18,0.47058823529411764,0.6258145836939114,0.7229997747474246,2,Engage,12,0,0.0,3,0.16666666666666666,12,0.6666666666666666,3,0.16666666666666666,2,Engage,0.8253995776176453,2,Engage,0.3157480359077453,2,Engage,1.0,2,Engage,0.862245500087738,2,Engage,0.914843499660492,3,Highly Engage,0.4744366407394409,2,Engage,0.8536167740821838,3,Highly Engage,0.8451297283172607,3,Highly Engage,0.8278903365135193,2,Engage,0.92501562833786,2,Engage,0.7507151365280151,2,Engage,0.6429744958877563,2,Engage,0.8900007009506226,2,Engage,0.5425922274589539,1,Disengage,0.555270254611969,2,Engage,0.9056199193000792,1,Disengage,0.5263020396232605,1,Disengage,0.3561954498291015
video5_44_person5,18,0.35294117647058826,0.7295739585136225,0.6453532344765134,2,Engage,9,6,0.3333333333333333,3,0.16666666666666666,9,0.5,0,0.0,2,Engage,0.6141034960746765,2,Engage,0.2885759770870209,1,Disengage,1.0,2,Engage,0.7476601004600525,0,Highly Disengage,0.7064679861068726,0,Highly Disengage,0.877033531665802,2,Engage,0.446633517742157,2,Engage,0.4870941042900085,0,Highly Disengage,0.7832342982292175,2,Engage,0.6972196698188782,0,Highly Disengage,0.3938494920730591,2,Engage,0.6933798789978027,2,Engage,0.6277467012405396,1,Disengage,0.5256816744804382,0,Highly Disengage,0.816094696521759,2,Engage,0.865632951259613,1,Disengage,0.5521747469902039,0,Highly Disengage,0.4937753975391388
video5_44_person6,18,0.7908496732026143,0.25162916738782287,0.737394768330786,2,Engage,16,0,0.0,2,0.1111111111111111,16,0.8888888888888888,0,0.0,2,Engage,0.832234799861908,2,Engage,0.3280751705169678,2,Engage,1.0,2,Engage,0.9617128968238832,2,Engage,0.8661296963691711,2,Engage,0.851306140422821,2,Engage,0.8813982009887695,2,Engage,0.6108207106590271,1,Disengage,0.4026929438114166,2,Engage,0.8527052402496338,2,Engage,0.6686123609542847,2,Engage,0.6943315267562866,2,Engage,0.8933974504470825,2,Engage,0.8274688124656677,2,Engage,0.7177026271820068,2,Engage,0.8196147680282593,2,Engage,0.7123051285743713,1,Disengage,0.3525973558425903
video5_45_person3,18,0.5294117647058824,0.4591479170272447,0.6428227871656418,1,Disengage,12,0,0.0,12,0.6666666666666666,6,0.3333333333333333,0,0.0,2,Engage,0.5462197661399841,1,Disengage,0.4122152626514435,2,Engage,1.0,2,Engage,0.6886200308799744,1,Disengage,0.6657450795173645,1,Disengage,0.6484281420707703,2,Engage,0.6826109290122986,1,Disengage,0.7476441264152527,1,Disengage,0.5058820247650146,2,Engage,0.6670791506767273,1,Disengage,0.6417264938354492,1,Disengage,0.7779421210289001,2,Engage,0.6831904053688049,1,Disengage,0.6147520542144775,1,Disengage,0.6062923669815063,1,Disengage,0.5221892595291138,1,Disengage,0.7736323475837708,1,Disengage,0.3866406083106994
video5_45_person5,18,0.39869281045751637,0.7637535337951226,0.611074008875423,2,Engage,11,3,0.16666666666666666,3,0.16666666666666666,11,0.6111111111111112,1,0.05555555555555555,2,Engage,0.5318801999092102,2,Engage,0.2867149412631988,1,Disengage,1.0,2,Engage,0.5643414855003357,2,Engage,0.4407656192779541,3,Highly Engage,0.402300626039505,2,Engage,0.685818612575531,2,Engage,0.6586534976959229,0,Highly Disengage,0.7835226058959961,2,Engage,0.7249982357025146,2,Engage,0.348634272813797,2,Engage,0.6866173148155212,2,Engage,0.4910134971141815,1,Disengage,0.443045437335968,0,Highly Disengage,0.7982052564620972,2,Engage,0.8097507357597351,1,Disengage,0.4900048673152923,0,Highly Disengage,0.8530649542808533
video5_45_person8,18,0.6339869281045751,0.38210225325431013,0.7629430343707403,2,Engage,14,0,0.0,0,0.0,14,0.7777777777777778,4,0.2222222222222222,2,Engage,0.8701325058937073,3,Highly Engage,0.6030690670013428,3,Highly Engage,1.0,2,Engage,0.9169182181358336,2,Engage,0.577696681022644,2,Engage,0.8175252079963684,3,Highly Engage,0.6567947864532471,2,Engage,0.5209785103797913,3,Highly Engage,0.8809066414833069,2,Engage,0.8993796706199646,2,Engage,0.4800996780395508,2,Engage,0.5601274967193604,2,Engage,0.985395848751068,2,Engage,0.8921085000038147,2,Engage,0.953016757965088,2,Engage,0.9668830633163452,2,Engage,0.7348790764808655,2,Engage,0.417062908411026
video5_46_person8,18,0.41830065359477125,0.6736115199663301,0.7375707642899619,2,Engage,11,0,0.0,4,0.2222222222222222,11,0.6111111111111112,3,0.16666666666666666,2,Engage,0.6970144510269165,3,Highly Engage,0.5770267844200134,3,Highly Engage,1.0,2,Engage,0.950011670589447,2,Engage,0.8400487899780273,2,Engage,0.7636605501174927,2,Engage,0.859542965888977,2,Engage,0.7257986664772034,3,Highly Engage,0.833024799823761,2,Engage,0.9359091520309448,2,Engage,0.754814624786377,1,Disengage,0.6110191941261292,2,Engage,0.7910907864570618,1,Disengage,0.5084296464920044,1,Disengage,0.5783311724662781,2,Engage,0.8979538679122925,1,Disengage,0.5872578024864197,2,Engage,0.3653388321399688
video5_4_person5,18,0.3790849673202614,0.7076344750135478,0.6603219211101532,2,Engage,10,3,0.16666666666666666,5,0.2777777777777778,10,0.5555555555555556,0,0.0,2,Engage,0.6391782164573669,1,Disengage,0.2910531759262085,1,Disengage,1.0,1,Disengage,0.4914462566375732,0,Highly Disengage,0.9853526949882508,0,Highly Disengage,0.936259627342224,2,Engage,0.7777912616729736,2,Engage,0.501893937587738,0,Highly Disengage,0.5264766216278076,2,Engage,0.5906901359558105,2,Engage,0.5260564684867859,2,Engage,0.6340032815933228,2,Engage,0.6820387840270996,2,Engage,0.5295963883399963,2,Engage,0.6127501130104065,2,Engage,0.8885766863822937,1,Disengage,0.8086134195327759,1,Disengage,0.4640175104141235
video5_50_person4,18,0.33986928104575165,0.7403410574831923,0.622198599908087,2,Engage,8,7,0.3888888888888889,3,0.16666666666666666,8,0.4444444444444444,0,0.0,2,Engage,0.6282221078872681,2,Engage,0.2898933887481689,1,Disengage,1.0,2,Engage,0.6829767227172852,1,Disengage,0.3823614418506622,0,Highly Disengage,0.8846124410629272,2,Engage,0.627443253993988,0,Highly Disengage,0.7229278683662415,0,Highly Disengage,0.4656092524528503,2,Engage,0.6596777439117432,0,Highly Disengage,0.4676269888877868,0,Highly Disengage,0.5373204946517944,2,Engage,0.8022650480270386,0,Highly Disengage,0.569177508354187,2,Engage,0.5260880589485168,2,Engage,0.778701663017273,1,Disengage,0.6102955937385559,0,Highly Disengage,0.5643752217292786
video5_51_person5,18,0.6339869281045751,0.38210225325431013,0.7256361345450083,0,Highly Disengage,14,14,0.7777777777777778,4,0.2222222222222222,0,0.0,0,0.0,1,Disengage,0.4072097837924957,0,Highly Disengage,0.6843343377113342,1,Disengage,1.0,0,Highly Disengage,0.4817777872085571,0,Highly Disengage,0.9179257750511168,0,Highly Disengage,0.9394016861915588,1,Disengage,0.5929134488105774,1,Disengage,0.6932162046432495,0,Highly Disengage,0.9165305495262146,0,Highly Disengage,0.4141825437545776,0,Highly Disengage,0.8761703968048096,0,Highly Disengage,0.8886964321136475,0,Highly Disengage,0.3982308506965637,0,Highly Disengage,0.5782414674758911,0,Highly Disengage,0.973545253276825,0,Highly Disengage,0.452559620141983,0,Highly Disengage,0.8973508477210999,0,Highly Disengage,0.9491634368896484
video5_52_person1,18,0.7058823529411765,0.32501121082417705,0.7692305081420474,2,Engage,15,0,0.0,3,0.16666666666666666,15,0.8333333333333334,0,0.0,2,Engage,0.7403231859207153,2,Engage,0.2937733232975006,1,Disengage,1.0,2,Engage,0.9414089322090148,2,Engage,0.9049386978149414,2,Engage,0.7608861327171326,2,Engage,0.8645157217979431,1,Disengage,0.5415864586830139,1,Disengage,0.4101099669933319,2,Engage,0.9075012803077698,2,Engage,0.6911717653274536,2,Engage,0.6227899193763733,2,Engage,0.9844624996185304,2,Engage,0.9791263341903688,2,Engage,0.991698145866394,2,Engage,0.997454822063446,2,Engage,0.7513272166252136,2,Engage,0.4630747437477112
video5_53_person6,18,1.0,-0.0,0.6823540412717395,2,Engage,18,0,0.0,0,0.0,18,1.0,0,0.0,2,Engage,0.798314094543457,2,Engage,0.3383575975894928,2,Engage,1.0,2,Engage,0.888812243938446,2,Engage,0.766377866268158,2,Engage,0.7807605862617493,2,Engage,0.5265465974807739,2,Engage,0.6415616273880005,2,Engage,0.3625866770744324,2,Engage,0.8273114562034607,2,Engage,0.7471684217453003,2,Engage,0.7065878510475159,2,Engage,0.6364212036132812,2,Engage,0.4996777474880218,2,Engage,0.8046246767044067,2,Engage,0.8718781471252441,2,Engage,0.6682738661766052,2,Engage,0.4171120822429657
video5_56_person8,18,0.6143790849673203,0.4722442670831027,0.682339534163475,2,Engage,14,0,0.0,3,0.16666666666666666,14,0.7777777777777778,1,0.05555555555555555,2,Engage,0.8232641220092773,3,Highly Engage,0.3747604489326477,2,Engage,1.0,2,Engage,0.8020050525665283,2,Engage,0.6087526679039001,2,Engage,0.8633659482002258,2,Engage,0.8620198965072632,2,Engage,0.6485146284103394,1,Disengage,0.3905083239078522,2,Engage,0.8343610763549805,2,Engage,0.752802848815918,2,Engage,0.6007499098777771,2,Engage,0.9100618362426758,2,Engage,0.6046435236930847,2,Engage,0.4977718889713287,2,Engage,0.8479458689689636,1,Disengage,0.4898330867290497,1,Disengage,0.3707504868507385
video5_57_person2,18,0.5294117647058824,0.4591479170272447,0.6323284324672487,1,Disengage,12,0,0.0,12,0.6666666666666666,6,0.3333333333333333,0,0.0,2,Engage,0.5872085094451904,1,Disengage,0.3572507798671722,1,Disengage,1.0,2,Engage,0.7242958545684814,1,Disengage,0.6373567581176758,1,Disengage,0.8729233145713806,2,Engage,0.7459510564804077,2,Engage,0.4947815835475921,2,Engage,0.3405843079090118,1,Disengage,0.5294508934020996,1,Disengage,0.5408273935317993,1,Disengage,0.7984444499015808,2,Engage,0.5875920057296753,1,Disengage,0.5162947773933411,1,Disengage,0.7354910969734192,1,Disengage,0.6542808413505554,1,Disengage,0.8331113457679749,1,Disengage,0.4260668158531189
video5_58_person1,18,0.5359477124183006,0.5610568385545543,0.6336531109280057,2,Engage,13,0,0.0,3,0.16666666666666666,13,0.7222222222222222,2,0.1111111111111111,2,Engage,0.6829346418380737,1,Disengage,0.4399611949920654,2,Engage,1.0,2,Engage,0.7559985518455505,2,Engage,0.5594021677970886,3,Highly Engage,0.6994760632514954,2,Engage,0.6301977038383484,1,Disengage,0.5171594619750977,1,Disengage,0.3955133259296417,2,Engage,0.7580733299255371,2,Engage,0.544192910194397,2,Engage,0.3818442523479461,2,Engage,0.7862557172775269,2,Engage,0.475917100906372,2,Engage,0.8631633520126343,2,Engage,0.8684180378913879,3,Highly Engage,0.603276252746582,2,Engage,0.4439719319343567
video5_58_person4,18,0.3137254901960784,0.8588801260706668,0.5535195072491964,2,Engage,9,2,0.1111111111111111,5,0.2777777777777778,9,0.5,2,0.1111111111111111,2,Engage,0.6028737425804138,2,Engage,0.3239500224590301,2,Engage,1.0,2,Engage,0.6154986023902893,2,Engage,0.3998995721340179,3,Highly Engage,0.4087263345718384,2,Engage,0.5818451642990112,0,Highly Disengage,0.4356679618358612,0,Highly Disengage,0.5221884250640869,2,Engage,0.7656784057617188,1,Disengage,0.3710718154907226,3,Highly Engage,0.428129643201828,2,Engage,0.6785786151885986,1,Disengage,0.3875269293785095,1,Disengage,0.4873555898666382,2,Engage,0.9029900431632996,1,Disengage,0.582040011882782,1,Disengage,0.4693302512168884
video5_59_person5,18,0.3660130718954248,0.7516291673878228,0.7175068789058261,2,Engage,8,1,0.05555555555555555,1,0.05555555555555555,8,0.4444444444444444,8,0.4444444444444444,2,Engage,0.9429924488067628,0,Highly Disengage,0.5483314990997314,1,Disengage,1.0,2,Engage,0.8987669348716736,2,Engage,0.6472166776657104,3,Highly Engage,0.6738656759262085,2,Engage,0.6719547510147095,2,Engage,0.6984788179397583,3,Highly Engage,0.6576566696166992,2,Engage,0.7483477592468262,3,Highly Engage,0.851987361907959,3,Highly Engage,0.8868623375892639,2,Engage,0.5748456120491028,3,Highly Engage,0.5844327807426453,3,Highly Engage,0.577086329460144,2,Engage,0.6964936852455139,3,Highly Engage,0.6946504712104797,3,Highly Engage,0.5611540079116821
video5_60_person6,18,0.6928104575163399,0.4015358636620513,0.7132633146312501,2,Engage,15,0,0.0,1,0.05555555555555555,15,0.8333333333333334,2,0.1111111111111111,2,Engage,0.8201784491539001,3,Highly Engage,0.4690274894237518,2,Engage,1.0,2,Engage,0.947580099105835,2,Engage,0.8745273351669312,3,Highly Engage,0.6114927530288696,2,Engage,0.8951405882835388,2,Engage,0.4979057312011719,1,Disengage,0.5020219087600708,2,Engage,0.8906545042991638,2,Engage,0.4885641932487488,2,Engage,0.6048389077186584,2,Engage,0.8028290867805481,2,Engage,0.5615857243537903,2,Engage,0.9522415399551392,2,Engage,0.8274378776550293,2,Engage,0.6942415833473206,2,Engage,0.3984718918800354
video5_61_person1,18,0.6143790849673203,0.4722442670831027,0.6510810140106413,2,Engage,14,0,0.0,3,0.16666666666666666,14,0.7777777777777778,1,0.05555555555555555,2,Engage,0.8066635727882385,3,Highly Engage,0.3853393495082855,2,Engage,1.0,2,Engage,0.7789294123649597,2,Engage,0.5237320065498352,2,Engage,0.5114203095436096,2,Engage,0.8738880753517151,1,Disengage,0.5719894766807556,2,Engage,0.4361333549022674,2,Engage,0.7256621718406677,1,Disengage,0.4873058795928955,1,Disengage,0.547422468662262,2,Engage,0.6830498576164246,2,Engage,0.7165743708610535,2,Engage,0.6359319090843201,2,Engage,0.907324492931366,2,Engage,0.6923728585243225,2,Engage,0.435718685388565
video5_61_person4,18,0.33986928104575165,0.7477690149595555,0.6583763957023621,0,Highly Disengage,9,9,0.5,4,0.2222222222222222,5,0.2777777777777778,0,0.0,2,Engage,0.5972335338592529,1,Disengage,0.2909457981586456,1,Disengage,1.0,1,Disengage,0.4745408296585083,0,Highly Disengage,0.4480270743370056,0,Highly Disengage,0.9212033748626708,2,Engage,0.4787652194499969,0,Highly Disengage,0.8228789567947388,0,Highly Disengage,0.5451244711875916,2,Engage,0.5672131776809692,0,Highly Disengage,0.7574809789657593,0,Highly Disengage,0.8351739048957825,2,Engage,0.730828583240509,0,Highly Disengage,0.7041139602661133,0,Highly Disengage,0.7298217415809631,2,Engage,0.6902444362640381,1,Disengage,0.5575565695762634,0,Highly Disengage,0.6996225118637085
video5_61_person6,18,0.7058823529411765,0.32501121082417705,0.72201540072759,2,Engage,15,0,0.0,0,0.0,15,0.8333333333333334,3,0.16666666666666666,2,Engage,0.8321698307991028,3,Highly Engage,0.4467559456825256,2,Engage,1.0,2,Engage,0.9756665229797364,2,Engage,0.937851905822754,2,Engage,0.605258047580719,3,Highly Engage,0.6163267493247986,2,Engage,0.6745416522026062,3,Highly Engage,0.5053117275238037,2,Engage,0.8643292784690857,2,Engage,0.5792824029922485,2,Engage,0.6783596277236938,2,Engage,0.8315152525901794,2,Engage,0.515304684638977,2,Engage,0.8645009398460388,2,Engage,0.924333155155182,2,Engage,0.7274160981178284,2,Engage,0.4173533916473388
video5_66_person2,18,0.7908496732026143,0.25162916738782287,0.7646908991866641,2,Engage,16,0,0.0,2,0.1111111111111111,16,0.8888888888888888,0,0.0,2,Engage,0.8528176546096802,2,Engage,0.3137476444244385,2,Engage,0.9838703870773317,2,Engage,0.9716892838478088,2,Engage,0.9687064290046692,2,Engage,0.7694445848464966,2,Engage,0.8396478295326233,2,Engage,0.576534628868103,1,Disengage,0.4163087606430053,2,Engage,0.9437264800071716,2,Engage,0.6312783360481262,1,Disengage,0.5906453728675842,2,Engage,0.9866699576377868,2,Engage,0.9587981104850768,2,Engage,0.9978240728378296,2,Engage,0.9377394318580629,2,Engage,0.6257658004760742,2,Engage,0.3992214202880859
video5_67_person3,18,0.6339869281045751,0.38210225325431013,0.6982902189095815,1,Disengage,14,0,0.0,14,0.7777777777777778,4,0.2222222222222222,0,0.0,2,Engage,0.5430235862731934,1,Disengage,0.4138729274272918,2,Engage,1.0,2,Engage,0.7163204550743103,1,Disengage,0.7938889265060425,1,Disengage,0.8263678550720215,2,Engage,0.7184497714042664,1,Disengage,0.8866399526596069,1,Disengage,0.4971577227115631,1,Disengage,0.7544815540313721,1,Disengage,0.7264602184295654,1,Disengage,0.8863412141799927,1,Disengage,0.5634316205978394,1,Disengage,0.6968166828155518,1,Disengage,0.8174756169319153,1,Disengage,0.6042141914367676,1,Disengage,0.7406192421913147,1,Disengage,0.3836624026298523
video5_67_person4,18,0.2222222222222222,0.9773429734731779,0.6743842115004858,0,Highly Disengage,6,6,0.3333333333333333,3,0.16666666666666666,4,0.2222222222222222,5,0.2777777777777778,2,Engage,0.5949690341949463,1,Disengage,0.2875899970531463,1,Disengage,1.0,1,Disengage,0.4689381718635559,0,Highly Disengage,0.4807955920696258,0,Highly Disengage,0.9261736869812012,2,Engage,0.4534836113452911,0,Highly Disengage,0.8913796544075012,0,Highly Disengage,0.5403655171394348,2,Engage,0.5454022288322449,0,Highly Disengage,0.7259742021560669,0,Highly Disengage,0.7593365907669067,3,Highly Engage,0.5368658900260925,3,Highly Engage,0.7497138977050781,3,Highly Engage,0.9974404573440552,3,Highly Engage,0.8319162726402283,3,Highly Engage,0.8871706128120422,2,Engage,0.4614003896713257
video5_71_person8,18,0.5294117647058824,0.4591479170272447,0.6725665264659457,2,Engage,12,0,0.0,6,0.3333333333333333,12,0.6666666666666666,0,0.0,2,Engage,0.7460435628890991,2,Engage,0.3586300611495971,2,Engage,1.0,2,Engage,0.9947475790977478,2,Engage,0.978411853313446,2,Engage,0.691760778427124,2,Engage,0.7495266795158386,1,Disengage,0.5155987739562988,1,Disengage,0.5269368886947632,2,Engage,0.8532633781433105,2,Engage,0.6855027079582214,2,Engage,0.5200875401496887,2,Engage,0.5505380034446716,1,Disengage,0.6492342948913574,1,Disengage,0.6489953994750977,2,Engage,0.5008043646812439,1,Disengage,0.7380150556564331,1,Disengage,0.3981005549430847
video5_73_person6,18,0.6928104575163399,0.40153586366205124,0.7329028728935454,2,Engage,15,0,0.0,2,0.1111111111111111,15,0.8333333333333334,1,0.05555555555555555,2,Engage,0.8421435356140137,3,Highly Engage,0.5390189290046692,2,Engage,1.0,2,Engage,0.9286741018295288,2,Engage,0.8484357595443726,2,Engage,0.5975227952003479,2,Engage,0.8867833018302917,2,Engage,0.6220449209213257,1,Disengage,0.3992146849632263,2,Engage,0.93661767244339,2,Engage,0.7318785786628723,2,Engage,0.6746312975883484,2,Engage,0.7122170329093933,1,Disengage,0.5962804555892944,2,Engage,0.8890122175216675,2,Engage,0.8295630812644958,2,Engage,0.7672878503799438,2,Engage,0.3909254968166351
video5_74_person1,18,0.49673202614379086,0.4820393824041145,0.683897121085061,2,Engage,11,0,0.0,7,0.3888888888888889,11,0.6111111111111112,0,0.0,2,Engage,0.6448507308959961,1,Disengage,0.4883817434310913,2,Engage,0.9999997615814208,2,Engage,0.7520884871482849,2,Engage,0.6215610504150391,1,Disengage,0.4999263286590576,2,Engage,0.772877037525177,1,Disengage,0.8051507472991943,1,Disengage,0.5758203268051147,2,Engage,0.6633894443511963,1,Disengage,0.5803496837615967,1,Disengage,0.7651123404502869,2,Engage,0.8183513879776001,2,Engage,0.7191505432128906,2,Engage,0.6903218030929565,2,Engage,0.8543083071708679,2,Engage,0.6588050127029419,1,Disengage,0.3997034430503845
video5_79_person2,18,0.7843137254901961,0.30718472294337845,0.713027737206883,2,Engage,16,0,0.0,1,0.05555555555555555,16,0.8888888888888888,1,0.05555555555555555,2,Engage,0.8214791417121887,2,Engage,0.3181923925876617,2,Engage,1.0,2,Engage,0.944034218788147,2,Engage,0.6815443634986877,3,Highly Engage,0.6408863663673401,2,Engage,0.8912550806999207,2,Engage,0.546687126159668,1,Disengage,0.3415364027023315,2,Engage,0.9646656513214112,2,Engage,0.5270083546638489,2,Engage,0.5168182849884033,2,Engage,0.9271926879882812,2,Engage,0.8684053421020508,2,Engage,0.886284351348877,2,Engage,0.937425434589386,2,Engage,0.584040641784668,2,Engage,0.4370434284210205
video5_7_person0,18,0.5751633986928104,0.4262025893247393,0.741916201180882,1,Disengage,13,0,0.0,13,0.7222222222222222,5,0.2777777777777778,0,0.0,2,Engage,0.5045951008796692,1,Disengage,0.6994604468345642,2,Engage,1.0,2,Engage,0.6328049898147583,1,Disengage,0.964242935180664,1,Disengage,0.9236173629760742,2,Engage,0.8367496728897095,1,Disengage,0.875313401222229,1,Disengage,0.3509571254253387,1,Disengage,0.8014466762542725,1,Disengage,0.8374093770980835,1,Disengage,0.8985382914543152,2,Engage,0.5429538488388062,1,Disengage,0.736775279045105,1,Disengage,0.7514024972915649,1,Disengage,0.7228533625602722,1,Disengage,0.8867608904838562,1,Disengage,0.3886103630065918
video5_7_person5,18,0.3006535947712418,0.7857708359109623,0.5877997924884161,0,Highly Disengage,7,7,0.3888888888888889,5,0.2777777777777778,6,0.3333333333333333,0,0.0,2,Engage,0.5613623857498169,1,Disengage,0.4142482876777649,1,Disengage,1.0,2,Engage,0.5224828124046326,0,Highly Disengage,0.4997060298919678,0,Highly Disengage,0.468546450138092,2,Engage,0.7894805073738098,2,Engage,0.5048183798789978,0,Highly Disengage,0.9140581488609314,2,Engage,0.5606356859207153,0,Highly Disengage,0.9720705151557922,0,Highly Disengage,0.9760082960128784,1,Disengage,0.4090392589569092,1,Disengage,0.3254081308841705,2,Engage,0.4396037757396698,0,Highly Disengage,0.2947907447814941,1,Disengage,0.4146035015583038,0,Highly Disengage,0.513533353805542
video5_80_person1,18,0.477124183006536,0.4955380299191111,0.66600391931004,1,Disengage,10,0,0.0,10,0.5555555555555556,8,0.4444444444444444,0,0.0,2,Engage,0.7905703783035278,1,Disengage,0.3234827220439911,2,Engage,1.0,1,Disengage,0.6081079244613647,1,Disengage,0.7319214940071106,1,Disengage,0.8796531558036804,2,Engage,0.7993704676628113,1,Disengage,0.4852452278137207,1,Disengage,0.4287661910057068,2,Engage,0.7858754992485046,2,Engage,0.6190927624702454,2,Engage,0.6187247037887573,2,Engage,0.5543327331542969,1,Disengage,0.7641609907150269,1,Disengage,0.757402241230011,2,Engage,0.8916347026824951,1,Disengage,0.5346453785896301,1,Disengage,0.4150839745998382
video5_80_person4,18,0.37254901960784315,0.7177602521413333,0.718958791759279,0,Highly Disengage,10,10,0.5555555555555556,4,0.2222222222222222,4,0.2222222222222222,0,0.0,2,Engage,0.5751579403877258,1,Disengage,0.2951951920986175,1,Disengage,1.0,1,Disengage,0.3964080512523651,0,Highly Disengage,0.6701064109802246,0,Highly Disengage,0.9912331700325012,2,Engage,0.4238355457782745,0,Highly Disengage,0.950929880142212,0,Highly Disengage,0.8513359427452087,2,Engage,0.5699929594993591,0,Highly Disengage,0.7252124547958374,0,Highly Disengage,0.833589494228363,2,Engage,0.6948109865188599,0,Highly Disengage,0.8826343417167664,0,Highly Disengage,0.9458985924720764,1,Disengage,0.3683365881443023,0,Highly Disengage,0.883959174156189,0,Highly Disengage,0.8826215267181396
video5_80_person6,18,1.0,-0.0,0.7580162617895339,2,Engage,18,0,0.0,0,0.0,18,1.0,0,0.0,2,Engage,0.866115927696228,2,Engage,0.3481990098953247,2,Engage,1.0,2,Engage,0.9562912583351136,2,Engage,0.9146437048912048,2,Engage,0.9353594183921814,2,Engage,0.8639824986457825,2,Engage,0.7117897868156433,2,Engage,0.3446280062198639,2,Engage,0.9143921732902528,2,Engage,0.7786412239074707,2,Engage,0.7610533237457275,2,Engage,0.7350361943244934,2,Engage,0.6459274291992188,2,Engage,0.9398112893104552,2,Engage,0.9183987975120544,2,Engage,0.6519320607185364,2,Engage,0.3580906093120575
video5_80_person8,18,0.7908496732026143,0.25162916738782287,0.6527395463652081,2,Engage,16,0,0.0,2,0.1111111111111111,16,0.8888888888888888,0,0.0,2,Engage,0.7716440558433533,1,Disengage,0.3635357916355133,2,Engage,1.0,2,Engage,0.8727665543556213,2,Engage,0.6008358597755432,2,Engage,0.5570115447044373,2,Engage,0.7703463435173035,2,Engage,0.6553326845169067,2,Engage,0.4082153439521789,2,Engage,0.8943414688110352,2,Engage,0.7209919095039368,2,Engage,0.5583522915840149,2,Engage,0.5871139168739319,2,Engage,0.5868363976478577,2,Engage,0.6140459179878235,2,Engage,0.8717021942138672,1,Disengage,0.563237190246582,2,Engage,0.3530023694038391
video5_81_person8,18,0.43137254901960786,0.6498683818476262,0.6652937051322725,2,Engage,11,0,0.0,5,0.2777777777777778,11,0.6111111111111112,2,0.1111111111111111,2,Engage,0.7795233130455017,2,Engage,0.3371842503547668,3,Highly Engage,1.0,2,Engage,0.936117708683014,2,Engage,0.608660101890564,2,Engage,0.6668757200241089,2,Engage,0.8416886925697327,2,Engage,0.6258891820907593,3,Highly Engage,0.5493775010108948,2,Engage,0.7597798109054565,2,Engage,0.6045359969139099,2,Engage,0.4979753494262695,1,Disengage,0.5422042608261108,1,Disengage,0.6741147637367249,1,Disengage,0.7409412264823914,2,Engage,0.8695604801177979,1,Disengage,0.5724408626556396,1,Disengage,0.3684174716472626
video5_83_person2,18,0.6143790849673203,0.4722442670831027,0.6671229816145368,2,Engage,14,0,0.0,1,0.05555555555555555,14,0.7777777777777778,3,0.16666666666666666,2,Engage,0.7213329076766968,2,Engage,0.3358961045742035,2,Engage,1.0,2,Engage,0.8539583683013916,2,Engage,0.6075111031532288,3,Highly Engage,0.6082155704498291,2,Engage,0.7090325951576233,2,Engage,0.5489880442619324,2,Engage,0.3946599662303924,2,Engage,0.8186694383621216,3,Highly Engage,0.4606568515300751,3,Highly Engage,0.5233950614929199,2,Engage,0.8416932821273804,2,Engage,0.756769061088562,2,Engage,0.9064603447914124,2,Engage,0.9282405376434326,1,Disengage,0.536279022693634,2,Engage,0.4564554095268249
video5_83_person6,18,0.7058823529411765,0.32501121082417705,0.7628202852275636,2,Engage,15,0,0.0,3,0.16666666666666666,15,0.8333333333333334,0,0.0,2,Engage,0.8571161031723022,2,Engage,0.3455055952072143,2,Engage,1.0,2,Engage,0.9561110138893129,2,Engage,0.94284987449646,2,Engage,0.9619277119636536,2,Engage,0.806168794631958,2,Engage,0.7014819383621216,1,Disengage,0.3664540946483612,2,Engage,0.9437690377235411,2,Engage,0.8375498056411743,2,Engage,0.7831099629402161,2,Engage,0.9491060972213744,2,Engage,0.8972234725952148,1,Disengage,0.5985879302024841,2,Engage,0.8050355315208435,2,Engage,0.5926920771598816,1,Disengage,0.3860760927200317
video5_85_person8,18,0.7843137254901961,0.30718472294337845,0.6517823023928536,2,Engage,16,0,0.0,1,0.05555555555555555,16,0.8888888888888888,1,0.05555555555555555,2,Engage,0.8743049502372742,3,Highly Engage,0.4257840812206268,2,Engage,1.0,2,Engage,0.9891430735588074,2,Engage,0.961011528968811,2,Engage,0.6814809441566467,2,Engage,0.8269869089126587,2,Engage,0.4773307740688324,2,Engage,0.3379161655902862,2,Engage,0.8883545994758606,2,Engage,0.6477915644645691,2,Engage,0.5609585642814636,2,Engage,0.7868334650993347,2,Engage,0.378773421049118,2,Engage,0.6111525893211365,1,Disengage,0.4295060038566589,2,Engage,0.4776624143123626,2,Engage,0.3770903944969177
video5_86_person3,18,0.477124183006536,0.4955380299191111,0.6519556707806058,2,Engage,10,0,0.0,8,0.4444444444444444,10,0.5555555555555556,0,0.0,2,Engage,0.6309023499488831,1,Disengage,0.4249604642391205,2,Engage,1.0,2,Engage,0.8676129579544067,1,Disengage,0.5594910383224487,2,Engage,0.5483917593955994,2,Engage,0.5141485333442688,1,Disengage,0.8146095275878906,2,Engage,0.4048351347446441,2,Engage,0.8112219572067261,1,Disengage,0.5939449071884155,1,Disengage,0.7124666571617126,2,Engage,0.7965816855430603,1,Disengage,0.5945384502410889,2,Engage,0.5395625233650208,2,Engage,0.8830742835998535,1,Disengage,0.6809605956077576,1,Disengage,0.3578992486000061
video5_89_person6,18,0.6928104575163399,0.40153586366205124,0.7228048013316261,2,Engage,15,0,0.0,2,0.1111111111111111,15,0.8333333333333334,1,0.05555555555555555,2,Engage,0.7719423770904541,3,Highly Engage,0.5033248066902161,2,Engage,1.0,2,Engage,0.8560827970504761,2,Engage,0.7006980776786804,2,Engage,0.7432634234428406,2,Engage,0.9016342759132384,1,Disengage,0.6631572246551514,1,Disengage,0.4535738527774811,2,Engage,0.903839945793152,2,Engage,0.5270169377326965,2,Engage,0.6227386593818665,2,Engage,0.8232005834579468,2,Engage,0.5965105295181274,2,Engage,0.960574507713318,2,Engage,0.8619137406349182,2,Engage,0.7385802865028381,2,Engage,0.3824343979358673
video5_8_person3,18,0.45751633986928103,0.5970868671284559,0.6624718738926781,1,Disengage,11,0,0.0,11,0.6111111111111112,6,0.3333333333333333,1,0.05555555555555555,2,Engage,0.5871617794036865,3,Highly Engage,0.3988959193229675,2,Engage,1.0,2,Engage,0.6599569320678711,1,Disengage,0.7897875308990479,1,Disengage,0.7122035026550293,2,Engage,0.5458000898361206,1,Disengage,0.8386403322219849,2,Engage,0.3688778877258301,2,Engage,0.6130890250205994,1,Disengage,0.7371156811714172,1,Disengage,0.8420634269714355,1,Disengage,0.5857937932014465,1,Disengage,0.5962740182876587,1,Disengage,0.9394676089286804,1,Disengage,0.5929872989654541,1,Disengage,0.7164853811264038,1,Disengage,0.3998935222625732
video5_95_person3,18,0.49673202614379086,0.5674849873019705,0.6455896447102228,1,Disengage,12,0,0.0,12,0.6666666666666666,5,0.2777777777777778,1,0.05555555555555555,2,Engage,0.4328076243400574,1,Disengage,0.3738302886486053,2,Engage,1.0,1,Disengage,0.9372574687004088,1,Disengage,0.939896047115326,3,Highly Engage,0.7029314637184143,2,Engage,0.5477014183998108,1,Disengage,0.7813073396682739,1,Disengage,0.4133521318435669,1,Disengage,0.8663386106491089,1,Disengage,0.7939456105232239,1,Disengage,0.5034658908843994,2,Engage,0.6044807434082031,1,Disengage,0.4283411800861358,1,Disengage,0.5454300045967102,1,Disengage,0.5464463829994202,1,Disengage,0.7747387290000916,2,Engage,0.4283426702022552
video5_95_person5,18,0.3137254901960784,0.8588801260706668,0.5863342152701484,2,Engage,9,2,0.1111111111111111,5,0.2777777777777778,9,0.5,2,0.1111111111111111,2,Engage,0.4686495065689087,0,Highly Disengage,0.3122106790542602,1,Disengage,1.0,1,Disengage,0.551127016544342,2,Engage,0.7492373585700989,3,Highly Engage,0.3325663805007934,2,Engage,0.7523511648178101,2,Engage,0.5098523497581482,0,Highly Disengage,0.8387991189956665,2,Engage,0.7460657358169556,2,Engage,0.4066207408905029,2,Engage,0.6463565826416016,1,Disengage,0.4518753290176391,1,Disengage,0.4683252871036529,2,Engage,0.5334792137145996,2,Engage,0.7654698491096497,3,Highly Engage,0.4750899374485016,1,Disengage,0.5459396243095398
video5_97_person4,18,0.5359477124183006,0.5610568385545543,0.5564014282491472,2,Engage,13,3,0.16666666666666666,2,0.1111111111111111,13,0.7222222222222222,0,0.0,2,Engage,0.5563547015190125,2,Engage,0.3257275521755218,2,Engage,1.0,2,Engage,0.6341487169265747,2,Engage,0.4883506298065185,2,Engage,0.281006783246994,2,Engage,0.3970246315002441,2,Engage,0.2981906533241272,0,Highly Disengage,0.5799543261528015,2,Engage,0.7868898510932922,2,Engage,0.4338532388210296,2,Engage,0.3900473415851593,2,Engage,0.6560682654380798,0,Highly Disengage,0.5058960318565369,1,Disengage,0.9170647859573364,2,Engage,0.5871778726577759,1,Disengage,0.6199675798416138,0,Highly Disengage,0.5575027465820312
video5_98_person4,18,0.5294117647058824,0.6166123941101099,0.5478275666634241,2,Engage,13,1,0.05555555555555555,3,0.16666666666666666,13,0.7222222222222222,1,0.05555555555555555,2,Engage,0.5382530689239502,2,Engage,0.3113133907318115,2,Engage,1.0,2,Engage,0.6707891821861267,2,Engage,0.4521662890911102,2,Engage,0.3203150629997253,2,Engage,0.4739882946014404,3,Highly Engage,0.3873441219329834,0,Highly Disengage,0.355981707572937,2,Engage,0.7441354393959045,1,Disengage,0.4705312252044678,2,Engage,0.4209595322608948,2,Engage,0.6474118828773499,1,Disengage,0.3647103905677795,1,Disengage,0.7552736401557922,2,Engage,0.93025541305542,2,Engage,0.6210237741470337,2,Engage,0.3964437842369079
video5_99_person5,18,0.477124183006536,0.6121972227029931,0.7065949853923585,2,Engage,12,4,0.2222222222222222,2,0.1111111111111111,12,0.6666666666666666,0,0.0,2,Engage,0.6378369927406311,2,Engage,0.2898933887481689,1,Disengage,1.0,2,Engage,0.8091440200805664,2,Engage,0.7618434429168701,2,Engage,0.4567243158817291,2,Engage,0.8143713474273682,2,Engage,0.566169261932373,1,Disengage,0.3711023330688476,2,Engage,0.8718074560165405,2,Engage,0.4907082319259643,2,Engage,0.7548856139183044,2,Engage,0.7950636148452759,0,Highly Disengage,0.7001428604125977,0,Highly Disengage,0.9455952644348145,2,Engage,0.9000254273414612,0,Highly Disengage,0.6321927905082703,0,Highly Disengage,0.9212033748626708
video5_9_person3,18,0.5294117647058824,0.4591479170272447,0.7164952572849062,2,Engage,12,0,0.0,6,0.3333333333333333,12,0.6666666666666666,0,0.0,2,Engage,0.6927690505981445,1,Disengage,0.3911030888557434,2,Engage,1.0,2,Engage,0.8656308054924011,2,Engage,0.7421929240226746,2,Engage,0.8482129573822021,2,Engage,0.8335657119750977,2,Engage,0.598624587059021,2,Engage,0.3986620903015136,2,Engage,0.9662966728210448,2,Engage,0.8034704327583313,2,Engage,0.593571662902832,1,Disengage,0.726703941822052,1,Disengage,0.7783544063568115,1,Disengage,0.9622031450271606,2,Engage,0.6017381548881531,1,Disengage,0.6988493204116821,1,Disengage,0.3949656784534454
video6_100_person14,18,1.0,-0.0,0.8357573135031594,2,Engage,18,0,0.0,0,0.0,18,1.0,0,0.0,2,Engage,0.9906479716300964,2,Engage,0.8375651836395264,2,Engage,1.0,2,Engage,0.9893213510513306,2,Engage,0.9625083804130554,2,Engage,0.9698024392127992,2,Engage,0.8818562030792236,2,Engage,0.8235062956809998,2,Engage,0.5631028413772583,2,Engage,0.8793660998344421,2,Engage,0.5737612247467041,2,Engage,0.5541122555732727,2,Engage,0.9825367331504822,2,Engage,0.9464775919914246,2,Engage,0.9984655380249025,2,Engage,0.9882511496543884,2,Engage,0.6849556565284729,2,Engage,0.4173947274684906
video6_100_person3,18,0.5751633986928104,0.4262025893247393,0.6680723859204186,1,Disengage,13,0,0.0,13,0.7222222222222222,5,0.2777777777777778,0,0.0,2,Engage,0.6979206800460815,1,Disengage,0.7434393167495728,2,Engage,1.0,1,Disengage,0.5038852691650391,1,Disengage,0.5364663004875183,1,Disengage,0.5318783521652222,2,Engage,0.7933987975120544,1,Disengage,0.5898084044456482,2,Engage,0.5360232591629028,1,Disengage,0.495909035205841,1,Disengage,0.7669535279273987,1,Disengage,0.7404771447181702,1,Disengage,0.513856828212738,1,Disengage,0.7063394784927368,1,Disengage,0.9666346311569214,2,Engage,0.7845512628555298,1,Disengage,0.6894543766975403,1,Disengage,0.4283062815666199
video6_103_person7,18,0.5294117647058824,0.4591479170272447,0.7208872371249728,2,Engage,12,0,0.0,0,0.0,12,0.6666666666666666,6,0.3333333333333333,3,Highly Engage,0.5012028217315674,3,Highly Engage,0.9173210263252258,3,Highly Engage,1.0,2,Engage,0.7840114235877991,3,Highly Engage,0.6368891000747681,2,Engage,0.6118333339691162,2,Engage,0.8053144812583923,2,Engage,0.4582043290138244,2,Engage,0.4304439127445221,2,Engage,0.6390199661254883,3,Highly Engage,0.7283799648284912,3,Highly Engage,0.8486747145652771,2,Engage,0.9622043371200562,2,Engage,0.7302523851394653,2,Engage,0.7294141054153442,2,Engage,0.92173832654953,2,Engage,0.8381563425064087,2,Engage,0.4329096972942352
video6_106_person10,18,1.0,-0.0,0.8123811135689417,2,Engage,18,0,0.0,0,0.0,18,1.0,0,0.0,2,Engage,0.924700140953064,2,Engage,0.7963799834251404,2,Engage,1.0,2,Engage,0.9929325580596924,2,Engage,0.9967268705368042,2,Engage,0.919858694076538,2,Engage,0.9126551747322084,2,Engage,0.5061855316162109,2,Engage,0.4983109831809997,2,Engage,0.963003396987915,2,Engage,0.8139358162879944,2,Engage,0.7056133151054382,2,Engage,0.7809990644454956,2,Engage,0.7832260727882385,2,Engage,0.9773473143577576,2,Engage,0.9575088620185852,2,Engage,0.7164347171783447,2,Engage,0.3770415484905243
video6_108_person1,18,0.5751633986928104,0.4262025893247393,0.7967096004221175,3,Highly Engage,13,0,0.0,0,0.0,5,0.2777777777777778,13,0.7222222222222222,2,Engage,0.5131978988647461,3,Highly Engage,0.7986411452293396,3,Highly Engage,1.0,2,Engage,0.5753426551818848,3,Highly Engage,0.8993828892707825,3,Highly Engage,0.9218965768814088,2,Engage,0.7713350653648376,3,Highly Engage,0.759195864200592,3,Highly Engage,0.745372474193573,2,Engage,0.6507585048675537,3,Highly Engage,0.8322701454162598,3,Highly Engage,0.8549209237098694,3,Highly Engage,0.5985392928123474,3,Highly Engage,0.6226066946983337,3,Highly Engage,0.9997900128364564,2,Engage,0.9450775980949402,3,Highly Engage,0.907309114933014,3,Highly Engage,0.9451359510421752
video6_108_person14,18,0.6928104575163399,0.40153586366205124,0.795393188794454,2,Engage,15,0,0.0,2,0.1111111111111111,15,0.8333333333333334,1,0.05555555555555555,2,Engage,0.8679181933403015,2,Engage,0.6030737161636353,2,Engage,1.0,2,Engage,0.9460738897323608,2,Engage,0.9317641854286194,2,Engage,0.730462372303009,2,Engage,0.8650724291801453,3,Highly Engage,0.7099164724349976,2,Engage,0.47190722823143,2,Engage,0.6852276921272278,1,Disengage,0.6984962224960327,1,Disengage,0.5911685228347778,2,Engage,0.9970766305923462,2,Engage,0.9912952184677124,2,Engage,0.9992254972457886,2,Engage,0.9982115030288696,2,Engage,0.796394944190979,2,Engage,0.4337926805019378
video6_108_person4,18,0.5751633986928104,0.4262025893247393,0.6942958037058512,2,Engage,13,0,0.0,0,0.0,13,0.7222222222222222,5,0.2777777777777778,2,Engage,0.8575962781906128,2,Engage,0.4763616025447845,2,Engage,1.0,2,Engage,0.8213818669319153,3,Highly Engage,0.5352523922920227,2,Engage,0.6548417806625366,2,Engage,0.8221830725669861,3,Highly Engage,0.6916614174842834,3,Highly Engage,0.7423484325408936,2,Engage,0.7670102119445801,3,Highly Engage,0.5227712988853455,3,Highly Engage,0.6543236374855042,2,Engage,0.7325519323348999,2,Engage,0.4910208582878113,2,Engage,0.7064080834388733,2,Engage,0.9184412360191344,2,Engage,0.6779899597167969,2,Engage,0.4251804053783417
video6_10_person13,18,0.477124183006536,0.4955380299191111,0.6976964126030604,1,Disengage,10,0,0.0,10,0.5555555555555556,8,0.4444444444444444,0,0.0,2,Engage,0.6692480444908142,1,Disengage,0.6502873301506042,1,Disengage,1.0,2,Engage,0.919519305229187,2,Engage,0.8936219811439514,1,Disengage,0.5353987216949463,2,Engage,0.6457764506340027,2,Engage,0.6269294619560242,2,Engage,0.495707243680954,2,Engage,0.7846043705940247,1,Disengage,0.6370111107826233,1,Disengage,0.6952844262123108,1,Disengage,0.4981261789798736,1,Disengage,0.9266331791877748,1,Disengage,0.8894588351249695,2,Engage,0.795641303062439,1,Disengage,0.5038073658943176,1,Disengage,0.3914801180362701
video6_110_person11,18,0.49673202614379086,0.5674849873019705,0.7247797614998288,2,Engage,12,0,0.0,1,0.05555555555555555,12,0.6666666666666666,5,0.2777777777777778,2,Engage,0.7241674065589905,2,Engage,0.4431282877922058,2,Engage,1.0,2,Engage,0.9671858549118042,2,Engage,0.849301278591156,2,Engage,0.7268038988113403,2,Engage,0.8290124535560608,2,Engage,0.6269000768661499,1,Disengage,0.4318928718566894,2,Engage,0.787767231464386,2,Engage,0.6526040434837341,3,Highly Engage,0.5148659944534302,2,Engage,0.7008364200592041,3,Highly Engage,0.7844146490097046,3,Highly Engage,0.7052119374275208,2,Engage,0.5605841279029846,3,Highly Engage,0.9586878418922424,3,Highly Engage,0.782671332359314
video6_110_person13,18,0.27450980392156865,0.8860386268675405,0.7420730226569705,1,Disengage,7,1,0.05555555555555555,7,0.3888888888888889,4,0.2222222222222222,6,0.3333333333333333,2,Engage,0.4214118719100952,2,Engage,0.5595663785934448,1,Disengage,1.0,2,Engage,0.5900542140007019,3,Highly Engage,0.5661907196044922,1,Disengage,0.8557659387588501,1,Disengage,0.5780208706855774,0,Highly Disengage,0.799861490726471,1,Disengage,0.6913236379623413,1,Disengage,0.4910285472869873,1,Disengage,0.8614067435264587,1,Disengage,0.8775439858436584,3,Highly Engage,0.583602249622345,3,Highly Engage,0.9482538104057312,3,Highly Engage,0.999908685684204,2,Engage,0.7956610321998596,3,Highly Engage,0.9161097407341005,3,Highly Engage,0.8216044902801514
video6_111_person1,18,0.47058823529411764,0.5,0.738547682762146,2,Engage,9,0,0.0,0,0.0,9,0.5,9,0.5,2,Engage,0.6376417875289917,3,Highly Engage,0.8579524755477905,3,Highly Engage,1.0,2,Engage,0.717577338218689,3,Highly Engage,0.7482412457466125,3,Highly Engage,0.8298845887184143,2,Engage,0.7795343995094299,3,Highly Engage,0.788992166519165,3,Highly Engage,0.6520400047302246,2,Engage,0.5640163421630859,3,Highly Engage,0.86277174949646,3,Highly Engage,0.92987060546875,2,Engage,0.7792486548423767,2,Engage,0.5048965811729431,2,Engage,0.8727512359619141,2,Engage,0.5888808965682983,2,Engage,0.6677393913269043,3,Highly Engage,0.5118188261985779
video6_111_person13,18,0.6143790849673203,0.4722442670831027,0.6969371769163344,1,Disengage,14,1,0.05555555555555555,14,0.7777777777777778,3,0.16666666666666666,0,0.0,1,Disengage,0.6753973960876465,1,Disengage,0.6150011420249939,1,Disengage,1.0,1,Disengage,0.4911434352397918,1,Disengage,0.8498445153236389,1,Disengage,0.9807748794555664,2,Engage,0.7061380743980408,0,Highly Disengage,0.444911926984787,1,Disengage,0.5097708702087402,1,Disengage,0.7484123706817627,1,Disengage,0.8550264239311218,1,Disengage,0.8273347020149231,1,Disengage,0.5981062054634094,1,Disengage,0.7187087535858154,2,Engage,0.5272229909896851,2,Engage,0.80528724193573,1,Disengage,0.7574374675750732,1,Disengage,0.4343507885932922
video6_112_person3,18,0.7908496732026143,0.25162916738782287,0.7670032481352488,3,Highly Engage,16,0,0.0,0,0.0,2,0.1111111111111111,16,0.8888888888888888,3,Highly Engage,0.6952691078186035,3,Highly Engage,0.9061675667762756,3,Highly Engage,1.0,2,Engage,0.6551435589790344,3,Highly Engage,0.5104026198387146,3,Highly Engage,0.86577969789505,3,Highly Engage,0.5747467279434204,3,Highly Engage,0.8897181749343872,3,Highly Engage,0.8460785150527954,3,Highly Engage,0.7069007754325867,3,Highly Engage,0.8100042343139648,3,Highly Engage,0.8565419912338257,2,Engage,0.5629790425300598,3,Highly Engage,0.5695045590400696,3,Highly Engage,0.9863247275352478,3,Highly Engage,0.5215747952461243,3,Highly Engage,0.9413926005363464,3,Highly Engage,0.9075297713279724
video6_112_person5,18,0.8888888888888888,0.1547717145751626,0.8117744823296865,2,Engage,17,0,0.0,1,0.05555555555555555,17,0.9444444444444444,0,0.0,2,Engage,0.864695131778717,2,Engage,0.5549579858779907,2,Engage,1.0,2,Engage,0.986067831516266,2,Engage,0.9795194864273072,2,Engage,0.9345664978027344,2,Engage,0.8714873790740967,2,Engage,0.7843638062477112,2,Engage,0.5350639820098877,2,Engage,0.9205134510993958,2,Engage,0.5696930885314941,1,Disengage,0.5127253532409668,2,Engage,0.9840569496154784,2,Engage,0.98707515001297,2,Engage,0.9989475607872008,2,Engage,0.996605634689331,2,Engage,0.7077842354774475,2,Engage,0.4238171577453613
video6_113_person14,18,0.47058823529411764,0.5,0.6819368153810501,2,Engage,9,0,0.0,0,0.0,9,0.5,9,0.5,2,Engage,0.755836009979248,3,Highly Engage,0.5297417640686035,3,Highly Engage,1.0,3,Highly Engage,0.548664391040802,3,Highly Engage,0.8508890271186829,3,Highly Engage,0.7273483872413635,2,Engage,0.9010723829269408,2,Engage,0.4513373374938965,2,Engage,0.4551902711391449,2,Engage,0.5057675838470459,3,Highly Engage,0.7123716473579407,3,Highly Engage,0.808727502822876,2,Engage,0.5756343603134155,3,Highly Engage,0.494671881198883,2,Engage,0.8146763443946838,2,Engage,0.8748388886451721,2,Engage,0.7335963249206543,3,Highly Engage,0.5344985723495483
video6_116_person2,18,0.7058823529411765,0.32501121082417705,0.7425779650608698,2,Engage,15,0,0.0,3,0.16666666666666666,15,0.8333333333333334,0,0.0,2,Engage,0.9696803689002992,2,Engage,0.5116245746612549,1,Disengage,1.0,2,Engage,0.9588972926139832,2,Engage,0.7589190006256104,1,Disengage,0.6039757132530212,2,Engage,0.8229132294654846,2,Engage,0.6742298603057861,2,Engage,0.4388319551944732,2,Engage,0.8931038975715637,2,Engage,0.5373647809028625,2,Engage,0.4988188147544861,2,Engage,0.9122809767723083,2,Engage,0.8767609596252441,2,Engage,0.8894227147102356,2,Engage,0.9854066371917723,2,Engage,0.638312578201294,1,Disengage,0.3958600163459778
video6_118_person2,18,0.6928104575163399,0.4015358636620513,0.6984112295839522,2,Engage,15,0,0.0,1,0.05555555555555555,15,0.8333333333333334,2,0.1111111111111111,2,Engage,0.8297683596611023,2,Engage,0.6643241047859192,2,Engage,1.0,2,Engage,0.9785258769989014,2,Engage,0.9090182781219482,1,Disengage,0.5269476771354675,2,Engage,0.7293835878372192,2,Engage,0.3951036930084228,2,Engage,0.4662581980228424,2,Engage,0.8331484198570251,2,Engage,0.4843488335609436,2,Engage,0.5266019105911255,2,Engage,0.9089048504829408,3,Highly Engage,0.5558651685714722,2,Engage,0.7918672561645508,2,Engage,0.9848912358283995,2,Engage,0.5273962020874023,3,Highly Engage,0.4590484797954559
video6_118_person6,18,0.6928104575163399,0.40153586366205124,0.6603689077827666,2,Engage,15,0,0.0,2,0.1111111111111111,15,0.8333333333333334,1,0.05555555555555555,2,Engage,0.5859207510948181,2,Engage,0.6455199718475342,1,Disengage,1.0,2,Engage,0.5967327952384949,2,Engage,0.9295008182525636,2,Engage,0.5316070914268494,2,Engage,0.8299375772476196,1,Disengage,0.5388610363006592,2,Engage,0.5492476224899292,2,Engage,0.8147664666175842,2,Engage,0.4998113512992859,3,Highly Engage,0.3935489058494568,2,Engage,0.5860540270805359,2,Engage,0.6187944412231445,2,Engage,0.6419525146484375,2,Engage,0.9458646774291992,2,Engage,0.7799853086471558,2,Engage,0.3985349833965301
video6_11_person10,18,0.6339869281045751,0.38210225325431013,0.6916395657592349,2,Engage,14,0,0.0,0,0.0,14,0.7777777777777778,4,0.2222222222222222,2,Engage,0.924447238445282,2,Engage,0.5121020078659058,2,Engage,1.0,2,Engage,0.9310501217842102,2,Engage,0.5432623028755188,3,Highly Engage,0.508781373500824,2,Engage,0.5735375881195068,3,Highly Engage,0.6788214445114136,2,Engage,0.5337140560150146,2,Engage,0.7428172826766968,2,Engage,0.6020820140838623,3,Highly Engage,0.6444861888885498,2,Engage,0.8311748504638672,2,Engage,0.707485556602478,2,Engage,0.5515292882919312,2,Engage,0.9858565330505372,2,Engage,0.7079261541366577,3,Highly Engage,0.4704381823539734
video6_11_person9,18,1.0,-0.0,0.8167672008275986,2,Engage,18,0,0.0,0,0.0,18,1.0,0,0.0,2,Engage,0.9138754606246948,2,Engage,0.6660425662994385,2,Engage,0.5497539043426514,2,Engage,0.9784823060035706,2,Engage,0.9772126078605652,2,Engage,0.9740947484970092,2,Engage,0.9079990386962892,2,Engage,0.8092846274375916,2,Engage,0.5692314505577087,2,Engage,0.9560794830322266,2,Engage,0.7556700110435486,2,Engage,0.7742192149162292,2,Engage,0.9246752858161926,2,Engage,0.8157302737236023,2,Engage,0.9465632438659668,2,Engage,0.9898562431335448,2,Engage,0.794060468673706,2,Engage,0.3989786803722381
video6_121_person10,18,0.8888888888888888,0.1547717145751626,0.7753299077351888,2,Engage,17,0,0.0,1,0.05555555555555555,17,0.9444444444444444,0,0.0,2,Engage,0.893851637840271,2,Engage,0.6759318709373474,1,Disengage,1.0,2,Engage,0.9682471752166748,2,Engage,0.8042111992835999,2,Engage,0.6254104375839233,2,Engage,0.8605944514274597,2,Engage,0.5472114682197571,2,Engage,0.453214168548584,2,Engage,0.8518729209899902,2,Engage,0.6570584177970886,2,Engage,0.6353169679641724,2,Engage,0.9019681811332704,2,Engage,0.9218173623085022,2,Engage,0.9714019894599916,2,Engage,0.9851781725883484,2,Engage,0.8131382465362549,2,Engage,0.3895136713981628
video6_122_person1,18,0.477124183006536,0.4955380299191111,0.7662559449672699,3,Highly Engage,10,0,0.0,0,0.0,8,0.4444444444444444,10,0.5555555555555556,2,Engage,0.5367110371589661,3,Highly Engage,0.7116832137107849,2,Engage,1.0,3,Highly Engage,0.8245847821235657,3,Highly Engage,0.8862554430961609,3,Highly Engage,0.9545790553092957,2,Engage,0.5132480263710022,3,Highly Engage,0.8381807208061218,3,Highly Engage,0.7600343823432922,3,Highly Engage,0.5383866429328918,3,Highly Engage,0.7787924408912659,3,Highly Engage,0.8777678608894348,2,Engage,0.8371462225914001,2,Engage,0.8876532316207886,2,Engage,0.5208193063735962,2,Engage,0.9840437769889832,2,Engage,0.6903953552246094,3,Highly Engage,0.6523255109786987
video6_123_person2,18,0.5751633986928104,0.4262025893247393,0.7584470162789027,3,Highly Engage,13,0,0.0,0,0.0,5,0.2777777777777778,13,0.7222222222222222,2,Engage,0.5734347105026245,3,Highly Engage,0.7480138540267944,3,Highly Engage,1.0,2,Engage,0.6607829928398132,3,Highly Engage,0.8970585465431213,3,Highly Engage,0.9448989629745485,2,Engage,0.8644341230392456,3,Highly Engage,0.6144342422485352,3,Highly Engage,0.4928390681743622,3,Highly Engage,0.522551953792572,3,Highly Engage,0.8515945076942444,3,Highly Engage,0.8925137519836426,2,Engage,0.8668838739395142,3,Highly Engage,0.5911124348640442,3,Highly Engage,0.7947025299072266,2,Engage,0.8775935769081116,3,Highly Engage,0.7635229229927063,3,Highly Engage,0.6956742405891418
video6_123_person5,18,0.43137254901960786,0.6498683818476262,0.7453667008214526,2,Engage,11,0,0.0,2,0.1111111111111111,11,0.6111111111111112,5,0.2777777777777778,2,Engage,0.765780508518219,2,Engage,0.4648284316062927,2,Engage,1.0,2,Engage,0.96742045879364,2,Engage,0.5312067866325378,2,Engage,0.6132192015647888,2,Engage,0.8858068585395813,1,Disengage,0.5670667886734009,1,Disengage,0.4818291962146759,2,Engage,0.8094141483306885,3,Highly Engage,0.6069409251213074,3,Highly Engage,0.7188869118690491,2,Engage,0.9611459374427797,2,Engage,0.682869553565979,3,Highly Engage,0.9162123203277588,2,Engage,0.9525392055511476,3,Highly Engage,0.7776302099227905,3,Highly Engage,0.7138031721115112
video6_126_person11,18,0.7908496732026143,0.25162916738782287,0.7562431411610709,2,Engage,16,0,0.0,0,0.0,16,0.8888888888888888,2,0.1111111111111111,2,Engage,0.9268784523010254,2,Engage,0.7130205035209656,2,Engage,1.0,2,Engage,0.9327153563499452,2,Engage,0.9255596399307252,2,Engage,0.9090814590454102,2,Engage,0.8504607677459717,3,Highly Engage,0.7273266911506653,2,Engage,0.5264294147491455,2,Engage,0.969084858894348,2,Engage,0.9100473523139954,3,Highly Engage,0.5531403422355652,2,Engage,0.6296696662902832,2,Engage,0.5159205198287964,2,Engage,0.9999985694885254,2,Engage,0.606313169002533,2,Engage,0.4774914979934692,2,Engage,0.4392382800579071
video6_126_person14,18,0.7058823529411765,0.32501121082417705,0.6567159858014848,2,Engage,15,0,0.0,0,0.0,15,0.8333333333333334,3,0.16666666666666666,2,Engage,0.8058863282203674,2,Engage,0.4453793168067932,2,Engage,1.0,2,Engage,0.7841222286224365,2,Engage,0.6375004053115845,2,Engage,0.6815735101699829,2,Engage,0.801313042640686,2,Engage,0.5088779926300049,3,Highly Engage,0.6865293979644775,2,Engage,0.7375265955924988,2,Engage,0.4682714939117431,3,Highly Engage,0.564932644367218,2,Engage,0.6296696662902832,2,Engage,0.5159205198287964,2,Engage,0.9999985694885254,2,Engage,0.5303881764411926,3,Highly Engage,0.593002200126648,2,Engage,0.4299956560134887
video6_126_person9,18,0.8888888888888888,0.1547717145751626,0.7512956725226508,2,Engage,17,0,0.0,1,0.05555555555555555,17,0.9444444444444444,0,0.0,2,Engage,0.9831278324127196,2,Engage,0.7820398211479187,1,Disengage,0.9999997615814208,2,Engage,0.9837226271629332,2,Engage,0.9934972524642944,2,Engage,0.963390588760376,2,Engage,0.9081987738609314,2,Engage,0.4499256312847137,2,Engage,0.4976890087127685,2,Engage,0.9736285209655762,2,Engage,0.6496233940124512,2,Engage,0.6234034895896912,2,Engage,0.6296696662902832,2,Engage,0.5159205198287964,2,Engage,0.9999985694885254,2,Engage,0.6258743405342102,2,Engage,0.5030332207679749,2,Engage,0.4405790865421295
video6_128_person10,18,0.6143790849673203,0.4722442670831027,0.7454324927594926,2,Engage,14,0,0.0,1,0.05555555555555555,14,0.7777777777777778,3,0.16666666666666666,2,Engage,0.947227418422699,2,Engage,0.784834086894989,2,Engage,1.0,2,Engage,0.8601762056350708,2,Engage,0.838752269744873,3,Highly Engage,0.5342538356781006,2,Engage,0.8384861350059509,2,Engage,0.7674354314804077,2,Engage,0.4918100833892822,2,Engage,0.8013365864753723,3,Highly Engage,0.7430693507194519,3,Highly Engage,0.8944535851478577,2,Engage,0.7542625665664673,1,Disengage,0.5516188144683838,2,Engage,0.5716110467910767,2,Engage,0.9314844608306884,2,Engage,0.7479782700538635,2,Engage,0.358994722366333
video6_128_person13,18,0.49673202614379086,0.4820393824041145,0.617174968123436,1,Disengage,11,0,0.0,11,0.6111111111111112,7,0.3888888888888889,0,0.0,1,Disengage,0.7052069306373596,1,Disengage,0.6436237692832947,1,Disengage,1.0,2,Engage,0.5395712852478027,2,Engage,0.6529032588005066,1,Disengage,0.7263442873954773,1,Disengage,0.6007210612297058,2,Engage,0.5986613035202026,1,Disengage,0.4713033139705658,2,Engage,0.6890828609466553,1,Disengage,0.5138534307479858,2,Engage,0.4048488736152649,2,Engage,0.5319806933403015,1,Disengage,0.6595373749732971,1,Disengage,0.6168255805969238,2,Engage,0.8750943541526794,1,Disengage,0.4991308748722076,1,Disengage,0.3804601728916168
video6_128_person14,18,0.39869281045751637,0.6758220575766962,0.5855309102270339,1,Disengage,10,0,0.0,10,0.5555555555555556,6,0.3333333333333333,2,0.1111111111111111,2,Engage,0.4812908172607422,1,Disengage,0.4726929664611816,2,Engage,1.0,1,Disengage,0.4830719530582428,3,Highly Engage,0.5217958092689514,1,Disengage,0.5658488273620605,1,Disengage,0.7227163910865784,2,Engage,0.4808577597141266,2,Engage,0.4119360744953155,2,Engage,0.5287113189697266,1,Disengage,0.6563544869422913,3,Highly Engage,0.4834533035755157,2,Engage,0.7875422835350037,1,Disengage,0.5304182171821594,1,Disengage,0.7598431706428528,1,Disengage,0.4599208533763885,1,Disengage,0.7319604158401489,1,Disengage,0.4611417353153229
video6_129_person8,18,0.7908496732026143,0.25162916738782287,0.8152716292275323,1,Disengage,16,2,0.1111111111111111,16,0.8888888888888888,0,0.0,0,0.0,1,Disengage,0.6959370374679565,1,Disengage,0.7400021553039551,1,Disengage,1.0,1,Disengage,0.928252100944519,1,Disengage,0.9531335830688475,1,Disengage,0.7680709958076477,1,Disengage,0.7912169098854065,1,Disengage,0.8702133893966675,0,Highly Disengage,0.4381415843963623,1,Disengage,0.8755471706390381,1,Disengage,0.9494685530662536,1,Disengage,0.8280651569366455,1,Disengage,0.8137876987457275,1,Disengage,0.9606473445892334,1,Disengage,0.8588263392448425,1,Disengage,0.7167848944664001,1,Disengage,0.8688504099845886,0,Highly Disengage,0.6179440021514893
video6_12_person12,18,0.35294117647058826,0.7295739585136225,0.5844307525290383,1,Disengage,9,3,0.16666666666666666,9,0.5,6,0.3333333333333333,0,0.0,1,Disengage,0.4200150668621063,0,Highly Disengage,0.8337425589561462,1,Disengage,1.0,1,Disengage,0.5310512781143188,1,Disengage,0.4933923780918121,0,Highly Disengage,0.4754018485546112,2,Engage,0.7181375622749329,2,Engage,0.5752341151237488,2,Engage,0.5314429998397827,2,Engage,0.7217146158218384,1,Disengage,0.5724475979804993,2,Engage,0.4968236982822418,2,Engage,0.5793163180351257,1,Disengage,0.4287014603614807,1,Disengage,0.4971535503864288,0,Highly Disengage,0.392980545759201,1,Disengage,0.8131682872772217,1,Disengage,0.4390296638011932
video6_12_person7,18,0.7058823529411765,0.32501121082417705,0.7656048536300659,2,Engage,15,0,0.0,3,0.16666666666666666,15,0.8333333333333334,0,0.0,2,Engage,0.8570664525032043,2,Engage,0.506784200668335,1,Disengage,1.0,2,Engage,0.9805575609207152,2,Engage,0.9335956573486328,1,Disengage,0.559412956237793,2,Engage,0.815799355506897,2,Engage,0.4419571459293365,2,Engage,0.3695269525051117,2,Engage,0.8224543333053589,2,Engage,0.7404889464378357,1,Disengage,0.5107188820838928,2,Engage,0.9912494421005248,2,Engage,0.987044394016266,2,Engage,0.9970659613609314,2,Engage,0.9942428469657898,2,Engage,0.862404465675354,2,Engage,0.4105178117752075
video6_131_person10,18,0.7908496732026143,0.25162916738782287,0.7630334066020118,2,Engage,16,0,0.0,2,0.1111111111111111,16,0.8888888888888888,0,0.0,2,Engage,0.9163750410079956,2,Engage,0.7659373879432678,1,Disengage,1.0,2,Engage,0.9474712014198304,2,Engage,0.994507133960724,2,Engage,0.9722939729690552,2,Engage,0.8936660289764404,2,Engage,0.6944106817245483,2,Engage,0.5562343597412109,2,Engage,0.9384011626243592,2,Engage,0.6741579174995422,2,Engage,0.493905246257782,2,Engage,0.6292123198509216,2,Engage,0.5035219192504883,2,Engage,0.7367271780967712,2,Engage,0.95168936252594,2,Engage,0.6953749656677246,1,Disengage,0.3707154393196106
video6_131_person3,18,0.39869281045751637,0.6758220575766962,0.6455670810408063,1,Disengage,10,0,0.0,10,0.5555555555555556,6,0.3333333333333333,2,0.1111111111111111,2,Engage,0.7737041115760803,1,Disengage,0.4656547307968139,1,Disengage,1.0,1,Disengage,0.6173391342163086,2,Engage,0.672442615032196,1,Disengage,0.7582719326019287,2,Engage,0.8603342175483704,3,Highly Engage,0.6535629630088806,2,Engage,0.5393756628036499,1,Disengage,0.498382568359375,3,Highly Engage,0.5409691333770752,1,Disengage,0.6147658824920654,2,Engage,0.5969326496124268,1,Disengage,0.5950611233711243,1,Disengage,0.5763629674911499,2,Engage,0.8413401246070862,1,Disengage,0.6461101174354553,1,Disengage,0.3695975244045257
video6_133_person1,18,0.5294117647058824,0.4591479170272447,0.7394061270687315,2,Engage,12,0,0.0,0,0.0,12,0.6666666666666666,6,0.3333333333333333,2,Engage,0.910273015499115,2,Engage,0.7300513386726379,2,Engage,1.0,2,Engage,0.9098753929138184,2,Engage,0.743894100189209,2,Engage,0.5291781425476074,2,Engage,0.806793212890625,3,Highly Engage,0.6790971159934998,3,Highly Engage,0.4869391620159149,2,Engage,0.7955913543701172,3,Highly Engage,0.7438992857933044,3,Highly Engage,0.7469457387924194,2,Engage,0.8338869214057922,2,Engage,0.6276848912239075,3,Highly Engage,0.6988588571548462,2,Engage,0.9830029606819152,2,Engage,0.5431640148162842,3,Highly Engage,0.5401747822761536
video6_133_person10,18,0.7908496732026143,0.25162916738782287,0.7880448185735278,2,Engage,16,0,0.0,2,0.1111111111111111,16,0.8888888888888888,0,0.0,2,Engage,0.8879316449165344,2,Engage,0.7312912940979004,1,Disengage,1.0,2,Engage,0.9776991605758668,2,Engage,0.995090126991272,2,Engage,0.9150909781455994,2,Engage,0.8662072420120239,2,Engage,0.7469502091407776,2,Engage,0.549157977104187,2,Engage,0.921971559524536,2,Engage,0.7147799730300903,2,Engage,0.6894705295562744,2,Engage,0.6749585866928101,2,Engage,0.5219447016716003,2,Engage,0.888089656829834,2,Engage,0.9755889177322388,2,Engage,0.7540911436080933,1,Disengage,0.3744930326938629
video6_133_person3,18,0.6928104575163399,0.40153586366205124,0.7480742202864753,1,Disengage,15,2,0.1111111111111111,15,0.8333333333333334,1,0.05555555555555555,0,0.0,1,Disengage,0.6466368436813354,1,Disengage,0.7164311408996582,1,Disengage,1.0,1,Disengage,0.525404155254364,0,Highly Disengage,0.8760362863540649,1,Disengage,0.8171382546424866,1,Disengage,0.783169686794281,2,Engage,0.7362291216850281,1,Disengage,0.5021606683731079,1,Disengage,0.5547970533370972,1,Disengage,0.6800958514213562,1,Disengage,0.810908317565918,1,Disengage,0.9564039707183838,1,Disengage,0.9376544952392578,1,Disengage,0.981977880001068,1,Disengage,0.5906451344490051,1,Disengage,0.8561617136001587,0,Highly Disengage,0.4934853911399841
video6_133_person6,18,0.5294117647058824,0.4591479170272447,0.6912808964649836,2,Engage,12,0,0.0,6,0.3333333333333333,12,0.6666666666666666,0,0.0,2,Engage,0.6114075183868408,2,Engage,0.5193158388137817,1,Disengage,1.0,2,Engage,0.8591806888580322,2,Engage,0.910572111606598,2,Engage,0.7793558835983276,1,Disengage,0.6923766136169434,1,Disengage,0.6225945949554443,1,Disengage,0.579311192035675,2,Engage,0.869299590587616,2,Engage,0.5294455885887146,2,Engage,0.5974165797233582,2,Engage,0.7715892791748047,2,Engage,0.5330688953399658,1,Disengage,0.6485412120819092,2,Engage,0.9587658643722534,2,Engage,0.547258734703064,1,Disengage,0.4135559499263763
video6_134_person7,18,0.7058823529411765,0.32501121082417705,0.8442998925844828,2,Engage,15,0,0.0,0,0.0,15,0.8333333333333334,3,0.16666666666666666,2,Engage,0.993017315864563,2,Engage,0.7729931473731995,2,Engage,1.0,2,Engage,0.9974574446678162,2,Engage,0.9959924817085266,2,Engage,0.9690651893615724,2,Engage,0.8018591403961182,3,Highly Engage,0.8020068407058716,3,Highly Engage,0.5470872521400452,2,Engage,0.9435142874717712,2,Engage,0.7868523597717285,3,Highly Engage,0.5691559910774231,2,Engage,0.9860075116157532,2,Engage,0.8929064869880676,2,Engage,0.9235342741012572,2,Engage,0.9927526712417604,2,Engage,0.7930042147636414,2,Engage,0.4301914572715759
video6_135_person10,18,0.3790849673202614,0.6910511266271551,0.6774224357472526,2,Engage,9,0,0.0,2,0.1111111111111111,9,0.5,7,0.3888888888888889,2,Engage,0.4984345138072967,3,Highly Engage,0.8999500274658203,2,Engage,1.0,2,Engage,0.6242608428001404,3,Highly Engage,0.8341690897941589,3,Highly Engage,0.933163285255432,2,Engage,0.5067342519760132,3,Highly Engage,0.6547455787658691,3,Highly Engage,0.5470435619354248,2,Engage,0.5965873003005981,3,Highly Engage,0.5593252778053284,3,Highly Engage,0.8270000219345093,2,Engage,0.8111941814422607,1,Disengage,0.4782228767871856,2,Engage,0.5140031576156616,2,Engage,0.7276796698570251,2,Engage,0.7745417952537537,1,Disengage,0.406548410654068
video6_136_person4,18,0.8888888888888888,0.1547717145751626,0.7462595419751273,1,Disengage,17,0,0.0,17,0.9444444444444444,1,0.05555555555555555,0,0.0,1,Disengage,0.5042806267738342,1,Disengage,0.7517833113670349,1,Disengage,1.0,1,Disengage,0.976619839668274,1,Disengage,0.9525538086891174,1,Disengage,0.9722690582275392,1,Disengage,0.8020191192626953,1,Disengage,0.3612456619739532,1,Disengage,0.6211674809455872,1,Disengage,0.6502288579940796,1,Disengage,0.8350058197975159,1,Disengage,0.8309691548347473,2,Engage,0.5208848714828491,1,Disengage,0.9790548086166382,1,Disengage,0.9556368589401244,1,Disengage,0.4209516644477844,1,Disengage,0.8777436017990112,1,Disengage,0.4202572107315063
video6_137_person11,18,0.7908496732026143,0.25162916738782287,0.8356048580673006,3,Highly Engage,16,0,0.0,0,0.0,2,0.1111111111111111,16,0.8888888888888888,2,Engage,0.7816436290740967,3,Highly Engage,0.8803360462188721,2,Engage,1.0,3,Highly Engage,0.6277439594268799,3,Highly Engage,0.8899897336959839,3,Highly Engage,0.9084287285804749,3,Highly Engage,0.496548980474472,3,Highly Engage,0.7980514764785767,3,Highly Engage,0.6734338998794556,3,Highly Engage,0.6554576754570007,3,Highly Engage,0.8911448121070862,3,Highly Engage,0.9336299300193788,3,Highly Engage,0.6819518208503723,3,Highly Engage,0.9806715846061708,3,Highly Engage,0.999241828918457,3,Highly Engage,0.9387658834457396,3,Highly Engage,0.9746922850608826,3,Highly Engage,0.929155170917511
video6_137_person2,18,0.477124183006536,0.4955380299191111,0.8073422660430273,3,Highly Engage,10,0,0.0,0,0.0,8,0.4444444444444444,10,0.5555555555555556,2,Engage,0.9569693803787231,2,Engage,0.640768826007843,2,Engage,1.0,2,Engage,0.7830075621604919,3,Highly Engage,0.807247519493103,3,Highly Engage,0.837154746055603,2,Engage,0.7600326538085938,2,Engage,0.5011669397354126,2,Engage,0.4444666802883148,2,Engage,0.5254230499267578,3,Highly Engage,0.9475338459014891,3,Highly Engage,0.940514326095581,3,Highly Engage,0.5855554938316345,3,Highly Engage,0.9558842778205872,3,Highly Engage,0.9992033839225768,3,Highly Engage,0.9272456765174866,3,Highly Engage,0.983651876449585,3,Highly Engage,0.9363345503807068
video6_138_person2,18,0.5751633986928104,0.4262025893247393,0.7602130638228523,3,Highly Engage,13,0,0.0,0,0.0,5,0.2777777777777778,13,0.7222222222222222,3,Highly Engage,0.6729812026023865,3,Highly Engage,0.7899896502494812,3,Highly Engage,1.0,2,Engage,0.7285041213035583,3,Highly Engage,0.9487720727920532,3,Highly Engage,0.9217287302017212,2,Engage,0.5141977667808533,3,Highly Engage,0.6414483189582825,3,Highly Engage,0.7393679022789001,3,Highly Engage,0.6531047224998474,3,Highly Engage,0.9114313125610352,3,Highly Engage,0.8915502429008484,2,Engage,0.8042662739753723,3,Highly Engage,0.6276785135269165,3,Highly Engage,0.9020575284957886,2,Engage,0.6330129504203796,2,Engage,0.5818315148353577,3,Highly Engage,0.7219123244285583
video6_140_person3,18,0.6339869281045751,0.38210225325431013,0.8183243009779189,3,Highly Engage,14,0,0.0,0,0.0,4,0.2222222222222222,14,0.7777777777777778,3,Highly Engage,0.843758761882782,3,Highly Engage,0.971592903137207,3,Highly Engage,1.0,3,Highly Engage,0.890988826751709,3,Highly Engage,0.966937780380249,3,Highly Engage,0.9712463617324828,3,Highly Engage,0.7371897101402283,3,Highly Engage,0.8899811506271362,3,Highly Engage,0.8445068597793579,2,Engage,0.5293740034103394,3,Highly Engage,0.881449818611145,3,Highly Engage,0.8708138465881348,2,Engage,0.6296696662902832,2,Engage,0.5159205198287964,2,Engage,0.9999985694885254,3,Highly Engage,0.8588971495628357,3,Highly Engage,0.8009851574897766,3,Highly Engage,0.5265263319015503
video6_140_person7,18,0.7058823529411765,0.32501121082417705,0.6760865930053923,2,Engage,15,0,0.0,0,0.0,15,0.8333333333333334,3,0.16666666666666666,2,Engage,0.7740926742553711,2,Engage,0.3934721648693084,2,Engage,1.0,2,Engage,0.9604978561401368,2,Engage,0.8408697843551636,2,Engage,0.7887842655181885,2,Engage,0.8275510668754578,2,Engage,0.4055857360363006,2,Engage,0.38406702876091,2,Engage,0.8463537096977234,2,Engage,0.4254617094993591,3,Highly Engage,0.4557255804538727,2,Engage,0.6296696662902832,2,Engage,0.5159205198287964,2,Engage,0.9999985694885254,3,Highly Engage,0.8260176181793213,3,Highly Engage,0.6526185274124146,2,Engage,0.4428721964359283
video6_141_person10,18,0.6339869281045751,0.38210225325431013,0.7519441925817065,3,Highly Engage,14,0,0.0,0,0.0,4,0.2222222222222222,14,0.7777777777777778,3,Highly Engage,0.5825256109237671,3,Highly Engage,0.776918351650238,3,Highly Engage,1.0,2,Engage,0.6533509492874146,3,Highly Engage,0.7921661138534546,3,Highly Engage,0.8877437710762024,3,Highly Engage,0.6303606033325195,3,Highly Engage,0.846595287322998,3,Highly Engage,0.8762744069099426,3,Highly Engage,0.6457473635673523,3,Highly Engage,0.9358067512512208,3,Highly Engage,0.911474108695984,2,Engage,0.6296696662902832,2,Engage,0.5159205198287964,2,Engage,0.9999985694885254,3,Highly Engage,0.7931009531021118,3,Highly Engage,0.5995764136314392,3,Highly Engage,0.4577660262584686
video6_141_person14,18,0.49673202614379086,0.4820393824041145,0.7080191920200983,3,Highly Engage,11,0,0.0,0,0.0,7,0.3888888888888889,11,0.6111111111111112,2,Engage,0.752880334854126,3,Highly Engage,0.8559021353721619,3,Highly Engage,1.0,2,Engage,0.7890787720680237,2,Engage,0.5467590689659119,3,Highly Engage,0.7444302439689636,3,Highly Engage,0.6493289470672607,3,Highly Engage,0.775638222694397,3,Highly Engage,0.6233845353126526,2,Engage,0.6649576425552368,3,Highly Engage,0.697543203830719,3,Highly Engage,0.7995814681053162,2,Engage,0.6296696662902832,2,Engage,0.5159205198287964,2,Engage,0.9999985694885254,3,Highly Engage,0.6270559430122375,3,Highly Engage,0.6569988131523132,3,Highly Engage,0.4152173697948456
video6_142_person7,18,0.7058823529411765,0.32501121082417705,0.7548266682359908,3,Highly Engage,15,0,0.0,0,0.0,3,0.16666666666666666,15,0.8333333333333334,3,Highly Engage,0.5744684934616089,3,Highly Engage,0.7565558552742004,3,Highly Engage,1.0,3,Highly Engage,0.58016437292099,3,Highly Engage,0.8980372548103333,3,Highly Engage,0.9583758115768432,2,Engage,0.7587440609931946,3,Highly Engage,0.8652010560035706,3,Highly Engage,0.6379010081291199,3,Highly Engage,0.5522699952125549,3,Highly Engage,0.8633453845977783,3,Highly Engage,0.8580544590950012,2,Engage,0.8803117871284485,3,Highly Engage,0.6922334432601929,3,Highly Engage,0.9751574993133544,2,Engage,0.5153024196624756,3,Highly Engage,0.6314452886581421,3,Highly Engage,0.5893118381500244
video6_145_person11,18,0.45751633986928103,0.597086867128456,0.6274484793345133,2,Engage,11,1,0.05555555555555555,6,0.3333333333333333,11,0.6111111111111112,0,0.0,2,Engage,0.474224328994751,1,Disengage,0.5185479521751404,1,Disengage,1.0,2,Engage,0.5582807064056396,2,Engage,0.5399956703186035,2,Engage,0.5416645407676697,2,Engage,0.767258882522583,2,Engage,0.7016789317131042,1,Disengage,0.4544726908206939,2,Engage,0.8737874031066895,2,Engage,0.5960392951965332,2,Engage,0.6488288640975952,2,Engage,0.6269010305404663,1,Disengage,0.4400665760040283,1,Disengage,0.705752432346344,2,Engage,0.4934260547161102,1,Disengage,0.8299492001533508,0,Highly Disengage,0.5231980681419373
video6_146_person14,18,0.49673202614379086,0.4820393824041145,0.6698841436041726,2,Engage,11,0,0.0,7,0.3888888888888889,11,0.6111111111111112,0,0.0,2,Engage,0.6243438720703125,2,Engage,0.4751180410385132,1,Disengage,1.0,2,Engage,0.6465272307395935,1,Disengage,0.7856693267822266,1,Disengage,0.5387751460075378,2,Engage,0.7137561440467834,1,Disengage,0.8160700798034668,2,Engage,0.4016858041286468,2,Engage,0.6251047253608704,1,Disengage,0.4727689027786255,1,Disengage,0.5328532457351685,2,Engage,0.9229692220687866,2,Engage,0.6509788632392883,2,Engage,0.9157091379165648,2,Engage,0.753088116645813,1,Disengage,0.7936557531356812,2,Engage,0.3888409733772278
video6_146_person2,18,0.6078431372549019,0.4932133643654213,0.7310267604059644,2,Engage,14,0,0.0,2,0.1111111111111111,14,0.7777777777777778,2,0.1111111111111111,2,Engage,0.8556618690490723,2,Engage,0.526047945022583,1,Disengage,1.0,2,Engage,0.8301998376846313,2,Engage,0.9484527111053468,2,Engage,0.6604717969894409,2,Engage,0.7232835292816162,2,Engage,0.4951964318752289,1,Disengage,0.4828076958656311,2,Engage,0.8744106888771057,2,Engage,0.6862486600875854,2,Engage,0.6251079440116882,2,Engage,0.7156500816345215,2,Engage,0.5512041449546814,2,Engage,0.8911673426628113,2,Engage,0.9893221855163574,3,Highly Engage,0.688633918762207,3,Highly Engage,0.6146149039268494
video6_146_person3,18,1.0,-0.0,0.769214078783989,2,Engage,18,0,0.0,0,0.0,18,1.0,0,0.0,2,Engage,0.9018093347549438,2,Engage,0.5522885918617249,2,Engage,1.0,2,Engage,0.7796378135681152,2,Engage,0.9464008808135986,2,Engage,0.8087419271469116,2,Engage,0.8994776010513306,2,Engage,0.7776326537132263,2,Engage,0.5165767073631287,2,Engage,0.7014030814170837,2,Engage,0.6330791711807251,2,Engage,0.6742289066314697,2,Engage,0.9387190937995912,2,Engage,0.6748346090316772,2,Engage,0.9519374370574952,2,Engage,0.9354261755943298,2,Engage,0.723886251449585,2,Engage,0.4297731816768646
video6_147_person10,18,0.6339869281045751,0.38210225325431013,0.6781940592659844,2,Engage,14,0,0.0,4,0.2222222222222222,14,0.7777777777777778,0,0.0,2,Engage,0.6627665162086487,2,Engage,0.5331386923789978,2,Engage,1.0,2,Engage,0.7944890856742859,2,Engage,0.6395411491394043,2,Engage,0.6620309948921204,2,Engage,0.6582008004188538,1,Disengage,0.7555945515632629,2,Engage,0.4377519786357879,2,Engage,0.814974308013916,2,Engage,0.6031122803688049,2,Engage,0.6912242770195007,2,Engage,0.5496015548706055,1,Disengage,0.5364751219749451,1,Disengage,0.8283981084823608,2,Engage,0.967242956161499,2,Engage,0.705105185508728,1,Disengage,0.3678455054759979
video6_148_person2,18,0.5294117647058824,0.6166123941101099,0.6486896044678159,2,Engage,13,1,0.05555555555555555,3,0.16666666666666666,13,0.7222222222222222,1,0.05555555555555555,2,Engage,0.7237054705619812,1,Disengage,0.4906472563743591,2,Engage,1.0,2,Engage,0.5963280200958252,2,Engage,0.612061083316803,2,Engage,0.412988930940628,1,Disengage,0.7076542973518372,1,Disengage,0.4328128397464752,0,Highly Disengage,0.6296184659004211,2,Engage,0.7789018750190735,2,Engage,0.5182520747184753,3,Highly Engage,0.7008254528045654,2,Engage,0.7551782131195068,2,Engage,0.4312182366847992,2,Engage,0.6721066832542419,2,Engage,0.9483652114868164,2,Engage,0.8233673572540283,2,Engage,0.4423814117908478
video6_148_person9,18,0.49673202614379086,0.5674849873019706,0.760245982143614,2,Engage,12,1,0.05555555555555555,5,0.2777777777777778,12,0.6666666666666666,0,0.0,2,Engage,0.955812931060791,2,Engage,0.6979131698608398,1,Disengage,1.0,2,Engage,0.9800859689712524,2,Engage,0.9713733196258544,2,Engage,0.965642511844635,2,Engage,0.9177426099777222,2,Engage,0.8017541766166687,2,Engage,0.5292413234710693,2,Engage,0.9514322876930236,2,Engage,0.7820481061935425,2,Engage,0.7550516128540039,1,Disengage,0.5209759473800659,1,Disengage,0.518448531627655,1,Disengage,0.5864730477333069,2,Engage,0.8390238881111145,1,Disengage,0.4966096580028534,0,Highly Disengage,0.4147985875606537
video6_149_person10,18,0.7843137254901961,0.30718472294337845,0.769978274901708,1,Disengage,16,1,0.05555555555555555,16,0.8888888888888888,1,0.05555555555555555,0,0.0,1,Disengage,0.7519476413726807,1,Disengage,0.7974438071250916,1,Disengage,1.0,1,Disengage,0.8334948420524597,1,Disengage,0.9399446845054626,1,Disengage,0.929142415523529,2,Engage,0.7535529732704163,1,Disengage,0.9074698090553284,1,Disengage,0.5013834834098816,1,Disengage,0.6207812428474426,1,Disengage,0.6377260088920593,1,Disengage,0.7302289605140686,1,Disengage,0.7367870211601257,1,Disengage,0.6839344501495361,1,Disengage,0.7680811882019043,1,Disengage,0.6998933553695679,1,Disengage,0.8552523851394653,0,Highly Disengage,0.7125446796417236
video6_149_person6,18,0.477124183006536,0.4955380299191111,0.6962227606111102,2,Engage,10,0,0.0,8,0.4444444444444444,10,0.5555555555555556,0,0.0,2,Engage,0.7742627263069153,1,Disengage,0.6276630759239197,1,Disengage,1.0,2,Engage,0.5487279295921326,2,Engage,0.6863052845001221,1,Disengage,0.6315388679504395,2,Engage,0.6836292743682861,2,Engage,0.7367357015609741,2,Engage,0.5007351040840149,2,Engage,0.8396750092506409,1,Disengage,0.6962891221046448,1,Disengage,0.6751261353492737,2,Engage,0.7078800797462463,1,Disengage,0.6540160179138184,1,Disengage,0.6938677430152893,2,Engage,0.893355667591095,2,Engage,0.783927857875824,1,Disengage,0.3982740938663482
video6_149_person7,18,0.8888888888888888,0.1547717145751626,0.8531713866525226,2,Engage,17,0,0.0,1,0.05555555555555555,17,0.9444444444444444,0,0.0,2,Engage,0.9465914368629456,2,Engage,0.7088156342506409,1,Disengage,1.0,2,Engage,0.9933340549468994,2,Engage,0.994392454624176,2,Engage,0.964287281036377,2,Engage,0.8268955945968628,2,Engage,0.7132341861724854,2,Engage,0.5264739394187927,2,Engage,0.9634108543395996,2,Engage,0.8520957827568054,2,Engage,0.6751251816749573,2,Engage,0.9885491728782654,2,Engage,0.965149223804474,2,Engage,0.9499027132987976,2,Engage,0.9977632761001588,2,Engage,0.8524270057678223,2,Engage,0.4386371672153473
video6_149_person9,18,0.7908496732026143,0.25162916738782287,0.7126437028249105,2,Engage,16,0,0.0,2,0.1111111111111111,16,0.8888888888888888,0,0.0,2,Engage,0.8948285579681396,2,Engage,0.7454348802566528,2,Engage,1.0,2,Engage,0.8816019296646118,2,Engage,0.8377792239189148,2,Engage,0.8732296228408813,2,Engage,0.9130447506904602,2,Engage,0.790504515171051,2,Engage,0.5568154454231262,2,Engage,0.7600304484367371,2,Engage,0.7513266205787659,2,Engage,0.6581860184669495,1,Disengage,0.5043521523475647,2,Engage,0.496586412191391,2,Engage,0.5486479997634888,2,Engage,0.7016457915306091,2,Engage,0.5467367172241211,1,Disengage,0.3668355643749237
video6_14_person10,18,0.8888888888888888,0.1547717145751626,0.8290725648403168,2,Engage,17,0,0.0,0,0.0,17,0.9444444444444444,1,0.05555555555555555,2,Engage,0.9933778643608092,2,Engage,0.94577294588089,3,Highly Engage,1.0,2,Engage,0.9976071119308472,2,Engage,0.9954606890678406,2,Engage,0.9937303066253662,2,Engage,0.8378166556358337,2,Engage,0.6148173213005066,2,Engage,0.4776254892349243,2,Engage,0.9748716950416564,2,Engage,0.902667760848999,2,Engage,0.5995607376098633,2,Engage,0.7664106488227844,2,Engage,0.8533398509025574,2,Engage,0.9939433932304382,2,Engage,0.9501338005065918,2,Engage,0.6185139417648315,2,Engage,0.4076559543609619
video6_14_person8,18,0.49673202614379086,0.4820393824041145,0.766018314494027,0,Highly Disengage,11,11,0.6111111111111112,7,0.3888888888888889,0,0.0,0,0.0,1,Disengage,0.6914839744567871,1,Disengage,0.4755851030349731,1,Disengage,1.0,0,Highly Disengage,0.6419572234153748,0,Highly Disengage,0.6160768270492554,0,Highly Disengage,0.9844385981559752,0,Highly Disengage,0.5025948286056519,0,Highly Disengage,0.7354782819747925,0,Highly Disengage,0.7849301099777222,1,Disengage,0.7488120198249817,1,Disengage,0.8196893334388733,0,Highly Disengage,0.8484527468681335,1,Disengage,0.6275963187217712,0,Highly Disengage,0.9589329361915588,0,Highly Disengage,0.99894517660141,1,Disengage,0.7395824790000916,0,Highly Disengage,0.6867759227752686,0,Highly Disengage,0.9269977807998656
video6_152_person11,18,0.7908496732026143,0.25162916738782287,0.7549859782059988,2,Engage,16,0,0.0,2,0.1111111111111111,16,0.8888888888888888,0,0.0,2,Engage,0.7725920081138611,2,Engage,0.591467022895813,1,Disengage,1.0,2,Engage,0.9613715410232544,2,Engage,0.9458202123641968,2,Engage,0.8469381332397461,2,Engage,0.7963498830795288,2,Engage,0.7902602553367615,1,Disengage,0.5116457939147949,2,Engage,0.9455736875534058,2,Engage,0.7212051153182983,2,Engage,0.6896755695343018,2,Engage,0.8038581013679504,2,Engage,0.4687198996543884,2,Engage,0.6704834699630737,2,Engage,0.9735523462295532,2,Engage,0.6607978343963623,2,Engage,0.4394367337226867
video6_153_person2,18,0.47058823529411764,0.5,0.6238097482257419,1,Disengage,9,0,0.0,9,0.5,9,0.5,0,0.0,2,Engage,0.6896215677261353,2,Engage,0.4314972758293152,1,Disengage,1.0,2,Engage,0.5283793807029724,1,Disengage,0.7450516819953918,1,Disengage,0.5324544310569763,1,Disengage,0.5287262797355652,1,Disengage,0.889455258846283,1,Disengage,0.3943672478199005,2,Engage,0.5023729205131531,1,Disengage,0.5004429221153259,1,Disengage,0.5499323606491089,2,Engage,0.8489993810653687,2,Engage,0.3568229675292969,2,Engage,0.7644702792167664,2,Engage,0.9289153218269348,1,Disengage,0.6530019044876099,2,Engage,0.3840642869472503
video6_155_person14,18,0.477124183006536,0.4955380299191111,0.6509012000428306,1,Disengage,10,0,0.0,10,0.5555555555555556,8,0.4444444444444444,0,0.0,2,Engage,0.7043370604515076,1,Disengage,0.451550543308258,1,Disengage,1.0,1,Disengage,0.8511613607406616,1,Disengage,0.7138295769691467,1,Disengage,0.806632936000824,1,Disengage,0.7019778490066528,1,Disengage,0.8510826826095581,1,Disengage,0.4562353491783142,2,Engage,0.6279393434524536,1,Disengage,0.4302431046962738,1,Disengage,0.4217210114002228,2,Engage,0.6296696662902832,2,Engage,0.5159205198287964,2,Engage,0.9999985694885254,2,Engage,0.5356739163398743,2,Engage,0.5815418362617493,2,Engage,0.4367062747478485
video6_156_person7,18,0.6078431372549019,0.4932133643654213,0.7935146441062292,2,Engage,14,0,0.0,2,0.1111111111111111,14,0.7777777777777778,2,0.1111111111111111,2,Engage,0.9280827045440674,2,Engage,0.7791681885719299,1,Disengage,1.0,2,Engage,0.9888545274734496,2,Engage,0.9576733112335204,2,Engage,0.9354642033576964,2,Engage,0.7970873713493347,2,Engage,0.6697519421577454,3,Highly Engage,0.6505908370018005,2,Engage,0.9089258909225464,2,Engage,0.4909582436084747,3,Highly Engage,0.7461190223693848,2,Engage,0.9402084946632384,2,Engage,0.8515155911445618,2,Engage,0.6925757527351379,2,Engage,0.9917463064193726,1,Disengage,0.5528472065925598,2,Engage,0.4016939997673034
video6_157_person1,18,1.0,-0.0,0.7818513396713469,2,Engage,18,0,0.0,0,0.0,18,1.0,0,0.0,2,Engage,0.8940260410308838,2,Engage,0.7621359825134277,2,Engage,1.0,2,Engage,0.8772910833358765,2,Engage,0.8499219417572021,2,Engage,0.6715847849845886,2,Engage,0.8765555024147034,2,Engage,0.4617117047309875,2,Engage,0.4110349416732788,2,Engage,0.9313588738441468,2,Engage,0.6092417240142822,2,Engage,0.5997986197471619,2,Engage,0.9416824579238892,2,Engage,0.8791478276252747,2,Engage,0.9947248101234436,2,Engage,0.9837035536766052,2,Engage,0.8981190323829651,2,Engage,0.4312852323055267
video6_159_person9,18,0.6928104575163399,0.4015358636620513,0.7355320586098565,2,Engage,15,0,0.0,1,0.05555555555555555,15,0.8333333333333334,2,0.1111111111111111,2,Engage,0.8863005042076111,2,Engage,0.6498677134513855,1,Disengage,1.0,2,Engage,0.7891136407852173,3,Highly Engage,0.8134878873825073,2,Engage,0.7355433106422424,2,Engage,0.9045812487602234,2,Engage,0.7768898010253906,2,Engage,0.5548517107963562,2,Engage,0.915613055229187,2,Engage,0.633685290813446,3,Highly Engage,0.607417106628418,2,Engage,0.7626669406890869,2,Engage,0.5629024505615234,2,Engage,0.5932971835136414,2,Engage,0.9823814034461976,2,Engage,0.7091931700706482,2,Engage,0.3617846369743347
video6_15_person7,18,0.33986928104575165,0.7403410574831923,0.6385283768177032,2,Engage,8,0,0.0,3,0.16666666666666666,8,0.4444444444444444,7,0.3888888888888889,2,Engage,0.7672556042671204,2,Engage,0.4333763122558594,1,Disengage,0.9991676807403564,2,Engage,0.8031130433082581,2,Engage,0.5297948122024536,1,Disengage,0.4909218251705169,2,Engage,0.8126010894775391,2,Engage,0.4207129776477813,2,Engage,0.3855742514133453,2,Engage,0.6846630573272705,3,Highly Engage,0.4205369055271148,1,Disengage,0.5891715884208679,3,Highly Engage,0.7759636640548706,3,Highly Engage,0.6993495225906372,3,Highly Engage,0.9715778231620787,3,Highly Engage,0.6280583143234253,3,Highly Engage,0.5630775690078735,3,Highly Engage,0.5185947418212891
video6_160_person10,18,0.33986928104575165,0.8060986113514965,0.7793501400285296,2,Engage,9,1,0.05555555555555555,2,0.1111111111111111,9,0.5,6,0.3333333333333333,2,Engage,0.8500767946243286,2,Engage,0.7545615434646606,2,Engage,1.0,2,Engage,0.959783971309662,2,Engage,0.6284866333007812,3,Highly Engage,0.8843716979026794,2,Engage,0.7321036458015442,2,Engage,0.4691679775714874,1,Disengage,0.4725882709026336,2,Engage,0.5866357684135437,0,Highly Disengage,0.8431193828582764,1,Disengage,0.3715199530124664,3,Highly Engage,0.8464463949203491,3,Highly Engage,0.8558180928230286,3,Highly Engage,0.9999916553497314,2,Engage,0.8148467540740967,3,Highly Engage,0.9844874739646912,3,Highly Engage,0.974296510219574
video6_161_person13,18,0.43137254901960786,0.6163301284079103,0.66726982096831,1,Disengage,10,0,0.0,10,0.5555555555555556,7,0.3888888888888889,1,0.05555555555555555,2,Engage,0.496805876493454,2,Engage,0.5100941061973572,1,Disengage,1.0,2,Engage,0.7752987146377563,3,Highly Engage,0.4589188992977142,1,Disengage,0.7148997783660889,2,Engage,0.5469446778297424,2,Engage,0.5771409273147583,2,Engage,0.5141595602035522,2,Engage,0.5737509727478027,1,Disengage,0.6039160490036011,1,Disengage,0.8443289399147034,1,Disengage,0.820866584777832,1,Disengage,0.9808831810951232,1,Disengage,0.99569571018219,1,Disengage,0.5547706484794617,1,Disengage,0.641210675239563,1,Disengage,0.40117147564888
video6_161_person2,18,0.49673202614379086,0.4820393824041145,0.8193689783414205,3,Highly Engage,11,0,0.0,0,0.0,7,0.3888888888888889,11,0.6111111111111112,3,Highly Engage,0.7936665415763855,3,Highly Engage,0.9093688726425172,3,Highly Engage,1.0,2,Engage,0.8145236372947693,3,Highly Engage,0.9267042279243468,3,Highly Engage,0.9662689566612244,2,Engage,0.5065630078315735,3,Highly Engage,0.8499966263771057,3,Highly Engage,0.7033624053001404,3,Highly Engage,0.5266575813293457,3,Highly Engage,0.9226901531219482,3,Highly Engage,0.9356364011764526,2,Engage,0.942030906677246,2,Engage,0.8233326077461243,2,Engage,0.9044714570045472,2,Engage,0.9898768067359924,2,Engage,0.6949095726013184,3,Highly Engage,0.5385818481445312
video6_161_person3,18,0.5294117647058824,0.4591479170272447,0.6605910029676225,1,Disengage,12,0,0.0,12,0.6666666666666666,6,0.3333333333333333,0,0.0,2,Engage,0.6710334420204163,2,Engage,0.4666688740253448,2,Engage,1.0,1,Disengage,0.6014215350151062,1,Disengage,0.6539571285247803,1,Disengage,0.5574020743370056,2,Engage,0.8036835789680481,1,Disengage,0.5904289484024048,2,Engage,0.4587941169738769,2,Engage,0.5041969418525696,1,Disengage,0.6458091735839844,1,Disengage,0.6353346109390259,1,Disengage,0.8672179579734802,1,Disengage,0.8865566849708557,1,Disengage,0.954885721206665,1,Disengage,0.531423807144165,1,Disengage,0.6628889441490173,1,Disengage,0.3989345133304596
video6_164_person7,18,0.6928104575163399,0.40153586366205124,0.7637452118926578,2,Engage,15,0,0.0,2,0.1111111111111111,15,0.8333333333333334,1,0.05555555555555555,2,Engage,0.8681824207305908,2,Engage,0.556594967842102,1,Disengage,1.0,2,Engage,0.940509796142578,2,Engage,0.9117582440376282,2,Engage,0.6896839737892151,2,Engage,0.7658700942993164,1,Disengage,0.4967907071113586,2,Engage,0.484146773815155,2,Engage,0.907730519771576,2,Engage,0.5797131657600403,2,Engage,0.4280798435211181,2,Engage,0.9553952217102052,2,Engage,0.8814048767089844,2,Engage,0.9928234815597534,2,Engage,0.9959287047386168,2,Engage,0.8245154619216919,3,Highly Engage,0.4682855606079101
video6_165_person10,18,0.6339869281045751,0.38210225325431013,0.7343119465642505,2,Engage,14,0,0.0,4,0.2222222222222222,14,0.7777777777777778,0,0.0,2,Engage,0.6463451981544495,2,Engage,0.5075021982192993,1,Disengage,1.0,2,Engage,0.8081459999084473,2,Engage,0.6557976007461548,1,Disengage,0.6242682933807373,2,Engage,0.4879902601242065,1,Disengage,0.8151143789291382,1,Disengage,0.5186538100242615,2,Engage,0.8778432011604309,2,Engage,0.6800501942634583,2,Engage,0.6599134802818298,2,Engage,0.8687270879745483,2,Engage,0.947310209274292,2,Engage,0.9975801706314088,2,Engage,0.9919094443321228,2,Engage,0.7736408710479736,2,Engage,0.3568226397037506
video6_167_person3,18,0.6339869281045751,0.38210225325431013,0.672621821363767,2,Engage,14,0,0.0,4,0.2222222222222222,14,0.7777777777777778,0,0.0,2,Engage,0.7849740386009216,1,Disengage,0.6026938557624817,2,Engage,1.0,2,Engage,0.8765222430229187,2,Engage,0.8777814507484436,2,Engage,0.7548174858093262,2,Engage,0.7773078083992004,2,Engage,0.6181414723396301,2,Engage,0.4641665816307068,2,Engage,0.5654599070549011,1,Disengage,0.5327951908111572,1,Disengage,0.5760712623596191,2,Engage,0.6397524476051331,2,Engage,0.5572192668914795,2,Engage,0.7427451610565186,2,Engage,0.8680792450904846,2,Engage,0.482575386762619,1,Disengage,0.3860899806022644
video6_167_person5,18,0.6339869281045751,0.38210225325431013,0.73221179511812,2,Engage,14,0,0.0,4,0.2222222222222222,14,0.7777777777777778,0,0.0,2,Engage,0.7998265624046326,1,Disengage,0.5255981683731079,1,Disengage,1.0,2,Engage,0.8395900130271912,2,Engage,0.6435447931289673,2,Engage,0.6237524747848511,2,Engage,0.9145423769950868,2,Engage,0.5849704146385193,2,Engage,0.4383359253406524,2,Engage,0.6129666566848755,1,Disengage,0.6497744917869568,1,Disengage,0.5298624038696289,2,Engage,0.9566577076911926,2,Engage,0.9577584862709044,2,Engage,0.9982377290725708,2,Engage,0.9531222581863404,2,Engage,0.748026430606842,2,Engage,0.4032454192638397
video6_168_person13,18,0.7843137254901961,0.30718472294337845,0.7971333480543561,1,Disengage,16,1,0.05555555555555555,16,0.8888888888888888,1,0.05555555555555555,0,0.0,1,Disengage,0.7456004023551941,1,Disengage,0.7971848249435425,1,Disengage,1.0,1,Disengage,0.8900796175003052,1,Disengage,0.8016119599342346,1,Disengage,0.9706020951271056,1,Disengage,0.6958655118942261,2,Engage,0.6675493717193604,1,Disengage,0.6556897759437561,1,Disengage,0.7754865884780884,1,Disengage,0.686055600643158,1,Disengage,0.7909542918205261,1,Disengage,0.9632353782653807,1,Disengage,0.985725164413452,1,Disengage,0.9996119141578674,1,Disengage,0.612678587436676,1,Disengage,0.8890787363052368,0,Highly Disengage,0.4213904440402984
video6_169_person13,18,0.477124183006536,0.4955380299191111,0.7040443122386932,1,Disengage,10,0,0.0,10,0.5555555555555556,8,0.4444444444444444,0,0.0,2,Engage,0.7428871393203735,2,Engage,0.5688472390174866,1,Disengage,1.0,2,Engage,0.783980131149292,2,Engage,0.6272810101509094,1,Disengage,0.7532543540000916,1,Disengage,0.5427829623222351,2,Engage,0.502677321434021,1,Disengage,0.5208237171173096,2,Engage,0.8339352607727051,2,Engage,0.6773619651794434,2,Engage,0.3621369302272796,1,Disengage,0.9686325788497924,1,Disengage,0.992624044418335,1,Disengage,0.9999001026153564,1,Disengage,0.5601089596748352,1,Disengage,0.8324527740478516,1,Disengage,0.4031111299991607
video6_171_person11,18,0.6143790849673203,0.4722442670831027,0.7754180630048116,2,Engage,14,0,0.0,1,0.05555555555555555,14,0.7777777777777778,3,0.16666666666666666,2,Engage,0.9055392742156982,2,Engage,0.7819571495056152,2,Engage,1.0,2,Engage,0.9034337997436525,2,Engage,0.953989028930664,2,Engage,0.7732611894607544,2,Engage,0.8909769654273987,2,Engage,0.5987961888313293,1,Disengage,0.4310024380683899,2,Engage,0.9720034003257751,2,Engage,0.9163857698440552,2,Engage,0.6067178845405579,2,Engage,0.7633863091468811,3,Highly Engage,0.7034434676170349,2,Engage,0.6676815152168274,2,Engage,0.7888973951339722,3,Highly Engage,0.7289815545082092,3,Highly Engage,0.5710718035697937
video6_171_person5,18,0.477124183006536,0.4955380299191111,0.8051554196410708,2,Engage,10,0,0.0,0,0.0,10,0.5555555555555556,8,0.4444444444444444,2,Engage,0.8316414952278137,3,Highly Engage,0.8241207599639893,2,Engage,0.9995224475860596,2,Engage,0.9930796027183532,2,Engage,0.8868820667266846,2,Engage,0.6433097124099731,2,Engage,0.5850497484207153,3,Highly Engage,0.6701667308807373,3,Highly Engage,0.5515539050102234,2,Engage,0.6667177081108093,3,Highly Engage,0.7603635787963867,3,Highly Engage,0.8944829702377319,2,Engage,0.99161034822464,2,Engage,0.6695582866668701,3,Highly Engage,0.8471819758415222,2,Engage,0.993424654006958,3,Highly Engage,0.9521108865737916,3,Highly Engage,0.7320206761360168
video6_174_person10,18,0.6339869281045751,0.38210225325431013,0.7585924598905776,2,Engage,14,0,0.0,4,0.2222222222222222,14,0.7777777777777778,0,0.0,2,Engage,0.8835412263870239,2,Engage,0.7791833281517029,2,Engage,0.9999997615814208,2,Engage,0.970690667629242,2,Engage,0.95603209733963,2,Engage,0.7665284276008606,2,Engage,0.7936104536056519,2,Engage,0.7587165236473083,2,Engage,0.5013843774795532,2,Engage,0.8984587788581848,2,Engage,0.7867907285690308,2,Engage,0.7569546103477478,2,Engage,0.5265277028083801,1,Disengage,0.5799967050552368,1,Disengage,0.805504322052002,2,Engage,0.8460264801979065,1,Disengage,0.6445231437683105,1,Disengage,0.4001949429512024
video6_176_person11,18,0.3202614379084967,0.7652465283787413,0.6746686597665151,2,Engage,8,4,0.2222222222222222,6,0.3333333333333333,8,0.4444444444444444,0,0.0,2,Engage,0.5623934268951416,0,Highly Disengage,0.4643233120441437,1,Disengage,1.0,0,Highly Disengage,0.4403285682201385,0,Highly Disengage,0.746812641620636,0,Highly Disengage,0.8826117515563965,2,Engage,0.813650906085968,2,Engage,0.7663795351982117,1,Disengage,0.5796088576316833,2,Engage,0.7146952152252197,2,Engage,0.5444344282150269,2,Engage,0.4373605251312256,2,Engage,0.9103151559829712,1,Disengage,0.4034624993801117,1,Disengage,0.6953310370445251,2,Engage,0.9798909425735474,1,Disengage,0.804977297782898,1,Disengage,0.3974597752094269
video6_176_person2,18,0.7908496732026143,0.25162916738782287,0.7336938165956073,2,Engage,16,0,0.0,0,0.0,16,0.8888888888888888,2,0.1111111111111111,2,Engage,0.8190724849700928,2,Engage,0.5468185544013977,2,Engage,1.0,2,Engage,0.9164364337921144,2,Engage,0.8747681975364685,2,Engage,0.6589282155036926,2,Engage,0.8892945647239685,2,Engage,0.6913082599639893,2,Engage,0.4610933065414428,2,Engage,0.8520130515098572,3,Highly Engage,0.5840548276901245,3,Highly Engage,0.4624184370040893,2,Engage,0.9944695234298706,2,Engage,0.8159170746803284,2,Engage,0.6931437253952026,2,Engage,0.9361255764961244,2,Engage,0.597926914691925,2,Engage,0.4126995503902435
video6_178_person9,18,0.7908496732026143,0.25162916738782287,0.803577333688736,2,Engage,16,0,0.0,2,0.1111111111111111,16,0.8888888888888888,0,0.0,2,Engage,0.915313482284546,2,Engage,0.6198931336402893,1,Disengage,1.0,2,Engage,0.991791009902954,2,Engage,0.9976229071617126,2,Engage,0.9706364274024964,2,Engage,0.9214224815368652,2,Engage,0.7670968770980835,2,Engage,0.4586090445518493,2,Engage,0.9427204132080078,2,Engage,0.7718806862831116,2,Engage,0.7511678338050842,2,Engage,0.8035085797309875,2,Engage,0.6999220848083496,2,Engage,0.7819778323173523,2,Engage,0.9644357562065125,2,Engage,0.7022160291671753,1,Disengage,0.4041774272918701
video6_179_person6,18,0.5294117647058824,0.4591479170272447,0.6403371112214195,1,Disengage,12,0,0.0,12,0.6666666666666666,6,0.3333333333333333,0,0.0,2,Engage,0.545516848564148,1,Disengage,0.6427803635597229,1,Disengage,1.0,1,Disengage,0.5244556069374084,2,Engage,0.8383671045303345,1,Disengage,0.579483687877655,2,Engage,0.6341513395309448,1,Disengage,0.6960497498512268,2,Engage,0.5374932885169983,2,Engage,0.7848408222198486,1,Disengage,0.6366834044456482,1,Disengage,0.374976098537445,2,Engage,0.557295560836792,1,Disengage,0.8911798000335693,1,Disengage,0.7102012038230896,1,Disengage,0.5552222728729248,1,Disengage,0.6040204167366028,1,Disengage,0.4133504331111908
video6_17_person10,18,0.7058823529411765,0.32501121082417705,0.7325257360935211,2,Engage,15,0,0.0,3,0.16666666666666666,15,0.8333333333333334,0,0.0,2,Engage,0.8233544826507568,2,Engage,0.7408519387245178,2,Engage,1.0,2,Engage,0.930741548538208,2,Engage,0.8573958277702332,2,Engage,0.8753364086151123,2,Engage,0.8264698386192322,1,Disengage,0.65113365650177,1,Disengage,0.6150999069213867,2,Engage,0.8515927195549011,2,Engage,0.6496549844741821,2,Engage,0.4737049639225006,2,Engage,0.7136254906654358,1,Disengage,0.5306187868118286,2,Engage,0.6930913329124451,2,Engage,0.8782433271408081,2,Engage,0.686854898929596,2,Engage,0.3876931369304657
video6_17_person13,18,0.6339869281045751,0.38210225325431013,0.6968930711348852,1,Disengage,14,0,0.0,14,0.7777777777777778,4,0.2222222222222222,0,0.0,1,Disengage,0.7596355080604553,1,Disengage,0.7192959785461426,1,Disengage,1.0,2,Engage,0.507218599319458,1,Disengage,0.8068677186965942,1,Disengage,0.9692655801773072,2,Engage,0.630042552947998,1,Disengage,0.5652738809585571,1,Disengage,0.5483829379081726,2,Engage,0.5264763236045837,1,Disengage,0.6521316766738892,1,Disengage,0.6069235801696777,1,Disengage,0.6001502871513367,1,Disengage,0.8877776861190796,1,Disengage,0.9969780445098876,2,Engage,0.5034292936325073,1,Disengage,0.867619514465332,1,Disengage,0.3966061174869537
video6_180_person4,18,0.7908496732026143,0.25162916738782287,0.6693429268068738,2,Engage,16,0,0.0,2,0.1111111111111111,16,0.8888888888888888,0,0.0,2,Engage,0.764964759349823,2,Engage,0.4819320738315582,2,Engage,1.0,2,Engage,0.8569579720497131,2,Engage,0.7788971066474915,2,Engage,0.5514767169952393,2,Engage,0.7818456292152405,2,Engage,0.5039622187614441,2,Engage,0.4808194041252136,2,Engage,0.6313338279724121,1,Disengage,0.4578010439872741,1,Disengage,0.5225028395652771,2,Engage,0.918460249900818,2,Engage,0.4986785054206848,2,Engage,0.8715012073516846,2,Engage,0.95069819688797,2,Engage,0.5779173970222473,2,Engage,0.4184235334396362
video6_180_person6,18,0.6339869281045751,0.38210225325431013,0.7381631053156323,2,Engage,14,0,0.0,4,0.2222222222222222,14,0.7777777777777778,0,0.0,2,Engage,0.7255492210388184,2,Engage,0.5469630360603333,1,Disengage,1.0,2,Engage,0.889028787612915,2,Engage,0.9885641932487488,2,Engage,0.7526178956031799,2,Engage,0.6943385601043701,1,Disengage,0.7355200052261353,2,Engage,0.498252809047699,2,Engage,0.9264019727706908,1,Disengage,0.5812106728553772,2,Engage,0.4574666619300842,2,Engage,0.7374343276023865,2,Engage,0.6869487762451172,2,Engage,0.919797658920288,2,Engage,0.930584192276001,2,Engage,0.8310567736625671,1,Disengage,0.3852003514766693
video6_181_person10,18,0.49673202614379086,0.5674849873019705,0.6936220112774107,1,Disengage,12,5,0.2777777777777778,12,0.6666666666666666,1,0.05555555555555555,0,0.0,1,Disengage,0.5668690204620361,1,Disengage,0.5577951669692993,1,Disengage,1.0,1,Disengage,0.5342088341712952,1,Disengage,0.9255367517471312,0,Highly Disengage,0.9521392583847046,0,Highly Disengage,0.5355044007301331,0,Highly Disengage,0.6403467059135437,0,Highly Disengage,0.9058277606964112,1,Disengage,0.609860897064209,1,Disengage,0.5416544675827026,0,Highly Disengage,0.985152006149292,2,Engage,0.4911487102508545,1,Disengage,0.6559387445449829,1,Disengage,0.531973659992218,1,Disengage,0.7811106443405151,1,Disengage,0.8648111820220947,1,Disengage,0.4053179919719696
video6_184_person1,18,1.0,-0.0,0.7964717646439871,2,Engage,18,0,0.0,0,0.0,18,1.0,0,0.0,2,Engage,0.9016788601875304,2,Engage,0.6295782923698425,2,Engage,1.0,2,Engage,0.9303046464920044,2,Engage,0.9027081727981568,2,Engage,0.7736722826957703,2,Engage,0.8772398829460144,2,Engage,0.5390501022338867,2,Engage,0.4637043476104736,2,Engage,0.9342802166938782,2,Engage,0.5276252031326294,2,Engage,0.5473085641860962,2,Engage,0.9904037714004515,2,Engage,0.9791751503944396,2,Engage,0.9996286630630492,2,Engage,0.9988160133361816,2,Engage,0.9089751243591307,2,Engage,0.4323424696922302
video6_185_person14,18,0.41830065359477125,0.6258145836939114,0.6917649358510971,1,Disengage,9,1,0.05555555555555555,9,0.5,8,0.4444444444444444,0,0.0,2,Engage,0.8011173009872437,2,Engage,0.5201038718223572,2,Engage,0.8079240322113037,2,Engage,0.7560144662857056,2,Engage,0.4915403425693512,1,Disengage,0.5857569575309753,1,Disengage,0.5871931314468384,1,Disengage,0.8987476825714111,1,Disengage,0.4675557613372803,2,Engage,0.8331488370895386,2,Engage,0.3694815933704376,1,Disengage,0.7051936388015747,1,Disengage,0.6483402848243713,1,Disengage,0.8726122379302979,1,Disengage,0.9846056699752808,2,Engage,0.7807814478874207,1,Disengage,0.8491909503936768,0,Highly Disengage,0.4924606382846832
video6_185_person7,18,0.5294117647058824,0.4591479170272447,0.777115758922365,2,Engage,12,0,0.0,0,0.0,12,0.6666666666666666,6,0.3333333333333333,2,Engage,0.74603271484375,2,Engage,0.5610887408256531,2,Engage,1.0,2,Engage,0.9854390621185304,2,Engage,0.9376217126846312,2,Engage,0.8491532206535339,2,Engage,0.5218013525009155,3,Highly Engage,0.5957744717597961,3,Highly Engage,0.5897870063781738,2,Engage,0.7568680047988892,3,Highly Engage,0.8011318445205688,3,Highly Engage,0.9003517627716064,2,Engage,0.9114476442337036,2,Engage,0.7520954608917236,2,Engage,0.5628058910369873,2,Engage,0.8920789361000061,3,Highly Engage,0.8184525966644287,3,Highly Engage,0.8061532378196716
video6_185_person9,18,0.6339869281045751,0.38210225325431013,0.6698506424824396,2,Engage,14,0,0.0,4,0.2222222222222222,14,0.7777777777777778,0,0.0,2,Engage,0.6328274607658386,2,Engage,0.4813461899757385,1,Disengage,1.0,2,Engage,0.877238392829895,2,Engage,0.7050026655197144,2,Engage,0.7869483828544617,2,Engage,0.6572743058204651,1,Disengage,0.5103037357330322,1,Disengage,0.5238901972770691,2,Engage,0.879823625087738,2,Engage,0.6300801038742065,2,Engage,0.6310376524925232,2,Engage,0.5409197807312012,2,Engage,0.5009523630142212,2,Engage,0.7503029704093933,2,Engage,0.9706976413726808,2,Engage,0.556273877620697,1,Disengage,0.4223922193050384
video6_186_person5,18,0.7908496732026143,0.25162916738782287,0.81043265428808,2,Engage,16,0,0.0,2,0.1111111111111111,16,0.8888888888888888,0,0.0,2,Engage,0.7993680238723755,1,Disengage,0.5255053043365479,1,Disengage,1.0,2,Engage,0.9879568219184875,2,Engage,0.9700906872749328,2,Engage,0.9509421586990356,2,Engage,0.8923925757408142,2,Engage,0.8013383150100708,2,Engage,0.5788116455078125,2,Engage,0.8069700002670288,2,Engage,0.596700131893158,2,Engage,0.4333544373512268,2,Engage,0.996378481388092,2,Engage,0.9956700801849364,2,Engage,0.9998019337654114,2,Engage,0.9968826770782472,2,Engage,0.8249858617782593,2,Engage,0.4306386411190033
video6_187_person4,18,0.7058823529411765,0.32501121082417705,0.7090687155723572,1,Disengage,15,3,0.16666666666666666,15,0.8333333333333334,0,0.0,0,0.0,1,Disengage,0.6076262593269348,1,Disengage,0.6602019667625427,1,Disengage,1.0,1,Disengage,0.8592606782913208,1,Disengage,0.9374452829360962,1,Disengage,0.5899019837379456,1,Disengage,0.7862010598182678,1,Disengage,0.8592466711997986,0,Highly Disengage,0.7063828706741333,1,Disengage,0.6975271701812744,1,Disengage,0.5729868412017822,0,Highly Disengage,0.6120873093605042,1,Disengage,0.7537339925765991,1,Disengage,0.8669389486312866,1,Disengage,0.4962640404701233,1,Disengage,0.7099501490592957,1,Disengage,0.500847578048706,0,Highly Disengage,0.5466340780258179
video6_187_person5,18,0.7908496732026143,0.25162916738782287,0.7943766762812933,2,Engage,16,0,0.0,2,0.1111111111111111,16,0.8888888888888888,0,0.0,2,Engage,0.7947260737419128,1,Disengage,0.5597935914993286,1,Disengage,1.0,2,Engage,0.977615773677826,2,Engage,0.9504952430725098,2,Engage,0.9302456378936768,2,Engage,0.8705085515975952,2,Engage,0.799927830696106,2,Engage,0.5284299850463867,2,Engage,0.8350846171379089,2,Engage,0.4883435368537903,2,Engage,0.4608296751976013,2,Engage,0.988195300102234,2,Engage,0.9853188991546632,2,Engage,0.982417643070221,2,Engage,0.9858600497245787,2,Engage,0.7044141888618469,2,Engage,0.4565735757350921
video6_188_person4,18,0.6339869281045751,0.38210225325431013,0.7253520290056864,1,Disengage,14,4,0.2222222222222222,14,0.7777777777777778,0,0.0,0,0.0,1,Disengage,0.624448835849762,1,Disengage,0.5122073888778687,1,Disengage,1.0,1,Disengage,0.8646289706230164,1,Disengage,0.9430810809135436,0,Highly Disengage,0.7619339823722839,1,Disengage,0.768415093421936,1,Disengage,0.9057548642158508,1,Disengage,0.5610198378562927,1,Disengage,0.6714758276939392,0,Highly Disengage,0.8474758863449097,0,Highly Disengage,0.893606424331665,1,Disengage,0.6655992269515991,1,Disengage,0.586529016494751,1,Disengage,0.7188536524772644,1,Disengage,0.5407184958457947,1,Disengage,0.6921084523200989,0,Highly Disengage,0.4984794855117798
video6_189_person1,18,0.7908496732026143,0.25162916738782287,0.7621496220429739,2,Engage,16,0,0.0,0,0.0,16,0.8888888888888888,2,0.1111111111111111,2,Engage,0.9053558111190796,2,Engage,0.7223085761070251,2,Engage,1.0,2,Engage,0.8165373206138611,2,Engage,0.7444781064987183,2,Engage,0.5347994565963745,2,Engage,0.8532426357269287,2,Engage,0.5573722124099731,3,Highly Engage,0.4671416878700256,2,Engage,0.8386020064353943,3,Highly Engage,0.4364925920963287,2,Engage,0.5203267335891724,2,Engage,0.9822653532028198,2,Engage,0.98870450258255,2,Engage,0.9971326589584352,2,Engage,0.9997405409812928,2,Engage,0.9321900010108948,2,Engage,0.4220030009746551
video6_18_person13,18,0.5294117647058824,0.4591479170272447,0.6606651345888773,1,Disengage,12,0,0.0,12,0.6666666666666666,6,0.3333333333333333,0,0.0,1,Disengage,0.5321299433708191,1,Disengage,0.5663264393806458,1,Disengage,1.0,2,Engage,0.8567276000976562,2,Engage,0.643576443195343,1,Disengage,0.8783913850784302,2,Engage,0.5195114612579346,1,Disengage,0.6519362926483154,1,Disengage,0.6955257654190063,2,Engage,0.8031429648399353,1,Disengage,0.6176552176475525,1,Disengage,0.7387022376060486,2,Engage,0.5567395091056824,1,Disengage,0.608744204044342,1,Disengage,0.5930346250534058,2,Engage,0.7050345540046692,1,Disengage,0.5458971261978149,1,Disengage,0.3788966536521911
video6_18_person5,18,0.8888888888888888,0.1547717145751626,0.8005856937832303,2,Engage,17,0,0.0,0,0.0,17,0.9444444444444444,1,0.05555555555555555,2,Engage,0.9792881608009338,2,Engage,0.7594608664512634,2,Engage,1.0,2,Engage,0.9200559258461,2,Engage,0.9077370762825012,2,Engage,0.7298551797866821,2,Engage,0.8811518549919128,3,Highly Engage,0.5789169073104858,2,Engage,0.4734405875205993,2,Engage,0.9063581824302672,2,Engage,0.5830489993095398,2,Engage,0.5698989629745483,2,Engage,0.9832530617713928,2,Engage,0.971258819103241,2,Engage,0.9822291135787964,2,Engage,0.9654642343521118,2,Engage,0.8057830929756165,2,Engage,0.4133414626121521
video6_190_person2,18,0.8888888888888888,0.1547717145751626,0.7590215106805166,2,Engage,17,0,0.0,1,0.05555555555555555,17,0.9444444444444444,0,0.0,2,Engage,0.9118723273277284,2,Engage,0.6320286393165588,1,Disengage,0.9999253749847412,2,Engage,0.9035201072692872,2,Engage,0.92811381816864,2,Engage,0.7372550964355469,2,Engage,0.8980859518051147,2,Engage,0.5307175517082214,2,Engage,0.470668077468872,2,Engage,0.929587721824646,2,Engage,0.6800444722175598,2,Engage,0.5738788843154907,2,Engage,0.9791315793991088,2,Engage,0.6391541957855225,2,Engage,0.7680931687355042,2,Engage,0.9190757274627686,2,Engage,0.7311553359031677,2,Engage,0.4300791621208191
video6_191_person3,18,0.5294117647058824,0.4591479170272447,0.6341911918587155,2,Engage,12,0,0.0,6,0.3333333333333333,12,0.6666666666666666,0,0.0,2,Engage,0.8169445395469666,1,Disengage,0.5911455154418945,2,Engage,1.0,2,Engage,0.6418638229370117,2,Engage,0.6443074345588684,2,Engage,0.522339403629303,2,Engage,0.8575370907783508,2,Engage,0.7807722687721252,2,Engage,0.5348475575447083,1,Disengage,0.4893045723438263,1,Disengage,0.5547363758087158,1,Disengage,0.4903063476085663,2,Engage,0.5409623980522156,2,Engage,0.4445719718933105,2,Engage,0.5429898500442505,2,Engage,0.9396070837974548,1,Disengage,0.5932116508483887,1,Disengage,0.4299935698509216
video6_191_person8,18,0.5490196078431373,0.5264703802813174,0.8003909571303262,1,Disengage,13,4,0.2222222222222222,13,0.7222222222222222,1,0.05555555555555555,0,0.0,1,Disengage,0.950333058834076,0,Highly Disengage,0.539409339427948,1,Disengage,1.0,1,Disengage,0.9603381156921388,1,Disengage,0.9413278102874756,1,Disengage,0.8598303198814392,1,Disengage,0.7420681118965149,1,Disengage,0.866060733795166,0,Highly Disengage,0.8508751392364502,1,Disengage,0.8255975842475891,0,Highly Disengage,0.5082058310508728,0,Highly Disengage,0.8935582041740417,2,Engage,0.6849175691604614,1,Disengage,0.7519579529762268,1,Disengage,0.8675262331962585,1,Disengage,0.8065258860588074,1,Disengage,0.9179024696350098,1,Disengage,0.4406028687953949
video6_193_person4,18,0.5751633986928104,0.4262025893247393,0.6393938975201713,2,Engage,13,0,0.0,5,0.2777777777777778,13,0.7222222222222222,0,0.0,2,Engage,0.5918603539466858,2,Engage,0.4542289674282074,2,Engage,0.9999985694885254,2,Engage,0.8003587126731873,1,Disengage,0.5207831263542175,2,Engage,0.524665355682373,2,Engage,0.5145429372787476,1,Disengage,0.8019033074378967,2,Engage,0.4629086852073669,2,Engage,0.6207372546195984,2,Engage,0.4034934639930725,1,Disengage,0.4557283818721771,2,Engage,0.8704545497894287,2,Engage,0.6370208263397217,2,Engage,0.954761803150177,2,Engage,0.9055479764938354,1,Disengage,0.6047324538230896,1,Disengage,0.3853634297847748
video6_195_person2,18,0.5490196078431373,0.5264703802813174,0.7247533135943942,2,Engage,13,0,0.0,4,0.2222222222222222,13,0.7222222222222222,1,0.05555555555555555,2,Engage,0.9524642825126648,3,Highly Engage,0.4956803023815155,2,Engage,1.0,2,Engage,0.961921751499176,2,Engage,0.9381768703460692,2,Engage,0.8265665173530579,2,Engage,0.8643608093261719,2,Engage,0.725452184677124,2,Engage,0.4893150627613067,2,Engage,0.9020299315452576,2,Engage,0.5894808173179626,2,Engage,0.5064356327056885,2,Engage,0.7815213799476624,1,Disengage,0.7383129596710205,1,Disengage,0.7450910806655884,2,Engage,0.4914632439613342,1,Disengage,0.6488073468208313,1,Disengage,0.388479471206665
video6_196_person8,18,0.7058823529411765,0.32501121082417705,0.7400687485933304,1,Disengage,15,3,0.16666666666666666,15,0.8333333333333334,0,0.0,0,0.0,1,Disengage,0.7497025728225708,1,Disengage,0.4354484677314758,1,Disengage,1.0,1,Disengage,0.9124606251716614,1,Disengage,0.8637232184410095,0,Highly Disengage,0.6133082509040833,1,Disengage,0.7969557046890259,1,Disengage,0.8875851631164551,1,Disengage,0.4916341006755829,1,Disengage,0.8470892310142517,1,Disengage,0.8885892033576965,1,Disengage,0.506100594997406,1,Disengage,0.8111863732337952,1,Disengage,0.6686345934867859,0,Highly Disengage,0.499974250793457,1,Disengage,0.7435889840126038,1,Disengage,0.885726809501648,0,Highly Disengage,0.7195293307304382
video6_197_person14,18,0.6928104575163399,0.40153586366205124,0.6712322682142258,2,Engage,15,1,0.05555555555555555,2,0.1111111111111111,15,0.8333333333333334,0,0.0,2,Engage,0.823533296585083,2,Engage,0.5239173173904419,2,Engage,1.0,2,Engage,0.965310275554657,2,Engage,0.8134503960609436,2,Engage,0.3637205958366394,2,Engage,0.8049758076667786,2,Engage,0.6759682893753052,0,Highly Disengage,0.4698130488395691,2,Engage,0.5395495295524597,2,Engage,0.4802964329719543,1,Disengage,0.4518648982048034,2,Engage,0.8991564512252808,2,Engage,0.633717954158783,2,Engage,0.606997013092041,2,Engage,0.9804343581199646,1,Disengage,0.6795465350151062,2,Engage,0.369928628206253
video6_19_person10,18,0.45751633986928103,0.597086867128456,0.6543133209149042,3,Highly Engage,11,0,0.0,1,0.05555555555555555,6,0.3333333333333333,11,0.6111111111111112,2,Engage,0.5577877759933472,3,Highly Engage,0.8258810043334961,3,Highly Engage,1.0,2,Engage,0.5752226710319519,3,Highly Engage,0.4769850373268127,3,Highly Engage,0.6957943439483643,2,Engage,0.8469865322113037,2,Engage,0.4996694028377533,2,Engage,0.4849036335945129,2,Engage,0.586473822593689,3,Highly Engage,0.7979293465614319,3,Highly Engage,0.8869253993034363,3,Highly Engage,0.4150857925415039,1,Disengage,0.3996906280517578,3,Highly Engage,0.7199854254722595,3,Highly Engage,0.7081573605537415,3,Highly Engage,0.6996442079544067,3,Highly Engage,0.6005173921585083
video6_19_person9,18,0.8888888888888888,0.1547717145751626,0.8095588054921892,2,Engage,17,0,0.0,0,0.0,17,0.9444444444444444,1,0.05555555555555555,2,Engage,0.9567214250564576,2,Engage,0.6765265464782715,2,Engage,0.9999406337738036,2,Engage,0.9630982875823976,2,Engage,0.9817057847976683,2,Engage,0.9514590501785278,2,Engage,0.9311838746070862,2,Engage,0.6376218795776367,2,Engage,0.5116764307022095,2,Engage,0.9345340728759766,2,Engage,0.750355064868927,3,Highly Engage,0.5218188166618347,2,Engage,0.8902511596679688,2,Engage,0.8160961866378784,2,Engage,0.9399145841598512,2,Engage,0.9526559114456176,2,Engage,0.7746396064758301,2,Engage,0.3818591833114624
video6_200_person10,18,0.7058823529411765,0.32501121082417705,0.8345192836390601,3,Highly Engage,15,0,0.0,0,0.0,3,0.16666666666666666,15,0.8333333333333334,3,Highly Engage,0.928155779838562,3,Highly Engage,0.8370985388755798,3,Highly Engage,1.0,2,Engage,0.92207533121109,3,Highly Engage,0.5563919544219971,3,Highly Engage,0.7031562328338623,3,Highly Engage,0.6547894477844238,3,Highly Engage,0.9073053002357484,3,Highly Engage,0.850695013999939,2,Engage,0.5884725451469421,2,Engage,0.5009286999702454,3,Highly Engage,0.8565471172332764,3,Highly Engage,0.8264994025230408,3,Highly Engage,0.953089952468872,3,Highly Engage,1.0,3,Highly Engage,0.9458495378494264,3,Highly Engage,0.997834861278534,3,Highly Engage,0.992457389831543
video6_203_person8,18,0.49673202614379086,0.5674849873019706,0.7243367516332202,3,Highly Engage,12,0,0.0,1,0.05555555555555555,5,0.2777777777777778,12,0.6666666666666666,2,Engage,0.5809562802314758,3,Highly Engage,0.5923260450363159,2,Engage,1.0,2,Engage,0.6566691398620605,3,Highly Engage,0.8399163484573364,3,Highly Engage,0.7550053596496582,2,Engage,0.5680037140846252,1,Disengage,0.4563712775707245,3,Highly Engage,0.7577810883522034,2,Engage,0.351300835609436,3,Highly Engage,0.9447392225265504,3,Highly Engage,0.9441869258880616,3,Highly Engage,0.6421494483947754,3,Highly Engage,0.7824630737304688,3,Highly Engage,0.9843648672103882,3,Highly Engage,0.5750229954719543,3,Highly Engage,0.8031131625175476,3,Highly Engage,0.8036917448043823
video6_205_person5,18,0.3137254901960784,0.7733158076968889,0.6167803588840697,3,Highly Engage,8,0,0.0,5,0.2777777777777778,5,0.2777777777777778,8,0.4444444444444444,1,Disengage,0.3684498369693756,2,Engage,0.3439278602600097,1,Disengage,1.0,1,Disengage,0.5572017431259155,2,Engage,0.4303650259971618,3,Highly Engage,0.8613080382347107,2,Engage,0.5549233555793762,1,Disengage,0.5204604864120483,1,Disengage,0.4521882236003876,2,Engage,0.4792098701000213,3,Highly Engage,0.5537527799606323,3,Highly Engage,0.6917262673377991,2,Engage,0.6029327511787415,3,Highly Engage,0.7936874628067017,3,Highly Engage,0.9998859167099,3,Highly Engage,0.6307997703552246,3,Highly Engage,0.5386474132537842,3,Highly Engage,0.7225796580314636
video6_207_person11,18,0.6928104575163399,0.4015358636620513,0.7251942902803421,2,Engage,15,0,0.0,1,0.05555555555555555,15,0.8333333333333334,2,0.1111111111111111,2,Engage,0.8918031454086304,2,Engage,0.7006838321685791,1,Disengage,1.0,2,Engage,0.8807652592658997,3,Highly Engage,0.5302088260650635,2,Engage,0.687053918838501,2,Engage,0.8278521299362183,3,Highly Engage,0.5719510912895203,2,Engage,0.5383745431900024,2,Engage,0.9185193181037904,2,Engage,0.7295030951499939,2,Engage,0.6186336278915405,2,Engage,0.7630770206451416,2,Engage,0.504502534866333,2,Engage,0.8135707974433899,2,Engage,0.8992127180099487,2,Engage,0.7418670654296875,2,Engage,0.4359183013439178
video6_208_person14,18,0.45751633986928103,0.5970868671284559,0.7605409423510233,1,Disengage,11,1,0.05555555555555555,11,0.6111111111111112,6,0.3333333333333333,0,0.0,1,Disengage,0.6508749723434448,1,Disengage,0.6780795454978943,1,Disengage,1.0,1,Disengage,0.8416286706924438,1,Disengage,0.9488061666488647,1,Disengage,0.7548360228538513,1,Disengage,0.635892927646637,1,Disengage,0.8400718569755554,0,Highly Disengage,0.6024696826934814,1,Disengage,0.6219578981399536,1,Disengage,0.7337961792945862,1,Disengage,0.6839241981506348,2,Engage,0.968478262424469,2,Engage,0.7921030521392822,2,Engage,0.9841099977493286,2,Engage,0.9744394421577454,2,Engage,0.5974102020263672,2,Engage,0.3808578848838806
video6_209_person2,18,0.7908496732026143,0.25162916738782287,0.7211931165721681,2,Engage,16,0,0.0,2,0.1111111111111111,16,0.8888888888888888,0,0.0,2,Engage,0.7967648506164551,2,Engage,0.4897984862327575,1,Disengage,1.0,2,Engage,0.8911015391349792,2,Engage,0.7221902012825012,2,Engage,0.5156264305114746,2,Engage,0.7669830322265625,2,Engage,0.5228070616722107,2,Engage,0.4026528298854828,2,Engage,0.8425790071487427,2,Engage,0.4903620481491089,1,Disengage,0.5234476327896118,2,Engage,0.981089174747467,2,Engage,0.9058940410614014,2,Engage,0.9667301774024964,2,Engage,0.9914263486862184,2,Engage,0.755626916885376,2,Engage,0.4163963198661804
video6_209_person7,18,0.7058823529411765,0.32501121082417705,0.7755244225263596,2,Engage,15,0,0.0,3,0.16666666666666666,15,0.8333333333333334,0,0.0,2,Engage,0.7832226753234863,1,Disengage,0.5333353281021118,2,Engage,1.0,2,Engage,0.898598849773407,2,Engage,0.9026760458946228,2,Engage,0.7072429656982422,2,Engage,0.8507596254348755,1,Disengage,0.5836164355278015,2,Engage,0.4780570864677429,2,Engage,0.8355245590209961,2,Engage,0.5341991782188416,1,Disengage,0.6991857290267944,2,Engage,0.9871615767478944,2,Engage,0.915410339832306,2,Engage,0.9615840315818788,2,Engage,0.9812591671943665,2,Engage,0.8868036270141602,2,Engage,0.4208023846149444
video6_209_person8,18,0.8888888888888888,0.1547717145751626,0.8414188507530425,1,Disengage,17,1,0.05555555555555555,17,0.9444444444444444,0,0.0,0,0.0,1,Disengage,0.886319100856781,1,Disengage,0.9051225781440736,1,Disengage,1.0,1,Disengage,0.8506302833557129,1,Disengage,0.9761115312576294,1,Disengage,0.6042729020118713,1,Disengage,0.7886841893196106,1,Disengage,0.9337360262870787,1,Disengage,0.4375929534435272,1,Disengage,0.8819777965545654,1,Disengage,0.9550045132637024,1,Disengage,0.8810733556747437,1,Disengage,0.8685726523399353,1,Disengage,0.9724446535110474,1,Disengage,0.9570671916007996,1,Disengage,0.7520663738250732,1,Disengage,0.9423611760139464,0,Highly Disengage,0.5525020360946655
video6_212_person6,18,0.5294117647058824,0.4591479170272447,0.7043851051065657,2,Engage,12,0,0.0,6,0.3333333333333333,12,0.6666666666666666,0,0.0,1,Disengage,0.4989748895168304,1,Disengage,0.6730239391326904,1,Disengage,1.0,1,Disengage,0.723290205001831,2,Engage,0.5218267440795898,1,Disengage,0.6230979561805725,2,Engage,0.545437216758728,2,Engage,0.5058158040046692,1,Disengage,0.472726970911026,2,Engage,0.914374828338623,2,Engage,0.5869227647781372,2,Engage,0.5341054201126099,2,Engage,0.9813838601112366,2,Engage,0.8612005114555359,2,Engage,0.9817473292350768,2,Engage,0.995164394378662,2,Engage,0.8792413473129272,2,Engage,0.380597710609436
video6_215_person2,18,0.7843137254901961,0.30718472294337845,0.7243741932842467,2,Engage,16,1,0.05555555555555555,1,0.05555555555555555,16,0.8888888888888888,0,0.0,2,Engage,0.8717221021652222,2,Engage,0.466539978981018,1,Disengage,1.0,2,Engage,0.9180198907852172,2,Engage,0.8696305751800537,2,Engage,0.6542220711708069,2,Engage,0.7568933367729187,2,Engage,0.6783889532089233,2,Engage,0.3780738711357116,2,Engage,0.8754836916923523,0,Highly Disengage,0.8869165182113647,2,Engage,0.5216829180717468,2,Engage,0.945614457130432,2,Engage,0.5169965028762817,2,Engage,0.8319253921508789,2,Engage,0.947536289691925,2,Engage,0.5122226476669312,2,Engage,0.4068662822246551
video6_215_person8,18,0.7908496732026143,0.25162916738782287,0.8679073022471534,1,Disengage,16,2,0.1111111111111111,16,0.8888888888888888,0,0.0,0,0.0,1,Disengage,0.9295889735221864,1,Disengage,0.9563845992088318,1,Disengage,1.0,1,Disengage,0.8956966996192932,1,Disengage,0.9900602102279664,1,Disengage,0.9154796004295348,1,Disengage,0.8138867020606995,1,Disengage,0.9510207772254944,0,Highly Disengage,0.4556662440299988,1,Disengage,0.8668256998062134,1,Disengage,0.9447897672653198,1,Disengage,0.7893271446228027,1,Disengage,0.9157426953315736,1,Disengage,0.959985852241516,1,Disengage,0.9669265747070312,1,Disengage,0.7957955002784729,1,Disengage,0.934537410736084,0,Highly Disengage,0.5406169891357422
video6_217_person1,18,0.7058823529411765,0.32501121082417705,0.7881247831715478,2,Engage,15,0,0.0,0,0.0,15,0.8333333333333334,3,0.16666666666666666,2,Engage,0.9097632169723512,2,Engage,0.8005748391151428,2,Engage,1.0,2,Engage,0.9313425421714784,2,Engage,0.8539231419563293,2,Engage,0.7671191692352295,2,Engage,0.8585622310638428,3,Highly Engage,0.5331573486328125,3,Highly Engage,0.4689555168151855,2,Engage,0.9183089137077332,2,Engage,0.6614950299263,2,Engage,0.5149871110916138,2,Engage,0.8821395635604858,2,Engage,0.95367693901062,2,Engage,0.9703478813171388,2,Engage,0.9825405478477478,2,Engage,0.7510430216789246,3,Highly Engage,0.4283090829849243
video6_217_person10,18,0.7058823529411765,0.32501121082417705,0.886141762137413,3,Highly Engage,15,0,0.0,0,0.0,3,0.16666666666666666,15,0.8333333333333334,3,Highly Engage,0.917792797088623,3,Highly Engage,0.7435736060142517,2,Engage,1.0,3,Highly Engage,0.92625093460083,3,Highly Engage,0.9771060943603516,3,Highly Engage,0.9784517288208008,2,Engage,0.601787805557251,3,Highly Engage,0.7381858825683594,2,Engage,0.4327208697795868,3,Highly Engage,0.822403609752655,3,Highly Engage,0.9395728707313538,3,Highly Engage,0.8904409408569336,3,Highly Engage,0.9995949864387512,3,Highly Engage,0.999996781349182,3,Highly Engage,1.0,3,Highly Engage,0.988157331943512,3,Highly Engage,0.999189794063568,3,Highly Engage,0.9953256845474244
video6_217_person7,18,0.6078431372549019,0.4932133643654213,0.7545779777897729,2,Engage,14,0,0.0,2,0.1111111111111111,14,0.7777777777777778,2,0.1111111111111111,2,Engage,0.8122527003288269,2,Engage,0.5473195314407349,2,Engage,1.0,2,Engage,0.9569351077079772,2,Engage,0.8783831000328064,2,Engage,0.7324250936508179,2,Engage,0.8163166046142578,1,Disengage,0.4828540384769439,2,Engage,0.4527288675308227,2,Engage,0.8016167879104614,1,Disengage,0.556483805179596,3,Highly Engage,0.4268360137939453,2,Engage,0.9859097003936768,2,Engage,0.9565528631210328,2,Engage,0.9575511813163756,2,Engage,0.9902523756027222,2,Engage,0.7421824336051941,3,Highly Engage,0.4858033955097198
video6_218_person8,18,0.5294117647058824,0.4591479170272447,0.7571822189622455,1,Disengage,12,6,0.3333333333333333,12,0.6666666666666666,0,0.0,0,0.0,1,Disengage,0.8877830505371094,1,Disengage,0.8156039118766785,1,Disengage,1.0,1,Disengage,0.759992241859436,1,Disengage,0.9533968567848206,0,Highly Disengage,0.5758906006813049,1,Disengage,0.7939133644104004,1,Disengage,0.9447681903839112,0,Highly Disengage,0.6117786169052124,0,Highly Disengage,0.501061737537384,0,Highly Disengage,0.8542755246162415,0,Highly Disengage,0.9815475940704346,1,Disengage,0.5399062633514404,1,Disengage,0.4892226159572601,1,Disengage,0.8125175833702087,1,Disengage,0.7005369663238525,1,Disengage,0.8654147386550903,0,Highly Disengage,0.5416700839996338
video6_219_person2,18,0.41830065359477125,0.6258145836939114,0.6472246067391502,2,Engage,9,1,0.05555555555555555,8,0.4444444444444444,9,0.5,0,0.0,2,Engage,0.517684280872345,1,Disengage,0.5265371799468994,1,Disengage,1.0,2,Engage,0.586982011795044,2,Engage,0.4789332449436188,1,Disengage,0.4312954246997833,2,Engage,0.7039922475814819,1,Disengage,0.5782486200332642,1,Disengage,0.4068160057067871,2,Engage,0.7084879875183105,0,Highly Disengage,0.7886485457420349,1,Disengage,0.5561304092407227,2,Engage,0.906029462814331,2,Engage,0.5617753267288208,2,Engage,0.8039956092834473,2,Engage,0.9890179634094238,1,Disengage,0.7156710028648376,1,Disengage,0.3897975981235504
video6_221_person7,18,0.6928104575163399,0.40153586366205124,0.6705290112230513,2,Engage,15,1,0.05555555555555555,2,0.1111111111111111,15,0.8333333333333334,0,0.0,2,Engage,0.6200575232505798,1,Disengage,0.4458161294460296,1,Disengage,1.0,2,Engage,0.896759033203125,2,Engage,0.4848212599754333,0,Highly Disengage,0.7203017473220825,2,Engage,0.8880986571311951,2,Engage,0.5609169006347656,2,Engage,0.3762520849704742,2,Engage,0.7092847228050232,2,Engage,0.6799172163009644,2,Engage,0.4175998866558075,2,Engage,0.9497557282447816,2,Engage,0.5532991290092468,2,Engage,0.9104090332984924,2,Engage,0.8493574261665344,2,Engage,0.6030909419059753,2,Engage,0.4037847816944122
video6_221_person9,18,0.7908496732026143,0.25162916738782287,0.7746502425935533,3,Highly Engage,16,0,0.0,0,0.0,2,0.1111111111111111,16,0.8888888888888888,3,Highly Engage,0.5685099363327026,3,Highly Engage,0.8888595700263977,3,Highly Engage,1.0,2,Engage,0.6075901985168457,3,Highly Engage,0.8480820655822754,3,Highly Engage,0.7221729159355164,3,Highly Engage,0.7219239473342896,3,Highly Engage,0.8993151783943176,3,Highly Engage,0.8298487067222595,3,Highly Engage,0.7794049382209778,3,Highly Engage,0.9169787764549256,3,Highly Engage,0.9155219197273254,2,Engage,0.7432544827461243,3,Highly Engage,0.5411523580551147,3,Highly Engage,0.8552289605140686,3,Highly Engage,0.5395592451095581,3,Highly Engage,0.7998784780502319,3,Highly Engage,0.766422688961029
video6_222_person8,18,0.6143790849673203,0.4722442670831027,0.7144906885094113,1,Disengage,14,1,0.05555555555555555,14,0.7777777777777778,3,0.16666666666666666,0,0.0,1,Disengage,0.8842634558677673,1,Disengage,0.7991218566894531,1,Disengage,1.0,1,Disengage,0.6930661201477051,1,Disengage,0.7908409237861633,0,Highly Disengage,0.6686716675758362,1,Disengage,0.7523479461669922,2,Engage,0.5800744295120239,1,Disengage,0.404069721698761,1,Disengage,0.6164209246635437,1,Disengage,0.8517857193946838,1,Disengage,0.7808036208152771,2,Engage,0.5357793569564819,1,Disengage,0.6262081265449524,1,Disengage,0.9453320503234864,2,Engage,0.6562747955322266,1,Disengage,0.8717776536941528,1,Disengage,0.4039940237998962
video6_225_person11,18,0.33986928104575165,0.7403410574831923,0.6381578793128332,1,Disengage,8,3,0.16666666666666666,8,0.4444444444444444,7,0.3888888888888889,0,0.0,1,Disengage,0.3981515169143677,1,Disengage,0.6026846170425415,1,Disengage,1.0,2,Engage,0.6527219414710999,0,Highly Disengage,0.4840769469738006,1,Disengage,0.4411523938179016,1,Disengage,0.6078346371650696,2,Engage,0.4726580381393432,1,Disengage,0.5723245739936829,0,Highly Disengage,0.4190396070480346,1,Disengage,0.8791172504425049,0,Highly Disengage,0.9797412157058716,2,Engage,0.8977186679840088,2,Engage,0.5080105662345886,2,Engage,0.7274522185325623,2,Engage,0.8469579815864563,1,Disengage,0.5472134947776794,2,Engage,0.4499861598014831
video6_225_person2,18,0.8888888888888888,0.1547717145751626,0.7580802920791838,2,Engage,17,0,0.0,1,0.05555555555555555,17,0.9444444444444444,0,0.0,2,Engage,0.9116113185882568,2,Engage,0.6049343347549438,1,Disengage,1.0,2,Engage,0.9198705554008484,2,Engage,0.8615003228187561,2,Engage,0.6845396757125854,2,Engage,0.8640369176864624,2,Engage,0.6052355170249939,2,Engage,0.4484726786613464,2,Engage,0.9022597074508668,2,Engage,0.5815938115119934,2,Engage,0.6032506227493286,2,Engage,0.972891628742218,2,Engage,0.8085214495658875,2,Engage,0.8053643107414246,2,Engage,0.9647884368896484,2,Engage,0.7286003828048706,2,Engage,0.3779735863208771
video6_225_person6,18,0.477124183006536,0.4955380299191111,0.7416729662153456,2,Engage,10,0,0.0,8,0.4444444444444444,10,0.5555555555555556,0,0.0,2,Engage,0.5187364816665649,1,Disengage,0.5341697931289673,1,Disengage,1.0,2,Engage,0.8921409845352173,2,Engage,0.9271750450134276,1,Disengage,0.6677460074424744,2,Engage,0.6841701865196228,2,Engage,0.6658341884613037,1,Disengage,0.5186542868614197,2,Engage,0.5475168228149414,1,Disengage,0.7052650451660156,1,Disengage,0.7483177781105042,2,Engage,0.9818621277809144,2,Engage,0.9380086660385132,2,Engage,0.7583865523338318,2,Engage,0.9796041250228882,1,Disengage,0.872504472732544,1,Disengage,0.4100208282470703
video6_225_person7,18,0.6339869281045751,0.38210225325431013,0.672097815407647,2,Engage,14,0,0.0,4,0.2222222222222222,14,0.7777777777777778,0,0.0,2,Engage,0.7290217280387878,1,Disengage,0.4082418084144592,1,Disengage,1.0,2,Engage,0.9395541548728944,2,Engage,0.6027184724807739,1,Disengage,0.5903787612915039,2,Engage,0.881097137928009,1,Disengage,0.5784680247306824,2,Engage,0.413259357213974,2,Engage,0.7082087397575378,2,Engage,0.4210147261619568,2,Engage,0.4273788630962372,2,Engage,0.9346462488174438,2,Engage,0.5508413910865784,2,Engage,0.9497706294059752,2,Engage,0.836521565914154,2,Engage,0.6924726366996765,2,Engage,0.4341664314270019
video6_226_person11,18,0.35294117647058826,0.8079022659701258,0.6077463924884796,2,Engage,10,3,0.16666666666666666,4,0.2222222222222222,10,0.5555555555555556,1,0.05555555555555555,2,Engage,0.4354659020900726,1,Disengage,0.4565523564815521,1,Disengage,1.0,2,Engage,0.7885791659355164,2,Engage,0.6493142247200012,1,Disengage,0.371868222951889,2,Engage,0.8363636136054993,2,Engage,0.6036297082901001,2,Engage,0.5144785046577454,0,Highly Disengage,0.5946636199951172,0,Highly Disengage,0.974826157093048,0,Highly Disengage,0.7631685733795166,2,Engage,0.5203337669372559,2,Engage,0.3867199718952179,2,Engage,0.485212504863739,3,Highly Engage,0.5382693409919739,1,Disengage,0.5392101407051086,2,Engage,0.4807792901992798
video6_226_person3,18,0.477124183006536,0.4955380299191111,0.587833046913147,2,Engage,10,0,0.0,8,0.4444444444444444,10,0.5555555555555556,0,0.0,2,Engage,0.6061004996299744,1,Disengage,0.4858016967773437,2,Engage,0.7575002312660217,2,Engage,0.6400808691978455,1,Disengage,0.5548153519630432,1,Disengage,0.4909334778785705,1,Disengage,0.6474344730377197,2,Engage,0.5322976112365723,2,Engage,0.479907751083374,1,Disengage,0.5188155770301819,1,Disengage,0.6695400476455688,1,Disengage,0.6547084450721741,2,Engage,0.558789074420929,2,Engage,0.5489491820335388,2,Engage,0.5907474756240845,2,Engage,0.880143940448761,1,Disengage,0.6197695136070251,2,Engage,0.3446596264839172
video6_227_person1,18,0.6928104575163399,0.4015358636620513,0.7555475433667501,2,Engage,15,0,0.0,1,0.05555555555555555,15,0.8333333333333334,2,0.1111111111111111,2,Engage,0.8511175513267517,2,Engage,0.544288694858551,1,Disengage,1.0,2,Engage,0.8577689528465271,2,Engage,0.6823583841323853,2,Engage,0.6227224469184875,2,Engage,0.7793973088264465,2,Engage,0.5185885429382324,3,Highly Engage,0.4211612045764923,2,Engage,0.8890203237533569,2,Engage,0.6377608180046082,2,Engage,0.5091036558151245,2,Engage,0.9956337809562684,2,Engage,0.9686486721038818,2,Engage,0.998855710029602,2,Engage,0.9997052550315856,2,Engage,0.8942461013793945,3,Highly Engage,0.4294783771038055
video6_229_person10,18,0.49673202614379086,0.4820393824041145,0.7314355803860558,2,Engage,11,0,0.0,7,0.3888888888888889,11,0.6111111111111112,0,0.0,2,Engage,0.7312272191047668,1,Disengage,0.7537077069282532,1,Disengage,1.0,2,Engage,0.9905595183372498,2,Engage,0.985056221485138,2,Engage,0.5194389224052429,2,Engage,0.6930644512176514,1,Disengage,0.4661324918270111,1,Disengage,0.4384784698486328,1,Disengage,0.594444990158081,1,Disengage,0.791327714920044,1,Disengage,0.5960895419120789,2,Engage,0.9258478879928588,2,Engage,0.8193907737731934,2,Engage,0.7882455587387085,2,Engage,0.9775725603103638,2,Engage,0.6827479004859924,2,Engage,0.4125085175037384
video6_229_person4,18,0.3137254901960784,0.8480368059161336,0.6764412853452895,1,Disengage,9,1,0.05555555555555555,9,0.5,4,0.2222222222222222,4,0.2222222222222222,2,Engage,0.6460689306259155,1,Disengage,0.4434955716133117,2,Engage,1.0,1,Disengage,0.7860072255134583,1,Disengage,0.8836842775344849,3,Highly Engage,0.5047463178634644,2,Engage,0.627726137638092,3,Highly Engage,0.8636772632598877,3,Highly Engage,0.8564630150794983,1,Disengage,0.6202435493469238,1,Disengage,0.6427250504493713,3,Highly Engage,0.5976371169090271,2,Engage,0.6637596487998962,1,Disengage,0.5969498753547668,0,Highly Disengage,0.7747469544410706,1,Disengage,0.5448816418647766,1,Disengage,0.7031208872795105,1,Disengage,0.4200096726417541
video6_229_person6,18,0.3137254901960784,0.8480368059161336,0.6893391377396054,2,Engage,9,4,0.2222222222222222,4,0.2222222222222222,9,0.5,1,0.05555555555555555,2,Engage,0.4865883588790893,0,Highly Disengage,0.5319050550460815,1,Disengage,1.0,2,Engage,0.496870219707489,1,Disengage,0.4310091137886047,0,Highly Disengage,0.9781652092933656,2,Engage,0.6555545330047607,3,Highly Engage,0.4819799363613128,2,Engage,0.4420132040977478,2,Engage,0.443461924791336,0,Highly Disengage,0.9188827276229858,0,Highly Disengage,0.982111155986786,2,Engage,0.964342713356018,2,Engage,0.6578801870346069,2,Engage,0.8865979909896851,2,Engage,0.9797093868255616,1,Disengage,0.6567139029502869,1,Disengage,0.4143188595771789
video6_229_person9,18,0.7058823529411765,0.32501121082417705,0.665805909368727,1,Disengage,15,0,0.0,15,0.8333333333333334,3,0.16666666666666666,0,0.0,2,Engage,0.7773318290710449,2,Engage,0.6394680142402649,2,Engage,1.0,1,Disengage,0.5481607913970947,1,Disengage,0.8494828343391418,1,Disengage,0.8189446330070496,1,Disengage,0.5353974103927612,1,Disengage,0.8227242827415466,1,Disengage,0.4979616403579712,1,Disengage,0.4467702507972717,1,Disengage,0.5823145508766174,1,Disengage,0.4698103368282318,1,Disengage,0.6446343064308167,1,Disengage,0.7561527490615845,1,Disengage,0.926861047744751,1,Disengage,0.5725471377372742,1,Disengage,0.6997002959251404,1,Disengage,0.3962442576885223
video6_22_person13,18,0.8888888888888888,0.1547717145751626,0.7329091181357702,1,Disengage,17,0,0.0,17,0.9444444444444444,1,0.05555555555555555,0,0.0,1,Disengage,0.6711899042129517,1,Disengage,0.6574663519859314,1,Disengage,1.0,2,Engage,0.6872433423995972,1,Disengage,0.7262245416641235,1,Disengage,0.9540255069732666,1,Disengage,0.594670832157135,1,Disengage,0.8048675656318665,1,Disengage,0.7136567831039429,1,Disengage,0.5029441118240356,1,Disengage,0.6999805569648743,1,Disengage,0.7924313545227051,1,Disengage,0.7175495028495789,1,Disengage,0.873949408531189,1,Disengage,0.988526463508606,1,Disengage,0.5926509499549866,1,Disengage,0.7841163873672485,1,Disengage,0.4308705627918243
video6_22_person5,18,0.8888888888888888,0.1547717145751626,0.8399279829528596,2,Engage,17,0,0.0,1,0.05555555555555555,17,0.9444444444444444,0,0.0,2,Engage,0.9193445444107056,2,Engage,0.6749870181083679,1,Disengage,1.0,2,Engage,0.9807275533676147,2,Engage,0.944630801677704,2,Engage,0.9566605091094972,2,Engage,0.9041579365730286,2,Engage,0.6796837449073792,2,Engage,0.5314456224441528,2,Engage,0.8275822401046753,2,Engage,0.6881729960441589,2,Engage,0.6844326257705688,2,Engage,0.9999651908874512,2,Engage,0.9996272325515748,2,Engage,0.9996241331100464,2,Engage,0.9999653100967408,2,Engage,0.9123421907424928,2,Engage,0.4153540432453155
video6_230_person13,18,0.47058823529411764,0.5,0.6806887172990375,1,Disengage,9,0,0.0,9,0.5,9,0.5,0,0.0,2,Engage,0.8214198350906372,2,Engage,0.5714929103851318,1,Disengage,1.0,2,Engage,0.8217082023620605,2,Engage,0.6080932021141052,1,Disengage,0.7054065465927124,2,Engage,0.6742643117904663,2,Engage,0.5199114084243774,2,Engage,0.4498020112514496,2,Engage,0.8339765071868896,1,Disengage,0.5288701057434082,1,Disengage,0.5228893160820007,1,Disengage,0.7530743479728699,1,Disengage,0.8805079460144043,1,Disengage,0.8891888856887817,2,Engage,0.5996183753013611,1,Disengage,0.6541310548782349,1,Disengage,0.4180419445037842
video6_230_person2,18,0.8888888888888888,0.1547717145751626,0.7566298958328035,2,Engage,17,0,0.0,1,0.05555555555555555,17,0.9444444444444444,0,0.0,2,Engage,0.91759192943573,2,Engage,0.5383252501487732,1,Disengage,1.0,2,Engage,0.9323330521583556,2,Engage,0.9342870116233826,2,Engage,0.7271827459335327,2,Engage,0.8760441541671753,2,Engage,0.696270227432251,2,Engage,0.4403186738491058,2,Engage,0.92751806974411,2,Engage,0.6124666333198547,2,Engage,0.5517265796661377,2,Engage,0.9060306549072266,2,Engage,0.8179601430892944,2,Engage,0.8264553546905518,2,Engage,0.9409626722335817,2,Engage,0.6017656922340393,2,Engage,0.3720992803573608
video6_231_person5,18,0.6143790849673203,0.4722442670831027,0.7973385883702172,2,Engage,14,1,0.05555555555555555,3,0.16666666666666666,14,0.7777777777777778,0,0.0,2,Engage,0.7041646838188171,1,Disengage,0.5265976786613464,1,Disengage,1.0,2,Engage,0.9762523174285888,2,Engage,0.9593777060508728,2,Engage,0.9318575859069824,2,Engage,0.857027530670166,2,Engage,0.7924413084983826,2,Engage,0.4899068176746368,2,Engage,0.7535731196403503,1,Disengage,0.5492708086967468,0,Highly Disengage,0.5210988521575928,2,Engage,0.99961119890213,2,Engage,0.99472975730896,2,Engage,0.9999518394470216,2,Engage,0.996131181716919,2,Engage,0.8796935081481934,2,Engage,0.420408695936203
video6_233_person13,18,0.8888888888888888,0.1547717145751626,0.7179319577084647,1,Disengage,17,0,0.0,17,0.9444444444444444,1,0.05555555555555555,0,0.0,1,Disengage,0.4949201643466949,1,Disengage,0.7183100581169128,1,Disengage,1.0,2,Engage,0.583220362663269,1,Disengage,0.7450622320175171,1,Disengage,0.934926986694336,1,Disengage,0.523709237575531,1,Disengage,0.764234185218811,1,Disengage,0.5624880194664001,1,Disengage,0.7121437191963196,1,Disengage,0.6831791400909424,1,Disengage,0.7594309449195862,1,Disengage,0.8296232223510742,1,Disengage,0.9189663529396056,1,Disengage,0.9250339865684508,1,Disengage,0.4949844777584076,1,Disengage,0.8606521487236023,1,Disengage,0.4118900001049042
video6_237_person3,18,0.41830065359477125,0.6258145836939114,0.6948813315894868,2,Engage,9,1,0.05555555555555555,8,0.4444444444444444,9,0.5,0,0.0,2,Engage,0.8904816508293152,1,Disengage,0.537254273891449,2,Engage,1.0,2,Engage,0.7815458178520203,2,Engage,0.5811073184013367,1,Disengage,0.521340548992157,1,Disengage,0.517518937587738,1,Disengage,0.8181685209274292,2,Engage,0.5004491806030273,1,Disengage,0.5006533265113831,1,Disengage,0.6926351189613342,0,Highly Disengage,0.5295019149780273,2,Engage,0.962114155292511,2,Engage,0.8205718994140625,2,Engage,0.9274284839630128,2,Engage,0.9705945253372192,1,Disengage,0.5419385433197021,1,Disengage,0.4145597517490387
video6_23_person5,18,0.8888888888888888,0.1547717145751626,0.8314844287104077,2,Engage,17,0,0.0,1,0.05555555555555555,17,0.9444444444444444,0,0.0,2,Engage,0.9300292134284972,2,Engage,0.6152544617652893,1,Disengage,1.0,2,Engage,0.9901590943336488,2,Engage,0.9828221201896667,2,Engage,0.9679232835769652,2,Engage,0.898611843585968,2,Engage,0.6018037796020508,2,Engage,0.5273568630218506,2,Engage,0.8789653778076172,2,Engage,0.6888132095336914,2,Engage,0.5336610078811646,2,Engage,0.9999933242797852,2,Engage,0.9999017715454102,2,Engage,0.9999990463256836,2,Engage,0.99996018409729,2,Engage,0.9029645323753356,2,Engage,0.4485006034374237
video6_23_person9,18,0.8888888888888888,0.1547717145751626,0.8202910638517804,2,Engage,17,0,0.0,1,0.05555555555555555,17,0.9444444444444444,0,0.0,2,Engage,0.935314118862152,2,Engage,0.6402547955513,1,Disengage,1.0,2,Engage,0.9789996147155762,2,Engage,0.9917866587638856,2,Engage,0.963074266910553,2,Engage,0.9348658919334412,2,Engage,0.7511979341506958,2,Engage,0.5305802822113037,2,Engage,0.8997600674629211,2,Engage,0.765458345413208,2,Engage,0.7396672964096069,2,Engage,0.8804033994674683,2,Engage,0.7589183449745178,2,Engage,0.9124071002006532,2,Engage,0.9816954135894777,2,Engage,0.7499194145202637,2,Engage,0.3509362041950226
video6_240_person2,18,0.8888888888888888,0.1547717145751626,0.8140420582559373,2,Engage,17,0,0.0,1,0.05555555555555555,17,0.9444444444444444,0,0.0,2,Engage,0.9013050198554992,2,Engage,0.4521065950393677,1,Disengage,1.0,2,Engage,0.9842331409454346,2,Engage,0.9844880700111388,2,Engage,0.8708742260932922,2,Engage,0.917582869529724,2,Engage,0.6789792776107788,2,Engage,0.4692963361740112,2,Engage,0.9515731930732728,2,Engage,0.7460904121398926,2,Engage,0.6753348112106323,2,Engage,0.9779818654060364,2,Engage,0.9450275301933287,2,Engage,0.9670240879058838,2,Engage,0.9919655323028564,2,Engage,0.7202163934707642,2,Engage,0.4186776876449585
video6_242_person2,18,0.5294117647058824,0.4591479170272447,0.7623545361889733,2,Engage,12,0,0.0,6,0.3333333333333333,12,0.6666666666666666,0,0.0,2,Engage,0.965534508228302,2,Engage,0.6597031354904175,1,Disengage,1.0,2,Engage,0.986868679523468,2,Engage,0.985564649105072,2,Engage,0.8562586903572083,2,Engage,0.8876308798789978,2,Engage,0.701460063457489,2,Engage,0.5353107452392578,2,Engage,0.9262744188308716,2,Engage,0.6366448402404785,2,Engage,0.5623304843902588,1,Disengage,0.5832697749137878,1,Disengage,0.924362063407898,1,Disengage,0.7644087076187134,2,Engage,0.5369245409965515,1,Disengage,0.8108044266700745,1,Disengage,0.3990310430526733
video6_242_person9,18,0.6143790849673203,0.4722442670831027,0.7120479626788033,2,Engage,14,0,0.0,3,0.16666666666666666,14,0.7777777777777778,1,0.05555555555555555,2,Engage,0.7540984153747559,2,Engage,0.4866090714931488,1,Disengage,1.0,2,Engage,0.8470278382301331,2,Engage,0.802151620388031,2,Engage,0.7488956451416016,2,Engage,0.8459131121635437,3,Highly Engage,0.546090841293335,2,Engage,0.4791241884231567,2,Engage,0.6477248668670654,1,Disengage,0.4861948192119598,2,Engage,0.5668777227401733,2,Engage,0.9491826891899108,2,Engage,0.8353238105773926,2,Engage,0.832078754901886,2,Engage,0.9481724500656128,2,Engage,0.6779932975769043,1,Disengage,0.3634041845798492
video6_24_person9,18,0.7908496732026143,0.25162916738782287,0.8051957372162077,2,Engage,16,0,0.0,2,0.1111111111111111,16,0.8888888888888888,0,0.0,2,Engage,0.9779608845710754,2,Engage,0.7186009287834167,1,Disengage,0.9999998807907104,2,Engage,0.9868946075439452,2,Engage,0.9907455444335938,2,Engage,0.9466200470924376,2,Engage,0.9058329463005066,2,Engage,0.7408940196037292,2,Engage,0.5214644074440002,2,Engage,0.9520360827445984,2,Engage,0.7551374435424805,2,Engage,0.7109450101852417,2,Engage,0.7143963575363159,2,Engage,0.6295651197433472,2,Engage,0.8391398787498474,2,Engage,0.9340170621871948,2,Engage,0.7951847314834595,1,Disengage,0.374088317155838
video6_25_person9,18,0.8888888888888888,0.1547717145751626,0.8221201250950495,2,Engage,17,0,0.0,1,0.05555555555555555,17,0.9444444444444444,0,0.0,2,Engage,0.9588118195533752,2,Engage,0.6369051933288574,1,Disengage,1.0,2,Engage,0.9846301674842834,2,Engage,0.9928255081176758,2,Engage,0.96387779712677,2,Engage,0.9038658142089844,2,Engage,0.7374765276908875,2,Engage,0.5088840126991272,2,Engage,0.9435330629348756,2,Engage,0.7773966193199158,2,Engage,0.7154059410095215,2,Engage,0.767268180847168,2,Engage,0.791919469833374,2,Engage,0.936672031879425,2,Engage,0.9808338284492492,2,Engage,0.8311785459518433,2,Engage,0.3666777312755584
video6_28_person8,18,0.3790849673202614,0.6910511266271551,0.5983558363384671,2,Engage,9,0,0.0,7,0.3888888888888889,9,0.5,2,0.1111111111111111,2,Engage,0.6174699664115906,3,Highly Engage,0.4319845736026764,2,Engage,1.0,2,Engage,0.7685855031013489,2,Engage,0.5459293127059937,1,Disengage,0.4944171607494354,2,Engage,0.7201665639877319,2,Engage,0.4965426921844482,3,Highly Engage,0.4424915909767151,2,Engage,0.5921602845191956,1,Disengage,0.5270091891288757,1,Disengage,0.7626949548721313,2,Engage,0.4155185520648956,1,Disengage,0.5404569506645203,1,Disengage,0.6615835428237915,2,Engage,0.6602267026901245,1,Disengage,0.6743939518928528,1,Disengage,0.4187735617160797
video6_31_person1,18,0.47058823529411764,0.5,0.7179710682895448,2,Engage,9,0,0.0,0,0.0,9,0.5,9,0.5,2,Engage,0.705254316329956,2,Engage,0.6342300176620483,3,Highly Engage,1.0,2,Engage,0.7826417684555054,2,Engage,0.5390681624412537,2,Engage,0.714651882648468,2,Engage,0.8827295303344727,2,Engage,0.4995199143886566,3,Highly Engage,0.433095246553421,2,Engage,0.6846083998680115,3,Highly Engage,0.786730170249939,3,Highly Engage,0.8256287574768066,3,Highly Engage,0.7090128064155579,3,Highly Engage,0.6567336916923523,3,Highly Engage,0.9896699786186218,3,Highly Engage,0.832411527633667,2,Engage,0.4982822239398956,3,Highly Engage,0.7492108345031738
video6_31_person10,18,0.6928104575163399,0.4015358636620513,0.8215750803550085,2,Engage,15,0,0.0,1,0.05555555555555555,15,0.8333333333333334,2,0.1111111111111111,2,Engage,0.9701613783836364,2,Engage,0.8910543322563171,2,Engage,1.0,2,Engage,0.9761657118797302,2,Engage,0.9594106674194336,2,Engage,0.9582462906837464,2,Engage,0.7828308343887329,3,Highly Engage,0.5693767070770264,3,Highly Engage,0.6108399033546448,2,Engage,0.9497244954109192,2,Engage,0.8942421078681946,2,Engage,0.7182011008262634,2,Engage,0.8843167424201965,1,Disengage,0.5473001599311829,2,Engage,0.923371434211731,2,Engage,0.9871015548706056,2,Engage,0.7462674379348755,2,Engage,0.4197405874729156
video6_34_person11,18,0.5294117647058824,0.4591479170272447,0.7516263690259721,2,Engage,12,0,0.0,0,0.0,12,0.6666666666666666,6,0.3333333333333333,2,Engage,0.6915313005447388,3,Highly Engage,0.5058262348175049,2,Engage,1.0,2,Engage,0.8328907489776611,2,Engage,0.9098031520843506,2,Engage,0.8280832171440125,3,Highly Engage,0.4767252504825592,3,Highly Engage,0.727888286113739,3,Highly Engage,0.5348490476608276,2,Engage,0.8831843137741089,2,Engage,0.8248665928840637,3,Highly Engage,0.7314305901527405,2,Engage,0.921193778514862,2,Engage,0.6107307076454163,2,Engage,0.860446572303772,2,Engage,0.9817792773246764,2,Engage,0.7117917537689209,3,Highly Engage,0.4962538182735443
video6_35_person11,18,0.47058823529411764,0.5,0.6841305908229616,2,Engage,9,0,0.0,0,0.0,9,0.5,9,0.5,2,Engage,0.6843171715736389,3,Highly Engage,0.947458267211914,2,Engage,1.0,2,Engage,0.5565451383590698,3,Highly Engage,0.8314695358276367,3,Highly Engage,0.849401593208313,2,Engage,0.8023440837860107,3,Highly Engage,0.5919522047042847,2,Engage,0.4463869929313659,3,Highly Engage,0.6379660367965698,3,Highly Engage,0.6842694878578186,3,Highly Engage,0.8958674669265747,2,Engage,0.7430015206336975,3,Highly Engage,0.3495069742202759,2,Engage,0.7444085478782654,2,Engage,0.4759686291217804,2,Engage,0.5631654262542725,3,Highly Engage,0.5103215575218201
video6_35_person3,18,0.477124183006536,0.4955380299191111,0.7386374639140235,3,Highly Engage,10,0,0.0,0,0.0,8,0.4444444444444444,10,0.5555555555555556,2,Engage,0.5715236067771912,3,Highly Engage,0.8839250802993774,3,Highly Engage,1.0,2,Engage,0.904047966003418,3,Highly Engage,0.5493209958076477,3,Highly Engage,0.6498017311096191,3,Highly Engage,0.518993616104126,3,Highly Engage,0.6315659284591675,3,Highly Engage,0.8187002539634705,2,Engage,0.6241996884346008,3,Highly Engage,0.8433478474617004,3,Highly Engage,0.9122837781906128,2,Engage,0.9130037426948548,2,Engage,0.5068644881248474,2,Engage,0.8867090344429016,2,Engage,0.8164198398590088,2,Engage,0.6465861797332764,3,Highly Engage,0.6181805729866028
video6_37_person7,18,0.6339869281045751,0.38210225325431013,0.7961794767114851,3,Highly Engage,14,0,0.0,0,0.0,4,0.2222222222222222,14,0.7777777777777778,3,Highly Engage,0.5097686648368835,3,Highly Engage,0.868682324886322,3,Highly Engage,1.0,2,Engage,0.8772821426391602,3,Highly Engage,0.8577304482460022,3,Highly Engage,0.5827463269233704,2,Engage,0.7209637761116028,3,Highly Engage,0.8292360901832581,3,Highly Engage,0.6777676939964294,2,Engage,0.6235787272453308,3,Highly Engage,0.822609007358551,3,Highly Engage,0.8652952909469604,2,Engage,0.511435866355896,3,Highly Engage,0.8635393977165222,3,Highly Engage,0.9964505434036256,3,Highly Engage,0.8714723587036133,3,Highly Engage,0.9512696862220764,3,Highly Engage,0.901402235031128
video6_37_person9,18,0.7908496732026143,0.25162916738782287,0.7486558920807309,2,Engage,16,0,0.0,2,0.1111111111111111,16,0.8888888888888888,0,0.0,2,Engage,0.7785987854003906,1,Disengage,0.5142548084259033,1,Disengage,1.0,2,Engage,0.9627804756164552,2,Engage,0.9788579344749452,2,Engage,0.9252436757087708,2,Engage,0.8630004525184631,2,Engage,0.7612596750259399,2,Engage,0.4627989530563354,2,Engage,0.8830774426460266,2,Engage,0.6223421692848206,2,Engage,0.6514256000518799,2,Engage,0.9008506536483764,2,Engage,0.5973065495491028,2,Engage,0.618792712688446,2,Engage,0.9919134378433228,2,Engage,0.5845977067947388,2,Engage,0.3787050247192383
video6_39_person11,18,0.24836601307189543,0.9388201415867107,0.689524792962604,1,Disengage,7,5,0.2777777777777778,7,0.3888888888888889,4,0.2222222222222222,2,0.1111111111111111,1,Disengage,0.9195905327796936,1,Disengage,0.9850831031799316,1,Disengage,1.0,0,Highly Disengage,0.7045941948890686,1,Disengage,0.6978638172149658,0,Highly Disengage,0.795347273349762,1,Disengage,0.4688340723514557,2,Engage,0.3340719044208526,2,Engage,0.4473403096199035,0,Highly Disengage,0.710364818572998,0,Highly Disengage,0.5756852626800537,0,Highly Disengage,0.9854969382286072,2,Engage,0.6223760843276978,3,Highly Engage,0.7257623076438904,3,Highly Engage,0.7244207262992859,1,Disengage,0.560661792755127,1,Disengage,0.671064555644989,2,Engage,0.4828885793685913
video6_3_person11,18,0.6928104575163399,0.40153586366205124,0.7549541576041116,2,Engage,15,0,0.0,2,0.1111111111111111,15,0.8333333333333334,1,0.05555555555555555,2,Engage,0.8831105828285217,2,Engage,0.7482150197029114,1,Disengage,1.0,2,Engage,0.9326666593551636,2,Engage,0.8967755436897278,2,Engage,0.7929325699806213,2,Engage,0.9143778085708618,2,Engage,0.693571925163269,1,Disengage,0.4562872648239136,2,Engage,0.906584858894348,2,Engage,0.6427367925643921,3,Highly Engage,0.7545027136802673,2,Engage,0.7635806202888489,2,Engage,0.6203941106796265,2,Engage,0.6579595804214478,2,Engage,0.92513906955719,2,Engage,0.6334449052810669,2,Engage,0.3668948113918304
video6_3_person4,18,0.43137254901960786,0.6163301284079103,0.6593267007006539,1,Disengage,10,7,0.3888888888888889,10,0.5555555555555556,1,0.05555555555555555,0,0.0,1,Disengage,0.5549336671829224,1,Disengage,0.4523694217205047,1,Disengage,1.0,1,Disengage,0.7589198350906372,1,Disengage,0.7087987661361694,1,Disengage,0.6521986722946167,1,Disengage,0.6871451735496521,1,Disengage,0.6454487442970276,0,Highly Disengage,0.4926531314849853,1,Disengage,0.6642850637435913,0,Highly Disengage,0.7043822407722473,0,Highly Disengage,0.4916852116584778,2,Engage,0.4041561186313629,0,Highly Disengage,0.6740021109580994,0,Highly Disengage,0.9966835379600524,1,Disengage,0.4399251043796539,0,Highly Disengage,0.8615890145301819,0,Highly Disengage,0.6787047982215881
video6_40_person5,18,0.49673202614379086,0.4820393824041145,0.7743010620276133,2,Engage,11,0,0.0,0,0.0,11,0.6111111111111112,7,0.3888888888888889,2,Engage,0.7077916860580444,3,Highly Engage,0.8512701988220215,2,Engage,1.0,2,Engage,0.9316162467002868,2,Engage,0.5008869171142578,3,Highly Engage,0.8235611915588379,2,Engage,0.539612889289856,3,Highly Engage,0.4525182247161865,3,Highly Engage,0.6342543959617615,3,Highly Engage,0.5381340980529785,3,Highly Engage,0.9041526317596436,3,Highly Engage,0.945809245109558,2,Engage,0.9889264106750488,2,Engage,0.9606806635856628,2,Engage,0.996380627155304,2,Engage,0.994379699230194,2,Engage,0.7353841662406921,2,Engage,0.4320598244667053
video6_41_person10,18,1.0,-0.0,0.7937902626064088,2,Engage,18,0,0.0,0,0.0,18,1.0,0,0.0,2,Engage,0.8729009032249451,2,Engage,0.7293787598609924,2,Engage,1.0,2,Engage,0.9088038206100464,2,Engage,0.9346082210540771,2,Engage,0.8804260492324829,2,Engage,0.8930648565292358,2,Engage,0.8108829855918884,2,Engage,0.5474501848220825,2,Engage,0.8830904960632324,2,Engage,0.7550336718559265,2,Engage,0.7317842841148376,2,Engage,0.7003804445266724,2,Engage,0.7056913375854492,2,Engage,0.8014901280403137,2,Engage,0.9510441422462464,2,Engage,0.7714793086051941,2,Engage,0.4107151329517364
video6_43_person4,18,0.7908496732026143,0.25162916738782287,0.6705138352182176,2,Engage,16,0,0.0,2,0.1111111111111111,16,0.8888888888888888,0,0.0,2,Engage,0.8075644373893738,2,Engage,0.4124577939510345,2,Engage,0.9999998807907104,2,Engage,0.9474356770515442,2,Engage,0.6438352465629578,2,Engage,0.78227299451828,2,Engage,0.8656221032142639,2,Engage,0.6393678188323975,2,Engage,0.3852913379669189,2,Engage,0.7669971585273743,2,Engage,0.6083486080169678,2,Engage,0.5774688124656677,2,Engage,0.8136904835700989,2,Engage,0.4533771574497223,2,Engage,0.5240106582641602,2,Engage,0.7948883175849915,1,Disengage,0.6262440085411072,1,Disengage,0.4203765392303467
video6_45_person4,18,0.6339869281045751,0.38210225325431013,0.6669601847728094,2,Engage,14,0,0.0,4,0.2222222222222222,14,0.7777777777777778,0,0.0,2,Engage,0.7381531596183777,2,Engage,0.4103464782238006,1,Disengage,0.9999997615814208,2,Engage,0.9343351125717164,1,Disengage,0.4536749720573425,2,Engage,0.6663037538528442,2,Engage,0.892479658126831,2,Engage,0.6065120697021484,2,Engage,0.4282618463039398,2,Engage,0.7634609341621399,2,Engage,0.5846489667892456,2,Engage,0.5211880207061768,2,Engage,0.9691592454910278,2,Engage,0.5517860651016235,2,Engage,0.7095265984535217,2,Engage,0.799441397190094,1,Disengage,0.5614198446273804,1,Disengage,0.4145854413509369
video6_46_person14,18,1.0,-0.0,0.8689089152548048,2,Engage,18,0,0.0,0,0.0,18,1.0,0,0.0,2,Engage,0.979957103729248,2,Engage,0.8556097745895386,2,Engage,1.0,2,Engage,0.9906715154647828,2,Engage,0.9531055688858032,2,Engage,0.9697811603546144,2,Engage,0.9176118969917296,2,Engage,0.6868012547492981,2,Engage,0.4844772815704345,2,Engage,0.9861518740653992,2,Engage,0.9094020128250122,2,Engage,0.7125781178474426,2,Engage,0.992531716823578,2,Engage,0.9879796504974364,2,Engage,0.9995744824409484,2,Engage,0.9834202527999878,2,Engage,0.8244349956512451,2,Engage,0.4062718152999878
video6_49_person11,18,0.7908496732026143,0.25162916738782287,0.715681771437327,2,Engage,16,0,0.0,2,0.1111111111111111,16,0.8888888888888888,0,0.0,2,Engage,0.6528373956680298,2,Engage,0.6677924990653992,1,Disengage,1.0,2,Engage,0.8182855248451233,2,Engage,0.8399896025657654,2,Engage,0.6865007281303406,2,Engage,0.9103570580482484,2,Engage,0.6355467438697815,1,Disengage,0.4150054454803467,2,Engage,0.9459646344184875,2,Engage,0.7476791739463806,2,Engage,0.602813720703125,2,Engage,0.8102800250053406,2,Engage,0.6466334462165833,2,Engage,0.7905866503715515,2,Engage,0.7991758584976196,2,Engage,0.4950698316097259,2,Engage,0.4177535474300384
video6_50_person1,18,0.8888888888888888,0.1547717145751626,0.735584267311626,2,Engage,17,0,0.0,0,0.0,17,0.9444444444444444,1,0.05555555555555555,2,Engage,0.6308015584945679,2,Engage,0.6257368922233582,2,Engage,1.0,2,Engage,0.8459673523902893,2,Engage,0.8408511877059937,2,Engage,0.621703565120697,2,Engage,0.8679912686347961,2,Engage,0.5002696514129639,2,Engage,0.4407985508441925,2,Engage,0.8334084749221802,3,Highly Engage,0.5833104848861694,2,Engage,0.5564666986465454,2,Engage,0.8728305697441101,2,Engage,0.8435326218605042,2,Engage,0.9899210929870604,2,Engage,0.9229046702384948,2,Engage,0.8265742063522339,2,Engage,0.4374479651451111
video6_50_person11,18,0.41830065359477125,0.6258145836939114,0.6318998336791992,2,Engage,9,1,0.05555555555555555,8,0.4444444444444444,9,0.5,0,0.0,1,Disengage,0.432230532169342,1,Disengage,0.580578625202179,1,Disengage,1.0,2,Engage,0.6791567802429199,2,Engage,0.7504355907440186,2,Engage,0.5116177797317505,2,Engage,0.8133870363235474,2,Engage,0.736106276512146,2,Engage,0.5447338223457336,2,Engage,0.8395611047744751,1,Disengage,0.685076117515564,1,Disengage,0.5353137850761414,2,Engage,0.5100086331367493,0,Highly Disengage,0.6728541254997253,1,Disengage,0.4679234623908996,2,Engage,0.4830556511878967,1,Disengage,0.6809496879577637,1,Disengage,0.4512079954147339
video6_52_person6,18,0.42483660130718953,0.7054239374031817,0.6778903206189474,1,Disengage,11,1,0.05555555555555555,11,0.6111111111111112,5,0.2777777777777778,1,0.05555555555555555,1,Disengage,0.7034916281700134,1,Disengage,0.7665359973907471,1,Disengage,1.0,1,Disengage,0.7268614768981934,2,Engage,0.6003828644752502,1,Disengage,0.6267861723899841,2,Engage,0.8914082646369934,2,Engage,0.6374049186706543,2,Engage,0.4286406934261322,2,Engage,0.6182193160057068,1,Disengage,0.4325350522994995,3,Highly Engage,0.4966023564338684,1,Disengage,0.6533069014549255,1,Disengage,0.7945497632026672,1,Disengage,0.8723491430282593,1,Disengage,0.6816620230674744,1,Disengage,0.8289719223976135,0,Highly Disengage,0.4423172771930694
video6_53_person7,18,0.477124183006536,0.6121972227029931,0.6679182996352514,2,Engage,12,0,0.0,2,0.1111111111111111,12,0.6666666666666666,4,0.2222222222222222,2,Engage,0.7672136425971985,3,Highly Engage,0.6549151539802551,2,Engage,1.0,2,Engage,0.8569101691246033,2,Engage,0.5787660479545593,3,Highly Engage,0.4032170474529266,2,Engage,0.7102586030960083,1,Disengage,0.4059340357780456,2,Engage,0.4083001911640167,2,Engage,0.7045392394065857,3,Highly Engage,0.5681023001670837,1,Disengage,0.4372228682041168,2,Engage,0.955493688583374,2,Engage,0.7461323738098145,3,Highly Engage,0.7253903746604919,2,Engage,0.964496374130249,2,Engage,0.6767224073410034,2,Engage,0.4589148759841919
video6_53_person8,18,0.8888888888888888,0.1547717145751626,0.7274672157234616,1,Disengage,17,1,0.05555555555555555,17,0.9444444444444444,0,0.0,0,0.0,1,Disengage,0.5107840895652771,1,Disengage,0.5174628496170044,1,Disengage,1.0,1,Disengage,0.8874592185020447,1,Disengage,0.9122076034545898,1,Disengage,0.5710547566413879,1,Disengage,0.7942118048667908,1,Disengage,0.7585750818252563,1,Disengage,0.5285711288452148,1,Disengage,0.7034528255462646,1,Disengage,0.7447229027748108,0,Highly Disengage,0.7151901125907898,1,Disengage,0.7725335359573364,1,Disengage,0.8807916045188904,1,Disengage,0.9473740458488464,1,Disengage,0.5985864996910095,1,Disengage,0.8354873657226562,1,Disengage,0.4159444570541382
video6_54_person1,18,0.8888888888888888,0.1547717145751626,0.8137606316142612,2,Engage,17,0,0.0,0,0.0,17,0.9444444444444444,1,0.05555555555555555,2,Engage,0.8085560202598572,2,Engage,0.7818052768707275,2,Engage,1.0,2,Engage,0.9655622839927672,2,Engage,0.9491567015647888,2,Engage,0.7918603420257568,2,Engage,0.8489285707473755,2,Engage,0.5871564745903015,3,Highly Engage,0.4374808669090271,2,Engage,0.9488111138343812,2,Engage,0.6656208634376526,2,Engage,0.6026237607002258,2,Engage,0.9847990870475768,2,Engage,0.9662915468215942,2,Engage,0.9993383288383484,2,Engage,0.9955171942710876,2,Engage,0.9033440947532654,2,Engage,0.4108388423919678
video6_54_person3,18,0.7908496732026143,0.25162916738782287,0.7303075227472517,2,Engage,16,0,0.0,2,0.1111111111111111,16,0.8888888888888888,0,0.0,2,Engage,0.8448110818862915,2,Engage,0.541696310043335,2,Engage,1.0,2,Engage,0.9154875874519348,2,Engage,0.8784224987030029,2,Engage,0.7639435529708862,2,Engage,0.7679680585861206,2,Engage,0.5527884364128113,2,Engage,0.5176282525062561,2,Engage,0.7874199151992798,1,Disengage,0.5411240458488464,1,Disengage,0.4837124049663543,2,Engage,0.9515783190727234,2,Engage,0.6674870252609253,2,Engage,0.9864543080329896,2,Engage,0.9073821306228638,2,Engage,0.6449975371360779,2,Engage,0.3926339447498321
video6_55_person3,18,0.6339869281045751,0.38210225325431013,0.7492055942614874,2,Engage,14,0,0.0,4,0.2222222222222222,14,0.7777777777777778,0,0.0,2,Engage,0.7916510105133057,1,Disengage,0.5835708379745483,2,Engage,1.0,2,Engage,0.8837071061134338,2,Engage,0.8237837553024292,2,Engage,0.6872381567955017,2,Engage,0.7893971800804138,2,Engage,0.5140334963798523,2,Engage,0.4838200807571411,2,Engage,0.5938683748245239,1,Disengage,0.7408339381217957,1,Disengage,0.6606006026268005,2,Engage,0.9850659370422364,2,Engage,0.9784595966339112,2,Engage,0.9912757873535156,2,Engage,0.9169455170631408,2,Engage,0.6980805397033691,1,Disengage,0.3633687794208526
video6_57_person4,18,0.8888888888888888,0.1547717145751626,0.693927730123202,2,Engage,17,0,0.0,1,0.05555555555555555,17,0.9444444444444444,0,0.0,2,Engage,0.7837724089622498,2,Engage,0.4107469618320465,2,Engage,1.0,2,Engage,0.9303199052810668,2,Engage,0.6974238753318787,2,Engage,0.8340105414390564,2,Engage,0.8133021593093872,2,Engage,0.6674334406852722,2,Engage,0.4156455397605896,2,Engage,0.7969891428947449,2,Engage,0.5722988843917847,2,Engage,0.4956031739711761,2,Engage,0.719495415687561,2,Engage,0.6553646326065063,2,Engage,0.9269729256629944,2,Engage,0.8198676109313965,1,Disengage,0.5312069654464722,2,Engage,0.4202455580234527
video6_58_person10,18,1.0,-0.0,0.8258849614196353,2,Engage,18,0,0.0,0,0.0,18,1.0,0,0.0,2,Engage,0.9749334454536438,2,Engage,0.909503698348999,2,Engage,1.0,2,Engage,0.9637140035629272,2,Engage,0.971864640712738,2,Engage,0.957675039768219,2,Engage,0.9016016125679016,2,Engage,0.7034811973571777,2,Engage,0.5449948906898499,2,Engage,0.9644861817359924,2,Engage,0.8768230080604553,2,Engage,0.773681104183197,2,Engage,0.7524563074111938,2,Engage,0.6628987193107605,2,Engage,0.8524474501609802,2,Engage,0.9704980850219728,2,Engage,0.7087836861610413,2,Engage,0.3760862350463867
video6_58_person11,18,0.49673202614379086,0.5674849873019705,0.6365849342611101,2,Engage,12,0,0.0,5,0.2777777777777778,12,0.6666666666666666,1,0.05555555555555555,2,Engage,0.6094831824302673,2,Engage,0.525209367275238,1,Disengage,1.0,2,Engage,0.6333432793617249,2,Engage,0.609096884727478,2,Engage,0.5238409638404846,1,Disengage,0.5638584494590759,1,Disengage,0.7296020984649658,1,Disengage,0.6436852812767029,3,Highly Engage,0.5957548022270203,1,Disengage,0.4961246252059936,2,Engage,0.5503751635551453,2,Engage,0.7785483002662659,2,Engage,0.5436206459999084,2,Engage,0.853064239025116,2,Engage,0.8355093002319336,2,Engage,0.5160578489303589,2,Engage,0.4513543844223022
video6_58_person6,18,0.7908496732026143,0.25162916738782287,0.7598268505599763,2,Engage,16,0,0.0,2,0.1111111111111111,16,0.8888888888888888,0,0.0,2,Engage,0.7484601140022278,1,Disengage,0.5681427717208862,1,Disengage,1.0,2,Engage,0.8021193146705627,2,Engage,0.9780077338218688,2,Engage,0.8629356622695923,2,Engage,0.7707002758979797,2,Engage,0.5672714114189148,2,Engage,0.4630330204963684,2,Engage,0.910752296447754,2,Engage,0.5414091944694519,2,Engage,0.5985022187232971,2,Engage,0.8850046992301941,2,Engage,0.7861703038215637,2,Engage,0.9535958170890808,2,Engage,0.9853203892707824,2,Engage,0.8962501287460327,2,Engage,0.3592079579830169
video6_59_person10,18,0.8888888888888888,0.1547717145751626,0.7934205763869815,2,Engage,17,0,0.0,1,0.05555555555555555,17,0.9444444444444444,0,0.0,2,Engage,0.9372508525848388,2,Engage,0.7128055691719055,2,Engage,1.0,2,Engage,0.9642441868782043,2,Engage,0.9159165024757384,2,Engage,0.8929960131645203,2,Engage,0.8979160189628601,2,Engage,0.7041047215461731,1,Disengage,0.4229565858840942,2,Engage,0.9417216777801514,2,Engage,0.7515475749969482,2,Engage,0.6861793994903564,2,Engage,0.9063953161239624,2,Engage,0.7301270365715027,2,Engage,0.86225426197052,2,Engage,0.9895977973937988,2,Engage,0.5928657650947571,2,Engage,0.3726910948753357
video6_59_person13,18,0.41830065359477125,0.6736115199663301,0.647379532456398,1,Disengage,11,0,0.0,11,0.6111111111111112,4,0.2222222222222222,3,0.16666666666666666,1,Disengage,0.6582721471786499,1,Disengage,0.5650518536567688,1,Disengage,1.0,2,Engage,0.7798228859901428,3,Highly Engage,0.5020619034767151,1,Disengage,0.5865131616592407,1,Disengage,0.4991446435451507,1,Disengage,0.6711829304695129,1,Disengage,0.6983137130737305,2,Engage,0.8272283673286438,3,Highly Engage,0.7256157398223877,3,Highly Engage,0.7184896469116211,2,Engage,0.6464135646820068,1,Disengage,0.5131760239601135,1,Disengage,0.4640502333641052,2,Engage,0.730630099773407,1,Disengage,0.6901398301124573,1,Disengage,0.3767248392105102
video6_5_person11,18,0.6339869281045751,0.38210225325431013,0.6962195883194605,2,Engage,14,0,0.0,4,0.2222222222222222,14,0.7777777777777778,0,0.0,2,Engage,0.8093532919883728,2,Engage,0.6169193983078003,1,Disengage,1.0,2,Engage,0.8728600740432739,2,Engage,0.7810843586921692,2,Engage,0.7638019323348999,2,Engage,0.6090388894081116,2,Engage,0.5012576580047607,2,Engage,0.5127984881401062,2,Engage,0.8366764187812805,2,Engage,0.7040477395057678,2,Engage,0.5576633214950562,2,Engage,0.8479492664337158,2,Engage,0.6489027142524719,1,Disengage,0.5585387945175171,2,Engage,0.8840596079826355,1,Disengage,0.6333362460136414,1,Disengage,0.3936643898487091
video6_60_person4,18,0.3137254901960784,0.773315807696889,0.5973079800605774,1,Disengage,8,5,0.2777777777777778,8,0.4444444444444444,5,0.2777777777777778,0,0.0,2,Engage,0.6511382460594177,2,Engage,0.4318689107894897,1,Disengage,1.0,2,Engage,0.9103124141693116,1,Disengage,0.7264646291732788,1,Disengage,0.5743482112884521,1,Disengage,0.6624572277069092,1,Disengage,0.7330347895622253,0,Highly Disengage,0.7530574202537537,2,Engage,0.6168074011802673,1,Disengage,0.5301018953323364,1,Disengage,0.5459625720977783,2,Engage,0.6225735545158386,0,Highly Disengage,0.3096522986888885,0,Highly Disengage,0.4100370109081268,0,Highly Disengage,0.3109880685806274,1,Disengage,0.5614337921142578,0,Highly Disengage,0.4013051986694336
video6_60_person8,18,1.0,-0.0,0.8425737453831567,1,Disengage,18,0,0.0,18,1.0,0,0.0,0,0.0,1,Disengage,0.8368452787399292,1,Disengage,0.8728320598602295,1,Disengage,1.0,1,Disengage,0.9612220525741576,1,Disengage,0.9858309626579284,1,Disengage,0.9207786321640016,1,Disengage,0.8034895658493042,1,Disengage,0.8640879988670349,1,Disengage,0.4797613620758056,1,Disengage,0.911113440990448,1,Disengage,0.9280085563659668,1,Disengage,0.7939649224281311,1,Disengage,0.8569195866584778,1,Disengage,0.8904004693031311,1,Disengage,0.9658419489860536,1,Disengage,0.790705144405365,1,Disengage,0.8793436884880066,1,Disengage,0.4251817464828491
video6_61_person13,18,0.41830065359477125,0.6258145836939114,0.6926176216867235,2,Engage,9,0,0.0,8,0.4444444444444444,9,0.5,1,0.05555555555555555,1,Disengage,0.6611616015434265,2,Engage,0.5155915021896362,1,Disengage,1.0,2,Engage,0.8344689607620239,2,Engage,0.7602125406265259,1,Disengage,0.6642062664031982,1,Disengage,0.6236321330070496,1,Disengage,0.5390105843544006,1,Disengage,0.7132136225700378,2,Engage,0.7737986445426941,1,Disengage,0.6242703199386597,1,Disengage,0.6871834397315979,2,Engage,0.7707846164703369,3,Highly Engage,0.5684057474136353,2,Engage,0.5583407878875732,2,Engage,0.9571174383163452,2,Engage,0.765563428401947,2,Engage,0.4501555562019348
video6_62_person14,18,0.47058823529411764,0.5,0.5856693635384241,1,Disengage,9,0,0.0,9,0.5,9,0.5,0,0.0,2,Engage,0.6074174642562866,2,Engage,0.402666687965393,2,Engage,1.0,2,Engage,0.7638583183288574,1,Disengage,0.5189991593360901,1,Disengage,0.5476807951927185,2,Engage,0.8163408041000366,2,Engage,0.633849024772644,2,Engage,0.3860416710376739,2,Engage,0.5510411262512207,1,Disengage,0.4416920244693756,1,Disengage,0.5443164110183716,2,Engage,0.6255779266357422,1,Disengage,0.526299774646759,1,Disengage,0.4891026318073272,1,Disengage,0.5537534952163696,1,Disengage,0.704177737236023,1,Disengage,0.4292334914207458
video6_62_person3,18,0.477124183006536,0.4955380299191111,0.6124534474478828,1,Disengage,10,0,0.0,10,0.5555555555555556,8,0.4444444444444444,0,0.0,2,Engage,0.7722091674804688,1,Disengage,0.6015598773956299,1,Disengage,1.0,1,Disengage,0.5883572697639465,2,Engage,0.551380455493927,1,Disengage,0.6189363598823547,2,Engage,0.5145546197891235,1,Disengage,0.6918438076972961,2,Engage,0.5035233497619629,1,Disengage,0.5068449378013611,1,Disengage,0.5019461512565613,1,Disengage,0.6667232513427734,2,Engage,0.6017086505889893,1,Disengage,0.559873104095459,1,Disengage,0.5692195296287537,2,Engage,0.8666328191757202,2,Engage,0.5429873466491699,2,Engage,0.3658613562583923
video6_62_person7,18,0.45751633986928103,0.7023392365317855,0.6860228528579077,2,Engage,12,1,0.05555555555555555,2,0.1111111111111111,12,0.6666666666666666,3,0.16666666666666666,2,Engage,0.5312468409538269,2,Engage,0.5359522700309753,1,Disengage,1.0,2,Engage,0.9249622225761414,2,Engage,0.5463594198226929,2,Engage,0.5686676502227783,3,Highly Engage,0.6219754219055176,3,Highly Engage,0.8578294515609741,3,Highly Engage,0.6672140955924988,2,Engage,0.6083868145942688,1,Disengage,0.8070590496063232,0,Highly Disengage,0.4655442237854004,2,Engage,0.932685911655426,2,Engage,0.6835275888442993,2,Engage,0.5871965885162354,2,Engage,0.9773017764091492,2,Engage,0.5943444967269897,2,Engage,0.4381575286388397
video6_63_person2,18,0.5751633986928104,0.4262025893247393,0.7390775548087226,2,Engage,13,0,0.0,5,0.2777777777777778,13,0.7222222222222222,0,0.0,2,Engage,0.851924479007721,2,Engage,0.5530132055282593,1,Disengage,1.0,2,Engage,0.96364027261734,2,Engage,0.9442416429519652,2,Engage,0.6844057440757751,2,Engage,0.495800644159317,1,Disengage,0.752382755279541,1,Disengage,0.3891217708587646,2,Engage,0.7207769155502319,1,Disengage,0.7404907941818237,1,Disengage,0.6696776151657104,2,Engage,0.8529584407806396,2,Engage,0.8383849263191223,2,Engage,0.6443436145782471,2,Engage,0.9910743832588196,2,Engage,0.7841490507125854,2,Engage,0.4270097315311432
video6_63_person3,18,0.45751633986928103,0.5970868671284559,0.6587147381570604,1,Disengage,11,1,0.05555555555555555,11,0.6111111111111112,6,0.3333333333333333,0,0.0,2,Engage,0.4892033636569977,1,Disengage,0.4884142875671386,1,Disengage,1.0,1,Disengage,0.7741660475730896,1,Disengage,0.7420905828475952,1,Disengage,0.7590740919113159,2,Engage,0.7341509461402893,0,Highly Disengage,0.8487823605537415,1,Disengage,0.5174086093902588,2,Engage,0.5478106737136841,1,Disengage,0.6392747759819031,1,Disengage,0.6057875752449036,2,Engage,0.74864262342453,1,Disengage,0.4853400588035583,2,Engage,0.5460094809532166,2,Engage,0.7440768480300903,1,Disengage,0.7731420397758484,1,Disengage,0.4134909212589264
video6_63_person6,18,0.49673202614379086,0.4820393824041145,0.6588456167115105,2,Engage,11,0,0.0,7,0.3888888888888889,11,0.6111111111111112,0,0.0,1,Disengage,0.6347729563713074,1,Disengage,0.68438321352005,1,Disengage,1.0,1,Disengage,0.6444063782691956,2,Engage,0.6564415097236633,2,Engage,0.4575902223587036,2,Engage,0.6547837853431702,2,Engage,0.7351335287094116,1,Disengage,0.5181729793548584,2,Engage,0.6598711013793945,2,Engage,0.570341944694519,2,Engage,0.600904107093811,2,Engage,0.8353392481803894,1,Disengage,0.5019432902336121,2,Engage,0.8136482834815979,2,Engage,0.954277515411377,2,Engage,0.5403631329536438,1,Disengage,0.3968479037284851
video6_64_person3,18,0.3660130718954248,0.7516291673878228,0.6095015522506502,1,Disengage,8,1,0.05555555555555555,8,0.4444444444444444,8,0.4444444444444444,1,0.05555555555555555,2,Engage,0.7015171647071838,1,Disengage,0.471283882856369,2,Engage,1.0,2,Engage,0.512043297290802,1,Disengage,0.4967132210731506,1,Disengage,0.6864585876464844,1,Disengage,0.6004435420036316,3,Highly Engage,0.6920732855796814,1,Disengage,0.4870521426200866,2,Engage,0.4783808887004852,1,Disengage,0.447786420583725,0,Highly Disengage,0.5346331596374512,2,Engage,0.7433863282203674,2,Engage,0.6154760718345642,2,Engage,0.6153561472892761,2,Engage,0.909266710281372,1,Disengage,0.6099880337715149,1,Disengage,0.3691690564155578
video6_64_person6,18,0.7843137254901961,0.30718472294337845,0.7086646523740556,2,Engage,16,0,0.0,1,0.05555555555555555,16,0.8888888888888888,1,0.05555555555555555,2,Engage,0.6834639310836792,2,Engage,0.7662399411201477,1,Disengage,1.0,2,Engage,0.8096388578414917,2,Engage,0.4853443205356598,3,Highly Engage,0.3946191072463989,2,Engage,0.7340166568756104,2,Engage,0.7277752757072449,2,Engage,0.4363172650337219,2,Engage,0.8114923238754272,2,Engage,0.6180362105369568,2,Engage,0.4073706269264221,2,Engage,0.8866788744926453,2,Engage,0.8473801612854004,2,Engage,0.9412451982498168,2,Engage,0.9903591275215148,2,Engage,0.8152465224266052,2,Engage,0.4007393419742584
video6_65_person4,18,0.3790849673202614,0.6910511266271551,0.683318598402871,1,Disengage,9,7,0.3888888888888889,9,0.5,2,0.1111111111111111,0,0.0,2,Engage,0.593403160572052,1,Disengage,0.4057642519474029,1,Disengage,1.0,1,Disengage,0.7360051274299622,0,Highly Disengage,0.9067423343658448,1,Disengage,0.4712639153003692,1,Disengage,0.569889485836029,1,Disengage,0.7532979846000671,1,Disengage,0.3766748011112213,1,Disengage,0.5249633193016052,0,Highly Disengage,0.4648368656635284,1,Disengage,0.560113251209259,2,Engage,0.7854851484298706,0,Highly Disengage,0.9807820320129396,0,Highly Disengage,0.9996685981750488,0,Highly Disengage,0.505524754524231,0,Highly Disengage,0.8745750188827515,0,Highly Disengage,0.7907447218894958
video6_67_person3,18,0.6143790849673203,0.4722442670831027,0.6843627161449857,1,Disengage,14,1,0.05555555555555555,14,0.7777777777777778,3,0.16666666666666666,0,0.0,1,Disengage,0.5436680316925049,1,Disengage,0.5012851357460022,1,Disengage,1.0,2,Engage,0.5476740002632141,1,Disengage,0.744597852230072,1,Disengage,0.8800609111785889,1,Disengage,0.7164579629898071,1,Disengage,0.814221978187561,1,Disengage,0.5424517393112183,1,Disengage,0.7578014135360718,1,Disengage,0.5106800198554993,0,Highly Disengage,0.8543364405632019,2,Engage,0.5193216800689697,1,Disengage,0.5704092383384705,1,Disengage,0.6871520280838013,2,Engage,0.8231099247932434,1,Disengage,0.8971307873725891,1,Disengage,0.4081697463989258
video6_67_person4,18,0.45751633986928103,0.597086867128456,0.5743459545903735,2,Engage,11,1,0.05555555555555555,6,0.3333333333333333,11,0.6111111111111112,0,0.0,2,Engage,0.6590629816055298,2,Engage,0.4620817005634308,2,Engage,1.0,2,Engage,0.8978097438812256,1,Disengage,0.5288153886795044,2,Engage,0.6462726593017578,2,Engage,0.776124894618988,1,Disengage,0.4874501228332519,1,Disengage,0.3790955543518066,2,Engage,0.7143343687057495,2,Engage,0.3651341199874878,1,Disengage,0.3767869472503662,2,Engage,0.649070680141449,2,Engage,0.4214262664318084,2,Engage,0.5361773371696472,1,Disengage,0.4286207556724548,1,Disengage,0.5764735341072083,0,Highly Disengage,0.433490127325058
video6_68_person1,18,0.7058823529411765,0.32501121082417705,0.7875940352678299,2,Engage,15,0,0.0,0,0.0,15,0.8333333333333334,3,0.16666666666666666,2,Engage,0.8715612292289734,2,Engage,0.817193865776062,2,Engage,1.0,2,Engage,0.9073578715324402,2,Engage,0.7924618124961853,2,Engage,0.6357526183128357,2,Engage,0.8761455416679382,2,Engage,0.583855152130127,2,Engage,0.4159091413021087,2,Engage,0.8577107787132263,3,Highly Engage,0.69509357213974,3,Highly Engage,0.675736665725708,2,Engage,0.7422906160354614,2,Engage,0.9085360765457152,2,Engage,0.9514502882957458,2,Engage,0.9842609167099,2,Engage,0.9045203924179076,3,Highly Engage,0.556856095790863
video6_69_person13,18,0.47058823529411764,0.6677527782585486,0.7046359015835656,1,Disengage,12,1,0.05555555555555555,12,0.6666666666666666,4,0.2222222222222222,1,0.05555555555555555,2,Engage,0.627506673336029,2,Engage,0.709525465965271,1,Disengage,1.0,1,Disengage,0.5452907681465149,1,Disengage,0.8239611387252808,1,Disengage,0.9731769561767578,2,Engage,0.5044479370117188,2,Engage,0.610466480255127,3,Highly Engage,0.7698804140090942,1,Disengage,0.5311942100524902,1,Disengage,0.569356381893158,1,Disengage,0.5343058109283447,1,Disengage,0.5144083499908447,1,Disengage,0.8545013070106506,1,Disengage,0.989579737186432,1,Disengage,0.6842992305755615,1,Disengage,0.9049313068389891,0,Highly Disengage,0.5366140604019165
video6_6_person5,18,0.6339869281045751,0.38210225325431013,0.7992190817991892,3,Highly Engage,14,0,0.0,0,0.0,4,0.2222222222222222,14,0.7777777777777778,2,Engage,0.6773691177368164,3,Highly Engage,0.8171026706695557,3,Highly Engage,0.9968528151512146,2,Engage,0.9062090516090392,3,Highly Engage,0.530129075050354,3,Highly Engage,0.5882512927055359,3,Highly Engage,0.4901633262634277,3,Highly Engage,0.6162737011909485,2,Engage,0.475560188293457,2,Engage,0.5668577551841736,3,Highly Engage,0.8543300628662109,3,Highly Engage,0.8933508992195129,3,Highly Engage,0.9878847002983092,3,Highly Engage,0.9998968839645386,3,Highly Engage,1.0,3,Highly Engage,0.9941856265068054,3,Highly Engage,0.9989293217658995,3,Highly Engage,0.9925969839096068
video6_70_person11,18,0.35294117647058826,0.7295739585136225,0.6606760058138106,2,Engage,9,3,0.16666666666666666,6,0.3333333333333333,9,0.5,0,0.0,2,Engage,0.6711742281913757,1,Disengage,0.509233832359314,1,Disengage,1.0,2,Engage,0.6670203804969788,2,Engage,0.9187679886817932,2,Engage,0.7615681886672974,2,Engage,0.6356885433197021,1,Disengage,0.4742858707904815,1,Disengage,0.5540573000907898,2,Engage,0.8310047388076782,2,Engage,0.6800304651260376,2,Engage,0.5631303191184998,2,Engage,0.5325323939323425,0,Highly Disengage,0.8870658278465271,0,Highly Disengage,0.4107217490673065,1,Disengage,0.5977235436439514,1,Disengage,0.6837474703788757,0,Highly Disengage,0.5144152641296387
video6_70_person13,18,0.477124183006536,0.6121972227029931,0.6585717797279358,1,Disengage,12,2,0.1111111111111111,12,0.6666666666666666,4,0.2222222222222222,0,0.0,1,Disengage,0.5051697492599487,1,Disengage,0.6707057356834412,1,Disengage,1.0,2,Engage,0.7388337850570679,0,Highly Disengage,0.457640141248703,1,Disengage,0.7467765212059021,2,Engage,0.5819812417030334,2,Engage,0.4992636442184448,1,Disengage,0.4635912775993347,1,Disengage,0.4473039805889129,1,Disengage,0.428451269865036,0,Highly Disengage,0.9833402037620544,2,Engage,0.5416373610496521,1,Disengage,0.8353821635246277,1,Disengage,0.7697280645370483,1,Disengage,0.8013773560523987,1,Disengage,0.9375028610229492,1,Disengage,0.4456066787242889
video6_70_person7,18,0.6339869281045751,0.38210225325431013,0.7618473039733039,2,Engage,14,0,0.0,0,0.0,14,0.7777777777777778,4,0.2222222222222222,2,Engage,0.8461717963218689,2,Engage,0.5907347798347473,2,Engage,1.0,2,Engage,0.9399834871292114,2,Engage,0.8559345602989197,2,Engage,0.5781468152999878,2,Engage,0.792668879032135,3,Highly Engage,0.8368478417396545,3,Highly Engage,0.532945454120636,2,Engage,0.76610267162323,3,Highly Engage,0.6408607363700867,3,Highly Engage,0.4561169743537903,2,Engage,0.9697054028511048,2,Engage,0.7869588136672974,2,Engage,0.9301331043243408,2,Engage,0.9798955917358398,2,Engage,0.8018298745155334,2,Engage,0.4082146883010864
video6_71_person10,18,0.45751633986928103,0.597086867128456,0.6293372611204783,2,Engage,11,1,0.05555555555555555,6,0.3333333333333333,11,0.6111111111111112,0,0.0,2,Engage,0.5625838041305542,2,Engage,0.5550625920295715,1,Disengage,1.0,2,Engage,0.9292047023773192,2,Engage,0.778032660484314,2,Engage,0.5353472828865051,1,Disengage,0.4550009071826935,2,Engage,0.7821028828620911,0,Highly Disengage,0.4469789266586303,2,Engage,0.74582439661026,2,Engage,0.5308973789215088,2,Engage,0.6162884831428528,1,Disengage,0.5115261673927307,2,Engage,0.522162675857544,1,Disengage,0.5804343819618225,2,Engage,0.8125090003013611,1,Disengage,0.5552648305892944,1,Disengage,0.4088496267795563
video6_71_person6,18,0.7058823529411765,0.32501121082417705,0.7272086640199026,2,Engage,15,0,0.0,3,0.16666666666666666,15,0.8333333333333334,0,0.0,2,Engage,0.7281412482261658,2,Engage,0.4922654032707214,1,Disengage,1.0,2,Engage,0.7022497653961182,2,Engage,0.9172313213348388,2,Engage,0.8883408308029175,2,Engage,0.7841296195983887,2,Engage,0.6659809350967407,1,Disengage,0.5420482158660889,2,Engage,0.8269607424736023,2,Engage,0.6685402989387512,2,Engage,0.5673445463180542,2,Engage,0.8758786916732788,2,Engage,0.6223263740539551,2,Engage,0.8459511995315552,2,Engage,0.9305036067962646,2,Engage,0.613655686378479,1,Disengage,0.4182074666023254
video6_73_person11,18,0.41830065359477125,0.6736115199663301,0.7597011311186684,0,Highly Disengage,11,11,0.6111111111111112,4,0.2222222222222222,3,0.16666666666666666,0,0.0,2,Engage,0.3462246656417846,0,Highly Disengage,0.9893192648887634,1,Disengage,1.0,1,Disengage,0.396326869726181,1,Disengage,0.5940788388252258,0,Highly Disengage,0.9670737981796264,2,Engage,0.6280868053436279,2,Engage,0.6362929940223694,0,Highly Disengage,0.7492294907569885,0,Highly Disengage,0.646136462688446,1,Disengage,0.899308443069458,0,Highly Disengage,0.7077813744544983,0,Highly Disengage,0.5970042943954468,0,Highly Disengage,0.9951584935188292,0,Highly Disengage,0.9857471585273744,0,Highly Disengage,0.5871116518974304,0,Highly Disengage,0.9917380213737488,0,Highly Disengage,0.9580017328262328
video6_73_person2,18,0.8888888888888888,0.1547717145751626,0.7831453896231122,2,Engage,17,0,0.0,1,0.05555555555555555,17,0.9444444444444444,0,0.0,2,Engage,0.915763020515442,2,Engage,0.5615290403366089,1,Disengage,1.0,2,Engage,0.9103443026542664,2,Engage,0.9142245054244996,2,Engage,0.691702663898468,2,Engage,0.8349539041519165,2,Engage,0.7195538878440857,2,Engage,0.4907599091529846,2,Engage,0.8814974427223206,2,Engage,0.5248101353645325,2,Engage,0.5089294910430908,2,Engage,0.9980953335762024,2,Engage,0.9227982759475708,2,Engage,0.9823227524757384,2,Engage,0.97957581281662,2,Engage,0.8488103747367859,2,Engage,0.4109461605548858
video6_73_person4,18,0.6339869281045751,0.38210225325431013,0.5959577924675412,2,Engage,14,0,0.0,4,0.2222222222222222,14,0.7777777777777778,0,0.0,2,Engage,0.682068407535553,2,Engage,0.4098547995090484,2,Engage,1.0,2,Engage,0.7433702349662781,2,Engage,0.4066639244556427,2,Engage,0.7134981751441956,2,Engage,0.8531232476234436,2,Engage,0.5074390172958374,2,Engage,0.4997856318950653,2,Engage,0.5822824835777283,2,Engage,0.4325736761093139,2,Engage,0.3867388367652893,2,Engage,0.6554827690124512,1,Disengage,0.6738365888595581,1,Disengage,0.6685023903846741,2,Engage,0.5937866568565369,1,Disengage,0.5500565767288208,1,Disengage,0.3681768476963043
video6_75_person1,18,1.0,-0.0,0.7953826685746511,2,Engage,18,0,0.0,0,0.0,18,1.0,0,0.0,2,Engage,0.864120602607727,2,Engage,0.8505675792694092,2,Engage,1.0,2,Engage,0.9480324387550354,2,Engage,0.8386424779891968,2,Engage,0.7620335221290588,2,Engage,0.8720844388008118,2,Engage,0.632470428943634,2,Engage,0.4502100050449371,2,Engage,0.9221113920211792,2,Engage,0.5451437830924988,2,Engage,0.610309362411499,2,Engage,0.9418468475341796,2,Engage,0.8424351811408997,2,Engage,0.98431658744812,2,Engage,0.960254430770874,2,Engage,0.8676977157592773,2,Engage,0.4246112406253814
video6_77_person1,18,0.7058823529411765,0.32501121082417705,0.7793176455630196,2,Engage,15,0,0.0,0,0.0,15,0.8333333333333334,3,0.16666666666666666,2,Engage,0.7984874248504639,2,Engage,0.6885519623756409,3,Highly Engage,0.9999996423721312,2,Engage,0.9287619590759276,2,Engage,0.9048017859458924,2,Engage,0.7341445088386536,2,Engage,0.8557925820350647,2,Engage,0.5993942022323608,2,Engage,0.4289021790027618,2,Engage,0.8376716375350952,3,Highly Engage,0.5487854480743408,2,Engage,0.5493239164352417,2,Engage,0.9401582479476928,2,Engage,0.891229510307312,2,Engage,0.98465758562088,2,Engage,0.982241988182068,2,Engage,0.8335497379302979,3,Highly Engage,0.5212633013725281
video6_77_person9,18,1.0,-0.0,0.7785831209686067,2,Engage,18,0,0.0,0,0.0,18,1.0,0,0.0,2,Engage,0.8295040130615234,2,Engage,0.6220108866691589,2,Engage,1.0,2,Engage,0.9226359724998474,2,Engage,0.8836647272109985,2,Engage,0.7837585210800171,2,Engage,0.8921698927879333,2,Engage,0.7916228175163269,2,Engage,0.5190976858139038,2,Engage,0.9022634625434875,2,Engage,0.5391956567764282,2,Engage,0.5246557593345642,2,Engage,0.955094575881958,2,Engage,0.7297283411026001,2,Engage,0.978451371192932,2,Engage,0.983453333377838,2,Engage,0.7547792792320251,2,Engage,0.4024098813533783
video6_78_person1,18,0.7908496732026143,0.25162916738782287,0.7787494659423828,2,Engage,16,0,0.0,0,0.0,16,0.8888888888888888,2,0.1111111111111111,2,Engage,0.8108687996864319,2,Engage,0.6834798455238342,2,Engage,1.0,2,Engage,0.9400784969329834,2,Engage,0.8612526655197144,2,Engage,0.7496470212936401,2,Engage,0.8321290612220764,2,Engage,0.4903300702571869,3,Highly Engage,0.5048074126243591,2,Engage,0.9070375561714172,2,Engage,0.5302153825759888,2,Engage,0.5389127135276794,2,Engage,0.9491721391677856,2,Engage,0.9309459924697876,2,Engage,0.9997807145118712,2,Engage,0.9970329999923706,2,Engage,0.8507669568061829,3,Highly Engage,0.4410325586795807
video6_78_person2,18,0.7058823529411765,0.32501121082417705,0.7742186039686203,2,Engage,15,0,0.0,3,0.16666666666666666,15,0.8333333333333334,0,0.0,2,Engage,0.9603167772293092,2,Engage,0.5646471977233887,1,Disengage,1.0,2,Engage,0.8824231028556824,2,Engage,0.900799036026001,2,Engage,0.6222090125083923,2,Engage,0.8578956127166748,1,Disengage,0.7362829446792603,2,Engage,0.4816479384899139,2,Engage,0.7888657450675964,1,Disengage,0.485200822353363,2,Engage,0.491468995809555,2,Engage,0.9982775449752808,2,Engage,0.9665110111236572,2,Engage,0.9974735379219056,2,Engage,0.9904516935348512,2,Engage,0.822201132774353,2,Engage,0.3892627656459808
video6_79_person8,18,0.41830065359477125,0.6736115199663301,0.7378066745069292,1,Disengage,11,3,0.16666666666666666,11,0.6111111111111112,4,0.2222222222222222,0,0.0,2,Engage,0.4910954236984253,1,Disengage,0.4601300060749054,2,Engage,1.0,1,Disengage,0.7352171540260315,1,Disengage,0.760164201259613,0,Highly Disengage,0.7068321108818054,1,Disengage,0.8053408861160278,1,Disengage,0.9509643912315368,0,Highly Disengage,0.4254067838191986,2,Engage,0.5007799863815308,1,Disengage,0.8145775198936462,1,Disengage,0.7356674671173096,1,Disengage,0.7595998644828796,1,Disengage,0.9652259349822998,1,Disengage,0.9998117089271544,2,Engage,0.6311898827552795,1,Disengage,0.8751447200775146,0,Highly Disengage,0.6633720993995667
video6_7_person6,18,0.45751633986928103,0.597086867128456,0.7767603678835763,2,Engage,11,1,0.05555555555555555,6,0.3333333333333333,11,0.6111111111111112,0,0.0,2,Engage,0.7238982319831848,1,Disengage,0.6419156789779663,1,Disengage,1.0,2,Engage,0.9369799494743348,2,Engage,0.9757826328277588,2,Engage,0.7893949151039124,2,Engage,0.5881133079528809,1,Disengage,0.7919830083847046,0,Highly Disengage,0.5550012588500977,1,Disengage,0.6427868008613586,1,Disengage,0.842487633228302,1,Disengage,0.5559436678886414,2,Engage,0.8681882619857788,2,Engage,0.9649022221565248,2,Engage,0.9018042087554932,2,Engage,0.9877870678901672,2,Engage,0.7671173810958862,2,Engage,0.447600394487381
video6_7_person7,18,0.3137254901960784,0.8588801260706668,0.6465758879979452,2,Engage,9,2,0.1111111111111111,5,0.2777777777777778,9,0.5,2,0.1111111111111111,2,Engage,0.5517552495002747,1,Disengage,0.4024491310119629,1,Disengage,1.0,2,Engage,0.8013311624526978,2,Engage,0.7292482256889343,1,Disengage,0.5141388177871704,1,Disengage,0.5842832922935486,0,Highly Disengage,0.6531689167022705,0,Highly Disengage,0.8147462010383606,2,Engage,0.6852987408638,2,Engage,0.4089760184288025,1,Disengage,0.4862722754478454,2,Engage,0.9634108543395996,2,Engage,0.6038466691970825,3,Highly Engage,0.5361238121986389,2,Engage,0.9645909667015076,3,Highly Engage,0.4996314346790313,2,Engage,0.439094215631485
video6_82_person2,18,0.7058823529411765,0.32501121082417705,0.7279579093058904,2,Engage,15,0,0.0,3,0.16666666666666666,15,0.8333333333333334,0,0.0,2,Engage,0.9060872197151184,2,Engage,0.5697319507598877,1,Disengage,1.0,2,Engage,0.9173983335494996,2,Engage,0.9008989334106444,2,Engage,0.4927161037921905,2,Engage,0.7578131556510925,2,Engage,0.6607218384742737,2,Engage,0.5066846609115601,2,Engage,0.7571127414703369,1,Disengage,0.5070727467536926,1,Disengage,0.5316463708877563,2,Engage,0.9683760404586792,2,Engage,0.7324594259262085,2,Engage,0.7400878071784973,2,Engage,0.8801877498626709,2,Engage,0.8289293050765991,2,Engage,0.4453179836273193
video6_82_person9,18,0.8888888888888888,0.1547717145751626,0.8186014824443393,2,Engage,17,0,0.0,1,0.05555555555555555,17,0.9444444444444444,0,0.0,2,Engage,0.9332262277603148,2,Engage,0.7628832459449768,1,Disengage,1.0,2,Engage,0.9582056999206544,2,Engage,0.9395771622657776,2,Engage,0.935819447040558,2,Engage,0.8998986482620239,2,Engage,0.7391470670700073,2,Engage,0.5559247732162476,2,Engage,0.9521617889404296,2,Engage,0.7701262831687927,2,Engage,0.68995201587677,2,Engage,0.8235377073287964,2,Engage,0.7689594030380249,2,Engage,0.9162855744361876,2,Engage,0.9578731060028076,2,Engage,0.7175574898719788,2,Engage,0.4136910438537597
video6_83_person3,18,0.6339869281045751,0.38210225325431013,0.7578862475024329,3,Highly Engage,14,0,0.0,0,0.0,4,0.2222222222222222,14,0.7777777777777778,3,Highly Engage,0.630692720413208,3,Highly Engage,0.9272471070289612,3,Highly Engage,1.0,2,Engage,0.6342284679412842,3,Highly Engage,0.534019410610199,3,Highly Engage,0.7068848013877869,2,Engage,0.7009243965148926,3,Highly Engage,0.8927009105682373,3,Highly Engage,0.634893536567688,2,Engage,0.6059063076972961,3,Highly Engage,0.7877597808837891,3,Highly Engage,0.875220775604248,2,Engage,0.5407789349555969,3,Highly Engage,0.7942423820495605,3,Highly Engage,0.9931159615516664,3,Highly Engage,0.7849514484405518,3,Highly Engage,0.9036529660224916,3,Highly Engage,0.6947325468063354
video6_85_person1,18,0.6339869281045751,0.38210225325431013,0.7991238998042213,3,Highly Engage,14,0,0.0,0,0.0,4,0.2222222222222222,14,0.7777777777777778,2,Engage,0.5210299491882324,3,Highly Engage,0.7830557823181152,3,Highly Engage,1.0,2,Engage,0.7026346325874329,3,Highly Engage,0.8901723027229309,3,Highly Engage,0.8337188363075256,2,Engage,0.7086248397827148,3,Highly Engage,0.5399740934371948,3,Highly Engage,0.4697965383529663,2,Engage,0.6280247569084167,3,Highly Engage,0.8325974345207214,3,Highly Engage,0.9193398952484132,3,Highly Engage,0.9055412411689758,3,Highly Engage,0.9457807540893556,3,Highly Engage,0.999994158744812,3,Highly Engage,0.883228063583374,3,Highly Engage,0.8936958312988281,3,Highly Engage,0.9270210862159728
video6_85_person10,18,0.8888888888888888,0.1547717145751626,0.7963065869278378,2,Engage,17,0,0.0,0,0.0,17,0.9444444444444444,1,0.05555555555555555,2,Engage,0.8523803949356079,2,Engage,0.7548197507858276,2,Engage,1.0,2,Engage,0.8337427973747253,2,Engage,0.8589560985565186,2,Engage,0.8009432554244995,2,Engage,0.8698879480361938,2,Engage,0.7208415865898132,2,Engage,0.5515066385269165,2,Engage,0.9383344054222108,2,Engage,0.8126164078712463,3,Highly Engage,0.4946605563163757,2,Engage,0.8726053237915039,2,Engage,0.7700297832489014,2,Engage,0.9461832642555236,2,Engage,0.9762561917304992,2,Engage,0.8544399738311768,2,Engage,0.42531418800354
video6_86_person4,18,0.8888888888888888,0.1547717145751626,0.7165393564436171,2,Engage,17,0,0.0,0,0.0,17,0.9444444444444444,1,0.05555555555555555,2,Engage,0.8001707792282104,2,Engage,0.4208995997905731,2,Engage,1.0,2,Engage,0.9490369558334352,2,Engage,0.8277842402458191,2,Engage,0.8758472800254822,2,Engage,0.8714558482170105,2,Engage,0.5922532677650452,2,Engage,0.4247937500476837,2,Engage,0.8445237278938293,2,Engage,0.594485878944397,2,Engage,0.4628657102584839,2,Engage,0.7536806464195251,2,Engage,0.4755783677101135,2,Engage,0.8263072371482849,2,Engage,0.9596087336540222,2,Engage,0.688729465007782,3,Highly Engage,0.5296869277954102
video6_87_person5,18,0.7908496732026143,0.25162916738782287,0.7612333430184258,2,Engage,16,0,0.0,2,0.1111111111111111,16,0.8888888888888888,0,0.0,2,Engage,0.792022168636322,2,Engage,0.5668877959251404,1,Disengage,1.0,2,Engage,0.936870574951172,2,Engage,0.8460557460784912,2,Engage,0.640712559223175,2,Engage,0.8999624252319336,2,Engage,0.5404804944992065,2,Engage,0.501820981502533,2,Engage,0.7809765934944153,2,Engage,0.5524064302444458,1,Disengage,0.550872266292572,2,Engage,0.9835397005081176,2,Engage,0.9783403277397156,2,Engage,0.956824004650116,2,Engage,0.9810118675231934,2,Engage,0.8028183579444885,2,Engage,0.3905978798866272
video6_89_person1,18,0.8888888888888888,0.1547717145751626,0.7301940090126462,2,Engage,17,0,0.0,0,0.0,17,0.9444444444444444,1,0.05555555555555555,2,Engage,0.8441467881202698,2,Engage,0.7724974155426025,2,Engage,1.0,2,Engage,0.9000895023345947,2,Engage,0.8268973231315613,2,Engage,0.6801217198371887,2,Engage,0.8443427681922913,2,Engage,0.4557428956031799,2,Engage,0.4237850308418274,2,Engage,0.941542625427246,2,Engage,0.5972825288772583,2,Engage,0.5852159857749939,2,Engage,0.6997451782226562,2,Engage,0.5533419847488403,2,Engage,0.937628448009491,2,Engage,0.8950753808021545,2,Engage,0.7299992442131042,3,Highly Engage,0.4560373425483703
video6_89_person2,18,0.6339869281045751,0.38210225325431013,0.7481985224617852,2,Engage,14,0,0.0,4,0.2222222222222222,14,0.7777777777777778,0,0.0,2,Engage,0.9374073147773744,2,Engage,0.5369305610656738,1,Disengage,1.0,2,Engage,0.9227323532104492,2,Engage,0.9276111125946044,2,Engage,0.5990237593650818,2,Engage,0.7521397471427917,1,Disengage,0.6146008968353271,2,Engage,0.4737869203090668,2,Engage,0.7631946802139282,1,Disengage,0.5127903819084167,1,Disengage,0.4919455945491791,2,Engage,0.9942084550857544,2,Engage,0.8586563467979431,2,Engage,0.8720693588256836,2,Engage,0.9823654294013976,2,Engage,0.8082128167152405,2,Engage,0.4198976755142212
video6_8_person9,18,0.8888888888888888,0.1547717145751626,0.8503639250993729,2,Engage,17,0,0.0,1,0.05555555555555555,17,0.9444444444444444,0,0.0,2,Engage,0.9121103882789612,2,Engage,0.6455850601196289,1,Disengage,1.0,2,Engage,0.9888876080513,2,Engage,0.991104781627655,2,Engage,0.9792718291282654,2,Engage,0.9066542387008668,2,Engage,0.7767495512962341,2,Engage,0.5257187485694885,2,Engage,0.9476913213729858,2,Engage,0.794540286064148,2,Engage,0.782627284526825,2,Engage,0.95819354057312,2,Engage,0.8773580193519592,2,Engage,0.9328173398971558,2,Engage,0.9817211627960204,2,Engage,0.8813942670822144,2,Engage,0.4241252243518829
video6_90_person6,18,0.8888888888888888,0.1547717145751626,0.823775601055887,2,Engage,17,0,0.0,1,0.05555555555555555,17,0.9444444444444444,0,0.0,2,Engage,0.990094006061554,2,Engage,0.8500261306762695,1,Disengage,0.9977043271064758,2,Engage,0.9861308932304382,2,Engage,0.9851186871528624,2,Engage,0.8507355451583862,2,Engage,0.9278133511543274,2,Engage,0.5298764705657959,2,Engage,0.5124070048332214,2,Engage,0.9725216627120972,2,Engage,0.7088005542755127,2,Engage,0.5546529293060303,2,Engage,0.9918404817581176,2,Engage,0.7470811605453491,2,Engage,0.9647286534309388,2,Engage,0.9958486557006836,2,Engage,0.8774611949920654,2,Engage,0.3851191103458404
video6_91_person6,18,0.8888888888888888,0.1547717145751626,0.8709272742271423,2,Engage,17,0,0.0,1,0.05555555555555555,17,0.9444444444444444,0,0.0,2,Engage,0.9886858463287354,2,Engage,0.8931827545166016,1,Disengage,1.0,2,Engage,0.9974313378334044,2,Engage,0.9991652965545654,2,Engage,0.9815806746482848,2,Engage,0.932722508907318,2,Engage,0.7973182797431946,2,Engage,0.5424526929855347,2,Engage,0.97992604970932,2,Engage,0.7785864472389221,2,Engage,0.6867133975028992,2,Engage,0.9692362546920776,2,Engage,0.9068533182144164,2,Engage,0.9789428114891052,2,Engage,0.9960265159606934,2,Engage,0.8693515658378601,2,Engage,0.3785151839256286
video6_92_person14,18,0.47058823529411764,0.5,0.7250310364696715,1,Disengage,9,0,0.0,9,0.5,9,0.5,0,0.0,2,Engage,0.4247380495071411,1,Disengage,0.552588701248169,1,Disengage,1.0,2,Engage,0.7440953254699707,2,Engage,0.71295166015625,1,Disengage,0.8356215953826904,1,Disengage,0.6646365523338318,1,Disengage,0.8574996590614319,1,Disengage,0.6051300168037415,2,Engage,0.5485376715660095,1,Disengage,0.7067524790763855,1,Disengage,0.5153102278709412,2,Engage,0.9843823313713074,2,Engage,0.8627288937568665,2,Engage,0.9929577112197876,2,Engage,0.9796572327613832,2,Engage,0.6881682276725769,1,Disengage,0.3748023211956024
video6_92_person4,18,0.7908496732026143,0.25162916738782287,0.6340281019608179,2,Engage,16,0,0.0,2,0.1111111111111111,16,0.8888888888888888,0,0.0,2,Engage,0.8054361939430237,2,Engage,0.4084174931049347,2,Engage,1.0,2,Engage,0.8419091701507568,2,Engage,0.5630240440368652,2,Engage,0.7397390007972717,2,Engage,0.7899911403656006,2,Engage,0.4784615635871887,2,Engage,0.4311557710170746,2,Engage,0.6452254056930542,2,Engage,0.3622738122940063,1,Disengage,0.4723919630050659,2,Engage,0.7682135701179504,2,Engage,0.4492998421192169,2,Engage,0.9413190484046936,2,Engage,0.6909756660461426,1,Disengage,0.6390238404273987,2,Engage,0.3856483101844787
video6_94_person8,18,0.49673202614379086,0.4820393824041145,0.6635370370414522,2,Engage,11,0,0.0,7,0.3888888888888889,11,0.6111111111111112,0,0.0,2,Engage,0.7349256277084351,2,Engage,0.5504429340362549,1,Disengage,1.0,2,Engage,0.95939838886261,2,Engage,0.6334376335144043,1,Disengage,0.5409092307090759,2,Engage,0.8095639944076538,2,Engage,0.5421192049980164,2,Engage,0.4158420860767364,2,Engage,0.6277313828468323,2,Engage,0.4127134382724762,1,Disengage,0.5109080076217651,2,Engage,0.5938444137573242,1,Disengage,0.8919277191162109,1,Disengage,0.917206883430481,2,Engage,0.8436117768287659,1,Disengage,0.524616003036499,1,Disengage,0.4344679415225982
video6_98_person13,18,0.7058823529411765,0.32501121082417705,0.696524010764228,1,Disengage,15,0,0.0,15,0.8333333333333334,3,0.16666666666666666,0,0.0,1,Disengage,0.6367770433425903,1,Disengage,0.7568734884262085,1,Disengage,1.0,1,Disengage,0.5300133228302002,1,Disengage,0.932361900806427,1,Disengage,0.9858242273330688,1,Disengage,0.5730104446411133,2,Engage,0.4818913638591766,1,Disengage,0.6575990319252014,2,Engage,0.5245716571807861,1,Disengage,0.5921297669410706,1,Disengage,0.718932569026947,2,Engage,0.5807859301567078,1,Disengage,0.8718071579933167,1,Disengage,0.9825474619865416,1,Disengage,0.6003420948982239,1,Disengage,0.7022864818572998,1,Disengage,0.4096782505512237
video6_9_person3,18,0.477124183006536,0.4955380299191111,0.7327451441023085,3,Highly Engage,10,0,0.0,0,0.0,8,0.4444444444444444,10,0.5555555555555556,2,Engage,0.7189260721206665,3,Highly Engage,0.6495639681816101,3,Highly Engage,1.0,2,Engage,0.769444465637207,3,Highly Engage,0.6228616833686829,3,Highly Engage,0.8565733432769775,2,Engage,0.8554709553718567,3,Highly Engage,0.5941916704177856,2,Engage,0.5553807616233826,2,Engage,0.7649521231651306,3,Highly Engage,0.6638862490653992,3,Highly Engage,0.7016084790229797,2,Engage,0.6948366761207581,3,Highly Engage,0.5628123879432678,3,Highly Engage,0.9269772171974182,2,Engage,0.9703325033187866,2,Engage,0.6147769093513489,3,Highly Engage,0.6668171286582947
video6_9_person9,18,0.8888888888888888,0.1547717145751626,0.781743918855985,2,Engage,17,0,0.0,1,0.05555555555555555,17,0.9444444444444444,0,0.0,2,Engage,0.8839458227157593,2,Engage,0.6486347913742065,1,Disengage,1.0,2,Engage,0.9158656597137452,2,Engage,0.9436075687408448,2,Engage,0.941411793231964,2,Engage,0.9082368612289428,2,Engage,0.7835548520088196,2,Engage,0.5476024150848389,2,Engage,0.8762761950492859,2,Engage,0.6695250272750854,2,Engage,0.7221609354019165,2,Engage,0.8914971351623535,2,Engage,0.6238730549812317,2,Engage,0.4996384680271148,2,Engage,0.9601787328720092,2,Engage,0.8168348670005798,2,Engage,0.438546359539032
video7_101_person2,18,1.0,-0.0,0.7593471490674548,2,Engage,18,0,0.0,0,0.0,18,1.0,0,0.0,2,Engage,0.9616788029670716,2,Engage,0.6398440599441528,2,Engage,1.0,2,Engage,0.9460317492485046,2,Engage,0.9824675917625428,2,Engage,0.7682530283927917,2,Engage,0.896855890750885,2,Engage,0.8010292053222656,2,Engage,0.5689134001731873,2,Engage,0.9435851573944092,2,Engage,0.699815034866333,2,Engage,0.706251859664917,2,Engage,0.6469289660453796,2,Engage,0.5895071625709534,2,Engage,0.4585534036159515,2,Engage,0.8822006583213806,2,Engage,0.7318180799484253,2,Engage,0.4445146322250366
video7_102_person4,18,0.6078431372549019,0.4932133643654213,0.678411689069536,2,Engage,14,0,0.0,2,0.1111111111111111,14,0.7777777777777778,2,0.1111111111111111,2,Engage,0.9037196040153505,2,Engage,0.6674642562866211,2,Engage,1.0,2,Engage,0.7413999438285828,2,Engage,0.8907955288887024,2,Engage,0.6948453187942505,3,Highly Engage,0.5682588815689087,2,Engage,0.6538807153701782,2,Engage,0.5270597338676453,2,Engage,0.7145304083824158,1,Disengage,0.4691891372203827,1,Disengage,0.5219051241874695,2,Engage,0.6923037767410278,3,Highly Engage,0.4063171744346618,2,Engage,0.9995580315589904,2,Engage,0.685492217540741,2,Engage,0.6611205339431763,2,Engage,0.4135700166225433
video7_102_person6,18,0.5751633986928104,0.4262025893247393,0.7177492512596978,2,Engage,13,0,0.0,0,0.0,13,0.7222222222222222,5,0.2777777777777778,2,Engage,0.6815076470375061,2,Engage,0.5022735595703125,2,Engage,1.0,2,Engage,0.9113855957984924,2,Engage,0.7639943957328796,2,Engage,0.7882015109062195,3,Highly Engage,0.6055809855461121,3,Highly Engage,0.8773074150085449,3,Highly Engage,0.7594363689422607,2,Engage,0.6229596138000488,3,Highly Engage,0.6196939945220947,3,Highly Engage,0.6151653528213501,2,Engage,0.7488507628440857,2,Engage,0.7763100862503052,2,Engage,0.5120284557342529,2,Engage,0.905345857143402,2,Engage,0.8032212853431702,2,Engage,0.4262236356735229
video7_104_person2,18,0.6862745098039216,0.45709141921760676,0.69465328918563,2,Engage,15,1,0.05555555555555555,1,0.05555555555555555,15,0.8333333333333334,1,0.05555555555555555,2,Engage,0.9044588208198548,2,Engage,0.479330837726593,2,Engage,1.0,2,Engage,0.8754042983055115,3,Highly Engage,0.4872852563858032,2,Engage,0.6512812376022339,2,Engage,0.875198245048523,2,Engage,0.7249488234519958,2,Engage,0.478335291147232,2,Engage,0.91093647480011,2,Engage,0.7096638083457947,2,Engage,0.6318826675415039,2,Engage,0.6504480838775635,2,Engage,0.58539217710495,0,Highly Disengage,0.8600389361381531,2,Engage,0.625034749507904,2,Engage,0.6144923567771912,1,Disengage,0.4396271407604217
video7_104_person6,18,0.8888888888888888,0.1547717145751626,0.6838375197516547,2,Engage,17,0,0.0,1,0.05555555555555555,17,0.9444444444444444,0,0.0,2,Engage,0.7176505327224731,2,Engage,0.5038467049598694,2,Engage,1.0,2,Engage,0.8809468150138855,2,Engage,0.691870391368866,1,Disengage,0.50193190574646,2,Engage,0.8249127864837646,2,Engage,0.4479451179504394,2,Engage,0.4540096819400787,2,Engage,0.8144626021385193,2,Engage,0.6754372715950012,2,Engage,0.5658254027366638,2,Engage,0.7366188168525696,2,Engage,0.7151970863342285,2,Engage,0.6713820099830627,2,Engage,0.966605305671692,2,Engage,0.7137477993965149,2,Engage,0.4266851246356964
video7_10_person6,18,0.477124183006536,0.4955380299191111,0.6254625668128332,1,Disengage,10,0,0.0,10,0.5555555555555556,8,0.4444444444444444,0,0.0,2,Engage,0.6261136531829834,2,Engage,0.5097019672393799,2,Engage,1.0,1,Disengage,0.5349913239479065,1,Disengage,0.7592541575431824,1,Disengage,0.4274437725543976,2,Engage,0.6692682504653931,2,Engage,0.6184795498847961,1,Disengage,0.4974525570869446,2,Engage,0.6705991625785828,1,Disengage,0.4028354287147522,1,Disengage,0.4225695729255676,1,Disengage,0.5710956454277039,1,Disengage,0.8554466962814331,1,Disengage,0.9938269257545472,2,Engage,0.6419209241867065,1,Disengage,0.6935814023017883,2,Engage,0.3637452125549316
video7_112_person10,18,0.47058823529411764,0.6677527782585486,0.7676830838123957,3,Highly Engage,12,4,0.2222222222222222,1,0.05555555555555555,1,0.05555555555555555,12,0.6666666666666666,2,Engage,0.5233428478240967,3,Highly Engage,0.606667160987854,1,Disengage,1.0,3,Highly Engage,0.4997045397758484,3,Highly Engage,0.9716715812683104,3,Highly Engage,0.99260276556015,3,Highly Engage,0.5882992744445801,3,Highly Engage,0.890903651714325,3,Highly Engage,0.790311872959137,3,Highly Engage,0.7006142139434814,3,Highly Engage,0.9443260431289672,3,Highly Engage,0.9266263246536256,3,Highly Engage,0.356253057718277,0,Highly Disengage,0.8466767072677612,0,Highly Disengage,0.939524233341217,3,Highly Engage,0.769891619682312,0,Highly Disengage,0.8339705467224121,0,Highly Disengage,0.6369090676307678
video7_113_person10,18,0.39215686274509803,0.7313776131322518,0.6669810000393126,3,Highly Engage,10,1,0.05555555555555555,1,0.05555555555555555,6,0.3333333333333333,10,0.5555555555555556,2,Engage,0.5317815542221069,2,Engage,0.6530857086181641,2,Engage,1.0,3,Highly Engage,0.5163807272911072,3,Highly Engage,0.9334858059883118,3,Highly Engage,0.986057698726654,2,Engage,0.7249355316162109,3,Highly Engage,0.8528105616569519,3,Highly Engage,0.7286896109580994,2,Engage,0.5191730856895447,3,Highly Engage,0.5825605988502502,3,Highly Engage,0.835508406162262,3,Highly Engage,0.5258337259292603,3,Highly Engage,0.5129218697547913,2,Engage,0.5299716591835022,3,Highly Engage,0.5081729292869568,0,Highly Disengage,0.6118922233581543,1,Disengage,0.4523963034152984
video7_114_person0,18,0.5751633986928104,0.4262025893247393,0.6928566992282867,2,Engage,13,0,0.0,0,0.0,13,0.7222222222222222,5,0.2777777777777778,2,Engage,0.841266930103302,3,Highly Engage,0.5760430097579956,2,Engage,1.0,2,Engage,0.7905712127685547,3,Highly Engage,0.8456472158432007,2,Engage,0.3724673390388489,2,Engage,0.7800301909446716,2,Engage,0.6020355224609375,3,Highly Engage,0.4470667839050293,2,Engage,0.9557644724845886,2,Engage,0.8348525762557983,2,Engage,0.6321304440498352,2,Engage,0.6296696662902832,2,Engage,0.5159205198287964,2,Engage,0.9999985694885254,3,Highly Engage,0.5942357182502747,3,Highly Engage,0.6165142059326172,2,Engage,0.4372062087059021
video7_117_person1,18,0.45751633986928103,0.597086867128456,0.7108461095227135,2,Engage,11,1,0.05555555555555555,6,0.3333333333333333,11,0.6111111111111112,0,0.0,2,Engage,0.8452696204185486,2,Engage,0.6470867395401001,1,Disengage,1.0,2,Engage,0.950171709060669,2,Engage,0.921429455280304,2,Engage,0.7246770858764648,2,Engage,0.8543873429298401,2,Engage,0.6037034392356873,2,Engage,0.4343062937259674,2,Engage,0.906364679336548,2,Engage,0.7356951236724854,2,Engage,0.6250694990158081,1,Disengage,0.5246537327766418,1,Disengage,0.6708948612213135,1,Disengage,0.7636357545852661,1,Disengage,0.4941513836383819,1,Disengage,0.5725314021110535,0,Highly Disengage,0.5212018489837646
video7_117_person4,18,0.47058823529411764,0.5,0.7534419231944613,2,Engage,9,0,0.0,0,0.0,9,0.5,9,0.5,2,Engage,0.937022626399994,2,Engage,0.739203929901123,2,Engage,1.0,2,Engage,0.827589213848114,2,Engage,0.6643236875534058,2,Engage,0.4708395898342132,2,Engage,0.776404082775116,3,Highly Engage,0.6969380974769592,2,Engage,0.4879691898822784,2,Engage,0.5836830735206604,3,Highly Engage,0.4198285937309265,3,Highly Engage,0.692910373210907,3,Highly Engage,0.6329302191734314,3,Highly Engage,0.9562357664108276,3,Highly Engage,0.999879002571106,3,Highly Engage,0.8319315314292908,3,Highly Engage,0.9510759711265564,3,Highly Engage,0.8931896686553955
video7_120_person0,18,0.7908496732026143,0.25162916738782287,0.70351014037927,2,Engage,16,0,0.0,2,0.1111111111111111,16,0.8888888888888888,0,0.0,2,Engage,0.9399056434631348,2,Engage,0.7681435346603394,1,Disengage,1.0,2,Engage,0.8966812491416931,2,Engage,0.6860604882240295,1,Disengage,0.578113317489624,2,Engage,0.7823662161827087,2,Engage,0.5721776485443115,2,Engage,0.4440332949161529,2,Engage,0.926645040512085,2,Engage,0.6404647827148438,2,Engage,0.4462490677833557,2,Engage,0.7984762191772461,2,Engage,0.605003297328949,2,Engage,0.8444707989692688,2,Engage,0.8044999837875366,2,Engage,0.5040103793144226,2,Engage,0.425881564617157
video7_120_person4,18,0.8888888888888888,0.1547717145751626,0.7457688086562686,2,Engage,17,0,0.0,0,0.0,17,0.9444444444444444,1,0.05555555555555555,2,Engage,0.8843962550163269,2,Engage,0.7263426184654236,2,Engage,1.0,2,Engage,0.9092940092086792,2,Engage,0.8560642600059509,2,Engage,0.8176932334899902,2,Engage,0.8361401557922363,3,Highly Engage,0.7292810678482056,2,Engage,0.4784261882305145,2,Engage,0.8708317279815674,2,Engage,0.6877080202102661,2,Engage,0.6170067191123962,2,Engage,0.6160743832588196,2,Engage,0.3922080397605896,2,Engage,0.9996834993362428,2,Engage,0.932636260986328,2,Engage,0.6842095851898193,2,Engage,0.3858425319194793
video7_122_person1,18,1.0,-0.0,0.7284788621796502,2,Engage,18,0,0.0,0,0.0,18,1.0,0,0.0,2,Engage,0.9069005846977234,2,Engage,0.7035598158836365,2,Engage,1.0,2,Engage,0.827074408531189,2,Engage,0.7602861523628235,2,Engage,0.667006254196167,2,Engage,0.7260920405387878,2,Engage,0.5994364023208618,2,Engage,0.4310084879398346,2,Engage,0.8314242959022522,2,Engage,0.6112674474716187,2,Engage,0.564229428768158,2,Engage,0.8156153559684753,2,Engage,0.6858178973197937,2,Engage,0.9467487931251526,2,Engage,0.9577020406723022,2,Engage,0.6463334560394287,2,Engage,0.4321166574954986
video7_122_person4,18,0.47058823529411764,0.6258145836939114,0.6644418951537874,2,Engage,12,0,0.0,3,0.16666666666666666,12,0.6666666666666666,3,0.16666666666666666,2,Engage,0.5500789880752563,3,Highly Engage,0.5659385919570923,2,Engage,1.0,2,Engage,0.8913741707801819,2,Engage,0.8496648073196411,2,Engage,0.5311985611915588,2,Engage,0.834514319896698,1,Disengage,0.5389199256896973,1,Disengage,0.4460355341434479,2,Engage,0.6170840263366699,3,Highly Engage,0.5421746373176575,3,Highly Engage,0.4591193497180938,2,Engage,0.7559849619865417,2,Engage,0.5452538728713989,2,Engage,0.9999516010284424,2,Engage,0.92557555437088,1,Disengage,0.5225456953048706,2,Engage,0.3845395147800445
video7_123_person5,18,0.43137254901960786,0.6498683818476262,0.6101318779918883,2,Engage,11,0,0.0,5,0.2777777777777778,11,0.6111111111111112,2,0.1111111111111111,2,Engage,0.7324775457382202,2,Engage,0.403676688671112,1,Disengage,1.0,2,Engage,0.7624538540840149,3,Highly Engage,0.481855571269989,2,Engage,0.4572347998619079,2,Engage,0.5209068655967712,3,Highly Engage,0.828603208065033,2,Engage,0.4133687615394592,2,Engage,0.7392784357070923,1,Disengage,0.6418057084083557,1,Disengage,0.5866625905036926,2,Engage,0.5456144213676453,1,Disengage,0.5264807343482971,2,Engage,0.5101643204689026,2,Engage,0.9129503965377808,1,Disengage,0.4846903681755066,2,Engage,0.4341495335102081
video7_123_person6,18,0.49673202614379086,0.5674849873019705,0.6262743059131834,2,Engage,12,0,0.0,1,0.05555555555555555,12,0.6666666666666666,5,0.2777777777777778,2,Engage,0.6013175845146179,3,Highly Engage,0.4247700273990631,2,Engage,1.0,3,Highly Engage,0.5913035869598389,3,Highly Engage,0.5253483057022095,2,Engage,0.4339673817157745,2,Engage,0.7437988519668579,2,Engage,0.4559707939624786,1,Disengage,0.445000946521759,2,Engage,0.5545008182525635,3,Highly Engage,0.6977455615997314,3,Highly Engage,0.4697727560997009,2,Engage,0.7888913154602051,2,Engage,0.7691927552223206,2,Engage,0.6641378998756409,2,Engage,0.942285180091858,2,Engage,0.737678587436676,2,Engage,0.4272551536560058
video7_124_person4,18,0.6339869281045751,0.38210225325431013,0.6816845387220383,2,Engage,14,0,0.0,4,0.2222222222222222,14,0.7777777777777778,0,0.0,2,Engage,0.7751336693763733,2,Engage,0.640598475933075,1,Disengage,1.0,2,Engage,0.9534326195716858,2,Engage,0.9394058585166932,2,Engage,0.534437358379364,2,Engage,0.8449195623397827,2,Engage,0.6756175756454468,2,Engage,0.4149013459682464,2,Engage,0.7916363477706909,2,Engage,0.54522705078125,2,Engage,0.435563325881958,1,Disengage,0.5353248119354248,2,Engage,0.4918117523193359,2,Engage,0.707989513874054,2,Engage,0.8048091530799866,1,Disengage,0.7918541431427002,1,Disengage,0.3876591324806213
video7_125_person6,18,0.6078431372549019,0.4932133643654213,0.6732538392146429,2,Engage,14,0,0.0,2,0.1111111111111111,14,0.7777777777777778,2,0.1111111111111111,2,Engage,0.7434992790222168,2,Engage,0.4592825174331665,2,Engage,1.0,2,Engage,0.907137393951416,2,Engage,0.6576720476150513,2,Engage,0.6329617500305176,2,Engage,0.8577278256416321,3,Highly Engage,0.6862168908119202,3,Highly Engage,0.4999237060546875,2,Engage,0.8462077379226685,2,Engage,0.579239010810852,2,Engage,0.41804900765419,2,Engage,0.6899945139884949,2,Engage,0.5778697729110718,1,Disengage,0.5846313238143921,2,Engage,0.9072009921073914,2,Engage,0.6520879864692688,1,Disengage,0.4188673496246338
video7_12_person1,18,0.8888888888888888,0.1547717145751626,0.7790829671753777,2,Engage,17,0,0.0,1,0.05555555555555555,17,0.9444444444444444,0,0.0,2,Engage,0.8946890234947205,2,Engage,0.582453727722168,1,Disengage,1.0,2,Engage,0.9682433009147644,2,Engage,0.8785547018051147,2,Engage,0.6550304889678955,2,Engage,0.8477528095245361,2,Engage,0.6527567505836487,2,Engage,0.3679125607013702,2,Engage,0.92183256149292,2,Engage,0.6369206309318542,2,Engage,0.5928680896759033,2,Engage,0.9951744675636292,2,Engage,0.9705402255058287,2,Engage,0.9986091256141664,2,Engage,0.9984978437423706,2,Engage,0.6148078441619873,2,Engage,0.4468492567539215
video7_12_person5,18,0.5490196078431373,0.5264703802813174,0.665805470612314,2,Engage,13,0,0.0,4,0.2222222222222222,13,0.7222222222222222,1,0.05555555555555555,2,Engage,0.6889995336532593,3,Highly Engage,0.4023614227771759,2,Engage,0.9999995231628418,2,Engage,0.8420509099960327,1,Disengage,0.81400066614151,1,Disengage,0.5460577607154846,2,Engage,0.8979233503341675,2,Engage,0.6694520115852356,2,Engage,0.4084565937519073,2,Engage,0.8527005314826965,2,Engage,0.6931779384613037,2,Engage,0.4700638949871063,2,Engage,0.6230901479721069,1,Disengage,0.3128173947334289,2,Engage,0.7410960793495178,2,Engage,0.773797869682312,1,Disengage,0.8317481875419617,2,Engage,0.4167046546936035
video7_12_person6,18,0.47058823529411764,0.5,0.6211921042866178,1,Disengage,9,0,0.0,9,0.5,9,0.5,0,0.0,2,Engage,0.5724044442176819,1,Disengage,0.532588541507721,2,Engage,1.0,2,Engage,0.6415809392929077,1,Disengage,0.6539745926856995,1,Disengage,0.4730687439441681,2,Engage,0.5779138803482056,2,Engage,0.4611399471759796,1,Disengage,0.5110036730766296,2,Engage,0.6332457661628723,2,Engage,0.5090222358703613,1,Disengage,0.4763948321342468,2,Engage,0.5142501592636108,1,Disengage,0.6652888059616089,1,Disengage,0.9882727265357972,2,Engage,0.6927759051322937,1,Disengage,0.8585385680198669,1,Disengage,0.4199941158294678
video7_130_person5,18,0.7908496732026143,0.25162916738782287,0.6950620263814926,2,Engage,16,0,0.0,0,0.0,16,0.8888888888888888,2,0.1111111111111111,2,Engage,0.9439696669578552,2,Engage,0.6559092998504639,2,Engage,1.0,2,Engage,0.9007283449172974,2,Engage,0.6388412714004517,3,Highly Engage,0.6085985898971558,2,Engage,0.8025169968605042,3,Highly Engage,0.4942054152488708,2,Engage,0.4816757142543793,2,Engage,0.902898609638214,2,Engage,0.630587637424469,2,Engage,0.4864670038223266,2,Engage,0.7998454570770264,2,Engage,0.5536747574806213,2,Engage,0.5266823768615723,2,Engage,0.9842590093612672,2,Engage,0.6645655035972595,2,Engage,0.4356908202171325
video7_131_person2,18,0.477124183006536,0.6121972227029931,0.675527509715822,1,Disengage,12,4,0.2222222222222222,12,0.6666666666666666,2,0.1111111111111111,0,0.0,1,Disengage,0.7024419903755188,1,Disengage,0.689907968044281,1,Disengage,1.0,1,Disengage,0.7428920865058899,0,Highly Disengage,0.5342158079147339,0,Highly Disengage,0.4591802060604095,2,Engage,0.482759565114975,2,Engage,0.601525604724884,1,Disengage,0.5125013589859009,1,Disengage,0.5916693210601807,1,Disengage,0.8960719704627991,1,Disengage,0.6944693922996521,1,Disengage,0.5144959092140198,1,Disengage,0.7589825987815857,0,Highly Disengage,0.8840593695640564,1,Disengage,0.6486257314682007,1,Disengage,0.8294256925582886,0,Highly Disengage,0.6162706017494202
video7_131_person6,18,0.477124183006536,0.6121972227029931,0.6534508599175347,2,Engage,12,0,0.0,2,0.1111111111111111,12,0.6666666666666666,4,0.2222222222222222,2,Engage,0.6917628049850464,2,Engage,0.4408215284347534,2,Engage,1.0,2,Engage,0.7780351042747498,2,Engage,0.5739438533782959,2,Engage,0.7540009617805481,2,Engage,0.8151076436042786,1,Disengage,0.6806269884109497,1,Disengage,0.4844180345535278,2,Engage,0.6306567192077637,3,Highly Engage,0.7737358212471008,3,Highly Engage,0.7447507977485657,2,Engage,0.4841975271701813,2,Engage,0.6241886615753174,2,Engage,0.7421063780784607,2,Engage,0.4659477472305298,3,Highly Engage,0.6429574489593506,3,Highly Engage,0.4348574578762054
video7_132_person1,18,0.477124183006536,0.4955380299191111,0.7163901378711065,2,Engage,10,0,0.0,0,0.0,10,0.5555555555555556,8,0.4444444444444444,2,Engage,0.6046751141548157,3,Highly Engage,0.6396936178207397,3,Highly Engage,1.0,2,Engage,0.7554388046264648,2,Engage,0.8389609456062317,2,Engage,0.8395582437515259,3,Highly Engage,0.4887199401855469,3,Highly Engage,0.5164139866828918,3,Highly Engage,0.7788466215133667,2,Engage,0.7912682890892029,3,Highly Engage,0.5075953602790833,3,Highly Engage,0.6374626159667969,2,Engage,0.8217533826828003,2,Engage,0.7485268712043762,2,Engage,0.9820479154586792,2,Engage,0.9493946433067322,2,Engage,0.5118306875228882,3,Highly Engage,0.482835441827774
video7_133_person7,18,0.5751633986928104,0.4262025893247393,0.7315151145060858,2,Engage,13,0,0.0,0,0.0,13,0.7222222222222222,5,0.2777777777777778,2,Engage,0.957488477230072,2,Engage,0.5075552463531494,2,Engage,1.0,2,Engage,0.923831582069397,2,Engage,0.935378074645996,2,Engage,0.9341427087783812,2,Engage,0.8220385909080505,3,Highly Engage,0.6530574560165405,3,Highly Engage,0.4547845423221588,2,Engage,0.7329759001731873,2,Engage,0.4952128231525421,3,Highly Engage,0.510093092918396,2,Engage,0.8632299304008484,2,Engage,0.6757932305335999,2,Engage,0.5296902656555176,2,Engage,0.9896951913833618,3,Highly Engage,0.7673283219337463,3,Highly Engage,0.4149766266345978
video7_134_person6,18,0.477124183006536,0.4955380299191111,0.7069772912396325,2,Engage,10,0,0.0,0,0.0,10,0.5555555555555556,8,0.4444444444444444,2,Engage,0.6118617057800293,3,Highly Engage,0.5216037034988403,3,Highly Engage,1.0,2,Engage,0.6358999013900757,3,Highly Engage,0.6112768054008484,2,Engage,0.5489956140518188,2,Engage,0.7420020699501038,3,Highly Engage,0.8084830045700073,3,Highly Engage,0.8155305981636047,3,Highly Engage,0.4980096518993377,3,Highly Engage,0.7230842113494873,3,Highly Engage,0.8130356073379517,2,Engage,0.8194226026535034,2,Engage,0.6980618834495544,2,Engage,0.7258318662643433,2,Engage,0.9409189820289612,2,Engage,0.7940757274627686,2,Engage,0.417497307062149
video7_135_person1,18,0.49673202614379086,0.4820393824041145,0.6363141354587343,1,Disengage,11,0,0.0,11,0.6111111111111112,7,0.3888888888888889,0,0.0,2,Engage,0.8400512337684631,1,Disengage,0.5095241665840149,1,Disengage,1.0,2,Engage,0.8924268484115601,1,Disengage,0.5183509588241577,1,Disengage,0.5099642872810364,2,Engage,0.6933436393737793,1,Disengage,0.6738473176956177,1,Disengage,0.3918947875499725,2,Engage,0.8099316358566284,2,Engage,0.477365642786026,1,Disengage,0.4340249300003052,2,Engage,0.4840591251850128,1,Disengage,0.8322864174842834,1,Disengage,0.5269824862480164,2,Engage,0.8873754143714905,1,Disengage,0.5559156537055969,1,Disengage,0.4163098931312561
video7_137_person6,18,0.43137254901960786,0.6498683818476262,0.7088009152147505,2,Engage,11,0,0.0,2,0.1111111111111111,11,0.6111111111111112,5,0.2777777777777778,2,Engage,0.6328634023666382,3,Highly Engage,0.8947119116783142,3,Highly Engage,1.0,2,Engage,0.7091501355171204,2,Engage,0.6485081911087036,3,Highly Engage,0.4677233099937439,2,Engage,0.7762741446495056,1,Disengage,0.6713074445724487,2,Engage,0.439432680606842,2,Engage,0.6277062296867371,3,Highly Engage,0.8066117167472839,3,Highly Engage,0.8850634098052979,2,Engage,0.7545042037963867,2,Engage,0.667327344417572,1,Disengage,0.838400661945343,2,Engage,0.9122194647789,2,Engage,0.6400479078292847,2,Engage,0.3865643143653869
video7_13_person1,18,0.6143790849673203,0.4722442670831027,0.7362644506825341,2,Engage,14,0,0.0,3,0.16666666666666666,14,0.7777777777777778,1,0.05555555555555555,2,Engage,0.6943917870521545,1,Disengage,0.5481427907943726,1,Disengage,1.0,2,Engage,0.8016670346260071,2,Engage,0.5610361695289612,1,Disengage,0.4878767132759094,2,Engage,0.7927533388137817,2,Engage,0.8021419644355774,3,Highly Engage,0.6522906422615051,2,Engage,0.9000119566917419,2,Engage,0.5617884993553162,2,Engage,0.5032798051834106,2,Engage,0.981808602809906,2,Engage,0.8958098292350769,2,Engage,0.994840919971466,2,Engage,0.9934040904045104,2,Engage,0.6380098462104797,2,Engage,0.443506121635437
video7_13_person8,18,0.6928104575163399,0.40153586366205124,0.7666129105620914,0,Highly Disengage,15,15,0.8333333333333334,2,0.1111111111111111,1,0.05555555555555555,0,0.0,1,Disengage,0.4036977291107178,0,Highly Disengage,0.9969197511672974,1,Disengage,1.0,0,Highly Disengage,0.6315762400627136,0,Highly Disengage,0.9963001608848572,0,Highly Disengage,0.9935030341148376,0,Highly Disengage,0.5768536329269409,0,Highly Disengage,0.9914154410362244,0,Highly Disengage,0.9657590389251708,2,Engage,0.426006019115448,0,Highly Disengage,0.6470937132835388,0,Highly Disengage,0.3533148169517517,0,Highly Disengage,0.4905388057231903,0,Highly Disengage,0.9604253768920898,0,Highly Disengage,0.999995231628418,0,Highly Disengage,0.4338060319423675,0,Highly Disengage,0.9910585284233092,0,Highly Disengage,0.940768837928772
video7_142_person10,18,0.41830065359477125,0.6736115199663301,0.7143992880980173,0,Highly Disengage,11,11,0.6111111111111112,4,0.2222222222222222,3,0.16666666666666666,0,0.0,0,Highly Disengage,0.508580207824707,1,Disengage,0.4494480490684509,1,Disengage,1.0,0,Highly Disengage,0.7026090025901794,0,Highly Disengage,0.7160734534263611,0,Highly Disengage,0.9845991134643556,2,Engage,0.8224101066589355,2,Engage,0.6342586874961853,2,Engage,0.5346627235412598,0,Highly Disengage,0.5836424827575684,0,Highly Disengage,0.8331929445266724,0,Highly Disengage,0.6289803385734558,1,Disengage,0.5117103457450867,0,Highly Disengage,0.8618521690368652,0,Highly Disengage,0.9941624999046326,1,Disengage,0.6903159618377686,0,Highly Disengage,0.553170919418335,0,Highly Disengage,0.8495181798934937
video7_144_person1,18,0.35294117647058826,0.7295739585136225,0.714857891201973,3,Highly Engage,9,0,0.0,3,0.16666666666666666,6,0.3333333333333333,9,0.5,3,Highly Engage,0.5478193163871765,3,Highly Engage,0.8359219431877136,2,Engage,1.0,2,Engage,0.7704307436943054,3,Highly Engage,0.6972134709358215,3,Highly Engage,0.7175967693328857,2,Engage,0.740558385848999,3,Highly Engage,0.6056251525878906,3,Highly Engage,0.7545060515403748,3,Highly Engage,0.629910945892334,3,Highly Engage,0.9089219570159912,3,Highly Engage,0.9074331521987916,2,Engage,0.5829662680625916,1,Disengage,0.5615547299385071,1,Disengage,0.7794175744056702,2,Engage,0.7657884955406189,1,Disengage,0.628286600112915,2,Engage,0.4334904849529266
video7_145_person5,18,1.0,-0.0,0.8456918845574061,3,Highly Engage,18,0,0.0,0,0.0,0,0.0,18,1.0,3,Highly Engage,0.7228429317474365,3,Highly Engage,0.9619697332382202,3,Highly Engage,1.0,3,Highly Engage,0.8518166542053223,3,Highly Engage,0.977395474910736,3,Highly Engage,0.8997952938079834,3,Highly Engage,0.6751722693443298,3,Highly Engage,0.8811434507369995,3,Highly Engage,0.8456000685691833,3,Highly Engage,0.4984237849712372,3,Highly Engage,0.8181686401367188,3,Highly Engage,0.8586987853050232,3,Highly Engage,0.901443898677826,3,Highly Engage,0.8049153685569763,3,Highly Engage,0.9998416900634766,3,Highly Engage,0.5536593794822693,3,Highly Engage,0.994761288166046,3,Highly Engage,0.9768052101135254
video7_146_person4,18,0.5751633986928104,0.4262025893247393,0.6900672101312213,2,Engage,13,0,0.0,0,0.0,13,0.7222222222222222,5,0.2777777777777778,2,Engage,0.5230795741081238,3,Highly Engage,0.7526522278785706,2,Engage,1.0,2,Engage,0.5384572744369507,3,Highly Engage,0.6715190410614014,3,Highly Engage,0.737675666809082,2,Engage,0.8656856417655945,3,Highly Engage,0.758177638053894,2,Engage,0.4631258547306061,2,Engage,0.8991580605506897,2,Engage,0.5736748576164246,3,Highly Engage,0.6621881723403931,2,Engage,0.6743138432502747,2,Engage,0.4457980990409851,2,Engage,0.9992058873176576,2,Engage,0.7998729348182678,2,Engage,0.6652970314025879,2,Engage,0.3913279771804809
video7_146_person5,18,0.5294117647058824,0.4591479170272447,0.6826735304461585,3,Highly Engage,12,0,0.0,0,0.0,6,0.3333333333333333,12,0.6666666666666666,2,Engage,0.703577995300293,2,Engage,0.4227233827114105,3,Highly Engage,1.0,2,Engage,0.8419360518455505,3,Highly Engage,0.7670720815658569,3,Highly Engage,0.538146436214447,2,Engage,0.7828893065452576,3,Highly Engage,0.7098401188850403,3,Highly Engage,0.647832989692688,2,Engage,0.7970830202102661,3,Highly Engage,0.5859455466270447,3,Highly Engage,0.7037851214408875,2,Engage,0.6478320956230164,3,Highly Engage,0.5047638416290283,3,Highly Engage,0.6890703439712524,3,Highly Engage,0.4826704561710357,3,Highly Engage,0.7986935377120972,3,Highly Engage,0.6642612218856812
video7_147_person4,18,0.45751633986928103,0.7023392365317855,0.6826567964421378,3,Highly Engage,12,1,0.05555555555555555,2,0.1111111111111111,3,0.16666666666666666,12,0.6666666666666666,3,Highly Engage,0.4956541359424591,3,Highly Engage,0.6511211395263672,2,Engage,1.0,2,Engage,0.7481997013092041,3,Highly Engage,0.6258028149604797,3,Highly Engage,0.562131941318512,1,Disengage,0.6230896711349487,0,Highly Disengage,0.4866728186607361,1,Disengage,0.5570939183235168,2,Engage,0.6205207705497742,3,Highly Engage,0.8767346739768982,3,Highly Engage,0.9061551690101624,3,Highly Engage,0.4326652884483337,3,Highly Engage,0.8118676543235779,3,Highly Engage,0.8676584959030151,3,Highly Engage,0.6352396607398987,3,Highly Engage,0.7914145588874817,3,Highly Engage,0.5957999229431152
video7_148_person7,18,0.8888888888888888,0.1547717145751626,0.7829680244127909,2,Engage,17,0,0.0,1,0.05555555555555555,17,0.9444444444444444,0,0.0,2,Engage,0.9821520447731018,2,Engage,0.7901241183280945,2,Engage,1.0,2,Engage,0.9753437638282776,2,Engage,0.9585826992988586,2,Engage,0.9585404992103576,2,Engage,0.8306109309196472,2,Engage,0.732825756072998,2,Engage,0.5015465021133423,2,Engage,0.8882991075515747,2,Engage,0.6376550793647766,2,Engage,0.4737358689308166,2,Engage,0.8732362985610962,2,Engage,0.7605592608451843,1,Disengage,0.5687350034713745,2,Engage,0.9699153900146484,2,Engage,0.7800049781799316,2,Engage,0.411557137966156
video7_14_person1,18,0.3790849673202614,0.7076344750135478,0.6462173528141446,2,Engage,10,0,0.0,3,0.16666666666666666,10,0.5555555555555556,5,0.2777777777777778,1,Disengage,0.4806682467460632,2,Engage,0.7194443345069885,1,Disengage,1.0,2,Engage,0.9150320887565612,1,Disengage,0.5733561515808105,2,Engage,0.4617229402065277,2,Engage,0.4814319014549255,3,Highly Engage,0.8559338450431824,3,Highly Engage,0.7817564010620117,2,Engage,0.8425679206848145,2,Engage,0.4738005399703979,2,Engage,0.5010676980018616,2,Engage,0.5371138453483582,3,Highly Engage,0.6161337494850159,3,Highly Engage,0.3858447670936584,2,Engage,0.9159690737724304,3,Highly Engage,0.6542441248893738,2,Engage,0.4358247220516205
video7_14_person4,18,0.7843137254901961,0.30718472294337845,0.708356026146147,2,Engage,16,0,0.0,1,0.05555555555555555,16,0.8888888888888888,1,0.05555555555555555,2,Engage,0.8724961280822754,2,Engage,0.4722608923912048,1,Disengage,0.9999996423721312,2,Engage,0.9280874133110046,2,Engage,0.968377411365509,2,Engage,0.6980941891670227,2,Engage,0.824828028678894,2,Engage,0.6428502202033997,2,Engage,0.4172990918159485,2,Engage,0.8737618923187256,2,Engage,0.5099008083343506,2,Engage,0.4708690941333771,2,Engage,0.7585159540176392,3,Highly Engage,0.4586795270442962,2,Engage,0.9999781847000122,2,Engage,0.9224082827568054,2,Engage,0.5474246740341187,2,Engage,0.3845770359039306
video7_14_person7,18,0.5751633986928104,0.4262025893247393,0.7741669350200229,2,Engage,13,0,0.0,5,0.2777777777777778,13,0.7222222222222222,0,0.0,2,Engage,0.7964383363723755,2,Engage,0.853803813457489,1,Disengage,1.0,2,Engage,0.9816569089889526,2,Engage,0.9513245820999146,1,Disengage,0.5786364078521729,2,Engage,0.9275233149528505,1,Disengage,0.4920478463172912,1,Disengage,0.4603306949138641,2,Engage,0.9342175126075744,2,Engage,0.6333225965499878,2,Engage,0.551898181438446,2,Engage,0.8387694358825684,2,Engage,0.9168983697891236,2,Engage,0.9754140973091124,2,Engage,0.9861996173858644,2,Engage,0.707088053226471,1,Disengage,0.3494350612163543
video7_152_person2,18,0.5751633986928104,0.4262025893247393,0.8167680717176862,0,Highly Disengage,13,13,0.7222222222222222,5,0.2777777777777778,0,0.0,0,0.0,1,Disengage,0.4611652195453644,0,Highly Disengage,0.5380746722221375,1,Disengage,1.0,0,Highly Disengage,0.8673349022865295,0,Highly Disengage,0.9428974390029908,0,Highly Disengage,0.9999709129333496,1,Disengage,0.5928771495819092,0,Highly Disengage,0.8347368836402893,0,Highly Disengage,0.8929821252822876,0,Highly Disengage,0.5535780191421509,0,Highly Disengage,0.8638139963150024,0,Highly Disengage,0.9834290146827698,1,Disengage,0.6990182995796204,0,Highly Disengage,0.9508681297302246,0,Highly Disengage,0.9960169196128844,1,Disengage,0.7049936652183533,0,Highly Disengage,0.9436593651771544,0,Highly Disengage,0.876408576965332
video7_153_person4,18,0.7908496732026143,0.25162916738782287,0.7978328797552321,2,Engage,16,0,0.0,2,0.1111111111111111,16,0.8888888888888888,0,0.0,2,Engage,0.9455249905586244,2,Engage,0.8250448703765869,2,Engage,1.0,2,Engage,0.9895259141921996,2,Engage,0.9955340623855592,2,Engage,0.952548623085022,2,Engage,0.8480988144874573,2,Engage,0.7195115089416504,2,Engage,0.3915943205356598,2,Engage,0.964836597442627,2,Engage,0.8346888422966003,2,Engage,0.6532748937606812,2,Engage,0.7509296536445618,2,Engage,0.591840922832489,2,Engage,0.9966789484024048,2,Engage,0.9691452383995056,1,Disengage,0.5528345704078674,1,Disengage,0.3793790638446808
video7_153_person7,18,0.7908496732026143,0.25162916738782287,0.76794490383731,2,Engage,16,0,0.0,2,0.1111111111111111,16,0.8888888888888888,0,0.0,2,Engage,0.9340261816978456,2,Engage,0.5128203630447388,2,Engage,1.0,2,Engage,0.9133493900299072,2,Engage,0.9814510345458984,2,Engage,0.8083845973014832,2,Engage,0.8577333092689514,2,Engage,0.5723732113838196,2,Engage,0.5491032004356384,2,Engage,0.8405948877334595,1,Disengage,0.4995704889297485,1,Disengage,0.5975380539894104,2,Engage,0.9144863486289978,2,Engage,0.9534657597541808,2,Engage,0.8070577383041382,2,Engage,0.9696705341339112,2,Engage,0.6909480094909668,2,Engage,0.4204351603984833
video7_154_person0,18,0.39869281045751637,0.6758220575766961,0.6418812341160245,1,Disengage,10,2,0.1111111111111111,10,0.5555555555555556,6,0.3333333333333333,0,0.0,2,Engage,0.6633625626564026,1,Disengage,0.4889360964298248,1,Disengage,1.0,2,Engage,0.5410619378089905,1,Disengage,0.4879830479621887,1,Disengage,0.7741315364837646,2,Engage,0.6465361714363098,0,Highly Disengage,0.4095138311386108,2,Engage,0.4377895295619964,2,Engage,0.7631892561912537,1,Disengage,0.5179671049118042,1,Disengage,0.6510946154594421,1,Disengage,0.6674540638923645,1,Disengage,0.5052988529205322,1,Disengage,0.7194992899894714,2,Engage,0.7073307037353516,1,Disengage,0.8259977698326111,0,Highly Disengage,0.7467158436775208
video7_154_person1,18,0.8888888888888888,0.1547717145751626,0.7461289995246463,2,Engage,17,0,0.0,1,0.05555555555555555,17,0.9444444444444444,0,0.0,2,Engage,0.8539499044418335,2,Engage,0.8195695281028748,1,Disengage,0.9941153526306152,2,Engage,0.8548714518547058,2,Engage,0.7894202470779419,2,Engage,0.6973840594291687,2,Engage,0.8226587176322937,2,Engage,0.6919001340866089,2,Engage,0.4735794365406036,2,Engage,0.9286941289901732,2,Engage,0.7011198997497559,2,Engage,0.6457125544548035,2,Engage,0.5909751653671265,2,Engage,0.5040795207023621,2,Engage,0.9300426244735718,2,Engage,0.8923043012619019,2,Engage,0.8039501309394836,2,Engage,0.4359948337078094
video7_154_person6,18,0.6339869281045751,0.38210225325431013,0.6669599645667605,2,Engage,14,0,0.0,0,0.0,14,0.7777777777777778,4,0.2222222222222222,2,Engage,0.5911704301834106,3,Highly Engage,0.6458874940872192,3,Highly Engage,1.0,2,Engage,0.778551459312439,2,Engage,0.696619987487793,2,Engage,0.5159800052642822,2,Engage,0.7990648150444031,3,Highly Engage,0.8382536768913269,2,Engage,0.4352785348892212,2,Engage,0.5367853045463562,3,Highly Engage,0.633919894695282,2,Engage,0.507910430431366,2,Engage,0.5684372186660767,2,Engage,0.7974392771720886,2,Engage,0.5374035239219666,2,Engage,0.9514610767364502,2,Engage,0.7495255470275879,2,Engage,0.4215906858444214
video7_155_person7,18,0.7843137254901961,0.30718472294337845,0.7302971399492688,2,Engage,16,0,0.0,1,0.05555555555555555,16,0.8888888888888888,1,0.05555555555555555,2,Engage,0.9094130396842957,2,Engage,0.5560982823371887,2,Engage,1.0,2,Engage,0.874309778213501,2,Engage,0.980500340461731,2,Engage,0.815179169178009,2,Engage,0.8432250022888184,2,Engage,0.5951073169708252,2,Engage,0.5438041687011719,2,Engage,0.7896186113357544,2,Engage,0.5137125253677368,1,Disengage,0.5926864147186279,2,Engage,0.9288777709007264,2,Engage,0.5499723553657532,2,Engage,0.6281895637512207,2,Engage,0.9791698455810548,2,Engage,0.6256194710731506,3,Highly Engage,0.4198648631572723
video7_156_person5,18,0.8888888888888888,0.1547717145751626,0.7120149549510744,2,Engage,17,0,0.0,0,0.0,17,0.9444444444444444,1,0.05555555555555555,2,Engage,0.9042515754699708,2,Engage,0.4391595423221588,2,Engage,1.0,2,Engage,0.9125586748123168,2,Engage,0.8230026960372925,2,Engage,0.8780907988548279,2,Engage,0.9089396595954896,2,Engage,0.5984782576560974,2,Engage,0.4954524338245392,2,Engage,0.8977612257003784,2,Engage,0.4833028316497803,3,Highly Engage,0.5597650408744812,2,Engage,0.7722547650337219,2,Engage,0.5990341305732727,2,Engage,0.647951066493988,2,Engage,0.7873832583427429,2,Engage,0.6885945200920105,2,Engage,0.4202887117862701
video7_157_person10,18,0.43137254901960786,0.6163301284079103,0.6360844473044077,2,Engage,10,1,0.05555555555555555,7,0.3888888888888889,10,0.5555555555555556,0,0.0,2,Engage,0.620703399181366,1,Disengage,0.5189542770385742,1,Disengage,1.0,2,Engage,0.9057040214538574,2,Engage,0.749011218547821,2,Engage,0.4927580058574676,2,Engage,0.5018654465675354,1,Disengage,0.5978057980537415,2,Engage,0.4848183393478393,2,Engage,0.568598747253418,1,Disengage,0.560466468334198,1,Disengage,0.8272424340248108,2,Engage,0.5945517420768738,1,Disengage,0.4207974374294281,2,Engage,0.6556575298309326,2,Engage,0.7198027968406677,1,Disengage,0.7627807259559631,0,Highly Disengage,0.4680016636848449
video7_159_person10,18,0.5751633986928104,0.4262025893247393,0.692939140730434,2,Engage,13,0,0.0,5,0.2777777777777778,13,0.7222222222222222,0,0.0,2,Engage,0.6212528347969055,1,Disengage,0.5276564359664917,1,Disengage,1.0,2,Engage,0.9295110702514648,2,Engage,0.8693822026252747,2,Engage,0.6124990582466125,2,Engage,0.5025435090065002,1,Disengage,0.5771940350532532,2,Engage,0.5060627460479736,2,Engage,0.8788866996765137,2,Engage,0.6530623435974121,2,Engage,0.648806631565094,2,Engage,0.685570240020752,2,Engage,0.4856493175029754,2,Engage,0.98307204246521,2,Engage,0.9359657764434814,1,Disengage,0.625242292881012,1,Disengage,0.430547297000885
video7_159_person6,18,0.49673202614379086,0.4820393824041145,0.6834176629781723,2,Engage,11,0,0.0,7,0.3888888888888889,11,0.6111111111111112,0,0.0,2,Engage,0.8193235993385315,2,Engage,0.4940764605998993,2,Engage,1.0,2,Engage,0.5171148777008057,1,Disengage,0.7669364809989929,1,Disengage,0.742780864238739,2,Engage,0.7461893558502197,1,Disengage,0.7330907583236694,1,Disengage,0.4232661128044128,2,Engage,0.7622830867767334,2,Engage,0.6287569403648376,2,Engage,0.6112115383148193,1,Disengage,0.5795540809631348,1,Disengage,0.6819229125976562,1,Disengage,0.8498601913452148,2,Engage,0.7748511433601379,2,Engage,0.7476192116737366,2,Engage,0.4226803183555603
video7_15_person5,18,0.7908496732026143,0.25162916738782287,0.7286311835050583,2,Engage,16,0,0.0,0,0.0,16,0.8888888888888888,2,0.1111111111111111,2,Engage,0.8761240243911743,2,Engage,0.4209031462669372,2,Engage,1.0,2,Engage,0.9840391278266908,2,Engage,0.8821451663970947,2,Engage,0.5477722883224487,2,Engage,0.9105746746063232,2,Engage,0.7650797367095947,3,Highly Engage,0.4963153600692749,2,Engage,0.9283430576324464,2,Engage,0.5882337689399719,2,Engage,0.5322371125221252,2,Engage,0.8130676746368408,2,Engage,0.6694478988647461,2,Engage,0.6695433259010315,2,Engage,0.9311047196388244,2,Engage,0.668199360370636,3,Highly Engage,0.4322308599948883
video7_15_person8,18,0.37254901960784315,0.7177602521413333,0.7541451189253066,0,Highly Disengage,10,10,0.5555555555555556,4,0.2222222222222222,4,0.2222222222222222,0,0.0,2,Engage,0.446774810552597,1,Disengage,0.5161667466163635,1,Disengage,1.0,2,Engage,0.7155861854553223,0,Highly Disengage,0.8498939275741577,0,Highly Disengage,0.872366189956665,0,Highly Disengage,0.5390520095825195,0,Highly Disengage,0.9846060276031494,0,Highly Disengage,0.958842396736145,2,Engage,0.7210420370101929,1,Disengage,0.5449203848838806,2,Engage,0.5441811084747314,0,Highly Disengage,0.6221179366111755,0,Highly Disengage,0.9057893753051758,0,Highly Disengage,0.9999977350234984,1,Disengage,0.4583723247051239,0,Highly Disengage,0.9802520871162416,0,Highly Disengage,0.914650857448578
video7_160_person1,18,1.0,-0.0,0.8161597351233164,2,Engage,18,0,0.0,0,0.0,18,1.0,0,0.0,2,Engage,0.9672459959983826,2,Engage,0.645696222782135,2,Engage,1.0,2,Engage,0.9889305233955384,2,Engage,0.989967942237854,2,Engage,0.8635908365249634,2,Engage,0.9076637029647828,2,Engage,0.7403020262718201,2,Engage,0.4847416281700134,2,Engage,0.8125160932540894,2,Engage,0.6532378196716309,2,Engage,0.5827548503875732,2,Engage,0.9439688920974731,2,Engage,0.9668461084365844,2,Engage,0.9657544493675232,2,Engage,0.9683881402015686,2,Engage,0.8107006549835205,2,Engage,0.3985693454742431
video7_164_person5,18,0.6339869281045751,0.38210225325431013,0.7814738618002998,3,Highly Engage,14,0,0.0,0,0.0,4,0.2222222222222222,14,0.7777777777777778,2,Engage,0.5061162114143372,3,Highly Engage,0.8563672304153442,3,Highly Engage,1.0,2,Engage,0.639229416847229,3,Highly Engage,0.8669978380203247,3,Highly Engage,0.6048821806907654,3,Highly Engage,0.7382622957229614,3,Highly Engage,0.8838198184967041,3,Highly Engage,0.8572915196418762,2,Engage,0.7950680255889893,2,Engage,0.5331977605819702,3,Highly Engage,0.6270895004272461,3,Highly Engage,0.7221956253051758,3,Highly Engage,0.867313802242279,3,Highly Engage,0.994190752506256,3,Highly Engage,0.8285146355628967,3,Highly Engage,0.8635281920433044,3,Highly Engage,0.8824647068977356
video7_165_person7,18,0.7058823529411765,0.32501121082417705,0.7551634179221259,2,Engage,15,0,0.0,0,0.0,15,0.8333333333333334,3,0.16666666666666666,2,Engage,0.9715306162834167,2,Engage,0.7757992148399353,2,Engage,1.0,2,Engage,0.9673439860343932,2,Engage,0.906076431274414,2,Engage,0.8570805191993713,2,Engage,0.8628330826759338,2,Engage,0.6483845114707947,2,Engage,0.4812080860137939,2,Engage,0.941598653793335,2,Engage,0.7321704030036926,2,Engage,0.6020237803459167,2,Engage,0.7353052496910095,2,Engage,0.4752319455146789,2,Engage,0.5486471056938171,3,Highly Engage,0.7598424553871155,3,Highly Engage,0.7520864009857178,3,Highly Engage,0.5757790803909302
video7_166_person10,18,0.6078431372549019,0.4932133643654213,0.6841494821839862,1,Disengage,14,2,0.1111111111111111,14,0.7777777777777778,2,0.1111111111111111,0,0.0,2,Engage,0.4956507384777069,1,Disengage,0.7048149108886719,1,Disengage,1.0,1,Disengage,0.8651427030563354,1,Disengage,0.8492212295532227,1,Disengage,0.7572663426399231,1,Disengage,0.7082487940788269,1,Disengage,0.7126566171646118,2,Engage,0.4317481219768524,1,Disengage,0.7689428329467773,1,Disengage,0.7593041062355042,1,Disengage,0.6892622113227844,1,Disengage,0.5433544516563416,1,Disengage,0.4494353234767914,0,Highly Disengage,0.872361958026886,1,Disengage,0.6465221643447876,1,Disengage,0.6249129772186279,0,Highly Disengage,0.4358451962471008
video7_167_person10,18,0.40522875816993464,0.7501361728042042,0.6181608140468597,2,Engage,11,1,0.05555555555555555,4,0.2222222222222222,11,0.6111111111111112,2,0.1111111111111111,2,Engage,0.6105940341949463,2,Engage,0.6114704012870789,2,Engage,1.0,2,Engage,0.5852994918823242,3,Highly Engage,0.5304438471794128,2,Engage,0.3304816782474518,2,Engage,0.7162423729896545,2,Engage,0.5250040888786316,2,Engage,0.4304525554180145,2,Engage,0.8060096502304077,2,Engage,0.5456194281578064,3,Highly Engage,0.3884277939796448,1,Disengage,0.5656222105026245,1,Disengage,0.5356599688529968,0,Highly Disengage,0.9912007451057434,2,Engage,0.8270540237426758,1,Disengage,0.6825444102287292,1,Disengage,0.444767951965332
video7_16_person1,18,0.5490196078431373,0.5264703802813174,0.7625256776809692,2,Engage,13,0,0.0,4,0.2222222222222222,13,0.7222222222222222,1,0.05555555555555555,2,Engage,0.7088308334350586,1,Disengage,0.5674898028373718,1,Disengage,1.0,2,Engage,0.9993754029273988,2,Engage,0.9973932504653932,2,Engage,0.7571837902069092,2,Engage,0.8523438572883606,1,Disengage,0.5081769824028015,3,Highly Engage,0.4212831258773803,2,Engage,0.7905951142311096,1,Disengage,0.5205153226852417,2,Engage,0.526485800743103,2,Engage,0.9669086933135986,2,Engage,0.8773202300071716,2,Engage,0.9839739203453064,2,Engage,0.994201362133026,2,Engage,0.8214511871337891,2,Engage,0.4319335222244262
video7_172_person0,18,0.39869281045751637,0.6758220575766962,0.6148589534891976,2,Engage,10,0,0.0,6,0.3333333333333333,10,0.5555555555555556,2,0.1111111111111111,2,Engage,0.8211843371391296,2,Engage,0.6153827905654907,1,Disengage,1.0,2,Engage,0.7261255979537964,2,Engage,0.563788890838623,1,Disengage,0.4879279732704162,2,Engage,0.783522367477417,3,Highly Engage,0.7040526866912842,2,Engage,0.4422356188297272,2,Engage,0.7761159539222717,3,Highly Engage,0.6907396912574768,1,Disengage,0.4968717396259308,2,Engage,0.5683578848838806,1,Disengage,0.5595038533210754,1,Disengage,0.4361268281936645,2,Engage,0.4193588495254516,2,Engage,0.4804771244525909,1,Disengage,0.4956889748573303
video7_176_person10,18,0.8888888888888888,0.1547717145751626,0.8563863105244107,0,Highly Disengage,17,17,0.9444444444444444,1,0.05555555555555555,0,0.0,0,0.0,0,Highly Disengage,0.7141093015670776,0,Highly Disengage,0.9969086050987244,1,Disengage,1.0,0,Highly Disengage,0.6217533349990845,0,Highly Disengage,0.8346062898635864,0,Highly Disengage,0.998791754245758,0,Highly Disengage,0.7013410329818726,0,Highly Disengage,0.9921979308128356,0,Highly Disengage,0.9624131917953492,0,Highly Disengage,0.6264386177062988,0,Highly Disengage,0.9783887267112732,0,Highly Disengage,0.9870872497558594,0,Highly Disengage,0.6702229976654053,0,Highly Disengage,0.9130892753601074,0,Highly Disengage,0.9998952150344848,0,Highly Disengage,0.5503426790237427,0,Highly Disengage,0.9556085467338562,0,Highly Disengage,0.911758840084076
video7_179_person4,18,0.5751633986928104,0.4262025893247393,0.6801760974857542,2,Engage,13,0,0.0,5,0.2777777777777778,13,0.7222222222222222,0,0.0,2,Engage,0.9212608337402344,2,Engage,0.6262488961219788,2,Engage,1.0,2,Engage,0.6976116299629211,2,Engage,0.9506226778030396,2,Engage,0.718416690826416,2,Engage,0.4832634031772613,2,Engage,0.5209556818008423,1,Disengage,0.5411533713340759,2,Engage,0.8902892470359802,2,Engage,0.7086727619171143,2,Engage,0.6095864176750183,2,Engage,0.480179876089096,1,Disengage,0.5029918551445007,1,Disengage,0.9848158359527588,2,Engage,0.575215756893158,1,Disengage,0.6330540776252747,1,Disengage,0.3988307416439056
video7_179_person6,18,0.6339869281045751,0.38210225325431013,0.6814034978548685,2,Engage,14,0,0.0,4,0.2222222222222222,14,0.7777777777777778,0,0.0,2,Engage,0.8703941106796265,2,Engage,0.4483736455440521,2,Engage,1.0,2,Engage,0.8852006793022156,1,Disengage,0.6509153842926025,1,Disengage,0.6105297803878784,2,Engage,0.8158426284790039,1,Disengage,0.7519676089286804,2,Engage,0.4574472904205322,2,Engage,0.8230841159820557,2,Engage,0.5772660374641418,2,Engage,0.5558805465698242,2,Engage,0.6888575553894043,2,Engage,0.5129477977752686,1,Disengage,0.7393839359283447,2,Engage,0.8427995443344116,2,Engage,0.6657567024230957,2,Engage,0.3686155974864959
video7_180_person0,18,0.3790849673202614,0.7076344750135477,0.7102460016806921,1,Disengage,10,5,0.2777777777777778,10,0.5555555555555556,3,0.16666666666666666,0,0.0,1,Disengage,0.7570692896842957,1,Disengage,0.6461705565452576,1,Disengage,1.0,2,Engage,0.8004439473152161,2,Engage,0.5473843812942505,1,Disengage,0.6226688027381897,2,Engage,0.7452816963195801,1,Disengage,0.8536219596862793,1,Disengage,0.4994343221187591,1,Disengage,0.5796023607254028,0,Highly Disengage,0.8986753821372986,0,Highly Disengage,0.9555374383926392,1,Disengage,0.492752343416214,0,Highly Disengage,0.8186512589454651,0,Highly Disengage,0.8494382500648499,1,Disengage,0.4930981397628784,1,Disengage,0.7516729235649109,0,Highly Disengage,0.4729249775409698
video7_180_person6,18,0.8888888888888888,0.1547717145751626,0.691183047162162,2,Engage,17,0,0.0,1,0.05555555555555555,17,0.9444444444444444,0,0.0,2,Engage,0.9015278220176696,2,Engage,0.4753196835517883,2,Engage,1.0,2,Engage,0.9220987558364868,2,Engage,0.5683698654174805,2,Engage,0.6019821763038635,2,Engage,0.8956868648529053,2,Engage,0.6654564142227173,2,Engage,0.4637418687343597,2,Engage,0.794498860836029,2,Engage,0.4657858312129974,2,Engage,0.5322420001029968,2,Engage,0.6433221101760864,2,Engage,0.6990570425987244,1,Disengage,0.7565152049064636,2,Engage,0.8846735954284668,2,Engage,0.776846706867218,2,Engage,0.3941700458526611
video7_183_person0,18,0.43137254901960786,0.6163301284079103,0.596492146452268,1,Disengage,10,1,0.05555555555555555,10,0.5555555555555556,7,0.3888888888888889,0,0.0,1,Disengage,0.4577028751373291,2,Engage,0.5232490301132202,1,Disengage,1.0,1,Disengage,0.362888902425766,1,Disengage,0.6402384638786316,1,Disengage,0.7448714971542358,2,Engage,0.6846880912780762,1,Disengage,0.6442865133285522,2,Engage,0.4462873339653015,1,Disengage,0.4882555902004242,1,Disengage,0.6638383865356445,1,Disengage,0.6633739471435547,2,Engage,0.7425214052200317,0,Highly Disengage,0.5593661665916443,2,Engage,0.5774434208869934,2,Engage,0.4912009537220001,2,Engage,0.6008529663085938,1,Disengage,0.445793092250824
video7_183_person2,18,0.7908496732026143,0.25162916738782287,0.6381957630316416,1,Disengage,16,0,0.0,16,0.8888888888888888,2,0.1111111111111111,0,0.0,2,Engage,0.4746972620487213,1,Disengage,0.763975203037262,1,Disengage,0.9971447587013244,1,Disengage,0.6194324493408203,1,Disengage,0.8499132394790649,1,Disengage,0.881940484046936,2,Engage,0.5712786912918091,1,Disengage,0.7420798540115356,1,Disengage,0.5204903483390808,1,Disengage,0.5427141785621643,1,Disengage,0.75167316198349,1,Disengage,0.5014012455940247,1,Disengage,0.5250069499015808,1,Disengage,0.5433028340339661,1,Disengage,0.5694671273231506,1,Disengage,0.4845200479030609,1,Disengage,0.7245000600814819,1,Disengage,0.4239858388900757
video7_183_person7,18,0.8888888888888888,0.1547717145751626,0.8492451442612542,3,Highly Engage,17,0,0.0,0,0.0,1,0.05555555555555555,17,0.9444444444444444,3,Highly Engage,0.5926239490509033,3,Highly Engage,0.9526062607765198,3,Highly Engage,1.0,3,Highly Engage,0.9481974244117736,3,Highly Engage,0.9594610333442688,3,Highly Engage,0.9594322443008424,2,Engage,0.7466725707054138,3,Highly Engage,0.8244225382804871,3,Highly Engage,0.7083044052124023,3,Highly Engage,0.777265191078186,3,Highly Engage,0.8274399638175964,3,Highly Engage,0.8632823824882507,3,Highly Engage,0.7256972193717957,3,Highly Engage,0.8252581357955933,3,Highly Engage,0.998826801776886,3,Highly Engage,0.724892795085907,3,Highly Engage,0.9633590579032898,3,Highly Engage,0.8886706233024597
video7_184_person0,18,0.33986928104575165,0.7403410574831923,0.6555739508734809,1,Disengage,8,7,0.3888888888888889,8,0.4444444444444444,3,0.16666666666666666,0,0.0,1,Disengage,0.5580153465270996,1,Disengage,0.5326704978942871,1,Disengage,1.0,0,Highly Disengage,0.524002730846405,1,Disengage,0.6011884212493896,0,Highly Disengage,0.7573714256286621,2,Engage,0.7999844551086426,2,Engage,0.6148751974105835,2,Engage,0.4082061946392059,1,Disengage,0.432562381029129,1,Disengage,0.5632354617118835,0,Highly Disengage,0.527777910232544,0,Highly Disengage,0.486156165599823,0,Highly Disengage,0.9211794137954712,0,Highly Disengage,0.8850365281105042,1,Disengage,0.5118796825408936,1,Disengage,0.7905590534210205,0,Highly Disengage,0.8856302499771118
video7_184_person5,18,0.5294117647058824,0.4591479170272447,0.7051638646258248,2,Engage,12,0,0.0,0,0.0,12,0.6666666666666666,6,0.3333333333333333,2,Engage,0.9245854020118712,2,Engage,0.4507694244384765,2,Engage,1.0,2,Engage,0.9125060439109802,2,Engage,0.7533319592475891,2,Engage,0.6178261041641235,2,Engage,0.7554017305374146,3,Highly Engage,0.491717666387558,3,Highly Engage,0.6276413202285767,2,Engage,0.9160404205322266,2,Engage,0.4880682229995727,2,Engage,0.500732958316803,2,Engage,0.7605394721031189,3,Highly Engage,0.4938403964042663,3,Highly Engage,0.772682785987854,2,Engage,0.9251766204833984,3,Highly Engage,0.6488063335418701,3,Highly Engage,0.6532827019691467
video7_185_person0,18,0.3006535947712418,0.8826232641893706,0.617378936873542,2,Engage,9,4,0.2222222222222222,2,0.1111111111111111,9,0.5,3,0.16666666666666666,2,Engage,0.7643558382987976,2,Engage,0.5346057415008545,2,Engage,1.0,2,Engage,0.8963597416877747,2,Engage,0.6815096139907837,2,Engage,0.3948109447956085,0,Highly Disengage,0.4596560001373291,0,Highly Disengage,0.8096539974212646,0,Highly Disengage,0.9357163310050964,2,Engage,0.4884216785430908,1,Disengage,0.4818713963031769,0,Highly Disengage,0.581688404083252,2,Engage,0.6783857345581055,1,Disengage,0.3910365402698517,3,Highly Engage,0.5095784664154053,3,Highly Engage,0.4469541907310486,2,Engage,0.5884813666343689,3,Highly Engage,0.4697348773479461
video7_186_person4,18,1.0,-0.0,0.7184956123431524,2,Engage,18,0,0.0,0,0.0,18,1.0,0,0.0,2,Engage,0.9490870237350464,2,Engage,0.6206978559494019,2,Engage,1.0,2,Engage,0.8202366828918457,2,Engage,0.9883937239646912,2,Engage,0.6964787840843201,2,Engage,0.6573000550270081,2,Engage,0.6360520124435425,2,Engage,0.5052822232246399,2,Engage,0.8618054389953613,2,Engage,0.7818276286125183,2,Engage,0.637686550617218,2,Engage,0.6296696662902832,2,Engage,0.5159205198287964,2,Engage,0.9999985694885254,2,Engage,0.6860513687133789,2,Engage,0.5104153752326965,2,Engage,0.4360175430774688
video7_186_person7,18,0.8888888888888888,0.1547717145751626,0.7766120963626437,2,Engage,17,0,0.0,0,0.0,17,0.9444444444444444,1,0.05555555555555555,2,Engage,0.9787024855613708,2,Engage,0.845744252204895,2,Engage,1.0,2,Engage,0.9903368949890136,2,Engage,0.9939039349555968,2,Engage,0.9646411538124084,2,Engage,0.8766034245491028,2,Engage,0.7646229267120361,2,Engage,0.5321395993232727,2,Engage,0.9191746115684508,2,Engage,0.7582307457923889,2,Engage,0.5431999564170837,2,Engage,0.6296696662902832,2,Engage,0.5159205198287964,2,Engage,0.9999985694885254,2,Engage,0.7084836363792419,3,Highly Engage,0.5224061012268066,2,Engage,0.4352392554283142
video7_187_person6,18,0.8888888888888888,0.1547717145751626,0.7338741885291206,2,Engage,17,0,0.0,1,0.05555555555555555,17,0.9444444444444444,0,0.0,2,Engage,0.9202187061309814,2,Engage,0.6331323981285095,2,Engage,1.0,2,Engage,0.8959868550300598,2,Engage,0.6486877799034119,2,Engage,0.503892183303833,2,Engage,0.7764269113540649,1,Disengage,0.5946228504180908,2,Engage,0.4612781405448913,2,Engage,0.8693850636482239,2,Engage,0.6844415664672852,2,Engage,0.64128577709198,2,Engage,0.8768974542617798,2,Engage,0.8378148674964905,2,Engage,0.7320705056190491,2,Engage,0.9257781505584716,2,Engage,0.8095306754112244,2,Engage,0.3982855081558227
video7_187_person7,18,0.6928104575163399,0.40153586366205124,0.74219977358977,2,Engage,15,1,0.05555555555555555,2,0.1111111111111111,15,0.8333333333333334,0,0.0,2,Engage,0.8147695064544678,2,Engage,0.6302353143692017,2,Engage,1.0,2,Engage,0.935433864593506,2,Engage,0.9355367422103882,2,Engage,0.8019435405731201,1,Disengage,0.4530948996543884,0,Highly Disengage,0.6570531725883484,1,Disengage,0.4351481199264526,2,Engage,0.8298659920692444,2,Engage,0.6778010129928589,2,Engage,0.5539833903312683,2,Engage,0.8907273411750793,2,Engage,0.7418023943901062,2,Engage,0.9726879596710204,2,Engage,0.9244857430458068,2,Engage,0.6890580654144287,2,Engage,0.4159688651561737
video7_188_person0,18,0.3790849673202614,0.7076344750135478,0.6422076059712304,1,Disengage,10,3,0.16666666666666666,10,0.5555555555555556,5,0.2777777777777778,0,0.0,2,Engage,0.5530862808227539,1,Disengage,0.610170841217041,1,Disengage,1.0,2,Engage,0.8061778545379639,1,Disengage,0.5200680494308472,1,Disengage,0.8495926856994629,2,Engage,0.7364358901977539,0,Highly Disengage,0.5736554861068726,1,Disengage,0.5942081809043884,2,Engage,0.5447276830673218,1,Disengage,0.6332768201828003,1,Disengage,0.677792489528656,2,Engage,0.568115770816803,1,Disengage,0.6856324076652527,0,Highly Disengage,0.3667147159576416,1,Disengage,0.6211170554161072,1,Disengage,0.7492228150367737,0,Highly Disengage,0.4697418808937073
video7_190_person5,18,0.43137254901960786,0.6498683818476262,0.5840416451295217,2,Engage,11,0,0.0,2,0.1111111111111111,11,0.6111111111111112,5,0.2777777777777778,2,Engage,0.4960047006607055,2,Engage,0.3806389570236206,2,Engage,1.0,2,Engage,0.4679509103298187,3,Highly Engage,0.4497637152671814,3,Highly Engage,0.435671716928482,3,Highly Engage,0.6163535118103027,3,Highly Engage,0.7876981496810913,3,Highly Engage,0.5247493386268616,2,Engage,0.6087364554405212,1,Disengage,0.4052464365959167,1,Disengage,0.3712029159069061,2,Engage,0.7475563883781433,2,Engage,0.4641852974891662,2,Engage,0.8787386417388916,2,Engage,0.8465636968612671,2,Engage,0.5988176465034485,2,Engage,0.4328711330890655
video7_190_person7,18,0.6928104575163399,0.4015358636620513,0.7726041012340121,2,Engage,15,0,0.0,1,0.05555555555555555,15,0.8333333333333334,2,0.1111111111111111,2,Engage,0.9692398309707642,2,Engage,0.6516172885894775,2,Engage,1.0,2,Engage,0.9835208654403688,2,Engage,0.954233467578888,2,Engage,0.759955108165741,2,Engage,0.8568815588951111,2,Engage,0.7732155919075012,2,Engage,0.534169614315033,2,Engage,0.884516179561615,2,Engage,0.535865068435669,1,Disengage,0.5745612382888794,2,Engage,0.9542413949966432,2,Engage,0.8737303018569946,3,Highly Engage,0.512413740158081,2,Engage,0.979955792427063,2,Engage,0.6766582131385803,3,Highly Engage,0.4320985674858093
video7_193_person10,18,0.3137254901960784,0.8480368059161336,0.6016950176821815,0,Highly Disengage,9,9,0.5,4,0.2222222222222222,4,0.2222222222222222,1,0.05555555555555555,0,Highly Disengage,0.3681623935699463,0,Highly Disengage,0.7682934403419495,1,Disengage,0.9997782111167908,2,Engage,0.5014445781707764,3,Highly Engage,0.4093950986862182,1,Disengage,0.4465020895004272,2,Engage,0.3504341840744018,2,Engage,0.488700121641159,1,Disengage,0.4326719343662262,2,Engage,0.4618569612503052,0,Highly Disengage,0.8978981375694275,1,Disengage,0.3467421531677246,0,Highly Disengage,0.5210871696472168,0,Highly Disengage,0.7231695652008057,0,Highly Disengage,0.9590176343917848,0,Highly Disengage,0.4412901401519775,0,Highly Disengage,0.8822606801986694,0,Highly Disengage,0.8318058252334595
video7_194_person1,18,0.7843137254901961,0.30718472294337845,0.8545902801884545,3,Highly Engage,16,0,0.0,1,0.05555555555555555,1,0.05555555555555555,16,0.8888888888888888,3,Highly Engage,0.824824333190918,3,Highly Engage,0.9897251129150392,2,Engage,1.0,3,Highly Engage,0.9671589732170104,3,Highly Engage,0.9827689528465272,3,Highly Engage,0.9277607798576356,1,Disengage,0.3659985661506653,3,Highly Engage,0.8681472539901733,3,Highly Engage,0.5128180384635925,3,Highly Engage,0.860989511013031,3,Highly Engage,0.9361908435821532,3,Highly Engage,0.9052372574806212,3,Highly Engage,0.8595674633979797,3,Highly Engage,0.9961696267127992,3,Highly Engage,0.9946911931037904,3,Highly Engage,0.8898138403892517,3,Highly Engage,0.9336761832237244,3,Highly Engage,0.5670871138572693
video7_195_person5,18,0.8888888888888888,0.1547717145751626,0.6856181803676817,2,Engage,17,0,0.0,0,0.0,17,0.9444444444444444,1,0.05555555555555555,2,Engage,0.9647358655929564,2,Engage,0.5687524080276489,2,Engage,1.0,2,Engage,0.8981500864028931,2,Engage,0.6501525640487671,2,Engage,0.7500101327896118,2,Engage,0.8707059025764465,2,Engage,0.6769957542419434,2,Engage,0.507659375667572,2,Engage,0.8956462740898132,2,Engage,0.6587174534797668,2,Engage,0.4859942197799682,2,Engage,0.7428578734397888,3,Highly Engage,0.4662222266197204,2,Engage,0.4612838923931122,2,Engage,0.7826981544494629,2,Engage,0.5318546891212463,2,Engage,0.4286903738975525
video7_197_person10,18,0.24836601307189543,0.9388201415867107,0.7227230502499474,3,Highly Engage,7,4,0.2222222222222222,5,0.2777777777777778,2,0.1111111111111111,7,0.3888888888888889,2,Engage,0.3977931141853332,0,Highly Disengage,0.8185580968856812,1,Disengage,1.0,2,Engage,0.3810807168483734,3,Highly Engage,0.7281837463378906,1,Disengage,0.4686831831932068,0,Highly Disengage,0.5731636881828308,1,Disengage,0.6377749443054199,1,Disengage,0.4373478293418884,1,Disengage,0.4498851001262665,0,Highly Disengage,0.8985680341720581,0,Highly Disengage,0.5954749584197998,3,Highly Engage,0.952017307281494,3,Highly Engage,0.9936704635620116,3,Highly Engage,0.910768449306488,3,Highly Engage,0.9210984110832214,3,Highly Engage,0.950838029384613,3,Highly Engage,0.8941088318824768
video7_19_person0,18,0.3202614379084967,0.7652465283787413,0.6867611987723244,2,Engage,8,0,0.0,4,0.2222222222222222,8,0.4444444444444444,6,0.3333333333333333,2,Engage,0.6946913599967957,2,Engage,0.4981805980205536,1,Disengage,1.0,2,Engage,0.7039989829063416,2,Engage,0.7468309998512268,1,Disengage,0.4147895276546478,2,Engage,0.8284676671028137,3,Highly Engage,0.8385063409805298,3,Highly Engage,0.8289888501167297,2,Engage,0.8344175815582275,1,Disengage,0.5267741084098816,1,Disengage,0.6365628838539124,2,Engage,0.6295090317726135,3,Highly Engage,0.6194915175437927,3,Highly Engage,0.8855209350585938,2,Engage,0.74131178855896,3,Highly Engage,0.4959252774715423,3,Highly Engage,0.4377341270446777
video7_200_person2,18,0.41830065359477125,0.6258145836939114,0.6759539147218069,2,Engage,9,1,0.05555555555555555,8,0.4444444444444444,9,0.5,0,0.0,2,Engage,0.7731502652168274,1,Disengage,0.5750730037689209,2,Engage,0.9999948740005492,2,Engage,0.7582286596298218,2,Engage,0.8486196994781494,1,Disengage,0.5759009122848511,2,Engage,0.7773689031600952,1,Disengage,0.8510082364082336,2,Engage,0.3951962292194366,2,Engage,0.6172192096710205,1,Disengage,0.7421114444732666,0,Highly Disengage,0.6136549711227417,1,Disengage,0.562206506729126,1,Disengage,0.7713302969932556,1,Disengage,0.4710125923156738,2,Engage,0.7900848984718323,2,Engage,0.651192307472229,1,Disengage,0.3938174545764923
video7_200_person5,18,0.37254901960784315,0.6960736118322673,0.6625642031431198,2,Engage,8,0,0.0,2,0.1111111111111111,8,0.4444444444444444,8,0.4444444444444444,2,Engage,0.7074172496795654,2,Engage,0.4448272287845611,2,Engage,1.0,2,Engage,0.5527608394622803,1,Disengage,0.4347437620162964,3,Highly Engage,0.5464778542518616,2,Engage,0.7726754546165466,1,Disengage,0.5340893864631653,2,Engage,0.5037363767623901,2,Engage,0.5899389386177063,3,Highly Engage,0.5886040329933167,3,Highly Engage,0.54606032371521,2,Engage,0.5790852308273315,3,Highly Engage,0.7343105673789978,3,Highly Engage,0.9026603698730468,3,Highly Engage,0.7890737056732178,3,Highly Engage,0.8519162535667419,3,Highly Engage,0.8477780818939209
video7_201_person5,18,0.8888888888888888,0.1547717145751626,0.688459402985043,2,Engage,17,0,0.0,1,0.05555555555555555,17,0.9444444444444444,0,0.0,2,Engage,0.934700608253479,2,Engage,0.5030925273895264,2,Engage,1.0,2,Engage,0.9610836505889891,2,Engage,0.5983490347862244,2,Engage,0.6743748784065247,2,Engage,0.8018932938575745,1,Disengage,0.6957495808601379,2,Engage,0.4631328284740448,2,Engage,0.8054376840591431,2,Engage,0.6486788392066956,2,Engage,0.4933337867259979,2,Engage,0.7108782529830933,2,Engage,0.5711647868156433,2,Engage,0.779391884803772,2,Engage,0.7185346484184265,2,Engage,0.572587251663208,2,Engage,0.4598857164382934
video7_203_person6,18,0.6143790849673203,0.4722442670831027,0.6744610981808769,1,Disengage,14,1,0.05555555555555555,14,0.7777777777777778,3,0.16666666666666666,0,0.0,2,Engage,0.6927225589752197,1,Disengage,0.512161910533905,1,Disengage,1.0,1,Disengage,0.5488191246986389,1,Disengage,0.97801011800766,1,Disengage,0.9229668974876404,1,Disengage,0.5143260359764099,1,Disengage,0.758355438709259,0,Highly Disengage,0.4579997956752777,2,Engage,0.7527721524238586,2,Engage,0.5389838218688965,1,Disengage,0.4549902081489563,1,Disengage,0.6867956519126892,1,Disengage,0.8674321174621582,1,Disengage,0.9573590755462646,1,Disengage,0.500518798828125,1,Disengage,0.5590794682502747,1,Disengage,0.4370065927505493
video7_204_person10,18,0.43137254901960786,0.6163301284079103,0.6486973977751203,1,Disengage,10,7,0.3888888888888889,10,0.5555555555555556,1,0.05555555555555555,0,0.0,1,Disengage,0.4902330935001373,0,Highly Disengage,0.8130648732185364,1,Disengage,1.0,1,Disengage,0.5695429444313049,1,Disengage,0.8594843745231628,1,Disengage,0.625202476978302,0,Highly Disengage,0.4715344905853271,2,Engage,0.6213645935058594,1,Disengage,0.4562616646289825,1,Disengage,0.6093267798423767,0,Highly Disengage,0.8677416443824768,0,Highly Disengage,0.8727603554725647,1,Disengage,0.4983891546726227,1,Disengage,0.4651563763618469,0,Highly Disengage,0.4408798813819885,1,Disengage,0.6955170631408691,0,Highly Disengage,0.5063783526420593,0,Highly Disengage,0.8137150406837463
video7_20_person8,18,0.7058823529411765,0.32501121082417705,0.8081321699751748,0,Highly Disengage,15,15,0.8333333333333334,3,0.16666666666666666,0,0.0,0,0.0,1,Disengage,0.4457899034023285,0,Highly Disengage,0.9757661819458008,1,Disengage,1.0,0,Highly Disengage,0.4975495040416717,0,Highly Disengage,0.995430588722229,0,Highly Disengage,0.9438175559043884,0,Highly Disengage,0.5373456478118896,0,Highly Disengage,0.982270896434784,0,Highly Disengage,0.9583660960197448,1,Disengage,0.3466947376728058,0,Highly Disengage,0.9121556282043456,0,Highly Disengage,0.986234486103058,0,Highly Disengage,0.7037591338157654,0,Highly Disengage,0.9543412327766418,0,Highly Disengage,0.9999998807907104,0,Highly Disengage,0.4461190104484558,0,Highly Disengage,0.9816540479660034,0,Highly Disengage,0.8790845274925232
video7_211_person2,18,0.8888888888888888,0.1547717145751626,0.6938327617115445,2,Engage,17,0,0.0,1,0.05555555555555555,17,0.9444444444444444,0,0.0,2,Engage,0.8924676775932312,2,Engage,0.6355389356613159,2,Engage,1.0,2,Engage,0.9296581149101256,2,Engage,0.939009428024292,2,Engage,0.6928544640541077,2,Engage,0.885034441947937,2,Engage,0.6659337282180786,2,Engage,0.4904927313327789,2,Engage,0.925972819328308,2,Engage,0.6202633380889893,2,Engage,0.5782610177993774,2,Engage,0.4809865951538086,2,Engage,0.5380793809890747,2,Engage,0.6887227892875671,1,Disengage,0.4021082520484924,2,Engage,0.6929730176925659,2,Engage,0.4306329786777496
video7_213_person0,18,1.0,-0.0,0.9232564767201742,3,Highly Engage,18,0,0.0,0,0.0,0,0.0,18,1.0,3,Highly Engage,0.9779163002967834,3,Highly Engage,0.9828603863716124,3,Highly Engage,1.0,3,Highly Engage,0.9313750267028807,3,Highly Engage,0.9930087327957152,3,Highly Engage,0.9964801669120787,3,Highly Engage,0.5578588843345642,3,Highly Engage,0.7794377207756042,3,Highly Engage,0.7125906348228455,3,Highly Engage,0.8290635943412781,3,Highly Engage,0.9541736245155334,3,Highly Engage,0.9539077877998352,3,Highly Engage,0.9825454950332642,3,Highly Engage,0.9996930360794068,3,Highly Engage,0.9999960660934448,3,Highly Engage,0.9784058332443236,3,Highly Engage,0.9972026348114014,3,Highly Engage,0.9921006560325624
video7_215_person4,18,0.47058823529411764,0.5,0.7097742673423555,2,Engage,9,0,0.0,0,0.0,9,0.5,9,0.5,2,Engage,0.6628062725067139,3,Highly Engage,0.8616074323654175,2,Engage,1.0,2,Engage,0.7761112451553345,3,Highly Engage,0.9125733375549316,3,Highly Engage,0.9740597009658812,2,Engage,0.8433076739311218,2,Engage,0.6705367565155029,2,Engage,0.5490133166313171,2,Engage,0.6510148048400879,3,Highly Engage,0.687322199344635,3,Highly Engage,0.8635265827178955,3,Highly Engage,0.4391977190971374,3,Highly Engage,0.5967293977737427,2,Engage,0.7426788210868835,3,Highly Engage,0.624407947063446,3,Highly Engage,0.473098874092102,2,Engage,0.4479447305202484
video7_217_person6,18,0.5359477124183006,0.5610568385545543,0.6338871022065481,2,Engage,13,0,0.0,3,0.16666666666666666,13,0.7222222222222222,2,0.1111111111111111,2,Engage,0.6691832542419434,2,Engage,0.4380041360855102,2,Engage,1.0,2,Engage,0.6929383873939514,2,Engage,0.6906481385231018,2,Engage,0.3954105973243713,2,Engage,0.6924415826797485,1,Disengage,0.7583590745925903,1,Disengage,0.4459848701953888,2,Engage,0.6219554543495178,3,Highly Engage,0.5912072062492371,3,Highly Engage,0.4300054907798767,2,Engage,0.8535839915275574,1,Disengage,0.7102908492088318,2,Engage,0.6422021389007568,2,Engage,0.5642795562744141,2,Engage,0.7669009566307068,2,Engage,0.4465721547603607
video7_218_person0,18,0.477124183006536,0.6121972227029931,0.6730690681272082,2,Engage,12,0,0.0,2,0.1111111111111111,12,0.6666666666666666,4,0.2222222222222222,2,Engage,0.8434599041938782,2,Engage,0.5780330300331116,3,Highly Engage,0.9972770810127258,2,Engage,0.8568283915519714,3,Highly Engage,0.5852144360542297,2,Engage,0.526143491268158,2,Engage,0.8313909769058228,1,Disengage,0.7782282829284668,1,Disengage,0.512344241142273,2,Engage,0.7722763419151306,3,Highly Engage,0.6554058194160461,3,Highly Engage,0.644311785697937,2,Engage,0.6408105492591858,2,Engage,0.4611754417419433,2,Engage,0.4668593406677246,2,Engage,0.8867214918136597,2,Engage,0.6324849724769592,2,Engage,0.4462776482105255
video7_218_person10,18,0.6078431372549019,0.4932133643654213,0.6870999170674218,2,Engage,14,0,0.0,2,0.1111111111111111,14,0.7777777777777778,2,0.1111111111111111,2,Engage,0.7506469488143921,2,Engage,0.6153700351715088,2,Engage,1.0,2,Engage,0.9104670286178588,2,Engage,0.8780941963195801,2,Engage,0.4599464237689972,2,Engage,0.8610456585884094,2,Engage,0.7821005582809448,2,Engage,0.4841199517250061,2,Engage,0.7873799800872803,1,Disengage,0.4649399220943451,1,Disengage,0.7569348812103271,2,Engage,0.752619743347168,2,Engage,0.5076323747634888,3,Highly Engage,0.3688144087791443,2,Engage,0.7901154160499573,2,Engage,0.7133681774139404,3,Highly Engage,0.4842028021812439
video7_21_person5,18,0.6078431372549019,0.4932133643654213,0.7122408780786726,2,Engage,14,0,0.0,2,0.1111111111111111,14,0.7777777777777778,2,0.1111111111111111,2,Engage,0.5498632192611694,1,Disengage,0.3661409616470337,1,Disengage,1.0,2,Engage,0.9638068675994872,2,Engage,0.9599042534828186,2,Engage,0.6822353601455688,2,Engage,0.8523255586624146,2,Engage,0.7444787621498108,2,Engage,0.3963160514831543,2,Engage,0.9156630635261536,2,Engage,0.5343332886695862,2,Engage,0.6584492325782776,2,Engage,0.8256839513778687,3,Highly Engage,0.5698453187942505,2,Engage,0.653094470500946,2,Engage,0.9864511489868164,2,Engage,0.5875944495201111,3,Highly Engage,0.5741498470306396
video7_224_person6,18,0.477124183006536,0.4955380299191111,0.6578251918156942,3,Highly Engage,10,0,0.0,0,0.0,8,0.4444444444444444,10,0.5555555555555556,3,Highly Engage,0.6980010271072388,2,Engage,0.4914455413818359,2,Engage,1.0,3,Highly Engage,0.5072778463363647,3,Highly Engage,0.8724208474159241,3,Highly Engage,0.9352702498435974,2,Engage,0.7154727578163147,2,Engage,0.5268248915672302,2,Engage,0.383877158164978,3,Highly Engage,0.6951248049736023,3,Highly Engage,0.8923840522766113,3,Highly Engage,0.94070702791214,3,Highly Engage,0.6374558806419373,2,Engage,0.5175923705101013,3,Highly Engage,0.4426483809947967,2,Engage,0.4330911338329315,2,Engage,0.6933726668357849,3,Highly Engage,0.4578868150711059
video7_226_person10,18,0.5294117647058824,0.4591479170272447,0.6770866198672189,2,Engage,12,0,0.0,6,0.3333333333333333,12,0.6666666666666666,0,0.0,2,Engage,0.653609573841095,2,Engage,0.5133576989173889,1,Disengage,1.0,2,Engage,0.9548742771148682,2,Engage,0.6320054531097412,1,Disengage,0.4699836373329162,2,Engage,0.9087504148483276,2,Engage,0.5841209888458252,2,Engage,0.4821605384349823,2,Engage,0.8626183271408081,1,Disengage,0.5051215887069702,1,Disengage,0.4459869563579559,2,Engage,0.7733187675476074,2,Engage,0.4544614255428314,2,Engage,0.9789717197418212,2,Engage,0.9670884013175964,1,Disengage,0.5647522807121277,1,Disengage,0.4363771080970764
video7_227_person12,18,0.5490196078431373,0.5264703802813174,0.7426785098181831,2,Engage,13,0,0.0,1,0.05555555555555555,13,0.7222222222222222,4,0.2222222222222222,2,Engage,0.7392588257789612,2,Engage,0.5129177570343018,1,Disengage,1.0,2,Engage,0.962955892086029,2,Engage,0.7841376662254333,2,Engage,0.5260697603225708,2,Engage,0.8943362832069397,2,Engage,0.7163054347038269,3,Highly Engage,0.4537981152534485,2,Engage,0.8069089651107788,3,Highly Engage,0.7547624111175537,3,Highly Engage,0.8988555669784546,2,Engage,0.8832151293754578,2,Engage,0.4193620383739471,2,Engage,0.997443437576294,2,Engage,0.9777143001556396,2,Engage,0.6162397861480713,3,Highly Engage,0.4239318072795868
video7_228_person7,18,1.0,-0.0,0.8100899739397897,2,Engage,18,0,0.0,0,0.0,18,1.0,0,0.0,2,Engage,0.9781219959259032,2,Engage,0.7922157645225525,2,Engage,1.0,2,Engage,0.97184020280838,2,Engage,0.9942637085914612,2,Engage,0.9479281902313232,2,Engage,0.8566698431968689,2,Engage,0.7569599151611328,2,Engage,0.5207027792930603,2,Engage,0.935459315776825,2,Engage,0.6842337846755981,2,Engage,0.4500167667865753,2,Engage,0.8424564599990845,2,Engage,0.8389818072319031,2,Engage,0.958946168422699,2,Engage,0.9640946984291076,2,Engage,0.7035419344902039,2,Engage,0.3851861953735351
video7_229_person4,18,0.47058823529411764,0.6677527782585486,0.6663482983907064,2,Engage,12,1,0.05555555555555555,1,0.05555555555555555,12,0.6666666666666666,4,0.2222222222222222,2,Engage,0.8910690546035767,2,Engage,0.5401315689086914,2,Engage,1.0,2,Engage,0.9006733894348145,2,Engage,0.9600947499275208,2,Engage,0.7205380797386169,2,Engage,0.7181128859519958,3,Highly Engage,0.6641954779624939,3,Highly Engage,0.4970284700393677,2,Engage,0.800630509853363,3,Highly Engage,0.4518349170684814,3,Highly Engage,0.4296343028545379,2,Engage,0.6192767024040222,0,Highly Disengage,0.3742610812187195,2,Engage,0.5325045585632324,2,Engage,0.9106225967407228,2,Engage,0.5631136894226074,1,Disengage,0.4205473363399505
video7_229_person6,18,0.37254901960784315,0.7177602521413333,0.6119408441914452,2,Engage,10,0,0.0,4,0.2222222222222222,10,0.5555555555555556,4,0.2222222222222222,2,Engage,0.5236321687698364,2,Engage,0.5227739810943604,2,Engage,1.0,2,Engage,0.724334180355072,2,Engage,0.5726926922798157,2,Engage,0.4937422573566437,3,Highly Engage,0.4934768378734588,3,Highly Engage,0.8272145390510559,3,Highly Engage,0.4599656462669372,2,Engage,0.5608424544334412,3,Highly Engage,0.5681922435760498,1,Disengage,0.519426167011261,2,Engage,0.6747092604637146,1,Disengage,0.6680236458778381,1,Disengage,0.8973892331123352,2,Engage,0.6250705718994141,1,Disengage,0.5013175010681152,2,Engage,0.382131814956665
video7_22_person8,18,0.6143790849673203,0.4722442670831027,0.775926316777865,0,Highly Disengage,14,14,0.7777777777777778,3,0.16666666666666666,1,0.05555555555555555,0,0.0,1,Disengage,0.4414116442203522,0,Highly Disengage,0.9718686938285828,1,Disengage,1.0,0,Highly Disengage,0.4697416722774505,0,Highly Disengage,0.9940357208251952,0,Highly Disengage,0.9915886521339417,0,Highly Disengage,0.5727394819259644,0,Highly Disengage,0.988235890865326,0,Highly Disengage,0.9658045172691344,1,Disengage,0.3993503451347351,0,Highly Disengage,0.6778782606124878,0,Highly Disengage,0.9633891582489014,2,Engage,0.4327470660209656,0,Highly Disengage,0.8297955393791199,0,Highly Disengage,0.99985933303833,0,Highly Disengage,0.4212062060832977,0,Highly Disengage,0.9882638454437256,0,Highly Disengage,0.8587576746940613
video7_230_person6,18,0.5359477124183006,0.5610568385545543,0.6807004792822732,2,Engage,13,0,0.0,3,0.16666666666666666,13,0.7222222222222222,2,0.1111111111111111,2,Engage,0.7077258229255676,2,Engage,0.6851044297218323,2,Engage,1.0,2,Engage,0.9334719181060792,2,Engage,0.9973971843719482,2,Engage,0.5067251920700073,3,Highly Engage,0.4847604632377624,3,Highly Engage,0.5365938544273376,2,Engage,0.4370810091495514,2,Engage,0.9534558057785034,2,Engage,0.7850699424743652,1,Disengage,0.4796116948127746,2,Engage,0.7296348810195923,1,Disengage,0.5199720859527588,1,Disengage,0.6285445094108582,2,Engage,0.6812628507614136,2,Engage,0.7703233361244202,2,Engage,0.415873646736145
video7_233_person2,18,0.3790849673202614,0.7076344750135477,0.7541234576039844,0,Highly Disengage,10,10,0.5555555555555556,5,0.2777777777777778,3,0.16666666666666666,0,0.0,1,Disengage,0.423778623342514,0,Highly Disengage,0.9934426546096802,1,Disengage,1.0,0,Highly Disengage,0.6351280212402344,1,Disengage,0.5340203046798706,0,Highly Disengage,0.997800886631012,2,Engage,0.6296206116676331,2,Engage,0.790961503982544,2,Engage,0.4108535349369049,0,Highly Disengage,0.4696865379810333,0,Highly Disengage,0.9862058758735656,0,Highly Disengage,0.9756919145584106,1,Disengage,0.5450208187103271,0,Highly Disengage,0.9511770009994508,0,Highly Disengage,0.9986203908920288,1,Disengage,0.4935683012008667,0,Highly Disengage,0.844829797744751,0,Highly Disengage,0.8938154578208923
video7_233_person7,18,0.6339869281045751,0.38210225325431013,0.7392078240712484,3,Highly Engage,14,0,0.0,0,0.0,4,0.2222222222222222,14,0.7777777777777778,2,Engage,0.5382171273231506,3,Highly Engage,0.9173845052719116,3,Highly Engage,1.0,3,Highly Engage,0.5095615983009338,3,Highly Engage,0.7464563846588135,3,Highly Engage,0.9185317754745485,2,Engage,0.7418150901794434,3,Highly Engage,0.8549637198448181,3,Highly Engage,0.738585889339447,3,Highly Engage,0.5942490100860596,3,Highly Engage,0.7809719443321228,3,Highly Engage,0.839221179485321,2,Engage,0.6685150265693665,3,Highly Engage,0.6589063405990601,3,Highly Engage,0.6787315011024475,2,Engage,0.756337583065033,3,Highly Engage,0.809832751750946,3,Highly Engage,0.5534594058990479
video7_235_person1,18,0.49673202614379086,0.4820393824041145,0.6764649914370643,2,Engage,11,0,0.0,7,0.3888888888888889,11,0.6111111111111112,0,0.0,2,Engage,0.6761907935142517,2,Engage,0.5604957342147827,1,Disengage,1.0,2,Engage,0.8918129801750183,1,Disengage,0.5937634706497192,2,Engage,0.6887668371200562,1,Disengage,0.6357916593551636,1,Disengage,0.6547533273696899,1,Disengage,0.474499762058258,2,Engage,0.9367694854736328,2,Engage,0.652374267578125,2,Engage,0.567653238773346,2,Engage,0.5333662033081055,1,Disengage,0.6348791122436523,1,Disengage,0.5280642509460449,2,Engage,0.9005383253097534,2,Engage,0.8404636383056641,2,Engage,0.4061867594718933
video7_235_person4,18,0.2679738562091503,0.9182958340544897,0.6852247781223721,0,Highly Disengage,8,8,0.4444444444444444,4,0.2222222222222222,4,0.2222222222222222,2,0.1111111111111111,2,Engage,0.6559281945228577,2,Engage,0.4304734170436859,2,Engage,1.0,1,Disengage,0.7085364460945129,0,Highly Disengage,0.685247004032135,0,Highly Disengage,0.5427865982055664,1,Disengage,0.5447527170181274,0,Highly Disengage,0.9415794014930724,0,Highly Disengage,0.9467523097991944,2,Engage,0.478515088558197,1,Disengage,0.4554797112941742,1,Disengage,0.4495543539524078,3,Highly Engage,0.3697896301746368,0,Highly Disengage,0.9375129342079164,0,Highly Disengage,0.9951602816581726,3,Highly Engage,0.4682396650314331,0,Highly Disengage,0.9191300868988036,0,Highly Disengage,0.804608166217804
video7_235_person7,18,0.6339869281045751,0.38210225325431013,0.8071435872051451,3,Highly Engage,14,0,0.0,0,0.0,4,0.2222222222222222,14,0.7777777777777778,2,Engage,0.8353714346885681,3,Highly Engage,0.8331668376922607,3,Highly Engage,1.0,2,Engage,0.6136069893836975,3,Highly Engage,0.6731591820716858,3,Highly Engage,0.8178759813308716,2,Engage,0.7748404145240784,3,Highly Engage,0.8332148790359497,3,Highly Engage,0.7025497555732727,2,Engage,0.4998643696308136,3,Highly Engage,0.6237177848815918,3,Highly Engage,0.8245330452919006,3,Highly Engage,0.828594446182251,3,Highly Engage,0.9621431827545166,3,Highly Engage,0.998166561126709,3,Highly Engage,0.9306033849716188,3,Highly Engage,0.9499883651733398,3,Highly Engage,0.8271879553794861
video7_237_person5,18,0.45751633986928103,0.5970868671284559,0.6201819843716092,2,Engage,11,0,0.0,1,0.05555555555555555,11,0.6111111111111112,6,0.3333333333333333,2,Engage,0.8098630905151367,2,Engage,0.516445517539978,3,Highly Engage,1.0,2,Engage,0.7294624447822571,3,Highly Engage,0.6340171694755554,3,Highly Engage,0.439568430185318,2,Engage,0.7691461443901062,3,Highly Engage,0.8306795358657837,2,Engage,0.4827870726585388,2,Engage,0.4875628650188446,2,Engage,0.456910490989685,1,Disengage,0.3845928907394409,2,Engage,0.6773290634155273,3,Highly Engage,0.3762098550796509,2,Engage,0.501440167427063,2,Engage,0.8707226514816284,2,Engage,0.6386733651161194,3,Highly Engage,0.5578649640083313
video7_238_person6,18,0.6078431372549019,0.4932133643654213,0.7662189735306634,1,Disengage,14,0,0.0,14,0.7777777777777778,2,0.1111111111111111,2,0.1111111111111111,2,Engage,0.5678573250770569,1,Disengage,0.6016133427619934,1,Disengage,1.0,1,Disengage,0.8877105116844177,1,Disengage,0.9084346294403076,1,Disengage,0.9643059968948364,1,Disengage,0.856248140335083,1,Disengage,0.9443895220756532,1,Disengage,0.5954750776290894,2,Engage,0.6065786480903625,3,Highly Engage,0.6907404065132141,3,Highly Engage,0.7570605874061584,1,Disengage,0.8432363271713257,1,Disengage,0.937983214855194,1,Disengage,0.9829193353652954,1,Disengage,0.5650259256362915,1,Disengage,0.6631976366043091,1,Disengage,0.4191648960113525
video7_23_person4,18,0.6143790849673203,0.4722442670831027,0.729914708269967,2,Engage,14,0,0.0,1,0.05555555555555555,14,0.7777777777777778,3,0.16666666666666666,2,Engage,0.9096460938453674,2,Engage,0.6315820813179016,2,Engage,1.0,2,Engage,0.9272611737251282,2,Engage,0.9563570022583008,2,Engage,0.7454208135604858,2,Engage,0.8230849504470825,2,Engage,0.5073505640029907,1,Disengage,0.5263267159461975,2,Engage,0.7587347030639648,2,Engage,0.5465477705001831,2,Engage,0.4080826938152313,2,Engage,0.8541484475135803,3,Highly Engage,0.509402334690094,2,Engage,0.9999983310699464,2,Engage,0.7993466258049011,3,Highly Engage,0.7412663698196411,3,Highly Engage,0.4939080774784088
video7_244_person10,18,0.5490196078431373,0.5264703802813174,0.6986579845348994,2,Engage,13,0,0.0,4,0.2222222222222222,13,0.7222222222222222,1,0.05555555555555555,2,Engage,0.7940965294837952,2,Engage,0.4891331493854522,1,Disengage,1.0,2,Engage,0.9070744514465332,2,Engage,0.8956296443939209,2,Engage,0.8078663349151611,2,Engage,0.7262402772903442,3,Highly Engage,0.6077283620834351,2,Engage,0.3783634006977081,2,Engage,0.5672250390052795,1,Disengage,0.7120817303657532,1,Disengage,0.5599265098571777,2,Engage,0.7984896302223206,2,Engage,0.5406718850135803,2,Engage,0.976123571395874,2,Engage,0.9508699774742126,1,Disengage,0.4211743474006653,2,Engage,0.4431488811969757
video7_246_person5,18,0.5294117647058824,0.4591479170272447,0.654687417878045,2,Engage,12,0,0.0,0,0.0,12,0.6666666666666666,6,0.3333333333333333,2,Engage,0.9472731947898864,2,Engage,0.4868922531604767,2,Engage,1.0,2,Engage,0.6812843084335327,3,Highly Engage,0.5907283425331116,2,Engage,0.5265364050865173,2,Engage,0.9167569875717164,2,Engage,0.6565340161323547,3,Highly Engage,0.4486514627933502,2,Engage,0.92866849899292,2,Engage,0.570564866065979,3,Highly Engage,0.5229968428611755,2,Engage,0.5884823799133301,3,Highly Engage,0.543988823890686,2,Engage,0.5357716083526611,2,Engage,0.7061808109283447,3,Highly Engage,0.5708754062652588,3,Highly Engage,0.5621873140335083
video7_249_person5,18,0.477124183006536,0.4955380299191111,0.6786941985289255,3,Highly Engage,10,0,0.0,0,0.0,8,0.4444444444444444,10,0.5555555555555556,2,Engage,0.7994526624679565,3,Highly Engage,0.7641431093215942,3,Highly Engage,1.0,2,Engage,0.6095585823059082,3,Highly Engage,0.7556228637695312,3,Highly Engage,0.7333522439002991,2,Engage,0.8521062135696411,3,Highly Engage,0.5207298994064331,3,Highly Engage,0.5244047045707703,2,Engage,0.7915474772453308,3,Highly Engage,0.5955495834350586,3,Highly Engage,0.6367852091789246,2,Engage,0.6255460977554321,3,Highly Engage,0.5441670417785645,2,Engage,0.628189742565155,2,Engage,0.7053945064544678,2,Engage,0.5996552109718323,3,Highly Engage,0.530290424823761
video7_24_person1,18,0.5751633986928104,0.4262025893247393,0.7266617980268266,2,Engage,13,0,0.0,5,0.2777777777777778,13,0.7222222222222222,0,0.0,2,Engage,0.6441410779953003,2,Engage,0.501858115196228,1,Disengage,1.0,2,Engage,0.8080233931541443,2,Engage,0.74116051197052,1,Disengage,0.548678457736969,2,Engage,0.7604758739471436,1,Disengage,0.6386849284172058,1,Disengage,0.5225404500961304,2,Engage,0.8262653946876526,2,Engage,0.5039821267127991,1,Disengage,0.4908095002174377,2,Engage,0.9894126057624816,2,Engage,0.8389691114425659,2,Engage,0.994834303855896,2,Engage,0.9957771301269532,2,Engage,0.8390381932258606,2,Engage,0.4352611899375915
video7_24_person5,18,0.5490196078431373,0.5264703802813174,0.6963249941666921,3,Highly Engage,13,1,0.05555555555555555,0,0.0,4,0.2222222222222222,13,0.7222222222222222,2,Engage,0.6847109794616699,3,Highly Engage,0.8053926825523376,3,Highly Engage,1.0,2,Engage,0.7105407118797302,3,Highly Engage,0.8559407591819763,3,Highly Engage,0.7521584033966064,3,Highly Engage,0.7170712947845459,3,Highly Engage,0.8633981347084045,3,Highly Engage,0.7945226430892944,2,Engage,0.7991504669189453,0,Highly Disengage,0.4737986028194427,3,Highly Engage,0.4407819807529449,2,Engage,0.5118703246116638,3,Highly Engage,0.6161255240440369,3,Highly Engage,0.7356457710266113,3,Highly Engage,0.6199026107788086,3,Highly Engage,0.5513496398925781,3,Highly Engage,0.6014893651008606
video7_250_person0,18,0.49673202614379086,0.4820393824041145,0.6426311499542661,2,Engage,11,0,0.0,7,0.3888888888888889,11,0.6111111111111112,0,0.0,2,Engage,0.792264997959137,2,Engage,0.5103960037231445,1,Disengage,1.0,2,Engage,0.6450291872024536,1,Disengage,0.4895809292793274,1,Disengage,0.7019407749176025,2,Engage,0.6364792585372925,2,Engage,0.4135037362575531,1,Disengage,0.5690805315971375,2,Engage,0.801796019077301,2,Engage,0.5102145671844482,1,Disengage,0.5174424648284912,2,Engage,0.7373924255371094,1,Disengage,0.5066422820091248,2,Engage,0.9013289213180542,2,Engage,0.6990189552307129,2,Engage,0.761509120464325,1,Disengage,0.3737405240535736
video7_259_person6,18,0.5751633986928104,0.4262025893247393,0.7904384815030627,3,Highly Engage,13,0,0.0,0,0.0,5,0.2777777777777778,13,0.7222222222222222,3,Highly Engage,0.6501933932304382,3,Highly Engage,0.8813657164573669,2,Engage,1.0,3,Highly Engage,0.8313629627227783,3,Highly Engage,0.8192440271377563,3,Highly Engage,0.7312030792236328,2,Engage,0.5386507511138916,2,Engage,0.3543139100074768,2,Engage,0.4702293872833252,2,Engage,0.4571088850498199,3,Highly Engage,0.7587448358535767,3,Highly Engage,0.7532689571380615,3,Highly Engage,0.9994751811027528,3,Highly Engage,0.9999898672103882,3,Highly Engage,1.0,3,Highly Engage,0.988205075263977,3,Highly Engage,0.9993372559547424,3,Highly Engage,0.9951993823051452
video7_25_person0,18,0.41830065359477125,0.6736115199663301,0.6983198589748807,2,Engage,11,0,0.0,3,0.16666666666666666,11,0.6111111111111112,4,0.2222222222222222,2,Engage,0.8233022689819336,2,Engage,0.6705021262168884,1,Disengage,1.0,2,Engage,0.6983831524848938,3,Highly Engage,0.7390804290771484,2,Engage,0.4654149711132049,2,Engage,0.6752487421035767,3,Highly Engage,0.7716135382652283,3,Highly Engage,0.7402796149253845,2,Engage,0.7874298691749573,1,Disengage,0.5717456936836243,1,Disengage,0.7391684651374817,2,Engage,0.8049850463867188,2,Engage,0.4617298543453216,2,Engage,0.5404462814331055,2,Engage,0.9861866235733032,2,Engage,0.6386353969573975,3,Highly Engage,0.4556053876876831
video7_25_person8,18,0.35294117647058826,0.7295739585136225,0.6063709623283811,0,Highly Disengage,9,9,0.5,3,0.16666666666666666,6,0.3333333333333333,0,0.0,2,Engage,0.486707329750061,0,Highly Disengage,0.5917262434959412,1,Disengage,1.0,2,Engage,0.5822121500968933,0,Highly Disengage,0.8083159923553467,0,Highly Disengage,0.9868507981300354,2,Engage,0.3050640821456909,0,Highly Disengage,0.4162702560424804,0,Highly Disengage,0.5087217092514038,2,Engage,0.4394498765468597,0,Highly Disengage,0.4206705391407013,0,Highly Disengage,0.7892405986785889,2,Engage,0.726401150226593,0,Highly Disengage,0.360267698764801,2,Engage,0.550137996673584,1,Disengage,0.5679343342781067,0,Highly Disengage,0.9699828028678894,1,Disengage,0.4047237634658813
video7_261_person6,18,0.7908496732026143,0.25162916738782287,0.9027840428882175,3,Highly Engage,16,0,0.0,0,0.0,2,0.1111111111111111,16,0.8888888888888888,3,Highly Engage,0.9577113389968872,3,Highly Engage,0.9809040427207948,3,Highly Engage,1.0,3,Highly Engage,0.937911570072174,3,Highly Engage,0.9872892498970032,3,Highly Engage,0.996025323867798,2,Engage,0.6482096314430237,3,Highly Engage,0.8146836757659912,2,Engage,0.4014484882354736,3,Highly Engage,0.6946207284927368,3,Highly Engage,0.9277276396751404,3,Highly Engage,0.941825270652771,3,Highly Engage,0.9916886687278748,3,Highly Engage,0.9992877840995787,3,Highly Engage,1.0,3,Highly Engage,0.9779765009880066,3,Highly Engage,0.998434603214264,3,Highly Engage,0.9943682551383972
video7_263_person1,18,0.7843137254901961,0.30718472294337845,0.6222224103079902,2,Engage,16,0,0.0,1,0.05555555555555555,16,0.8888888888888888,1,0.05555555555555555,2,Engage,0.5865179896354675,2,Engage,0.6410496830940247,1,Disengage,1.0,2,Engage,0.5989881753921509,3,Highly Engage,0.5309391617774963,2,Engage,0.4678021669387817,2,Engage,0.5787665843963623,2,Engage,0.6973322033882141,2,Engage,0.4914425611495971,2,Engage,0.8389278054237366,2,Engage,0.579626202583313,2,Engage,0.5642583966255188,2,Engage,0.6395456194877625,2,Engage,0.6085783243179321,2,Engage,0.7662581205368042,2,Engage,0.5679162740707397,2,Engage,0.650006890296936,2,Engage,0.3920472264289856
video7_264_person2,18,0.5294117647058824,0.4591479170272447,0.7192460182640288,3,Highly Engage,12,0,0.0,0,0.0,6,0.3333333333333333,12,0.6666666666666666,2,Engage,0.7598125338554382,3,Highly Engage,0.6599892973899841,2,Engage,1.0,2,Engage,0.6005014181137085,2,Engage,0.3953466713428497,3,Highly Engage,0.6746557950973511,3,Highly Engage,0.6105132699012756,3,Highly Engage,0.6728642582893372,2,Engage,0.4661791324615478,2,Engage,0.6272739171981812,3,Highly Engage,0.7160130143165588,3,Highly Engage,0.7360228896141052,3,Highly Engage,0.8420907258987427,3,Highly Engage,0.9048178791999816,3,Highly Engage,0.9826360940933228,3,Highly Engage,0.833580732345581,3,Highly Engage,0.8759894371032715,3,Highly Engage,0.5881412625312805
video7_266_person0,18,0.27450980392156865,0.8860386268675405,0.5484472430414624,1,Disengage,7,1,0.05555555555555555,7,0.3888888888888889,6,0.3333333333333333,4,0.2222222222222222,2,Engage,0.7272010445594788,2,Engage,0.5584941506385803,2,Engage,1.0,1,Disengage,0.5127928853034973,1,Disengage,0.4356541931629181,1,Disengage,0.4688758850097656,2,Engage,0.8293508887290955,3,Highly Engage,0.4833264052867889,1,Disengage,0.4550756514072418,2,Engage,0.5334739089012146,3,Highly Engage,0.7346352934837341,3,Highly Engage,0.5404881834983826,2,Engage,0.4845746755599975,0,Highly Disengage,0.3702183365821838,3,Highly Engage,0.3131784200668335,1,Disengage,0.3839510977268219,1,Disengage,0.5555069446563721,1,Disengage,0.4852524101734161
video7_267_person5,18,0.8888888888888888,0.1547717145751626,0.6938618007633421,2,Engage,17,0,0.0,0,0.0,17,0.9444444444444444,1,0.05555555555555555,2,Engage,0.8553165793418884,2,Engage,0.4274324476718902,2,Engage,1.0,2,Engage,0.8569876551628113,2,Engage,0.8550136089324951,2,Engage,0.7887551188468933,2,Engage,0.8964102268218994,2,Engage,0.5372738242149353,2,Engage,0.4497553706169128,2,Engage,0.885263204574585,2,Engage,0.727242648601532,2,Engage,0.586735725402832,2,Engage,0.7024074792861938,3,Highly Engage,0.5516976714134216,2,Engage,0.7746657729148865,2,Engage,0.6731879115104675,2,Engage,0.493873119354248,2,Engage,0.4274940490722656
video7_26_person1,18,0.6339869281045751,0.38210225325431013,0.7494829412963655,2,Engage,14,0,0.0,4,0.2222222222222222,14,0.7777777777777778,0,0.0,2,Engage,0.6919368505477905,2,Engage,0.5305178761482239,1,Disengage,1.0,2,Engage,0.9404962062835692,2,Engage,0.9148386120796204,2,Engage,0.5939015746116638,2,Engage,0.79824298620224,2,Engage,0.5375109910964966,1,Disengage,0.4365022778511047,2,Engage,0.8055064082145691,1,Disengage,0.5418675541877747,1,Disengage,0.5671050548553467,2,Engage,0.9873888492584229,2,Engage,0.8398149013519287,2,Engage,0.9983671307563782,2,Engage,0.999013900756836,2,Engage,0.8683117032051086,2,Engage,0.4393700659275055
video7_26_person6,18,0.41830065359477125,0.6736115199663301,0.6257383277018865,2,Engage,11,0,0.0,4,0.2222222222222222,11,0.6111111111111112,3,0.16666666666666666,2,Engage,0.7169085741043091,2,Engage,0.594075620174408,2,Engage,1.0,2,Engage,0.7146281599998474,2,Engage,0.6097254157066345,1,Disengage,0.4766332507133484,2,Engage,0.8060337901115417,3,Highly Engage,0.5084548592567444,3,Highly Engage,0.4145971238613128,2,Engage,0.7533848881721497,3,Highly Engage,0.4546309411525726,2,Engage,0.5167443156242371,1,Disengage,0.5006058812141418,1,Disengage,0.4478441476821899,1,Disengage,0.8660893440246582,2,Engage,0.8643825650215149,2,Engage,0.6522213220596313,2,Engage,0.3663296997547149
video7_271_person6,18,0.8888888888888888,0.1547717145751626,0.6254975116915173,2,Engage,17,0,0.0,1,0.05555555555555555,17,0.9444444444444444,0,0.0,2,Engage,0.4755125343799591,2,Engage,0.6870472431182861,2,Engage,1.0,2,Engage,0.524683952331543,2,Engage,0.6616342663764954,2,Engage,0.508721649646759,2,Engage,0.7360901236534119,2,Engage,0.5559309124946594,2,Engage,0.4208349883556366,2,Engage,0.7726525068283081,2,Engage,0.6114686131477356,2,Engage,0.6142657995223999,2,Engage,0.7675147652626038,2,Engage,0.5924644470214844,1,Disengage,0.5302330851554871,2,Engage,0.6161708831787109,2,Engage,0.7633976936340332,2,Engage,0.420331746339798
video7_274_person4,18,0.39869281045751637,0.6758220575766961,0.658851875199212,2,Engage,10,0,0.0,2,0.1111111111111111,10,0.5555555555555556,6,0.3333333333333333,3,Highly Engage,0.6042473316192627,3,Highly Engage,0.5505614280700684,2,Engage,1.0,2,Engage,0.8388743996620178,3,Highly Engage,0.6839744448661804,1,Disengage,0.5755240321159363,2,Engage,0.7711952328681946,1,Disengage,0.316486656665802,2,Engage,0.3766550719738006,2,Engage,0.5819762349128723,3,Highly Engage,0.6304746866226196,3,Highly Engage,0.7759055495262146,2,Engage,0.7491441965103149,3,Highly Engage,0.6410498023033142,2,Engage,0.7912247180938721,2,Engage,0.936999499797821,2,Engage,0.603793203830719,2,Engage,0.4312472641468048
video7_274_person7,18,1.0,-0.0,0.7982066323359808,2,Engage,18,0,0.0,0,0.0,18,1.0,0,0.0,2,Engage,0.9049515724182128,2,Engage,0.591606616973877,2,Engage,1.0,2,Engage,0.8585083484649658,2,Engage,0.984647274017334,2,Engage,0.8391484618186951,2,Engage,0.8804303407669067,2,Engage,0.5823577046394348,2,Engage,0.4583306610584259,2,Engage,0.8206415176391602,2,Engage,0.7813146114349365,2,Engage,0.6846826076507568,2,Engage,0.9003114700317383,2,Engage,0.9315003752708436,2,Engage,0.9949620962142944,2,Engage,0.9707762002944946,2,Engage,0.8162123560905457,2,Engage,0.367337167263031
video7_278_person5,18,0.8888888888888888,0.1547717145751626,0.7423077573378881,2,Engage,17,0,0.0,0,0.0,17,0.9444444444444444,1,0.05555555555555555,2,Engage,0.8273249864578247,2,Engage,0.4842602014541626,2,Engage,0.9999990463256836,2,Engage,0.8917996287345886,2,Engage,0.93575119972229,2,Engage,0.8562315702438354,2,Engage,0.9006792902946472,2,Engage,0.7721909284591675,2,Engage,0.4579926431179046,2,Engage,0.9088045954704284,2,Engage,0.7335442900657654,2,Engage,0.633608341217041,2,Engage,0.7342363595962524,3,Highly Engage,0.5300215482711792,2,Engage,0.9215571880340576,2,Engage,0.7789385914802551,2,Engage,0.5587589144706726,2,Engage,0.4358403086662292
video7_279_person6,18,0.47058823529411764,0.5,0.6596062547630734,1,Disengage,9,0,0.0,9,0.5,9,0.5,0,0.0,2,Engage,0.7140331268310547,2,Engage,0.5529147982597351,2,Engage,1.0,2,Engage,0.5554990768432617,1,Disengage,0.7212132215499878,1,Disengage,0.5345297455787659,1,Disengage,0.8081232905387878,1,Disengage,0.8289002180099487,1,Disengage,0.4094507396221161,2,Engage,0.8501043915748596,2,Engage,0.4198209941387176,2,Engage,0.482839822769165,1,Disengage,0.7665359973907471,1,Disengage,0.6233747601509094,1,Disengage,0.9773469567298888,1,Disengage,0.512288510799408,2,Engage,0.7252325415611267,2,Engage,0.3907043933868408
video7_279_person7,18,0.6339869281045751,0.38210225325431013,0.6755821290943358,2,Engage,14,0,0.0,4,0.2222222222222222,14,0.7777777777777778,0,0.0,2,Engage,0.814960241317749,2,Engage,0.5223881602287292,2,Engage,1.0,2,Engage,0.7888564467430115,2,Engage,0.9630988240242004,2,Engage,0.634437084197998,2,Engage,0.8695911765098572,2,Engage,0.5727152228355408,2,Engage,0.4498627185821533,2,Engage,0.7555620670318604,2,Engage,0.5588573217391968,1,Disengage,0.5662945508956909,1,Disengage,0.4938573837280273,2,Engage,0.588337242603302,2,Engage,0.9244357347488404,1,Disengage,0.5228548049926758,2,Engage,0.714974582195282,1,Disengage,0.4193947613239288
video7_27_person4,18,0.6928104575163399,0.40153586366205124,0.7088664737012651,2,Engage,15,0,0.0,2,0.1111111111111111,15,0.8333333333333334,1,0.05555555555555555,2,Engage,0.9605177640914916,2,Engage,0.7931428551673889,2,Engage,1.0,2,Engage,0.9146474599838256,2,Engage,0.8345971703529358,2,Engage,0.7710651159286499,2,Engage,0.803519070148468,2,Engage,0.6933090090751648,1,Disengage,0.463401198387146,2,Engage,0.7674806714057922,2,Engage,0.4770155251026153,1,Disengage,0.4547933042049408,2,Engage,0.4624482691287994,3,Highly Engage,0.7563503980636597,2,Engage,0.9884856939315796,2,Engage,0.7032387852668762,2,Engage,0.4704726338386535,2,Engage,0.4451116025447845
video7_27_person5,18,0.41830065359477125,0.6258145836939114,0.6384597602817748,3,Highly Engage,9,0,0.0,1,0.05555555555555555,8,0.4444444444444444,9,0.5,2,Engage,0.7358331084251404,3,Highly Engage,0.4678238928318023,2,Engage,1.0,3,Highly Engage,0.5063134431838989,3,Highly Engage,0.9060985445976256,3,Highly Engage,0.7806147336959839,2,Engage,0.8420539498329163,2,Engage,0.7335079312324524,3,Highly Engage,0.4872026145458221,2,Engage,0.665532112121582,3,Highly Engage,0.5743896961212158,3,Highly Engage,0.6095977425575256,2,Engage,0.5188197493553162,1,Disengage,0.4154424369335174,3,Highly Engage,0.4960854649543762,2,Engage,0.7396736741065979,2,Engage,0.5620097517967224,3,Highly Engage,0.4512768387794494
video7_280_person5,18,0.8888888888888888,0.1547717145751626,0.7750091221597459,2,Engage,17,0,0.0,0,0.0,17,0.9444444444444444,1,0.05555555555555555,2,Engage,0.933593451976776,2,Engage,0.4805018603801727,2,Engage,1.0,2,Engage,0.933480441570282,2,Engage,0.9695735573768616,2,Engage,0.92742258310318,2,Engage,0.9004001021385193,2,Engage,0.5906788110733032,3,Highly Engage,0.4737820029258728,2,Engage,0.9471105337142944,2,Engage,0.823093831539154,2,Engage,0.6116709113121033,2,Engage,0.8449227213859558,2,Engage,0.5738692879676819,2,Engage,0.9332697987556458,2,Engage,0.9561751484870912,2,Engage,0.6148343682289124,2,Engage,0.4357847869396209
video7_280_person6,18,0.41830065359477125,0.6258145836939114,0.6387717260254754,2,Engage,9,0,0.0,8,0.4444444444444444,9,0.5,1,0.05555555555555555,2,Engage,0.7216723561286926,2,Engage,0.5414484143257141,2,Engage,1.0,2,Engage,0.6775023341178894,1,Disengage,0.666441023349762,1,Disengage,0.4701282382011413,2,Engage,0.6240707039833069,1,Disengage,0.820196807384491,2,Engage,0.3906641602516174,2,Engage,0.8214970827102661,3,Highly Engage,0.3847392797470093,2,Engage,0.3689397275447845,1,Disengage,0.7964016199111938,1,Disengage,0.7699441909790039,1,Disengage,0.9964554309844972,1,Disengage,0.5176465511322021,1,Disengage,0.5507321357727051,2,Engage,0.3794110119342804
video7_281_person5,18,1.0,-0.0,0.7762230618132485,2,Engage,18,0,0.0,0,0.0,18,1.0,0,0.0,2,Engage,0.9209561347961426,2,Engage,0.4484992623329162,2,Engage,1.0,2,Engage,0.9357467889785768,2,Engage,0.9211609959602356,2,Engage,0.9201460480690002,2,Engage,0.903984010219574,2,Engage,0.7084356546401978,2,Engage,0.4688244163990021,2,Engage,0.9225452542304992,2,Engage,0.7749082446098328,2,Engage,0.6109153628349304,2,Engage,0.9454092979431152,2,Engage,0.5695539116859436,2,Engage,0.9582571387290956,2,Engage,0.9784061908721924,2,Engage,0.5507286787033081,2,Engage,0.4335377216339111
video7_283_person0,18,0.5359477124183006,0.5610568385545543,0.6128089990880754,1,Disengage,13,2,0.1111111111111111,13,0.7222222222222222,3,0.16666666666666666,0,0.0,2,Engage,0.6020795106887817,1,Disengage,0.6417851448059082,1,Disengage,1.0,1,Disengage,0.5456454753875732,1,Disengage,0.6763954758644104,1,Disengage,0.756790041923523,2,Engage,0.4843097925186157,0,Highly Disengage,0.539866030216217,1,Disengage,0.5173234343528748,1,Disengage,0.5518823862075806,1,Disengage,0.6089250445365906,1,Disengage,0.7470839023590088,1,Disengage,0.5131974816322327,1,Disengage,0.4693230092525482,1,Disengage,0.489261120557785,2,Engage,0.8160679936408997,1,Disengage,0.6564679741859436,0,Highly Disengage,0.4141581654548645
video7_284_person0,18,0.6928104575163399,0.4015358636620513,0.6978986594412062,1,Disengage,15,1,0.05555555555555555,15,0.8333333333333334,2,0.1111111111111111,0,0.0,1,Disengage,0.6899414658546448,1,Disengage,0.6090164184570312,1,Disengage,1.0,2,Engage,0.5086371898651123,1,Disengage,0.689939558506012,1,Disengage,0.6811878681182861,2,Engage,0.6929219365119934,1,Disengage,0.8801283240318298,1,Disengage,0.439001202583313,1,Disengage,0.7443716526031494,1,Disengage,0.8096910119056702,1,Disengage,0.6411097049713135,1,Disengage,0.766825258731842,1,Disengage,0.7336253523826599,1,Disengage,0.5139416456222534,1,Disengage,0.6566779017448425,1,Disengage,0.825641930103302,0,Highly Disengage,0.6795174479484558
video7_284_person2,18,0.7058823529411765,0.32501121082417705,0.8137568268511031,0,Highly Disengage,15,15,0.8333333333333334,3,0.16666666666666666,0,0.0,0,0.0,0,Highly Disengage,0.5518159866333008,0,Highly Disengage,0.9892334938049316,1,Disengage,1.0,0,Highly Disengage,0.7017574310302734,1,Disengage,0.562566339969635,0,Highly Disengage,0.999996781349182,0,Highly Disengage,0.6667650938034058,0,Highly Disengage,0.9214255809783936,0,Highly Disengage,0.9511314034461976,0,Highly Disengage,0.6024137735366821,0,Highly Disengage,0.9382442235946656,0,Highly Disengage,0.98521488904953,1,Disengage,0.6060240268707275,0,Highly Disengage,0.8135393261909485,0,Highly Disengage,0.9999475479125975,0,Highly Disengage,0.561378002166748,0,Highly Disengage,0.9374432563781738,0,Highly Disengage,0.8587257266044617
video7_286_person0,18,0.6143790849673203,0.4722442670831027,0.6647662868102392,1,Disengage,14,1,0.05555555555555555,14,0.7777777777777778,3,0.16666666666666666,0,0.0,1,Disengage,0.5958513021469116,1,Disengage,0.5985450148582458,1,Disengage,1.0,1,Disengage,0.651680052280426,1,Disengage,0.716748058795929,1,Disengage,0.5262628197669983,2,Engage,0.6164227724075317,1,Disengage,0.6583057045936584,2,Engage,0.4413015842437744,1,Disengage,0.7190414667129517,1,Disengage,0.8056366443634033,1,Disengage,0.8017310500144958,1,Disengage,0.4492512047290802,1,Disengage,0.6089760661125183,1,Disengage,0.7999989986419678,2,Engage,0.7542164921760559,1,Disengage,0.7962883710861206,0,Highly Disengage,0.4255355596542358
video7_286_person10,18,0.5751633986928104,0.4262025893247393,0.8159885969426897,0,Highly Disengage,13,13,0.7222222222222222,5,0.2777777777777778,0,0.0,0,0.0,1,Disengage,0.7939574718475342,1,Disengage,0.912213921546936,1,Disengage,1.0,0,Highly Disengage,0.8061242699623108,0,Highly Disengage,0.6319875121116638,0,Highly Disengage,0.9981154203414916,1,Disengage,0.4344549775123596,1,Disengage,0.7805867195129395,0,Highly Disengage,0.6023733615875244,0,Highly Disengage,0.722557783126831,0,Highly Disengage,0.8028222918510437,0,Highly Disengage,0.974944531917572,0,Highly Disengage,0.7576003074645996,0,Highly Disengage,0.9980496168136596,0,Highly Disengage,0.9999934434890748,0,Highly Disengage,0.5635157823562622,0,Highly Disengage,0.9791145324707032,0,Highly Disengage,0.9293828010559082
video7_287_person7,18,0.8888888888888888,0.1547717145751626,0.7717341764105691,2,Engage,17,0,0.0,1,0.05555555555555555,17,0.9444444444444444,0,0.0,2,Engage,0.8947440981864929,2,Engage,0.5859049558639526,2,Engage,1.0,2,Engage,0.823271632194519,2,Engage,0.9595698714256288,2,Engage,0.7109338045120239,2,Engage,0.8473815321922302,2,Engage,0.4796155393123626,1,Disengage,0.4972131252288818,2,Engage,0.8634693026542664,2,Engage,0.7872378826141357,2,Engage,0.6578128933906555,2,Engage,0.8635269999504089,2,Engage,0.8999970555305481,2,Engage,0.9602062702178956,2,Engage,0.946871817111969,2,Engage,0.7236498594284058,2,Engage,0.3898085355758667
video7_288_person1,18,0.7908496732026143,0.25162916738782287,0.7251316706339518,1,Disengage,16,0,0.0,16,0.8888888888888888,2,0.1111111111111111,0,0.0,1,Disengage,0.6310943365097046,1,Disengage,0.5352198481559753,1,Disengage,1.0,1,Disengage,0.7549889087677002,1,Disengage,0.921798288822174,1,Disengage,0.8878152966499329,1,Disengage,0.6875759959220886,1,Disengage,0.838914155960083,1,Disengage,0.4545399248600006,2,Engage,0.6811114549636841,2,Engage,0.5246793627738953,1,Disengage,0.475370854139328,1,Disengage,0.9678763747215272,1,Disengage,0.9912816286087036,1,Disengage,0.9975727200508118,1,Disengage,0.5703636407852173,1,Disengage,0.7255513072013855,1,Disengage,0.4066159725189209
video7_289_person4,18,0.8888888888888888,0.1547717145751626,0.6742449137899611,2,Engage,17,0,0.0,0,0.0,17,0.9444444444444444,1,0.05555555555555555,2,Engage,0.826479971408844,2,Engage,0.6136499047279358,2,Engage,1.0,2,Engage,0.9552446603775024,2,Engage,0.8785269260406494,2,Engage,0.7382543087005615,2,Engage,0.7539302110671997,2,Engage,0.5298454761505127,2,Engage,0.4249110817909241,2,Engage,0.913002073764801,2,Engage,0.6184544563293457,2,Engage,0.4731033146381378,2,Engage,0.4582610726356506,2,Engage,0.443185955286026,2,Engage,0.9971242547035216,3,Highly Engage,0.4741578996181488,2,Engage,0.5946970582008362,2,Engage,0.4435798227787018
video7_289_person6,18,0.41830065359477125,0.6258145836939114,0.5990583250919977,2,Engage,9,0,0.0,8,0.4444444444444444,9,0.5,1,0.05555555555555555,2,Engage,0.5567719340324402,2,Engage,0.6131834983825684,2,Engage,1.0,2,Engage,0.6917743682861328,2,Engage,0.5198044180870056,1,Disengage,0.4741395711898803,1,Disengage,0.4376506805419922,1,Disengage,0.9029853940010072,2,Engage,0.3990618884563446,2,Engage,0.8515111804008484,3,Highly Engage,0.3696945607662201,1,Disengage,0.4336762428283691,1,Disengage,0.5289911031723022,1,Disengage,0.5798248052597046,1,Disengage,0.7067988514900208,2,Engage,0.771206259727478,1,Disengage,0.5663622617721558,2,Engage,0.3796128332614898
video7_28_person7,18,0.6339869281045751,0.38210225325431013,0.7763158977031708,3,Highly Engage,14,0,0.0,0,0.0,4,0.2222222222222222,14,0.7777777777777778,2,Engage,0.8250783085823059,3,Highly Engage,0.8074118494987488,3,Highly Engage,1.0,2,Engage,0.7783928513526917,3,Highly Engage,0.6446995139122009,3,Highly Engage,0.8924521207809448,2,Engage,0.9129453301429749,3,Highly Engage,0.6015159487724304,2,Engage,0.4790292978286743,3,Highly Engage,0.5395187735557556,3,Highly Engage,0.6971498727798462,3,Highly Engage,0.8346986770629883,3,Highly Engage,0.6470664739608765,3,Highly Engage,0.898009181022644,3,Highly Engage,0.9856570959091188,3,Highly Engage,0.8571159243583679,3,Highly Engage,0.845562219619751,3,Highly Engage,0.7273827195167542
video7_292_person4,18,0.49673202614379086,0.4820393824041145,0.6508852475219302,2,Engage,11,0,0.0,0,0.0,11,0.6111111111111112,7,0.3888888888888889,2,Engage,0.9701869487762452,2,Engage,0.7385534644126892,3,Highly Engage,1.0,2,Engage,0.8909149169921875,2,Engage,0.5604284405708313,2,Engage,0.4619477987289428,2,Engage,0.6106045246124268,3,Highly Engage,0.6354830861091614,3,Highly Engage,0.5986974239349365,2,Engage,0.6943814158439636,3,Highly Engage,0.4837004542350769,3,Highly Engage,0.4580629765987396,2,Engage,0.4912587702274322,3,Highly Engage,0.418037861585617,2,Engage,0.9944148063659668,2,Engage,0.5943239331245422,3,Highly Engage,0.7101698517799377,2,Engage,0.404767781496048
video7_293_person1,18,0.45751633986928103,0.5970868671284559,0.660587994588746,2,Engage,11,0,0.0,6,0.3333333333333333,11,0.6111111111111112,1,0.05555555555555555,2,Engage,0.7180920839309692,2,Engage,0.6489368677139282,1,Disengage,1.0,2,Engage,0.7394677996635437,2,Engage,0.5380808711051941,2,Engage,0.5286514759063721,2,Engage,0.8346832394599915,2,Engage,0.4882064759731293,3,Highly Engage,0.7491142749786377,2,Engage,0.8233596682548523,1,Disengage,0.5213764309883118,2,Engage,0.4959925413131714,1,Disengage,0.7444295287132263,1,Disengage,0.8306949734687805,1,Disengage,0.8698520660400391,2,Engage,0.4683080911636352,2,Engage,0.4921371638774872,1,Disengage,0.3992003500461578
video7_294_person7,18,0.7908496732026143,0.25162916738782287,0.758363566464848,2,Engage,16,0,0.0,0,0.0,16,0.8888888888888888,2,0.1111111111111111,2,Engage,0.8774662613868713,2,Engage,0.5546868443489075,2,Engage,1.0,2,Engage,0.8817363977432251,2,Engage,0.602686882019043,3,Highly Engage,0.7391225695610046,2,Engage,0.8503549695014954,3,Highly Engage,0.5543887615203857,2,Engage,0.5173999667167664,2,Engage,0.910175621509552,2,Engage,0.7489172220230103,2,Engage,0.5869316458702087,2,Engage,0.889166533946991,2,Engage,0.9265300035476683,2,Engage,0.961782157421112,2,Engage,0.9223475456237792,2,Engage,0.7118712067604065,2,Engage,0.4149796068668365
video7_296_person1,18,0.49673202614379086,0.4820393824041145,0.6918302128712336,3,Highly Engage,11,0,0.0,0,0.0,7,0.3888888888888889,11,0.6111111111111112,3,Highly Engage,0.6964778304100037,3,Highly Engage,0.6986820101737976,2,Engage,1.0,3,Highly Engage,0.6077446341514587,3,Highly Engage,0.8006650805473328,3,Highly Engage,0.7616272568702698,2,Engage,0.8658099174499512,2,Engage,0.4951956272125244,2,Engage,0.449546217918396,2,Engage,0.7491940259933472,3,Highly Engage,0.4316788911819458,3,Highly Engage,0.6186007261276245,3,Highly Engage,0.6417462229728699,3,Highly Engage,0.7584699392318726,3,Highly Engage,0.9917620420455932,2,Engage,0.478656142950058,3,Highly Engage,0.9123350381851196,2,Engage,0.4947522282600403
video7_29_person0,18,0.5751633986928104,0.4262025893247393,0.6336102767123116,2,Engage,13,0,0.0,5,0.2777777777777778,13,0.7222222222222222,0,0.0,2,Engage,0.7615943551063538,2,Engage,0.4741252064704895,1,Disengage,1.0,2,Engage,0.8002855181694031,2,Engage,0.5199129581451416,2,Engage,0.4504772126674652,2,Engage,0.8081085681915283,1,Disengage,0.5434896349906921,2,Engage,0.4409223794937134,2,Engage,0.8303890824317932,2,Engage,0.483378529548645,1,Disengage,0.6260827779769897,2,Engage,0.7203176617622375,1,Disengage,0.4960706233978271,1,Disengage,0.4658043980598449,2,Engage,0.9268004298210144,2,Engage,0.6043624877929688,2,Engage,0.4528631567955017
video7_29_person7,18,0.8888888888888888,0.1547717145751626,0.8340319361951616,2,Engage,17,0,0.0,0,0.0,17,0.9444444444444444,1,0.05555555555555555,2,Engage,0.9901742935180664,2,Engage,0.9056755900382996,2,Engage,1.0,2,Engage,0.9886558055877686,2,Engage,0.9916994571685792,2,Engage,0.925794243812561,2,Engage,0.8787689208984375,3,Highly Engage,0.6094501614570618,2,Engage,0.4571073353290558,2,Engage,0.9705652594566344,2,Engage,0.8635922074317932,2,Engage,0.7186278700828552,2,Engage,0.841386079788208,2,Engage,0.9062466025352478,2,Engage,0.946475863456726,2,Engage,0.9513745307922364,2,Engage,0.6537210941314697,2,Engage,0.4132595360279083
video7_2_person8,18,0.7058823529411765,0.32501121082417705,0.7153356836901771,2,Engage,15,0,0.0,3,0.16666666666666666,15,0.8333333333333334,0,0.0,2,Engage,0.5842626094818115,1,Disengage,0.3937179148197174,1,Disengage,1.0,2,Engage,0.8723737597465515,2,Engage,0.7909591794013977,2,Engage,0.3893779814243316,2,Engage,0.873428225517273,2,Engage,0.7355563640594482,1,Disengage,0.4142335951328277,2,Engage,0.9577543139457704,2,Engage,0.6157344579696655,2,Engage,0.7120718359947205,2,Engage,0.9622206687927246,2,Engage,0.7581853270530701,2,Engage,0.9770874977111816,2,Engage,0.9737999439239502,2,Engage,0.3879605233669281,2,Engage,0.4773181080818176
video7_33_person1,18,0.7843137254901961,0.30718472294337845,0.8034862379233042,2,Engage,16,0,0.0,1,0.05555555555555555,16,0.8888888888888888,1,0.05555555555555555,2,Engage,0.93865168094635,2,Engage,0.7768645286560059,1,Disengage,1.0,2,Engage,0.9555382132530212,2,Engage,0.8226989507675171,2,Engage,0.783257782459259,2,Engage,0.7399303913116455,2,Engage,0.5607053637504578,3,Highly Engage,0.5224674344062805,2,Engage,0.927802562713623,2,Engage,0.6526221632957458,2,Engage,0.5721273422241211,2,Engage,0.9722028970718384,2,Engage,0.974264919757843,2,Engage,0.9992720484733582,2,Engage,0.998660445213318,2,Engage,0.8242195248603821,2,Engage,0.4414660334587097
video7_35_person6,18,0.7908496732026143,0.25162916738782287,0.7762836499346627,3,Highly Engage,16,0,0.0,0,0.0,2,0.1111111111111111,16,0.8888888888888888,3,Highly Engage,0.9259255528450012,3,Highly Engage,0.8899945616722107,3,Highly Engage,1.0,3,Highly Engage,0.7857623100280762,3,Highly Engage,0.9576587677001952,3,Highly Engage,0.981464684009552,3,Highly Engage,0.6703983545303345,3,Highly Engage,0.6293265223503113,3,Highly Engage,0.4365731477737427,3,Highly Engage,0.8507041335105896,3,Highly Engage,0.9286829233169556,3,Highly Engage,0.928031861782074,3,Highly Engage,0.6683032512664795,2,Engage,0.4869203865528106,3,Highly Engage,0.8402286171913147,2,Engage,0.6616401076316833,3,Highly Engage,0.6780280470848083,3,Highly Engage,0.6534624695777893
video7_35_person7,18,0.5751633986928104,0.4262025893247393,0.6927406274610095,2,Engage,13,0,0.0,0,0.0,13,0.7222222222222222,5,0.2777777777777778,2,Engage,0.9420900344848632,2,Engage,0.504828155040741,3,Highly Engage,0.8804168105125427,2,Engage,0.6329470276832581,3,Highly Engage,0.5600655674934387,2,Engage,0.8174920678138733,2,Engage,0.8713179230690002,2,Engage,0.5633764863014221,3,Highly Engage,0.6107053160667419,2,Engage,0.7920467853546143,3,Highly Engage,0.484922856092453,3,Highly Engage,0.6204645037651062,2,Engage,0.7756891250610352,2,Engage,0.5582064390182495,2,Engage,0.7954229116439819,2,Engage,0.9705265164375304,2,Engage,0.7069510817527771,2,Engage,0.3818616867065429
video7_36_person2,18,1.0,-0.0,0.7265892989105649,2,Engage,18,0,0.0,0,0.0,18,1.0,0,0.0,2,Engage,0.908738613128662,2,Engage,0.6609234809875488,2,Engage,1.0,2,Engage,0.8973129391670227,2,Engage,0.9068691730499268,2,Engage,0.7420957088470459,2,Engage,0.86541348695755,2,Engage,0.6846944093704224,2,Engage,0.5003087520599365,2,Engage,0.8915680050849915,2,Engage,0.6480029225349426,2,Engage,0.6334769129753113,2,Engage,0.5603078603744507,2,Engage,0.6466951966285706,2,Engage,0.733259916305542,2,Engage,0.7419982552528381,2,Engage,0.6211833953857422,2,Engage,0.4357583522796631
video7_37_person0,18,0.7908496732026143,0.25162916738782287,0.8148395849598778,3,Highly Engage,16,0,0.0,0,0.0,2,0.1111111111111111,16,0.8888888888888888,3,Highly Engage,0.6816673278808594,3,Highly Engage,0.9059455394744872,3,Highly Engage,1.0,3,Highly Engage,0.8130133748054504,3,Highly Engage,0.907403826713562,3,Highly Engage,0.9579662680625916,2,Engage,0.5505036115646362,3,Highly Engage,0.7994605302810669,3,Highly Engage,0.7028718590736389,3,Highly Engage,0.574361264705658,3,Highly Engage,0.9175283908843994,3,Highly Engage,0.9328808188438416,3,Highly Engage,0.8002721667289734,3,Highly Engage,0.8345039486885071,3,Highly Engage,0.9902612566947936,2,Engage,0.4937415719032287,3,Highly Engage,0.9275371432304382,3,Highly Engage,0.8771936297416687
video7_41_person10,18,0.37254901960784315,0.7177602521413333,0.6399913231531779,0,Highly Disengage,10,10,0.5555555555555556,4,0.2222222222222222,4,0.2222222222222222,0,0.0,2,Engage,0.3669564425945282,0,Highly Disengage,0.4154034256935119,1,Disengage,1.0,2,Engage,0.5933405160903931,1,Disengage,0.6853944063186646,0,Highly Disengage,0.5003867745399475,2,Engage,0.7881487011909485,0,Highly Disengage,0.3064769804477691,0,Highly Disengage,0.887861967086792,2,Engage,0.3625758290290832,0,Highly Disengage,0.760917067527771,0,Highly Disengage,0.9706417322158812,1,Disengage,0.4570629596710205,0,Highly Disengage,0.4022243022918701,0,Highly Disengage,0.9780732989311218,1,Disengage,0.4598190784454345,0,Highly Disengage,0.9834499955177308,0,Highly Disengage,0.6011103391647339
video7_42_person5,18,0.7908496732026143,0.25162916738782287,0.7637393275896708,2,Engage,16,0,0.0,0,0.0,16,0.8888888888888888,2,0.1111111111111111,2,Engage,0.9705755710601808,2,Engage,0.6288048624992371,2,Engage,1.0,2,Engage,0.9628204703330994,2,Engage,0.9532615542411804,2,Engage,0.8451265692710876,2,Engage,0.889906108379364,2,Engage,0.6653990745544434,2,Engage,0.515749454498291,2,Engage,0.9346674084663392,2,Engage,0.5993843674659729,2,Engage,0.5906714200973511,2,Engage,0.8315020203590393,2,Engage,0.5123888850212097,2,Engage,0.5684010982513428,2,Engage,0.9760145545005798,3,Highly Engage,0.7003350853919983,3,Highly Engage,0.6022993922233582
video7_43_person5,18,0.6339869281045751,0.38210225325431013,0.7181252754396863,2,Engage,14,0,0.0,0,0.0,14,0.7777777777777778,4,0.2222222222222222,2,Engage,0.9328802227973938,2,Engage,0.4913722574710846,2,Engage,1.0,2,Engage,0.9612337350845336,2,Engage,0.8079134821891785,2,Engage,0.6429051756858826,2,Engage,0.8795359134674072,2,Engage,0.710472822189331,2,Engage,0.4654850661754608,2,Engage,0.8923829197883606,2,Engage,0.588706374168396,2,Engage,0.50932377576828,2,Engage,0.6494022607803345,3,Highly Engage,0.4647561609745025,3,Highly Engage,0.8434445858001709,2,Engage,0.8171513676643372,3,Highly Engage,0.6865832805633545,3,Highly Engage,0.582705557346344
video7_45_person1,18,0.7908496732026143,0.25162916738782287,0.6451674451430639,2,Engage,16,0,0.0,2,0.1111111111111111,16,0.8888888888888888,0,0.0,2,Engage,0.6466670036315918,2,Engage,0.4985542595386505,1,Disengage,1.0,2,Engage,0.929551899433136,2,Engage,0.7197593450546265,1,Disengage,0.4764742851257324,2,Engage,0.8109195828437805,2,Engage,0.4747967422008514,2,Engage,0.4684954583644867,2,Engage,0.813376247882843,2,Engage,0.5055346488952637,2,Engage,0.4605119824409485,2,Engage,0.6296696662902832,2,Engage,0.5159205198287964,2,Engage,0.9999985694885254,2,Engage,0.6465447545051575,2,Engage,0.5730230212211609,2,Engage,0.4432160258293152
video7_45_person4,18,0.7843137254901961,0.30718472294337845,0.7056090186039606,2,Engage,16,0,0.0,1,0.05555555555555555,16,0.8888888888888888,1,0.05555555555555555,2,Engage,0.9336718320846558,2,Engage,0.6947543621063232,2,Engage,1.0,2,Engage,0.9370612502098083,2,Engage,0.9083881974220276,2,Engage,0.7114377021789551,2,Engage,0.7693431377410889,2,Engage,0.5772733092308044,3,Highly Engage,0.4507390856742859,2,Engage,0.9196617007255554,2,Engage,0.5198174118995667,1,Disengage,0.4240231215953827,2,Engage,0.6296696662902832,2,Engage,0.5159205198287964,2,Engage,0.9999985694885254,2,Engage,0.7232198715209961,2,Engage,0.5453106760978699,2,Engage,0.4406719207763672
video7_4_person8,18,0.3006535947712418,0.8826232641893706,0.6759995851251814,2,Engage,9,3,0.16666666666666666,4,0.2222222222222222,9,0.5,2,0.1111111111111111,2,Engage,0.5504806637763977,1,Disengage,0.3926909863948822,1,Disengage,1.0,2,Engage,0.6531297564506531,1,Disengage,0.6020557880401611,1,Disengage,0.7809330821037292,0,Highly Disengage,0.4494870007038116,0,Highly Disengage,0.93529611825943,0,Highly Disengage,0.6303908824920654,2,Engage,0.9180553555488586,2,Engage,0.4941892921924591,2,Engage,0.6301146745681763,2,Engage,0.8727333545684814,2,Engage,0.5447418093681335,2,Engage,0.8850142955780029,2,Engage,0.989263117313385,3,Highly Engage,0.4093746840953827,3,Highly Engage,0.4300416707992553
video7_50_person10,18,0.49673202614379086,0.4820393824041145,0.8678597145610385,0,Highly Disengage,11,11,0.6111111111111112,7,0.3888888888888889,0,0.0,0,0.0,1,Disengage,0.9112169742584229,1,Disengage,0.8389392495155334,1,Disengage,1.0,0,Highly Disengage,0.7201465964317322,1,Disengage,0.9987531900405884,0,Highly Disengage,0.9794455170631408,0,Highly Disengage,0.6338438987731934,0,Highly Disengage,0.974677562713623,0,Highly Disengage,0.9652253985404968,1,Disengage,0.6409146785736084,0,Highly Disengage,0.9572702646255492,0,Highly Disengage,0.9788615107536316,1,Disengage,0.5093177556991577,0,Highly Disengage,0.6741347312927246,0,Highly Disengage,0.9997578263282776,1,Disengage,0.9222844839096068,0,Highly Disengage,0.9933072924613952,0,Highly Disengage,0.9233779311180116
video7_50_person7,18,0.7058823529411765,0.32501121082417705,0.6986085971196493,2,Engage,15,0,0.0,3,0.16666666666666666,15,0.8333333333333334,0,0.0,2,Engage,0.8723729848861694,1,Disengage,0.4485032856464386,2,Engage,1.0,2,Engage,0.9104158282279968,2,Engage,0.807449460029602,2,Engage,0.7500044703483582,2,Engage,0.888022780418396,2,Engage,0.7442536950111389,2,Engage,0.5334157943725586,2,Engage,0.861997127532959,2,Engage,0.5473952889442444,2,Engage,0.432095468044281,2,Engage,0.6300312876701355,2,Engage,0.7455616593360901,1,Disengage,0.6233396530151367,2,Engage,0.8913406133651733,2,Engage,0.5213919281959534,1,Disengage,0.3673634231090545
video7_52_person5,18,1.0,-0.0,0.8305683549907472,2,Engage,18,0,0.0,0,0.0,18,1.0,0,0.0,2,Engage,0.9788357615470886,2,Engage,0.6494051814079285,2,Engage,1.0,2,Engage,0.9847715497016908,2,Engage,0.9545840620994568,2,Engage,0.8860321044921875,2,Engage,0.8961410522460938,2,Engage,0.7489899396896362,2,Engage,0.4681258201599121,2,Engage,0.9632057547569276,2,Engage,0.8370602130889893,2,Engage,0.6428793668746948,2,Engage,0.9540755152702332,2,Engage,0.943389892578125,2,Engage,0.995713233947754,2,Engage,0.9803044199943542,2,Engage,0.6437280178070068,2,Engage,0.4229885041713714
video7_56_person6,18,0.6078431372549019,0.4932133643654213,0.6357479062345293,2,Engage,14,0,0.0,2,0.1111111111111111,14,0.7777777777777778,2,0.1111111111111111,2,Engage,0.9111920595169068,2,Engage,0.6381294131278992,2,Engage,1.0,2,Engage,0.8889046907424927,2,Engage,0.663535475730896,1,Disengage,0.5090097188949585,2,Engage,0.7446563243865967,3,Highly Engage,0.4730705916881561,3,Highly Engage,0.4294936954975128,2,Engage,0.7051293849945068,2,Engage,0.4904937148094177,2,Engage,0.5764390230178833,2,Engage,0.619763195514679,2,Engage,0.4406405389308929,1,Disengage,0.6333938837051392,2,Engage,0.7002193331718445,2,Engage,0.6004859805107117,2,Engage,0.4189052879810333
video7_57_person0,18,0.37254901960784315,0.6960736118322673,0.6198381582895914,1,Disengage,8,2,0.1111111111111111,8,0.4444444444444444,8,0.4444444444444444,0,0.0,2,Engage,0.7485131621360779,2,Engage,0.4705286920070648,1,Disengage,1.0,2,Engage,0.6217548847198486,1,Disengage,0.4148690402507782,1,Disengage,0.535057008266449,2,Engage,0.7406625151634216,2,Engage,0.4451682567596435,1,Disengage,0.4668304920196533,2,Engage,0.7070646286010742,1,Disengage,0.5704917907714844,1,Disengage,0.7069777846336365,2,Engage,0.7333940267562866,0,Highly Disengage,0.5001779198646545,1,Disengage,0.4811118245124817,2,Engage,0.7887663841247559,1,Disengage,0.7068834900856018,0,Highly Disengage,0.5188349485397339
video7_59_person7,18,0.3137254901960784,0.8588801260706668,0.6459846297899882,2,Engage,9,2,0.1111111111111111,5,0.2777777777777778,9,0.5,2,0.1111111111111111,2,Engage,0.4418972134590149,1,Disengage,0.4861005544662475,1,Disengage,1.0,2,Engage,0.9249809384346008,3,Highly Engage,0.5607133507728577,2,Engage,0.3914576172828674,2,Engage,0.686943769454956,2,Engage,0.7337927222251892,3,Highly Engage,0.5247998833656311,2,Engage,0.8320962190628052,1,Disengage,0.6162216067314148,1,Disengage,0.4320446252822876,2,Engage,0.6035509705543518,0,Highly Disengage,0.5291275382041931,2,Engage,0.9079342484474182,2,Engage,0.9119173288345336,0,Highly Disengage,0.6145195960998535,1,Disengage,0.4296251535415649
video7_60_person1,18,0.26143790849673204,0.9206250851407777,0.5899543646309111,2,Engage,7,3,0.16666666666666666,6,0.3333333333333333,7,0.3888888888888889,2,0.1111111111111111,2,Engage,0.8169463872909546,1,Disengage,0.4776920080184936,1,Disengage,1.0,2,Engage,0.8325089812278748,2,Engage,0.5752992630004883,1,Disengage,0.5000927448272705,2,Engage,0.727795422077179,3,Highly Engage,0.5090720057487488,3,Highly Engage,0.6946671605110168,2,Engage,0.3694819211959839,0,Highly Disengage,0.3759205937385559,0,Highly Disengage,0.4058512151241302,2,Engage,0.5783287882804871,1,Disengage,0.3775180578231811,0,Highly Disengage,0.6023396253585815,2,Engage,0.710959792137146,1,Disengage,0.6407732367515564,1,Disengage,0.423931360244751
video7_60_person6,18,0.5490196078431373,0.5264703802813174,0.6936805976761712,2,Engage,13,0,0.0,1,0.05555555555555555,13,0.7222222222222222,4,0.2222222222222222,2,Engage,0.9722406268119812,2,Engage,0.7378065586090088,2,Engage,1.0,2,Engage,0.9093709588050842,2,Engage,0.8037031292915344,1,Disengage,0.5129164457321167,2,Engage,0.6699114441871643,2,Engage,0.5353545546531677,3,Highly Engage,0.4740336239337921,2,Engage,0.8726006746292114,2,Engage,0.4696335196495056,2,Engage,0.6025937795639038,3,Highly Engage,0.4987362921237945,2,Engage,0.4731735587120056,3,Highly Engage,0.7723888754844666,2,Engage,0.9279958009719848,2,Engage,0.7445420622825623,3,Highly Engage,0.5092488527297974
video7_61_person2,18,1.0,-0.0,0.802027702331543,2,Engage,18,0,0.0,0,0.0,18,1.0,0,0.0,2,Engage,0.9181133508682252,2,Engage,0.6776077747344971,2,Engage,1.0,2,Engage,0.8950904011726379,2,Engage,0.9668880701065063,2,Engage,0.7830933332443237,2,Engage,0.8821409940719604,2,Engage,0.7598960995674133,2,Engage,0.5375381708145142,2,Engage,0.8919499516487122,2,Engage,0.602501630783081,2,Engage,0.5210177302360535,2,Engage,0.9625412821769714,2,Engage,0.9447857141494752,2,Engage,0.9205798506736756,2,Engage,0.9816091656684875,2,Engage,0.7547449469566345,2,Engage,0.4364001750946045
video7_63_person0,18,0.7908496732026143,0.25162916738782287,0.7649792747365104,3,Highly Engage,16,0,0.0,0,0.0,2,0.1111111111111111,16,0.8888888888888888,3,Highly Engage,0.7709176540374756,3,Highly Engage,0.9363704919815063,3,Highly Engage,1.0,3,Highly Engage,0.5171585083007812,3,Highly Engage,0.916024923324585,3,Highly Engage,0.9358043074607848,2,Engage,0.5044998526573181,3,Highly Engage,0.4414340257644653,3,Highly Engage,0.430680364370346,3,Highly Engage,0.6016512513160706,3,Highly Engage,0.8922265768051147,3,Highly Engage,0.9457611441612244,3,Highly Engage,0.5587235689163208,3,Highly Engage,0.7593685388565063,3,Highly Engage,0.9864919781684875,2,Engage,0.729943573474884,3,Highly Engage,0.9035884737968444,3,Highly Engage,0.9389817118644714
video7_64_person1,18,0.477124183006536,0.6121972227029931,0.6172260625494851,2,Engage,12,0,0.0,2,0.1111111111111111,12,0.6666666666666666,4,0.2222222222222222,2,Engage,0.7115262746810913,2,Engage,0.514212965965271,1,Disengage,0.8536251187324524,2,Engage,0.6303625106811523,2,Engage,0.6109210252761841,2,Engage,0.5161041617393494,2,Engage,0.8357131481170654,3,Highly Engage,0.5768495798110962,3,Highly Engage,0.4804991483688354,2,Engage,0.7069395184516907,2,Engage,0.4389967620372772,1,Disengage,0.4390167891979217,2,Engage,0.6253208518028259,3,Highly Engage,0.66791832447052,2,Engage,0.8532150387763977,2,Engage,0.7295678853988647,2,Engage,0.4899814128875732,3,Highly Engage,0.4292986094951629
video7_64_person4,18,0.49673202614379086,0.4820393824041145,0.6821197784609265,2,Engage,11,0,0.0,0,0.0,11,0.6111111111111112,7,0.3888888888888889,2,Engage,0.9086754322052002,2,Engage,0.6947394609451294,2,Engage,1.0,2,Engage,0.904028296470642,2,Engage,0.8434239029884338,2,Engage,0.6341422200202942,2,Engage,0.8097951412200928,3,Highly Engage,0.6525245904922485,2,Engage,0.4674476385116577,2,Engage,0.8735882043838501,2,Engage,0.577839195728302,2,Engage,0.6212992072105408,3,Highly Engage,0.5086799263954163,3,Highly Engage,0.5962362885475159,3,Highly Engage,0.5350257754325867,3,Highly Engage,0.6705604791641235,3,Highly Engage,0.5140366554260254,3,Highly Engage,0.4661135971546173
video7_64_person7,18,0.8888888888888888,0.1547717145751626,0.7691516180833181,2,Engage,17,0,0.0,0,0.0,17,0.9444444444444444,1,0.05555555555555555,2,Engage,0.978302001953125,2,Engage,0.5292080044746399,2,Engage,1.0,2,Engage,0.8803412318229675,2,Engage,0.9608396887779236,2,Engage,0.8869333863258362,2,Engage,0.8705023527145386,2,Engage,0.6462957859039307,3,Highly Engage,0.6562924385070801,2,Engage,0.93843412399292,2,Engage,0.7403351068496704,2,Engage,0.5703667402267456,2,Engage,0.688584566116333,2,Engage,0.7674447894096375,2,Engage,0.7876288294792175,2,Engage,0.8036100268363953,2,Engage,0.7163514494895935,2,Engage,0.4232586026191711
video7_65_person1,18,0.6078431372549019,0.4932133643654213,0.6483914206425349,2,Engage,14,0,0.0,2,0.1111111111111111,14,0.7777777777777778,2,0.1111111111111111,2,Engage,0.8229474425315857,2,Engage,0.7300365567207336,2,Engage,1.0,2,Engage,0.9503065943717957,2,Engage,0.7591583132743835,2,Engage,0.7276651263237,2,Engage,0.8392502069473267,2,Engage,0.6286936402320862,3,Highly Engage,0.467574805021286,2,Engage,0.7766352891921997,2,Engage,0.418190062046051,2,Engage,0.4701087772846222,2,Engage,0.4394296407699585,3,Highly Engage,0.5012961626052856,1,Disengage,0.4886389672756195,2,Engage,0.70402592420578,2,Engage,0.5503582954406738,1,Disengage,0.3967297673225403
video7_65_person4,18,0.7908496732026143,0.25162916738782287,0.7663949777682623,2,Engage,16,0,0.0,0,0.0,16,0.8888888888888888,2,0.1111111111111111,2,Engage,0.990253210067749,2,Engage,0.8842159509658813,2,Engage,1.0,2,Engage,0.9222553968429564,2,Engage,0.9010047316551208,2,Engage,0.8806245923042297,2,Engage,0.8698107600212097,3,Highly Engage,0.6668719053268433,3,Highly Engage,0.5305652618408203,2,Engage,0.8653539419174194,2,Engage,0.6349983811378479,2,Engage,0.5528977513313293,2,Engage,0.6415175795555115,2,Engage,0.4536693096160888,2,Engage,0.9932934045791626,2,Engage,0.8049753904342651,2,Engage,0.7988330125808716,2,Engage,0.4039690196514129
video7_69_person6,18,0.49673202614379086,0.4820393824041145,0.6196701907449298,2,Engage,11,0,0.0,0,0.0,11,0.6111111111111112,7,0.3888888888888889,2,Engage,0.57892245054245,2,Engage,0.4103056192398071,2,Engage,1.0,2,Engage,0.6587775349617004,3,Highly Engage,0.5342742800712585,3,Highly Engage,0.4285589158535003,2,Engage,0.8040636777877808,2,Engage,0.5437989830970764,2,Engage,0.3846572935581207,2,Engage,0.4775469005107879,3,Highly Engage,0.7705644369125366,3,Highly Engage,0.797681450843811,3,Highly Engage,0.4465415477752685,3,Highly Engage,0.5973296165466309,3,Highly Engage,0.8019431829452515,2,Engage,0.7639797925949097,2,Engage,0.712899923324585,2,Engage,0.4422178268432617
video7_6_person4,18,0.6143790849673203,0.4722442670831027,0.752324115898874,2,Engage,14,0,0.0,1,0.05555555555555555,14,0.7777777777777778,3,0.16666666666666666,2,Engage,0.933197557926178,2,Engage,0.559934675693512,2,Engage,1.0,2,Engage,0.9529594779014589,2,Engage,0.9374211430549622,2,Engage,0.6636694669723511,2,Engage,0.8690974116325378,2,Engage,0.55518639087677,1,Disengage,0.5305060744285583,2,Engage,0.9389248490333556,2,Engage,0.6770188212394714,2,Engage,0.4991278946399688,2,Engage,0.6759873032569885,3,Highly Engage,0.6724177002906799,2,Engage,0.961390256881714,2,Engage,0.8750741481781006,3,Highly Engage,0.6950791478157043,3,Highly Engage,0.5448417663574219
video7_70_person2,18,0.6339869281045751,0.38210225325431013,0.6214134626918368,2,Engage,14,0,0.0,4,0.2222222222222222,14,0.7777777777777778,0,0.0,2,Engage,0.6947744488716125,1,Disengage,0.4929809868335724,2,Engage,1.0,2,Engage,0.5260456204414368,2,Engage,0.5583977103233337,1,Disengage,0.5649383664131165,2,Engage,0.8619967103004456,2,Engage,0.7766436338424683,2,Engage,0.5415734648704529,2,Engage,0.5113046765327454,1,Disengage,0.7049192190170288,1,Disengage,0.5403020977973938,2,Engage,0.6156445741653442,2,Engage,0.4989209175109863,2,Engage,0.6029799580574036,2,Engage,0.6475933194160461,2,Engage,0.6654754877090454,2,Engage,0.3809511363506317
video7_70_person6,18,0.7908496732026143,0.25162916738782287,0.6692546523279614,2,Engage,16,0,0.0,2,0.1111111111111111,16,0.8888888888888888,0,0.0,2,Engage,0.8612765669822693,2,Engage,0.6400282979011536,2,Engage,0.9986664056777954,2,Engage,0.9631456136703492,2,Engage,0.9015367031097412,2,Engage,0.5561432838439941,2,Engage,0.7214208841323853,1,Disengage,0.5754124522209167,1,Disengage,0.4760150611400604,2,Engage,0.8320454359054565,2,Engage,0.5965190529823303,2,Engage,0.5869961977005005,2,Engage,0.563161313533783,2,Engage,0.3943544924259186,2,Engage,0.6085620522499084,2,Engage,0.7357253432273865,2,Engage,0.6245919466018677,2,Engage,0.4109826385974884
video7_70_person7,18,0.6339869281045751,0.38210225325431013,0.7261872390906016,2,Engage,14,0,0.0,0,0.0,14,0.7777777777777778,4,0.2222222222222222,2,Engage,0.938218593597412,2,Engage,0.5227246880531311,3,Highly Engage,1.0,2,Engage,0.9429413676261902,2,Engage,0.7992187738418579,2,Engage,0.5371739268302917,2,Engage,0.8795549869537354,3,Highly Engage,0.658178448677063,3,Highly Engage,0.4947885274887085,2,Engage,0.848071277141571,2,Engage,0.5685483813285828,3,Highly Engage,0.8016680479049683,2,Engage,0.8232584595680237,2,Engage,0.7550606727600098,2,Engage,0.6341411471366882,2,Engage,0.9216780066490172,2,Engage,0.5677562952041626,2,Engage,0.3783887028694153
video7_74_person7,18,0.477124183006536,0.4955380299191111,0.7308231840531031,3,Highly Engage,10,0,0.0,0,0.0,8,0.4444444444444444,10,0.5555555555555556,2,Engage,0.824540376663208,3,Highly Engage,0.8408436179161072,3,Highly Engage,1.0,2,Engage,0.7986139059066772,3,Highly Engage,0.7109657526016235,3,Highly Engage,0.8112018704414368,2,Engage,0.8632027506828308,3,Highly Engage,0.6584078669548035,2,Engage,0.5302918553352356,2,Engage,0.7284272313117981,2,Engage,0.4910081326961517,3,Highly Engage,0.7941402792930603,2,Engage,0.7749606966972351,2,Engage,0.5102852582931519,3,Highly Engage,0.8250848650932312,3,Highly Engage,0.6437084674835205,3,Highly Engage,0.7181769609451294,3,Highly Engage,0.6309574246406555
video7_75_person0,18,0.49673202614379086,0.5674849873019705,0.7263535128699409,2,Engage,12,0,0.0,5,0.2777777777777778,12,0.6666666666666666,1,0.05555555555555555,2,Engage,0.8226644992828369,2,Engage,0.6761425733566284,1,Disengage,1.0,2,Engage,0.8335433006286621,2,Engage,0.8026809692382812,1,Disengage,0.5297094583511353,2,Engage,0.8083139657974243,1,Disengage,0.5594215393066406,2,Engage,0.4124242961406708,2,Engage,0.8773009777069092,3,Highly Engage,0.7082764506340027,1,Disengage,0.6371545195579529,2,Engage,0.8991495966911316,2,Engage,0.7511348724365234,2,Engage,0.9020439982414246,2,Engage,0.8303912281990051,2,Engage,0.5605900883674622,1,Disengage,0.4634208977222442
video7_79_person0,18,0.49673202614379086,0.4820393824041145,0.6282231079207526,2,Engage,11,0,0.0,7,0.3888888888888889,11,0.6111111111111112,0,0.0,2,Engage,0.7814823985099792,2,Engage,0.6158342361450195,1,Disengage,1.0,2,Engage,0.7511208653450012,2,Engage,0.6742410659790039,1,Disengage,0.5508753657341003,2,Engage,0.6066760420799255,1,Disengage,0.484479010105133,1,Disengage,0.390906423330307,2,Engage,0.7682759165763855,1,Disengage,0.4569305181503296,1,Disengage,0.7355901002883911,2,Engage,0.6646591424942017,2,Engage,0.4968270659446716,2,Engage,0.4623439013957977,2,Engage,0.8072764873504639,1,Disengage,0.5612316131591797,2,Engage,0.4992657899856567
video7_79_person5,18,0.43137254901960786,0.6498683818476262,0.7142764396137662,2,Engage,11,0,0.0,5,0.2777777777777778,11,0.6111111111111112,2,0.1111111111111111,2,Engage,0.7063698768615723,1,Disengage,0.5112131237983704,2,Engage,1.0,2,Engage,0.7172747254371643,1,Disengage,0.523277997970581,1,Disengage,0.9142468571662904,2,Engage,0.8469011783599854,2,Engage,0.7899975776672363,2,Engage,0.5370761156082153,2,Engage,0.5258647203445435,1,Disengage,0.6847692131996155,1,Disengage,0.7895315289497375,2,Engage,0.8219084739685059,2,Engage,0.5840207934379578,3,Highly Engage,0.5738885402679443,2,Engage,0.9731279611587524,2,Engage,0.7369557023048401,3,Highly Engage,0.6205515265464783
video7_7_person6,18,0.6928104575163399,0.4015358636620513,0.7129473123285506,2,Engage,15,0,0.0,1,0.05555555555555555,15,0.8333333333333334,2,0.1111111111111111,2,Engage,0.7426360845565796,2,Engage,0.8748788833618164,2,Engage,1.0,2,Engage,0.8210852742195129,2,Engage,0.9120413661003112,3,Highly Engage,0.5347666144371033,2,Engage,0.7575230002403259,3,Highly Engage,0.5130554437637329,2,Engage,0.4492166042327881,2,Engage,0.8764322996139526,2,Engage,0.6628599762916565,2,Engage,0.5945103168487549,2,Engage,0.6295400857925415,2,Engage,0.498825341463089,1,Disengage,0.8397858142852783,2,Engage,0.8849290609359741,2,Engage,0.8112323880195618,2,Engage,0.4297330677509308
video7_80_person5,18,0.6928104575163399,0.40153586366205124,0.7505585799614588,2,Engage,15,0,0.0,2,0.1111111111111111,15,0.8333333333333334,1,0.05555555555555555,2,Engage,0.9580954909324646,2,Engage,0.558594286441803,2,Engage,1.0,2,Engage,0.9955778121948242,2,Engage,0.98075532913208,2,Engage,0.7986144423484802,2,Engage,0.8808156251907349,1,Disengage,0.685287594795227,2,Engage,0.4736250936985016,2,Engage,0.8620357513427734,2,Engage,0.5697396397590637,1,Disengage,0.4876171350479126,2,Engage,0.9110028147697448,2,Engage,0.5668981075286865,2,Engage,0.8532887101173401,2,Engage,0.9851024150848388,2,Engage,0.5073105692863464,3,Highly Engage,0.435693621635437
video7_82_person4,18,0.5228758169934641,0.6375814913924286,0.6961133645640479,2,Engage,13,2,0.1111111111111111,2,0.1111111111111111,13,0.7222222222222222,1,0.05555555555555555,2,Engage,0.9378848671913148,2,Engage,0.6633580327033997,2,Engage,1.0,2,Engage,0.8364216089248657,2,Engage,0.7577478289604187,2,Engage,0.5217007994651794,2,Engage,0.8538933992385864,2,Engage,0.7668232321739197,2,Engage,0.4870981872081756,2,Engage,0.791588544845581,1,Disengage,0.5765557885169983,0,Highly Disengage,0.4344294667243957,2,Engage,0.532378613948822,3,Highly Engage,0.4146384596824646,2,Engage,0.99980491399765,2,Engage,0.886456310749054,1,Disengage,0.6403892040252686,0,Highly Disengage,0.4288713037967682
video7_82_person7,18,1.0,-0.0,0.7692899968889024,2,Engage,18,0,0.0,0,0.0,18,1.0,0,0.0,2,Engage,0.7514001727104187,2,Engage,0.5457536578178406,2,Engage,1.0,2,Engage,0.922166645526886,2,Engage,0.9524691104888916,2,Engage,0.8477481603622437,2,Engage,0.9102287292480468,2,Engage,0.6346638202667236,2,Engage,0.5280119776725769,2,Engage,0.8926008343696594,2,Engage,0.6906882524490356,2,Engage,0.6855941414833069,2,Engage,0.7869933247566223,2,Engage,0.8277615308761597,2,Engage,0.9510942101478576,2,Engage,0.8950585722923279,2,Engage,0.6291214823722839,2,Engage,0.3958653211593628
video7_83_person4,18,0.8888888888888888,0.1547717145751626,0.7354532281557719,2,Engage,17,0,0.0,1,0.05555555555555555,17,0.9444444444444444,0,0.0,2,Engage,0.8921866416931152,2,Engage,0.7363473176956177,2,Engage,1.0,2,Engage,0.9509444236755372,2,Engage,0.9409528970718384,2,Engage,0.7703645825386047,2,Engage,0.8450367450714111,2,Engage,0.7242862582206726,2,Engage,0.5457236170768738,2,Engage,0.9015097618103028,2,Engage,0.6350380778312683,2,Engage,0.3863874673843384,2,Engage,0.7051303386688232,2,Engage,0.4266116321086883,2,Engage,0.999990463256836,2,Engage,0.8297901153564453,2,Engage,0.5687779188156128,1,Disengage,0.3790798485279083
video7_84_person10,18,0.7908496732026143,0.25162916738782287,0.8635165260897743,0,Highly Disengage,16,16,0.8888888888888888,2,0.1111111111111111,0,0.0,0,0.0,1,Disengage,0.4620824456214905,0,Highly Disengage,0.9588235020637512,1,Disengage,1.0,0,Highly Disengage,0.8043568730354309,0,Highly Disengage,0.971099615097046,0,Highly Disengage,0.9999774694442748,0,Highly Disengage,0.5648053884506226,0,Highly Disengage,0.9668011665344238,0,Highly Disengage,0.9453783631324768,0,Highly Disengage,0.6122886538505554,0,Highly Disengage,0.9898943305015564,0,Highly Disengage,0.9923294186592102,0,Highly Disengage,0.7475083470344543,0,Highly Disengage,0.976177215576172,0,Highly Disengage,0.999988317489624,0,Highly Disengage,0.5966120958328247,0,Highly Disengage,0.9924290776252748,0,Highly Disengage,0.962745189666748
video7_84_person6,18,0.5359477124183006,0.5610568385545543,0.6723324076996909,2,Engage,13,0,0.0,2,0.1111111111111111,13,0.7222222222222222,3,0.16666666666666666,2,Engage,0.7689574956893921,2,Engage,0.5359894633293152,2,Engage,1.0,2,Engage,0.7767152786254883,3,Highly Engage,0.6226204037666321,2,Engage,0.4100472927093506,2,Engage,0.8640534281730652,2,Engage,0.6468856930732727,2,Engage,0.3555671274662018,2,Engage,0.7398706674575806,3,Highly Engage,0.8379400968551636,3,Highly Engage,0.6610396504402161,2,Engage,0.5396243929862976,1,Disengage,0.4692634046077728,1,Disengage,0.8416523933410645,2,Engage,0.9041900634765624,2,Engage,0.7142795920372009,2,Engage,0.4132868945598602
video7_85_person10,18,0.7908496732026143,0.25162916738782287,0.8382432262102762,0,Highly Disengage,16,16,0.8888888888888888,2,0.1111111111111111,0,0.0,0,0.0,0,Highly Disengage,0.395660787820816,0,Highly Disengage,0.9108126163482666,1,Disengage,1.0,0,Highly Disengage,0.720668613910675,0,Highly Disengage,0.9612361788749696,0,Highly Disengage,0.9999761581420898,1,Disengage,0.4378637969493866,0,Highly Disengage,0.8964726328849792,0,Highly Disengage,0.9281482696533204,0,Highly Disengage,0.6118850111961365,0,Highly Disengage,0.9867466688156128,0,Highly Disengage,0.9894593954086304,0,Highly Disengage,0.7071706056594849,0,Highly Disengage,0.9713653326034546,0,Highly Disengage,0.9999992847442628,0,Highly Disengage,0.6006848216056824,0,Highly Disengage,0.9944550395011902,0,Highly Disengage,0.9757728576660156
video7_89_person1,18,0.33986928104575165,0.8060986113514965,0.5990928163131078,1,Disengage,9,1,0.05555555555555555,9,0.5,6,0.3333333333333333,2,0.1111111111111111,2,Engage,0.6091861724853516,2,Engage,0.4645552635192871,1,Disengage,1.0,2,Engage,0.5608229041099548,2,Engage,0.6231538653373718,1,Disengage,0.5166916847229004,2,Engage,0.7877844572067261,3,Highly Engage,0.4713812172412872,1,Disengage,0.4949521720409393,2,Engage,0.5444411635398865,3,Highly Engage,0.3369854390621185,1,Disengage,0.5277758240699768,1,Disengage,0.6491454243659973,1,Disengage,0.6425687670707703,1,Disengage,0.6952558159828186,1,Disengage,0.4328480958938598,1,Disengage,0.6875986456871033,0,Highly Disengage,0.7385237812995911
video7_89_person7,18,0.45751633986928103,0.597086867128456,0.6833131081528134,2,Engage,11,1,0.05555555555555555,6,0.3333333333333333,11,0.6111111111111112,0,0.0,2,Engage,0.840487003326416,2,Engage,0.5706764459609985,2,Engage,1.0,2,Engage,0.5500347018241882,2,Engage,0.6953036189079285,1,Disengage,0.5826979279518127,1,Disengage,0.6511353254318237,0,Highly Disengage,0.5722730159759521,1,Disengage,0.5659525990486145,2,Engage,0.6044167280197144,1,Disengage,0.5213714838027954,1,Disengage,0.5181457996368408,2,Engage,0.8358462452888489,2,Engage,0.8589094877243042,2,Engage,0.9242279529571532,2,Engage,0.8958344459533691,2,Engage,0.7302385568618774,1,Disengage,0.3820846080780029
video7_93_person10,18,0.6339869281045751,0.38210225325431013,0.8407987372742759,0,Highly Disengage,14,14,0.7777777777777778,4,0.2222222222222222,0,0.0,0,0.0,0,Highly Disengage,0.5617291927337646,0,Highly Disengage,0.9782825112342834,1,Disengage,1.0,0,Highly Disengage,0.9134750962257384,1,Disengage,0.9293031692504884,0,Highly Disengage,0.9636585116386414,1,Disengage,0.6072474718093872,0,Highly Disengage,0.9220107793807985,1,Disengage,0.4445317685604095,0,Highly Disengage,0.473953902721405,0,Highly Disengage,0.9486836194992064,0,Highly Disengage,0.9914637207984924,0,Highly Disengage,0.8183972835540771,0,Highly Disengage,0.9961526989936828,0,Highly Disengage,0.9999998807907104,0,Highly Disengage,0.5962685942649841,0,Highly Disengage,0.9987325072288512,0,Highly Disengage,0.9904865622520448
video7_95_person7,18,0.477124183006536,0.4955380299191111,0.6346914271513621,2,Engage,10,0,0.0,8,0.4444444444444444,10,0.5555555555555556,0,0.0,2,Engage,0.6093451380729675,1,Disengage,0.5769779682159424,1,Disengage,1.0,2,Engage,0.7028207778930664,1,Disengage,0.4969437420368194,2,Engage,0.5077494978904724,2,Engage,0.8829744458198547,2,Engage,0.6399228572845459,2,Engage,0.5390322208404541,1,Disengage,0.5484068989753723,1,Disengage,0.6875423192977905,1,Disengage,0.5089800953865051,2,Engage,0.7349905371665955,2,Engage,0.7533707618713379,2,Engage,0.5609664916992188,2,Engage,0.7865759134292603,1,Disengage,0.4713093042373657,1,Disengage,0.4165367186069488
video7_96_person6,18,0.7843137254901961,0.30718472294337845,0.6304524739583334,2,Engage,16,0,0.0,1,0.05555555555555555,16,0.8888888888888888,1,0.05555555555555555,2,Engage,0.564068078994751,2,Engage,0.5030797123908997,2,Engage,1.0,2,Engage,0.7610285878181458,2,Engage,0.6028306484222412,2,Engage,0.5185966491699219,2,Engage,0.801855742931366,2,Engage,0.5410686135292053,3,Highly Engage,0.4143648445606231,2,Engage,0.7070099711418152,2,Engage,0.4188772439956665,2,Engage,0.5343472361564636,2,Engage,0.5105303525924683,1,Disengage,0.7544576525688171,2,Engage,0.6464565992355347,2,Engage,0.7950661778450012,2,Engage,0.8427553176879883,2,Engage,0.4317511022090912
video7_96_person7,18,1.0,-0.0,0.7747110923131307,2,Engage,18,0,0.0,0,0.0,18,1.0,0,0.0,2,Engage,0.8577755093574524,2,Engage,0.5297907590866089,2,Engage,1.0,2,Engage,0.927147090435028,2,Engage,0.9837943911552428,2,Engage,0.8514572381973267,2,Engage,0.9014122486114502,2,Engage,0.796932578086853,2,Engage,0.5280133485794067,2,Engage,0.8294325470924377,2,Engage,0.6462302803993225,2,Engage,0.5488342642784119,2,Engage,0.8628659248352051,2,Engage,0.8183977603912354,2,Engage,0.8974781632423401,2,Engage,0.9383649230003356,2,Engage,0.668999969959259,2,Engage,0.3578726649284363
video7_97_person7,18,1.0,-0.0,0.807348241408666,2,Engage,18,0,0.0,0,0.0,18,1.0,0,0.0,2,Engage,0.95606130361557,2,Engage,0.7324234247207642,2,Engage,1.0,2,Engage,0.9415132403373718,2,Engage,0.9919930696487428,2,Engage,0.9052760004997252,2,Engage,0.9119549989700316,2,Engage,0.5997869968414307,2,Engage,0.5236300230026245,2,Engage,0.9249714016914368,2,Engage,0.7894086837768555,2,Engage,0.7354050278663635,2,Engage,0.8832919597625732,2,Engage,0.7937316298484802,2,Engage,0.9604024291038512,2,Engage,0.972173273563385,2,Engage,0.4965298175811767,2,Engage,0.4137150645256042
video7_9_person0,18,0.47058823529411764,0.5,0.6063724474774467,1,Disengage,9,0,0.0,9,0.5,9,0.5,0,0.0,1,Disengage,0.4842590391635895,1,Disengage,0.5993512868881226,1,Disengage,1.0,2,Engage,0.4644979536533355,2,Engage,0.794597864151001,1,Disengage,0.5927672982215881,2,Engage,0.7728668451309204,1,Disengage,0.9082579612731934,2,Engage,0.4164101779460907,2,Engage,0.5573678612709045,1,Disengage,0.6064419150352478,1,Disengage,0.6905725002288818,2,Engage,0.6444382667541504,2,Engage,0.411467581987381,2,Engage,0.3904947340488434,2,Engage,0.6026056408882141,1,Disengage,0.5401962995529175,1,Disengage,0.4381108283996582
